565, 4360.51
572, 4358.97
580, 4353.33
589, 4355.9
596, 4358.97
605, 4352.31
612, 4347.18
619, 4355.38
627, 4356.92
635, 4349.23
643, 4350.77
651, 4356.92
660, 4361.54
666, 4354.87
674, 4351.28
682, 4358.46
690, 4358.46
698, 4353.33
705, 4348.21
713, 4348.21
721, 4353.85
729, 4352.82
737, 4351.28
745, 4354.36
753, 4352.31
760, 4347.18
768, 4340.51
776, 4342.05
784, 4350.26
791, 4351.79
800, 4352.31
807, 4353.85
815, 4354.36
822, 4355.38
831, 4350.77
838, 4352.31
846, 4355.38
854, 4351.79
862, 4353.85
870, 4359.49
877, 4358.46
885, 4353.33
893, 4356.41
901, 4361.54
909, 4359.49
917, 4358.46
924, 4353.85
932, 4348.72
940, 4350.77
948, 4351.28
956, 4351.79
963, 4353.85
971, 4350.77
979, 4351.79
987, 4355.9
995, 4356.41
1003, 4356.92
1010, 4351.79
1018, 4347.69
1026, 4349.23
1034, 4356.41
1042, 4361.54
1049, 4353.33
1057, 4351.79
1065, 4361.03
1073, 4360
1081, 4354.87
1089, 4359.49
1096, 4365.64
1104, 4358.97
1112, 4350.77
1120, 4353.33
1128, 4350.26
1136, 4345.64
1143, 4356.92
1151, 4366.15
1159, 4356.92
1167, 4349.23
1175, 4355.38
1182, 4353.85
1190, 4347.18
1198, 4356.41
1206, 4355.9
1214, 4342.56
1222, 4346.67
1229, 4354.87
1237, 4354.87
1245, 4352.31
1253, 4353.33
1261, 4354.87
1268, 4353.33
1276, 4357.95
1284, 4359.49
1292, 4351.79
1300, 4357.44
1308, 4363.59
1315, 4354.36
1323, 4351.79
1331, 4357.95
1339, 4358.46
1347, 4353.85
1354, 4355.38
1362, 4357.44
1370, 4353.85
1378, 4354.36
1386, 4352.82
1394, 4352.31
1401, 4357.95
1409, 4358.46
1417, 4355.38
1425, 4352.31
1433, 4352.82
1440, 4357.95
1448, 4357.44
1456, 4357.44
1464, 4358.97
1472, 4355.9
1480, 4355.9
1487, 4356.41
1495, 4354.36
1503, 4353.33
1511, 4356.41
1519, 4361.54
1527, 4355.9
1535, 4350.26
1542, 4354.87
1550, 4353.85
1558, 4352.31
1566, 4352.82
1573, 4349.23
1581, 4354.36
1589, 4360.51
1597, 4357.44
1605, 4352.82
1613, 4356.41
1620, 4360
1628, 4354.87
1636, 4356.92
1644, 4361.03
1652, 4353.85
1659, 4351.79
1667, 4356.92
1675, 4360
1684, 4356.41
1691, 4352.31
1700, 4353.85
1706, 4353.85
1714, 4356.92
1722, 4359.49
1730, 4350.77
1738, 4347.69
1745, 4354.87
1753, 4355.9
1761, 4353.33
1769, 4353.33
1778, 4353.33
1785, 4351.79
1792, 4353.85
1801, 4356.41
1808, 4351.28
1817, 4351.28
1824, 4355.38
1831, 4352.31
1840, 4351.28
1847, 4353.85
1855, 4357.95
1863, 4361.03
1871, 4356.92
1878, 4356.92
1886, 4359.49
1894, 4355.38
1902, 4348.72
1910, 4347.69
1917, 4355.38
1925, 4355.38
1933, 4350.77
1941, 4354.36
1950, 4353.33
1957, 4347.18
1964, 4348.72
1972, 4353.33
1980, 4350.77
1988, 4349.23
1996, 4355.38
2003, 4355.38
2011, 4353.33
2019, 4357.95
2027, 4356.41
2035, 4355.38
2043, 4359.49
2050, 4356.41
2058, 4356.92
2066, 4357.44
2074, 4353.33
2082, 4353.33
2089, 4355.38
2097, 4355.9
2105, 4353.85
2113, 4353.33
2121, 4356.41
2129, 4356.41
2136, 4355.9
2144, 4353.33
2152, 4349.23
2160, 4349.23
2168, 4348.21
2176, 4350.77
2184, 4354.87
2191, 4354.36
2200, 4353.85
2207, 4355.9
2215, 4358.97
2222, 4359.49
2230, 4354.87
2239, 4355.9
2246, 4360.51
2254, 4360
2262, 4355.38
2269, 4354.87
2277, 4360
2286, 4359.49
2293, 4354.87
2301, 4356.41
2308, 4355.38
2316, 4351.79
2324, 4354.36
2332, 4357.95
2340, 4355.9
2349, 4350.77
2355, 4353.33
2363, 4355.38
2371, 4351.79
2379, 4351.79
2387, 4352.31
2394, 4355.38
2402, 4360
2410, 4356.41
2418, 4354.36
2426, 4357.95
2435, 4360
2441, 4358.97
2449, 4361.54
2457, 4365.13
2465, 4358.97
2473, 4353.85
2480, 4360.51
2488, 4359.49
2496, 4354.87
2504, 4354.87
2512, 4356.41
2520, 4358.97
2527, 4355.38
2535, 4352.82
2543, 4356.41
2551, 4355.38
2559, 4354.36
2566, 4354.87
2574, 4354.87
2582, 4355.38
2590, 4353.33
2598, 4354.87
2606, 4357.95
2613, 4358.97
2621, 4357.44
2629, 4352.31
2637, 4354.36
2645, 4356.41
2653, 4353.33
2660, 4352.31
2669, 4353.33
2676, 4356.41
2684, 4354.36
2692, 4350.26
2699, 4355.38
2707, 4358.46
2716, 4354.87
2723, 4352.82
2731, 4356.41
2738, 4361.54
2746, 4357.95
2754, 4350.26
2762, 4352.82
2770, 4360
2778, 4360.51
2785, 4355.9
2793, 4354.36
2802, 4356.41
2809, 4355.9
2818, 4354.87
2825, 4350.77
2832, 4352.31
2840, 4364.1
2848, 4363.59
2856, 4356.41
2864, 4356.92
2871, 4362.05
2879, 4363.08
2887, 4357.95
2895, 4360.51
2903, 4364.1
2911, 4355.9
2918, 4352.31
2926, 4356.41
2935, 4358.97
2942, 4356.41
2950, 4355.9
2957, 4360
2966, 4357.44
2973, 4353.33
2981, 4357.44
2989, 4356.41
2997, 4354.87
3004, 4360
3012, 4359.49
3020, 4352.31
3028, 4351.28
3036, 4358.46
3044, 4360
3051, 4355.9
3059, 4357.44
3067, 4357.44
3075, 4359.49
3083, 4360
3090, 4356.41
3098, 4355.9
3106, 4352.82
3114, 4350.77
3122, 4357.44
3130, 4357.44
3137, 4358.46
3145, 4364.62
3153, 4361.54
3161, 4354.87
3169, 4355.9
3176, 4357.95
3184, 4352.82
3192, 4353.33
3200, 4360.51
3208, 4358.97
3215, 4354.36
3223, 4352.82
3231, 4353.85
3239, 4355.38
3247, 4352.31
3255, 4353.33
3262, 4356.41
3270, 4355.38
3278, 4357.44
3286, 4358.46
3294, 4358.97
3302, 4358.46
3309, 4355.38
3317, 4359.49
3325, 4362.56
3333, 4359.49
3341, 4360.51
3348, 4361.03
3356, 4354.36
3364, 4350.77
3372, 4358.97
3380, 4363.08
3388, 4352.31
3395, 4349.23
3403, 4354.87
3411, 4352.82
3419, 4356.41
3427, 4358.46
3434, 4351.28
3442, 4349.74
3450, 4356.41
3458, 4359.49
3466, 4355.9
3474, 4354.87
3481, 4361.03
3489, 4363.59
3497, 4363.59
3505, 4363.08
3513, 4356.41
3520, 4349.74
3528, 4356.92
3536, 4368.72
3544, 4361.03
3552, 4354.87
3560, 4364.1
3567, 4361.03
3575, 4349.23
3583, 4348.72
3591, 4352.82
3599, 4349.74
3606, 4350.26
3614, 4363.59
3622, 4367.18
3630, 4355.38
3638, 4353.33
3646, 4356.41
3653, 4351.79
3661, 4352.82
3669, 4359.49
3677, 4361.03
3685, 4357.44
3692, 4351.28
3700, 4352.31
3708, 4356.92
3716, 4358.97
3724, 4353.85
3732, 4349.23
3739, 4360
3747, 4366.67
3755, 4361.54
3763, 4359.49
3771, 4363.08
3778, 4358.46
3786, 4333.33
3794, 4317.44
3802, 4327.69
3810, 4347.18
3818, 4354.87
3825, 4343.08
3833, 4338.46
3841, 4348.21
3849, 4352.31
3857, 4357.95
3865, 4365.64
3872, 4368.72
3880, 4372.31
3888, 4383.08
3896, 4389.74
3904, 4389.23
3911, 4390.26
3919, 4394.36
3927, 4396.41
3935, 4396.92
3943, 4396.92
3951, 4400.51
3958, 4407.18
3966, 4402.56
3974, 4402.56
3982, 4420.51
3990, 4427.18
3997, 4418.97
4005, 4408.72
4013, 4398.97
4021, 4396.41
4029, 4398.46
4037, 4393.33
4044, 4387.18
4052, 4393.33
4060, 4392.82
4068, 4380.51
4076, 4381.54
4083, 4385.13
4091, 4376.41
4099, 4367.69
4107, 4369.74
4115, 4378.46
4123, 4375.9
4130, 4365.64
4138, 4366.15
4146, 4367.69
4154, 4362.56
4162, 4362.05
4170, 4368.72
4177, 4375.9
4185, 4374.87
4193, 4366.15
4201, 4360.51
4209, 4362.05
4216, 4367.69
4224, 4365.13
4232, 4366.15
4240, 4369.74
4248, 4363.59
4256, 4366.15
4263, 4375.38
4271, 4364.1
4279, 4352.82
4287, 4356.92
4295, 4364.62
4302, 4366.67
4310, 4364.62
4318, 4361.03
4326, 4362.05
4334, 4368.21
4342, 4362.05
4349, 4353.85
4357, 4364.62
4365, 4366.15
4373, 4353.33
4381, 4352.82
4388, 4358.97
4396, 4366.15
4404, 4373.85
4412, 4365.13
4420, 4356.92
4428, 4367.69
4435, 4371.28
4443, 4355.9
4451, 4355.38
4459, 4364.1
4467, 4354.87
4474, 4347.18
4482, 4357.44
4490, 4361.54
4498, 4358.46
4506, 4356.92
4514, 4359.49
4521, 4359.49
4529, 4357.44
4537, 4363.08
4545, 4360.51
4553, 4352.31
4560, 4355.38
4568, 4343.08
4576, 4314.87
4584, 4320.51
4592, 4360.51
4600, 4370.26
4607, 4346.15
4615, 4346.15
4623, 4357.95
4631, 4352.31
4639, 4353.85
4646, 4364.1
4654, 4376.92
4662, 4390.77
4670, 4396.92
4678, 4393.85
4686, 4387.18
4693, 4380.51
4701, 4384.1
4709, 4391.79
4717, 4395.9
4725, 4397.44
4732, 4400
4740, 4403.08
4748, 4402.56
4756, 4403.08
4764, 4406.15
4772, 4410.77
4779, 4413.33
4787, 4404.62
4795, 4404.1
4803, 4412.31
4811, 4410.77
4818, 4407.18
4826, 4412.82
4834, 4409.74
4842, 4395.9
4850, 4390.26
4858, 4396.92
4865, 4396.92
4873, 4389.74
4881, 4384.1
4889, 4382.05
4897, 4384.62
4905, 4381.03
4912, 4374.36
4920, 4380.51
4928, 4384.1
4936, 4375.9
4944, 4367.69
4951, 4366.15
4959, 4364.1
4967, 4358.97
4975, 4355.9
4983, 4355.38
4991, 4356.92
4998, 4358.97
5006, 4355.9
5014, 4357.44
5022, 4361.54
5030, 4360.51
5037, 4364.62
5045, 4370.26
5053, 4371.28
5061, 4367.18
5069, 4359.49
5077, 4363.59
5084, 4366.15
5092, 4349.23
5100, 4331.28
5108, 4336.92
5116, 4353.85
5123, 4351.28
5131, 4347.69
5139, 4366.67
5147, 4379.49
5155, 4373.33
5163, 4370.77
5170, 4377.95
5178, 4377.44
5186, 4367.69
5194, 4363.59
5202, 4367.18
5209, 4374.36
5217, 4376.41
5225, 4369.74
5233, 4367.69
5241, 4371.28
5249, 4371.28
5256, 4375.38
5264, 4373.85
5272, 4361.54
5280, 4361.54
5288, 4369.74
5295, 4372.82
5303, 4371.28
5311, 4366.15
5319, 4366.15
5327, 4369.74
5335, 4369.74
5342, 4366.15
5350, 4365.13
5358, 4368.21
5366, 4370.26
5374, 4370.26
5382, 4367.18
5389, 4366.67
5397, 4369.23
5405, 4364.62
5413, 4357.95
5421, 4360
5428, 4361.54
5436, 4358.46
5444, 4353.33
5452, 4353.85
5460, 4360.51
5468, 4357.44
5475, 4351.28
5483, 4355.38
5491, 4358.46
5499, 4355.38
5507, 4352.82
5514, 4356.92
5522, 4356.92
5530, 4353.33
5538, 4357.95
5546, 4361.54
5554, 4355.9
5561, 4351.79
5569, 4354.36
5577, 4358.97
5585, 4358.46
5593, 4360.51
5600, 4345.64
5608, 4316.41
5616, 4327.18
5624, 4362.56
5632, 4362.56
5640, 4342.56
5647, 4347.18
5655, 4367.69
5663, 4368.21
5671, 4359.49
5678, 4361.03
5686, 4353.85
5694, 4350.26
5702, 4373.85
5710, 4392.82
5718, 4389.74
5726, 4386.15
5733, 4386.67
5741, 4384.1
5749, 4392.82
5757, 4406.15
5765, 4401.54
5772, 4393.85
5780, 4394.87
5788, 4393.33
5796, 4395.38
5804, 4401.54
5812, 4399.49
5819, 4393.33
5827, 4394.36
5835, 4398.46
5843, 4392.82
5851, 4385.64
5859, 4395.9
5866, 4401.54
5874, 4390.26
5882, 4386.67
5890, 4395.38
5898, 4390.77
5905, 4368.72
5913, 4360.51
5921, 4368.72
5929, 4370.77
5937, 4367.18
5945, 4364.1
5952, 4366.15
5960, 4373.33
5968, 4367.18
5976, 4352.31
5984, 4349.23
5991, 4357.95
5999, 4358.97
6007, 4349.23
6015, 4350.26
6023, 4355.38
6031, 4351.28
6038, 4348.21
6046, 4352.31
6054, 4356.92
6062, 4352.82
6070, 4345.64
6078, 4351.28
6085, 4358.46
6093, 4352.82
6101, 4351.79
6109, 4361.03
6117, 4365.13
6124, 4351.28
6132, 4338.46
6140, 4347.18
6148, 4357.95
6156, 4354.36
6163, 4349.23
6171, 4357.95
6179, 4363.59
6187, 4351.28
6195, 4348.72
6203, 4365.64
6210, 4382.05
6218, 4384.62
6226, 4378.46
6234, 4378.97
6242, 4382.05
6249, 4372.82
6257, 4370.26
6265, 4380.51
6273, 4382.56
6281, 4376.92
6289, 4376.92
6296, 4381.54
6304, 4379.49
6312, 4379.49
6320, 4386.67
6328, 4387.69
6336, 4376.41
6343, 4367.69
6351, 4377.95
6359, 4389.23
6367, 4377.44
6375, 4363.08
6382, 4368.21
6390, 4376.92
6398, 4375.9
6406, 4369.23
6414, 4366.15
6422, 4370.26
6429, 4371.28
6437, 4368.72
6445, 4368.21
6453, 4376.92
6461, 4378.46
6468, 4366.15
6476, 4365.64
6484, 4372.31
6492, 4369.74
6500, 4364.1
6508, 4363.08
6515, 4372.82
6523, 4376.92
6531, 4369.23
6539, 4373.85
6547, 4380
6554, 4364.62
6562, 4351.28
6570, 4364.1
6578, 4380
6586, 4370.26
6594, 4362.05
6601, 4371.79
6609, 4380.51
6617, 4374.87
6625, 4361.03
6633, 4358.97
6640, 4370.77
6648, 4377.95
6656, 4369.74
6664, 4362.05
6672, 4370.26
6680, 4372.31
6687, 4360
6695, 4361.03
6703, 4373.33
6711, 4372.82
6719, 4367.18
6726, 4364.62
6734, 4370.26
6742, 4379.49
6750, 4375.9
6758, 4362.56
6766, 4358.97
6773, 4363.59
6781, 4362.56
6789, 4360.51
6797, 4368.21
6805, 4369.23
6812, 4362.05
6820, 4363.08
6828, 4369.74
6836, 4371.28
6844, 4365.64
6852, 4364.62
6859, 4372.31
6867, 4369.74
6875, 4363.08
6883, 4364.1
6891, 4370.77
6899, 4369.23
6906, 4360.51
6914, 4365.13
6922, 4375.9
6930, 4371.28
6938, 4360
6945, 4363.59
6953, 4375.38
6961, 4372.31
6969, 4359.49
6977, 4358.97
6985, 4367.18
6992, 4369.74
7000, 4365.64
7008, 4361.54
7016, 4369.74
7024, 4372.31
7031, 4362.56
7039, 4362.56
7047, 4370.77
7055, 4370.77
7063, 4364.62
7071, 4363.08
7078, 4369.74
7086, 4374.36
7094, 4369.74
7102, 4359.49
7110, 4365.64
7117, 4376.92
7125, 4366.15
7133, 4356.41
7141, 4365.13
7149, 4372.82
7157, 4375.38
7164, 4374.36
7172, 4364.62
7180, 4362.56
7188, 4364.1
7196, 4357.95
7203, 4355.9
7211, 4362.56
7219, 4367.18
7227, 4365.13
7235, 4369.23
7243, 4369.74
7250, 4359.49
7258, 4361.54
7266, 4372.82
7274, 4373.33
7282, 4368.21
7289, 4368.21
7297, 4371.28
7305, 4370.26
7313, 4368.72
7321, 4366.15
7329, 4365.13
7336, 4369.74
7344, 4368.72
7352, 4366.15
7360, 4370.26
7368, 4374.36
7376, 4376.92
7383, 4370.77
7391, 4358.97
7399, 4357.95
7407, 4358.46
7415, 4360
7422, 4369.23
7430, 4370.77
7438, 4361.54
7446, 4358.46
7454, 4368.21
7462, 4371.79
7469, 4361.54
7477, 4358.46
7485, 4364.1
7493, 4365.64
7501, 4362.05
7508, 4361.03
7516, 4367.18
7524, 4372.82
7532, 4375.38
7540, 4371.79
7548, 4362.05
7555, 4361.03
7563, 4365.64
7571, 4366.15
7579, 4367.69
7587, 4369.74
7594, 4367.18
7602, 4357.95
7610, 4356.92
7618, 4369.74
7626, 4369.23
7634, 4359.49
7641, 4367.18
7649, 4373.33
7657, 4363.59
7665, 4365.64
7673, 4380.51
7680, 4371.28
7688, 4352.82
7696, 4358.46
7704, 4369.74
7712, 4366.15
7720, 4361.54
7727, 4359.49
7735, 4365.64
7743, 4373.33
7751, 4364.62
7759, 4356.92
7767, 4366.67
7774, 4374.87
7782, 4365.64
7790, 4357.44
7798, 4369.74
7806, 4381.03
7813, 4371.28
7821, 4355.9
7829, 4363.08
7837, 4375.9
7845, 4367.69
7853, 4362.05
7860, 4371.28
7868, 4371.79
7876, 4367.18
7884, 4368.21
7892, 4369.23
7899, 4368.72
7907, 4365.13
7915, 4367.69
7923, 4372.82
7931, 4369.23
7939, 4364.62
7946, 4363.59
7954, 4369.74
7962, 4371.79
7970, 4362.05
7978, 4360
7985, 4371.79
7993, 4375.38
8001, 4364.62
8009, 4365.13
8017, 4380
8025, 4373.33
8032, 4352.31
8040, 4356.92
8048, 4371.79
8056, 4369.23
8064, 4363.08
8071, 4366.15
8079, 4371.28
8087, 4368.72
8095, 4367.18
8103, 4367.69
8111, 4372.82
8118, 4384.1
8126, 4376.92
8134, 4356.92
8142, 4357.95
8150, 4355.9
8157, 4335.38
8165, 4341.54, estimuli
8173, 4380
8181, 4388.72
8189, 4361.03
8197, 4355.9
8204, 4374.87
8212, 4377.44
8220, 4371.28
8228, 4377.44
8236, 4390.77
8243, 4398.46
8251, 4403.59
8259, 4408.72
8267, 4410.77
8275, 4419.49
8283, 4424.62
8290, 4422.05
8298, 4416.41
8306, 4411.28
8314, 4417.95
8322, 4429.23
8330, 4432.82
8337, 4428.21
8345, 4421.03
8353, 4417.95
8361, 4415.9
8369, 4409.23
8376, 4410.77
8384, 4415.9
8392, 4407.18
8400, 4397.44
8408, 4400
8416, 4398.97
8423, 4391.28
8431, 4400
8439, 4403.08
8447, 4375.9
8455, 4359.49
8462, 4365.64
8470, 4367.69
8478, 4367.18
8486, 4369.23
8494, 4372.31
8502, 4374.36
8509, 4371.28
8517, 4369.74
8525, 4369.23
8533, 4370.77
8541, 4371.79
8548, 4367.69
8556, 4368.21
8564, 4368.72
8572, 4365.13
8580, 4367.69
8588, 4368.72
8595, 4371.28
8603, 4372.31
8611, 4365.64
8619, 4364.62
8627, 4369.74
8634, 4368.72
8642, 4366.67
8650, 4372.82
8658, 4374.36
8666, 4365.13
8673, 4365.13
8681, 4369.23
8689, 4361.03
8697, 4357.44
8705, 4362.56
8713, 4366.15
8721, 4369.23
8728, 4368.72
8736, 4364.1
8744, 4365.13
8752, 4370.26
8760, 4365.13
8767, 4381.03
8775, 4423.08
8783, 4419.49
8791, 4351.28
8799, 4294.36
8806, 4291.79
8814, 4328.21
8822, 4384.62
8830, 4438.46
8838, 4456.92
8846, 4418.97
8853, 4349.23
8861, 4301.03
8869, 4295.9
8877, 4329.74
8885, 4383.08
8893, 4432.31
8900, 4451.79
8908, 4418.46
8916, 4350.26
8924, 4294.36
8932, 4291.79
8939, 4328.21
8947, 4375.9
8955, 4432.82
8963, 4457.95
8971, 4411.28
8979, 4331.28
8986, 4281.03
8994, 4285.64
9002, 4326.15
9010, 4384.62
9018, 4441.03
9025, 4452.31
9033, 4413.33
9041, 4351.79
9049, 4297.44
9057, 4289.23
9065, 4330.77
9072, 4388.72
9080, 4435.38
9088, 4444.62
9096, 4409.74
9104, 4346.15
9111, 4294.36
9119, 4291.79
9127, 4327.18
9135, 4380.51
9143, 4434.36
9151, 4452.31
9158, 4415.38
9166, 4351.79
9174, 4300.51
9182, 4286.15
9190, 4316.41
9197, 4377.44
9205, 4434.87
9213, 4452.31
9221, 4412.82
9229, 4348.21
9237, 4305.64
9244, 4297.44
9252, 4324.1
9260, 4380
9268, 4437.44
9276, 4458.46
9284, 4414.36
9291, 4337.44
9299, 4290.26
9307, 4291.28
9315, 4323.08
9323, 4379.49
9330, 4439.49
9338, 4450.26
9346, 4408.21
9354, 4351.79
9362, 4301.54
9370, 4281.03
9377, 4317.44
9385, 4385.64
9393, 4437.44
9401, 4447.18
9409, 4409.23
9416, 4346.67
9424, 4292.31
9432, 4284.1
9440, 4326.67
9448, 4388.72
9456, 4444.1
9463, 4451.28
9471, 4406.67
9479, 4353.33
9487, 4301.54
9495, 4278.46
9502, 4315.9
9510, 4387.18
9518, 4441.54
9526, 4448.21
9534, 4408.72
9542, 4344.1
9549, 4294.87
9557, 4289.74
9565, 4322.05
9573, 4378.46
9581, 4432.82
9588, 4448.21
9596, 4412.31
9604, 4346.15
9612, 4291.28
9620, 4286.67
9628, 4325.13
9635, 4381.03
9643, 4433.85
9651, 4444.1
9659, 4402.05
9667, 4343.59
9674, 4299.49
9682, 4285.13
9690, 4320
9698, 4391.28
9706, 4438.97
9714, 4436.41
9721, 4397.95
9729, 4341.54
9737, 4294.87
9745, 4284.62
9753, 4323.59
9760, 4391.79
9769, 4424.62
9776, 4397.95
9784, 4362.56
9792, 4363.59
9800, 4372.31
9807, 4365.13
9815, 4363.08
9823, 4365.13
9831, 4367.69
9839, 4367.69
9846, 4362.56
9854, 4364.1
9862, 4367.18
9870, 4365.64
9878, 4366.67
9886, 4367.69
9893, 4368.72
9901, 4372.82
9909, 4366.67
9917, 4357.44
9925, 4358.97
9932, 4365.13
9940, 4365.64
9948, 4364.62
9956, 4369.23
9964, 4367.69
9972, 4360.51
9979, 4362.56
9987, 4369.23
9995, 4369.23
10003, 4364.62
10011, 4368.21
10019, 4373.33
10026, 4366.15
10034, 4363.08
10042, 4367.69
10050, 4368.21
10058, 4368.21
10065, 4365.64
10073, 4365.64
10081, 4366.15
10089, 4366.15
10097, 4368.21
10105, 4363.59
10112, 4364.62
10120, 4373.33
10128, 4367.18
10136, 4357.44
10144, 4362.56
10151, 4363.59
10159, 4362.56
10167, 4372.31
10175, 4375.9
10183, 4365.13
10191, 4357.44
10198, 4358.97
10206, 4365.13
10214, 4374.87
10222, 4371.79
10230, 4361.54
10237, 4369.74
10245, 4378.46
10253, 4371.79
10261, 4366.15
10269, 4361.54
10277, 4361.03
10284, 4364.62
10292, 4367.69
10300, 4369.74
10308, 4367.69
10316, 4364.1
10322, 4369.23
10331, 4377.44
10339, 4365.13
10347, 4353.85
10355, 4369.74
10363, 4375.9
10370, 4361.03
10378, 4363.08
10386, 4370.26
10394, 4366.67
10402, 4367.18
10409, 4368.21
10417, 4364.62
10425, 4362.05
10433, 4364.62
10441, 4366.15
10449, 4365.13
10456, 4368.21
10464, 4369.23
10472, 4366.67
10480, 4369.23
10488, 4370.77
10495, 4369.23
10503, 4369.23
10511, 4370.26
10519, 4371.28
10527, 4373.33
10535, 4373.85
10542, 4366.67
10550, 4357.95
10558, 4360
10566, 4364.62
10574, 4369.23
10582, 4368.21
10589, 4365.64
10597, 4369.74
10605, 4366.67
10613, 4366.15
10621, 4373.33
10628, 4368.21
10636, 4364.62
10644, 4372.31
10652, 4370.26
10660, 4364.62
10668, 4372.82
10675, 4376.92
10683, 4367.18
10691, 4361.03
10699, 4363.08
10707, 4368.72
10714, 4375.38
10722, 4370.77
10730, 4366.67
10738, 4372.82
10746, 4367.18
10754, 4363.08
10761, 4369.74
10769, 4372.82
10777, 4369.74
10785, 4364.1
10793, 4365.13
10801, 4370.77
10808, 4369.23
10816, 4365.13
10824, 4367.18
10832, 4369.23
10840, 4366.67
10847, 4363.08
10855, 4369.23
10863, 4372.82
10871, 4367.18
10879, 4365.64
10887, 4366.15
10894, 4367.18
10902, 4369.74
10910, 4368.21
10918, 4366.67
10926, 4367.18
10933, 4375.38
10941, 4377.95
10949, 4366.15
10957, 4363.59
10965, 4372.82
10973, 4372.31
10980, 4367.18
10988, 4373.33
10996, 4378.46
11004, 4372.31
11012, 4369.23
11019, 4370.26
11027, 4365.13
11035, 4365.13
11043, 4373.85
11051, 4374.36
11059, 4365.13
11066, 4361.54
11074, 4368.72
11082, 4370.26
11090, 4366.15
11098, 4367.69
11105, 4368.72
11113, 4372.31
11121, 4371.28
11129, 4362.05
11137, 4361.54
11145, 4367.69
11152, 4376.92
11160, 4380.51
11168, 4368.72
11176, 4362.56
11184, 4367.69
11191, 4365.64
11199, 4362.05
11207, 4368.21
11215, 4378.97
11223, 4377.44
11231, 4367.18
11238, 4367.69
11246, 4371.79
11254, 4364.62
11262, 4361.54
11270, 4369.23
11277, 4368.72
11285, 4360
11293, 4366.67
11301, 4375.9
11309, 4368.72
11317, 4368.21
11324, 4376.41
11332, 4375.9
11340, 4367.69
11348, 4362.05
11356, 4375.9
11363, 4383.59
11371, 4352.31
11379, 4327.69
11387, 4356.92, estimuli
11395, 4387.18
11403, 4370.26
11410, 4358.97
11418, 4371.79
11426, 4363.59
11434, 4359.49
11442, 4365.64
11449, 4347.69
11457, 4337.44
11465, 4355.38
11473, 4374.87
11481, 4383.59
11489, 4394.87
11496, 4409.23
11504, 4419.49
11512, 4421.54
11520, 4411.79
11528, 4410.26
11535, 4417.95
11543, 4407.18
11551, 4393.33
11559, 4411.79
11567, 4427.18
11575, 4413.85
11582, 4405.13
11590, 4413.85
11598, 4413.85
11606, 4398.97
11614, 4402.05
11622, 4409.74
11629, 4402.05
11637, 4396.41
11645, 4393.33
11653, 4389.23
11661, 4383.59
11668, 4382.05
11676, 4382.05
11684, 4371.79
11692, 4354.87
11700, 4347.18
11708, 4349.23
11715, 4351.28
11723, 4350.77
11731, 4350.77
11739, 4353.33
11747, 4354.36
11754, 4356.41
11762, 4354.87
11770, 4353.85
11778, 4363.08
11786, 4360.51
11794, 4348.21
11801, 4347.18
11809, 4352.82
11817, 4354.36
11825, 4353.85
11833, 4353.85
11840, 4351.28
11848, 4353.33
11856, 4358.46
11864, 4352.82
11872, 4347.69
11880, 4353.33
11887, 4356.92
11895, 4353.33
11903, 4346.67
11911, 4347.18
11919, 4354.87
11927, 4355.38
11934, 4353.33
11942, 4354.36
11950, 4353.85
11958, 4352.31
11966, 4354.36
11973, 4357.95
11981, 4353.85
11989, 4370.77
11997, 4420.51
12005, 4424.62
12012, 4346.15
12020, 4272.82
12028, 4274.36
12036, 4320
12044, 4368.72
12052, 4420.51
12059, 4452.82
12067, 4424.62
12075, 4358.46
12083, 4309.23
12091, 4303.08
12099, 4332.82
12106, 4383.08
12114, 4445.64
12122, 4466.15
12130, 4419.49
12138, 4358.46
12145, 4311.79
12153, 4300
12161, 4336.92
12169, 4397.44
12177, 4447.69
12185, 4456.92
12192, 4421.03
12200, 4367.18
12208, 4311.28
12216, 4286.15
12224, 4326.67
12231, 4400
12239, 4442.56
12247, 4444.1
12255, 4420
12263, 4362.05
12271, 4298.46
12278, 4282.56
12286, 4320.51
12294, 4386.67
12302, 4440.51
12310, 4453.85
12317, 4420.51
12325, 4355.9
12333, 4295.38
12341, 4279.49
12349, 4323.08
12357, 4390.26
12364, 4436.92
12372, 4446.67
12380, 4413.33
12388, 4347.69
12396, 4296.41
12403, 4293.33
12411, 4330.77
12419, 4382.56
12427, 4429.74
12435, 4449.74
12443, 4415.38
12450, 4347.18
12458, 4294.36
12466, 4282.56
12474, 4320
12482, 4382.05
12489, 4434.36
12497, 4452.31
12505, 4415.38
12513, 4350.26
12521, 4299.49
12529, 4289.23
12537, 4327.69
12545, 4390.26
12552, 4440.51
12560, 4450.26
12568, 4410.26
12575, 4348.72
12583, 4297.44
12591, 4285.13
12600, 4324.62
12608, 4393.33
12615, 4450.26
12622, 4452.31
12630, 4407.18
12639, 4346.15
12646, 4291.28
12654, 4287.69
12662, 4334.36
12670, 4385.13
12677, 4427.18
12685, 4443.59
12693, 4410.26
12701, 4345.64
12709, 4298.46
12716, 4293.33
12724, 4324.62
12733, 4382.05
12740, 4440.51
12748, 4448.72
12755, 4403.59
12764, 4345.13
12771, 4299.49
12779, 4287.18
12788, 4317.95
12794, 4382.05
12802, 4441.03
12810, 4448.21
12818, 4406.67
12826, 4351.79
12834, 4304.62
12841, 4285.64
12849, 4315.9
12857, 4380.51
12865, 4433.85
12873, 4445.13
12880, 4406.67
12888, 4343.59
12896, 4295.9
12904, 4283.08
12912, 4322.05
12921, 4391.28
12927, 4437.95
12935, 4447.18
12943, 4413.33
12952, 4342.56
12959, 4289.23
12966, 4288.21
12975, 4325.64
12983, 4381.54
12990, 4416.92
12999, 4397.44
13006, 4362.05
13013, 4366.67
13021, 4374.87
13029, 4363.59
13037, 4368.21
13045, 4374.36
13052, 4363.59
13060, 4355.9
13069, 4358.97
13076, 4367.18
13084, 4368.21
13092, 4365.13
13100, 4363.59
13108, 4364.62
13116, 4374.36
13123, 4371.79
13132, 4359.49
13138, 4363.08
13146, 4369.74
13154, 4367.18
13162, 4365.64
13171, 4373.85
13178, 4375.9
13185, 4361.54
13194, 4355.38
13201, 4365.13
13210, 4363.59
13217, 4356.92
13225, 4365.13
13232, 4373.85
13240, 4367.18
13249, 4355.9
13256, 4359.49
13264, 4367.18
13271, 4369.23
13279, 4362.56
13287, 4351.79
13295, 4355.38
13303, 4364.62
13311, 4362.56
13318, 4360.51
13326, 4368.72
13335, 4371.79
13342, 4358.46
13350, 4353.33
13357, 4364.62
13365, 4371.28
13373, 4368.72
13381, 4365.13
13389, 4365.13
13397, 4363.59
13405, 4357.95
13412, 4359.49
13421, 4364.1
13428, 4361.03
13436, 4363.08
13443, 4363.08
13451, 4360
13459, 4364.62
13467, 4369.23
13475, 4367.69
13484, 4360
13490, 4355.38
13498, 4361.03
13506, 4363.08
13514, 4364.62
13522, 4364.1
13530, 4364.62
13537, 4369.74
13545, 4367.18
13553, 4364.1
13561, 4364.62
13569, 4361.03
13577, 4360.51
13584, 4362.05
13592, 4361.03
13601, 4360
13609, 4362.56
13615, 4369.74
13624, 4367.18
13632, 4358.46
13640, 4362.05
13647, 4365.13
13656, 4360
13663, 4360
13671, 4368.21
13678, 4367.69
13686, 4358.46
13694, 4356.92
13703, 4356.41
13709, 4351.28
13717, 4353.85
13725, 4360.51
13734, 4364.1
13741, 4362.05
13749, 4357.44
13757, 4357.44
13764, 4362.05
13772, 4367.18
13781, 4366.67
13788, 4361.03
13795, 4360
13803, 4361.54
13811, 4364.62
13820, 4364.62
13828, 4358.97
13834, 4362.56
13842, 4368.72
13850, 4363.08
13859, 4354.87
13867, 4350.77
13874, 4355.38
13881, 4363.08
13889, 4364.62
13898, 4358.97
13905, 4349.23
13913, 4355.38
13920, 4363.59
13928, 4360.51
13936, 4362.05
13944, 4363.59
13953, 4361.54
13960, 4360.51
13967, 4356.41
13975, 4355.9
13984, 4361.03
13991, 4361.54
13999, 4355.9
14006, 4356.92
14014, 4366.15
14022, 4367.69
14030, 4362.05
14039, 4357.95
14047, 4360
14053, 4369.74
14061, 4367.69
14069, 4351.79
14077, 4353.85
14085, 4364.62
14092, 4358.97
14100, 4357.44
14108, 4370.77
14116, 4367.69
14124, 4346.15
14132, 4347.69
14139, 4365.13
14147, 4365.64
14155, 4358.97
14163, 4361.03
14172, 4368.21
14179, 4366.15
14186, 4354.36
14194, 4355.9
14203, 4364.1
14210, 4364.62
14218, 4361.54
14225, 4360.51
14234, 4366.15
14241, 4367.18
14249, 4360.51
14258, 4360
14266, 4362.56
14272, 4364.62
14281, 4363.08
14288, 4359.49
14296, 4364.1
14304, 4363.59
14311, 4358.46
14319, 4368.21
14328, 4374.36
14335, 4357.95
14343, 4348.72
14352, 4359.49
14359, 4363.59
14366, 4357.95
14374, 4361.54
14382, 4364.1
14390, 4361.03
14397, 4363.59
14405, 4361.03
14413, 4359.49
14421, 4363.59
14429, 4363.59
14437, 4362.56
14444, 4361.54
14453, 4364.1
14460, 4364.1
14468, 4358.46
14476, 4357.44
14484, 4361.03
14491, 4363.59
14499, 4363.59
14507, 4360.51
14515, 4364.1
14523, 4368.72
14530, 4366.67
14539, 4358.46
14546, 4355.38
14554, 4360.51
14562, 4359.49
14569, 4356.41
14577, 4363.59
14585, 4365.13
14593, 4358.46
14601, 4355.9
14609, 4361.03
14616, 4369.74
14624, 4367.69
14632, 4363.08
14641, 4361.03
14648, 4361.03
14655, 4369.23
14663, 4367.18
14672, 4353.85
14680, 4350.77
14687, 4355.9
14695, 4360
14702, 4362.56
14710, 4363.59
14719, 4364.62
14726, 4370.26
14735, 4372.82
14742, 4357.95
14749, 4348.21
14757, 4361.03
14766, 4368.72
14773, 4363.08
14782, 4360.51
14788, 4358.46
14796, 4361.03
14804, 4363.59
14812, 4362.05
14820, 4361.03
14828, 4363.08
14835, 4367.69
14843, 4363.08
14851, 4357.95
14859, 4362.05
14868, 4366.67
14875, 4364.1
14883, 4356.41
14890, 4362.56
14898, 4368.72
14907, 4360
14914, 4361.54
14922, 4369.74
14929, 4368.21
14937, 4367.69
14945, 4364.1
14953, 4355.9
14960, 4360
14968, 4371.28
14976, 4366.67
14984, 4355.38
14992, 4361.54
15000, 4366.67
15007, 4355.38
15016, 4361.03
15023, 4374.36
15031, 4363.59
15039, 4351.28
15046, 4357.44
15054, 4366.15
15062, 4362.05
15070, 4359.49
15079, 4367.18
15086, 4367.69
15093, 4366.67
15102, 4366.15
15109, 4366.67
15117, 4370.26
15125, 4365.64
15132, 4357.95
15140, 4364.1
15149, 4377.44
15156, 4375.38
15164, 4358.46
15172, 4356.41
15179, 4366.67
15188, 4369.23
15195, 4369.23
15204, 4370.77
15211, 4371.79
15219, 4369.74
15226, 4366.15
15234, 4371.79
15242, 4374.36
15251, 4371.79
15258, 4372.82
15266, 4372.31
15273, 4369.74
15281, 4365.64
15290, 4362.05
15297, 4366.15
15305, 4368.72
15312, 4366.67
15320, 4365.64
15328, 4370.26
15336, 4371.79
15344, 4363.59
15351, 4367.18
15359, 4378.46
15367, 4368.72
15375, 4356.92
15383, 4362.56
15391, 4372.82
15398, 4370.26
15407, 4359.49
15414, 4361.03
15422, 4370.77
15430, 4371.79
15437, 4367.69
15445, 4367.18
15453, 4370.26
15461, 4369.23
15469, 4367.18
15477, 4369.23
15484, 4369.74
15492, 4372.82
15500, 4374.87
15509, 4371.79
15516, 4371.79
15523, 4369.74
15532, 4368.21
15539, 4371.28
15547, 4371.28
15555, 4370.77
15564, 4367.69
15571, 4368.21
15579, 4369.74
15587, 4365.13
15594, 4369.23
15602, 4375.38
15609, 4372.31
15617, 4372.31
15625, 4371.79
15633, 4368.72
15641, 4371.28
15649, 4356.41
15657, 4331.28
15664, 4338.46
15672, 4364.1, estimuli
15680, 4365.13
15688, 4354.36
15695, 4360.51
15703, 4362.05
15711, 4357.95
15719, 4364.1
15728, 4371.28
15735, 4375.38
15742, 4377.95
15750, 4391.79
15758, 4408.21
15767, 4406.67
15774, 4400
15781, 4402.05
15789, 4406.67
15797, 4401.03
15805, 4390.26
15813, 4393.85
15821, 4397.95
15828, 4393.33
15836, 4395.9
15844, 4402.56
15852, 4405.13
15860, 4408.21
15868, 4407.18
15875, 4404.62
15883, 4409.74
15891, 4424.62
15899, 4428.72
15907, 4416.92
15914, 4412.82
15922, 4414.87
15930, 4411.79
15938, 4406.15
15946, 4403.59
15954, 4406.67
15961, 4405.13
15970, 4403.08
15977, 4404.62
15985, 4400
15993, 4398.97
16000, 4401.03
16008, 4403.08
16016, 4404.1
16024, 4391.28
16032, 4380
16040, 4385.64
16047, 4394.87
16055, 4395.9
16063, 4390.77
16071, 4391.79
16079, 4393.33
16086, 4389.23
16094, 4385.64
16102, 4382.56
16110, 4383.59
16118, 4389.23
16126, 4384.1
16133, 4380.51
16142, 4386.67
16150, 4386.67
16157, 4382.05
16165, 4385.64
16172, 4390.77
16180, 4384.62
16188, 4375.9
16196, 4373.33
16204, 4371.79
16212, 4385.64
16219, 4394.36
16227, 4377.95
16235, 4372.82
16243, 4380
16251, 4378.46
16259, 4376.41
16266, 4382.05
16274, 4404.62
16282, 4432.31
16290, 4425.13
16298, 4366.67
16305, 4306.67
16313, 4299.49
16321, 4336.41
16329, 4395.9
16337, 4447.69
16346, 4454.36
16353, 4418.46
16361, 4361.03
16368, 4309.23
16377, 4297.95
16385, 4331.79
16391, 4392.82
16400, 4448.72
16408, 4461.03
16415, 4429.74
16423, 4370.77
16431, 4307.18
16438, 4291.28
16446, 4335.9
16454, 4398.46
16462, 4443.08
16470, 4460.51
16477, 4429.74
16485, 4356.92
16493, 4303.59
16501, 4296.92
16515, 4329.23
16518, 4391.28
16524, 4442.56
16533, 4451.79
16540, 4413.85
16548, 4352.82
16557, 4301.03
16564, 4290.77
16571, 4332.82
16579, 4390.26
16587, 4436.92
16595, 4454.87
16603, 4415.38
16610, 4348.21
16619, 4306.15
16631, 4303.08
16634, 4334.36
16643, 4390.26
16651, 4443.08
16657, 4462.56
16665, 4429.74
16673, 4360.51
16681, 4295.38
16689, 4289.23
16697, 4338.97
16705, 4389.74
16718, 4430.77
16720, 4446.67
16728, 4411.79
16736, 4350.26
16743, 4297.44
16751, 4290.77
16759, 4331.28
16768, 4394.87
16775, 4450.26
16783, 4455.9
16790, 4419.49
16799, 4362.05
16806, 4301.03
16814, 4287.18
16822, 4335.38
16829, 4405.13
16837, 4454.36
16845, 4452.31
16854, 4410.26
16861, 4351.28
16869, 4298.97
16876, 4294.87
16884, 4338.97
16892, 4398.97
16900, 4446.15
16908, 4454.36
16916, 4412.31
16923, 4345.64
16931, 4295.38
16939, 4286.15
16947, 4324.62
16955, 4390.77
16962, 4443.08
16970, 4452.31
16978, 4416.41
16987, 4350.77
16995, 4293.85
17002, 4285.64
17009, 4332.31
17018, 4396.41
17025, 4441.54
17033, 4451.79
17041, 4411.79
17049, 4349.23
17056, 4305.64
17064, 4291.79
17072, 4322.56
17081, 4387.69
17089, 4443.59
17095, 4452.82
17103, 4405.64
17111, 4344.62
17119, 4301.54
17127, 4287.18
17134, 4321.54
17142, 4392.31
17150, 4452.82
17158, 4457.95
17166, 4411.79
17175, 4347.69
17182, 4294.87
17189, 4288.21
17198, 4332.82
17205, 4396.41
17213, 4448.72
17220, 4454.87
17229, 4411.79
17237, 4353.85
17244, 4304.1
17253, 4288.72
17260, 4333.33
17267, 4409.74
17275, 4436.41
17284, 4394.87
17291, 4366.15
17300, 4377.95
17306, 4375.38
17314, 4364.62
17322, 4369.74
17330, 4373.33
17338, 4368.21
17346, 4367.69
17353, 4373.33
17361, 4371.79
17369, 4370.26
17377, 4373.85
17385, 4372.82
17392, 4372.82
17400, 4372.82
17408, 4370.26
17416, 4370.26
17425, 4368.72
17433, 4369.74
17439, 4374.36
17447, 4374.36
17456, 4367.69
17463, 4369.74
17471, 4384.1
17479, 4378.97
17486, 4362.05
17494, 4366.15
17503, 4369.74
17510, 4365.64
17519, 4368.21
17525, 4366.67
17533, 4365.64
17541, 4370.26
17549, 4371.28
17557, 4369.23
17564, 4368.72
17572, 4369.23
17581, 4368.72
17588, 4371.28
17596, 4373.85
17605, 4367.18
17611, 4368.21
17620, 4372.31
17628, 4369.23
17635, 4371.28
17643, 4372.82
17651, 4372.82
17658, 4378.46
17666, 4373.85
17674, 4361.54
17682, 4365.13
17690, 4380
17697, 4375.38
17705, 4358.97
17713, 4365.64
17722, 4373.33
17729, 4367.18
17737, 4365.13
17744, 4365.64
17752, 4366.15
17760, 4367.18
17768, 4368.72
17776, 4367.69
17784, 4364.62
17791, 4368.21
17800, 4372.82
17807, 4369.23
17816, 4365.64
17823, 4367.18
17831, 4369.74
17838, 4368.21
17846, 4364.62
17854, 4366.67
17863, 4367.18
17869, 4365.64
17878, 4369.23
17885, 4371.28
17893, 4370.77
17901, 4370.26
17909, 4366.67
17916, 4363.59
17924, 4362.56
17932, 4362.56
17940, 4363.08
17948, 4371.79
17955, 4381.03
17963, 4375.38
17971, 4370.77
17979, 4372.82
17987, 4370.77
17995, 4367.18
18002, 4361.03
18010, 4363.08
18019, 4371.28
18027, 4370.77
18035, 4367.18
18042, 4365.64
18049, 4370.77
18057, 4374.36
18065, 4368.21
18073, 4365.13
18082, 4369.23
18088, 4374.36
18096, 4376.41
18104, 4364.62
18112, 4358.97
18121, 4368.21
18128, 4365.64
18135, 4358.46
18143, 4365.64
18151, 4371.79
18159, 4364.62
18167, 4364.1
18174, 4376.92
18182, 4375.38
18190, 4362.56
18198, 4360.51
18206, 4369.74
18214, 4373.85
18221, 4368.72
18229, 4370.77
18238, 4371.28
18245, 4364.62
18253, 4370.77
18260, 4375.38
18268, 4367.69
18276, 4368.72
18284, 4373.33
18292, 4369.74
18301, 4366.67
18308, 4376.41
18316, 4380.51
18323, 4368.21
18331, 4364.62
18339, 4369.23
18346, 4368.72
18355, 4369.23
18362, 4369.74
18370, 4368.72
18378, 4370.26
18386, 4371.79
18393, 4374.36
18401, 4375.38
18409, 4371.79
18417, 4369.74
18425, 4369.74
18433, 4370.26
18440, 4367.18
18449, 4368.21
18456, 4373.33
18464, 4368.72
18472, 4369.23
18479, 4373.33
18487, 4369.23
18495, 4367.69
18503, 4368.21
18511, 4375.38
18519, 4381.03
18527, 4370.26
18535, 4364.62
18542, 4370.26
18550, 4369.74
18558, 4366.67
18565, 4369.23
18573, 4370.26
18581, 4363.59
18589, 4367.69
18597, 4373.85
18605, 4369.23
18612, 4368.72
18620, 4374.36
18628, 4373.33
18636, 4366.67
18644, 4369.74
18651, 4376.41
18660, 4372.31
18667, 4372.31
18675, 4378.46
18683, 4375.38
18692, 4368.21
18699, 4365.64
18707, 4365.13
18714, 4367.69
18722, 4369.74
18730, 4377.95
18737, 4379.49
18745, 4363.59
18753, 4360
18761, 4370.77
18770, 4370.77
18777, 4368.72
18784, 4371.28
18792, 4373.33
18800, 4369.23
18808, 4370.26
18816, 4373.85
18824, 4372.82
18831, 4378.46
18839, 4380.51
18847, 4368.21
18855, 4364.62
18863, 4371.79
18870, 4375.9
18879, 4368.21
18886, 4363.08
18894, 4370.26
18902, 4371.79
18909, 4366.15
18917, 4364.62
18925, 4365.13
18933, 4365.64
18941, 4370.26
18950, 4379.49
18956, 4378.46
18965, 4364.1
18978, 4358.46
18981, 4367.69
18988, 4371.28
18996, 4368.72
19003, 4369.74
19011, 4374.87
19020, 4371.79
19028, 4368.21
19035, 4371.28
19042, 4369.74
19051, 4369.23
19058, 4370.77
19066, 4371.79
19074, 4375.9
19083, 4373.33
19090, 4372.31
19097, 4375.9
19120, 4373.85
19122, 4374.87
19122, 4377.95
19128, 4371.28
19136, 4368.21
19144, 4371.79
19152, 4371.28
19160, 4371.28
19168, 4382.05
19175, 4377.95
19183, 4360
19191, 4369.23
19199, 4381.03
19207, 4368.21
19214, 4362.56
19222, 4369.74
19230, 4371.28
19238, 4373.33
19247, 4376.92
19254, 4372.31
19261, 4369.74
19269, 4373.85
19277, 4371.28
19285, 4362.56
19293, 4366.15
19300, 4373.33
19308, 4373.33
19317, 4373.33
19325, 4373.33
19333, 4376.41
19341, 4372.82
19347, 4367.18
19355, 4372.31
19363, 4372.31
19371, 4371.28
19379, 4380
19386, 4381.54
19394, 4368.21
19402, 4360.51
19410, 4370.26
19418, 4374.36
19426, 4370.77
19433, 4375.9
19441, 4376.92
19449, 4372.31
19457, 4370.77
19465, 4370.77
19472, 4373.33
19480, 4374.87
19488, 4373.33
19496, 4369.74
19504, 4366.67
19512, 4371.79
19520, 4372.82
19528, 4369.23
19536, 4373.33
19543, 4372.82
19551, 4366.67
19558, 4367.69
19567, 4372.31
19574, 4371.28
19583, 4365.64
19590, 4371.28
19599, 4381.03
19605, 4373.33
19614, 4365.13
19621, 4368.21
19629, 4367.69
19637, 4364.62
19645, 4370.26
19653, 4372.82
19661, 4368.21
19669, 4375.9
19676, 4382.56
19684, 4374.36
19691, 4375.38
19699, 4379.49
19707, 4367.18
19715, 4365.13
19724, 4371.28
19732, 4360.51
19738, 4351.28
19746, 4364.62
19754, 4376.92
19762, 4368.72
19771, 4368.72
19777, 4372.31
19785, 4365.64
19793, 4370.77
19801, 4378.46
19809, 4373.33
19817, 4367.18
19824, 4364.1
19832, 4361.54
19840, 4365.64
19848, 4373.85
19856, 4371.28
19864, 4363.08
19871, 4366.15
19880, 4370.77
19887, 4368.72
19895, 4366.15
19903, 4363.59
19910, 4371.28
19918, 4378.97
19926, 4369.23
19934, 4363.59
19943, 4371.28
19951, 4374.87
19957, 4368.21
19966, 4364.1
19973, 4370.26
19981, 4368.21
19989, 4361.03
19996, 4366.15
20004, 4362.56
20012, 4340
20020, 4331.79, estimuli
20028, 4360
20037, 4383.59
20043, 4369.23
20051, 4355.38
20059, 4363.59
20068, 4367.18
20076, 4360
20083, 4358.97
20091, 4372.31
20098, 4380.51
20106, 4382.56
20114, 4389.23
20122, 4389.74
20129, 4384.62
20137, 4390.26
20146, 4401.03
20154, 4396.92
20161, 4387.18
20169, 4393.85
20176, 4395.38
20184, 4382.56
20192, 4382.56
20200, 4390.26
20208, 4390.26
20215, 4396.41
20223, 4402.56
20231, 4393.85
20239, 4376.41
20247, 4371.79
20254, 4377.44
20262, 4376.92
20270, 4377.44
20278, 4379.49
20286, 4377.95
20294, 4377.44
20301, 4375.38
20309, 4374.36
20317, 4373.33
20325, 4371.79
20333, 4372.31
20340, 4365.64
20348, 4363.59
20356, 4370.77
20365, 4370.26
20372, 4367.18
20381, 4368.21
20388, 4366.15
20396, 4364.62
20403, 4369.23
20411, 4377.44
20419, 4384.1
20426, 4383.08
20434, 4380
20442, 4378.46
20450, 4378.97
20458, 4373.33
20466, 4364.1
20473, 4366.67
20481, 4373.33
20489, 4374.87
20497, 4374.36
20505, 4377.95
20512, 4384.62
20520, 4383.08
20528, 4383.08
20536, 4391.28
20544, 4385.13
20552, 4373.33
20559, 4377.95
20568, 4384.62
20575, 4375.38
20583, 4366.15
20592, 4372.31
20600, 4376.92
20606, 4382.05
20614, 4379.49
20622, 4376.92
20630, 4411.79
20638, 4433.85
20645, 4381.03
20653, 4307.18
20661, 4285.64
20669, 4314.87
20677, 4366.15
20685, 4420
20692, 4445.64
20700, 4423.59
20708, 4366.67
20716, 4313.33
20724, 4289.74
20731, 4313.33
20739, 4369.23
20747, 4424.62
20756, 4451.79
20763, 4428.21
20771, 4374.36
20779, 4320
20786, 4286.15
20794, 4304.1
20802, 4368.21
20811, 4432.82
20818, 4456.92
20826, 4430.26
20833, 4370.77
20841, 4317.95
20849, 4293.85
20857, 4303.08
20864, 4360
20872, 4436.92
20880, 4462.56
20888, 4426.67
20896, 4366.67
20903, 4306.67
20911, 4286.15
20919, 4317.95
20927, 4368.21
20935, 4419.49
20943, 4450.26
20950, 4430.26
20958, 4366.15
20966, 4306.67
20974, 4292.31
20983, 4316.92
20990, 4367.69
20997, 4424.62
21005, 4452.82
21013, 4429.74
21021, 4367.69
21029, 4309.74
21036, 4288.72
21044, 4317.95
21052, 4377.95
21060, 4426.15
21068, 4445.13
21076, 4427.18
21083, 4365.64
21091, 4305.13
21099, 4288.21
21107, 4315.9
21115, 4372.31
21122, 4428.21
21130, 4451.28
21139, 4425.13
21146, 4368.72
21155, 4312.31
21162, 4284.1
21169, 4313.85
21177, 4376.92
21186, 4427.69
21193, 4446.15
21201, 4418.97
21208, 4356.92
21217, 4299.49
21224, 4281.03
21233, 4306.15
21240, 4360
21248, 4427.69
21255, 4460.51
21263, 4423.08
21271, 4357.95
21279, 4308.21
21287, 4282.05
21294, 4297.95
21302, 4356.92
21311, 4421.54
21318, 4446.67
21326, 4423.08
21335, 4362.05
21341, 4293.33
21349, 4274.87
21357, 4311.28
21366, 4360.51
21373, 4415.38
21380, 4444.1
21389, 4417.44
21396, 4363.08
21405, 4310.26
21412, 4283.59
21420, 4308.72
21427, 4372.82
21436, 4433.33
21443, 4455.38
21451, 4430.26
21459, 4371.28
21468, 4306.15
21474, 4279.49
21482, 4311.28
21490, 4373.85
21499, 4429.74
21507, 4454.36
21513, 4431.28
21521, 4364.62
21529, 4303.59
21537, 4282.05
21545, 4306.15
21553, 4366.67
21560, 4426.67
21568, 4452.82
21576, 4430.26
21585, 4364.62
21593, 4304.1
21599, 4280
21607, 4305.13
21616, 4374.87
21623, 4426.15
21631, 4406.67
21639, 4363.59
21646, 4360.51
21654, 4379.49
21662, 4377.95
21670, 4369.74
21678, 4364.62
21686, 4364.62
21693, 4367.18
21701, 4362.56
21709, 4363.59
21717, 4372.31
21725, 4371.28
21732, 4361.03
21740, 4361.03
21748, 4371.79
21756, 4372.31
21764, 4364.1
21772, 4368.21
21779, 4374.87
21787, 4371.28
21796, 4366.15
21803, 4363.59
21811, 4367.18
21818, 4369.23
21826, 4365.13
21834, 4362.05
21842, 4361.03
21850, 4366.67
21858, 4370.77
21866, 4362.05
21873, 4357.44
21881, 4364.1
21889, 4366.67
21897, 4363.59
21905, 4361.54
21912, 4360
21920, 4359.49
21928, 4366.15
21937, 4367.18
21944, 4356.41
21951, 4353.33
21959, 4356.92
21967, 4356.92
21975, 4354.36
21983, 4353.33
21990, 4356.41
21998, 4357.95
22007, 4356.92
22014, 4358.46
22023, 4355.9
22031, 4356.92
22037, 4361.03
22045, 4359.49
22053, 4354.87
22061, 4356.41
22069, 4360.51
22076, 4360
22084, 4360
22092, 4369.74
22100, 4369.23
22108, 4355.9
22116, 4353.33
22123, 4358.97
22131, 4356.41
22139, 4351.28
22147, 4355.38
22155, 4362.05
22162, 4359.49
22170, 4360
22178, 4360.51
22187, 4356.41
22194, 4355.9
22202, 4358.97
22209, 4360.51
22217, 4361.03
22225, 4362.56
22234, 4363.08
22241, 4360.51
22249, 4360.51
22257, 4358.46
22264, 4356.41
22272, 4356.92
22281, 4355.38
22288, 4357.95
22295, 4363.59
22304, 4355.9
22311, 4345.64
22319, 4346.67
22327, 4352.82
22335, 4352.31
22342, 4349.74
22350, 4353.33
22358, 4353.33
22366, 4349.23
22375, 4353.33
22381, 4355.38
22389, 4352.82
22397, 4352.31
22405, 4351.79
22413, 4357.44
22421, 4358.97
22428, 4350.77
22436, 4349.74
22444, 4356.41
22453, 4356.92
22460, 4349.74
22468, 4353.33
22475, 4361.03
22483, 4354.87
22491, 4351.79
22499, 4362.56
22506, 4365.64
22515, 4352.82
22522, 4345.13
22531, 4352.31
22538, 4355.9
22546, 4348.72
22553, 4346.67
22561, 4351.79
22569, 4355.38
22577, 4353.33
22585, 4351.79
22593, 4357.44
22600, 4355.38
22608, 4346.67
22616, 4347.18
22624, 4355.38
22633, 4355.9
22639, 4350.26
22647, 4352.82
22656, 4357.95
22663, 4353.33
22671, 4352.31
22679, 4360.51
22686, 4366.67
22695, 4363.08
22702, 4354.36
22710, 4356.92
22718, 4357.44
22725, 4347.69
22734, 4351.79
22742, 4362.56
22749, 4360.51
22757, 4360
22765, 4362.56
22772, 4355.9
22780, 4348.72
22788, 4353.33
22796, 4355.38
22804, 4353.85
22812, 4363.08
22819, 4363.59
22827, 4352.31
22835, 4351.79
22843, 4356.92
22851, 4358.97
22859, 4355.38
22866, 4354.36
22874, 4362.05
22882, 4362.56
22890, 4356.92
22899, 4356.41
22906, 4357.44
22913, 4361.54
22921, 4367.18
22929, 4366.15
22938, 4356.41
22944, 4351.28
22952, 4357.44
22960, 4358.97
22968, 4360
22976, 4363.59
22984, 4362.05
22991, 4358.97
23000, 4360
23007, 4358.46
23015, 4353.85
23023, 4354.87
23030, 4355.9
23038, 4352.82
23046, 4354.36
23055, 4358.97
23062, 4355.9
23071, 4354.36
23077, 4354.87
23086, 4356.41
23094, 4364.1
23101, 4364.1
23109, 4355.9
23116, 4362.05
23124, 4372.31
23132, 4364.1
23141, 4347.18
23148, 4352.31, estimuli
23156, 4368.72
23164, 4363.08
23171, 4351.28
23179, 4350.26
23187, 4354.36
23195, 4357.44
23203, 4354.87
23210, 4350.77
23218, 4353.33
23226, 4361.03
23234, 4361.54
23242, 4357.95
23249, 4360.51
23257, 4360.51
23265, 4356.92
23273, 4359.49
23282, 4358.46
23289, 4352.82
23297, 4353.85
23305, 4356.41
23312, 4353.33
23320, 4353.85
23328, 4364.62
23336, 4370.26
23343, 4362.05
23351, 4350.26
23359, 4347.18
23368, 4355.9
23375, 4362.05
23382, 4353.33
23390, 4352.31
23398, 4362.05
23406, 4360
23414, 4355.9
23421, 4354.87
23429, 4356.41
23437, 4359.49
23445, 4355.9
23453, 4355.38
23461, 4357.95
23468, 4359.49
23476, 4358.46
23484, 4358.46
23492, 4360.51
23500, 4357.44
23507, 4355.9
23515, 4360
23523, 4358.46
23531, 4352.82
23539, 4355.9
23547, 4368.21
23554, 4369.23
23562, 4355.9
23570, 4351.79
23578, 4352.82
23586, 4350.77
23594, 4352.82
23601, 4354.36
23610, 4351.79
23618, 4352.31
23626, 4352.31
23633, 4351.79
23640, 4357.95
23649, 4362.56
23656, 4358.97
23664, 4363.59
23672, 4376.41
23680, 4365.64
23688, 4345.64
23696, 4351.79
23704, 4358.46
23712, 4351.28
23719, 4353.85
23726, 4360.51
23734, 4358.46
23742, 4350.77
23750, 4364.1
23758, 4403.59
23767, 4415.38
23773, 4361.03
23781, 4289.23
23789, 4273.33
23797, 4307.18
23805, 4363.59
23812, 4421.54
23820, 4438.97
23828, 4409.74
23836, 4355.38
23844, 4297.95
23856, 4273.85
23860, 4297.44
23867, 4353.85
23875, 4416.92
23883, 4444.62
23891, 4415.38
23898, 4354.36
23906, 4298.97
23915, 4280
23923, 4310.26
23930, 4366.67
23938, 4413.85
23945, 4435.38
23953, 4416.41
23961, 4353.33
23969, 4295.38
23977, 4284.62
23984, 4309.74
23992, 4353.85
24000, 4408.21
24008, 4438.97
24016, 4415.9
24024, 4355.38
24032, 4298.97
24039, 4276.41
24048, 4302.56
24055, 4361.03
24063, 4416.92
24070, 4442.56
24079, 4417.44
24087, 4352.82
24094, 4292.82
24102, 4272.82
24110, 4304.62
24118, 4365.13
24125, 4416.92
24134, 4439.49
24141, 4414.36
24149, 4357.44
24156, 4306.15
24164, 4285.64
24173, 4307.18
24180, 4361.54
24188, 4418.46
24196, 4437.44
24204, 4406.67
24211, 4351.79
24219, 4295.9
24228, 4274.36
24236, 4304.1
24243, 4360.51
24251, 4419.49
24259, 4444.1
24266, 4414.36
24274, 4358.46
24283, 4301.54
24290, 4273.33
24297, 4301.54
24306, 4364.62
24313, 4417.44
24321, 4436.41
24329, 4412.31
24336, 4350.26
24344, 4291.28
24352, 4275.38
24361, 4301.03
24368, 4358.46
24375, 4424.62
24384, 4449.23
24392, 4420
24400, 4362.56
24408, 4304.1
24416, 4276.92
24422, 4302.56
24430, 4363.59
24438, 4422.05
24446, 4448.72
24454, 4422.56
24462, 4350.77
24470, 4284.62
24477, 4272.82
24485, 4311.28
24493, 4369.74
24501, 4423.59
24509, 4444.62
24517, 4417.44
24525, 4354.87
24533, 4298.97
24540, 4284.62
24547, 4309.23
24555, 4356.92
24563, 4418.46
24571, 4451.28
24579, 4417.44
24587, 4352.82
24594, 4298.46
24602, 4273.33
24611, 4305.64
24618, 4369.23
24626, 4414.36
24634, 4434.87
24641, 4415.9
24649, 4352.82
24657, 4291.28
24666, 4277.95
24673, 4312.82
24680, 4366.15
24688, 4420.51
24696, 4445.64
24704, 4414.36
24712, 4353.33
24719, 4298.97
24727, 4279.49
24735, 4305.13
24743, 4369.23
24751, 4418.97
24759, 4398.97
24766, 4357.95
24774, 4361.03
24783, 4369.74
24790, 4357.44
24798, 4356.41
24805, 4363.08
24813, 4360.51
24821, 4357.44
24829, 4363.08
24837, 4364.62
24845, 4356.92
24852, 4353.85
24860, 4359.49
24868, 4363.08
24876, 4357.44
24885, 4348.21
24892, 4352.31
24899, 4358.46
24907, 4356.41
24916, 4356.41
24924, 4355.9
24931, 4357.44
24938, 4363.59
24946, 4362.56
24954, 4355.9
24962, 4360.51
24971, 4371.79
24978, 4364.1
24985, 4350.26
24993, 4353.85
25001, 4361.54
25009, 4359.49
25017, 4358.46
25024, 4363.08
25032, 4368.72
25040, 4370.26
25048, 4368.72
25056, 4368.21
25064, 4362.05
25071, 4353.33
25079, 4354.87
25088, 4362.05
25096, 4363.08
25103, 4358.46
25110, 4362.56
25118, 4362.05
25126, 4356.92
25134, 4360.51
25142, 4362.05
25151, 4365.13
25157, 4369.74
25165, 4367.18
25173, 4362.56
25182, 4358.97
25189, 4361.03
25197, 4364.1
25204, 4361.54
25212, 4358.97
25220, 4359.49
25228, 4360
25236, 4362.56
25243, 4360.51
25251, 4360
25259, 4371.79
25267, 4377.95
25275, 4363.59
25283, 4356.41
25290, 4366.15
25299, 4365.13
25306, 4359.49
25314, 4363.08
25322, 4364.62
25329, 4366.15
25337, 4367.69
25345, 4362.05
25353, 4359.49
25361, 4360
25370, 4363.08
25377, 4366.15
25384, 4363.59
25392, 4364.62
25400, 4368.21
25409, 4364.1
25416, 4358.97
25424, 4361.54
25431, 4366.67
25439, 4367.18
25447, 4364.62
25455, 4361.54
25462, 4358.46
25470, 4361.03
25478, 4369.23
25486, 4371.28
25494, 4360.51
25502, 4350.77
25509, 4356.41
25517, 4364.62
25525, 4368.21
25533, 4371.28
25541, 4367.18
25548, 4360.51
25556, 4358.97
25564, 4363.08
25573, 4368.72
25580, 4362.56
25587, 4354.87
25595, 4358.46
25603, 4361.54
25611, 4362.05
25619, 4365.64
25627, 4365.64
25634, 4362.56
25642, 4362.05
25650, 4368.21
25658, 4367.69
25667, 4354.36
25673, 4348.72
25681, 4361.54
25689, 4371.79
25697, 4360.51
25705, 4354.87
25713, 4366.15
25720, 4365.13
25728, 4359.49
25736, 4369.23
25744, 4373.85
25753, 4366.15
25759, 4364.1
25767, 4367.69
25775, 4366.67
25784, 4363.59
25791, 4364.62
25799, 4365.64
25806, 4366.15
25815, 4369.23
25823, 4365.64
25831, 4364.62
25838, 4373.85
25845, 4372.82
25853, 4363.59
25861, 4362.05
25869, 4365.64
25877, 4365.13
25885, 4365.64
25892, 4368.21
25900, 4363.59
25908, 4358.46
25916, 4359.49
25929, 4363.08
25933, 4365.13
25939, 4361.03
25947, 4361.03
25956, 4365.64
25963, 4362.56
25971, 4362.05
25978, 4365.13
25986, 4361.54
25995, 4363.08
26002, 4370.77
26010, 4371.79
26018, 4365.13
26025, 4361.03
26033, 4365.13
26041, 4365.13
26050, 4364.1
26057, 4366.67
26064, 4365.64
26072, 4363.59
26080, 4365.13
26088, 4363.59
26096, 4358.97
26104, 4365.13
26111, 4370.26
26119, 4361.54
26127, 4358.46
26135, 4364.1
26143, 4362.56
26150, 4361.03
26158, 4363.08
26166, 4365.64
26174, 4368.21
26182, 4361.03
26190, 4354.87
26197, 4360.51
26205, 4365.64
26213, 4367.18
26221, 4365.64
26229, 4365.64
26236, 4369.23
26244, 4368.72
26252, 4366.15
26260, 4367.18
26268, 4366.67
26276, 4364.1
26284, 4364.62
26291, 4364.1
26299, 4346.15
26307, 4332.31
26315, 4343.59
26323, 4366.15
26330, 4379.49
26338, 4366.15
26346, 4346.15
26354, 4353.85
26362, 4369.74
26369, 4369.23
26377, 4365.64
26385, 4372.31
26393, 4379.49
26402, 4385.64
26408, 4390.77
26417, 4390.26
26424, 4390.77
26433, 4400
26440, 4404.1
26448, 4401.54
26455, 4397.95
26463, 4392.82
26471, 4395.38
26479, 4398.46
26487, 4394.87
26495, 4396.41
26502, 4403.59
26510, 4408.72
26518, 4406.67
26526, 4400
26534, 4397.44
26541, 4391.28
26549, 4375.9
26557, 4365.64
26565, 4370.77
26573, 4377.95
26581, 4370.26
26588, 4362.56
26596, 4364.62
26604, 4363.59
26612, 4361.54
26620, 4359.49
26627, 4352.31
26635, 4351.79
26643, 4360.51
26651, 4357.44
26659, 4344.62
26667, 4347.18
26674, 4351.28
26683, 4340
26691, 4337.44
26699, 4345.64
26706, 4347.18
26713, 4349.74
26721, 4349.74
26729, 4346.67
26737, 4349.74
26745, 4351.28
26753, 4351.28
26760, 4350.26
26768, 4347.69
26776, 4344.62
26784, 4345.13
26792, 4350.26
26800, 4347.69
26807, 4342.05
26815, 4346.67
26823, 4352.82
26831, 4352.82
26839, 4350.26
26846, 4353.33
26854, 4354.36
26862, 4349.74
26870, 4352.31
26878, 4355.9
26886, 4352.82
26893, 4350.77
26901, 4353.85
26909, 4356.92
26917, 4352.31
26925, 4347.18
26933, 4350.26
26940, 4353.85
26948, 4354.36
26956, 4351.28
26965, 4347.69
26971, 4357.44
26979, 4366.15
26987, 4352.82
26995, 4342.05
27003, 4352.82
27011, 4361.03
27018, 4350.77
27026, 4342.56
27034, 4347.69
27042, 4352.31
27050, 4353.33
27058, 4352.31
27065, 4351.28
27073, 4356.41
27082, 4355.38
27089, 4349.23
27097, 4348.72
27104, 4352.82
27112, 4355.38
27120, 4352.82
27128, 4350.77
27136, 4347.69
27144, 4343.08
27151, 4350.26, estimuli
27159, 4358.46
27167, 4357.44
27175, 4354.87
27183, 4351.79
27190, 4351.28
27198, 4353.85
27206, 4352.31
27214, 4350.26
27222, 4352.31
27230, 4355.38
27237, 4353.85
27245, 4353.33
27253, 4355.38
27261, 4351.28
27269, 4350.26
27276, 4354.36
27284, 4350.26
27292, 4345.64
27300, 4350.26
27308, 4354.87
27316, 4353.85
27323, 4354.87
27331, 4356.92
27339, 4351.79
27348, 4349.74
27355, 4355.9
27362, 4355.38
27370, 4350.77
27378, 4351.79
27386, 4353.85
27394, 4352.31
27402, 4351.79
27409, 4356.92
27417, 4355.9
27425, 4352.82
27433, 4355.38
27441, 4351.79
27449, 4347.69
27456, 4354.87
27464, 4356.41
27472, 4349.23
27480, 4353.85
27488, 4351.28
27496, 4322.56
27503, 4316.41
27511, 4357.95
27519, 4378.46
27527, 4348.21
27535, 4331.28
27542, 4341.54
27550, 4348.21
27558, 4348.72
27566, 4343.59
27574, 4339.49
27581, 4347.69
27589, 4363.59
27597, 4368.72
27605, 4378.46
27613, 4394.87
27621, 4390.26
27628, 4382.56
27636, 4384.62
27644, 4383.08
27652, 4388.72
27660, 4393.33
27667, 4385.64
27676, 4385.13
27683, 4394.36
27691, 4394.87
27699, 4391.28
27707, 4393.33
27715, 4393.85
27723, 4390.77
27730, 4394.36
27739, 4398.46
27747, 4387.18
27753, 4387.18
27762, 4425.13
27769, 4448.72
27777, 4405.13
27785, 4335.38
27793, 4305.64
27800, 4322.05
27808, 4367.18
27816, 4416.92
27824, 4445.64
27833, 4438.46
27840, 4382.05
27847, 4309.74
27855, 4277.95
27863, 4297.95
27871, 4349.23
27879, 4407.69
27886, 4443.59
27894, 4430.77
27902, 4373.33
27910, 4313.33
27918, 4286.15
27926, 4298.97
27933, 4346.67
27941, 4407.69
27949, 4447.69
27957, 4435.38
27966, 4377.44
27972, 4318.46
27980, 4289.74
27988, 4307.18
27996, 4364.1
28004, 4428.72
28012, 4462.56
28019, 4441.03
28027, 4384.1
28035, 4326.15
28043, 4300
28051, 4321.03
28058, 4362.56
28066, 4407.69
28074, 4445.64
28083, 4434.87
28090, 4378.46
28098, 4318.46
28105, 4288.72
28113, 4311.28
28121, 4362.56
28129, 4414.87
28137, 4448.21
28144, 4437.95
28153, 4387.18
28160, 4319.49
28168, 4275.38
28176, 4288.72
28184, 4346.67
28192, 4409.74
28200, 4443.08
28207, 4427.69
28216, 4372.31
28223, 4308.72
28230, 4276.41
28238, 4294.36
28246, 4347.18
28254, 4406.67
28262, 4440
28270, 4430.26
28277, 4378.46
28285, 4303.59
28293, 4264.62
28301, 4292.82
28309, 4352.31
28317, 4408.21
28324, 4443.59
28332, 4434.36
28340, 4372.82
28348, 4306.15
28357, 4278.46
28363, 4297.44
28371, 4351.28
28380, 4408.72
28387, 4442.56
28395, 4432.31
28402, 4374.36
28410, 4307.69
28418, 4277.95
28426, 4300
28434, 4355.38
28442, 4411.28
28450, 4444.62
28457, 4428.72
28465, 4371.79
28473, 4310.26
28481, 4277.44
28489, 4295.9
28496, 4349.74
28504, 4410.26
28512, 4450.26
28520, 4433.33
28528, 4370.77
28535, 4309.74
28543, 4279.49
28551, 4295.38
28559, 4351.28
28567, 4412.82
28575, 4443.59
28582, 4422.56
28590, 4369.23
28598, 4311.28
28606, 4278.97
28614, 4298.46
28621, 4354.87
28629, 4415.9
28637, 4449.74
28645, 4431.28
28653, 4371.28
28661, 4307.69
28668, 4283.08
28676, 4307.69
28684, 4356.92
28692, 4413.33
28700, 4444.1
28707, 4423.59
28715, 4372.82
28723, 4319.49
28731, 4285.13
28739, 4293.85
28747, 4354.87
28754, 4412.82
28762, 4407.69
28770, 4373.85
28778, 4360.51
28786, 4361.03
28793, 4361.03
28801, 4358.97
28809, 4357.44
28818, 4358.46
28825, 4364.1
28833, 4363.59
28840, 4357.95
28848, 4358.46
28856, 4360.51
28864, 4360.51
28872, 4363.08
28879, 4363.59
28888, 4360
28895, 4356.92
28904, 4360
28911, 4367.69
28919, 4363.08
28926, 4355.9
28934, 4363.08
28942, 4364.62
28950, 4360
28958, 4360.51
28966, 4358.97
28973, 4357.95
28981, 4360.51
28989, 4363.59
28997, 4365.13
29005, 4363.08
29012, 4361.03
29020, 4362.05
29028, 4366.67
29036, 4366.67
29045, 4363.08
29053, 4366.67
29059, 4368.21
29067, 4364.1
29075, 4362.56
29083, 4365.64
29091, 4369.74
29098, 4366.15
29106, 4362.56
29114, 4367.18
29123, 4369.74
29130, 4365.64
29138, 4362.56
29145, 4364.1
29153, 4365.64
29161, 4364.62
29169, 4366.15
29177, 4364.1
29184, 4361.54
29192, 4366.67
29200, 4366.15
29208, 4362.56
29216, 4365.64
29224, 4364.62
29231, 4362.56
29239, 4361.54
29247, 4360
29255, 4360.51
29263, 4358.97
29270, 4361.54
29278, 4366.67
29286, 4363.59
29294, 4361.03
29302, 4366.67
29310, 4369.74
29317, 4363.08
29325, 4361.03
29333, 4365.13
29342, 4361.54
29349, 4359.49
29356, 4361.54
29364, 4363.59
29372, 4367.18
29380, 4367.18
29389, 4363.59
29396, 4363.08
29404, 4366.15
29411, 4369.23
29419, 4367.69
29427, 4360
29435, 4355.9
29442, 4357.44
29452, 4360.51
29458, 4361.03
29466, 4356.41
29475, 4354.36
29483, 4354.87
29489, 4358.46
29497, 4361.54
29505, 4360
29513, 4364.62
29521, 4366.15
29529, 4364.62
29536, 4361.54
29544, 4357.44
29552, 4362.56
29560, 4365.13
29568, 4363.59
29575, 4364.62
29583, 4364.62
29591, 4366.15
29599, 4363.08
29607, 4360
29615, 4365.13
29622, 4366.15
29630, 4358.97
29638, 4354.36
29646, 4358.97
29654, 4363.08
29662, 4358.46
29669, 4358.97
29677, 4365.64
29685, 4366.67
29693, 4361.03
29701, 4354.87
29708, 4358.46
29716, 4363.59
29724, 4362.56
29732, 4366.67
29740, 4368.21
29747, 4360
29755, 4353.33
29763, 4356.41
29771, 4363.08
29779, 4364.62
29787, 4363.08
29794, 4361.03
29802, 4357.44
29810, 4362.05
29818, 4365.64
29826, 4360.51
29833, 4357.95
29841, 4358.97
29849, 4360
29857, 4360
29865, 4361.03
29873, 4364.62
29881, 4364.1
29888, 4361.54
29896, 4358.46
29904, 4354.36
29912, 4361.03
29920, 4366.67
29927, 4361.54
29935, 4363.08
29943, 4370.26
29951, 4364.1
29959, 4350.26
29966, 4353.33
29974, 4363.08
29982, 4363.59
29990, 4362.56
29998, 4361.03
30006, 4362.56
30013, 4366.67
30021, 4365.13
30029, 4365.64
30037, 4366.67
30045, 4363.59
30052, 4362.56
30060, 4363.59
30068, 4366.67
30076, 4366.15
30084, 4358.97
30092, 4360
30099, 4364.1
30108, 4362.56
30115, 4362.05
30123, 4361.54
30131, 4361.54
30138, 4362.56
30146, 4366.67
30154, 4373.85
30162, 4370.77
30170, 4361.54
30178, 4359.49
30185, 4364.1
30193, 4366.15
30201, 4365.13
30209, 4366.15
30218, 4363.59
30224, 4361.03
30232, 4363.59
30240, 4363.08
30249, 4363.59
30256, 4366.15
30264, 4366.15
30271, 4367.18
30279, 4368.21
30287, 4368.21
30295, 4364.62
30304, 4358.97
30310, 4363.59
30318, 4351.28
30327, 4325.13
30335, 4333.85
30342, 4363.08, estimuli
30351, 4370.26
30357, 4362.56
30365, 4361.03
30373, 4361.03
30381, 4363.59
30389, 4370.77
30396, 4370.26
30404, 4369.23
30412, 4379.49
30420, 4386.67
30428, 4387.18
30436, 4394.36
30444, 4394.36
30451, 4385.13
30459, 4383.59
30467, 4390.26
30475, 4396.92
30483, 4394.87
30490, 4393.85
30498, 4396.92
30506, 4397.95
30514, 4394.87
30522, 4392.82
30529, 4404.1
30537, 4412.82
30545, 4405.64
30553, 4400.51
30561, 4406.15
30569, 4410.26
30576, 4405.13
30584, 4411.28
30592, 4420
30600, 4404.1
30608, 4394.36
30615, 4407.69
30623, 4411.28
30631, 4406.67
30639, 4406.67
30647, 4404.1
30655, 4405.64
30662, 4407.18
30670, 4393.33
30678, 4376.41
30686, 4378.46
30694, 4391.28
30701, 4388.72
30709, 4379.49
30717, 4381.03
30725, 4381.03
30734, 4374.87
30741, 4369.74
30749, 4371.28
30756, 4369.23
30764, 4365.13
30772, 4370.26
30780, 4369.23
30787, 4368.21
30795, 4372.31
30803, 4369.23
30811, 4362.56
30819, 4360
30827, 4360.51
30834, 4363.08
30842, 4367.18
30850, 4369.74
30858, 4365.64
30866, 4363.59
30873, 4366.67
30881, 4368.21
30889, 4370.26
30897, 4367.18
30906, 4358.46
30913, 4356.41
30921, 4360.51
30928, 4367.18
30936, 4362.56
30945, 4363.59
30952, 4397.95
30959, 4415.9
30967, 4368.21
30975, 4304.62
30983, 4285.13
30991, 4310.26
31000, 4355.9
31006, 4414.87
31014, 4450.77
31022, 4423.08
31030, 4360
31038, 4304.1
31046, 4278.97
31053, 4302.05
31061, 4360.51
31069, 4417.95
31077, 4441.54
31085, 4422.56
31092, 4370.77
31100, 4306.67
31108, 4277.44
31116, 4307.69
31125, 4365.64
31133, 4417.44
31139, 4441.03
31147, 4425.13
31156, 4370.26
31164, 4304.1
31172, 4278.97
31178, 4299.49
31186, 4345.64
31194, 4401.03
31202, 4432.31
31210, 4415.9
31218, 4358.97
31225, 4298.46
31233, 4278.46
31241, 4301.54
31250, 4348.72
31257, 4405.13
31265, 4436.92
31272, 4414.36
31280, 4351.28
31288, 4292.82
31296, 4271.28
31304, 4295.9
31311, 4353.85
31319, 4410.77
31328, 4440.51
31335, 4416.41
31343, 4351.79
31351, 4295.9
31358, 4274.36
31366, 4301.03
31375, 4362.56
31383, 4411.79
31390, 4431.28
31397, 4416.92
31405, 4360
31413, 4295.38
31421, 4269.23
31429, 4290.77
31438, 4343.08
31444, 4405.64
31452, 4442.05
31460, 4412.82
31469, 4348.21
31476, 4293.85
31483, 4268.21
31491, 4289.74
31500, 4350.77
31507, 4414.36
31516, 4436.92
31523, 4408.72
31530, 4357.95
31538, 4300
31546, 4271.79
31554, 4300
31562, 4356.41
31569, 4408.72
31577, 4434.36
31587, 4414.36
31593, 4356.41
31601, 4292.82
31609, 4273.33
31621, 4304.62
31624, 4354.87
31633, 4410.26
31640, 4436.41
31649, 4414.36
31655, 4361.03
31663, 4302.05
31671, 4277.44
31679, 4302.56
31687, 4356.92
31695, 4410.26
31702, 4434.87
31710, 4415.38
31718, 4360
31726, 4301.03
31734, 4273.33
31741, 4298.46
31750, 4358.97
31757, 4411.79
31765, 4432.31
31773, 4412.82
31781, 4351.79
31788, 4289.74
31796, 4271.28
31805, 4298.97
31812, 4356.41
31820, 4412.31
31828, 4434.87
31835, 4409.74
31844, 4353.85
31851, 4298.97
31859, 4272.31
31867, 4302.05
31874, 4369.23
31882, 4420
31890, 4432.31
31898, 4407.69
31906, 4355.9
31914, 4297.95
31921, 4268.21
31929, 4294.36
31937, 4360.51
31945, 4408.21
31953, 4399.49
31960, 4362.05
31968, 4352.31
31976, 4362.56
31984, 4359.49
31992, 4353.85
32000, 4353.85
32008, 4356.41
32015, 4355.9
32023, 4351.79
32031, 4356.41
32039, 4354.87
32046, 4351.79
32054, 4356.41
32062, 4354.36
32070, 4356.92
32078, 4366.15
32086, 4360.51
32094, 4349.23
32101, 4352.82
32109, 4366.15
32117, 4362.56
32125, 4348.21
32132, 4354.87
32140, 4367.18
32148, 4362.56
32156, 4354.87
32164, 4359.49
32172, 4363.59
32179, 4354.87
32187, 4352.82
32195, 4353.85
32203, 4352.31
32211, 4355.9
32219, 4355.38
32227, 4354.36
32235, 4355.38
32242, 4352.82
32250, 4355.9
32258, 4355.38
32265, 4352.82
32273, 4360.51
32282, 4362.05
32289, 4355.38
32298, 4357.44
32304, 4363.59
32312, 4359.49
32320, 4350.77
32328, 4355.9
32336, 4360.51
32345, 4356.41
32351, 4355.38
32359, 4354.36
32368, 4357.95
32375, 4366.15
32383, 4360
32391, 4351.28
32398, 4354.36
32407, 4359.49
32414, 4358.97
32422, 4353.85
32430, 4348.72
32438, 4352.31
32446, 4359.49
32453, 4355.9
32461, 4348.21
32469, 4357.95
32477, 4365.13
32484, 4356.41
32492, 4352.31
32500, 4355.9
32508, 4365.13
32517, 4368.72
32523, 4358.97
32531, 4355.38
32539, 4353.33
32547, 4352.82
32555, 4359.49
32563, 4358.97
32570, 4350.77
32579, 4350.26
32586, 4356.41
32594, 4357.44
32602, 4356.92
32609, 4364.1
32617, 4360.51
32625, 4352.31
32633, 4353.85
32642, 4358.46
32650, 4367.18
32657, 4371.79
32664, 4362.56
32673, 4354.36
32680, 4352.82
32688, 4360.51
32695, 4365.13
32704, 4362.56
32711, 4367.18
32719, 4371.28
32727, 4364.62
32736, 4352.82
32742, 4351.28
32751, 4359.49
32758, 4359.49
32766, 4359.49
32774, 4362.56
32783, 4361.03
32789, 4360.51
32798, 4360.51
32805, 4355.38
32813, 4355.9
32821, 4358.97
32828, 4355.38
32837, 4351.79
32844, 4359.49
32852, 4367.18
32860, 4357.95
32869, 4352.82
32875, 4360.51
32883, 4360
32891, 4356.92
32900, 4360
32907, 4365.13
32914, 4360.51
32922, 4350.26
32930, 4357.44
32938, 4364.62
32946, 4357.44
32954, 4349.23
32961, 4348.21
32969, 4353.85
32977, 4354.87
32985, 4352.31
32993, 4357.44
33000, 4362.05
33009, 4363.59
33016, 4363.08
33024, 4358.46
33033, 4355.9
33040, 4357.95
33047, 4364.1
33055, 4364.62
33064, 4360
33071, 4359.49
33079, 4356.92
33086, 4357.44
33094, 4361.03
33102, 4358.97
33110, 4357.44
33118, 4356.92
33126, 4355.38
33133, 4359.49
33141, 4362.56
33149, 4354.87
33157, 4351.79
33165, 4368.72
33173, 4368.21
33180, 4345.13
33188, 4344.62
33196, 4356.41
33205, 4357.44
33212, 4360
33220, 4358.97
33229, 4356.92
33236, 4362.56
33243, 4361.03
33252, 4356.92
33258, 4357.95
33266, 4362.56
33274, 4363.59
33283, 4362.56
33290, 4367.18
33298, 4362.05
33305, 4354.87
33313, 4361.54
33321, 4360.51
33329, 4357.95
33337, 4363.08
33345, 4365.64
33352, 4359.49
33360, 4352.31
33368, 4355.38
33376, 4357.44
33384, 4354.87
33391, 4357.95
33399, 4364.1
33407, 4367.18
33415, 4363.59
33423, 4362.56
33431, 4362.05
33439, 4353.33
33446, 4356.41
33454, 4370.26
33462, 4363.59
33470, 4349.23
33477, 4349.74
33485, 4358.97
33494, 4365.13
33501, 4358.46
33509, 4357.44
33517, 4362.56
33524, 4358.97
33532, 4361.03
33540, 4368.72
33548, 4364.62
33556, 4358.97
33563, 4365.64
33571, 4362.05
33579, 4352.82
33587, 4364.62
33595, 4372.31
33603, 4363.08
33610, 4365.64
33618, 4367.18
33626, 4360.51
33634, 4359.49
33642, 4359.49
33650, 4361.03
33657, 4360
33665, 4360.51
33673, 4368.72
33681, 4350.77
33689, 4315.9
33696, 4319.49
33704, 4355.9
33712, 4372.31
33720, 4357.95
33729, 4339.49
33735, 4334.87
33743, 4344.1
33751, 4352.31, estimuli
33759, 4349.23
33767, 4356.92
33775, 4363.59
33783, 4367.18
33790, 4382.56
33798, 4376.92
33806, 4363.08
33814, 4375.9
33821, 4383.59
33829, 4374.36
33837, 4375.38
33845, 4388.21
33853, 4388.72
33861, 4381.54
33869, 4386.15
33876, 4389.23
33885, 4387.69
33892, 4390.77
33900, 4390.77
33907, 4391.28
33916, 4394.87
33923, 4395.38
33931, 4396.41
33939, 4396.41
33947, 4396.92
33955, 4396.41
33962, 4396.92
33970, 4402.56
33978, 4406.15
33986, 4410.26
33994, 4407.69
34001, 4397.44
34009, 4398.97
34017, 4402.56
34025, 4399.49
34033, 4398.46
34040, 4395.38
34048, 4396.92
34056, 4396.92
34064, 4387.18
34072, 4383.59
34080, 4387.18
34087, 4388.21
34096, 4382.56
34103, 4378.97
34111, 4386.15
34120, 4390.26
34126, 4384.1
34134, 4377.95
34143, 4382.05
34151, 4387.18
34158, 4380.51
34166, 4379.49
34173, 4385.64
34181, 4380
34189, 4374.87
34197, 4377.44
34205, 4376.92
34212, 4368.72
34220, 4361.54
34228, 4370.26
34236, 4378.46
34244, 4375.9
34252, 4370.77
34259, 4366.15
34268, 4376.41
34275, 4383.08
34283, 4373.33
34291, 4372.82
34298, 4378.97
34306, 4379.49
34314, 4374.36
34323, 4371.79
34331, 4379.49
34338, 4385.64
34346, 4375.38
34354, 4367.18
34362, 4399.49
34369, 4431.79
34377, 4390.77
34385, 4318.46
34392, 4295.9
34401, 4318.97
34409, 4366.67
34416, 4425.13
34424, 4457.44
34431, 4437.95
34439, 4378.97
34447, 4321.54
34455, 4292.31
34463, 4309.23
34470, 4364.1
34478, 4422.05
34486, 4460.51
34494, 4446.67
34502, 4380.51
34510, 4317.95
34517, 4291.79
34525, 4309.23
34533, 4365.64
34542, 4424.62
34549, 4456.41
34557, 4441.54
34564, 4385.13
34573, 4318.97
34580, 4287.18
34589, 4313.85
34596, 4363.59
34603, 4414.36
34611, 4455.9
34619, 4443.59
34627, 4385.64
34635, 4329.74
34643, 4295.9
34651, 4301.54
34658, 4353.85
34666, 4425.64
34674, 4456.41
34682, 4433.33
34689, 4386.67
34697, 4324.62
34705, 4282.56
34713, 4304.1
34721, 4365.64
34729, 4425.64
34736, 4453.85
34744, 4440.51
34752, 4384.1
34760, 4316.41
34769, 4289.23
34775, 4308.72
34783, 4360
34791, 4426.67
34800, 4460.51
34808, 4440
34816, 4382.56
34822, 4322.05
34830, 4288.72
34839, 4305.64
34847, 4368.72
34854, 4429.74
34861, 4449.74
34869, 4431.28
34877, 4380
34885, 4316.92
34893, 4284.1
34901, 4304.62
34908, 4366.67
34916, 4423.59
34924, 4448.21
34932, 4437.95
34940, 4385.64
34947, 4319.49
34955, 4287.18
34963, 4309.23
34971, 4364.62
34980, 4418.97
34988, 4455.9
34994, 4443.59
35002, 4382.56
35010, 4319.49
35018, 4290.77
35026, 4313.33
35034, 4364.62
35041, 4417.95
35049, 4458.97
35057, 4447.69
35065, 4381.03
35073, 4313.85
35080, 4283.08
35088, 4302.56
35097, 4358.97
35104, 4420.51
35112, 4453.85
35121, 4438.46
35127, 4383.59
35136, 4314.87
35143, 4285.13
35151, 4315.38
35159, 4368.72
35166, 4425.64
35174, 4456.92
35183, 4435.9
35191, 4376.92
35198, 4313.33
35206, 4288.21
35213, 4311.79
35221, 4362.05
35229, 4424.1
35237, 4456.41
35245, 4432.82
35252, 4377.95
35260, 4323.59
35268, 4289.74
35276, 4299.49
35284, 4355.9
35292, 4418.97
35299, 4450.77
35307, 4440.51
35315, 4378.46
35323, 4312.31
35331, 4292.31
35338, 4304.62
35346, 4355.9
35354, 4418.97
35362, 4417.44
35370, 4375.38
35378, 4360.51
35385, 4370.26
35393, 4370.26
35401, 4365.13
35409, 4371.28
35418, 4372.31
35425, 4369.23
35432, 4363.59
35440, 4361.03
35449, 4367.18
35456, 4369.74
35464, 4374.87
35471, 4381.03
35480, 4371.79
35487, 4363.08
35495, 4363.59
35504, 4370.26
35511, 4376.92
35518, 4370.26
35526, 4367.18
35534, 4373.33
35542, 4373.85
35550, 4368.21
35557, 4364.1
35565, 4368.72
35573, 4370.77
35582, 4367.18
35589, 4371.28
35598, 4373.33
35604, 4368.72
35612, 4367.18
35620, 4374.36
35629, 4377.44
35637, 4364.1
35643, 4362.05
35651, 4376.41
35659, 4375.9
35668, 4376.92
35676, 4383.59
35683, 4375.9
35691, 4361.54
35699, 4362.05
35706, 4376.92
35714, 4380
35722, 4377.95
35731, 4382.56
35737, 4382.56
35745, 4378.97
35754, 4378.97
35762, 4376.92
35769, 4380.51
35776, 4385.13
35784, 4381.54
35792, 4374.36
35800, 4371.28
35808, 4373.85
35816, 4374.36
35823, 4377.95
35832, 4381.54
35840, 4374.87
35847, 4374.87
35855, 4374.87
35862, 4370.77
35870, 4372.31
35878, 4373.33
35886, 4382.56
35894, 4387.18
35902, 4375.9
35909, 4371.28
35917, 4370.77
35925, 4368.21
35933, 4371.79
35941, 4383.08
35949, 4386.67
35956, 4378.46
35964, 4381.54
35972, 4385.64
35980, 4377.44
35989, 4375.38
35995, 4376.41
36003, 4377.44
36011, 4381.54
36019, 4378.97
36027, 4374.36
36034, 4371.79
36043, 4372.31
36050, 4374.87
36058, 4371.79
36066, 4373.33
36075, 4373.33
36081, 4368.72
36089, 4373.33
36097, 4376.92
36105, 4378.46
36113, 4377.44
36120, 4371.28
36128, 4368.72
36136, 4371.79
36144, 4375.38
36152, 4376.41
36160, 4377.44
36167, 4381.54
36175, 4376.92
36183, 4372.82
36191, 4375.9
36200, 4373.33
36206, 4372.82
36214, 4373.85
36223, 4373.33
36231, 4376.41
36238, 4378.46
36246, 4376.92
36253, 4376.41
36261, 4380
36269, 4379.49
36277, 4373.33
36285, 4376.92
36292, 4377.95
36300, 4371.79
36308, 4373.85
36316, 4375.38
36324, 4375.38
36332, 4374.36
36339, 4371.79
36347, 4374.87
36355, 4370.26
36363, 4364.62
36371, 4371.28
36379, 4371.28
36386, 4367.69
36395, 4369.74
36402, 4371.28
36410, 4371.28
36419, 4370.26
36425, 4370.26
36433, 4367.69
36441, 4366.67
36449, 4367.18
36457, 4367.69
36465, 4369.74
36472, 4362.56
36480, 4358.46
36488, 4369.74
36496, 4367.18
36505, 4362.05
36511, 4372.82
36519, 4375.9
36527, 4368.21
36535, 4360
36543, 4357.44
36551, 4365.64
36558, 4368.72
36566, 4364.1
36574, 4361.54
36582, 4367.18
36590, 4368.72
36597, 4362.56
36605, 4366.15
36613, 4370.26
36621, 4366.15
36629, 4362.05
36637, 4362.05
36644, 4371.79
36652, 4377.95
36660, 4368.72
36669, 4358.46
36676, 4356.41
36683, 4360.51
36691, 4364.1
36700, 4363.59
36707, 4366.67
36715, 4362.05
36723, 4359.49
36730, 4371.28
36738, 4373.85
36746, 4366.67
36754, 4356.41
36763, 4354.36
36769, 4363.08
36777, 4366.15
36785, 4365.64
36793, 4366.15
36801, 4369.74
36809, 4371.79
36816, 4363.08
36824, 4360
36832, 4364.62
36840, 4364.62
36848, 4366.67
36855, 4366.67
36863, 4367.69
36871, 4372.31
36879, 4365.64
36888, 4361.54
36895, 4367.18
36903, 4367.18
36910, 4360
36919, 4363.08
36926, 4371.79
36934, 4362.05
36942, 4361.54
36950, 4376.92
36957, 4369.74
36965, 4356.92
36973, 4360.51
36981, 4368.21
36989, 4367.18
36996, 4361.03
37004, 4362.56
37012, 4365.13
37020, 4366.67
37028, 4369.23
37035, 4363.08
37043, 4362.05
37051, 4369.74
37059, 4369.74
37067, 4367.18
37074, 4365.64
37082, 4367.18
37090, 4368.72
37099, 4365.13
37107, 4367.69
37114, 4374.87
37121, 4376.92
37129, 4365.64
37137, 4356.41
37145, 4368.72
37153, 4376.41
37160, 4369.23
37169, 4367.18
37176, 4363.08
37184, 4358.97
37192, 4352.31
37200, 4335.38
37207, 4337.95
37215, 4364.62
37223, 4377.95
37231, 4364.62
37239, 4356.41
37246, 4369.23
37254, 4372.31
37262, 4360
37270, 4350.26
37278, 4355.38
37286, 4375.9
37294, 4386.15
37301, 4379.49
37309, 4378.46
37317, 4382.56
37325, 4389.23
37333, 4385.64
37340, 4376.41
37348, 4374.87
37357, 4377.44
37364, 4391.79
37372, 4403.59
37379, 4396.41
37387, 4387.69
37395, 4387.18
37403, 4395.9
37411, 4403.08
37419, 4407.18
37426, 4415.38
37434, 4414.36
37442, 4407.69
37450, 4408.21
37458, 4406.67
37465, 4402.56
37473, 4400
37481, 4403.59
37489, 4401.54
37497, 4391.28
37504, 4390.77
37513, 4392.82
37520, 4393.85
37529, 4401.03
37536, 4401.03
37544, 4396.41
37551, 4390.77
37559, 4377.44
37567, 4375.9
37575, 4385.64
37584, 4376.41
37591, 4362.05
37598, 4369.74
37607, 4381.54
37615, 4370.26
37623, 4363.59
37630, 4364.62
37638, 4360
37645, 4362.05
37653, 4360
37661, 4365.13
37670, 4377.44
37677, 4361.54
37684, 4347.18
37692, 4355.38, estimuli
37700, 4359.49
37708, 4355.9
37717, 4356.92
37723, 4362.56
37732, 4360.51
37739, 4357.44
37747, 4363.59
37756, 4363.59
37763, 4356.41
37770, 4356.41
37778, 4367.69
37787, 4368.21
37794, 4349.23
37802, 4345.13
37809, 4354.87
37817, 4351.79
37826, 4354.36
37833, 4359.49
37841, 4355.38
37849, 4353.33
37856, 4357.95
37864, 4358.97
37873, 4351.79
37880, 4353.33
37888, 4360
37896, 4352.31
37903, 4354.87
37911, 4363.59
37920, 4356.41
37928, 4352.31
37935, 4355.38
37942, 4354.87
37951, 4352.82
37958, 4357.44
37967, 4367.18
37974, 4363.59
37982, 4357.95
37989, 4365.64
37997, 4372.31
38005, 4364.62
38013, 4349.74
38021, 4351.28
38028, 4362.05
38036, 4357.95
38045, 4356.92
38052, 4363.08
38060, 4366.15
38068, 4365.64
38075, 4360.51
38083, 4360
38091, 4361.54
38099, 4359.49
38107, 4359.49
38114, 4361.03
38122, 4363.59
38130, 4356.92
38139, 4352.31
38146, 4362.56
38155, 4361.54
38161, 4358.97
38169, 4369.23
38177, 4365.13
38186, 4351.28
38193, 4355.38
38201, 4371.28
38208, 4370.26
38216, 4357.95
38224, 4364.1
38232, 4372.31
38240, 4362.56
38247, 4353.85
38255, 4356.41
38263, 4360.51
38271, 4355.9
38280, 4357.44
38287, 4361.03
38294, 4364.62
38303, 4397.95
38310, 4420
38318, 4373.33
38326, 4309.74
38334, 4286.15
38342, 4304.62
38349, 4356.41
38358, 4418.46
38366, 4446.15
38372, 4418.46
38380, 4365.64
38389, 4312.31
38396, 4282.05
38404, 4310.26
38412, 4366.67
38420, 4409.23
38427, 4435.9
38435, 4420
38443, 4361.54
38452, 4304.62
38459, 4286.67
38466, 4313.85
38474, 4361.03
38483, 4418.46
38490, 4454.87
38498, 4429.74
38505, 4358.46
38513, 4292.82
38521, 4277.95
38529, 4312.31
38537, 4365.13
38546, 4418.46
38552, 4448.21
38560, 4434.36
38568, 4370.26
38576, 4300
38584, 4287.69
38591, 4315.38
38599, 4358.46
38607, 4418.97
38615, 4450.77
38623, 4425.13
38631, 4363.59
38639, 4299.49
38646, 4273.85
38654, 4304.1
38662, 4364.62
38670, 4414.87
38677, 4438.46
38685, 4425.13
38693, 4369.23
38701, 4307.18
38709, 4280
38717, 4301.03
38724, 4359.49
38733, 4416.41
38741, 4445.64
38748, 4428.72
38756, 4364.1
38763, 4302.56
38771, 4281.54
38779, 4305.13
38788, 4361.03
38795, 4416.92
38803, 4446.67
38810, 4430.77
38818, 4368.72
38826, 4302.05
38834, 4275.9
38842, 4304.1
38850, 4357.44
38857, 4414.87
38865, 4450.26
38873, 4424.62
38881, 4361.54
38890, 4305.64
38896, 4283.08
38904, 4308.72
38912, 4359.49
38921, 4414.87
38928, 4445.13
38936, 4420
38943, 4358.97
38952, 4296.92
38959, 4280
38967, 4315.9
38975, 4363.59
38983, 4417.44
38990, 4452.31
38998, 4423.59
39006, 4354.36
39014, 4302.56
39022, 4289.74
39029, 4307.69
39037, 4353.85
39052, 4418.46
39053, 4447.18
39061, 4419.49
39068, 4360.51
39076, 4303.59
39085, 4283.08
39092, 4305.13
39100, 4361.54
39108, 4422.05
39115, 4444.62
39123, 4423.59
39131, 4365.64
39139, 4299.49
39147, 4275.9
39154, 4308.72
39163, 4372.31
39171, 4427.69
39178, 4447.18
39186, 4420.51
39194, 4357.95
39202, 4304.1
39209, 4283.08
39218, 4304.1
39225, 4365.64
39234, 4431.28
39240, 4452.82
39248, 4415.9
39257, 4357.44
39265, 4312.82
39272, 4280.51
39280, 4293.33
39287, 4364.1
39295, 4420
39304, 4409.23
39311, 4368.72
39319, 4363.59
39326, 4382.56
39335, 4369.23
39343, 4350.77
39350, 4354.36
39358, 4365.13
39367, 4370.77
39374, 4363.59
39381, 4361.03
39390, 4369.74
39397, 4369.23
39405, 4360
39413, 4355.9
39421, 4361.03
39428, 4366.15
39436, 4368.21
39444, 4371.28
39453, 4367.18
39459, 4362.56
39467, 4363.59
39475, 4364.62
39483, 4365.64
39491, 4362.05
39499, 4362.05
39506, 4366.67
39514, 4365.13
39522, 4365.64
39530, 4363.08
39538, 4360.51
39545, 4364.1
39553, 4359.49
39561, 4355.38
39570, 4360
39578, 4365.64
39585, 4367.69
39592, 4361.54
39601, 4358.46
39608, 4362.05
39616, 4369.74
39624, 4370.26
39631, 4356.92
39640, 4362.05
39647, 4379.49
39655, 4367.18
39663, 4350.77
39672, 4355.38
39678, 4364.62
39686, 4365.64
39694, 4360
39703, 4359.49
39710, 4360
39717, 4357.95
39725, 4361.54
39734, 4365.13
39741, 4365.64
39750, 4362.56
39757, 4361.54
39764, 4364.62
39772, 4364.1
39780, 4363.59
39788, 4362.56
39797, 4362.05
39804, 4367.18
39811, 4362.56
39819, 4359.49
39827, 4365.64
39835, 4365.13
39843, 4358.46
39850, 4356.92
39858, 4368.21
39866, 4375.38
39874, 4357.95
39882, 4348.72
39890, 4358.97
39897, 4363.59
39906, 4360
39913, 4360.51
39921, 4370.26
39929, 4368.21
39936, 4358.46
39944, 4363.08
39952, 4367.69
39960, 4369.74
39968, 4368.72
39976, 4361.03
39984, 4362.05
39991, 4368.72
39999, 4367.18
40008, 4361.54
40015, 4365.64
40023, 4370.26
40030, 4358.46
40039, 4353.33
40046, 4365.13
40054, 4368.21
40062, 4363.08
40069, 4361.54
40077, 4368.72
40086, 4374.87
40093, 4361.03
40101, 4349.74
40108, 4362.05
40117, 4374.87
40124, 4372.31
40132, 4360
40140, 4361.54
40148, 4370.77
40155, 4369.74
40163, 4367.69
40172, 4368.21
40180, 4367.18
40188, 4357.95
40194, 4353.85
40203, 4364.1
40210, 4361.54
40219, 4360.51
40227, 4372.31
40234, 4368.72
40241, 4361.54
40249, 4364.62
40258, 4363.08
40265, 4362.56
40273, 4367.69
40280, 4369.23
40289, 4366.15
40296, 4372.31
40304, 4372.82
40312, 4354.36
40320, 4350.26
40327, 4368.72
40335, 4373.85
40343, 4363.08
40351, 4356.92
40360, 4364.62
40366, 4369.23
40374, 4361.03
40382, 4358.97
40390, 4362.56
40398, 4364.62
40406, 4368.72
40413, 4366.67
40422, 4367.18
40429, 4369.74
40438, 4364.62
40446, 4360.51
40453, 4365.64
40460, 4370.26
40468, 4363.59
40476, 4360.51
40484, 4369.23
40492, 4367.69
40500, 4365.13
40507, 4370.26
40515, 4372.31
40523, 4371.79
40531, 4366.15
40539, 4361.03
40546, 4364.62
40554, 4363.59
40562, 4358.46
40570, 4357.44
40579, 4365.64
40585, 4367.18
40593, 4359.49
40601, 4362.05
40609, 4366.15
40618, 4367.69
40625, 4366.15
40633, 4354.87
40640, 4357.95
40648, 4367.18
40656, 4365.64
40664, 4367.69
40671, 4370.77
40679, 4368.21
40687, 4361.03
40695, 4352.82
40704, 4355.9
40711, 4365.13
40718, 4368.72
40726, 4366.67
40735, 4364.1
40742, 4361.03
40750, 4355.9
40757, 4357.44
40765, 4362.05
40773, 4358.97
40781, 4361.03
40789, 4362.56
40797, 4359.49
40804, 4361.03
40812, 4358.97
40820, 4360
40829, 4361.03
40836, 4359.49
40844, 4360.51
40851, 4357.44
40860, 4359.49
40868, 4364.1
40876, 4363.08
40883, 4361.54
40891, 4357.95
40898, 4361.54
40906, 4367.69
40914, 4361.03
40923, 4357.95
40929, 4368.72
40937, 4375.38
40945, 4364.1
40954, 4353.33
40961, 4360.51
40970, 4361.03
40976, 4355.38
40985, 4361.03
40993, 4359.49
41000, 4356.41
41008, 4360.51
41016, 4362.05
41023, 4362.05
41031, 4360
41040, 4361.03
41047, 4361.54
41055, 4359.49
41064, 4361.03
41070, 4357.95
41078, 4359.49
41086, 4363.59
41094, 4360.51
41103, 4357.95
41111, 4359.49
41117, 4368.21
41125, 4369.74
41133, 4362.05
41141, 4370.26
41149, 4372.82
41156, 4360
41164, 4361.54
41173, 4366.15
41180, 4358.97
41188, 4355.38
41196, 4359.49
41203, 4364.1
41211, 4360.51
41219, 4357.95
41227, 4358.97
41235, 4362.05
41242, 4372.31
41250, 4370.77
41258, 4361.54
41267, 4360.51
41275, 4361.54
41283, 4362.56
41289, 4358.97
41297, 4359.49
41305, 4362.05
41313, 4361.54
41321, 4365.13
41328, 4362.56
41336, 4361.54
41344, 4370.26
41353, 4358.97
41360, 4327.18
41368, 4324.1
41375, 4355.38
41384, 4372.31
41391, 4358.46
41399, 4351.28
41407, 4355.38
41414, 4355.9
41422, 4362.05
41430, 4357.44
41438, 4352.82
41446, 4361.54
41454, 4361.03
41461, 4351.28
41469, 4347.18
41478, 4357.44
41485, 4366.15
41493, 4367.69
41500, 4368.21
41508, 4366.67
41517, 4370.26
41524, 4376.92
41532, 4377.44
41540, 4382.56
41547, 4393.85
41555, 4396.92
41563, 4387.18
41572, 4375.9
41579, 4381.03
41586, 4384.62
41594, 4379.49
41602, 4383.08
41611, 4387.18
41618, 4390.77
41626, 4393.85
41633, 4395.38
41641, 4404.62
41649, 4404.62
41657, 4398.97
41665, 4404.62
41672, 4405.13
41680, 4397.95
41688, 4392.82
41696, 4394.87
41704, 4398.97
41712, 4392.31
41719, 4384.1
41727, 4380.51
41735, 4378.97
41743, 4377.95
41751, 4370.26
41759, 4368.21
41766, 4376.41
41774, 4376.41
41782, 4364.1
41790, 4354.36
41798, 4363.59
41805, 4368.21
41813, 4358.46
41821, 4358.97
41830, 4361.54
41838, 4358.97
41844, 4355.9
41852, 4354.87
41860, 4362.05
41868, 4361.54
41876, 4357.44
41884, 4361.03
41891, 4364.1
41900, 4364.1
41908, 4359.49
41915, 4354.87
41924, 4357.44
41931, 4355.9
41938, 4353.33
41946, 4354.36
41954, 4353.85
41962, 4356.41
41970, 4360
41977, 4364.1
41986, 4361.54
41993, 4353.85
42001, 4357.95
42009, 4362.56
42017, 4364.1
42024, 4364.1
42032, 4358.46
42040, 4360.51
42048, 4363.08
42056, 4356.41
42063, 4350.26
42071, 4352.82
42079, 4357.95
42088, 4354.87
42095, 4352.31
42104, 4354.87
42110, 4358.46
42119, 4364.62
42127, 4356.41
42135, 4343.59
42143, 4353.85
42150, 4367.18
42157, 4365.64
42165, 4362.56
42173, 4362.56
42181, 4366.67
42189, 4361.03
42196, 4350.26
42205, 4353.85
42212, 4360
42220, 4354.36
42228, 4344.62
42237, 4351.79
42243, 4363.08
42251, 4353.85
42259, 4349.23
42267, 4355.9
42275, 4357.95
42282, 4356.92
42291, 4354.36
42299, 4355.9
42307, 4355.9
42314, 4352.31
42321, 4357.95
42330, 4363.08
42337, 4360
42345, 4355.9
42353, 4354.87
42362, 4357.95
42368, 4357.44
42376, 4355.9
42384, 4354.87
42392, 4359.49
42400, 4370.77
42408, 4362.56
42415, 4347.18
42423, 4347.18
42431, 4348.72
42439, 4350.26
42447, 4351.79
42454, 4354.36
42462, 4358.97
42470, 4353.85
42478, 4352.82
42486, 4358.97
42494, 4357.95
42501, 4352.82
42509, 4351.28
42517, 4354.36
42525, 4352.31
42533, 4353.85
42540, 4364.1
42548, 4361.03
42556, 4353.85
42564, 4353.33
42572, 4351.79
42580, 4355.9
42587, 4353.85
42595, 4347.69
42604, 4353.85
42611, 4346.15
42619, 4326.67
42626, 4330.77
42634, 4346.67, estimuli
42642, 4349.74
42650, 4343.59
42658, 4343.59
42666, 4345.13
42673, 4350.26
42681, 4358.97
42689, 4356.92
42697, 4362.05
42705, 4370.77
42712, 4373.85
42721, 4384.1
42728, 4389.23
42736, 4390.77
42744, 4392.82
42752, 4391.79
42760, 4394.36
42768, 4396.92
42775, 4396.41
42784, 4395.9
42791, 4396.41
42798, 4400
42806, 4400.51
42814, 4403.08
42822, 4413.33
42830, 4406.67
42838, 4380
42845, 4360.51
42853, 4363.59
42861, 4374.87
42869, 4381.03
42877, 4393.33
42884, 4400
42892, 4393.85
42900, 4395.9
42908, 4396.92
42916, 4393.33
42924, 4390.26
42931, 4380.51
42939, 4374.36
42947, 4373.85
42955, 4373.85
42963, 4369.23
42970, 4365.13
42978, 4371.28
42986, 4369.74
42994, 4362.05
43002, 4364.62
43010, 4366.15
43017, 4364.1
43025, 4361.03
43033, 4360.51
43041, 4368.21
43049, 4359.49
43057, 4345.64
43064, 4351.28
43072, 4355.38
43080, 4346.15
43088, 4342.56
43097, 4349.74
43104, 4348.21
43111, 4347.69
43119, 4357.44
43127, 4348.72
43135, 4338.97
43143, 4352.82
43150, 4360.51
43158, 4347.69
43166, 4339.49
43175, 4344.1
43183, 4347.69
43190, 4344.1
43197, 4343.08
43205, 4342.05
43213, 4346.67
43221, 4355.9
43229, 4347.69
43236, 4355.38
43244, 4394.87
43252, 4404.62
43260, 4355.9
43268, 4286.15
43275, 4259.49
43283, 4291.79
43291, 4349.23
43299, 4402.05
43307, 4425.64
43315, 4405.13
43322, 4350.26
43330, 4288.72
43338, 4265.64
43346, 4291.28
43354, 4348.21
43362, 4409.23
43369, 4433.85
43377, 4409.74
43385, 4353.85
43393, 4298.46
43402, 4272.31
43409, 4291.28
43417, 4353.33
43424, 4412.31
43432, 4431.79
43440, 4409.74
43448, 4351.28
43455, 4288.21
43463, 4265.13
43471, 4295.9
43480, 4359.49
43487, 4407.69
43494, 4426.15
43502, 4411.28
43510, 4354.87
43519, 4293.33
43526, 4269.74
43534, 4297.44
43541, 4355.9
43550, 4410.77
43557, 4435.9
43565, 4411.28
43573, 4347.18
43580, 4288.21
43588, 4270.26
43596, 4297.95
43605, 4347.69
43612, 4406.67
43620, 4449.23
43627, 4424.1
43635, 4355.9
43643, 4306.15
43656, 4286.15
43659, 4307.18
43666, 4364.62
43674, 4427.69
43682, 4457.44
43691, 4428.72
43698, 4363.08
43706, 4297.95
43713, 4273.33
43722, 4305.64
43729, 4361.54
43737, 4420.51
43745, 4450.77
43752, 4424.1
43760, 4363.08
43769, 4304.1
43776, 4280.51
43785, 4306.15
43793, 4365.64
43799, 4427.69
43807, 4446.67
43815, 4416.92
43823, 4359.49
43832, 4297.44
43840, 4273.33
43846, 4303.59
43854, 4366.15
43862, 4424.1
43870, 4445.64
43878, 4424.62
43885, 4364.1
43893, 4301.03
43901, 4284.1
43909, 4317.44
43917, 4368.72
43925, 4415.9
43932, 4442.56
43940, 4422.05
43948, 4354.87
43956, 4294.36
43964, 4275.38
43971, 4301.03
43979, 4366.67
43987, 4425.64
43995, 4437.95
44003, 4411.79
44011, 4359.49
44018, 4301.54
44026, 4270.77
44034, 4299.49
44042, 4365.64
44051, 4420
44057, 4437.44
44066, 4409.23
44073, 4358.46
44082, 4310.77
44089, 4281.03
44097, 4300.51
44104, 4360
44112, 4424.62
44120, 4453.85
44128, 4416.92
44136, 4345.13
44143, 4289.74
44151, 4276.92
44159, 4303.59
44168, 4356.41
44175, 4416.92
44183, 4443.59
44191, 4416.41
44198, 4363.08
44206, 4302.56
44214, 4270.77
44222, 4298.46
44229, 4364.1
44237, 4414.36
44245, 4401.54
44253, 4359.49
44261, 4354.36
44270, 4363.08
44277, 4355.38
44285, 4349.23
44292, 4355.9
44300, 4364.1
44308, 4360.51
44315, 4356.41
44323, 4365.64
44331, 4368.72
44339, 4354.36
44347, 4345.64
44356, 4357.44
44362, 4364.62
44371, 4356.92
44378, 4355.9
44387, 4359.49
44394, 4360
44402, 4356.92
44409, 4352.31
44417, 4359.49
44425, 4362.05
44434, 4357.95
44441, 4361.03
44448, 4360.51
44456, 4360
44464, 4361.03
44473, 4355.9
44480, 4355.38
44488, 4359.49
44495, 4362.56
44503, 4356.41
44511, 4352.31
44519, 4362.56
44527, 4363.08
44534, 4361.54
44542, 4370.77
44550, 4369.23
44558, 4354.87
44566, 4346.67
44574, 4351.79
44582, 4357.44
44589, 4354.87
44597, 4355.9
44606, 4356.92
44613, 4355.9
44620, 4356.92
44628, 4352.31
44637, 4352.82
44644, 4357.95
44652, 4358.46
44660, 4365.64
44668, 4364.62
44676, 4349.74
44684, 4344.62
44691, 4353.33
44699, 4356.92
44706, 4352.82
44714, 4356.92
44723, 4357.95
44730, 4352.82
44738, 4362.56
44746, 4370.77
44753, 4363.59
44761, 4355.9
44769, 4351.79
44777, 4353.33
44785, 4352.82
44792, 4355.38
44800, 4360.51
44808, 4356.41
44816, 4356.41
44824, 4357.95
44833, 4355.38
44839, 4357.44
44847, 4357.95
44856, 4360.51
44863, 4364.1
44871, 4362.56
44880, 4358.97
44887, 4356.41
44894, 4360
44903, 4363.08
44910, 4359.49
44918, 4355.9
44926, 4352.82
44933, 4352.82
44942, 4355.9
44949, 4361.03
44957, 4368.72
44964, 4363.08
44972, 4350.26
44980, 4353.33
44989, 4360
44996, 4360.51
45005, 4360
45011, 4363.08
45020, 4363.08
45027, 4352.82
45035, 4350.77
45043, 4358.46
45052, 4359.49
45058, 4360.51
45066, 4360
45074, 4358.97
45083, 4362.05
45090, 4365.13
45098, 4364.1
45106, 4358.97
45113, 4359.49
45122, 4361.54
45129, 4354.36
45137, 4352.31
45144, 4360
45152, 4361.54
45160, 4356.92
45168, 4355.9
45176, 4363.59
45183, 4356.92
45191, 4345.64
45200, 4355.9
45207, 4362.56
45215, 4354.87
45223, 4349.23
45230, 4354.36
45238, 4362.56
45246, 4359.49
45254, 4354.87
45262, 4355.38
45269, 4357.44
45277, 4360.51
45286, 4357.95
45293, 4359.49
45301, 4363.59
45309, 4356.41
45316, 4351.79
45325, 4360.51
45332, 4366.67
45340, 4357.44
45348, 4347.18
45356, 4355.9
45363, 4365.64
45371, 4360.51
45379, 4359.49
45387, 4366.67
45395, 4372.31
45402, 4363.08
45410, 4350.26
45418, 4358.46
45426, 4365.13
45434, 4358.97
45441, 4354.87
45449, 4356.41
45457, 4358.97
45465, 4355.9
45473, 4354.87
45481, 4358.46
45489, 4359.49
45496, 4356.92
45504, 4350.77
45512, 4351.28
45520, 4357.95
45528, 4356.41
45535, 4355.9
45543, 4356.92
45551, 4354.36
45559, 4355.38
45568, 4354.87
45574, 4354.36
45582, 4357.44
45590, 4355.9
45598, 4356.92
45606, 4361.54
45614, 4363.08
45622, 4356.41
45629, 4350.26
45637, 4354.87
45645, 4355.9
45653, 4351.28
45660, 4353.33
45669, 4360
45676, 4362.05
45684, 4351.28
45692, 4348.21
45701, 4362.05
45707, 4360
45715, 4351.79
45724, 4354.36
45731, 4358.46
45739, 4359.49
45746, 4360
45755, 4362.05
45762, 4355.9
45770, 4349.23
45779, 4355.9
45786, 4358.97
45793, 4359.49
45802, 4359.49
45809, 4354.87
45817, 4360.51
45825, 4371.28
45833, 4365.64
45840, 4350.77
45848, 4350.77
45856, 4362.56
45864, 4358.46
45872, 4351.28
45879, 4357.44
45888, 4357.44
45895, 4357.44
45903, 4360.51
45911, 4356.92
45919, 4355.9
45926, 4357.95
45934, 4361.03
45942, 4358.46
45950, 4358.46
45959, 4368.21
45966, 4365.13
45975, 4355.38
45982, 4355.9
45989, 4359.49
45997, 4358.97
46005, 4355.38
46012, 4355.9
46020, 4361.54
46028, 4367.69
46036, 4369.74
46045, 4360.51
46051, 4349.74
46059, 4350.77
46068, 4357.44
46075, 4367.18
46083, 4367.69
46091, 4355.38
46099, 4351.79
46106, 4361.54
46114, 4365.64
46122, 4357.95
46130, 4354.36
46137, 4356.92
46145, 4354.36
46153, 4360
46161, 4366.67
46169, 4362.05
46177, 4361.54
46184, 4362.56
46192, 4362.56
46201, 4362.05
46208, 4355.38
46217, 4356.92
46223, 4357.95
46231, 4356.41
46240, 4363.59
46248, 4362.05
46255, 4356.41
46264, 4358.46
46270, 4361.03
46279, 4362.05
46286, 4361.54
46294, 4361.54
46302, 4361.03
46310, 4360
46318, 4358.97
46326, 4359.49
46334, 4363.08
46342, 4361.03
46349, 4356.92
46356, 4361.03
46364, 4362.05
46372, 4358.46
46380, 4356.41
46389, 4355.9
46395, 4361.54
46403, 4357.95
46412, 4351.79
46420, 4357.44
46427, 4355.38
46435, 4351.79
46442, 4355.9
46451, 4358.97
46458, 4360.51
46466, 4357.44
46474, 4358.46
46482, 4363.08
46489, 4361.54
46498, 4358.97
46505, 4359.49
46513, 4361.54
46521, 4358.97
46528, 4355.38
46536, 4356.41
46544, 4357.44
46552, 4356.92
46560, 4356.41
46568, 4354.87
46575, 4353.33
46584, 4351.28
46591, 4353.33
46600, 4354.36
46607, 4352.82
46615, 4358.97
46622, 4357.44
46630, 4350.26
46638, 4357.44
46646, 4363.08
46654, 4357.95
46661, 4352.82
46669, 4360.51
46677, 4374.87
46685, 4369.23
46693, 4356.41
46702, 4353.33
46708, 4351.28
46717, 4353.85
46724, 4356.92
46732, 4355.9
46740, 4355.9
46748, 4353.85
46755, 4355.38
46763, 4357.95
46771, 4360
46779, 4360.51
46786, 4353.85
46795, 4355.38
46802, 4362.56
46810, 4357.95
46818, 4350.26
46827, 4352.31
46834, 4361.03
46841, 4360.51
46849, 4355.9
46858, 4358.97
46865, 4358.97
46872, 4357.95
46880, 4356.92
46889, 4355.38
46896, 4365.64
46904, 4371.28
46912, 4355.9
46920, 4343.59
46927, 4349.74
46936, 4357.95
46943, 4353.33
46952, 4354.36
46959, 4361.03
46966, 4355.38
46974, 4352.82
46982, 4356.92
46990, 4355.38
46999, 4355.38
47005, 4355.38
47013, 4356.92
47021, 4358.46
47030, 4356.41
47038, 4356.41
47046, 4357.44
47053, 4361.54
47060, 4362.05
47069, 4352.31
47076, 4352.31
47084, 4363.59
47092, 4367.18
47100, 4361.54
47107, 4361.54
47115, 4366.67
47123, 4354.87
47131, 4346.67
47138, 4355.38
47146, 4356.92
47154, 4355.38
47162, 4355.38
47171, 4353.33
47177, 4352.82
47185, 4353.85
47193, 4360
47201, 4362.56
47209, 4356.41
47218, 4356.41
47224, 4357.44
47232, 4358.97
47240, 4362.56
47248, 4360
47256, 4354.36
47264, 4354.87
47271, 4361.54
47279, 4363.08
47287, 4355.38
47296, 4352.31
47303, 4356.92
47310, 4368.72
47318, 4356.92
47326, 4316.41
47334, 4314.87
47343, 4356.92
47349, 4368.21
47358, 4346.67
47365, 4340.51
47373, 4358.46
47381, 4372.82
47390, 4371.28
47396, 4363.59
47404, 4363.59
47412, 4378.46
47421, 4395.9
47428, 4402.05
47436, 4403.08
47444, 4394.36
47452, 4388.72
47459, 4392.82
47468, 4391.79
47475, 4390.77
47482, 4392.31
47490, 4393.33
47498, 4394.36
47506, 4394.87
47514, 4404.62
47522, 4413.33
47529, 4408.21
47538, 4405.64
47545, 4408.21
47553, 4408.72
47561, 4402.05
47568, 4399.49
47576, 4407.18
47584, 4406.15
47592, 4400
47601, 4398.97
47608, 4400
47615, 4404.62
47623, 4401.54
47631, 4391.28
47640, 4383.59
47647, 4376.92
47654, 4371.79
47662, 4373.85
47670, 4380.51
47678, 4378.97
47686, 4367.18
47694, 4367.18
47702, 4373.85
47709, 4368.72
47718, 4368.72
47725, 4379.49
47733, 4378.97
47740, 4362.05
47748, 4354.87
47757, 4365.13
47764, 4367.69
47772, 4365.64
47780, 4363.08
47788, 4355.9
47795, 4361.54
47804, 4371.28
47811, 4367.69
47820, 4365.13
47826, 4372.31
47834, 4373.85
47842, 4360
47850, 4358.97
47858, 4373.33
47867, 4367.18
47874, 4354.36
47881, 4354.36
47889, 4356.92
47897, 4358.46
47905, 4358.97
47912, 4359.49
47920, 4358.46
47928, 4361.03
47936, 4363.59
47944, 4353.33
47953, 4352.31
47959, 4358.46
47967, 4356.92
47975, 4359.49
47984, 4361.54
47991, 4362.05
47999, 4362.56
48007, 4355.9
48015, 4354.87
48022, 4358.97
48030, 4353.85
48038, 4351.28
48045, 4355.9
48053, 4360.51
48061, 4358.97
48069, 4356.41
48077, 4357.95
48086, 4357.44
48092, 4353.85
48101, 4354.87
48109, 4362.05
48117, 4366.15
48124, 4358.97
48131, 4354.87
48139, 4358.97
48147, 4362.05
48155, 4366.15
48163, 4364.1
48171, 4357.95
48178, 4355.38
48186, 4355.9
48194, 4362.05
48203, 4363.08
48210, 4361.03
48217, 4361.54
48225, 4360
48234, 4362.05
48241, 4358.46
48249, 4352.82
48257, 4357.95
48265, 4360
48272, 4358.46
48281, 4358.97
48288, 4357.44
48296, 4355.38
48303, 4351.28
48311, 4354.36
48320, 4360
48327, 4363.59
48335, 4364.1
48343, 4355.38
48350, 4354.36
48358, 4363.59
48366, 4357.44
48374, 4347.18
48382, 4351.28
48389, 4358.46
48397, 4357.95
48405, 4351.79
48413, 4352.31
48422, 4358.97
48429, 4360.51
48436, 4355.38
48444, 4350.77
48453, 4354.87
48460, 4357.44
48468, 4354.36
48475, 4351.28
48483, 4346.67
48491, 4350.77
48499, 4351.28
48507, 4343.59
48516, 4350.77, estimuli
48522, 4354.36
48530, 4350.26
48538, 4361.03
48546, 4366.67
48554, 4362.05
48562, 4367.18
48569, 4372.82
48577, 4370.77
48585, 4374.87
48593, 4385.13
48601, 4391.28
48608, 4399.49
48616, 4404.1
48624, 4394.87
48632, 4393.33
48640, 4399.49
48648, 4397.95
48655, 4398.97
48663, 4398.97
48671, 4398.46
48679, 4400.51
48687, 4398.97
48694, 4397.44
48703, 4398.97
48710, 4402.56
48719, 4403.59
48726, 4400
48734, 4398.46
48741, 4393.85
48749, 4389.74
48758, 4392.31
48766, 4393.85
48773, 4388.21
48780, 4375.38
48789, 4364.62
48796, 4365.64
48804, 4364.1
48812, 4362.56
48820, 4366.67
48827, 4368.21
48836, 4368.72
48843, 4365.64
48851, 4364.62
48859, 4366.15
48866, 4363.08
48874, 4362.56
48882, 4360
48890, 4357.44
48899, 4358.46
48906, 4361.54
48913, 4365.13
48921, 4362.05
48929, 4359.49
48937, 4361.03
48945, 4355.9
48952, 4355.38
48960, 4358.97
48968, 4361.54
48976, 4365.13
48984, 4354.87
48992, 4338.46
49000, 4338.97
49007, 4347.69
49015, 4351.79
49023, 4349.23
49032, 4347.69
49039, 4351.28
49047, 4354.36
49054, 4354.87
49062, 4351.28
49070, 4354.36
49078, 4356.41
49086, 4345.64
49094, 4344.1
49101, 4350.26
49109, 4347.69
49117, 4358.46
49125, 4392.31
49132, 4402.05
49140, 4352.31
49148, 4292.82
49156, 4276.92
49164, 4295.38
49171, 4342.05
49179, 4400.51
49188, 4432.31
49195, 4416.41
49204, 4353.85
49211, 4285.64
49218, 4261.03
49226, 4289.23
49234, 4349.23
49242, 4404.62
49250, 4431.28
49257, 4417.95
49265, 4363.08
49273, 4297.95
49281, 4264.1
49289, 4289.74
49297, 4353.85
49304, 4408.21
49312, 4431.28
49320, 4410.77
49329, 4357.44
49337, 4298.46
49344, 4262.56
49352, 4283.08
49359, 4343.59
49368, 4397.44
49375, 4424.1
49384, 4404.62
49390, 4348.72
49398, 4296.41
49407, 4274.87
49414, 4290.26
49422, 4332.82
49430, 4394.36
49437, 4436.92
49445, 4417.44
49453, 4355.9
49461, 4294.36
49469, 4267.69
49476, 4293.33
49485, 4351.28
49492, 4406.67
49500, 4425.64
49508, 4401.03
49517, 4352.82
49523, 4293.85
49531, 4264.62
49539, 4290.26
49547, 4340
49555, 4392.82
49563, 4424.62
49571, 4409.74
49579, 4354.36
49586, 4296.92
49594, 4271.28
49602, 4283.59
49609, 4339.49
49617, 4413.33
49625, 4443.08
49634, 4409.74
49641, 4347.18
49648, 4291.79
49656, 4266.67
49664, 4286.15
49672, 4345.64
49680, 4404.62
49688, 4428.72
49695, 4411.28
49703, 4358.46
49711, 4294.87
49719, 4262.56
49727, 4288.72
49735, 4349.74
49742, 4402.56
49750, 4428.72
49758, 4409.74
49767, 4349.74
49775, 4291.79
49781, 4265.13
49789, 4287.69
49797, 4349.74
49806, 4409.23
49813, 4434.87
49820, 4409.74
49829, 4352.82
49836, 4302.05
49844, 4276.92
49852, 4291.28
49860, 4341.03
49867, 4402.05
49875, 4435.38
49883, 4409.23
49891, 4352.82
49899, 4298.46
49906, 4264.1
49914, 4285.13
49922, 4350.77
49930, 4412.31
49939, 4434.36
49946, 4407.69
49954, 4350.26
49961, 4290.77
49970, 4264.1
49977, 4289.74
49986, 4348.21
49993, 4407.18
50001, 4431.28
50008, 4410.77
50017, 4358.46
50025, 4296.41
50032, 4269.74
50039, 4293.85
50047, 4351.28
50055, 4414.36
50063, 4440
50071, 4410.26
50079, 4347.69
50086, 4289.74
50094, 4265.64
50102, 4282.56
50110, 4344.1
50119, 4400
50125, 4386.67
50133, 4348.21
50141, 4348.72
50149, 4362.56
50157, 4353.33
50165, 4339.49
50172, 4343.08
50180, 4345.64
50189, 4344.62
50196, 4349.23
50204, 4350.26
50211, 4348.21
50219, 4347.18
50227, 4347.69
50236, 4352.31
50243, 4351.79
50251, 4346.67
50258, 4352.82
50267, 4362.56
50274, 4354.87
50282, 4338.46
50290, 4341.03
50297, 4352.31
50305, 4351.79
50313, 4347.18
50321, 4345.13
50330, 4351.79
50337, 4354.36
50344, 4342.56
50352, 4344.62
50361, 4354.36
50368, 4351.28
50376, 4345.13
50384, 4346.67
50391, 4353.33
50399, 4350.77
50408, 4345.64
50415, 4348.21
50423, 4352.82
50430, 4355.9
50438, 4349.74
50446, 4338.97
50454, 4344.1
50462, 4349.23
50470, 4347.69
50477, 4352.82
50485, 4352.82
50493, 4340.51
50501, 4336.92
50509, 4348.72
50516, 4351.79
50524, 4346.67
50533, 4353.85
50541, 4352.31
50548, 4338.46
50555, 4340.51
50563, 4349.74
50571, 4352.31
50579, 4348.21
50587, 4344.62
50595, 4349.23
50602, 4349.74
50610, 4352.82
50618, 4356.92
50626, 4346.15
50634, 4342.56
50642, 4349.23
50649, 4350.26
50657, 4347.69
50665, 4352.31
50673, 4360
50681, 4351.79
50688, 4343.59
50696, 4348.72
50704, 4350.77
50712, 4348.72
50720, 4346.15
50728, 4346.15
50735, 4347.69
50743, 4343.59
50751, 4341.03
50759, 4342.05
50767, 4345.64
50774, 4350.77
50782, 4350.26
50790, 4346.15
50798, 4347.69
50806, 4350.26
50814, 4350.26
50821, 4349.23
50830, 4350.77
50837, 4350.26
50845, 4346.15
50854, 4347.69
50861, 4346.67
50869, 4346.67
50876, 4351.28
50884, 4348.72
50892, 4346.67
50900, 4352.82
50907, 4357.95
50915, 4351.28
50923, 4339.49
50931, 4342.05
50939, 4348.21
50946, 4346.67
50954, 4347.69
50962, 4349.23
50970, 4352.31
50978, 4352.82
50986, 4346.67
50993, 4346.67
51002, 4347.69
51009, 4344.62
51017, 4348.21
51025, 4351.28
51032, 4350.26
51040, 4350.26
51049, 4351.28
51056, 4348.21
51064, 4345.64
51072, 4347.69
51079, 4345.13
51087, 4347.69
51095, 4353.85
51103, 4342.05
51112, 4338.97
51119, 4352.82
51126, 4351.79
51134, 4339.49
51142, 4339.49
51151, 4350.26
51158, 4350.77
51165, 4349.74
51174, 4356.41
51181, 4352.82
51189, 4345.13
51197, 4345.13
51205, 4344.62
51213, 4348.21
51220, 4351.28
51228, 4349.23
51236, 4348.72
51244, 4349.23
51251, 4348.72
51259, 4347.18
51268, 4348.21
51276, 4352.82
51284, 4349.23
51291, 4347.18
51298, 4349.23
51306, 4350.77
51314, 4352.82
51322, 4350.26
51330, 4352.31
51337, 4358.46
51345, 4349.74
51353, 4341.54
51361, 4344.62
51369, 4348.72
51377, 4347.18
51384, 4347.69
51392, 4351.79
51400, 4351.28
51408, 4353.85
51416, 4354.36
51423, 4345.64
51431, 4343.08
51439, 4343.59
51447, 4346.15
51455, 4349.23
51464, 4348.72
51471, 4352.31
51479, 4351.79
51487, 4347.69
51495, 4354.36
51503, 4354.36
51509, 4346.15
51518, 4349.23
51525, 4355.38
51534, 4349.74
51541, 4340.51
51549, 4343.59
51556, 4350.26
51564, 4345.64
51572, 4338.97
51580, 4345.64, estimuli
51588, 4359.49
51596, 4354.36
51603, 4335.38
51611, 4342.56
51619, 4356.41
51627, 4345.13
51635, 4337.95
51642, 4348.72
51650, 4353.85
51658, 4351.28
51666, 4361.54
51674, 4364.62
51682, 4341.54
51689, 4332.31
51698, 4344.62
51706, 4349.74
51714, 4349.74
51721, 4348.21
51728, 4345.64
51737, 4349.23
51744, 4350.77
51753, 4350.77
51760, 4356.41
51768, 4359.49
51775, 4355.9
51783, 4345.64
51791, 4341.54
51799, 4343.08
51807, 4346.67
51815, 4350.26
51822, 4346.15
51830, 4346.67
51838, 4347.69
51846, 4346.15
51855, 4350.26
51861, 4349.23
51870, 4346.15
51877, 4349.23
51885, 4352.82
51893, 4352.82
51900, 4348.72
51908, 4348.72
51917, 4348.21
51925, 4347.18
51932, 4352.31
51940, 4354.36
51947, 4350.77
51955, 4350.26
51963, 4352.31
51971, 4355.38
51980, 4354.87
51987, 4349.74
51994, 4346.15
52002, 4345.13
52010, 4345.64
52018, 4345.13
52026, 4346.15
52033, 4354.36
52041, 4357.44
52049, 4353.85
52057, 4349.23
52065, 4343.59
52073, 4346.67
52080, 4348.72
52088, 4345.13
52096, 4346.67
52104, 4350.26
52113, 4350.77
52119, 4353.33
52128, 4356.41
52135, 4351.28
52144, 4348.72
52151, 4360
52159, 4358.46
52167, 4352.31
52174, 4360.51
52182, 4365.13
52190, 4382.56
52198, 4403.59
52205, 4363.08
52213, 4287.69
52221, 4260.51
52229, 4290.26
52237, 4341.54
52245, 4397.44
52252, 4429.23
52260, 4410.26
52269, 4361.03
52276, 4303.08
52284, 4265.13
52291, 4283.08
52299, 4338.97
52307, 4395.9
52315, 4426.67
52323, 4413.33
52332, 4365.64
52339, 4301.03
52346, 4263.59
52355, 4287.18
52362, 4345.13
52370, 4404.1
52377, 4433.33
52385, 4418.46
52393, 4370.26
52401, 4304.1
52409, 4267.69
52417, 4287.69
52424, 4334.87
52432, 4390.77
52440, 4430.77
52448, 4418.97
52456, 4363.08
52463, 4298.46
52471, 4265.13
52479, 4284.62
52487, 4343.59
52495, 4402.05
52503, 4428.21
52510, 4418.97
52518, 4369.23
52526, 4300.51
52534, 4262.05
52543, 4280
52551, 4342.05
52557, 4405.13
52565, 4433.33
52573, 4416.41
52581, 4360.51
52589, 4297.44
52596, 4268.21
52604, 4290.77
52612, 4351.79
52620, 4406.67
52628, 4423.59
52636, 4404.62
52644, 4355.38
52651, 4298.46
52659, 4269.74
52668, 4293.33
52675, 4350.26
52682, 4401.54
52690, 4430.26
52698, 4414.87
52706, 4360
52714, 4298.97
52723, 4269.23
52729, 4290.77
52737, 4342.05
52746, 4399.49
52753, 4437.95
52762, 4419.49
52769, 4359.49
52776, 4300.51
52784, 4272.82
52792, 4290.77
52800, 4336.41
52808, 4395.38
52815, 4437.44
52823, 4416.41
52831, 4349.23
52839, 4285.64
52847, 4262.05
52855, 4285.64
52862, 4337.44
52870, 4400.51
52878, 4436.92
52886, 4416.92
52894, 4359.49
52902, 4299.49
52909, 4268.72
52918, 4286.15
52925, 4342.56
52934, 4401.54
52941, 4426.67
52948, 4412.82
52957, 4362.05
52965, 4295.9
52972, 4266.67
52980, 4290.26
52987, 4343.08
52995, 4404.62
53003, 4440
53011, 4418.46
53019, 4354.87
53026, 4297.95
53034, 4277.95
53043, 4292.82
53051, 4340
53058, 4398.46
53067, 4429.23
53073, 4410.26
53082, 4350.77
53090, 4291.28
53097, 4268.21
53105, 4294.36
53112, 4351.28
53121, 4400
53128, 4423.08
53137, 4411.79
53144, 4364.62
53152, 4307.18
53159, 4269.74
53167, 4288.72
53176, 4355.9
53183, 4399.49
53197, 4386.15
53199, 4351.79
53206, 4347.18
53214, 4357.95
53222, 4354.87
53230, 4353.85
53238, 4352.82
53245, 4351.79
53253, 4363.59
53261, 4364.62
53269, 4349.23
53277, 4344.62
53285, 4349.74
53292, 4352.82
53300, 4348.21
53308, 4348.21
53317, 4351.79
53324, 4353.33
53331, 4356.41
53339, 4352.82
53347, 4351.79
53355, 4355.38
53363, 4352.82
53371, 4353.33
53378, 4356.41
53386, 4356.41
53394, 4352.31
53402, 4348.21
53411, 4352.31
53418, 4356.41
53425, 4352.82
53434, 4351.28
53441, 4351.28
53449, 4349.23
53461, 4350.77
53464, 4360.51
53472, 4364.62
53480, 4348.21
53488, 4338.46
53496, 4349.23
53503, 4355.9
53511, 4356.41
53519, 4353.33
53527, 4354.36
53535, 4358.46
53543, 4355.38
53550, 4354.36
53558, 4355.9
53567, 4356.41
53574, 4359.49
53582, 4355.9
53589, 4351.28
53598, 4349.23
53605, 4351.28
53613, 4355.9
53622, 4352.31
53629, 4344.62
53636, 4344.1
53644, 4352.31
53653, 4356.92
53660, 4351.28
53669, 4355.9
53676, 4364.62
53683, 4351.79
53691, 4342.05
53699, 4351.79
53707, 4351.79
53716, 4344.1
53722, 4354.36
53730, 4364.1
53739, 4348.21
53746, 4342.05
53755, 4355.9
53762, 4354.87
53769, 4349.23
53777, 4352.82
53785, 4355.9
53793, 4353.33
53801, 4349.74
53808, 4350.26
53817, 4351.28
53824, 4350.77
53832, 4352.31
53841, 4350.77
53848, 4350.77
53856, 4352.82
53863, 4351.79
53871, 4354.36
53879, 4354.87
53887, 4360.51
53894, 4364.62
53902, 4351.28
53910, 4349.74
53918, 4356.41
53926, 4351.28
53934, 4348.72
53941, 4353.33
53949, 4354.36
53957, 4348.21
53965, 4347.18
53973, 4352.82
53980, 4355.38
53988, 4355.9
53996, 4352.82
54004, 4346.15
54012, 4350.77
54020, 4354.87
54028, 4351.28
54035, 4349.74
54043, 4352.31
54052, 4353.85
54059, 4345.13
54066, 4345.64
54074, 4355.9
54083, 4352.31
54090, 4355.9
54098, 4368.72
54107, 4354.87
54113, 4337.95
54121, 4349.74
54129, 4355.9
54137, 4342.05
54145, 4342.56
54152, 4356.92
54160, 4356.41
54169, 4350.26
54177, 4352.31
54185, 4355.9
54192, 4356.41
54199, 4348.21
54208, 4343.59
54216, 4345.64
54223, 4349.74
54231, 4356.92
54238, 4354.36
54246, 4351.79
54254, 4356.92
54262, 4354.87
54270, 4355.38
54279, 4357.44
54285, 4353.85
54293, 4357.95
54301, 4365.64
54309, 4357.44
54317, 4343.59
54325, 4349.23
54332, 4358.97
54340, 4351.79
54348, 4351.28
54356, 4356.92
54364, 4353.85
54372, 4353.33
54379, 4355.9
54387, 4353.85
54395, 4349.74
54403, 4351.79
54411, 4354.87
54418, 4351.79
54426, 4351.79
54434, 4353.33
54442, 4350.26
54451, 4353.85
54457, 4355.9
54465, 4352.31
54473, 4355.9
54481, 4357.95
54489, 4356.92
54497, 4355.9
54504, 4356.92
54512, 4364.1
54520, 4361.54
54528, 4355.38
54537, 4351.79
54543, 4343.08
54551, 4342.56
54559, 4350.77
54567, 4352.31
54576, 4350.77
54583, 4351.28
54590, 4334.36
54598, 4310.77
54606, 4329.23
54614, 4361.54, estimuli
54622, 4354.36
54629, 4336.92
54637, 4336.41
54645, 4344.1
54653, 4355.9
54661, 4354.36
54670, 4349.74
54676, 4361.03
54684, 4381.03
54693, 4394.36
54700, 4394.36
54708, 4392.31
54715, 4400
54723, 4409.74
54731, 4405.64
54739, 4392.82
54747, 4395.38
54755, 4406.67
54762, 4408.21
54771, 4411.28
54778, 4415.38
54786, 4416.92
54794, 4420.51
54801, 4422.05
54809, 4423.59
54817, 4418.46
54825, 4409.74
54833, 4413.85
54841, 4416.92
54848, 4410.77
54857, 4406.15
54865, 4409.23
54872, 4415.38
54880, 4415.38
54888, 4412.31
54895, 4405.13
54903, 4393.85
54911, 4392.82
54919, 4398.46
54927, 4393.85
54935, 4379.49
54942, 4369.74
54950, 4372.82
54958, 4374.36
54967, 4373.33
54974, 4378.97
54981, 4383.59
54989, 4381.03
54997, 4369.74
55005, 4367.18
55013, 4375.38
55020, 4376.41
55028, 4374.36
55036, 4366.15
55044, 4361.03
55052, 4371.28
55060, 4373.85
55067, 4369.74
55075, 4373.85
55083, 4372.31
55091, 4368.72
55099, 4367.69
55106, 4368.21
55114, 4374.36
55123, 4380
55130, 4376.41
55138, 4364.1
55146, 4363.08
55154, 4368.21
55161, 4365.13
55169, 4369.74
55177, 4377.95
55185, 4371.79
55193, 4362.05
55200, 4365.13
55209, 4368.21
55222, 4373.85
55224, 4410.26
55232, 4432.82
55239, 4381.54
55247, 4310.26
55256, 4292.82
55264, 4318.46
55272, 4368.72
55279, 4423.08
55286, 4448.21
55294, 4426.67
55302, 4371.28
55310, 4315.38
55318, 4286.67
55325, 4312.82
55334, 4374.36
55341, 4422.56
55349, 4442.56
55358, 4425.13
55365, 4370.26
55372, 4310.77
55380, 4285.64
55388, 4308.21
55396, 4360.51
55404, 4420.51
55411, 4453.33
55419, 4430.26
55427, 4371.79
55436, 4313.33
55443, 4285.13
55451, 4310.77
55458, 4366.15
55466, 4418.97
55475, 4447.18
55483, 4427.69
55490, 4368.72
55497, 4306.67
55505, 4284.1
55513, 4309.74
55522, 4358.97
55529, 4416.41
55537, 4449.23
55544, 4436.41
55552, 4378.97
55560, 4303.59
55568, 4276.41
55576, 4313.33
55583, 4366.67
55591, 4416.92
55600, 4449.23
55607, 4436.41
55615, 4379.49
55623, 4316.41
55630, 4291.28
55638, 4316.41
55646, 4372.31
55654, 4429.74
55662, 4455.9
55669, 4438.97
55678, 4385.64
55686, 4322.56
55693, 4289.23
55701, 4309.74
55709, 4368.21
55716, 4422.56
55724, 4452.82
55732, 4435.38
55741, 4367.69
55748, 4313.33
55756, 4300
55763, 4314.36
55771, 4360
55780, 4420
55787, 4454.87
55795, 4436.92
55802, 4376.41
55810, 4313.33
55818, 4285.64
55826, 4312.31
55834, 4370.26
55841, 4423.08
55849, 4452.31
55857, 4430.26
55865, 4366.15
55873, 4308.21
55881, 4288.21
55888, 4311.28
55896, 4363.59
55904, 4424.62
55912, 4456.92
55920, 4431.28
55929, 4371.79
55936, 4308.72
55943, 4281.03
55952, 4315.9
55959, 4374.87
55967, 4420.51
55974, 4442.05
55982, 4423.59
55990, 4368.72
55998, 4309.23
56006, 4286.15
56014, 4311.28
56021, 4369.23
56030, 4432.31
56037, 4450.26
56045, 4414.87
56053, 4357.95
56060, 4304.1
56068, 4283.08
56076, 4306.15
56084, 4364.62
56092, 4429.74
56101, 4449.23
56108, 4423.59
56115, 4372.31
56124, 4307.18
56131, 4277.44
56139, 4309.23
56146, 4368.21
56155, 4421.03
56162, 4451.28
56170, 4439.49
56178, 4379.49
56186, 4314.87
56193, 4284.62
56201, 4301.54
56209, 4363.08
56218, 4414.87
56225, 4409.74
56232, 4374.36
56240, 4362.56
56248, 4373.85
56257, 4369.23
56264, 4363.59
56272, 4369.74
56279, 4369.23
56287, 4367.69
56295, 4369.74
56303, 4367.69
56311, 4366.67
56320, 4369.23
56326, 4375.38
56334, 4377.95
56342, 4370.26
56351, 4367.69
56359, 4371.79
56365, 4369.74
56373, 4365.64
56381, 4370.26
56389, 4378.97
56397, 4374.36
56405, 4363.08
56412, 4360.51
56420, 4366.15
56428, 4375.38
56436, 4371.28
56444, 4362.56
56451, 4365.13
56459, 4365.64
56467, 4364.62
56475, 4365.64
56483, 4366.15
56491, 4363.59
56499, 4360
56506, 4365.64
56514, 4369.74
56522, 4366.15
56530, 4367.18
56538, 4366.15
56545, 4364.62
56553, 4367.69
56562, 4367.69
56570, 4366.15
56578, 4362.56
56584, 4359.49
56593, 4365.64
56600, 4370.26
56608, 4367.18
56616, 4362.56
56623, 4361.54
56631, 4365.64
56639, 4363.08
56647, 4362.05
56656, 4365.64
56663, 4365.64
56670, 4365.64
56678, 4362.56
56686, 4362.05
56694, 4363.59
56703, 4362.56
56709, 4361.54
56718, 4363.08
56725, 4369.74
56734, 4365.13
56742, 4355.9
56750, 4365.64
56756, 4371.28
56764, 4362.05
56772, 4361.54
56780, 4364.62
56788, 4362.56
56795, 4360
56803, 4362.56
56811, 4367.69
56819, 4363.08
56827, 4361.03
56835, 4361.54
56842, 4355.9
56850, 4355.9
56858, 4360
56866, 4358.97
56874, 4355.9
56882, 4356.92
56889, 4362.05
56897, 4362.05
56906, 4363.59
56914, 4364.1
56922, 4362.05
56928, 4364.1
56936, 4362.05
56945, 4363.08
56952, 4367.18
56960, 4365.64
56968, 4365.64
56975, 4366.67
56983, 4363.08
56991, 4359.49
56999, 4360.51
57007, 4366.15
57014, 4365.13
57022, 4357.95
57030, 4360
57038, 4356.92
57046, 4353.85
57054, 4364.62
57061, 4367.18
57069, 4362.05
57077, 4361.03
57085, 4364.1
57093, 4367.18
57100, 4364.62
57109, 4363.59
57116, 4363.59
57124, 4366.15
57132, 4364.62
57140, 4356.92
57147, 4361.54
57155, 4367.18
57164, 4366.67
57172, 4369.74
57179, 4367.18
57186, 4357.95
57194, 4354.36
57203, 4358.46
57210, 4361.54
57219, 4359.49
57226, 4366.67
57233, 4373.85
57241, 4363.08
57250, 4357.44
57257, 4363.59
57265, 4366.67
57272, 4360.51
57281, 4357.95
57288, 4365.64
57296, 4367.69
57304, 4368.21
57312, 4371.79
57319, 4366.67
57327, 4367.18
57335, 4369.23
57344, 4364.1
57351, 4363.59
57359, 4364.62
57366, 4364.62
57375, 4363.08
57382, 4360.51
57391, 4360.51
57398, 4362.05
57406, 4368.72
57413, 4369.74
57421, 4363.08
57429, 4363.08
57438, 4367.69
57445, 4369.23
57452, 4367.69
57460, 4366.67
57469, 4364.1
57476, 4357.44
57484, 4358.46
57491, 4362.56
57500, 4362.05
57508, 4366.67
57515, 4364.62
57523, 4358.46
57531, 4367.69
57538, 4370.26
57546, 4361.03
57554, 4362.56
57563, 4372.82
57570, 4370.26
57577, 4356.41
57585, 4356.92
57594, 4366.15
57601, 4364.1
57610, 4364.1
57618, 4367.69
57625, 4365.13
57632, 4359.49
57640, 4354.87
57648, 4361.54
57657, 4370.26
57663, 4371.28
57672, 4367.69
57679, 4366.15
57688, 4367.18
57695, 4362.05
57703, 4358.46
57710, 4358.97
57719, 4361.03
57726, 4368.72
57734, 4367.69
57742, 4357.95
57749, 4362.05
57758, 4366.15
57765, 4365.13
57773, 4364.62
57781, 4361.54
57789, 4364.62
57796, 4368.21
57805, 4365.13
57813, 4363.59
57820, 4366.67
57829, 4368.21
57835, 4364.1
57843, 4364.62
57852, 4363.59
57859, 4357.44
57867, 4365.64
57875, 4376.41
57882, 4368.72
57890, 4358.46
57898, 4356.92
57907, 4365.64
57914, 4363.59
57921, 4352.82
57929, 4362.56
57937, 4371.79
57945, 4361.03
57953, 4355.9
57961, 4362.05
57968, 4361.54
57976, 4355.38
57984, 4361.54
57992, 4364.62
58001, 4357.95
58008, 4361.54
58015, 4367.18
58023, 4364.1
58031, 4363.59
58039, 4366.15
58047, 4365.13
58054, 4356.41
58062, 4354.36
58070, 4368.21
58078, 4373.85
58086, 4365.13
58094, 4355.9
58101, 4354.87
58110, 4363.08
58117, 4363.59
58125, 4359.49
58134, 4358.97
58140, 4358.97
58148, 4362.56
58157, 4364.62
58164, 4363.08
58172, 4362.56
58180, 4366.15
58187, 4374.36
58195, 4371.79
58204, 4361.54
58211, 4361.54
58219, 4366.15
58227, 4365.64
58234, 4361.54
58242, 4362.56
58251, 4368.21
58258, 4364.62
58266, 4361.03
58274, 4364.1
58281, 4369.23
58289, 4375.38
58297, 4372.82
58305, 4363.08
58312, 4357.95
58320, 4363.08
58328, 4368.21
58337, 4358.46
58344, 4356.92
58352, 4369.23
58360, 4367.69
58368, 4361.03
58376, 4363.59
58383, 4365.64
58391, 4361.03
58398, 4360
58407, 4368.72
58414, 4366.67
58422, 4360.51
58430, 4365.64
58439, 4362.56
58445, 4355.38
58453, 4359.49
58461, 4363.08
58469, 4361.03
58477, 4361.54
58485, 4364.1
58492, 4360
58501, 4360.51
58508, 4370.26
58516, 4351.79
58524, 4328.72
58531, 4347.18
58539, 4369.74
58547, 4365.13
58555, 4356.41
58564, 4362.05
58570, 4363.08
58578, 4356.41
58586, 4362.05
58594, 4370.26
58602, 4371.28
58610, 4385.64
58617, 4401.54
58626, 4399.49
58633, 4394.36
58642, 4403.59
58650, 4411.79
58657, 4410.26
58664, 4417.44
58672, 4412.82
58680, 4391.28
58688, 4395.38
58696, 4410.77
58703, 4413.85
58711, 4415.9
58719, 4417.44
58727, 4410.77
58735, 4398.97
58743, 4394.87
58751, 4402.56
58758, 4401.54
58766, 4393.85
58774, 4393.85
58782, 4396.41
58789, 4390.26
58797, 4382.56
58805, 4386.67
58813, 4390.77
58821, 4389.23
58829, 4385.64
58836, 4374.36
58844, 4370.77
58852, 4375.38
58861, 4370.77
58869, 4368.72
58876, 4373.33
58884, 4373.33
58892, 4367.18
58899, 4365.13
58907, 4373.33
58915, 4370.26
58922, 4364.1
58930, 4374.36
58938, 4373.85
58946, 4358.46
58954, 4354.87
58961, 4359.49
58969, 4356.92
58977, 4354.87
58985, 4359.49
58993, 4359.49
59001, 4357.44
59008, 4357.44
59017, 4352.31
59024, 4356.41
59032, 4362.05
59041, 4354.87
59047, 4357.44
59055, 4362.05
59063, 4354.87
59071, 4350.26
59079, 4351.28
59088, 4355.38
59094, 4355.9
59102, 4354.36
59110, 4353.33
59119, 4355.9
59127, 4359.49
59134, 4351.28
59141, 4348.72
59149, 4362.56
59157, 4364.62
59165, 4351.79
59173, 4348.72
59180, 4360.51
59188, 4366.67
59196, 4354.36
59204, 4347.18
59212, 4353.33
59220, 4355.38
59227, 4355.9
59235, 4354.87
59243, 4351.28
59251, 4352.82
59259, 4351.79
59266, 4350.26
59274, 4351.79
59282, 4354.87
59291, 4355.38
59298, 4351.79
59306, 4355.9
59313, 4353.33
59321, 4349.23
59329, 4355.9
59338, 4357.44
59345, 4352.31
59352, 4353.33
59360, 4358.46
59369, 4361.03
59376, 4353.85
59384, 4346.67
59392, 4343.59
59399, 4344.62, estimuli
59407, 4355.38
59415, 4361.54
59423, 4355.38
59431, 4351.79
59439, 4355.9
59446, 4358.46
59454, 4351.79
59463, 4345.64
59470, 4351.28
59478, 4349.74
59485, 4344.62
59493, 4348.72
59501, 4353.85
59509, 4356.41
59517, 4354.87
59525, 4353.33
59532, 4352.82
59540, 4355.9
59549, 4357.44
59556, 4351.28
59564, 4350.26
59572, 4357.95
59579, 4361.03
59587, 4362.56
59595, 4350.77
59604, 4317.44
59610, 4309.74
59619, 4346.67
59626, 4369.74
59634, 4343.08
59642, 4326.67
59650, 4347.18
59657, 4356.92
59665, 4355.38
59673, 4359.49
59681, 4364.1
59689, 4364.62
59697, 4363.08
59704, 4375.38
59712, 4392.31
59720, 4409.74
59729, 4428.21
59736, 4425.64
59743, 4415.9
59752, 4420
59759, 4422.05
59768, 4423.59
59775, 4424.62
59783, 4425.13
59790, 4432.82
59798, 4443.08
59806, 4447.18
59814, 4440.51
59822, 4438.97
59829, 4447.18
59838, 4448.21
59845, 4446.67
59853, 4447.18
59861, 4445.64
59869, 4441.03
59876, 4436.92
59884, 4435.9
59893, 4429.23
59900, 4423.08
59908, 4430.77
59915, 4426.15
59923, 4412.82
59931, 4412.31
59940, 4411.79
59947, 4407.18
59955, 4401.03
59962, 4395.9
59970, 4391.79
59978, 4390.77
59987, 4394.36
59994, 4394.87
60001, 4410.77
60009, 4440.51
60017, 4438.46
60025, 4387.18
60034, 4326.15
60041, 4306.67
60048, 4333.85
60056, 4383.08
60064, 4440
60072, 4468.21
60080, 4449.74
60089, 4398.97
60095, 4335.9
60103, 4304.1
60111, 4331.28
60120, 4386.15
60127, 4438.46
60135, 4464.1
60142, 4444.62
60151, 4388.72
60158, 4326.15
60167, 4302.05
60174, 4329.74
60181, 4383.59
60190, 4432.31
60197, 4456.92
60206, 4449.23
60213, 4392.82
60220, 4318.97
60228, 4292.82
60237, 4316.92
60244, 4367.18
60252, 4424.62
60260, 4453.33
60268, 4428.21
60275, 4367.69
60284, 4315.38
60291, 4289.74
60299, 4305.64
60306, 4367.69
60314, 4426.15
60322, 4450.77
60330, 4430.26
60338, 4367.18
60347, 4307.18
60354, 4288.21
60361, 4310.26
60369, 4364.1
60378, 4424.62
60385, 4454.87
60392, 4431.28
60400, 4372.82
60409, 4317.44
60416, 4292.31
60424, 4316.92
60432, 4370.26
60439, 4418.97
60447, 4447.69
60455, 4427.69
60463, 4371.28
60471, 4318.46
60479, 4292.31
60486, 4310.77
60494, 4369.23
60502, 4431.28
60510, 4449.23
60518, 4419.49
60525, 4369.74
60533, 4318.46
60541, 4290.77
60549, 4308.72
60558, 4364.62
60566, 4429.74
60572, 4454.36
60581, 4426.67
60589, 4375.9
60596, 4321.03
60604, 4296.41
60612, 4320.51
60619, 4381.54
60627, 4443.59
60635, 4457.44
60643, 4427.69
60651, 4376.92
60658, 4316.92
60666, 4294.36
60675, 4324.1
60682, 4373.85
60690, 4423.08
60697, 4447.18
60705, 4426.67
60713, 4373.85
60721, 4324.62
60729, 4303.59
60737, 4317.95
60744, 4366.67
60752, 4423.59
60760, 4448.21
60769, 4426.67
60776, 4375.9
60783, 4326.15
60791, 4302.05
60799, 4321.03
60807, 4370.77
60815, 4420
60823, 4444.62
60830, 4426.15
60838, 4382.05
60846, 4334.36
60854, 4294.87
60862, 4306.67
60869, 4369.23
60877, 4423.08
60885, 4444.62
60894, 4423.59
60901, 4372.82
60909, 4325.64
60916, 4295.9
60924, 4310.77
60932, 4369.74
60940, 4427.18
60948, 4450.77
60955, 4426.15
60963, 4367.18
60971, 4312.31
60979, 4290.26
60987, 4313.33
60995, 4371.79
61003, 4422.56
61010, 4418.97
61019, 4380.51
61026, 4366.15
61035, 4371.79
61042, 4374.36
61050, 4378.46
61057, 4375.38
61065, 4366.15
61073, 4362.05
61081, 4365.64
61089, 4369.74
61097, 4369.23
61104, 4368.21
61113, 4369.23
61120, 4375.9
61129, 4376.92
61135, 4368.21
61143, 4369.74
61151, 4370.77
61159, 4368.21
61167, 4376.41
61174, 4376.92
61182, 4370.26
61190, 4369.74
61199, 4367.18
61207, 4365.64
61214, 4366.67
61221, 4373.85
61229, 4379.49
61237, 4368.72
61245, 4360.51
61254, 4369.74
61260, 4381.54
61269, 4376.92
61276, 4362.05
61285, 4362.56
61292, 4366.67
61300, 4362.56
61307, 4366.15
61315, 4372.31
61324, 4374.36
61331, 4372.82
61339, 4367.18
61346, 4366.15
61354, 4369.74
61363, 4368.21
61370, 4364.1
61378, 4369.23
61386, 4373.33
61393, 4369.23
61401, 4371.28
61409, 4374.87
61418, 4365.13
61425, 4367.69
61432, 4378.97
61440, 4373.33
61448, 4362.05
61456, 4360.51
61465, 4365.64
61472, 4369.23
61479, 4374.87
61487, 4374.36
61496, 4365.13
61503, 4368.21
61511, 4373.85
61519, 4366.67
61526, 4365.64
61535, 4372.82
61542, 4373.85
61550, 4368.21
61558, 4367.18
61565, 4372.31
61573, 4368.21
61581, 4364.1
61589, 4368.72
61597, 4369.23
61605, 4371.79
61613, 4374.36
61621, 4372.31
61629, 4367.18
61636, 4358.46
61644, 4360.51
61652, 4368.72
61659, 4367.69
61667, 4366.67
61675, 4367.18
61683, 4362.56
61691, 4362.56
61698, 4372.82
61707, 4373.85
61714, 4359.49
61722, 4361.54
61730, 4371.28
61737, 4365.64
61745, 4365.13
61754, 4368.72
61761, 4368.72
61769, 4369.23
61777, 4367.69
61784, 4369.23
61792, 4368.21
61800, 4366.67
61808, 4370.77
61816, 4369.74
61823, 4367.69
61832, 4368.21
61840, 4368.72
61847, 4370.77
61855, 4370.77
61864, 4368.72
61870, 4366.67
61878, 4372.82
61886, 4380.51
61894, 4373.33
61902, 4373.33
61909, 4380
61918, 4368.72
61925, 4358.46
61933, 4364.1
61941, 4369.74
61949, 4366.15
61956, 4359.49
61964, 4363.08
61972, 4370.26
61980, 4367.69
61988, 4365.64
61996, 4370.26
62003, 4371.28
62011, 4360.51
62020, 4359.49
62027, 4370.26
62036, 4369.74
62042, 4366.15
62051, 4367.69
62059, 4365.64
62066, 4365.13
62074, 4366.67
62082, 4369.74
62089, 4369.74
62097, 4368.21
62105, 4373.33
62113, 4376.41
62122, 4374.36
62128, 4364.62
62136, 4355.9
62144, 4365.13
62152, 4374.36
62160, 4370.77
62169, 4365.13
62175, 4361.03
62183, 4363.59
62191, 4365.13
62199, 4360.51
62207, 4364.62
62214, 4368.72
62222, 4370.26
62230, 4370.26
62238, 4364.1
62247, 4363.08
62255, 4366.67
62261, 4369.74
62270, 4366.67
62277, 4363.59
62286, 4365.64
62293, 4362.56
62300, 4362.56
62308, 4369.23
62316, 4370.26
62324, 4373.85
62333, 4377.44
62340, 4365.64
62347, 4357.44
62355, 4366.15
62363, 4372.31
62372, 4371.79
62379, 4369.23
62386, 4362.05
62394, 4353.85
62402, 4361.03, estimuli
62410, 4367.69
62418, 4365.64
62426, 4366.67
62433, 4367.69
62441, 4370.77
62449, 4369.23
62457, 4360.51
62465, 4362.05
62472, 4366.67
62480, 4367.69
62489, 4370.26
62496, 4370.77
62505, 4370.77
62512, 4369.74
62520, 4366.67
62527, 4363.59
62535, 4367.18
62543, 4380.51
62551, 4371.79
62559, 4351.79
62566, 4364.62
62574, 4365.13
62582, 4326.15
62590, 4322.05
62598, 4360.51
62605, 4369.74
62613, 4352.82
62621, 4353.85
62629, 4357.44
62638, 4350.77
62645, 4361.54
62652, 4382.05
62660, 4388.21
62668, 4386.15
62677, 4391.79
62684, 4412.31
62691, 4416.92
62699, 4404.62
62707, 4401.03
62715, 4403.59
62723, 4410.26
62731, 4408.72
62738, 4409.23
62746, 4424.62
62754, 4421.54
62762, 4406.15
62770, 4409.23
62777, 4420
62785, 4420
62793, 4413.85
62801, 4418.97
62809, 4424.62
62817, 4415.9
62824, 4412.82
62832, 4416.92
62840, 4414.36
62848, 4402.56
62856, 4399.49
62863, 4405.64
62871, 4404.62
62879, 4399.49
62887, 4397.44
62895, 4401.54
62904, 4406.67
62910, 4399.49
62918, 4389.74
62927, 4390.77
62935, 4392.31
62942, 4388.21
62949, 4381.03
62957, 4378.97
62965, 4388.72
62973, 4378.97
62981, 4359.49
62989, 4366.15
62996, 4372.82
63005, 4374.87
63012, 4406.15
63021, 4434.87
63028, 4396.92
63036, 4315.38
63043, 4275.9
63051, 4294.87
63059, 4345.13
63067, 4405.64
63075, 4440.51
63082, 4428.21
63091, 4372.31
63098, 4301.54
63106, 4265.64
63115, 4286.67
63121, 4345.64
63130, 4402.05
63138, 4433.85
63145, 4429.74
63154, 4375.9
63161, 4305.13
63169, 4272.82
63176, 4293.33
63185, 4347.69
63192, 4398.46
63201, 4429.23
63209, 4424.1
63215, 4371.79
63223, 4306.67
63231, 4271.79
63239, 4287.69
63247, 4339.49
63254, 4395.9
63262, 4432.31
63270, 4420
63279, 4364.1
63286, 4302.56
63294, 4266.67
63301, 4281.54
63309, 4338.46
63317, 4398.46
63325, 4437.44
63333, 4423.59
63340, 4362.05
63349, 4301.54
63356, 4268.72
63364, 4276.41
63373, 4328.21
63380, 4403.59
63387, 4448.21
63395, 4427.69
63404, 4367.69
63411, 4304.1
63420, 4270.77
63426, 4284.1
63434, 4335.38
63442, 4400
63451, 4434.87
63458, 4418.46
63466, 4370.26
63473, 4306.15
63481, 4265.64
63489, 4285.64
63498, 4344.1
63506, 4406.15
63514, 4437.44
63521, 4421.54
63529, 4370.26
63537, 4306.67
63545, 4268.72
63552, 4282.05
63559, 4341.03
63568, 4408.72
63576, 4443.59
63584, 4427.18
63592, 4369.74
63598, 4310.26
63606, 4281.03
63614, 4292.31
63622, 4343.59
63630, 4410.26
63638, 4453.33
63645, 4439.49
63653, 4371.28
63661, 4302.56
63669, 4272.82
63677, 4291.28
63684, 4348.21
63692, 4406.15
63700, 4438.97
63709, 4427.18
63716, 4370.77
63725, 4310.77
63731, 4276.92
63739, 4290.26
63747, 4347.18
63755, 4412.82
63764, 4447.69
63771, 4430.77
63778, 4374.87
63786, 4311.28
63794, 4270.77
63802, 4293.85
63810, 4359.49
63817, 4417.44
63825, 4445.13
63833, 4428.21
63842, 4368.72
63849, 4298.97
63857, 4268.21
63864, 4290.77
63873, 4340.51
63880, 4405.13
63888, 4446.15
63896, 4424.62
63903, 4373.33
63912, 4316.41
63919, 4267.69
63927, 4277.44
63936, 4345.64
63943, 4414.36
63951, 4441.03
63958, 4425.13
63966, 4372.82
63974, 4308.72
63983, 4274.36
63989, 4284.62
63997, 4344.62
64005, 4413.85
64013, 4413.85
64021, 4370.77
64029, 4363.08
64036, 4370.77
64045, 4353.85
64053, 4341.03
64060, 4352.82
64068, 4359.49
64075, 4347.18
64083, 4347.69
64091, 4362.56
64099, 4364.1
64107, 4348.21
64115, 4342.05
64122, 4355.38
64130, 4358.46
64138, 4350.77
64146, 4352.82
64155, 4357.95
64161, 4362.05
64170, 4362.05
64177, 4358.46
64186, 4360
64194, 4358.97
64202, 4354.36
64209, 4351.28
64216, 4355.38
64224, 4361.54
64232, 4356.41
64241, 4356.92
64247, 4366.15
64256, 4361.54
64263, 4349.74
64271, 4343.59
64279, 4349.23
64287, 4357.44
64294, 4354.87
64303, 4350.77
64310, 4353.85
64318, 4354.36
64326, 4355.38
64333, 4355.38
64342, 4357.95
64349, 4360.51
64357, 4356.41
64365, 4356.41
64373, 4358.46
64380, 4359.49
64388, 4355.38
64396, 4347.69
64405, 4351.79
64412, 4359.49
64420, 4358.97
64427, 4352.82
64436, 4350.26
64443, 4361.54
64451, 4366.15
64459, 4360
64466, 4357.95
64474, 4354.87
64482, 4354.36
64490, 4360
64498, 4362.05
64506, 4352.31
64513, 4346.67
64521, 4358.97
64529, 4364.62
64537, 4359.49
64545, 4356.92
64552, 4356.41
64560, 4360
64568, 4361.03
64576, 4356.41
64585, 4354.87
64593, 4353.85
64600, 4356.41
64608, 4358.97
64615, 4358.46
64623, 4362.56
64631, 4357.44
64638, 4347.69
64646, 4349.23
64654, 4356.41
64663, 4363.59
64670, 4354.36
64678, 4337.44
64685, 4341.03
64693, 4347.18
64701, 4344.62
64709, 4345.13
64717, 4352.31
64725, 4355.9
64732, 4350.26
64740, 4349.23
64748, 4354.87
64756, 4353.33
64764, 4346.67
64771, 4345.13
64779, 4353.85
64787, 4355.9
64795, 4346.15
64804, 4345.13
64812, 4350.77
64818, 4348.72
64826, 4346.67
64835, 4345.13
64842, 4344.62
64850, 4345.64
64857, 4348.72
64865, 4351.79
64874, 4355.9
64881, 4363.59
64890, 4355.9
64897, 4341.03
64904, 4346.67
64912, 4353.33
64920, 4352.31
64928, 4353.33
64936, 4356.41
64943, 4356.41
64952, 4353.85
64959, 4357.44
64967, 4358.46
64975, 4352.82
64983, 4355.38
64990, 4353.33
64998, 4350.26
65006, 4355.38
65014, 4353.85
65022, 4348.72
65029, 4354.87
65037, 4361.03
65045, 4354.36
65053, 4350.26
65061, 4358.97
65069, 4357.95
65076, 4352.82
65084, 4362.05
65092, 4360
65100, 4347.69
65108, 4349.23
65115, 4353.33
65123, 4355.9
65131, 4355.9
65139, 4352.31
65147, 4357.95
65155, 4364.62
65162, 4357.44
65170, 4346.67
65178, 4348.21
65186, 4354.36
65194, 4355.38
65201, 4356.92
65209, 4350.26
65217, 4348.21
65225, 4359.49
65233, 4357.95
65241, 4349.74
65248, 4350.26
65256, 4354.87
65264, 4357.95
65272, 4352.82
65280, 4351.28
65288, 4355.38
65295, 4357.95
65303, 4363.08
65311, 4362.56
65319, 4353.85
65327, 4350.77
65334, 4352.82
65342, 4356.92
65350, 4355.9
65358, 4353.33
65366, 4354.36
65374, 4353.85
65381, 4356.92
65389, 4357.44
65397, 4354.36
65405, 4353.33
65413, 4350.77
65420, 4353.85
65428, 4360
65436, 4360
65444, 4354.87
65452, 4348.72
65460, 4351.28
65467, 4356.41
65475, 4356.41
65483, 4357.95
65491, 4353.85
65499, 4352.82
65506, 4363.59
65514, 4365.13
65522, 4351.28
65530, 4344.62
65538, 4354.87
65546, 4357.44
65553, 4347.69
65561, 4355.38
65569, 4363.08
65577, 4353.85
65585, 4352.31
65592, 4356.41
65600, 4357.44
65608, 4358.97
65616, 4363.59
65624, 4362.05
65632, 4355.38
65639, 4359.49
65647, 4361.54
65655, 4362.56
65663, 4370.77
65671, 4360.51
65678, 4345.64
65686, 4354.87
65694, 4359.49
65702, 4354.87
65710, 4363.59
65719, 4369.23
65725, 4355.9
65733, 4347.18
65741, 4354.36
65749, 4357.44
65757, 4352.31
65765, 4352.31
65772, 4356.92
65780, 4361.54
65788, 4357.44
65796, 4348.21
65804, 4352.82
65811, 4356.92
65819, 4344.1
65827, 4322.05
65835, 4323.08
65843, 4349.23, estimuli
65850, 4360.51
65858, 4348.72
65866, 4330.26
65874, 4330.77
65882, 4351.28
65890, 4351.79
65897, 4342.56
65905, 4353.85
65913, 4372.31
65921, 4384.62
65929, 4386.67
65937, 4383.08
65944, 4394.36
65952, 4404.1
65960, 4403.08
65968, 4405.64
65976, 4408.21
65983, 4410.26
65991, 4413.85
65999, 4418.97
66007, 4419.49
66015, 4417.44
66023, 4427.18
66030, 4431.79
66038, 4426.67
66046, 4423.08
66054, 4420
66062, 4416.92
66069, 4413.33
66077, 4412.31
66085, 4410.77
66093, 4407.69
66101, 4409.74
66109, 4409.23
66116, 4410.77
66124, 4409.74
66132, 4394.36
66140, 4385.13
66148, 4391.28
66155, 4392.82
66163, 4392.31
66172, 4392.82
66179, 4390.26
66187, 4383.59
66195, 4378.46
66202, 4382.56
66210, 4384.1
66218, 4384.1
66226, 4382.05
66234, 4374.36
66242, 4376.41
66249, 4378.46
66257, 4371.79
66265, 4365.13
66273, 4360.51
66281, 4362.05
66288, 4365.64
66296, 4367.69
66304, 4368.21
66312, 4360.51
66320, 4358.46
66328, 4366.67
66335, 4361.03
66343, 4345.64
66351, 4345.64
66359, 4360
66367, 4363.59
66374, 4355.9
66382, 4352.82
66390, 4354.87
66398, 4360
66406, 4361.03
66414, 4354.87
66421, 4357.44
66429, 4365.64
66437, 4360
66445, 4362.05
66453, 4394.87
66460, 4413.85
66468, 4366.15
66476, 4292.82
66484, 4263.08
66492, 4286.15
66500, 4347.69
66507, 4408.21
66515, 4436.92
66523, 4424.1
66531, 4364.62
66539, 4301.03
66546, 4273.85
66554, 4285.13
66562, 4336.41
66570, 4406.15
66578, 4445.13
66586, 4424.1
66593, 4362.05
66601, 4303.08
66609, 4272.31
66617, 4290.77
66625, 4352.82
66632, 4414.87
66640, 4447.69
66648, 4432.82
66656, 4369.23
66664, 4296.41
66672, 4263.08
66679, 4291.28
66687, 4353.85
66695, 4414.36
66703, 4446.15
66711, 4419.49
66718, 4355.38
66726, 4292.82
66734, 4260
66743, 4288.21
66750, 4354.36
66758, 4410.26
66765, 4437.44
66773, 4426.15
66781, 4368.72
66789, 4294.36
66797, 4265.13
66804, 4295.9
66812, 4354.36
66820, 4417.44
66828, 4448.21
66836, 4421.54
66844, 4361.03
66851, 4294.87
66859, 4262.05
66867, 4285.64
66875, 4345.64
66883, 4413.33
66891, 4445.64
66898, 4423.59
66906, 4361.54
66914, 4290.77
66922, 4262.05
66930, 4292.31
66937, 4354.87
66945, 4417.44
66953, 4446.67
66961, 4423.08
66969, 4360.51
66977, 4294.36
66984, 4264.62
66992, 4293.85
67000, 4358.46
67008, 4414.87
67016, 4443.59
67023, 4426.15
67031, 4356.92
67039, 4288.72
67047, 4262.56
67055, 4287.69
67063, 4353.33
67070, 4416.92
67078, 4444.62
67086, 4422.56
67094, 4359.49
67102, 4291.79
67109, 4263.08
67117, 4294.87
67125, 4358.46
67133, 4416.41
67141, 4446.67
67149, 4426.67
67156, 4366.67
67164, 4305.64
67172, 4271.79
67180, 4286.67
67188, 4347.18
67195, 4417.95
67203, 4452.82
67211, 4424.62
67219, 4360.51
67227, 4294.87
67235, 4264.1
67242, 4292.82
67250, 4352.31
67258, 4417.44
67266, 4450.77
67274, 4421.03
67281, 4358.97
67289, 4297.44
67297, 4268.21
67305, 4294.87
67313, 4356.92
67321, 4421.54
67328, 4452.31
67336, 4423.08
67344, 4355.9
67352, 4289.74
67360, 4263.59
67367, 4301.54
67375, 4372.82
67383, 4424.1
67391, 4440
67399, 4425.64
67407, 4370.77
67414, 4301.03
67422, 4265.13
67430, 4284.1
67438, 4361.54
67446, 4423.59
67454, 4403.08
67461, 4362.56
67469, 4358.97
67477, 4361.54
67485, 4352.82
67493, 4350.77
67500, 4354.87
67508, 4353.33
67516, 4353.33
67524, 4356.92
67532, 4354.36
67540, 4353.85
67547, 4354.36
67555, 4355.38
67563, 4358.97
67571, 4353.33
67579, 4354.36
67586, 4365.64
67594, 4364.62
67602, 4352.82
67610, 4350.26
67618, 4362.05
67626, 4364.62
67633, 4352.82
67641, 4347.69
67649, 4351.79
67657, 4355.38
67665, 4356.92
67672, 4354.87
67680, 4353.85
67688, 4352.82
67696, 4351.28
67704, 4353.33
67712, 4357.95
67719, 4366.15
67727, 4364.62
67735, 4356.41
67743, 4357.44
67751, 4355.9
67758, 4359.49
67766, 4367.69
67774, 4360.51
67782, 4350.26
67790, 4353.33
67798, 4364.62
67805, 4369.74
67813, 4358.97
67821, 4351.28
67829, 4355.38
67837, 4358.46
67845, 4356.41
67852, 4356.41
67860, 4359.49
67868, 4356.92
67876, 4355.38
67884, 4358.97
67891, 4358.46
67899, 4360.51
67907, 4362.56
67915, 4361.03
67923, 4360
67930, 4358.46
67938, 4357.95
67946, 4355.9
67954, 4353.33
67962, 4355.9
67970, 4355.38
67977, 4358.46
67985, 4360
67993, 4357.95
68001, 4360
68009, 4358.46
68017, 4361.54
68024, 4363.59
68032, 4353.33
68040, 4355.38
68048, 4361.54
68056, 4350.77
68063, 4345.13
68071, 4352.82
68079, 4363.59
68087, 4364.1
68095, 4354.87
68103, 4355.9
68110, 4363.08
68119, 4358.97
68126, 4353.85
68134, 4362.05
68142, 4366.15
68149, 4354.87
68158, 4355.9
68165, 4367.69
68173, 4362.05
68182, 4354.36
68189, 4355.9
68196, 4357.95
68204, 4356.41
68212, 4355.38
68220, 4361.03
68228, 4364.62
68235, 4360
68243, 4353.85
68251, 4352.31
68259, 4355.9
68267, 4353.85
68275, 4353.33
68282, 4358.46
68290, 4355.9
68298, 4354.87
68306, 4358.97
68314, 4358.97
68321, 4360
68329, 4362.56
68337, 4361.03
68345, 4359.49
68353, 4361.03
68361, 4359.49
68368, 4353.85
68376, 4361.54
68384, 4370.26
68392, 4358.97
68400, 4355.38
68408, 4361.03
68415, 4359.49
68423, 4356.92
68431, 4356.41
68439, 4363.08
68447, 4369.74
68454, 4360.51
68462, 4347.69
68470, 4353.33
68478, 4363.08
68486, 4357.44
68494, 4353.33
68501, 4362.05
68509, 4362.05
68517, 4360.51
68525, 4362.05
68533, 4361.54
68540, 4365.64
68548, 4361.54
68556, 4355.9
68564, 4362.05
68572, 4362.05
68580, 4355.38
68587, 4356.92
68595, 4363.08
68603, 4358.97
68611, 4353.85
68619, 4361.03
68626, 4361.03
68634, 4351.79
68642, 4354.87
68650, 4359.49
68658, 4362.05
68666, 4365.13
68673, 4361.03
68681, 4355.38
68689, 4352.82
68697, 4353.33
68705, 4358.46
68712, 4365.64
68720, 4368.21
68728, 4363.59
68736, 4361.03
68744, 4362.05
68752, 4356.92
68759, 4353.33
68767, 4355.38
68775, 4359.49
68783, 4361.03
68791, 4364.1
68798, 4370.26
68806, 4359.49
68814, 4349.74
68822, 4357.44
68830, 4356.41
68838, 4353.33
68845, 4360
68853, 4358.97
68861, 4356.41
68869, 4360.51
68877, 4364.1
68884, 4362.56
68892, 4354.36
68900, 4354.36
68908, 4360.51
68916, 4359.49
68924, 4357.95
68931, 4362.05
68939, 4364.1
68947, 4357.44
68955, 4357.95
68963, 4362.05
68971, 4358.46
68978, 4361.54
68986, 4362.56
68994, 4359.49
69002, 4364.1
69010, 4366.67
69017, 4360
69025, 4354.87
69033, 4358.46
69041, 4363.08
69049, 4357.44
69057, 4355.9
69064, 4363.59
69072, 4361.03
69080, 4356.41
69088, 4364.1
69096, 4370.26
69103, 4360
69111, 4355.38
69119, 4367.18
69127, 4365.13
69135, 4356.92
69143, 4364.62
69150, 4370.26
69158, 4369.74
69166, 4362.05
69174, 4355.9
69182, 4367.18
69189, 4370.26
69197, 4356.41
69205, 4355.9
69213, 4365.13
69221, 4366.67
69229, 4362.05
69236, 4361.03
69244, 4359.49
69252, 4361.03
69260, 4365.64
69268, 4362.05
69275, 4357.95
69283, 4364.62
69291, 4369.74
69299, 4369.23
69307, 4369.74
69315, 4371.28
69322, 4370.26
69330, 4363.59
69338, 4357.95
69346, 4342.05
69354, 4326.15
69361, 4337.44
69369, 4351.28
69377, 4353.33
69385, 4352.31
69393, 4343.59
69401, 4343.08
69408, 4362.05
69416, 4379.49
69424, 4376.92
69432, 4377.95
69440, 4392.31
69448, 4397.44
69456, 4400.51
69463, 4411.79
69471, 4417.95
69479, 4420
69487, 4418.46
69494, 4416.41
69502, 4417.44
69510, 4415.9
69518, 4419.49
69526, 4424.1
69534, 4421.03
69541, 4413.33
69549, 4406.67
69557, 4409.74
69565, 4408.21
69573, 4400.51
69580, 4404.1
69588, 4404.62
69596, 4394.36
69604, 4389.23
69612, 4386.15
69620, 4383.59
69627, 4387.69
69635, 4396.92
69643, 4407.18
69651, 4404.62
69659, 4393.33
69666, 4384.1
69674, 4382.56
69682, 4384.62
69690, 4376.92
69698, 4375.38
69706, 4381.54
69713, 4380
69721, 4376.92
69729, 4375.38
69737, 4381.03
69745, 4385.13
69752, 4374.87
69760, 4365.64
69768, 4368.72
69776, 4373.33
69784, 4368.21
69792, 4365.64
69799, 4372.82
69807, 4370.26
69815, 4363.59
69823, 4361.03
69831, 4357.44
69838, 4360
69846, 4358.97
69854, 4356.41
69862, 4360.51
69870, 4356.41
69878, 4352.82
69885, 4358.97
69893, 4364.62
69901, 4361.03
69909, 4352.82
69917, 4357.44
69924, 4364.62
69932, 4358.97
69940, 4360.51
69948, 4372.82
69956, 4366.67
69964, 4349.23
69971, 4347.18
69979, 4357.44
69987, 4361.54
69995, 4356.41
70003, 4351.28
70011, 4354.36
70018, 4365.13
70026, 4362.05
70034, 4349.74
70042, 4353.85
70050, 4362.05
70057, 4361.03
70065, 4355.38
70073, 4354.36
70081, 4357.44
70089, 4354.87
70096, 4354.36
70104, 4355.38
70112, 4357.44
70120, 4365.64
70128, 4361.54
70136, 4351.28
70143, 4354.87
70151, 4361.54
70159, 4367.18
70167, 4370.77
70175, 4362.56
70183, 4357.95
70190, 4361.54
70198, 4360.51
70206, 4355.9
70214, 4357.95
70222, 4364.62
70230, 4366.67
70237, 4364.1
70245, 4352.82
70254, 4352.31
70262, 4365.64
70270, 4361.54
70277, 4355.9
70285, 4362.05
70293, 4362.56
70301, 4358.46
70309, 4355.38
70316, 4356.92
70324, 4362.56
70332, 4366.67
70340, 4364.62
70347, 4357.95
70356, 4362.05
70363, 4370.77
70370, 4365.13
70378, 4356.92
70386, 4356.41
70394, 4357.44
70402, 4358.46
70409, 4353.85
70417, 4353.85
70426, 4359.49
70433, 4358.46
70442, 4358.46
70449, 4356.92
70457, 4354.36
70464, 4355.38
70472, 4358.46
70480, 4361.54
70487, 4358.46
70495, 4355.9
70504, 4358.46
70512, 4361.54
70520, 4360
70528, 4356.41
70534, 4363.59
70543, 4365.64
70550, 4354.36
70558, 4355.38
70567, 4350.77
70575, 4329.23
70581, 4334.36
70589, 4365.64
70597, 4369.74
70606, 4350.77
70614, 4352.82
70621, 4366.15
70629, 4357.95
70637, 4346.15
70644, 4349.23
70652, 4360
70660, 4367.69
70668, 4369.74
70675, 4383.08
70683, 4389.23
70692, 4367.69
70700, 4355.38
70707, 4363.59
70715, 4370.77
70723, 4372.82
70731, 4378.46
70739, 4392.31
70746, 4396.92
70754, 4389.23
70761, 4389.74
70770, 4390.77
70777, 4388.21
70785, 4391.28
70792, 4394.87
70800, 4387.69
70809, 4377.95
70816, 4382.56
70824, 4391.28
70832, 4393.33
70839, 4400.51
70847, 4404.62
70855, 4401.54
70864, 4395.9
70872, 4390.77
70879, 4387.69
70887, 4386.15
70894, 4387.69
70903, 4387.18
70910, 4380.51
70919, 4383.08
70925, 4387.18
70934, 4385.64
70942, 4387.18
70950, 4386.15
70957, 4384.62
70964, 4385.64
70973, 4384.1
70981, 4380.51
70989, 4372.31
70996, 4376.92
71005, 4389.74
71012, 4384.62
71020, 4374.36
71027, 4373.85
71036, 4376.92
71043, 4378.97
71051, 4377.95
71059, 4373.85
71066, 4370.26
71075, 4373.33
71082, 4376.92
71091, 4376.92
71098, 4380.51
71106, 4381.54
71113, 4383.08
71122, 4388.21
71129, 4378.97
71137, 4369.23
71145, 4370.26
71153, 4371.28
71160, 4370.26
71169, 4375.38
71177, 4383.59
71184, 4374.36
71192, 4358.97
71199, 4364.1
71207, 4370.26
71215, 4370.77
71224, 4374.87
71231, 4366.67
71239, 4355.38
71246, 4358.97
71255, 4365.13
71263, 4364.62
71270, 4366.67
71277, 4371.28
71286, 4366.15
71294, 4362.56
71302, 4369.74
71309, 4368.72
71316, 4364.62
71325, 4368.72
71332, 4366.15
71341, 4358.46
71348, 4358.46
71356, 4366.15
71364, 4367.18
71372, 4363.08
71380, 4364.62
71388, 4364.62
71395, 4365.64
71403, 4371.79
71411, 4370.26
71419, 4367.18
71427, 4366.67
71435, 4371.79
71442, 4372.31
71449, 4357.95
71458, 4356.92
71465, 4369.23
71473, 4370.26
71482, 4366.15
71489, 4365.64
71496, 4366.15
71504, 4364.62
71512, 4364.1
71521, 4366.15
71529, 4365.13
71536, 4365.13
71543, 4366.67
71552, 4366.15
71560, 4368.21
71568, 4366.67
71575, 4365.13
71583, 4368.21
71591, 4370.26
71599, 4367.18
71607, 4362.05
71615, 4364.62
71622, 4370.26
71630, 4363.08
71638, 4363.08
71645, 4373.33
71653, 4373.33
71660, 4369.23
71669, 4366.67
71677, 4363.08
71685, 4355.38
71692, 4352.31
71701, 4361.54
71708, 4362.56
71716, 4362.05
71724, 4363.08
71732, 4360.51
71739, 4368.72
71747, 4376.41
71755, 4369.23
71763, 4362.05
71771, 4364.1
71779, 4365.64
71787, 4363.59
71794, 4366.15
71802, 4369.74
71810, 4366.15
71817, 4365.13
71826, 4370.26
71833, 4370.77
71841, 4367.18
71848, 4368.21
71857, 4374.87
71864, 4370.77
71873, 4358.46
71880, 4357.95
71888, 4364.62
71896, 4369.23
71904, 4367.69
71911, 4368.72
71919, 4372.82
71927, 4363.08
71934, 4360
71942, 4369.23
71951, 4368.21
71959, 4368.72
71965, 4371.28
71974, 4366.67
71982, 4367.18
71990, 4368.21
71998, 4365.64
72004, 4364.1
72013, 4366.15
72020, 4371.28
72029, 4367.69
72037, 4362.56
72044, 4366.67
72052, 4370.26
72060, 4358.46
72068, 4338.97
72076, 4349.74
72084, 4370.77
72092, 4357.95
72099, 4346.67
72107, 4358.97
72115, 4360.51
72123, 4348.72
72130, 4345.64
72138, 4348.72
72145, 4353.33
72154, 4367.18
72161, 4383.59
72170, 4400
72177, 4410.77
72184, 4406.15
72193, 4409.74
72201, 4423.08
72208, 4413.85
72217, 4413.33
72224, 4438.46
72231, 4443.59
72240, 4429.23
72248, 4428.21
72256, 4436.92
72264, 4439.49
72270, 4436.41
72278, 4438.97
72287, 4446.67
72295, 4450.26
72302, 4442.05
72310, 4433.85
72318, 4436.41
72326, 4437.95
72333, 4433.85
72341, 4430.77
72350, 4426.67
72357, 4424.1
72364, 4418.97
72373, 4416.41
72381, 4421.03
72389, 4421.54
72396, 4416.92
72404, 4412.82
72412, 4412.31
72420, 4415.38
72427, 4406.67
72436, 4396.92
72443, 4398.46
72451, 4401.54
72459, 4404.62
72466, 4401.03
72475, 4396.41
72482, 4399.49
72489, 4396.92
72497, 4397.95
72506, 4406.15
72514, 4410.26
72522, 4398.97
72528, 4385.64
72537, 4391.79
72545, 4395.38
72553, 4384.62
72560, 4382.56
72568, 4384.62
72576, 4387.18
72583, 4390.26
72591, 4386.67
72599, 4381.54
72608, 4383.59
72615, 4389.74
72623, 4387.69
72630, 4383.59
72639, 4385.64
72647, 4386.15
72655, 4389.23
72662, 4391.28
72670, 4388.21
72678, 4390.77
72686, 4389.23
72693, 4380
72701, 4378.97
72709, 4383.08
72716, 4391.79
72725, 4395.38
72732, 4390.77
72740, 4392.82
72747, 4391.79
72756, 4387.69
72764, 4390.77
72772, 4390.77
72779, 4387.69
72787, 4385.13
72794, 4388.72
72803, 4396.41
72811, 4394.87
72819, 4392.82
72826, 4396.41
72833, 4394.87
72842, 4390.77
72849, 4390.77
72857, 4393.33
72866, 4390.77
72873, 4390.26
72881, 4390.26
72889, 4387.69
72896, 4389.74
72905, 4392.31
72912, 4393.33
72919, 4393.33
72928, 4392.31
72935, 4397.95
72943, 4394.36
72952, 4381.03
72959, 4385.13
72967, 4392.31
72975, 4387.69
72983, 4389.23
72990, 4394.87
72999, 4391.79
73006, 4382.05
73014, 4385.13
73022, 4394.36
73030, 4389.74
73038, 4387.18
73045, 4392.82
73053, 4391.28
73060, 4386.15
73069, 4385.13
73077, 4388.72
73085, 4388.72
73092, 4387.69
73099, 4386.15
73108, 4384.1
73115, 4390.77
73124, 4393.85
73131, 4386.15
73139, 4388.72
73146, 4391.28
73155, 4380.51
73162, 4375.38
73171, 4383.59
73177, 4386.15
73186, 4382.05
73193, 4386.67
73202, 4387.18
73209, 4374.36
73218, 4373.33
73224, 4379.49
73233, 4382.56
73240, 4386.15
73249, 4383.08
73257, 4381.03
73264, 4383.08
73272, 4387.18
73280, 4389.23
73288, 4377.44
73296, 4371.79
73304, 4382.56
73310, 4385.13
73319, 4379.49
73327, 4383.59
73334, 4389.74
73343, 4383.08
73350, 4380.51
73358, 4393.33
73365, 4389.23
73374, 4369.74
73381, 4369.74
73390, 4382.05
73396, 4382.05
73405, 4375.38
73413, 4374.87
73421, 4381.03
73429, 4381.03
73436, 4382.05
73443, 4382.05
73452, 4382.56
73459, 4385.64
73468, 4381.54
73475, 4377.95
73483, 4381.03
73491, 4383.08
73499, 4381.03
73507, 4377.95
73515, 4382.05
73521, 4384.62
73530, 4382.05
73538, 4383.59
73546, 4381.54
73554, 4379.49
73562, 4389.23
73569, 4388.21
73577, 4376.41
73585, 4378.46
73592, 4385.13
73601, 4382.05
73608, 4378.46
73615, 4383.59
73623, 4385.64
73631, 4383.59
73640, 4385.13
73647, 4382.05
73654, 4385.13
73662, 4385.13
73671, 4381.03
73678, 4387.18
73687, 4385.13
73695, 4381.03
73702, 4387.69
73710, 4389.23
73718, 4385.64
73725, 4382.56
73734, 4382.56
73740, 4385.13
73749, 4385.13
73757, 4382.05
73765, 4383.08
73772, 4391.79
73780, 4396.92
73788, 4380.51
73796, 4368.21
73803, 4378.97
73811, 4386.67
73819, 4384.1
73827, 4386.15
73835, 4388.72
73842, 4382.05
73850, 4380
73859, 4382.56
73866, 4360.51
73873, 4348.72
73882, 4376.92, estimuli
73890, 4391.28
73897, 4370.77
73905, 4365.13
73912, 4385.64
73921, 4386.67
73929, 4373.85
73936, 4387.69
73944, 4402.56
73953, 4395.38
73959, 4396.92
73968, 4413.85
73976, 4423.59
73983, 4420.51
73992, 4420.51
73999, 4428.21
74007, 4420
74015, 4407.69
74022, 4411.79
74031, 4423.08
74038, 4427.69
74045, 4422.05
74053, 4420.51
74062, 4426.67
74070, 4422.05
74078, 4413.33
74085, 4412.31
74092, 4420
74101, 4426.67
74109, 4426.67
74117, 4427.18
74124, 4423.08
74131, 4416.92
74140, 4418.97
74148, 4422.56
74156, 4422.56
74164, 4418.46
74171, 4415.38
74179, 4417.44
74186, 4415.9
74195, 4409.74
74203, 4407.69
74211, 4417.44
74218, 4416.92
74226, 4394.36
74234, 4390.77
74242, 4402.05
74249, 4398.97
74258, 4395.9
74264, 4394.87
74272, 4390.26
74281, 4389.74
74289, 4389.23
74296, 4387.69
74303, 4387.69
74311, 4385.13
74319, 4387.18
74328, 4389.23
74335, 4387.69
74343, 4384.62
74350, 4381.03
74359, 4383.08
74367, 4381.54
74375, 4376.92
74383, 4377.44
74390, 4377.95
74397, 4382.56
74406, 4388.72
74413, 4390.77
74422, 4387.69
74430, 4388.72
74437, 4391.28
74444, 4378.46
74453, 4372.82
74460, 4385.13
74469, 4389.23
74476, 4382.05
74483, 4393.33
74492, 4433.33
74499, 4442.05
74507, 4373.33
74516, 4298.46
74523, 4289.23
74530, 4333.85
74539, 4402.56
74547, 4456.41
74554, 4466.15
74562, 4430.77
74570, 4367.69
74578, 4311.79
74586, 4294.36
74594, 4327.69
74602, 4394.36
74609, 4456.92
74616, 4478.46
74625, 4437.95
74632, 4363.08
74641, 4304.62
74648, 4286.15
74656, 4324.1
74663, 4395.9
74672, 4460.51
74679, 4483.08
74688, 4434.36
74695, 4352.82
74703, 4295.9
74710, 4289.74
74719, 4332.31
74726, 4393.33
74735, 4454.87
74741, 4474.36
74749, 4430.26
74758, 4358.97
74766, 4303.59
74774, 4292.82
74781, 4327.69
74789, 4389.74
74797, 4453.85
74804, 4472.31
74812, 4430.77
74821, 4364.62
74828, 4305.64
74836, 4292.31
74843, 4338.97
74852, 4406.15
74860, 4451.79
74867, 4462.56
74875, 4432.31
74882, 4362.56
74891, 4298.46
74899, 4289.74
74906, 4331.28
74913, 4395.38
74922, 4453.33
74929, 4469.74
74938, 4434.87
74946, 4363.59
74953, 4301.03
74960, 4291.28
74968, 4330.77
74976, 4394.36
74985, 4454.87
74993, 4475.9
75000, 4433.33
75008, 4355.38
75016, 4298.97
75024, 4285.13
75032, 4320
75039, 4390.26
75046, 4448.72
75054, 4469.23
75062, 4434.36
75070, 4358.97
75079, 4300
75085, 4286.15
75093, 4321.03
75101, 4387.18
75109, 4449.23
75118, 4467.69
75125, 4423.59
75133, 4349.23
75141, 4293.33
75149, 4287.69
75157, 4329.74
75164, 4392.82
75171, 4451.79
75179, 4467.69
75188, 4417.44
75196, 4344.62
75204, 4296.41
75212, 4284.62
75219, 4320.51
75227, 4392.82
75235, 4458.97
75243, 4467.18
75251, 4417.95
75258, 4352.82
75266, 4295.9
75274, 4286.15
75282, 4334.36
75289, 4398.46
75298, 4452.82
75305, 4464.1
75312, 4415.9
75320, 4349.74
75329, 4305.13
75337, 4292.82
75344, 4317.44
75352, 4381.03
75360, 4445.64
75368, 4456.41
75376, 4411.79
75383, 4342.56
75391, 4286.67
75398, 4278.46
75406, 4318.46
75415, 4385.13
75423, 4445.13
75430, 4458.46
75438, 4415.9
75445, 4346.15
75453, 4292.31
75462, 4278.46
75469, 4313.85
75477, 4386.67
75485, 4428.21
75493, 4411.28
75501, 4372.82
75508, 4350.77
75515, 4360
75524, 4367.69
75531, 4361.03
75539, 4358.46
75548, 4362.05
75555, 4366.67
75562, 4368.72
75570, 4372.31
75579, 4371.79
75587, 4369.74
75595, 4369.23
75602, 4366.67
75609, 4365.64
75617, 4368.21
75626, 4359.49
75634, 4349.74
75642, 4358.97
75649, 4370.77
75657, 4367.69
75665, 4360
75673, 4361.54
75680, 4360.51
75689, 4352.82
75696, 4359.49
75703, 4369.23
75711, 4370.77
75720, 4366.15
75728, 4353.85
75735, 4354.87
75742, 4367.69
75750, 4366.15
75759, 4358.97
75767, 4365.13
75774, 4375.38
75781, 4366.15
75789, 4352.82
75798, 4362.05
75805, 4368.72
75813, 4363.08
75821, 4361.03
75829, 4363.08
75836, 4363.08
75844, 4362.56
75853, 4367.18
75861, 4369.74
75867, 4364.1
75876, 4361.03
75884, 4361.03
75891, 4363.08
75899, 4369.23
75907, 4362.05
75915, 4356.92
75923, 4372.31
75930, 4374.87
75939, 4357.95
75947, 4358.46
75954, 4373.33
75961, 4364.62
75970, 4355.9
75977, 4373.33
75986, 4375.38
75992, 4358.97
76001, 4354.36
76009, 4359.49
76017, 4364.62
76025, 4362.56
76032, 4362.56
76039, 4366.15
76048, 4366.15
76055, 4367.18
76064, 4365.13
76072, 4362.56
76080, 4368.21
76087, 4373.33
76094, 4369.23
76103, 4354.36
76111, 4353.85
76119, 4371.79
76125, 4368.21
76134, 4363.08
76142, 4378.46
76149, 4377.95
76158, 4364.1
76166, 4363.08
76172, 4367.18
76180, 4363.08
76189, 4363.08
76197, 4367.69
76205, 4366.15
76211, 4362.05
76220, 4362.56
76227, 4364.1
76236, 4365.64
76243, 4364.1
76252, 4364.1
76258, 4364.1
76266, 4362.05
76274, 4365.13
76283, 4364.1
76291, 4361.03
76298, 4366.67
76305, 4365.13
76313, 4362.56
76321, 4366.15
76330, 4368.21
76338, 4365.64
76345, 4360
76353, 4369.23
76361, 4375.9
76368, 4357.95
76377, 4352.82
76384, 4365.13
76392, 4365.13
76399, 4363.08
76408, 4365.64
76415, 4362.05
76424, 4361.54
76430, 4367.69
76438, 4365.13
76446, 4359.49
76454, 4364.1
76462, 4366.67
76469, 4362.05
76478, 4364.1
76486, 4367.18
76493, 4364.62
76502, 4359.49
76510, 4361.03
76517, 4368.72
76525, 4364.62
76532, 4362.56
76541, 4364.62
76549, 4363.59
76555, 4369.23
76564, 4367.69
76571, 4364.62
76580, 4371.79
76587, 4370.26
76596, 4360
76603, 4358.46
76611, 4368.21
76618, 4374.87
76626, 4366.15
76635, 4355.38
76642, 4362.05
76649, 4369.23
76657, 4366.15
76665, 4370.26
76673, 4377.44
76682, 4367.18
76688, 4353.85
76697, 4363.08
76705, 4373.85
76713, 4371.28
76721, 4364.62
76728, 4364.62
76736, 4371.28
76744, 4367.18
76752, 4361.03
76759, 4364.62
76767, 4367.18
76775, 4368.72
76782, 4373.33
76791, 4376.41
76799, 4370.26
76806, 4357.44
76815, 4358.97
76822, 4367.69
76829, 4369.23
76837, 4368.21
76845, 4365.13
76853, 4367.18
76860, 4369.74
76869, 4365.64
76877, 4366.15
76884, 4364.1
76892, 4360.51
76901, 4364.1
76907, 4367.18
76915, 4368.72
76924, 4365.64
76932, 4362.05
76940, 4361.54
76947, 4362.56
76955, 4367.18
76962, 4367.69
76970, 4367.69
76978, 4369.23
76987, 4369.74
76994, 4373.33
77002, 4371.28
77009, 4367.18
77018, 4370.26
77026, 4370.77
77033, 4367.69
77040, 4365.64
77048, 4367.18
77056, 4372.82
77064, 4370.26
77073, 4368.21
77079, 4371.79
77088, 4372.82
77096, 4373.33
77104, 4369.23
77112, 4367.18
77120, 4369.74
77127, 4365.64
77136, 4364.1
77143, 4367.18
77151, 4365.64
77158, 4365.13
77165, 4368.21
77173, 4373.85
77181, 4370.26
77189, 4364.1
77197, 4371.79
77205, 4371.79
77212, 4366.15
77221, 4366.15
77229, 4367.18
77237, 4366.15
77244, 4361.03
77251, 4358.97
77259, 4363.08
77267, 4367.18
77276, 4370.77
77283, 4368.72
77292, 4365.13
77299, 4365.64
77307, 4367.18
77314, 4366.15
77323, 4365.64
77330, 4372.82
77338, 4375.9
77346, 4366.67
77354, 4369.23
77361, 4376.41
77370, 4371.28
77377, 4366.15
77385, 4368.21
77393, 4372.31
77401, 4368.21
77409, 4365.13
77417, 4378.46
77424, 4377.95
77432, 4359.49
77439, 4360
77448, 4371.28
77456, 4372.82
77463, 4370.26
77470, 4370.77
77479, 4370.26
77487, 4367.69
77494, 4370.77
77503, 4370.26
77510, 4364.62
77518, 4364.1
77526, 4366.15
77533, 4369.74
77542, 4368.21
77549, 4371.28
77557, 4379.49
77565, 4372.82
77573, 4365.64
77580, 4372.31
77588, 4374.36
77597, 4367.18
77604, 4364.62
77612, 4371.28
77619, 4368.21
77627, 4360.51
77636, 4371.79
77642, 4375.9
77650, 4362.05
77658, 4364.1
77666, 4374.87
77674, 4375.9
77683, 4368.21
77690, 4361.03
77698, 4366.15
77706, 4373.85
77713, 4373.85
77722, 4367.18
77728, 4366.67
77737, 4370.77
77744, 4368.72
77753, 4366.67
77761, 4364.1
77769, 4368.21
77776, 4373.33
77784, 4366.15
77791, 4363.08
77799, 4369.23
77808, 4366.15
77815, 4364.1
77823, 4370.26
77830, 4372.31
77839, 4371.28
77847, 4371.79
77854, 4372.82
77861, 4367.69
77870, 4364.62
77877, 4367.69
77886, 4366.15
77893, 4367.18
77901, 4369.74
77909, 4368.21
77916, 4367.18
77925, 4365.13
77932, 4367.18
77941, 4367.18
77947, 4365.64
77956, 4369.74
77963, 4370.26
77972, 4371.28
77980, 4372.31
77988, 4366.67
77995, 4367.18
78003, 4367.18
78011, 4362.05
78019, 4367.69
78027, 4372.31
78033, 4368.21
78042, 4368.72
78049, 4380.51
78057, 4378.46
78065, 4360
78074, 4358.46
78081, 4367.18
78088, 4367.69
78097, 4368.21
78105, 4366.15
78113, 4368.72
78120, 4372.82
78128, 4366.15
78136, 4361.54
78144, 4364.62
78152, 4370.26
78160, 4370.26
78166, 4361.03
78174, 4356.92
78182, 4358.97
78191, 4361.03
78199, 4366.15
78206, 4367.18
78214, 4362.05
78222, 4360.51
78230, 4364.62
78238, 4366.67
78245, 4362.56
78253, 4363.08
78260, 4367.69
78269, 4370.77
78276, 4369.74
78284, 4364.1
78292, 4363.59
78300, 4365.13
78308, 4363.59
78316, 4364.62
78324, 4365.64
78332, 4369.74
78338, 4366.15
78347, 4357.95
78355, 4364.62
78362, 4369.23
78371, 4365.13
78378, 4363.59
78386, 4363.59
78394, 4370.77
78402, 4371.28
78410, 4361.03
78418, 4362.56
78425, 4368.72
78432, 4368.21
78441, 4364.62
78449, 4366.67
78457, 4375.9
78463, 4380.51
78472, 4377.95
78480, 4370.26
78487, 4367.18
78495, 4369.74
78504, 4366.15
78510, 4366.15
78519, 4370.77
78527, 4366.67
78534, 4364.1
78543, 4372.82
78549, 4381.03
78558, 4378.46
78565, 4369.23
78574, 4367.69
78582, 4370.26
78590, 4373.33
78597, 4356.41
78605, 4318.46
78613, 4328.72
78621, 4372.31
78629, 4369.74
78636, 4345.13
78643, 4342.56
78651, 4350.77
78659, 4356.92
78667, 4368.21
78676, 4388.21
78682, 4407.69
78691, 4418.46
78699, 4416.92
78707, 4414.36
78714, 4424.62
78722, 4434.36
78729, 4435.38
78738, 4431.28
78745, 4425.13
78754, 4422.56
78762, 4422.56
78769, 4426.67
78776, 4428.21
78784, 4424.1
78793, 4434.87
78800, 4445.64
78809, 4434.36
78815, 4426.67
78824, 4435.38
78832, 4442.56
78840, 4435.38
78847, 4426.67
78854, 4428.21
78863, 4429.23
78870, 4430.26
78879, 4433.85
78887, 4428.21
78894, 4424.62
78901, 4428.72
78909, 4432.31
78918, 4424.62
78926, 4416.92
78934, 4418.46
78941, 4409.23
78949, 4395.38
78957, 4400
78964, 4401.54
78973, 4391.28
78981, 4386.67
78988, 4390.77
78995, 4392.31
79004, 4388.72
79011, 4386.67
79019, 4388.72
79026, 4390.26
79035, 4385.64
79042, 4377.95
79051, 4382.05
79059, 4387.18
79067, 4378.46
79074, 4376.41
79090, 4379.49
79091, 4377.44
79097, 4375.9
79106, 4378.46
79112, 4386.15
79120, 4381.03
79129, 4365.64
79137, 4367.18
79144, 4380.51
79153, 4387.18
79159, 4378.97
79167, 4370.77
79176, 4374.87
79183, 4373.85
79192, 4372.31
79198, 4380.51
79206, 4380
79214, 4375.9
79223, 4378.46
79230, 4381.54
79238, 4381.03
79245, 4381.03
79254, 4379.49
79262, 4375.9
79270, 4377.44
79277, 4378.46
79286, 4371.28
79292, 4370.77
79300, 4376.41
79309, 4375.38
79317, 4371.79
79325, 4375.38
79332, 4384.62
79340, 4374.36
79348, 4358.97
79356, 4369.23, estimuli
79363, 4381.03
79372, 4376.41
79378, 4370.77
79387, 4374.36
79394, 4381.03
79403, 4375.38
79410, 4369.74
79417, 4376.41
79425, 4377.95
79433, 4373.33
79441, 4371.28
79449, 4373.85
79458, 4374.87
79465, 4369.74
79473, 4369.23
79481, 4371.28
79488, 4372.31
79496, 4372.82
79503, 4370.77
79511, 4372.82
79519, 4374.87
79527, 4376.92
79536, 4381.03
79543, 4373.33
79551, 4367.18
79559, 4369.74
79566, 4369.23
79575, 4372.82
79582, 4374.36
79589, 4372.82
79598, 4372.31
79605, 4367.69
79613, 4369.23
79621, 4373.85
79629, 4369.23
79636, 4366.15
79644, 4373.33
79652, 4375.38
79661, 4370.26
79669, 4378.46
79677, 4381.54
79684, 4361.54
79692, 4355.9
79700, 4371.79
79708, 4372.82
79715, 4370.77
79723, 4380.51
79730, 4381.54
79739, 4368.72
79746, 4367.18
79755, 4377.44
79762, 4369.23
79770, 4356.92
79778, 4363.59
79786, 4371.79
79793, 4369.23
79801, 4364.1
79809, 4368.72
79816, 4372.31
79825, 4368.21
79832, 4368.72
79840, 4367.18
79849, 4363.59
79856, 4367.18
79863, 4365.64
79871, 4363.08
79880, 4364.62
79888, 4367.18
79895, 4370.26
79903, 4365.64
79911, 4365.13
79918, 4373.85
79926, 4371.79
79935, 4365.64
79941, 4368.72
79949, 4373.33
79958, 4384.1
79965, 4411.79
79974, 4420
79980, 4363.08
79989, 4291.79
79996, 4276.41
80005, 4307.69
80013, 4367.18
80020, 4434.87
80027, 4462.56
80036, 4431.28
80044, 4364.62
80051, 4300.51
80059, 4272.82
80066, 4303.59
80075, 4374.87
80082, 4436.92
80091, 4462.05
80099, 4434.87
80107, 4363.59
80113, 4300
80121, 4277.44
80129, 4307.69
80138, 4374.87
80146, 4438.46
80153, 4467.18
80160, 4440.51
80169, 4370.77
80177, 4297.44
80184, 4266.67
80193, 4303.59
80200, 4373.85
80207, 4434.87
80216, 4460.51
80224, 4427.69
80232, 4359.49
80239, 4297.44
80246, 4271.28
80254, 4300
80263, 4366.67
80271, 4437.44
80278, 4466.67
80286, 4428.72
80294, 4357.44
80302, 4293.85
80310, 4270.26
80318, 4304.62
80326, 4375.38
80332, 4440
80341, 4457.95
80348, 4424.62
80357, 4359.49
80364, 4298.97
80371, 4283.59
80379, 4315.9
80388, 4373.85
80395, 4432.82
80403, 4456.92
80412, 4429.23
80419, 4360.51
80426, 4293.85
80435, 4274.87
80443, 4306.15
80451, 4372.82
80457, 4438.46
80465, 4457.44
80474, 4428.72
80481, 4365.64
80490, 4297.44
80497, 4271.79
80504, 4305.64
80513, 4376.41
80521, 4438.46
80529, 4460.51
80537, 4435.38
80544, 4366.67
80552, 4294.87
80560, 4271.28
80568, 4308.72
80576, 4377.95
80584, 4443.08
80590, 4472.82
80599, 4433.85
80607, 4349.74
80614, 4288.21
80623, 4273.33
80630, 4305.64
80638, 4371.28
80645, 4438.46
80654, 4468.72
80661, 4428.72
80669, 4352.31
80676, 4298.97
80684, 4282.05
80693, 4305.13
80701, 4369.23
80708, 4440.51
80715, 4465.13
80724, 4426.67
80732, 4361.03
80740, 4300
80748, 4274.87
80756, 4307.18
80762, 4373.85
80771, 4442.56
80778, 4466.67
80787, 4424.1
80795, 4354.87
80802, 4299.49
80810, 4282.56
80818, 4312.31
80826, 4371.79
80833, 4435.9
80842, 4460
80848, 4427.69
80857, 4356.41
80864, 4291.28
80873, 4275.38
80880, 4308.72
80889, 4376.92
80895, 4444.1
80904, 4463.59
80911, 4428.72
80920, 4359.49
80927, 4299.49
80935, 4277.95
80943, 4304.1
80951, 4378.97
80959, 4433.85
80967, 4411.28
80974, 4371.79
80981, 4369.23
80990, 4377.44
80998, 4372.31
81005, 4367.69
81014, 4372.82
81021, 4375.9
81028, 4373.33
81037, 4369.74
81044, 4362.56
81053, 4362.56
81060, 4367.69
81067, 4369.74
81076, 4367.69
81084, 4368.21
81092, 4370.77
81100, 4367.18
81107, 4368.21
81114, 4377.44
81122, 4374.36
81131, 4365.64
81139, 4365.64
81147, 4370.77
81154, 4376.92
81162, 4373.85
81170, 4368.72
81178, 4366.15
81186, 4364.1
81193, 4369.74
81200, 4373.85
81209, 4374.36
81217, 4372.31
81225, 4367.69
81232, 4371.79
81240, 4374.36
81248, 4367.18
81256, 4358.46
81264, 4356.92
81271, 4364.1
81278, 4362.56
81287, 4358.46
81295, 4368.72
81303, 4374.87
81311, 4370.26
81318, 4363.08
81326, 4366.67
81334, 4376.92
81342, 4370.26
81349, 4363.59
81357, 4372.82
81365, 4372.31
81372, 4362.05
81381, 4361.54
81389, 4369.23
81397, 4369.23
81405, 4365.13
81412, 4366.15
81420, 4367.69
81427, 4373.33
81436, 4376.41
81444, 4367.18
81452, 4371.28
81459, 4377.44
81466, 4365.64
81475, 4360.51
81482, 4366.67
81490, 4369.23
81497, 4363.59
81506, 4363.08
81514, 4371.79
81521, 4374.36
81530, 4372.82
81538, 4369.23
81544, 4366.15
81553, 4367.18
81560, 4365.64
81569, 4368.21
81577, 4374.87
81584, 4372.82
81592, 4371.28
81600, 4370.77
81608, 4369.74
81616, 4368.21
81624, 4363.08
81630, 4365.64
81639, 4371.79
81646, 4366.15
81654, 4360.51
81662, 4367.18
81669, 4377.95
81677, 4374.87
81685, 4360.51
81693, 4353.85
81702, 4358.46
81709, 4369.23
81716, 4370.26
81724, 4361.54
81732, 4364.1
81740, 4366.67
81748, 4363.59
81756, 4362.56
81764, 4363.08
81772, 4368.72
81779, 4368.72
81788, 4365.13
81796, 4366.15
81803, 4367.69
81810, 4369.74
81819, 4368.72
81827, 4368.72
81835, 4370.26
81843, 4367.69
81849, 4367.69
81857, 4370.26
81865, 4368.21
81874, 4367.18
81882, 4370.26
81889, 4378.97
81897, 4380
81904, 4368.21
81912, 4364.62
81921, 4366.15
81928, 4366.67
81936, 4367.69
81943, 4365.13
81952, 4369.23
81959, 4376.41
81967, 4372.82
81975, 4364.1
81983, 4363.08
81990, 4373.33
81998, 4373.33
82006, 4366.67
82014, 4369.23
82022, 4369.74
82030, 4368.72
82038, 4369.74
82046, 4369.23
82054, 4369.23
82060, 4366.15
82069, 4366.15
82077, 4367.18
82085, 4369.23
82092, 4377.95
82100, 4371.79
82108, 4361.03
82116, 4371.28
82123, 4372.82
82132, 4357.95
82140, 4358.97
82146, 4373.85
82154, 4375.38
82162, 4372.82
82171, 4377.95
82178, 4371.79
82186, 4365.64
82193, 4368.72
82202, 4369.23
82209, 4369.23
82218, 4366.67
82226, 4362.56
82233, 4367.18
82241, 4367.18
82249, 4363.08
82257, 4364.62
82264, 4367.18
82273, 4370.77
82280, 4369.74
82288, 4368.21
82296, 4374.36
82304, 4381.54
82311, 4382.05
82319, 4365.64
82327, 4360
82334, 4370.26
82343, 4366.67
82350, 4363.59
82359, 4370.26
82365, 4370.26
82373, 4365.13
82382, 4364.1
82390, 4366.67
82397, 4368.21
82404, 4366.67
82412, 4365.64
82421, 4365.13
82429, 4366.15
82437, 4366.15
82444, 4365.64
82452, 4369.74
82460, 4368.72
82467, 4368.21
82475, 4368.21
82484, 4365.64
82491, 4367.18
82498, 4367.69
82506, 4370.77
82515, 4375.9
82522, 4373.33
82530, 4369.74
82538, 4367.69
82545, 4367.18
82554, 4364.1
82561, 4355.9
82569, 4361.54
82578, 4370.26
82584, 4360.51
82592, 4358.97
82600, 4366.15
82609, 4366.15
82617, 4365.13
82624, 4367.18
82631, 4364.62
82640, 4362.05
82647, 4368.21
82656, 4369.74
82664, 4364.1
82671, 4366.67
82679, 4368.21
82687, 4361.03
82695, 4358.97
82703, 4363.59
82710, 4366.67
82717, 4362.05
82726, 4367.18
82734, 4380.51
82742, 4367.69
82750, 4357.44
82757, 4365.64
82765, 4369.74
82773, 4370.26
82780, 4364.62
82789, 4362.05
82796, 4367.69
82804, 4368.21
82812, 4363.08
82820, 4363.59
82828, 4370.77
82836, 4371.79
82842, 4366.15
82850, 4367.69
82859, 4367.69
82867, 4365.13
82875, 4370.26
82881, 4369.74
82890, 4367.18
82897, 4371.28
82906, 4375.9
82914, 4371.28
82922, 4363.59
82929, 4369.74
82937, 4377.44
82945, 4370.77
82953, 4362.05
82960, 4356.92
82968, 4358.46
82975, 4363.59
82984, 4369.23
82991, 4371.79
83000, 4366.67
83008, 4365.64
83015, 4371.28
83023, 4369.23
83030, 4365.64
83039, 4364.1
83046, 4369.74
83055, 4373.85
83061, 4366.15
83070, 4367.69
83078, 4372.31
83086, 4362.56
83093, 4358.97
83100, 4365.64
83109, 4372.31
83117, 4374.87
83125, 4369.23
83132, 4365.13
83141, 4369.74
83148, 4372.82
83156, 4362.56
83164, 4359.49
83172, 4375.9
83179, 4378.97
83186, 4367.69
83194, 4363.08
83203, 4368.72
83210, 4373.85
83218, 4366.67
83227, 4366.67
83234, 4373.33
83242, 4368.72
83250, 4369.23
83258, 4371.79
83266, 4367.18
83273, 4369.23
83280, 4370.77
83288, 4368.21
83297, 4369.74
83304, 4372.31
83312, 4371.28
83320, 4368.21
83327, 4371.28
83336, 4375.38
83343, 4376.92
83352, 4375.38
83359, 4364.1
83366, 4360.51
83374, 4369.74
83382, 4369.74
83391, 4368.21
83398, 4372.31
83406, 4372.31
83413, 4370.77
83421, 4372.31
83429, 4373.33
83437, 4369.74
83444, 4367.18
83453, 4372.31
83460, 4371.28
83468, 4368.72
83477, 4373.85
83485, 4380.51
83492, 4375.9
83500, 4364.62
83508, 4370.77
83515, 4381.54
83524, 4375.9
83531, 4373.33
83539, 4374.87
83547, 4369.23
83555, 4368.72
83562, 4376.41
83571, 4375.9
83578, 4364.62
83585, 4370.77
83594, 4378.46
83601, 4361.54
83610, 4361.03
83618, 4380
83625, 4376.41
83633, 4362.56
83641, 4367.18
83648, 4373.33
83656, 4366.15
83663, 4371.28
83672, 4383.59
83680, 4375.38
83688, 4365.64
83695, 4367.18
83704, 4365.64
83711, 4365.64
83719, 4365.13
83727, 4364.62
83735, 4372.82
83742, 4375.9
83750, 4368.72
83758, 4366.67
83766, 4377.95
83774, 4377.44
83782, 4363.08
83790, 4366.67
83797, 4371.79
83805, 4366.15
83813, 4368.72
83821, 4370.26
83828, 4369.74
83836, 4371.28
83843, 4366.15
83851, 4365.64
83859, 4370.77
83867, 4370.77
83875, 4367.18
83883, 4366.67
83891, 4372.82
83899, 4371.28
83907, 4365.64
83915, 4367.18
83923, 4371.28
83930, 4371.28
83938, 4363.59
83946, 4367.69
83954, 4376.92
83961, 4373.85
83969, 4371.79
83977, 4372.82
83985, 4372.82
83992, 4369.74
84000, 4359.49
84009, 4357.95
84016, 4369.74
84023, 4371.28
84032, 4365.64
84040, 4365.64
84047, 4371.28
84055, 4371.79
84062, 4364.62
84071, 4362.05
84079, 4364.62
84086, 4372.31
84095, 4373.85
84102, 4362.56
84110, 4365.64
84118, 4375.9
84126, 4373.33
84133, 4368.72
84141, 4370.77
84149, 4374.87
84157, 4374.87
84164, 4375.9
84172, 4361.03
84180, 4329.74
84188, 4334.36
84196, 4368.21
84204, 4377.95
84211, 4358.46
84220, 4341.54
84226, 4345.13
84235, 4360.51, estimuli
84243, 4370.26
84250, 4371.79
84259, 4375.38
84267, 4390.77
84273, 4405.13
84282, 4410.26
84290, 4423.59
84298, 4435.9
84306, 4434.87
84312, 4426.15
84321, 4420.51
84329, 4431.28
84337, 4431.79
84345, 4418.97
84353, 4428.21
84359, 4438.97
84368, 4431.79
84376, 4429.23
84383, 4438.46
84391, 4444.62
84399, 4434.87
84407, 4425.13
84414, 4427.69
84423, 4430.26
84430, 4424.1
84439, 4419.49
84445, 4422.56
84453, 4427.18
84461, 4425.64
84469, 4421.54
84478, 4420.51
84485, 4429.74
84493, 4427.18
84500, 4412.31
84509, 4414.87
84516, 4418.46
84525, 4412.31
84532, 4410.26
84540, 4403.08
84547, 4395.9
84556, 4398.97
84564, 4401.54
84572, 4403.08
84578, 4401.54
84587, 4402.05
84594, 4409.74
84603, 4409.74
84610, 4394.87
84618, 4384.1
84625, 4390.26
84634, 4392.82
84642, 4386.67
84649, 4389.74
84656, 4390.77
84664, 4391.28
84673, 4393.85
84680, 4385.64
84689, 4376.92
84697, 4368.72
84704, 4364.62
84712, 4372.82
84720, 4376.41
84728, 4374.36
84736, 4374.87
84744, 4377.95
84751, 4380
84758, 4378.46
84766, 4380.51
84775, 4378.46
84783, 4371.28
84789, 4374.36
84797, 4375.38
84806, 4375.38
84813, 4385.13
84821, 4384.1
84829, 4364.1
84837, 4369.74
84845, 4415.9
84853, 4431.79
84861, 4370.26
84869, 4296.92
84875, 4276.92
84884, 4312.31
84892, 4371.79
84899, 4426.67
84908, 4457.44
84916, 4436.92
84923, 4369.74
84930, 4305.13
84938, 4276.41
84947, 4301.54
84955, 4368.72
84961, 4436.41
84970, 4463.08
84978, 4432.82
84986, 4367.18
84994, 4301.03
85002, 4273.33
85009, 4306.15
85017, 4373.33
85025, 4437.95
85033, 4461.54
85040, 4424.1
85048, 4358.97
85056, 4295.9
85064, 4265.13
85072, 4298.97
85080, 4369.74
85088, 4431.28
85095, 4454.87
85103, 4424.62
85111, 4360.51
85119, 4293.33
85127, 4262.56
85135, 4290.26
85142, 4358.97
85150, 4430.77
85158, 4453.33
85166, 4423.59
85174, 4365.13
85180, 4294.36
85189, 4261.03
85197, 4291.79
85204, 4362.05
85213, 4423.59
85221, 4447.69
85227, 4431.79
85236, 4371.28
85243, 4291.79
85252, 4261.54
85259, 4298.46
85267, 4364.1
85275, 4424.1
85283, 4453.33
85291, 4428.72
85299, 4359.49
85306, 4293.85
85313, 4269.74
85321, 4302.05
85329, 4372.31
85338, 4430.26
85345, 4456.92
85353, 4436.41
85360, 4365.13
85369, 4290.26
85377, 4264.62
85384, 4301.03
85392, 4366.67
85399, 4425.13
85407, 4458.46
85416, 4430.77
85423, 4348.72
85431, 4286.15
85439, 4274.87
85446, 4300
85455, 4356.41
85463, 4431.28
85471, 4468.21
85478, 4427.18
85486, 4353.85
85493, 4296.92
85501, 4274.87
85510, 4304.62
85518, 4369.23
85525, 4432.31
85533, 4455.9
85540, 4426.15
85549, 4364.62
85557, 4295.38
85564, 4265.64
85572, 4305.13
85579, 4371.79
85588, 4429.23
85596, 4453.85
85604, 4423.59
85611, 4362.05
85619, 4296.41
85627, 4266.15
85635, 4303.59
85643, 4376.92
85650, 4433.33
85658, 4451.79
85665, 4430.77
85674, 4364.62
85681, 4288.72
85690, 4265.64
85698, 4298.97
85705, 4368.21
85712, 4433.85
85721, 4457.44
85729, 4427.18
85737, 4354.36
85743, 4287.18
85751, 4265.64
85760, 4297.44
85768, 4368.72
85776, 4434.36
85784, 4454.87
85791, 4424.1
85799, 4356.92
85807, 4291.79
85815, 4264.1
85823, 4295.38
85830, 4376.92
85838, 4424.62
85846, 4403.08
85854, 4376.41
85861, 4372.31
85870, 4367.18
85877, 4356.41
85884, 4359.49
85893, 4361.03
85900, 4357.95
85909, 4368.72
85915, 4367.69
85924, 4357.44
85932, 4361.54
85939, 4364.62
85948, 4361.03
85955, 4359.49
85962, 4360
85970, 4359.49
85979, 4361.03
85987, 4363.08
85995, 4362.56
86002, 4364.1
86010, 4367.69
86018, 4362.56
86026, 4360
86034, 4364.1
86041, 4360.51
86048, 4360
86056, 4367.69
86064, 4365.64
86073, 4355.9
86081, 4357.44
86089, 4365.64
86096, 4358.97
86104, 4357.95
86111, 4367.18
86120, 4363.59
86128, 4358.46
86134, 4355.9
86143, 4356.41
86150, 4363.59
86159, 4366.67
86166, 4367.69
86175, 4369.74
86181, 4365.13
86190, 4356.41
86198, 4350.77
86206, 4360.51
86214, 4367.69
86221, 4355.9
86228, 4352.31
86237, 4364.1
86244, 4367.69
86253, 4360
86260, 4360.51
86268, 4370.77
86276, 4367.18
86284, 4356.41
86291, 4355.9
86300, 4357.44
86307, 4359.49
86314, 4357.95
86323, 4357.44
86330, 4364.1
86339, 4361.03
86347, 4357.44
86354, 4360
86362, 4359.49
86370, 4361.03
86377, 4363.59
86385, 4366.15
86392, 4361.54
86401, 4357.44
86409, 4364.1
86417, 4364.1
86424, 4360
86433, 4364.62
86440, 4367.18
86447, 4362.56
86455, 4358.46
86464, 4360.51
86471, 4365.13
86478, 4365.13
86487, 4364.1
86495, 4358.46
86503, 4352.31
86511, 4354.36
86519, 4351.79
86526, 4356.41
86534, 4364.62
86541, 4357.44
86550, 4348.72
86557, 4355.38
86564, 4369.74
86573, 4371.79
86580, 4362.56
86589, 4360.51
86597, 4360.51
86604, 4359.49
86611, 4363.59
86620, 4364.62
86628, 4359.49
86636, 4357.44
86643, 4367.18
86652, 4370.26
86659, 4361.03
86667, 4367.18
86675, 4371.79
86683, 4364.62
86691, 4366.67
86697, 4368.21
86705, 4362.05
86713, 4355.38
86721, 4355.9
86730, 4361.54
86737, 4361.54
86744, 4356.92
86753, 4353.85
86760, 4357.44
86768, 4362.05
86777, 4357.95
86783, 4357.95
86792, 4364.62
86800, 4361.54
86807, 4358.46
86815, 4358.46
86824, 4356.41
86830, 4354.36
86839, 4356.41
86847, 4362.05
86855, 4360.51
86863, 4360
86870, 4366.15
86878, 4362.56
86886, 4360
86893, 4361.03
86902, 4360.51
86910, 4371.28
86916, 4372.82
86925, 4358.97
86932, 4352.82
86940, 4357.44
86949, 4362.05
86956, 4360.51
86963, 4359.49
86971, 4361.03
86980, 4360
86988, 4361.03
86996, 4363.59
87003, 4363.59
87010, 4362.05
87018, 4362.56
87026, 4363.59
87035, 4358.46
87041, 4358.97
87050, 4364.62
87058, 4361.54
87066, 4362.56
87074, 4367.69
87081, 4367.69
87089, 4369.23
87097, 4366.67
87105, 4362.05
87113, 4360
87121, 4363.08
87128, 4368.21
87136, 4365.64
87144, 4366.15
87152, 4371.28
87160, 4365.13
87168, 4360.51
87175, 4364.1
87183, 4364.1
87191, 4359.49
87198, 4356.41
87206, 4361.03
87213, 4359.49
87222, 4356.41
87230, 4363.08
87238, 4362.05
87246, 4358.97
87253, 4361.03
87261, 4360
87280, 4360.51
87281, 4361.54
87285, 4363.08
87293, 4366.67
87301, 4365.64
87307, 4363.08
87316, 4364.1
87324, 4370.77
87332, 4372.31
87340, 4366.67
87347, 4371.28
87355, 4372.31
87362, 4366.15
87371, 4365.13
87379, 4365.64
87387, 4365.64
87394, 4362.56
87402, 4360.51
87409, 4366.15
87417, 4368.72
87426, 4367.18
87432, 4362.56
87440, 4360.51
87448, 4365.64
87456, 4363.59
87464, 4360.51
87472, 4362.05
87479, 4361.03
87489, 4361.54
87496, 4362.56
87504, 4366.15
87512, 4368.21
87519, 4359.49
87527, 4355.9
87535, 4364.1
87542, 4365.64
87550, 4360.51
87559, 4365.13
87566, 4375.38
87574, 4367.18
87581, 4353.33
87590, 4356.41
87597, 4358.97
87604, 4358.97
87612, 4361.54
87620, 4362.56
87629, 4365.13
87636, 4364.62
87645, 4364.1
87652, 4367.18
87659, 4368.72
87667, 4366.15
87676, 4356.92
87684, 4357.95
87691, 4362.56
87699, 4360.51
87707, 4365.13
87715, 4367.69
87722, 4360.51
87730, 4353.85
87737, 4353.33
87745, 4341.54
87754, 4326.15
87762, 4350.26
87770, 4382.56
87777, 4361.03
87785, 4336.92
87793, 4355.38
87801, 4357.44
87809, 4344.1
87817, 4363.08
87823, 4390.26
87831, 4392.82
87839, 4394.36
87848, 4406.15
87855, 4399.49
87864, 4393.85
87870, 4404.62
87878, 4408.72
87886, 4411.79
87895, 4412.31
87903, 4407.69
87910, 4409.23
87918, 4410.77
87926, 4410.77
87933, 4414.87
87942, 4416.41
87949, 4408.72
87957, 4400.51
87965, 4414.36
87973, 4424.1
87980, 4412.31
87989, 4404.1
87995, 4403.59
88003, 4401.54
88011, 4398.97
88019, 4398.97
88027, 4398.97
88035, 4403.59
88042, 4418.97
88050, 4417.95
88058, 4402.56
88066, 4404.62
88075, 4413.33
88082, 4411.79
88090, 4408.21
88098, 4403.59
88106, 4398.46
88114, 4395.9
88122, 4398.46
88129, 4396.92
88137, 4385.64
88144, 4388.21
88153, 4397.44
88160, 4389.74
88167, 4390.77
88175, 4402.05
88184, 4398.46
88192, 4382.56
88200, 4378.97
88208, 4386.15
88214, 4383.08
88223, 4382.56
88231, 4389.23
88239, 4386.67
88246, 4382.05
88254, 4379.49
88262, 4376.92
88270, 4377.95
88278, 4377.44
88285, 4375.9
88293, 4373.33
88300, 4372.31
88309, 4374.87
88317, 4372.31
88324, 4371.28
88333, 4371.28
88340, 4369.23
88348, 4369.74
88356, 4370.26
88363, 4375.9
88372, 4381.54
88380, 4382.05
88386, 4384.1
88395, 4379.49
88403, 4372.82
88410, 4371.28
88418, 4369.23
88425, 4367.18
88433, 4364.62
88441, 4368.21
88449, 4375.38
88457, 4373.33
88466, 4368.21
88472, 4364.1
88480, 4364.1
88488, 4367.69
88496, 4367.18
88504, 4367.69
88513, 4365.13
88519, 4356.41
88527, 4361.54
88536, 4371.28
88544, 4367.18
88551, 4366.67
88558, 4371.79
88566, 4365.64
88575, 4354.36
88582, 4360.51
88590, 4368.72
88598, 4364.62
88606, 4371.79
88613, 4375.38
88621, 4365.64
88630, 4362.05
88638, 4362.56
88645, 4364.1
88652, 4363.59
88660, 4363.59
88669, 4367.69
88677, 4362.05
88684, 4357.95
88692, 4361.03
88699, 4358.46
88707, 4357.95
88715, 4359.49
88724, 4362.56
88731, 4364.62
88739, 4362.05
88747, 4366.15
88755, 4369.23
88763, 4363.59
88771, 4358.97
88778, 4364.62
88786, 4370.26
88793, 4362.05
88802, 4359.49
88810, 4372.82
88816, 4373.33
88824, 4357.95
88832, 4350.26
88841, 4357.44
88849, 4360.51
88857, 4354.87
88864, 4360.51
88872, 4368.72
88879, 4363.08
88888, 4358.46
88896, 4357.44
88903, 4361.54
88911, 4363.08
88918, 4359.49
88926, 4361.03
88934, 4361.54
88943, 4364.62
88950, 4367.18
88957, 4361.54
88966, 4358.97
88973, 4364.1
88981, 4366.67
88989, 4361.03
88996, 4351.28
89004, 4355.38
89012, 4368.21
89021, 4351.28
89029, 4316.41
89036, 4323.59
89043, 4369.74
89052, 4372.82
89060, 4341.03
89067, 4348.21
89075, 4364.62
89083, 4360.51
89090, 4361.54
89099, 4368.21
89106, 4370.77
89115, 4377.44
89121, 4386.15
89129, 4382.56
89137, 4380
89146, 4388.21
89154, 4390.26
89162, 4391.28
89169, 4394.87
89176, 4389.74
89185, 4391.28
89192, 4393.33
89200, 4391.79
89207, 4397.95
89215, 4400
89224, 4400
89231, 4403.08
89240, 4400.51
89248, 4395.9
89255, 4392.31
89262, 4392.82
89270, 4396.92
89278, 4402.56
89287, 4406.67
89294, 4406.15
89301, 4405.13
89309, 4406.15
89317, 4406.67
89325, 4407.18
89333, 4399.49
89341, 4387.69
89349, 4382.56
89357, 4383.08
89364, 4388.21
89373, 4390.77
89380, 4389.74
89388, 4382.05
89396, 4366.15
89404, 4363.08
89411, 4366.15
89420, 4357.95
89426, 4350.77
89434, 4350.77
89442, 4363.08
89450, 4378.97
89459, 4370.77
89466, 4356.92
89473, 4362.05
89481, 4372.31
89490, 4365.13
89498, 4356.41
89505, 4362.56
89512, 4361.03
89521, 4353.33
89529, 4360
89537, 4366.15
89544, 4363.59
89553, 4359.49
89560, 4359.49
89567, 4361.03
89576, 4360
89584, 4361.54
89592, 4361.54
89599, 4363.08
89607, 4370.26
89615, 4368.72
89623, 4365.13
89631, 4361.03
89639, 4355.38
89645, 4358.97
89654, 4368.72
89661, 4374.87
89670, 4372.31
89677, 4360
89685, 4355.38
89692, 4357.44
89700, 4358.97
89709, 4361.54
89716, 4362.05
89725, 4363.59
89732, 4363.08
89740, 4362.56
89748, 4365.64
89756, 4364.1
89764, 4362.05
89771, 4358.97
89779, 4361.54
89787, 4371.79
89795, 4364.1
89803, 4353.33
89811, 4364.1
89818, 4369.74
89826, 4364.62
89833, 4362.56
89842, 4363.59
89850, 4362.56
89857, 4357.44
89864, 4354.87
89873, 4360.51
89881, 4369.23
89889, 4365.64
89896, 4355.38
89904, 4355.38
89911, 4357.95
89919, 4361.54
89927, 4362.56
89936, 4354.36
89942, 4354.87
89951, 4361.03
89959, 4358.46
89967, 4362.56
89974, 4353.33
89982, 4329.23
89990, 4332.31, estimuli
89998, 4361.54
90006, 4376.41
90014, 4362.56
90022, 4345.13
90030, 4334.87
90037, 4334.36
90045, 4350.77
90053, 4356.92
90060, 4355.38
90069, 4363.08
90076, 4375.38
90083, 4387.69
90092, 4390.77
90099, 4377.95
90107, 4368.72
90115, 4373.85
90123, 4381.03
90131, 4375.9
90139, 4374.36
90147, 4387.69
90155, 4394.36
90161, 4390.77
90170, 4387.18
90178, 4387.18
90186, 4392.31
90194, 4391.79
90201, 4392.82
90209, 4398.97
90217, 4394.87
90225, 4389.74
90232, 4394.87
90240, 4403.08
90248, 4404.1
90256, 4396.92
90263, 4394.87
90272, 4391.28
90279, 4386.67
90287, 4394.87
90295, 4400.51
90302, 4391.28
90311, 4380
90319, 4381.03
90326, 4391.28
90334, 4387.69
90341, 4378.97
90349, 4380
90358, 4381.54
90366, 4375.9
90373, 4364.62
90381, 4362.05
90389, 4369.23
90396, 4365.64
90404, 4359.49
90412, 4360
90420, 4361.03
90427, 4358.97
90436, 4358.97
90444, 4363.59
90452, 4364.62
90459, 4364.62
90467, 4362.56
90474, 4358.46
90482, 4360.51
90490, 4360
90498, 4360.51
90506, 4368.72
90513, 4366.15
90521, 4356.41
90530, 4355.9
90538, 4361.03
90546, 4360
90553, 4349.23
90560, 4347.18
90569, 4357.95
90577, 4362.05
90584, 4358.97
90592, 4373.33
90600, 4407.69
90607, 4412.31
90615, 4350.77
90624, 4280.51
90631, 4263.59
90638, 4300.51
90646, 4367.69
90655, 4431.28
90662, 4459.49
90670, 4427.69
90678, 4349.74
90686, 4286.67
90694, 4269.23
90702, 4300
90710, 4362.56
90717, 4427.18
90724, 4467.18
90733, 4432.31
90740, 4339.49
90749, 4277.44
90757, 4269.74
90765, 4301.54
90772, 4363.59
90780, 4432.31
90788, 4457.95
90795, 4421.03
90803, 4352.82
90812, 4289.23
90818, 4268.72
90827, 4304.1
90834, 4369.74
90842, 4434.87
90850, 4455.9
90858, 4421.54
90866, 4356.41
90874, 4286.15
90882, 4260.51
90889, 4298.97
90898, 4367.18
90905, 4431.28
90912, 4449.23
90921, 4410.26
90928, 4350.77
90937, 4292.82
90943, 4259.49
90951, 4285.64
90960, 4362.56
90968, 4436.41
90976, 4456.92
90983, 4417.44
90991, 4342.05
90998, 4279.49
91006, 4267.18
91014, 4302.05
91023, 4370.26
91030, 4432.82
91038, 4451.79
91045, 4422.56
91053, 4347.69
91061, 4278.46
91069, 4266.15
91077, 4301.54
91085, 4363.59
91093, 4431.28
91100, 4457.95
91108, 4417.95
91116, 4344.1
91124, 4284.1
91131, 4262.05
91140, 4298.97
91148, 4380
91155, 4442.56
91162, 4448.21
91171, 4406.15
91179, 4347.18
91187, 4293.33
91195, 4267.69
91202, 4299.49
91210, 4367.18
91217, 4429.23
91226, 4454.87
91233, 4416.92
91242, 4342.05
91249, 4283.08
91257, 4269.74
91264, 4306.67
91273, 4369.23
91281, 4432.31
91288, 4455.9
91295, 4410.77
91304, 4338.97
91312, 4283.59
91320, 4264.1
91328, 4298.97
91335, 4368.72
91343, 4430.77
91350, 4448.21
91358, 4417.44
91366, 4352.31
91374, 4277.95
91382, 4258.97
91389, 4303.08
91397, 4367.69
91407, 4430.26
91413, 4452.82
91421, 4414.87
91429, 4342.56
91437, 4282.05
91444, 4268.72
91453, 4308.21
91459, 4373.85
91468, 4431.79
91475, 4450.26
91484, 4416.41
91492, 4343.59
91500, 4276.41
91507, 4257.44
91515, 4297.95
91522, 4375.9
91531, 4438.46
91538, 4454.87
91546, 4421.54
91553, 4341.54
91562, 4272.82
91570, 4266.15
91577, 4312.31
91586, 4378.97
91593, 4412.31
91600, 4391.28
91608, 4364.62
91617, 4363.08
91625, 4365.64
91631, 4355.38
91640, 4355.9
91647, 4363.08
91656, 4358.46
91663, 4356.92
91672, 4361.54
91679, 4360.51
91687, 4355.9
91694, 4350.26
91703, 4350.77
91710, 4354.87
91717, 4358.46
91726, 4357.44
91734, 4353.33
91741, 4357.95
91749, 4363.59
91757, 4363.08
91765, 4358.97
91773, 4357.44
91781, 4368.21
91789, 4370.77
91797, 4354.87
91804, 4349.74
91812, 4354.87
91819, 4359.49
91828, 4360.51
91835, 4354.87
91844, 4355.9
91850, 4358.46
91858, 4355.38
91867, 4358.46
91875, 4362.56
91882, 4358.97
91890, 4354.87
91897, 4357.44
91906, 4364.1
91913, 4360.51
91922, 4352.31
91930, 4350.26
91937, 4353.33
91944, 4357.95
91953, 4356.92
91960, 4354.87
91969, 4357.95
91976, 4358.97
91984, 4356.41
91992, 4356.92
92000, 4366.67
92007, 4368.72
92015, 4354.87
92022, 4349.23
92031, 4350.77
92038, 4353.85
92046, 4356.41
92055, 4353.85
92062, 4356.41
92070, 4356.92
92078, 4351.79
92086, 4354.87
92093, 4357.95
92101, 4356.41
92109, 4358.46
92116, 4362.05
92125, 4363.08
92132, 4361.03
92141, 4363.08
92149, 4363.08
92156, 4358.46
92163, 4362.05
92171, 4365.64
92179, 4361.54
92188, 4356.41
92195, 4350.77
92203, 4352.82
92210, 4362.56
92219, 4370.77
92226, 4364.62
92234, 4350.26
92241, 4350.77
92249, 4361.03
92257, 4357.95
92265, 4351.28
92273, 4352.31
92281, 4358.46
92288, 4355.9
92297, 4354.36
92305, 4360.51
92312, 4354.87
92320, 4350.77
92327, 4358.97
92336, 4358.97
92344, 4351.28
92352, 4351.79
92360, 4356.92
92368, 4356.41
92375, 4353.33
92382, 4357.95
92391, 4358.97
92399, 4356.92
92407, 4359.49
92413, 4362.05
92422, 4363.59
92429, 4360
92438, 4357.95
92445, 4359.49
92453, 4353.85
92461, 4352.82
92469, 4353.33
92476, 4350.26
92485, 4353.33
92492, 4355.9
92499, 4356.92
92507, 4357.95
92515, 4356.92
92523, 4363.08
92531, 4364.1
92539, 4356.41
92546, 4354.87
92554, 4357.95
92563, 4363.59
92571, 4362.56
92578, 4355.38
92587, 4354.87
92594, 4356.41
92601, 4356.41
92609, 4355.9
92618, 4357.44
92625, 4358.46
92632, 4358.97
92641, 4363.08
92649, 4357.44
92657, 4346.15
92664, 4354.87
92673, 4363.08
92680, 4355.9
92688, 4354.87
92696, 4356.92
92704, 4356.41
92711, 4358.97
92718, 4363.59
92727, 4361.03
92735, 4354.36
92742, 4356.92
92751, 4358.46
92758, 4359.49
92765, 4363.59
92773, 4358.97
92781, 4356.41
92790, 4357.44
92798, 4357.44
92805, 4358.46
92812, 4355.38
92821, 4355.38
92829, 4357.44
92837, 4356.92
92845, 4360
92852, 4361.54
92860, 4361.03
92867, 4360.51
92876, 4354.36
92883, 4353.85
92891, 4356.41
92898, 4355.9
92907, 4361.54
92914, 4363.59
92923, 4357.44
92931, 4353.85
92938, 4360.51
92945, 4364.1
92954, 4358.46
92961, 4358.97
92970, 4360.51
92976, 4359.49
92984, 4360
92993, 4357.44
93000, 4357.44
93008, 4356.92
93016, 4354.87
93023, 4358.46
93032, 4360.51
93039, 4357.95
93048, 4357.95
93056, 4364.62
93062, 4374.87
93070, 4370.77
93079, 4357.95
93086, 4355.9
93095, 4359.49
93102, 4363.08
93110, 4365.64
93118, 4367.69
93125, 4367.18
93133, 4359.49
93141, 4361.03
93149, 4364.1
93157, 4360.51
93164, 4362.56
93173, 4364.1
93180, 4362.05
93189, 4360.51
93196, 4356.41
93204, 4355.9
93211, 4362.05
93220, 4364.62
93228, 4357.95
93236, 4353.85
93242, 4361.54
93251, 4364.62
93258, 4366.67
93266, 4366.67
93275, 4341.54
93282, 4314.87
93289, 4326.67
93298, 4358.46
93305, 4367.18
93314, 4355.38
93321, 4356.92
93329, 4353.85
93336, 4338.46
93345, 4350.77
93353, 4371.79
93361, 4368.72
93367, 4363.59
93375, 4378.97
93383, 4395.9
93391, 4390.26
93399, 4384.62
93408, 4391.28
93414, 4391.79
93423, 4386.67
93430, 4381.54
93438, 4386.15
93446, 4400
93454, 4399.49
93462, 4388.72
93470, 4389.74
93478, 4404.62
93486, 4404.1
93493, 4388.72
93501, 4390.77
93509, 4397.95
93516, 4398.97
93525, 4400.51
93533, 4400
93540, 4396.41
93547, 4389.74
93555, 4384.62
93564, 4390.26
93571, 4392.31
93579, 4388.21
93586, 4395.38
93595, 4400.51
93603, 4392.82
93611, 4387.69
93619, 4396.92
93638, 4396.92
93645, 4380.51
93649, 4381.54
93654, 4391.28
93659, 4391.28
93665, 4389.23
93673, 4388.21
93680, 4393.85
93689, 4395.9
93696, 4383.08
93705, 4376.92
93712, 4377.95
93720, 4375.38
93727, 4372.82
93735, 4368.72
93743, 4362.05
93752, 4360.51
93759, 4368.72
93767, 4368.72
93774, 4364.1
93782, 4371.79
93790, 4374.87
93799, 4369.23
93806, 4367.18
93814, 4365.64
93822, 4364.62
93830, 4360
93838, 4356.92
93845, 4359.49
93853, 4360
93861, 4359.49
93869, 4359.49
93877, 4363.59
93884, 4372.82
93892, 4363.08
93900, 4351.28
93908, 4355.9
93916, 4357.44
93924, 4354.87
93931, 4357.95
93939, 4361.03
93947, 4359.49
93954, 4358.46
93963, 4362.56
93971, 4369.23
93978, 4376.41
93985, 4373.33
93994, 4367.69
94002, 4372.82
94010, 4375.38
94016, 4372.31
94025, 4371.79
94033, 4370.26
94041, 4369.23
94048, 4367.69
94057, 4366.15
94064, 4367.69
94072, 4365.13
94080, 4360.51
94088, 4356.92
94096, 4361.03
94103, 4368.72
94110, 4355.38
94119, 4340.51
94127, 4347.18
94134, 4349.23
94143, 4342.05
94150, 4346.15, estimuli
94157, 4356.92
94165, 4360
94174, 4352.31
94182, 4353.85
94189, 4361.03
94197, 4360.51
94205, 4362.05
94212, 4367.18
94220, 4370.77
94228, 4371.28
94235, 4373.85
94243, 4378.97
94251, 4381.03
94259, 4385.13
94267, 4385.64
94275, 4380
94282, 4378.46
94290, 4377.95
94298, 4378.46
94306, 4381.03
94314, 4383.59
94321, 4387.69
94329, 4381.03
94337, 4372.31
94345, 4373.33
94353, 4373.33
94360, 4377.44
94368, 4376.41
94376, 4365.64
94384, 4364.62
94392, 4364.1
94400, 4357.44
94407, 4355.9
94415, 4355.38
94423, 4352.31
94431, 4350.26
94439, 4355.38
94447, 4358.97
94454, 4360
94462, 4363.59
94470, 4359.49
94478, 4355.9
94486, 4358.46
94493, 4361.54
94501, 4363.59
94509, 4358.97
94517, 4354.36
94525, 4357.44
94533, 4364.62
94540, 4369.74
94548, 4360.51
94556, 4346.67
94564, 4349.23
94572, 4356.41
94579, 4357.95
94587, 4357.44
94595, 4356.92
94603, 4357.95
94611, 4358.46
94619, 4360.51
94626, 4358.97
94634, 4352.31
94642, 4358.97
94650, 4365.13
94658, 4362.56
94666, 4359.49
94673, 4360
94681, 4361.54
94689, 4354.36
94697, 4345.64
94705, 4349.23
94712, 4354.36
94720, 4351.79
94728, 4351.79
94736, 4366.15
94744, 4363.08
94752, 4352.82
94759, 4390.77
94766, 4415.9
94775, 4358.46
94783, 4285.13
94791, 4261.03
94798, 4285.64
94806, 4348.21
94814, 4417.95
94822, 4450.77
94830, 4423.59
94838, 4358.97
94845, 4294.87
94853, 4263.08
94861, 4285.64
94869, 4345.64
94877, 4413.85
94884, 4452.82
94892, 4426.67
94900, 4357.44
94908, 4289.74
94916, 4262.56
94924, 4289.74
94930, 4351.28
94939, 4422.05
94946, 4458.97
94955, 4428.21
94963, 4354.36
94970, 4284.62
94978, 4253.33
94986, 4277.44
94994, 4346.15
95002, 4417.44
95010, 4445.64
95017, 4419.49
95025, 4354.36
95032, 4283.59
95040, 4257.44
95049, 4283.08
95056, 4342.05
95064, 4413.33
95072, 4450.26
95080, 4423.08
95088, 4347.18
95096, 4273.85
95103, 4248.21
95111, 4275.9
95119, 4344.1
95127, 4415.9
95135, 4439.49
95142, 4407.69
95150, 4346.67
95158, 4289.23
95166, 4254.36
95173, 4267.69
95182, 4336.41
95189, 4406.67
95196, 4428.21
95205, 4401.54
95213, 4341.54
95221, 4276.92
95228, 4246.67
95236, 4271.28
95244, 4334.36
95252, 4400.51
95260, 4436.41
95268, 4409.23
95275, 4338.97
95283, 4276.92
95291, 4245.64
95299, 4269.23
95307, 4340
95315, 4410.77
95322, 4442.05
95330, 4412.31
95338, 4340.51
95346, 4270.77
95354, 4243.08
95361, 4273.33
95369, 4340.51
95377, 4412.31
95385, 4435.9
95393, 4399.49
95401, 4337.44
95408, 4271.28
95416, 4245.13
95424, 4278.97
95432, 4334.87
95440, 4398.46
95447, 4439.49
95455, 4410.26
95463, 4341.03
95471, 4279.49
95479, 4247.69
95487, 4268.21
95494, 4336.41
95502, 4409.74
95509, 4438.46
95518, 4409.23
95526, 4337.95
95533, 4269.23
95541, 4250.26
95548, 4277.95
95557, 4338.97
95564, 4408.72
95573, 4437.44
95580, 4407.18
95588, 4345.64
95596, 4284.1
95604, 4245.13
95612, 4265.13
95619, 4344.62
95627, 4415.9
95635, 4432.82
95643, 4405.13
95651, 4340
95659, 4272.31
95666, 4251.28
95674, 4281.03
95682, 4337.95
95690, 4402.05
95698, 4434.36
95705, 4404.1
95713, 4336.92
95721, 4278.46
95729, 4249.23
95737, 4269.74
95745, 4341.54
95752, 4402.05
95760, 4391.79
95768, 4353.33
95776, 4353.85
95784, 4357.44
95792, 4332.31
95799, 4328.21
95807, 4344.1
95815, 4346.15
95823, 4342.05
95831, 4333.33
95838, 4334.87
95846, 4341.54
95854, 4338.46
95862, 4338.46
95870, 4340.51
95878, 4341.03
95885, 4338.97
95893, 4334.87
95901, 4342.05
95909, 4350.26
95917, 4346.67
95924, 4340
95932, 4338.97
95940, 4344.62
95948, 4343.08
95956, 4338.46
95964, 4340.51
95971, 4345.13
95979, 4350.26
95987, 4347.18
95995, 4341.03
96003, 4344.62
96010, 4353.85
96018, 4355.38
96026, 4342.56
96034, 4335.9
96042, 4342.05
96050, 4341.54
96057, 4343.08
96065, 4349.74
96073, 4344.62
96081, 4343.08
96089, 4347.18
96096, 4342.56
96104, 4338.97
96112, 4347.18
96120, 4356.92
96128, 4348.72
96136, 4335.9
96143, 4336.41
96151, 4341.54
96159, 4347.18
96167, 4348.72
96175, 4348.21
96182, 4348.21
96190, 4340.51
96198, 4336.41
96206, 4340.51
96214, 4347.18
96222, 4354.36
96229, 4349.23
96237, 4335.38
96245, 4332.31
96253, 4340
96261, 4345.64
96268, 4341.03
96276, 4337.44
96284, 4340.51
96292, 4335.9
96300, 4335.38
96308, 4344.1
96315, 4347.18
96323, 4343.08
96331, 4341.03
96339, 4344.62
96347, 4344.62
96355, 4343.59
96362, 4345.13
96370, 4342.56
96378, 4346.67
96386, 4349.23
96394, 4342.56
96401, 4343.59
96409, 4346.15
96417, 4344.1
96425, 4340
96433, 4341.54
96441, 4349.23
96448, 4344.1
96456, 4335.38
96464, 4338.97
96472, 4341.54
96480, 4340
96487, 4340.51
96495, 4344.1
96503, 4349.23
96511, 4348.72
96519, 4344.62
96527, 4341.54
96534, 4347.18
96542, 4349.74
96550, 4340.51
96558, 4341.54
96566, 4349.23
96573, 4345.64
96581, 4340.51
96589, 4342.05
96597, 4346.67
96605, 4345.13
96613, 4343.08
96620, 4348.21
96628, 4345.13
96636, 4346.67
96644, 4355.9
96652, 4345.13
96659, 4335.9
96667, 4344.1
96675, 4349.74
96683, 4347.69
96691, 4342.05
96699, 4339.49
96706, 4341.54
96714, 4345.13
96722, 4348.21
96730, 4344.62
96738, 4341.54
96745, 4343.59
96753, 4346.67
96761, 4349.23
96769, 4347.18
96777, 4344.1
96785, 4343.59
96792, 4344.62
96800, 4345.64
96808, 4343.08
96816, 4344.62
96824, 4345.64
96831, 4341.54
96839, 4344.62
96847, 4345.64
96855, 4347.18
96863, 4352.82
96871, 4344.62
96878, 4337.44
96886, 4338.97
96894, 4340
96902, 4345.13
96910, 4347.18
96918, 4343.59
96925, 4340.51
96933, 4339.49
96941, 4346.67
96949, 4354.36
96957, 4353.85
96964, 4345.64
96972, 4340
96980, 4341.54
96988, 4341.54
96995, 4346.15
97004, 4352.31
97011, 4347.69
97019, 4345.64
97027, 4347.18
97035, 4344.62
97043, 4344.1
97050, 4348.72
97058, 4352.31
97066, 4350.26
97074, 4349.74
97082, 4351.28
97090, 4343.08
97097, 4336.41
97105, 4337.95
97113, 4345.64
97121, 4352.31
97129, 4345.13
97136, 4338.46
97144, 4342.56
97152, 4341.03
97160, 4342.05
97168, 4351.79
97176, 4351.28
97183, 4340
97191, 4335.9
97199, 4341.54
97207, 4338.46
97215, 4338.46
97222, 4351.79
97230, 4350.26
97238, 4342.56
97246, 4342.05
97254, 4342.05
97262, 4342.56
97269, 4343.08
97277, 4343.08
97285, 4342.56
97293, 4347.18
97301, 4346.15
97309, 4337.95
97316, 4343.59
97324, 4351.28
97332, 4343.08
97340, 4338.97
97348, 4345.13
97355, 4347.18
97363, 4345.13
97371, 4340
97379, 4340.51
97387, 4340.51
97394, 4335.38
97402, 4340
97410, 4343.59
97418, 4342.05
97426, 4342.56
97434, 4348.21
97441, 4348.72
97449, 4344.1
97457, 4347.18
97465, 4347.69
97473, 4343.08
97481, 4344.62
97488, 4345.64
97496, 4346.67
97504, 4350.26
97512, 4350.26
97520, 4347.69
97527, 4343.59
97535, 4345.64
97543, 4349.74
97551, 4342.56
97559, 4337.44
97566, 4343.59
97574, 4336.92
97582, 4311.28
97590, 4306.15, estimuli
97598, 4336.41
97605, 4353.85
97613, 4340.51
97622, 4324.62
97628, 4317.95
97637, 4326.67
97644, 4346.67
97653, 4370.77
97660, 4391.28
97668, 4388.72
97676, 4377.95
97684, 4383.08
97692, 4391.28
97699, 4397.95
97710, 4394.36
97716, 4385.13
97722, 4385.13
97731, 4382.56
97739, 4375.38
97746, 4371.28
97754, 4378.97
97762, 4387.69
97770, 4384.62
97778, 4390.26
97785, 4397.44
97793, 4388.72
97801, 4379.49
97809, 4382.05
97817, 4389.74
97825, 4394.87
97832, 4406.67
97840, 4416.92
97848, 4408.21
97856, 4399.49
97864, 4396.41
97871, 4392.31
97879, 4396.92
97887, 4397.44
97895, 4387.69
97903, 4381.54
97911, 4383.08
97918, 4386.15
97925, 4377.95
97934, 4375.9
97942, 4391.28
97950, 4391.79
97957, 4375.38
97965, 4366.67
97973, 4373.33
97981, 4382.56
97989, 4378.46
97997, 4370.26
98004, 4366.67
98012, 4363.59
98020, 4362.56
98028, 4361.03
98036, 4358.97
98043, 4354.87
98051, 4352.31
98058, 4352.31
98066, 4351.28
98075, 4355.38
98083, 4353.33
98090, 4345.64
98098, 4348.21
98106, 4350.26
98114, 4347.69
98122, 4342.05
98130, 4333.33
98137, 4333.85
98145, 4339.49
98153, 4346.15
98161, 4350.26
98169, 4341.54
98176, 4337.44
98184, 4338.46
98192, 4345.13
98200, 4381.03
98208, 4393.85
98216, 4332.82
98223, 4262.05
98230, 4248.21
98238, 4282.05
98247, 4335.9
98255, 4395.9
98262, 4429.23
98270, 4398.97
98278, 4325.64
98286, 4261.03
98294, 4244.62
98302, 4277.44
98309, 4338.46
98317, 4407.18
98325, 4438.46
98333, 4404.1
98341, 4330.77
98348, 4268.21
98356, 4248.72
98364, 4273.85
98372, 4343.59
98379, 4424.62
98388, 4443.59
98394, 4393.85
98403, 4327.18
98411, 4269.23
98419, 4246.15
98427, 4276.41
98435, 4346.67
98441, 4413.85
98450, 4432.82
98458, 4403.59
98466, 4339.49
98474, 4270.77
98481, 4246.15
98489, 4278.46
98497, 4347.69
98505, 4410.77
98513, 4432.31
98521, 4400.51
98528, 4331.28
98536, 4270.26
98544, 4249.23
98552, 4280
98560, 4347.18
98567, 4411.28
98575, 4440.51
98583, 4412.31
98591, 4332.31
98599, 4258.46
98606, 4240.51
98614, 4282.05
98622, 4351.79
98630, 4411.28
98638, 4435.38
98646, 4402.05
98653, 4330.26
98661, 4269.74
98669, 4251.28
98677, 4283.59
98685, 4343.08
98692, 4401.54
98700, 4429.23
98708, 4397.95
98715, 4332.31
98724, 4273.33
98732, 4251.28
98739, 4284.1
98747, 4352.82
98755, 4419.49
98763, 4443.08
98771, 4406.15
98779, 4336.41
98786, 4272.82
98794, 4258.97
98802, 4293.85
98810, 4345.64
98818, 4408.21
98825, 4443.08
98835, 4402.56
98847, 4323.08
98849, 4263.59
98857, 4248.21
98865, 4278.46
98872, 4349.74
98880, 4419.49
98888, 4432.31
98896, 4396.92
98904, 4341.03
98911, 4274.87
98919, 4243.08
98927, 4274.87
98935, 4348.72
98943, 4415.9
98951, 4435.9
98958, 4398.97
98966, 4329.23
98974, 4270.26
98982, 4252.31
98990, 4282.05
98997, 4350.26
99005, 4417.44
99013, 4443.59
99021, 4406.15
99029, 4322.56
99037, 4258.46
99044, 4245.13
99052, 4280
99060, 4351.28
99068, 4414.87
99076, 4433.33
99084, 4396.92
99091, 4330.26
99099, 4269.23
99107, 4246.15
99115, 4283.59
99123, 4358.46
99130, 4418.97
99138, 4435.38
99146, 4402.56
99154, 4337.44
99162, 4275.9
99170, 4251.79
99177, 4284.62
99185, 4355.38
99193, 4402.56
99201, 4385.13
99209, 4341.54
99216, 4337.44
99224, 4349.74
99232, 4346.67
99240, 4340.51
99248, 4335.9
99256, 4342.56
99263, 4346.15
99271, 4332.82
99279, 4334.36
99287, 4346.67
99295, 4347.69
99302, 4343.59
99310, 4341.54
99318, 4345.64
99326, 4350.26
99334, 4346.67
99342, 4341.03
99349, 4342.05
99357, 4348.21
99365, 4343.59
99373, 4341.03
99381, 4346.15
99388, 4342.05
99396, 4337.95
99404, 4342.56
99412, 4345.64
99420, 4340.51
99428, 4338.46
99435, 4350.77
99443, 4348.72
99451, 4332.31
99458, 4336.41
99467, 4345.13
99473, 4340
99482, 4338.97
99490, 4342.05
99498, 4344.1
99506, 4343.59
99514, 4343.59
99521, 4343.59
99529, 4343.08
99537, 4347.69
99545, 4344.62
99553, 4336.92
99560, 4341.54
99567, 4345.64
99576, 4344.1
99584, 4343.08
99592, 4346.67
99600, 4345.64
99607, 4339.49
99615, 4342.56
99623, 4347.18
99631, 4338.46
99639, 4336.41
99647, 4348.21
99654, 4352.82
99662, 4342.56
99670, 4340
99678, 4346.67
99686, 4343.59
99692, 4340.51
99701, 4343.59
99709, 4342.05
99717, 4348.21
99725, 4350.26
99732, 4344.1
99739, 4343.08
99748, 4343.08
99756, 4351.79
99764, 4352.82
99772, 4336.92
99779, 4337.44
99787, 4346.67
99795, 4342.56
99803, 4338.46
99811, 4343.08
99819, 4348.21
99826, 4344.62
99834, 4342.05
99842, 4346.15
99850, 4343.59
99858, 4340
99865, 4347.18
99873, 4354.36
99881, 4343.08
99889, 4333.85
99897, 4343.59
99905, 4347.69
99911, 4343.08
99921, 4341.03
99928, 4338.97
99937, 4344.1
99944, 4347.18
99952, 4340.51
99960, 4342.05
99968, 4345.64
99976, 4345.13
99984, 4344.1
99992, 4342.05
99999, 4348.21
100007, 4350.26
100015, 4346.15
100023, 4342.05
100031, 4343.08
100038, 4349.74
100046, 4347.18
100054, 4342.56
100062, 4344.62
100070, 4345.64
100078, 4351.79
100085, 4350.77
100093, 4338.97
100101, 4338.46
100109, 4344.1
100117, 4345.13
100125, 4346.67
100132, 4350.26
100140, 4346.15
100148, 4334.87
100156, 4337.44
100163, 4349.23
100171, 4349.74
100179, 4342.56
100187, 4340
100195, 4341.54
100203, 4337.44
100211, 4340.51
100218, 4350.26
100226, 4349.74
100234, 4351.79
100241, 4349.23
100250, 4337.44
100257, 4342.56
100265, 4348.72
100273, 4346.15
100281, 4351.79
100289, 4354.87
100297, 4349.23
100304, 4335.38
100312, 4330.77
100319, 4347.69
100328, 4349.74
100336, 4337.95
100343, 4344.1
100351, 4348.72
100359, 4341.03
100367, 4341.03
100375, 4348.21
100382, 4348.21
100389, 4345.13
100397, 4346.15
100405, 4347.69
100413, 4350.77
100421, 4349.23
100428, 4345.13
100436, 4346.15
100444, 4345.64
100452, 4344.1
100460, 4345.13
100468, 4344.62
100475, 4344.1
100483, 4342.05
100491, 4342.56
100499, 4352.82
100507, 4350.26
100514, 4338.97
100522, 4335.9
100530, 4341.54
100538, 4348.21
100546, 4342.05
100554, 4336.92
100561, 4345.13
100569, 4348.72
100577, 4344.1
100585, 4340
100593, 4348.72
100601, 4350.77
100608, 4337.44
100616, 4341.03
100624, 4352.31
100632, 4341.54
100640, 4333.85
100647, 4340.51
100655, 4345.64
100663, 4345.13
100671, 4349.23
100679, 4351.28
100687, 4343.08
100694, 4342.56
100702, 4351.28
100710, 4349.23
100718, 4340.51
100726, 4335.38
100733, 4339.49
100741, 4342.56
100749, 4341.54
100757, 4348.72
100765, 4348.72
100773, 4343.08
100780, 4347.69
100788, 4348.72
100796, 4343.08
100804, 4342.05
100812, 4347.69
100819, 4348.21
100827, 4340.51
100835, 4341.54
100843, 4347.18
100851, 4347.69
100859, 4345.13
100866, 4338.46
100874, 4338.97
100882, 4343.59
100890, 4340
100898, 4340.51
100905, 4348.72
100913, 4356.41
100921, 4356.41
100929, 4347.69
100937, 4340.51
100945, 4337.95
100952, 4341.54
100960, 4343.59
100968, 4343.08
100976, 4349.23
100984, 4347.18
100991, 4340.51
100999, 4344.62
101007, 4348.72
101015, 4345.64
101023, 4338.46
101031, 4340
101038, 4349.23
101046, 4344.1
101054, 4336.92
101062, 4342.56
101070, 4344.1
101077, 4343.08
101085, 4343.59
101093, 4346.67
101101, 4349.23
101109, 4346.67
101117, 4348.21
101124, 4351.28
101132, 4346.15
101140, 4337.44
101148, 4337.95
101156, 4347.18
101163, 4348.21
101171, 4344.62
101179, 4343.08
101187, 4334.87
101195, 4333.85
101203, 4342.05
101210, 4346.67
101218, 4346.15
101226, 4340.51
101234, 4337.95
101242, 4337.44
101250, 4340
101257, 4346.67
101265, 4343.08
101273, 4342.56
101281, 4348.72
101289, 4347.18
101296, 4346.15
101304, 4343.59
101319, 4343.59
101320, 4349.23
101328, 4345.13
101336, 4345.64
101343, 4354.36
101351, 4346.15
101359, 4334.36
101367, 4341.54
101375, 4347.69
101382, 4336.41
101390, 4337.44
101398, 4350.77
101406, 4347.18
101414, 4345.13
101422, 4347.69
101429, 4341.03
101437, 4342.56
101445, 4347.18
101453, 4346.67
101461, 4345.64
101469, 4346.67
101476, 4347.18
101484, 4343.59
101493, 4344.62
101500, 4350.26
101508, 4349.23
101515, 4349.23
101523, 4345.64
101531, 4344.1
101539, 4349.23
101547, 4342.56
101555, 4341.54
101562, 4352.31
101570, 4349.74
101578, 4336.92
101586, 4335.38
101594, 4348.21
101601, 4350.26
101609, 4343.08
101617, 4347.18
101625, 4352.31
101633, 4346.15
101641, 4338.97
101648, 4345.64
101656, 4356.41
101664, 4349.23
101672, 4342.56
101680, 4348.72
101687, 4346.67
101695, 4340.51
101703, 4342.05
101711, 4345.13
101719, 4346.15
101727, 4343.08
101734, 4345.64
101742, 4352.31
101750, 4350.77
101758, 4345.64
101766, 4346.15
101773, 4349.23
101781, 4338.46
101789, 4336.41
101796, 4346.15
101805, 4317.95
101812, 4298.46, estimuli
101820, 4328.21
101828, 4348.21
101836, 4347.18
101844, 4343.08
101852, 4325.13
101859, 4316.92
101867, 4337.44
101875, 4357.44
101882, 4366.15
101890, 4384.62
101899, 4401.03
101906, 4403.08
101914, 4407.18
101922, 4404.1
101929, 4388.21
101938, 4374.36
101946, 4366.67
101953, 4368.72
101960, 4369.74
101969, 4372.31
101977, 4386.15
101985, 4387.69
101992, 4378.46
102000, 4381.54
102008, 4391.79
102016, 4396.41
102024, 4396.92
102032, 4403.08
102039, 4414.36
102046, 4422.05
102055, 4421.54
102063, 4412.31
102071, 4407.18
102078, 4410.77
102086, 4407.18
102094, 4400
102102, 4398.97
102110, 4411.28
102118, 4425.13
102125, 4410.26
102133, 4399.49
102141, 4414.36
102149, 4420.51
102157, 4413.85
102164, 4406.15
102172, 4390.26
102180, 4375.9
102187, 4384.62
102196, 4404.1
102204, 4394.36
102211, 4374.87
102219, 4377.95
102227, 4381.03
102235, 4373.33
102243, 4369.23
102250, 4375.38
102258, 4375.9
102266, 4370.26
102274, 4373.85
102282, 4372.31
102290, 4367.18
102297, 4370.77
102305, 4367.69
102313, 4359.49
102321, 4359.49
102329, 4362.05
102336, 4361.54
102344, 4354.87
102352, 4355.9
102360, 4362.05
102368, 4357.44
102376, 4350.77
102383, 4350.77
102391, 4357.44
102399, 4361.03
102407, 4354.36
102415, 4369.23
102423, 4407.69
102430, 4409.74
102438, 4349.23
102446, 4280
102454, 4263.59
102462, 4297.44
102469, 4354.87
102477, 4415.38
102485, 4443.59
102493, 4421.54
102501, 4356.92
102509, 4288.72
102516, 4262.05
102524, 4285.13
102532, 4356.92
102540, 4430.26
102548, 4448.21
102555, 4422.56
102563, 4366.15
102571, 4296.41
102579, 4261.54
102587, 4291.28
102595, 4363.08
102602, 4426.15
102610, 4452.31
102618, 4428.21
102626, 4363.08
102634, 4294.87
102641, 4262.56
102649, 4290.26
102657, 4358.97
102665, 4422.56
102673, 4458.46
102680, 4439.49
102688, 4358.46
102696, 4275.38
102704, 4246.67
102712, 4286.15
102720, 4365.64
102727, 4439.49
102735, 4469.23
102742, 4428.21
102751, 4347.18
102759, 4273.85
102767, 4244.1
102774, 4285.64
102782, 4372.31
102790, 4447.69
102798, 4469.23
102806, 4426.15
102814, 4347.69
102821, 4271.79
102829, 4247.69
102836, 4294.87
102845, 4371.28
102853, 4438.46
102860, 4464.62
102868, 4424.62
102876, 4348.21
102883, 4272.82
102892, 4243.59
102899, 4289.74
102907, 4375.9
102914, 4448.72
102923, 4468.72
102931, 4426.15
102939, 4345.64
102946, 4266.67
102954, 4241.54
102962, 4289.74
102970, 4373.33
102978, 4442.05
102985, 4462.56
102993, 4423.59
103001, 4340
103009, 4262.05
103017, 4244.1
103025, 4288.72
103032, 4369.74
103040, 4449.23
103048, 4478.46
103056, 4429.74
103064, 4334.87
103072, 4263.59
103079, 4247.18
103087, 4289.74
103095, 4373.33
103103, 4441.03
103111, 4461.03
103119, 4425.13
103126, 4337.44
103134, 4255.9
103142, 4237.95
103150, 4288.21
103158, 4367.69
103165, 4434.87
103173, 4466.67
103181, 4424.1
103189, 4327.69
103197, 4260
103204, 4244.1
103212, 4283.59
103220, 4368.21
103228, 4448.21
103236, 4467.69
103244, 4412.82
103251, 4329.74
103259, 4263.59
103267, 4248.21
103275, 4292.31
103283, 4368.21
103290, 4441.54
103298, 4464.1
103306, 4414.36
103314, 4331.28
103324, 4263.59
103332, 4248.72
103337, 4292.82
103345, 4369.23
103353, 4441.54
103361, 4461.54
103369, 4412.31
103376, 4334.87
103384, 4268.72
103392, 4248.21
103400, 4288.21
103408, 4371.28
103416, 4430.26
103423, 4404.1
103431, 4356.41
103439, 4354.87
103447, 4359.49
103455, 4351.28
103462, 4355.9
103470, 4361.54
103478, 4354.87
103486, 4348.21
103494, 4348.72
103502, 4349.23
103509, 4350.77
103517, 4354.87
103525, 4350.77
103533, 4352.31
103541, 4357.95
103548, 4353.85
103556, 4349.74
103564, 4350.77
103572, 4354.87
103580, 4354.36
103588, 4353.33
103595, 4356.41
103603, 4353.33
103611, 4353.85
103619, 4357.95
103627, 4355.38
103635, 4353.33
103642, 4351.28
103650, 4349.23
103658, 4352.31
103666, 4357.95
103674, 4363.59
103681, 4358.97
103689, 4353.33
103697, 4355.9
103705, 4350.77
103712, 4347.69
103721, 4354.87
103728, 4355.9
103736, 4350.26
103744, 4349.23
103752, 4352.82
103760, 4352.82
103766, 4354.36
103775, 4359.49
103783, 4357.44
103790, 4356.41
103799, 4353.85
103807, 4348.21
103814, 4351.28
103822, 4352.82
103830, 4349.74
103838, 4349.23
103846, 4349.23
103853, 4353.85
103860, 4351.79
103869, 4350.77
103877, 4353.33
103885, 4350.77
103893, 4356.92
103900, 4364.1
103908, 4356.92
103916, 4352.31
103924, 4349.74
103932, 4345.13
103939, 4345.64
103947, 4349.74
103955, 4352.31
103962, 4350.77
103970, 4352.82
103978, 4352.82
103986, 4347.18
103994, 4347.69
104003, 4350.77
104010, 4355.38
104017, 4354.36
104026, 4349.23
104032, 4352.31
104041, 4352.82
104049, 4349.23
104057, 4351.79
104065, 4352.31
104072, 4353.33
104080, 4352.82
104088, 4354.36
104096, 4358.97
104104, 4358.46
104112, 4358.46
104119, 4361.54
104127, 4356.92
104135, 4349.23
104143, 4347.18
104150, 4353.33
104158, 4357.44
104166, 4354.36
104174, 4354.36
104181, 4348.72
104190, 4343.08
104197, 4355.38
104205, 4364.62
104212, 4354.87
104221, 4345.64
104229, 4352.82
104237, 4356.92
104243, 4349.74
104252, 4352.82
104260, 4355.9
104268, 4352.82
104276, 4357.44
104284, 4359.49
104291, 4354.36
104299, 4350.26
104307, 4353.85
104315, 4361.54
104323, 4363.08
104329, 4364.62
104338, 4361.03
104346, 4348.21
104354, 4348.72
104362, 4352.82
104370, 4351.28
104377, 4350.77
104385, 4349.74
104393, 4352.82
104401, 4353.85
104409, 4354.87
104415, 4359.49
104424, 4354.87
104432, 4352.31
104440, 4359.49
104448, 4362.05
104456, 4356.92
104463, 4350.77
104471, 4351.28
104479, 4352.82
104487, 4355.9
104495, 4361.03
104502, 4355.9
104510, 4350.26
104518, 4352.31
104526, 4357.44
104534, 4365.64
104542, 4361.03
104549, 4351.79
104557, 4351.79
104565, 4350.77
104573, 4354.87
104581, 4358.97
104589, 4357.44
104596, 4357.44
104604, 4354.36
104612, 4356.41
104620, 4359.49
104628, 4356.41
104635, 4352.82
104643, 4355.38
104651, 4360.51
104659, 4360
104667, 4362.05
104675, 4364.62
104682, 4354.87
104690, 4350.77
104698, 4357.44
104706, 4353.33
104714, 4350.26
104721, 4350.77
104729, 4346.67
104737, 4350.77
104745, 4356.92
104753, 4353.85
104761, 4348.21
104768, 4353.85
104776, 4360
104784, 4357.95
104792, 4358.97
104800, 4356.92
104807, 4355.9
104815, 4358.46
104823, 4355.9
104830, 4356.92
104838, 4358.46
104847, 4352.82
104854, 4353.33
104861, 4351.79
104870, 4349.74
104878, 4351.79
104886, 4352.31
104893, 4355.38
104900, 4351.28
104909, 4348.72
104917, 4356.41
104925, 4358.46
104932, 4353.33
104940, 4354.87
104948, 4361.03
104956, 4357.44
104964, 4347.69
