0, 4310.26
1, 4317.44
2, 4319.49
3, 4315.38
4, 4320
5, 4323.08
6, 4316.92
7, 4320
8, 4328.21
9, 4324.1
10, 4315.9
11, 4314.87
12, 4320
13, 4323.08
14, 4326.67
15, 4328.72
16, 4322.56
17, 4320
18, 4327.18
19, 4336.41
20, 4336.92
21, 4327.18
22, 4321.03
23, 4317.95
24, 4317.95
25, 4323.59
26, 4325.13
27, 4324.62
28, 4326.67
29, 4322.56
30, 4313.33
31, 4307.18
32, 4305.13
33, 4303.59
34, 4300.51
35, 4302.56
36, 4305.13
37, 4305.13
38, 4303.08
39, 4305.64
40, 4312.31
41, 4312.31
42, 4313.33
43, 4314.87
44, 4312.82
45, 4317.95
46, 4322.05
47, 4315.9
48, 4310.77
49, 4304.1
50, 4295.9
51, 4300
52, 4303.08
53, 4298.46
54, 4293.33
55, 4291.79
56, 4297.95
57, 4297.44
58, 4288.72
59, 4287.18
60, 4296.92
61, 4307.18
62, 4316.92
63, 4273.85
64, 4316.41
65, 4332.82
66, 4076.41
67, 4175.38
68, 4412.82
69, 4285.13
70, 4314.36
71, 4356.92
72, 4309.23
73, 4338.46
74, 4332.82
75, 4348.72
76, 4344.62
77, 4348.21
78, 4359.49
79, 4348.21
80, 4352.82
81, 4345.64
82, 4341.54
83, 4346.15
84, 4340
85, 4338.46
86, 4335.9
87, 4337.44
88, 4342.05
89, 4339.49
90, 4339.49
91, 4341.03
92, 4338.97
93, 4338.46
94, 4337.44
95, 4336.92
96, 4339.49
97, 4343.08
98, 4346.15
99, 4350.26
100, 4355.38
101, 4358.97
102, 4367.18
103, 4376.92
104, 4375.9
105, 4374.36
106, 4378.97
107, 4384.1
108, 4383.08
109, 4381.03
110, 4384.62
111, 4388.72
112, 4391.79
113, 4389.23
114, 4383.08
115, 4381.03
116, 4381.03
117, 4379.49
118, 4373.85
119, 4367.69
120, 4367.69
121, 4368.72
122, 4366.67
123, 4360
124, 4351.28
125, 4349.23
126, 4348.72
127, 4342.56
128, 4336.41
129, 4331.79
130, 4330.26
131, 4328.21
132, 4324.1
133, 4324.1
134, 4330.77
135, 4334.36
136, 4330.77
137, 4327.69
138, 4328.21
139, 4328.21
140, 4325.64
141, 4323.59
142, 4320.51
143, 4320
144, 4322.56
145, 4320
146, 4321.54
147, 4324.1
148, 4321.03
149, 4323.08
150, 4327.69
151, 4328.21
152, 4325.13
153, 4323.08
154, 4320.51
155, 4317.95
156, 4318.46
157, 4321.54
158, 4326.67
159, 4327.69
160, 4321.54
161, 4320.51
162, 4321.03
163, 4320
164, 4320
165, 4317.44
166, 4312.31
167, 4308.72
168, 4305.64
169, 4301.03
170, 4300
171, 4301.03
172, 4300.51
173, 4301.54
174, 4302.56
175, 4298.97
176, 4300
177, 4301.03
178, 4298.46
179, 4304.62
180, 4310.26
181, 4309.23
182, 4310.77
183, 4315.9
184, 4315.38
185, 4313.33
186, 4319.49
187, 4321.54
188, 4317.95
189, 4321.03
190, 4326.67
191, 4329.23
192, 4331.79
193, 4331.79
194, 4325.64
195, 4325.64
196, 4328.72
197, 4319.49
198, 4311.79
199, 4321.54
200, 4331.28
201, 4329.23
202, 4327.18
203, 4329.74
204, 4331.79
205, 4331.79
206, 4328.21
207, 4323.59
208, 4327.69
209, 4330.26
210, 4304.62
211, 4346.15
212, 4372.82
213, 4225.13
214, 4370.26
215, 4613.33
216, 4341.54
217, 4114.87
218, 4322.05
219, 4357.95
220, 4227.18
221, 4330.26
222, 4365.13
223, 4304.62
224, 4342.56
225, 4328.72
226, 4324.62
227, 4333.85
228, 4333.85
229, 4339.49
230, 4342.05
231, 4340.51
232, 4339.49
233, 4348.21
234, 4347.18
235, 4340
236, 4347.18
237, 4354.36
238, 4347.69
239, 4338.46
240, 4335.9
241, 4335.38
242, 4343.08
243, 4354.87
244, 4351.79
245, 4343.59
246, 4352.31
247, 4362.05
248, 4357.44
249, 4360.51
250, 4374.87
251, 4381.54
252, 4378.97
253, 4377.95
254, 4377.44
255, 4372.82
256, 4364.62
257, 4356.92
258, 4361.03
259, 4371.79
260, 4371.79
261, 4371.28
262, 4375.9
263, 4375.38
264, 4370.77
265, 4376.41
266, 4382.56
267, 4372.82
268, 4370.26
269, 4378.97
270, 4381.54
271, 4375.38
272, 4370.77
273, 4376.92
274, 4380
275, 4373.85
276, 4370.77
277, 4373.85
278, 4377.44
279, 4379.49
280, 4376.41
281, 4368.72
282, 4361.54
283, 4358.97
284, 4356.92
285, 4350.77
286, 4344.1
287, 4340
288, 4334.36
289, 4332.31
290, 4331.79
291, 4330.77
292, 4330.26
293, 4331.28
294, 4330.26
295, 4326.67
296, 4324.1
297, 4318.97
298, 4309.74
299, 4304.62
300, 4300.51
301, 4298.97
302, 4304.1
303, 4304.62
304, 4295.9
305, 4294.36
306, 4303.08
307, 4306.67
308, 4302.56
309, 4301.54
310, 4300
311, 4298.46
312, 4308.21
313, 4316.41
314, 4312.82
315, 4311.28
316, 4317.95
317, 4322.05
318, 4315.38
319, 4318.46
320, 4331.28
321, 4332.31
322, 4333.33
323, 4341.54
324, 4343.08
325, 4337.95
326, 4334.87
327, 4336.92
328, 4339.49
329, 4343.08
330, 4345.64
331, 4347.69
332, 4351.79
333, 4350.77
334, 4345.64
335, 4343.59
336, 4341.54
337, 4339.49
338, 4339.49
339, 4335.38
340, 4329.74
341, 4330.26
342, 4330.26
343, 4327.18
344, 4325.64
345, 4323.59
346, 4318.46
347, 4317.95
348, 4322.56
349, 4320.51
350, 4319.49
351, 4318.46
352, 4312.31
353, 4311.28
354, 4320.51
355, 4332.82
356, 4335.38
357, 4327.69
358, 4325.64
359, 4336.41
360, 4339.49
361, 4324.62
362, 4317.44
363, 4326.67
364, 4333.85
365, 4331.79
366, 4332.31
367, 4333.85
368, 4328.72
369, 4322.05
370, 4322.05
371, 4324.1
372, 4321.03
373, 4320
374, 4326.15
375, 4333.33
376, 4333.85
377, 4324.62
378, 4320.51
379, 4331.79
380, 4336.92
381, 4326.67
382, 4325.13
383, 4333.33
384, 4333.85
385, 4333.33
386, 4341.03
387, 4344.62
388, 4335.38
389, 4329.74
390, 4334.36
391, 4337.95
392, 4337.44
393, 4335.9
394, 4329.23
395, 4322.56
396, 4322.56
397, 4326.15
398, 4329.74
399, 4331.79
400, 4328.21
401, 4324.62
402, 4328.21
403, 4330.26
404, 4328.72
405, 4326.15
406, 4327.18
407, 4331.28
408, 4336.41
409, 4336.41
410, 4329.74
411, 4325.13
412, 4330.77
413, 4335.38
414, 4333.33
415, 4337.44
416, 4338.46
417, 4331.28
418, 4349.74
419, 4365.64
420, 4328.72
421, 4275.38
422, 4262.05
423, 4267.69
424, 4275.38
425, 4296.41
426, 4308.21
427, 4289.23
428, 4268.72
429, 4274.87
430, 4284.62
431, 4287.69
432, 4305.64
433, 4328.72
434, 4337.95
435, 4338.97
436, 4328.72
437, 4314.36
438, 4316.92
439, 4322.56
440, 4319.49
441, 4317.44
442, 4313.85
443, 4314.36
444, 4323.59
445, 4326.15
446, 4321.03
447, 4321.54
448, 4323.59
449, 4314.87
450, 4296.92
451, 4293.33
452, 4302.56
453, 4296.41
454, 4283.59
455, 4283.59
456, 4286.15
457, 4283.08
458, 4280.51
459, 4280.51
460, 4281.03
461, 4277.44
462, 4273.33
463, 4278.46
464, 4284.62
465, 4282.05
466, 4277.95
467, 4278.97
468, 4282.56
469, 4280.51
470, 4276.41
471, 4277.44
472, 4278.97
473, 4278.46
474, 4282.56
475, 4285.64
476, 4281.03
477, 4277.95
478, 4282.56
479, 4286.15
480, 4286.15
481, 4284.62
482, 4282.05
483, 4282.56
484, 4283.08
485, 4279.49
486, 4278.97
487, 4286.15
488, 4285.64
489, 4276.92
490, 4281.54
491, 4294.36
492, 4294.87
493, 4291.79
494, 4294.87
495, 4292.82
496, 4286.15
497, 4285.13
498, 4289.23
499, 4291.28
500, 4288.72
501, 4287.69
502, 4291.79
503, 4291.79
504, 4291.28
505, 4295.9
506, 4294.87
507, 4292.31
508, 4298.46
509, 4301.03
510, 4293.33
511, 4292.31
512, 4297.44
513, 4300
514, 4305.13
515, 4307.69
516, 4304.62
517, 4303.59
518, 4307.18
519, 4308.72
520, 4306.15
521, 4302.05
522, 4302.05
523, 4308.21
524, 4308.72
525, 4302.56
526, 4302.05
527, 4308.72
528, 4308.21
529, 4305.13
530, 4308.21
531, 4312.31
532, 4313.33
533, 4317.44
534, 4324.1
535, 4319.49
536, 4307.18
537, 4309.23
538, 4322.05
539, 4320.51
540, 4311.28
541, 4309.74
542, 4310.26
543, 4311.79
544, 4314.36
545, 4314.36
546, 4314.36
547, 4318.46
548, 4318.97
549, 4313.33
550, 4312.82
551, 4314.87
552, 4311.28
553, 4305.13
554, 4305.64
555, 4310.77
556, 4311.28
557, 4308.72
558, 4306.15
559, 4305.13
560, 4310.77
561, 4319.49
562, 4317.95
563, 4304.62
564, 4306.15
565, 4322.05
566, 4323.59
567, 4312.31
568, 4311.79
569, 4319.49
570, 4316.41
571, 4306.15
572, 4306.15
573, 4315.38
574, 4318.46
575, 4312.82
576, 4309.74
577, 4315.9
578, 4323.59
579, 4315.38
580, 4322.56
581, 4364.62
582, 4374.36
583, 4312.82
584, 4240
585, 4223.59
586, 4272.82
587, 4306.67
588, 4303.08
589, 4369.23
590, 4440.51
591, 4393.85
592, 4297.95
593, 4228.21
594, 4220
595, 4269.23
596, 4324.62
597, 4387.69
598, 4432.82
599, 4390.77
600, 4303.08
601, 4235.38
602, 4221.03
603, 4267.69
604, 4318.46
605, 4379.49
606, 4433.33
607, 4386.67
608, 4294.87
609, 4242.05
610, 4236.92
611, 4274.36
612, 4320.51
613, 4382.56
614, 4433.33
615, 4388.72
616, 4298.97
617, 4241.54
618, 4236.92
619, 4278.46
620, 4324.1
621, 4380.51
622, 4434.87
623, 4394.87
624, 4300.51
625, 4249.23
626, 4249.74
627, 4276.92
628, 4314.36
629, 4386.15
630, 4445.13
631, 4394.36
632, 4301.03
633, 4252.31
634, 4250.77
635, 4283.59
636, 4327.69
637, 4385.64
638, 4428.21
639, 4385.64
640, 4304.62
641, 4255.9
642, 4251.28
643, 4288.21
644, 4338.46
645, 4394.87
646, 4430.77
647, 4382.05
648, 4300.51
649, 4254.36
650, 4250.26
651, 4282.05
652, 4323.08
653, 4376.41
654, 4423.59
655, 4387.18
656, 4300
657, 4249.23
658, 4257.44
659, 4291.28
660, 4324.1
661, 4382.56
662, 4428.72
663, 4379.49
664, 4294.87
665, 4256.92
666, 4263.59
667, 4291.79
668, 4327.18
669, 4386.15
670, 4435.38
671, 4391.28
672, 4302.56
673, 4255.38
674, 4258.97
675, 4290.77
676, 4323.08
677, 4372.82
678, 4422.56
679, 4386.15
680, 4298.46
681, 4249.23
682, 4253.85
683, 4288.21
684, 4330.26
685, 4387.18
686, 4427.69
687, 4386.67
688, 4306.15
689, 4259.49
690, 4258.46
691, 4277.95
692, 4312.82
693, 4383.59
694, 4431.28
695, 4380.51
696, 4301.03
697, 4265.13
698, 4271.28
699, 4296.92
700, 4326.67
701, 4387.69
702, 4433.85
703, 4380
704, 4298.97
705, 4266.67
706, 4265.13
707, 4287.69
708, 4325.13
709, 4368.21
710, 4377.95
711, 4333.85
712, 4327.18
713, 4354.36
714, 4316.92
715, 4296.41
716, 4343.59
717, 4351.28
718, 4327.18
719, 4328.21
720, 4333.85
721, 4330.77
722, 4328.21
723, 4330.26
724, 4335.38
725, 4342.56
726, 4338.97
727, 4329.23
728, 4325.13
729, 4328.72
730, 4330.77
731, 4332.82
732, 4333.85
733, 4328.21
734, 4325.64
735, 4328.72
736, 4328.72
737, 4328.21
738, 4330.77
739, 4331.79
740, 4330.26
741, 4328.72
742, 4327.18
743, 4327.69
744, 4330.26
745, 4333.33
746, 4331.28
747, 4324.62
748, 4322.56
749, 4330.77
750, 4333.85
751, 4328.21
752, 4329.74
753, 4340.51
754, 4338.46
755, 4326.67
756, 4327.18
757, 4334.87
758, 4336.41
759, 4337.95
760, 4338.46
761, 4328.72
762, 4323.59
763, 4332.31
764, 4338.46
765, 4328.72
766, 4315.38
767, 4321.54
768, 4335.38
769, 4332.82
770, 4324.1
771, 4327.69
772, 4332.31
773, 4329.74
774, 4332.82
775, 4333.85
776, 4328.72
777, 4331.28
778, 4338.46
779, 4340.51
780, 4336.92
781, 4334.36
782, 4331.28
783, 4331.28
784, 4330.26
785, 4326.67
786, 4328.72
787, 4336.92
788, 4337.44
789, 4331.79
790, 4334.87
791, 4340.51
792, 4340
793, 4338.97
794, 4338.46
795, 4336.41
796, 4334.36
797, 4332.82
798, 4329.23
799, 4328.72
800, 4336.41
801, 4341.03
802, 4335.38
803, 4332.82
804, 4334.87
805, 4334.87
806, 4338.46
807, 4341.54
808, 4332.82
809, 4324.62
810, 4329.23
811, 4336.41
812, 4337.44
813, 4336.92
814, 4336.92
815, 4335.38
816, 4329.23
817, 4327.18
818, 4331.28
819, 4332.31
820, 4333.33
821, 4338.97
822, 4337.95
823, 4333.85
824, 4336.92
825, 4337.44
826, 4332.82
827, 4333.33
828, 4335.9
829, 4334.87
830, 4334.36
831, 4337.95
832, 4336.92
833, 4336.41
834, 4340
835, 4335.38
836, 4327.18
837, 4330.77
838, 4340.51
839, 4338.97
840, 4335.38
841, 4335.38
842, 4328.72
843, 4324.1
844, 4330.77
845, 4334.87
846, 4330.77
847, 4327.69
848, 4330.26
849, 4334.87
850, 4336.92
851, 4335.38
852, 4333.33
853, 4333.85
854, 4335.38
855, 4335.38
856, 4332.31
857, 4331.28
858, 4333.85
859, 4334.87
860, 4334.36
861, 4336.41
862, 4337.95
863, 4330.77
864, 4329.74
865, 4338.97
866, 4338.97
867, 4332.82
868, 4333.85
869, 4335.38
870, 4336.41
871, 4338.97
872, 4335.38
873, 4333.85
874, 4338.46
875, 4336.41
876, 4334.87
877, 4341.03
878, 4340
879, 4331.79
880, 4331.79
881, 4336.41
882, 4336.92
883, 4338.46
884, 4341.54
885, 4342.56
886, 4343.08
887, 4346.15
888, 4344.1
889, 4336.41
890, 4333.33
891, 4337.44
892, 4338.97
893, 4333.85
894, 4331.28
895, 4335.9
896, 4340
897, 4337.95
898, 4337.95
899, 4342.05
900, 4341.54
901, 4335.38
902, 4330.77
903, 4330.77
904, 4333.33
905, 4337.44
906, 4338.97
907, 4336.92
908, 4337.44
909, 4337.95
910, 4338.46
911, 4338.97
912, 4338.97
913, 4336.92
914, 4341.03
915, 4346.15
916, 4340.51
917, 4333.85
918, 4333.33
919, 4335.38
920, 4335.38
921, 4338.97
922, 4341.03
923, 4338.97
924, 4335.9
925, 4336.41
926, 4342.05
927, 4341.54
928, 4334.87
929, 4336.41
930, 4343.08
931, 4340.51
932, 4336.41
933, 4340
934, 4335.38
935, 4326.67
936, 4330.26
937, 4336.92
938, 4336.41
939, 4336.41
940, 4337.44
941, 4338.97
942, 4341.54
943, 4340.51
944, 4336.92
945, 4335.38
946, 4333.33
947, 4333.85
948, 4337.44
949, 4339.49
950, 4338.97
951, 4338.97
952, 4339.49
953, 4336.41
954, 4333.33
955, 4336.41
956, 4337.44
957, 4335.38
958, 4334.87
959, 4337.95
960, 4340.51
961, 4336.41
962, 4332.31
963, 4337.95
964, 4341.54
965, 4334.87
966, 4333.33
967, 4338.46
968, 4334.87
969, 4331.79
970, 4337.44
971, 4341.03
972, 4337.44
973, 4332.31
974, 4329.74
975, 4330.77
976, 4335.9
977, 4341.54
978, 4337.44
979, 4333.33
980, 4335.38
981, 4337.95
982, 4337.95
983, 4340
984, 4339.49
985, 4334.36
986, 4331.28
987, 4333.85
988, 4336.41
989, 4335.9
990, 4334.87
991, 4338.46
992, 4341.54
993, 4340.51
994, 4336.92
995, 4336.92
996, 4338.97
997, 4336.41
998, 4336.92
999, 4341.03
1000, 4334.36
1001, 4324.1
1002, 4331.79
1003, 4341.54
1004, 4335.9
1005, 4334.87
1006, 4344.1
1007, 4345.13
1008, 4338.97
1009, 4336.92
1010, 4340
1011, 4345.13
1012, 4338.46
1013, 4340
1014, 4366.15
1015, 4349.23
1016, 4292.82
1017, 4280
1018, 4290.77
1019, 4285.13
1020, 4291.28
1021, 4300
1022, 4284.62
1023, 4270.77
1024, 4269.74
1025, 4266.67
1026, 4268.72
1027, 4283.59
1028, 4300.51, estimuli
1029, 4308.21
1030, 4309.74
1031, 4310.77
1032, 4313.33
1033, 4318.46
1034, 4315.38
1035, 4306.67
1036, 4307.69
1037, 4310.26
1038, 4305.64
1039, 4302.05
1040, 4304.1
1041, 4307.69
1042, 4308.21
1043, 4306.15
1044, 4306.67
1045, 4306.67
1046, 4298.97
1047, 4290.77
1048, 4286.15
1049, 4280
1050, 4279.49
1051, 4289.23
1052, 4288.72
1053, 4273.33
1054, 4269.74
1055, 4276.92
1056, 4275.38
1057, 4271.28
1058, 4271.28
1059, 4274.87
1060, 4280.51
1061, 4282.05
1062, 4286.15
1063, 4293.33
1064, 4290.77
1065, 4288.21
1066, 4292.82
1067, 4293.85
1068, 4297.44
1069, 4306.15
1070, 4304.1
1071, 4298.97
1072, 4298.97
1073, 4297.95
1074, 4302.56
1075, 4309.23
1076, 4309.23
1077, 4311.79
1078, 4316.41
1079, 4312.31
1080, 4308.72
1081, 4313.33
1082, 4318.97
1083, 4318.97
1084, 4314.87
1085, 4310.26
1086, 4308.21
1087, 4313.33
1088, 4317.95
1089, 4319.49
1090, 4324.62
1091, 4328.21
1092, 4323.08
1093, 4316.92
1094, 4317.95
1095, 4322.56
1096, 4321.03
1097, 4318.97
1098, 4320
1099, 4314.87
1100, 4311.28
1101, 4320.51
1102, 4328.21
1103, 4330.77
1104, 4333.33
1105, 4331.28
1106, 4329.74
1107, 4329.23
1108, 4323.59
1109, 4324.62
1110, 4330.26
1111, 4330.77
1112, 4332.31
1113, 4331.79
1114, 4327.69
1115, 4330.77
1116, 4335.9
1117, 4332.82
1118, 4329.74
1119, 4334.36
1120, 4335.38
1121, 4330.77
1122, 4328.21
1123, 4321.03
1124, 4335.9
1125, 4383.59
1126, 4391.79
1127, 4333.33
1128, 4271.28
1129, 4246.15
1130, 4272.31
1131, 4304.62
1132, 4336.92
1133, 4414.36
1134, 4447.69
1135, 4379.49
1136, 4285.13
1137, 4235.9
1138, 4255.38
1139, 4298.46
1140, 4356.92
1141, 4433.33
1142, 4443.59
1143, 4362.56
1144, 4287.69
1145, 4245.64
1146, 4244.62
1147, 4291.28
1148, 4353.85
1149, 4432.31
1150, 4448.21
1151, 4364.62
1152, 4288.21
1153, 4251.28
1154, 4253.85
1155, 4295.9
1156, 4353.33
1157, 4429.23
1158, 4447.69
1159, 4356.92
1160, 4262.56
1161, 4231.79
1162, 4251.79
1163, 4288.21
1164, 4341.54
1165, 4421.54
1166, 4432.31
1167, 4340
1168, 4259.49
1169, 4228.21
1170, 4234.87
1171, 4272.82
1172, 4327.18
1173, 4398.97
1174, 4418.46
1175, 4342.05
1176, 4262.05
1177, 4230.77
1178, 4245.64
1179, 4281.54
1180, 4333.33
1181, 4408.21
1182, 4419.49
1183, 4337.44
1184, 4267.18
1185, 4245.64
1186, 4255.9
1187, 4285.64
1188, 4333.85
1189, 4404.1
1190, 4424.1
1191, 4350.77
1192, 4268.72
1193, 4236.41
1194, 4258.97
1195, 4301.54
1196, 4343.08
1197, 4411.79
1198, 4435.9
1199, 4356.41
1200, 4273.85
1201, 4247.69
1202, 4264.1
1203, 4298.97
1204, 4343.08
1205, 4403.08
1206, 4414.87
1207, 4343.08
1208, 4273.85
1209, 4250.26
1210, 4261.03
1211, 4293.85
1212, 4346.67
1213, 4414.36
1214, 4424.1
1215, 4350.26
1216, 4279.49
1217, 4254.87
1218, 4270.26
1219, 4302.56
1220, 4345.13
1221, 4411.79
1222, 4427.69
1223, 4350.26
1224, 4274.36
1225, 4252.31
1226, 4269.74
1227, 4304.1
1228, 4347.69
1229, 4411.79
1230, 4427.18
1231, 4349.23
1232, 4268.21
1233, 4247.69
1234, 4268.21
1235, 4293.33
1236, 4337.95
1237, 4413.85
1238, 4424.1
1239, 4344.62
1240, 4283.59
1241, 4268.72
1242, 4274.87
1243, 4295.9
1244, 4341.54
1245, 4410.77
1246, 4422.56
1247, 4346.67
1248, 4274.36
1249, 4250.26
1250, 4264.1
1251, 4300.51
1252, 4344.1
1253, 4384.1
1254, 4366.67
1255, 4325.13
1256, 4349.23
1257, 4350.77
1258, 4294.36
1259, 4311.28
1260, 4358.97
1261, 4335.9
1262, 4313.33
1263, 4326.67
1264, 4333.85
1265, 4330.26
1266, 4326.67
1267, 4326.67
1268, 4334.36
1269, 4336.41
1270, 4325.64
1271, 4321.54
1272, 4326.15
1273, 4328.72
1274, 4328.72
1275, 4332.31
1276, 4333.85
1277, 4332.82
1278, 4335.38
1279, 4336.92
1280, 4337.95
1281, 4334.87
1282, 4329.23
1283, 4331.28
1284, 4335.9
1285, 4331.28
1286, 4330.77
1287, 4340.51
1288, 4341.54
1289, 4335.9
1290, 4336.92
1291, 4337.95
1292, 4335.9
1293, 4335.38
1294, 4333.85
1295, 4335.9
1296, 4337.95
1297, 4331.79
1298, 4330.77
1299, 4335.9
1300, 4335.9
1301, 4333.85
1302, 4335.38
1303, 4336.41
1304, 4336.41
1305, 4337.95
1306, 4338.46
1307, 4339.49
1308, 4341.03
1309, 4339.49
1310, 4337.44
1311, 4337.95
1312, 4338.46
1313, 4335.38
1314, 4334.87
1315, 4336.41
1316, 4338.46
1317, 4339.49
1318, 4335.38
1319, 4329.74
1320, 4333.33
1321, 4341.03
1322, 4340
1323, 4334.36
1324, 4333.33
1325, 4335.9
1326, 4337.95
1327, 4335.38
1328, 4330.77
1329, 4329.23
1330, 4330.26
1331, 4333.33
1332, 4336.92
1333, 4336.41
1334, 4336.92
1335, 4340
1336, 4338.46
1337, 4333.85
1338, 4332.31
1339, 4334.87
1340, 4337.44
1341, 4335.9
1342, 4334.36
1343, 4334.36
1344, 4334.87
1345, 4334.36
1346, 4334.36
1347, 4337.44
1348, 4338.46
1349, 4338.97
1350, 4339.49
1351, 4335.38
1352, 4327.69
1353, 4325.13
1354, 4329.74
1355, 4332.82
1356, 4331.28
1357, 4334.87
1358, 4338.46
1359, 4333.85
1360, 4329.74
1361, 4334.87
1362, 4339.49
1363, 4336.92
1364, 4336.41
1365, 4336.92
1366, 4334.87
1367, 4334.36
1368, 4338.97
1369, 4341.54
1370, 4338.46
1371, 4339.49
1372, 4343.59
1373, 4337.44
1374, 4331.28
1375, 4336.92
1376, 4344.1
1377, 4343.59
1378, 4339.49
1379, 4336.41
1380, 4338.46
1381, 4343.59
1382, 4344.1
1383, 4340.51
1384, 4337.95
1385, 4339.49
1386, 4340.51
1387, 4338.97
1388, 4341.54
1389, 4347.69
1390, 4350.77
1391, 4349.74
1392, 4344.1
1393, 4338.46
1394, 4338.97
1395, 4345.13
1396, 4346.67
1397, 4343.08
1398, 4344.62
1399, 4348.72
1400, 4348.72
1401, 4345.64
1402, 4347.69
1403, 4356.92
1404, 4360
1405, 4351.79
1406, 4344.1
1407, 4346.67
1408, 4351.28
1409, 4352.82
1410, 4355.9
1411, 4356.92
1412, 4352.31
1413, 4348.72
1414, 4349.74
1415, 4349.74
1416, 4347.69
1417, 4345.64
1418, 4350.26
1419, 4356.41
1420, 4355.9
1421, 4352.31
1422, 4347.18
1423, 4344.1
1424, 4346.67
1425, 4347.69
1426, 4346.67
1427, 4348.72
1428, 4351.79
1429, 4354.87
1430, 4356.41
1431, 4352.31
1432, 4346.67
1433, 4348.72
1434, 4352.31
1435, 4351.79
1436, 4353.33
1437, 4353.85
1438, 4347.69
1439, 4345.64
1440, 4348.72
1441, 4346.15
1442, 4345.13
1443, 4347.69
1444, 4347.18
1445, 4349.74
1446, 4353.85
1447, 4348.21
1448, 4341.03
1449, 4344.1
1450, 4350.77
1451, 4351.79
1452, 4348.21
1453, 4346.67
1454, 4348.72
1455, 4346.15
1456, 4343.59
1457, 4350.26
1458, 4350.77
1459, 4343.59
1460, 4340.51
1461, 4341.03
1462, 4341.03
1463, 4345.64
1464, 4348.72
1465, 4346.15
1466, 4343.59
1467, 4347.18
1468, 4350.26
1469, 4343.59
1470, 4336.92
1471, 4351.28
1472, 4361.03
1473, 4336.92
1474, 4345.13
1475, 4384.62
1476, 4360.51
1477, 4288.21
1478, 4266.15
1479, 4286.15
1480, 4289.23
1481, 4290.77
1482, 4302.56
1483, 4300
1484, 4278.46
1485, 4264.1
1486, 4262.56
1487, 4262.05
1488, 4280.51, estimuli
1489, 4302.05
1490, 4310.26
1491, 4312.31
1492, 4312.82
1493, 4310.77
1494, 4307.69
1495, 4305.64
1496, 4300.51
1497, 4295.38
1498, 4297.44
1499, 4302.05
1500, 4304.62
1501, 4306.67
1502, 4309.23
1503, 4311.28
1504, 4307.69
1505, 4301.03
1506, 4294.87
1507, 4289.23
1508, 4284.1
1509, 4281.03
1510, 4283.59
1511, 4285.13
1512, 4278.97
1513, 4274.87
1514, 4273.33
1515, 4272.31
1516, 4274.87
1517, 4278.46
1518, 4275.38
1519, 4265.13
1520, 4262.56
1521, 4269.23
1522, 4269.23
1523, 4268.21
1524, 4271.28
1525, 4270.77
1526, 4277.95
1527, 4287.18
1528, 4278.46
1529, 4273.33
1530, 4284.1
1531, 4287.69
1532, 4278.46
1533, 4277.44
1534, 4281.03
1535, 4281.03
1536, 4287.69
1537, 4293.85
1538, 4287.18
1539, 4280
1540, 4287.69
1541, 4291.79
1542, 4282.56
1543, 4283.08
1544, 4294.87
1545, 4295.38
1546, 4292.82
1547, 4294.36
1548, 4292.82
1549, 4292.31
1550, 4296.41
1551, 4299.49
1552, 4301.54
1553, 4303.59
1554, 4302.56
1555, 4300
1556, 4298.97
1557, 4301.54
1558, 4305.64
1559, 4308.21
1560, 4305.13
1561, 4300
1562, 4302.05
1563, 4304.62
1564, 4306.15
1565, 4312.82
1566, 4311.28
1567, 4301.54
1568, 4303.59
1569, 4311.79
1570, 4307.69
1571, 4305.13
1572, 4310.77
1573, 4315.38
1574, 4314.87
1575, 4311.28
1576, 4311.28
1577, 4320
1578, 4324.62
1579, 4316.41
1580, 4316.41
1581, 4330.77
1582, 4323.59
1583, 4321.03
1584, 4365.13
1585, 4392.31
1586, 4343.59
1587, 4276.41
1588, 4246.67
1589, 4264.62
1590, 4289.74
1591, 4325.64
1592, 4412.82
1593, 4456.41
1594, 4388.72
1595, 4288.72
1596, 4226.67
1597, 4238.97
1598, 4288.21
1599, 4343.08
1600, 4422.05
1601, 4453.33
1602, 4375.9
1603, 4284.1
1604, 4240
1605, 4246.15
1606, 4286.67
1607, 4338.46
1608, 4416.92
1609, 4444.1
1610, 4367.18
1611, 4286.15
1612, 4245.13
1613, 4251.79
1614, 4296.92
1615, 4347.69
1616, 4415.9
1617, 4443.59
1618, 4373.85
1619, 4292.82
1620, 4250.77
1621, 4250.26
1622, 4284.62
1623, 4338.46
1624, 4412.31
1625, 4437.95
1626, 4371.79
1627, 4295.9
1628, 4253.33
1629, 4255.9
1630, 4297.44
1631, 4344.1
1632, 4409.23
1633, 4442.56
1634, 4376.92
1635, 4291.28
1636, 4251.28
1637, 4260.51
1638, 4303.59
1639, 4347.69
1640, 4403.59
1641, 4434.36
1642, 4374.36
1643, 4290.26
1644, 4253.85
1645, 4269.74
1646, 4307.18
1647, 4342.56
1648, 4403.59
1649, 4437.95
1650, 4374.36
1651, 4287.69
1652, 4252.31
1653, 4269.74
1654, 4307.18
1655, 4345.13
1656, 4409.74
1657, 4442.05
1658, 4368.72
1659, 4281.03
1660, 4252.82
1661, 4268.72
1662, 4299.49
1663, 4342.05
1664, 4412.82
1665, 4439.49
1666, 4370.26
1667, 4291.79
1668, 4261.54
1669, 4274.36
1670, 4308.21
1671, 4349.23
1672, 4411.28
1673, 4438.97
1674, 4373.33
1675, 4287.69
1676, 4255.9
1677, 4275.9
1678, 4305.64
1679, 4344.62
1680, 4415.9
1681, 4438.97
1682, 4360
1683, 4284.1
1684, 4264.1
1685, 4274.87
1686, 4302.56
1687, 4347.18
1688, 4413.85
1689, 4434.87
1690, 4366.15
1691, 4293.85
1692, 4268.21
1693, 4276.41
1694, 4302.05
1695, 4346.67
1696, 4415.38
1697, 4433.85
1698, 4361.54
1699, 4286.15
1700, 4265.64
1701, 4282.56
1702, 4314.36
1703, 4350.77
1704, 4407.18
1705, 4433.85
1706, 4370.77
1707, 4289.23
1708, 4257.44
1709, 4271.28
1710, 4307.18
1711, 4348.72
1712, 4391.28
1713, 4374.87
1714, 4320.51
1715, 4341.54
1716, 4364.62
1717, 4311.28
1718, 4308.72
1719, 4356.92
1720, 4348.72
1721, 4332.82
1722, 4341.54
1723, 4340.51
1724, 4334.36
1725, 4340.51
1726, 4344.62
1727, 4336.92
1728, 4335.9
1729, 4344.62
1730, 4344.62
1731, 4333.33
1732, 4330.77
1733, 4336.41
1734, 4337.95
1735, 4337.44
1736, 4344.62
1737, 4347.69
1738, 4339.49
1739, 4334.87
1740, 4338.46
1741, 4340
1742, 4333.85
1743, 4331.79
1744, 4338.46
1745, 4338.46
1746, 4333.85
1747, 4338.46
1748, 4344.62
1749, 4337.95
1750, 4331.28
1751, 4334.87
1752, 4334.36
1753, 4334.36
1754, 4338.97
1755, 4333.85
1756, 4334.36
1757, 4342.05
1758, 4337.44
1759, 4333.85
1760, 4337.95
1761, 4335.9
1762, 4332.31
1763, 4333.85
1764, 4333.33
1765, 4334.87
1766, 4343.59
1767, 4345.13
1768, 4338.97
1769, 4340.51
1770, 4342.56
1771, 4335.9
1772, 4332.82
1773, 4336.92
1774, 4337.95
1775, 4337.95
1776, 4342.56
1777, 4343.08
1778, 4336.41
1779, 4334.87
1780, 4338.46
1781, 4342.56
1782, 4344.62
1783, 4341.54
1784, 4343.59
1785, 4348.72
1786, 4340.51
1787, 4334.87
1788, 4343.08
1789, 4348.72
1790, 4346.15
1791, 4347.18
1792, 4352.31
1793, 4352.31
1794, 4348.21
1795, 4348.21
1796, 4351.28
1797, 4350.77
1798, 4348.21
1799, 4342.05
1800, 4339.49
1801, 4344.62
1802, 4347.18
1803, 4346.67
1804, 4349.74
1805, 4344.1
1806, 4334.87
1807, 4341.03
1808, 4346.15
1809, 4342.56
1810, 4349.23
1811, 4351.79
1812, 4340.51
1813, 4336.92
1814, 4342.56
1815, 4346.67
1816, 4344.1
1817, 4337.44
1818, 4334.87
1819, 4335.38
1820, 4336.92
1821, 4342.05
1822, 4342.56
1823, 4340.51
1824, 4346.67
1825, 4353.33
1826, 4347.18
1827, 4343.59
1828, 4349.74
1829, 4347.18
1830, 4343.08
1831, 4342.56
1832, 4339.49
1833, 4341.03
1834, 4345.13
1835, 4348.21
1836, 4351.28
1837, 4352.31
1838, 4353.85
1839, 4348.72
1840, 4333.85
1841, 4329.74
1842, 4339.49
1843, 4339.49
1844, 4336.41
1845, 4345.13
1846, 4348.21
1847, 4337.95
1848, 4336.41
1849, 4343.59
1850, 4342.56
1851, 4342.05
1852, 4347.69
1853, 4346.15
1854, 4340.51
1855, 4341.03
1856, 4347.18
1857, 4346.15
1858, 4345.13
1859, 4345.13
1860, 4343.08
1861, 4344.62
1862, 4348.72
1863, 4350.26
1864, 4350.26
1865, 4350.26
1866, 4346.67
1867, 4344.62
1868, 4345.64
1869, 4345.13
1870, 4345.13
1871, 4350.26
1872, 4353.85
1873, 4344.1
1874, 4338.46
1875, 4343.08
1876, 4344.1
1877, 4342.56
1878, 4344.1
1879, 4347.18
1880, 4348.72
1881, 4348.72
1882, 4346.67
1883, 4342.05
1884, 4339.49
1885, 4341.03
1886, 4342.05
1887, 4342.56
1888, 4342.05
1889, 4340
1890, 4345.64
1891, 4353.33
1892, 4345.64
1893, 4336.41
1894, 4347.18
1895, 4353.33
1896, 4337.95
1897, 4334.36
1898, 4344.1
1899, 4345.64
1900, 4345.13
1901, 4350.77
1902, 4349.74
1903, 4339.49
1904, 4336.92
1905, 4343.59
1906, 4347.18
1907, 4350.26
1908, 4354.36
1909, 4354.87
1910, 4350.77
1911, 4344.62
1912, 4343.59
1913, 4345.64
1914, 4345.13
1915, 4348.72
1916, 4349.23
1917, 4348.21
1918, 4352.82
1919, 4355.9
1920, 4350.77
1921, 4343.59
1922, 4340
1923, 4341.54
1924, 4344.1
1925, 4342.56
1926, 4341.03
1927, 4344.1
1928, 4345.13
1929, 4341.54
1930, 4343.59
1931, 4348.72
1932, 4345.13
1933, 4339.49
1934, 4340
1935, 4346.15
1936, 4348.21
1937, 4344.1
1938, 4346.67
1939, 4351.28
1940, 4346.15
1941, 4341.03
1942, 4343.08
1943, 4347.69
1944, 4352.31
1945, 4349.74
1946, 4342.05
1947, 4338.97
1948, 4343.08
1949, 4347.69
1950, 4349.23
1951, 4349.23
1952, 4344.1
1953, 4342.05
1954, 4343.59
1955, 4343.59
1956, 4343.59
1957, 4344.62
1958, 4347.18
1959, 4343.08
1960, 4337.44
1961, 4342.56
1962, 4347.18
1963, 4348.72
1964, 4353.85
1965, 4353.33
1966, 4346.67
1967, 4342.05
1968, 4343.08
1969, 4346.15
1970, 4343.08
1971, 4337.95
1972, 4340.51
1973, 4342.05
1974, 4334.87
1975, 4336.41
1976, 4345.13
1977, 4344.62
1978, 4341.54
1979, 4342.05
1980, 4338.97
1981, 4340
1982, 4343.59
1983, 4337.95
1984, 4339.49
1985, 4349.23
1986, 4350.77
1987, 4347.18
1988, 4343.08
1989, 4344.1
1990, 4345.64
1991, 4343.59
1992, 4346.15
1993, 4346.67
1994, 4340.51
1995, 4342.05
1996, 4341.03
1997, 4345.13
1998, 4374.87
1999, 4373.33
2000, 4311.79
2001, 4270.77
2002, 4271.79
2003, 4265.13
2004, 4276.92
2005, 4313.85
2006, 4311.79
2007, 4286.15
2008, 4280.51
2009, 4275.9
2010, 4268.21
2011, 4283.59
2012, 4314.36
2013, 4330.77
2014, 4336.41
2015, 4340
2016, 4328.72
2017, 4317.44
2018, 4322.56
2019, 4329.74
2020, 4329.74
2021, 4325.13
2022, 4318.46
2023, 4318.46
2024, 4324.62
2025, 4327.18
2026, 4325.64
2027, 4324.62
2028, 4325.64
2029, 4320.51
2030, 4307.69
2031, 4298.46
2032, 4302.05
2033, 4307.69
2034, 4300
2035, 4289.74
2036, 4282.56
2037, 4277.95
2038, 4278.97
2039, 4280
2040, 4278.97
2041, 4275.38
2042, 4275.38
2043, 4277.44
2044, 4275.38
2045, 4274.36
2046, 4278.46
2047, 4283.59
2048, 4287.69
2049, 4287.69
2050, 4288.72
2051, 4291.79
2052, 4286.15
2053, 4276.41
2054, 4276.92
2055, 4289.23
2056, 4292.82
2057, 4279.49
2058, 4277.95
2059, 4287.18
2060, 4293.33
2061, 4302.05
2062, 4306.15
2063, 4300.51
2064, 4301.03
2065, 4301.54
2066, 4295.38
2067, 4294.87
2068, 4301.03
2069, 4300.51
2070, 4298.97
2071, 4306.67
2072, 4312.31
2073, 4310.77
2074, 4309.23
2075, 4313.85
2076, 4320
2077, 4320.51
2078, 4311.79
2079, 4304.62
2080, 4307.69
2081, 4315.38
2082, 4318.46
2083, 4317.44
2084, 4318.97
2085, 4321.03
2086, 4320.51
2087, 4315.38
2088, 4311.79
2089, 4316.92
2090, 4321.03
2091, 4318.97
2092, 4320
2093, 4322.05
2094, 4321.03
2095, 4316.92
2096, 4317.44
2097, 4321.03
2098, 4321.54
2099, 4323.08
2100, 4324.1
2101, 4324.1
2102, 4324.62
2103, 4324.1
2104, 4328.72
2105, 4328.21
2106, 4317.44
2107, 4316.41
2108, 4324.1
2109, 4324.62
2110, 4323.08
2111, 4327.18
2112, 4331.28
2113, 4328.72
2114, 4325.13
2115, 4324.1
2116, 4322.05
2117, 4318.97
2118, 4321.54
2119, 4324.62
2120, 4326.15
2121, 4325.13
2122, 4325.64
2123, 4329.23
2124, 4330.77
2125, 4333.85
2126, 4334.36
2127, 4331.28
2128, 4327.18
2129, 4324.62
2130, 4329.74
2131, 4334.87
2132, 4333.33
2133, 4329.23
2134, 4328.21
2135, 4328.21
2136, 4327.69
2137, 4331.28
2138, 4331.79
2139, 4327.69
2140, 4328.72
2141, 4331.79
2142, 4328.72
2143, 4325.64
2144, 4328.21
2145, 4333.33
2146, 4331.79
2147, 4329.74
2148, 4337.44
2149, 4337.95
2150, 4327.69
2151, 4322.56
2152, 4326.15
2153, 4330.77
2154, 4332.82
2155, 4337.95
2156, 4339.49
2157, 4335.9
2158, 4336.92
2159, 4340
2160, 4339.49
2161, 4333.85
2162, 4328.72
2163, 4330.77
2164, 4335.38
2165, 4334.87
2166, 4331.79
2167, 4330.26
2168, 4334.87
2169, 4339.49
2170, 4336.41
2171, 4333.85
2172, 4337.95
2173, 4342.05
2174, 4343.59
2175, 4337.95
2176, 4332.31
2177, 4337.44
2178, 4343.08
2179, 4334.87
2180, 4326.15
2181, 4332.31
2182, 4337.95
2183, 4335.38
2184, 4334.36
2185, 4336.92
2186, 4341.03
2187, 4342.56
2188, 4342.05
2189, 4342.05
2190, 4339.49
2191, 4335.38
2192, 4334.36
2193, 4337.44
2194, 4338.97
2195, 4335.9
2196, 4335.38
2197, 4337.95
2198, 4337.95
2199, 4336.41
2200, 4338.97
2201, 4344.62
2202, 4345.64
2203, 4337.44
2204, 4333.33
2205, 4337.44
2206, 4337.95
2207, 4335.38
2208, 4336.41
2209, 4337.95
2210, 4334.87
2211, 4333.85
2212, 4338.97
2213, 4342.05
2214, 4343.08
2215, 4341.54
2216, 4340
2217, 4343.08
2218, 4343.08
2219, 4339.49
2220, 4337.95
2221, 4335.38
2222, 4334.36
2223, 4336.41
2224, 4341.54
2225, 4343.59
2226, 4338.97
2227, 4341.03
2228, 4345.64
2229, 4344.62
2230, 4342.05
2231, 4340
2232, 4339.49
2233, 4338.46
2234, 4336.41
2235, 4337.44
2236, 4341.03
2237, 4345.13
2238, 4347.69
2239, 4347.69
2240, 4349.74
2241, 4351.28
2242, 4344.1
2243, 4336.41
2244, 4341.03
2245, 4347.18
2246, 4341.03
2247, 4351.79
2248, 4378.97
2249, 4355.38
2250, 4298.46
2251, 4278.46
2252, 4290.77
2253, 4299.49
2254, 4306.67
2255, 4315.9
2256, 4314.36
2257, 4303.08
2258, 4290.26
2259, 4286.67
2260, 4296.92
2261, 4312.31
2262, 4332.31
2263, 4354.87
2264, 4361.03
2265, 4351.79
2266, 4348.21
2267, 4342.56
2268, 4330.77
2269, 4326.67
2270, 4325.64
2271, 4320.51
2272, 4324.62
2273, 4336.92
2274, 4339.49
2275, 4338.97
2276, 4349.74
2277, 4354.36
2278, 4343.59
2279, 4334.87
2280, 4332.82
2281, 4334.36
2282, 4336.41
2283, 4330.26
2284, 4315.9
2285, 4312.82
2286, 4320
2287, 4315.38
2288, 4307.18
2289, 4306.15
2290, 4303.59
2291, 4300.51
2292, 4297.95
2293, 4297.95
2294, 4301.54
2295, 4302.05
2296, 4301.54
2297, 4296.92
2298, 4293.33
2299, 4301.03
2300, 4307.18
2301, 4304.1
2302, 4302.05
2303, 4304.1
2304, 4307.18
2305, 4308.72
2306, 4307.18
2307, 4306.67
2308, 4313.85
2309, 4318.97
2310, 4317.44
2311, 4318.46
2312, 4322.56
2313, 4323.59
2314, 4324.1
2315, 4320.51
2316, 4315.38
2317, 4320
2318, 4325.13
2319, 4325.64
2320, 4325.13
2321, 4326.67
2322, 4327.69
2323, 4323.08
2324, 4322.56
2325, 4328.72
2326, 4325.64
2327, 4321.03
2328, 4325.64
2329, 4327.18
2330, 4326.15
2331, 4330.26
2332, 4334.87
2333, 4332.82
2334, 4333.85
2335, 4340.51
2336, 4340.51
2337, 4340
2338, 4340.51
2339, 4334.36
2340, 4328.72
2341, 4330.77
2342, 4336.41
2343, 4335.38
2344, 4332.31
2345, 4336.41
2346, 4338.46
2347, 4336.41
2348, 4341.03
2349, 4347.69
2350, 4343.59
2351, 4336.41
2352, 4334.87
2353, 4334.87
2354, 4335.38
2355, 4339.49
2356, 4341.03
2357, 4337.44
2358, 4334.36
2359, 4336.92
2360, 4345.64
2361, 4349.23
2362, 4345.13
2363, 4345.64
2364, 4346.67
2365, 4345.13
2366, 4347.18
2367, 4350.26
2368, 4348.21
2369, 4343.08
2370, 4344.62
2371, 4345.64
2372, 4341.54
2373, 4342.05
2374, 4343.08
2375, 4347.69
2376, 4354.87
2377, 4348.21
2378, 4340
2379, 4346.15
2380, 4351.28
2381, 4343.59
2382, 4343.08
2383, 4351.79
2384, 4354.36
2385, 4350.26
2386, 4350.77
2387, 4352.31
2388, 4352.31
2389, 4353.33
2390, 4350.77
2391, 4349.74
2392, 4351.28
2393, 4352.31
2394, 4352.82
2395, 4352.31
2396, 4352.31
2397, 4353.85
2398, 4356.41
2399, 4355.38
2400, 4352.31
2401, 4355.9
2402, 4356.41
2403, 4352.82
2404, 4350.77
2405, 4347.69
2406, 4345.64
2407, 4346.15
2408, 4347.18
2409, 4349.23
2410, 4350.77
2411, 4357.44
2412, 4363.59
2413, 4356.41
2414, 4349.74
2415, 4352.82
2416, 4352.82
2417, 4350.77
2418, 4351.28
2419, 4354.87
2420, 4357.44
2421, 4357.44
2422, 4358.97
2423, 4358.97
2424, 4361.03
2425, 4360.51
2426, 4358.97
2427, 4364.1
2428, 4368.21
2429, 4365.64
2430, 4360.51
2431, 4361.54
2432, 4364.1
2433, 4360.51
2434, 4357.95
2435, 4360.51
2436, 4362.56
2437, 4360
2438, 4356.92
2439, 4362.05
2440, 4365.64
2441, 4357.44
2442, 4358.46
2443, 4369.74
2444, 4366.67
2445, 4357.44
2446, 4357.95
2447, 4361.54
2448, 4362.56
2449, 4362.05
2450, 4364.1
2451, 4365.13
2452, 4363.08
2453, 4361.03
2454, 4362.56
2455, 4365.13
2456, 4364.62
2457, 4359.49
2458, 4352.82
2459, 4356.41
2460, 4363.59
2461, 4357.44
2462, 4351.28
2463, 4360
2464, 4365.13
2465, 4362.56
2466, 4362.56
2467, 4367.69
2468, 4372.31
2469, 4368.72
2470, 4360
2471, 4355.9
2472, 4360.51
2473, 4364.1
2474, 4360
2475, 4362.56
2476, 4369.74
2477, 4364.62
2478, 4355.9
2479, 4353.33
2480, 4359.49
2481, 4364.62
2482, 4359.49
2483, 4360
2484, 4364.1
2485, 4354.87
2486, 4347.18
2487, 4354.87
2488, 4360.51
2489, 4354.36
2490, 4353.85
2491, 4364.62
2492, 4367.18
2493, 4361.03
2494, 4359.49
2495, 4362.56
2496, 4365.13
2497, 4358.97
2498, 4351.79
2499, 4351.79
2500, 4354.36
2501, 4355.9
2502, 4361.03
2503, 4364.1
2504, 4360
2505, 4355.9
2506, 4360.51
2507, 4363.08
2508, 4360.51
2509, 4362.56
2510, 4364.62
2511, 4366.15
2512, 4363.08
2513, 4354.36
2514, 4351.28
2515, 4354.36
2516, 4358.97
2517, 4359.49
2518, 4360.51
2519, 4364.1
2520, 4362.05
2521, 4356.92
2522, 4358.46
2523, 4362.56
2524, 4361.54
2525, 4356.41
2526, 4354.36
2527, 4355.9
2528, 4358.46
2529, 4363.59
2530, 4363.59
2531, 4357.95
2532, 4361.03
2533, 4367.18
2534, 4364.1
2535, 4358.46
2536, 4361.54
2537, 4368.21
2538, 4364.1
2539, 4360
2540, 4364.62
2541, 4364.62
2542, 4357.44
2543, 4353.85
2544, 4357.44
2545, 4358.46
2546, 4357.95
2547, 4364.1
2548, 4368.21
2549, 4363.08
2550, 4360.51
2551, 4369.74
2552, 4377.95
2553, 4361.03
2554, 4357.44
2555, 4388.72
2556, 4378.46
2557, 4317.44
2558, 4286.67
2559, 4288.21
2560, 4286.15
2561, 4299.49
2562, 4316.41
2563, 4302.05
2564, 4280
2565, 4265.64
2566, 4257.44
2567, 4264.1
2568, 4281.03, estimuli
2569, 4300.51
2570, 4328.21
2571, 4341.54
2572, 4330.77
2573, 4326.67
2574, 4328.72
2575, 4323.08
2576, 4320.51
2577, 4326.15
2578, 4331.28
2579, 4329.23
2580, 4326.67
2581, 4328.72
2582, 4334.87
2583, 4337.95
2584, 4335.38
2585, 4336.92
2586, 4337.95
2587, 4328.72
2588, 4323.08
2589, 4321.03
2590, 4318.46
2591, 4319.49
2592, 4315.9
2593, 4309.23
2594, 4307.69
2595, 4307.69
2596, 4302.56
2597, 4296.41
2598, 4294.87
2599, 4290.26
2600, 4286.15
2601, 4288.21
2602, 4293.33
2603, 4298.97
2604, 4302.05
2605, 4302.56
2606, 4300.51
2607, 4300.51
2608, 4311.28
2609, 4321.54
2610, 4320
2611, 4317.95
2612, 4320
2613, 4323.08
2614, 4324.62
2615, 4320
2616, 4316.41
2617, 4324.62
2618, 4334.87
2619, 4332.82
2620, 4327.18
2621, 4333.85
2622, 4335.38
2623, 4330.77
2624, 4335.38
2625, 4331.79
2626, 4325.13
2627, 4332.82
2628, 4335.38
2629, 4329.23
2630, 4332.31
2631, 4336.92
2632, 4334.87
2633, 4338.46
2634, 4344.1
2635, 4337.44
2636, 4334.87
2637, 4344.1
2638, 4347.18
2639, 4340
2640, 4338.97
2641, 4344.1
2642, 4345.13
2643, 4349.23
2644, 4359.49
2645, 4355.9
2646, 4339.49
2647, 4341.54
2648, 4354.36
2649, 4350.26
2650, 4339.49
2651, 4341.54
2652, 4350.26
2653, 4346.15
2654, 4339.49
2655, 4346.15
2656, 4352.82
2657, 4354.87
2658, 4353.33
2659, 4349.74
2660, 4360
2661, 4358.97
2662, 4345.64
2663, 4369.23
2664, 4412.82
2665, 4392.31
2666, 4320.51
2667, 4273.85
2668, 4282.05
2669, 4307.18
2670, 4324.62
2671, 4396.41
2672, 4476.92
2673, 4445.13
2674, 4343.59
2675, 4259.49
2676, 4248.21
2677, 4293.33
2678, 4341.54
2679, 4409.74
2680, 4473.85
2681, 4434.87
2682, 4335.38
2683, 4276.92
2684, 4270.77
2685, 4303.08
2686, 4340.51
2687, 4408.72
2688, 4479.49
2689, 4432.31
2690, 4330.26
2691, 4278.46
2692, 4274.36
2693, 4306.15
2694, 4350.77
2695, 4416.92
2696, 4472.31
2697, 4429.23
2698, 4341.03
2699, 4285.13
2700, 4267.69
2701, 4293.85
2702, 4337.95
2703, 4407.18
2704, 4470.77
2705, 4429.23
2706, 4336.41
2707, 4278.46
2708, 4263.08
2709, 4291.28
2710, 4338.46
2711, 4406.67
2712, 4466.15
2713, 4431.28
2714, 4341.54
2715, 4282.05
2716, 4272.82
2717, 4307.18
2718, 4349.74
2719, 4405.64
2720, 4464.62
2721, 4429.23
2722, 4325.64
2723, 4268.21
2724, 4276.41
2725, 4313.85
2726, 4352.31
2727, 4406.67
2728, 4458.46
2729, 4428.72
2730, 4338.46
2731, 4277.44
2732, 4276.41
2733, 4313.85
2734, 4352.82
2735, 4408.72
2736, 4466.67
2737, 4430.26
2738, 4333.85
2739, 4284.1
2740, 4290.26
2741, 4318.97
2742, 4353.33
2743, 4413.85
2744, 4471.28
2745, 4432.82
2746, 4338.46
2747, 4288.72
2748, 4295.38
2749, 4327.18
2750, 4357.95
2751, 4414.87
2752, 4474.36
2753, 4436.92
2754, 4340.51
2755, 4287.18
2756, 4289.74
2757, 4319.49
2758, 4357.95
2759, 4422.05
2760, 4473.85
2761, 4428.21
2762, 4342.05
2763, 4297.44
2764, 4295.38
2765, 4319.49
2766, 4352.82
2767, 4411.79
2768, 4465.13
2769, 4426.15
2770, 4338.46
2771, 4287.69
2772, 4290.26
2773, 4323.59
2774, 4360.51
2775, 4416.41
2776, 4466.15
2777, 4430.77
2778, 4348.21
2779, 4295.38
2780, 4289.74
2781, 4316.92
2782, 4353.85
2783, 4410.26
2784, 4462.05
2785, 4429.74
2786, 4342.05
2787, 4289.74
2788, 4292.82
2789, 4325.13
2790, 4362.05
2791, 4405.13
2792, 4422.05
2793, 4377.95
2794, 4359.49
2795, 4384.1
2796, 4349.74
2797, 4324.1
2798, 4373.85
2799, 4386.67
2800, 4363.08
2801, 4365.13
2802, 4366.15
2803, 4364.1
2804, 4366.67
2805, 4366.15
2806, 4365.64
2807, 4364.1
2808, 4358.46
2809, 4356.92
2810, 4361.03
2811, 4360.51
2812, 4359.49
2813, 4362.56
2814, 4365.13
2815, 4366.15
2816, 4367.69
2817, 4367.69
2818, 4366.15
2819, 4366.67
2820, 4368.72
2821, 4367.18
2822, 4360.51
2823, 4363.59
2824, 4370.77
2825, 4364.62
2826, 4354.87
2827, 4354.36
2828, 4364.62
2829, 4369.23
2830, 4364.1
2831, 4365.64
2832, 4372.31
2833, 4372.82
2834, 4369.74
2835, 4365.64
2836, 4361.54
2837, 4361.54
2838, 4368.72
2839, 4372.82
2840, 4360.51
2841, 4351.28
2842, 4362.05
2843, 4369.23
2844, 4362.05
2845, 4358.97
2846, 4364.1
2847, 4364.62
2848, 4363.08
2849, 4364.62
2850, 4366.15
2851, 4365.64
2852, 4367.69
2853, 4367.18
2854, 4361.54
2855, 4359.49
2856, 4365.13
2857, 4366.67
2858, 4360.51
2859, 4365.64
2860, 4372.82
2861, 4370.26
2862, 4367.69
2863, 4363.08
2864, 4356.92
2865, 4357.95
2866, 4364.1
2867, 4366.15
2868, 4363.08
2869, 4362.05
2870, 4360.51
2871, 4357.44
2872, 4359.49
2873, 4359.49
2874, 4360
2875, 4368.21
2876, 4367.18
2877, 4363.08
2878, 4367.69
2879, 4364.62
2880, 4357.44
2881, 4360
2882, 4360.51
2883, 4356.92
2884, 4363.08
2885, 4368.21
2886, 4366.67
2887, 4370.77
2888, 4367.18
2889, 4355.9
2890, 4360.51
2891, 4367.69
2892, 4365.13
2893, 4365.13
2894, 4366.67
2895, 4363.59
2896, 4363.59
2897, 4365.64
2898, 4366.15
2899, 4365.64
2900, 4365.13
2901, 4363.08
2902, 4364.62
2903, 4369.74
2904, 4364.62
2905, 4357.44
2906, 4357.95
2907, 4360
2908, 4359.49
2909, 4360.51
2910, 4364.1
2911, 4364.1
2912, 4361.54
2913, 4365.64
2914, 4372.31
2915, 4372.82
2916, 4369.74
2917, 4370.77
2918, 4370.26
2919, 4359.49
2920, 4352.82
2921, 4360.51
2922, 4363.59
2923, 4363.08
2924, 4370.26
2925, 4373.85
2926, 4364.1
2927, 4355.9
2928, 4357.95
2929, 4358.46
2930, 4354.36
2931, 4360
2932, 4365.64
2933, 4362.05
2934, 4356.41
2935, 4355.9
2936, 4360.51
2937, 4361.54
2938, 4359.49
2939, 4357.95
2940, 4354.87
2941, 4359.49
2942, 4362.56
2943, 4356.92
2944, 4359.49
2945, 4366.67
2946, 4366.67
2947, 4364.1
2948, 4361.54
2949, 4357.95
2950, 4357.95
2951, 4360
2952, 4358.97
2953, 4358.97
2954, 4360
2955, 4356.92
2956, 4358.97
2957, 4360
2958, 4358.46
2959, 4364.1
2960, 4363.08
2961, 4355.9
2962, 4356.41
2963, 4358.46
2964, 4357.95
2965, 4357.44
2966, 4358.97
2967, 4364.1
2968, 4365.13
2969, 4363.59
2970, 4364.1
2971, 4363.59
2972, 4363.59
2973, 4359.49
2974, 4354.36
2975, 4358.46
2976, 4363.59
2977, 4361.03
2978, 4356.41
2979, 4359.49
2980, 4366.15
2981, 4369.23
2982, 4366.15
2983, 4358.46
2984, 4356.92
2985, 4361.54
2986, 4365.13
2987, 4367.69
2988, 4367.18
2989, 4361.03
2990, 4353.85
2991, 4353.85
2992, 4360
2993, 4365.13
2994, 4366.15
2995, 4363.08
2996, 4355.38
2997, 4355.38
2998, 4360.51
2999, 4360
3000, 4361.54
3001, 4363.59
3002, 4363.08
3003, 4365.64
3004, 4362.56
3005, 4353.33
3006, 4350.77
3007, 4357.95
3008, 4366.67
3009, 4364.1
3010, 4357.95
3011, 4358.46
3012, 4360.51
3013, 4359.49
3014, 4356.92
3015, 4357.95
3016, 4361.54
3017, 4364.1
3018, 4358.97
3019, 4350.77
3020, 4358.97
3021, 4373.33
3022, 4362.56
3023, 4360.51
3024, 4387.69
3025, 4381.03
3026, 4317.95
3027, 4274.36
3028, 4290.77
3029, 4311.28
3030, 4309.23
3031, 4320
3032, 4330.77
3033, 4303.59
3034, 4271.28
3035, 4276.92
3036, 4294.87
3037, 4307.18
3038, 4336.41
3039, 4364.62
3040, 4368.21
3041, 4362.56
3042, 4351.79
3043, 4346.67
3044, 4351.28
3045, 4348.72
3046, 4336.92
3047, 4331.79
3048, 4337.95
3049, 4343.08
3050, 4338.46
3051, 4336.92
3052, 4338.97
3053, 4332.31
3054, 4324.1
3055, 4322.56
3056, 4327.18
3057, 4330.26
3058, 4330.26
3059, 4329.74
3060, 4329.74
3061, 4333.33
3062, 4332.82
3063, 4326.67
3064, 4323.59
3065, 4321.03
3066, 4313.85
3067, 4303.08
3068, 4299.49
3069, 4307.18
3070, 4308.72
3071, 4303.08
3072, 4306.67
3073, 4312.82
3074, 4311.79
3075, 4317.95
3076, 4324.1
3077, 4316.41
3078, 4308.72
3079, 4312.82
3080, 4315.9
3081, 4316.92
3082, 4322.05
3083, 4322.05
3084, 4323.08
3085, 4324.62
3086, 4322.56
3087, 4322.56
3088, 4323.59
3089, 4324.62
3090, 4321.54
3091, 4318.46
3092, 4323.59
3093, 4325.64
3094, 4317.44
3095, 4314.36
3096, 4320
3097, 4324.62
3098, 4326.15
3099, 4326.15
3100, 4331.79
3101, 4339.49
3102, 4339.49
3103, 4329.23
3104, 4323.08
3105, 4329.23
3106, 4333.85
3107, 4334.36
3108, 4337.44
3109, 4339.49
3110, 4336.92
3111, 4334.36
3112, 4337.44
3113, 4338.46
3114, 4337.44
3115, 4345.64
3116, 4349.23
3117, 4338.97
3118, 4331.79
3119, 4334.36
3120, 4337.44
3121, 4336.92
3122, 4335.9
3123, 4335.9
3124, 4334.87
3125, 4337.95
3126, 4340
3127, 4338.46
3128, 4344.1
3129, 4351.79
3130, 4348.72
3131, 4338.97
3132, 4334.87
3133, 4342.56
3134, 4349.23
3135, 4348.72
3136, 4346.67
3137, 4347.18
3138, 4346.67
3139, 4340
3140, 4333.85
3141, 4338.97
3142, 4345.64
3143, 4345.13
3144, 4343.59
3145, 4343.08
3146, 4342.05
3147, 4342.56
3148, 4343.08
3149, 4341.54
3150, 4341.03
3151, 4342.05
3152, 4340
3153, 4338.97
3154, 4343.08
3155, 4348.21
3156, 4351.79
3157, 4349.74
3158, 4344.1
3159, 4344.62
3160, 4346.67
3161, 4348.21
3162, 4345.64
3163, 4343.59
3164, 4347.18
3165, 4347.18
3166, 4344.62
3167, 4343.59
3168, 4343.59
3169, 4344.62
3170, 4348.21
3171, 4351.28
3172, 4350.77
3173, 4345.64
3174, 4340.51
3175, 4344.62
3176, 4353.33
3177, 4354.36
3178, 4351.79
3179, 4357.95
3180, 4354.36
3181, 4343.59
3182, 4343.59
3183, 4345.13
3184, 4344.62
3185, 4348.21
3186, 4349.23
3187, 4345.64
3188, 4346.67
3189, 4352.82
3190, 4350.77
3191, 4347.69
3192, 4352.82
3193, 4356.92
3194, 4356.41
3195, 4356.41
3196, 4352.82
3197, 4351.28
3198, 4352.82
3199, 4354.36
3200, 4354.87
3201, 4351.79
3202, 4350.26
3203, 4351.28
3204, 4350.77
3205, 4351.28
3206, 4354.36
3207, 4358.46
3208, 4358.46
3209, 4359.49
3210, 4361.54
3211, 4358.46
3212, 4354.87
3213, 4353.85
3214, 4351.28
3215, 4351.79
3216, 4357.44
3217, 4358.46
3218, 4353.33
3219, 4348.72
3220, 4348.72
3221, 4350.26
3222, 4351.79
3223, 4355.38
3224, 4355.38
3225, 4354.87
3226, 4355.38
3227, 4356.41
3228, 4356.92
3229, 4353.85
3230, 4351.28
3231, 4349.23
3232, 4348.72
3233, 4351.79
3234, 4352.31
3235, 4352.31
3236, 4354.36
3237, 4358.46
3238, 4360.51
3239, 4353.33
3240, 4353.33
3241, 4360.51
3242, 4356.92
3243, 4353.85
3244, 4356.92
3245, 4360
3246, 4360.51
3247, 4356.41
3248, 4350.77
3249, 4349.23
3250, 4354.36
3251, 4356.92
3252, 4356.41
3253, 4358.46
3254, 4358.97
3255, 4356.41
3256, 4354.36
3257, 4351.79
3258, 4350.26
3259, 4352.82
3260, 4353.85
3261, 4353.33
3262, 4354.36
3263, 4356.92
3264, 4360.51
3265, 4357.95
3266, 4350.26
3267, 4349.74
3268, 4357.44
3269, 4361.03
3270, 4355.9
3271, 4352.82
3272, 4353.85
3273, 4356.92
3274, 4357.44
3275, 4355.38
3276, 4355.9
3277, 4356.92
3278, 4354.36
3279, 4353.85
3280, 4356.92
3281, 4356.41
3282, 4351.28
3283, 4356.41
3284, 4365.64
3285, 4352.82
3286, 4362.05
3287, 4395.38
3288, 4356.41
3289, 4286.15
3290, 4292.31
3291, 4335.38
3292, 4345.13
3293, 4332.82
3294, 4324.1
3295, 4313.85
3296, 4292.31, estimuli
3297, 4273.33
3298, 4281.54
3299, 4305.13
3300, 4320.51
3301, 4335.9
3302, 4349.23
3303, 4346.15
3304, 4334.36
3305, 4330.26
3306, 4333.85
3307, 4335.38
3308, 4331.79
3309, 4329.23
3310, 4333.33
3311, 4337.95
3312, 4336.92
3313, 4332.82
3314, 4334.36
3315, 4337.95
3316, 4342.56
3317, 4345.13
3318, 4337.44
3319, 4324.62
3320, 4316.92
3321, 4310.77
3322, 4308.72
3323, 4308.21
3324, 4310.26
3325, 4317.44
3326, 4316.41
3327, 4314.36
3328, 4319.49
3329, 4318.97
3330, 4315.9
3331, 4316.92
3332, 4316.41
3333, 4317.44
3334, 4317.44
3335, 4312.82
3336, 4312.31
3337, 4318.46
3338, 4323.59
3339, 4324.1
3340, 4321.54
3341, 4318.97
3342, 4320.51
3343, 4322.56
3344, 4323.59
3345, 4331.28
3346, 4329.74
3347, 4316.92
3348, 4317.44
3349, 4324.62
3350, 4323.59
3351, 4321.03
3352, 4325.13
3353, 4327.18
3354, 4322.56
3355, 4322.56
3356, 4326.67
3357, 4324.1
3358, 4326.15
3359, 4332.82
3360, 4329.74
3361, 4324.62
3362, 4327.18
3363, 4333.85
3364, 4334.36
3365, 4326.67
3366, 4326.15
3367, 4333.85
3368, 4333.33
3369, 4325.64
3370, 4326.67
3371, 4336.92
3372, 4336.92
3373, 4326.67
3374, 4324.62
3375, 4331.28
3376, 4331.28
3377, 4327.18
3378, 4334.36
3379, 4339.49
3380, 4328.72
3381, 4324.1
3382, 4326.67
3383, 4323.08
3384, 4326.15
3385, 4335.38
3386, 4334.87
3387, 4332.31
3388, 4336.92
3389, 4340
3390, 4333.85
3391, 4334.36
3392, 4340.51
3393, 4330.26
3394, 4344.1
3395, 4392.31
3396, 4395.38
3397, 4335.9
3398, 4278.46
3399, 4253.33
3400, 4267.69
3401, 4290.77
3402, 4335.9
3403, 4426.15
3404, 4456.41
3405, 4384.62
3406, 4288.21
3407, 4238.46
3408, 4262.56
3409, 4310.26
3410, 4361.03
3411, 4434.87
3412, 4455.38
3413, 4371.28
3414, 4278.97
3415, 4237.44
3416, 4254.36
3417, 4305.64
3418, 4361.03
3419, 4435.38
3420, 4452.82
3421, 4371.79
3422, 4292.31
3423, 4254.36
3424, 4267.18
3425, 4314.36
3426, 4368.21
3427, 4440
3428, 4451.28
3429, 4365.13
3430, 4285.64
3431, 4254.87
3432, 4269.74
3433, 4308.72
3434, 4362.05
3435, 4446.15
3436, 4464.1
3437, 4370.77
3438, 4285.64
3439, 4253.33
3440, 4266.67
3441, 4309.23
3442, 4361.54
3443, 4430.26
3444, 4450.77
3445, 4377.44
3446, 4296.92
3447, 4264.62
3448, 4277.44
3449, 4311.28
3450, 4366.67
3451, 4444.1
3452, 4455.38
3453, 4376.41
3454, 4296.41
3455, 4256.41
3456, 4271.79
3457, 4316.92
3458, 4364.62
3459, 4431.79
3460, 4452.31
3461, 4377.44
3462, 4296.41
3463, 4268.72
3464, 4289.74
3465, 4328.21
3466, 4367.18
3467, 4429.74
3468, 4453.33
3469, 4378.97
3470, 4292.31
3471, 4266.15
3472, 4290.26
3473, 4325.13
3474, 4367.18
3475, 4432.82
3476, 4452.31
3477, 4379.49
3478, 4304.1
3479, 4276.92
3480, 4289.74
3481, 4327.69
3482, 4369.74
3483, 4424.62
3484, 4440.51
3485, 4372.31
3486, 4295.9
3487, 4267.69
3488, 4288.72
3489, 4325.13
3490, 4365.13
3491, 4434.36
3492, 4460.51
3493, 4384.1
3494, 4292.82
3495, 4265.64
3496, 4292.31
3497, 4323.59
3498, 4369.23
3499, 4443.08
3500, 4449.74
3501, 4366.15
3502, 4295.9
3503, 4272.82
3504, 4291.28
3505, 4325.64
3506, 4366.67
3507, 4432.31
3508, 4448.72
3509, 4377.44
3510, 4301.03
3511, 4267.18
3512, 4284.62
3513, 4326.15
3514, 4370.77
3515, 4432.31
3516, 4447.69
3517, 4374.87
3518, 4297.95
3519, 4270.26
3520, 4290.77
3521, 4330.26
3522, 4365.13
3523, 4398.97
3524, 4384.1
3525, 4341.54
3526, 4358.97
3527, 4367.18
3528, 4320
3529, 4334.87
3530, 4374.36
3531, 4351.79
3532, 4341.54
3533, 4353.85
3534, 4347.18
3535, 4340
3536, 4349.74
3537, 4356.41
3538, 4346.15
3539, 4339.49
3540, 4350.77
3541, 4356.41
3542, 4345.64
3543, 4342.05
3544, 4347.69
3545, 4348.21
3546, 4344.62
3547, 4344.62
3548, 4343.08
3549, 4337.95
3550, 4341.03
3551, 4346.67
3552, 4343.59
3553, 4344.1
3554, 4346.15
3555, 4343.59
3556, 4345.64
3557, 4347.69
3558, 4342.05
3559, 4341.54
3560, 4346.67
3561, 4345.64
3562, 4348.72
3563, 4357.95
3564, 4353.33
3565, 4346.67
3566, 4347.69
3567, 4347.18
3568, 4346.67
3569, 4345.64
3570, 4344.62
3571, 4348.21
3572, 4352.82
3573, 4352.31
3574, 4346.67
3575, 4346.15
3576, 4354.36
3577, 4355.9
3578, 4352.31
3579, 4350.26
3580, 4348.72
3581, 4351.28
3582, 4353.33
3583, 4350.77
3584, 4353.85
3585, 4356.92
3586, 4351.79
3587, 4348.72
3588, 4353.85
3589, 4353.85
3590, 4344.62
3591, 4342.05
3592, 4347.18
3593, 4350.26
3594, 4351.28
3595, 4354.36
3596, 4356.92
3597, 4351.79
3598, 4350.26
3599, 4354.87
3600, 4352.82
3601, 4351.28
3602, 4352.82
3603, 4356.92
3604, 4361.54
3605, 4359.49
3606, 4356.41
3607, 4355.9
3608, 4352.82
3609, 4351.79
3610, 4351.79
3611, 4351.28
3612, 4354.36
3613, 4355.9
3614, 4357.44
3615, 4360.51
3616, 4360
3617, 4356.41
3618, 4353.85
3619, 4356.41
3620, 4356.92
3621, 4354.87
3622, 4356.92
3623, 4358.46
3624, 4358.46
3625, 4360
3626, 4360
3627, 4358.46
3628, 4355.38
3629, 4353.33
3630, 4353.33
3631, 4354.36
3632, 4355.9
3633, 4354.87
3634, 4353.85
3635, 4354.36
3636, 4354.36
3637, 4352.82
3638, 4348.21
3639, 4346.15
3640, 4347.69
3641, 4349.23
3642, 4353.85
3643, 4356.41
3644, 4354.87
3645, 4353.85
3646, 4350.77
3647, 4350.77
3648, 4353.33
3649, 4349.74
3650, 4347.69
3651, 4350.77
3652, 4351.28
3653, 4349.74
3654, 4352.31
3655, 4355.9
3656, 4352.82
3657, 4351.28
3658, 4351.28
3659, 4346.15
3660, 4347.18
3661, 4349.23
3662, 4344.1
3663, 4344.62
3664, 4352.31
3665, 4354.87
3666, 4350.26
3667, 4348.72
3668, 4350.77
3669, 4350.26
3670, 4347.69
3671, 4345.64
3672, 4347.69
3673, 4353.33
3674, 4353.33
3675, 4349.23
3676, 4349.74
3677, 4351.28
3678, 4349.74
3679, 4348.72
3680, 4350.26
3681, 4349.74
3682, 4345.64
3683, 4349.23
3684, 4354.36
3685, 4349.23
3686, 4348.21
3687, 4351.79
3688, 4354.36
3689, 4353.33
3690, 4351.28
3691, 4355.38
3692, 4358.46
3693, 4350.26
3694, 4345.64
3695, 4354.87
3696, 4360.51
3697, 4352.82
3698, 4348.21
3699, 4352.82
3700, 4355.38
3701, 4354.87
3702, 4352.82
3703, 4346.67
3704, 4346.67
3705, 4351.79
3706, 4353.85
3707, 4347.18
3708, 4345.13
3709, 4356.92
3710, 4357.95
3711, 4344.1
3712, 4343.59
3713, 4355.9
3714, 4354.36
3715, 4347.18
3716, 4352.31
3717, 4355.9
3718, 4350.77
3719, 4350.77
3720, 4354.87
3721, 4356.92
3722, 4356.41
3723, 4347.18
3724, 4340.51
3725, 4345.64
3726, 4353.33
3727, 4352.82
3728, 4350.26
3729, 4353.33
3730, 4356.92
3731, 4356.41
3732, 4352.31
3733, 4347.18
3734, 4350.26
3735, 4353.85
3736, 4351.79
3737, 4350.77
3738, 4350.77
3739, 4350.77
3740, 4351.28
3741, 4349.23
3742, 4352.31
3743, 4354.87
3744, 4355.38
3745, 4354.36
3746, 4351.28
3747, 4354.87
3748, 4357.95
3749, 4351.79
3750, 4348.72
3751, 4349.74
3752, 4347.69
3753, 4348.21
3754, 4352.31
3755, 4354.36
3756, 4348.21
3757, 4343.59
3758, 4348.21
3759, 4347.18
3760, 4340
3761, 4346.67
3762, 4356.41
3763, 4343.08
3764, 4357.44
3765, 4393.33
3766, 4353.33
3767, 4280.51
3768, 4288.21
3769, 4317.44
3770, 4297.95
3771, 4299.49
3772, 4326.67
3773, 4304.1
3774, 4260
3775, 4257.95
3776, 4272.82, estimuli
3777, 4278.97
3778, 4308.21
3779, 4340
3780, 4341.54
3781, 4336.41
3782, 4332.31
3783, 4326.67
3784, 4329.23
3785, 4337.44
3786, 4337.44
3787, 4332.82
3788, 4327.69
3789, 4322.05
3790, 4326.67
3791, 4335.9
3792, 4335.38
3793, 4334.87
3794, 4343.08
3795, 4345.13
3796, 4330.77
3797, 4317.44
3798, 4322.05
3799, 4327.18
3800, 4317.44
3801, 4307.69
3802, 4304.62
3803, 4298.46
3804, 4291.28
3805, 4292.31
3806, 4298.46
3807, 4297.95
3808, 4300.51
3809, 4310.26
3810, 4311.28
3811, 4306.67
3812, 4306.67
3813, 4308.72
3814, 4312.31
3815, 4314.87
3816, 4312.82
3817, 4311.28
3818, 4318.97
3819, 4329.74
3820, 4331.79
3821, 4328.72
3822, 4324.62
3823, 4322.05
3824, 4326.15
3825, 4331.28
3826, 4329.74
3827, 4331.28
3828, 4340.51
3829, 4343.59
3830, 4335.9
3831, 4336.41
3832, 4340.51
3833, 4334.36
3834, 4331.79
3835, 4335.9
3836, 4336.92
3837, 4335.9
3838, 4337.95
3839, 4344.1
3840, 4344.1
3841, 4338.97
3842, 4341.03
3843, 4343.08
3844, 4339.49
3845, 4342.05
3846, 4344.62
3847, 4338.97
3848, 4338.97
3849, 4348.21
3850, 4349.74
3851, 4351.79
3852, 4360
3853, 4357.44
3854, 4353.33
3855, 4364.62
3856, 4367.69
3857, 4355.38
3858, 4348.21
3859, 4354.36
3860, 4362.05
3861, 4360.51
3862, 4358.97
3863, 4364.1
3864, 4366.67
3865, 4362.56
3866, 4357.44
3867, 4364.62
3868, 4365.64
3869, 4350.77
3870, 4376.41
3871, 4425.13
3872, 4413.85
3873, 4351.28
3874, 4297.44
3875, 4288.21
3876, 4317.95
3877, 4335.9
3878, 4384.62
3879, 4468.21
3880, 4465.13
3881, 4378.97
3882, 4295.38
3883, 4265.13
3884, 4298.97
3885, 4343.59
3886, 4395.38
3887, 4467.18
3888, 4466.15
3889, 4373.85
3890, 4296.41
3891, 4268.72
3892, 4289.74
3893, 4334.87
3894, 4398.97
3895, 4472.31
3896, 4457.44
3897, 4365.13
3898, 4297.44
3899, 4275.38
3900, 4298.46
3901, 4345.13
3902, 4407.18
3903, 4477.44
3904, 4462.05
3905, 4367.69
3906, 4294.87
3907, 4269.23
3908, 4297.44
3909, 4351.79
3910, 4415.9
3911, 4484.62
3912, 4464.62
3913, 4369.23
3914, 4304.1
3915, 4286.67
3916, 4305.64
3917, 4343.08
3918, 4405.64
3919, 4477.95
3920, 4458.97
3921, 4367.18
3922, 4300.51
3923, 4275.38
3924, 4298.46
3925, 4346.15
3926, 4404.62
3927, 4469.74
3928, 4456.92
3929, 4367.18
3930, 4299.49
3931, 4288.72
3932, 4319.49
3933, 4353.33
3934, 4398.97
3935, 4466.67
3936, 4468.72
3937, 4386.67
3938, 4311.79
3939, 4288.72
3940, 4313.85
3941, 4352.31
3942, 4396.92
3943, 4460.51
3944, 4462.56
3945, 4380
3946, 4310.77
3947, 4298.97
3948, 4324.1
3949, 4354.87
3950, 4403.59
3951, 4461.54
3952, 4448.72
3953, 4368.72
3954, 4308.21
3955, 4296.41
3956, 4320
3957, 4354.36
3958, 4405.13
3959, 4474.87
3960, 4466.67
3961, 4370.26
3962, 4298.97
3963, 4290.77
3964, 4321.54
3965, 4359.49
3966, 4408.21
3967, 4466.15
3968, 4453.33
3969, 4368.72
3970, 4302.05
3971, 4287.69
3972, 4318.97
3973, 4353.85
3974, 4393.85
3975, 4458.46
3976, 4455.38
3977, 4368.72
3978, 4302.56
3979, 4292.31
3980, 4315.9
3981, 4348.21
3982, 4404.1
3983, 4469.23
3984, 4449.23
3985, 4361.54
3986, 4303.08
3987, 4292.31
3988, 4316.41
3989, 4352.82
3990, 4408.72
3991, 4472.82
3992, 4455.38
3993, 4363.08
3994, 4298.46
3995, 4289.74
3996, 4316.92
3997, 4350.26
3998, 4389.74
3999, 4420.51
4000, 4389.23
4001, 4359.49
4002, 4388.72
4003, 4375.38
4004, 4333.85
4005, 4366.15
4006, 4393.85
4007, 4366.67
4008, 4359.49
4009, 4373.85
4010, 4376.41
4011, 4371.79
4012, 4365.64
4013, 4361.03
4014, 4366.67
4015, 4370.77
4016, 4369.74
4017, 4372.31
4018, 4373.85
4019, 4368.72
4020, 4369.74
4021, 4375.38
4022, 4370.26
4023, 4369.74
4024, 4379.49
4025, 4380.51
4026, 4370.26
4027, 4360.51
4028, 4366.15
4029, 4373.33
4030, 4366.67
4031, 4362.56
4032, 4372.31
4033, 4376.41
4034, 4370.26
4035, 4371.28
4036, 4378.97
4037, 4380
4038, 4372.82
4039, 4368.21
4040, 4366.15
4041, 4365.64
4042, 4369.23
4043, 4370.77
4044, 4369.74
4045, 4365.64
4046, 4360.51
4047, 4365.64
4048, 4370.77
4049, 4367.69
4050, 4368.72
4051, 4378.46
4052, 4379.49
4053, 4369.23
4054, 4367.18
4055, 4374.87
4056, 4378.97
4057, 4372.82
4058, 4366.15
4059, 4371.28
4060, 4374.36
4061, 4368.72
4062, 4368.72
4063, 4373.33
4064, 4373.85
4065, 4373.33
4066, 4376.41
4067, 4376.92
4068, 4371.79
4069, 4366.15
4070, 4365.13
4071, 4373.33
4072, 4384.62
4073, 4384.62
4074, 4373.33
4075, 4366.67
4076, 4370.26
4077, 4371.79
4078, 4366.67
4079, 4371.79
4080, 4385.13
4081, 4381.54
4082, 4373.33
4083, 4374.87
4084, 4374.36
4085, 4375.38
4086, 4381.03
4087, 4378.97
4088, 4369.23
4089, 4364.62
4090, 4370.26
4091, 4373.85
4092, 4371.28
4093, 4373.33
4094, 4375.38
4095, 4373.33
4096, 4373.33
4097, 4375.9
4098, 4377.44
4099, 4375.38
4100, 4370.77
4101, 4365.13
4102, 4363.08
4103, 4367.18
4104, 4370.26
4105, 4369.23
4106, 4368.72
4107, 4372.31
4108, 4374.36
4109, 4368.21
4110, 4363.59
4111, 4367.18
4112, 4370.26
4113, 4370.77
4114, 4368.72
4115, 4367.18
4116, 4370.77
4117, 4375.9
4118, 4374.87
4119, 4373.85
4120, 4375.9
4121, 4375.9
4122, 4370.26
4123, 4370.77
4124, 4376.41
4125, 4375.38
4126, 4372.82
4127, 4373.85
4128, 4374.87
4129, 4370.26
4130, 4367.18
4131, 4370.77
4132, 4368.21
4133, 4365.64
4134, 4371.28
4135, 4369.23
4136, 4360.51
4137, 4363.59
4138, 4370.26
4139, 4366.67
4140, 4363.59
4141, 4369.74
4142, 4372.82
4143, 4375.9
4144, 4378.46
4145, 4375.9
4146, 4376.41
4147, 4377.95
4148, 4372.82
4149, 4371.28
4150, 4375.9
4151, 4377.44
4152, 4376.41
4153, 4368.72
4154, 4362.05
4155, 4366.15
4156, 4369.23
4157, 4367.18
4158, 4368.21
4159, 4374.87
4160, 4377.44
4161, 4373.33
4162, 4371.79
4163, 4372.31
4164, 4370.26
4165, 4367.69
4166, 4368.21
4167, 4369.23
4168, 4366.67
4169, 4367.18
4170, 4371.79
4171, 4374.36
4172, 4373.33
4173, 4371.79
4174, 4371.28
4175, 4370.26
4176, 4372.82
4177, 4377.95
4178, 4373.33
4179, 4368.21
4180, 4374.36
4181, 4375.38
4182, 4370.26
4183, 4368.72
4184, 4370.26
4185, 4374.87
4186, 4377.44
4187, 4372.31
4188, 4365.64
4189, 4365.13
4190, 4368.72
4191, 4368.72
4192, 4368.21
4193, 4373.33
4194, 4377.95
4195, 4376.41
4196, 4371.79
4197, 4368.72
4198, 4366.67
4199, 4368.21
4200, 4370.77
4201, 4368.72
4202, 4371.79
4203, 4381.03
4204, 4381.54
4205, 4374.87
4206, 4368.72
4207, 4368.21
4208, 4373.33
4209, 4370.26
4210, 4364.62
4211, 4369.23
4212, 4372.31
4213, 4370.26
4214, 4371.28
4215, 4374.36
4216, 4374.36
4217, 4373.33
4218, 4373.85
4219, 4372.82
4220, 4371.79
4221, 4375.9
4222, 4376.92
4223, 4372.31
4224, 4369.23
4225, 4371.28
4226, 4370.77
4227, 4372.31
4228, 4375.38
4229, 4372.82
4230, 4374.36
4231, 4385.64
4232, 4384.62
4233, 4372.31
4234, 4369.23
4235, 4376.41
4236, 4377.44
4237, 4366.15
4238, 4358.97
4239, 4367.18
4240, 4371.79
4241, 4370.77
4242, 4377.44
4243, 4383.08
4244, 4377.44
4245, 4374.36
4246, 4377.95
4247, 4372.31
4248, 4364.62
4249, 4370.26
4250, 4375.38
4251, 4370.77
4252, 4363.59
4253, 4364.62
4254, 4373.85
4255, 4377.95
4256, 4372.31
4257, 4370.77
4258, 4374.87
4259, 4375.38
4260, 4370.77
4261, 4370.26
4262, 4372.82
4263, 4371.79
4264, 4374.87
4265, 4379.49
4266, 4375.9
4267, 4371.28
4268, 4369.74
4269, 4370.77
4270, 4369.23
4271, 4368.72
4272, 4372.82
4273, 4376.41
4274, 4375.9
4275, 4371.79
4276, 4370.77
4277, 4372.82
4278, 4373.85
4279, 4372.82
4280, 4370.77
4281, 4373.33
4282, 4375.9
4283, 4370.26
4284, 4370.77
4285, 4381.03
4286, 4373.33
4287, 4360
4288, 4366.15
4289, 4372.82
4290, 4369.74
4291, 4372.82
4292, 4378.97
4293, 4372.31
4294, 4369.23
4295, 4374.87
4296, 4366.67
4297, 4356.41
4298, 4364.1
4299, 4372.31
4300, 4367.69
4301, 4363.59
4302, 4367.18
4303, 4368.72
4304, 4366.15
4305, 4369.74
4306, 4373.33
4307, 4367.69
4308, 4362.05
4309, 4366.67
4310, 4376.92
4311, 4377.44
4312, 4372.82
4313, 4374.36
4314, 4370.77
4315, 4367.18
4316, 4369.23
4317, 4371.79
4318, 4371.79
4319, 4372.31
4320, 4376.41
4321, 4376.41
4322, 4369.23
4323, 4369.23
4324, 4375.9
4325, 4373.33
4326, 4367.69
4327, 4372.31
4328, 4376.41
4329, 4371.28
4330, 4369.23
4331, 4374.36
4332, 4376.92
4333, 4372.82
4334, 4368.21
4335, 4370.26
4336, 4374.36
4337, 4372.31
4338, 4373.33
4339, 4375.38
4340, 4370.26
4341, 4368.21
4342, 4372.82
4343, 4369.74
4344, 4363.08
4345, 4365.64
4346, 4369.74
4347, 4368.21
4348, 4365.64
4349, 4363.59
4350, 4362.05
4351, 4367.69
4352, 4363.59
4353, 4376.41
4354, 4408.72
4355, 4382.05
4356, 4313.85
4357, 4298.97
4358, 4309.74
4359, 4296.92
4360, 4292.82
4361, 4292.82
4362, 4276.92
4363, 4269.74
4364, 4271.28, estimuli
4365, 4276.92
4366, 4295.38
4367, 4322.56
4368, 4337.44
4369, 4337.95
4370, 4331.28
4371, 4326.15
4372, 4324.1
4373, 4325.13
4374, 4328.21
4375, 4327.69
4376, 4325.64
4377, 4324.62
4378, 4320
4379, 4321.54
4380, 4330.77
4381, 4335.9
4382, 4336.92
4383, 4329.23
4384, 4321.03
4385, 4317.95
4386, 4313.85
4387, 4308.72
4388, 4301.54
4389, 4293.33
4390, 4289.23
4391, 4289.23
4392, 4289.74
4393, 4287.18
4394, 4286.67
4395, 4293.33
4396, 4295.9
4397, 4287.18
4398, 4280.51
4399, 4282.56
4400, 4283.59
4401, 4280.51
4402, 4278.46
4403, 4283.08
4404, 4290.77
4405, 4292.82
4406, 4290.77
4407, 4296.41
4408, 4301.03
4409, 4300
4410, 4302.05
4411, 4306.15
4412, 4310.26
4413, 4307.18
4414, 4301.03
4415, 4307.18
4416, 4311.28
4417, 4306.67
4418, 4305.64
4419, 4309.74
4420, 4314.36
4421, 4317.44
4422, 4310.77
4423, 4303.59
4424, 4309.23
4425, 4314.36
4426, 4311.28
4427, 4313.85
4428, 4320.51
4429, 4318.97
4430, 4316.92
4431, 4322.05
4432, 4322.56
4433, 4320
4434, 4318.46
4435, 4316.92
4436, 4317.95
4437, 4319.49
4438, 4323.08
4439, 4324.1
4440, 4324.62
4441, 4332.31
4442, 4331.28
4443, 4320
4444, 4316.41
4445, 4324.1
4446, 4327.69
4447, 4325.13
4448, 4323.08
4449, 4320.51
4450, 4323.08
4451, 4329.74
4452, 4332.31
4453, 4329.23
4454, 4326.67
4455, 4323.08
4456, 4324.1
4457, 4337.95
4458, 4336.41
4459, 4334.36
4460, 4370.26
4461, 4396.92
4462, 4354.87
4463, 4287.69
4464, 4252.82
4465, 4263.59
4466, 4286.67
4467, 4315.9
4468, 4402.05
4469, 4465.64
4470, 4410.77
4471, 4309.23
4472, 4244.62
4473, 4251.28
4474, 4289.74
4475, 4329.23
4476, 4406.15
4477, 4455.9
4478, 4392.31
4479, 4301.54
4480, 4249.74
4481, 4245.13
4482, 4287.69
4483, 4340
4484, 4412.82
4485, 4454.36
4486, 4388.21
4487, 4303.08
4488, 4258.46
4489, 4252.31
4490, 4286.67
4491, 4341.54
4492, 4420
4493, 4461.03
4494, 4396.41
4495, 4304.1
4496, 4254.36
4497, 4256.41
4498, 4293.33
4499, 4340.51
4500, 4417.95
4501, 4463.59
4502, 4394.36
4503, 4300.51
4504, 4254.36
4505, 4252.31
4506, 4289.74
4507, 4342.56
4508, 4413.33
4509, 4454.36
4510, 4395.38
4511, 4304.62
4512, 4259.49
4513, 4263.59
4514, 4301.54
4515, 4352.82
4516, 4418.97
4517, 4453.85
4518, 4392.82
4519, 4306.67
4520, 4264.62
4521, 4269.23
4522, 4307.69
4523, 4353.85
4524, 4413.85
4525, 4452.82
4526, 4403.59
4527, 4318.97
4528, 4267.18
4529, 4264.1
4530, 4298.46
4531, 4346.15
4532, 4414.87
4533, 4458.97
4534, 4402.05
4535, 4313.85
4536, 4274.36
4537, 4283.08
4538, 4311.79
4539, 4346.67
4540, 4412.82
4541, 4456.92
4542, 4396.92
4543, 4313.85
4544, 4281.54
4545, 4279.49
4546, 4300
4547, 4347.69
4548, 4415.9
4549, 4446.67
4550, 4391.79
4551, 4310.77
4552, 4269.74
4553, 4283.08
4554, 4317.44
4555, 4352.82
4556, 4418.46
4557, 4454.36
4558, 4392.82
4559, 4310.77
4560, 4272.31
4561, 4280
4562, 4314.87
4563, 4350.26
4564, 4409.23
4565, 4453.33
4566, 4400
4567, 4313.85
4568, 4273.85
4569, 4278.46
4570, 4308.21
4571, 4352.82
4572, 4417.44
4573, 4452.82
4574, 4393.33
4575, 4306.67
4576, 4272.31
4577, 4287.18
4578, 4316.92
4579, 4355.38
4580, 4420
4581, 4457.44
4582, 4402.05
4583, 4318.46
4584, 4274.87
4585, 4276.41
4586, 4311.28
4587, 4349.74
4588, 4391.28
4589, 4398.46
4590, 4352.31
4591, 4355.38
4592, 4379.49
4593, 4330.26
4594, 4314.87
4595, 4363.59
4596, 4357.95
4597, 4336.41
4598, 4351.28
4599, 4355.38
4600, 4346.67
4601, 4347.69
4602, 4351.28
4603, 4348.72
4604, 4347.69
4605, 4352.31
4606, 4358.97
4607, 4356.41
4608, 4351.28
4609, 4356.41
4610, 4358.97
4611, 4352.31
4612, 4351.79
4613, 4357.44
4614, 4358.46
4615, 4355.38
4616, 4350.77
4617, 4350.77
4618, 4354.36
4619, 4355.38
4620, 4359.49
4621, 4368.21
4622, 4370.26
4623, 4363.59
4624, 4356.92
4625, 4355.9
4626, 4357.44
4627, 4358.97
4628, 4357.44
4629, 4353.33
4630, 4351.79
4631, 4353.85
4632, 4361.54
4633, 4365.13
4634, 4355.9
4635, 4353.85
4636, 4360.51
4637, 4357.44
4638, 4351.79
4639, 4358.46
4640, 4368.72
4641, 4370.26
4642, 4363.08
4643, 4355.9
4644, 4352.82
4645, 4355.9
4646, 4360.51
4647, 4360
4648, 4362.56
4649, 4365.64
4650, 4362.56
4651, 4357.95
4652, 4358.97
4653, 4361.03
4654, 4362.56
4655, 4364.1
4656, 4361.54
4657, 4358.46
4658, 4363.59
4659, 4364.1
4660, 4356.41
4661, 4354.87
4662, 4358.46
4663, 4357.95
4664, 4355.9
4665, 4358.97
4666, 4364.62
4667, 4361.03
4668, 4355.9
4669, 4360.51
4670, 4367.18
4671, 4364.62
4672, 4356.92
4673, 4354.36
4674, 4359.49
4675, 4362.05
4676, 4360.51
4677, 4358.97
4678, 4359.49
4679, 4363.59
4680, 4363.59
4681, 4362.05
4682, 4362.56
4683, 4363.59
4684, 4362.05
4685, 4356.41
4686, 4353.33
4687, 4353.33
4688, 4353.33
4689, 4354.36
4690, 4356.92
4691, 4359.49
4692, 4358.97
4693, 4356.41
4694, 4356.92
4695, 4358.97
4696, 4357.95
4697, 4360
4698, 4361.03
4699, 4358.97
4700, 4355.9
4701, 4356.92
4702, 4364.62
4703, 4363.08
4704, 4352.82
4705, 4350.77
4706, 4356.92
4707, 4360
4708, 4358.97
4709, 4355.9
4710, 4355.38
4711, 4363.08
4712, 4364.1
4713, 4352.31
4714, 4352.31
4715, 4363.08
4716, 4360
4717, 4351.79
4718, 4353.85
4719, 4354.87
4720, 4353.85
4721, 4355.38
4722, 4356.92
4723, 4357.95
4724, 4359.49
4725, 4359.49
4726, 4356.92
4727, 4354.87
4728, 4353.33
4729, 4356.41
4730, 4360
4731, 4355.38
4732, 4352.82
4733, 4354.36
4734, 4353.33
4735, 4352.31
4736, 4355.38
4737, 4356.41
4738, 4357.44
4739, 4361.03
4740, 4357.95
4741, 4348.72
4742, 4349.23
4743, 4356.41
4744, 4355.9
4745, 4354.87
4746, 4363.08
4747, 4368.21
4748, 4361.03
4749, 4349.74
4750, 4351.28
4751, 4360
4752, 4359.49
4753, 4356.92
4754, 4357.95
4755, 4355.38
4756, 4351.28
4757, 4354.87
4758, 4362.05
4759, 4360.51
4760, 4355.9
4761, 4355.9
4762, 4355.38
4763, 4354.36
4764, 4354.87
4765, 4358.97
4766, 4362.05
4767, 4361.03
4768, 4357.95
4769, 4353.85
4770, 4352.82
4771, 4355.38
4772, 4355.9
4773, 4353.85
4774, 4355.38
4775, 4356.92
4776, 4352.82
4777, 4353.33
4778, 4363.59
4779, 4366.67
4780, 4360
4781, 4358.97
4782, 4358.46
4783, 4353.85
4784, 4354.87
4785, 4356.92
4786, 4354.36
4787, 4356.92
4788, 4364.1
4789, 4360.51
4790, 4352.31
4791, 4360
4792, 4367.18
4793, 4356.92
4794, 4351.79
4795, 4356.41
4796, 4353.33
4797, 4349.23
4798, 4351.79
4799, 4356.92
4800, 4357.44
4801, 4354.36
4802, 4353.33
4803, 4361.54
4804, 4365.13
4805, 4357.95
4806, 4353.85
4807, 4355.38
4808, 4357.44
4809, 4357.95
4810, 4354.36
4811, 4351.28
4812, 4355.38
4813, 4358.46
4814, 4355.9
4815, 4356.92
4816, 4362.05
4817, 4361.03
4818, 4350.26
4819, 4347.18
4820, 4353.85
4821, 4357.95
4822, 4361.54
4823, 4363.08
4824, 4356.92
4825, 4351.28
4826, 4351.28
4827, 4355.38
4828, 4357.44
4829, 4354.36
4830, 4354.36
4831, 4355.9
4832, 4353.85
4833, 4351.79
4834, 4354.87
4835, 4359.49
4836, 4352.31
4837, 4345.64
4838, 4350.77
4839, 4355.38
4840, 4352.31
4841, 4351.79
4842, 4355.38
4843, 4356.92
4844, 4356.41
4845, 4351.79
4846, 4347.18
4847, 4351.28
4848, 4354.87
4849, 4353.85
4850, 4357.95
4851, 4360.51
4852, 4353.85
4853, 4348.72
4854, 4352.31
4855, 4353.85
4856, 4352.31
4857, 4354.87
4858, 4356.41
4859, 4352.82
4860, 4352.31
4861, 4354.87
4862, 4352.31
4863, 4352.31
4864, 4355.38
4865, 4355.38
4866, 4354.36
4867, 4351.79
4868, 4350.77
4869, 4351.28
4870, 4350.26
4871, 4352.31
4872, 4356.41
4873, 4355.9
4874, 4351.28
4875, 4353.33
4876, 4358.97
4877, 4358.46
4878, 4357.95
4879, 4358.46
4880, 4354.87
4881, 4353.33
4882, 4354.87
4883, 4356.92
4884, 4357.44
4885, 4354.36
4886, 4354.36
4887, 4355.9
4888, 4365.13
4889, 4369.23
4890, 4340.51
4891, 4305.64
4892, 4304.1
4893, 4313.33
4894, 4306.15
4895, 4301.03
4896, 4303.08, estimuli
4897, 4304.1
4898, 4308.72
4899, 4317.95
4900, 4321.54
4901, 4320.51
4902, 4326.67
4903, 4335.38
4904, 4339.49
4905, 4340
4906, 4334.87
4907, 4329.74
4908, 4322.56
4909, 4314.36
4910, 4318.97
4911, 4337.44
4912, 4339.49
4913, 4321.03
4914, 4310.26
4915, 4307.18
4916, 4309.74
4917, 4310.77
4918, 4290.26
4919, 4270.26
4920, 4274.36
4921, 4284.1
4922, 4284.62
4923, 4288.21
4924, 4298.46
4925, 4314.36
4926, 4326.67
4927, 4330.26
4928, 4332.82
4929, 4331.79
4930, 4327.69
4931, 4329.74
4932, 4333.85
4933, 4329.74
4934, 4329.74
4935, 4339.49
4936, 4338.46
4937, 4327.18
4938, 4321.03
4939, 4321.54
4940, 4318.46
4941, 4310.77
4942, 4305.13
4943, 4298.97
4944, 4292.31
4945, 4289.23
4946, 4286.15
4947, 4283.08
4948, 4283.59
4949, 4285.64
4950, 4289.74
4951, 4289.74
4952, 4285.64
4953, 4286.15
4954, 4290.77
4955, 4295.38
4956, 4298.97
4957, 4303.59
4958, 4306.67
4959, 4304.62
4960, 4303.59
4961, 4305.64
4962, 4308.21
4963, 4311.28
4964, 4312.31
4965, 4314.36
4966, 4317.95
4967, 4315.38
4968, 4314.87
4969, 4321.03
4970, 4319.49
4971, 4315.38
4972, 4320.51
4973, 4322.05
4974, 4314.36
4975, 4315.9
4976, 4322.56
4977, 4321.03
4978, 4320
4979, 4319.49
4980, 4319.49
4981, 4325.64
4982, 4325.64
4983, 4318.97
4984, 4323.59
4985, 4328.21
4986, 4314.87
4987, 4311.28
4988, 4327.69
4989, 4322.05
4990, 4328.21
4991, 4380
4992, 4393.85
4993, 4331.28
4994, 4265.13
4995, 4241.03
4996, 4264.62
4997, 4287.69
4998, 4325.13
4999, 4418.46
5000, 4454.87
5001, 4380.51
5002, 4280.51
5003, 4229.23
5004, 4255.38
5005, 4300.51
5006, 4349.74
5007, 4425.64
5008, 4447.69
5009, 4371.79
5010, 4290.26
5011, 4245.64
5012, 4251.28
5013, 4295.38
5014, 4352.82
5015, 4428.72
5016, 4446.15
5017, 4367.69
5018, 4288.72
5019, 4247.69
5020, 4254.87
5021, 4300
5022, 4354.87
5023, 4433.33
5024, 4456.41
5025, 4368.21
5026, 4282.05
5027, 4254.36
5028, 4263.59
5029, 4295.38
5030, 4352.31
5031, 4433.85
5032, 4452.31
5033, 4370.77
5034, 4290.77
5035, 4257.44
5036, 4268.72
5037, 4308.21
5038, 4357.44
5039, 4428.72
5040, 4450.26
5041, 4368.21
5042, 4283.59
5043, 4253.85
5044, 4270.26
5045, 4308.21
5046, 4357.95
5047, 4432.82
5048, 4452.31
5049, 4369.23
5050, 4285.64
5051, 4255.9
5052, 4270.26
5053, 4306.67
5054, 4355.38
5055, 4429.23
5056, 4453.85
5057, 4375.38
5058, 4286.67
5059, 4255.9
5060, 4273.33
5061, 4308.21
5062, 4358.97
5063, 4430.26
5064, 4442.05
5065, 4362.56
5066, 4286.67
5067, 4259.49
5068, 4274.87
5069, 4309.74
5070, 4357.95
5071, 4425.64
5072, 4441.54
5073, 4370.77
5074, 4295.38
5075, 4263.59
5076, 4274.87
5077, 4314.36
5078, 4368.21
5079, 4423.59
5080, 4426.15
5081, 4359.49
5082, 4291.28
5083, 4265.13
5084, 4281.54
5085, 4312.82
5086, 4354.36
5087, 4423.08
5088, 4447.69
5089, 4376.41
5090, 4292.82
5091, 4258.97
5092, 4278.97
5093, 4321.54
5094, 4363.08
5095, 4424.62
5096, 4445.64
5097, 4372.82
5098, 4289.74
5099, 4261.03
5100, 4282.56
5101, 4318.46
5102, 4364.62
5103, 4433.33
5104, 4447.69
5105, 4370.77
5106, 4294.36
5107, 4269.74
5108, 4287.18
5109, 4322.05
5110, 4369.74
5111, 4441.54
5112, 4458.97
5113, 4378.46
5114, 4301.54
5115, 4277.95
5116, 4289.74
5117, 4318.46
5118, 4360
5119, 4406.67
5120, 4388.72
5121, 4337.95
5122, 4362.05
5123, 4373.33
5124, 4315.38
5125, 4321.03
5126, 4368.21
5127, 4357.95
5128, 4342.56
5129, 4349.74
5130, 4350.77
5131, 4349.74
5132, 4352.31
5133, 4351.79
5134, 4351.28
5135, 4350.77
5136, 4348.72
5137, 4351.79
5138, 4352.31
5139, 4351.28
5140, 4351.28
5141, 4353.33
5142, 4359.49
5143, 4355.38
5144, 4351.79
5145, 4356.92
5146, 4351.28
5147, 4345.64
5148, 4354.36
5149, 4358.46
5150, 4352.82
5151, 4352.82
5152, 4356.41
5153, 4352.31
5154, 4350.26
5155, 4352.82
5156, 4351.28
5157, 4347.69
5158, 4352.31
5159, 4360
5160, 4359.49
5161, 4355.9
5162, 4356.92
5163, 4358.46
5164, 4352.82
5165, 4347.69
5166, 4355.38
5167, 4360
5168, 4347.69
5169, 4343.59
5170, 4357.44
5171, 4363.08
5172, 4354.87
5173, 4351.79
5174, 4351.28
5175, 4350.77
5176, 4351.79
5177, 4347.69
5178, 4354.36
5179, 4377.44
5180, 4391.28
5181, 4387.69
5182, 4388.72
5183, 4391.28
5184, 4381.03
5185, 4377.95
5186, 4385.64
5187, 4386.67
5188, 4386.15
5189, 4386.67
5190, 4384.1
5191, 4383.59
5192, 4385.13
5193, 4386.15
5194, 4383.08
5195, 4380
5196, 4383.08
5197, 4389.74
5198, 4384.62
5199, 4373.33
5200, 4376.92
5201, 4387.18
5202, 4384.62
5203, 4377.95
5204, 4378.97
5205, 4380
5206, 4380.51
5207, 4382.05
5208, 4384.1
5209, 4383.08
5210, 4376.92
5211, 4376.41
5212, 4377.44
5213, 4373.33
5214, 4374.36
5215, 4379.49
5216, 4375.9
5217, 4370.26
5218, 4377.44
5219, 4384.1
5220, 4376.41
5221, 4372.82
5222, 4381.54
5223, 4386.15
5224, 4382.05
5225, 4379.49
5226, 4381.03
5227, 4379.49
5228, 4377.44
5229, 4382.05
5230, 4383.08
5231, 4378.46
5232, 4380.51
5233, 4383.59
5234, 4384.62
5235, 4386.67
5236, 4386.67
5237, 4384.62
5238, 4385.64
5239, 4386.15
5240, 4379.49
5241, 4375.9
5242, 4383.59
5243, 4386.67
5244, 4377.44
5245, 4371.28
5246, 4373.33
5247, 4375.9
5248, 4382.05
5249, 4390.26
5250, 4384.62
5251, 4372.82
5252, 4370.77
5253, 4372.82
5254, 4375.9
5255, 4383.08
5256, 4381.54
5257, 4374.36
5258, 4376.92
5259, 4382.05
5260, 4378.97
5261, 4374.87
5262, 4374.36
5263, 4371.28
5264, 4372.82
5265, 4378.97
5266, 4376.92
5267, 4373.85
5268, 4376.92
5269, 4381.03
5270, 4381.03
5271, 4375.38
5272, 4373.85
5273, 4380.51
5274, 4380.51
5275, 4378.46
5276, 4378.97
5277, 4371.28
5278, 4362.05
5279, 4370.77
5280, 4374.87
5281, 4366.15
5282, 4372.82
5283, 4386.67
5284, 4380.51
5285, 4372.31
5286, 4377.44
5287, 4376.92
5288, 4371.79
5289, 4371.79
5290, 4375.38
5291, 4376.92
5292, 4369.74
5293, 4367.69
5294, 4375.38
5295, 4380
5296, 4378.46
5297, 4377.95
5298, 4378.97
5299, 4374.87
5300, 4374.36
5301, 4381.03
5302, 4380.51
5303, 4378.46
5304, 4380.51
5305, 4372.82
5306, 4363.08
5307, 4368.72
5308, 4374.36
5309, 4372.82
5310, 4375.38
5311, 4376.41
5312, 4372.82
5313, 4376.92
5314, 4382.56
5315, 4377.95
5316, 4373.85
5317, 4378.97
5318, 4379.49
5319, 4370.77
5320, 4367.69
5321, 4373.85
5322, 4374.87
5323, 4374.36
5324, 4378.46
5325, 4375.38
5326, 4376.41
5327, 4382.05
5328, 4382.05
5329, 4383.08
5330, 4382.05
5331, 4376.41
5332, 4374.87
5333, 4370.26
5334, 4364.62
5335, 4367.18
5336, 4372.31
5337, 4369.74
5338, 4370.26
5339, 4375.9
5340, 4371.79
5341, 4367.69
5342, 4373.33
5343, 4375.9
5344, 4368.21
5345, 4361.54
5346, 4369.74
5347, 4377.95
5348, 4373.33
5349, 4369.74
5350, 4373.85
5351, 4374.36
5352, 4375.38
5353, 4381.54
5354, 4380.51
5355, 4373.85
5356, 4372.82
5357, 4373.85
5358, 4371.79
5359, 4369.23
5360, 4369.74
5361, 4371.79
5362, 4376.41
5363, 4373.85
5364, 4368.21
5365, 4369.74
5366, 4373.85
5367, 4374.36
5368, 4371.79
5369, 4371.28
5370, 4374.36
5371, 4378.46
5372, 4381.03
5373, 4377.95
5374, 4373.85
5375, 4378.97
5376, 4384.62
5377, 4376.41
5378, 4364.62
5379, 4365.13
5380, 4374.87
5381, 4379.49
5382, 4377.95
5383, 4378.46
5384, 4376.92
5385, 4372.82
5386, 4367.69
5387, 4366.67
5388, 4369.74
5389, 4367.69
5390, 4367.18
5391, 4369.23
5392, 4370.77
5393, 4373.33
5394, 4374.36
5395, 4373.85
5396, 4372.82
5397, 4372.82
5398, 4371.79
5399, 4370.77
5400, 4372.31
5401, 4374.36
5402, 4374.36
5403, 4372.82
5404, 4371.28
5405, 4370.77
5406, 4370.26
5407, 4369.23
5408, 4370.26
5409, 4376.92
5410, 4380.51
5411, 4375.38
5412, 4370.77
5413, 4372.82
5414, 4371.28
5415, 4365.64
5416, 4368.72
5417, 4374.36
5418, 4373.85
5419, 4371.28
5420, 4371.79
5421, 4372.31
5422, 4367.18
5423, 4366.67
5424, 4370.77
5425, 4372.31
5426, 4377.95
5427, 4379.49
5428, 4370.26
5429, 4366.15
5430, 4368.21
5431, 4368.72
5432, 4371.28
5433, 4372.82
5434, 4371.79
5435, 4374.87
5436, 4379.49
5437, 4374.87
5438, 4367.69
5439, 4370.77
5440, 4374.87
5441, 4371.79
5442, 4368.72
5443, 4368.21
5444, 4369.74
5445, 4369.23
5446, 4369.23
5447, 4372.31
5448, 4371.28
5449, 4369.74
5450, 4371.28
5451, 4370.26
5452, 4368.21
5453, 4366.15
5454, 4366.67
5455, 4370.26
5456, 4371.28
5457, 4369.74
5458, 4370.26
5459, 4372.82
5460, 4373.85
5461, 4367.69
5462, 4376.92
5463, 4405.13
5464, 4383.08
5465, 4324.62
5466, 4317.44
5467, 4337.44
5468, 4330.77
5469, 4334.87
5470, 4342.05
5471, 4313.85
5472, 4297.44, estimuli
5473, 4307.18
5474, 4309.74
5475, 4313.33
5476, 4330.26
5477, 4350.77
5478, 4368.21
5479, 4377.95
5480, 4371.28
5481, 4353.85
5482, 4349.74
5483, 4360.51
5484, 4363.59
5485, 4360.51
5486, 4360.51
5487, 4366.67
5488, 4374.36
5489, 4371.28
5490, 4363.08
5491, 4360.51
5492, 4364.1
5493, 4361.03
5494, 4353.85
5495, 4355.38
5496, 4350.77
5497, 4335.38
5498, 4323.08
5499, 4314.87
5500, 4311.79
5501, 4315.38
5502, 4321.03
5503, 4325.13
5504, 4330.77
5505, 4337.44
5506, 4339.49
5507, 4336.92
5508, 4336.92
5509, 4341.03
5510, 4346.67
5511, 4348.21
5512, 4343.08
5513, 4343.08
5514, 4349.23
5515, 4346.67
5516, 4339.49
5517, 4339.49
5518, 4347.69
5519, 4351.28
5520, 4347.69
5521, 4344.62
5522, 4346.67
5523, 4350.77
5524, 4355.9
5525, 4363.08
5526, 4362.05
5527, 4351.79
5528, 4353.33
5529, 4360
5530, 4355.38
5531, 4350.26
5532, 4352.82
5533, 4356.41
5534, 4357.95
5535, 4357.44
5536, 4360
5537, 4366.15
5538, 4373.33
5539, 4372.82
5540, 4361.03
5541, 4359.49
5542, 4369.23
5543, 4363.08
5544, 4354.36
5545, 4363.59
5546, 4370.77
5547, 4366.67
5548, 4363.08
5549, 4362.56
5550, 4364.1
5551, 4367.69
5552, 4368.21
5553, 4366.67
5554, 4364.1
5555, 4360
5556, 4363.08
5557, 4370.26
5558, 4371.28
5559, 4371.28
5560, 4372.31
5561, 4369.23
5562, 4364.1
5563, 4374.36
5564, 4372.82
5565, 4360.51
5566, 4397.95
5567, 4440.51
5568, 4404.62
5569, 4342.05
5570, 4308.21
5571, 4304.62
5572, 4326.67
5573, 4349.74
5574, 4420.51
5575, 4504.1
5576, 4478.46
5577, 4376.41
5578, 4283.59
5579, 4264.62
5580, 4312.31
5581, 4364.62
5582, 4431.28
5583, 4491.79
5584, 4457.95
5585, 4367.69
5586, 4302.56
5587, 4281.54
5588, 4315.9
5589, 4371.28
5590, 4437.95
5591, 4492.82
5592, 4454.36
5593, 4364.1
5594, 4302.05
5595, 4291.28
5596, 4328.21
5597, 4372.31
5598, 4434.87
5599, 4496.92
5600, 4460.51
5601, 4366.67
5602, 4307.18
5603, 4296.41
5604, 4329.23
5605, 4375.9
5606, 4441.54
5607, 4502.05
5608, 4465.13
5609, 4371.79
5610, 4310.26
5611, 4295.9
5612, 4322.05
5613, 4366.15
5614, 4435.9
5615, 4501.54
5616, 4465.13
5617, 4369.74
5618, 4309.74
5619, 4296.92
5620, 4331.79
5621, 4381.54
5622, 4439.49
5623, 4495.38
5624, 4458.97
5625, 4364.62
5626, 4312.31
5627, 4306.15
5628, 4330.77
5629, 4375.38
5630, 4441.54
5631, 4495.9
5632, 4456.41
5633, 4361.54
5634, 4302.05
5635, 4303.59
5636, 4340
5637, 4373.33
5638, 4429.23
5639, 4489.23
5640, 4452.82
5641, 4359.49
5642, 4307.18
5643, 4307.18
5644, 4335.9
5645, 4371.28
5646, 4430.77
5647, 4486.15
5648, 4452.31
5649, 4371.79
5650, 4317.95
5651, 4305.64
5652, 4333.33
5653, 4375.38
5654, 4433.33
5655, 4483.08
5656, 4446.67
5657, 4360
5658, 4312.82
5659, 4315.9
5660, 4337.44
5661, 4368.72
5662, 4433.33
5663, 4490.77
5664, 4443.59
5665, 4348.21
5666, 4304.1
5667, 4306.15
5668, 4329.23
5669, 4369.74
5670, 4431.79
5671, 4481.03
5672, 4447.18
5673, 4362.56
5674, 4308.21
5675, 4307.69
5676, 4340
5677, 4375.9
5678, 4432.31
5679, 4491.28
5680, 4456.41
5681, 4355.9
5682, 4298.46
5683, 4303.59
5684, 4333.85
5685, 4370.77
5686, 4435.38
5687, 4490.77
5688, 4450.26
5689, 4363.59
5690, 4315.38
5691, 4308.21
5692, 4336.92
5693, 4380.51
5694, 4423.08
5695, 4433.33
5696, 4389.74
5697, 4384.62
5698, 4416.41
5699, 4377.95
5700, 4346.15
5701, 4392.31
5702, 4410.26
5703, 4383.59
5704, 4373.85
5705, 4377.44
5706, 4382.56
5707, 4387.18
5708, 4385.13
5709, 4377.95
5710, 4379.49
5711, 4383.59
5712, 4382.56
5713, 4380
5714, 4381.03
5715, 4383.59
5716, 4383.08
5717, 4385.13
5718, 4385.64
5719, 4379.49
5720, 4382.05
5721, 4385.64
5722, 4377.95
5723, 4375.9
5724, 4383.08
5725, 4382.56
5726, 4380
5727, 4382.56
5728, 4383.08
5729, 4382.05
5730, 4386.67
5731, 4388.21
5732, 4377.44
5733, 4373.33
5734, 4381.03
5735, 4383.08
5736, 4382.05
5737, 4385.64
5738, 4384.1
5739, 4380.51
5740, 4381.54
5741, 4381.54
5742, 4378.46
5743, 4378.46
5744, 4380
5745, 4382.05
5746, 4384.62
5747, 4383.08
5748, 4386.15
5749, 4388.21
5750, 4379.49
5751, 4376.41
5752, 4381.54
5753, 4382.56
5754, 4381.54
5755, 4379.49
5756, 4378.97
5757, 4385.13
5758, 4391.28
5759, 4385.13
5760, 4373.85
5761, 4375.9
5762, 4382.56
5763, 4381.03
5764, 4378.46
5765, 4378.97
5766, 4381.03
5767, 4382.56
5768, 4382.05
5769, 4383.59
5770, 4386.67
5771, 4381.03
5772, 4371.28
5773, 4373.85
5774, 4378.97
5775, 4374.87
5776, 4380
5777, 4387.69
5778, 4374.36
5779, 4369.23
5780, 4384.1
5781, 4388.21
5782, 4380.51
5783, 4375.9
5784, 4374.87
5785, 4375.9
5786, 4374.87
5787, 4374.87
5788, 4379.49
5789, 4382.05
5790, 4381.03
5791, 4376.41
5792, 4372.31
5793, 4374.36
5794, 4378.97
5795, 4374.36
5796, 4371.28
5797, 4381.54
5798, 4382.56
5799, 4376.41
5800, 4383.59
5801, 4389.23
5802, 4380.51
5803, 4372.82
5804, 4376.92
5805, 4375.38
5806, 4367.69
5807, 4372.82
5808, 4381.03
5809, 4374.87
5810, 4372.82
5811, 4382.05
5812, 4382.05
5813, 4373.33
5814, 4366.67
5815, 4365.64
5816, 4367.18
5817, 4371.28
5818, 4375.38
5819, 4375.38
5820, 4375.38
5821, 4371.28
5822, 4369.74
5823, 4378.97
5824, 4384.1
5825, 4380.51
5826, 4373.85
5827, 4373.85
5828, 4380
5829, 4376.41
5830, 4366.67
5831, 4367.69
5832, 4377.44
5833, 4378.97
5834, 4373.85
5835, 4373.33
5836, 4381.03
5837, 4382.05
5838, 4376.41
5839, 4381.54
5840, 4386.67
5841, 4375.38
5842, 4365.64
5843, 4371.28
5844, 4372.31
5845, 4368.72
5846, 4377.44
5847, 4378.97
5848, 4369.23
5849, 4369.74
5850, 4377.44
5851, 4380
5852, 4373.33
5853, 4369.23
5854, 4375.9
5855, 4380.51
5856, 4379.49
5857, 4377.95
5858, 4377.95
5859, 4376.92
5860, 4371.28
5861, 4369.74
5862, 4369.74
5863, 4368.72
5864, 4373.85
5865, 4380
5866, 4379.49
5867, 4370.77
5868, 4366.15
5869, 4369.23
5870, 4369.23
5871, 4368.21
5872, 4371.28
5873, 4375.38
5874, 4372.82
5875, 4367.69
5876, 4367.69
5877, 4370.77
5878, 4374.36
5879, 4375.9
5880, 4371.79
5881, 4370.77
5882, 4373.33
5883, 4373.33
5884, 4372.31
5885, 4373.85
5886, 4372.31
5887, 4369.74
5888, 4371.28
5889, 4371.79
5890, 4369.74
5891, 4369.23
5892, 4373.33
5893, 4373.85
5894, 4370.26
5895, 4365.64
5896, 4361.54
5897, 4363.08
5898, 4364.62
5899, 4368.21
5900, 4370.77
5901, 4367.69
5902, 4366.15
5903, 4365.13
5904, 4366.15
5905, 4368.72
5906, 4365.64
5907, 4361.03
5908, 4362.05
5909, 4366.15
5910, 4368.72
5911, 4366.15
5912, 4367.69
5913, 4374.36
5914, 4371.28
5915, 4365.13
5916, 4367.69
5917, 4370.77
5918, 4366.15
5919, 4364.1
5920, 4368.21
5921, 4369.74
5922, 4371.79
5923, 4369.23
5924, 4360
5925, 4359.49
5926, 4366.15
5927, 4365.64
5928, 4364.1
5929, 4368.21
5930, 4371.28
5931, 4372.31
5932, 4369.23
5933, 4362.56
5934, 4360
5935, 4365.13
5936, 4368.72
5937, 4366.67
5938, 4367.18
5939, 4367.69
5940, 4367.18
5941, 4368.72
5942, 4368.72
5943, 4368.72
5944, 4370.26
5945, 4370.77
5946, 4370.26
5947, 4372.31
5948, 4371.79
5949, 4365.64
5950, 4364.1
5951, 4367.69
5952, 4365.64
5953, 4363.59
5954, 4367.18
5955, 4365.64
5956, 4363.08
5957, 4367.18
5958, 4372.82
5959, 4372.31
5960, 4366.67
5961, 4365.13
5962, 4366.15
5963, 4365.64
5964, 4366.15
5965, 4368.72
5966, 4370.26
5967, 4366.67
5968, 4366.67
5969, 4371.79
5970, 4371.79
5971, 4369.23
5972, 4369.74
5973, 4376.41
5974, 4373.33
5975, 4359.49
5976, 4376.41
5977, 4391.28
5978, 4347.18
5979, 4299.49
5980, 4298.97
5981, 4294.87
5982, 4280
5983, 4290.77
5984, 4290.26
5985, 4265.64
5986, 4261.54
5987, 4274.36
5988, 4280, estimuli
5989, 4298.46
5990, 4325.64
5991, 4334.87
5992, 4341.03
5993, 4342.05
5994, 4329.74
5995, 4322.05
5996, 4327.18
5997, 4332.31
5998, 4331.79
5999, 4335.9
6000, 4339.49
6001, 4337.95
6002, 4343.08
6003, 4349.23
6004, 4350.77
6005, 4352.82
6006, 4348.72
6007, 4334.36
6008, 4319.49
6009, 4311.79
6010, 4309.74
6011, 4313.33
6012, 4312.82
6013, 4306.15
6014, 4308.21
6015, 4306.67
6016, 4294.36
6017, 4291.28
6018, 4299.49
6019, 4307.69
6020, 4309.23
6021, 4303.08
6022, 4304.1
6023, 4311.28
6024, 4307.18
6025, 4305.64
6026, 4316.92
6027, 4319.49
6028, 4312.31
6029, 4308.21
6030, 4309.74
6031, 4314.36
6032, 4323.08
6033, 4328.21
6034, 4324.62
6035, 4323.08
6036, 4321.03
6037, 4318.97
6038, 4322.05
6039, 4320.51
6040, 4315.38
6041, 4317.44
6042, 4325.64
6043, 4326.15
6044, 4318.46
6045, 4321.03
6046, 4332.31
6047, 4333.85
6048, 4328.21
6049, 4328.72
6050, 4333.85
6051, 4333.33
6052, 4327.18
6053, 4327.69
6054, 4335.38
6055, 4342.05
6056, 4341.03
6057, 4335.38
6058, 4335.9
6059, 4335.38
6060, 4327.69
6061, 4324.62
6062, 4329.23
6063, 4337.95
6064, 4340.51
6065, 4337.44
6066, 4340.51
6067, 4344.62
6068, 4344.1
6069, 4340
6070, 4336.92
6071, 4336.92
6072, 4337.44
6073, 4337.95
6074, 4340.51
6075, 4340.51
6076, 4340.51
6077, 4348.72
6078, 4353.33
6079, 4343.59
6080, 4335.38
6081, 4350.26
6082, 4354.36
6083, 4345.13
6084, 4380
6085, 4417.95
6086, 4383.08
6087, 4311.28
6088, 4269.74
6089, 4280.51
6090, 4307.69
6091, 4328.72
6092, 4402.56
6093, 4475.38
6094, 4445.64
6095, 4346.15
6096, 4254.36
6097, 4244.1
6098, 4295.38
6099, 4345.13
6100, 4411.28
6101, 4469.23
6102, 4426.67
6103, 4328.72
6104, 4263.08
6105, 4250.77
6106, 4288.72
6107, 4338.97
6108, 4409.74
6109, 4472.82
6110, 4430.77
6111, 4336.41
6112, 4272.82
6113, 4258.97
6114, 4294.36
6115, 4341.03
6116, 4410.77
6117, 4470.26
6118, 4420.51
6119, 4326.15
6120, 4274.36
6121, 4267.69
6122, 4303.08
6123, 4347.69
6124, 4413.85
6125, 4474.36
6126, 4425.13
6127, 4326.67
6128, 4273.33
6129, 4264.62
6130, 4296.92
6131, 4347.69
6132, 4412.82
6133, 4465.13
6134, 4419.49
6135, 4326.67
6136, 4277.44
6137, 4273.33
6138, 4298.97
6139, 4340
6140, 4408.21
6141, 4461.03
6142, 4411.79
6143, 4317.95
6144, 4269.74
6145, 4269.23
6146, 4291.79
6147, 4330.77
6148, 4401.54
6149, 4453.85
6150, 4406.67
6151, 4318.46
6152, 4266.67
6153, 4265.13
6154, 4299.49
6155, 4343.08
6156, 4402.05
6157, 4449.74
6158, 4410.77
6159, 4324.62
6160, 4269.23
6161, 4267.18
6162, 4303.08
6163, 4347.18
6164, 4405.13
6165, 4454.36
6166, 4415.38
6167, 4327.69
6168, 4283.59
6169, 4290.26
6170, 4313.33
6171, 4341.03
6172, 4408.72
6173, 4471.79
6174, 4420
6175, 4315.38
6176, 4270.26
6177, 4283.59
6178, 4315.38
6179, 4347.69
6180, 4404.1
6181, 4460
6182, 4423.59
6183, 4329.74
6184, 4276.92
6185, 4281.54
6186, 4308.21
6187, 4336.92
6188, 4405.13
6189, 4467.69
6190, 4414.36
6191, 4316.92
6192, 4276.41
6193, 4280.51
6194, 4305.13
6195, 4345.13
6196, 4413.33
6197, 4461.03
6198, 4410.26
6199, 4320
6200, 4273.33
6201, 4277.44
6202, 4309.23
6203, 4347.69
6204, 4411.28
6205, 4461.03
6206, 4413.85
6207, 4329.74
6208, 4283.59
6209, 4276.41
6210, 4304.1
6211, 4347.18
6212, 4392.82
6213, 4402.56
6214, 4362.05
6215, 4361.03
6216, 4385.64
6217, 4341.03
6218, 4317.44
6219, 4366.67
6220, 4371.28
6221, 4344.62
6222, 4350.26
6223, 4353.33
6224, 4346.67
6225, 4346.67
6226, 4347.18
6227, 4347.18
6228, 4346.67
6229, 4343.59
6230, 4347.18
6231, 4351.28
6232, 4349.74
6233, 4350.77
6234, 4352.31
6235, 4354.36
6236, 4355.38
6237, 4355.38
6238, 4352.31
6239, 4350.77
6240, 4352.31
6241, 4354.36
6242, 4357.44
6243, 4355.38
6244, 4351.28
6245, 4352.82
6246, 4352.82
6247, 4355.38
6248, 4362.56
6249, 4361.03
6250, 4355.9
6251, 4357.95
6252, 4360.51
6253, 4358.46
6254, 4355.38
6255, 4357.44
6256, 4360.51
6257, 4359.49
6258, 4358.46
6259, 4359.49
6260, 4360
6261, 4358.46
6262, 4354.87
6263, 4355.9
6264, 4356.92
6265, 4356.41
6266, 4358.46
6267, 4358.97
6268, 4360.51
6269, 4363.59
6270, 4361.54
6271, 4356.41
6272, 4356.92
6273, 4363.08
6274, 4361.54
6275, 4355.9
6276, 4355.9
6277, 4357.95
6278, 4355.9
6279, 4355.9
6280, 4361.54
6281, 4360.51
6282, 4351.79
6283, 4354.36
6284, 4363.08
6285, 4362.56
6286, 4361.03
6287, 4364.1
6288, 4364.62
6289, 4365.64
6290, 4366.67
6291, 4364.1
6292, 4357.44
6293, 4357.44
6294, 4364.62
6295, 4367.18
6296, 4365.13
6297, 4358.46
6298, 4357.95
6299, 4362.56
6300, 4360
6301, 4357.44
6302, 4360
6303, 4359.49
6304, 4358.97
6305, 4363.08
6306, 4362.05
6307, 4359.49
6308, 4363.59
6309, 4367.18
6310, 4362.05
6311, 4360
6312, 4363.59
6313, 4358.97
6314, 4353.85
6315, 4351.28
6316, 4354.87
6317, 4365.13
6318, 4369.23
6319, 4368.72
6320, 4369.23
6321, 4368.72
6322, 4367.18
6323, 4365.13
6324, 4362.05
6325, 4363.08
6326, 4367.69
6327, 4367.69
6328, 4361.54
6329, 4360.51
6330, 4365.64
6331, 4368.21
6332, 4367.69
6333, 4364.62
6334, 4362.05
6335, 4363.59
6336, 4367.69
6337, 4371.79
6338, 4370.26
6339, 4369.23
6340, 4370.77
6341, 4369.23
6342, 4369.74
6343, 4370.26
6344, 4365.64
6345, 4364.1
6346, 4368.21
6347, 4370.26
6348, 4370.26
6349, 4371.28
6350, 4370.26
6351, 4365.64
6352, 4361.03
6353, 4362.05
6354, 4370.26
6355, 4370.77
6356, 4360
6357, 4360.51
6358, 4368.72
6359, 4365.13
6360, 4365.64
6361, 4369.74
6362, 4363.59
6363, 4362.56
6364, 4368.21
6365, 4365.64
6366, 4358.46
6367, 4358.97
6368, 4364.62
6369, 4366.15
6370, 4367.18
6371, 4362.56
6372, 4354.36
6373, 4354.87
6374, 4355.9
6375, 4348.72
6376, 4343.08
6377, 4341.03
6378, 4337.44
6379, 4337.44
6380, 4345.13
6381, 4352.82
6382, 4347.18
6383, 4339.49
6384, 4345.64
6385, 4353.33
6386, 4343.59
6387, 4329.74
6388, 4336.92
6389, 4346.15
6390, 4342.56
6391, 4348.21
6392, 4355.9
6393, 4348.21
6394, 4341.03
6395, 4345.64
6396, 4346.67
6397, 4343.59
6398, 4343.59
6399, 4344.62
6400, 4344.62
6401, 4347.69
6402, 4351.28
6403, 4354.36
6404, 4358.46
6405, 4356.41
6406, 4346.15
6407, 4337.44
6408, 4344.1
6409, 4356.41
6410, 4349.74
6411, 4346.67
6412, 4361.03
6413, 4363.08
6414, 4349.23
6415, 4346.67
6416, 4355.38
6417, 4354.36
6418, 4348.72
6419, 4356.41
6420, 4365.13
6421, 4358.46
6422, 4348.72
6423, 4352.31
6424, 4358.97
6425, 4355.38
6426, 4352.82
6427, 4354.87
6428, 4351.28
6429, 4353.33
6430, 4363.59
6431, 4363.08
6432, 4353.85
6433, 4351.79
6434, 4356.41
6435, 4355.38
6436, 4352.31
6437, 4355.9
6438, 4358.97
6439, 4358.97
6440, 4358.46
6441, 4353.85
6442, 4351.79
6443, 4352.82
6444, 4352.82
6445, 4354.87
6446, 4356.92
6447, 4356.41
6448, 4357.44
6449, 4358.46
6450, 4356.41
6451, 4352.82
6452, 4353.85
6453, 4353.85
6454, 4352.82
6455, 4354.36
6456, 4354.87
6457, 4358.46
6458, 4362.05
6459, 4357.95
6460, 4353.85
6461, 4352.31
6462, 4348.21
6463, 4347.69
6464, 4354.36
6465, 4357.44
6466, 4351.79
6467, 4350.77
6468, 4357.44
6469, 4357.95
6470, 4357.95
6471, 4355.38
6472, 4351.28
6473, 4353.85
6474, 4355.9
6475, 4352.82
6476, 4352.31
6477, 4353.85
6478, 4352.82
6479, 4352.82
6480, 4357.44
6481, 4357.95
6482, 4353.85
6483, 4357.95
6484, 4366.67
6485, 4362.56
6486, 4353.33
6487, 4351.79
6488, 4354.36
6489, 4356.41
6490, 4357.95
6491, 4356.92
6492, 4354.87
6493, 4357.44
6494, 4358.46
6495, 4355.38
6496, 4354.87
6497, 4358.46
6498, 4363.59
6499, 4358.97
6500, 4351.79
6501, 4360
6502, 4366.15
6503, 4361.54
6504, 4358.97
6505, 4358.46
6506, 4353.85
6507, 4349.23
6508, 4356.92
6509, 4365.13
6510, 4361.03
6511, 4363.59
6512, 4369.74
6513, 4360.51
6514, 4348.21
6515, 4350.77
6516, 4357.44
6517, 4357.95
6518, 4358.97
6519, 4362.05
6520, 4358.97
6521, 4357.44
6522, 4359.49
6523, 4357.44
6524, 4354.87
6525, 4356.41
6526, 4358.46
6527, 4356.41
6528, 4356.92
6529, 4364.1
6530, 4364.62
6531, 4358.97
6532, 4357.95
6533, 4356.92
6534, 4358.46
6535, 4359.49
6536, 4357.44
6537, 4361.03
6538, 4366.67
6539, 4362.05
6540, 4350.77
6541, 4351.79
6542, 4361.03
6543, 4361.54
6544, 4358.46
6545, 4356.92
6546, 4354.87
6547, 4354.36
6548, 4354.36
6549, 4356.92
6550, 4359.49
6551, 4356.41
6552, 4356.92
6553, 4361.03
6554, 4359.49
6555, 4356.41
6556, 4358.97
6557, 4361.03
6558, 4357.44
6559, 4355.9
6560, 4358.97
6561, 4357.44
6562, 4354.87
6563, 4357.95
6564, 4360.51
6565, 4357.95
6566, 4353.33
6567, 4356.41
6568, 4363.08
6569, 4357.44
6570, 4352.82
6571, 4354.87
6572, 4357.44
6573, 4362.05
6574, 4363.59
6575, 4361.03
6576, 4360
6577, 4360.51
6578, 4358.46
6579, 4355.38
6580, 4358.46
6581, 4357.95
6582, 4356.92
6583, 4359.49
6584, 4358.46
6585, 4360.51
6586, 4362.56
6587, 4356.92
6588, 4356.41
6589, 4358.97
6590, 4354.36
6591, 4355.38
6592, 4364.62
6593, 4365.64
6594, 4354.87
6595, 4351.28
6596, 4359.49
6597, 4360.51
6598, 4357.44
6599, 4357.44
6600, 4356.92
6601, 4356.92
6602, 4357.44
6603, 4358.97
6604, 4362.05
6605, 4363.08
6606, 4358.46
6607, 4352.31
6608, 4353.33
6609, 4357.95
6610, 4358.46
6611, 4350.26
6612, 4346.67
6613, 4357.95
6614, 4363.08
6615, 4356.41
6616, 4355.9
6617, 4361.03
6618, 4364.62
6619, 4362.05
6620, 4349.23
6621, 4349.23
6622, 4358.97
6623, 4354.87
6624, 4348.21
6625, 4352.82
6626, 4359.49
6627, 4357.95
6628, 4358.46
6629, 4357.95
6630, 4368.72
6631, 4393.85
6632, 4374.87
6633, 4313.33
6634, 4274.87
6635, 4272.31
6636, 4274.87
6637, 4275.38
6638, 4268.21
6639, 4255.38
6640, 4248.72
6641, 4242.56
6642, 4245.64
6643, 4258.97
6644, 4280, estimuli
6645, 4301.03
6646, 4306.67
6647, 4308.21
6648, 4306.67
6649, 4297.44
6650, 4294.36
6651, 4299.49
6652, 4304.62
6653, 4300
6654, 4296.92
6655, 4304.62
6656, 4310.26
6657, 4306.15
6658, 4304.1
6659, 4307.18
6660, 4302.05
6661, 4294.36
6662, 4291.28
6663, 4281.54
6664, 4275.38
6665, 4280.51
6666, 4282.05
6667, 4281.03
6668, 4283.08
6669, 4287.69
6670, 4292.82
6671, 4290.26
6672, 4283.59
6673, 4280
6674, 4278.46
6675, 4278.46
6676, 4280.51
6677, 4286.67
6678, 4289.23
6679, 4282.05
6680, 4279.49
6681, 4284.62
6682, 4287.18
6683, 4284.62
6684, 4285.13
6685, 4292.82
6686, 4294.87
6687, 4289.74
6688, 4291.28
6689, 4296.41
6690, 4300.51
6691, 4302.05
6692, 4303.08
6693, 4306.67
6694, 4309.74
6695, 4310.77
6696, 4305.64
6697, 4302.05
6698, 4307.69
6699, 4309.74
6700, 4307.69
6701, 4309.74
6702, 4308.21
6703, 4300.51
6704, 4299.49
6705, 4306.15
6706, 4309.74
6707, 4310.26
6708, 4315.38
6709, 4309.74
6710, 4298.97
6711, 4306.15
6712, 4314.87
6713, 4309.23
6714, 4303.08
6715, 4302.56
6716, 4307.18
6717, 4309.74
6718, 4309.23
6719, 4310.26
6720, 4315.38
6721, 4318.97
6722, 4316.41
6723, 4316.92
6724, 4322.56
6725, 4324.62
6726, 4319.49
6727, 4313.85
6728, 4314.87
6729, 4316.41
6730, 4314.36
6731, 4314.87
6732, 4317.44
6733, 4319.49
6734, 4320
6735, 4317.95
6736, 4320.51
6737, 4319.49
6738, 4322.56
6739, 4324.62
6740, 4313.85
6741, 4337.44
6742, 4383.59
6743, 4367.69
6744, 4302.56
6745, 4252.31
6746, 4241.54
6747, 4269.23
6748, 4293.33
6749, 4345.64
6750, 4432.31
6751, 4437.44
6752, 4352.82
6753, 4257.44
6754, 4218.46
6755, 4248.72
6756, 4297.95
6757, 4366.15
6758, 4440
6759, 4434.36
6760, 4347.69
6761, 4267.69
6762, 4233.33
6763, 4258.46
6764, 4308.72
6765, 4371.28
6766, 4447.18
6767, 4434.87
6768, 4340.51
6769, 4270.26
6770, 4245.13
6771, 4270.26
6772, 4314.36
6773, 4364.62
6774, 4437.44
6775, 4438.46
6776, 4344.62
6777, 4261.54
6778, 4233.33
6779, 4261.54
6780, 4314.87
6781, 4374.36
6782, 4443.08
6783, 4434.36
6784, 4344.1
6785, 4277.44
6786, 4250.26
6787, 4263.08
6788, 4310.77
6789, 4378.46
6790, 4444.1
6791, 4420.51
6792, 4326.67
6793, 4268.72
6794, 4252.82
6795, 4271.28
6796, 4311.28
6797, 4370.26
6798, 4441.03
6799, 4430.77
6800, 4337.95
6801, 4269.23
6802, 4250.26
6803, 4270.26
6804, 4307.69
6805, 4364.1
6806, 4437.95
6807, 4434.87
6808, 4341.54
6809, 4262.56
6810, 4245.13
6811, 4272.82
6812, 4311.28
6813, 4364.1
6814, 4425.64
6815, 4417.95
6816, 4340.51
6817, 4274.87
6818, 4254.36
6819, 4272.82
6820, 4316.92
6821, 4375.38
6822, 4427.69
6823, 4413.33
6824, 4338.97
6825, 4277.95
6826, 4256.92
6827, 4272.82
6828, 4307.69
6829, 4362.05
6830, 4431.28
6831, 4429.23
6832, 4343.59
6833, 4273.33
6834, 4261.03
6835, 4281.54
6836, 4312.31
6837, 4366.67
6838, 4435.38
6839, 4426.67
6840, 4338.97
6841, 4271.28
6842, 4255.9
6843, 4279.49
6844, 4318.97
6845, 4372.82
6846, 4434.36
6847, 4422.05
6848, 4336.92
6849, 4272.82
6850, 4262.05
6851, 4287.18
6852, 4320
6853, 4372.31
6854, 4439.49
6855, 4425.13
6856, 4333.85
6857, 4271.28
6858, 4261.03
6859, 4288.72
6860, 4328.72
6861, 4381.54
6862, 4442.56
6863, 4425.64
6864, 4341.03
6865, 4284.62
6866, 4265.13
6867, 4274.36
6868, 4313.33
6869, 4367.69
6870, 4395.38
6871, 4357.95
6872, 4333.33
6873, 4364.62
6874, 4347.18
6875, 4302.56
6876, 4336.92
6877, 4364.62
6878, 4337.44
6879, 4335.38
6880, 4349.74
6881, 4345.64
6882, 4341.03
6883, 4342.56
6884, 4338.97
6885, 4343.08
6886, 4348.72
6887, 4348.72
6888, 4347.69
6889, 4343.08
6890, 4340.51
6891, 4344.1
6892, 4350.77
6893, 4347.69
6894, 4342.05
6895, 4346.15
6896, 4346.67
6897, 4343.59
6898, 4340.51
6899, 4332.31
6900, 4334.36
6901, 4344.1
6902, 4343.08
6903, 4342.05
6904, 4345.13
6905, 4347.18
6906, 4352.31
6907, 4355.9
6908, 4348.21
6909, 4340
6910, 4342.56
6911, 4344.62
6912, 4343.08
6913, 4343.08
6914, 4335.38
6915, 4331.28
6916, 4341.03
6917, 4346.15
6918, 4343.59
6919, 4343.59
6920, 4343.08
6921, 4338.46
6922, 4336.92
6923, 4343.08
6924, 4347.18
6925, 4347.69
6926, 4344.62
6927, 4342.05
6928, 4345.13
6929, 4347.18
6930, 4346.15
6931, 4348.72
6932, 4348.21
6933, 4342.56
6934, 4341.54
6935, 4343.59
6936, 4346.15
6937, 4347.69
6938, 4349.74
6939, 4348.21
6940, 4340.51
6941, 4338.46
6942, 4344.1
6943, 4347.18
6944, 4348.72
6945, 4349.74
6946, 4347.18
6947, 4342.05
6948, 4348.21
6949, 4357.44
6950, 4356.92
6951, 4355.9
6952, 4354.36
6953, 4350.26
6954, 4353.33
6955, 4355.38
6956, 4344.62
6957, 4335.9
6958, 4340
6959, 4345.13
6960, 4347.18
6961, 4349.23
6962, 4348.72
6963, 4347.18
6964, 4350.26
6965, 4350.26
6966, 4351.28
6967, 4354.87
6968, 4349.74
6969, 4342.56
6970, 4345.64
6971, 4352.82
6972, 4353.33
6973, 4351.79
6974, 4352.31
6975, 4351.28
6976, 4350.26
6977, 4348.21
6978, 4345.64
6979, 4349.74
6980, 4354.36
6981, 4351.28
6982, 4348.72
6983, 4348.21
6984, 4349.74
6985, 4353.33
6986, 4348.72
6987, 4343.08
6988, 4342.05
6989, 4346.67
6990, 4351.28
6991, 4350.77
6992, 4353.33
6993, 4357.44
6994, 4357.95
6995, 4357.95
6996, 4354.36
6997, 4348.72
6998, 4350.26
6999, 4353.33
7000, 4353.33
7001, 4356.92
7002, 4358.97
7003, 4354.87
7004, 4353.85
7005, 4356.41
7006, 4353.33
7007, 4353.33
7008, 4356.92
7009, 4356.92
7010, 4355.9
7011, 4350.77
7012, 4349.23
7013, 4355.38
7014, 4356.92
7015, 4353.85
7016, 4350.77
7017, 4350.77
7018, 4357.44
7019, 4356.92
7020, 4352.82
7021, 4354.87
7022, 4355.38
7023, 4354.36
7024, 4351.28
7025, 4349.23
7026, 4350.77
7027, 4350.77
7028, 4351.28
7029, 4352.82
7030, 4351.28
7031, 4351.79
7032, 4356.41
7033, 4357.44
7034, 4352.82
7035, 4352.82
7036, 4354.87
7037, 4352.82
7038, 4350.77
7039, 4351.28
7040, 4353.85
7041, 4354.87
7042, 4351.28
7043, 4352.82
7044, 4357.44
7045, 4352.82
7046, 4346.67
7047, 4349.74
7048, 4354.87
7049, 4354.36
7050, 4350.26
7051, 4349.74
7052, 4349.74
7053, 4351.28
7054, 4354.36
7055, 4353.33
7056, 4353.85
7057, 4354.36
7058, 4349.74
7059, 4348.72
7060, 4350.77
7061, 4351.28
7062, 4350.26
7063, 4354.36
7064, 4357.95
7065, 4353.33
7066, 4351.79
7067, 4352.31
7068, 4350.77
7069, 4353.33
7070, 4356.92
7071, 4355.9
7072, 4352.31
7073, 4354.36
7074, 4358.46
7075, 4356.92
7076, 4351.79
7077, 4349.23
7078, 4349.74
7079, 4351.79
7080, 4353.33
7081, 4355.9
7082, 4361.03
7083, 4356.92
7084, 4355.9
7085, 4367.69
7086, 4366.67
7087, 4357.95
7088, 4362.05
7089, 4365.13
7090, 4354.36
7091, 4350.26
7092, 4362.05
7093, 4364.1
7094, 4361.03
7095, 4365.64
7096, 4366.67
7097, 4365.64
7098, 4362.56
7099, 4359.49
7100, 4364.1
7101, 4367.69
7102, 4357.44
7103, 4346.67
7104, 4354.36
7105, 4362.56
7106, 4353.33
7107, 4348.72
7108, 4355.38
7109, 4356.41
7110, 4354.87
7111, 4356.92
7112, 4357.44
7113, 4355.9
7114, 4357.44
7115, 4360
7116, 4355.9
7117, 4353.33
7118, 4357.44
7119, 4361.03
7120, 4360
7121, 4354.36
7122, 4351.79
7123, 4354.87
7124, 4354.36
7125, 4352.82
7126, 4354.36
7127, 4353.33
7128, 4356.92
7129, 4363.08
7130, 4357.95
7131, 4349.23
7132, 4354.36
7133, 4362.05
7134, 4356.92
7135, 4350.26
7136, 4354.36
7137, 4358.97
7138, 4357.44
7139, 4351.79
7140, 4353.85
7141, 4361.03
7142, 4356.41
7143, 4353.33
7144, 4362.56
7145, 4365.64
7146, 4361.03
7147, 4355.9
7148, 4351.79
7149, 4349.74
7150, 4351.79
7151, 4352.82
7152, 4349.74
7153, 4352.82
7154, 4355.38
7155, 4351.28
7156, 4356.92
7157, 4364.1
7158, 4360.51
7159, 4352.31
7160, 4346.67
7161, 4350.77
7162, 4353.85
7163, 4352.31
7164, 4352.31
7165, 4354.87
7166, 4356.41
7167, 4356.92
7168, 4357.44
7169, 4354.87
7170, 4353.85
7171, 4356.92
7172, 4356.41
7173, 4355.38
7174, 4357.95
7175, 4357.95
7176, 4357.95
7177, 4356.92
7178, 4348.72
7179, 4345.64
7180, 4350.26
7181, 4352.82
7182, 4350.26
7183, 4350.77
7184, 4358.97
7185, 4363.08
7186, 4355.38
7187, 4348.72
7188, 4349.74
7189, 4356.92
7190, 4362.56
7191, 4362.56
7192, 4357.44
7193, 4352.82
7194, 4352.82
7195, 4355.9
7196, 4357.95
7197, 4358.46
7198, 4355.38
7199, 4350.26
7200, 4347.69
7201, 4350.77
7202, 4355.38
7203, 4355.9
7204, 4355.38
7205, 4355.38
7206, 4353.85
7207, 4357.44
7208, 4363.59
7209, 4362.56
7210, 4353.85
7211, 4351.28
7212, 4362.56
7213, 4365.13
7214, 4349.74
7215, 4340.51
7216, 4350.26
7217, 4362.56
7218, 4360.51
7219, 4353.85
7220, 4355.9
7221, 4356.92
7222, 4350.77
7223, 4348.72
7224, 4349.74
7225, 4352.31
7226, 4352.82
7227, 4348.21
7228, 4349.23
7229, 4353.85
7230, 4354.87
7231, 4354.87
7232, 4357.95
7233, 4356.41
7234, 4349.23
7235, 4354.87
7236, 4359.49
7237, 4352.82
7238, 4352.82
7239, 4357.44
7240, 4354.87
7241, 4350.77
7242, 4349.74
7243, 4349.74
7244, 4351.28
7245, 4354.87
7246, 4353.33
7247, 4349.74
7248, 4351.79
7249, 4354.36
7250, 4352.31
7251, 4353.33
7252, 4357.95
7253, 4358.46
7254, 4353.33
7255, 4352.82
7256, 4353.85
7257, 4347.69
7258, 4345.13
7259, 4352.82
7260, 4357.44
7261, 4355.38
7262, 4350.77
7263, 4352.82
7264, 4360.51
7265, 4362.56
7266, 4355.9
7267, 4352.31
7268, 4354.36
7269, 4354.36
7270, 4354.87
7271, 4358.46
7272, 4355.9
7273, 4351.28
7274, 4352.82
7275, 4354.36
7276, 4352.31
7277, 4352.31
7278, 4355.9
7279, 4356.41
7280, 4351.79
7281, 4354.87
7282, 4360.51
7283, 4356.92
7284, 4358.46
7285, 4362.05
7286, 4354.36
7287, 4347.18
7288, 4350.77
7289, 4353.85
7290, 4353.33
7291, 4357.95
7292, 4352.82
7293, 4343.59
7294, 4349.23
7295, 4356.92
7296, 4359.49
7297, 4362.05
7298, 4356.92
7299, 4351.28
7300, 4356.92
7301, 4358.46
7302, 4348.21
7303, 4341.54
7304, 4352.82
7305, 4363.59
7306, 4353.85
7307, 4367.69
7308, 4393.33
7309, 4358.97
7310, 4303.08
7311, 4286.67
7312, 4286.67
7313, 4293.33
7314, 4307.18
7315, 4296.41
7316, 4272.31
7317, 4270.77
7318, 4272.82
7319, 4267.69
7320, 4275.9, estimuli
7321, 4298.46
7322, 4322.56
7323, 4332.31
7324, 4329.74
7325, 4326.67
7326, 4319.49
7327, 4316.92
7328, 4320.51
7329, 4319.49
7330, 4314.36
7331, 4316.41
7332, 4322.56
7333, 4321.54
7334, 4321.03
7335, 4332.31
7336, 4341.03
7337, 4336.41
7338, 4327.69
7339, 4322.05
7340, 4320.51
7341, 4315.38
7342, 4307.18
7343, 4304.62
7344, 4301.54
7345, 4295.9
7346, 4292.31
7347, 4290.77
7348, 4289.23
7349, 4287.69
7350, 4293.85
7351, 4300
7352, 4298.46
7353, 4297.44
7354, 4300.51
7355, 4305.64
7356, 4313.33
7357, 4322.56
7358, 4322.56
7359, 4313.33
7360, 4314.87
7361, 4317.44
7362, 4305.64
7363, 4302.05
7364, 4312.82
7365, 4313.85
7366, 4310.77
7367, 4314.36
7368, 4320.51
7369, 4323.08
7370, 4323.08
7371, 4326.15
7372, 4328.21
7373, 4325.64
7374, 4321.03
7375, 4317.95
7376, 4323.08
7377, 4329.23
7378, 4331.28
7379, 4327.69
7380, 4324.62
7381, 4326.15
7382, 4327.18
7383, 4322.05
7384, 4317.44
7385, 4320
7386, 4325.13
7387, 4326.67
7388, 4327.69
7389, 4328.21
7390, 4325.13
7391, 4323.59
7392, 4328.72
7393, 4337.95
7394, 4335.38
7395, 4324.62
7396, 4328.72
7397, 4335.38
7398, 4333.33
7399, 4339.49
7400, 4338.97
7401, 4325.13
7402, 4326.15
7403, 4335.9
7404, 4330.77
7405, 4324.1
7406, 4331.28
7407, 4340
7408, 4334.36
7409, 4326.67
7410, 4328.21
7411, 4340.51
7412, 4340
7413, 4332.31
7414, 4372.31
7415, 4416.41
7416, 4376.41
7417, 4301.54
7418, 4263.59
7419, 4271.79
7420, 4294.87
7421, 4321.54
7422, 4398.97
7423, 4466.67
7424, 4432.82
7425, 4345.13
7426, 4264.62
7427, 4244.1
7428, 4281.54
7429, 4332.82
7430, 4410.77
7431, 4468.72
7432, 4418.97
7433, 4323.59
7434, 4263.08
7435, 4249.23
7436, 4288.72
7437, 4342.05
7438, 4412.31
7439, 4473.33
7440, 4427.18
7441, 4325.64
7442, 4266.67
7443, 4263.08
7444, 4295.38
7445, 4341.03
7446, 4417.44
7447, 4478.97
7448, 4428.21
7449, 4330.77
7450, 4277.44
7451, 4267.18
7452, 4296.41
7453, 4340
7454, 4404.62
7455, 4462.05
7456, 4423.08
7457, 4332.31
7458, 4271.79
7459, 4255.9
7460, 4291.28
7461, 4344.62
7462, 4413.85
7463, 4471.28
7464, 4424.1
7465, 4323.59
7466, 4267.18
7467, 4261.54
7468, 4296.41
7469, 4342.56
7470, 4408.21
7471, 4466.67
7472, 4425.13
7473, 4329.23
7474, 4270.77
7475, 4264.1
7476, 4297.44
7477, 4346.15
7478, 4415.9
7479, 4465.64
7480, 4412.82
7481, 4321.03
7482, 4275.38
7483, 4274.36
7484, 4303.59
7485, 4343.59
7486, 4404.62
7487, 4455.38
7488, 4412.82
7489, 4321.03
7490, 4267.69
7491, 4268.21
7492, 4301.03
7493, 4341.03
7494, 4401.54
7495, 4450.77
7496, 4411.28
7497, 4323.08
7498, 4270.77
7499, 4271.79
7500, 4302.05
7501, 4338.46
7502, 4401.03
7503, 4452.82
7504, 4411.28
7505, 4323.59
7506, 4278.97
7507, 4277.95
7508, 4296.41
7509, 4333.33
7510, 4400
7511, 4451.79
7512, 4413.33
7513, 4327.18
7514, 4272.31
7515, 4270.26
7516, 4302.56
7517, 4340.51
7518, 4400.51
7519, 4454.36
7520, 4414.87
7521, 4326.15
7522, 4277.95
7523, 4277.95
7524, 4306.67
7525, 4342.56
7526, 4406.15
7527, 4463.59
7528, 4417.95
7529, 4318.46
7530, 4265.13
7531, 4270.26
7532, 4305.13
7533, 4345.64
7534, 4409.74
7535, 4456.92
7536, 4405.13
7537, 4317.44
7538, 4273.85
7539, 4272.31
7540, 4307.18
7541, 4351.79
7542, 4395.38
7543, 4407.69
7544, 4357.44
7545, 4344.1
7546, 4376.41
7547, 4345.64
7548, 4324.1
7549, 4369.74
7550, 4374.87
7551, 4345.13
7552, 4347.18
7553, 4351.79
7554, 4343.59
7555, 4343.08
7556, 4349.23
7557, 4353.33
7558, 4354.87
7559, 4353.85
7560, 4356.41
7561, 4356.41
7562, 4353.33
7563, 4352.82
7564, 4353.33
7565, 4355.9
7566, 4358.46
7567, 4355.9
7568, 4357.44
7569, 4360
7570, 4358.46
7571, 4356.92
7572, 4352.31
7573, 4349.23
7574, 4352.31
7575, 4357.44
7576, 4360
7577, 4358.46
7578, 4358.46
7579, 4358.97
7580, 4358.46
7581, 4357.95
7582, 4358.97
7583, 4360
7584, 4360.51
7585, 4359.49
7586, 4353.33
7587, 4352.31
7588, 4362.05
7589, 4365.13
7590, 4358.97
7591, 4360
7592, 4362.56
7593, 4358.97
7594, 4352.31
7595, 4351.79
7596, 4362.05
7597, 4366.15
7598, 4359.49
7599, 4355.9
7600, 4358.46
7601, 4362.56
7602, 4354.87
7603, 4345.13
7604, 4354.87
7605, 4366.67
7606, 4363.59
7607, 4358.97
7608, 4360
7609, 4362.05
7610, 4361.54
7611, 4364.1
7612, 4368.21
7613, 4367.69
7614, 4360.51
7615, 4353.85
7616, 4354.36
7617, 4356.92
7618, 4358.97
7619, 4362.05
7620, 4361.03
7621, 4357.44
7622, 4355.38
7623, 4356.41
7624, 4362.05
7625, 4364.62
7626, 4359.49
7627, 4355.38
7628, 4357.44
7629, 4358.97
7630, 4357.44
7631, 4355.38
7632, 4356.41
7633, 4356.92
7634, 4356.92
7635, 4358.46
7636, 4361.03
7637, 4362.05
7638, 4362.56
7639, 4365.64
7640, 4369.74
7641, 4364.62
7642, 4352.31
7643, 4348.72
7644, 4357.95
7645, 4361.54
7646, 4355.9
7647, 4358.97
7648, 4369.23
7649, 4368.21
7650, 4360
7651, 4355.9
7652, 4359.49
7653, 4362.56
7654, 4363.08
7655, 4365.64
7656, 4362.05
7657, 4355.38
7658, 4357.95
7659, 4362.56
7660, 4362.05
7661, 4355.9
7662, 4353.33
7663, 4361.03
7664, 4366.67
7665, 4359.49
7666, 4358.97
7667, 4373.85
7668, 4374.87
7669, 4357.44
7670, 4352.31
7671, 4360.51
7672, 4363.59
7673, 4365.13
7674, 4367.18
7675, 4366.67
7676, 4365.64
7677, 4366.67
7678, 4363.59
7679, 4357.95
7680, 4363.59
7681, 4368.72
7682, 4360
7683, 4358.46
7684, 4367.18
7685, 4365.64
7686, 4362.56
7687, 4368.72
7688, 4369.23
7689, 4359.49
7690, 4357.95
7691, 4365.64
7692, 4359.49
7693, 4348.72
7694, 4357.95
7695, 4374.87
7696, 4371.28
7697, 4355.9
7698, 4359.49
7699, 4369.23
7700, 4364.1
7701, 4359.49
7702, 4360
7703, 4356.92
7704, 4356.92
7705, 4360
7706, 4363.08
7707, 4366.15
7708, 4365.64
7709, 4365.13
7710, 4361.54
7711, 4353.85
7712, 4356.92
7713, 4366.15
7714, 4362.05
7715, 4351.79
7716, 4361.54
7717, 4374.36
7718, 4367.69
7719, 4356.92
7720, 4358.46
7721, 4366.15
7722, 4370.26
7723, 4367.18
7724, 4356.92
7725, 4351.79
7726, 4358.97
7727, 4362.05
7728, 4356.92
7729, 4362.56
7730, 4368.21
7731, 4361.54
7732, 4357.44
7733, 4359.49
7734, 4358.46
7735, 4357.95
7736, 4364.1
7737, 4367.69
7738, 4362.05
7739, 4357.44
7740, 4360
7741, 4358.97
7742, 4356.41
7743, 4358.97
7744, 4361.54
7745, 4360
7746, 4356.92
7747, 4358.46
7748, 4361.54
7749, 4366.67
7750, 4370.26
7751, 4364.62
7752, 4357.44
7753, 4353.85
7754, 4356.92
7755, 4360
7756, 4357.44
7757, 4357.95
7758, 4360
7759, 4360
7760, 4364.1
7761, 4368.72
7762, 4369.23
7763, 4366.67
7764, 4362.56
7765, 4365.13
7766, 4368.21
7767, 4358.46
7768, 4348.72
7769, 4353.85
7770, 4366.67
7771, 4369.74
7772, 4361.03
7773, 4357.95
7774, 4359.49
7775, 4360
7776, 4361.54
7777, 4367.69
7778, 4369.23
7779, 4360.51
7780, 4357.95
7781, 4362.56
7782, 4365.13
7783, 4365.13
7784, 4359.49
7785, 4354.87
7786, 4354.87
7787, 4354.87
7788, 4357.95
7789, 4364.62
7790, 4362.56
7791, 4356.92
7792, 4363.08
7793, 4367.18
7794, 4360
7795, 4360.51
7796, 4363.59
7797, 4353.85
7798, 4351.28
7799, 4359.49
7800, 4361.03
7801, 4355.9
7802, 4353.85
7803, 4363.59
7804, 4370.26
7805, 4358.97
7806, 4351.79
7807, 4361.03
7808, 4365.64
7809, 4357.44
7810, 4351.28
7811, 4355.38
7812, 4360
7813, 4358.46
7814, 4356.41
7815, 4358.97
7816, 4361.03
7817, 4357.95
7818, 4355.38
7819, 4358.46
7820, 4363.59
7821, 4364.62
7822, 4363.08
7823, 4365.13
7824, 4366.15
7825, 4359.49
7826, 4361.54
7827, 4369.23
7828, 4360.51
7829, 4347.18
7830, 4353.85
7831, 4371.28
7832, 4367.18
7833, 4352.31
7834, 4359.49
7835, 4370.26
7836, 4365.13
7837, 4358.97
7838, 4360.51
7839, 4362.05
7840, 4364.62
7841, 4362.05
7842, 4354.36
7843, 4352.31
7844, 4358.97
7845, 4363.08
7846, 4364.62
7847, 4368.72
7848, 4367.18
7849, 4360.51
7850, 4357.44
7851, 4360.51
7852, 4367.18
7853, 4366.67
7854, 4360
7855, 4355.9
7856, 4361.03
7857, 4366.15
7858, 4357.95
7859, 4352.31
7860, 4360.51
7861, 4360.51
7862, 4352.82
7863, 4355.9
7864, 4358.46
7865, 4355.38
7866, 4355.9
7867, 4359.49
7868, 4364.1
7869, 4365.64
7870, 4357.95
7871, 4351.79
7872, 4357.95
7873, 4357.95
7874, 4353.85
7875, 4359.49
7876, 4360
7877, 4355.9
7878, 4355.9
7879, 4356.41
7880, 4355.9
7881, 4356.41
7882, 4356.41
7883, 4352.31
7884, 4348.72
7885, 4354.87
7886, 4356.92
7887, 4351.28
7888, 4353.33
7889, 4353.33
7890, 4350.26
7891, 4355.38
7892, 4355.9
7893, 4349.74
7894, 4353.85
7895, 4355.9
7896, 4361.03
7897, 4392.31
7898, 4390.77
7899, 4327.69
7900, 4278.97
7901, 4284.62
7902, 4301.03
7903, 4302.56
7904, 4296.92
7905, 4283.59
7906, 4271.28
7907, 4266.67
7908, 4279.49
7909, 4305.13
7910, 4325.13
7911, 4350.77
7912, 4368.21
7913, 4366.67
7914, 4357.44
7915, 4345.64
7916, 4346.67
7917, 4354.87
7918, 4352.31
7919, 4347.18
7920, 4350.26
7921, 4353.85
7922, 4352.31
7923, 4358.46
7924, 4368.72
7925, 4366.67
7926, 4361.54
7927, 4362.56
7928, 4362.56
7929, 4350.26
7930, 4333.85
7931, 4330.77
7932, 4327.69
7933, 4313.33
7934, 4304.1
7935, 4310.26
7936, 4316.41
7937, 4311.28
7938, 4311.79
7939, 4321.03
7940, 4316.41
7941, 4308.72
7942, 4316.41
7943, 4324.62
7944, 4325.64
7945, 4326.15
7946, 4329.74
7947, 4336.41
7948, 4330.77
7949, 4320
7950, 4324.1
7951, 4334.36
7952, 4336.41
7953, 4337.95
7954, 4338.97
7955, 4335.9
7956, 4336.92
7957, 4341.54
7958, 4341.54
7959, 4342.05
7960, 4346.67
7961, 4348.72
7962, 4344.1
7963, 4334.87
7964, 4336.92
7965, 4346.67
7966, 4340.51
7967, 4330.26
7968, 4335.9
7969, 4344.1
7970, 4337.95
7971, 4333.85
7972, 4342.05
7973, 4341.54
7974, 4340
7975, 4346.15
7976, 4341.54
7977, 4333.33
7978, 4336.92
7979, 4342.05
7980, 4341.03
7981, 4340
7982, 4340
7983, 4341.03
7984, 4342.05
7985, 4347.18
7986, 4350.26
7987, 4345.13
7988, 4347.18
7989, 4352.82
7990, 4350.77
7991, 4349.74
7992, 4354.87
7993, 4350.77
7994, 4344.1
7995, 4351.79
7996, 4356.92
7997, 4350.77
7998, 4348.72
7999, 4353.33
8000, 4357.44
8001, 4355.9
8002, 4353.85
8003, 4357.44
8004, 4356.41
8005, 4351.28
8006, 4351.79
8007, 4355.9
8008, 4358.97
8009, 4358.97
8010, 4355.9
8011, 4357.44
8012, 4361.03
8013, 4357.44
8014, 4349.74
8015, 4349.23
8016, 4358.46
8017, 4361.54
8018, 4353.85
8019, 4351.79
8020, 4355.9
8021, 4355.38
8022, 4349.74
8023, 4350.26
8024, 4352.82
8025, 4353.33
8026, 4356.92
8027, 4360.51
8028, 4357.95
8029, 4354.87
8030, 4360.51
8031, 4370.26
8032, 4365.13
8033, 4355.38
8034, 4357.44
8035, 4358.46
8036, 4356.92
8037, 4360
8038, 4356.92
8039, 4351.28
8040, 4351.79
8041, 4356.41
8042, 4356.41
8043, 4350.77
8044, 4355.38
8045, 4366.15
8046, 4364.62
8047, 4357.44
8048, 4356.92
8049, 4355.9
8050, 4349.74
8051, 4353.33
8052, 4360
8053, 4356.41
8054, 4357.95
8055, 4366.67
8056, 4364.62
8057, 4357.44
8058, 4353.85
8059, 4355.38
8060, 4358.97
8061, 4360.51
8062, 4362.56
8063, 4367.18
8064, 4369.74
8065, 4359.49
8066, 4353.85
8067, 4364.62
8068, 4361.54
8069, 4344.1
8070, 4349.74
8071, 4368.72
8072, 4369.23
8073, 4359.49
8074, 4353.33
8075, 4355.9
8076, 4362.56
8077, 4360.51
8078, 4353.85
8079, 4357.95
8080, 4362.56
8081, 4357.44
8082, 4362.56
8083, 4370.26
8084, 4366.15
8085, 4363.59
8086, 4364.62
8087, 4364.1
8088, 4365.64
8089, 4362.05
8090, 4354.87
8091, 4360
8092, 4367.69
8093, 4362.56
8094, 4364.1
8095, 4371.79
8096, 4364.1
8097, 4375.38
8098, 4391.28
8099, 4352.82
8100, 4305.64
8101, 4293.85
8102, 4295.38
8103, 4310.77
8104, 4324.62
8105, 4305.64
8106, 4284.62
8107, 4290.26
8108, 4295.9
8109, 4297.44
8110, 4312.82
8111, 4338.97
8112, 4356.92
8113, 4357.44
8114, 4352.31
8115, 4350.77
8116, 4348.72
8117, 4342.56
8118, 4342.05
8119, 4344.1
8120, 4341.54
8121, 4339.49
8122, 4344.62
8123, 4356.92
8124, 4368.72
8125, 4372.31
8126, 4361.03
8127, 4346.15
8128, 4346.15
8129, 4342.56
8130, 4324.62
8131, 4317.44
8132, 4320.51
8133, 4315.38
8134, 4309.74
8135, 4310.26
8136, 4308.21
8137, 4310.26
8138, 4320.51
8139, 4321.03
8140, 4311.79
8141, 4317.44
8142, 4330.77
8143, 4326.15
8144, 4312.82
8145, 4314.87
8146, 4330.77
8147, 4335.38
8148, 4332.82
8149, 4338.46
8150, 4341.03
8151, 4340
8152, 4344.1
8153, 4338.97
8154, 4328.21
8155, 4334.36
8156, 4352.31
8157, 4350.26
8158, 4336.92
8159, 4343.59
8160, 4355.38
8161, 4349.74
8162, 4343.59
8163, 4344.1
8164, 4345.64
8165, 4346.15
8166, 4349.23
8167, 4352.31
8168, 4351.28
8169, 4352.82
8170, 4353.85
8171, 4353.33
8172, 4355.38
8173, 4352.31
8174, 4349.23
8175, 4349.23
8176, 4352.31
8177, 4360
8178, 4361.03
8179, 4353.33
8180, 4353.33
8181, 4355.38
8182, 4353.33
8183, 4357.44
8184, 4364.62
8185, 4360
8186, 4353.33
8187, 4360.51
8188, 4366.15
8189, 4356.41
8190, 4345.64
8191, 4353.33
8192, 4366.15
8193, 4362.56
8194, 4354.87
8195, 4360
8196, 4365.64
8197, 4362.56
8198, 4360.51
8199, 4362.56
8200, 4362.56
8201, 4355.9
8202, 4352.31
8203, 4357.44
8204, 4363.59
8205, 4369.23
8206, 4367.18
8207, 4359.49
8208, 4361.03
8209, 4367.69
8210, 4368.72
8211, 4367.69
8212, 4370.26
8213, 4371.79
8214, 4369.23
8215, 4368.72
8216, 4370.77
8217, 4370.77
8218, 4369.74
8219, 4369.74
8220, 4372.31
8221, 4371.79
8222, 4367.69
8223, 4368.21
8224, 4370.26
8225, 4369.23
8226, 4369.23
8227, 4375.38
8228, 4379.49
8229, 4376.41
8230, 4374.36
8231, 4373.85
8232, 4369.74
8233, 4367.69
8234, 4367.18
8235, 4365.13
8236, 4365.64
8237, 4366.15
8238, 4366.15
8239, 4368.72
8240, 4370.77
8241, 4371.28
8242, 4370.77
8243, 4369.74
8244, 4367.69
8245, 4364.62
8246, 4371.79
8247, 4374.87
8248, 4367.69
8249, 4368.21
8250, 4370.26
8251, 4366.15
8252, 4365.64
8253, 4371.28
8254, 4370.77
8255, 4368.21
8256, 4373.33
8257, 4374.87
8258, 4372.82
8259, 4375.38
8260, 4374.36
8261, 4371.28
8262, 4371.79
8263, 4368.21
8264, 4360
8265, 4361.54
8266, 4369.74
8267, 4372.82
8268, 4371.79
8269, 4372.31
8270, 4369.74
8271, 4365.13
8272, 4366.67
8273, 4373.33
8274, 4375.38
8275, 4370.26
8276, 4368.21
8277, 4372.31
8278, 4374.36
8279, 4372.31
8280, 4366.15
8281, 4363.59
8282, 4370.77
8283, 4371.28
8284, 4364.1
8285, 4367.18
8286, 4371.79
8287, 4368.21
8288, 4365.13
8289, 4364.1
8290, 4360.51
8291, 4360
8292, 4363.59
8293, 4360.51
8294, 4360.51
8295, 4371.28
8296, 4374.36
8297, 4365.64
8298, 4358.46
8299, 4358.97
8300, 4365.64
8301, 4367.69
8302, 4362.56
8303, 4364.1
8304, 4370.26
8305, 4372.31
8306, 4370.26
8307, 4368.72
8308, 4365.13
8309, 4364.62
8310, 4369.74
8311, 4367.18
8312, 4364.62
8313, 4373.33
8314, 4375.38
8315, 4365.64
8316, 4361.03
8317, 4365.64
8318, 4367.69
8319, 4363.08
8320, 4367.18
8321, 4371.79
8322, 4363.59
8323, 4361.03
8324, 4369.74
8325, 4372.82
8326, 4366.15
8327, 4364.62
8328, 4369.23
8329, 4368.21
8330, 4367.18
8331, 4369.23
8332, 4368.72
8333, 4372.82
8334, 4371.79
8335, 4366.67
8336, 4370.77
8337, 4373.85
8338, 4374.87
8339, 4387.18
8340, 4389.23
8341, 4358.46
8342, 4323.59
8343, 4319.49
8344, 4323.59
8345, 4313.33
8346, 4312.82
8347, 4326.15
8348, 4312.31
8349, 4278.46
8350, 4277.95
8351, 4304.62
8352, 4314.36, estimuli
8353, 4323.08
8354, 4348.72
8355, 4354.87
8356, 4334.36
8357, 4326.15
8358, 4336.41
8359, 4340.51
8360, 4331.79
8361, 4325.64
8362, 4327.18
8363, 4335.38
8364, 4345.64
8365, 4352.31
8366, 4362.05
8367, 4369.23
8368, 4366.15
8369, 4358.97
8370, 4349.23
8371, 4349.74
8372, 4358.97
8373, 4360
8374, 4361.03
8375, 4362.56
8376, 4359.49
8377, 4362.05
8378, 4367.18
8379, 4365.13
8380, 4359.49
8381, 4361.03
8382, 4363.59
8383, 4358.46
8384, 4354.87
8385, 4349.74
8386, 4341.54
8387, 4340
8388, 4341.03
8389, 4336.92
8390, 4333.33
8391, 4334.36
8392, 4333.33
8393, 4335.38
8394, 4343.59
8395, 4343.59
8396, 4333.85
8397, 4334.36
8398, 4346.15
8399, 4346.67
8400, 4334.87
8401, 4331.28
8402, 4342.56
8403, 4348.21
8404, 4349.74
8405, 4358.97
8406, 4366.15
8407, 4367.69
8408, 4369.74
8409, 4369.74
8410, 4367.18
8411, 4364.1
8412, 4364.62
8413, 4366.15
8414, 4364.1
8415, 4364.62
8416, 4367.69
8417, 4364.1
8418, 4357.95
8419, 4362.56
8420, 4375.38
8421, 4375.9
8422, 4369.74
8423, 4369.23
8424, 4368.21
8425, 4365.13
8426, 4365.64
8427, 4370.77
8428, 4374.87
8429, 4375.9
8430, 4376.92
8431, 4374.87
8432, 4374.36
8433, 4380
8434, 4378.97
8435, 4377.44
8436, 4383.59
8437, 4385.64
8438, 4384.1
8439, 4385.13
8440, 4383.08
8441, 4380.51
8442, 4382.05
8443, 4384.1
8444, 4373.85
8445, 4360
8446, 4371.28
8447, 4395.38
8448, 4383.08
8449, 4371.28
8450, 4420.51
8451, 4455.38
8452, 4404.1
8453, 4335.38
8454, 4308.21
8455, 4321.54
8456, 4338.46
8457, 4363.59
8458, 4460.51
8459, 4530.77
8460, 4468.21
8461, 4361.54
8462, 4292.31
8463, 4292.82
8464, 4343.59
8465, 4401.54
8466, 4476.92
8467, 4521.03
8468, 4463.08
8469, 4366.15
8470, 4297.44
8471, 4291.28
8472, 4343.08
8473, 4400.51
8474, 4472.82
8475, 4513.85
8476, 4451.28
8477, 4365.64
8478, 4312.82
8479, 4298.97
8480, 4337.44
8481, 4390.26
8482, 4461.54
8483, 4512.31
8484, 4457.44
8485, 4363.59
8486, 4310.26
8487, 4309.74
8488, 4345.64
8489, 4390.26
8490, 4461.54
8491, 4513.85
8492, 4457.95
8493, 4363.08
8494, 4310.26
8495, 4305.13
8496, 4341.03
8497, 4391.79
8498, 4461.03
8499, 4509.23
8500, 4456.92
8501, 4362.56
8502, 4306.67
8503, 4304.62
8504, 4344.62
8505, 4393.85
8506, 4459.49
8507, 4509.74
8508, 4456.41
8509, 4357.44
8510, 4307.18
8511, 4314.36
8512, 4355.38
8513, 4397.95
8514, 4459.49
8515, 4507.18
8516, 4451.79
8517, 4360
8518, 4314.87
8519, 4318.46
8520, 4357.95
8521, 4406.67
8522, 4466.67
8523, 4504.62
8524, 4447.69
8525, 4355.9
8526, 4311.79
8527, 4319.49
8528, 4356.92
8529, 4403.59
8530, 4464.1
8531, 4498.97
8532, 4445.13
8533, 4358.97
8534, 4313.85
8535, 4320.51
8536, 4348.21
8537, 4385.64
8538, 4460
8539, 4507.69
8540, 4448.21
8541, 4358.97
8542, 4315.38
8543, 4319.49
8544, 4352.31
8545, 4391.28
8546, 4449.23
8547, 4493.33
8548, 4448.21
8549, 4358.46
8550, 4306.67
8551, 4315.38
8552, 4354.87
8553, 4394.36
8554, 4453.33
8555, 4495.9
8556, 4447.69
8557, 4361.54
8558, 4313.85
8559, 4318.97
8560, 4350.77
8561, 4390.26
8562, 4452.82
8563, 4491.79
8564, 4432.31
8565, 4343.59
8566, 4306.67
8567, 4314.36
8568, 4345.13
8569, 4384.62
8570, 4449.23
8571, 4493.85
8572, 4440.51
8573, 4353.85
8574, 4309.23
8575, 4310.77
8576, 4345.13
8577, 4387.18
8578, 4433.33
8579, 4433.85
8580, 4381.54
8581, 4386.67
8582, 4412.82
8583, 4367.69
8584, 4360
8585, 4408.21
8586, 4400.51
8587, 4378.97
8588, 4394.36
8589, 4399.49
8590, 4386.67
8591, 4382.56
8592, 4389.23
8593, 4389.74
8594, 4383.59
8595, 4377.95
8596, 4383.08
8597, 4390.77
8598, 4386.15
8599, 4387.18
8600, 4394.87
8601, 4390.77
8602, 4386.67
8603, 4395.9
8604, 4402.05
8605, 4390.26
8606, 4382.05
8607, 4390.26
8608, 4393.85
8609, 4386.67
8610, 4384.1
8611, 4389.23
8612, 4392.82
8613, 4389.23
8614, 4387.18
8615, 4386.67
8616, 4382.56
8617, 4381.54
8618, 4385.64
8619, 4388.72
8620, 4387.69
8621, 4384.62
8622, 4385.64
8623, 4391.28
8624, 4394.36
8625, 4389.74
8626, 4385.13
8627, 4387.69
8628, 4389.74
8629, 4387.18
8630, 4390.77
8631, 4392.82
8632, 4389.74
8633, 4387.69
8634, 4384.62
8635, 4387.18
8636, 4394.36
8637, 4395.38
8638, 4386.67
8639, 4380.51
8640, 4384.1
8641, 4383.08
8642, 4382.56
8643, 4388.21
8644, 4387.69
8645, 4386.15
8646, 4388.72
8647, 4387.69
8648, 4384.62
8649, 4384.1
8650, 4383.59
8651, 4382.56
8652, 4384.1
8653, 4386.15
8654, 4385.64
8655, 4386.67
8656, 4390.26
8657, 4388.72
8658, 4383.59
8659, 4382.56
8660, 4387.69
8661, 4387.18
8662, 4380
8663, 4383.59
8664, 4393.33
8665, 4391.28
8666, 4385.64
8667, 4385.64
8668, 4387.18
8669, 4381.54
8670, 4380
8671, 4387.18
8672, 4387.18
8673, 4383.08
8674, 4385.13
8675, 4385.64
8676, 4380.51
8677, 4383.08
8678, 4393.33
8679, 4396.92
8680, 4389.74
8681, 4385.13
8682, 4385.64
8683, 4385.13
8684, 4382.56
8685, 4376.41
8686, 4376.41
8687, 4387.18
8688, 4390.77
8689, 4387.69
8690, 4389.23
8691, 4392.82
8692, 4387.18
8693, 4379.49
8694, 4381.54
8695, 4384.62
8696, 4382.05
8697, 4378.46
8698, 4381.54
8699, 4387.18
8700, 4383.59
8701, 4376.92
8702, 4377.44
8703, 4380
8704, 4378.97
8705, 4376.92
8706, 4382.05
8707, 4384.62
8708, 4381.54
8709, 4386.67
8710, 4391.28
8711, 4385.64
8712, 4379.49
8713, 4378.46
8714, 4379.49
8715, 4383.08
8716, 4387.18
8717, 4388.21
8718, 4381.54
8719, 4376.41
8720, 4380.51
8721, 4381.54
8722, 4378.46
8723, 4380
8724, 4380
8725, 4376.92
8726, 4378.97
8727, 4386.15
8728, 4387.18
8729, 4382.05
8730, 4379.49
8731, 4380.51
8732, 4382.56
8733, 4380
8734, 4375.38
8735, 4379.49
8736, 4382.05
8737, 4379.49
8738, 4380.51
8739, 4379.49
8740, 4376.41
8741, 4380.51
8742, 4386.15
8743, 4383.59
8744, 4382.56
8745, 4380.51
8746, 4375.38
8747, 4378.97
8748, 4380.51
8749, 4376.41
8750, 4381.03
8751, 4386.15
8752, 4383.08
8753, 4384.1
8754, 4383.59
8755, 4380
8756, 4384.62
8757, 4387.18
8758, 4382.05
8759, 4375.38
8760, 4376.41
8761, 4379.49
8762, 4377.44
8763, 4380.51
8764, 4383.08
8765, 4378.46
8766, 4376.92
8767, 4377.44
8768, 4377.95
8769, 4382.56
8770, 4386.67
8771, 4382.56
8772, 4375.9
8773, 4376.41
8774, 4380.51
8775, 4383.08
8776, 4381.03
8777, 4375.38
8778, 4373.85
8779, 4375.9
8780, 4378.46
8781, 4380
8782, 4378.97
8783, 4378.97
8784, 4379.49
8785, 4378.46
8786, 4380.51
8787, 4381.03
8788, 4377.44
8789, 4380
8790, 4385.13
8791, 4380.51
8792, 4371.28
8793, 4374.87
8794, 4381.54
8795, 4378.46
8796, 4382.56
8797, 4386.15
8798, 4376.41
8799, 4369.74
8800, 4372.31
8801, 4373.33
8802, 4369.23
8803, 4368.21
8804, 4374.87
8805, 4378.46
8806, 4379.49
8807, 4382.05
8808, 4380
8809, 4375.38
8810, 4375.38
8811, 4378.97
8812, 4377.44
8813, 4371.79
8814, 4372.31
8815, 4378.46
8816, 4379.49
8817, 4374.87
8818, 4372.82
8819, 4375.38
8820, 4375.9
8821, 4373.33
8822, 4371.28
8823, 4371.28
8824, 4374.87
8825, 4370.26
8826, 4365.13
8827, 4376.92
8828, 4383.59
8829, 4377.95
8830, 4374.36
8831, 4375.9
8832, 4377.95
8833, 4376.41
8834, 4374.36
8835, 4375.9
8836, 4376.41
8837, 4374.36
8838, 4371.28
8839, 4374.87
8840, 4384.62
8841, 4382.05
8842, 4373.85
8843, 4373.85
8844, 4375.38
8845, 4373.33
8846, 4374.36
8847, 4380
8848, 4381.54
8849, 4379.49
8850, 4385.64
8851, 4384.62
8852, 4372.31
8853, 4374.36
8854, 4383.59
8855, 4380
8856, 4372.82
8857, 4373.85
8858, 4371.79
8859, 4368.21
8860, 4374.87
8861, 4378.46
8862, 4373.85
8863, 4373.85
8864, 4377.44
8865, 4375.9
8866, 4374.87
8867, 4380
8868, 4382.05
8869, 4373.33
8870, 4368.21
8871, 4370.77
8872, 4373.33
8873, 4375.9
8874, 4375.38
8875, 4372.82
8876, 4374.36
8877, 4377.95
8878, 4378.46
8879, 4377.44
8880, 4376.92
8881, 4375.38
8882, 4373.33
8883, 4373.33
8884, 4371.79
8885, 4367.69
8886, 4371.28
8887, 4371.28
8888, 4371.79
8889, 4397.95
8890, 4405.13
8891, 4352.31
8892, 4291.28
8893, 4275.38
8894, 4287.69
8895, 4300.51
8896, 4301.54
8897, 4274.87
8898, 4247.69
8899, 4242.56
8900, 4243.08, estimuli
8901, 4247.69
8902, 4264.1
8903, 4288.72
8904, 4308.72
8905, 4310.77
8906, 4304.1
8907, 4306.15
8908, 4319.49
8909, 4327.69
8910, 4317.95
8911, 4307.69
8912, 4310.77
8913, 4313.85
8914, 4313.85
8915, 4320
8916, 4326.67
8917, 4327.69
8918, 4330.77
8919, 4333.33
8920, 4326.67
8921, 4317.44
8922, 4312.82
8923, 4309.23
8924, 4309.23
8925, 4305.64
8926, 4301.03
8927, 4304.62
8928, 4307.69
8929, 4300.51
8930, 4293.85
8931, 4298.97
8932, 4304.62
8933, 4301.54
8934, 4303.08
8935, 4309.23
8936, 4311.79
8937, 4315.38
8938, 4317.95
8939, 4317.95
8940, 4321.03
8941, 4322.56
8942, 4322.05
8943, 4319.49
8944, 4314.36
8945, 4313.33
8946, 4316.92
8947, 4323.08
8948, 4330.77
8949, 4332.31
8950, 4325.64
8951, 4323.59
8952, 4331.79
8953, 4333.33
8954, 4328.72
8955, 4331.28
8956, 4331.79
8957, 4334.36
8958, 4343.08
8959, 4344.1
8960, 4341.54
8961, 4344.62
8962, 4349.74
8963, 4345.64
8964, 4337.95
8965, 4338.46
8966, 4342.05
8967, 4344.62
8968, 4345.64
8969, 4344.1
8970, 4340.51
8971, 4339.49
8972, 4342.56
8973, 4345.13
8974, 4341.54
8975, 4341.03
8976, 4345.64
8977, 4345.13
8978, 4345.13
8979, 4345.64
8980, 4346.67
8981, 4348.72
8982, 4349.74
8983, 4350.26
8984, 4345.64
8985, 4345.64
8986, 4354.36
8987, 4353.85
8988, 4345.13
8989, 4345.13
8990, 4348.72
8991, 4351.79
8992, 4359.49
8993, 4345.64
8994, 4349.74
8995, 4404.62
8996, 4424.62
8997, 4366.15
8998, 4301.03
8999, 4271.79
9000, 4285.64
9001, 4309.74
9002, 4343.59
9003, 4434.36
9004, 4484.1
9005, 4413.33
9006, 4309.23
9007, 4250.26
9008, 4265.13
9009, 4313.33
9010, 4371.28
9011, 4453.33
9012, 4476.92
9013, 4400
9014, 4320
9015, 4269.74
9016, 4261.54
9017, 4306.67
9018, 4370.77
9019, 4452.31
9020, 4475.38
9021, 4396.41
9022, 4315.38
9023, 4276.41
9024, 4284.1
9025, 4321.03
9026, 4366.67
9027, 4445.64
9028, 4480.51
9029, 4401.03
9030, 4307.69
9031, 4269.74
9032, 4280
9033, 4313.33
9034, 4365.13
9035, 4447.18
9036, 4475.38
9037, 4397.44
9038, 4312.82
9039, 4270.26
9040, 4272.31
9041, 4317.95
9042, 4377.44
9043, 4446.67
9044, 4469.74
9045, 4397.95
9046, 4311.79
9047, 4268.21
9048, 4280
9049, 4326.67
9050, 4372.82
9051, 4437.44
9052, 4471.28
9053, 4400.51
9054, 4308.21
9055, 4275.38
9056, 4294.87
9057, 4326.15
9058, 4364.1
9059, 4435.38
9060, 4469.74
9061, 4396.92
9062, 4310.26
9063, 4278.46
9064, 4292.82
9065, 4329.23
9066, 4372.31
9067, 4438.46
9068, 4467.18
9069, 4401.03
9070, 4318.97
9071, 4278.97
9072, 4282.05
9073, 4315.9
9074, 4369.23
9075, 4444.62
9076, 4469.23
9077, 4400
9078, 4321.03
9079, 4282.05
9080, 4288.72
9081, 4322.05
9082, 4366.67
9083, 4442.05
9084, 4473.85
9085, 4398.46
9086, 4309.23
9087, 4274.36
9088, 4290.77
9089, 4327.18
9090, 4374.36
9091, 4445.13
9092, 4467.69
9093, 4393.85
9094, 4313.33
9095, 4283.08
9096, 4298.46
9097, 4336.41
9098, 4381.54
9099, 4436.92
9100, 4454.36
9101, 4392.31
9102, 4313.85
9103, 4282.56
9104, 4304.62
9105, 4341.03
9106, 4379.49
9107, 4442.56
9108, 4466.15
9109, 4393.33
9110, 4312.82
9111, 4285.64
9112, 4298.46
9113, 4328.72
9114, 4375.9
9115, 4447.18
9116, 4471.28
9117, 4397.44
9118, 4315.9
9119, 4290.77
9120, 4302.56
9121, 4330.26
9122, 4371.28
9123, 4420.51
9124, 4412.82
9125, 4354.87
9126, 4361.54
9127, 4382.05
9128, 4338.97
9129, 4341.54
9130, 4385.64
9131, 4377.95
9132, 4362.05
9133, 4369.23
9134, 4371.28
9135, 4364.62
9136, 4357.95
9137, 4356.92
9138, 4362.56
9139, 4367.18
9140, 4363.59
9141, 4364.1
9142, 4364.1
9143, 4358.97
9144, 4364.62
9145, 4371.28
9146, 4369.23
9147, 4371.28
9148, 4374.87
9149, 4367.18
9150, 4358.97
9151, 4366.15
9152, 4373.85
9153, 4366.15
9154, 4359.49
9155, 4362.56
9156, 4366.15
9157, 4368.72
9158, 4370.77
9159, 4370.26
9160, 4369.23
9161, 4372.82
9162, 4375.38
9163, 4371.79
9164, 4368.21
9165, 4370.77
9166, 4372.31
9167, 4370.26
9168, 4369.74
9169, 4370.26
9170, 4371.79
9171, 4371.79
9172, 4371.79
9173, 4370.26
9174, 4367.18
9175, 4376.41
9176, 4383.59
9177, 4372.82
9178, 4364.1
9179, 4375.38
9180, 4380
9181, 4363.08
9182, 4357.95
9183, 4373.33
9184, 4373.33
9185, 4363.59
9186, 4364.62
9187, 4368.21
9188, 4368.21
9189, 4370.26
9190, 4369.23
9191, 4365.13
9192, 4367.18
9193, 4370.26
9194, 4368.21
9195, 4369.23
9196, 4371.28
9197, 4374.36
9198, 4384.62
9199, 4385.64
9200, 4376.41
9201, 4374.36
9202, 4376.92
9203, 4376.92
9204, 4371.28
9205, 4367.18
9206, 4374.87
9207, 4382.56
9208, 4377.44
9209, 4375.9
9210, 4376.41
9211, 4374.36
9212, 4373.85
9213, 4374.87
9214, 4377.95
9215, 4378.46
9216, 4376.41
9217, 4377.44
9218, 4378.46
9219, 4371.28
9220, 4371.28
9221, 4383.08
9222, 4380
9223, 4370.26
9224, 4375.9
9225, 4383.59
9226, 4375.38
9227, 4363.59
9228, 4367.18
9229, 4373.85
9230, 4369.74
9231, 4368.72
9232, 4374.87
9233, 4375.38
9234, 4374.87
9235, 4373.85
9236, 4367.18
9237, 4360.51
9238, 4360.51
9239, 4365.64
9240, 4366.15
9241, 4367.69
9242, 4373.33
9243, 4371.28
9244, 4367.18
9245, 4369.23
9246, 4372.82
9247, 4373.85
9248, 4372.31
9249, 4367.18
9250, 4363.59
9251, 4370.77
9252, 4376.41
9253, 4369.74
9254, 4365.13
9255, 4370.77
9256, 4371.28
9257, 4367.69
9258, 4369.23
9259, 4373.85
9260, 4372.82
9261, 4369.23
9262, 4371.79
9263, 4371.28
9264, 4366.15
9265, 4366.67
9266, 4368.21
9267, 4366.67
9268, 4368.21
9269, 4371.28
9270, 4368.72
9271, 4366.15
9272, 4367.18
9273, 4366.15
9274, 4362.56
9275, 4360
9276, 4361.54
9277, 4365.64
9278, 4363.59
9279, 4363.08
9280, 4371.79
9281, 4368.21
9282, 4357.95
9283, 4361.54
9284, 4365.13
9285, 4365.64
9286, 4372.31
9287, 4372.82
9288, 4366.67
9289, 4366.67
9290, 4366.15
9291, 4358.46
9292, 4356.41
9293, 4361.54
9294, 4361.54
9295, 4363.08
9296, 4370.77
9297, 4369.74
9298, 4363.08
9299, 4366.15
9300, 4372.31
9301, 4370.26
9302, 4368.21
9303, 4364.1
9304, 4356.92
9305, 4362.05
9306, 4370.77
9307, 4366.15
9308, 4364.1
9309, 4366.15
9310, 4365.64
9311, 4367.69
9312, 4367.18
9313, 4363.59
9314, 4365.13
9315, 4371.28
9316, 4369.74
9317, 4358.97
9318, 4353.33
9319, 4355.38
9320, 4360
9321, 4364.1
9322, 4362.56
9323, 4361.03
9324, 4368.21
9325, 4373.33
9326, 4366.15
9327, 4358.46
9328, 4364.1
9329, 4369.23
9330, 4361.54
9331, 4360
9332, 4367.18
9333, 4367.18
9334, 4365.64
9335, 4368.21
9336, 4366.67
9337, 4361.03
9338, 4362.56
9339, 4368.21
9340, 4368.72
9341, 4368.21
9342, 4370.26
9343, 4375.38
9344, 4378.97
9345, 4372.82
9346, 4366.15
9347, 4371.28
9348, 4371.28
9349, 4358.97
9350, 4356.92
9351, 4368.72
9352, 4372.31
9353, 4364.1
9354, 4363.59
9355, 4368.72
9356, 4370.77
9357, 4372.82
9358, 4369.74
9359, 4363.08
9360, 4363.08
9361, 4366.67
9362, 4366.67
9363, 4366.67
9364, 4369.74
9365, 4367.18
9366, 4365.13
9367, 4370.26
9368, 4368.72
9369, 4368.21
9370, 4376.41
9371, 4372.82
9372, 4359.49
9373, 4356.92
9374, 4366.15
9375, 4369.74
9376, 4360
9377, 4356.92
9378, 4367.18
9379, 4368.72
9380, 4359.49
9381, 4362.05
9382, 4371.28
9383, 4367.18
9384, 4358.97
9385, 4360
9386, 4366.15
9387, 4370.77
9388, 4367.18
9389, 4364.1
9390, 4370.77
9391, 4370.77
9392, 4360
9393, 4354.87
9394, 4357.44
9395, 4364.1
9396, 4369.23
9397, 4366.15
9398, 4357.44
9399, 4358.46
9400, 4367.69
9401, 4366.67
9402, 4362.05
9403, 4365.64
9404, 4364.1
9405, 4357.95
9406, 4356.92
9407, 4361.03
9408, 4369.74
9409, 4369.74
9410, 4360.51
9411, 4360.51
9412, 4368.72
9413, 4373.33
9414, 4369.74
9415, 4365.13
9416, 4367.69
9417, 4367.18
9418, 4357.95
9419, 4355.9
9420, 4362.05
9421, 4360
9422, 4356.92
9423, 4367.69
9424, 4372.31
9425, 4358.46
9426, 4355.38
9427, 4363.08
9428, 4360.51
9429, 4351.79
9430, 4354.87
9431, 4360
9432, 4357.95
9433, 4357.44
9434, 4360.51
9435, 4366.15
9436, 4361.03
9437, 4348.72
9438, 4357.95
9439, 4365.13
9440, 4360
9441, 4384.62
9442, 4390.77
9443, 4333.33
9444, 4286.67, estimuli
9445, 4289.74
9446, 4297.44
9447, 4289.23
9448, 4282.05
9449, 4274.36
9450, 4254.87
9451, 4238.46
9452, 4244.1
9453, 4257.44
9454, 4272.31
9455, 4303.59
9456, 4322.05
9457, 4313.85
9458, 4300.51
9459, 4296.41
9460, 4297.95
9461, 4300.51
9462, 4297.95
9463, 4293.85
9464, 4298.97
9465, 4311.79
9466, 4320
9467, 4325.64
9468, 4332.82
9469, 4338.97
9470, 4334.36
9471, 4325.64
9472, 4323.08
9473, 4318.97
9474, 4314.36
9475, 4313.85
9476, 4308.72
9477, 4296.92
9478, 4290.26
9479, 4295.38
9480, 4296.92
9481, 4285.64
9482, 4278.46
9483, 4282.05
9484, 4286.15
9485, 4285.13
9486, 4281.54
9487, 4282.56
9488, 4289.23
9489, 4291.28
9490, 4291.28
9491, 4295.9
9492, 4301.54
9493, 4301.54
9494, 4299.49
9495, 4300
9496, 4303.59
9497, 4310.26
9498, 4311.28
9499, 4308.21
9500, 4310.26
9501, 4309.74
9502, 4313.33
9503, 4321.54
9504, 4320.51
9505, 4316.41
9506, 4319.49
9507, 4319.49
9508, 4317.44
9509, 4325.13
9510, 4333.85
9511, 4328.72
9512, 4320.51
9513, 4320
9514, 4323.08
9515, 4324.62
9516, 4325.13
9517, 4327.18
9518, 4330.77
9519, 4327.69
9520, 4325.64
9521, 4334.87
9522, 4336.92
9523, 4332.31
9524, 4334.87
9525, 4340.51
9526, 4334.87
9527, 4325.13
9528, 4325.13
9529, 4331.79
9530, 4337.44
9531, 4338.97
9532, 4337.95
9533, 4338.97
9534, 4334.87
9535, 4327.18
9536, 4337.44
9537, 4347.18
9538, 4329.23
9539, 4341.54
9540, 4397.95
9541, 4398.97
9542, 4327.18
9543, 4267.18
9544, 4256.41
9545, 4281.03
9546, 4301.54
9547, 4348.72
9548, 4444.62
9549, 4470.26
9550, 4386.15
9551, 4278.97
9552, 4231.79
9553, 4264.62
9554, 4307.69
9555, 4363.08
9556, 4453.33
9557, 4463.08
9558, 4361.54
9559, 4278.97
9560, 4249.23
9561, 4264.62
9562, 4311.79
9563, 4373.85
9564, 4453.85
9565, 4458.46
9566, 4367.69
9567, 4286.67
9568, 4247.69
9569, 4260
9570, 4306.15
9571, 4369.74
9572, 4448.21
9573, 4452.31
9574, 4367.18
9575, 4291.28
9576, 4261.54
9577, 4280.51
9578, 4318.97
9579, 4372.31
9580, 4455.9
9581, 4467.18
9582, 4370.26
9583, 4285.13
9584, 4259.49
9585, 4277.95
9586, 4316.92
9587, 4371.79
9588, 4447.18
9589, 4456.92
9590, 4370.26
9591, 4290.77
9592, 4263.59
9593, 4281.03
9594, 4323.59
9595, 4384.62
9596, 4460
9597, 4462.05
9598, 4370.26
9599, 4296.41
9600, 4278.46
9601, 4287.69
9602, 4314.36
9603, 4372.31
9604, 4451.79
9605, 4459.49
9606, 4373.33
9607, 4294.87
9608, 4271.79
9609, 4294.36
9610, 4332.31
9611, 4383.08
9612, 4458.97
9613, 4466.67
9614, 4367.69
9615, 4284.1
9616, 4273.85
9617, 4297.95
9618, 4326.67
9619, 4377.95
9620, 4454.36
9621, 4457.95
9622, 4368.21
9623, 4296.41
9624, 4280
9625, 4295.38
9626, 4320.51
9627, 4369.23
9628, 4450.77
9629, 4460.51
9630, 4371.28
9631, 4297.44
9632, 4279.49
9633, 4294.36
9634, 4327.69
9635, 4385.13
9636, 4453.33
9637, 4449.74
9638, 4368.72
9639, 4303.59
9640, 4286.15
9641, 4303.08
9642, 4334.87
9643, 4386.15
9644, 4455.38
9645, 4457.44
9646, 4376.41
9647, 4304.62
9648, 4281.03
9649, 4298.46
9650, 4333.85
9651, 4389.23
9652, 4459.49
9653, 4458.46
9654, 4370.77
9655, 4297.95
9656, 4280.51
9657, 4298.46
9658, 4331.79
9659, 4386.67
9660, 4453.85
9661, 4455.38
9662, 4375.9
9663, 4303.08
9664, 4284.1
9665, 4310.26
9666, 4345.13
9667, 4382.05
9668, 4418.97
9669, 4392.31
9670, 4353.33
9671, 4384.62
9672, 4374.36
9673, 4316.41
9674, 4345.64
9675, 4388.72
9676, 4363.08
9677, 4352.82
9678, 4366.67
9679, 4367.18
9680, 4365.13
9681, 4365.13
9682, 4362.56
9683, 4361.03
9684, 4363.59
9685, 4366.15
9686, 4369.23
9687, 4368.72
9688, 4360
9689, 4361.03
9690, 4370.77
9691, 4370.77
9692, 4364.62
9693, 4357.44
9694, 4356.41
9695, 4364.1
9696, 4367.18
9697, 4361.54
9698, 4359.49
9699, 4366.15
9700, 4368.72
9701, 4365.13
9702, 4366.15
9703, 4371.28
9704, 4366.67
9705, 4356.41
9706, 4358.97
9707, 4368.21
9708, 4366.15
9709, 4361.54
9710, 4363.59
9711, 4358.97
9712, 4356.41
9713, 4362.56
9714, 4364.1
9715, 4360.51
9716, 4362.56
9717, 4371.28
9718, 4374.87
9719, 4367.69
9720, 4362.05
9721, 4362.05
9722, 4363.08
9723, 4362.05
9724, 4355.9
9725, 4354.36
9726, 4356.41
9727, 4358.97
9728, 4366.67
9729, 4368.72
9730, 4360.51
9731, 4360.51
9732, 4366.15
9733, 4364.1
9734, 4361.54
9735, 4366.15
9736, 4365.13
9737, 4359.49
9738, 4357.44
9739, 4354.87
9740, 4360
9741, 4363.59
9742, 4354.87
9743, 4354.36
9744, 4367.69
9745, 4370.26
9746, 4356.92
9747, 4351.79
9748, 4358.97
9749, 4364.62
9750, 4363.08
9751, 4357.44
9752, 4357.44
9753, 4366.67
9754, 4369.74
9755, 4365.64
9756, 4369.74
9757, 4371.28
9758, 4367.69
9759, 4369.23
9760, 4366.15
9761, 4361.03
9762, 4360
9763, 4358.46
9764, 4360.51
9765, 4363.59
9766, 4362.56
9767, 4361.54
9768, 4360.51
9769, 4357.44
9770, 4355.9
9771, 4361.03
9772, 4366.67
9773, 4363.08
9774, 4352.82
9775, 4350.77
9776, 4360.51
9777, 4365.64
9778, 4360.51
9779, 4360.51
9780, 4364.62
9781, 4363.08
9782, 4360
9783, 4362.05
9784, 4363.08
9785, 4360.51
9786, 4360
9787, 4362.05
9788, 4364.1
9789, 4369.23
9790, 4369.23
9791, 4371.28
9792, 4377.95
9793, 4368.72
9794, 4353.85
9795, 4357.95
9796, 4366.67
9797, 4366.15
9798, 4363.59
9799, 4366.67
9800, 4369.23
9801, 4365.13
9802, 4357.44
9803, 4352.31
9804, 4359.49
9805, 4369.23
9806, 4363.08
9807, 4349.74
9808, 4352.82
9809, 4364.62
9810, 4358.97
9811, 4349.74
9812, 4357.95
9813, 4365.64
9814, 4358.46
9815, 4356.41
9816, 4356.41
9817, 4354.36
9818, 4357.44
9819, 4356.92
9820, 4352.82
9821, 4358.97
9822, 4367.18
9823, 4358.46
9824, 4349.74
9825, 4359.49
9826, 4367.18
9827, 4364.62
9828, 4360.51
9829, 4357.95
9830, 4359.49
9831, 4359.49
9832, 4353.33
9833, 4352.82
9834, 4354.87
9835, 4352.82
9836, 4350.26
9837, 4351.79
9838, 4354.87
9839, 4353.85
9840, 4356.41
9841, 4361.54
9842, 4357.95
9843, 4352.82
9844, 4355.38
9845, 4356.41
9846, 4354.87
9847, 4358.97
9848, 4361.54
9849, 4355.38
9850, 4353.33
9851, 4356.41
9852, 4356.41
9853, 4360
9854, 4366.67
9855, 4365.64
9856, 4356.92
9857, 4352.82
9858, 4356.92
9859, 4355.9
9860, 4355.38
9861, 4363.08
9862, 4361.54
9863, 4352.82
9864, 4354.87
9865, 4360.51
9866, 4357.95
9867, 4355.38
9868, 4359.49
9869, 4362.56
9870, 4360
9871, 4361.03
9872, 4365.13
9873, 4364.62
9874, 4360.51
9875, 4357.95
9876, 4360.51
9877, 4360.51
9878, 4356.92
9879, 4361.03
9880, 4369.23
9881, 4368.21
9882, 4359.49
9883, 4359.49
9884, 4363.59
9885, 4362.56
9886, 4362.56
9887, 4363.59
9888, 4360.51
9889, 4358.97
9890, 4355.9
9891, 4352.31
9892, 4356.92
9893, 4362.56
9894, 4364.1
9895, 4360.51
9896, 4356.41
9897, 4356.41
9898, 4358.97
9899, 4359.49
9900, 4358.46
9901, 4357.95
9902, 4358.97
9903, 4360
9904, 4360
9905, 4357.44
9906, 4355.38
9907, 4363.08
9908, 4370.26
9909, 4366.15
9910, 4358.97
9911, 4357.44
9912, 4355.38
9913, 4352.82
9914, 4358.46
9915, 4365.64
9916, 4364.1
9917, 4362.56
9918, 4360.51
9919, 4358.97
9920, 4360.51
9921, 4358.46
9922, 4352.82
9923, 4352.31
9924, 4358.46
9925, 4361.03
9926, 4354.87
9927, 4355.9
9928, 4362.05
9929, 4361.54
9930, 4361.54
9931, 4365.13
9932, 4363.59
9933, 4356.41
9934, 4356.92
9935, 4365.64
9936, 4365.13
9937, 4354.36
9938, 4349.74
9939, 4352.31
9940, 4355.9
9941, 4362.56
9942, 4364.1
9943, 4359.49
9944, 4359.49
9945, 4366.67
9946, 4367.18
9947, 4360
9948, 4358.97
9949, 4363.08
9950, 4364.62
9951, 4361.03
9952, 4357.95
9953, 4357.95
9954, 4358.46
9955, 4362.56
9956, 4366.15
9957, 4365.64
9958, 4366.15
9959, 4361.03
9960, 4355.9
9961, 4357.44
9962, 4356.92
9963, 4360
9964, 4363.08
9965, 4357.95
9966, 4355.9
9967, 4357.95
9968, 4359.49
9969, 4361.54
9970, 4363.59
9971, 4362.05
9972, 4358.97
9973, 4357.95
9974, 4358.46
9975, 4361.03
9976, 4359.49
9977, 4351.28
9978, 4351.28
9979, 4357.95
9980, 4358.97
9981, 4358.97
9982, 4360
9983, 4359.49
9984, 4361.54
9985, 4362.05
9986, 4362.05
9987, 4364.1
9988, 4361.03
9989, 4363.08
9990, 4368.21
9991, 4363.59
9992, 4356.92
9993, 4359.49
9994, 4361.54
9995, 4356.41
9996, 4359.49
9997, 4365.64
9998, 4363.08
9999, 4361.03
10000, 4365.13
10001, 4369.23
10002, 4365.64
10003, 4358.46
10004, 4358.97
10005, 4365.64
10006, 4366.67
10007, 4361.54
10008, 4358.46
10009, 4361.54
10010, 4363.08
10011, 4363.08
10012, 4366.67
10013, 4369.23
10014, 4372.31
10015, 4372.31
10016, 4367.69
10017, 4366.67
10018, 4362.05
10019, 4354.36
10020, 4356.92
10021, 4366.15
10022, 4362.56
10023, 4353.85
10024, 4356.41
10025, 4364.1
10026, 4364.62
10027, 4363.08
10028, 4366.15
10029, 4364.62
10030, 4359.49
10031, 4357.95
10032, 4358.46
10033, 4359.49
10034, 4362.05
10035, 4364.62
10036, 4362.56
10037, 4363.08
10038, 4365.13
10039, 4364.1
10040, 4364.62
10041, 4364.62
10042, 4366.67
10043, 4369.23
10044, 4366.67
10045, 4361.54
10046, 4355.9
10047, 4356.41
10048, 4364.1
10049, 4364.62
10050, 4360.51
10051, 4360.51
10052, 4360.51
10053, 4359.49
10054, 4361.03
10055, 4365.13
10056, 4365.13
10057, 4364.1
10058, 4365.13
10059, 4360.51
10060, 4360
10061, 4367.18
10062, 4363.08
10063, 4364.1
10064, 4390.77
10065, 4389.23
10066, 4337.44
10067, 4295.38
10068, 4294.36
10069, 4304.1
10070, 4310.77
10071, 4310.77
10072, 4288.21, estimuli
10073, 4264.62
10074, 4258.46
10075, 4261.54
10076, 4271.79
10077, 4291.28
10078, 4317.95
10079, 4334.36
10080, 4327.69
10081, 4317.44
10082, 4317.44
10083, 4320
10084, 4318.46
10085, 4314.36
10086, 4315.38
10087, 4315.38
10088, 4315.9
10089, 4317.44
10090, 4317.44
10091, 4322.05
10092, 4331.79
10093, 4337.95
10094, 4336.41
10095, 4332.31
10096, 4331.28
10097, 4328.21
10098, 4319.49
10099, 4311.28
10100, 4304.62
10101, 4296.92
10102, 4294.87
10103, 4301.54
10104, 4301.54
10105, 4291.79
10106, 4293.33
10107, 4298.46
10108, 4297.95
10109, 4301.54
10110, 4304.1
10111, 4303.59
10112, 4307.69
10113, 4314.36
10114, 4312.82
10115, 4309.74
10116, 4317.95
10117, 4326.67
10118, 4325.13
10119, 4323.08
10120, 4324.1
10121, 4325.64
10122, 4328.21
10123, 4330.77
10124, 4332.82
10125, 4331.79
10126, 4330.26
10127, 4336.92
10128, 4340
10129, 4333.33
10130, 4331.28
10131, 4333.85
10132, 4335.38
10133, 4334.36
10134, 4337.95
10135, 4342.56
10136, 4341.54
10137, 4341.54
10138, 4341.03
10139, 4342.05
10140, 4346.67
10141, 4347.69
10142, 4348.72
10143, 4348.72
10144, 4344.1
10145, 4344.62
10146, 4349.74
10147, 4349.74
10148, 4346.67
10149, 4345.64
10150, 4348.21
10151, 4350.26
10152, 4345.64
10153, 4344.62
10154, 4353.85
10155, 4361.03
10156, 4357.44
10157, 4351.79
10158, 4348.21
10159, 4345.64
10160, 4349.23
10161, 4351.79
10162, 4350.77
10163, 4363.08
10164, 4358.97
10165, 4344.1
10166, 4382.56
10167, 4429.74
10168, 4395.38
10169, 4318.46
10170, 4271.28
10171, 4272.82
10172, 4301.03
10173, 4326.15
10174, 4396.92
10175, 4482.05
10176, 4461.03
10177, 4357.95
10178, 4264.62
10179, 4244.1
10180, 4290.26
10181, 4345.13
10182, 4413.33
10183, 4476.92
10184, 4441.54
10185, 4341.54
10186, 4274.87
10187, 4258.97
10188, 4290.77
10189, 4337.95
10190, 4409.23
10191, 4478.97
10192, 4438.46
10193, 4339.49
10194, 4276.92
10195, 4259.49
10196, 4293.33
10197, 4344.1
10198, 4409.74
10199, 4470.77
10200, 4434.36
10201, 4341.54
10202, 4280
10203, 4261.03
10204, 4286.15
10205, 4335.38
10206, 4412.31
10207, 4479.49
10208, 4434.36
10209, 4337.44
10210, 4282.56
10211, 4270.26
10212, 4298.46
10213, 4347.69
10214, 4420
10215, 4483.08
10216, 4442.05
10217, 4339.49
10218, 4275.9
10219, 4267.69
10220, 4301.03
10221, 4348.21
10222, 4409.74
10223, 4471.28
10224, 4446.15
10225, 4350.26
10226, 4277.44
10227, 4272.31
10228, 4312.31
10229, 4354.36
10230, 4412.82
10231, 4469.74
10232, 4434.36
10233, 4340
10234, 4281.54
10235, 4275.9
10236, 4306.67
10237, 4345.64
10238, 4403.59
10239, 4469.23
10240, 4440
10241, 4338.46
10242, 4277.95
10243, 4277.44
10244, 4310.26
10245, 4349.23
10246, 4410.26
10247, 4471.79
10248, 4438.46
10249, 4343.59
10250, 4286.15
10251, 4283.59
10252, 4316.92
10253, 4354.36
10254, 4406.15
10255, 4466.67
10256, 4443.59
10257, 4348.21
10258, 4284.1
10259, 4284.62
10260, 4319.49
10261, 4351.79
10262, 4410.77
10263, 4472.82
10264, 4437.44
10265, 4347.18
10266, 4296.92
10267, 4293.85
10268, 4318.46
10269, 4354.36
10270, 4413.33
10271, 4469.23
10272, 4437.44
10273, 4347.18
10274, 4287.69
10275, 4282.56
10276, 4315.9
10277, 4357.44
10278, 4417.95
10279, 4468.72
10280, 4433.33
10281, 4348.21
10282, 4287.69
10283, 4284.1
10284, 4321.03
10285, 4357.95
10286, 4412.82
10287, 4468.21
10288, 4432.31
10289, 4339.49
10290, 4289.23
10291, 4285.13
10292, 4311.79
10293, 4354.87
10294, 4405.64
10295, 4424.1
10296, 4373.85
10297, 4355.9
10298, 4393.85
10299, 4363.59
10300, 4325.13
10301, 4368.72
10302, 4385.64
10303, 4357.95
10304, 4358.97
10305, 4365.64
10306, 4365.64
10307, 4365.64
10308, 4363.59
10309, 4366.67
10310, 4371.79
10311, 4363.08
10312, 4350.77
10313, 4354.87
10314, 4361.54
10315, 4357.95
10316, 4355.9
10317, 4358.46
10318, 4360.51
10319, 4359.49
10320, 4357.95
10321, 4361.03
10322, 4366.67
10323, 4364.1
10324, 4356.92
10325, 4354.36
10326, 4355.9
10327, 4361.54
10328, 4363.08
10329, 4361.03
10330, 4361.54
10331, 4365.64
10332, 4365.13
10333, 4357.95
10334, 4363.08
10335, 4371.28
10336, 4361.03
10337, 4356.92
10338, 4366.15
10339, 4364.1
10340, 4352.31
10341, 4357.95
10342, 4369.74
10343, 4365.13
10344, 4355.9
10345, 4356.92
10346, 4364.62
10347, 4369.23
10348, 4366.67
10349, 4364.62
10350, 4365.64
10351, 4360.51
10352, 4358.97
10353, 4365.64
10354, 4362.56
10355, 4355.38
10356, 4360
10357, 4367.69
10358, 4366.15
10359, 4362.56
10360, 4362.05
10361, 4361.54
10362, 4362.05
10363, 4364.62
10364, 4366.67
10365, 4369.23
10366, 4365.64
10367, 4361.03
10368, 4361.03
10369, 4362.56
10370, 4363.08
10371, 4361.03
10372, 4359.49
10373, 4360.51
10374, 4362.05
10375, 4365.13
10376, 4367.69
10377, 4372.31
10378, 4372.82
10379, 4363.08
10380, 4361.54
10381, 4366.67
10382, 4365.64
10383, 4364.62
10384, 4364.62
10385, 4365.13
10386, 4366.67
10387, 4363.59
10388, 4361.03
10389, 4360.51
10390, 4361.54
10391, 4368.21
10392, 4373.85
10393, 4368.72
10394, 4363.59
10395, 4365.64
10396, 4368.21
10397, 4370.77
10398, 4369.74
10399, 4360.51
10400, 4359.49
10401, 4369.74
10402, 4370.77
10403, 4368.72
10404, 4371.28
10405, 4369.74
10406, 4366.67
10407, 4366.15
10408, 4366.15
10409, 4366.67
10410, 4369.74
10411, 4375.38
10412, 4375.9
10413, 4373.33
10414, 4373.33
10415, 4370.77
10416, 4368.72
10417, 4368.72
10418, 4367.69
10419, 4365.64
10420, 4367.18
10421, 4374.87
10422, 4373.33
10423, 4357.44
10424, 4352.31
10425, 4358.46
10426, 4360.51
10427, 4361.54
10428, 4361.54
10429, 4363.59
10430, 4367.18
10431, 4367.18
10432, 4361.03
10433, 4358.46
10434, 4365.64
10435, 4367.18
10436, 4362.05
10437, 4360
10438, 4361.03
10439, 4363.59
10440, 4363.59
10441, 4362.56
10442, 4361.03
10443, 4358.97
10444, 4361.03
10445, 4361.54
10446, 4357.95
10447, 4361.54
10448, 4367.69
10449, 4365.13
10450, 4354.36
10451, 4349.74
10452, 4353.85
10453, 4354.36
10454, 4351.79
10455, 4355.9
10456, 4357.95
10457, 4354.36
10458, 4352.31
10459, 4351.28
10460, 4351.28
10461, 4354.87
10462, 4360
10463, 4355.9
10464, 4346.15
10465, 4345.13
10466, 4351.28
10467, 4362.05
10468, 4368.72
10469, 4363.08
10470, 4357.95
10471, 4366.15
10472, 4372.31
10473, 4366.67
10474, 4358.97
10475, 4359.49
10476, 4363.59
10477, 4363.08
10478, 4361.54
10479, 4361.03
10480, 4357.44
10481, 4352.31
10482, 4356.41
10483, 4361.54
10484, 4356.41
10485, 4358.97
10486, 4363.59
10487, 4358.97
10488, 4358.46
10489, 4363.08
10490, 4365.13
10491, 4361.03
10492, 4353.33
10493, 4354.36
10494, 4360
10495, 4358.97
10496, 4361.03
10497, 4366.15
10498, 4363.59
10499, 4361.03
10500, 4367.69
10501, 4371.28
10502, 4364.62
10503, 4357.95
10504, 4356.92
10505, 4362.56
10506, 4364.62
10507, 4359.49
10508, 4360.51
10509, 4362.05
10510, 4362.05
10511, 4364.62
10512, 4361.03
10513, 4361.03
10514, 4367.18
10515, 4366.15
10516, 4357.95
10517, 4352.82
10518, 4360
10519, 4365.13
10520, 4352.82
10521, 4343.08
10522, 4353.33
10523, 4359.49
10524, 4353.85
10525, 4358.46
10526, 4368.72
10527, 4365.64
10528, 4360.51
10529, 4358.97
10530, 4350.26
10531, 4352.31
10532, 4367.69
10533, 4372.31
10534, 4364.62
10535, 4355.38
10536, 4352.82
10537, 4360
10538, 4361.54
10539, 4353.85
10540, 4350.77
10541, 4354.36
10542, 4358.97
10543, 4361.54
10544, 4360.51
10545, 4358.46
10546, 4361.03
10547, 4360
10548, 4353.33
10549, 4356.41
10550, 4360.51
10551, 4356.41
10552, 4362.56
10553, 4369.74
10554, 4363.08
10555, 4356.92
10556, 4357.95
10557, 4357.95
10558, 4354.87
10559, 4357.44
10560, 4361.54
10561, 4361.03
10562, 4360
10563, 4355.38
10564, 4355.9
10565, 4362.56
10566, 4365.13
10567, 4362.05
10568, 4360.51
10569, 4360.51
10570, 4359.49
10571, 4360
10572, 4360.51
10573, 4355.38
10574, 4353.33
10575, 4361.03
10576, 4360.51
10577, 4354.87
10578, 4359.49
10579, 4364.62
10580, 4367.18
10581, 4366.67
10582, 4362.05
10583, 4357.44
10584, 4356.41
10585, 4358.97
10586, 4361.54
10587, 4365.64
10588, 4368.72
10589, 4364.62
10590, 4360
10591, 4361.03
10592, 4360
10593, 4357.44
10594, 4360.51
10595, 4362.56
10596, 4357.44
10597, 4355.9
10598, 4362.05
10599, 4358.97
10600, 4353.85
10601, 4360.51
10602, 4365.13
10603, 4360
10604, 4354.87
10605, 4356.41
10606, 4356.41
10607, 4354.87
10608, 4354.36
10609, 4349.74
10610, 4350.77
10611, 4354.87
10612, 4353.33
10613, 4353.85
10614, 4354.36
10615, 4354.36
10616, 4358.97
10617, 4361.54
10618, 4360.51
10619, 4356.41
10620, 4356.92
10621, 4364.1
10622, 4364.1
10623, 4357.95
10624, 4360.51
10625, 4367.69
10626, 4368.72
10627, 4363.08
10628, 4361.03
10629, 4363.08
10630, 4358.46
10631, 4360
10632, 4368.72
10633, 4368.21
10634, 4378.46
10635, 4392.31
10636, 4356.92
10637, 4302.05
10638, 4292.82
10639, 4301.03
10640, 4288.72
10641, 4284.62
10642, 4286.15
10643, 4271.79
10644, 4263.59, estimuli
10645, 4267.18
10646, 4271.79
10647, 4284.1
10648, 4306.67
10649, 4326.15
10650, 4334.36
10651, 4335.9
10652, 4331.28
10653, 4327.18
10654, 4331.28
10655, 4330.77
10656, 4323.59
10657, 4322.05
10658, 4330.26
10659, 4339.49
10660, 4340
10661, 4337.44
10662, 4341.03
10663, 4337.95
10664, 4325.64
10665, 4319.49
10666, 4321.54
10667, 4321.03
10668, 4311.28
10669, 4305.64
10670, 4304.62
10671, 4303.59
10672, 4305.13
10673, 4303.59
10674, 4302.05
10675, 4304.1
10676, 4301.03
10677, 4294.87
10678, 4296.92
10679, 4302.05
10680, 4301.03
10681, 4301.54
10682, 4310.26
10683, 4310.77
10684, 4310.26
10685, 4318.46
10686, 4316.92
10687, 4313.33
10688, 4317.95
10689, 4315.9
10690, 4315.38
10691, 4322.56
10692, 4318.97
10693, 4311.79
10694, 4317.44
10695, 4320.51
10696, 4311.79
10697, 4311.28
10698, 4322.56
10699, 4327.69
10700, 4324.1
10701, 4320
10702, 4322.56
10703, 4329.23
10704, 4327.69
10705, 4320
10706, 4318.46
10707, 4326.67
10708, 4332.82
10709, 4328.21
10710, 4324.1
10711, 4327.18
10712, 4331.28
10713, 4331.28
10714, 4325.64
10715, 4322.56
10716, 4325.13
10717, 4330.77
10718, 4334.87
10719, 4328.21
10720, 4327.18
10721, 4337.95
10722, 4335.9
10723, 4328.72
10724, 4336.41
10725, 4346.15
10726, 4341.54
10727, 4332.82
10728, 4330.26
10729, 4334.87
10730, 4340
10731, 4338.97
10732, 4334.36
10733, 4335.9
10734, 4337.95
10735, 4336.92
10736, 4340.51
10737, 4343.08
10738, 4339.49
10739, 4339.49
10740, 4341.03
10741, 4347.18
10742, 4337.95
10743, 4324.1
10744, 4363.59
10745, 4410.26
10746, 4381.03
10747, 4313.85
10748, 4270.26
10749, 4265.13
10750, 4285.13
10751, 4310.26
10752, 4384.62
10753, 4470.26
10754, 4449.23
10755, 4347.69
10756, 4255.9
10757, 4234.87
10758, 4278.46
10759, 4332.82
10760, 4401.54
10761, 4465.13
10762, 4433.33
10763, 4336.41
10764, 4266.67
10765, 4244.1
10766, 4274.87
10767, 4328.72
10768, 4403.59
10769, 4468.72
10770, 4422.56
10771, 4325.13
10772, 4269.74
10773, 4251.28
10774, 4279.49
10775, 4331.79
10776, 4401.03
10777, 4469.23
10778, 4434.87
10779, 4330.77
10780, 4260.51
10781, 4244.62
10782, 4277.95
10783, 4321.54
10784, 4388.72
10785, 4464.1
10786, 4432.31
10787, 4330.77
10788, 4262.56
10789, 4245.13
10790, 4277.44
10791, 4322.56
10792, 4386.67
10793, 4460
10794, 4430.26
10795, 4328.21
10796, 4269.74
10797, 4261.54
10798, 4281.54
10799, 4321.03
10800, 4392.31
10801, 4457.95
10802, 4425.64
10803, 4332.82
10804, 4267.18
10805, 4250.26
10806, 4281.54
10807, 4329.23
10808, 4388.72
10809, 4449.74
10810, 4426.67
10811, 4335.38
10812, 4274.87
10813, 4267.69
10814, 4292.82
10815, 4331.28
10816, 4392.31
10817, 4450.26
10818, 4418.46
10819, 4324.62
10820, 4265.64
10821, 4264.1
10822, 4299.49
10823, 4341.54
10824, 4398.46
10825, 4458.46
10826, 4429.23
10827, 4333.85
10828, 4271.79
10829, 4265.13
10830, 4295.9
10831, 4336.41
10832, 4388.21
10833, 4442.56
10834, 4419.49
10835, 4332.82
10836, 4272.82
10837, 4267.18
10838, 4301.03
10839, 4341.54
10840, 4397.44
10841, 4460.51
10842, 4435.38
10843, 4340
10844, 4272.82
10845, 4267.69
10846, 4304.1
10847, 4340
10848, 4392.82
10849, 4451.79
10850, 4421.03
10851, 4331.28
10852, 4276.41
10853, 4271.28
10854, 4298.97
10855, 4339.49
10856, 4400
10857, 4455.38
10858, 4421.54
10859, 4332.82
10860, 4276.41
10861, 4270.26
10862, 4298.97
10863, 4341.03
10864, 4404.1
10865, 4456.92
10866, 4423.59
10867, 4338.46
10868, 4282.56
10869, 4275.38
10870, 4304.1
10871, 4342.56
10872, 4386.67
10873, 4404.62
10874, 4359.49
10875, 4346.15
10876, 4382.05
10877, 4346.15
10878, 4309.74
10879, 4361.03
10880, 4377.44
10881, 4349.23
10882, 4354.87
10883, 4360.51
10884, 4351.79
10885, 4351.28
10886, 4354.87
10887, 4356.92
10888, 4356.92
10889, 4352.82
10890, 4353.85
10891, 4357.95
10892, 4353.85
10893, 4346.15
10894, 4343.59
10895, 4348.21
10896, 4350.26
10897, 4352.31
10898, 4356.41
10899, 4355.38
10900, 4352.82
10901, 4357.44
10902, 4360
10903, 4351.79
10904, 4345.64
10905, 4350.77
10906, 4353.33
10907, 4351.28
10908, 4352.31
10909, 4355.9
10910, 4357.44
10911, 4354.36
10912, 4354.36
10913, 4356.92
10914, 4354.36
10915, 4353.85
10916, 4354.87
10917, 4356.92
10918, 4358.46
10919, 4349.74
10920, 4344.62
10921, 4353.85
10922, 4358.97
10923, 4349.74
10924, 4341.54
10925, 4349.23
10926, 4359.49
10927, 4357.95
10928, 4355.9
10929, 4357.44
10930, 4357.44
10931, 4353.33
10932, 4352.82
10933, 4354.87
10934, 4352.31
10935, 4351.79
10936, 4357.95
10937, 4352.31
10938, 4343.08
10939, 4350.77
10940, 4356.41
10941, 4350.77
10942, 4348.21
10943, 4352.82
10944, 4351.28
10945, 4345.64
10946, 4346.67
10947, 4346.15
10948, 4344.62
10949, 4345.64
10950, 4345.13
10951, 4345.13
10952, 4347.69
10953, 4352.82
10954, 4350.26
10955, 4344.1
10956, 4349.74
10957, 4353.33
10958, 4343.59
10959, 4341.54
10960, 4349.23
10961, 4346.15
10962, 4342.05
10963, 4350.26
10964, 4354.36
10965, 4347.18
10966, 4351.79
10967, 4358.97
10968, 4350.77
10969, 4344.62
10970, 4345.64
10971, 4347.18
10972, 4348.21
10973, 4348.72
10974, 4348.21
10975, 4346.15
10976, 4343.59
10977, 4343.08
10978, 4347.69
10979, 4354.36
10980, 4353.85
10981, 4353.33
10982, 4355.38
10983, 4350.77
10984, 4346.67
10985, 4347.69
10986, 4352.82
10987, 4353.33
10988, 4349.23
10989, 4354.36
10990, 4361.03
10991, 4355.9
10992, 4350.77
10993, 4352.82
10994, 4349.74
10995, 4343.08
10996, 4345.13
10997, 4350.77
10998, 4351.79
10999, 4351.28
11000, 4352.82
11001, 4352.82
11002, 4351.79
11003, 4351.28
11004, 4349.74
11005, 4345.13
11006, 4342.05
11007, 4350.26
11008, 4355.38
11009, 4347.18
11010, 4346.15
11011, 4350.26
11012, 4349.74
11013, 4346.15
11014, 4345.13
11015, 4346.15
11016, 4344.62
11017, 4347.69
11018, 4350.77
11019, 4349.74
11020, 4352.31
11021, 4351.28
11022, 4349.23
11023, 4354.36
11024, 4356.92
11025, 4351.28
11026, 4344.62
11027, 4345.64
11028, 4351.28
11029, 4345.64
11030, 4334.87
11031, 4339.49
11032, 4349.74
11033, 4348.72
11034, 4349.23
11035, 4355.38
11036, 4352.31
11037, 4344.62
11038, 4343.08
11039, 4338.46
11040, 4334.87
11041, 4340.51
11042, 4347.69
11043, 4349.74
11044, 4348.21
11045, 4350.26
11046, 4352.31
11047, 4346.67
11048, 4341.54
11049, 4341.03
11050, 4343.08
11051, 4347.69
11052, 4347.69
11053, 4347.18
11054, 4350.26
11055, 4349.23
11056, 4347.18
11057, 4352.31
11058, 4356.92
11059, 4344.62
11060, 4336.41
11061, 4349.23
11062, 4354.36
11063, 4345.13
11064, 4341.03
11065, 4346.67
11066, 4352.31
11067, 4353.33
11068, 4350.26
11069, 4348.72
11070, 4350.77
11071, 4351.79
11072, 4349.74
11073, 4346.67
11074, 4348.72
11075, 4349.74
11076, 4347.69
11077, 4350.77
11078, 4353.33
11079, 4352.31
11080, 4354.87
11081, 4360.51
11082, 4355.38
11083, 4346.67
11084, 4350.26
11085, 4351.28
11086, 4347.69
11087, 4352.31
11088, 4354.87
11089, 4350.26
11090, 4347.69
11091, 4346.67
11092, 4347.69
11093, 4354.36
11094, 4357.95
11095, 4349.74
11096, 4347.18
11097, 4352.31
11098, 4346.67
11099, 4347.18
11100, 4358.97
11101, 4356.92
11102, 4348.21
11103, 4348.72
11104, 4351.28
11105, 4350.26
11106, 4351.79
11107, 4356.41
11108, 4356.41
11109, 4351.79
11110, 4349.74
11111, 4348.72
11112, 4352.82
11113, 4356.41
11114, 4355.9
11115, 4358.97
11116, 4360
11117, 4350.26
11118, 4343.08
11119, 4353.33
11120, 4360
11121, 4351.79
11122, 4353.85
11123, 4360.51
11124, 4354.87
11125, 4351.79
11126, 4358.46
11127, 4358.97
11128, 4352.82
11129, 4352.31
11130, 4353.85
11131, 4354.36
11132, 4356.41
11133, 4355.9
11134, 4351.79
11135, 4357.44
11136, 4359.49
11137, 4353.85
11138, 4354.87
11139, 4355.9
11140, 4357.44
11141, 4358.97
11142, 4357.95
11143, 4361.03
11144, 4361.03
11145, 4351.28
11146, 4345.13
11147, 4351.28
11148, 4355.38
11149, 4351.79
11150, 4354.87
11151, 4360
11152, 4354.87
11153, 4352.31
11154, 4354.87
11155, 4354.36
11156, 4353.85
11157, 4357.95
11158, 4359.49
11159, 4351.79
11160, 4347.18
11161, 4353.33
11162, 4357.95
11163, 4358.46
11164, 4354.36
11165, 4351.79
11166, 4354.36
11167, 4352.31
11168, 4348.21
11169, 4351.28
11170, 4354.87
11171, 4360.51
11172, 4366.67
11173, 4360
11174, 4350.77
11175, 4348.72
11176, 4347.69
11177, 4348.21
11178, 4353.33
11179, 4356.92
11180, 4352.82
11181, 4353.85
11182, 4356.41
11183, 4354.36
11184, 4354.36
11185, 4354.87
11186, 4353.33
11187, 4351.28
11188, 4351.79
11189, 4351.79
11190, 4348.21
11191, 4351.28
11192, 4354.87
11193, 4355.38
11194, 4356.92
11195, 4354.36
11196, 4351.28
11197, 4353.85
11198, 4355.9
11199, 4357.95
11200, 4355.9
11201, 4344.1
11202, 4344.1
11203, 4354.87
11204, 4355.38
11205, 4351.79
11206, 4356.92
11207, 4359.49
11208, 4351.79
11209, 4350.26
11210, 4351.79
11211, 4351.28
11212, 4353.85
11213, 4350.77
11214, 4347.18
11215, 4351.79
11216, 4354.36
11217, 4350.77
11218, 4354.87
11219, 4363.59
11220, 4358.97
11221, 4349.23
11222, 4349.74
11223, 4352.82
11224, 4350.26
11225, 4348.72
11226, 4348.72
11227, 4348.72
11228, 4350.26
11229, 4352.82
11230, 4352.82
11231, 4349.74
11232, 4350.77
11233, 4356.92
11234, 4358.46
11235, 4358.97
11236, 4356.41
11237, 4353.85
11238, 4353.33
11239, 4355.38
11240, 4356.41
11241, 4352.31
11242, 4349.74
11243, 4352.82
11244, 4352.31
11245, 4352.31
11246, 4353.85
11247, 4356.41
11248, 4359.49
11249, 4353.85
11250, 4348.21
11251, 4352.31
11252, 4357.95
11253, 4361.54
11254, 4360
11255, 4353.33
11256, 4350.26
11257, 4353.85
11258, 4355.38
11259, 4353.85
11260, 4355.9
11261, 4358.97
11262, 4361.54
11263, 4361.03
11264, 4356.41
11265, 4360
11266, 4366.15
11267, 4358.46
11268, 4350.26
11269, 4350.77
11270, 4354.87
11271, 4362.05
11272, 4362.56
11273, 4357.95
11274, 4358.97
11275, 4362.56
11276, 4361.54
11277, 4357.44
11278, 4360.51
11279, 4365.13
11280, 4364.62
11281, 4360.51
11282, 4354.87
11283, 4354.87
11284, 4357.44
11285, 4355.9
11286, 4358.46
11287, 4361.54
11288, 4358.46
11289, 4358.97
11290, 4362.05
11291, 4358.97
11292, 4352.31
11293, 4357.44
11294, 4366.15
11295, 4359.49
11296, 4350.26
11297, 4356.92
11298, 4366.15
11299, 4361.03
11300, 4351.79
11301, 4350.77
11302, 4355.9
11303, 4361.03
11304, 4363.59
11305, 4363.08
11306, 4365.64
11307, 4370.77
11308, 4366.15
11309, 4359.49
11310, 4358.97
11311, 4360.51
11312, 4360
11313, 4353.85
11314, 4353.85
11315, 4359.49
11316, 4358.46
11317, 4356.92
11318, 4361.54
11319, 4362.56
11320, 4358.97
11321, 4359.49
11322, 4362.56
11323, 4358.46
11324, 4357.95
11325, 4361.54
11326, 4358.97
11327, 4357.44
11328, 4359.49
11329, 4355.38
11330, 4354.87
11331, 4361.03
11332, 4361.54
11333, 4352.31
11334, 4355.9
11335, 4366.67
11336, 4362.05
11337, 4355.9
11338, 4358.46
11339, 4362.05
11340, 4361.54
11341, 4356.41
11342, 4352.82
11343, 4360.51
11344, 4364.1
11345, 4353.33
11346, 4348.72
11347, 4353.85
11348, 4353.85
11349, 4351.79
11350, 4355.38
11351, 4355.38
11352, 4354.87
11353, 4357.95
11354, 4355.38
11355, 4353.33
11356, 4354.36
11357, 4360
11358, 4362.56
11359, 4355.9
11360, 4358.46
11361, 4368.21
11362, 4363.59
11363, 4356.41
11364, 4356.41
11365, 4355.9
11366, 4356.41
11367, 4354.36
11368, 4350.26
11369, 4351.28
11370, 4357.95
11371, 4360
11372, 4355.9
11373, 4357.95
11374, 4365.64
11375, 4369.74
11376, 4358.46
11377, 4366.15
11378, 4396.41
11379, 4369.23
11380, 4305.13
11381, 4281.54
11382, 4283.08
11383, 4284.62
11384, 4296.41
11385, 4297.95
11386, 4284.1
11387, 4276.92
11388, 4275.9, estimuli
11389, 4280.51
11390, 4289.74
11391, 4303.59
11392, 4320.51
11393, 4326.67
11394, 4332.82
11395, 4334.87
11396, 4328.72
11397, 4327.69
11398, 4337.44
11399, 4344.62
11400, 4337.95
11401, 4326.67
11402, 4323.59
11403, 4327.69
11404, 4333.85
11405, 4335.38
11406, 4330.26
11407, 4325.64
11408, 4328.72
11409, 4329.74
11410, 4320.51
11411, 4316.92
11412, 4317.44
11413, 4311.28
11414, 4305.64
11415, 4303.59
11416, 4301.54
11417, 4302.56
11418, 4300
11419, 4290.77
11420, 4291.79
11421, 4306.15
11422, 4307.69
11423, 4294.87
11424, 4295.38
11425, 4305.64
11426, 4306.15
11427, 4305.64
11428, 4307.18
11429, 4310.26
11430, 4313.85
11431, 4310.77
11432, 4307.18
11433, 4308.21
11434, 4312.82
11435, 4315.9
11436, 4317.95
11437, 4320.51
11438, 4321.03
11439, 4326.15
11440, 4328.21
11441, 4323.08
11442, 4328.72
11443, 4336.41
11444, 4326.67
11445, 4315.9
11446, 4316.41
11447, 4321.54
11448, 4327.18
11449, 4330.77
11450, 4328.72
11451, 4324.62
11452, 4325.64
11453, 4326.67
11454, 4325.13
11455, 4329.74
11456, 4331.28
11457, 4331.28
11458, 4337.44
11459, 4336.41
11460, 4333.33
11461, 4335.9
11462, 4340
11463, 4340
11464, 4340.51
11465, 4343.08
11466, 4339.49
11467, 4337.95
11468, 4340
11469, 4336.92
11470, 4338.97
11471, 4345.64
11472, 4344.1
11473, 4339.49
11474, 4341.03
11475, 4341.03
11476, 4336.41
11477, 4339.49
11478, 4349.23
11479, 4345.13
11480, 4332.82
11481, 4340.51
11482, 4354.87
11483, 4343.08
11484, 4350.77
11485, 4401.54
11486, 4409.74
11487, 4346.67
11488, 4287.18
11489, 4265.64
11490, 4283.08
11491, 4309.74
11492, 4352.82
11493, 4445.13
11494, 4477.95
11495, 4396.92
11496, 4295.9
11497, 4242.05
11498, 4262.05
11499, 4308.72
11500, 4366.15
11501, 4453.33
11502, 4475.38
11503, 4388.21
11504, 4302.56
11505, 4260.51
11506, 4267.18
11507, 4314.36
11508, 4375.38
11509, 4452.31
11510, 4462.56
11511, 4375.9
11512, 4297.44
11513, 4259.49
11514, 4271.28
11515, 4319.49
11516, 4373.33
11517, 4445.13
11518, 4465.64
11519, 4387.69
11520, 4300
11521, 4254.36
11522, 4268.72
11523, 4320.51
11524, 4380.51
11525, 4454.36
11526, 4469.23
11527, 4384.62
11528, 4299.49
11529, 4267.18
11530, 4282.05
11531, 4316.92
11532, 4356.41
11533, 4427.18
11534, 4455.38
11535, 4373.85
11536, 4282.56
11537, 4247.69
11538, 4264.1
11539, 4307.18
11540, 4360
11541, 4430.26
11542, 4449.23
11543, 4371.28
11544, 4289.23
11545, 4253.85
11546, 4264.1
11547, 4306.15
11548, 4361.54
11549, 4437.95
11550, 4461.03
11551, 4373.33
11552, 4283.59
11553, 4257.44
11554, 4276.92
11555, 4310.77
11556, 4355.9
11557, 4428.21
11558, 4449.74
11559, 4367.18
11560, 4282.05
11561, 4256.41
11562, 4276.92
11563, 4312.31
11564, 4360
11565, 4435.9
11566, 4456.92
11567, 4374.87
11568, 4288.72
11569, 4252.31
11570, 4269.23
11571, 4312.82
11572, 4364.1
11573, 4431.28
11574, 4447.69
11575, 4374.36
11576, 4296.92
11577, 4263.08
11578, 4272.82
11579, 4310.26
11580, 4365.13
11581, 4435.9
11582, 4451.79
11583, 4374.36
11584, 4289.23
11585, 4261.54
11586, 4282.05
11587, 4312.82
11588, 4358.46
11589, 4430.77
11590, 4448.72
11591, 4371.28
11592, 4290.77
11593, 4264.1
11594, 4279.49
11595, 4310.26
11596, 4360.51
11597, 4437.44
11598, 4451.79
11599, 4365.13
11600, 4284.1
11601, 4265.64
11602, 4286.67
11603, 4313.33
11604, 4352.82
11605, 4424.1
11606, 4446.15
11607, 4365.64
11608, 4286.15
11609, 4265.13
11610, 4281.54
11611, 4317.44
11612, 4363.08
11613, 4412.82
11614, 4393.33
11615, 4330.77
11616, 4348.21
11617, 4364.62
11618, 4314.87
11619, 4326.67
11620, 4372.31
11621, 4355.9
11622, 4338.97
11623, 4344.62
11624, 4344.1
11625, 4344.62
11626, 4351.28
11627, 4347.69
11628, 4339.49
11629, 4345.13
11630, 4349.23
11631, 4340.51
11632, 4335.38
11633, 4340
11634, 4346.67
11635, 4349.74
11636, 4347.69
11637, 4342.56
11638, 4345.13
11639, 4353.33
11640, 4349.74
11641, 4338.97
11642, 4337.95
11643, 4340.51
11644, 4344.1
11645, 4344.62
11646, 4342.56
11647, 4342.56
11648, 4341.54
11649, 4342.05
11650, 4344.62
11651, 4342.56
11652, 4339.49
11653, 4341.03
11654, 4346.67
11655, 4346.67
11656, 4340.51
11657, 4344.62
11658, 4350.26
11659, 4342.56
11660, 4338.97
11661, 4345.13
11662, 4346.67
11663, 4346.67
11664, 4352.31
11665, 4352.82
11666, 4348.21
11667, 4349.74
11668, 4352.31
11669, 4354.36
11670, 4356.92
11671, 4351.79
11672, 4345.64
11673, 4346.15
11674, 4345.13
11675, 4345.13
11676, 4350.26
11677, 4352.82
11678, 4348.21
11679, 4343.08
11680, 4347.69
11681, 4349.23
11682, 4348.21
11683, 4355.9
11684, 4358.97
11685, 4352.82
11686, 4349.23
11687, 4345.13
11688, 4344.62
11689, 4350.26
11690, 4352.82
11691, 4350.77
11692, 4352.31
11693, 4356.92
11694, 4354.36
11695, 4349.23
11696, 4349.23
11697, 4351.79
11698, 4354.36
11699, 4350.77
11700, 4347.18
11701, 4348.21
11702, 4349.74
11703, 4354.36
11704, 4352.31
11705, 4344.1
11706, 4344.62
11707, 4349.23
11708, 4352.82
11709, 4350.26
11710, 4350.77
11711, 4358.46
11712, 4357.44
11713, 4351.28
11714, 4351.28
11715, 4349.23
11716, 4348.21
11717, 4348.21
11718, 4344.1
11719, 4344.1
11720, 4349.23
11721, 4349.74
11722, 4350.26
11723, 4356.41
11724, 4353.85
11725, 4348.72
11726, 4352.82
11727, 4354.36
11728, 4348.72
11729, 4347.69
11730, 4351.79
11731, 4353.33
11732, 4349.74
11733, 4344.62
11734, 4344.62
11735, 4344.62
11736, 4347.69
11737, 4359.49
11738, 4359.49
11739, 4346.67
11740, 4344.1
11741, 4353.33
11742, 4348.72
11743, 4337.95
11744, 4343.59
11745, 4350.77
11746, 4347.18
11747, 4346.67
11748, 4351.79
11749, 4356.92
11750, 4357.44
11751, 4351.79
11752, 4346.15
11753, 4347.69
11754, 4351.79
11755, 4348.72
11756, 4345.64
11757, 4351.28
11758, 4354.36
11759, 4352.31
11760, 4350.77
11761, 4350.77
11762, 4352.31
11763, 4349.23
11764, 4347.69
11765, 4355.9
11766, 4355.9
11767, 4344.62
11768, 4345.13
11769, 4354.36
11770, 4351.79
11771, 4343.59
11772, 4346.15
11773, 4348.72
11774, 4346.15
11775, 4349.74
11776, 4351.79
11777, 4346.67
11778, 4347.18
11779, 4351.28
11780, 4350.77
11781, 4349.74
11782, 4352.31
11783, 4352.31
11784, 4348.72
11785, 4350.26
11786, 4351.28
11787, 4351.79
11788, 4354.36
11789, 4350.26
11790, 4351.28
11791, 4362.05
11792, 4363.59
11793, 4352.31
11794, 4346.67
11795, 4353.33
11796, 4354.87
11797, 4349.23
11798, 4350.77
11799, 4354.87
11800, 4355.38
11801, 4356.41
11802, 4357.44
11803, 4361.03
11804, 4364.1
11805, 4362.05
11806, 4357.44
11807, 4357.44
11808, 4363.59
11809, 4365.64
11810, 4365.13
11811, 4362.56
11812, 4356.92
11813, 4355.9
11814, 4356.92
11815, 4358.46
11816, 4361.54
11817, 4364.1
11818, 4362.05
11819, 4352.82
11820, 4350.77
11821, 4357.95
11822, 4355.38
11823, 4352.31
11824, 4360.51
11825, 4357.44
11826, 4344.62
11827, 4342.05
11828, 4347.69
11829, 4351.28
11830, 4349.74
11831, 4348.72
11832, 4348.72
11833, 4350.77
11834, 4354.36
11835, 4351.79
11836, 4350.77
11837, 4352.82
11838, 4348.21
11839, 4344.62
11840, 4346.67
11841, 4350.77
11842, 4356.41
11843, 4356.92
11844, 4352.82
11845, 4347.18
11846, 4346.67
11847, 4345.64
11848, 4344.62
11849, 4351.28
11850, 4355.9
11851, 4350.77
11852, 4345.13
11853, 4344.62
11854, 4346.67
11855, 4346.67
11856, 4350.26
11857, 4355.38
11858, 4351.79
11859, 4349.74
11860, 4352.31
11861, 4351.28
11862, 4350.77
11863, 4350.77
11864, 4353.33
11865, 4353.85
11866, 4351.28
11867, 4349.74
11868, 4350.26
11869, 4353.33
11870, 4355.38
11871, 4353.85
11872, 4349.74
11873, 4346.67
11874, 4350.26
11875, 4355.9
11876, 4354.36
11877, 4352.31
11878, 4352.31
11879, 4351.79
11880, 4356.41
11881, 4356.92
11882, 4352.31
11883, 4351.28
11884, 4352.31
11885, 4353.85
11886, 4353.33
11887, 4351.79
11888, 4348.72
11889, 4351.28
11890, 4357.44
11891, 4353.85
11892, 4347.69
11893, 4350.26
11894, 4352.82
11895, 4353.85
11896, 4352.82
11897, 4347.18
11898, 4347.69
11899, 4349.74
11900, 4345.64
11901, 4344.62
11902, 4350.26
11903, 4351.79
11904, 4350.26
11905, 4352.31
11906, 4353.85
11907, 4353.33
11908, 4351.28
11909, 4347.18
11910, 4346.67
11911, 4349.23
11912, 4352.82
11913, 4358.46
11914, 4356.41
11915, 4351.28
11916, 4352.82
11917, 4350.77
11918, 4348.72
11919, 4351.79
11920, 4353.33
11921, 4351.28
11922, 4349.23
11923, 4353.33
11924, 4358.97
11925, 4360
11926, 4355.38
11927, 4350.26
11928, 4354.36
11929, 4361.03
11930, 4355.38
11931, 4346.15
11932, 4350.26
11933, 4359.49
11934, 4355.38
11935, 4350.77
11936, 4357.95
11937, 4356.41
11938, 4349.74
11939, 4358.46
11940, 4365.64
11941, 4356.92
11942, 4347.18
11943, 4350.77
11944, 4354.87
11945, 4352.82
11946, 4355.38
11947, 4357.44
11948, 4355.9
11949, 4357.95
11950, 4356.92
11951, 4355.38
11952, 4356.92
11953, 4353.33
11954, 4350.26
11955, 4352.31
11956, 4353.33
11957, 4353.85
11958, 4354.87
11959, 4357.95
11960, 4358.46
11961, 4356.92
11962, 4353.33
11963, 4350.26
11964, 4352.31
11965, 4352.31
11966, 4350.26
11967, 4351.79
11968, 4350.26
11969, 4350.77
11970, 4356.92
11971, 4352.31
11972, 4344.1
11973, 4346.15
11974, 4346.67
11975, 4343.59
11976, 4350.26
11977, 4356.92
11978, 4351.79
11979, 4355.9
11980, 4364.1
11981, 4354.87
11982, 4351.79
11983, 4358.46
11984, 4353.85
11985, 4350.26
11986, 4356.41
11987, 4358.46
11988, 4353.85
11989, 4352.82
11990, 4355.9
11991, 4353.85
11992, 4347.69
11993, 4347.18
11994, 4353.85
11995, 4356.41
11996, 4355.38
11997, 4358.97
11998, 4357.95
11999, 4350.77
12000, 4351.79
12001, 4353.85
12002, 4354.36
12003, 4355.9
12004, 4354.87
12005, 4356.92
12006, 4357.44
12007, 4349.74
12008, 4349.23
12009, 4357.44
12010, 4360.51
12011, 4354.87
12012, 4352.82
12013, 4353.33
12014, 4350.77
12015, 4352.82
12016, 4353.33
12017, 4351.79
12018, 4357.95
12019, 4360.51
12020, 4354.87
12021, 4354.87
12022, 4355.38
12023, 4351.28
12024, 4350.26
12025, 4351.28
12026, 4348.72
12027, 4347.18
12028, 4350.26
12029, 4350.77
12030, 4352.82
12031, 4356.92
12032, 4358.46
12033, 4363.08
12034, 4363.59
12035, 4355.38
12036, 4352.82
12037, 4354.87
12038, 4355.38
12039, 4354.36
12040, 4355.9
12041, 4358.97
12042, 4356.41
12043, 4355.38
12044, 4359.49
12045, 4356.92
12046, 4354.87
12047, 4358.46
12048, 4358.46
12049, 4354.87
12050, 4351.79
12051, 4350.26
12052, 4351.28
12053, 4353.33
12054, 4351.79
12055, 4349.74
12056, 4352.31
12057, 4353.85
12058, 4355.38
12059, 4355.38
12060, 4353.85
12061, 4360
12062, 4361.03
12063, 4346.15
12064, 4341.54
12065, 4351.28
12066, 4354.87
12067, 4351.79
12068, 4353.85
12069, 4359.49
12070, 4358.46
12071, 4355.38
12072, 4353.85
12073, 4350.77
12074, 4355.38
12075, 4361.54
12076, 4355.38
12077, 4348.72
12078, 4351.28
12079, 4355.9
12080, 4352.82
12081, 4353.85
12082, 4361.54
12083, 4353.33
12084, 4356.92
12085, 4391.28
12086, 4375.38
12087, 4305.13
12088, 4271.79, estimuli
12089, 4277.44
12090, 4272.82
12091, 4278.97
12092, 4295.38
12093, 4284.1
12094, 4271.79
12095, 4278.97
12096, 4276.92
12097, 4280
12098, 4314.36
12099, 4344.62
12100, 4349.23
12101, 4348.21
12102, 4348.72
12103, 4342.56
12104, 4335.9
12105, 4334.87
12106, 4333.85
12107, 4329.74
12108, 4323.08
12109, 4325.64
12110, 4341.03
12111, 4351.28
12112, 4354.36
12113, 4355.38
12114, 4350.77
12115, 4346.15
12116, 4342.05
12117, 4335.9
12118, 4329.74
12119, 4318.97
12120, 4308.72
12121, 4311.28
12122, 4315.38
12123, 4310.77
12124, 4310.26
12125, 4315.38
12126, 4305.64
12127, 4293.85
12128, 4304.62
12129, 4314.36
12130, 4311.79
12131, 4309.74
12132, 4309.23
12133, 4308.72
12134, 4310.26
12135, 4315.38
12136, 4317.44
12137, 4320
12138, 4328.72
12139, 4330.77
12140, 4328.21
12141, 4333.33
12142, 4336.41
12143, 4333.85
12144, 4336.92
12145, 4339.49
12146, 4331.79
12147, 4323.59
12148, 4328.21
12149, 4338.46
12150, 4341.54
12151, 4340
12152, 4339.49
12153, 4343.59
12154, 4347.69
12155, 4340.51
12156, 4328.72
12157, 4328.72
12158, 4340
12159, 4347.18
12160, 4342.56
12161, 4340.51
12162, 4345.13
12163, 4346.15
12164, 4345.13
12165, 4346.67
12166, 4348.72
12167, 4344.1
12168, 4343.59
12169, 4352.31
12170, 4351.28
12171, 4344.62
12172, 4346.67
12173, 4350.77
12174, 4345.64
12175, 4336.92
12176, 4340
12177, 4350.77
12178, 4353.33
12179, 4350.26
12180, 4348.72
12181, 4347.18
12182, 4354.36
12183, 4357.95
12184, 4345.64
12185, 4366.67
12186, 4414.87
12187, 4406.15
12188, 4341.03
12189, 4288.21
12190, 4268.72
12191, 4288.21
12192, 4315.9
12193, 4368.21
12194, 4462.05
12195, 4484.1
12196, 4394.36
12197, 4283.59
12198, 4236.41
12199, 4270.26
12200, 4320.51
12201, 4382.56
12202, 4466.15
12203, 4464.62
12204, 4367.18
12205, 4288.21
12206, 4254.87
12207, 4275.9
12208, 4327.69
12209, 4389.74
12210, 4463.08
12211, 4455.38
12212, 4363.59
12213, 4289.74
12214, 4254.87
12215, 4271.79
12216, 4323.08
12217, 4383.59
12218, 4455.38
12219, 4451.79
12220, 4359.49
12221, 4281.03
12222, 4253.33
12223, 4276.92
12224, 4324.1
12225, 4389.23
12226, 4462.56
12227, 4451.79
12228, 4356.41
12229, 4279.49
12230, 4253.33
12231, 4275.9
12232, 4322.05
12233, 4381.54
12234, 4454.36
12235, 4454.36
12236, 4364.1
12237, 4284.62
12238, 4258.46
12239, 4281.03
12240, 4322.05
12241, 4380.51
12242, 4459.49
12243, 4463.59
12244, 4367.18
12245, 4285.64
12246, 4265.64
12247, 4290.26
12248, 4327.69
12249, 4373.85
12250, 4448.21
12251, 4463.08
12252, 4372.31
12253, 4289.23
12254, 4270.77
12255, 4294.36
12256, 4328.72
12257, 4378.46
12258, 4452.82
12259, 4456.41
12260, 4360
12261, 4281.03
12262, 4265.64
12263, 4289.74
12264, 4323.59
12265, 4374.87
12266, 4448.21
12267, 4448.21
12268, 4356.41
12269, 4280.51
12270, 4264.62
12271, 4291.28
12272, 4325.13
12273, 4374.87
12274, 4444.1
12275, 4443.08
12276, 4357.95
12277, 4283.59
12278, 4263.08
12279, 4291.28
12280, 4325.13
12281, 4369.23
12282, 4435.9
12283, 4435.38
12284, 4351.79
12285, 4283.08
12286, 4265.64
12287, 4290.26
12288, 4328.21
12289, 4382.05
12290, 4450.77
12291, 4446.15
12292, 4358.97
12293, 4288.21
12294, 4268.72
12295, 4289.23
12296, 4325.13
12297, 4377.95
12298, 4445.64
12299, 4447.18
12300, 4362.56
12301, 4286.15
12302, 4268.21
12303, 4295.38
12304, 4332.31
12305, 4381.03
12306, 4448.21
12307, 4452.82
12308, 4364.1
12309, 4285.13
12310, 4268.72
12311, 4296.41
12312, 4336.92
12313, 4382.56
12314, 4413.33
12315, 4380
12316, 4348.21
12317, 4381.03
12318, 4362.56
12319, 4310.77
12320, 4348.72
12321, 4382.05
12322, 4354.36
12323, 4352.31
12324, 4362.56
12325, 4352.31
12326, 4347.18
12327, 4352.31
12328, 4352.31
12329, 4353.85
12330, 4359.49
12331, 4356.41
12332, 4352.82
12333, 4354.87
12334, 4355.38
12335, 4357.95
12336, 4356.41
12337, 4349.74
12338, 4349.74
12339, 4350.77
12340, 4351.28
12341, 4355.38
12342, 4356.41
12343, 4353.33
12344, 4354.87
12345, 4358.97
12346, 4355.9
12347, 4352.31
12348, 4353.85
12349, 4351.79
12350, 4351.79
12351, 4357.44
12352, 4356.92
12353, 4354.36
12354, 4357.95
12355, 4361.03
12356, 4356.92
12357, 4349.23
12358, 4352.82
12359, 4361.54
12360, 4362.56
12361, 4358.97
12362, 4354.36
12363, 4355.9
12364, 4360
12365, 4352.31
12366, 4342.05
12367, 4348.21
12368, 4360.51
12369, 4357.44
12370, 4350.26
12371, 4353.85
12372, 4355.9
12373, 4351.79
12374, 4355.38
12375, 4361.03
12376, 4354.87
12377, 4347.18
12378, 4351.28
12379, 4354.87
12380, 4348.72
12381, 4349.23
12382, 4354.87
12383, 4355.38
12384, 4355.38
12385, 4356.92
12386, 4360
12387, 4356.41
12388, 4346.67
12389, 4345.13
12390, 4349.23
12391, 4352.82
12392, 4353.85
12393, 4355.38
12394, 4358.97
12395, 4357.44
12396, 4357.95
12397, 4361.03
12398, 4355.9
12399, 4352.31
12400, 4354.36
12401, 4353.33
12402, 4351.28
12403, 4351.79
12404, 4352.31
12405, 4353.85
12406, 4355.9
12407, 4355.9
12408, 4352.31
12409, 4354.87
12410, 4358.97
12411, 4354.87
12412, 4356.41
12413, 4362.56
12414, 4354.36
12415, 4346.15
12416, 4353.33
12417, 4357.95
12418, 4353.33
12419, 4357.95
12420, 4366.15
12421, 4362.05
12422, 4356.41
12423, 4354.87
12424, 4356.92
12425, 4358.97
12426, 4355.38
12427, 4353.85
12428, 4350.77
12429, 4345.64
12430, 4349.74
12431, 4356.41
12432, 4355.38
12433, 4355.38
12434, 4358.46
12435, 4360
12436, 4358.97
12437, 4358.46
12438, 4360
12439, 4357.44
12440, 4355.38
12441, 4356.41
12442, 4353.33
12443, 4350.77
12444, 4352.31
12445, 4355.38
12446, 4352.82
12447, 4353.33
12448, 4360
12449, 4361.54
12450, 4362.56
12451, 4359.49
12452, 4348.72
12453, 4348.21
12454, 4355.9
12455, 4355.9
12456, 4351.28
12457, 4353.33
12458, 4360.51
12459, 4358.46
12460, 4355.9
12461, 4359.49
12462, 4356.92
12463, 4352.82
12464, 4357.95
12465, 4363.08
12466, 4359.49
12467, 4352.82
12468, 4355.38
12469, 4358.97
12470, 4354.36
12471, 4352.82
12472, 4356.41
12473, 4355.9
12474, 4355.9
12475, 4357.44
12476, 4351.79
12477, 4349.74
12478, 4358.97
12479, 4361.03
12480, 4353.33
12481, 4355.9
12482, 4357.44
12483, 4354.36
12484, 4357.44
12485, 4357.95
12486, 4354.87
12487, 4353.33
12488, 4354.36
12489, 4355.38
12490, 4355.38
12491, 4357.95
12492, 4358.46
12493, 4357.44
12494, 4357.95
12495, 4356.41
12496, 4355.9
12497, 4356.92
12498, 4356.92
12499, 4357.44
12500, 4358.46
12501, 4356.92
12502, 4348.72
12503, 4342.05
12504, 4346.67
12505, 4355.38
12506, 4360
12507, 4359.49
12508, 4358.97
12509, 4360
12510, 4354.87
12511, 4348.72
12512, 4354.36
12513, 4358.46
12514, 4353.85
12515, 4348.72
12516, 4350.26
12517, 4357.95
12518, 4357.95
12519, 4351.28
12520, 4349.74
12521, 4356.41
12522, 4361.03
12523, 4356.92
12524, 4351.79
12525, 4348.72
12526, 4350.26
12527, 4355.38
12528, 4355.38
12529, 4353.85
12530, 4355.9
12531, 4353.33
12532, 4348.72
12533, 4346.67
12534, 4349.74
12535, 4354.36
12536, 4353.33
12537, 4354.87
12538, 4355.38
12539, 4350.77
12540, 4356.41
12541, 4362.56
12542, 4357.44
12543, 4352.82
12544, 4352.31
12545, 4355.38
12546, 4354.87
12547, 4345.64
12548, 4345.13
12549, 4360
12550, 4368.21
12551, 4359.49
12552, 4352.31
12553, 4355.38
12554, 4357.95
12555, 4355.38
12556, 4355.38
12557, 4360.51
12558, 4356.41
12559, 4347.69
12560, 4353.33
12561, 4361.54
12562, 4360
12563, 4360
12564, 4356.41
12565, 4353.85
12566, 4360
12567, 4360
12568, 4356.41
12569, 4361.03
12570, 4367.69
12571, 4364.62
12572, 4356.92
12573, 4361.54
12574, 4364.1
12575, 4360
12576, 4358.97
12577, 4358.97
12578, 4360.51
12579, 4363.59
12580, 4357.44
12581, 4350.26
12582, 4352.31
12583, 4353.85
12584, 4351.28
12585, 4357.44
12586, 4366.15
12587, 4361.54
12588, 4357.95
12589, 4361.03
12590, 4358.46
12591, 4354.87
12592, 4355.38
12593, 4356.92
12594, 4355.9
12595, 4354.87
12596, 4358.97
12597, 4360
12598, 4356.92
12599, 4356.92
12600, 4356.41
12601, 4357.44
12602, 4356.92
12603, 4350.77
12604, 4354.87
12605, 4363.59
12606, 4363.59
12607, 4356.41
12608, 4347.69
12609, 4345.64
12610, 4352.31
12611, 4360
12612, 4356.92
12613, 4352.31
12614, 4355.38
12615, 4354.36
12616, 4351.79
12617, 4357.44
12618, 4362.05
12619, 4360
12620, 4353.33
12621, 4350.26
12622, 4353.33
12623, 4353.85
12624, 4352.82
12625, 4354.36
12626, 4357.95
12627, 4357.44
12628, 4354.87
12629, 4356.41
12630, 4355.38
12631, 4353.85
12632, 4361.03
12633, 4363.08
12634, 4356.92
12635, 4353.33
12636, 4352.82
12637, 4353.85
12638, 4352.31
12639, 4352.31
12640, 4354.87
12641, 4353.85
12642, 4355.38
12643, 4360.51
12644, 4359.49
12645, 4355.38
12646, 4354.87
12647, 4355.9
12648, 4355.9
12649, 4351.28
12650, 4346.15
12651, 4367.18
12652, 4380.51
12653, 4337.95
12654, 4289.23
12655, 4277.95
12656, 4281.54
12657, 4290.26
12658, 4300.51
12659, 4286.67
12660, 4274.87, estimuli
12661, 4276.41
12662, 4270.26
12663, 4271.28
12664, 4288.72
12665, 4317.44
12666, 4340
12667, 4337.95
12668, 4331.79
12669, 4337.44
12670, 4342.56
12671, 4338.97
12672, 4334.36
12673, 4335.9
12674, 4338.46
12675, 4337.95
12676, 4333.33
12677, 4335.9
12678, 4348.21
12679, 4352.31
12680, 4346.67
12681, 4341.54
12682, 4334.87
12683, 4330.77
12684, 4320
12685, 4299.49
12686, 4292.82
12687, 4295.9
12688, 4285.64
12689, 4271.28
12690, 4272.82
12691, 4276.41
12692, 4270.26
12693, 4272.82
12694, 4280.51
12695, 4283.08
12696, 4285.64
12697, 4284.1
12698, 4281.03
12699, 4285.64
12700, 4289.23
12701, 4287.18
12702, 4287.69
12703, 4296.92
12704, 4297.95
12705, 4288.72
12706, 4293.85
12707, 4305.13
12708, 4303.59
12709, 4300
12710, 4295.38
12711, 4295.9
12712, 4304.1
12713, 4308.72
12714, 4309.74
12715, 4311.28
12716, 4310.26
12717, 4303.08
12718, 4302.05
12719, 4310.26
12720, 4308.72
12721, 4298.97
12722, 4297.95
12723, 4306.67
12724, 4309.74
12725, 4305.64
12726, 4306.67
12727, 4311.28
12728, 4311.79
12729, 4314.87
12730, 4318.46
12731, 4319.49
12732, 4316.41
12733, 4309.23
12734, 4312.82
12735, 4320.51
12736, 4316.92
12737, 4311.79
12738, 4314.36
12739, 4320
12740, 4319.49
12741, 4317.95
12742, 4328.21
12743, 4335.38
12744, 4327.18
12745, 4318.97
12746, 4318.97
12747, 4323.08
12748, 4326.15
12749, 4326.67
12750, 4325.13
12751, 4323.08
12752, 4324.62
12753, 4326.15
12754, 4325.13
12755, 4332.82
12756, 4332.82
12757, 4320.51
12758, 4348.72
12759, 4398.46
12760, 4385.13
12761, 4312.31
12762, 4253.33
12763, 4246.67
12764, 4286.15
12765, 4316.92
12766, 4367.69
12767, 4456.92
12768, 4467.18
12769, 4376.41
12770, 4277.44
12771, 4240
12772, 4269.74
12773, 4315.9
12774, 4381.54
12775, 4458.97
12776, 4450.77
12777, 4357.95
12778, 4280.51
12779, 4244.1
12780, 4268.21
12781, 4321.54
12782, 4383.59
12783, 4460.51
12784, 4448.21
12785, 4349.23
12786, 4274.36
12787, 4246.15
12788, 4271.28
12789, 4320.51
12790, 4385.13
12791, 4461.54
12792, 4447.69
12793, 4349.74
12794, 4273.85
12795, 4248.21
12796, 4273.33
12797, 4318.97
12798, 4377.44
12799, 4450.77
12800, 4444.62
12801, 4351.79
12802, 4276.41
12803, 4251.79
12804, 4273.85
12805, 4317.44
12806, 4380.51
12807, 4455.38
12808, 4444.62
12809, 4351.28
12810, 4280.51
12811, 4258.46
12812, 4277.95
12813, 4323.59
12814, 4384.62
12815, 4450.77
12816, 4443.08
12817, 4353.33
12818, 4278.46
12819, 4260.51
12820, 4289.74
12821, 4331.79
12822, 4386.15
12823, 4459.49
12824, 4456.92
12825, 4354.36
12826, 4270.26
12827, 4262.05
12828, 4295.9
12829, 4327.69
12830, 4373.85
12831, 4448.72
12832, 4445.64
12833, 4350.77
12834, 4282.05
12835, 4270.77
12836, 4295.38
12837, 4331.28
12838, 4383.59
12839, 4451.28
12840, 4443.08
12841, 4353.33
12842, 4283.59
12843, 4265.64
12844, 4288.72
12845, 4325.64
12846, 4379.49
12847, 4449.23
12848, 4445.13
12849, 4361.54
12850, 4291.28
12851, 4268.21
12852, 4289.23
12853, 4325.64
12854, 4381.54
12855, 4455.38
12856, 4448.21
12857, 4354.87
12858, 4280
12859, 4266.15
12860, 4298.46
12861, 4331.79
12862, 4375.9
12863, 4443.08
12864, 4438.46
12865, 4350.26
12866, 4283.08
12867, 4270.77
12868, 4289.74
12869, 4324.62
12870, 4385.64
12871, 4453.85
12872, 4442.56
12873, 4351.79
12874, 4281.03
12875, 4273.33
12876, 4298.46
12877, 4323.59
12878, 4371.79
12879, 4440
12880, 4431.79
12881, 4348.72
12882, 4285.13
12883, 4266.67
12884, 4289.23
12885, 4333.33
12886, 4378.97
12887, 4406.15
12888, 4371.79
12889, 4339.49
12890, 4369.74
12891, 4353.33
12892, 4307.69
12893, 4345.13
12894, 4371.79
12895, 4346.67
12896, 4347.69
12897, 4355.9
12898, 4349.23
12899, 4345.13
12900, 4345.64
12901, 4348.21
12902, 4352.31
12903, 4356.41
12904, 4352.82
12905, 4345.64
12906, 4344.1
12907, 4346.67
12908, 4352.82
12909, 4356.41
12910, 4353.33
12911, 4350.26
12912, 4352.82
12913, 4356.41
12914, 4350.26
12915, 4344.1
12916, 4350.26
12917, 4356.41
12918, 4353.33
12919, 4348.72
12920, 4352.31
12921, 4362.56
12922, 4357.44
12923, 4342.05
12924, 4342.56
12925, 4351.79
12926, 4352.82
12927, 4347.69
12928, 4347.18
12929, 4350.77
12930, 4356.92
12931, 4363.59
12932, 4362.05
12933, 4359.49
12934, 4361.54
12935, 4357.95
12936, 4354.36
12937, 4357.44
12938, 4356.41
12939, 4353.85
12940, 4356.41
12941, 4358.97
12942, 4356.41
12943, 4353.33
12944, 4355.38
12945, 4354.36
12946, 4352.31
12947, 4352.82
12948, 4352.31
12949, 4355.38
12950, 4355.9
12951, 4351.79
12952, 4353.33
12953, 4355.38
12954, 4355.38
12955, 4357.44
12956, 4357.95
12957, 4357.95
12958, 4357.44
12959, 4358.97
12960, 4361.54
12961, 4363.08
12962, 4363.08
12963, 4361.03
12964, 4362.56
12965, 4366.15
12966, 4358.97
12967, 4351.28
12968, 4351.79
12969, 4355.38
12970, 4354.36
12971, 4351.79
12972, 4353.33
12973, 4353.33
12974, 4351.28
12975, 4352.31
12976, 4352.82
12977, 4353.85
12978, 4352.82
12979, 4351.28
12980, 4354.87
12981, 4354.87
12982, 4351.79
12983, 4354.36
12984, 4357.44
12985, 4352.31
12986, 4346.15
12987, 4350.26
12988, 4355.38
12989, 4352.31
12990, 4353.85
12991, 4357.95
12992, 4355.9
12993, 4351.79
12994, 4350.26
12995, 4353.85
12996, 4355.38
12997, 4352.31
12998, 4351.79
12999, 4349.74
13000, 4349.74
13001, 4351.79
13002, 4351.28
13003, 4352.82
13004, 4353.33
13005, 4350.26
13006, 4350.26
13007, 4350.26
13008, 4349.74
13009, 4348.21
13010, 4346.67
13011, 4350.26
13012, 4354.36
13013, 4353.33
13014, 4347.18
13015, 4343.59
13016, 4347.18
13017, 4352.31
13018, 4352.82
13019, 4351.79
13020, 4355.9
13021, 4357.44
13022, 4351.79
13023, 4353.33
13024, 4354.36
13025, 4348.72
13026, 4350.26
13027, 4354.36
13028, 4357.44
13029, 4360.51
13030, 4350.26
13031, 4342.56
13032, 4349.23
13033, 4352.82
13034, 4351.28
13035, 4352.31
13036, 4357.95
13037, 4356.41
13038, 4351.79
13039, 4352.31
13040, 4353.33
13041, 4354.36
13042, 4354.36
13043, 4348.21
13044, 4341.54
13045, 4343.59
13046, 4352.31
13047, 4354.87
13048, 4352.82
13049, 4355.9
13050, 4358.46
13051, 4360
13052, 4359.49
13053, 4354.87
13054, 4352.31
13055, 4352.82
13056, 4353.33
13057, 4351.79
13058, 4352.82
13059, 4358.46
13060, 4355.38
13061, 4349.74
13062, 4353.85
13063, 4354.36
13064, 4351.79
13065, 4358.97
13066, 4366.15
13067, 4362.56
13068, 4352.31
13069, 4348.21
13070, 4350.77
13071, 4354.87
13072, 4352.31
13073, 4338.97
13074, 4340
13075, 4354.36
13076, 4352.82
13077, 4346.15
13078, 4350.77
13079, 4354.36
13080, 4351.28
13081, 4348.72
13082, 4352.82
13083, 4353.33
13084, 4347.69
13085, 4345.13
13086, 4343.59
13087, 4346.67
13088, 4355.38
13089, 4352.82
13090, 4343.59
13091, 4345.64
13092, 4353.85
13093, 4350.26
13094, 4345.13
13095, 4351.28
13096, 4353.85
13097, 4347.69
13098, 4347.18
13099, 4351.28
13100, 4351.28
13101, 4347.69
13102, 4346.67
13103, 4351.79
13104, 4354.36
13105, 4345.64
13106, 4337.95
13107, 4345.13
13108, 4352.31
13109, 4345.13
13110, 4342.05
13111, 4351.28
13112, 4356.92
13113, 4354.87
13114, 4352.82
13115, 4354.87
13116, 4355.38
13117, 4350.77
13118, 4349.23
13119, 4351.79
13120, 4354.87
13121, 4354.36
13122, 4349.74
13123, 4350.26
13124, 4351.28
13125, 4350.77
13126, 4352.82
13127, 4354.36
13128, 4356.92
13129, 4353.85
13130, 4346.15
13131, 4347.69
13132, 4352.31
13133, 4350.77
13134, 4350.26
13135, 4352.31
13136, 4356.41
13137, 4353.85
13138, 4349.23
13139, 4348.21
13140, 4353.85
13141, 4361.54
13142, 4349.23
13143, 4352.31
13144, 4380
13145, 4353.85
13146, 4298.46
13147, 4286.15
13148, 4286.67
13149, 4278.97
13150, 4292.82
13151, 4298.46
13152, 4269.23, estimuli
13153, 4256.41
13154, 4269.23
13155, 4274.36
13156, 4284.1
13157, 4314.36
13158, 4337.44
13159, 4341.03
13160, 4348.72
13161, 4356.92
13162, 4353.33
13163, 4348.21
13164, 4351.79
13165, 4349.74
13166, 4342.56
13167, 4345.64
13168, 4351.79
13169, 4354.36
13170, 4359.49
13171, 4369.74
13172, 4376.41
13173, 4372.31
13174, 4369.23
13175, 4367.69
13176, 4362.56
13177, 4357.44
13178, 4349.23
13179, 4342.56
13180, 4341.03
13181, 4334.87
13182, 4325.64
13183, 4323.59
13184, 4321.03
13185, 4311.28
13186, 4305.64
13187, 4307.18
13188, 4298.97
13189, 4286.67
13190, 4290.77
13191, 4302.05
13192, 4306.15
13193, 4302.05
13194, 4303.08
13195, 4309.74
13196, 4310.26
13197, 4313.33
13198, 4316.92
13199, 4314.36
13200, 4312.82
13201, 4318.97
13202, 4329.74
13203, 4328.72
13204, 4316.92
13205, 4319.49
13206, 4325.64
13207, 4316.41
13208, 4309.74
13209, 4315.9
13210, 4320
13211, 4323.08
13212, 4329.74
13213, 4328.21
13214, 4324.1
13215, 4334.36
13216, 4338.97
13217, 4326.15
13218, 4323.59
13219, 4334.36
13220, 4334.36
13221, 4323.08
13222, 4319.49
13223, 4329.74
13224, 4334.36
13225, 4331.79
13226, 4331.79
13227, 4333.85
13228, 4335.38
13229, 4335.9
13230, 4338.97
13231, 4334.87
13232, 4326.15
13233, 4333.33
13234, 4338.46
13235, 4328.72
13236, 4327.69
13237, 4333.85
13238, 4336.92
13239, 4336.92
13240, 4334.87
13241, 4336.92
13242, 4341.03
13243, 4336.41
13244, 4330.77
13245, 4345.13
13246, 4348.21
13247, 4336.92
13248, 4371.79
13249, 4413.33
13250, 4377.44
13251, 4308.21
13252, 4268.72
13253, 4265.64
13254, 4286.15
13255, 4311.28
13256, 4389.74
13257, 4474.36
13258, 4450.26
13259, 4350.77
13260, 4252.82
13261, 4229.23
13262, 4279.49
13263, 4336.41
13264, 4406.67
13265, 4468.72
13266, 4433.85
13267, 4337.44
13268, 4266.67
13269, 4243.08
13270, 4276.92
13271, 4333.33
13272, 4403.08
13273, 4467.18
13274, 4437.95
13275, 4348.72
13276, 4283.08
13277, 4259.49
13278, 4286.67
13279, 4333.85
13280, 4400.51
13281, 4471.28
13282, 4443.59
13283, 4336.92
13284, 4266.67
13285, 4262.56
13286, 4298.46
13287, 4338.46
13288, 4397.95
13289, 4470.77
13290, 4443.59
13291, 4339.49
13292, 4272.31
13293, 4260
13294, 4288.21
13295, 4335.9
13296, 4404.1
13297, 4470.77
13298, 4438.46
13299, 4341.03
13300, 4278.97
13301, 4267.18
13302, 4297.44
13303, 4345.13
13304, 4409.23
13305, 4467.69
13306, 4432.31
13307, 4337.95
13308, 4276.41
13309, 4264.62
13310, 4295.38
13311, 4337.44
13312, 4405.13
13313, 4468.21
13314, 4425.64
13315, 4332.82
13316, 4283.59
13317, 4270.26
13318, 4287.18
13319, 4328.21
13320, 4395.9
13321, 4455.9
13322, 4424.1
13323, 4333.33
13324, 4275.38
13325, 4271.79
13326, 4302.56
13327, 4339.49
13328, 4397.44
13329, 4455.9
13330, 4426.15
13331, 4338.46
13332, 4280
13333, 4269.74
13334, 4296.41
13335, 4339.49
13336, 4400
13337, 4456.92
13338, 4431.79
13339, 4344.1
13340, 4280.51
13341, 4269.74
13342, 4298.97
13343, 4343.59
13344, 4406.67
13345, 4465.13
13346, 4428.72
13347, 4328.21
13348, 4266.67
13349, 4267.18
13350, 4300
13351, 4337.95
13352, 4392.31
13353, 4452.31
13354, 4428.72
13355, 4337.44
13356, 4272.82
13357, 4267.69
13358, 4302.56
13359, 4340
13360, 4393.85
13361, 4454.87
13362, 4425.64
13363, 4332.31
13364, 4280.51
13365, 4281.03
13366, 4304.62
13367, 4337.95
13368, 4400
13369, 4455.9
13370, 4416.41
13371, 4329.74
13372, 4283.08
13373, 4276.92
13374, 4305.13
13375, 4344.62
13376, 4392.82
13377, 4414.36
13378, 4364.62
13379, 4347.18
13380, 4380
13381, 4344.1
13382, 4312.31
13383, 4360.51
13384, 4373.85
13385, 4344.62
13386, 4353.33
13387, 4363.59
13388, 4348.21
13389, 4342.05
13390, 4348.21
13391, 4351.28
13392, 4357.44
13393, 4362.56
13394, 4355.38
13395, 4346.67
13396, 4349.74
13397, 4355.38
13398, 4352.82
13399, 4353.33
13400, 4355.38
13401, 4355.38
13402, 4359.49
13403, 4358.97
13404, 4352.31
13405, 4348.21
13406, 4352.31
13407, 4358.46
13408, 4355.9
13409, 4354.87
13410, 4362.56
13411, 4359.49
13412, 4352.82
13413, 4354.87
13414, 4358.46
13415, 4358.97
13416, 4361.03
13417, 4363.08
13418, 4358.46
13419, 4351.79
13420, 4356.41
13421, 4362.56
13422, 4358.46
13423, 4357.44
13424, 4360
13425, 4357.44
13426, 4354.36
13427, 4356.92
13428, 4360
13429, 4361.03
13430, 4363.08
13431, 4358.46
13432, 4354.87
13433, 4356.92
13434, 4357.95
13435, 4360
13436, 4360.51
13437, 4355.38
13438, 4355.38
13439, 4359.49
13440, 4363.59
13441, 4361.54
13442, 4354.87
13443, 4358.97
13444, 4367.69
13445, 4361.03
13446, 4354.87
13447, 4357.95
13448, 4360.51
13449, 4358.97
13450, 4357.44
13451, 4356.92
13452, 4356.92
13453, 4361.03
13454, 4355.38
13455, 4351.28
13456, 4361.54
13457, 4367.69
13458, 4364.62
13459, 4359.49
13460, 4356.92
13461, 4360
13462, 4359.49
13463, 4355.38
13464, 4351.79
13465, 4349.23
13466, 4351.79
13467, 4355.38
13468, 4353.85
13469, 4351.79
13470, 4357.44
13471, 4366.67
13472, 4365.64
13473, 4359.49
13474, 4356.41
13475, 4352.82
13476, 4352.31
13477, 4355.9
13478, 4357.95
13479, 4355.9
13480, 4350.26
13481, 4349.74
13482, 4355.38
13483, 4356.92
13484, 4356.41
13485, 4358.46
13486, 4359.49
13487, 4354.36
13488, 4350.26
13489, 4355.9
13490, 4357.95
13491, 4351.28
13492, 4349.23
13493, 4350.77
13494, 4351.79
13495, 4352.31
13496, 4353.85
13497, 4355.9
13498, 4353.33
13499, 4351.28
13500, 4356.92
13501, 4359.49
13502, 4352.31
13503, 4342.56
13504, 4346.15
13505, 4354.87
13506, 4355.38
13507, 4354.87
13508, 4352.82
13509, 4352.31
13510, 4353.33
13511, 4357.44
13512, 4364.1
13513, 4360
13514, 4353.33
13515, 4355.38
13516, 4354.36
13517, 4352.82
13518, 4355.9
13519, 4357.95
13520, 4356.92
13521, 4355.38
13522, 4354.36
13523, 4356.41
13524, 4361.54
13525, 4360
13526, 4355.9
13527, 4363.59
13528, 4365.13
13529, 4350.26
13530, 4348.21
13531, 4358.97
13532, 4359.49
13533, 4356.92
13534, 4359.49
13535, 4361.54
13536, 4360.51
13537, 4363.59
13538, 4365.13
13539, 4357.95
13540, 4352.31
13541, 4353.85
13542, 4357.95
13543, 4358.97
13544, 4356.41
13545, 4358.97
13546, 4367.18
13547, 4370.77
13548, 4369.23
13549, 4362.05
13550, 4360.51
13551, 4371.79
13552, 4369.23
13553, 4351.79
13554, 4352.82
13555, 4371.28
13556, 4367.69
13557, 4348.72
13558, 4349.23
13559, 4356.41
13560, 4356.92
13561, 4357.44
13562, 4355.9
13563, 4355.9
13564, 4356.41
13565, 4357.95
13566, 4361.54
13567, 4362.56
13568, 4360
13569, 4361.54
13570, 4363.59
13571, 4361.03
13572, 4353.85
13573, 4355.9
13574, 4363.08
13575, 4359.49
13576, 4354.87
13577, 4355.38
13578, 4357.95
13579, 4361.03
13580, 4361.03
13581, 4363.08
13582, 4368.21
13583, 4369.74
13584, 4363.59
13585, 4355.9
13586, 4355.9
13587, 4358.97
13588, 4358.97
13589, 4356.92
13590, 4352.82
13591, 4356.41
13592, 4365.13
13593, 4364.62
13594, 4361.03
13595, 4365.13
13596, 4367.69
13597, 4361.03
13598, 4357.95
13599, 4361.03
13600, 4354.87
13601, 4350.77
13602, 4352.82
13603, 4350.77
13604, 4352.82
13605, 4356.92
13606, 4355.9
13607, 4360.51
13608, 4364.62
13609, 4361.03
13610, 4356.41
13611, 4351.79
13612, 4347.69
13613, 4348.21
13614, 4353.33
13615, 4357.44
13616, 4358.46
13617, 4357.95
13618, 4353.85
13619, 4353.85
13620, 4357.95
13621, 4358.46
13622, 4364.1
13623, 4366.15
13624, 4359.49
13625, 4357.95
13626, 4362.05
13627, 4360
13628, 4351.28
13629, 4348.21
13630, 4351.28
13631, 4355.38
13632, 4357.95
13633, 4355.9
13634, 4360
13635, 4363.59
13636, 4355.9
13637, 4351.79
13638, 4356.41
13639, 4357.95
13640, 4359.49
13641, 4357.44
13642, 4354.36
13643, 4358.46
13644, 4357.95
13645, 4354.36
13646, 4354.87
13647, 4354.87
13648, 4353.85
13649, 4354.36
13650, 4358.97
13651, 4358.97
13652, 4357.44
13653, 4361.03
13654, 4360.51
13655, 4358.46
13656, 4358.97
13657, 4357.44
13658, 4358.46
13659, 4363.08
13660, 4363.08
13661, 4354.36
13662, 4348.21
13663, 4350.77
13664, 4352.82
13665, 4358.97
13666, 4366.15
13667, 4363.59
13668, 4360
13669, 4356.41
13670, 4352.82
13671, 4354.87
13672, 4359.49
13673, 4362.05
13674, 4363.08
13675, 4366.67
13676, 4371.79
13677, 4367.18
13678, 4360
13679, 4360
13680, 4359.49
13681, 4357.95
13682, 4356.41
13683, 4356.92
13684, 4357.95
13685, 4355.9
13686, 4355.38
13687, 4360.51
13688, 4368.21
13689, 4370.77
13690, 4364.1
13691, 4357.44
13692, 4362.05
13693, 4368.21
13694, 4365.64
13695, 4362.56
13696, 4366.67
13697, 4367.69
13698, 4365.64
13699, 4366.67
13700, 4360
13701, 4356.41
13702, 4364.1
13703, 4365.64
13704, 4355.9
13705, 4351.79
13706, 4360
13707, 4365.13
13708, 4362.56
13709, 4364.1
13710, 4364.1
13711, 4362.56
13712, 4361.03
13713, 4357.95
13714, 4363.59
13715, 4370.77
13716, 4362.05
13717, 4353.33
13718, 4357.95
13719, 4362.05
13720, 4358.97
13721, 4357.95
13722, 4361.54
13723, 4366.67
13724, 4366.15
13725, 4360
13726, 4360.51
13727, 4366.15
13728, 4360.51
13729, 4357.44
13730, 4362.56
13731, 4356.92
13732, 4350.26
13733, 4354.36
13734, 4356.92
13735, 4352.82
13736, 4353.33
13737, 4362.56
13738, 4364.1
13739, 4361.03
13740, 4357.95
13741, 4355.9
13742, 4362.56
13743, 4365.64
13744, 4351.28
13745, 4343.59
13746, 4351.28
13747, 4354.87
13748, 4352.82
13749, 4353.85
13750, 4358.46
13751, 4363.08
13752, 4362.56
13753, 4354.36
13754, 4350.77
13755, 4357.95
13756, 4359.49
13757, 4354.36
13758, 4355.9
13759, 4357.95
13760, 4358.46
13761, 4357.44
13762, 4357.95
13763, 4360.51
13764, 4358.46
13765, 4357.95
13766, 4360.51
13767, 4364.1
13768, 4371.79
13769, 4378.97
13770, 4386.15
13771, 4388.21
13772, 4380.51
13773, 4377.44
13774, 4379.49
13775, 4381.03
13776, 4380.51
13777, 4384.1
13778, 4387.18
13779, 4385.13
13780, 4394.87
13781, 4398.97
13782, 4365.13
13783, 4332.31
13784, 4325.13
13785, 4310.77
13786, 4307.69
13787, 4321.54
13788, 4306.67
13789, 4285.13
13790, 4293.33
13791, 4301.54
13792, 4296.41, estimuli
13793, 4311.28
13794, 4337.95
13795, 4349.74
13796, 4354.36
13797, 4349.74
13798, 4341.54
13799, 4343.59
13800, 4348.72
13801, 4350.26
13802, 4352.82
13803, 4363.08
13804, 4371.28
13805, 4365.13
13806, 4363.08
13807, 4373.33
13808, 4381.03
13809, 4376.92
13810, 4366.15
13811, 4358.46
13812, 4353.33
13813, 4346.67
13814, 4343.59
13815, 4343.59
13816, 4340
13817, 4332.31
13818, 4327.18
13819, 4331.28
13820, 4333.33
13821, 4328.21
13822, 4326.67
13823, 4329.74
13824, 4325.64
13825, 4315.38
13826, 4317.95
13827, 4326.67
13828, 4325.13
13829, 4324.1
13830, 4327.69
13831, 4331.79
13832, 4337.44
13833, 4341.54
13834, 4343.59
13835, 4344.62
13836, 4344.1
13837, 4344.62
13838, 4345.13
13839, 4345.13
13840, 4343.59
13841, 4340
13842, 4339.49
13843, 4342.05
13844, 4344.1
13845, 4344.1
13846, 4345.64
13847, 4351.28
13848, 4354.36
13849, 4355.38
13850, 4358.97
13851, 4356.41
13852, 4349.74
13853, 4343.08
13854, 4344.62
13855, 4351.79
13856, 4353.33
13857, 4357.95
13858, 4363.59
13859, 4357.44
13860, 4350.77
13861, 4351.79
13862, 4358.46
13863, 4368.21
13864, 4370.26
13865, 4361.03
13866, 4352.82
13867, 4357.95
13868, 4365.13
13869, 4361.54
13870, 4361.54
13871, 4365.64
13872, 4363.08
13873, 4358.46
13874, 4357.95
13875, 4362.05
13876, 4364.62
13877, 4365.13
13878, 4371.28
13879, 4373.33
13880, 4364.62
13881, 4360.51
13882, 4366.15
13883, 4369.74
13884, 4367.18
13885, 4366.15
13886, 4364.62
13887, 4360.51
13888, 4367.69
13889, 4371.28
13890, 4361.03
13891, 4388.21
13892, 4437.44
13893, 4424.62
13894, 4354.36
13895, 4297.44
13896, 4283.59
13897, 4304.62
13898, 4326.67
13899, 4383.08
13900, 4476.92
13901, 4488.21
13902, 4401.54
13903, 4304.62
13904, 4263.08
13905, 4295.9
13906, 4349.74
13907, 4409.23
13908, 4482.05
13909, 4480.51
13910, 4386.15
13911, 4303.08
13912, 4273.85
13913, 4300
13914, 4343.08
13915, 4397.95
13916, 4483.59
13917, 4480
13918, 4376.41
13919, 4304.62
13920, 4279.49
13921, 4294.87
13922, 4341.03
13923, 4408.21
13924, 4491.28
13925, 4482.56
13926, 4379.49
13927, 4303.59
13928, 4280
13929, 4301.03
13930, 4345.64
13931, 4412.31
13932, 4494.36
13933, 4485.64
13934, 4386.67
13935, 4314.36
13936, 4287.18
13937, 4301.54
13938, 4347.69
13939, 4414.87
13940, 4488.21
13941, 4480.51
13942, 4389.23
13943, 4313.33
13944, 4285.13
13945, 4306.15
13946, 4352.82
13947, 4413.85
13948, 4485.64
13949, 4481.03
13950, 4386.15
13951, 4309.23
13952, 4292.31
13953, 4320
13954, 4360
13955, 4408.21
13956, 4473.33
13957, 4477.95
13958, 4393.33
13959, 4312.31
13960, 4291.28
13961, 4318.46
13962, 4353.85
13963, 4394.36
13964, 4468.21
13965, 4485.13
13966, 4392.82
13967, 4305.13
13968, 4291.79
13969, 4322.05
13970, 4353.85
13971, 4402.56
13972, 4474.36
13973, 4475.9
13974, 4389.74
13975, 4318.46
13976, 4298.46
13977, 4319.49
13978, 4358.46
13979, 4409.74
13980, 4471.79
13981, 4467.69
13982, 4387.69
13983, 4321.54
13984, 4300
13985, 4318.46
13986, 4352.31
13987, 4405.64
13988, 4481.03
13989, 4476.92
13990, 4381.54
13991, 4307.18
13992, 4292.31
13993, 4318.46
13994, 4356.92
13995, 4411.28
13996, 4477.44
13997, 4468.21
13998, 4383.08
13999, 4316.41
14000, 4292.82
14001, 4312.31
14002, 4356.41
14003, 4414.87
14004, 4477.44
14005, 4468.21
14006, 4386.15
14007, 4316.41
14008, 4296.92
14009, 4317.95
14010, 4354.36
14011, 4405.64
14012, 4469.74
14013, 4468.72
14014, 4389.23
14015, 4322.05
14016, 4302.05
14017, 4320
14018, 4357.95
14019, 4406.67
14020, 4435.9
14021, 4391.79
14022, 4354.87
14023, 4393.85
14024, 4385.64
14025, 4334.36
14026, 4369.74
14027, 4405.13
14028, 4378.46
14029, 4369.23
14030, 4361.54
14031, 4341.54
14032, 4345.64
14033, 4355.38
14034, 4350.26
14035, 4351.79
14036, 4361.54
14037, 4363.59
14038, 4360.51
14039, 4363.59
14040, 4365.64
14041, 4364.62
14042, 4371.79
14043, 4369.74
14044, 4356.41
14045, 4356.92
14046, 4364.1
14047, 4363.59
14048, 4363.59
14049, 4368.21
14050, 4365.13
14051, 4361.54
14052, 4360
14053, 4355.38
14054, 4357.44
14055, 4362.05
14056, 4363.08
14057, 4368.21
14058, 4367.18
14059, 4365.13
14060, 4369.74
14061, 4366.67
14062, 4360.51
14063, 4363.59
14064, 4368.21
14065, 4366.15
14066, 4361.54
14067, 4366.67
14068, 4373.85
14069, 4370.77
14070, 4366.15
14071, 4366.15
14072, 4368.21
14073, 4369.23
14074, 4367.69
14075, 4365.13
14076, 4364.62
14077, 4367.18
14078, 4368.72
14079, 4366.67
14080, 4364.62
14081, 4364.62
14082, 4368.72
14083, 4371.79
14084, 4366.67
14085, 4362.56
14086, 4361.54
14087, 4362.05
14088, 4363.08
14089, 4360
14090, 4361.54
14091, 4365.64
14092, 4366.15
14093, 4365.13
14094, 4367.69
14095, 4370.77
14096, 4370.26
14097, 4369.23
14098, 4367.69
14099, 4364.1
14100, 4364.62
14101, 4368.21
14102, 4365.64
14103, 4364.1
14104, 4367.18
14105, 4366.15
14106, 4364.62
14107, 4366.15
14108, 4366.67
14109, 4361.54
14110, 4359.49
14111, 4364.1
14112, 4364.62
14113, 4362.05
14114, 4361.54
14115, 4362.05
14116, 4360.51
14117, 4357.95
14118, 4359.49
14119, 4362.56
14120, 4362.05
14121, 4360
14122, 4357.44
14123, 4357.95
14124, 4358.46
14125, 4357.95
14126, 4351.79
14127, 4349.74
14128, 4363.08
14129, 4373.33
14130, 4363.59
14131, 4358.97
14132, 4364.1
14133, 4361.54
14134, 4359.49
14135, 4360
14136, 4356.41
14137, 4356.41
14138, 4364.1
14139, 4373.33
14140, 4368.72
14141, 4359.49
14142, 4361.03
14143, 4366.15
14144, 4362.56
14145, 4352.31
14146, 4357.95
14147, 4370.77
14148, 4368.21
14149, 4368.21
14150, 4374.87
14151, 4367.69
14152, 4361.54
14153, 4365.13
14154, 4365.13
14155, 4361.54
14156, 4365.13
14157, 4370.77
14158, 4367.69
14159, 4363.08
14160, 4360
14161, 4360
14162, 4364.1
14163, 4367.18
14164, 4366.15
14165, 4361.54
14166, 4360.51
14167, 4364.1
14168, 4362.56
14169, 4358.97
14170, 4364.1
14171, 4371.28
14172, 4369.74
14173, 4360
14174, 4354.36
14175, 4358.46
14176, 4364.1
14177, 4370.26
14178, 4372.31
14179, 4365.64
14180, 4357.95
14181, 4356.41
14182, 4362.05
14183, 4366.67
14184, 4365.64
14185, 4364.1
14186, 4363.59
14187, 4365.13
14188, 4367.69
14189, 4368.21
14190, 4367.18
14191, 4365.13
14192, 4366.67
14193, 4368.21
14194, 4365.13
14195, 4365.13
14196, 4362.56
14197, 4361.54
14198, 4370.26
14199, 4372.82
14200, 4368.21
14201, 4365.64
14202, 4366.67
14203, 4370.26
14204, 4371.79
14205, 4368.21
14206, 4360.51
14207, 4354.87
14208, 4359.49
14209, 4365.64
14210, 4363.08
14211, 4364.1
14212, 4371.28
14213, 4370.77
14214, 4366.67
14215, 4369.74
14216, 4368.72
14217, 4363.08
14218, 4366.15
14219, 4368.72
14220, 4366.67
14221, 4367.18
14222, 4365.64
14223, 4368.72
14224, 4376.92
14225, 4374.87
14226, 4370.77
14227, 4372.31
14228, 4371.28
14229, 4367.69
14230, 4365.13
14231, 4361.03
14232, 4361.03
14233, 4364.62
14234, 4365.13
14235, 4363.08
14236, 4363.08
14237, 4362.56
14238, 4362.56
14239, 4364.1
14240, 4365.13
14241, 4366.15
14242, 4364.62
14243, 4362.05
14244, 4362.05
14245, 4363.59
14246, 4364.1
14247, 4358.97
14248, 4360.51
14249, 4370.26
14250, 4369.74
14251, 4363.59
14252, 4364.62
14253, 4368.72
14254, 4370.77
14255, 4364.62
14256, 4358.97
14257, 4366.15
14258, 4368.21
14259, 4358.46
14260, 4355.38
14261, 4363.08
14262, 4367.69
14263, 4364.62
14264, 4364.62
14265, 4365.64
14266, 4363.59
14267, 4362.05
14268, 4361.54
14269, 4365.64
14270, 4366.67
14271, 4363.08
14272, 4364.1
14273, 4362.56
14274, 4360.51
14275, 4363.08
14276, 4362.56
14277, 4356.41
14278, 4354.87
14279, 4361.03
14280, 4361.03
14281, 4358.46
14282, 4363.59
14283, 4364.1
14284, 4358.46
14285, 4363.08
14286, 4367.18
14287, 4360.51
14288, 4353.85
14289, 4357.95
14290, 4361.03
14291, 4357.44
14292, 4360
14293, 4363.08
14294, 4360.51
14295, 4362.56
14296, 4366.67
14297, 4366.67
14298, 4368.21
14299, 4363.59
14300, 4353.85
14301, 4354.36
14302, 4361.03
14303, 4363.08
14304, 4363.08
14305, 4368.72
14306, 4369.23
14307, 4363.59
14308, 4360
14309, 4356.41
14310, 4361.03
14311, 4370.77
14312, 4371.79
14313, 4360.51
14314, 4353.85
14315, 4360.51
14316, 4366.67
14317, 4363.08
14318, 4362.56
14319, 4366.67
14320, 4367.18
14321, 4367.18
14322, 4365.13
14323, 4364.62
14324, 4367.18
14325, 4366.67
14326, 4360.51
14327, 4351.79
14328, 4356.41
14329, 4367.18
14330, 4367.18
14331, 4361.54
14332, 4360.51
14333, 4368.21
14334, 4372.82
14335, 4363.59
14336, 4357.44
14337, 4364.62
14338, 4368.21
14339, 4360.51
14340, 4354.87
14341, 4355.38
14342, 4355.38
14343, 4359.49
14344, 4364.62
14345, 4362.05
14346, 4360.51
14347, 4362.56
14348, 4366.67
14349, 4366.15
14350, 4362.05
14351, 4366.67
14352, 4370.77
14353, 4366.15
14354, 4361.03
14355, 4356.41
14356, 4355.9
14357, 4362.05
14358, 4366.67
14359, 4369.23
14360, 4370.77
14361, 4369.23
14362, 4365.64
14363, 4362.05
14364, 4362.05
14365, 4365.64
14366, 4367.18
14367, 4361.54
14368, 4358.46
14369, 4361.54
14370, 4356.41
14371, 4350.77
14372, 4353.85
14373, 4357.44
14374, 4360.51
14375, 4360.51
14376, 4358.97
14377, 4363.59
14378, 4366.15
14379, 4364.62
14380, 4366.15
14381, 4366.15
14382, 4360
14383, 4351.28
14384, 4353.33
14385, 4362.05
14386, 4360
14387, 4355.38
14388, 4355.9
14389, 4361.54
14390, 4367.18
14391, 4365.64
14392, 4360
14393, 4357.44
14394, 4360
14395, 4364.1
14396, 4364.1
14397, 4360.51
14398, 4355.9
14399, 4356.41
14400, 4357.95
14401, 4355.9
14402, 4357.44
14403, 4358.97
14404, 4353.85
14405, 4354.36
14406, 4359.49
14407, 4358.46
14408, 4360.51
14409, 4363.59
14410, 4359.49
14411, 4356.41
14412, 4362.05
14413, 4362.05
14414, 4358.46
14415, 4362.05
14416, 4360.51
14417, 4356.92
14418, 4366.67
14419, 4369.74
14420, 4358.97
14421, 4356.41
14422, 4362.56
14423, 4362.56
14424, 4355.9
14425, 4356.92
14426, 4364.62
14427, 4364.62
14428, 4360.51
14429, 4358.46
14430, 4360.51
14431, 4363.08
14432, 4360
14433, 4357.95
14434, 4361.54
14435, 4363.59
14436, 4362.05
14437, 4359.49
14438, 4363.08
14439, 4364.62
14440, 4356.92
14441, 4352.82
14442, 4357.44
14443, 4364.62
14444, 4370.26
14445, 4371.79
14446, 4364.1
14447, 4356.41
14448, 4360
14449, 4364.1
14450, 4360.51
14451, 4359.49
14452, 4359.49
14453, 4357.95
14454, 4356.92
14455, 4356.41
14456, 4360
14457, 4363.59
14458, 4361.54
14459, 4357.44
14460, 4355.38
14461, 4360
14462, 4361.54
14463, 4356.92
14464, 4358.46
14465, 4360
14466, 4356.41
14467, 4353.33
14468, 4355.9
14469, 4360
14470, 4360.51
14471, 4365.64
14472, 4369.74
14473, 4365.64
14474, 4360.51
14475, 4354.87
14476, 4351.79
14477, 4350.77
14478, 4349.74
14479, 4353.85
14480, 4356.41
14481, 4351.28
14482, 4351.79
14483, 4354.87
14484, 4353.33
14485, 4350.77
14486, 4353.33
14487, 4358.97
14488, 4353.85
14489, 4350.26
14490, 4357.44
14491, 4360
14492, 4356.41
14493, 4360.51
14494, 4365.64
14495, 4359.49
14496, 4353.33
14497, 4356.92
14498, 4356.41
14499, 4349.74
14500, 4348.72
14501, 4345.64
14502, 4345.13
14503, 4351.28
14504, 4352.82
14505, 4350.77
14506, 4353.33
14507, 4357.44
14508, 4354.87
14509, 4348.21
14510, 4345.13
14511, 4349.74
14512, 4354.36
14513, 4350.26
14514, 4349.23
14515, 4354.87
14516, 4355.9
14517, 4354.36
14518, 4355.9
14519, 4354.87
14520, 4354.36
14521, 4353.85
14522, 4350.77
14523, 4348.21
14524, 4347.69
14525, 4352.82
14526, 4357.44
14527, 4359.49
14528, 4354.87
14529, 4344.62
14530, 4365.64
14531, 4392.31
14532, 4349.74
14533, 4285.13
14534, 4271.28
14535, 4277.44
14536, 4273.85
14537, 4269.74
14538, 4261.03
14539, 4246.67
14540, 4243.59
14541, 4250.77
14542, 4263.59
14543, 4280
14544, 4297.95
14545, 4316.92
14546, 4324.62
14547, 4324.62
14548, 4332.31, estimuli
14549, 4338.97
14550, 4331.79
14551, 4328.72
14552, 4334.36
14553, 4333.33
14554, 4326.67
14555, 4331.28
14556, 4335.9
14557, 4328.21
14558, 4333.85
14559, 4350.26
14560, 4349.23
14561, 4341.54
14562, 4338.97
14563, 4330.26
14564, 4313.85
14565, 4303.59
14566, 4306.15
14567, 4313.85
14568, 4315.9
14569, 4315.9
14570, 4319.49
14571, 4322.05
14572, 4317.44
14573, 4310.77
14574, 4311.79
14575, 4309.74
14576, 4306.67
14577, 4305.13
14578, 4302.56
14579, 4309.23
14580, 4317.95
14581, 4310.77
14582, 4305.64
14583, 4312.82
14584, 4316.41
14585, 4314.87
14586, 4320
14587, 4322.56
14588, 4321.03
14589, 4321.03
14590, 4321.54
14591, 4326.15
14592, 4327.18
14593, 4320.51
14594, 4323.59
14595, 4331.28
14596, 4330.77
14597, 4330.26
14598, 4335.38
14599, 4342.56
14600, 4342.05
14601, 4334.36
14602, 4333.33
14603, 4336.92
14604, 4335.9
14605, 4337.44
14606, 4335.9
14607, 4329.74
14608, 4330.77
14609, 4336.41
14610, 4336.41
14611, 4332.82
14612, 4336.41
14613, 4341.03
14614, 4341.03
14615, 4340.51
14616, 4333.85
14617, 4332.82
14618, 4341.03
14619, 4341.54
14620, 4330.26
14621, 4324.1
14622, 4331.28
14623, 4336.41
14624, 4335.9
14625, 4336.41
14626, 4336.41
14627, 4336.41
14628, 4338.46
14629, 4338.46
14630, 4336.92
14631, 4337.95
14632, 4342.56
14633, 4346.15
14634, 4342.05
14635, 4337.44
14636, 4335.9
14637, 4335.9
14638, 4338.97
14639, 4336.41
14640, 4326.15
14641, 4313.33
14642, 4308.21
14643, 4322.56
14644, 4318.46
14645, 4310.77
14646, 4356.41
14647, 4393.85
14648, 4348.72
14649, 4276.92
14650, 4241.03
14651, 4249.74
14652, 4273.85
14653, 4303.59
14654, 4386.15
14655, 4453.85
14656, 4409.74
14657, 4309.23
14658, 4237.44
14659, 4237.44
14660, 4280.51
14661, 4329.23
14662, 4402.56
14663, 4454.87
14664, 4398.97
14665, 4298.97
14666, 4240.51
14667, 4235.38
14668, 4274.36
14669, 4322.05
14670, 4396.41
14671, 4453.85
14672, 4397.95
14673, 4301.03
14674, 4248.21
14675, 4243.08
14676, 4279.49
14677, 4326.67
14678, 4403.59
14679, 4463.08
14680, 4400.51
14681, 4300.51
14682, 4255.38
14683, 4253.33
14684, 4283.59
14685, 4332.82
14686, 4406.15
14687, 4453.85
14688, 4402.05
14689, 4315.9
14690, 4263.08
14691, 4253.85
14692, 4285.64
14693, 4332.31
14694, 4406.67
14695, 4457.95
14696, 4400
14697, 4309.74
14698, 4260
14699, 4254.87
14700, 4288.21
14701, 4338.46
14702, 4407.69
14703, 4456.92
14704, 4406.15
14705, 4311.79
14706, 4258.97
14707, 4260.51
14708, 4295.9
14709, 4337.44
14710, 4403.59
14711, 4454.36
14712, 4403.08
14713, 4310.77
14714, 4264.1
14715, 4269.74
14716, 4305.13
14717, 4347.18
14718, 4408.72
14719, 4456.41
14720, 4402.56
14721, 4302.56
14722, 4257.95
14723, 4272.31
14724, 4305.13
14725, 4335.9
14726, 4394.36
14727, 4449.74
14728, 4407.69
14729, 4311.28
14730, 4261.54
14731, 4272.82
14732, 4302.56
14733, 4331.79
14734, 4397.95
14735, 4455.9
14736, 4403.59
14737, 4306.15
14738, 4264.62
14739, 4275.38
14740, 4304.1
14741, 4340
14742, 4407.18
14743, 4453.85
14744, 4397.95
14745, 4309.74
14746, 4268.72
14747, 4270.77
14748, 4298.97
14749, 4338.97
14750, 4404.62
14751, 4447.18
14752, 4391.28
14753, 4303.59
14754, 4263.08
14755, 4270.77
14756, 4298.46
14757, 4333.33
14758, 4401.54
14759, 4448.72
14760, 4392.82
14761, 4305.64
14762, 4266.15
14763, 4272.82
14764, 4300.51
14765, 4338.97
14766, 4405.64
14767, 4445.13
14768, 4392.82
14769, 4311.28
14770, 4266.67
14771, 4267.69
14772, 4306.15
14773, 4352.31
14774, 4393.33
14775, 4388.21
14776, 4336.41
14777, 4342.56
14778, 4373.33
14779, 4328.72
14780, 4311.79
14781, 4362.56
14782, 4362.05
14783, 4340
14784, 4350.77
14785, 4348.21
14786, 4341.03
14787, 4350.77
14788, 4354.87
14789, 4342.56
14790, 4335.38
14791, 4343.08
14792, 4349.23
14793, 4346.67
14794, 4346.15
14795, 4347.18
14796, 4345.13
14797, 4348.72
14798, 4351.79
14799, 4350.26
14800, 4357.44
14801, 4363.08
14802, 4353.33
14803, 4343.08
14804, 4343.08
14805, 4344.62
14806, 4346.15
14807, 4351.28
14808, 4350.26
14809, 4349.23
14810, 4354.87
14811, 4352.82
14812, 4346.15
14813, 4346.15
14814, 4355.38
14815, 4358.46
14816, 4351.79
14817, 4346.67
14818, 4343.59
14819, 4344.1
14820, 4346.15
14821, 4347.69
14822, 4350.26
14823, 4352.82
14824, 4357.95
14825, 4358.46
14826, 4348.72
14827, 4346.15
14828, 4353.85
14829, 4352.82
14830, 4347.18
14831, 4347.69
14832, 4349.74
14833, 4345.64
14834, 4346.15
14835, 4351.79
14836, 4351.28
14837, 4353.85
14838, 4359.49
14839, 4360
14840, 4360.51
14841, 4360.51
14842, 4358.97
14843, 4362.56
14844, 4363.59
14845, 4361.03
14846, 4363.08
14847, 4366.15
14848, 4364.62
14849, 4357.95
14850, 4353.33
14851, 4353.85
14852, 4355.38
14853, 4350.77
14854, 4350.26
14855, 4362.56
14856, 4363.08
14857, 4349.74
14858, 4348.21
14859, 4356.41
14860, 4359.49
14861, 4354.36
14862, 4352.31
14863, 4357.44
14864, 4357.44
14865, 4353.33
14866, 4354.87
14867, 4356.41
14868, 4354.36
14869, 4354.87
14870, 4359.49
14871, 4361.54
14872, 4351.28
14873, 4347.69
14874, 4357.44
14875, 4361.54
14876, 4356.92
14877, 4356.41
14878, 4360
14879, 4363.59
14880, 4364.62
14881, 4361.54
14882, 4358.46
14883, 4360.51
14884, 4355.9
14885, 4348.72
14886, 4352.31
14887, 4355.9
14888, 4353.85
14889, 4351.79
14890, 4353.33
14891, 4356.41
14892, 4355.9
14893, 4353.33
14894, 4353.33
14895, 4351.79
14896, 4348.72
14897, 4347.69
14898, 4351.28
14899, 4357.95
14900, 4356.92
14901, 4351.79
14902, 4356.41
14903, 4361.03
14904, 4356.41
14905, 4352.82
14906, 4355.38
14907, 4354.87
14908, 4356.41
14909, 4362.05
14910, 4356.41
14911, 4348.21
14912, 4350.77
14913, 4355.38
14914, 4354.87
14915, 4352.82
14916, 4352.31
14917, 4353.33
14918, 4352.31
14919, 4348.72
14920, 4349.23
14921, 4353.85
14922, 4356.92
14923, 4353.85
14924, 4352.82
14925, 4356.41
14926, 4353.33
14927, 4350.77
14928, 4352.31
14929, 4352.82
14930, 4352.31
14931, 4353.85
14932, 4358.46
14933, 4357.95
14934, 4355.9
14935, 4359.49
14936, 4362.05
14937, 4360.51
14938, 4356.41
14939, 4349.23
14940, 4344.62
14941, 4346.67
14942, 4348.72
14943, 4348.21
14944, 4352.82
14945, 4356.92
14946, 4353.33
14947, 4350.77
14948, 4350.77
14949, 4350.26
14950, 4351.79
14951, 4355.38
14952, 4358.46
14953, 4357.44
14954, 4352.31
14955, 4353.33
14956, 4356.92
14957, 4353.33
14958, 4351.28
14959, 4353.85
14960, 4354.87
14961, 4351.79
14962, 4349.74
14963, 4352.82
14964, 4357.95
14965, 4357.95
14966, 4352.82
14967, 4351.28
14968, 4354.36
14969, 4354.87
14970, 4355.38
14971, 4355.38
14972, 4353.85
14973, 4354.36
14974, 4355.38
14975, 4353.33
14976, 4353.33
14977, 4354.36
14978, 4353.33
14979, 4353.85
14980, 4358.97
14981, 4358.97
14982, 4350.77
14983, 4350.26
14984, 4356.41
14985, 4355.9
14986, 4354.87
14987, 4356.92
14988, 4356.41
14989, 4360
14990, 4368.72
14991, 4368.72
14992, 4361.03
14993, 4365.13
14994, 4372.82
14995, 4369.23
14996, 4365.13
14997, 4361.03
14998, 4357.44
14999, 4357.95
15000, 4355.9
15001, 4358.46
15002, 4364.1
15003, 4361.54
15004, 4356.41
15005, 4356.92
15006, 4358.97
15007, 4360
15008, 4360
15009, 4357.95
15010, 4358.46
15011, 4357.95
15012, 4349.23
15013, 4340.51
15014, 4344.62
15015, 4352.31
15016, 4356.41
15017, 4357.95
15018, 4348.21
15019, 4341.03
15020, 4347.18
15021, 4350.77
15022, 4350.77
15023, 4351.79
15024, 4351.79
15025, 4348.21
15026, 4345.64
15027, 4345.64
15028, 4348.21
15029, 4353.33
15030, 4354.87
15031, 4353.33
15032, 4351.28
15033, 4350.77
15034, 4355.38
15035, 4355.38
15036, 4350.77
15037, 4350.77
15038, 4352.31
15039, 4348.72
15040, 4342.05
15041, 4342.05
15042, 4353.85
15043, 4358.97
15044, 4347.69
15045, 4341.54
15046, 4344.1
15047, 4344.1
15048, 4344.1
15049, 4344.62
15050, 4346.15
15051, 4349.23
15052, 4348.21
15053, 4344.62
15054, 4346.15
15055, 4351.28
15056, 4349.74
15057, 4347.18
15058, 4350.77
15059, 4355.9
15060, 4357.44
15061, 4355.9
15062, 4356.41
15063, 4358.97
15064, 4361.03
15065, 4366.67
15066, 4367.69
15067, 4363.59
15068, 4364.62
15069, 4368.21
15070, 4368.21
15071, 4362.05
15072, 4353.33
15073, 4355.38
15074, 4359.49
15075, 4354.87
15076, 4350.77
15077, 4352.31
15078, 4352.31
15079, 4353.85
15080, 4361.03
15081, 4358.97
15082, 4352.31
15083, 4352.31
15084, 4353.33
15085, 4354.36
15086, 4352.82
15087, 4348.72
15088, 4349.23
15089, 4352.31
15090, 4351.79
15091, 4352.82
15092, 4355.9
15093, 4352.31
15094, 4346.67
15095, 4348.72
15096, 4354.36
15097, 4351.79
15098, 4351.28
15099, 4353.33
15100, 4347.69
15101, 4345.13
15102, 4350.77
15103, 4351.79
15104, 4347.18
15105, 4343.59
15106, 4346.15
15107, 4348.21
15108, 4343.08
15109, 4338.97
15110, 4347.69
15111, 4357.44
15112, 4352.31
15113, 4344.62
15114, 4352.82
15115, 4357.95
15116, 4347.18
15117, 4334.87
15118, 4335.38
15119, 4345.13
15120, 4347.69
15121, 4345.13
15122, 4345.64
15123, 4347.18
15124, 4347.69
15125, 4351.79
15126, 4358.46
15127, 4354.36
15128, 4342.56
15129, 4345.64
15130, 4354.36
15131, 4347.18
15132, 4341.03
15133, 4348.72
15134, 4355.38
15135, 4351.28
15136, 4350.77
15137, 4355.38
15138, 4352.82
15139, 4349.23
15140, 4351.79
15141, 4351.79
15142, 4349.74
15143, 4351.79
15144, 4349.23
15145, 4339.49
15146, 4332.31
15147, 4337.95
15148, 4346.67
15149, 4346.15
15150, 4343.08
15151, 4344.62
15152, 4349.23
15153, 4352.82
15154, 4354.36
15155, 4353.33
15156, 4346.67
15157, 4342.56
15158, 4344.62
15159, 4346.15
15160, 4343.59
15161, 4342.56
15162, 4347.18
15163, 4346.15
15164, 4336.92
15165, 4337.95
15166, 4349.23
15167, 4355.38
15168, 4351.28
15169, 4345.13
15170, 4347.69
15171, 4353.33
15172, 4348.21
15173, 4341.54
15174, 4346.67
15175, 4351.79
15176, 4347.18
15177, 4341.03
15178, 4342.05
15179, 4348.72
15180, 4349.74
15181, 4339.49
15182, 4335.9
15183, 4346.67
15184, 4349.74
15185, 4343.08
15186, 4344.1
15187, 4347.18
15188, 4346.15
15189, 4348.21
15190, 4352.82
15191, 4351.28
15192, 4344.62
15193, 4344.62
15194, 4350.26
15195, 4348.72
15196, 4346.67
15197, 4350.77
15198, 4354.36
15199, 4351.28
15200, 4351.79
15201, 4354.36
15202, 4347.18
15203, 4345.64
15204, 4350.77
15205, 4349.23
15206, 4347.69
15207, 4354.87
15208, 4359.49
15209, 4353.85
15210, 4349.23
15211, 4349.74
15212, 4348.72
15213, 4348.21
15214, 4350.26
15215, 4348.72
15216, 4347.18
15217, 4349.74
15218, 4352.82
15219, 4352.82
15220, 4348.21
15221, 4346.67
15222, 4349.23
15223, 4351.28
15224, 4351.28
15225, 4350.26
15226, 4348.72
15227, 4348.21
15228, 4350.26
15229, 4355.38
15230, 4354.87
15231, 4351.28
15232, 4353.85
15233, 4354.36
15234, 4350.77
15235, 4350.77
15236, 4348.21
15237, 4344.62
15238, 4344.1
15239, 4347.69
15240, 4350.77
15241, 4354.36
15242, 4359.49
15243, 4356.92
15244, 4349.23
15245, 4348.21
15246, 4353.33
15247, 4356.41
15248, 4353.85
15249, 4352.82
15250, 4350.77
15251, 4350.77
15252, 4353.85
15253, 4351.79
15254, 4349.74
15255, 4351.28
15256, 4350.26
15257, 4350.77
15258, 4351.28
15259, 4349.74
15260, 4351.79
15261, 4353.33
15262, 4356.41
15263, 4355.9
15264, 4347.69
15265, 4364.62
15266, 4390.26
15267, 4346.15
15268, 4271.79
15269, 4274.36
15270, 4303.59
15271, 4277.44
15272, 4254.87, estimuli
15273, 4261.03
15274, 4249.23
15275, 4233.85
15276, 4238.97
15277, 4252.31
15278, 4272.82
15279, 4295.9
15280, 4307.18
15281, 4309.74
15282, 4307.69
15283, 4308.21
15284, 4313.33
15285, 4319.49
15286, 4322.05
15287, 4320.51
15288, 4326.67
15289, 4334.36
15290, 4332.31
15291, 4327.69
15292, 4330.26
15293, 4336.41
15294, 4335.38
15295, 4331.79
15296, 4325.13
15297, 4317.44
15298, 4314.87
15299, 4311.28
15300, 4307.69
15301, 4309.74
15302, 4314.87
15303, 4315.38
15304, 4310.77
15305, 4307.69
15306, 4307.69
15307, 4305.13
15308, 4303.59
15309, 4302.56
15310, 4301.54
15311, 4305.13
15312, 4312.31
15313, 4316.92
15314, 4321.03
15315, 4328.72
15316, 4332.31
15317, 4323.08
15318, 4315.38
15319, 4318.46
15320, 4323.59
15321, 4327.69
15322, 4326.67
15323, 4320
15324, 4316.92
15325, 4325.13
15326, 4336.41
15327, 4334.87
15328, 4327.18
15329, 4328.72
15330, 4335.9
15331, 4338.46
15332, 4337.95
15333, 4338.46
15334, 4339.49
15335, 4338.97
15336, 4335.9
15337, 4336.41
15338, 4338.97
15339, 4337.95
15340, 4336.41
15341, 4340
15342, 4344.1
15343, 4348.21
15344, 4349.23
15345, 4337.44
15346, 4332.31
15347, 4342.05
15348, 4343.59
15349, 4340
15350, 4344.1
15351, 4347.69
15352, 4344.62
15353, 4341.54
15354, 4345.13
15355, 4350.26
15356, 4349.74
15357, 4340.51
15358, 4333.85
15359, 4340
15360, 4346.15
15361, 4341.03
15362, 4341.54
15363, 4349.74
15364, 4346.15
15365, 4341.03
15366, 4347.18
15367, 4348.72
15368, 4343.59
15369, 4355.38
15370, 4361.54
15371, 4337.44
15372, 4353.33
15373, 4405.13
15374, 4394.36
15375, 4327.18
15376, 4275.38
15377, 4269.23
15378, 4294.87
15379, 4313.33
15380, 4371.79
15381, 4465.64
15382, 4465.13
15383, 4372.82
15384, 4278.97
15385, 4244.1
15386, 4278.97
15387, 4324.62
15388, 4386.15
15389, 4464.62
15390, 4455.38
15391, 4355.38
15392, 4275.9
15393, 4249.23
15394, 4277.44
15395, 4332.31
15396, 4394.87
15397, 4464.62
15398, 4450.26
15399, 4356.41
15400, 4282.56
15401, 4256.41
15402, 4280.51
15403, 4325.64
15404, 4390.77
15405, 4470.77
15406, 4457.95
15407, 4358.46
15408, 4286.15
15409, 4258.97
15410, 4280.51
15411, 4329.23
15412, 4390.26
15413, 4460.51
15414, 4449.23
15415, 4351.28
15416, 4274.36
15417, 4253.33
15418, 4283.08
15419, 4328.72
15420, 4387.69
15421, 4463.59
15422, 4453.85
15423, 4352.82
15424, 4278.97
15425, 4261.54
15426, 4286.15
15427, 4329.23
15428, 4391.28
15429, 4463.08
15430, 4448.21
15431, 4353.33
15432, 4285.64
15433, 4271.79
15434, 4294.87
15435, 4331.28
15436, 4387.69
15437, 4455.38
15438, 4442.05
15439, 4352.31
15440, 4284.62
15441, 4271.28
15442, 4298.97
15443, 4335.38
15444, 4386.15
15445, 4454.87
15446, 4449.23
15447, 4354.87
15448, 4280
15449, 4274.36
15450, 4304.62
15451, 4331.79
15452, 4384.1
15453, 4459.49
15454, 4452.82
15455, 4363.59
15456, 4300
15457, 4288.72
15458, 4310.26
15459, 4341.54
15460, 4389.74
15461, 4456.92
15462, 4453.33
15463, 4358.46
15464, 4282.56
15465, 4277.95
15466, 4314.87
15467, 4351.28
15468, 4400
15469, 4461.54
15470, 4454.87
15471, 4368.72
15472, 4288.21
15473, 4269.23
15474, 4309.23
15475, 4354.36
15476, 4399.49
15477, 4461.54
15478, 4450.26
15479, 4358.46
15480, 4295.38
15481, 4285.64
15482, 4306.15
15483, 4339.49
15484, 4400
15485, 4467.18
15486, 4449.23
15487, 4358.97
15488, 4294.36
15489, 4284.1
15490, 4308.21
15491, 4340.51
15492, 4395.9
15493, 4464.1
15494, 4449.74
15495, 4361.54
15496, 4296.41
15497, 4279.49
15498, 4305.13
15499, 4345.13
15500, 4391.79
15501, 4426.67
15502, 4388.21
15503, 4347.69
15504, 4374.87
15505, 4364.1
15506, 4323.08
15507, 4354.36
15508, 4380.51
15509, 4353.85
15510, 4351.79
15511, 4362.05
15512, 4355.38
15513, 4353.85
15514, 4358.46
15515, 4356.92
15516, 4358.46
15517, 4359.49
15518, 4357.95
15519, 4360
15520, 4362.05
15521, 4361.03
15522, 4356.92
15523, 4352.31
15524, 4350.77
15525, 4354.36
15526, 4356.92
15527, 4353.33
15528, 4356.92
15529, 4368.72
15530, 4369.74
15531, 4358.46
15532, 4353.33
15533, 4358.97
15534, 4359.49
15535, 4352.82
15536, 4353.85
15537, 4356.41
15538, 4355.38
15539, 4355.9
15540, 4362.05
15541, 4365.13
15542, 4358.97
15543, 4354.36
15544, 4354.87
15545, 4355.38
15546, 4358.97
15547, 4360.51
15548, 4350.77
15549, 4345.64
15550, 4353.85
15551, 4360.51
15552, 4358.46
15553, 4358.46
15554, 4366.67
15555, 4370.26
15556, 4362.56
15557, 4355.9
15558, 4354.36
15559, 4355.38
15560, 4355.38
15561, 4356.41
15562, 4362.56
15563, 4365.64
15564, 4358.97
15565, 4353.33
15566, 4360
15567, 4365.64
15568, 4354.36
15569, 4348.72
15570, 4355.9
15571, 4360
15572, 4357.95
15573, 4356.41
15574, 4356.92
15575, 4361.03
15576, 4362.05
15577, 4361.03
15578, 4361.03
15579, 4360
15580, 4362.05
15581, 4364.1
15582, 4363.59
15583, 4360.51
15584, 4358.97
15585, 4360.51
15586, 4361.03
15587, 4357.95
15588, 4356.41
15589, 4361.54
15590, 4362.56
15591, 4357.95
15592, 4362.05
15593, 4364.1
15594, 4357.95
15595, 4358.97
15596, 4366.15
15597, 4363.08
15598, 4358.97
15599, 4361.54
15600, 4364.62
15601, 4367.18
15602, 4366.67
15603, 4361.03
15604, 4357.44
15605, 4362.56
15606, 4369.23
15607, 4370.26
15608, 4365.64
15609, 4358.46
15610, 4358.46
15611, 4361.54
15612, 4358.46
15613, 4356.41
15614, 4358.97
15615, 4361.03
15616, 4361.54
15617, 4361.03
15618, 4361.54
15619, 4361.03
15620, 4358.46
15621, 4356.92
15622, 4360
15623, 4367.18
15624, 4366.67
15625, 4361.54
15626, 4362.05
15627, 4364.1
15628, 4363.08
15629, 4362.56
15630, 4364.62
15631, 4364.1
15632, 4363.08
15633, 4368.72
15634, 4367.69
15635, 4359.49
15636, 4363.08
15637, 4371.28
15638, 4367.18
15639, 4360
15640, 4362.05
15641, 4364.62
15642, 4354.36
15643, 4346.67
15644, 4354.87
15645, 4361.03
15646, 4359.49
15647, 4362.05
15648, 4366.67
15649, 4360
15650, 4351.28
15651, 4354.36
15652, 4358.46
15653, 4352.82
15654, 4351.79
15655, 4358.97
15656, 4360
15657, 4357.44
15658, 4362.05
15659, 4372.82
15660, 4372.82
15661, 4362.56
15662, 4361.54
15663, 4369.74
15664, 4369.74
15665, 4366.67
15666, 4371.28
15667, 4370.77
15668, 4364.1
15669, 4368.21
15670, 4372.82
15671, 4367.69
15672, 4364.62
15673, 4365.64
15674, 4367.18
15675, 4365.64
15676, 4366.67
15677, 4367.69
15678, 4367.69
15679, 4370.77
15680, 4370.26
15681, 4364.62
15682, 4363.59
15683, 4365.64
15684, 4368.72
15685, 4373.33
15686, 4372.31
15687, 4364.1
15688, 4358.97
15689, 4361.54
15690, 4366.67
15691, 4365.64
15692, 4364.62
15693, 4367.18
15694, 4362.56
15695, 4356.41
15696, 4360
15697, 4363.08
15698, 4354.87
15699, 4354.36
15700, 4364.62
15701, 4357.95
15702, 4344.62
15703, 4348.21
15704, 4357.44
15705, 4359.49
15706, 4356.92
15707, 4356.92
15708, 4361.03
15709, 4364.1
15710, 4358.46
15711, 4355.9
15712, 4365.64
15713, 4370.77
15714, 4362.56
15715, 4353.85
15716, 4353.33
15717, 4357.44
15718, 4360.51
15719, 4356.41
15720, 4352.82
15721, 4359.49
15722, 4366.67
15723, 4363.59
15724, 4358.97
15725, 4363.08
15726, 4366.15
15727, 4358.46
15728, 4356.41
15729, 4359.49
15730, 4353.85
15731, 4344.1
15732, 4344.62
15733, 4351.79
15734, 4352.31
15735, 4353.33
15736, 4362.56
15737, 4363.08
15738, 4356.41
15739, 4359.49
15740, 4360
15741, 4352.82
15742, 4351.28
15743, 4357.95
15744, 4361.54
15745, 4360
15746, 4358.46
15747, 4358.46
15748, 4362.05
15749, 4364.62
15750, 4358.46
15751, 4352.82
15752, 4352.82
15753, 4356.92
15754, 4355.9
15755, 4353.85
15756, 4358.46
15757, 4359.49
15758, 4355.38
15759, 4358.97
15760, 4364.1
15761, 4359.49
15762, 4356.41
15763, 4360
15764, 4359.49
15765, 4355.9
15766, 4359.49
15767, 4363.59
15768, 4360
15769, 4360
15770, 4359.49
15771, 4356.92
15772, 4358.97
15773, 4360
15774, 4360
15775, 4365.13
15776, 4367.69
15777, 4362.05
15778, 4353.85
15779, 4350.26
15780, 4351.79
15781, 4356.92
15782, 4361.03
15783, 4359.49
15784, 4358.46
15785, 4363.08
15786, 4367.18
15787, 4364.1
15788, 4366.15
15789, 4383.59
15790, 4373.85
15791, 4320
15792, 4283.08, estimuli
15793, 4287.18
15794, 4293.33
15795, 4293.85
15796, 4285.13
15797, 4261.54
15798, 4246.67
15799, 4247.18
15800, 4253.85
15801, 4271.79
15802, 4296.92
15803, 4315.38
15804, 4328.21
15805, 4336.41
15806, 4329.74
15807, 4321.03
15808, 4324.1
15809, 4330.77
15810, 4327.69
15811, 4320.51
15812, 4322.56
15813, 4329.74
15814, 4332.82
15815, 4336.41
15816, 4341.54
15817, 4340.51
15818, 4330.26
15819, 4320
15820, 4320
15821, 4316.92
15822, 4305.13
15823, 4299.49
15824, 4306.15
15825, 4311.79
15826, 4310.77
15827, 4315.38
15828, 4320.51
15829, 4313.85
15830, 4307.69
15831, 4308.72
15832, 4307.18
15833, 4311.28
15834, 4314.87
15835, 4308.21
15836, 4303.59
15837, 4310.26
15838, 4319.49
15839, 4320.51
15840, 4322.56
15841, 4325.64
15842, 4324.1
15843, 4321.03
15844, 4318.97
15845, 4320.51
15846, 4325.13
15847, 4328.72
15848, 4333.33
15849, 4333.85
15850, 4327.18
15851, 4325.64
15852, 4331.28
15853, 4332.31
15854, 4330.77
15855, 4333.85
15856, 4341.03
15857, 4341.03
15858, 4337.44
15859, 4341.54
15860, 4354.36
15861, 4358.97
15862, 4352.82
15863, 4349.74
15864, 4354.87
15865, 4361.03
15866, 4355.38
15867, 4341.03
15868, 4339.49
15869, 4351.79
15870, 4351.79
15871, 4347.69
15872, 4354.36
15873, 4357.95
15874, 4358.46
15875, 4356.41
15876, 4349.74
15877, 4344.62
15878, 4345.13
15879, 4348.21
15880, 4352.82
15881, 4356.41
15882, 4353.85
15883, 4349.23
15884, 4350.77
15885, 4349.74
15886, 4356.92
15887, 4354.36
15888, 4349.23
15889, 4392.31
15890, 4429.23
15891, 4383.59
15892, 4311.79
15893, 4274.87
15894, 4283.08
15895, 4307.18
15896, 4332.31
15897, 4414.87
15898, 4488.21
15899, 4442.05
15900, 4339.49
15901, 4269.23
15902, 4270.77
15903, 4309.23
15904, 4349.74
15905, 4425.13
15906, 4486.15
15907, 4435.9
15908, 4333.85
15909, 4271.79
15910, 4268.72
15911, 4304.62
15912, 4343.08
15913, 4420.51
15914, 4489.23
15915, 4432.31
15916, 4334.36
15917, 4283.08
15918, 4268.72
15919, 4302.56
15920, 4358.97
15921, 4429.74
15922, 4486.15
15923, 4436.41
15924, 4328.72
15925, 4269.74
15926, 4270.77
15927, 4304.62
15928, 4350.77
15929, 4430.26
15930, 4492.82
15931, 4438.97
15932, 4335.38
15933, 4276.41
15934, 4271.79
15935, 4310.26
15936, 4360
15937, 4431.28
15938, 4491.79
15939, 4436.92
15940, 4330.77
15941, 4281.03
15942, 4287.18
15943, 4315.38
15944, 4349.23
15945, 4422.56
15946, 4488.72
15947, 4434.87
15948, 4331.28
15949, 4282.05
15950, 4282.56
15951, 4311.28
15952, 4356.92
15953, 4428.21
15954, 4481.54
15955, 4433.33
15956, 4345.64
15957, 4295.9
15958, 4286.67
15959, 4314.36
15960, 4362.56
15961, 4430.26
15962, 4474.36
15963, 4427.69
15964, 4341.54
15965, 4291.28
15966, 4292.31
15967, 4328.21
15968, 4371.79
15969, 4434.36
15970, 4478.97
15971, 4429.23
15972, 4340
15973, 4294.87
15974, 4294.87
15975, 4317.95
15976, 4358.97
15977, 4430.26
15978, 4479.49
15979, 4426.15
15980, 4333.33
15981, 4290.77
15982, 4298.97
15983, 4328.21
15984, 4366.67
15985, 4431.79
15986, 4482.05
15987, 4433.85
15988, 4335.38
15989, 4279.49
15990, 4283.08
15991, 4317.95
15992, 4360.51
15993, 4425.64
15994, 4475.9
15995, 4425.13
15996, 4330.77
15997, 4285.64
15998, 4290.77
15999, 4321.03
16000, 4359.49
16001, 4427.18
16002, 4476.92
16003, 4422.05
16004, 4330.26
16005, 4288.21
16006, 4292.82
16007, 4324.62
16008, 4366.15
16009, 4431.79
16010, 4481.03
16011, 4431.79
16012, 4334.87
16013, 4281.54
16014, 4286.67
16015, 4322.05
16016, 4354.87
16017, 4399.49
16018, 4414.87
16019, 4365.64
16020, 4361.03
16021, 4391.79
16022, 4349.74
16023, 4329.23
16024, 4380
16025, 4385.13
16026, 4358.46
16027, 4368.72
16028, 4373.33
16029, 4359.49
16030, 4363.08
16031, 4372.82
16032, 4366.67
16033, 4359.49
16034, 4362.05
16035, 4365.13
16036, 4364.62
16037, 4368.21
16038, 4376.41
16039, 4374.36
16040, 4366.67
16041, 4363.59
16042, 4365.13
16043, 4366.67
16044, 4367.18
16045, 4368.21
16046, 4367.69
16047, 4368.72
16048, 4370.26
16049, 4366.67
16050, 4365.13
16051, 4367.18
16052, 4366.67
16053, 4367.69
16054, 4367.69
16055, 4365.64
16056, 4369.74
16057, 4375.9
16058, 4373.85
16059, 4365.13
16060, 4363.08
16061, 4367.18
16062, 4368.21
16063, 4367.69
16064, 4368.21
16065, 4365.64
16066, 4368.72
16067, 4371.79
16068, 4366.67
16069, 4363.08
16070, 4368.72
16071, 4376.92
16072, 4374.87
16073, 4367.69
16074, 4365.13
16075, 4369.23
16076, 4370.26
16077, 4363.08
16078, 4360
16079, 4365.64
16080, 4370.77
16081, 4371.79
16082, 4368.72
16083, 4367.18
16084, 4369.23
16085, 4367.69
16086, 4364.62
16087, 4365.13
16088, 4368.21
16089, 4374.36
16090, 4374.36
16091, 4369.23
16092, 4372.82
16093, 4372.82
16094, 4364.62
16095, 4364.62
16096, 4373.85
16097, 4373.85
16098, 4368.21
16099, 4370.77
16100, 4371.28
16101, 4365.64
16102, 4367.69
16103, 4369.23
16104, 4365.64
16105, 4366.15
16106, 4373.33
16107, 4372.82
16108, 4362.05
16109, 4363.59
16110, 4373.85
16111, 4372.31
16112, 4366.67
16113, 4368.72
16114, 4371.79
16115, 4367.69
16116, 4365.64
16117, 4368.72
16118, 4368.21
16119, 4372.82
16120, 4378.46
16121, 4371.79
16122, 4365.64
16123, 4366.15
16124, 4367.18
16125, 4367.69
16126, 4368.72
16127, 4368.21
16128, 4367.69
16129, 4363.08
16130, 4362.05
16131, 4367.69
16132, 4370.77
16133, 4368.21
16134, 4367.69
16135, 4369.74
16136, 4368.21
16137, 4366.67
16138, 4369.74
16139, 4370.77
16140, 4370.26
16141, 4370.26
16142, 4370.26
16143, 4369.74
16144, 4368.21
16145, 4368.72
16146, 4365.64
16147, 4367.18
16148, 4374.36
16149, 4369.23
16150, 4361.54
16151, 4364.62
16152, 4372.82
16153, 4373.85
16154, 4362.05
16155, 4356.41
16156, 4364.1
16157, 4365.64
16158, 4363.59
16159, 4371.28
16160, 4377.95
16161, 4373.85
16162, 4367.69
16163, 4367.69
16164, 4367.69
16165, 4366.67
16166, 4367.69
16167, 4367.69
16168, 4370.26
16169, 4373.33
16170, 4373.85
16171, 4373.33
16172, 4370.77
16173, 4373.33
16174, 4376.92
16175, 4369.23
16176, 4361.54
16177, 4367.18
16178, 4372.82
16179, 4368.21
16180, 4365.64
16181, 4371.28
16182, 4370.77
16183, 4367.69
16184, 4368.72
16185, 4364.62
16186, 4363.08
16187, 4365.13
16188, 4365.13
16189, 4366.67
16190, 4365.13
16191, 4365.13
16192, 4369.74
16193, 4368.21
16194, 4361.03
16195, 4360.51
16196, 4367.18
16197, 4371.79
16198, 4370.26
16199, 4368.21
16200, 4368.21
16201, 4374.87
16202, 4377.95
16203, 4368.72
16204, 4361.54
16205, 4365.13
16206, 4368.21
16207, 4366.15
16208, 4368.21
16209, 4373.33
16210, 4371.28
16211, 4372.82
16212, 4374.87
16213, 4370.77
16214, 4371.79
16215, 4372.31
16216, 4371.79
16217, 4376.41
16218, 4373.85
16219, 4366.15
16220, 4367.18
16221, 4370.26
16222, 4369.23
16223, 4371.28
16224, 4375.38
16225, 4375.38
16226, 4369.74
16227, 4369.74
16228, 4374.36
16229, 4372.82
16230, 4369.23
16231, 4368.72
16232, 4370.77
16233, 4370.77
16234, 4370.26
16235, 4372.82
16236, 4371.28
16237, 4368.21
16238, 4368.72
16239, 4372.82
16240, 4378.46
16241, 4379.49
16242, 4377.44
16243, 4375.9
16244, 4375.9
16245, 4375.9
16246, 4376.41
16247, 4377.44
16248, 4375.38
16249, 4373.33
16250, 4377.44
16251, 4378.46
16252, 4377.44
16253, 4381.03
16254, 4379.49
16255, 4375.38
16256, 4371.28
16257, 4366.15
16258, 4368.21
16259, 4375.38
16260, 4376.41
16261, 4372.31
16262, 4371.28
16263, 4372.31
16264, 4370.26
16265, 4368.72
16266, 4371.28
16267, 4372.82
16268, 4370.77
16269, 4368.21
16270, 4369.74
16271, 4371.28
16272, 4371.79
16273, 4370.26
16274, 4365.13
16275, 4365.13
16276, 4367.18
16277, 4363.08
16278, 4364.62
16279, 4367.69
16280, 4367.69
16281, 4374.36
16282, 4372.82
16283, 4360
16284, 4355.9
16285, 4357.44
16286, 4357.44
16287, 4366.67
16288, 4378.97
16289, 4374.87
16290, 4363.08
16291, 4363.59
16292, 4366.67
16293, 4364.62
16294, 4363.59
16295, 4365.13
16296, 4365.13
16297, 4359.49
16298, 4356.41
16299, 4358.97
16300, 4360
16301, 4360
16302, 4359.49
16303, 4357.44
16304, 4356.92
16305, 4358.97
16306, 4361.54
16307, 4361.54
16308, 4364.62
16309, 4372.31
16310, 4373.33
16311, 4368.72
16312, 4369.74
16313, 4371.28
16314, 4369.23
16315, 4363.59
16316, 4362.05
16317, 4368.72
16318, 4364.62
16319, 4352.82
16320, 4356.41
16321, 4366.67
16322, 4365.64
16323, 4363.08
16324, 4367.69
16325, 4368.21
16326, 4362.56
16327, 4364.1
16328, 4365.64
16329, 4365.13
16330, 4364.1
16331, 4362.56
16332, 4365.13
16333, 4365.64
16334, 4368.72
16335, 4372.31
16336, 4370.26
16337, 4364.62
16338, 4356.41
16339, 4354.87
16340, 4358.97
16341, 4358.46
16342, 4358.97
16343, 4362.56
16344, 4366.15
16345, 4369.74
16346, 4366.15
16347, 4360
16348, 4363.59
16349, 4370.77
16350, 4369.74
16351, 4367.69
16352, 4368.21
16353, 4368.72
16354, 4369.23
16355, 4369.74
16356, 4366.67
16357, 4368.72
16358, 4373.85
16359, 4369.74
16360, 4361.54
16361, 4362.56
16362, 4367.18
16363, 4367.18
16364, 4365.13
16365, 4365.13
16366, 4361.03
16367, 4358.97
16368, 4372.82
16369, 4372.82
16370, 4353.33
16371, 4374.87
16372, 4399.49
16373, 4346.67
16374, 4291.28
16375, 4288.21
16376, 4286.67
16377, 4280
16378, 4283.08
16379, 4269.23
16380, 4252.31, estimuli
16381, 4247.69
16382, 4238.46
16383, 4250.26
16384, 4280
16385, 4300.51
16386, 4317.95
16387, 4324.62
16388, 4323.59
16389, 4320.51
16390, 4316.41
16391, 4313.85
16392, 4305.13
16393, 4300
16394, 4303.08
16395, 4302.56
16396, 4304.62
16397, 4314.36
16398, 4323.08
16399, 4327.69
16400, 4328.72
16401, 4330.26
16402, 4330.77
16403, 4327.18
16404, 4322.05
16405, 4322.05
16406, 4325.13
16407, 4316.41
16408, 4302.56
16409, 4303.08
16410, 4308.21
16411, 4308.72
16412, 4309.74
16413, 4315.9
16414, 4318.46
16415, 4310.26
16416, 4309.74
16417, 4320.51
16418, 4323.59
16419, 4316.92
16420, 4315.9
16421, 4320.51
16422, 4322.05
16423, 4321.54
16424, 4324.1
16425, 4329.74
16426, 4336.41
16427, 4337.95
16428, 4336.92
16429, 4339.49
16430, 4337.95
16431, 4337.44
16432, 4346.15
16433, 4346.15
16434, 4341.03
16435, 4341.54
16436, 4343.59
16437, 4346.15
16438, 4346.15
16439, 4348.21
16440, 4348.72
16441, 4342.05
16442, 4341.54
16443, 4352.82
16444, 4356.92
16445, 4344.62
16446, 4341.54
16447, 4351.79
16448, 4353.33
16449, 4350.26
16450, 4349.23
16451, 4345.13
16452, 4349.74
16453, 4355.38
16454, 4345.13
16455, 4343.08
16456, 4352.82
16457, 4352.31
16458, 4347.18
16459, 4346.67
16460, 4346.15
16461, 4345.64
16462, 4352.82
16463, 4358.97
16464, 4353.33
16465, 4347.69
16466, 4348.72
16467, 4352.31
16468, 4351.79
16469, 4353.85
16470, 4361.03
16471, 4358.97
16472, 4350.77
16473, 4356.41
16474, 4350.26
16475, 4344.62
16476, 4391.79
16477, 4437.44
16478, 4396.92
16479, 4317.44
16480, 4273.85
16481, 4281.03
16482, 4306.67
16483, 4335.38
16484, 4414.87
16485, 4484.62
16486, 4440
16487, 4335.9
16488, 4258.97
16489, 4253.33
16490, 4301.54
16491, 4359.49
16492, 4434.87
16493, 4489.74
16494, 4436.41
16495, 4328.72
16496, 4266.15
16497, 4266.15
16498, 4310.26
16499, 4356.92
16500, 4424.62
16501, 4482.05
16502, 4430.77
16503, 4333.85
16504, 4272.31
16505, 4262.56
16506, 4301.03
16507, 4346.67
16508, 4418.97
16509, 4483.08
16510, 4432.82
16511, 4329.23
16512, 4270.77
16513, 4271.79
16514, 4306.15
16515, 4344.62
16516, 4421.03
16517, 4484.62
16518, 4427.69
16519, 4332.31
16520, 4281.03
16521, 4267.69
16522, 4301.03
16523, 4359.49
16524, 4434.87
16525, 4480
16526, 4421.54
16527, 4335.38
16528, 4290.77
16529, 4277.95
16530, 4303.59
16531, 4361.03
16532, 4435.9
16533, 4484.1
16534, 4432.31
16535, 4332.31
16536, 4278.97
16537, 4286.67
16538, 4320
16539, 4357.44
16540, 4426.67
16541, 4482.56
16542, 4432.82
16543, 4337.44
16544, 4288.21
16545, 4288.21
16546, 4315.9
16547, 4352.82
16548, 4416.41
16549, 4475.38
16550, 4434.87
16551, 4331.28
16552, 4276.41
16553, 4285.64
16554, 4318.97
16555, 4356.41
16556, 4421.54
16557, 4473.33
16558, 4423.59
16559, 4330.77
16560, 4288.21
16561, 4293.85
16562, 4322.56
16563, 4358.97
16564, 4423.59
16565, 4473.85
16566, 4423.59
16567, 4333.85
16568, 4289.23
16569, 4288.21
16570, 4317.95
16571, 4363.08
16572, 4426.15
16573, 4468.21
16574, 4420
16575, 4340
16576, 4296.41
16577, 4289.23
16578, 4310.26
16579, 4351.79
16580, 4425.13
16581, 4474.36
16582, 4422.56
16583, 4333.33
16584, 4288.72
16585, 4296.92
16586, 4326.67
16587, 4358.97
16588, 4425.13
16589, 4476.41
16590, 4422.05
16591, 4327.69
16592, 4282.05
16593, 4290.26
16594, 4323.59
16595, 4364.1
16596, 4432.31
16597, 4480.51
16598, 4429.74
16599, 4341.03
16600, 4298.97
16601, 4297.44
16602, 4325.13
16603, 4369.74
16604, 4413.33
16605, 4413.33
16606, 4367.69
16607, 4370.77
16608, 4397.95
16609, 4348.72
16610, 4323.59
16611, 4376.41
16612, 4384.62
16613, 4355.9
16614, 4358.97
16615, 4369.23
16616, 4370.77
16617, 4367.69
16618, 4367.69
16619, 4372.31
16620, 4369.23
16621, 4362.56
16622, 4365.64
16623, 4370.77
16624, 4369.74
16625, 4368.21
16626, 4371.28
16627, 4370.26
16628, 4370.26
16629, 4379.49
16630, 4382.56
16631, 4374.87
16632, 4366.15
16633, 4361.03
16634, 4361.03
16635, 4364.62
16636, 4369.23
16637, 4368.72
16638, 4367.69
16639, 4371.79
16640, 4373.85
16641, 4370.26
16642, 4368.72
16643, 4368.72
16644, 4370.77
16645, 4371.79
16646, 4367.69
16647, 4365.64
16648, 4368.72
16649, 4374.87
16650, 4372.82
16651, 4369.23
16652, 4372.82
16653, 4372.31
16654, 4366.67
16655, 4365.13
16656, 4370.26
16657, 4376.92
16658, 4376.92
16659, 4373.33
16660, 4370.77
16661, 4372.31
16662, 4374.87
16663, 4370.77
16664, 4371.28
16665, 4375.9
16666, 4368.72
16667, 4362.05
16668, 4366.67
16669, 4371.28
16670, 4371.28
16671, 4370.26
16672, 4374.36
16673, 4377.95
16674, 4372.82
16675, 4366.67
16676, 4366.15
16677, 4371.28
16678, 4369.23
16679, 4363.59
16680, 4368.21
16681, 4372.82
16682, 4369.23
16683, 4371.79
16684, 4375.38
16685, 4364.1
16686, 4360
16687, 4373.85
16688, 4375.9
16689, 4363.59
16690, 4362.05
16691, 4368.21
16692, 4371.28
16693, 4371.79
16694, 4366.67
16695, 4364.1
16696, 4370.26
16697, 4371.28
16698, 4367.69
16699, 4366.15
16700, 4366.67
16701, 4367.18
16702, 4366.67
16703, 4369.74
16704, 4369.74
16705, 4369.74
16706, 4370.26
16707, 4366.67
16708, 4367.18
16709, 4369.74
16710, 4367.18
16711, 4365.13
16712, 4368.21
16713, 4372.82
16714, 4371.79
16715, 4369.74
16716, 4370.26
16717, 4369.74
16718, 4371.28
16719, 4373.33
16720, 4371.28
16721, 4371.28
16722, 4371.28
16723, 4368.21
16724, 4367.18
16725, 4367.69
16726, 4369.23
16727, 4370.26
16728, 4371.79
16729, 4372.31
16730, 4367.18
16731, 4365.64
16732, 4370.77
16733, 4374.87
16734, 4374.87
16735, 4369.74
16736, 4365.64
16737, 4365.13
16738, 4366.15
16739, 4368.72
16740, 4369.23
16741, 4367.18
16742, 4367.69
16743, 4372.82
16744, 4376.41
16745, 4372.31
16746, 4369.74
16747, 4368.72
16748, 4364.62
16749, 4363.59
16750, 4363.08
16751, 4363.59
16752, 4369.74
16753, 4370.77
16754, 4364.62
16755, 4366.67
16756, 4375.9
16757, 4374.87
16758, 4365.13
16759, 4365.64
16760, 4370.77
16761, 4368.72
16762, 4369.23
16763, 4375.9
16764, 4380
16765, 4373.33
16766, 4365.13
16767, 4367.69
16768, 4369.74
16769, 4365.64
16770, 4365.64
16771, 4370.26
16772, 4372.31
16773, 4368.72
16774, 4366.67
16775, 4370.77
16776, 4371.79
16777, 4370.26
16778, 4369.74
16779, 4370.26
16780, 4370.26
16781, 4370.77
16782, 4370.77
16783, 4367.69
16784, 4371.28
16785, 4376.41
16786, 4368.72
16787, 4360
16788, 4366.15
16789, 4373.85
16790, 4372.82
16791, 4359.49
16792, 4353.85
16793, 4364.1
16794, 4370.26
16795, 4364.62
16796, 4362.05
16797, 4369.23
16798, 4376.92
16799, 4372.31
16800, 4364.1
16801, 4362.56
16802, 4361.54
16803, 4361.03
16804, 4364.62
16805, 4369.74
16806, 4370.77
16807, 4373.33
16808, 4380.51
16809, 4376.92
16810, 4369.23
16811, 4368.21
16812, 4366.67
16813, 4366.15
16814, 4372.31
16815, 4371.79
16816, 4363.08
16817, 4366.67
16818, 4373.85
16819, 4367.69
16820, 4364.1
16821, 4368.72
16822, 4364.1
16823, 4362.56
16824, 4368.21
16825, 4369.74
16826, 4371.79
16827, 4373.85
16828, 4373.33
16829, 4368.72
16830, 4362.56
16831, 4364.1
16832, 4366.67
16833, 4363.59
16834, 4364.1
16835, 4366.67
16836, 4368.72
16837, 4368.21
16838, 4368.72
16839, 4370.26
16840, 4371.79
16841, 4374.87
16842, 4370.26
16843, 4363.08
16844, 4367.69
16845, 4374.87
16846, 4374.36
16847, 4369.23
16848, 4367.69
16849, 4370.77
16850, 4367.69
16851, 4364.62
16852, 4367.18
16853, 4371.28
16854, 4373.85
16855, 4373.33
16856, 4370.77
16857, 4371.28
16858, 4374.87
16859, 4374.36
16860, 4368.21
16861, 4367.18
16862, 4371.28
16863, 4370.26
16864, 4370.26
16865, 4371.28
16866, 4364.1
16867, 4360.51
16868, 4368.72
16869, 4374.36
16870, 4369.74
16871, 4366.15
16872, 4370.77
16873, 4371.79
16874, 4369.23
16875, 4366.15
16876, 4363.08
16877, 4362.56
16878, 4362.56
16879, 4366.15
16880, 4370.26
16881, 4368.21
16882, 4367.69
16883, 4372.31
16884, 4372.82
16885, 4369.74
16886, 4367.18
16887, 4365.64
16888, 4363.59
16889, 4362.56
16890, 4363.59
16891, 4360.51
16892, 4361.03
16893, 4366.15
16894, 4364.1
16895, 4361.03
16896, 4367.18
16897, 4373.85
16898, 4368.72
16899, 4360.51
16900, 4363.59
16901, 4362.56
16902, 4357.44
16903, 4362.56
16904, 4371.28
16905, 4369.23
16906, 4356.92
16907, 4354.36
16908, 4361.54
16909, 4363.08
16910, 4365.64
16911, 4369.23
16912, 4366.67
16913, 4364.1
16914, 4366.67
16915, 4369.74
16916, 4368.72
16917, 4367.18
16918, 4369.23
16919, 4371.79
16920, 4372.31
16921, 4368.72
16922, 4368.72
16923, 4372.31
16924, 4370.77
16925, 4370.26
16926, 4368.72
16927, 4373.33
16928, 4406.67
16929, 4398.97
16930, 4324.62
16931, 4289.23
16932, 4298.46
16933, 4286.15
16934, 4272.31
16935, 4269.74
16936, 4242.05
16937, 4210.26
16938, 4208.72
16939, 4220
16940, 4232.82, estimuli
16941, 4254.87
16942, 4284.1
16943, 4307.69
16944, 4316.92
16945, 4309.74
16946, 4300.51
16947, 4303.59
16948, 4313.33
16949, 4309.74
16950, 4301.54
16951, 4306.15
16952, 4308.72
16953, 4304.1
16954, 4306.67
16955, 4314.36
16956, 4321.03
16957, 4322.56
16958, 4316.92
16959, 4308.72
16960, 4301.03
16961, 4295.38
16962, 4293.85
16963, 4295.9
16964, 4297.95
16965, 4295.38
16966, 4292.31
16967, 4291.28
16968, 4290.77
16969, 4294.36
16970, 4300
16971, 4304.1
16972, 4306.67
16973, 4309.74
16974, 4316.92
16975, 4322.05
16976, 4320
16977, 4321.54
16978, 4324.62
16979, 4324.1
16980, 4320.51
16981, 4312.82
16982, 4308.72
16983, 4314.36
16984, 4323.08
16985, 4322.56
16986, 4320.51
16987, 4330.26
16988, 4338.97
16989, 4334.36
16990, 4325.64
16991, 4320
16992, 4321.54
16993, 4325.64
16994, 4327.18
16995, 4328.21
16996, 4328.21
16997, 4328.72
16998, 4332.31
16999, 4337.44
17000, 4341.03
17001, 4340
17002, 4337.95
17003, 4338.46
17004, 4344.1
17005, 4349.23
17006, 4342.05
17007, 4335.9
17008, 4341.03
17009, 4346.15
17010, 4346.67
17011, 4340.51
17012, 4337.95
17013, 4345.13
17014, 4349.74
17015, 4347.18
17016, 4346.15
17017, 4345.64
17018, 4346.15
17019, 4350.77
17020, 4354.87
17021, 4352.31
17022, 4351.79
17023, 4354.87
17024, 4346.15
17025, 4340.51
17026, 4345.64
17027, 4349.23
17028, 4350.26
17029, 4352.31
17030, 4354.87
17031, 4355.9
17032, 4357.44
17033, 4346.67
17034, 4351.28
17035, 4403.59
17036, 4432.82
17037, 4376.92
17038, 4303.59
17039, 4272.31
17040, 4282.05
17041, 4296.41
17042, 4328.21
17043, 4430.26
17044, 4492.82
17045, 4430.26
17046, 4327.69
17047, 4256.41
17048, 4258.97
17049, 4309.74
17050, 4365.64
17051, 4440.51
17052, 4477.95
17053, 4411.79
17054, 4323.08
17055, 4273.33
17056, 4271.79
17057, 4311.79
17058, 4358.46
17059, 4433.85
17060, 4480.51
17061, 4411.79
17062, 4319.49
17063, 4277.44
17064, 4280.51
17065, 4314.36
17066, 4362.56
17067, 4440.51
17068, 4486.67
17069, 4422.56
17070, 4325.13
17071, 4271.28
17072, 4270.77
17073, 4310.77
17074, 4366.67
17075, 4442.56
17076, 4483.59
17077, 4417.95
17078, 4324.62
17079, 4280
17080, 4282.05
17081, 4320
17082, 4372.31
17083, 4446.15
17084, 4488.72
17085, 4417.95
17086, 4315.38
17087, 4273.33
17088, 4286.67
17089, 4322.56
17090, 4364.62
17091, 4436.41
17092, 4486.67
17093, 4426.15
17094, 4326.15
17095, 4277.44
17096, 4288.21
17097, 4325.13
17098, 4363.59
17099, 4435.9
17100, 4485.64
17101, 4421.03
17102, 4326.67
17103, 4287.18
17104, 4296.41
17105, 4328.72
17106, 4369.23
17107, 4439.49
17108, 4480
17109, 4414.36
17110, 4327.18
17111, 4286.67
17112, 4287.18
17113, 4321.54
17114, 4374.87
17115, 4446.67
17116, 4477.44
17117, 4411.79
17118, 4325.64
17119, 4285.13
17120, 4292.31
17121, 4322.56
17122, 4362.05
17123, 4433.85
17124, 4478.46
17125, 4418.46
17126, 4330.77
17127, 4288.72
17128, 4294.36
17129, 4326.67
17130, 4371.28
17131, 4437.95
17132, 4473.85
17133, 4414.87
17134, 4326.15
17135, 4287.69
17136, 4303.59
17137, 4334.36
17138, 4364.62
17139, 4427.69
17140, 4473.85
17141, 4416.41
17142, 4322.56
17143, 4278.97
17144, 4288.72
17145, 4327.18
17146, 4375.38
17147, 4437.95
17148, 4473.33
17149, 4417.95
17150, 4332.31
17151, 4291.28
17152, 4296.92
17153, 4328.21
17154, 4374.36
17155, 4443.59
17156, 4477.95
17157, 4415.38
17158, 4331.28
17159, 4291.28
17160, 4294.36
17161, 4330.77
17162, 4377.95
17163, 4427.69
17164, 4422.05
17165, 4361.54
17166, 4365.13
17167, 4389.74
17168, 4345.64
17169, 4340
17170, 4386.15
17171, 4376.41
17172, 4351.79
17173, 4363.59
17174, 4371.28
17175, 4366.15
17176, 4370.77
17177, 4372.82
17178, 4364.1
17179, 4361.54
17180, 4362.56
17181, 4365.13
17182, 4369.74
17183, 4373.33
17184, 4370.77
17185, 4362.56
17186, 4359.49
17187, 4364.1
17188, 4369.74
17189, 4370.77
17190, 4362.05
17191, 4358.97
17192, 4370.26
17193, 4371.28
17194, 4366.67
17195, 4369.74
17196, 4368.72
17197, 4362.56
17198, 4364.62
17199, 4368.21
17200, 4366.67
17201, 4365.64
17202, 4365.13
17203, 4366.15
17204, 4371.28
17205, 4370.26
17206, 4364.1
17207, 4363.08
17208, 4362.56
17209, 4358.97
17210, 4360
17211, 4364.1
17212, 4363.08
17213, 4361.54
17214, 4368.21
17215, 4375.9
17216, 4373.85
17217, 4369.74
17218, 4366.67
17219, 4365.64
17220, 4369.23
17221, 4364.1
17222, 4355.9
17223, 4361.54
17224, 4369.23
17225, 4370.26
17226, 4369.74
17227, 4370.77
17228, 4371.28
17229, 4368.21
17230, 4365.64
17231, 4369.23
17232, 4375.9
17233, 4373.85
17234, 4366.15
17235, 4367.18
17236, 4369.74
17237, 4369.74
17238, 4368.72
17239, 4365.64
17240, 4366.67
17241, 4369.74
17242, 4368.21
17243, 4370.26
17244, 4374.87
17245, 4372.82
17246, 4367.69
17247, 4366.67
17248, 4369.74
17249, 4369.23
17250, 4367.18
17251, 4366.15
17252, 4363.08
17253, 4364.1
17254, 4365.64
17255, 4363.59
17256, 4362.05
17257, 4365.64
17258, 4373.33
17259, 4373.85
17260, 4368.21
17261, 4368.21
17262, 4369.74
17263, 4369.23
17264, 4370.77
17265, 4367.18
17266, 4363.08
17267, 4366.67
17268, 4369.74
17269, 4367.69
17270, 4370.26
17271, 4375.38
17272, 4367.69
17273, 4355.38
17274, 4354.36
17275, 4359.49
17276, 4366.67
17277, 4367.69
17278, 4360.51
17279, 4360.51
17280, 4365.13
17281, 4362.05
17282, 4355.9
17283, 4360
17284, 4363.08
17285, 4358.46
17286, 4363.08
17287, 4371.28
17288, 4372.82
17289, 4373.85
17290, 4367.18
17291, 4357.95
17292, 4360.51
17293, 4365.13
17294, 4364.62
17295, 4361.54
17296, 4361.03
17297, 4365.64
17298, 4373.33
17299, 4372.31
17300, 4360
17301, 4360.51
17302, 4370.77
17303, 4369.23
17304, 4362.05
17305, 4363.08
17306, 4365.64
17307, 4369.23
17308, 4371.79
17309, 4369.23
17310, 4368.72
17311, 4367.69
17312, 4363.08
17313, 4361.03
17314, 4364.62
17315, 4368.21
17316, 4366.15
17317, 4366.67
17318, 4367.18
17319, 4368.21
17320, 4372.31
17321, 4369.74
17322, 4365.13
17323, 4368.72
17324, 4374.36
17325, 4370.77
17326, 4361.03
17327, 4361.54
17328, 4367.18
17329, 4369.23
17330, 4370.77
17331, 4369.74
17332, 4366.67
17333, 4364.62
17334, 4365.13
17335, 4367.18
17336, 4365.64
17337, 4365.64
17338, 4371.79
17339, 4368.72
17340, 4379.49
17341, 4410.77
17342, 4384.1
17343, 4311.28
17344, 4293.33
17345, 4301.03
17346, 4276.41
17347, 4269.23
17348, 4280.51, estimuli
17349, 4251.79
17350, 4222.05
17351, 4234.36
17352, 4251.79
17353, 4258.46
17354, 4270.26
17355, 4295.9
17356, 4313.85
17357, 4313.85
17358, 4316.41
17359, 4320.51
17360, 4317.95
17361, 4313.33
17362, 4305.64
17363, 4298.97
17364, 4298.97
17365, 4303.59
17366, 4308.72
17367, 4315.38
17368, 4327.18
17369, 4328.72
17370, 4316.41
17371, 4308.21
17372, 4305.13
17373, 4295.38
17374, 4282.56
17375, 4284.62
17376, 4292.31
17377, 4282.56
17378, 4275.9
17379, 4289.23
17380, 4292.82
17381, 4282.05
17382, 4285.13
17383, 4294.36
17384, 4294.87
17385, 4298.97
17386, 4311.79
17387, 4314.87
17388, 4310.77
17389, 4311.28
17390, 4310.77
17391, 4311.79
17392, 4314.87
17393, 4317.95
17394, 4325.64
17395, 4332.31
17396, 4333.85
17397, 4328.72
17398, 4325.64
17399, 4331.28
17400, 4331.79
17401, 4323.08
17402, 4318.46
17403, 4327.69
17404, 4337.95
17405, 4335.9
17406, 4335.9
17407, 4343.59
17408, 4343.08
17409, 4335.9
17410, 4331.79
17411, 4332.82
17412, 4334.36
17413, 4338.97
17414, 4343.59
17415, 4342.05
17416, 4337.95
17417, 4338.97
17418, 4339.49
17419, 4338.97
17420, 4340
17421, 4338.97
17422, 4341.54
17423, 4344.1
17424, 4344.62
17425, 4346.67
17426, 4343.08
17427, 4338.46
17428, 4340.51
17429, 4343.08
17430, 4339.49
17431, 4340
17432, 4347.69
17433, 4345.13
17434, 4338.46
17435, 4346.15
17436, 4348.72
17437, 4334.36
17438, 4334.36
17439, 4352.31
17440, 4347.69
17441, 4355.38
17442, 4404.1
17443, 4413.33
17444, 4342.56
17445, 4267.69
17446, 4249.23
17447, 4284.1
17448, 4310.77
17449, 4354.87
17450, 4451.79
17451, 4476.92
17452, 4392.82
17453, 4292.82
17454, 4243.08
17455, 4269.74
17456, 4323.59
17457, 4386.15
17458, 4463.08
17459, 4467.69
17460, 4381.03
17461, 4302.05
17462, 4257.95
17463, 4263.08
17464, 4315.9
17465, 4385.13
17466, 4461.54
17467, 4465.64
17468, 4381.03
17469, 4298.97
17470, 4258.97
17471, 4278.46
17472, 4324.62
17473, 4380.51
17474, 4460.51
17475, 4468.72
17476, 4381.03
17477, 4301.54
17478, 4263.59
17479, 4277.95
17480, 4329.74
17481, 4391.28
17482, 4463.08
17483, 4472.31
17484, 4384.1
17485, 4297.95
17486, 4262.56
17487, 4278.97
17488, 4329.74
17489, 4389.74
17490, 4456.92
17491, 4470.26
17492, 4390.26
17493, 4301.54
17494, 4267.18
17495, 4291.28
17496, 4332.31
17497, 4378.97
17498, 4449.23
17499, 4458.97
17500, 4375.38
17501, 4297.95
17502, 4273.33
17503, 4297.44
17504, 4342.05
17505, 4387.18
17506, 4447.18
17507, 4454.87
17508, 4374.36
17509, 4298.46
17510, 4273.85
17511, 4294.87
17512, 4334.87
17513, 4384.62
17514, 4455.38
17515, 4468.21
17516, 4385.13
17517, 4301.03
17518, 4273.85
17519, 4297.95
17520, 4338.97
17521, 4387.18
17522, 4449.74
17523, 4455.9
17524, 4377.44
17525, 4302.56
17526, 4280.51
17527, 4301.03
17528, 4330.77
17529, 4381.54
17530, 4460.51
17531, 4465.64
17532, 4376.92
17533, 4302.56
17534, 4284.1
17535, 4300
17536, 4325.64
17537, 4373.33
17538, 4450.26
17539, 4462.56
17540, 4376.41
17541, 4295.38
17542, 4276.41
17543, 4304.62
17544, 4340
17545, 4380
17546, 4445.13
17547, 4457.95
17548, 4377.95
17549, 4296.41
17550, 4276.92
17551, 4305.13
17552, 4338.46
17553, 4378.97
17554, 4447.18
17555, 4461.03
17556, 4376.41
17557, 4293.85
17558, 4275.38
17559, 4304.1
17560, 4342.05
17561, 4382.56
17562, 4444.1
17563, 4457.95
17564, 4382.05
17565, 4303.59
17566, 4275.9
17567, 4295.38
17568, 4338.97
17569, 4387.69
17570, 4424.1
17571, 4389.23
17572, 4343.08
17573, 4378.46
17574, 4378.97
17575, 4323.59
17576, 4348.72
17577, 4386.67
17578, 4362.05
17579, 4353.33
17580, 4362.56
17581, 4360.51
17582, 4362.05
17583, 4364.62
17584, 4363.59
17585, 4365.64
17586, 4364.1
17587, 4362.05
17588, 4366.15
17589, 4362.56
17590, 4357.44
17591, 4361.54
17592, 4365.13
17593, 4366.15
17594, 4367.69
17595, 4369.74
17596, 4373.85
17597, 4373.33
17598, 4368.21
17599, 4364.62
17600, 4358.97
17601, 4356.92
17602, 4359.49
17603, 4361.54
17604, 4368.21
17605, 4372.82
17606, 4366.67
17607, 4361.03
17608, 4367.69
17609, 4371.79
17610, 4358.97
17611, 4351.79
17612, 4362.56
17613, 4370.26
17614, 4366.67
17615, 4365.64
17616, 4369.23
17617, 4370.26
17618, 4370.26
17619, 4371.28
17620, 4367.18
17621, 4360.51
17622, 4361.54
17623, 4367.18
17624, 4370.26
17625, 4363.59
17626, 4360
17627, 4365.13
17628, 4364.62
17629, 4365.13
17630, 4369.23
17631, 4364.1
17632, 4359.49
17633, 4362.05
17634, 4360
17635, 4355.38
17636, 4362.56
17637, 4370.77
17638, 4369.23
17639, 4367.18
17640, 4368.72
17641, 4364.62
17642, 4360.51
17643, 4364.1
17644, 4365.64
17645, 4364.62
17646, 4364.62
17647, 4365.64
17648, 4366.15
17649, 4368.21
17650, 4370.77
17651, 4368.72
17652, 4362.05
17653, 4357.95
17654, 4360
17655, 4364.1
17656, 4362.56
17657, 4361.54
17658, 4366.67
17659, 4364.62
17660, 4360
17661, 4364.62
17662, 4370.26
17663, 4369.74
17664, 4368.21
17665, 4369.74
17666, 4370.77
17667, 4369.74
17668, 4368.21
17669, 4368.72
17670, 4370.77
17671, 4366.15
17672, 4360
17673, 4363.08
17674, 4365.13
17675, 4363.08
17676, 4366.67
17677, 4370.77
17678, 4366.15
17679, 4361.54
17680, 4367.69
17681, 4366.67
17682, 4356.92
17683, 4361.03
17684, 4369.74
17685, 4366.15
17686, 4362.56
17687, 4370.26
17688, 4375.38
17689, 4369.23
17690, 4363.59
17691, 4366.15
17692, 4369.23
17693, 4370.77
17694, 4371.79
17695, 4372.31
17696, 4372.82
17697, 4367.69
17698, 4365.13
17699, 4368.21
17700, 4370.77
17701, 4371.79
17702, 4370.77
17703, 4369.23
17704, 4374.87
17705, 4375.38
17706, 4363.59
17707, 4361.03
17708, 4371.28
17709, 4373.33
17710, 4369.23
17711, 4371.79
17712, 4373.85
17713, 4369.74
17714, 4368.21
17715, 4371.79
17716, 4374.87
17717, 4370.77
17718, 4367.18
17719, 4370.26
17720, 4369.74
17721, 4368.21
17722, 4371.79
17723, 4370.26
17724, 4368.21
17725, 4371.28
17726, 4370.77
17727, 4369.23
17728, 4372.82
17729, 4373.33
17730, 4373.33
17731, 4375.38
17732, 4370.26
17733, 4366.67
17734, 4371.28
17735, 4370.77
17736, 4370.77
17737, 4377.95
17738, 4374.36
17739, 4367.69
17740, 4370.26
17741, 4371.79
17742, 4372.82
17743, 4372.31
17744, 4366.67
17745, 4367.18
17746, 4372.31
17747, 4373.33
17748, 4369.23
17749, 4372.31
17750, 4375.38
17751, 4371.28
17752, 4369.23
17753, 4368.72
17754, 4365.64
17755, 4366.15
17756, 4371.79
17757, 4371.79
17758, 4369.74
17759, 4388.72
17760, 4400.51
17761, 4354.36
17762, 4302.05
17763, 4300
17764, 4297.95, estimuli
17765, 4267.18
17766, 4246.67
17767, 4243.08
17768, 4237.95
17769, 4230.26
17770, 4241.03
17771, 4265.13
17772, 4277.44
17773, 4287.18
17774, 4307.18
17775, 4316.41
17776, 4305.13
17777, 4295.9
17778, 4301.03
17779, 4307.69
17780, 4306.67
17781, 4303.08
17782, 4305.13
17783, 4309.23
17784, 4318.97
17785, 4328.72
17786, 4328.72
17787, 4327.69
17788, 4328.72
17789, 4318.97
17790, 4309.23
17791, 4311.79
17792, 4310.77
17793, 4305.13
17794, 4302.56
17795, 4298.46
17796, 4297.44
17797, 4298.97
17798, 4299.49
17799, 4296.41
17800, 4295.38
17801, 4298.46
17802, 4300.51
17803, 4294.36
17804, 4284.1
17805, 4287.18
17806, 4293.85
17807, 4289.74
17808, 4288.21
17809, 4293.33
17810, 4293.85
17811, 4294.87
17812, 4297.95
17813, 4294.87
17814, 4294.87
17815, 4298.46
17816, 4297.95
17817, 4294.36
17818, 4292.31
17819, 4294.36
17820, 4293.85
17821, 4291.79
17822, 4296.41
17823, 4304.1
17824, 4302.56
17825, 4298.46
17826, 4302.56
17827, 4303.08
17828, 4297.95
17829, 4300
17830, 4304.1
17831, 4305.13
17832, 4306.15
17833, 4310.26
17834, 4313.85
17835, 4308.72
17836, 4305.13
17837, 4307.69
17838, 4307.18
17839, 4308.72
17840, 4314.36
17841, 4313.85
17842, 4310.26
17843, 4311.79
17844, 4313.33
17845, 4316.41
17846, 4323.59
17847, 4323.59
17848, 4314.87
17849, 4312.31
17850, 4315.38
17851, 4313.85
17852, 4307.69
17853, 4307.69
17854, 4316.41
17855, 4321.54
17856, 4318.46
17857, 4318.46
17858, 4328.72
17859, 4321.54
17860, 4318.97
17861, 4364.1
17862, 4396.92
17863, 4350.26
17864, 4276.41
17865, 4237.95
17866, 4255.9
17867, 4287.18
17868, 4307.18
17869, 4391.28
17870, 4466.15
17871, 4407.69
17872, 4297.44
17873, 4226.67
17874, 4228.21
17875, 4278.46
17876, 4334.36
17877, 4412.82
17878, 4467.18
17879, 4405.64
17880, 4300
17881, 4239.49
17882, 4235.38
17883, 4282.56
17884, 4339.49
17885, 4416.92
17886, 4470.77
17887, 4405.64
17888, 4301.03
17889, 4246.15
17890, 4245.64
17891, 4286.15
17892, 4337.95
17893, 4422.56
17894, 4481.03
17895, 4410.26
17896, 4297.95
17897, 4242.05
17898, 4248.21
17899, 4291.79
17900, 4338.46
17901, 4412.82
17902, 4470.26
17903, 4409.23
17904, 4303.59
17905, 4249.74
17906, 4249.74
17907, 4285.64
17908, 4335.38
17909, 4412.82
17910, 4468.72
17911, 4409.74
17912, 4307.69
17913, 4254.36
17914, 4256.41
17915, 4297.95
17916, 4346.15
17917, 4412.31
17918, 4466.15
17919, 4413.33
17920, 4306.67
17921, 4252.31
17922, 4264.62
17923, 4304.1
17924, 4341.03
17925, 4408.21
17926, 4462.56
17927, 4403.59
17928, 4303.08
17929, 4256.41
17930, 4263.08
17931, 4302.56
17932, 4349.23
17933, 4417.44
17934, 4470.26
17935, 4411.79
17936, 4306.15
17937, 4257.44
17938, 4269.74
17939, 4306.67
17940, 4346.67
17941, 4415.38
17942, 4463.59
17943, 4401.03
17944, 4304.1
17945, 4264.1
17946, 4271.79
17947, 4304.1
17948, 4352.82
17949, 4422.05
17950, 4462.05
17951, 4405.64
17952, 4315.38
17953, 4265.13
17954, 4272.82
17955, 4310.26
17956, 4346.15
17957, 4412.31
17958, 4466.15
17959, 4409.23
17960, 4310.77
17961, 4264.1
17962, 4273.33
17963, 4309.74
17964, 4352.82
17965, 4420
17966, 4466.15
17967, 4406.67
17968, 4312.31
17969, 4271.28
17970, 4281.54
17971, 4317.44
17972, 4361.03
17973, 4430.77
17974, 4476.41
17975, 4408.72
17976, 4304.62
17977, 4265.64
17978, 4280.51
17979, 4311.79
17980, 4354.36
17981, 4424.62
17982, 4466.15
17983, 4407.18
17984, 4315.9
17985, 4272.31
17986, 4279.49
17987, 4317.44
17988, 4358.97
17989, 4401.54
17990, 4403.08
17991, 4352.82
17992, 4359.49
17993, 4386.15
17994, 4333.85
17995, 4322.05
17996, 4380.51
17997, 4378.46
17998, 4351.28
17999, 4355.38
18000, 4357.95
18001, 4361.03
18002, 4366.15
18003, 4360
18004, 4351.28
18005, 4355.9
18006, 4363.59
18007, 4364.62
18008, 4363.59
18009, 4360.51
18010, 4356.92
18011, 4356.92
18012, 4362.56
18013, 4365.64
18014, 4361.54
18015, 4363.59
18016, 4372.31
18017, 4371.28
18018, 4363.59
18019, 4365.13
18020, 4366.15
18021, 4365.13
18022, 4369.23
18023, 4369.23
18024, 4361.54
18025, 4360.51
18026, 4365.64
18027, 4367.18
18028, 4367.69
18029, 4367.69
18030, 4365.64
18031, 4364.62
18032, 4362.56
18033, 4361.54
18034, 4364.62
18035, 4363.08
18036, 4360.51
18037, 4363.08
18038, 4364.62
18039, 4365.64
18040, 4366.67
18041, 4362.05
18042, 4357.95
18043, 4362.05
18044, 4364.62
18045, 4359.49
18046, 4356.41
18047, 4356.92
18048, 4356.41
18049, 4357.95
18050, 4360.51
18051, 4362.56
18052, 4364.62
18053, 4364.1
18054, 4361.54
18055, 4361.03
18056, 4363.08
18057, 4358.97
18058, 4350.26
18059, 4351.79
18060, 4360
18061, 4363.08
18062, 4362.56
18063, 4361.54
18064, 4364.1
18065, 4366.15
18066, 4363.08
18067, 4358.46
18068, 4357.95
18069, 4362.05
18070, 4367.18
18071, 4367.69
18072, 4361.03
18073, 4356.41
18074, 4360.51
18075, 4365.64
18076, 4361.54
18077, 4352.31
18078, 4353.33
18079, 4360
18080, 4357.44
18081, 4356.41
18082, 4367.69
18083, 4369.74
18084, 4360.51
18085, 4362.05
18086, 4370.77
18087, 4370.26
18088, 4364.1
18089, 4363.08
18090, 4369.74
18091, 4372.82
18092, 4366.67
18093, 4364.1
18094, 4366.15
18095, 4365.13
18096, 4365.13
18097, 4367.18
18098, 4365.64
18099, 4365.64
18100, 4371.79
18101, 4372.82
18102, 4367.18
18103, 4363.59
18104, 4362.56
18105, 4364.62
18106, 4365.13
18107, 4357.44
18108, 4356.92
18109, 4363.59
18110, 4362.56
18111, 4355.9
18112, 4359.49
18113, 4366.67
18114, 4362.56
18115, 4356.92
18116, 4361.54
18117, 4367.18
18118, 4363.08
18119, 4359.49
18120, 4364.1
18121, 4365.64
18122, 4362.05
18123, 4360.51
18124, 4362.56
18125, 4363.59
18126, 4361.54
18127, 4359.49
18128, 4361.03
18129, 4361.03
18130, 4357.44
18131, 4357.95
18132, 4357.95
18133, 4350.77
18134, 4349.23
18135, 4356.92
18136, 4365.64
18137, 4369.23
18138, 4357.95
18139, 4356.92
18140, 4388.72
18141, 4386.67
18142, 4330.26
18143, 4290.26
18144, 4275.38
18145, 4268.21
18146, 4284.62
18147, 4290.26
18148, 4263.08
18149, 4251.28
18150, 4253.33
18151, 4247.18
18152, 4258.97
18153, 4287.69
18154, 4313.85
18155, 4330.77
18156, 4338.46
18157, 4336.41
18158, 4333.85
18159, 4339.49
18160, 4337.95
18161, 4334.87
18162, 4339.49
18163, 4330.77
18164, 4315.38
18165, 4321.54
18166, 4338.97
18167, 4345.13
18168, 4343.59
18169, 4340
18170, 4331.28
18171, 4320
18172, 4313.33, estimuli
18173, 4312.82
18174, 4313.33
18175, 4310.26
18176, 4305.64
18177, 4302.05
18178, 4299.49
18179, 4300
18180, 4304.1
18181, 4305.64
18182, 4303.59
18183, 4301.54
18184, 4302.05
18185, 4301.03
18186, 4292.31
18187, 4288.72
18188, 4298.46
18189, 4305.13
18190, 4300.51
18191, 4294.87
18192, 4295.38
18193, 4295.9
18194, 4298.97
18195, 4303.59
18196, 4305.64
18197, 4304.1
18198, 4303.59
18199, 4303.08
18200, 4297.95
18201, 4297.95
18202, 4304.62
18203, 4303.08
18204, 4296.41
18205, 4300
18206, 4307.69
18207, 4308.21
18208, 4307.18
18209, 4303.08
18210, 4297.44
18211, 4301.03
18212, 4307.69
18213, 4307.18
18214, 4308.72
18215, 4311.28
18216, 4307.69
18217, 4308.21
18218, 4314.87
18219, 4315.9
18220, 4313.33
18221, 4314.87
18222, 4316.41
18223, 4317.95
18224, 4321.54
18225, 4321.54
18226, 4317.95
18227, 4315.38
18228, 4317.95
18229, 4320.51
18230, 4320
18231, 4322.56
18232, 4326.67
18233, 4327.18
18234, 4328.21
18235, 4329.74
18236, 4329.74
18237, 4331.28
18238, 4334.87
18239, 4336.41
18240, 4338.97
18241, 4343.08
18242, 4335.38
18243, 4324.62
18244, 4331.28
18245, 4337.95
18246, 4329.23
18247, 4327.18
18248, 4332.82
18249, 4329.74
18250, 4324.62
18251, 4328.21
18252, 4331.79
18253, 4336.41
18254, 4336.92
18255, 4328.72
18256, 4328.72
18257, 4335.38
18258, 4330.77
18259, 4324.62
18260, 4325.64
18261, 4327.69
18262, 4326.67
18263, 4334.87
18264, 4333.85
18265, 4318.46
18266, 4349.23
18267, 4405.13
18268, 4387.69
18269, 4307.69
18270, 4248.72
18271, 4242.05
18272, 4276.92
18273, 4301.03
18274, 4353.33
18275, 4446.67
18276, 4448.21
18277, 4349.23
18278, 4249.74
18279, 4216.92
18280, 4256.41
18281, 4313.33
18282, 4378.46
18283, 4447.18
18284, 4431.28
18285, 4333.33
18286, 4250.26
18287, 4221.54
18288, 4256.92
18289, 4312.82
18290, 4375.9
18291, 4450.77
18292, 4438.97
18293, 4345.13
18294, 4269.23
18295, 4237.95
18296, 4262.56
18297, 4311.28
18298, 4371.79
18299, 4450.77
18300, 4440
18301, 4333.85
18302, 4254.36
18303, 4235.9
18304, 4269.23
18305, 4320
18306, 4384.1
18307, 4461.03
18308, 4445.13
18309, 4339.49
18310, 4264.1
18311, 4243.59
18312, 4267.69
18313, 4315.9
18314, 4383.59
18315, 4457.44
18316, 4437.44
18317, 4331.79
18318, 4263.08
18319, 4252.82
18320, 4282.05
18321, 4326.15
18322, 4382.05
18323, 4450.26
18324, 4439.49
18325, 4336.92
18326, 4261.03
18327, 4256.41
18328, 4289.74
18329, 4321.54
18330, 4383.08
18331, 4465.13
18332, 4445.13
18333, 4337.95
18334, 4268.21
18335, 4259.49
18336, 4287.69
18337, 4326.15
18338, 4386.15
18339, 4456.92
18340, 4437.95
18341, 4336.92
18342, 4269.23
18343, 4263.08
18344, 4291.28
18345, 4331.79
18346, 4390.26
18347, 4450.77
18348, 4429.23
18349, 4341.54
18350, 4278.46
18351, 4257.95
18352, 4282.05
18353, 4330.26
18354, 4389.74
18355, 4452.82
18356, 4433.85
18357, 4337.44
18358, 4269.23
18359, 4260
18360, 4288.21
18361, 4328.21
18362, 4386.15
18363, 4451.28
18364, 4435.38
18365, 4341.54
18366, 4274.87
18367, 4266.67
18368, 4292.82
18369, 4325.64
18370, 4383.08
18371, 4459.49
18372, 4446.67
18373, 4337.44
18374, 4258.97
18375, 4261.54
18376, 4300.51
18377, 4330.26
18378, 4382.56
18379, 4454.36
18380, 4436.41
18381, 4341.03
18382, 4276.92
18383, 4264.1
18384, 4292.82
18385, 4334.36
18386, 4387.69
18387, 4453.33
18388, 4439.49
18389, 4342.56
18390, 4274.87
18391, 4270.77
18392, 4300
18393, 4325.13
18394, 4365.64
18395, 4406.67
18396, 4368.72
18397, 4333.33
18398, 4373.85
18399, 4356.92
18400, 4306.67
18401, 4346.67
18402, 4372.82
18403, 4342.05
18404, 4337.95
18405, 4346.67
18406, 4345.13
18407, 4344.62
18408, 4346.15
18409, 4350.26
18410, 4353.85
18411, 4347.69
18412, 4342.05
18413, 4345.13
18414, 4348.21
18415, 4346.67
18416, 4342.56
18417, 4342.05
18418, 4344.1
18419, 4346.15
18420, 4347.69
18421, 4348.21
18422, 4349.74
18423, 4358.46
18424, 4361.54
18425, 4351.79
18426, 4344.62
18427, 4347.69
18428, 4351.28
18429, 4349.23
18430, 4349.23
18431, 4350.77
18432, 4351.28
18433, 4352.82
18434, 4352.31
18435, 4349.74
18436, 4347.69
18437, 4346.15
18438, 4342.05
18439, 4340.51
18440, 4350.26
18441, 4356.41
18442, 4347.69
18443, 4344.62
18444, 4353.85
18445, 4355.38
18446, 4351.79
18447, 4353.85
18448, 4355.38
18449, 4354.87
18450, 4356.41
18451, 4356.92
18452, 4354.36
18453, 4351.79
18454, 4352.31
18455, 4356.92
18456, 4358.97
18457, 4353.85
18458, 4352.82
18459, 4353.85
18460, 4352.82
18461, 4358.97
18462, 4366.67
18463, 4363.08
18464, 4358.46
18465, 4358.97
18466, 4356.92
18467, 4352.82
18468, 4354.87
18469, 4356.92
18470, 4355.9
18471, 4354.36
18472, 4356.92
18473, 4360
18474, 4356.92
18475, 4358.97
18476, 4367.18
18477, 4362.05
18478, 4351.28
18479, 4350.26
18480, 4352.31
18481, 4351.79
18482, 4353.33
18483, 4351.79
18484, 4350.77
18485, 4352.31
18486, 4348.21
18487, 4345.64
18488, 4351.28
18489, 4355.38
18490, 4354.36
18491, 4356.41
18492, 4360
18493, 4356.41
18494, 4352.31
18495, 4352.31
18496, 4354.36
18497, 4355.9
18498, 4354.87
18499, 4353.85
18500, 4355.9
18501, 4355.38
18502, 4355.38
18503, 4356.92
18504, 4348.21
18505, 4342.56
18506, 4352.82
18507, 4358.46
18508, 4348.72
18509, 4346.15
18510, 4353.85
18511, 4355.38
18512, 4352.31
18513, 4352.31
18514, 4350.77
18515, 4349.23
18516, 4352.82
18517, 4354.87
18518, 4353.85
18519, 4357.44
18520, 4362.05
18521, 4361.54
18522, 4359.49
18523, 4356.92
18524, 4353.85
18525, 4359.49
18526, 4362.56
18527, 4349.74
18528, 4343.59
18529, 4353.33
18530, 4358.46
18531, 4352.82
18532, 4354.36
18533, 4357.44
18534, 4354.36
18535, 4355.38
18536, 4357.44
18537, 4350.26
18538, 4347.18
18539, 4351.79
18540, 4351.79
18541, 4346.15
18542, 4348.21
18543, 4352.82
18544, 4352.82
18545, 4353.85
18546, 4355.38
18547, 4352.82
18548, 4353.85
18549, 4361.03
18550, 4356.92
18551, 4348.21
18552, 4351.28
18553, 4356.92
18554, 4355.38
18555, 4355.9
18556, 4360
18557, 4363.08
18558, 4361.03
18559, 4351.79
18560, 4349.23
18561, 4357.95
18562, 4361.03
18563, 4359.49
18564, 4359.49
18565, 4354.87
18566, 4353.85
18567, 4358.97
18568, 4358.97
18569, 4358.46
18570, 4361.54
18571, 4358.97
18572, 4355.9
18573, 4358.46
18574, 4360
18575, 4357.95
18576, 4358.97
18577, 4361.54
18578, 4361.03
18579, 4358.46
18580, 4355.38
18581, 4355.9
18582, 4363.59
18583, 4365.13
18584, 4356.92
18585, 4359.49
18586, 4367.18
18587, 4357.95
18588, 4350.77
18589, 4358.46
18590, 4360.51
18591, 4354.87
18592, 4354.36
18593, 4358.46
18594, 4359.49
18595, 4358.97
18596, 4382.05
18597, 4400
18598, 4350.26
18599, 4291.28
18600, 4290.77
18601, 4285.64
18602, 4261.54
18603, 4285.64
18604, 4316.92, estimuli
18605, 4295.38
18606, 4268.21
18607, 4270.77
18608, 4284.62
18609, 4298.46
18610, 4324.1
18611, 4353.33
18612, 4367.69
18613, 4361.03
18614, 4347.69
18615, 4346.67
18616, 4355.9
18617, 4358.46
18618, 4354.36
18619, 4350.77
18620, 4346.15
18621, 4344.62
18622, 4354.36
18623, 4362.05
18624, 4362.56
18625, 4370.26
18626, 4378.97
18627, 4370.77
18628, 4355.9
18629, 4349.74
18630, 4344.62
18631, 4334.36
18632, 4332.82
18633, 4338.46
18634, 4338.97
18635, 4335.9
18636, 4334.36
18637, 4335.38
18638, 4341.03
18639, 4343.08
18640, 4336.92
18641, 4338.46
18642, 4340
18643, 4335.9
18644, 4338.46
18645, 4343.08
18646, 4343.08
18647, 4346.67
18648, 4348.72
18649, 4347.18
18650, 4353.33
18651, 4355.9
18652, 4351.79
18653, 4356.41
18654, 4361.54
18655, 4357.44
18656, 4354.87
18657, 4355.38
18658, 4352.82
18659, 4347.18
18660, 4345.13
18661, 4352.31
18662, 4353.33
18663, 4343.08
18664, 4337.95
18665, 4336.41
18666, 4330.77
18667, 4330.77
18668, 4336.41
18669, 4333.33
18670, 4326.15
18671, 4325.13
18672, 4325.13
18673, 4320.51
18674, 4319.49
18675, 4324.62
18676, 4326.67
18677, 4323.08
18678, 4322.05
18679, 4322.56
18680, 4322.05
18681, 4324.62
18682, 4328.72
18683, 4328.72
18684, 4328.21
18685, 4332.31
18686, 4334.36
18687, 4331.79
18688, 4334.87
18689, 4340
18690, 4337.95
18691, 4337.95
18692, 4341.03
18693, 4337.44
18694, 4332.82
18695, 4333.85
18696, 4336.41
18697, 4339.49
18698, 4338.46
18699, 4344.62
18700, 4350.77
18701, 4336.92
18702, 4356.41
18703, 4411.28
18704, 4404.62
18705, 4328.72
18706, 4266.15
18707, 4256.41
18708, 4289.74
18709, 4314.36
18710, 4369.23
18711, 4469.74
18712, 4476.41
18713, 4377.44
18714, 4277.95
18715, 4238.97
18716, 4274.87
18717, 4333.85
18718, 4401.03
18719, 4474.36
18720, 4462.05
18721, 4357.95
18722, 4273.85
18723, 4245.13
18724, 4275.9
18725, 4329.74
18726, 4391.28
18727, 4472.31
18728, 4467.18
18729, 4365.64
18730, 4288.21
18731, 4259.49
18732, 4281.54
18733, 4332.31
18734, 4396.92
18735, 4475.9
18736, 4467.18
18737, 4363.59
18738, 4287.69
18739, 4262.56
18740, 4281.54
18741, 4331.79
18742, 4400
18743, 4478.46
18744, 4469.74
18745, 4368.21
18746, 4287.69
18747, 4258.46
18748, 4279.49
18749, 4330.77
18750, 4391.79
18751, 4459.49
18752, 4450.77
18753, 4352.82
18754, 4278.46
18755, 4265.13
18756, 4289.74
18757, 4328.21
18758, 4391.79
18759, 4470.77
18760, 4459.49
18761, 4363.59
18762, 4291.79
18763, 4264.1
18764, 4285.13
18765, 4336.92
18766, 4393.85
18767, 4456.41
18768, 4454.87
18769, 4363.08
18770, 4283.59
18771, 4272.31
18772, 4303.08
18773, 4334.36
18774, 4384.1
18775, 4459.49
18776, 4457.44
18777, 4362.05
18778, 4286.67
18779, 4273.85
18780, 4303.08
18781, 4338.46
18782, 4387.18
18783, 4460.51
18784, 4457.44
18785, 4360
18786, 4284.62
18787, 4272.82
18788, 4301.54
18789, 4337.95
18790, 4386.67
18791, 4456.92
18792, 4449.74
18793, 4355.38
18794, 4287.69
18795, 4278.46
18796, 4305.13
18797, 4343.08
18798, 4395.38
18799, 4463.59
18800, 4458.46
18801, 4361.03
18802, 4282.56
18803, 4269.23
18804, 4301.03
18805, 4341.03
18806, 4393.85
18807, 4465.13
18808, 4456.92
18809, 4357.44
18810, 4286.67
18811, 4278.97
18812, 4302.56
18813, 4339.49
18814, 4401.03
18815, 4472.31
18816, 4458.46
18817, 4362.56
18818, 4290.77
18819, 4278.97
18820, 4308.21
18821, 4347.18
18822, 4399.49
18823, 4464.1
18824, 4454.36
18825, 4366.15
18826, 4302.56
18827, 4285.13
18828, 4299.49
18829, 4337.95
18830, 4389.74
18831, 4423.59
18832, 4382.05
18833, 4345.13
18834, 4383.59
18835, 4375.38
18836, 4326.67
18837, 4361.03
18838, 4397.44
18839, 4368.21
18840, 4352.82
18841, 4358.97
18842, 4365.13
18843, 4370.26
18844, 4369.23
18845, 4367.18
18846, 4369.23
18847, 4368.21
18848, 4364.62
18849, 4364.62
18850, 4366.15
18851, 4366.67
18852, 4366.67
18853, 4370.77
18854, 4374.87
18855, 4370.77
18856, 4363.59
18857, 4363.59
18858, 4365.64
18859, 4363.08
18860, 4362.05
18861, 4366.15
18862, 4370.77
18863, 4371.28
18864, 4367.69
18865, 4364.1
18866, 4367.18
18867, 4371.28
18868, 4367.69
18869, 4364.1
18870, 4368.72
18871, 4372.82
18872, 4369.74
18873, 4368.21
18874, 4368.72
18875, 4367.18
18876, 4366.67
18877, 4364.1
18878, 4360.51
18879, 4364.62
18880, 4373.85
18881, 4375.9
18882, 4369.74
18883, 4368.21
18884, 4374.87
18885, 4375.38
18886, 4365.64
18887, 4355.38
18888, 4352.82
18889, 4359.49
18890, 4366.15
18891, 4363.59
18892, 4363.59
18893, 4366.15
18894, 4363.59
18895, 4364.62
18896, 4367.69
18897, 4366.15
18898, 4363.59
18899, 4364.62
18900, 4364.62
18901, 4366.15
18902, 4368.72
18903, 4368.72
18904, 4366.15
18905, 4366.15
18906, 4371.79
18907, 4375.38
18908, 4366.15
18909, 4358.46
18910, 4362.05
18911, 4368.72
18912, 4371.28
18913, 4368.72
18914, 4363.59
18915, 4362.05
18916, 4365.13
18917, 4368.21
18918, 4369.74
18919, 4371.28
18920, 4367.18
18921, 4364.1
18922, 4368.21
18923, 4369.23
18924, 4367.69
18925, 4368.21
18926, 4369.74
18927, 4373.33
18928, 4375.9
18929, 4374.87
18930, 4371.28
18931, 4365.64
18932, 4366.67
18933, 4379.49
18934, 4377.95
18935, 4364.62
18936, 4370.26
18937, 4380
18938, 4373.85
18939, 4372.31
18940, 4377.44
18941, 4373.33
18942, 4370.77
18943, 4372.31
18944, 4368.72
18945, 4367.69
18946, 4369.74
18947, 4368.21
18948, 4365.64
18949, 4368.21
18950, 4371.79
18951, 4371.28
18952, 4370.77
18953, 4374.87
18954, 4372.82
18955, 4369.23
18956, 4374.36
18957, 4375.38
18958, 4370.77
18959, 4370.26
18960, 4372.82
18961, 4376.41
18962, 4366.67
18963, 4366.67
18964, 4403.08
18965, 4400.51
18966, 4336.92
18967, 4301.54
18968, 4303.59
18969, 4300
18970, 4311.28
18971, 4326.15
18972, 4308.72
18973, 4293.85
18974, 4293.85
18975, 4293.33
18976, 4305.13
18977, 4328.21
18978, 4351.79
18979, 4369.23
18980, 4368.21
18981, 4357.44
18982, 4357.44
18983, 4365.64
18984, 4371.28
18985, 4374.36
18986, 4371.79
18987, 4361.54
18988, 4353.85
18989, 4353.85
18990, 4360.51
18991, 4369.74
18992, 4374.36
18993, 4376.41
18994, 4376.92
18995, 4368.72
18996, 4355.9
18997, 4351.28
18998, 4353.33
18999, 4350.26
19000, 4339.49
19001, 4333.85
19002, 4335.38
19003, 4333.33
19004, 4327.69
19005, 4331.28
19006, 4342.05
19007, 4335.38
19008, 4322.05
19009, 4325.64
19010, 4330.26
19011, 4328.21
19012, 4329.23
19013, 4325.13
19014, 4318.97
19015, 4322.05
19016, 4328.21
19017, 4328.72
19018, 4327.69
19019, 4327.18
19020, 4325.64
19021, 4317.95
19022, 4313.33
19023, 4321.03
19024, 4327.69
19025, 4327.69
19026, 4330.26
19027, 4332.31
19028, 4330.26
19029, 4327.69
19030, 4330.77
19031, 4334.36
19032, 4331.79
19033, 4329.23
19034, 4331.28
19035, 4332.82
19036, 4332.31
19037, 4336.41
19038, 4341.54
19039, 4341.54
19040, 4337.44
19041, 4333.33
19042, 4334.36
19043, 4336.41
19044, 4337.95
19045, 4341.03
19046, 4340.51
19047, 4336.41
19048, 4335.9
19049, 4338.46
19050, 4338.46
19051, 4336.92
19052, 4338.46
19053, 4343.59
19054, 4344.1
19055, 4337.44
19056, 4335.9
19057, 4341.03
19058, 4343.08
19059, 4337.95
19060, 4336.92
19061, 4341.03
19062, 4343.08
19063, 4341.54
19064, 4338.46
19065, 4340
19066, 4347.18
19067, 4348.72
19068, 4339.49
19069, 4332.31
19070, 4338.46
19071, 4345.64
19072, 4342.56
19073, 4338.46
19074, 4340.51
19075, 4342.05
19076, 4340.51
19077, 4340
19078, 4342.56
19079, 4348.21
19080, 4348.72
19081, 4347.18
19082, 4349.23
19083, 4351.28
19084, 4348.72
19085, 4349.23
19086, 4352.82
19087, 4349.23
19088, 4345.13
19089, 4348.72
19090, 4350.77
19091, 4346.67
19092, 4348.21
19093, 4354.87
19094, 4354.36
19095, 4346.15
19096, 4345.64
19097, 4350.77
19098, 4352.31
19099, 4350.77
19100, 4346.15
19101, 4342.56
19102, 4347.18
19103, 4352.82
19104, 4349.23
19105, 4349.74
19106, 4357.95
19107, 4355.38
19108, 4350.26
19109, 4354.36
19110, 4357.44
19111, 4352.31
19112, 4347.69
19113, 4346.15
19114, 4350.77
19115, 4353.33
19116, 4350.77
19117, 4352.31
19118, 4355.9
19119, 4355.9
19120, 4355.38
19121, 4357.95
19122, 4355.9
19123, 4352.31
19124, 4355.38
19125, 4355.9
19126, 4352.82
19127, 4352.82
19128, 4352.82
19129, 4351.79
19130, 4352.31
19131, 4350.26
19132, 4347.18
19133, 4349.23
19134, 4352.82
19135, 4353.33
19136, 4356.41
19137, 4364.1
19138, 4361.54
19139, 4352.31
19140, 4354.36
19141, 4358.46
19142, 4348.21
19143, 4338.97
19144, 4344.62
19145, 4352.31
19146, 4356.92
19147, 4358.97
19148, 4354.36
19149, 4349.74
19150, 4352.82
19151, 4354.87
19152, 4353.85
19153, 4352.31
19154, 4352.82
19155, 4355.9
19156, 4352.82
19157, 4348.72
19158, 4352.31
19159, 4352.31
19160, 4347.69
19161, 4349.23
19162, 4351.79
19163, 4353.33
19164, 4354.87
19165, 4355.9
19166, 4357.44
19167, 4360
19168, 4358.97
19169, 4352.82
19170, 4351.28
19171, 4354.87
19172, 4355.38
19173, 4354.36
19174, 4357.44
19175, 4360
19176, 4355.38
19177, 4350.77
19178, 4352.31
19179, 4355.9
19180, 4361.54
19181, 4369.74
19182, 4367.18
19183, 4357.44
19184, 4357.44
19185, 4362.56
19186, 4356.92
19187, 4347.18
19188, 4349.23
19189, 4355.9
19190, 4357.95
19191, 4358.46
19192, 4357.95
19193, 4358.46
19194, 4358.46
19195, 4355.9
19196, 4353.85
19197, 4355.38
19198, 4360.51
19199, 4360
19200, 4353.33
19201, 4356.92
19202, 4362.56
19203, 4357.44
19204, 4352.31
19205, 4354.87
19206, 4356.92
19207, 4355.9
19208, 4359.49
19209, 4363.08
19210, 4358.97
19211, 4353.33
19212, 4353.33
19213, 4356.41
19214, 4360.51
19215, 4357.44
19216, 4347.18
19217, 4365.64
19218, 4392.82
19219, 4362.56
19220, 4300
19221, 4280.51
19222, 4295.38
19223, 4302.05
19224, 4307.18, estimuli
19225, 4315.38
19226, 4306.67
19227, 4284.62
19228, 4278.46
19229, 4297.95
19230, 4316.41
19231, 4327.18
19232, 4343.08
19233, 4357.44
19234, 4365.64
19235, 4368.72
19236, 4370.26
19237, 4373.33
19238, 4373.85
19239, 4369.23
19240, 4366.15
19241, 4366.67
19242, 4365.64
19243, 4363.08
19244, 4367.18
19245, 4372.31
19246, 4370.26
19247, 4368.72
19248, 4369.23
19249, 4366.15
19250, 4365.13
19251, 4361.03
19252, 4349.23
19253, 4341.54
19254, 4342.56
19255, 4342.56
19256, 4337.95
19257, 4331.28
19258, 4325.13
19259, 4321.03
19260, 4316.92
19261, 4317.95
19262, 4324.62
19263, 4324.1
19264, 4321.54
19265, 4328.21
19266, 4327.69
19267, 4317.95
19268, 4317.95
19269, 4321.03
19270, 4320.51
19271, 4322.56
19272, 4323.08
19273, 4317.95
19274, 4314.87
19275, 4319.49
19276, 4323.59
19277, 4323.08
19278, 4328.72
19279, 4333.85
19280, 4326.15
19281, 4324.62
19282, 4334.36
19283, 4333.85
19284, 4320
19285, 4318.46
19286, 4329.23
19287, 4332.82
19288, 4326.67
19289, 4320.51
19290, 4323.59
19291, 4329.74
19292, 4331.28
19293, 4337.44
19294, 4340.51
19295, 4330.26
19296, 4326.15
19297, 4334.87
19298, 4340
19299, 4338.46
19300, 4337.44
19301, 4335.9
19302, 4335.9
19303, 4338.97
19304, 4339.49
19305, 4337.95
19306, 4343.08
19307, 4347.69
19308, 4341.54
19309, 4338.97
19310, 4345.13
19311, 4343.08
19312, 4332.31
19313, 4332.82
19314, 4334.87
19315, 4334.36
19316, 4346.67
19317, 4332.31
19318, 4317.95
19319, 4366.15
19320, 4396.92
19321, 4340
19322, 4270.77
19323, 4237.95
19324, 4248.72
19325, 4273.85
19326, 4307.18
19327, 4396.41
19328, 4455.9
19329, 4397.44
19330, 4289.23
19331, 4212.82
19332, 4222.05
19333, 4282.05
19334, 4342.05
19335, 4418.97
19336, 4458.97
19337, 4386.15
19338, 4285.13
19339, 4229.74
19340, 4233.33
19341, 4283.08
19342, 4335.9
19343, 4409.74
19344, 4452.82
19345, 4381.03
19346, 4283.59
19347, 4233.33
19348, 4234.87
19349, 4282.56
19350, 4341.54
19351, 4417.95
19352, 4458.46
19353, 4386.15
19354, 4283.08
19355, 4230.77
19356, 4240
19357, 4287.69
19358, 4337.44
19359, 4413.85
19360, 4457.44
19361, 4380
19362, 4282.56
19363, 4240.51
19364, 4244.1
19365, 4286.15
19366, 4338.97
19367, 4413.85
19368, 4459.49
19369, 4387.69
19370, 4287.69
19371, 4244.62
19372, 4251.28
19373, 4288.21
19374, 4341.03
19375, 4417.44
19376, 4451.79
19377, 4384.1
19378, 4301.03
19379, 4255.9
19380, 4252.82
19381, 4292.31
19382, 4345.64
19383, 4415.9
19384, 4454.87
19385, 4386.15
19386, 4285.64
19387, 4243.59
19388, 4265.13
19389, 4311.79
19390, 4353.33
19391, 4410.77
19392, 4449.74
19393, 4391.28
19394, 4291.28
19395, 4239.49
19396, 4253.85
19397, 4300
19398, 4346.15
19399, 4412.31
19400, 4449.74
19401, 4384.1
19402, 4290.26
19403, 4252.82
19404, 4268.72
19405, 4306.15
19406, 4350.26
19407, 4420
19408, 4455.9
19409, 4385.64
19410, 4291.28
19411, 4255.38
19412, 4269.23
19413, 4305.64
19414, 4351.79
19415, 4420.51
19416, 4458.46
19417, 4389.74
19418, 4291.28
19419, 4252.31
19420, 4276.41
19421, 4320
19422, 4357.95
19423, 4424.1
19424, 4461.03
19425, 4388.21
19426, 4294.36
19427, 4265.64
19428, 4280.51
19429, 4306.67
19430, 4346.15
19431, 4422.05
19432, 4458.97
19433, 4386.67
19434, 4300.51
19435, 4265.64
19436, 4270.77
19437, 4305.13
19438, 4355.9
19439, 4422.05
19440, 4454.36
19441, 4395.9
19442, 4307.18
19443, 4258.46
19444, 4269.74
19445, 4313.33
19446, 4352.82
19447, 4401.03
19448, 4401.54
19449, 4343.59
19450, 4350.26
19451, 4373.33
19452, 4322.56
19453, 4319.49
19454, 4373.85
19455, 4363.59
19456, 4336.41
19457, 4349.74
19458, 4355.38
19459, 4345.64
19460, 4343.08
19461, 4349.74
19462, 4354.87
19463, 4349.74
19464, 4343.08
19465, 4342.56
19466, 4343.08
19467, 4344.62
19468, 4351.79
19469, 4355.9
19470, 4348.72
19471, 4342.56
19472, 4350.26
19473, 4352.82
19474, 4339.49
19475, 4336.92
19476, 4349.23
19477, 4356.41
19478, 4351.28
19479, 4343.59
19480, 4343.08
19481, 4348.21
19482, 4348.72
19483, 4345.13
19484, 4348.72
19485, 4355.9
19486, 4354.87
19487, 4345.64
19488, 4341.03
19489, 4350.26
19490, 4357.95
19491, 4350.77
19492, 4344.1
19493, 4350.26
19494, 4351.28
19495, 4347.18
19496, 4350.77
19497, 4355.38
19498, 4347.69
19499, 4337.95
19500, 4345.13
19501, 4351.28
19502, 4344.62
19503, 4347.69
19504, 4354.36
19505, 4351.79
19506, 4351.79
19507, 4352.31
19508, 4347.18
19509, 4347.18
19510, 4349.23
19511, 4346.67
19512, 4349.74
19513, 4361.03
19514, 4362.05
19515, 4351.28
19516, 4346.67
19517, 4349.74
19518, 4352.31
19519, 4352.82
19520, 4350.77
19521, 4351.28
19522, 4348.72
19523, 4342.56
19524, 4347.69
19525, 4350.26
19526, 4342.05
19527, 4343.08
19528, 4348.72
19529, 4347.18
19530, 4349.74
19531, 4358.46
19532, 4356.92
19533, 4352.82
19534, 4352.82
19535, 4348.21
19536, 4348.72
19537, 4352.82
19538, 4347.69
19539, 4344.1
19540, 4350.77
19541, 4357.44
19542, 4356.92
19543, 4353.85
19544, 4349.23
19545, 4349.74
19546, 4358.97
19547, 4359.49
19548, 4350.77
19549, 4352.31
19550, 4359.49
19551, 4357.44
19552, 4349.23
19553, 4347.69
19554, 4352.31
19555, 4353.33
19556, 4350.26
19557, 4350.77
19558, 4352.82
19559, 4352.82
19560, 4353.33
19561, 4352.82
19562, 4350.26
19563, 4348.21
19564, 4351.79
19565, 4355.9
19566, 4353.85
19567, 4353.33
19568, 4353.33
19569, 4351.79
19570, 4352.31
19571, 4352.82
19572, 4352.31
19573, 4353.33
19574, 4356.92
19575, 4355.38
19576, 4355.9
19577, 4359.49
19578, 4353.85
19579, 4346.15
19580, 4349.23
19581, 4353.85
19582, 4354.87
19583, 4354.36
19584, 4350.77
19585, 4352.82
19586, 4353.33
19587, 4350.26
19588, 4352.31
19589, 4349.74
19590, 4346.15
19591, 4350.26
19592, 4354.36
19593, 4354.87
19594, 4355.9
19595, 4358.46
19596, 4355.9
19597, 4354.36
19598, 4357.44
19599, 4357.44
19600, 4352.82
19601, 4354.87
19602, 4366.15
19603, 4363.59
19604, 4352.31
19605, 4367.69
19606, 4377.95
19607, 4325.13
19608, 4267.69
19609, 4269.74
19610, 4292.82
19611, 4304.62
19612, 4306.15
19613, 4294.36
19614, 4282.56
19615, 4287.69
19616, 4302.56, estimuli
19617, 4312.31
19618, 4325.64
19619, 4344.1
19620, 4361.54
19621, 4366.15
19622, 4360
19623, 4358.97
19624, 4362.05
19625, 4359.49
19626, 4354.36
19627, 4350.77
19628, 4346.15
19629, 4344.1
19630, 4346.15
19631, 4345.13
19632, 4341.03
19633, 4342.56
19634, 4342.05
19635, 4329.23
19636, 4321.03
19637, 4319.49
19638, 4308.72
19639, 4291.79
19640, 4283.59
19641, 4288.21
19642, 4292.82
19643, 4289.23
19644, 4290.26
19645, 4298.46
19646, 4300
19647, 4295.9
19648, 4298.46
19649, 4302.56
19650, 4298.46
19651, 4298.97
19652, 4306.15
19653, 4308.72
19654, 4309.23
19655, 4311.79
19656, 4316.92
19657, 4323.59
19658, 4323.59
19659, 4314.87
19660, 4315.38
19661, 4325.13
19662, 4326.15
19663, 4320
19664, 4321.03
19665, 4322.56
19666, 4323.08
19667, 4327.18
19668, 4326.67
19669, 4326.67
19670, 4330.26
19671, 4328.72
19672, 4328.21
19673, 4333.85
19674, 4337.95
19675, 4334.36
19676, 4334.87
19677, 4342.56
19678, 4342.56
19679, 4338.46
19680, 4341.03
19681, 4339.49
19682, 4337.44
19683, 4342.05
19684, 4343.08
19685, 4339.49
19686, 4335.9
19687, 4335.38
19688, 4339.49
19689, 4343.08
19690, 4342.56
19691, 4341.03
19692, 4341.54
19693, 4340.51
19694, 4341.54
19695, 4348.21
19696, 4352.82
19697, 4347.69
19698, 4342.56
19699, 4345.13
19700, 4349.74
19701, 4345.64
19702, 4338.46
19703, 4338.46
19704, 4340
19705, 4342.56
19706, 4345.13
19707, 4342.56
19708, 4348.21
19709, 4354.36
19710, 4343.08
19711, 4357.44
19712, 4406.15
19713, 4409.74
19714, 4335.9
19715, 4259.49
19716, 4246.67
19717, 4286.67
19718, 4313.33
19719, 4362.56
19720, 4457.44
19721, 4472.82
19722, 4383.59
19723, 4276.92
19724, 4230.26
19725, 4269.23
19726, 4325.13
19727, 4388.21
19728, 4469.23
19729, 4462.05
19730, 4359.49
19731, 4274.36
19732, 4237.44
19733, 4269.23
19734, 4328.72
19735, 4383.59
19736, 4461.03
19737, 4465.13
19738, 4363.59
19739, 4273.85
19740, 4246.15
19741, 4278.97
19742, 4329.74
19743, 4385.64
19744, 4461.03
19745, 4460
19746, 4363.08
19747, 4277.44
19748, 4245.13
19749, 4273.85
19750, 4323.59
19751, 4383.08
19752, 4464.62
19753, 4461.54
19754, 4358.97
19755, 4283.08
19756, 4264.1
19757, 4285.64
19758, 4327.18
19759, 4386.15
19760, 4461.54
19761, 4459.49
19762, 4363.08
19763, 4279.49
19764, 4256.92
19765, 4285.13
19766, 4325.64
19767, 4378.46
19768, 4451.28
19769, 4451.28
19770, 4360
19771, 4280.51
19772, 4254.36
19773, 4283.08
19774, 4333.33
19775, 4382.05
19776, 4448.21
19777, 4455.38
19778, 4364.1
19779, 4277.95
19780, 4258.97
19781, 4287.69
19782, 4326.15
19783, 4378.46
19784, 4453.33
19785, 4455.9
19786, 4359.49
19787, 4276.41
19788, 4259.49
19789, 4292.82
19790, 4335.38
19791, 4385.64
19792, 4460
19793, 4458.97
19794, 4356.41
19795, 4278.46
19796, 4265.13
19797, 4290.77
19798, 4332.31
19799, 4386.67
19800, 4450.26
19801, 4446.67
19802, 4362.05
19803, 4285.64
19804, 4266.15
19805, 4295.9
19806, 4332.82
19807, 4382.56
19808, 4454.36
19809, 4450.26
19810, 4355.38
19811, 4281.03
19812, 4268.72
19813, 4295.9
19814, 4331.79
19815, 4385.13
19816, 4455.9
19817, 4448.72
19818, 4360.51
19819, 4293.85
19820, 4276.41
19821, 4297.44
19822, 4333.85
19823, 4386.67
19824, 4455.38
19825, 4450.77
19826, 4359.49
19827, 4285.13
19828, 4270.26
19829, 4295.9
19830, 4336.41
19831, 4392.31
19832, 4454.36
19833, 4444.62
19834, 4355.38
19835, 4284.1
19836, 4271.28
19837, 4300
19838, 4339.49
19839, 4383.59
19840, 4423.08
19841, 4388.21
19842, 4341.03
19843, 4375.9
19844, 4373.33
19845, 4316.41
19846, 4346.67
19847, 4388.72
19848, 4358.46
19849, 4346.15
19850, 4360.51
19851, 4353.33
19852, 4341.03
19853, 4347.18
19854, 4357.95
19855, 4355.38
19856, 4351.28
19857, 4352.31
19858, 4352.31
19859, 4355.38
19860, 4362.56
19861, 4365.13
19862, 4355.9
19863, 4348.21
19864, 4351.28
19865, 4356.41
19866, 4359.49
19867, 4360
19868, 4357.95
19869, 4356.92
19870, 4353.33
19871, 4352.31
19872, 4354.87
19873, 4354.36
19874, 4356.41
19875, 4359.49
19876, 4352.82
19877, 4347.18
19878, 4351.79
19879, 4355.9
19880, 4352.31
19881, 4352.82
19882, 4356.41
19883, 4349.74
19884, 4346.67
19885, 4353.33
19886, 4354.36
19887, 4353.85
19888, 4356.41
19889, 4358.46
19890, 4357.95
19891, 4354.87
19892, 4353.85
19893, 4356.41
19894, 4358.46
19895, 4358.46
19896, 4356.41
19897, 4355.38
19898, 4353.33
19899, 4353.85
19900, 4358.97
19901, 4362.05
19902, 4361.03
19903, 4357.44
19904, 4352.31
19905, 4354.87
19906, 4359.49
19907, 4357.95
19908, 4353.85
19909, 4355.9
19910, 4361.03
19911, 4357.44
19912, 4350.26
19913, 4350.26
19914, 4354.87
19915, 4357.95
19916, 4358.97
19917, 4362.05
19918, 4368.21
19919, 4366.67
19920, 4362.05
19921, 4362.56
19922, 4362.05
19923, 4362.56
19924, 4363.08
19925, 4360.51
19926, 4358.46
19927, 4359.49
19928, 4362.05
19929, 4357.95
19930, 4354.87
19931, 4359.49
19932, 4364.1
19933, 4366.15
19934, 4365.13
19935, 4359.49
19936, 4356.92
19937, 4365.13
19938, 4370.26
19939, 4359.49
19940, 4353.85
19941, 4360
19942, 4361.03
19943, 4357.44
19944, 4359.49
19945, 4362.05
19946, 4358.97
19947, 4352.82
19948, 4360
19949, 4370.26
19950, 4365.13
19951, 4360.51
19952, 4362.05
19953, 4367.18
19954, 4369.23
19955, 4357.44
19956, 4349.23
19957, 4360
19958, 4367.18
19959, 4360.51
19960, 4353.85
19961, 4356.41
19962, 4361.54
19963, 4365.64
19964, 4363.08
19965, 4356.41
19966, 4355.9
19967, 4359.49
19968, 4366.15
19969, 4364.62
19970, 4350.26
19971, 4347.69
19972, 4356.92
19973, 4360
19974, 4357.95
19975, 4354.36
19976, 4356.41
19977, 4361.03
19978, 4357.95
19979, 4358.97
19980, 4367.69
19981, 4362.05
19982, 4350.77
19983, 4352.82
19984, 4357.95
19985, 4355.9
19986, 4355.38
19987, 4355.38
19988, 4356.41
19989, 4366.15
19990, 4367.18
19991, 4352.31
19992, 4350.77
19993, 4363.59
19994, 4365.13
19995, 4358.97
19996, 4359.49
19997, 4360
19998, 4353.85
19999, 4352.82
20000, 4360.51
20001, 4361.03
20002, 4359.49
20003, 4361.03
20004, 4362.05
20005, 4360
20006, 4361.54
20007, 4368.21
20008, 4366.67
20009, 4361.54
20010, 4364.62
20011, 4361.54
20012, 4353.85
20013, 4357.95
20014, 4366.15
20015, 4357.44
20016, 4351.28
20017, 4362.56
20018, 4365.13
20019, 4352.82
20020, 4353.85
20021, 4362.05
20022, 4360
20023, 4362.05
20024, 4367.18
20025, 4364.1
20026, 4357.44
20027, 4358.46
20028, 4365.64
20029, 4360.51
20030, 4352.82
20031, 4351.28
20032, 4352.31
20033, 4360.51
20034, 4365.13
20035, 4358.97
20036, 4355.38
20037, 4361.03
20038, 4366.15
20039, 4364.1
20040, 4361.54
20041, 4361.54
20042, 4361.03
20043, 4357.95
20044, 4355.38
20045, 4358.46
20046, 4361.54
20047, 4360.51
20048, 4363.08
20049, 4364.62
20050, 4361.54
20051, 4356.92
20052, 4359.49
20053, 4369.23
20054, 4365.64
20055, 4362.05
20056, 4375.9
20057, 4370.26
20058, 4321.03
20059, 4281.54
20060, 4289.23
20061, 4299.49
20062, 4282.05
20063, 4274.36
20064, 4291.79, estimuli
20065, 4295.38
20066, 4286.67
20067, 4292.82
20068, 4311.79
20069, 4333.33
20070, 4349.23
20071, 4356.92
20072, 4357.95
20073, 4357.44
20074, 4355.38
20075, 4346.67
20076, 4348.21
20077, 4351.79
20078, 4339.49
20079, 4327.69
20080, 4328.21
20081, 4330.77
20082, 4330.26
20083, 4330.77
20084, 4335.9
20085, 4334.36
20086, 4320.51
20087, 4309.23
20088, 4306.15
20089, 4301.54
20090, 4288.21
20091, 4277.44
20092, 4277.95
20093, 4285.13
20094, 4291.79
20095, 4287.69
20096, 4282.56
20097, 4290.77
20098, 4295.9
20099, 4294.87
20100, 4295.38
20101, 4295.9
20102, 4297.95
20103, 4301.03
20104, 4305.64
20105, 4308.21
20106, 4308.21
20107, 4308.72
20108, 4312.31
20109, 4315.38
20110, 4314.87
20111, 4314.36
20112, 4317.95
20113, 4320
20114, 4318.97
20115, 4319.49
20116, 4322.56
20117, 4332.31
20118, 4336.92
20119, 4329.23
20120, 4326.15
20121, 4328.72
20122, 4327.18
20123, 4326.15
20124, 4330.77
20125, 4335.9
20126, 4336.41
20127, 4343.08
20128, 4352.82
20129, 4357.44
20130, 4362.56
20131, 4364.62
20132, 4361.03
20133, 4363.59
20134, 4366.15
20135, 4356.41
20136, 4348.21
20137, 4358.97
20138, 4369.23
20139, 4364.1
20140, 4363.59
20141, 4367.69
20142, 4367.18
20143, 4364.1
20144, 4361.03
20145, 4364.1
20146, 4364.1
20147, 4355.38
20148, 4356.92
20149, 4366.15
20150, 4367.18
20151, 4366.15
20152, 4369.74
20153, 4375.38
20154, 4373.85
20155, 4367.69
20156, 4368.72
20157, 4371.79
20158, 4368.21
20159, 4363.59
20160, 4374.36
20161, 4372.82
20162, 4370.77
20163, 4412.31
20164, 4438.46
20165, 4387.69
20166, 4313.85
20167, 4275.38
20168, 4294.36
20169, 4325.13
20170, 4354.87
20171, 4444.62
20172, 4508.21
20173, 4449.74
20174, 4344.1
20175, 4265.13
20176, 4265.13
20177, 4316.92
20178, 4375.38
20179, 4460.51
20180, 4502.05
20181, 4423.59
20182, 4320.51
20183, 4265.64
20184, 4267.69
20185, 4320
20186, 4377.95
20187, 4452.82
20188, 4503.08
20189, 4441.03
20190, 4340.51
20191, 4278.46
20192, 4272.31
20193, 4319.49
20194, 4378.46
20195, 4454.87
20196, 4501.54
20197, 4432.31
20198, 4329.74
20199, 4284.62
20200, 4292.31
20201, 4328.21
20202, 4374.36
20203, 4451.79
20204, 4501.54
20205, 4430.26
20206, 4329.23
20207, 4282.56
20208, 4285.13
20209, 4328.72
20210, 4382.05
20211, 4451.79
20212, 4496.92
20213, 4431.79
20214, 4332.31
20215, 4285.64
20216, 4290.77
20217, 4335.38
20218, 4390.26
20219, 4456.92
20220, 4493.33
20221, 4428.21
20222, 4335.9
20223, 4286.67
20224, 4285.64
20225, 4326.15
20226, 4378.46
20227, 4450.26
20228, 4496.41
20229, 4435.38
20230, 4330.77
20231, 4276.92
20232, 4290.26
20233, 4332.82
20234, 4373.85
20235, 4445.13
20236, 4490.26
20237, 4421.03
20238, 4325.13
20239, 4285.13
20240, 4294.36
20241, 4328.72
20242, 4374.87
20243, 4444.62
20244, 4485.13
20245, 4428.21
20246, 4332.82
20247, 4279.49
20248, 4288.21
20249, 4330.77
20250, 4375.9
20251, 4443.08
20252, 4487.18
20253, 4426.15
20254, 4330.26
20255, 4286.15
20256, 4292.82
20257, 4325.13
20258, 4370.77
20259, 4440
20260, 4481.54
20261, 4420
20262, 4323.08
20263, 4281.03
20264, 4295.38
20265, 4334.87
20266, 4377.95
20267, 4444.1
20268, 4485.64
20269, 4422.05
20270, 4324.1
20271, 4282.05
20272, 4296.92
20273, 4334.87
20274, 4375.9
20275, 4446.15
20276, 4491.28
20277, 4420.51
20278, 4321.03
20279, 4290.26
20280, 4309.74
20281, 4333.33
20282, 4369.23
20283, 4449.23
20284, 4489.23
20285, 4412.82
20286, 4323.08
20287, 4289.23
20288, 4295.38
20289, 4333.33
20290, 4376.41
20291, 4423.08
20292, 4418.46
20293, 4360
20294, 4374.87
20295, 4405.13
20296, 4348.21
20297, 4335.9
20298, 4391.79
20299, 4384.1
20300, 4355.9
20301, 4368.21
20302, 4374.87
20303, 4371.79
20304, 4373.85
20305, 4375.9
20306, 4381.03
20307, 4375.9
20308, 4363.59
20309, 4371.79
20310, 4379.49
20311, 4368.72
20312, 4367.18
20313, 4372.31
20314, 4375.9
20315, 4377.95
20316, 4381.03
20317, 4380
20318, 4372.31
20319, 4366.67
20320, 4369.23
20321, 4372.82
20322, 4372.82
20323, 4370.26
20324, 4370.77
20325, 4375.9
20326, 4377.95
20327, 4375.9
20328, 4375.38
20329, 4373.33
20330, 4372.31
20331, 4373.85
20332, 4379.49
20333, 4381.54
20334, 4373.85
20335, 4368.21
20336, 4371.79
20337, 4374.87
20338, 4369.74
20339, 4366.67
20340, 4371.28
20341, 4374.87
20342, 4375.9
20343, 4375.38
20344, 4376.41
20345, 4380
20346, 4376.41
20347, 4371.28
20348, 4372.31
20349, 4370.77
20350, 4372.82
20351, 4373.85
20352, 4369.74
20353, 4370.26
20354, 4371.79
20355, 4370.77
20356, 4369.23
20357, 4374.87
20358, 4385.64
20359, 4382.56
20360, 4370.77
20361, 4369.74
20362, 4374.36
20363, 4371.28
20364, 4367.69
20365, 4374.36
20366, 4380
20367, 4375.9
20368, 4371.79
20369, 4368.72
20370, 4367.69
20371, 4367.18
20372, 4364.62
20373, 4369.23
20374, 4372.31
20375, 4369.23
20376, 4368.21
20377, 4370.77
20378, 4373.33
20379, 4374.36
20380, 4373.85
20381, 4370.77
20382, 4366.15
20383, 4367.69
20384, 4373.33
20385, 4374.36
20386, 4372.82
20387, 4370.26
20388, 4364.62
20389, 4364.1
20390, 4369.74
20391, 4369.23
20392, 4362.56
20393, 4364.62
20394, 4370.26
20395, 4366.67
20396, 4365.64
20397, 4369.23
20398, 4370.77
20399, 4370.26
20400, 4371.28
20401, 4376.41
20402, 4372.82
20403, 4361.54
20404, 4362.05
20405, 4367.18
20406, 4367.69
20407, 4366.15
20408, 4366.15
20409, 4369.23
20410, 4370.77
20411, 4371.28
20412, 4372.31
20413, 4371.28
20414, 4368.72
20415, 4368.21
20416, 4371.28
20417, 4372.31
20418, 4366.67
20419, 4368.21
20420, 4377.44
20421, 4377.95
20422, 4369.74
20423, 4362.05
20424, 4366.15
20425, 4373.85
20426, 4374.87
20427, 4374.87
20428, 4372.31
20429, 4373.85
20430, 4377.95
20431, 4373.85
20432, 4368.72
20433, 4368.72
20434, 4371.28
20435, 4370.77
20436, 4369.74
20437, 4372.31
20438, 4374.87
20439, 4371.79
20440, 4367.69
20441, 4367.18
20442, 4368.72
20443, 4370.26
20444, 4373.33
20445, 4373.85
20446, 4368.72
20447, 4367.18
20448, 4369.23
20449, 4369.23
20450, 4370.26
20451, 4367.18
20452, 4363.59
20453, 4364.1
20454, 4367.69
20455, 4370.26
20456, 4369.23
20457, 4370.26
20458, 4371.79
20459, 4370.26
20460, 4374.87
20461, 4376.92
20462, 4370.77
20463, 4371.28
20464, 4376.92
20465, 4378.97
20466, 4370.77
20467, 4360
20468, 4362.56
20469, 4372.31
20470, 4372.31
20471, 4368.72
20472, 4370.77
20473, 4371.28
20474, 4365.64
20475, 4367.18
20476, 4368.21
20477, 4367.18
20478, 4370.26
20479, 4370.77
20480, 4370.26
20481, 4371.79
20482, 4371.79
20483, 4372.31
20484, 4371.79
20485, 4372.31
20486, 4373.85
20487, 4371.28
20488, 4369.23
20489, 4370.77
20490, 4373.85
20491, 4377.95
20492, 4370.26
20493, 4356.92
20494, 4359.49
20495, 4369.74
20496, 4369.74
20497, 4365.64
20498, 4369.74
20499, 4377.95
20500, 4381.03
20501, 4371.79
20502, 4373.33
20503, 4397.44
20504, 4380
20505, 4315.9
20506, 4284.62
20507, 4295.38
20508, 4295.38
20509, 4282.56
20510, 4278.97
20511, 4281.54
20512, 4277.95
20513, 4273.33
20514, 4283.08
20515, 4297.95
20516, 4321.54, estimuli
20517, 4356.41
20518, 4369.23
20519, 4366.67
20520, 4366.67
20521, 4369.74
20522, 4372.82
20523, 4372.31
20524, 4368.21
20525, 4364.62
20526, 4369.74
20527, 4374.87
20528, 4366.67
20529, 4361.54
20530, 4366.15
20531, 4367.69
20532, 4362.05
20533, 4356.92
20534, 4356.92
20535, 4351.79
20536, 4341.54
20537, 4338.46
20538, 4336.92
20539, 4331.79
20540, 4330.77
20541, 4334.87
20542, 4337.44
20543, 4333.85
20544, 4332.82
20545, 4334.36
20546, 4334.36
20547, 4333.85
20548, 4328.21
20549, 4322.05
20550, 4322.05
20551, 4320.51
20552, 4320
20553, 4325.13
20554, 4321.54
20555, 4307.69
20556, 4304.62
20557, 4312.82
20558, 4309.23
20559, 4301.54
20560, 4306.15
20561, 4307.69
20562, 4306.15
20563, 4306.67
20564, 4305.13
20565, 4308.72
20566, 4309.23
20567, 4304.1
20568, 4308.21
20569, 4314.87
20570, 4316.41
20571, 4317.44
20572, 4317.44
20573, 4310.77
20574, 4305.64
20575, 4310.26
20576, 4314.36
20577, 4315.9
20578, 4319.49
20579, 4320
20580, 4324.62
20581, 4329.23
20582, 4323.08
20583, 4316.92
20584, 4318.97
20585, 4327.69
20586, 4326.67
20587, 4311.79
20588, 4309.74
20589, 4322.56
20590, 4329.23
20591, 4326.67
20592, 4327.18
20593, 4331.79
20594, 4330.26
20595, 4325.64
20596, 4326.15
20597, 4331.28
20598, 4339.49
20599, 4336.92
20600, 4327.18
20601, 4328.21
20602, 4330.26
20603, 4325.13
20604, 4327.18
20605, 4333.85
20606, 4332.31
20607, 4334.87
20608, 4344.1
20609, 4333.33
20610, 4347.18
20611, 4400
20612, 4397.44
20613, 4325.13
20614, 4264.62
20615, 4249.74
20616, 4277.95
20617, 4305.64
20618, 4361.54
20619, 4457.95
20620, 4468.21
20621, 4377.44
20622, 4274.36
20623, 4225.13
20624, 4260
20625, 4321.54
20626, 4390.77
20627, 4462.05
20628, 4452.82
20629, 4366.67
20630, 4286.15
20631, 4235.9
20632, 4255.38
20633, 4318.97
20634, 4382.56
20635, 4458.46
20636, 4458.46
20637, 4359.49
20638, 4275.9
20639, 4247.18
20640, 4268.72
20641, 4316.92
20642, 4378.97
20643, 4455.38
20644, 4454.87
20645, 4358.97
20646, 4275.9
20647, 4246.15
20648, 4272.82
20649, 4328.72
20650, 4389.23
20651, 4465.13
20652, 4468.72
20653, 4369.23
20654, 4281.03
20655, 4254.36
20656, 4282.05
20657, 4331.28
20658, 4386.67
20659, 4463.08
20660, 4470.26
20661, 4372.31
20662, 4288.72
20663, 4263.59
20664, 4286.15
20665, 4331.28
20666, 4387.69
20667, 4463.59
20668, 4464.1
20669, 4366.15
20670, 4289.74
20671, 4268.72
20672, 4289.23
20673, 4331.28
20674, 4385.13
20675, 4457.95
20676, 4462.05
20677, 4365.64
20678, 4282.05
20679, 4264.1
20680, 4290.77
20681, 4326.67
20682, 4381.54
20683, 4458.97
20684, 4453.85
20685, 4356.41
20686, 4282.56
20687, 4265.13
20688, 4289.23
20689, 4328.72
20690, 4383.08
20691, 4451.79
20692, 4453.85
20693, 4365.64
20694, 4285.64
20695, 4268.72
20696, 4296.41
20697, 4333.33
20698, 4385.13
20699, 4454.36
20700, 4454.87
20701, 4365.13
20702, 4286.15
20703, 4267.69
20704, 4291.28
20705, 4330.26
20706, 4393.85
20707, 4464.62
20708, 4455.9
20709, 4365.13
20710, 4291.79
20711, 4274.87
20712, 4296.92
20713, 4331.79
20714, 4385.64
20715, 4458.97
20716, 4455.9
20717, 4358.97
20718, 4283.59
20719, 4268.21
20720, 4296.92
20721, 4340.51
20722, 4386.15
20723, 4448.21
20724, 4452.31
20725, 4367.18
20726, 4289.23
20727, 4270.26
20728, 4294.36
20729, 4332.82
20730, 4390.26
20731, 4460.51
20732, 4449.23
20733, 4362.56
20734, 4305.64
20735, 4283.59
20736, 4290.26
20737, 4332.31
20738, 4386.67
20739, 4424.62
20740, 4389.23
20741, 4344.62
20742, 4374.87
20743, 4367.69
20744, 4316.41
20745, 4348.21
20746, 4392.31
20747, 4367.18
20748, 4352.82
20749, 4365.13
20750, 4362.56
20751, 4355.38
20752, 4358.97
20753, 4363.59
20754, 4361.54
20755, 4352.82
20756, 4353.33
20757, 4363.08
20758, 4357.44
20759, 4350.26
20760, 4358.97
20761, 4366.15
20762, 4360.51
20763, 4354.87
20764, 4357.95
20765, 4358.97
20766, 4352.31
20767, 4355.9
20768, 4363.59
20769, 4361.03
20770, 4358.97
20771, 4361.03
20772, 4362.05
20773, 4357.95
20774, 4357.44
20775, 4364.62
20776, 4364.1
20777, 4359.49
20778, 4356.41
20779, 4356.41
20780, 4364.62
20781, 4367.18
20782, 4362.56
20783, 4361.03
20784, 4360.51
20785, 4362.56
20786, 4363.59
20787, 4362.05
20788, 4362.56
20789, 4366.67
20790, 4372.82
20791, 4368.72
20792, 4360.51
20793, 4360.51
20794, 4365.13
20795, 4365.13
20796, 4360.51
20797, 4357.95
20798, 4362.05
20799, 4364.1
20800, 4363.08
20801, 4361.03
20802, 4360
20803, 4362.05
20804, 4362.56
20805, 4361.03
20806, 4358.46
20807, 4354.36
20808, 4357.95
20809, 4362.56
20810, 4360.51
20811, 4359.49
20812, 4361.03
20813, 4363.08
20814, 4361.54
20815, 4359.49
20816, 4360
20817, 4361.54
20818, 4362.56
20819, 4357.95
20820, 4354.87
20821, 4360
20822, 4362.56
20823, 4363.08
20824, 4365.13
20825, 4366.67
20826, 4365.64
20827, 4357.44
20828, 4354.36
20829, 4359.49
20830, 4362.56
20831, 4360.51
20832, 4356.41
20833, 4358.46
20834, 4360.51
20835, 4356.92
20836, 4362.05
20837, 4367.18
20838, 4360.51
20839, 4358.46
20840, 4363.59
20841, 4362.05
20842, 4355.9
20843, 4361.03
20844, 4370.26
20845, 4366.67
20846, 4355.9
20847, 4352.31
20848, 4357.44
20849, 4363.08
20850, 4361.54
20851, 4361.54
20852, 4362.05
20853, 4358.46
20854, 4362.56
20855, 4361.54
20856, 4364.1
20857, 4392.31
20858, 4388.72
20859, 4317.95
20860, 4266.67
20861, 4286.15
20862, 4303.59
20863, 4282.56
20864, 4279.49
20865, 4296.92
20866, 4296.41
20867, 4288.72
20868, 4291.79
20869, 4304.62
20870, 4327.18
20871, 4341.03
20872, 4342.56
20873, 4346.67
20874, 4352.31
20875, 4351.28
20876, 4349.23
20877, 4350.77
20878, 4348.21
20879, 4347.69
20880, 4344.1
20881, 4333.33
20882, 4333.33
20883, 4335.38
20884, 4333.85
20885, 4338.46
20886, 4333.33
20887, 4323.59
20888, 4321.03
20889, 4322.56
20890, 4321.54
20891, 4314.36
20892, 4308.21
20893, 4305.13
20894, 4305.64
20895, 4306.67
20896, 4302.56
20897, 4300.51
20898, 4305.64
20899, 4307.69
20900, 4303.59, estimuli
20901, 4305.64
20902, 4309.23
20903, 4307.18
20904, 4308.21
20905, 4313.85
20906, 4316.41
20907, 4316.92
20908, 4316.41
20909, 4309.74
20910, 4311.79
20911, 4321.03
20912, 4323.08
20913, 4320.51
20914, 4316.41
20915, 4316.92
20916, 4321.03
20917, 4319.49
20918, 4318.46
20919, 4320
20920, 4323.59
20921, 4326.15
20922, 4323.59
20923, 4328.21
20924, 4336.41
20925, 4331.28
20926, 4321.54
20927, 4320
20928, 4324.62
20929, 4325.13
20930, 4325.13
20931, 4330.77
20932, 4333.85
20933, 4335.9
20934, 4338.46
20935, 4336.92
20936, 4332.31
20937, 4328.72
20938, 4330.77
20939, 4333.33
20940, 4333.33
20941, 4335.9
20942, 4339.49
20943, 4337.44
20944, 4335.9
20945, 4337.95
20946, 4338.97
20947, 4334.87
20948, 4335.9
20949, 4341.54
20950, 4336.41
20951, 4333.33
20952, 4341.03
20953, 4339.49
20954, 4330.26
20955, 4329.74
20956, 4342.56
20957, 4344.1
20958, 4329.23
20959, 4328.21
20960, 4340
20961, 4342.56
20962, 4337.44
20963, 4334.87
20964, 4336.92
20965, 4338.46
20966, 4340
20967, 4340.51
20968, 4338.46
20969, 4336.92
20970, 4338.46
20971, 4345.64
20972, 4346.67
20973, 4341.54
20974, 4345.64
20975, 4347.18
20976, 4340.51
20977, 4341.03
20978, 4341.03
20979, 4339.49
20980, 4344.1
20981, 4342.56
20982, 4338.97
20983, 4341.54
20984, 4346.15
20985, 4345.64
20986, 4338.97
20987, 4345.13
20988, 4348.72
20989, 4335.9
20990, 4363.59
20991, 4413.33
20992, 4397.95
20993, 4325.13
20994, 4270.26
20995, 4263.59
20996, 4292.82
20997, 4316.92
20998, 4378.97
20999, 4473.33
21000, 4465.13
21001, 4362.05
21002, 4264.62
21003, 4230.77
21004, 4274.36
21005, 4341.54
21006, 4410.26
21007, 4472.31
21008, 4446.67
21009, 4344.1
21010, 4267.69
21011, 4242.05
21012, 4273.33
21013, 4328.21
21014, 4396.41
21015, 4480
21016, 4459.49
21017, 4345.13
21018, 4271.79
21019, 4256.41
21020, 4288.72
21021, 4336.41
21022, 4401.03
21023, 4475.9
21024, 4448.21
21025, 4342.05
21026, 4275.9
21027, 4259.49
21028, 4286.67
21029, 4335.38
21030, 4404.62
21031, 4481.03
21032, 4460
21033, 4356.92
21034, 4278.46
21035, 4250.77
21036, 4281.03
21037, 4336.41
21038, 4401.54
21039, 4468.72
21040, 4450.77
21041, 4358.46
21042, 4285.64
21043, 4261.03
21044, 4292.31
21045, 4343.59
21046, 4403.08
21047, 4468.72
21048, 4451.79
21049, 4351.28
21050, 4270.26
21051, 4257.44
21052, 4300
21053, 4347.18
21054, 4397.44
21055, 4464.1
21056, 4456.41
21057, 4357.44
21058, 4278.46
21059, 4271.28
21060, 4307.69
21061, 4342.05
21062, 4388.21
21063, 4455.9
21064, 4445.13
21065, 4348.21
21066, 4280
21067, 4275.9
21068, 4307.18
21069, 4343.59
21070, 4397.95
21071, 4467.69
21072, 4447.69
21073, 4345.13
21074, 4280.51
21075, 4275.38
21076, 4300.51
21077, 4338.46
21078, 4397.44
21079, 4465.64
21080, 4449.23
21081, 4353.33
21082, 4282.56
21083, 4273.85
21084, 4308.72
21085, 4344.1
21086, 4396.41
21087, 4469.23
21088, 4451.28
21089, 4348.21
21090, 4282.05
21091, 4277.44
21092, 4304.62
21093, 4342.56
21094, 4410.26
21095, 4473.85
21096, 4434.87
21097, 4338.97
21098, 4285.13
21099, 4277.44
21100, 4299.49
21101, 4337.44
21102, 4403.59
21103, 4470.77
21104, 4440.51
21105, 4344.1
21106, 4286.67
21107, 4283.59
21108, 4310.77
21109, 4343.08
21110, 4400
21111, 4466.67
21112, 4442.56
21113, 4343.08
21114, 4281.03
21115, 4277.95
21116, 4304.1
21117, 4340
21118, 4386.67
21119, 4411.79
21120, 4365.64
21121, 4342.05
21122, 4386.15
21123, 4362.05
21124, 4312.31
21125, 4357.44
21126, 4382.56
21127, 4348.72
21128, 4348.21
21129, 4358.46
21130, 4356.92
21131, 4357.44
21132, 4354.87
21133, 4354.87
21134, 4359.49
21135, 4358.46
21136, 4355.38
21137, 4360
21138, 4361.54
21139, 4354.87
21140, 4356.92
21141, 4361.54
21142, 4354.87
21143, 4355.38
21144, 4364.1
21145, 4358.97
21146, 4352.82
21147, 4358.46
21148, 4358.46
21149, 4352.31
21150, 4350.77
21151, 4353.33
21152, 4353.33
21153, 4355.38
21154, 4358.46
21155, 4356.92
21156, 4354.36
21157, 4352.82
21158, 4357.44
21159, 4363.08
21160, 4360.51
21161, 4356.41
21162, 4353.85
21163, 4354.36
21164, 4355.9
21165, 4356.92
21166, 4359.49
21167, 4355.38
21168, 4357.44
21169, 4368.21
21170, 4363.59
21171, 4351.28
21172, 4352.82
21173, 4361.54
21174, 4363.59
21175, 4353.85
21176, 4349.74
21177, 4361.54
21178, 4364.1
21179, 4354.87
21180, 4375.9
21181, 4396.92
21182, 4343.59
21183, 4276.41
21184, 4283.08
21185, 4303.08
21186, 4286.67
21187, 4281.03
21188, 4281.54
21189, 4260
21190, 4245.64
21191, 4252.31
21192, 4269.74
21193, 4288.72
21194, 4311.28
21195, 4333.33
21196, 4336.92
21197, 4330.77
21198, 4326.67
21199, 4330.77
21200, 4336.41
21201, 4334.36
21202, 4329.74
21203, 4326.15
21204, 4330.26
21205, 4336.92
21206, 4337.95
21207, 4338.97
21208, 4343.08
21209, 4348.21
21210, 4344.1
21211, 4333.85
21212, 4326.15
21213, 4312.31
21214, 4300.51
21215, 4303.59
21216, 4302.56
21217, 4291.28
21218, 4286.15
21219, 4281.03
21220, 4276.92
21221, 4281.03
21222, 4286.67
21223, 4283.08
21224, 4279.49
21225, 4282.05
21226, 4278.46
21227, 4273.85
21228, 4276.41
21229, 4275.9
21230, 4272.31
21231, 4270.26
21232, 4269.74
21233, 4269.74
21234, 4273.33
21235, 4282.05
21236, 4285.13
21237, 4280.51
21238, 4282.05
21239, 4282.05
21240, 4278.97
21241, 4282.56
21242, 4286.67
21243, 4285.64
21244, 4281.54
21245, 4284.62
21246, 4289.74
21247, 4295.9
21248, 4301.03
21249, 4292.82
21250, 4283.59
21251, 4288.72
21252, 4295.38
21253, 4295.9
21254, 4292.31
21255, 4293.85
21256, 4299.49
21257, 4296.92
21258, 4291.28
21259, 4295.38
21260, 4299.49
21261, 4297.95
21262, 4294.36
21263, 4295.9
21264, 4298.46
21265, 4298.46
21266, 4297.95
21267, 4296.41
21268, 4298.46
21269, 4302.05
21270, 4301.54
21271, 4301.54
21272, 4299.49
21273, 4298.97
21274, 4305.13
21275, 4307.18
21276, 4304.62
21277, 4302.05
21278, 4296.92
21279, 4296.41
21280, 4302.05
21281, 4303.59
21282, 4296.41
21283, 4296.41
21284, 4308.72, estimuli
21285, 4306.67
21286, 4297.95
21287, 4301.54
21288, 4304.1
21289, 4298.97
21290, 4292.82
21291, 4295.9
21292, 4303.59
21293, 4303.08
21294, 4297.95
21295, 4295.38
21296, 4298.46
21297, 4302.56
21298, 4303.08
21299, 4303.59
21300, 4302.05
21301, 4303.59
21302, 4304.62
21303, 4297.95
21304, 4293.33
21305, 4295.9
21306, 4294.87
21307, 4290.77
21308, 4288.72
21309, 4292.82
21310, 4299.49
21311, 4302.56
21312, 4304.62
21313, 4302.56
21314, 4297.44
21315, 4297.95
21316, 4302.05
21317, 4302.56
21318, 4302.05
21319, 4306.67
21320, 4309.23
21321, 4309.74
21322, 4313.33
21323, 4313.85
21324, 4310.77
21325, 4309.23
21326, 4306.67
21327, 4303.08
21328, 4303.59
21329, 4309.74
21330, 4311.79
21331, 4305.64
21332, 4307.69
21333, 4312.31
21334, 4304.62
21335, 4303.08
21336, 4309.74
21337, 4312.82
21338, 4311.28
21339, 4305.13
21340, 4304.1
21341, 4310.26
21342, 4310.77
21343, 4306.67
21344, 4304.1
21345, 4308.72
21346, 4309.74
21347, 4305.13
21348, 4305.13
21349, 4308.72
21350, 4306.67
21351, 4302.56
21352, 4306.67
21353, 4314.36
21354, 4314.36
21355, 4316.41
21356, 4318.46
21357, 4309.23
21358, 4302.56
21359, 4306.15
21360, 4309.74
21361, 4307.18
21362, 4304.62
21363, 4309.23
21364, 4310.26
21365, 4308.72
21366, 4312.31
21367, 4314.36
21368, 4309.74
21369, 4305.64
21370, 4304.62
21371, 4305.13
21372, 4304.1
21373, 4304.1
21374, 4303.59
21375, 4303.59
21376, 4307.69
21377, 4304.1
21378, 4306.15
21379, 4318.46
21380, 4305.64
21381, 4311.79
21382, 4364.62
21383, 4375.38
21384, 4311.79
21385, 4244.1
21386, 4213.85
21387, 4237.44
21388, 4270.77
21389, 4314.87
21390, 4406.15
21391, 4443.08
21392, 4365.13
21393, 4254.36
21394, 4192.82
21395, 4219.49
21396, 4281.54
21397, 4341.54
21398, 4412.82
21399, 4429.23
21400, 4344.62
21401, 4253.85
21402, 4207.18
21403, 4223.59
21404, 4280
21405, 4334.87
21406, 4415.38
21407, 4440.51
21408, 4346.67
21409, 4258.46
21410, 4224.1
21411, 4230.77
21412, 4274.36
21413, 4335.38
21414, 4417.44
21415, 4430.26
21416, 4337.95
21417, 4257.44
21418, 4223.08
21419, 4236.92
21420, 4287.18
21421, 4343.08
21422, 4416.41
21423, 4435.9
21424, 4350.26
21425, 4258.46
21426, 4216.41
21427, 4231.79
21428, 4280.51
21429, 4337.44
21430, 4414.36
21431, 4432.82
21432, 4343.08
21433, 4254.87
21434, 4222.05
21435, 4239.49
21436, 4284.1
21437, 4340
21438, 4413.85
21439, 4427.18
21440, 4340.51
21441, 4256.41
21442, 4226.67
21443, 4245.13
21444, 4284.62
21445, 4333.85
21446, 4407.69
21447, 4427.69
21448, 4340.51
21449, 4255.38
21450, 4232.82
21451, 4252.82
21452, 4291.79
21453, 4343.08
21454, 4410.77
21455, 4427.69
21456, 4349.74
21457, 4263.08
21458, 4232.82
21459, 4256.41
21460, 4296.92
21461, 4338.97
21462, 4408.21
21463, 4434.87
21464, 4355.9
21465, 4271.28
21466, 4244.1
21467, 4258.97
21468, 4294.87
21469, 4347.69
21470, 4417.95
21471, 4429.23
21472, 4346.15
21473, 4269.23
21474, 4246.15
21475, 4263.08
21476, 4298.97
21477, 4343.59
21478, 4409.23
21479, 4422.56
21480, 4342.56
21481, 4261.54
21482, 4233.85
21483, 4258.97
21484, 4300.51
21485, 4346.67
21486, 4417.95
21487, 4431.79
21488, 4342.56
21489, 4261.54
21490, 4237.44
21491, 4252.82
21492, 4293.85
21493, 4353.85
21494, 4423.08
21495, 4424.62
21496, 4340
21497, 4264.1
21498, 4237.44
21499, 4255.38
21500, 4294.87
21501, 4349.23
21502, 4418.46
21503, 4426.67
21504, 4346.67
21505, 4271.79
21506, 4242.05
21507, 4256.92
21508, 4299.49
21509, 4342.05
21510, 4382.05
21511, 4365.64
21512, 4314.36
21513, 4333.33
21514, 4345.64
21515, 4292.82
21516, 4306.15
21517, 4357.95
21518, 4333.85
21519, 4311.28
21520, 4331.79
21521, 4336.41
21522, 4324.62
21523, 4323.59
21524, 4330.77
21525, 4332.82
21526, 4330.26
21527, 4331.28
21528, 4333.33
21529, 4331.28
21530, 4326.67
21531, 4328.21
21532, 4332.82
21533, 4329.74
21534, 4328.72
21535, 4332.82
21536, 4331.28
21537, 4329.74
21538, 4330.26
21539, 4328.72
21540, 4330.26
21541, 4335.38
21542, 4338.46
21543, 4335.38
21544, 4332.31
21545, 4334.36
21546, 4334.87
21547, 4336.41
21548, 4335.9
21549, 4329.74
21550, 4326.67
21551, 4326.67
