0.0001, 4106.67
0.4008, 4103.59
0.4519, 4100.51
0.4848, 4098.46
32.248, 4098.97
32.3726, 4102.56
32.4229, 4102.56
32.477, 4101.54
63.1094, 4102.05
63.1977, 4100.51
63.2454, 4099.49
63.2891, 4104.1
94.2578, 4108.21
94.3983, 4105.13
94.5072, 4101.03
94.5716, 4102.05
125.285, 4101.54
125.421, 4100
125.478, 4103.08
125.531, 4108.21
157.089, 4107.18
157.216, 4101.03
157.286, 4100
157.363, 4101.54
188.117, 4101.03
188.214, 4103.08
188.264, 4105.64
188.317, 4103.59
218.902, 4101.03
218.987, 4101.03
219.019, 4100.51
219.049, 4097.44
250.862, 4098.46
250.937, 4102.56
250.969, 4101.54
250.998, 4100.51
281.954, 4100.51
282.067, 4099.49
282.135, 4103.08
282.197, 4103.59
312.801, 4098.46
312.911, 4099.49
312.968, 4102.05
313.009, 4100.51
344.137, 4101.54
344.244, 4105.64
344.298, 4104.1
344.356, 4098.97
376.761, 4098.97
376.893, 4101.54
376.962, 4102.56
377.03, 4099.49
407.071, 4101.03
407.2, 4106.15
407.263, 4104.62
407.337, 4099.49
439.981, 4100.51
440.271, 4104.62
440.395, 4106.15
440.465, 4106.15
468.904, 4107.69
469.019, 4105.64
469.066, 4102.05
469.111, 4104.1
501.151, 4106.67
501.266, 4104.62
501.337, 4103.08
501.402, 4104.62
533.745, 4105.13
533.858, 4102.56
533.925, 4100
533.988, 4105.13
562.995, 4106.67
563.129, 4100.51
563.195, 4102.05
563.259, 4107.69
595.237, 4106.67
595.374, 4102.05
595.441, 4104.1
595.506, 4106.67
625.905, 4104.62
626.021, 4105.13
626.071, 4104.62
626.116, 4102.05
657.238, 4100.51
657.346, 4100
657.398, 4105.64
657.455, 4108.72
688.281, 4101.54
688.39, 4100.51
688.44, 4105.64
688.488, 4104.1
720.128, 4103.08
720.219, 4107.69
720.252, 4108.72
720.282, 4107.69
751.1, 4106.15
751.213, 4105.13
751.266, 4105.64
751.332, 4106.67
782.271, 4107.18
782.428, 4106.67
782.495, 4105.64
782.549, 4105.13
814.493, 4106.67
814.666, 4105.13
814.705, 4104.62
814.737, 4105.64
845.025, 4104.1
845.104, 4105.13
845.136, 4107.18
845.166, 4103.08
876.023, 4101.54
876.119, 4104.1
876.17, 4104.62
876.222, 4104.1
907.143, 4107.18
907.228, 4109.74
907.26, 4107.18
907.307, 4104.1
939.147, 4102.05
939.258, 4102.05
939.326, 4100
939.387, 4098.46
970.148, 4104.62
970.287, 4107.18
970.363, 4100
970.424, 4100
1001.33, 4103.08
1001.45, 4100.51
1001.64, 4101.03
1001.84, 4103.08
1032.12, 4099.49
1032.68, 4099.49
1033.35, 4102.56
1033.56, 4102.56
1064.4, 4104.1
1064.51, 4106.67
1064.57, 4102.56
1064.64, 4098.97
1095.29, 4102.05
1095.49, 4102.56
1095.56, 4102.05
1095.62, 4103.08
1127.41, 4106.15
1127.53, 4106.67
1127.65, 4103.08
1127.7, 4102.05
1158.55, 4104.62
1158.76, 4104.1
1158.81, 4100
1158.85, 4100.51
1189.86, 4103.08
1190.06, 4103.59
1190.12, 4100.51
1190.18, 4098.97
1220.25, 4101.03
1220.36, 4100
1220.41, 4097.95
1220.45, 4100.51
1253.45, 4102.05
1253.57, 4102.05
1253.64, 4103.08
1253.7, 4104.62
1283.04, 4104.62
1283.17, 4104.1
1283.24, 4103.08
1283.31, 4103.08
1314.06, 4105.64
1314.18, 4105.13
1314.24, 4103.08
1314.28, 4101.03
1345.1, 4100
1345.21, 4104.1
1345.26, 4106.15
1345.31, 4104.1
1377.4, 4104.1
1377.59, 4102.05
1377.72, 4100
1377.82, 4102.56
1408.14, 4106.15
1408.25, 4105.13
1408.32, 4100.51
1408.39, 4100.51
1440.86, 4105.13
1441.25, 4104.62
1441.41, 4100
1441.49, 4100
1470.04, 4105.13
1470.15, 4106.67
1470.2, 4102.05
1470.25, 4100
1502.09, 4104.62
1502.21, 4108.72
1502.26, 4107.18
1502.34, 4101.54
1533.1, 4101.03
1533.58, 4105.13
1534.13, 4103.59
1534.18, 4102.56
1564.07, 4108.21
1564.19, 4109.74
1564.25, 4104.1
1564.32, 4104.1
1595.4, 4107.18
1595.55, 4103.59
1595.62, 4103.08
1595.69, 4106.67
1627.39, 4107.69
1627.62, 4107.18
1627.71, 4105.13
1627.82, 4103.59
1658.25, 4106.67
1659.77, 4106.15
1660.48, 4102.56
1660.6, 4102.56
1689.21, 4105.13
1689.36, 4106.67
1689.43, 4106.15
1689.49, 4107.18
1721.16, 4108.21
1721.5, 4106.15
1721.62, 4105.64
1721.67, 4106.15
1752.25, 4108.21
1752.44, 4107.69
1752.51, 4105.64
1752.59, 4106.15
1784.32, 4105.64
1784.58, 4103.08
1784.65, 4100
1784.71, 4102.05
1814.12, 4110.26
1814.36, 4107.69
1814.44, 4101.54
1814.51, 4104.62
1846.13, 4105.13
1846.27, 4099.49
1846.36, 4101.03
1846.43, 4106.15
1877.37, 4102.56
1877.48, 4098.46
1877.55, 4104.1
1877.61, 4108.21
1908.96, 4102.56
1909.1, 4102.56
1909.19, 4107.18
1909.51, 4104.1
1940.58, 4099.49
1940.81, 4102.05
1940.88, 4105.64
1940.94, 4107.18
1971.43, 4107.18
1971.56, 4104.62
1971.63, 4104.62
1971.69, 4106.67
2002.2, 4107.18
2002.32, 4107.69
2002.39, 4105.64
2002.45, 4102.56
2033.41, 4104.1
2033.53, 4108.21
2034.17, 4108.21
2034.23, 4104.1
2065.2, 4101.54
2065.34, 4106.67
2065.46, 4108.72
2065.54, 4102.56
2096.18, 4100
2096.38, 4100.51
2096.45, 4104.1
2096.52, 4105.13
2127.49, 4100
2127.83, 4098.97
2128.16, 4101.03
2128.49, 4098.97
2158.53, 4100
2158.63, 4105.13
2158.7, 4105.64
2158.75, 4101.54
2190.48, 4099.49
2190.71, 4100
2190.81, 4100.51
2190.88, 4100.51
2221.47, 4097.95
2221.59, 4100.51
2221.67, 4105.64
2221.78, 4106.67
2252.32, 4106.15
2252.44, 4107.18
2252.5, 4107.18
2252.56, 4106.67
2284.22, 4105.13
2284.68, 4104.62
2285.05, 4103.59
2285.1, 4101.03
2315.35, 4101.54
2315.45, 4106.15
2315.5, 4107.18
2315.54, 4104.1
2346.13, 4103.59
2346.27, 4104.1
2346.34, 4100
2346.43, 4098.97
2377.2, 4100.51
2377.35, 4098.46
2377.42, 4099.49
2377.49, 4103.08
2409.14, 4104.62
2409.43, 4105.64
2409.51, 4106.15
2409.56, 4106.15
2440.48, 4106.67
2440.65, 4108.72
2440.72, 4110.77
2440.77, 4108.72
2471.17, 4107.18
2471.33, 4109.74
2471.65, 4109.74
2471.77, 4106.67
2502.9, 4106.67
2502.99, 4110.77
2503.04, 4110.77
2503.17, 4106.67
2534.24, 4108.72
2534.37, 4110.77
2534.43, 4108.21
2534.48, 4107.18
2565.19, 4108.21
2565.32, 4108.72
2565.38, 4109.23
2565.42, 4110.77
2596.25, 4109.74
2596.39, 4109.23
2596.44, 4110.26
2596.49, 4108.72
2628.34, 4108.21
2628.48, 4106.67
2628.53, 4102.56
2628.61, 4105.13
2659.08, 4107.18
2659.18, 4105.64
2659.23, 4106.67
2659.28, 4107.18
2690.4, 4106.15
2690.52, 4109.23
2690.58, 4108.21
2690.63, 4105.13
2720.89, 4107.69
2721, 4110.77
2721.05, 4106.67
2721.11, 4102.56
2752.87, 4107.18
2752.97, 4107.18
2753.02, 4102.56
2753.07, 4104.1
2784.17, 4107.69
2784.29, 4106.15
2784.35, 4102.05
2784.4, 4103.08
2815.42, 4106.67
2815.53, 4108.72
2815.61, 4107.69
2815.68, 4104.62
2847.08, 4107.69
2847.19, 4110.77
2847.24, 4107.69
2847.28, 4106.67
2877.8, 4109.74
2877.88, 4110.26
2877.91, 4110.26
2877.94, 4111.28
2908.87, 4109.74
2908.94, 4109.23
2908.97, 4110.77
2909, 4110.26
2940.26, 4109.74
2940.38, 4108.72
2940.44, 4107.18
2940.49, 4108.21
2971.83, 4110.26
2971.94, 4108.72
2971.99, 4109.74
2972.04, 4110.77
3004.08, 4107.18
3004.21, 4107.18
3004.28, 4109.74
3004.36, 4108.21
3034.3, 4108.21
3034.45, 4109.23
3034.49, 4107.69
3034.52, 4107.18
3066.08, 4110.26
3066.2, 4109.23
3066.26, 4106.67
3066.32, 4108.21
3096.79, 4106.67
3096.87, 4101.03
3096.9, 4103.59
3096.94, 4110.26
3127.72, 4108.72
3127.8, 4105.64
3127.84, 4106.67
3127.87, 4109.23
3158.71, 4106.15
3158.79, 4103.08
3158.83, 4106.15
3158.86, 4105.64
3190.88, 4104.1
3190.96, 4105.64
3190.99, 4107.69
3191.02, 4108.72
3222.03, 4111.28
3222.13, 4113.33
3222.17, 4108.72
3222.23, 4106.67
3252.77, 4108.21
3252.85, 4108.21
3252.89, 4107.69
3252.92, 4105.13
3283.79, 4104.1
3283.87, 4108.21
3283.9, 4109.74
3283.94, 4107.69
3315.71, 4107.69
3315.8, 4109.23
3315.83, 4109.74
3315.86, 4108.21
3346.81, 4108.72
3346.89, 4110.26
3346.92, 4109.23
3346.95, 4107.69
3377.84, 4106.67
3377.91, 4106.67
3377.94, 4107.69
3377.97, 4107.18
3409.87, 4109.23
3409.95, 4109.23
3409.98, 4104.62
3410.01, 4104.62
3441.36, 4107.69
3441.44, 4109.23
3441.47, 4108.72
3441.5, 4107.18
3471.78, 4107.69
3471.87, 4110.26
3471.9, 4111.28
3471.93, 4107.69
3503.08, 4107.18
3503.19, 4109.74
3503.24, 4107.18
3503.29, 4103.08
3535.08, 4103.59
3535.19, 4107.18
3535.24, 4108.72
3535.29, 4107.18
3566.12, 4108.21
3566.21, 4109.23
3566.24, 4107.69
3566.27, 4108.72
3597.29, 4108.21
3597.44, 4107.69
3597.52, 4108.21
3597.57, 4107.18
3629.28, 4107.69
3629.43, 4110.77
3629.48, 4110.77
3629.54, 4107.69
3660.4, 4106.67
3660.55, 4109.74
3660.62, 4109.23
3660.68, 4105.64
3691.25, 4105.13
3691.38, 4107.18
3691.48, 4108.72
3691.55, 4104.62
3722.37, 4102.56
3722.52, 4107.69
3722.58, 4110.26
3722.61, 4108.21
3754.23, 4108.72
3754.37, 4110.26
3754.45, 4109.23
3754.52, 4105.64
3785.14, 4104.62
3785.24, 4107.18
3785.27, 4105.64
3785.31, 4104.1
3816.28, 4107.18
3816.38, 4109.23
3816.41, 4108.72
3816.44, 4106.67
3847.35, 4105.64
3847.48, 4107.69
3847.52, 4109.23
3847.57, 4109.23
3879.25, 4108.72
3879.39, 4109.23
3879.45, 4109.23
3879.49, 4107.69
3910.25, 4108.21
3910.35, 4110.26
3910.38, 4111.28
3910.41, 4108.72
3941.42, 4107.18
3941.51, 4108.21
3941.54, 4107.69
3941.57, 4109.74
3973.29, 4109.23
3973.4, 4106.67
3973.45, 4108.21
3973.5, 4106.67
4004.21, 4106.15
4004.34, 4109.74
4004.39, 4109.23
4004.43, 4107.18
4034.89, 4108.21
4035, 4107.69
4035.06, 4106.67
4035.11, 4106.15
4066.36, 4107.69
4066.54, 4109.74
4066.62, 4109.74
4066.68, 4109.23
4098.37, 4107.69
4098.49, 4107.69
4098.54, 4108.72
4098.59, 4107.69
4129.24, 4108.72
4129.37, 4110.77
4129.44, 4110.26
4129.5, 4108.72
4160.07, 4107.18
4160.17, 4107.69
4160.22, 4108.72
4160.27, 4109.74
4191.98, 4109.23
4192.06, 4107.18
4192.09, 4109.74
4192.12, 4112.31
4223.44, 4109.74
4223.55, 4107.69
4223.62, 4108.72
4223.67, 4110.26
4254.21, 4109.74
4254.34, 4107.69
4254.39, 4105.13
4254.44, 4104.1
4285.28, 4107.18
4285.43, 4108.21
4285.5, 4106.67
4285.57, 4108.72
4317.17, 4109.23
4317.29, 4107.18
4317.36, 4106.15
4317.43, 4108.21
4348.02, 4109.23
4348.11, 4107.69
4348.14, 4108.21
4348.17, 4109.74
4378.7, 4109.23
4378.78, 4108.72
4378.81, 4109.23
4378.84, 4108.72
4409.72, 4110.77
4409.8, 4111.79
4409.83, 4108.72
4409.86, 4106.15
4442.08, 4106.15
4442.15, 4109.23
4442.18, 4111.28
4442.22, 4109.23
4473.4, 4106.15
4473.56, 4106.67
4473.6, 4108.21
4473.63, 4106.15
4503.91, 4107.18
4503.99, 4110.26
4504.03, 4107.18
4504.06, 4106.67
4535.92, 4109.74
4535.99, 4109.74
4536.03, 4106.15
4536.06, 4105.13
4566.81, 4109.74
4566.9, 4109.74
4566.93, 4108.72
4566.96, 4109.74
4597.95, 4110.26
4598.02, 4113.85
4598.05, 4112.31
4598.08, 4108.72
4629.08, 4111.79
4629.16, 4116.41
4629.2, 4114.87
4629.23, 4110.77
4661.1, 4110.77
4661.21, 4113.33
4661.26, 4112.82
4661.31, 4110.77
4692.16, 4112.31
4692.25, 4114.36
4692.3, 4114.36
4692.33, 4113.85
4723.41, 4113.85
4723.51, 4112.31
4723.56, 4108.72
4723.59, 4110.77
4755.13, 4114.36
4755.21, 4113.85
4755.25, 4111.28
4755.28, 4112.82
4785.98, 4116.92
4786.05, 4113.33
4786.09, 4108.21
4786.12, 4108.21
4816.82, 4108.21
4816.9, 4107.18
4816.93, 4106.67
4816.96, 4106.67
4848.14, 4107.69
4848.22, 4109.23
4848.25, 4109.74
4848.28, 4108.72
4880.16, 4109.23
4880.29, 4109.23
4880.35, 4107.69
4880.4, 4109.23
4911.04, 4110.26
4911.12, 4107.69
4911.15, 4107.18
4911.18, 4107.69
4941.99, 4109.74
4942.08, 4109.23
4942.11, 4105.64
4942.14, 4105.64
4973.16, 4107.18
4973.25, 4107.18
4973.28, 4109.74
4973.34, 4113.85
5004.89, 4111.79
5004.99, 4107.18
5005.04, 4109.74
5005.08, 4108.21
5035.87, 4101.54
5035.95, 4105.13
5035.98, 4110.26
5036.01, 4108.21
5067.02, 4109.23
5067.12, 4108.72
5067.15, 4108.21
5067.18, 4111.28
5099.09, 4110.26
5099.19, 4107.69
5099.22, 4107.18
5099.25, 4109.74
5129.96, 4111.79
5130.05, 4109.74
5130.09, 4108.21
5130.12, 4110.26
5161.07, 4111.28
5161.15, 4108.72
5161.18, 4107.18
5161.21, 4110.26
5192.01, 4110.26
5192.1, 4108.72
5192.13, 4108.21
5192.16, 4108.72
5224.26, 4108.21
5224.37, 4107.18
5224.43, 4106.15
5224.47, 4105.13
5254.87, 4108.21
5254.98, 4111.79
5255.03, 4107.18
5255.09, 4103.08
5286.8, 4106.67
5286.9, 4108.72
5286.95, 4107.69
5287.01, 4104.1
5317.84, 4102.05
5317.97, 4106.15
5318.04, 4108.21
5318.11, 4107.18
5348.96, 4107.18
5349.05, 4104.62
5349.08, 4103.59
5349.11, 4104.1
5379.95, 4101.54
5380.03, 4098.97
5380.07, 4099.49
5380.1, 4103.59
5411.08, 4102.56
5411.15, 4098.46
5411.19, 4103.08
5411.22, 4108.72
5442.97, 4108.21
5443.04, 4106.67
5443.07, 4106.15
5443.1, 4104.1
5473.97, 4103.59
5474.05, 4106.67
5474.08, 4107.18
5474.11, 4105.13
5505.26, 4106.15
5505.4, 4109.74
5505.45, 4110.26
5505.49, 4103.08
5537.08, 4102.56
5537.17, 4109.74
5537.2, 4110.26
5537.23, 4107.69
5567.96, 4107.69
5568.05, 4104.1
5568.08, 4105.13
5568.11, 4109.74
5599.31, 4106.15
5599.44, 4105.13
5599.49, 4108.21
5599.53, 4108.72
5630.01, 4108.72
5630.1, 4108.72
5630.14, 4111.79
5630.17, 4111.28
5661.99, 4107.18
5662.07, 4106.67
5662.1, 4110.26
5662.13, 4111.79
5692.92, 4108.21
5692.99, 4109.74
5693.02, 4111.79
5693.06, 4109.23
5724.26, 4109.74
5724.36, 4110.26
5724.39, 4109.74
5724.43, 4109.23
5754.95, 4109.23
5755.08, 4109.23
5755.15, 4108.21
5755.19, 4108.21
5786.99, 4109.74
5787.07, 4111.28
5787.11, 4108.72
5787.14, 4107.18
5817.82, 4112.31
5817.89, 4114.87
5817.93, 4109.74
5817.96, 4106.67
5849.07, 4109.23
5849.15, 4109.23
5849.18, 4108.72
5849.21, 4108.72
5880.91, 4109.23
5880.98, 4111.79
5881.02, 4110.77
5881.05, 4107.18
5912.14, 4105.13
5912.22, 4107.69
5912.25, 4108.21
5912.28, 4107.18
5943.08, 4109.23
5943.17, 4108.72
5943.2, 4107.18
5943.23, 4107.69
5973.96, 4108.72
5974.04, 4110.26
5974.07, 4109.74
5974.1, 4108.72
6005.86, 4109.23
6005.94, 4108.72
6005.97, 4108.21
6006, 4107.18
6036.85, 4105.64
6036.93, 4106.67
6036.96, 4109.74
6036.99, 4109.74
6067.95, 4103.08
6068.04, 4104.1
6068.07, 4109.23
6068.1, 4107.69
6099.96, 4107.69
6100.04, 4111.79
6100.07, 4110.26
6100.1, 4109.74
6131.16, 4110.26
6131.24, 4107.69
6131.28, 4109.74
6131.33, 4112.31
6162.05, 4108.72
6162.14, 4107.18
6162.17, 4106.67
6162.2, 4107.18
6192.99, 4108.21
6193.07, 4109.74
6193.11, 4109.74
6193.14, 4108.72
6225.1, 4107.18
6225.17, 4105.13
6225.2, 4106.67
6225.23, 4108.21
6256.29, 4107.69
6256.43, 4108.72
6256.49, 4108.72
6256.55, 4110.26
6287.01, 4111.79
6287.1, 4112.31
6287.14, 4111.79
6287.17, 4109.23
6318.11, 4110.26
6318.2, 4110.26
6318.23, 4107.18
6318.27, 4107.18
6350.33, 4108.21
6350.43, 4107.69
6350.48, 4108.21
6350.53, 4107.69
6381.06, 4108.72
6381.15, 4108.21
6381.18, 4108.21
6381.21, 4111.28
6412.04, 4110.77
6412.12, 4107.69
6412.15, 4106.67
6412.18, 4106.15
6443.9, 4107.18
6443.98, 4108.72
6444.01, 4109.23
6444.04, 4109.23
6474.94, 4109.23
6475.02, 4107.69
6475.05, 4109.74
6475.08, 4111.28
6505.92, 4105.64
6506.05, 4101.54
6506.1, 4107.69
6506.13, 4108.21
6537.15, 4106.15
6537.27, 4110.77
6537.33, 4111.28
6537.38, 4107.18
6568.94, 4105.64
6569.01, 4108.21
6569.04, 4107.69
6569.07, 4104.1
6600.84, 4107.18
6600.92, 4112.31
6600.95, 4111.28
6600.98, 4109.23
6630.89, 4109.23
6630.99, 4109.74
6631.02, 4110.77
6631.05, 4109.74
6662.92, 4110.26
6663.01, 4113.33
6663.04, 4110.26
6663.07, 4108.21
6693.84, 4111.28
6693.92, 4110.77
6693.95, 4109.74
6693.99, 4109.23
6725.09, 4107.69
6725.17, 4107.18
6725.2, 4110.26
6725.23, 4110.26
6756.29, 4108.21
6756.42, 4109.74
6756.5, 4110.26
6756.56, 4110.26
6787.98, 4111.28
6788.05, 4111.28
6788.09, 4107.69
6788.12, 4105.13
6818.94, 4110.26
6819.01, 4111.28
6819.04, 4108.21
6819.07, 4110.26
6849.88, 4113.33
6849.97, 4111.28
6850.01, 4109.74
6850.04, 4109.23
6881.87, 4110.26
6881.95, 4112.82
6881.98, 4112.31
6882.01, 4110.26
6913.07, 4108.21
6913.14, 4108.72
6913.17, 4108.72
6913.2, 4107.69
6943.77, 4108.72
6943.86, 4110.77
6943.9, 4108.21
6943.93, 4106.15
6975.19, 4107.69
6975.29, 4109.23
6975.34, 4109.23
6975.37, 4109.74
7007.39, 4107.18
7007.48, 4105.13
7007.51, 4107.69
7007.55, 4106.67
7037.78, 4107.18
7037.85, 4110.26
7037.89, 4108.72
7037.92, 4107.69
7069.08, 4108.72
7069.18, 4109.23
7069.21, 4108.72
7069.24, 4108.21
7100.05, 4108.72
7100.14, 4110.77
7100.17, 4111.28
7100.2, 4109.23
7131.8, 4107.69
7131.87, 4109.23
7131.9, 4110.26
7131.93, 4109.74
7162.84, 4110.77
7162.91, 4109.23
7162.94, 4108.21
7162.97, 4109.23
7194.04, 4108.72
7194.13, 4109.74
7194.23, 4111.79
7194.27, 4111.28
7225.92, 4107.69
7226.03, 4108.21
7226.08, 4109.74
7226.13, 4107.18
7257.2, 4107.69
7257.27, 4111.28
7257.32, 4110.26
7257.35, 4107.18
7287.9, 4107.69
7287.97, 4110.26
7288, 4110.77
7288.03, 4110.26
7318.96, 4111.28
7319.04, 4112.82
7319.07, 4112.82
7319.1, 4109.74
7350.83, 4106.15
7350.92, 4109.23
7350.95, 4111.79
7350.98, 4109.23
7382.38, 4109.74
7382.5, 4110.77
7382.56, 4108.21
7382.6, 4104.62
7413.08, 4104.1
7413.15, 4107.18
7413.19, 4108.21
7413.22, 4106.67
7444.07, 4107.69
7444.15, 4110.77
7444.18, 4109.74
7444.21, 4106.15
7476, 4107.69
7476.08, 4110.26
7476.11, 4108.21
7476.14, 4108.72
7506.96, 4111.28
7507.03, 4114.87
7507.06, 4116.41
7507.09, 4110.77
7537.96, 4112.31
7538.03, 4116.92
7538.06, 4111.79
7538.09, 4108.21
7569.89, 4110.26
7569.96, 4109.74
7569.99, 4105.64
7570.02, 4105.64
7601.25, 4109.74
7601.38, 4110.26
7601.43, 4109.23
7601.49, 4107.69
7632.03, 4108.21
7632.13, 4110.77
7632.18, 4110.77
7632.22, 4112.82
7663.14, 4114.36
7663.22, 4112.31
7663.25, 4110.77
7663.28, 4110.26
7695.2, 4110.77
7695.28, 4112.82
7695.32, 4112.31
7695.35, 4109.23
7726.07, 4106.15
7726.16, 4106.15
7726.19, 4109.23
7726.22, 4108.72
7757.09, 4110.26
7757.18, 4114.87
7757.21, 4113.33
7757.24, 4109.23
7788.99, 4111.79
7789.13, 4111.28
7789.2, 4109.23
7789.26, 4113.33
7820.21, 4114.36
7820.29, 4107.18
7820.33, 4104.1
7820.36, 4105.64
7850.91, 4104.62
7850.98, 4108.21
7851.02, 4112.31
7851.05, 4112.82
7881.88, 4112.31
7881.96, 4112.82
7881.99, 4115.38
7882.02, 4113.33
7913.96, 4108.72
7914.03, 4110.26
7914.07, 4109.23
7914.1, 4105.64
7944.99, 4105.13
7945.06, 4109.74
7945.1, 4112.31
7945.13, 4108.21
7975.86, 4106.67
7975.93, 4109.23
7975.96, 4108.72
7975.99, 4108.21
8007.74, 4110.77
8007.82, 4111.28
8007.85, 4108.21
8007.9, 4107.18
8038.82, 4106.67
8038.93, 4104.62
8039, 4107.18
8039.04, 4109.74
8069.95, 4107.69
8070.03, 4110.26
8070.07, 4114.87
8070.1, 4112.82
8101.01, 4109.23
8101.13, 4109.74
8101.18, 4109.74
8101.22, 4108.21
8132.92, 4109.74
8133, 4112.82
8133.03, 4111.28
8133.06, 4111.28
8163.9, 4114.36
8163.99, 4114.36
8164.02, 4112.31
8164.05, 4110.77
8194.97, 4110.26
8195.04, 4110.77
8195.08, 4110.26
8195.11, 4111.28
8226.27, 4112.82
8226.41, 4111.79
8226.47, 4110.77
8226.52, 4110.26
8258.2, 4111.28
8258.29, 4109.74
8258.36, 4108.21
8258.39, 4108.21
8288.83, 4109.74
8288.92, 4112.82
8288.95, 4112.31
8288.98, 4110.26
8320, 4109.74
8320.1, 4109.23
8320.13, 4111.28
8320.16, 4113.85
8351.81, 4112.31
8351.89, 4110.77
8351.93, 4110.26
8351.96, 4112.31
8382.87, 4114.36
8382.96, 4113.85
8383, 4110.26
8383.03, 4107.18
8413.78, 4112.31
8413.85, 4116.92
8413.88, 4112.82
8413.91, 4110.26
8444.9, 4111.28
8444.99, 4109.74
8445.03, 4108.21
8445.06, 4109.23
8477.07, 4109.23
8477.15, 4106.15
8477.18, 4106.15
8477.21, 4109.74
8507.95, 4109.74
8508.02, 4110.26
8508.06, 4110.77
8508.09, 4109.74
8538.84, 4108.21
8538.94, 4108.21
8538.98, 4109.23
8539.01, 4109.23
8570.84, 4111.28
8570.93, 4113.33
8570.96, 4108.72
8570.99, 4109.74
8601.82, 4112.31
8601.91, 4108.21
8601.94, 4108.21
8601.97, 4110.26
8633.27, 4108.21
8633.4, 4108.21
8633.45, 4110.77
8633.5, 4111.79
8663.86, 4111.28
8663.95, 4110.26
8663.98, 4105.13
8664.01, 4103.08
8696.08, 4108.72
8696.16, 4109.74
8696.19, 4107.69
8696.22, 4108.72
8727.08, 4109.74
8727.16, 4112.31
8727.19, 4113.85
8727.22, 4112.31
8757.99, 4110.26
8758.07, 4111.79
8758.1, 4114.36
8758.13, 4111.79
8788.8, 4110.26
8788.9, 4113.85
8788.93, 4113.33
8788.96, 4109.74
8821.18, 4110.26
8821.27, 4112.82
8821.3, 4114.36
8821.35, 4113.33
8851.95, 4114.36
8852.03, 4113.33
8852.07, 4112.82
8852.1, 4113.85
8882.84, 4110.77
8882.92, 4108.21
8882.95, 4109.74
8882.98, 4111.79
8914.93, 4111.79
8915, 4111.79
8915.04, 4111.28
8915.07, 4110.26
8945.87, 4110.77
8945.97, 4112.82
8946.02, 4113.33
8946.07, 4112.82
8976.96, 4112.31
8977.04, 4109.23
8977.07, 4107.18
8977.1, 4110.26
9007.95, 4110.77
9008.03, 4110.77
9008.07, 4113.85
9008.1, 4116.41
9040.73, 4115.38
9040.89, 4112.82
9040.97, 4113.33
9041.04, 4113.33
9070.81, 4111.28
9070.89, 4109.23
9070.92, 4108.72
9070.95, 4111.28
9101.98, 4113.33
9102.05, 4111.28
9102.09, 4111.28
9102.12, 4114.36
9132.84, 4114.36
9132.91, 4112.31
9132.94, 4113.33
9132.97, 4114.36
9164.78, 4114.36
9164.87, 4118.46
9164.9, 4119.49
9164.93, 4115.38
9195.91, 4113.33
9195.98, 4113.85
9196.02, 4112.82
9196.05, 4113.85
9227, 4115.38
9227.08, 4113.85
9227.11, 4110.77
9227.14, 4111.79
9259.11, 4114.36
9259.21, 4113.85
9259.24, 4113.33
9259.27, 4110.77
9290.13, 4108.72
9290.22, 4110.77
9290.26, 4112.82
9290.29, 4112.31
9320.92, 4111.28
9321, 4111.28
9321.03, 4113.33
9321.06, 4112.31
9352.12, 4108.72
9352.23, 4110.26
9352.28, 4113.85
9352.34, 4115.38
9383.84, 4112.82
9383.92, 4110.26
9383.95, 4111.28
9383.98, 4110.26
9415.08, 4108.72
9415.16, 4109.23
9415.19, 4108.72
9415.22, 4108.72
9446.07, 4109.23
9446.15, 4109.23
9446.18, 4108.72
9446.21, 4108.72
9477.97, 4109.74
9478.04, 4110.77
9478.07, 4112.31
9478.1, 4109.74
9509, 4108.21
9509.07, 4110.26
9509.11, 4111.79
9509.14, 4113.33
9540.09, 4112.82
9540.17, 4112.82
9540.2, 4113.33
9540.23, 4110.26
9570.89, 4109.74
9570.98, 4108.72
9571.02, 4105.64
9571.05, 4108.21
9602.94, 4112.82
9603.02, 4113.85
9603.06, 4112.82
9603.09, 4113.85
9633.86, 4115.9
9633.93, 4114.36
9633.97, 4112.31
9634, 4110.77
9665.14, 4109.74
9665.3, 4111.28
9665.38, 4111.28
9665.44, 4109.23
9696.96, 4111.28
9697.03, 4113.33
9697.07, 4112.31
9697.1, 4109.23
9728.07, 4109.23
9728.15, 4114.36
9728.19, 4113.85
9728.22, 4108.21
9759, 4108.72
9759.08, 4112.31
9759.11, 4112.31
9759.14, 4108.72
9790.09, 4107.69
9790.17, 4108.21
9790.21, 4108.72
9790.24, 4111.28
9821.85, 4111.28
9821.93, 4108.21
9821.96, 4109.23
9821.99, 4112.82
9852.89, 4111.28
9852.96, 4103.59
9852.99, 4105.13
9853.02, 4113.85
9884.18, 4110.26
9884.35, 4103.59
9884.42, 4108.21
9884.49, 4112.82
9914.9, 4110.77
9914.97, 4111.79
9915.01, 4115.38
9915.04, 4113.33
9946.91, 4109.23
9947, 4107.69
9947.03, 4108.21
9947.06, 4113.85
9977.89, 4113.85
9977.97, 4107.69
9978, 4107.69
9978.03, 4110.77
10008.9, 4109.74
10009, 4109.23
10009, 4111.28
10009.1, 4113.33
10041, 4112.31
10041.1, 4108.72
10041.1, 4105.64
10041.1, 4109.23
10072, 4114.36
10072.1, 4114.36
10072.2, 4111.79
10072.2, 4112.31
10103, 4113.33
10103.1, 4113.33
10103.2, 4110.26
10103.2, 4107.69
10133.9, 4112.31
10133.9, 4114.36
10134, 4110.77
10134, 4108.72
10165.9, 4112.82
10166, 4115.38
10166, 4110.77
10166.1, 4108.72
10197, 4112.31
10197.1, 4112.31
10197.1, 4109.74
10197.2, 4109.74
10227.9, 4111.28
10228, 4110.77
10228, 4108.72
10228.1, 4108.72
10258.8, 4110.26
10258.9, 4112.82
10258.9, 4113.85
10259, 4110.77
10291.3, 4111.79
10291.4, 4113.85
10291.5, 4114.87
10291.5, 4116.92
10321.9, 4113.33
10322.1, 4110.77
10322.1, 4114.36
10322.2, 4112.82
10352.8, 4109.23
10352.9, 4111.28
10352.9, 4113.33
10353, 4111.79
10385.4, 4108.21
10385.5, 4108.21
10385.5, 4110.26
10385.6, 4109.74
10415.8, 4107.69
10415.9, 4108.21
10415.9, 4110.26
10416, 4109.74
10447, 4111.79
10447.1, 4111.79
10447.1, 4106.15
10447.1, 4106.67
10478, 4109.74
10478.1, 4106.67
10478.1, 4105.64
10478.1, 4108.21
10510, 4108.21
10510.1, 4106.67
10510.2, 4105.13
10510.2, 4106.15
10541, 4106.67
10541.1, 4106.15
10541.2, 4108.21
10541.2, 4110.26
10571.8, 4108.72
10571.9, 4109.74
10572, 4113.33
10572, 4112.82
10603.8, 4109.74
10603.9, 4110.26
10603.9, 4109.23
10603.9, 4110.26
10634.8, 4112.31
10634.9, 4110.26
10634.9, 4108.21
10635, 4110.26
10665.8, 4112.82
10665.9, 4113.33
10666, 4109.74
10666, 4108.21
10697.1, 4109.23
10697.2, 4107.18
10697.3, 4107.18
10697.4, 4109.74
10728.9, 4108.21
10729, 4107.18
10729, 4110.77
10729, 4114.87
10759.8, 4108.72
10759.9, 4105.13
10759.9, 4112.31
10760, 4116.92
10791.1, 4108.21
10791.2, 4101.03
10791.2, 4109.74
10791.2, 4116.41
10822.9, 4110.77
10822.9, 4116.92
10823, 4126.67
10823, 4114.87
10853.9, 4100.51
10854, 4110.77
10854, 4122.56
10854.1, 4116.92
10884.8, 4114.87
10884.9, 4121.03
10884.9, 4124.62
10885, 4129.74
10916.1, 4127.18
10916.1, 4116.41
10916.2, 4116.41
10916.2, 4122.56
10948.1, 4122.05
10948.2, 4123.59
10948.2, 4123.59
10948.2, 4118.46
10978.9, 4121.54
10979, 4128.72
10979, 4122.05
10979.1, 4116.41
11010.1, 4122.05
11010.2, 4121.54
11010.2, 4114.87
11010.2, 4116.41
11041.1, 4122.56
11041.2, 4122.05
11041.2, 4117.95
11041.2, 4120
11072.9, 4123.59
11072.9, 4124.1
11073, 4123.59
11073, 4120.51
11104.2, 4116.92
11104.4, 4117.44
11104.5, 4120
11104.5, 4121.54
11134.9, 4121.03
11135, 4120.51
11135, 4121.03
11135.1, 4120.51
11166.9, 4122.56
11166.9, 4123.59
11167, 4118.46
11167, 4116.92
11198, 4119.49
11198.1, 4117.95
11198.1, 4116.92
11198.1, 4116.41
11229, 4115.38
11229.1, 4115.9
11229.2, 4117.95
11229.2, 4118.46
11260.2, 4116.92
11260.3, 4116.92
11260.3, 4117.44
11260.4, 4116.92
11291.9, 4119.49
11292, 4120.51
11292.1, 4117.95
11292.1, 4116.41
11323.3, 4117.95
11323.4, 4121.03
11323.5, 4119.49
11323.5, 4117.95
11354, 4118.97
11354.1, 4120
11354.2, 4119.49
11354.3, 4117.95
11385.8, 4115.38
11385.9, 4117.44
11385.9, 4121.54
11386, 4121.54
11417, 4117.44
11417.2, 4115.9
11417.2, 4116.41
11417.2, 4118.46
11447.8, 4123.08
11447.9, 4123.08
11447.9, 4117.44
11448, 4113.85
11479, 4115.38
11479, 4116.92
11479.1, 4114.87
11479.1, 4116.92
11510.9, 4122.56
11510.9, 4117.95
11511, 4114.87
11511, 4122.56
11542.1, 4121.03
11542.2, 4115.38
11542.2, 4120.51
11542.2, 4122.56
11573.1, 4116.92
11573.2, 4113.33
11573.2, 4117.95
11573.2, 4122.05
11603.9, 4120.51
11603.9, 4116.41
11604, 4117.44
11604, 4118.46
11635.8, 4114.87
11635.9, 4116.41
11635.9, 4118.46
11636, 4115.9
11666.9, 4116.92
11667, 4117.95
11667, 4114.36
11667, 4114.87
11698, 4115.9
11698.1, 4114.36
11698.1, 4116.41
11698.1, 4114.36
11730.3, 4108.21
11730.4, 4107.18
11730.5, 4112.31
11730.5, 4114.36
11760.9, 4114.36
11761, 4113.85
11761, 4109.23
11761.1, 4108.72
11792, 4112.82
11792.1, 4112.82
11792.1, 4111.79
11792.1, 4113.85
11823, 4114.36
11823.1, 4111.28
11823.2, 4112.31
11823.2, 4117.44
11854.9, 4114.36
11855, 4109.23
11855, 4113.85
11855.1, 4116.92
11885.9, 4114.87
11886, 4113.33
11886, 4113.33
11886, 4113.85
11916.8, 4113.85
11916.9, 4113.85
11916.9, 4114.36
11916.9, 4112.31
11949.2, 4108.72
11949.3, 4110.26
11949.4, 4116.41
11949.5, 4118.46
11980, 4114.36
11980.1, 4113.85
11980.1, 4116.92
11980.1, 4116.92
12011, 4113.85
12011.1, 4111.79
12011.1, 4114.87
12011.1, 4115.9
12042, 4113.85
12042.1, 4112.31
12042.2, 4112.31
12042.2, 4113.85
12073.8, 4112.82
12073.9, 4111.28
12074, 4113.85
12074, 4114.36
12104.9, 4112.82
12105, 4113.85
12105.1, 4114.87
12105.2, 4113.85
12136.1, 4111.28
12136.1, 4112.31
12136.2, 4116.41
12136.2, 4115.9
12167.1, 4113.85
12167.1, 4114.36
12167.2, 4113.85
12167.2, 4114.36
12199, 4113.85
12199, 4113.33
12199.1, 4113.85
12199.1, 4113.33
12230, 4110.77
12230.1, 4112.31
12230.1, 4117.44
12230.1, 4114.36
12260.9, 4110.26
12261, 4114.36
12261, 4115.9
12261, 4112.82
12292.9, 4112.82
12293, 4113.85
12293, 4113.33
12293.1, 4112.82
12323.9, 4113.85
12323.9, 4114.36
12324, 4115.38
12324, 4116.41
12355.3, 4113.85
12355.5, 4112.82
12355.6, 4115.38
12355.7, 4112.82
12386.1, 4110.77
12386.2, 4111.28
12386.2, 4113.33
12386.2, 4115.38
12417.9, 4114.36
12417.9, 4113.33
12418, 4112.31
12418, 4112.82
12449.1, 4113.85
12449.2, 4112.31
12449.2, 4112.31
12449.2, 4112.82
12480, 4112.31
12480.1, 4112.31
12480.1, 4113.33
12480.1, 4112.31
12512, 4111.28
12512, 4113.85
12512.1, 4115.9
12512.1, 4116.41
12543.2, 4116.92
12543.3, 4116.41
12543.3, 4113.85
12543.3, 4114.36
12574.4, 4114.36
12574.5, 4112.82
12574.5, 4112.82
12574.5, 4112.82
12604.8, 4113.85
12604.9, 4113.85
12604.9, 4114.87
12604.9, 4113.85
12636.8, 4112.82
12636.9, 4114.36
12637, 4115.9
12637, 4114.36
12667.8, 4113.33
12667.9, 4112.82
12667.9, 4113.85
12668, 4116.41
12698.8, 4114.36
12698.9, 4111.28
12698.9, 4112.82
12699, 4114.36
12729.9, 4114.36
12730, 4114.87
12730, 4115.38
12730, 4114.87
12762, 4114.36
12762, 4113.85
12762.1, 4110.26
12762.1, 4113.85
12793.1, 4117.44
12793.2, 4114.87
12793.2, 4115.9
12793.2, 4118.46
12824.1, 4116.92
12824.2, 4113.33
12824.2, 4115.38
12824.3, 4118.97
12855.9, 4116.92
12855.9, 4115.38
12856, 4116.92
12856, 4116.92
12886.9, 4115.38
12887, 4111.79
12887.1, 4111.79
12887.1, 4114.87
12917.9, 4112.31
12918, 4109.74
12918.1, 4111.28
12918.1, 4111.28
12949, 4111.28
12949.1, 4113.33
12949.1, 4113.85
12949.2, 4111.28
12981.2, 4110.26
12981.3, 4110.77
12981.4, 4111.79
12981.4, 4114.36
13012, 4115.9
13012.1, 4116.41
13012.1, 4117.95
13012.2, 4116.41
13043, 4112.31
13043.1, 4111.28
13043.2, 4111.28
13043.2, 4110.26
13075, 4110.26
13075.1, 4112.31
13075.1, 4114.87
13075.1, 4116.41
13106.1, 4114.87
13106.2, 4111.79
13106.3, 4112.82
13106.3, 4113.33
13136.9, 4111.28
13136.9, 4114.36
13137, 4114.87
13137, 4112.82
13168.1, 4115.38
13168.2, 4114.36
13168.2, 4111.79
13168.2, 4111.79
13200, 4109.74
13200.1, 4110.26
13200.1, 4113.33
13200.2, 4114.87
13231.1, 4114.36
13231.2, 4114.87
13231.2, 4115.9
13231.2, 4115.38
13262.2, 4114.87
13262.2, 4114.36
13262.3, 4115.9
13262.3, 4114.87
13293.1, 4110.77
13293.2, 4109.23
13293.2, 4110.77
13293.2, 4112.31
13325.1, 4113.33
13325.2, 4113.85
13325.2, 4114.87
13325.2, 4114.36
13355.8, 4113.33
13355.9, 4113.85
13356, 4112.82
13356, 4112.31
13386.9, 4115.38
13387, 4115.9
13387, 4115.38
13387, 4115.9
13419.1, 4114.87
13419.2, 4115.38
13419.3, 4115.9
13419.4, 4115.38
13449.9, 4113.33
13450, 4111.28
13450, 4112.82
13450, 4114.36
13481.1, 4114.36
13481.2, 4114.87
13481.2, 4113.85
13481.3, 4113.85
13511.9, 4115.38
13512, 4114.87
13512, 4113.85
13512.1, 4113.85
13544, 4113.85
13544.1, 4112.82
13544.2, 4113.85
13544.2, 4115.38
13575, 4113.85
13575.1, 4114.36
13575.1, 4115.9
13575.1, 4112.31
13606.3, 4111.28
13606.4, 4114.36
13606.5, 4115.38
13606.6, 4113.33
13637.7, 4114.36
13637.8, 4115.38
13637.8, 4110.77
13637.9, 4111.79
13669, 4117.95
13669, 4114.36
13669.1, 4108.72
13669.1, 4112.31
13699.8, 4117.44
13699.9, 4115.38
13699.9, 4112.82
13700, 4115.38
13731.1, 4115.9
13731.2, 4113.33
13731.2, 4112.82
13731.4, 4113.33
13763.3, 4114.87
13763.5, 4116.92
13763.5, 4115.38
13763.6, 4112.31
13794.3, 4113.33
13794.5, 4115.38
13794.5, 4111.79
13794.6, 4111.28
13825.4, 4113.85
13825.6, 4112.31
13825.7, 4112.31
13825.7, 4113.85
13857.4, 4112.82
13857.5, 4111.79
13857.5, 4112.31
13857.6, 4113.33
13888.3, 4114.36
13888.4, 4111.28
13888.4, 4111.79
13888.5, 4114.36
13919.1, 4114.87
13919.3, 4114.36
13919.3, 4110.26
13919.4, 4109.74
13950.2, 4112.31
13950.3, 4110.77
13950.4, 4111.28
13950.4, 4112.31
13982.1, 4109.74
13982.3, 4109.74
13982.4, 4111.28
13982.4, 4108.21
14013.3, 4109.23
14013.4, 4114.87
14013.4, 4112.31
14013.5, 4111.28
14044.3, 4115.38
14044.4, 4112.31
14044.5, 4111.28
14044.5, 4116.41
14075.5, 4116.41
14075.6, 4115.9
14075.7, 4116.92
14075.7, 4116.92
14107.3, 4116.41
14107.4, 4114.87
14107.5, 4114.36
14107.5, 4115.9
14138.3, 4115.38
14138.4, 4115.38
14138.5, 4116.92
14138.5, 4118.46
14169.2, 4114.36
14169.3, 4111.79
14169.4, 4115.38
14169.4, 4117.44
14201, 4116.41
14201.1, 4114.87
14201.2, 4112.31
14201.2, 4112.82
14232.3, 4111.79
14232.5, 4107.69
14232.5, 4108.72
14232.6, 4114.87
14263, 4113.33
14263.1, 4108.72
14263.1, 4113.33
14263.2, 4114.87
14294, 4108.72
14294.1, 4113.33
14294.1, 4116.92
14294.2, 4108.21
14326.1, 4105.13
14326.3, 4112.31
14326.3, 4114.87
14326.4, 4113.33
14357.3, 4114.36
14357.4, 4116.41
14357.5, 4113.33
14357.5, 4109.23
14388, 4114.36
14388.2, 4124.62
14388.2, 4123.59
14388.3, 4116.41
14419.4, 4118.46
14419.5, 4119.49
14419.5, 4112.82
14419.5, 4115.9
14451.3, 4124.1
14451.4, 4121.03
14451.5, 4114.36
14451.6, 4116.92
14482.2, 4124.1
14482.3, 4125.13
14482.4, 4118.97
14482.4, 4114.87
14513.1, 4117.95
14513.1, 4124.62
14513.2, 4124.62
14513.2, 4122.56
14544.9, 4123.08
14545, 4123.59
14545, 4125.64
14545, 4125.64
14575.8, 4117.95
14575.9, 4115.38
14575.9, 4123.08
14576, 4126.67
14606.9, 4120.51
14607, 4117.44
14607.1, 4118.97
14607.1, 4117.44
14637.8, 4119.49
14637.9, 4123.08
14637.9, 4122.56
14637.9, 4122.05
14669.9, 4120.51
14670, 4117.44
14670, 4120.51
14670, 4124.62
14701, 4123.59
14701.1, 4118.46
14701.2, 4115.38
14701.2, 4118.97
14732, 4123.59
14732.1, 4126.67
14732.1, 4125.64
14732.2, 4119.49
14763.9, 4118.46
14764, 4124.1
14764.1, 4125.13
14764.1, 4120
14795.1, 4115.38
14795.2, 4121.03
14795.2, 4125.13
14795.3, 4121.03
14826, 4116.41
14826.1, 4122.05
14826.2, 4125.13
14826.2, 4122.05
14857.4, 4122.05
14857.5, 4118.46
14857.5, 4115.9
14857.6, 4122.05
14888.9, 4122.56
14889, 4116.92
14889.1, 4116.41
14889.1, 4121.03
14919.9, 4121.54
14919.9, 4116.92
14920, 4116.92
14920, 4120.51
14950.9, 4116.92
14950.9, 4113.85
14951, 4116.92
14951, 4120
14981.8, 4122.56
14981.9, 4119.49
14981.9, 4115.9
14981.9, 4120
15014, 4118.97
15014.2, 4117.44
15014.2, 4120.51
15014.3, 4120.51
15045, 4118.97
15045.1, 4122.56
15045.1, 4126.67
15045.1, 4121.03
15076, 4115.38
15076.1, 4115.38
15076.1, 4118.46
15076.2, 4118.46
15108.2, 4115.38
15108.3, 4117.95
15108.3, 4121.54
15108.3, 4119.49
15138.8, 4116.41
15138.9, 4120
15138.9, 4122.05
15139, 4117.95
15169.8, 4116.41
15169.9, 4120
15169.9, 4121.03
15170, 4120.51
15200.9, 4122.56
15201, 4123.59
15201.1, 4124.1
15201.1, 4121.54
15232.9, 4120
15233, 4123.59
15233, 4122.56
15233, 4116.92
15264.3, 4117.95
15264.4, 4120.51
15264.5, 4120
15264.5, 4119.49
15295, 4121.03
15295.1, 4122.05
15295.1, 4119.49
15295.2, 4117.95
15327, 4115.9
15327.1, 4113.33
15327.1, 4119.49
15327.1, 4123.59
15358, 4117.44
15358.1, 4117.44
15358.1, 4125.64
15358.1, 4125.13
15388.9, 4116.92
15389, 4120.51
15389.1, 4126.67
15389.1, 4122.05
15419.9, 4116.92
15420, 4121.03
15420, 4124.1
15420, 4118.46
15451.8, 4117.44
15451.9, 4125.64
15452, 4126.15
15452, 4122.56
15483.2, 4124.62
15483.3, 4122.56
15483.3, 4118.46
15483.4, 4118.46
15514, 4122.56
15514.1, 4123.59
15514.1, 4118.97
15514.2, 4116.92
15546.1, 4120.51
15546.2, 4122.05
15546.2, 4119.49
15546.3, 4115.9
15576.9, 4115.9
15577, 4121.03
15577, 4125.13
15577.1, 4123.08
15608, 4121.54
15608, 4123.59
15608.1, 4123.08
15608.1, 4123.08
15638.9, 4123.08
15639, 4118.46
15639, 4116.41
15639.1, 4119.49
15671.2, 4122.05
15671.4, 4122.56
15671.4, 4120.51
15671.5, 4120
15702, 4123.08
15702, 4121.54
15702.1, 4118.97
15702.1, 4120.51
15733, 4122.05
15733, 4122.56
15733.1, 4118.97
15733.1, 4115.9
15763.9, 4118.97, estimuli
15764, 4122.05
15764, 4123.08
15764.1, 4124.1
15795.9, 4123.59
15796, 4122.05
15796, 4121.03
15796, 4123.08
15827.1, 4125.13
15827.2, 4123.08
15827.2, 4121.03
15827.2, 4123.59
15857.9, 4124.1
15858, 4120
15858, 4115.38
15858, 4112.82
15890.4, 4114.36
15890.5, 4123.59
15890.6, 4131.79
15890.6, 4133.33
15920.8, 4130.26
15920.9, 4120.51
15920.9, 4109.23
15921, 4107.18
15951.8, 4114.36
15951.9, 4122.56
15951.9, 4128.21
15952, 4133.85
15982.8, 4131.28
15982.9, 4117.44
15982.9, 4110.26
15983, 4110.77
16014.9, 4112.31
16015, 4118.97
16015, 4130.26
16015, 4136.41
16046, 4130.26
16046.1, 4119.49
16046.1, 4114.36
16046.2, 4112.31
16076.9, 4112.82
16077, 4122.05
16077.1, 4131.79
16077.1, 4130.77
16109.1, 4126.67
16109.2, 4124.62
16109.2, 4114.36
16109.2, 4105.13
16140, 4107.69
16140.1, 4115.9
16140.1, 4127.69
16140.2, 4133.33
16170.8, 4125.64
16170.9, 4116.41
16170.9, 4111.79
16170.9, 4108.21
16201.9, 4107.69
16202, 4117.95
16202, 4129.74
16202.1, 4132.31
16233.9, 4128.72
16234, 4118.97
16234, 4108.21
16234.1, 4106.15
16265.1, 4111.79
16265.2, 4119.49
16265.2, 4128.21
16265.2, 4131.79
16296.3, 4128.72
16296.4, 4120.51
16296.5, 4110.26
16296.6, 4104.62
16327, 4112.31
16327.1, 4125.64
16327.2, 4131.28
16327.2, 4130.77
16358.9, 4131.28
16358.9, 4121.03
16359, 4106.67
16359, 4108.21
16389.9, 4112.82
16389.9, 4118.46
16390, 4129.23
16390, 4134.87
16420.9, 4130.26
16420.9, 4117.95
16421, 4110.77
16421, 4108.21
16452.8, 4110.26
16452.9, 4120.51
16452.9, 4128.72
16453, 4129.74
16483.8, 4125.13
16483.9, 4120.51
16483.9, 4113.33
16483.9, 4106.67
16514.9, 4110.77
16515, 4121.03
16515, 4128.72
16515.1, 4131.79
16546, 4128.21
16546, 4119.49
16546.1, 4110.77
16546.1, 4106.67
16578, 4110.77
16578.1, 4123.59
16578.1, 4132.31
16578.2, 4129.23
16608.9, 4126.67
16608.9, 4124.1
16609, 4111.79
16609, 4107.69
16640, 4111.28
16640.1, 4116.92
16640.1, 4128.72
16640.1, 4133.33
16671.8, 4126.67
16671.9, 4118.97
16671.9, 4111.79
16672, 4106.67
16703.2, 4111.28
16703.3, 4121.03
16703.4, 4130.77
16703.4, 4132.82
16733.9, 4126.67
16733.9, 4117.95
16734, 4110.26
16734, 4109.74
16765.1, 4114.36
16765.2, 4123.08
16765.2, 4131.79
16765.2, 4132.31
16797, 4127.69
16797.1, 4119.49
16797.1, 4109.74
16797.1, 4107.69
16827.9, 4115.9
16827.9, 4124.1
16828, 4127.69
16828, 4131.28
16859, 4128.72
16859, 4116.92
16859.1, 4113.33
16859.1, 4117.44
16889.9, 4118.46
16890, 4121.54
16890, 4122.56
16890, 4116.41
16922.1, 4116.41
16922.3, 4123.59
16922.3, 4124.1
16922.4, 4120
16952.8, 4123.08
16952.9, 4122.56
16952.9, 4118.97
16953, 4120.51
16983.8, 4122.05
16983.9, 4123.59
16983.9, 4124.62
16983.9, 4118.46
17015.8, 4114.87
17015.9, 4122.05
17016, 4125.64
17016, 4120.51
17046.9, 4118.97
17047, 4121.03
17047, 4118.97
17047.1, 4115.38
17078, 4117.95
17078, 4120
17078.1, 4119.49
17078.1, 4119.49
17109.1, 4121.03
17109.2, 4122.05
17109.2, 4118.97
17109.3, 4118.46
17141.8, 4118.97
17141.9, 4121.54
17141.9, 4124.1
17142, 4120.51
17171.9, 4120
17172, 4123.59
17172, 4121.54
17172, 4118.46
17202.9, 4121.54
17203, 4124.1
17203, 4122.05
17203.1, 4121.54
17233.9, 4124.1
17234, 4124.62
17234, 4121.03
17234, 4117.44
17265.9, 4118.46
17266, 4122.56
17266, 4123.08
17266.1, 4118.97
17297.1, 4114.87
17297.2, 4117.44
17297.2, 4124.62
17297.3, 4122.05
17328.5, 4116.41
17328.6, 4120.51
17328.7, 4118.46
17328.8, 4114.36
17360.3, 4121.03
17360.4, 4125.13
17360.5, 4120
17360.5, 4116.92
17391, 4117.44
17391, 4115.9
17391.1, 4118.46
17391.1, 4124.1
17421.9, 4121.54
17422, 4117.95
17422, 4118.46
17422, 4116.41
17452.9, 4118.97
17452.9, 4124.1
17453, 4120
17453, 4118.97
17484.8, 4123.59
17484.9, 4120.51
17484.9, 4114.87
17484.9, 4117.44
17515.9, 4119.49
17516, 4117.95
17516, 4122.05
17516, 4123.08
17547.2, 4117.95
17547.3, 4116.41
17547.4, 4118.97
17547.5, 4118.46
17578.9, 4115.38
17579, 4115.38
17579, 4118.46
17579, 4118.46
17610, 4114.87
17610.1, 4117.44
17610.1, 4123.08
17610.1, 4121.54
17640.9, 4116.41
17641, 4114.87
17641.1, 4118.46
17641.1, 4121.03
17671.8, 4121.54
17671.9, 4118.97
17671.9, 4116.92
17672, 4119.49
17704, 4118.97
17704, 4121.03
17704.1, 4123.59
17704.1, 4121.03
17734.9, 4117.44
17735, 4120
17735, 4124.1
17735, 4121.03
17765.8, 4116.92
17765.9, 4120
17765.9, 4123.08
17766, 4123.59
17798.1, 4121.03
17798.1, 4117.44
17798.2, 4115.38
17798.2, 4117.44
17829.1, 4121.54
17829.1, 4123.59
17829.2, 4121.54
17829.2, 4121.03
17859.8, 4123.59
17859.9, 4125.13
17859.9, 4122.56
17860, 4117.95
17891, 4117.95
17891, 4118.97
17891.1, 4116.92
17891.1, 4120
17922.9, 4124.62
17922.9, 4121.54
17923, 4116.92
17923, 4119.49
17954.2, 4121.54
17954.3, 4117.44
17954.4, 4118.46
17954.4, 4124.62
17985.2, 4123.08
17985.3, 4118.97
17985.3, 4121.03
17985.4, 4122.05
18015.9, 4117.95
18016, 4117.95
18016, 4123.59
18016.1, 4123.08
18048, 4119.49
18048, 4116.92
18048.1, 4113.85
18048.1, 4118.97
18079, 4126.15
18079.1, 4122.05
18079.1, 4118.97
18079.1, 4122.56
18110.1, 4121.54
18110.2, 4115.38
18110.3, 4114.87
18110.3, 4120
18142, 4123.08
18142.1, 4123.59
18142.1, 4123.59
18142.1, 4126.67
18173.4, 4125.13
18173.7, 4117.95
18173.8, 4121.54
18173.9, 4126.67
18204.1, 4121.54
18204.2, 4116.92
18204.2, 4118.46
18204.2, 4121.54
18235, 4121.54
18235.1, 4118.46
18235.1, 4117.44
18235.2, 4117.95
18267, 4116.92
18267.1, 4118.46
18267.1, 4118.97
18267.2, 4118.97
18297.9, 4118.46
18298, 4115.9
18298.1, 4117.44
18298.1, 4121.54
18329.1, 4119.49
18329.2, 4114.87
18329.2, 4114.87
18329.2, 4117.44
18360.9, 4118.46
18361, 4118.97
18361, 4117.95
18361.1, 4115.9
18392.5, 4118.46
18392.6, 4123.59
18392.7, 4124.62
18392.7, 4120
18423, 4119.49
18423.1, 4123.59
18423.1, 4119.49
18423.2, 4115.38
18454.1, 4116.41
18454.2, 4118.46
18454.2, 4123.08
18454.2, 4121.54
18485.8, 4114.36
18485.9, 4114.87
18485.9, 4120.51
18486, 4123.08
18516.9, 4124.1
18517, 4125.64
18517, 4125.64
18517, 4121.54
18548.3, 4120.51
18548.4, 4123.08
18548.5, 4119.49
18548.5, 4114.87
18579.1, 4121.03
18579.2, 4126.67
18579.3, 4119.49
18579.4, 4114.36
18611.2, 4116.41
18611.4, 4118.97
18611.4, 4118.97
18611.4, 4118.97
18642.1, 4128.21
18642.1, 4134.36
18642.2, 4121.54
18642.2, 4112.82
18672.8, 4124.62
18672.9, 4125.64
18673, 4113.85
18673, 4114.36
18705, 4120.51
18705, 4123.08
18705.1, 4125.64
18705.1, 4126.15
18735.9, 4126.67
18736, 4128.21
18736, 4130.77
18736.1, 4128.72
18766.9, 4126.67
18767, 4126.15
18767, 4123.08
18767, 4132.31
18798.1, 4148.72
18798.2, 4144.62
18798.2, 4126.67
18798.3, 4120.51
18830.3, 4118.97
18830.4, 4113.33
18830.5, 4112.82
18830.6, 4113.85
18861.1, 4114.87
18861.2, 4118.97
18861.2, 4116.41
18861.2, 4113.85
18891.9, 4117.44
18892, 4118.97
18892.1, 4116.41
18892.1, 4114.36
18922.9, 4118.97
18923, 4123.59
18923, 4120
18923.1, 4120
18955, 4124.1
18955.1, 4119.49
18955.1, 4114.36
18955.2, 4116.92
18986, 4118.46
18986, 4118.46
18986.1, 4118.46
18986.1, 4120
19017.2, 4120.51
19017.2, 4121.03
19017.3, 4123.59
19017.3, 4124.1
19049, 4121.03
19049.1, 4116.92
19049.1, 4119.49
19049.2, 4125.13
19079.8, 4125.64
19079.9, 4122.05
19079.9, 4123.59
19080, 4127.69
19111.1, 4124.62
19111.1, 4118.97
19111.2, 4120.51
19111.2, 4126.67
19142.1, 4127.69
19142.2, 4123.08
19142.3, 4120
19142.3, 4123.08
19174.2, 4121.54
19174.3, 4116.41
19174.3, 4121.54
19174.4, 4125.13
19204.8, 4117.95
19204.9, 4111.28
19205, 4110.77
19205, 4116.41
19235.9, 4121.03
19236, 4116.41
19236, 4112.31
19236, 4117.95
19268, 4124.62
19268.1, 4123.08
19268.1, 4118.97
19268.2, 4119.49
19299, 4120
19299, 4116.92
19299.1, 4115.38
19299.1, 4118.46
19330, 4122.56
19330.1, 4123.59
19330.1, 4123.08
19330.2, 4120
19360.9, 4113.85
19361, 4115.9
19361, 4122.56
19361, 4124.1
19393, 4120.51
19393.1, 4116.92
19393.2, 4116.92
19393.2, 4117.95
19424.5, 4120.51
19424.6, 4123.08
19424.7, 4121.54
19424.8, 4121.54
19454.8, 4122.56
19454.9, 4122.05
19454.9, 4118.97
19455, 4117.95
19486.9, 4121.54
19487, 4122.56
19487, 4115.38
19487, 4114.36
19517.9, 4120.51
19518, 4121.03
19518, 4116.92
19518, 4117.95
19548.9, 4121.54
19549, 4122.05
19549, 4121.54
19549.1, 4123.08
19579.8, 4124.1
19579.9, 4123.59
19579.9, 4120.51
19580, 4117.95
19611.9, 4122.56
19612, 4126.67
19612, 4122.05
19612.1, 4116.41
19643.3, 4117.95
19643.4, 4123.59
19643.5, 4125.13
19643.5, 4122.56
19674.3, 4121.03
19674.4, 4122.05
19674.4, 4124.62
19674.5, 4124.62
19704.8, 4123.08
19704.9, 4120
19704.9, 4118.46
19705, 4123.08
19736.8, 4125.13
19736.9, 4120
19737, 4121.03
19737, 4124.62
19767.8, 4122.56
19767.9, 4122.05
19767.9, 4126.15
19768, 4123.59
19799, 4119.49
19799.1, 4123.08
19799.1, 4121.54
19799.1, 4114.87
19831.4, 4117.44
19831.5, 4119.49
19831.6, 4115.9
19831.6, 4116.92
19861.9, 4123.08
19862, 4121.03
19862, 4115.38
19862.1, 4117.44
19892.9, 4117.95
19893, 4118.46
19893, 4122.05
19893.1, 4121.54
19924, 4121.54
19924.1, 4123.59
19924.2, 4123.08
19924.2, 4124.62
19955.8, 4125.13
19955.9, 4120.51
19955.9, 4118.97
19956, 4121.03
19986.9, 4122.56
19987, 4125.64
19987, 4127.18
19987.1, 4128.21
20017.9, 4129.23
20018, 4128.21
20018, 4128.72
20018, 4131.79
20050.4, 4129.23
20050.5, 4120.51
20050.6, 4120.51
20050.7, 4123.08
20081.1, 4117.95
20081.2, 4115.9
20081.3, 4115.38
20081.3, 4114.36
20111.9, 4115.38
20112, 4116.41
20112, 4116.41
20112, 4112.82
20143, 4108.72
20143, 4110.77
20143.1, 4116.92
20143.1, 4117.95
20174.9, 4114.87
20175, 4116.92
20175, 4119.49
20175.1, 4115.38
20205.8, 4113.33
20205.9, 4113.33
20206, 4109.23
20206, 4106.67
20236.9, 4111.28
20237, 4113.33
20237, 4108.21
20237.1, 4105.64
20268.3, 4110.77
20268.4, 4112.31
20268.4, 4108.72
20268.5, 4108.21
20299.8, 4110.26
20299.8, 4112.82
20299.9, 4111.79
20299.9, 4110.26
20330.9, 4110.77
20331, 4112.31
20331.1, 4112.31
20331.1, 4110.77
20361.9, 4113.85
20362, 4118.97
20362.1, 4116.41
20362.1, 4115.38
20394, 4121.03
20394.1, 4122.56
20394.1, 4114.36
20394.1, 4110.26
20425, 4113.85
20425.1, 4115.38
20425.1, 4111.28
20425.2, 4109.23
20456.8, 4112.31
20457, 4118.97
20457, 4114.87
20457.1, 4117.95
20487, 4136.41
20487.1, 4123.59
20487.2, 4090.26
20487.2, 4093.85
20519, 4115.38
20519.1, 4116.41
20519.2, 4109.23
20519.2, 4103.59
20549.9, 4091.28
20549.9, 4083.59
20550, 4093.33
20550, 4108.21
20581, 4114.36
20581.1, 4112.31
20581.1, 4118.97
20581.2, 4127.18
20613, 4120.51
20613, 4112.31
20613.1, 4111.28
20613.1, 4110.26
20644.3, 4111.28
20644.4, 4114.36
20644.5, 4114.36
20644.6, 4114.87
20675.3, 4115.38
20675.4, 4112.82
20675.5, 4112.31
20675.6, 4115.38
20706, 4117.95
20706.1, 4115.38
20706.1, 4111.28
20706.2, 4112.82
20737.6, 4112.82
20737.7, 4112.31
20737.8, 4115.38
20737.8, 4115.38
20768.8, 4113.33
20768.9, 4114.36
20768.9, 4116.92
20768.9, 4116.41
20799.8, 4114.36
20799.9, 4115.38
20799.9, 4116.41
20799.9, 4115.9
20832.1, 4115.38
20832.2, 4117.95
20832.2, 4118.97
20832.2, 4117.95
20862.9, 4119.49
20863, 4119.49
20863, 4115.38
20863.1, 4117.44
20894.2, 4122.05
20894.3, 4121.54
20894.4, 4117.95
20894.4, 4114.87
20925.1, 4116.41
20925.2, 4116.41
20925.2, 4115.38
20925.2, 4115.9
20956.8, 4116.41
20956.9, 4117.44
20956.9, 4116.41
20957, 4115.38
20987.8, 4116.92
20987.9, 4118.97
20987.9, 4117.95
20988, 4114.87
21018.8, 4115.38
21018.9, 4117.44
21019, 4116.92
21019, 4118.97
21049.8, 4118.97
21049.9, 4114.87
21050, 4115.9
21050, 4115.9
21081.8, 4116.41
21081.9, 4121.03
21082, 4122.05
21082, 4118.46
21113.1, 4115.9
21113.2, 4117.44
21113.2, 4122.56
21113.2, 4121.54
21144.1, 4117.95
21144.2, 4115.9
21144.3, 4117.44
21144.4, 4117.95
21175.9, 4116.92
21176, 4118.97
21176, 4116.92
21176.1, 4114.36
21206.9, 4117.95
21207, 4118.97
21207, 4117.95
21207.1, 4117.95
21238, 4120
21238.1, 4120.51
21238.2, 4117.95
21238.2, 4118.97
21268.9, 4122.05
21269, 4122.56
21269, 4124.62
21269, 4124.62
21301.2, 4118.97
21301.4, 4114.36
21301.5, 4120.51
21301.6, 4123.59
21332, 4116.92
21332.1, 4114.87
21332.1, 4118.97
21332.1, 4118.97
21362.9, 4119.49
21363, 4123.08
21363.1, 4125.64
21363.1, 4122.05
21394.1, 4118.46
21394.1, 4123.59
21394.2, 4124.1
21394.2, 4116.92
21426, 4117.95
21426, 4120
21426.1, 4117.44
21426.1, 4119.49
21457, 4122.05
21457.1, 4117.44
21457.2, 4115.38
21457.2, 4120.51
21488, 4120
21488, 4115.38
21488.1, 4118.97
21488.1, 4119.49
21520.4, 4115.38
21520.5, 4116.41
21520.6, 4116.92
21520.7, 4116.41
21550.9, 4116.92
21551, 4117.95
21551, 4117.44
21551, 4118.97
21582, 4123.08
21582.1, 4120.51
21582.1, 4114.87
21582.2, 4115.38
21612.9, 4116.41
21613, 4116.41
21613.1, 4116.92
21613.1, 4117.95
21645, 4117.44
21645.1, 4117.95
21645.1, 4118.97
21645.1, 4116.41
21676.2, 4116.92
21676.3, 4120.51
21676.3, 4118.46
21676.3, 4116.41
21706.8, 4118.46
21706.8, 4116.41
21706.9, 4114.87
21706.9, 4120
21739.9, 4120
21740.1, 4115.38
21740.2, 4115.38
21740.2, 4117.95
21770.2, 4116.41
21770.3, 4115.38
21770.4, 4115.9
21770.4, 4115.38
21800.9, 4117.44
21801, 4116.92
21801, 4115.9
21801, 4116.41
21832, 4116.41
21832.1, 4116.41
21832.1, 4115.9
21832.2, 4114.87
21864, 4115.9
21864.1, 4116.92
21864.1, 4115.38
21864.1, 4114.87
21894.9, 4115.9
21895, 4116.41
21895, 4114.87
21895.1, 4115.38
21926.4, 4119.49
21926.5, 4118.46
21926.5, 4115.38
21926.6, 4115.38
21956.9, 4119.49
21957, 4120
21957.1, 4115.9
21957.1, 4114.87
21988.8, 4115.9
21988.9, 4116.92
21989, 4117.44
21989, 4116.92
22019.8, 4119.49
22019.9, 4123.08
22020, 4121.54
22020, 4121.03
22050.8, 4122.05
22050.9, 4121.03
22050.9, 4117.95
22051, 4115.9
22083, 4121.54
22083.1, 4125.64
22083.1, 4118.97
22083.1, 4114.87
22114.1, 4121.54
22114.2, 4123.59
22114.2, 4116.41
22114.2, 4116.41
22145.4, 4118.97
22145.4, 4116.92
22145.5, 4119.49
22145.5, 4121.03
22176, 4118.97
22176.2, 4118.97
22176.2, 4119.49
22176.2, 4118.46
22208.1, 4117.44
22208.2, 4115.9
22208.2, 4117.44
22208.3, 4117.95
22238.9, 4117.44
22239, 4118.97
22239, 4118.97
22239, 4116.41
22270, 4116.92
22270.1, 4120.51
22270.1, 4119.49
22270.2, 4115.38
22301.8, 4116.92
22301.9, 4116.92
22301.9, 4114.87
22302, 4115.9
22332.9, 4117.44
22333, 4119.49
22333, 4122.56
22333, 4120
22364.2, 4114.87
22364.3, 4116.92
22364.4, 4120
22364.4, 4116.41
22395, 4115.9
22395.1, 4118.97
22395.1, 4117.44
22395.1, 4115.9
22426.8, 4115.38
22426.9, 4116.92
22426.9, 4117.44
22427, 4115.9
22457.9, 4115.9
22458, 4114.87
22458, 4113.33
22458.1, 4115.9
22488.8, 4120.51
22488.9, 4122.56
22488.9, 4121.03
22489, 4120
22519.8, 4122.56
22519.9, 4120.51
22520, 4116.41
22520, 4121.03
22551.8, 4126.15
22551.9, 4121.54
22551.9, 4115.38
22551.9, 4116.41
22583, 4118.97
22583.1, 4117.44
22583.1, 4116.92
22583.2, 4116.92
22613.9, 4117.95
22614, 4119.49
22614, 4118.46
22614.1, 4117.95
22645.8, 4117.95
22645.9, 4116.41
22645.9, 4114.87
22646, 4116.41
22677.4, 4118.97, estimuli
22677.5, 4117.95
22677.5, 4117.44
22677.5, 4123.08
22708.1, 4124.62
22708.2, 4117.95
22708.2, 4113.85
22708.3, 4118.46
22738.8, 4121.03
22738.9, 4115.9
22738.9, 4114.87
22739, 4120
22770.8, 4118.97
22770.9, 4114.87
22770.9, 4116.41
22770.9, 4115.38
22802.2, 4107.18
22802.4, 4110.26
22802.5, 4127.18
22802.5, 4131.79
22832.9, 4124.62
22833, 4122.56
22833, 4115.9
22833, 4106.67
22864.8, 4107.69
22864.9, 4115.38
22864.9, 4122.05
22865, 4127.69
22895.8, 4128.72
22895.9, 4121.54
22895.9, 4109.23
22896, 4103.59
22926.8, 4106.67
22926.9, 4114.36
22926.9, 4123.08
22927, 4127.69
22958.1, 4127.18
22958.1, 4121.54
22958.2, 4113.85
22958.2, 4108.21
22990.4, 4107.18
22990.5, 4115.38
22990.5, 4125.13
22990.6, 4129.74
23021.3, 4132.31
23021.4, 4126.15
23021.4, 4114.87
23021.5, 4109.74
23052.1, 4110.77
23052.2, 4115.9
23052.2, 4123.59
23052.2, 4131.79
23083.2, 4132.82
23083.3, 4122.05
23083.4, 4107.69
23083.5, 4103.59
23115.1, 4110.77
23115.2, 4115.9
23115.2, 4122.56
23115.3, 4131.79
23145.9, 4131.28
23146, 4123.59
23146, 4114.87
23146.1, 4106.67
23177, 4106.15
23177.1, 4116.92
23177.1, 4128.72
23177.2, 4132.31
23209.2, 4127.69
23209.3, 4122.56
23209.4, 4113.33
23209.5, 4104.62
23239.9, 4105.64
23240, 4115.38
23240, 4128.21
23240, 4133.85
23271, 4128.72
23271, 4121.03
23271.1, 4111.79
23271.1, 4105.64
23301.8, 4108.21
23301.9, 4115.9
23301.9, 4125.64
23302, 4131.79
23333.9, 4129.74
23333.9, 4123.08
23334, 4113.85
23334, 4107.69
23365, 4108.72
23365, 4115.9
23365.1, 4124.62
23365.1, 4130.26
23396, 4131.79
23396.1, 4125.13
23396.1, 4111.79
23396.2, 4103.59
23427.9, 4107.18
23428, 4116.92
23428, 4126.67
23428, 4132.82
23459, 4132.82
23459.1, 4124.1
23459.1, 4113.85
23459.1, 4108.21
23489.8, 4108.21
23489.9, 4115.38
23490, 4124.62
23490, 4130.26
23520.8, 4129.74
23520.9, 4120.51
23520.9, 4110.26
23520.9, 4107.69
23552.8, 4110.26
23552.9, 4114.87
23552.9, 4124.62
23553, 4132.82
23583.9, 4130.26
23583.9, 4119.49
23584, 4109.23
23584, 4105.13
23615.2, 4110.26
23615.3, 4119.49
23615.4, 4128.21
23615.4, 4132.31
23646.9, 4129.23
23647, 4122.56
23647, 4111.79
23647.1, 4105.64
23678.1, 4108.21
23678.2, 4113.85
23678.2, 4123.59
23678.2, 4132.31
23709, 4130.77
23709.1, 4121.54
23709.2, 4110.77
23709.2, 4106.15
23739.8, 4107.69
23739.9, 4115.38
23739.9, 4126.15
23739.9, 4131.28
23771.9, 4128.21
23771.9, 4120
23772, 4110.77
23772, 4111.79
23803, 4116.92
23803.1, 4115.9
23803.1, 4118.97
23803.1, 4125.13
23834.3, 4124.62
23834.4, 4120
23834.5, 4116.92
23834.6, 4118.97
23865, 4119.49
23865.1, 4116.41
23865.1, 4117.95
23865.1, 4120
23897, 4120
23897, 4121.54
23897.1, 4122.56
23897.1, 4118.97
23928, 4117.44
23928, 4117.44
23928.1, 4115.38
23928.1, 4117.44
23959.2, 4121.03
23959.3, 4122.05
23959.3, 4123.08
23959.4, 4119.49
23991.2, 4114.87
23991.3, 4119.49
23991.4, 4123.08
23991.5, 4120
24022, 4119.49
24022.1, 4123.59
24022.2, 4124.1
24022.2, 4118.46
24053.1, 4117.95
24053.2, 4120
24053.3, 4115.9
24053.3, 4115.9
24084.3, 4121.03
24084.4, 4121.03
24084.4, 4115.9
24084.4, 4113.85
24116.2, 4118.46
24116.4, 4122.56
24116.4, 4119.49
24116.5, 4114.87
24147.2, 4116.92
24147.4, 4120
24147.4, 4117.44
24147.4, 4119.49
24178.1, 4123.59
24178.3, 4118.97
24178.4, 4114.36
24178.5, 4115.38
24210.4, 4117.95
24210.5, 4117.95
24210.6, 4117.44
24210.6, 4116.92
24241.3, 4116.92
24241.5, 4117.95
24241.6, 4121.03
24241.7, 4120
24272.1, 4117.95
24272.2, 4117.44
24272.3, 4115.38
24272.4, 4116.92
24303.4, 4121.54
24303.6, 4124.62
24303.7, 4122.56
24303.8, 4116.92
24335.2, 4115.38
24335.3, 4119.49
24335.4, 4122.05
24335.4, 4121.54
24366.2, 4117.95
24366.4, 4118.46
24366.4, 4120
24366.5, 4116.92
24397.3, 4113.85
24397.4, 4115.9
24397.5, 4117.95
24397.6, 4115.9
24428.1, 4117.44
24428.2, 4118.97
24428.2, 4115.38
24428.3, 4116.92
24460.2, 4120
24460.5, 4116.41
24460.6, 4112.82
24460.7, 4116.92
24491.3, 4123.08
24491.5, 4122.05
24491.5, 4117.44
24491.6, 4117.44
24522.2, 4117.95
24522.3, 4115.9
24522.4, 4113.85
24522.4, 4113.33
24554.2, 4114.87
24554.4, 4114.36
24554.4, 4112.82
24554.4, 4116.92
24585.2, 4120
24585.4, 4118.46
24585.4, 4115.38
24585.5, 4114.87
24616, 4117.44
24616.1, 4116.92
24616.1, 4115.9
24616.2, 4116.41
24647.2, 4117.44
24647.3, 4118.97
24647.4, 4117.95
24647.4, 4117.44
24679.2, 4117.95
24679.4, 4114.87
24679.4, 4116.41
24679.5, 4121.54
24710, 4118.46
24710.1, 4117.44
24710.1, 4123.59
24710.2, 4125.64
24741.3, 4120.51
24741.4, 4121.03
24741.4, 4125.64
24741.5, 4122.05
24773.1, 4116.92
24773.2, 4115.38
24773.3, 4116.92
24773.3, 4117.95
24804.1, 4120.51
24804.2, 4124.1
24804.2, 4121.03
24804.2, 4117.95
24835.2, 4122.05
24835.3, 4122.56
24835.3, 4117.95
24835.3, 4118.46
24866.1, 4123.59
24866.2, 4122.05
24866.2, 4118.97
24866.2, 4123.59
24897.8, 4123.59
24897.9, 4117.44
24897.9, 4116.41
24898, 4120.51
24928.9, 4123.08
24928.9, 4120
24929, 4116.41
24929, 4118.46
24960, 4121.03
24960.1, 4117.44
24960.1, 4117.44
24960.1, 4121.54
24990.9, 4124.1
24991, 4123.08
24991.1, 4120.51
24991.1, 4120
25022.9, 4119.49
25022.9, 4117.95
25023, 4118.97
25023, 4120.51
25054, 4122.05
25054.1, 4122.56
25054.1, 4117.95
25054.2, 4113.33
25085.3, 4113.85
25085.4, 4117.44
25085.5, 4118.97
25085.5, 4118.46
25116.9, 4119.49
25117, 4122.05
25117, 4124.1
25117, 4122.56
25148.2, 4121.54
25148.3, 4122.05
25148.3, 4118.97
25148.4, 4116.92
25179, 4117.44
25179.1, 4117.95
25179.1, 4118.46
25179.1, 4122.05
25209.8, 4125.64
25209.9, 4122.56
25209.9, 4118.46
25209.9, 4117.44
25242, 4116.92
25242.1, 4121.54
25242.1, 4122.05
25242.1, 4117.95
25273, 4123.08
25273.1, 4125.13
25273.1, 4118.46
25273.2, 4116.41
25303.9, 4120.51
25304, 4124.1
25304.1, 4120
25304.1, 4113.33
25335.8, 4118.97
25335.9, 4125.13
25336, 4121.03
25336, 4118.46
25367.3, 4124.62
25367.4, 4123.08
25367.4, 4116.92
25367.5, 4122.05
25398.1, 4125.64
25398.1, 4117.95
25398.2, 4115.38
25398.2, 4122.05
25428.8, 4125.64
25428.9, 4118.97
25429, 4115.9
25429, 4120.51
25460.9, 4120
25461, 4113.85
25461, 4115.38
25461, 4122.56
25492.4, 4124.62
25492.5, 4118.46
25492.5, 4116.41
25492.6, 4120
25522.8, 4118.46
25522.9, 4116.92
25522.9, 4117.44
25523, 4116.92
25553.8, 4118.97
25553.9, 4120.51
25554, 4115.9
25554, 4114.36
25585.9, 4117.95
25586, 4118.46
25586, 4117.44
25586, 4117.44
25617, 4116.41
25617.1, 4117.44
25617.1, 4120
25617.1, 4117.44
25648.1, 4114.36
25648.2, 4116.92
25648.2, 4116.92
25648.2, 4114.36
25680, 4114.87
25680.1, 4117.44
25680.1, 4116.92
25680.1, 4114.87
25711.1, 4119.49
25711.2, 4119.49
25711.2, 4114.36
25711.2, 4118.46
25742.1, 4122.56
25742.2, 4119.49
25742.2, 4115.9
25742.2, 4116.41
25772.8, 4118.97
25772.9, 4118.46
25772.9, 4117.95
25773, 4114.87
25804.9, 4113.85
25805, 4116.92
25805, 4117.95
25805.1, 4117.95
25835.9, 4118.46
25835.9, 4121.03
25836, 4123.08
25836, 4120
25866.9, 4116.92
25866.9, 4117.44
25867, 4115.9
25867, 4117.44
25899, 4123.08
25899.1, 4122.56
25899.2, 4121.03
25899.2, 4123.59
25929.9, 4121.03
25930, 4115.38
25930.1, 4116.92
25930.1, 4119.49
25960.9, 4119.49
25961, 4122.56
25961, 4122.56
25961, 4121.54
25992.2, 4121.54
25992.3, 4118.46
25992.3, 4116.92
25992.4, 4120.51
26023.8, 4120
26023.9, 4117.95
26023.9, 4116.92
26024, 4115.9
26054.9, 4113.85
26055, 4116.92
26055, 4122.56
26055, 4120.51
26086, 4116.92
26086.1, 4118.46
26086.1, 4118.46
26086.1, 4118.46
26117.4, 4123.08
26117.5, 4121.03
26117.5, 4115.9
26117.5, 4116.92
26149, 4118.46
26149.1, 4115.9
26149.1, 4115.9
26149.1, 4116.92
26179.8, 4115.9
26179.9, 4117.44
26179.9, 4117.44
26180, 4116.41
26210.8, 4117.95, estimuli
26210.9, 4117.44
26210.9, 4115.9
26210.9, 4118.46
26242.9, 4121.54
26243, 4120.51
26243, 4116.92
26243.1, 4117.44
26274, 4121.03
26274.1, 4118.97
26274.2, 4115.38
26274.2, 4116.92
26305.1, 4118.46
26305.2, 4119.49
26305.2, 4115.9
26305.3, 4108.21
26336, 4108.72
26336.1, 4117.44
26336.1, 4123.59
26336.2, 4126.15
26367.8, 4128.72
26367.9, 4121.54
26367.9, 4108.21
26368, 4106.15
26399.2, 4109.23
26399.2, 4116.41
26399.3, 4125.13
26399.3, 4130.77
26429.9, 4130.26
26430, 4119.49
26430, 4107.18
26430, 4104.62
26461.9, 4108.72
26462, 4115.9
26462, 4125.64
26462, 4132.31
26493, 4130.77
26493, 4121.03
26493.1, 4110.26
26493.1, 4107.18
26524.4, 4110.77
26524.5, 4118.46
26524.5, 4126.67
26524.6, 4131.79
26554.8, 4129.23
26554.9, 4119.49
26554.9, 4106.15
26555, 4100.51
26586.9, 4108.21
26587, 4114.36
26587, 4119.49
26587, 4130.77
26617.8, 4131.79
26617.9, 4117.95
26617.9, 4107.69
26618, 4106.67
26648.9, 4108.21
26649, 4112.82
26649, 4124.1
26649, 4132.31
26679.9, 4127.18
26680, 4116.92
26680.1, 4109.74
26680.1, 4105.64
26711.9, 4105.64
26712, 4113.33
26712, 4124.62
26712, 4128.21
26743.2, 4127.18
26743.3, 4123.08
26743.3, 4110.77
26743.4, 4103.08
26773.9, 4107.18
26774, 4117.95
26774.1, 4126.67
26774.1, 4129.23
26805.8, 4128.21
26805.9, 4123.59
26805.9, 4111.28
26805.9, 4102.56
26836.9, 4106.15
26837, 4114.87
26837, 4124.1
26837, 4131.79
26868, 4130.77
26868.1, 4120.51
26868.1, 4107.69
26868.1, 4104.62
26899, 4108.72
26899, 4114.36
26899.1, 4122.56
26899.1, 4131.28
26931.5, 4131.28
26931.6, 4117.95
26931.7, 4107.18
26931.7, 4104.62
26962.1, 4108.21
26962.2, 4120.51
26962.2, 4128.72
26962.2, 4128.21
26993, 4128.21
26993.1, 4124.1
26993.2, 4111.79
26993.2, 4105.13
27024.9, 4111.28
27025, 4117.44
27025, 4122.05
27025.1, 4130.77
27055.8, 4130.26
27055.9, 4120
27056, 4111.28
27056, 4106.67
27087, 4108.21
27087.1, 4115.38
27087.1, 4127.18
27087.1, 4136.92
27118, 4134.87
27118.1, 4121.03
27118.1, 4110.26
27118.1, 4107.18
27150.3, 4105.64
27150.4, 4112.31
27150.4, 4126.67
27150.4, 4132.31
27181, 4129.74
27181.1, 4122.56
27181.1, 4109.74
27181.1, 4104.1
27212.1, 4109.23
27212.2, 4117.44
27212.2, 4128.21
27212.3, 4132.82
27243, 4128.21
27243.1, 4122.56
27243.1, 4113.85
27243.1, 4105.13
27275, 4106.15
27275.1, 4113.85
27275.1, 4123.08
27275.1, 4130.77
27305.9, 4130.26
27306, 4117.44
27306, 4107.69
27306, 4113.85
27337.2, 4120.51
27337.3, 4118.97
27337.4, 4117.44
27337.4, 4118.46
27368.8, 4119.49
27368.9, 4117.95
27368.9, 4116.92
27368.9, 4117.95
27399.8, 4118.46
27399.8, 4118.46
27399.9, 4116.92
27399.9, 4115.9
27431, 4116.41
27431.1, 4115.9
27431.2, 4111.79
27431.2, 4108.72
27462.3, 4114.36
27462.4, 4116.41
27462.4, 4112.82
27462.4, 4113.33
27493.9, 4115.38
27494, 4115.38
27494.1, 4115.38
27494.1, 4111.79
27524.9, 4111.28
27525, 4115.9
27525, 4115.9
27525.1, 4115.9
27555.9, 4117.95
27556, 4117.44
27556.1, 4115.38
27556.1, 4114.36
27587.9, 4117.95
27587.9, 4115.38
27588, 4110.26
27588, 4112.82
27618.8, 4117.44
27618.9, 4115.38
27618.9, 4113.33
27619, 4121.03
27649.8, 4125.64
27649.9, 4118.97
27649.9, 4116.41
27650, 4122.05
27680.8, 4123.08
27680.9, 4121.54
27680.9, 4123.08
27681, 4119.49
27712.9, 4115.9
27713, 4121.54
27713, 4124.1
27713.1, 4120
27743.9, 4122.05
27744.1, 4124.62
27744.2, 4125.13
27744.2, 4127.18
27775.3, 4120.51
27775.4, 4116.41
27775.4, 4122.56
27775.5, 4124.62
27805.8, 4125.13
27805.9, 4123.59
27805.9, 4115.9
27806, 4115.9
27837.9, 4122.56
27837.9, 4118.46
27838, 4111.28
27838, 4117.95
27868.9, 4127.69
27869, 4124.62
27869, 4117.44
27869, 4118.97
27900.1, 4121.54
27900.1, 4119.49
27900.2, 4121.54
27900.2, 4126.15
27932.2, 4123.08
27932.3, 4116.92
27932.3, 4117.95
27932.3, 4122.05
27963.2, 4120
27963.4, 4115.38
27963.5, 4119.49
27963.5, 4125.13
27994.1, 4119.49
27994.2, 4115.38
27994.2, 4120.51
27994.2, 4121.54
28025.2, 4118.46
28025.3, 4115.9
28025.3, 4115.9
28025.4, 4117.95
28056.9, 4121.03
28057, 4124.62
28057, 4121.03
28057, 4115.9
28088.1, 4118.97
28088.1, 4119.49
28088.2, 4118.46
28088.2, 4122.05
28119, 4123.08
28119.1, 4118.46
28119.1, 4117.95
28119.1, 4122.05
28150.9, 4120.51
28151, 4120
28151, 4123.08
28151, 4121.03
28182.2, 4116.41
28182.4, 4116.41
28182.5, 4118.97
28182.5, 4122.05
28213.1, 4123.59
28213.2, 4123.08
28213.3, 4122.56
28213.4, 4122.05
28244, 4121.54
28244.1, 4121.54
28244.2, 4122.56
28244.2, 4120
28275.9, 4117.95
28275.9, 4122.56
28276, 4122.56
28276, 4115.38
28306.9, 4116.41
28307, 4121.03
28307, 4118.46
28307, 4117.95
28337.9, 4120
28338, 4122.05
28338, 4121.54
28338.1, 4118.97
28368.9, 4116.92
28369, 4119.49
28369, 4122.56
28369, 4122.05
28401.2, 4123.08
28401.4, 4121.03
28401.4, 4116.41
28401.5, 4117.44
28432, 4121.54
28432.1, 4123.08
28432.1, 4121.03
28432.1, 4122.05
28463, 4123.59
28463.1, 4119.49
28463.1, 4119.49
28463.1, 4125.64
28494.9, 4120
28495, 4113.85
28495, 4122.56
28495.1, 4126.67
28525.8, 4119.49
28525.9, 4117.44
28525.9, 4123.59
28526, 4123.59
28557, 4120.51
28557, 4121.54
28557.1, 4120
28557.1, 4118.97
28588, 4119.49
28588.1, 4115.9
28588.1, 4117.44
28588.2, 4124.1
28619.8, 4126.15
28619.9, 4121.54
28619.9, 4114.87
28620, 4115.38
28651.1, 4122.05
28651.2, 4121.03
28651.2, 4116.92
28651.2, 4117.95
28682, 4123.59
28682.1, 4126.15
28682.1, 4120
28682.1, 4117.44
28713.9, 4122.05
28714, 4124.62
28714.1, 4125.64
28714.1, 4126.15
28745, 4122.05
28745.1, 4119.49
28745.1, 4122.56
28745.1, 4123.59
28776, 4123.08
28776, 4124.62
28776.1, 4121.03
28776.1, 4117.95
28807, 4120
28807.1, 4121.54
28807.2, 4121.54
28807.2, 4119.49
28838.8, 4117.95
28838.9, 4117.44
28839, 4115.9
28839, 4118.46
28870, 4120
28870.1, 4117.95
28870.1, 4120
28870.1, 4125.64
28900.8, 4125.13
28900.9, 4118.97
28900.9, 4123.08
28901, 4128.21
28932.1, 4121.03
28932.2, 4116.92
28932.2, 4123.08
28932.2, 4127.18
28964, 4124.62
28964.1, 4122.05
28964.2, 4123.59
28964.2, 4124.1
28995, 4122.56
28995, 4122.56
28995.1, 4123.08
28995.1, 4123.59
29026.3, 4123.59
29026.4, 4121.54
29026.5, 4121.54
29026.5, 4121.03
29058.2, 4117.95
29058.3, 4118.97
29058.4, 4123.08
29058.5, 4123.59
29089.1, 4121.54
29089.1, 4118.97
29089.2, 4119.49
29089.2, 4121.03
29120, 4121.03
29120.1, 4121.03
29120.2, 4117.95
29120.3, 4116.41
29150.8, 4117.95
29150.9, 4117.95
29150.9, 4118.97
29150.9, 4120
29182.8, 4120
29182.9, 4123.08
29182.9, 4122.56
29183, 4117.44
29213.9, 4118.97
29214, 4123.59
29214, 4121.03
29214, 4121.54
29245.3, 4123.59
29245.5, 4121.03
29245.5, 4121.54
29245.6, 4122.05
29277.1, 4123.59
29277.2, 4122.56
29277.2, 4114.87
29277.3, 4117.44
29308.2, 4126.67, estimuli
29308.2, 4124.62
29308.3, 4121.54
29308.3, 4123.08
29339.1, 4121.54
29339.2, 4122.05
29339.2, 4125.13
29339.3, 4122.05
29370, 4118.46
29370.1, 4121.54
29370.1, 4126.15
29370.1, 4124.62
29402.1, 4122.05
29402.2, 4122.56
29402.3, 4120
29402.4, 4112.31
29433, 4113.33
29433.1, 4124.1
29433.1, 4130.77
29433.1, 4132.31
29464.2, 4131.79
29464.3, 4122.56
29464.4, 4110.77
29464.4, 4107.18
29495.1, 4110.26
29495.2, 4121.03
29495.2, 4131.79
29495.3, 4133.33
29527.2, 4126.15
29527.3, 4116.41
29527.3, 4113.85
29527.4, 4112.31
29558.2, 4110.77
29558.3, 4118.46
29558.3, 4131.28
29558.4, 4135.9
29588.8, 4129.74
29588.9, 4120.51
29588.9, 4112.82
29589, 4108.72
29620.9, 4110.77
29620.9, 4119.49
29621, 4128.72
29621, 4131.79
29651.9, 4129.74
29651.9, 4125.13
29652, 4113.33
29652, 4105.64
29683.1, 4113.33
29683.2, 4123.59
29683.2, 4129.23
29683.2, 4131.28
29714, 4130.26
29714.1, 4123.59
29714.2, 4110.77
29714.2, 4105.64
29746.1, 4110.26
29746.2, 4117.95
29746.2, 4128.21
29746.2, 4134.36
29776.9, 4130.26
29776.9, 4121.03
29777, 4112.82
29777, 4107.18
29808, 4109.74
29808.1, 4121.54
29808.1, 4133.33
29808.1, 4133.33
29839.9, 4128.72
29840, 4125.13
29840, 4115.38
29840, 4107.18
29871, 4112.31
29871.1, 4124.62
29871.2, 4132.31
29871.2, 4133.85
29901.8, 4130.26
29901.9, 4120.51
29901.9, 4112.31
29902, 4109.23
29932.8, 4110.77
29932.9, 4119.49
29933, 4130.77
29933.1, 4132.82
29965.1, 4124.1
29965.2, 4116.41
29965.2, 4115.38
29965.2, 4112.82
29995.9, 4111.79
29995.9, 4119.49
29996, 4130.77
29996, 4134.36
30027.2, 4130.26
30027.3, 4121.54
30027.3, 4111.79
30027.3, 4105.64
30058, 4111.28
30058.2, 4124.1
30058.2, 4130.77
30058.2, 4132.82
30090.1, 4130.26
30090.2, 4122.56
30090.2, 4112.82
30090.3, 4106.67
30121, 4110.26
30121.1, 4121.03
30121.1, 4131.28
30121.1, 4134.36
30151.9, 4130.26
30151.9, 4122.56
30152, 4111.79
30152, 4105.13
30183.8, 4109.74
30183.9, 4120.51
30183.9, 4129.74
30184, 4132.31
30215, 4129.74
30215.1, 4121.54
30215.1, 4111.28
30215.1, 4109.23
30246.1, 4112.82
30246.2, 4121.03
30246.2, 4132.31
30246.2, 4133.85
30277.3, 4126.15
30277.5, 4118.46
30277.6, 4112.31
30277.6, 4106.67
30309.3, 4109.23
30309.4, 4121.03
30309.4, 4130.77
30309.5, 4131.28
30339.9, 4126.67
30340, 4119.49
30340, 4110.26
30340.1, 4105.13
30370.8, 4111.28
30370.8, 4125.64
30370.9, 4133.85
30370.9, 4132.82
30402.9, 4128.21
30403, 4118.97
30403, 4113.85
30403.1, 4116.92
30433.8, 4117.44
30433.9, 4117.44
30433.9, 4122.05
30434, 4126.15
30465.1, 4123.08
30465.1, 4116.92
30465.2, 4122.05
30465.2, 4126.15
30496, 4117.95
30496.1, 4115.38
30496.2, 4122.05
30496.2, 4120.51
30528.2, 4115.38
30528.3, 4120
30528.3, 4120.51
30528.4, 4113.85
30559, 4117.95
30559.1, 4124.62
30559.2, 4122.56
30559.2, 4117.95
30589.8, 4120
30589.9, 4125.64
30589.9, 4124.1
30590, 4120.51
30622, 4123.08
30622.1, 4124.1
30622.1, 4120.51
30622.1, 4120
30653, 4120
30653, 4119.49
30653.1, 4122.05
30653.1, 4124.62
30684.1, 4121.03
30684.3, 4121.54
30684.4, 4124.62
30684.4, 4118.97
30715.1, 4113.85
30715.2, 4117.44
30715.2, 4120
30715.2, 4117.44
30747, 4116.41
30747.1, 4117.95
30747.1, 4121.03
30747.1, 4124.62
30778.1, 4122.56
30778.2, 4115.9
30778.2, 4115.9
30778.3, 4120.51
30809.1, 4120.51
30809.2, 4122.05
30809.3, 4123.08
30809.3, 4116.41
30839.8, 4117.44
30839.9, 4123.08
30839.9, 4118.97
30839.9, 4117.44
30871.8, 4123.08
30871.9, 4125.13
30871.9, 4120
30871.9, 4118.97
30903, 4122.56
30903.1, 4121.03
30903.2, 4118.97
30903.2, 4123.08
30933.8, 4124.62
30933.9, 4118.46
30933.9, 4115.38
30934, 4121.54
30965.7, 4124.62
30965.8, 4123.59
30965.8, 4121.03
30965.8, 4118.97
30997, 4121.54
30997, 4123.08
30997.1, 4121.54
30997.1, 4124.1
31027.9, 4126.15
31028, 4123.59
31028.1, 4123.08
31028.1, 4125.64
31058.9, 4125.13
31059, 4124.1
31059, 4124.1
31059.1, 4122.05
31091.1, 4121.03
31091.2, 4123.59
31091.2, 4123.08
31091.3, 4121.03
31122.2, 4125.13
31122.3, 4128.21
31122.3, 4122.56
31122.4, 4120.51
31153.1, 4128.21
31153.2, 4125.64
31153.2, 4115.38
31153.2, 4119.49
31184.8, 4126.67
31184.9, 4122.56
31184.9, 4120
31184.9, 4125.13
31215.9, 4125.64
31216, 4118.97
31216, 4115.38
31216, 4118.97
31246.8, 4122.56
31246.8, 4124.1
31246.9, 4122.56
31246.9, 4117.95
31278.1, 4117.44
31278.2, 4120.51
31278.2, 4124.1
31278.2, 4123.08
31310.3, 4117.44
31310.4, 4116.92
31310.4, 4116.92
31310.5, 4114.87
31341.4, 4116.92
31341.7, 4121.03
31341.7, 4124.1
31341.7, 4122.56
31371.9, 4117.44
31372, 4117.95
31372.1, 4122.05
31372.1, 4121.54
31403, 4118.97
31403.1, 4118.97
31403.1, 4122.05
31403.1, 4118.46
31434.8, 4115.38
31434.9, 4120.51
31434.9, 4121.03
31435, 4119.49
31466, 4121.03
31466.1, 4122.05
31466.1, 4120
31466.2, 4121.54
31497, 4121.54
31497.1, 4118.46
31497.1, 4123.08
31497.1, 4122.05
31529.3, 4113.33
31529.4, 4114.87
31529.5, 4121.03
31529.5, 4118.97
31560.3, 4118.97
31560.3, 4123.59
31560.4, 4120.51
31560.4, 4115.38
31591.1, 4118.97
31591.2, 4125.64
31591.2, 4126.67
31591.3, 4125.13
31621.9, 4120
31622, 4117.95
31622, 4124.62
31622, 4121.54
31654, 4114.36
31654, 4120
31654.1, 4125.64
31654.1, 4118.97
31684.9, 4114.87
31684.9, 4121.54
31685, 4122.56
31685, 4114.87
31715.9, 4115.38
31716, 4122.56
31716, 4123.59
31716, 4123.08
31746.9, 4123.59
31747, 4122.05
31747, 4120
31747, 4120
31779.1, 4118.46
31779.1, 4117.44
31779.2, 4120
31779.2, 4120
31809.9, 4118.46
31810, 4119.49
31810.1, 4120
31810.1, 4120
31841.1, 4119.49
31841.2, 4117.44
31841.2, 4116.92
31841.3, 4121.54
31873, 4126.15
31873.1, 4122.05
31873.1, 4114.87
31873.2, 4117.44
31903.9, 4122.56
31903.9, 4120.51
31904, 4119.49
31904, 4121.54
31935.2, 4121.54
31935.4, 4122.56
31935.5, 4124.62
31935.5, 4121.03
31966, 4120
31966, 4125.64
31966.1, 4124.62
31966.1, 4118.97
31997.7, 4121.03
31997.8, 4121.03
31997.9, 4118.46
31997.9, 4117.95
32028.9, 4117.44
32029, 4117.44
32029, 4116.92
32029.1, 4117.95
32060.4, 4120.51
32060.5, 4123.59
32060.5, 4123.59
32060.6, 4117.95
32091.9, 4115.9
32092, 4117.44
32092.1, 4116.92
32092.1, 4118.97
32123.1, 4118.97
32123.2, 4115.9
32123.2, 4116.41
32123.3, 4117.44
32154.4, 4118.46
32154.5, 4122.56
32154.5, 4122.05
32154.6, 4116.92
32184.8, 4117.44
32184.8, 4120
32184.9, 4121.03
32184.9, 4122.56
32216.8, 4124.62
32216.9, 4123.59
32216.9, 4122.56
32216.9, 4126.15
32248, 4127.69
32248.1, 4123.59
32248.1, 4122.05
32248.1, 4122.56
32279, 4123.08
32279.1, 4124.1
32279.1, 4124.1
32279.2, 4121.03
32310.9, 4124.1
32311, 4125.64
32311, 4120.51
32311, 4123.59
32341.9, 4128.21
32342, 4123.59
32342, 4122.05
32342, 4124.62
32373.2, 4122.56
32373.3, 4117.44
32373.4, 4115.9
32373.4, 4118.97
32403.8, 4122.56, estimuli
32403.9, 4124.1
32404, 4124.1
32404, 4121.03
32435.9, 4118.97
32436, 4121.03
32436, 4124.1
32436.1, 4121.54
32466.9, 4115.9
32467, 4115.38
32467.1, 4121.03
32467.1, 4124.1
32498.1, 4121.03
32498.2, 4119.49
32498.2, 4119.49
32498.2, 4114.87
32529.1, 4112.31
32529.2, 4120.51
32529.2, 4130.26
32529.2, 4134.36
32561.2, 4131.79
32561.3, 4123.08
32561.3, 4115.9
32561.3, 4111.28
32592.4, 4110.77
32592.6, 4118.46
32592.6, 4129.23
32592.7, 4135.38
32623.2, 4131.79
32623.4, 4122.56
32623.4, 4114.87
32623.5, 4108.72
32655.1, 4108.21
32655.1, 4115.9
32655.2, 4127.69
32655.2, 4133.85
32686.2, 4132.31
32686.3, 4126.67
32686.3, 4113.33
32686.3, 4106.15
32716.9, 4110.26
32717, 4116.41
32717, 4126.15
32717, 4135.9
32748, 4131.28
32748.1, 4121.03
32748.1, 4115.9
32748.2, 4110.77
32780.4, 4109.23
32780.6, 4120
32780.6, 4131.28
32780.7, 4131.79
32811.3, 4129.74
32811.4, 4126.67
32811.4, 4117.95
32811.5, 4108.21
32842.1, 4109.23
32842.2, 4122.05
32842.3, 4130.77
32842.3, 4131.28
32874, 4132.82
32874.1, 4127.18
32874.2, 4111.79
32874.3, 4106.15
32905.1, 4110.26
32905.1, 4116.41
32905.2, 4127.18
32905.2, 4134.36
32935.9, 4132.82
32936, 4124.62
32936, 4112.31
32936.1, 4106.15
32966.9, 4109.74
32967, 4117.44
32967, 4124.62
32967.1, 4132.82
32999.5, 4132.82
32999.6, 4124.1
32999.6, 4114.36
32999.7, 4108.72
33029.9, 4110.26
33030, 4118.97
33030, 4127.18
33030, 4134.87
33061.1, 4132.31
33061.2, 4122.56
33061.2, 4117.44
33061.2, 4112.82
33092.3, 4109.23
33092.5, 4116.41
33092.5, 4129.74
33092.6, 4134.36
33124.3, 4130.77
33124.4, 4125.64
33124.4, 4115.9
33124.4, 4109.23
33155.1, 4110.77
33155.2, 4119.49
33155.2, 4131.28
33155.2, 4135.38
33185.8, 4130.77
33185.8, 4124.1
33185.9, 4114.36
33185.9, 4107.18
33218.5, 4108.72
33218.6, 4118.46
33218.7, 4129.74
33218.7, 4134.36
33249, 4132.82
33249.1, 4124.62
33249.1, 4114.36
33249.2, 4107.69
33279.9, 4108.72
33280, 4120.51
33280, 4132.82
33280.1, 4135.9
33311, 4132.82
33311.1, 4125.64
33311.1, 4112.82
33311.1, 4106.15
33343.1, 4109.23
33343.2, 4115.9
33343.2, 4125.13
33343.2, 4130.77
33374.1, 4131.28
33374.2, 4123.08
33374.3, 4112.31
33374.3, 4106.15
33405, 4105.13
33405.1, 4114.36
33405.1, 4128.21
33405.1, 4131.28
33437.4, 4124.62
33437.6, 4118.46
33437.6, 4111.28
33437.7, 4102.56
33467.9, 4104.62
33468, 4118.97
33468, 4125.64
33468, 4127.18
33499.1, 4129.23
33499.2, 4123.59
33499.2, 4111.79
33499.2, 4110.26
33530, 4119.49
33530.1, 4119.49
33530.1, 4113.33
33530.1, 4115.9
33562.1, 4115.9
33562.2, 4114.87
33562.2, 4122.56
33562.2, 4124.62
33593, 4118.46
33593.1, 4117.44
33593.1, 4123.08
33593.1, 4125.64
33624.2, 4124.62
33624.3, 4124.62
33624.3, 4123.59
33624.4, 4122.56
33654.9, 4123.08
33655, 4125.13
33655, 4125.13
33655, 4122.56
33686.8, 4122.56
33686.9, 4123.08
33687, 4120
33687, 4117.95
33718.1, 4121.03
33718.2, 4123.08
33718.2, 4123.08
33718.3, 4122.56
33748.9, 4124.1
33749, 4123.08
33749, 4123.08
33749.1, 4125.64
33781, 4124.1
33781.1, 4121.54
33781.1, 4121.03
33781.2, 4123.08
33812, 4123.08
33812, 4119.49
33812.1, 4120.51
33812.1, 4123.08
33843.3, 4122.56
33843.4, 4123.08
33843.5, 4124.1
33843.5, 4124.1
33873.9, 4123.59
33874, 4118.97
33874.1, 4117.44
33874.1, 4124.62
33906.1, 4128.21
33906.2, 4124.1
33906.2, 4120
33906.2, 4120
33936.9, 4122.05
33937, 4121.54
33937, 4122.05
33937, 4124.62
33967.9, 4123.08
33968, 4122.56
33968, 4125.64
33968.1, 4126.15
33999.9, 4122.56
34000, 4123.59
34000, 4127.18
34000.1, 4125.13
34031.1, 4124.62
34031.2, 4124.62
34031.2, 4123.59
34031.2, 4124.1
34061.8, 4125.64
34061.9, 4125.64
34061.9, 4123.59
34062, 4125.13
34093.1, 4127.18
34093.2, 4123.08
34093.2, 4121.54
34093.3, 4125.13
34126.2, 4124.62
34126.3, 4122.56
34126.3, 4122.56
34126.3, 4122.56
34156, 4123.59
34156.1, 4125.64
34156.1, 4126.15
34156.1, 4123.59
34187.2, 4123.08
34187.4, 4124.62
34187.4, 4123.08
34187.5, 4123.59
34218.1, 4122.56
34218.3, 4118.46
34218.3, 4120
34218.4, 4126.67
34250.1, 4127.18
34250.2, 4121.54
34250.3, 4121.54
34250.4, 4123.59
34281.4, 4122.56
34281.5, 4123.08
34281.7, 4123.08
34281.8, 4121.54
34312.2, 4122.05
34312.3, 4123.08
34312.4, 4126.15
34312.5, 4126.15
34344.4, 4120.51
34344.5, 4117.44
34344.5, 4121.03
34344.5, 4122.05
34375.1, 4121.54
34375.2, 4124.1
34375.3, 4125.64
34375.4, 4122.56
34406.2, 4122.05
34406.3, 4124.1
34406.3, 4121.54
34406.4, 4121.54
34437.3, 4124.1
34437.4, 4123.59
34437.4, 4122.56
34437.5, 4124.1
34469.4, 4124.62
34469.5, 4123.08
34469.6, 4122.05
34469.6, 4122.05
34500, 4124.1
34500.1, 4124.62
34500.2, 4122.05
34500.2, 4122.05
34531.2, 4123.59
34531.3, 4123.59
34531.3, 4122.56
34531.4, 4122.05
34563.2, 4123.08
34563.2, 4124.62
34563.3, 4122.05
34563.3, 4121.03
34594.2, 4125.13
34594.4, 4125.64
34594.4, 4124.62
34594.5, 4123.08
34625.3, 4121.03
34625.4, 4122.56
34625.5, 4123.59
34625.5, 4122.56
34656.2, 4123.08
34656.4, 4123.08
34656.5, 4122.05
34656.6, 4122.05
34688.5, 4124.62
34688.6, 4125.64
34688.7, 4122.56
34688.8, 4122.56
34719.1, 4125.13
34719.2, 4125.64
34719.3, 4125.64
34719.4, 4123.08
34750.3, 4122.56
34750.4, 4124.1
34750.5, 4123.59
34750.5, 4121.03
34781.1, 4123.08
34781.2, 4126.15
34781.2, 4123.08
34781.3, 4123.08
34813.3, 4125.64
34813.5, 4122.56
34813.5, 4121.03
34813.6, 4125.13
34844.3, 4124.62
34844.5, 4122.56
34844.5, 4123.59
34844.6, 4125.64
34875.1, 4124.62
34875.2, 4122.05
34875.3, 4123.08
34875.3, 4123.08
34907.1, 4123.08
34907.2, 4125.13
34907.4, 4125.13
34907.5, 4123.08
34938, 4124.1
34938.1, 4126.67
34938.1, 4121.54
34938.2, 4116.41
34968.6, 4121.03
34968.7, 4126.15
34968.8, 4124.1
34968.8, 4124.1
34999.8, 4125.64
34999.9, 4124.1
34999.9, 4123.59
34999.9, 4124.62
35031.8, 4122.56
35031.9, 4118.97
35031.9, 4122.56
35031.9, 4125.13
35063, 4119.49
35063.1, 4117.95
35063.1, 4125.13
35063.2, 4127.69
35094.1, 4120.51
35094.4, 4118.46
35094.4, 4124.62
35094.5, 4124.1
35125.4, 4123.08
35125.5, 4126.15
35125.6, 4122.56
35125.6, 4120
35156.9, 4122.56
35157, 4122.05
35157.1, 4120.51
35157.1, 4122.56
35187.9, 4123.59
35187.9, 4122.05
35188, 4122.56
35188, 4124.1
35218.8, 4119.49
35218.9, 4116.41
35218.9, 4120.51
35218.9, 4125.64
35251, 4125.64
35251.1, 4125.13
35251.2, 4125.64
35251.2, 4124.1
35281.9, 4123.59
35282, 4126.15
35282, 4125.13
35282, 4123.59
35313.1, 4124.62
35313.2, 4125.64
35313.2, 4125.64
35313.2, 4124.1
35344, 4125.64
35344.1, 4127.69
35344.1, 4124.1
35344.1, 4123.59
35375.9, 4125.64
35376, 4124.1
35376, 4122.56
35376, 4123.08
35406.7, 4124.62, estimuli
35406.8, 4125.64
35406.8, 4125.13
35406.8, 4123.08
35437.9, 4120
35437.9, 4120
35438, 4122.56
35438, 4123.08
35469.8, 4123.59
35469.9, 4122.05
35470, 4119.49
35470, 4118.97
35501.2, 4120.51
35501.3, 4119.49
35501.4, 4114.36
35501.5, 4112.82
35532.1, 4115.9
35532.2, 4123.08
35532.2, 4131.79
35532.2, 4133.85
35563, 4130.77
35563.1, 4123.08
35563.1, 4114.36
35563.1, 4112.31
35595, 4115.9
35595.1, 4122.56
35595.1, 4129.74
35595.1, 4133.85
35625.9, 4131.79
35625.9, 4122.05
35626, 4109.74
35626, 4106.15
35656.9, 4112.82
35657, 4122.56
35657.1, 4130.77
35657.1, 4132.82
35688.9, 4132.31
35689, 4126.67
35689, 4113.33
35689.1, 4105.13
35720, 4110.77
35720.1, 4122.05
35720.1, 4128.72
35720.1, 4133.33
35750.8, 4133.33
35750.9, 4122.56
35750.9, 4112.31
35751, 4110.26
35782.3, 4115.9
35782.4, 4124.1
35782.4, 4128.72
35782.5, 4132.31
35813.9, 4131.28
35814, 4123.08
35814, 4113.85
35814.1, 4110.77
35845.1, 4115.9
35845.2, 4124.62
35845.2, 4132.31
35845.2, 4134.36
35875.8, 4128.21
35875.9, 4120.51
35875.9, 4114.36
35876, 4107.69
35908.3, 4108.72
35908.5, 4121.03
35908.6, 4132.82
35908.6, 4135.38
35938.8, 4130.77
35938.9, 4121.54
35938.9, 4111.28
35939, 4108.72
35970, 4114.36
35970.1, 4124.62
35970.1, 4132.31
35970.1, 4133.33
36000.8, 4130.77
36000.9, 4124.1
36000.9, 4113.33
36000.9, 4110.26
36033, 4116.92
36033.1, 4124.62
36033.1, 4131.28
36033.2, 4132.31
36064, 4128.72
36064.1, 4121.03
36064.1, 4110.77
36064.1, 4107.18
36095, 4111.79
36095, 4124.1
36095.1, 4131.79
36095.1, 4128.72
36126.4, 4127.18
36126.5, 4123.08
36126.6, 4110.77
36126.6, 4107.69
36158, 4117.44
36158.1, 4125.13
36158.2, 4130.26
36158.2, 4134.87
36189, 4130.77
36189, 4118.97
36189.1, 4109.23
36189.1, 4107.69
36219.9, 4112.82
36220, 4124.1
36220.1, 4133.33
36220.1, 4134.87
36251.9, 4132.82
36252, 4125.64
36252, 4116.92
36252.1, 4109.23
36283, 4111.28
36283, 4123.08
36283.1, 4133.33
36283.1, 4132.82
36314.2, 4127.18
36314.4, 4121.54
36314.5, 4113.33
36314.5, 4108.72
36345.1, 4115.9
36345.2, 4125.13
36345.2, 4129.23
36345.3, 4129.74
36376.9, 4128.21
36377, 4124.62
36377, 4115.38
36377.1, 4108.21
36408.1, 4112.82
36408.2, 4122.05
36408.2, 4131.28
36408.3, 4134.87
36438.9, 4129.74
36439, 4123.59
36439, 4114.87
36439.1, 4109.74
36470, 4115.9
36470.1, 4126.67
36470.1, 4136.41
36470.1, 4140.51
36501.8, 4133.33
36501.9, 4118.97
36501.9, 4110.26
36502, 4114.36
36533.2, 4123.08
36533.4, 4123.08
36533.5, 4117.44
36533.5, 4118.46
36564, 4124.62
36564.1, 4122.56
36564.1, 4116.92
36564.2, 4117.95
36595.9, 4122.05
36596, 4122.56
36596, 4122.05
36596, 4125.13
36627, 4126.15
36627.1, 4122.56
36627.1, 4122.56
36627.1, 4124.62
36658.1, 4121.03
36658.2, 4121.54
36658.2, 4123.59
36658.3, 4121.03
36688.9, 4121.03
36689, 4121.54
36689, 4123.59
36689, 4125.13
36720.9, 4123.59
36721, 4123.08
36721.1, 4122.05
36721.1, 4121.03
36752.4, 4123.08
36752.6, 4125.13
36752.6, 4123.08
36752.7, 4121.03
36783, 4122.56
36783.1, 4122.05
36783.1, 4122.56
36783.1, 4125.64
36815.1, 4124.62
36815.2, 4125.64
36815.2, 4126.15
36815.2, 4120
36845.9, 4118.46
36846, 4121.03
36846, 4119.49
36846.1, 4118.97
36876.9, 4120
36877, 4120
36877, 4120
36877.1, 4124.1
36908, 4126.15
36908.1, 4124.62
36908.1, 4124.62
36908.2, 4123.08
36939.9, 4118.46
36940, 4118.46
36940.1, 4122.05
36940.1, 4120.51
36971.2, 4118.46
36971.3, 4122.56
36971.4, 4125.13
36971.4, 4124.1
37001.8, 4123.59
37001.9, 4120
37001.9, 4118.97
37002, 4125.13
37033.9, 4126.15
37034, 4124.1
37034, 4121.54
37034, 4116.92
37064.9, 4116.92
37065, 4120.51
37065, 4121.54
37065, 4123.08
37096.1, 4126.15
37096.2, 4125.13
37096.2, 4119.49
37096.3, 4119.49
37127.1, 4125.13
37127.2, 4125.64
37127.2, 4123.08
37127.2, 4123.59
37159.2, 4124.1
37159.3, 4127.69
37159.4, 4125.64
37159.4, 4120
37189.9, 4121.03
37190.1, 4122.56
37190.1, 4119.49
37190.2, 4115.9
37221, 4115.9
37221.1, 4115.9
37221.2, 4115.38
37221.2, 4115.9
37252, 4115.38
37252.1, 4114.87
37252.1, 4115.38
37252.1, 4116.41
37283.9, 4115.9
37284, 4115.38
37284, 4117.44
37284.1, 4117.95
37315.1, 4118.46
37315.2, 4119.49
37315.2, 4115.9
37315.2, 4113.85
37346.1, 4118.97
37346.2, 4116.92
37346.2, 4115.38
37346.2, 4122.05
37378.3, 4122.56
37378.3, 4116.41
37378.4, 4114.87
37378.4, 4117.44
37409.2, 4118.97
37409.3, 4117.44
37409.3, 4115.9
37409.3, 4114.87
37440, 4117.44
37440.1, 4118.97
37440.2, 4117.44
37440.2, 4118.97
37470.9, 4119.49
37470.9, 4117.44
37471, 4118.97
37471, 4123.08
37502.8, 4121.03
37502.9, 4114.36
37502.9, 4117.44
37502.9, 4126.15
37533.8, 4124.1
37533.9, 4116.41
37533.9, 4118.46
37533.9, 4124.1
37565.1, 4118.97
37565.2, 4115.38
37565.2, 4122.56
37565.3, 4120.51
37597, 4115.38
37597.1, 4119.49
37597.2, 4122.56
37597.2, 4122.56
37627.9, 4123.59
37628, 4121.03
37628.1, 4118.97
37628.1, 4123.08
37659, 4125.13
37659.1, 4123.08
37659.1, 4122.05
37659.1, 4122.05
37690, 4123.08
37690.2, 4124.62
37690.3, 4124.1
37690.3, 4120
37721.9, 4120.51
37722, 4124.1
37722, 4124.1
37722.1, 4125.13
37752.9, 4125.13
37753, 4123.08
37753, 4123.08
37753, 4125.13
37784.4, 4125.13
37784.6, 4125.13
37784.6, 4126.15
37784.7, 4124.1
37814.9, 4122.05
37815, 4123.59
37815.1, 4126.15
37815.1, 4126.67
37847, 4125.64
37847.1, 4123.59
37847.1, 4124.62
37847.1, 4124.62
37877.8, 4121.54
37877.9, 4122.05
37878, 4124.62
37878, 4124.1
37908.9, 4121.03
37909, 4123.59
37909, 4125.64
37909, 4121.54
37940.9, 4123.59
37941, 4128.72
37941, 4126.67
37941.1, 4122.56
37971.9, 4118.97
37972, 4118.46
37972.1, 4124.1
37972.1, 4123.08
38010.3, 4119.49
38010.4, 4121.54
38010.4, 4122.05
38010.4, 4120
38034.1, 4122.05
38034.1, 4124.1
38034.2, 4121.03
38034.2, 4118.46
38066.1, 4118.46
38066.1, 4121.03
38066.2, 4122.56
38066.2, 4117.44
38096.9, 4118.97
38097, 4126.67
38097, 4126.15
38097, 4122.56
38127.9, 4124.1
38128, 4125.64
38128, 4121.54
38128.1, 4115.9
38160, 4114.87
38160, 4112.31
38160.1, 4109.23
38160.1, 4113.33
38191.1, 4115.38
38191.2, 4111.28
38191.2, 4110.77
38191.2, 4114.87
38221.9, 4116.41
38222, 4112.82
38222, 4113.85
38222, 4117.44
38253, 4116.92
38253.1, 4115.9
38253.2, 4117.95
38253.2, 4117.44
38284.8, 4114.36
38284.9, 4113.85
38284.9, 4115.9
38285, 4115.9
38315.9, 4114.36
38316, 4114.36
38316, 4115.9
38316.1, 4117.95
38347, 4117.44
38347.1, 4116.41
38347.1, 4117.95
38347.1, 4117.44
38377.8, 4116.92
38377.9, 4118.46
38378, 4118.97
38378, 4117.95
38410.2, 4115.9
38410.3, 4117.44
38410.3, 4120.51
38410.3, 4116.41
38440.9, 4116.92
38440.9, 4122.05
38441, 4121.03
38441, 4117.44
38471.9, 4117.44
38471.9, 4121.03
38472, 4121.03
38472, 4117.44
38503.9, 4119.49
38504, 4123.59
38504, 4120.51
38504.1, 4115.9
38534.9, 4118.46
38535, 4118.46
38535.1, 4113.85
38535.1, 4115.38
38565.9, 4118.97
38566, 4118.46
38566, 4116.41
38566, 4113.85
38597.9, 4115.38
38598, 4120
38598.1, 4121.03
38598.3, 4117.95
38629, 4114.36
38629.4, 4114.87
38629.5, 4117.44
38629.5, 4117.95
38660.1, 4118.97
38660.2, 4118.46
38660.2, 4114.87
38660.3, 4115.38
38691.2, 4116.41
38691.3, 4117.95
38691.3, 4121.03
38691.3, 4119.49
38722.9, 4117.44
38722.9, 4116.92
38723, 4117.44
38723, 4120.51
38753.9, 4121.03
38754, 4117.44
38754, 4115.38
38754, 4118.97
38784.9, 4116.92
38785, 4115.38
38785, 4117.95
38785, 4115.9
38816.2, 4114.87
38816.4, 4120
38816.4, 4121.03
38816.5, 4116.41
38848, 4113.85
38848.1, 4116.41
38848.2, 4118.46
38848.2, 4115.38
38878.9, 4114.87
38879, 4117.44
38879.1, 4117.95
38879.1, 4117.44
38909.9, 4117.44
38910, 4123.08
38910.1, 4124.62
38910.1, 4118.97
38940.8, 4117.44
38940.8, 4116.92
38940.9, 4112.31
38940.9, 4111.28
38973.1, 4114.87
38973.2, 4116.92
38973.2, 4116.92
38973.2, 4116.92
39004.2, 4118.46
39004.3, 4118.46
39004.4, 4115.9
39004.4, 4115.9
39035.1, 4117.44
39035.2, 4117.44
39035.2, 4118.46
39035.3, 4117.95
39066.8, 4113.85
39066.9, 4114.87
39066.9, 4120
39067, 4118.97
39098.1, 4117.44
39098.2, 4119.49
39098.2, 4120
39098.3, 4116.41
39128.8, 4114.36
39128.9, 4116.92
39128.9, 4116.92
39129, 4113.33
39160, 4115.9
39160.1, 4120.51
39160.1, 4122.05
39160.1, 4118.97
39192, 4114.87
39192.1, 4114.87
39192.1, 4114.87
39192.1, 4115.9
39223.3, 4120.51
39223.5, 4122.05
39223.6, 4117.95
39223.7, 4114.87
39254, 4115.38
39254.1, 4118.46
39254.1, 4118.46
39254.1, 4116.92
39285.9, 4119.49
39286, 4120
39286, 4116.41
39286, 4115.9
39317.1, 4118.97
39317.2, 4116.41
39317.2, 4113.33
39317.3, 4115.9
39348, 4118.46
39348.1, 4120
39348.2, 4117.44
39348.2, 4114.36
39379, 4119.49, estimuli
39379.1, 4121.54
39379.1, 4120
39379.2, 4120
39411, 4117.44
39411, 4116.41
39411.1, 4117.95
39411.1, 4117.95
39442.4, 4118.46
39442.5, 4115.9
39442.5, 4114.36
39442.6, 4116.92
39473, 4118.46
39473, 4117.95
39473.1, 4117.44
39473.1, 4112.31
39503.8, 4108.21
39503.9, 4117.44
39504, 4128.72
39504, 4129.74
39535.9, 4126.67
39536, 4120
39536, 4108.72
39536, 4104.1
39566.8, 4111.28
39566.9, 4121.54
39566.9, 4126.67
39566.9, 4129.74
39597.9, 4129.23
39597.9, 4118.46
39598, 4107.69
39598, 4107.18
39630.2, 4109.23
39630.4, 4116.41
39630.5, 4127.69
39630.5, 4131.28
39661.1, 4127.69
39661.2, 4120
39661.2, 4109.23
39661.2, 4105.13
39692, 4110.26
39692.1, 4119.49
39692.2, 4126.67
39692.2, 4129.74
39722.9, 4129.74
39723, 4121.54
39723, 4109.74
39723, 4106.67
39754.9, 4112.82
39754.9, 4120.51
39755, 4125.13
39755, 4129.74
39786, 4130.77
39786.1, 4120
39786.1, 4105.13
39786.1, 4104.1
39817.1, 4113.33
39817.2, 4118.97
39817.2, 4126.67
39817.2, 4134.87
39848.9, 4129.23
39849, 4120
39849, 4114.87
39849, 4109.23
39879.9, 4109.23
39880, 4117.95
39880, 4128.72
39880.1, 4130.77
39911, 4124.62
39911.1, 4117.44
39911.1, 4108.72
39911.1, 4103.08
39942.1, 4108.21
39942.1, 4119.49
39942.2, 4129.74
39942.2, 4132.31
39973.9, 4128.21
39973.9, 4120.51
39974, 4111.28
39974, 4105.64
40004.8, 4109.23
40004.9, 4120.51
40004.9, 4128.21
40005, 4129.74
40036.1, 4129.23
40036.2, 4122.56
40036.2, 4110.26
40036.3, 4105.64
40067.1, 4110.77
40067.2, 4119.49
40067.2, 4127.69
40067.2, 4129.74
40099, 4129.23
40099.1, 4120
40099.1, 4108.21
40099.2, 4108.21
40130, 4111.28
40130.1, 4115.9
40130.1, 4125.13
40130.1, 4129.23
40161, 4123.59
40161.1, 4115.9
40161.1, 4110.77
40161.1, 4107.69
40193.1, 4110.26
40193.2, 4117.95
40193.2, 4126.15
40193.2, 4132.31
40223.9, 4129.74
40223.9, 4119.49
40224, 4109.74
40224, 4104.62
40255.3, 4107.69
40255.4, 4118.46
40255.5, 4128.72
40255.5, 4130.77
40286.1, 4126.67
40286.2, 4121.03
40286.2, 4111.28
40286.2, 4104.62
40318, 4108.72
40318, 4118.46
40318.1, 4128.72
40318.1, 4132.31
40349.3, 4125.64
40349.4, 4114.87
40349.4, 4108.21
40349.5, 4108.21
40379.9, 4108.72
40379.9, 4114.36
40380, 4127.69
40380, 4133.85
40412.1, 4128.72
40412.2, 4120
40412.2, 4111.79
40412.2, 4107.18
40443.3, 4109.74
40443.3, 4117.44
40443.4, 4125.64
40443.5, 4129.74
40473.9, 4128.21
40474.1, 4118.46
40474.1, 4110.77
40474.2, 4116.92
40504.9, 4121.03
40505, 4116.41
40505, 4117.44
40505.1, 4116.92
40537, 4118.46
40537.1, 4124.62
40537.1, 4123.08
40537.1, 4116.92
40567.9, 4115.38
40568, 4117.95
40568, 4121.03
40568.1, 4122.05
40599.1, 4118.46
40599.2, 4114.87
40599.2, 4116.41
40599.2, 4116.41
40630.1, 4116.92
40630.2, 4119.49
40630.2, 4117.44
40630.2, 4118.46
40662.2, 4122.56
40662.4, 4118.46
40662.4, 4116.41
40662.5, 4123.08
40693.3, 4122.56
40693.4, 4116.92
40693.4, 4116.92
40693.4, 4119.49
40724, 4116.92
40724.1, 4116.92
40724.1, 4117.95
40724.1, 4115.9
40755.8, 4115.9
40755.9, 4115.9
40755.9, 4116.41
40756, 4117.95
40786.8, 4117.95
40786.9, 4116.41
40786.9, 4114.87
40786.9, 4116.41
40817.9, 4117.95
40818, 4115.38
40818, 4115.38
40818.1, 4117.44
40849.2, 4116.92
40849.3, 4115.38
40849.3, 4115.38
40849.4, 4116.92
40881.1, 4115.9
40881.2, 4115.9
40881.2, 4120
40881.3, 4119.49
40911.8, 4115.9
40911.8, 4113.85
40911.9, 4115.38
40911.9, 4117.44
40943, 4114.87
40943.1, 4114.36
40943.2, 4119.49
40943.2, 4116.92
40975.2, 4111.79
40975.3, 4115.9
40975.3, 4122.05
40975.4, 4121.03
41005.8, 4115.9
41005.9, 4115.9
41006, 4118.97
41006, 4118.97
41037, 4116.41
41037.1, 4114.87
41037.1, 4117.44
41037.1, 4121.03
41068.1, 4119.49
41068.2, 4117.44
41068.2, 4118.97
41068.3, 4120.51
41099.9, 4115.9
41100, 4114.87
41100.1, 4118.46
41100.1, 4116.92
41131, 4115.38
41131.1, 4117.95
41131.1, 4117.95
41131.1, 4117.44
41162, 4116.92
41162.1, 4116.41
41162.1, 4115.38
41162.1, 4114.36
41192.8, 4116.92
41192.9, 4119.49
41192.9, 4116.41
41193, 4115.9
41225, 4118.97
41225.1, 4122.56
41225.2, 4123.08
41225.2, 4118.97
41255.9, 4118.46
41256, 4121.54
41256, 4119.49
41256, 4115.9
41287.2, 4115.9
41287.4, 4121.03
41287.4, 4122.56
41287.5, 4120
41319, 4117.44
41319.1, 4116.92
41319.1, 4117.44
41319.1, 4117.95
41350, 4118.97
41350.1, 4118.97
41350.1, 4115.9
41350.2, 4114.36
41381.1, 4114.87
41381.2, 4115.9
41381.2, 4118.97
41381.2, 4120
41412, 4117.44
41412.1, 4115.9
41412.2, 4116.92
41412.3, 4117.44
41444, 4115.38
41444.1, 4117.95
41444.1, 4117.95
41444.1, 4114.87
41474.9, 4120
41475, 4125.13
41475, 4118.46
41475, 4112.82
41505.9, 4115.9
41505.9, 4116.41
41506, 4111.79
41506, 4112.31
41537.8, 4115.38
41537.9, 4115.38
41537.9, 4118.46
41538, 4121.03
41568.8, 4119.49
41568.9, 4120.51
41568.9, 4118.46
41569, 4116.41
41599.9, 4120
41600, 4122.56
41600, 4118.97
41600, 4115.38
41631, 4116.92
41631, 4116.92
41631.1, 4115.9
41631.1, 4118.46
41663.1, 4120.51
41663.2, 4118.97
41663.2, 4114.36
41663.2, 4114.36
41694.5, 4121.03
41694.6, 4122.05
41694.7, 4118.46
41694.7, 4122.56
41725.2, 4122.56
41725.3, 4115.9
41725.4, 4115.38
41725.4, 4118.97
41756, 4120
41756.1, 4120
41756.1, 4118.46
41756.2, 4114.36
41787.8, 4115.38
41787.9, 4118.97
41787.9, 4117.44
41788, 4120.51
41818.8, 4124.1
41818.9, 4120.51
41818.9, 4117.95
41818.9, 4120.51
41850, 4120
41850.1, 4115.38
41850.1, 4115.9
41850.1, 4120
41882, 4117.95
41882.1, 4115.38
41882.1, 4117.95
41882.1, 4118.46
41913, 4117.95
41913.1, 4116.92
41913.1, 4115.38
41913.1, 4115.9
41944.1, 4115.38
41944.2, 4111.28
41944.2, 4111.28
41944.2, 4115.9
41975, 4116.92
41975.1, 4116.41
41975.1, 4116.41
41975.1, 4113.33
42006.9, 4113.85
42007, 4120
42007, 4117.44
42007.1, 4113.33
42037.8, 4117.95
42037.9, 4122.05
42037.9, 4118.97
42038, 4116.41
42068.8, 4115.38
42068.9, 4115.38
42068.9, 4117.44
42069, 4118.46
42100.2, 4116.41
42100.3, 4115.38
42100.4, 4116.92
42100.5, 4115.9
42132.1, 4114.87
42132.2, 4111.28
42132.2, 4103.08
42132.2, 4101.03
42163.1, 4105.64
42163.2, 4108.72
42163.2, 4101.54
42163.2, 4097.95
42194, 4105.13
42194.1, 4107.18
42194.1, 4106.15
42194.1, 4108.21
42226, 4109.23
42226, 4107.69
42226.1, 4109.23
42226.1, 4113.33
42257, 4115.38
42257.1, 4111.79
42257.1, 4111.28
42257.2, 4114.36
42287.8, 4115.9
42287.9, 4117.95
42287.9, 4117.95
42287.9, 4117.44
42319.1, 4117.44
42319.1, 4117.95
42319.2, 4118.97
42319.2, 4116.92
42350.9, 4114.87
42351, 4113.85
42351.1, 4114.87
42351.1, 4115.38
42381.9, 4114.87
42382, 4115.38
42382, 4115.9
42382, 4116.41
42413, 4115.9
42413, 4113.85
42413.1, 4115.38
42413.1, 4116.92
42444.9, 4115.38
42445, 4114.87
42445.1, 4115.9
42445.1, 4115.38
42475.9, 4116.92
42476, 4117.95
42476, 4116.41
42476.1, 4114.87
42507, 4115.38
42507.1, 4116.92
42507.2, 4116.41
42507.3, 4114.36
42538.1, 4114.36
42538.1, 4118.97
42538.2, 4117.44
42538.2, 4111.28
42570.1, 4113.85
42570.2, 4118.97
42570.2, 4117.44
42570.2, 4116.41
42601.1, 4117.95
42601.2, 4116.92
42601.2, 4116.41
42601.3, 4116.92
42632.2, 4117.44
42632.3, 4116.92
42632.3, 4115.38
42632.4, 4115.9
42664, 4116.92
42664.1, 4114.87
42664.1, 4113.85
42664.1, 4115.38
42695.1, 4115.38
42695.1, 4114.87
42695.2, 4118.46
42695.2, 4117.95
42726.4, 4113.85
42726.5, 4118.46
42726.6, 4121.03
42726.7, 4115.38
42756.9, 4114.87
42757, 4118.46
42757.1, 4116.92
42757.2, 4113.85
42788.8, 4116.92
42788.9, 4117.44
42788.9, 4115.38
42789, 4117.44
42819.8, 4115.38
42819.8, 4114.36
42819.9, 4118.46
42819.9, 4120.51
42850.9, 4120
42851, 4117.44
42851, 4116.92
42851.1, 4117.95
42881.8, 4117.44
42881.9, 4116.41
42881.9, 4113.85
42882, 4113.33
42914, 4115.38
42914.1, 4116.92
42914.2, 4116.92
42914.2, 4114.87
42945.1, 4113.85
42945.2, 4116.92
42945.2, 4117.95
42945.2, 4115.9
42976.1, 4114.87
42976.2, 4116.92
42976.2, 4117.95
42976.2, 4114.36
43007.7, 4113.85
43007.8, 4116.41
43007.8, 4115.9
43007.9, 4115.9
43038.8, 4116.41
43038.9, 4116.41
43038.9, 4115.9
43039, 4115.38
43069.8, 4117.95
43069.9, 4121.54
43069.9, 4120
43069.9, 4114.87
43100.8, 4113.33
43100.9, 4115.9
43100.9, 4114.87
43101, 4115.38
43133.2, 4117.95
43133.3, 4116.92
43133.4, 4114.87
43133.4, 4115.38
43164, 4116.41
43164.1, 4117.44
43164.1, 4115.38
43164.1, 4114.87
43195, 4115.38
43195.1, 4115.38
43195.1, 4118.46
43195.1, 4119.49
43226.9, 4116.92
43227, 4115.38
43227, 4115.9
43227, 4116.41
43257.8, 4115.38
43258, 4116.41
43258, 4117.44
43258.1, 4115.38
43288.9, 4116.41
43289, 4118.97
43289, 4116.92
43289.1, 4118.46
43319.8, 4122.05
43319.9, 4120
43319.9, 4118.46
43319.9, 4121.54
43352.4, 4121.03
43352.5, 4115.9
43352.5, 4114.87
43352.6, 4117.44
43383, 4117.95
43383.1, 4118.97
43383.1, 4118.97
43383.2, 4117.95
43414.1, 4120.51
43414.2, 4120
43414.2, 4115.38
43414.2, 4113.33
43445.8, 4115.38
43445.9, 4115.38
43445.9, 4114.87
43446, 4115.9
43477, 4115.38
43477, 4115.9
43477.1, 4117.44
43477.1, 4114.36
43508, 4116.92
43508.1, 4122.05
43508.2, 4118.46
43508.2, 4114.36
43539.1, 4115.9
43539.2, 4118.97
43539.3, 4116.41
43539.3, 4115.9
43571.1, 4120
43571.2, 4117.95
43571.2, 4113.33
43571.2, 4114.87
43601.9, 4118.46
43601.9, 4115.9
43602, 4115.38
43602, 4121.54
43633, 4122.05
43633.1, 4115.9
43633.1, 4114.87
43633.2, 4116.92
43664, 4118.46
43664.1, 4117.95
43664.1, 4115.9
43664.1, 4117.95
43695.9, 4121.03
43696, 4120.51
43696, 4119.49
43696, 4117.44
43727, 4117.44
43727.1, 4117.95
43727.1, 4115.38
43727.1, 4117.95
43758.2, 4119.49
43758.3, 4116.41
43758.3, 4114.36
43758.3, 4116.92
43789.9, 4116.41
43789.9, 4115.9
43790, 4116.41
43790, 4116.41
43821, 4116.92
43821.1, 4116.92
43821.1, 4113.33
43821.1, 4113.33
43851.9, 4118.97
43852, 4118.97
43852, 4114.87
43852, 4118.46
43882.8, 4122.05
43882.9, 4119.49
43882.9, 4115.38
43882.9, 4114.87
43914.9, 4114.87
43915, 4116.41
43915, 4118.97
43915, 4116.41
43946.3, 4117.95
43946.5, 4117.95
43946.5, 4112.31
43946.6, 4117.95
43977.1, 4123.59
43977.1, 4118.46
43977.2, 4114.87
43977.2, 4116.92
44007.9, 4117.95
44008, 4116.41
44008.1, 4114.87
44008.1, 4114.87
44039.8, 4115.38
44039.9, 4115.38
44039.9, 4114.87
44040, 4115.9
44070.9, 4117.44
44071, 4115.9
44071, 4113.85
44071, 4117.44
44102, 4121.03
44102.1, 4117.95
44102.1, 4115.38
44102.1, 4117.44
44134, 4117.44
44134.1, 4114.87
44134.1, 4114.87
44134.1, 4115.9
44165.3, 4117.44
44165.4, 4115.38
44165.5, 4112.82
44165.5, 4115.38
44195.9, 4115.9
44196, 4116.41
44196.1, 4117.95
44196.1, 4116.92
44226.9, 4115.9
44227, 4116.92
44227, 4116.92
44227, 4116.41
44258.9, 4117.44
44259, 4120
44259, 4116.92
44259.1, 4111.79
44289.8, 4115.9
44289.9, 4121.03
44289.9, 4119.49
44290, 4117.44
44320.8, 4116.92
44320.9, 4114.87
44321, 4113.33
44321, 4116.92
44352.9, 4119.49
44353, 4117.44
44353, 4115.38
44353, 4115.38
44384, 4116.92
44384.2, 4116.41
44384.2, 4115.9
44384.3, 4115.38
44415.2, 4115.9
44415.3, 4116.92
44415.4, 4116.41
44415.4, 4115.38
44446.2, 4115.9
44446.3, 4113.33
44446.4, 4110.26
44446.4, 4114.36
44478.2, 4115.9
44478.3, 4112.31
44478.4, 4112.31
44478.5, 4115.38
44509.2, 4117.44
44509.2, 4116.92
44509.3, 4117.95
44509.3, 4117.95
44540.1, 4114.87
44540.2, 4115.38
44540.2, 4115.38
44540.3, 4116.41
44571.2, 4115.38
44571.3, 4111.28
44571.4, 4114.87
44571.5, 4120
44603.5, 4116.92
44603.6, 4111.28
44603.7, 4108.72
44603.8, 4110.77
44634, 4110.77
44634.1, 4103.08
44634.2, 4094.36
44634.2, 4086.67
44665.4, 4077.95, estimuli
44665.5, 4073.33
44665.5, 4078.46
44665.6, 4086.67
44697.1, 4088.72
44697.2, 4089.23
44697.2, 4090.77
44697.2, 4094.36
44727.9, 4093.85
44728, 4091.28
44728, 4104.1
44728.1, 4117.44
44759, 4115.9
44759.1, 4114.87
44759.1, 4112.82
44759.2, 4107.18
44790.2, 4109.23
44790.3, 4115.38
44790.4, 4118.97
44790.4, 4125.13
44822.3, 4128.72
44822.6, 4119.49
44822.7, 4104.1
44822.8, 4100.51
44853.2, 4106.67
44853.4, 4112.82
44853.4, 4120.51
44853.5, 4128.72
44884.2, 4127.69
44884.3, 4113.85
44884.3, 4102.05
44884.4, 4102.56
44916.1, 4109.23
44916.2, 4115.9
44916.3, 4122.05
44916.4, 4126.67
44947.2, 4125.13
44947.4, 4115.38
44947.4, 4105.64
44947.5, 4104.1
44978.1, 4109.74
44978.2, 4116.92
44978.2, 4121.03
44978.3, 4125.64
45009.3, 4124.1
45009.4, 4114.36
45009.5, 4105.13
45009.5, 4102.56
45041.3, 4105.13
45041.4, 4113.85
45041.5, 4122.56
45041.5, 4126.67
45072.4, 4123.59
45072.5, 4115.9
45072.6, 4107.69
45072.6, 4101.54
45103.3, 4105.13
45103.4, 4116.92
45103.5, 4127.18
45103.5, 4132.82
45135.2, 4126.67
45135.4, 4112.31
45135.4, 4104.1
45135.4, 4104.62
45165.8, 4110.26
45165.9, 4117.95
45165.9, 4128.72
45166, 4132.31
45196.7, 4124.62
45196.8, 4115.9
45196.8, 4108.21
45196.8, 4105.64
45227.7, 4108.72
45227.8, 4115.38
45227.8, 4125.64
45227.8, 4130.77
45260.2, 4125.13
45260.3, 4116.41
45260.3, 4108.72
45260.3, 4104.62
45290.9, 4107.18
45291, 4115.9
45291, 4125.64
45291.1, 4129.23
45321.8, 4127.69
45321.9, 4119.49
45321.9, 4105.13
45322, 4100
45352.9, 4106.67
45353, 4113.85
45353, 4121.03
45353.1, 4128.21
45385, 4125.64
45385.1, 4112.82
45385.1, 4105.13
45385.1, 4104.62
45415.9, 4106.67
45416, 4114.36
45416, 4123.59
45416.1, 4129.23
45447.2, 4127.18
45447.4, 4115.9
45447.4, 4106.15
45447.4, 4103.08
45479, 4105.64
45479, 4115.38
45479.1, 4126.67
45479.1, 4131.28
45509.9, 4124.62
45510, 4111.79
45510.1, 4105.64
45510.1, 4104.62
45540.8, 4107.18
45540.9, 4116.92
45540.9, 4126.15
45541, 4128.72
45571.8, 4127.69
45571.9, 4120
45571.9, 4107.69
45571.9, 4102.56
45603.8, 4107.18
45603.9, 4113.33
45603.9, 4122.05
45604, 4131.28
45634.9, 4127.18
45634.9, 4112.82
45635, 4105.13
45635, 4105.64
45666.1, 4106.15
45666.2, 4114.36
45666.3, 4127.69
45666.3, 4130.26
45697, 4125.64
45697, 4121.54
45697.1, 4110.26
45697.1, 4104.62
45729.1, 4110.77
45729.1, 4120
45729.2, 4129.74
45729.2, 4134.36
45760, 4127.18
45760.1, 4114.36
45760.1, 4110.77
45760.1, 4115.9
45790.9, 4115.9
45791.1, 4112.82
45791.1, 4116.41
45791.2, 4118.46
45822.8, 4116.41
45822.9, 4114.87
45822.9, 4115.38
45823, 4118.97
45853.8, 4118.46
45853.9, 4114.36
45853.9, 4114.87
45854, 4119.49
45885.1, 4122.05
45885.2, 4116.41
45885.2, 4112.82
45885.3, 4115.38
45915.8, 4117.44
45915.9, 4116.92
45916, 4116.41
45916, 4118.97
45947.9, 4119.49
45948, 4115.9
45948.1, 4114.87
45948.1, 4115.9
45978.9, 4118.97
45979, 4120
45979, 4115.9
45979.1, 4115.9
46010.1, 4120
46010.2, 4118.97
46010.2, 4116.92
46010.3, 4116.92
46042, 4115.9
46042, 4114.87
46042.1, 4115.38
46042.1, 4115.9
46073.3, 4115.9
46073.5, 4117.44
46073.6, 4116.92
46073.6, 4114.36
46104, 4115.38
46104, 4116.92
46104.1, 4116.41
46104.1, 4118.46
46134.8, 4120
46134.9, 4117.95
46134.9, 4115.9
46135, 4116.92
46167.1, 4117.44
46167.2, 4115.38
46167.2, 4115.38
46167.2, 4115.38
46197.9, 4114.36
46198, 4114.36
46198, 4115.9
46198, 4119.49
46228.9, 4118.46
46229, 4114.36
46229, 4114.87
46229, 4115.9
46261, 4119.49
46261, 4123.08
46261.1, 4117.95
46261.1, 4114.36
46292.2, 4117.95
46292.3, 4117.44
46292.4, 4113.85
46292.4, 4114.36
46323, 4115.38
46323.1, 4112.31
46323.1, 4113.33
46323.1, 4116.41
46353.9, 4116.41
46353.9, 4116.92
46354, 4116.92
46354, 4117.44
46385.9, 4119.49
46386, 4120
46386, 4117.95
46386, 4116.92
46416.8, 4117.44
46416.9, 4116.92
46416.9, 4115.9
46417, 4115.9
46448, 4114.87
46448.1, 4116.92
46448.1, 4119.49
46448.2, 4116.41
46479.3, 4116.41
46479.5, 4117.44
46479.5, 4113.85
46479.6, 4115.38
46511.4, 4118.97
46511.6, 4116.92
46511.6, 4113.85
46511.7, 4115.9
46542.1, 4117.95
46542.2, 4114.36
46542.2, 4113.33
46542.2, 4116.92
46573, 4117.95
46573, 4116.41
46573.1, 4114.87
46573.1, 4117.44
46604.8, 4121.03
46604.9, 4117.44
46604.9, 4114.36
46604.9, 4117.95
46635.8, 4120.51
46635.9, 4119.49
46635.9, 4116.41
46636, 4115.9
46666.8, 4117.95
46666.9, 4118.46
46666.9, 4116.41
46667, 4113.85
46698, 4116.41
46698.1, 4117.95
46698.2, 4115.9
46698.2, 4116.92
46730, 4116.92
46730, 4116.92
46730.1, 4117.95
46730.1, 4116.41
46761, 4114.87
46761, 4117.44
46761.1, 4117.95
46761.1, 4115.38
46792, 4113.85
46792.1, 4117.44
46792.1, 4119.49
46792.1, 4116.92
46823.8, 4117.44
46823.9, 4121.54
46824, 4118.46
46824, 4112.31
46854.9, 4113.85
46855, 4117.95
46855.1, 4115.9
46855.1, 4115.38
46886.2, 4116.92
46886.2, 4115.38
46886.3, 4116.41
46886.4, 4118.97
46917, 4118.97
46917.1, 4116.92
46917.1, 4116.41
46917.1, 4116.92
46949, 4113.85
46949.1, 4115.9
46949.1, 4118.97
46949.1, 4115.9
46980.2, 4116.41
46980.2, 4118.46
46980.3, 4116.41
46980.3, 4115.38
47010.9, 4116.92
47011, 4117.44
47011, 4116.41
47011, 4120.51
47042.2, 4123.59
47042.3, 4118.46
47042.4, 4112.82
47042.4, 4112.82
47074, 4113.85
47074.1, 4117.44
47074.2, 4117.44
47074.3, 4113.85
47105.2, 4117.44
47105.4, 4122.05
47105.5, 4120.51
47105.5, 4117.95
47135.8, 4117.44
47135.8, 4115.38
47135.9, 4115.38
47135.9, 4116.41
47167.9, 4116.41
47167.9, 4116.92
47168, 4117.44
47168, 4118.97
47199, 4118.46
47199.1, 4115.38
47199.1, 4115.38
47199.1, 4116.92
47230, 4113.33
47230.1, 4114.36
47230.1, 4117.44
47230.1, 4115.38
47260.9, 4116.41
47261, 4117.95
47261, 4115.38
47261.1, 4113.85
47293.1, 4115.38
47293.2, 4114.87
47293.2, 4113.85
47293.2, 4115.9
47324, 4116.92
47324.1, 4114.87
47324.2, 4117.95
47324.2, 4120.51
47354.8, 4117.95
47354.9, 4116.92
47354.9, 4116.41
47355, 4115.38
47386.8, 4116.92
47386.9, 4120
47386.9, 4117.44
47387, 4112.31
47417.8, 4114.87
47417.9, 4117.44
47417.9, 4117.44
47417.9, 4117.95
47448.8, 4116.41
47448.9, 4118.97
47449, 4123.59
47449, 4119.49
47479.9, 4116.92
47480, 4118.46
47480, 4116.92
47480.1, 4115.38
47512.3, 4116.41
47512.4, 4115.9
47512.5, 4114.87
47512.5, 4116.41
47543.1, 4114.87
47543.1, 4113.85
47543.2, 4117.95
47543.2, 4117.44
47574, 4114.36
47574.1, 4116.41
47574.2, 4116.41
47574.2, 4115.38
47604.9, 4116.92
47605, 4116.92
47605, 4117.44
47605.1, 4118.97
47636.9, 4117.95
47637, 4115.38
47637, 4115.38
47637, 4117.44
47667.9, 4116.92
47668, 4116.41
47668, 4115.38
47668.1, 4115.38
47699, 4116.92
47699, 4117.44
47699.1, 4117.44
47699.1, 4117.95
47730.9, 4116.92
47731, 4115.9
47731, 4114.87
47731.1, 4114.87
47761.9, 4117.95
47762, 4118.46
47762.1, 4116.92
47762.1, 4116.41
47793.1, 4117.44
47793.1, 4116.41
47793.2, 4112.82
47793.2, 4114.87
47823.9, 4118.46
47824, 4117.44
47824, 4116.41
47824.1, 4117.44
47855.7, 4116.92
47855.8, 4117.95
47855.8, 4117.95
47855.9, 4116.92
47886.8, 4116.92
47886.9, 4116.92
47887, 4118.46
47887, 4120
47918.2, 4118.97
47918.3, 4115.9
47918.4, 4117.95
47918.5, 4118.46
47950.1, 4115.38
47950.2, 4116.92
47950.2, 4118.97
47950.2, 4118.46
47980.9, 4119.49
47980.9, 4117.95
47981, 4116.92
47981, 4120
48012.1, 4119.49
48012.2, 4114.36
48012.2, 4112.82
48012.2, 4116.92
48043, 4117.44
48043.1, 4114.87
48043.1, 4117.95
48043.2, 4120
48075, 4118.46
48075.1, 4116.41
48075.2, 4115.9
48075.3, 4115.9
48105.9, 4114.36
48106, 4115.38
48106, 4117.95
48106.1, 4116.92
48137.5, 4115.9
48137.6, 4116.92
48137.7, 4117.95
48137.8, 4116.41
48167.8, 4115.9
48167.9, 4117.95
48168, 4118.97
48168, 4117.95
48199.9, 4116.41
48200, 4115.38
48200, 4116.92
48200.1, 4117.95
48231, 4116.41
48231.1, 4116.92
48231.1, 4115.38
48231.1, 4114.87
48262, 4118.97
48262, 4120
48262.1, 4119.49
48262.1, 4119.49
48293.9, 4121.03
48294, 4120
48294, 4116.92
48294, 4116.92
48324.9, 4116.92
48325, 4116.41
48325, 4114.87
48325, 4113.85
48356, 4114.87
48356.2, 4114.36
48356.2, 4114.36
48356.3, 4116.41
48386.8, 4113.85
48386.9, 4113.85
48386.9, 4117.44
48386.9, 4116.41
48418.8, 4114.36
48418.9, 4116.92
48418.9, 4118.97
48419, 4117.95
48449.9, 4116.92
48450, 4117.44
48450.1, 4116.41
48450.1, 4115.9
48481, 4114.87
48481.1, 4113.85
48481.1, 4116.41
48481.1, 4116.92
48512.8, 4114.36
48513, 4114.36
48513, 4115.38
48513.1, 4116.41
48544.4, 4116.92
48544.6, 4117.44
48544.7, 4116.92
48544.7, 4112.82
48574.8, 4111.28
48575, 4109.23
48575, 4103.08
48575.1, 4098.97
48606, 4098.97, estimuli
48606.1, 4102.56
48606.1, 4106.15
48606.2, 4105.64
48637.8, 4104.1
48637.9, 4105.13
48637.9, 4106.67
48638, 4108.72
48668.9, 4110.77
48668.9, 4108.72
48669, 4108.21
48669, 4112.82
48700.1, 4112.82
48700.2, 4110.77
48700.2, 4109.74
48700.2, 4105.13
48731.1, 4103.59
48731.2, 4109.23
48731.2, 4115.9
48731.2, 4125.13
48763.3, 4128.72
48763.4, 4118.46
48763.4, 4109.23
48763.5, 4108.21
48794.1, 4108.72
48794.2, 4112.82
48794.2, 4123.08
48794.3, 4132.31
48824.9, 4127.18
48825, 4118.97
48825, 4114.36
48825.1, 4107.69
48857, 4105.13
48857.1, 4112.82
48857.1, 4125.13
48857.2, 4128.72
48887.8, 4126.67
48887.9, 4123.59
48887.9, 4113.33
48888, 4104.62
48919, 4105.64
48919.1, 4113.33
48919.2, 4122.05
48919.2, 4128.21
48950, 4128.72
48950.1, 4124.1
48950.1, 4112.82
48950.2, 4102.56
48982.1, 4102.56
48982.2, 4112.31
48982.2, 4123.59
48982.3, 4127.69
49013, 4127.18
49013.1, 4121.03
49013.1, 4111.28
49013.1, 4104.1
49044.2, 4101.54
49044.3, 4110.26
49044.3, 4123.08
49044.4, 4126.67
49076.2, 4126.15
49076.3, 4124.62
49076.3, 4113.33
49076.4, 4102.05
49107.3, 4104.1
49107.4, 4112.82
49107.5, 4122.05
49107.5, 4127.18
49138, 4124.1
49138, 4116.92
49138.1, 4111.28
49138.1, 4105.64
49169.1, 4104.1
49169.2, 4114.87
49169.2, 4124.62
49169.3, 4128.72
49200.9, 4126.67
49201, 4119.49
49201, 4109.74
49201, 4103.08
49231.9, 4105.13
49232, 4110.26
49232, 4120
49232.1, 4130.77
49262.8, 4128.21
49262.9, 4120.51
49263, 4114.36
49263, 4106.67
49293.9, 4106.67
49294, 4114.36
49294, 4119.49
49294.1, 4125.64
49326.1, 4126.67
49326.2, 4118.97
49326.3, 4109.74
49326.3, 4106.15
49357, 4107.69
49357, 4112.31
49357.1, 4121.54
49357.1, 4128.72
49387.8, 4126.67
49387.9, 4118.46
49387.9, 4111.79
49388, 4108.21
49419.9, 4106.15
49419.9, 4114.36
49420, 4124.62
49420, 4126.67
49450.8, 4127.69
49450.9, 4122.56
49451, 4107.69
49451, 4102.56
49482, 4107.18
49482.1, 4112.31
49482.1, 4123.59
49482.1, 4132.31
49513, 4129.23
49513, 4119.49
49513.1, 4110.77
49513.1, 4105.13
49545, 4103.59
49545.1, 4112.31
49545.2, 4124.1
49545.2, 4128.72
49576.4, 4126.67
49576.6, 4120.51
49576.6, 4112.82
49576.6, 4107.18
49607.2, 4106.67
49607.6, 4112.82
49607.7, 4122.05
49607.7, 4129.23
49638.8, 4129.23
49638.9, 4121.54
49639, 4110.77
49639, 4104.62
49669.9, 4106.67
49670, 4113.85
49670, 4123.08
49670, 4131.79
49701, 4130.26
49701.1, 4120.51
49701.1, 4112.31
49701.2, 4111.79
49731.8, 4119.49
49731.9, 4118.46
49731.9, 4114.36
49732, 4116.92
49763.8, 4116.41
49763.9, 4116.41
49763.9, 4117.95
49764, 4117.44
49795.3, 4116.41
49795.4, 4115.9
49795.4, 4116.41
49795.5, 4117.95
49826.1, 4118.46
49826.2, 4118.46
49826.2, 4116.41
49826.2, 4117.44
49856.9, 4120.51
49857, 4117.95
49857, 4114.36
49857, 4115.9
49888.8, 4116.41
49888.9, 4115.38
49889, 4115.38
49889, 4116.41
49919.8, 4119.49
49919.9, 4120.51
49919.9, 4114.87
49920, 4112.31
49950.8, 4117.95
49950.9, 4117.44
49950.9, 4112.82
49950.9, 4115.38
49983, 4116.41
49983.1, 4117.44
49983.1, 4117.95
49983.2, 4117.44
50014, 4116.92
50014.1, 4115.9
50014.2, 4114.87
50014.2, 4116.41
50045.4, 4116.41
50045.4, 4116.41
50045.5, 4116.92
50045.5, 4116.41
50076.5, 4116.41
50076.7, 4114.36
50076.7, 4112.31
50076.8, 4113.33
50107.8, 4116.41
50107.9, 4115.9
50108, 4113.85
50108, 4115.38
50139.2, 4116.92
50139.3, 4116.41
50139.3, 4117.95
50139.3, 4117.44
50170.1, 4116.41
50170.2, 4116.41
50170.3, 4114.36
50170.4, 4112.82
50202.3, 4114.87
50202.4, 4119.49
50202.5, 4118.46
50202.6, 4115.38
50232.8, 4118.46
50232.9, 4119.49
50232.9, 4116.41
50232.9, 4115.38
50263.8, 4114.87
50263.9, 4116.92
50263.9, 4117.44
50264, 4116.92
50294.9, 4119.49
50295, 4118.46
50295, 4115.9
50295, 4120
50326.9, 4122.56
50327, 4117.95
50327, 4113.33
50327, 4118.97
50357.8, 4125.64
50357.9, 4123.59
50357.9, 4116.92
50358, 4116.41
50388.9, 4119.49
50388.9, 4116.41
50389, 4113.85
50389, 4118.97
50420.4, 4120.51
50420.5, 4120.51
50420.5, 4119.49
50420.5, 4116.92
50451.9, 4118.46
50452, 4122.56
50452, 4121.03
50452.1, 4115.38
50483.1, 4113.33
50483.2, 4116.92
50483.2, 4119.49
50483.2, 4119.49
50513.9, 4116.41
50514, 4114.36
50514, 4118.46
50514.1, 4119.49
50546.1, 4116.92
50546.2, 4117.44
50546.2, 4116.92
50546.2, 4116.41
50577.1, 4115.38
50577.2, 4114.87
50577.2, 4117.44
50577.2, 4118.97
50607.9, 4116.41
50608, 4117.44
50608, 4117.44
50608.1, 4116.41
50638.8, 4117.44
50638.9, 4117.44
50638.9, 4113.85
50639, 4115.38
50671, 4118.97
50671.1, 4115.38
50671.1, 4114.36
50671.1, 4117.44
50701.9, 4116.92
50702, 4116.41
50702, 4115.38
50702.1, 4114.36
50733, 4117.44
50733, 4118.46
50733.1, 4117.44
50733.1, 4119.49
50765, 4118.97
50765.1, 4116.41
50765.2, 4116.92
50765.2, 4118.46
50796, 4118.97
50796.1, 4118.97
50796.1, 4118.97
50796.1, 4115.9
50827.1, 4114.87
50827.2, 4115.9
50827.2, 4116.41
50827.2, 4118.46
50857.9, 4116.41
50858, 4114.87
50858, 4115.9
50858, 4116.92
50889.9, 4119.49
50890, 4120
50890, 4116.41
50890.1, 4115.38
50920.8, 4116.41
50920.9, 4117.44
50920.9, 4117.95
50921, 4118.46
50951.8, 4117.44
50951.9, 4118.97
50951.9, 4121.03
50952, 4116.92
50982.9, 4115.38
50982.9, 4118.97
50983, 4117.44
50983, 4114.87
51015.1, 4115.38
51015.1, 4116.41
51015.2, 4116.92
51015.2, 4115.9
51046.1, 4115.9
51046.2, 4118.46
51046.3, 4117.95
51046.3, 4118.46
51077.1, 4118.46
51077.2, 4117.95
51077.2, 4118.97
51077.3, 4118.46
51109.2, 4115.9
51109.2, 4114.87
51109.3, 4117.44
51109.3, 4117.95
51139.8, 4114.36
51139.9, 4115.38
51140, 4120
51140, 4120
51171.3, 4116.41
51171.4, 4115.9
51171.4, 4117.44
51171.5, 4115.9
51201.9, 4115.38
51201.9, 4120
51202, 4121.03
51202, 4117.95
51233.9, 4116.92
51234, 4117.44
51234, 4116.41
51234, 4115.38
51265, 4116.41
51265.2, 4115.9
51265.3, 4114.87
51265.3, 4118.97
51296.1, 4121.54
51296.2, 4118.46
51296.2, 4118.46
51296.3, 4118.97
51328.1, 4117.44
51328.2, 4114.87
51328.2, 4112.82
51328.2, 4117.44
51359, 4120
51359.1, 4117.95
51359.1, 4116.41
51359.1, 4118.97
51389.9, 4118.97
51390, 4115.38
51390, 4115.9
51390, 4118.97
51421.1, 4116.92
51421.2, 4117.44
51421.3, 4123.08
51421.4, 4123.59
51453.5, 4117.44
51453.6, 4114.87
51453.8, 4118.97
51453.9, 4118.46
51484.2, 4114.87
51484.4, 4114.87
51484.4, 4115.9
51484.4, 4117.44
51514.7, 4117.95
51514.8, 4115.9
51514.9, 4117.44
51514.9, 4121.03
51545.8, 4121.03
51545.8, 4118.97
51545.9, 4118.97
51545.9, 4118.97
51578, 4114.87
51578, 4114.36
51578.1, 4118.97
51578.1, 4120
51608.9, 4116.92
51609, 4115.38
51609, 4117.44
51609.1, 4118.46
51640, 4118.46
51640.1, 4120
51640.1, 4117.95
51640.2, 4116.92
51672.3, 4119.49
51672.5, 4119.49
51672.6, 4115.9
51672.6, 4114.36
51703, 4116.41, estimuli
51703, 4117.95
51703.1, 4117.44
51703.1, 4117.95
51733.8, 4115.9
51733.9, 4115.9
51733.9, 4122.05
51733.9, 4121.03
51765, 4114.36
51765.1, 4114.36
51765.1, 4119.49
51765.1, 4116.92
51797.1, 4111.28
51797.2, 4115.9
51797.2, 4120
51797.2, 4112.31
51827.9, 4106.15
51828, 4114.36
51828, 4128.72
51828.1, 4133.33
51859.1, 4127.69
51859.2, 4120.51
51859.2, 4113.33
51859.3, 4105.13
51891.3, 4104.1
51891.4, 4114.87
51891.4, 4126.67
51891.5, 4128.72
51921.9, 4126.67
51922, 4123.59
51922, 4113.33
51922, 4105.13
51952.9, 4108.21
51953, 4113.85
51953, 4121.54
51953.1, 4130.26
51983.9, 4130.26
51984, 4120.51
51984, 4112.82
51984, 4108.72
52015.8, 4105.64
52015.9, 4113.85
52015.9, 4127.69
52015.9, 4130.77
52047.1, 4126.67
52047.1, 4119.49
52047.2, 4110.77
52047.2, 4105.13
52078, 4104.62
52078.1, 4113.85
52078.1, 4125.64
52078.2, 4129.74
52109.3, 4126.15
52109.4, 4117.44
52109.4, 4108.72
52109.5, 4106.15
52140.9, 4109.23
52141, 4117.44
52141.2, 4127.18
52141.2, 4133.33
52171.8, 4129.74
52172, 4118.46
52172, 4107.69
52172.1, 4104.1
52203.1, 4109.23
52203.2, 4117.95
52203.2, 4126.15
52203.2, 4132.31
52234.9, 4129.23
52235, 4120.51
52235, 4112.31
52235.1, 4105.13
52265.9, 4106.67
52266, 4115.9
52266, 4126.67
52266, 4132.82
52297.3, 4128.21
52297.4, 4121.54
52297.4, 4113.33
52297.4, 4106.15
52328.1, 4107.69
52328.2, 4116.41
52328.2, 4125.64
52328.2, 4131.28
52360, 4129.74
52360.1, 4122.56
52360.1, 4113.33
52360.2, 4107.69
52390.8, 4108.21
52390.9, 4117.44
52391, 4128.72
52391, 4131.28
52421.8, 4127.18
52421.9, 4121.03
52422, 4110.77
52422, 4101.03
52453.8, 4106.15
52453.9, 4122.56
52453.9, 4131.28
52453.9, 4130.26
52484.9, 4128.72
52485, 4122.05
52485.1, 4108.72
52485.1, 4105.13
52516.1, 4109.74
52516.2, 4118.97
52516.2, 4129.23
52516.2, 4132.31
52546.8, 4128.72
52546.9, 4118.97
52546.9, 4109.23
52546.9, 4105.64
52579, 4109.23
52579.1, 4117.95
52579.1, 4126.67
52579.2, 4132.31
52610, 4130.26
52610.1, 4119.49
52610.1, 4108.21
52610.1, 4105.13
52641, 4109.74
52641, 4117.95
52641.1, 4124.1
52641.1, 4128.21
52672, 4128.72
52672, 4118.46
52672.1, 4107.69
52672.1, 4105.64
52704.5, 4109.23
52704.6, 4115.9
52704.7, 4125.13
52704.9, 4131.28
52735.1, 4126.15
52735.2, 4120
52735.2, 4112.31
52735.3, 4104.62
52765.8, 4107.18
52765.9, 4116.92
52765.9, 4127.69
52765.9, 4133.33
52798, 4128.72
52798.1, 4118.46
52798.2, 4112.31
52798.2, 4113.85
52829, 4114.87
52829.1, 4116.41
52829.1, 4118.46
52829.1, 4116.92
52859.9, 4114.87
52860, 4119.49
52860, 4120.51
52860, 4117.95
52890.8, 4120.51
52890.9, 4124.62
52891, 4122.56
52891, 4115.9
52922.9, 4116.92
52923, 4122.56
52923, 4120.51
52923, 4117.44
52953.8, 4120.51
52953.9, 4123.08
52953.9, 4116.92
52954, 4113.33
52984.8, 4117.44
52984.9, 4120.51
52984.9, 4120.51
52985, 4117.95
53016.8, 4114.36
53016.9, 4119.49
53016.9, 4123.59
53017, 4118.97
53048, 4114.36
53048, 4114.87
53048.1, 4117.44
53048.1, 4116.41
53079.2, 4116.41
53079.3, 4120.51
53079.4, 4120.51
53079.4, 4118.97
53110, 4120
53110.1, 4121.54
53110.1, 4122.56
53110.1, 4119.49
53142.2, 4116.41
53142.3, 4120.51
53142.4, 4123.08
53142.4, 4116.92
53172.9, 4111.79
53173, 4115.9
53173, 4116.92
53173.1, 4113.33
53203.8, 4117.44
53203.9, 4123.08
53203.9, 4120.51
53203.9, 4113.33
53235.1, 4114.36
53235.2, 4117.44
53235.2, 4115.9
53235.3, 4116.41
53266.9, 4118.97
53267, 4118.46
53267, 4118.97
53267.1, 4118.46
53297.9, 4116.41
53298, 4117.95
53298, 4117.95
53298, 4115.9
53329.1, 4117.44
53329.2, 4116.41
53329.2, 4116.41
53329.2, 4121.03
53361.2, 4122.05
53361.3, 4117.95
53361.3, 4117.44
53361.4, 4121.03
53391.8, 4121.03
53391.9, 4120
53391.9, 4120
53392, 4120.51
53422.9, 4126.15
53422.9, 4123.59
53423, 4116.92
53423, 4119.49
53453.9, 4121.03
53454, 4119.49
53454, 4120
53454, 4118.97
53485.9, 4118.97
53486, 4124.1
53486, 4125.13
53486, 4118.97
53516.9, 4116.41
53516.9, 4119.49
53517, 4120
53517, 4117.95
53548.2, 4117.44
53548.3, 4120.51
53548.4, 4121.54
53548.4, 4114.87
53580.1, 4114.36
53580.1, 4122.56
53580.2, 4122.05
53580.2, 4116.92
53610.9, 4118.97
53611, 4123.08
53611.1, 4122.56
53611.1, 4117.44
53641.8, 4114.87
53642, 4116.92
53642, 4119.49
53642, 4118.97
53672.9, 4118.46
53672.9, 4120
53673, 4118.97
53673, 4116.92
53704.9, 4118.46
53705, 4119.49
53705, 4118.46
53705, 4114.87
53736, 4117.44
53736.2, 4121.54
53736.2, 4117.44
53736.3, 4116.41
53767.1, 4118.46
53767.2, 4116.92
53767.2, 4115.38
53767.2, 4114.87
53797.8, 4114.36
53797.9, 4118.46
53797.9, 4120
53798, 4115.38
53830, 4113.85
53830, 4116.92
53830.1, 4117.95
53830.1, 4115.38
53861, 4117.95
53861.1, 4120
53861.1, 4117.44
53861.1, 4116.41
53892, 4116.92
53892.2, 4116.41
53892.2, 4117.44
53892.2, 4119.49
53923.8, 4118.46
53923.9, 4114.87
53924, 4115.9
53924, 4117.95
53955.3, 4115.9
53955.5, 4114.36
53955.5, 4114.87
53955.6, 4115.9
53985.8, 4115.9
53985.9, 4116.41
53985.9, 4117.95
53985.9, 4116.92
54016.9, 4116.92
54017, 4121.03
54017, 4120
54017, 4116.92
54049, 4115.38
54049.1, 4114.87
54049.1, 4118.97
54049.1, 4121.03
54080.2, 4120
54080.3, 4117.95
54080.3, 4116.41
54080.3, 4117.95
54110.9, 4119.49
54111, 4118.97
54111, 4116.92
54111, 4115.38
54142.9, 4119.49
54143, 4125.13
54143.1, 4122.05
54143.1, 4117.44
54174.4, 4121.54
54174.5, 4124.62
54174.6, 4115.9
54174.6, 4111.28
54204.8, 4120
54204.9, 4122.05
54204.9, 4116.92
54205, 4117.44
54235.7, 4120.51
54235.8, 4121.03
54235.9, 4121.54
54235.9, 4121.54
54268.1, 4120
54268.1, 4120.51
54268.2, 4122.05
54268.2, 4119.49
54298.8, 4118.46
54298.9, 4119.49
54298.9, 4121.03
54298.9, 4118.97
54329.8, 4115.38
54329.8, 4116.92
54329.9, 4117.44
54329.9, 4114.36
54362.2, 4117.44
54362.3, 4122.56
54362.4, 4121.03
54362.4, 4115.9
54393.1, 4116.92
54393.2, 4120
54393.2, 4115.9
54393.2, 4112.82
54424, 4117.95
54424, 4120
54424.1, 4119.49
54424.1, 4115.9
54454.9, 4114.36
54455, 4117.95
54455, 4117.95
54455.1, 4115.9
54486.9, 4117.95
54486.9, 4119.49
54487, 4117.44
54487, 4114.87
54517.8, 4116.41
54517.9, 4116.92
54517.9, 4115.9
54518, 4120
54549, 4121.54
54549, 4118.46
54549.1, 4117.95
54549.1, 4116.92
54580.2, 4115.38
54580.4, 4118.46
54580.4, 4118.46
54580.5, 4115.38
54612.2, 4116.41
54612.4, 4117.95
54612.4, 4115.38
54612.5, 4114.36
54643.3, 4116.92
54643.4, 4121.03
54643.5, 4118.97
54643.5, 4111.28
54674.5, 4111.79
54674.6, 4118.46
54674.6, 4118.97
54674.7, 4118.46
54706.2, 4118.46
54706.3, 4116.41
54706.4, 4115.9
54706.4, 4117.95
54737, 4118.46
54737.1, 4115.38
54737.2, 4114.87
54737.2, 4118.46
54768.2, 4116.41
54768.4, 4114.36
54768.4, 4116.41
54768.5, 4115.38
54799.2, 4115.38
54799.3, 4117.44
54799.4, 4116.41
54799.5, 4114.87
54831.1, 4118.97
54831.2, 4120.51
54831.3, 4116.41
54831.3, 4115.38
54862.3, 4118.97
54862.4, 4118.46
54862.5, 4115.9
54862.6, 4115.38
54893.2, 4115.9
54893.3, 4118.46
54893.4, 4116.92
54893.4, 4114.36
54925.3, 4115.9
54925.4, 4117.44
54925.5, 4116.92
54925.5, 4115.38
54956.4, 4115.38
54956.5, 4117.95
54956.5, 4120.51
54956.5, 4119.49
54987.2, 4117.44
54987.4, 4117.95
54987.5, 4118.46
54987.5, 4116.41
55018.2, 4115.9
55018.4, 4117.44
55018.4, 4118.97
55018.5, 4117.44
55050.1, 4116.92
55050.3, 4117.44
55050.3, 4114.87
55050.4, 4114.36
55081.2, 4118.46
55081.3, 4116.92
55081.4, 4116.92
55081.4, 4121.54
55112.1, 4120.51
55112.2, 4119.49
55112.2, 4121.03
55112.3, 4119.49
55143.4, 4116.92
55143.6, 4116.41
55143.6, 4118.46
55143.7, 4118.46
55175.1, 4117.44
55175.2, 4117.44
55175.3, 4115.38
55175.5, 4115.38
55206.5, 4119.49
55206.7, 4120.51
55206.7, 4120
55206.8, 4120
55237.2, 4119.49
55237.4, 4117.95
55237.4, 4116.92
55237.5, 4116.92
55269, 4117.44
55269.1, 4117.95
55269.2, 4115.9
55269.2, 4115.38
55300.3, 4116.92
55300.4, 4116.41
55300.5, 4116.92
55300.5, 4116.41
55330.9, 4115.9
55331.1, 4120.51
55331.1, 4122.05
55331.2, 4118.46
55362.1, 4115.9
55362.2, 4115.9
55362.2, 4116.41
55362.3, 4116.41
55394.3, 4116.92
55394.4, 4117.95
55394.5, 4116.92
55394.6, 4117.44
55425.3, 4119.49
55425.4, 4119.49
55425.5, 4117.95
55425.5, 4115.38
55456.3, 4116.41, estimuli
55456.4, 4120.51
55456.4, 4119.49
55456.5, 4116.41
55488.1, 4117.95
55488.3, 4120
55488.3, 4115.9
55488.4, 4113.85
55518.8, 4116.41
55518.9, 4116.41
55519, 4115.38
55519, 4115.9
55549.8, 4115.9
55549.9, 4118.46
55549.9, 4116.92
55549.9, 4110.77
55580.9, 4107.69
55581, 4112.31
55581, 4125.13
55581.1, 4130.77
55612.9, 4126.67
55613, 4121.54
55613, 4113.85
55613, 4108.21
55644.4, 4108.21
55644.5, 4112.31
55644.5, 4123.08
55644.6, 4133.33
55674.9, 4129.74
55675, 4119.49
55675, 4111.79
55675.1, 4106.15
55705.8, 4105.13
55705.9, 4111.79
55706, 4123.08
55706, 4128.72
55738, 4128.21
55738.1, 4123.08
55738.1, 4114.87
55738.1, 4106.15
55768.9, 4104.62
55768.9, 4114.36
55769, 4123.08
55769, 4128.21
55800.2, 4130.26
55800.3, 4123.59
55800.4, 4113.85
55800.4, 4108.21
55832.4, 4107.18
55832.6, 4111.79
55832.7, 4124.1
55832.7, 4134.36
55862.9, 4129.74
55863, 4120
55863, 4116.41
55863, 4110.77
55893.9, 4106.15
55894, 4114.36
55894, 4126.67
55894.1, 4131.28
55924.8, 4128.21
55924.9, 4120.51
55924.9, 4110.77
55924.9, 4103.08
55956.9, 4105.64
55957, 4115.9
55957, 4124.62
55957, 4129.23
55987.9, 4131.79
55988, 4126.67
55988, 4110.26
55988, 4102.56
56019, 4108.21
56019, 4114.36
56019.1, 4122.05
56019.1, 4130.26
56051.1, 4130.77
56051.2, 4124.1
56051.2, 4113.85
56051.2, 4107.69
56082, 4107.69
56082.1, 4113.85
56082.1, 4124.1
56082.2, 4131.28
56113.1, 4131.79
56113.1, 4126.15
56113.2, 4112.82
56113.2, 4103.59
56144.1, 4106.15
56144.2, 4113.33
56144.2, 4122.05
56144.2, 4131.79
56176.1, 4132.82
56176.2, 4122.05
56176.2, 4111.28
56176.3, 4108.72
56207, 4108.72
56207.1, 4114.87
56207.1, 4124.1
56207.1, 4128.72
56237.9, 4128.72
56238, 4122.56
56238, 4113.85
56238.1, 4106.67
56269.1, 4106.67
56269.2, 4116.92
56269.2, 4127.69
56269.2, 4131.79
56300.8, 4130.26
56300.9, 4125.13
56300.9, 4115.38
56300.9, 4106.15
56332, 4108.21
56332.1, 4118.97
56332.1, 4126.15
56332.2, 4128.72
56362.9, 4128.72
56362.9, 4120.51
56363, 4110.26
56363, 4106.15
56395.1, 4108.21
56395.1, 4114.36
56395.2, 4125.13
56395.2, 4132.82
56426.1, 4129.23
56426.2, 4122.56
56426.2, 4114.87
56426.2, 4110.26
56457.2, 4112.82
56457.4, 4118.46
56457.5, 4127.18
56457.5, 4132.82
56487.8, 4131.28
56487.9, 4124.1
56487.9, 4113.85
56487.9, 4107.69
56519.8, 4108.72
56519.9, 4115.38
56520, 4124.1
56520, 4130.77
56551, 4130.77
56551, 4122.05
56551.1, 4113.85
56551.1, 4115.9
56581.9, 4117.95
56582, 4114.87
56582, 4115.9
56582, 4117.44
56614.1, 4115.9
56614.1, 4117.44
56614.2, 4118.97
56614.2, 4117.44
56645.1, 4115.38
56645.2, 4116.92
56645.2, 4118.97
56645.2, 4116.92
56676.3, 4119.49
56676.4, 4120.51
56676.5, 4117.44
56676.5, 4118.46
56706.9, 4121.54
56707, 4117.44
56707, 4113.33
56707, 4118.46
56738.7, 4120.51
56738.8, 4114.36
56738.8, 4114.36
56738.9, 4120
56769.9, 4120
56770, 4118.46
56770, 4117.95
56770, 4117.44
56800.9, 4117.44
56800.9, 4117.95
56801, 4117.95
56801, 4115.38
56833, 4116.92
56833.1, 4120.51
56833.1, 4120.51
56833.2, 4118.46
56864.2, 4116.92
56864.4, 4117.95
56864.4, 4120.51
56864.4, 4120.51
56895.2, 4118.97
56895.3, 4119.49
56895.5, 4120
56895.5, 4116.41
56926.2, 4113.33
56926.3, 4118.46
56926.3, 4122.56
56926.4, 4119.49
56957.9, 4119.49
56958, 4119.49
56958, 4117.95
56958.1, 4118.97
56988.9, 4120.51
56989, 4115.38
56989, 4112.82
56989, 4117.44
57019.9, 4118.46
57020, 4116.41
57020, 4115.38
57020, 4115.9
57050.9, 4119.49
57051, 4117.95
57051, 4115.9
57051, 4118.97
57083.3, 4117.44
57083.4, 4116.92
57083.5, 4122.05
57083.5, 4120.51
57114, 4116.92
57114.1, 4116.41
57114.1, 4114.87
57114.1, 4115.38
57145, 4116.92
57145.1, 4118.46
57145.1, 4118.97
57145.1, 4116.92
57177.1, 4115.9
57177.2, 4117.44
57177.2, 4117.95
57177.2, 4116.41
57207.9, 4118.46
57208, 4118.97
57208, 4115.38
57208, 4115.38
57239.1, 4115.38
57239.2, 4114.87
57239.2, 4118.46
57239.2, 4118.97
57270.1, 4117.44
57270.2, 4116.41
57270.2, 4112.82
57270.2, 4106.15
57301.9, 4101.54
57302, 4102.56
57302, 4105.13
57302, 4102.56
57333, 4102.56
57333.1, 4108.21
57333.2, 4111.28
57333.2, 4109.74
57363.9, 4108.72
57364, 4110.26
57364.1, 4110.77
57364.1, 4109.23
57395, 4109.23
57395.1, 4109.23
57395.1, 4110.77
57395.1, 4112.82
57427, 4111.28
57427.1, 4111.28
57427.1, 4111.79
57427.1, 4113.33
57458.1, 4113.85
57458.2, 4112.31
57458.2, 4112.31
57458.3, 4114.36
57489.1, 4114.87
57489.2, 4112.31
57489.2, 4110.26
57489.3, 4112.31
57521.3, 4112.82
57521.4, 4112.31
57521.5, 4113.85
57521.5, 4113.33
57551.9, 4112.82
57552, 4111.79
57552, 4112.31
57552, 4120
57583, 4124.1
57583.1, 4118.46
57583.1, 4113.85
57583.1, 4116.41
57614, 4116.92
57614, 4112.82
57614.1, 4114.36
57614.1, 4118.46
57646.1, 4116.92
57646.2, 4115.38
57646.2, 4115.38
57646.2, 4113.33
57677.1, 4112.31
57677.2, 4115.9
57677.2, 4116.41
57677.2, 4114.36
57708.4, 4117.44
57708.5, 4118.97
57708.6, 4116.41
57708.6, 4117.95
57739.8, 4118.97
57739.9, 4115.9
57739.9, 4115.38
57739.9, 4117.44
57770.9, 4118.46
57771, 4116.41
57771, 4115.38
57771.1, 4115.9
57802, 4114.36
57802.1, 4111.79
57802.1, 4113.33
57802.1, 4116.92
57832.9, 4119.49
57833, 4116.41
57833, 4113.85
57833.1, 4116.41
57865.1, 4117.44
57865.2, 4119.49
57865.2, 4120
57865.2, 4118.46
57896.1, 4117.95
57896.2, 4117.95
57896.2, 4115.38
57896.2, 4113.33
57927.5, 4114.87
57927.6, 4116.92
57927.7, 4117.44
57927.8, 4118.46
57958.1, 4116.92
57958.2, 4115.38
57958.3, 4117.95
57958.3, 4118.97
57989.9, 4116.92
57990, 4116.92
57990, 4118.46
57990.1, 4116.41
58020.9, 4113.33
58020.9, 4116.41
58021, 4117.95
58021, 4114.87
58051.9, 4116.92
58052, 4118.97
58052, 4116.41
58052, 4114.36
58083.9, 4111.79
58084, 4107.69
58084, 4104.62
58084.1, 4103.08
58115.1, 4103.08
58115.2, 4103.59
58115.2, 4106.15
58115.3, 4107.69
58146.1, 4107.69
58146.2, 4108.21
58146.3, 4108.21
58146.3, 4110.26
58177.2, 4111.28
58177.3, 4112.82
58177.3, 4116.41
58177.3, 4115.9
58209, 4111.79
58209.1, 4109.74
58209.2, 4109.74
58209.2, 4112.82
58240, 4113.85
58240.1, 4112.31
58240.1, 4111.79
58240.1, 4114.87
58270.8, 4120
58270.9, 4118.46
58271, 4116.92
58271, 4118.46
58302.8, 4117.44
58302.9, 4118.46
58302.9, 4122.05
58303, 4120
58334.1, 4116.41
58334.2, 4117.44
58334.2, 4120
58334.2, 4118.46
58364.8, 4115.38
58364.9, 4115.38
58365, 4116.41
58365, 4116.92
58396, 4115.9
58396, 4116.41
58396.1, 4117.95
58396.1, 4114.36
58427.8, 4115.9
58427.9, 4124.1
58427.9, 4122.56
58428, 4118.46
58459, 4122.56
58459.1, 4122.56
58459.1, 4119.49
58459.2, 4120.51
58490.1, 4119.49
58490.2, 4115.9
58490.3, 4118.46
58490.3, 4120
58522, 4117.44
58522.1, 4117.44
58522.1, 4116.92
58522.2, 4116.92
58553.3, 4118.97
58553.4, 4118.46
58553.5, 4118.46
58553.6, 4121.03
58584.2, 4123.08
58584.3, 4119.49
58584.4, 4114.36
58584.4, 4116.41
58615.2, 4120
58615.3, 4116.92
58615.3, 4117.44
58615.4, 4123.08
58647.1, 4124.62
58647.2, 4117.44
58647.2, 4114.36
58647.3, 4119.49
58678.1, 4121.03
58678.2, 4116.92
58678.3, 4118.97
58678.4, 4121.03
58709.1, 4118.97
58709.2, 4120
58709.2, 4121.54
58709.3, 4121.03
58739.9, 4124.1
58740, 4127.18
58740.1, 4120.51
58740.1, 4115.9
58772.1, 4121.03
58772.2, 4122.05
58772.2, 4119.49
58772.2, 4120.51
58802.9, 4121.03
58803, 4118.46
58803, 4116.41
58803, 4117.95
58833.8, 4119.49
58834, 4119.49
58834, 4122.05
58834.1, 4123.08
58866, 4123.59
58866.1, 4120
58866.1, 4114.36
58866.2, 4115.9
58897.2, 4120.51
58897.3, 4116.92
58897.4, 4115.9
58897.4, 4121.54
58927.9, 4123.08
58928, 4116.41
58928, 4113.85
58928, 4121.03
58959.1, 4122.56
58959.2, 4118.46
58959.3, 4118.97
58959.3, 4121.54
58991.3, 4118.46
58991.5, 4113.33
58991.5, 4117.44
58991.6, 4122.56
59021.9, 4122.56
59022, 4123.59
59022, 4123.59
59022, 4120.51
59053.1, 4118.46
59053.2, 4116.41
59053.3, 4118.46
59053.3, 4120.51
59084.9, 4120.51
59085, 4117.44
59085, 4115.38
59085.1, 4118.97
59116, 4122.56
59116.1, 4121.54
59116.1, 4121.03
59116.2, 4122.05
59147, 4122.56
59147.1, 4122.05
59147.2, 4121.54
59147.2, 4119.49
59178.4, 4116.92
59178.5, 4118.46
59178.5, 4121.54
59178.6, 4120.51
59210, 4120
59210, 4118.46
59210.1, 4117.95
59210.1, 4120
59241, 4119.49
59241, 4116.41
59241.1, 4115.38
59241.1, 4118.97
59272.1, 4120
59272.2, 4118.97
59272.2, 4122.05
59272.2, 4118.97
59302.9, 4117.95
59302.9, 4121.03
59303, 4118.97
59303, 4116.41
59335, 4117.44
59335, 4116.41
59335.1, 4113.33
59335.1, 4114.87
59366.1, 4120
59366.1, 4119.49
59366.2, 4109.23
59366.2, 4104.1
59397, 4106.67, estimuli
59397.1, 4103.59
59397.2, 4100
59397.2, 4095.38
59429.1, 4078.46
59429.2, 4065.13
59429.2, 4073.85
59429.2, 4081.54
59460, 4077.44
59460.1, 4079.49
59460.2, 4085.13
59460.2, 4086.15
59490.8, 4087.69
59490.9, 4091.79
59490.9, 4094.36
59490.9, 4093.33
59521.9, 4097.95
59522, 4114.87
59522, 4128.72
59522, 4131.28
59553.9, 4126.15
59553.9, 4118.46
59554, 4109.23
59554, 4102.56
59585.2, 4105.64
59585.3, 4110.77
59585.3, 4114.87
59585.4, 4122.56
59616, 4125.13
59616.1, 4115.9
59616.1, 4104.62
59616.2, 4099.49
59647.8, 4100
59647.9, 4105.64
59647.9, 4117.95
59647.9, 4126.67
59679, 4121.54
59679.1, 4114.36
59679.1, 4109.23
59679.1, 4102.56
59710.2, 4101.03
59710.3, 4107.69
59710.3, 4118.97
59710.4, 4127.18
59740.8, 4125.64
59740.8, 4116.41
59740.9, 4107.69
59740.9, 4103.08
59772.8, 4102.56
59772.9, 4108.72
59772.9, 4118.97
59773, 4128.21
59803.9, 4129.23
59804, 4117.44
59804, 4106.67
59804, 4106.15
59834.9, 4104.1
59835, 4108.72
59835, 4123.08
59835, 4130.26
59865.9, 4129.23
59866, 4120
59866, 4105.13
59866.1, 4098.97
59898, 4105.13
59898, 4113.85
59898.1, 4122.56
59898.1, 4128.21
59929.2, 4125.64
59929.3, 4117.44
59929.4, 4109.23
59929.4, 4102.05
59959.8, 4104.62
59959.9, 4116.41
59959.9, 4122.56
59960, 4125.64
59991.9, 4128.21
59992, 4119.49
59992, 4107.18
59992.1, 4103.59
60022.9, 4106.67
60022.9, 4113.33
60023, 4125.13
60023, 4130.77
60053.9, 4124.62
60054, 4118.97
60054, 4113.33
60054.1, 4107.18
60084.8, 4107.18
60084.9, 4112.31
60084.9, 4120.51
60085, 4127.69
60116.7, 4125.64
60116.8, 4117.44
60116.8, 4108.72
60116.9, 4100.51
60148.1, 4101.54
60148.2, 4112.31
60148.2, 4125.13
60148.3, 4129.23
60179, 4123.08
60179.1, 4116.41
60179.1, 4109.74
60179.1, 4103.08
60211.3, 4105.13
60211.4, 4113.85
60211.5, 4122.56
60211.6, 4129.74
60242.1, 4132.31
60242.2, 4124.1
60242.3, 4110.26
60242.3, 4104.62
60272.8, 4107.18
60273, 4113.85
60273, 4122.56
60273.1, 4130.26
60304, 4128.72
60304, 4117.44
60304.1, 4108.72
60304.1, 4106.67
60336, 4106.15
60336, 4114.36
60336.1, 4127.18
60336.1, 4130.26
60367, 4129.23
60367.1, 4124.1
60367.1, 4112.82
60367.2, 4106.15
60398.2, 4109.74
60398.3, 4118.97
60398.3, 4126.15
60398.4, 4132.82
60429.2, 4133.33
60429.3, 4123.08
60429.4, 4111.28
60429.5, 4108.72
60461.3, 4109.74
60461.4, 4113.85
60461.4, 4125.13
60461.4, 4135.38
60491.9, 4130.26
60492, 4116.41
60492.1, 4111.28
60492.1, 4114.87
60522.8, 4118.46
60522.9, 4114.87
60523, 4114.36
60523, 4117.95
60554.8, 4117.44
60554.8, 4116.92
60554.9, 4117.44
60554.9, 4116.92
60585.9, 4114.36
60586, 4114.87
60586, 4117.44
60586.1, 4116.41
60617.1, 4115.38
60617.2, 4117.44
60617.2, 4115.9
60617.3, 4115.38
60647.8, 4122.05
60647.9, 4122.05
60647.9, 4119.49
60647.9, 4120.51
60680.1, 4118.97
60680.2, 4118.46
60680.2, 4120
60680.2, 4118.97
60711, 4116.41
60711, 4117.44
60711.1, 4118.46
60711.1, 4115.9
60741.8, 4116.92
60742, 4122.05
60742, 4121.03
60742, 4118.46
60774, 4120
60774.1, 4123.59
60774.1, 4118.97
60774.1, 4114.36
60804.9, 4116.92
60805, 4118.46
60805, 4120
60805, 4120.51
60836.2, 4121.03
60836.2, 4117.95
60836.3, 4114.87
60836.3, 4120.51
60867, 4126.67
60867.1, 4121.54
60867.1, 4117.95
60867.1, 4123.08
60898.9, 4121.54
60899, 4118.46
60899.1, 4120.51
60899.1, 4122.56
60930, 4121.54
60930, 4117.95
60930.1, 4117.95
60930.1, 4118.46
60961.1, 4119.49
60961.2, 4119.49
60961.3, 4120
60961.3, 4118.97
60991.9, 4115.38
60992, 4114.87
60992, 4114.87
60992, 4115.38
61024, 4116.92
61024.1, 4116.92
61024.1, 4117.95
61024.2, 4117.95
61054.8, 4117.44
61054.9, 4117.95
61054.9, 4116.92
61055, 4115.9
61085.8, 4119.49
61085.9, 4117.95
61086, 4115.38
61086, 4120
61117.8, 4121.54
61117.9, 4116.41
61117.9, 4114.87
61118, 4116.92
61149, 4116.92
61149, 4118.97
61149.1, 4120
61149.1, 4115.9
61180, 4116.92
61180.1, 4119.49
61180.1, 4115.38
61180.1, 4115.9
61211, 4118.97
61211, 4115.9
61211.1, 4113.85
61211.1, 4115.9
61243.3, 4117.44
61243.5, 4116.92
61243.5, 4115.9
61243.6, 4116.41
61273.8, 4117.95
61273.9, 4117.95
61273.9, 4114.87
61274, 4115.9
61304.8, 4118.46
61304.9, 4115.38
61304.9, 4114.87
61305, 4115.9
61337, 4115.38
61337, 4118.46
61337.1, 4117.95
61337.1, 4114.87
61367.8, 4118.46
61367.9, 4122.05
61367.9, 4121.03
61368, 4117.44
61399.1, 4116.41
61399.2, 4117.44
61399.2, 4115.9
61399.2, 4114.87
61430, 4115.9
61430.1, 4114.36
61430.1, 4115.9
61430.1, 4121.03
61462.2, 4121.54
61462.4, 4115.9
61462.4, 4115.38
61462.5, 4120.51
61493.5, 4118.97
61493.6, 4117.95
61493.6, 4121.54
61493.7, 4124.1
61523.9, 4125.13
61524, 4122.05
61524, 4118.97
61524, 4118.46
61554.8, 4119.49
61554.9, 4118.97
61554.9, 4115.38
61555, 4115.9
61587, 4118.97
61587, 4119.49
61587.1, 4120.51
61587.1, 4119.49
61618.1, 4122.56
61618.2, 4127.69
61618.2, 4123.08
61618.2, 4117.95
61649, 4121.03
61649, 4120
61649.1, 4115.38
61649.1, 4117.95
61681.1, 4118.97
61681.2, 4112.82
61681.2, 4113.85
61681.2, 4118.97
61712.1, 4117.44
61712.2, 4118.46
61712.2, 4123.08
61712.3, 4121.03
61743.2, 4115.9
61743.3, 4114.36
61743.3, 4116.92
61743.3, 4119.49
61773.9, 4118.97
61774, 4117.95
61774, 4116.92
61774, 4116.92
61805.9, 4117.44
61806, 4117.44
61806, 4118.97
61806.1, 4118.97
61836.8, 4118.46
61836.9, 4117.44
61836.9, 4114.87
61837, 4116.92
61867.9, 4118.46
61868, 4116.92
61868, 4116.92
61868.1, 4117.95
61900.1, 4117.44
61900.1, 4117.95
61900.2, 4117.95
61900.2, 4118.46
61931, 4121.03
61931.1, 4122.05
61931.1, 4116.92
61931.2, 4114.36
61962.2, 4117.95
61962.3, 4117.95
61962.3, 4115.9
61962.4, 4117.95
61993, 4120
61993.1, 4116.92
61993.1, 4114.87
61993.2, 4117.95
62024.9, 4117.95
62024.9, 4116.92
62025, 4118.46
62025, 4115.9
62055.9, 4115.38
62056, 4119.49
62056.1, 4116.92
62056.1, 4117.44
62087.3, 4124.62
62087.4, 4122.56
62087.5, 4114.87
62087.5, 4115.38
62118, 4119.49
62118.1, 4117.95
62118.1, 4115.38
62118.1, 4115.38
62149.9, 4115.9
62150, 4116.41
62150, 4115.9
62150.1, 4118.46
62180.9, 4121.54
62181, 4116.92
62181, 4114.36
62181, 4118.97
62211.9, 4118.46
62212, 4113.85
62212, 4114.36
62212.1, 4117.95
62244, 4121.54
62244.1, 4118.46
62244.1, 4115.38
62244.1, 4118.97
62275, 4122.56
62275, 4117.95
62275.1, 4114.36
62275.1, 4117.44
62306.3, 4117.95
62306.4, 4115.9
62306.4, 4117.44
62306.5, 4117.44
62336.9, 4116.41
62336.9, 4114.87
62337, 4114.36
62337, 4116.92
62370.6, 4118.97
62370.7, 4116.41
62370.7, 4114.87
62370.7, 4115.9
62399.8, 4118.46, estimuli
62399.9, 4115.9
62399.9, 4115.38
62400, 4123.08
62431.1, 4124.62
62431.2, 4117.44
62431.2, 4115.9
62431.2, 4116.92
62463.1, 4115.38
62463.1, 4113.33
62463.2, 4115.38
62463.2, 4116.41
62494.1, 4114.36
62494.2, 4116.92
62494.2, 4116.92
62494.3, 4108.72
62525.2, 4106.67
62525.3, 4117.95
62525.3, 4129.74
62525.4, 4131.79
62555.8, 4128.21
62555.9, 4118.46
62555.9, 4108.72
62556, 4105.64
62587.9, 4107.18
62588, 4114.87
62588, 4126.15
62588, 4130.77
62618.9, 4127.69
62619, 4116.41
62619, 4105.64
62619, 4106.15
62650.1, 4112.82
62650.2, 4116.41
62650.2, 4121.54
62650.2, 4129.74
62681.1, 4130.26
62681.1, 4118.46
62681.2, 4106.67
62681.2, 4105.64
62712.8, 4108.72
62712.9, 4114.87
62712.9, 4122.56
62713, 4130.26
62744.4, 4132.31
62744.5, 4120
62744.5, 4106.67
62744.5, 4106.67
62774.9, 4112.31
62775, 4115.38
62775.1, 4123.08
62775.2, 4131.79
62806.8, 4129.23
62806.9, 4117.95
62806.9, 4107.69
62806.9, 4104.62
62837.8, 4109.23
62837.9, 4116.92
62837.9, 4125.64
62837.9, 4132.82
62868.8, 4127.18
62868.9, 4114.87
62868.9, 4108.21
62869, 4104.62
62899.8, 4109.74
62899.9, 4120.51
62900, 4129.74
62900, 4132.31
62932.3, 4127.69
62932.4, 4118.97
62932.5, 4107.69
62932.5, 4102.05
62963.2, 4105.64
62963.4, 4117.44
62963.5, 4128.72
62963.5, 4131.79
62994.4, 4129.23
62994.4, 4121.03
62994.5, 4108.21
62994.5, 4104.1
63026.1, 4109.23
63026.2, 4117.95
63026.2, 4126.67
63026.3, 4129.23
63057, 4126.67
63057.1, 4117.44
63057.1, 4105.13
63057.2, 4102.05
63087.9, 4107.69
63087.9, 4114.36
63088, 4123.59
63088, 4129.74
63118.9, 4127.18
63118.9, 4116.92
63119, 4108.72
63119, 4106.67
63151.2, 4107.69
63151.3, 4115.38
63151.4, 4126.67
63151.4, 4131.79
63182, 4128.72
63182.1, 4119.49
63182.1, 4110.26
63182.1, 4105.13
63213, 4107.18
63213.1, 4115.38
63213.1, 4123.59
63213.2, 4129.74
63244.1, 4127.18
63244.2, 4116.92
63244.2, 4108.72
63244.3, 4107.69
63275.9, 4112.31
63276, 4118.46
63276, 4125.64
63276.1, 4132.82
63307, 4128.72
63307.1, 4116.41
63307.1, 4107.69
63307.1, 4105.64
63338.3, 4110.26
63338.4, 4117.95
63338.5, 4126.15
63338.6, 4132.31
63370, 4127.69
63370.1, 4115.9
63370.1, 4106.67
63370.1, 4105.13
63400.9, 4108.72
63401, 4118.46
63401, 4130.77
63401, 4134.36
63432.1, 4127.69
63432.2, 4116.92
63432.2, 4107.69
63432.2, 4106.15
63462.9, 4108.72
63463, 4115.9
63463, 4126.67
63463, 4131.28
63495.1, 4126.67
63495.1, 4116.41
63495.2, 4112.31
63495.2, 4115.9
63525.9, 4115.9
63526, 4114.87
63526.1, 4117.44
63526.1, 4116.92
63557.1, 4115.38
63557.2, 4116.41
63557.2, 4116.41
63557.2, 4115.9
63588.8, 4115.9
63588.9, 4116.92
63589, 4115.38
63589, 4116.41
63619.8, 4120
63619.9, 4117.44
63619.9, 4114.87
63620, 4116.41
63651, 4115.9
63651.1, 4113.33
63651.1, 4113.33
63651.1, 4116.92
63682, 4116.41
63682.1, 4113.85
63682.1, 4116.92
63682.2, 4117.44
63714, 4116.92
63714, 4120.51
63714.1, 4118.46
63714.1, 4115.38
63745.3, 4119.49
63745.4, 4120.51
63745.5, 4121.03
63745.5, 4122.05
63775.9, 4120
63776.1, 4121.03
63776.2, 4121.54
63776.2, 4117.44
63807, 4117.44
63807, 4123.59
63807.1, 4120
63807.1, 4114.36
63838.8, 4116.92
63838.9, 4119.49
63839, 4115.9
63839, 4112.31
63870, 4115.38
63870, 4118.46
63870.1, 4116.41
63870.1, 4116.41
63901, 4116.92
63901, 4114.87
63901.1, 4115.9
63901.1, 4115.38
63933.1, 4114.36
63933.2, 4116.92
63933.2, 4114.87
63933.2, 4113.33
63964.3, 4114.36
63964.5, 4114.87
63964.5, 4118.97
63964.6, 4122.05
63995, 4118.46
63995.1, 4114.87
63995.1, 4117.44
63995.1, 4120
64025.9, 4115.38
64026, 4114.36
64026.1, 4118.46
64026.1, 4119.49
64058.1, 4116.92
64058.1, 4114.36
64058.3, 4115.38
64058.3, 4116.41
64088.9, 4116.41
64089, 4118.46
64089, 4121.03
64089, 4120
64120.1, 4115.9
64120.2, 4115.9
64120.3, 4116.92
64120.3, 4115.38
64151.7, 4116.41
64151.8, 4117.95
64151.9, 4114.36
64151.9, 4117.95
64183.1, 4124.1
64183.2, 4122.05
64183.2, 4117.95
64183.2, 4115.9
64214, 4114.36
64214.1, 4114.36
64214.1, 4116.41
64214.1, 4116.41
64244.9, 4117.44
64245, 4117.95
64245, 4116.41
64245.1, 4115.9
64277.1, 4118.97
64277.2, 4118.97
64277.2, 4117.44
64277.3, 4116.92
64307.9, 4116.41
64308, 4114.87
64308, 4114.36
64308, 4118.46
64339, 4120
64339.1, 4115.38
64339.1, 4114.36
64339.2, 4113.33
64371, 4111.28
64371.1, 4112.82
64371.1, 4116.41
64371.1, 4118.46
64402.1, 4116.41
64402.2, 4114.36
64402.2, 4116.92
64402.3, 4117.44
64433, 4116.41
64433.1, 4117.44
64433.1, 4116.92
64433.1, 4117.44
64464, 4118.97
64464.1, 4117.95
64464.1, 4115.38
64464.1, 4116.41
64496.1, 4117.95
64496.1, 4115.38
64496.2, 4114.87
64496.2, 4116.41
64527.1, 4116.41
64527.3, 4116.41
64527.3, 4115.9
64527.4, 4112.31
64558.2, 4112.31
64558.3, 4116.92
64558.4, 4118.97
64558.5, 4115.38
64589.2, 4113.33
64589.4, 4118.46
64589.4, 4116.41
64589.5, 4113.85
64621, 4119.49
64621.1, 4120.51
64621.2, 4116.41
64621.2, 4114.87
64651.8, 4117.95
64651.9, 4117.44
64651.9, 4113.33
64652, 4117.44
64683, 4122.05
64683.1, 4119.49
64683.1, 4117.95
64683.1, 4116.92
64715, 4118.97
64715, 4122.56
64715.1, 4120
64715.1, 4115.38
64746, 4117.44
64746.1, 4118.46
64746.1, 4113.85
64746.1, 4115.38
64776.9, 4117.95
64777, 4117.44
64777, 4118.46
64777.1, 4116.41
64808.2, 4114.87
64808.3, 4117.95
64808.4, 4117.44
64808.4, 4115.38
64840.2, 4113.85
64840.3, 4113.85
64840.3, 4116.92
64840.4, 4115.9
64871, 4114.87
64871.2, 4120
64871.2, 4120.51
64871.3, 4118.97
64902.1, 4123.08
64902.2, 4122.56
64902.3, 4115.38
64902.3, 4114.36
64934.3, 4119.49
64934.5, 4116.41
64934.5, 4112.31
64934.6, 4116.41
64965.2, 4117.95
64965.4, 4116.41
64965.4, 4116.92
64965.4, 4117.44
64996.2, 4115.9
64996.4, 4116.41
64996.6, 4118.97
64996.7, 4116.92
65027.3, 4113.85
65027.4, 4116.92
65027.5, 4117.95
65027.5, 4115.38
65059.3, 4116.92
65059.5, 4117.95
65059.5, 4116.92
65059.6, 4116.92
65090.2, 4118.46
65090.4, 4119.49
65090.5, 4118.46
65090.5, 4117.95
65121.3, 4116.92
65121.4, 4117.44
65121.5, 4116.92
65121.6, 4115.9
65152.3, 4118.97
65152.4, 4121.03
65152.5, 4117.95
65152.5, 4118.97
65184.7, 4121.03
65184.8, 4117.44
65184.9, 4112.82
65184.9, 4114.36
65215.9, 4121.03
65216, 4121.54
65216.1, 4118.46
65216.1, 4121.03
65246.4, 4120.51
65246.5, 4116.41
65246.5, 4116.41
65246.6, 4120.51
65278.3, 4120.51
65278.5, 4116.92
65278.5, 4116.41
65278.6, 4116.92
65309.3, 4117.95
65309.4, 4116.41
65309.4, 4114.87
65309.5, 4118.46
65340.2, 4119.49
65340.4, 4115.38
65340.4, 4113.33
65340.4, 4116.41
65371.2, 4119.49
65371.4, 4117.44
65371.4, 4115.38
65371.5, 4118.97
65403.3, 4118.97
65403.4, 4116.92
65403.5, 4116.41
65403.5, 4117.95
65434.3, 4120
65434.4, 4118.97
65434.5, 4117.44
65434.5, 4118.97
65465.2, 4119.49
65465.3, 4116.92
65465.3, 4114.36
65465.3, 4114.87
65496.2, 4116.92
65496.3, 4117.44
65496.3, 4118.97
65496.3, 4120.51
65528.4, 4119.49
65528.5, 4116.41
65528.5, 4114.87
65528.6, 4116.41
65559.1, 4115.38
65559.2, 4115.38
65559.2, 4118.97
65559.3, 4118.97
65590.3, 4115.9
65590.4, 4114.87
65590.5, 4115.9
65590.5, 4115.9
65622.3, 4116.41
65622.4, 4118.46
65622.5, 4117.95
65622.5, 4116.41
65652.9, 4117.44
65653, 4116.92
65653, 4116.92
65653.1, 4118.46
65683.7, 4116.41
65683.8, 4116.92
65683.8, 4117.95
65683.9, 4116.41
65714.8, 4116.41
65714.9, 4116.41
65714.9, 4116.92
65715, 4116.92
65747, 4115.38
65747.1, 4115.9
65747.1, 4117.44
65747.1, 4118.46
65777.9, 4121.03
65778, 4120.51
65778, 4118.46
65778.1, 4120.51
65808.9, 4123.08
65809, 4119.49
65809, 4114.87
65809, 4114.87
65841, 4115.38
65841.1, 4115.9
65841.1, 4115.9
65841.1, 4115.38
65871.8, 4118.46
65871.9, 4117.44
65872, 4114.87
65872, 4115.38
65902.9, 4116.41
65903, 4116.41
65903, 4116.92
65903, 4116.92
65933.9, 4116.92
65934, 4115.38
65934, 4115.9
65934, 4116.92
65966, 4115.38
65966.1, 4118.46
65966.1, 4122.05
65966.1, 4121.54
65996.9, 4123.08
65997, 4121.03
65997, 4115.9
65997, 4117.44
66028.1, 4121.03
66028.3, 4116.41
66028.3, 4112.82
66028.4, 4115.38
66060.1, 4115.38
66060.3, 4115.38
66060.3, 4115.38
66060.4, 4116.92
66090.9, 4120
66091, 4116.92
66091, 4115.38
66091.1, 4120.51
66122.1, 4118.46
66122.2, 4113.85
66122.3, 4115.38
66122.3, 4117.44
66153, 4116.92
66153.1, 4115.9
66153.1, 4116.41
66153.2, 4116.41
66185.1, 4115.38
66185.2, 4115.38
66185.2, 4114.87
66185.3, 4114.36
66216.1, 4116.92, estimuli
66216.2, 4118.97
66216.2, 4117.95
66216.2, 4115.38
66247.2, 4116.41
66247.4, 4120.51
66247.5, 4120
66247.5, 4118.46
66278.2, 4118.97
66278.3, 4117.44
66278.4, 4119.49
66278.4, 4121.03
66310, 4120
66310.1, 4121.54
66310.1, 4121.54
66310.2, 4112.82
66341.1, 4107.18
66341.2, 4116.41
66341.2, 4125.13
66341.2, 4128.72
66372, 4130.26
66372.1, 4122.05
66372.1, 4109.74
66372.1, 4105.13
66403.8, 4108.21
66403.9, 4115.38
66403.9, 4124.62
66404, 4132.31
66434.8, 4131.79
66434.9, 4121.54
66434.9, 4112.31
66435, 4108.21
66466.5, 4109.23
66466.6, 4115.9
66466.7, 4124.1
66466.7, 4130.77
66496.9, 4130.26
66497, 4121.54
66497, 4110.77
66497, 4105.13
66528.9, 4108.21
66529, 4117.44
66529, 4126.67
66529.1, 4130.77
66560, 4127.69
66560.1, 4119.49
66560.2, 4111.28
66560.2, 4108.21
66591.2, 4107.18
66591.4, 4111.28
66591.4, 4124.62
66591.4, 4132.31
66623.1, 4125.64
66623.2, 4116.92
66623.2, 4111.79
66623.2, 4106.67
66653.9, 4105.64
66654, 4112.82
66654, 4124.1
66654.1, 4126.67
66685.1, 4123.08
66685.1, 4121.03
66685.2, 4112.31
66685.2, 4103.59
66715.9, 4107.18
66716, 4116.41
66716.1, 4122.56
66716.1, 4125.64
66748, 4127.69
66748.1, 4123.08
66748.1, 4111.28
66748.1, 4104.62
66778.9, 4107.18
66779, 4115.9
66779, 4125.64
66779, 4129.74
66810.1, 4126.15
66810.2, 4118.97
66810.2, 4112.31
66810.3, 4104.1
66840.8, 4100.51
66840.9, 4111.79
66840.9, 4126.15
66840.9, 4130.26
66873.4, 4124.62
66873.6, 4114.36
66873.7, 4107.18
66873.8, 4104.1
66903.8, 4107.18
66903.9, 4117.44
66903.9, 4124.62
66904, 4128.21
66935.1, 4129.23
66935.1, 4121.54
66935.2, 4111.79
66935.2, 4108.72
66966.9, 4109.23
66967, 4114.87
66967, 4124.1
66967, 4128.72
66998, 4125.64
66998.1, 4120
66998.1, 4111.28
66998.1, 4103.59
67029, 4107.18
67029, 4117.44
67029.1, 4126.67
67029.1, 4130.26
67060, 4127.69
67060.1, 4120
67060.1, 4110.77
67060.2, 4106.67
67092.4, 4106.15
67092.6, 4111.79
67092.6, 4125.13
67092.8, 4130.77
67123, 4127.18
67123, 4121.54
67123.1, 4110.26
67123.1, 4104.1
67153.9, 4111.28
67153.9, 4117.95
67154, 4122.56
67154, 4128.21
67186, 4128.72
67186, 4121.54
67186.1, 4109.74
67186.1, 4103.59
67217, 4106.15
67217, 4114.36
67217.1, 4124.62
67217.1, 4129.74
67248, 4127.69
67248.1, 4120
67248.1, 4110.77
67248.2, 4106.15
67279, 4107.18
67279.1, 4116.41
67279.1, 4126.67
67279.1, 4129.23
67311.4, 4127.18
67311.5, 4117.95
67311.5, 4110.77
67311.6, 4112.82
67342, 4117.44
67342.1, 4115.38
67342.1, 4112.31
67342.2, 4115.38
67372.9, 4118.97
67373, 4117.44
67373, 4118.97
67373.1, 4120
67403.8, 4117.95
67403.9, 4120
67403.9, 4121.54
67404, 4118.46
67435.9, 4118.46
67436, 4119.49
67436, 4116.41
67436, 4113.33
67466.9, 4117.95
67467, 4118.46
67467, 4114.36
67467, 4114.87
67497.9, 4117.95
67498, 4120
67498, 4116.41
67498, 4112.82
67530.1, 4114.87
67530.2, 4117.95
67530.2, 4114.36
67530.3, 4112.31
67561.1, 4115.38
67561.2, 4115.9
67561.2, 4115.9
67561.2, 4118.97
67591.8, 4119.49
67591.9, 4118.46
67592, 4120.51
67592, 4117.44
67622.8, 4112.31
67622.9, 4115.9
67622.9, 4116.41
67623, 4117.95
67654.8, 4121.54
67654.9, 4119.49
67654.9, 4119.49
67654.9, 4120
67686, 4118.97
67686.1, 4119.49
67686.1, 4118.97
67686.2, 4119.49
67717.2, 4120.51
67717.3, 4120
67717.4, 4119.49
67717.4, 4119.49
67749, 4122.56
67749.1, 4122.56
67749.1, 4120
67749.2, 4120.51
67780.1, 4120
67780.2, 4115.9
67780.2, 4115.9
67780.2, 4121.54
67810.9, 4120
67811, 4115.9
67811, 4117.95
67811, 4120
67841.9, 4118.97
67842, 4117.95
67842, 4117.95
67842, 4118.46
67873.9, 4114.87
67874, 4115.38
67874, 4119.49
67874, 4118.46
67904.8, 4116.92
67904.9, 4116.92
67905, 4115.9
67905, 4118.46
67936.3, 4121.03
67936.4, 4118.97
67936.5, 4118.46
67936.5, 4120.51
67966.8, 4122.05
67966.9, 4120
67966.9, 4117.44
67966.9, 4115.38
67998.9, 4113.33
67999, 4119.49
67999, 4125.13
67999, 4120
68029.9, 4115.9
68030, 4121.03
68030.1, 4122.05
68030.1, 4116.41
68060.9, 4116.92
68061, 4117.44
68061, 4114.36
68061, 4116.41
68093, 4118.46
68093.1, 4118.46
68093.1, 4118.46
68093.2, 4115.9
68124.4, 4114.87
68124.6, 4117.44
68124.7, 4116.92
68124.8, 4117.95
68155, 4119.49
68155.1, 4118.97
68155.1, 4120
68155.2, 4120
68185.8, 4120
68185.9, 4121.03
68186, 4121.54
68186, 4119.49
68218, 4117.44
68218.1, 4120
68218.1, 4118.97
68218.2, 4115.38
68249, 4120
68249.1, 4123.08
68249.1, 4116.92
68249.1, 4117.44
68279.9, 4122.56
68280, 4122.05
68280.1, 4119.49
68280.1, 4119.49
68311.9, 4119.49
68312, 4118.97
68312, 4118.97
68312.1, 4115.9
68343.3, 4117.44
68343.5, 4121.54
68343.5, 4119.49
68343.6, 4116.92
68373.8, 4116.41
68373.9, 4118.97
68373.9, 4118.46
68373.9, 4114.87
68404.8, 4115.9
68404.9, 4120.51
68404.9, 4120.51
68405, 4116.41
68436.8, 4114.87
68436.9, 4117.95
68437, 4119.49
68437, 4118.46
68468, 4121.54
68468, 4121.54
68468.1, 4120.51
68468.1, 4120
68499, 4119.49
68499.1, 4120
68499.1, 4117.95
68499.2, 4115.9
68530.2, 4119.49
68530.3, 4126.15
68530.3, 4125.13
68530.4, 4118.46
68562.2, 4117.44
68562.4, 4118.46
68562.4, 4115.38
68562.5, 4116.92
68593, 4121.54
68593.1, 4118.97
68593.1, 4113.33
68593.1, 4114.87
68623.9, 4118.46
68624, 4115.9
68624.1, 4113.85
68624.1, 4118.46
68656.1, 4121.03
68656.2, 4120
68656.2, 4117.95
68656.3, 4117.44
68687.1, 4120
68687.2, 4118.46
68687.2, 4117.95
68687.3, 4121.54
68718.1, 4121.54
68718.2, 4120
68718.2, 4121.54
68718.3, 4122.56
68749.3, 4118.46
68749.4, 4115.38
68749.5, 4116.92
68749.5, 4114.87
68781, 4115.38
68781.1, 4116.92
68781.1, 4114.87
68781.2, 4116.92
68812.1, 4118.46
68812.2, 4116.41
68812.2, 4120
68812.2, 4122.56
68843.5, 4119.49
68843.6, 4117.95
68843.7, 4117.95
68843.7, 4120
68874.9, 4122.56
68875, 4120
68875, 4115.38
68875, 4115.9
68905.8, 4118.97
68905.8, 4115.9
68905.9, 4113.85
68905.9, 4116.41
68937.1, 4118.46
68937.2, 4117.44
68937.2, 4114.36
68937.2, 4115.9
68968.3, 4116.92
68968.4, 4114.87
68968.4, 4116.41
68968.5, 4115.38
69000, 4113.33
69000.1, 4114.36
69000.1, 4115.38
69000.2, 4115.9
69031, 4116.92
69031, 4117.95
69031.1, 4116.92
69031.1, 4113.85
69062.1, 4114.87
69062.2, 4120
69062.2, 4116.41
69062.3, 4111.79
69093.1, 4116.92
69093.1, 4123.08
69093.2, 4118.97
69093.2, 4111.79
69125.6, 4114.36
69125.8, 4121.03
69125.8, 4122.56
69125.9, 4118.46
69155.8, 4115.9
69155.9, 4116.92
69156, 4115.38
69156, 4116.41
69187.3, 4119.49
69187.4, 4120
69187.5, 4117.44
69187.5, 4114.36
69219.2, 4114.87
69219.3, 4117.95
69219.3, 4118.46
69219.3, 4115.38
69250.1, 4115.38
69250.2, 4117.95
69250.2, 4116.92
69250.2, 4113.85
69281.1, 4114.87
69281.2, 4117.44
69281.2, 4116.92
69281.3, 4115.38
69312, 4112.82
69312.1, 4113.85
69312.1, 4116.92
69312.1, 4116.92
69344.1, 4116.92
69344.2, 4116.41
69344.2, 4115.38
69344.3, 4116.41
69375.1, 4116.92
69375.3, 4116.41
69375.3, 4115.9
69375.4, 4116.41
69405.8, 4117.44
69405.9, 4116.92
69405.9, 4117.95
69406, 4116.41
69437.9, 4114.36
69437.9, 4118.97
69438, 4119.49
69438, 4114.87
69469, 4115.38, estimuli
69469, 4117.44
69469.1, 4115.38
69469.1, 4115.9
69499.9, 4118.46
69500, 4117.44
69500, 4115.9
69500.1, 4118.97
69531, 4120
69531.1, 4117.95
69531.1, 4116.41
69531.1, 4115.38
69562.9, 4116.41
69563, 4120.51
69563, 4119.49
69563, 4111.79
69594.1, 4105.13
69594.2, 4112.82
69594.3, 4125.13
69594.4, 4129.23
69624.9, 4127.18
69625, 4118.97
69625, 4109.74
69625, 4105.13
69655.8, 4105.64
69655.9, 4112.31
69655.9, 4123.59
69656, 4130.77
69687.8, 4129.74
69687.9, 4122.56
69688, 4114.87
69688, 4107.69
69718.9, 4105.13
69719, 4113.33
69719, 4124.62
69719, 4129.23
69750.2, 4125.64
69750.2, 4119.49
69750.3, 4109.74
69750.4, 4103.08
69781.9, 4105.13
69782, 4110.26
69782, 4120.51
69782.1, 4130.26
69813.1, 4127.69
69813.2, 4121.03
69813.2, 4114.36
69813.3, 4104.62
69844.1, 4098.46
69844.2, 4108.21
69844.2, 4124.1
69844.3, 4129.23
69874.8, 4126.67
69874.9, 4123.59
69874.9, 4114.87
69874.9, 4106.67
69907, 4106.15
69907, 4112.82
69907.1, 4121.54
69907.1, 4126.67
69937.9, 4125.64
69938, 4120
69938, 4108.72
69938, 4103.08
69968.8, 4107.18
69968.9, 4112.31
69969, 4121.03
69969, 4129.74
70001.2, 4128.72
70001.3, 4118.46
70001.3, 4109.23
70001.4, 4105.13
70032, 4106.15
70032.1, 4114.87
70032.1, 4124.62
70032.1, 4129.23
70063, 4127.69
70063, 4122.05
70063.1, 4112.31
70063.1, 4104.1
70094.3, 4105.13
70094.5, 4113.85
70094.5, 4122.05
70094.5, 4126.67
70126, 4128.21
70126.1, 4121.54
70126.2, 4108.72
70126.2, 4100.51
70156.9, 4105.13
70156.9, 4117.95
70157, 4124.62
70157, 4128.21
70187.9, 4127.18
70188, 4118.97
70188, 4108.72
70188, 4103.59
70219, 4106.15
70219.1, 4113.33
70219.1, 4122.56
70219.2, 4131.28
70251, 4127.69
70251.1, 4115.9
70251.2, 4109.23
70251.2, 4108.21
70282, 4105.64
70282.1, 4109.74
70282.2, 4123.59
70282.2, 4129.74
70312.9, 4125.13
70313, 4119.49
70313, 4110.77
70313.1, 4104.62
70344.9, 4105.13
70345, 4111.79
70345, 4122.56
70345.1, 4129.23
70375.8, 4127.69
70375.9, 4119.49
70375.9, 4109.74
70376, 4105.13
70407.2, 4106.15
70407.4, 4110.77
70407.4, 4121.03
70407.4, 4128.21
70437.8, 4129.23
70437.9, 4121.03
70437.9, 4107.18
70437.9, 4104.1
70469.9, 4108.72
70469.9, 4114.36
70470, 4123.08
70470, 4129.74
70500.9, 4127.69
70501, 4118.97
70501.1, 4110.77
70501.1, 4105.13
70532.1, 4104.62
70532.2, 4113.85
70532.2, 4125.13
70532.2, 4128.72
70563.9, 4124.62
70564, 4116.92
70564, 4111.28
70564.1, 4111.28
70594.9, 4114.87
70595, 4119.49
70595, 4118.97
70595, 4116.41
70626.1, 4116.92
70626.2, 4118.97
70626.3, 4117.44
70626.4, 4113.85
70656.8, 4116.41
70656.8, 4118.46
70656.9, 4114.87
70656.9, 4113.33
70688.9, 4115.38
70689, 4117.44
70689, 4115.9
70689, 4111.79
70719.9, 4111.79
70720, 4113.85
70720, 4114.87
70720.1, 4117.44
70750.9, 4116.92
70751, 4110.77
70751, 4109.23
70751.1, 4113.33
70783, 4115.38
70783, 4112.82
70783.1, 4110.77
70783.1, 4111.79
70813.9, 4115.9
70814, 4116.92
70814, 4114.36
70814.1, 4114.36
70845.3, 4115.38
70845.4, 4113.33
70845.4, 4110.77
70845.4, 4112.31
70875.8, 4116.92
70875.9, 4114.36
70876, 4110.26
70876, 4112.31
70907.8, 4114.36
70907.9, 4113.33
70907.9, 4113.33
70908, 4113.33
70938.8, 4113.33
70938.9, 4114.36
70938.9, 4115.38
70939, 4115.38
70970, 4113.85
70970, 4115.9
70970.1, 4116.41
70970.1, 4113.85
71000.9, 4116.41
71000.9, 4117.95
71001, 4115.9
71001, 4114.87
71033.3, 4114.87
71033.4, 4116.41
71033.4, 4116.41
71033.5, 4114.36
71064, 4116.41
71064, 4117.95
71064.1, 4115.9
71064.1, 4113.85
71095, 4114.87
71095.1, 4115.9
71095.1, 4115.9
71095.2, 4116.41
71127.2, 4114.87
71127.3, 4113.33
71127.4, 4114.87
71127.4, 4112.82
71158, 4110.77
71158.1, 4113.33
71158.1, 4112.82
71158.1, 4108.72
71189.1, 4111.28
71189.2, 4113.85
71189.2, 4110.77
71189.2, 4111.28
71219.9, 4116.41
71220, 4116.92
71220, 4115.9
71220, 4113.33
71252.3, 4111.79
71252.4, 4114.87
71252.5, 4115.38
71252.6, 4112.82
71283, 4115.9
71283.1, 4117.44
71283.1, 4112.82
71283.2, 4110.26
71313.9, 4113.85
71313.9, 4115.9
71314, 4113.33
71314, 4114.87
71345, 4116.92
71345.1, 4113.85
71345.1, 4114.36
71345.2, 4116.41
71377, 4114.36
71377.1, 4111.79
71377.1, 4113.33
71377.1, 4115.9
71407.8, 4115.9
71407.9, 4116.92
71407.9, 4115.9
71407.9, 4113.33
71438.9, 4112.82
71438.9, 4112.82
71439, 4113.33
71439, 4114.36
71471.4, 4114.36
71471.6, 4115.38
71471.6, 4115.9
71471.6, 4112.31
71501.8, 4112.31
71501.9, 4113.33
71501.9, 4113.85
71502, 4112.82
71533.1, 4113.33
71533.1, 4115.9
71533.2, 4115.38
71533.2, 4115.38
71563.9, 4116.41
71563.9, 4116.41
71564, 4115.38
71564, 4115.38
71596, 4115.9
71596.1, 4114.87
71596.1, 4114.36
71596.1, 4115.9
71627, 4115.38
71627.1, 4114.87
71627.1, 4116.92
71627.2, 4118.46
71658.3, 4117.44
71658.5, 4116.92
71658.5, 4117.44
71658.9, 4113.85
71689.8, 4110.77
71689.9, 4113.85
71690, 4114.36
71690, 4113.85
71720.8, 4116.41
71720.9, 4115.9
71720.9, 4114.87
71720.9, 4115.38
71752, 4114.87
71752.1, 4116.92
71752.1, 4116.92
71752.1, 4116.41
71783, 4117.44
71783.1, 4115.9
71783.2, 4115.9
71783.2, 4116.92
71815, 4114.36
71815.1, 4114.36
71815.1, 4115.38
71815.2, 4115.38
71845.8, 4117.44
71845.9, 4120
71845.9, 4119.49
71846, 4117.44
71877.3, 4116.41
71877.4, 4114.36
71877.4, 4112.31
71877.5, 4110.77
71908.9, 4111.79
71909, 4116.41
71909.1, 4118.46
71909.1, 4117.95
71939.9, 4117.95
71940, 4115.9
71940, 4117.44
71940, 4116.41
71970.8, 4112.31
71970.8, 4114.87
71970.9, 4114.87
71970.9, 4109.74
72001.7, 4112.31
72001.8, 4116.92
72001.8, 4115.9
72001.8, 4113.85
72033.9, 4116.41
72034, 4116.41
72034, 4114.36
72034.1, 4115.9
72065.2, 4116.92
72065.3, 4115.38
72065.4, 4115.9
72065.4, 4116.41
72096.4, 4115.9
72096.5, 4115.38
72096.5, 4115.9
72096.5, 4115.9
72127.3, 4116.41
72127.4, 4117.44
72127.4, 4114.36
72127.5, 4112.31
72159, 4116.92
72159, 4120
72159.1, 4123.08
72159.1, 4123.59
72189.9, 4117.44
72190, 4113.85
72190, 4115.9
72190.1, 4116.41
72220.8, 4114.87
72220.9, 4113.85
72220.9, 4115.38
72221, 4114.87
72252.9, 4113.33
72253, 4114.87
72253, 4116.92
72253, 4116.92
72284.6, 4114.87
72284.7, 4113.33
72284.8, 4113.85
72284.8, 4115.9
72315, 4115.38
72315.1, 4112.82
72315.2, 4112.82
72315.2, 4116.41
72346.1, 4115.9
72346.2, 4115.9
72346.2, 4116.92
72346.2, 4112.31
72378.1, 4111.28
72378.2, 4116.41
72378.2, 4118.97
72378.3, 4117.95
72409.1, 4117.95
72409.2, 4117.44
72409.3, 4116.41
72409.3, 4114.36
72439.8, 4111.28
72439.9, 4112.31
72440, 4115.38
72440, 4112.82
72470.9, 4111.79, estimuli
72471, 4116.41
72471, 4114.36
72471.1, 4113.85
72503.1, 4117.95
72503.1, 4118.97
72503.2, 4118.97
72503.2, 4116.92
72533.9, 4113.85
72534, 4111.28
72534, 4110.77
72534.1, 4114.87
72565, 4117.44
72565, 4114.87
72565.1, 4111.79
72565.1, 4108.21
72597.1, 4107.18
72597.2, 4117.44
72597.2, 4127.69
72597.2, 4129.23
72628, 4127.69
72628.1, 4120.51
72628.1, 4109.23
72628.1, 4105.13
72658.8, 4107.69
72658.9, 4114.36
72659, 4124.1
72659, 4128.21
72690.2, 4125.13
72690.3, 4115.38
72690.4, 4104.62
72690.5, 4103.59
72721.8, 4107.18
72721.9, 4109.23
72721.9, 4121.03
72722, 4130.26
72752.8, 4127.18
72752.9, 4118.46
72752.9, 4108.21
72753, 4102.05
72784, 4103.08
72784.2, 4111.28
72784.2, 4124.62
72784.2, 4130.77
72816, 4126.15
72816.1, 4116.41
72816.1, 4107.69
72816.1, 4105.13
72847.1, 4105.64
72847.1, 4110.26
72847.2, 4123.59
72847.2, 4133.33
72877.9, 4125.64
72878, 4114.36
72878, 4110.77
72878.1, 4108.21
72909, 4107.69
72909.1, 4116.92
72909.2, 4126.67
72909.2, 4129.23
72940.9, 4125.13
72940.9, 4115.9
72941, 4106.67
72941, 4104.62
72972, 4109.74
72972.1, 4116.41
72972.1, 4122.05
72972.1, 4127.69
73003, 4127.18
73003.1, 4116.92
73003.1, 4107.18
73003.2, 4105.13
73034.9, 4109.74
73035, 4118.97
73035, 4128.72
73035.1, 4133.33
73065.9, 4125.64
73066, 4113.33
73066, 4105.64
73066, 4102.05
73097.3, 4104.1
73097.4, 4109.23
73097.4, 4117.95
73097.5, 4127.69
73127.9, 4128.21
73128, 4116.92
73128, 4106.67
73128.1, 4106.15
73159.9, 4108.21
73160, 4115.9
73160, 4127.18
73160.1, 4127.69
73190.9, 4125.13
73191, 4120
73191, 4108.21
73191, 4103.08
73221.9, 4108.21
73222, 4115.38
73222, 4124.1
73222, 4129.74
73253, 4127.18
73253, 4116.92
73253.1, 4106.67
73253.1, 4105.64
73285, 4108.21
73285.1, 4111.79
73285.1, 4121.03
73285.1, 4128.21
73315.9, 4126.15
73316, 4116.41
73316, 4106.67
73316.1, 4103.59
73347.5, 4107.18
73347.6, 4115.38
73347.6, 4123.59
73347.7, 4127.18
73379.1, 4122.56
73379.2, 4114.36
73379.2, 4106.67
73379.2, 4103.08
73410.2, 4108.21
73410.2, 4121.03
73410.3, 4129.23
73410.3, 4128.72
73440.9, 4123.08
73441, 4115.9
73441, 4106.67
73441, 4100
73471.9, 4105.64
73472, 4117.44
73472, 4125.13
73472, 4128.21
73504.2, 4123.59
73504.3, 4114.87
73504.4, 4106.15
73504.4, 4100.51
73535.2, 4105.64
73535.3, 4117.95
73535.3, 4125.64
73535.4, 4125.64
73566, 4120.51
73566, 4114.36
73566.1, 4109.74
73566.1, 4110.77
73598, 4115.9
73598, 4115.9
73598.1, 4115.9
73598.1, 4115.9
73629.1, 4114.36
73629.2, 4114.36
73629.2, 4114.87
73629.3, 4115.38
73660, 4116.41
73660, 4117.95
73660.1, 4116.41
73660.1, 4113.85
73690.8, 4114.87
73690.9, 4115.38
73691, 4112.31
73691, 4112.31
73723.1, 4114.36
73723.2, 4114.36
73723.3, 4113.33
73723.3, 4115.38
73753.9, 4118.46
73754, 4115.9
73754, 4114.36
73754, 4118.46
73784.9, 4118.46
73785, 4114.87
73785, 4115.38
73785.1, 4117.44
73816, 4116.92
73816.1, 4114.36
73816.1, 4113.85
73816.1, 4115.38
73847.8, 4117.44
73847.9, 4118.46
73847.9, 4115.9
73848, 4115.38
73879.1, 4116.41
73879.2, 4115.9
73879.3, 4113.85
73879.3, 4114.87
73909.9, 4117.44
73910, 4115.9
73910, 4113.85
73910, 4115.9
73941.9, 4114.87
73942, 4113.85
73942.2, 4115.9
73942.2, 4116.41
73973, 4114.36
73973.1, 4113.33
73973.1, 4116.41
73973.1, 4119.49
74003.8, 4116.41
74003.9, 4116.92
74003.9, 4120
74003.9, 4116.41
74035, 4115.38
74035.1, 4118.97
74035.1, 4118.46
74035.1, 4115.38
74067, 4115.38
74067, 4115.9
74067.1, 4117.44
74067.1, 4116.41
74098, 4113.33
74098.1, 4114.36
74098.1, 4118.97
74098.1, 4118.46
74129.4, 4116.41
74129.5, 4116.92
74129.6, 4114.87
74129.6, 4115.38
74159.9, 4117.44
74160.1, 4117.44
74160.1, 4114.87
74160.1, 4113.33
74191.9, 4114.36
74191.9, 4117.95
74192, 4117.95
74192, 4115.38
74222.8, 4114.87
74222.9, 4113.33
74222.9, 4112.31
74222.9, 4116.92
74253.8, 4120.51
74253.9, 4116.41
74253.9, 4114.87
74254, 4115.9
74285.8, 4113.33
74285.9, 4114.36
74285.9, 4115.38
74286, 4113.85
74316.8, 4115.9
74316.8, 4114.87
74316.9, 4111.28
74316.9, 4112.82
74348.4, 4116.92
74348.5, 4116.92
74348.5, 4113.33
74348.5, 4112.31
74379.2, 4114.87
74379.3, 4117.44
74379.4, 4116.92
74379.4, 4114.87
74411, 4114.87
74411.1, 4115.38
74411.1, 4117.44
74411.1, 4117.95
74442.2, 4115.9
74442.2, 4116.92
74442.3, 4117.44
74442.4, 4115.9
74472.8, 4116.92
74472.9, 4115.9
74472.9, 4115.38
74473, 4115.38
74504.9, 4113.85
74505, 4115.9
74505, 4117.95
74505, 4116.41
74536.1, 4116.92
74536.2, 4115.38
74536.3, 4112.31
74536.3, 4111.28
74567.2, 4111.79
74567.2, 4113.85
74567.3, 4116.41
74567.3, 4117.95
74598, 4117.44
74598, 4117.44
74598.1, 4115.9
74598.1, 4113.85
74630, 4116.41
74630.1, 4121.03
74630.1, 4118.97
74630.1, 4115.38
74661.1, 4114.87
74661.1, 4114.36
74661.2, 4114.87
74661.2, 4116.41
74691.8, 4116.92
74691.9, 4113.85
74691.9, 4113.85
74692, 4115.38
74723.9, 4115.9
74723.9, 4117.44
74724, 4116.41
74724, 4115.38
74755.3, 4117.95
74755.4, 4117.95
74755.4, 4115.38
74755.5, 4114.36
74786.5, 4114.87
74786.6, 4115.9
74786.6, 4113.33
74786.7, 4112.31
74817, 4115.38
74817.1, 4116.41
74817.1, 4116.41
74817.1, 4118.97
74848.8, 4120.51
74848.9, 4115.38
74848.9, 4113.85
74848.9, 4120.51
74880.1, 4123.08
74880.2, 4117.44
74880.2, 4116.92
74880.2, 4120
74911, 4117.44
74911.1, 4114.36
74911.1, 4116.41
74911.2, 4116.41
74942.9, 4116.92
74943, 4120.51
74943, 4119.49
74943.1, 4115.9
74973.9, 4116.92
74974, 4116.41
74974, 4116.92
74974.1, 4117.44
75004.9, 4115.38
75005, 4117.44
75005, 4117.44
75005.1, 4115.38
75035.9, 4116.92
75035.9, 4115.9
75036, 4116.41
75036, 4118.97
75068.1, 4117.95
75068.2, 4113.33
75068.3, 4113.33
75068.3, 4117.95
75099.1, 4117.44
75099.2, 4114.87
75099.2, 4113.85
75099.3, 4114.87
75130.1, 4115.9
75130.2, 4113.85
75130.3, 4112.31
75130.3, 4116.41
75161.3, 4115.9
75161.5, 4111.79
75161.6, 4114.87
75161.6, 4118.46
75193.7, 4116.41
75193.9, 4114.87
75194, 4116.92
75194.2, 4116.41
75224.3, 4113.85
75224.4, 4115.38
75224.5, 4116.41
75224.5, 4116.41
75255.3, 4115.9
75255.4, 4115.9
75255.5, 4117.44
75255.5, 4117.44
75287.2, 4115.9
75287.3, 4116.92
75287.4, 4117.95
75287.4, 4118.97
75318.2, 4118.46
75318.3, 4116.92
75318.3, 4116.41
75318.3, 4116.92
75349.2, 4117.44
75349.3, 4118.97
75349.4, 4118.46
75349.4, 4116.41
75380.4, 4115.38
75380.5, 4115.9
75380.6, 4116.41
75380.6, 4116.41
75412.2, 4116.92
75412.4, 4116.92
75412.4, 4118.97
75412.5, 4118.97
75443.6, 4115.9
75443.7, 4118.46
75443.8, 4119.49
75443.8, 4115.9
75474.1, 4117.44
75474.2, 4121.54
75474.2, 4122.56
75474.3, 4120
75505, 4116.92
75505.1, 4118.97
75505.2, 4118.97
75505.2, 4116.41
75537.1, 4116.92
75537.1, 4117.44
75537.2, 4113.85
75537.2, 4114.36
75568.3, 4122.05, estimuli
75568.4, 4120.51
75568.4, 4112.82
75568.5, 4116.92
75599.3, 4122.56
75599.4, 4118.46
75599.5, 4115.9
75599.5, 4119.49
75631.1, 4119.49
75631.2, 4113.85
75631.2, 4115.9
75631.3, 4122.56
75662.2, 4122.05
75662.3, 4117.44
75662.4, 4116.41
75662.4, 4112.82
75693.2, 4105.13
75693.4, 4112.82
75693.5, 4129.74
75693.5, 4133.33
75724.1, 4127.69
75724.3, 4123.08
75724.3, 4113.85
75724.4, 4105.13
75756.3, 4106.15
75756.4, 4113.33
75756.5, 4122.05
75756.5, 4128.21
75787.6, 4131.28
75787.7, 4125.13
75787.8, 4111.28
75787.8, 4104.62
75817.9, 4107.69
75818, 4115.9
75818, 4125.13
75818.1, 4128.72
75850, 4128.21
75850, 4123.08
75850.1, 4110.26
75850.1, 4103.59
75881, 4108.72
75881.1, 4115.9
75881.1, 4122.05
75881.1, 4130.77
75911.7, 4133.33
75911.8, 4121.03
75911.9, 4109.74
75911.9, 4107.18
75943, 4106.15
75943.1, 4112.31
75943.2, 4125.13
75943.2, 4133.85
75974.8, 4132.82
75974.9, 4122.56
75974.9, 4111.28
75975, 4106.67
76006.2, 4108.72
76006.3, 4114.36
76006.3, 4124.62
76006.4, 4131.79
76036.8, 4128.21
76036.9, 4122.56
76036.9, 4116.41
76037, 4106.15
76067.8, 4106.15
76067.9, 4119.49
76067.9, 4129.74
76068, 4131.28
76100.1, 4128.21
76100.2, 4122.56
76100.2, 4113.33
76100.2, 4105.13
76131.2, 4103.08
76131.3, 4111.79
76131.3, 4125.64
76131.4, 4130.26
76163.2, 4128.72
76163.3, 4123.59
76163.3, 4110.77
76163.4, 4104.1
76194.4, 4109.23
76194.5, 4115.9
76194.6, 4122.56
76194.6, 4129.23
76225.1, 4128.21
76225.2, 4122.56
76225.2, 4114.87
76225.3, 4107.69
76255.9, 4106.67
76256.1, 4112.31
76256.1, 4125.64
76256.2, 4136.41
76286.8, 4132.31
76286.9, 4118.97
76286.9, 4110.26
76287, 4109.74
76319, 4110.26
76319, 4114.36
76319.1, 4125.13
76319.1, 4132.31
76350.1, 4129.23
76350.1, 4121.03
76350.2, 4111.28
76350.2, 4105.13
76380.9, 4109.23
76381, 4123.08
76381, 4129.23
76381.1, 4130.26
76413.2, 4134.36
76413.3, 4124.62
76413.4, 4108.72
76413.4, 4106.15
76444.2, 4112.31
76444.3, 4116.92
76444.3, 4123.59
76444.4, 4132.82
76474.9, 4131.28
76475, 4119.49
76475, 4111.79
76475, 4111.79
76505.8, 4114.36
76505.9, 4116.92
76505.9, 4126.15
76505.9, 4133.33
76537.8, 4128.21
76537.9, 4120
76538, 4111.79
76538, 4105.64
76568.8, 4106.15
76568.9, 4112.82
76568.9, 4124.1
76569, 4132.82
76600, 4129.74
76600.1, 4117.44
76600.1, 4108.72
76600.1, 4106.67
76631, 4104.1
76631, 4111.79
76631.1, 4127.69
76631.1, 4132.31
76662.9, 4126.15
76662.9, 4120.51
76663, 4114.36
76663, 4112.31
76694.2, 4114.87
76694.3, 4116.41
76694.3, 4117.44
76694.3, 4115.9
76725.1, 4114.87
76725.2, 4117.44
76725.3, 4117.95
76725.3, 4116.92
76757, 4117.95
76757.1, 4117.95
76757.1, 4115.9
76757.2, 4116.41
76787.8, 4121.03
76787.9, 4120
76788, 4112.31
76788, 4110.77
76819.3, 4113.85
76819.5, 4116.92
76819.5, 4116.92
76819.5, 4116.41
76850, 4117.44
76850, 4117.44
76850.1, 4117.95
76850.1, 4122.05
76882, 4123.08
76882.1, 4116.41
76882.2, 4111.79
76882.2, 4115.9
76913, 4118.97
76913.1, 4115.9
76913.1, 4115.9
76913.2, 4116.41
76944.1, 4117.95
76944.2, 4117.95
76944.2, 4115.9
76944.2, 4113.85
76976, 4114.87
76976.1, 4117.44
76976.1, 4116.92
76976.2, 4116.41
77006.7, 4117.95
77006.8, 4117.44
77006.8, 4116.41
77006.9, 4117.95
77037.9, 4119.49
77038, 4116.92
77038, 4114.87
77038, 4116.41
77068.9, 4120.51
77069, 4117.95
77069, 4116.41
77069, 4118.46
77101.1, 4116.92
77101.2, 4116.41
77101.2, 4119.49
77101.2, 4119.49
77132.1, 4117.95
77132.2, 4117.95
77132.2, 4120
77132.2, 4119.49
77162.9, 4118.46
77163, 4118.46
77163, 4117.44
77163, 4115.9
77194.1, 4114.36
77194.1, 4117.44
77194.2, 4120.51
77194.2, 4120
77226.1, 4121.03
77226.2, 4117.95
77226.3, 4114.87
77226.4, 4114.87
77256.9, 4116.92
77257, 4117.95
77257, 4115.38
77257, 4116.41
77287.8, 4121.03
77287.9, 4118.97
77287.9, 4116.41
77288, 4121.54
77319.9, 4123.59
77320, 4117.44
77320, 4114.36
77320, 4116.92
77351, 4121.54
77351.1, 4122.05
77351.2, 4122.05
77351.2, 4121.54
77382, 4118.46
77382.1, 4115.9
77382.1, 4116.92
77382.2, 4119.49
77413, 4118.97
77413.1, 4115.9
77413.1, 4116.41
77413.2, 4117.95
77445.4, 4117.44
77445.5, 4118.46
77445.5, 4121.54
77445.6, 4119.49
77475.9, 4116.41
77476, 4120
77476, 4121.54
77476.1, 4117.95
77506.8, 4117.95
77506.9, 4118.97
77507, 4117.44
77507, 4115.9
77538.8, 4119.49
77538.9, 4120
77538.9, 4115.9
77539, 4117.44
77569.8, 4120.51
77569.9, 4116.92
77569.9, 4118.97
77570, 4125.13
77601, 4124.62
77601.1, 4123.59
77601.1, 4122.05
77601.1, 4120.51
77631.9, 4121.54
77632, 4120.51
77632, 4116.92
77632.1, 4113.85
77664.2, 4116.92
77664.3, 4120.51
77664.3, 4116.92
77664.4, 4115.38
77695.4, 4119.49
77695.5, 4119.49
77695.5, 4114.36
77695.5, 4115.38
77725.7, 4118.97
77725.9, 4116.41
77725.9, 4116.92
77725.9, 4120
77756.8, 4118.46
77756.9, 4115.38
77757, 4114.87
77757, 4118.97
77788.9, 4121.03
77789, 4117.44
77789, 4116.41
77789, 4118.97
77819.9, 4118.97
77820, 4118.46
77820, 4120.51
77820, 4121.03
77851, 4116.92
77851, 4116.92
77851.1, 4121.03
77851.1, 4118.97
77883.4, 4115.9
77883.4, 4117.44
77883.5, 4116.41
77883.5, 4116.41
77913.9, 4116.92
77914, 4115.9
77914, 4118.46
77914, 4121.54
77945.3, 4118.97
77945.4, 4115.38
77945.4, 4119.49
77945.4, 4124.1
77976.1, 4120.51
77976.1, 4117.44
77976.2, 4117.95
77976.2, 4117.95
78007.9, 4120
78007.9, 4121.03
78008, 4120
78008, 4120
78039, 4121.03
78039.1, 4120.51
78039.1, 4120
78039.1, 4123.59
78070.3, 4123.59
78070.4, 4118.46
78070.4, 4119.49
78070.5, 4124.62
78102.1, 4124.62
78102.2, 4120.51
78102.2, 4121.54
78102.3, 4125.64
78133, 4122.05
78133.1, 4117.95
78133.1, 4120.51
78133.2, 4121.54
78164, 4118.46
78164.1, 4115.9
78164.1, 4116.41
78164.1, 4116.92
78195, 4115.9
78195.1, 4118.46
78195.1, 4121.54
78195.1, 4121.03
78227, 4117.44
78227.1, 4115.9
78227.1, 4118.46
78227.1, 4121.03
78257.8, 4119.49
78257.9, 4118.46
78257.9, 4121.54
78258, 4122.05
78289.3, 4114.87
78289.4, 4113.33
78289.4, 4119.49
78289.4, 4118.97
78319.8, 4117.44
78319.9, 4119.49
78320, 4116.92
78320, 4118.46
78352.1, 4122.05
78352.2, 4120.51
78352.2, 4117.95
78352.2, 4118.46
78383, 4121.03
78383.1, 4121.03
78383.1, 4118.46
78383.1, 4117.44
78413.9, 4121.03
78414, 4123.08
78414, 4119.49
78414, 4115.9
78445.8, 4120
78445.9, 4123.59
78446, 4118.97
78446, 4114.87
78477, 4117.44
78477, 4120
78477.1, 4118.46
78477.1, 4116.92
78508.1, 4115.38
78508.1, 4118.97
78508.2, 4125.13
78508.2, 4121.03
78538.9, 4115.9
78539, 4118.97
78539.1, 4120
78539.1, 4117.95
78570.8, 4116.41
78570.9, 4115.38
78570.9, 4119.49
78570.9, 4121.03
78601.8, 4117.44
78601.9, 4118.97
78602, 4123.59
78602, 4123.59
78633.1, 4121.54
78633.2, 4123.08
78633.2, 4120.51
78633.2, 4117.44
78664.9, 4121.03
78665, 4120.51
78665, 4113.85
78665.1, 4117.95
78696.2, 4125.13, estimuli
78696.3, 4120
78696.3, 4114.87
78696.3, 4120
78727, 4120.51
78727.1, 4114.36
78727.2, 4116.41
78727.2, 4119.49
78758, 4120.51
78758.1, 4121.03
78758.1, 4118.97
78758.1, 4118.97
78790.1, 4121.03
78790.2, 4121.03
78790.2, 4116.92
78790.2, 4110.26
78820.9, 4110.77
78821, 4121.03
78821, 4130.77
78821.1, 4133.85
78851.9, 4130.26
78852, 4122.56
78852, 4112.82
78852.1, 4107.69
78883.9, 4108.72
78884, 4112.31
78884, 4122.56
78884.1, 4133.85
78915.2, 4129.74
78915.3, 4118.46
78915.3, 4113.33
78915.4, 4110.77
78946.1, 4106.15
78946.2, 4113.33
78946.2, 4129.23
78946.2, 4133.85
78976.9, 4128.72
78977, 4122.05
78977, 4112.82
78977, 4108.72
79009.1, 4110.26
79009.2, 4112.31
79009.3, 4123.59
79009.4, 4132.82
79039.8, 4129.74
79039.9, 4121.54
79039.9, 4114.87
79040, 4109.74
79070.9, 4108.72
79071, 4116.41
79071, 4125.64
79071, 4129.23
79102.2, 4127.69
79102.3, 4121.03
79102.3, 4111.79
79102.4, 4107.18
79133.9, 4109.23
79134, 4116.92
79134, 4126.15
79134, 4130.77
79165, 4130.77
79165.1, 4123.59
79165.1, 4111.28
79165.1, 4105.64
79196, 4109.74
79196.1, 4117.44
79196.1, 4127.18
79196.1, 4132.82
79228, 4129.23
79228, 4118.97
79228.1, 4108.72
79228.1, 4104.1
79258.8, 4108.21
79258.9, 4117.95
79259, 4127.18
79259, 4132.82
79290.1, 4130.26
79290.1, 4121.03
79290.2, 4111.79
79290.2, 4106.67
79321.4, 4108.21
79321.5, 4112.82
79321.5, 4123.08
79321.6, 4133.33
79352.9, 4131.28
79352.9, 4122.05
79353, 4112.82
79353, 4107.69
79384, 4107.69
79384.1, 4114.36
79384.1, 4127.18
79384.2, 4133.85
79415, 4127.18
79415.1, 4118.46
79415.1, 4110.77
79415.1, 4105.13
79446.9, 4106.67
79447, 4114.87
79447, 4125.64
79447.1, 4132.31
79478, 4130.26
79478.1, 4122.56
79478.1, 4112.31
79478.2, 4106.67
79508.8, 4110.77
79508.9, 4118.46
79509, 4126.67
79509, 4130.77
79540.1, 4128.72
79540.2, 4121.54
79540.2, 4111.79
79540.3, 4106.15
79572, 4108.72
79572.1, 4120
79572.1, 4127.18
79572.1, 4131.28
79602.8, 4134.87
79602.9, 4126.15
79602.9, 4113.85
79603, 4108.21
79633.9, 4108.21
79634, 4115.38
79634.1, 4126.67
79634.1, 4133.33
79665, 4133.33
79665.1, 4124.1
79665.1, 4109.74
79665.1, 4105.64
79696.9, 4111.79
79697, 4121.03
79697, 4126.67
79697.1, 4130.26
79728.2, 4131.28
79728.3, 4123.59
79728.4, 4110.77
79728.4, 4106.67
79759, 4113.85
79759.1, 4118.97
79759.2, 4125.13
79759.3, 4134.36
79790.9, 4133.33
79790.9, 4120.51
79791, 4110.77
79791, 4113.85
79821.8, 4122.05
79821.9, 4118.46
79821.9, 4113.33
79821.9, 4118.97
79852.8, 4122.05
79852.9, 4121.03
79852.9, 4120.51
79852.9, 4122.05
79883.9, 4123.59
79883.9, 4121.03
79884, 4118.97
79884, 4121.03
79915.8, 4122.56
79915.9, 4121.03
79915.9, 4122.56
79916, 4125.64
79947.3, 4122.05
79947.4, 4117.44
79947.4, 4117.95
79947.4, 4122.05
79978.1, 4125.13
79978.2, 4120
79978.3, 4115.9
79978.3, 4118.46
80008.7, 4117.44
80008.8, 4117.44
80008.8, 4121.03
80008.9, 4122.05
80041.1, 4120
80041.2, 4117.44
80041.2, 4116.41
80041.2, 4115.9
80072.1, 4120.51
80072.2, 4124.1
80072.2, 4119.49
80072.3, 4116.41
80103, 4117.44
80103, 4116.41
80103.1, 4120
80103.1, 4126.15
80134.9, 4121.54
80135, 4116.41
80135, 4117.44
80135.1, 4120
80166.2, 4122.05
80166.3, 4116.41
80166.4, 4116.41
80166.4, 4123.08
80196.9, 4121.03
80197, 4116.92
80197.1, 4121.03
80197.1, 4121.03
80228.1, 4115.9
80228.2, 4118.97
80228.2, 4120.51
80228.3, 4116.41
80259.8, 4117.44
80259.9, 4121.54
80259.9, 4122.05
80260, 4118.97
80290.9, 4116.41
80290.9, 4117.95
80291, 4118.46
80291, 4118.46
80321.9, 4119.49
80321.9, 4119.49
80322, 4124.1
80322, 4126.67
80354.1, 4122.05
80354.2, 4119.49
80354.2, 4118.46
80354.2, 4118.46
80385.1, 4121.54
80385.1, 4120
80385.2, 4117.44
80385.2, 4120
80415.9, 4121.54
80416, 4121.54
80416, 4120.51
80416, 4118.46
80447.3, 4117.44
80447.4, 4119.49
80447.4, 4121.03
80447.5, 4119.49
80479.1, 4120
80479.2, 4119.49
80479.2, 4118.46
80479.3, 4118.46
80509.8, 4120
80509.9, 4121.54
80510, 4116.92
80510.1, 4118.46
80540.9, 4126.15
80540.9, 4122.56
80541, 4117.44
80541, 4118.97
80572.3, 4120.51
80572.4, 4120
80572.5, 4120
80572.5, 4118.97
80603.9, 4119.49
80604, 4122.05
80604, 4119.49
80604.1, 4115.9
80635, 4122.05
80635.1, 4123.08
80635.1, 4115.38
80635.1, 4116.92
80666, 4122.56
80666, 4120
80666.1, 4118.46
80666.1, 4122.56
80698, 4122.05
80698.1, 4116.92
80698.1, 4117.95
80698.1, 4124.1
80729.1, 4122.05
80729.2, 4118.46
80729.2, 4120
80729.2, 4120.51
80759.9, 4120.51
80760, 4121.54
80760, 4120.51
80760, 4119.49
80791.1, 4124.62
80791.2, 4125.13
80791.2, 4120
80791.2, 4122.56
80822.8, 4122.05
80822.9, 4117.95
80822.9, 4121.03
80822.9, 4118.97
80853.8, 4113.85
80853.9, 4120
80853.9, 4122.56
80854, 4116.92
80885.1, 4121.03
80885.2, 4125.13
80885.2, 4118.97
80885.3, 4116.41
80917, 4123.08
80917.1, 4124.1
80917.1, 4119.49
80917.1, 4121.54
80948, 4122.05
80948.1, 4118.46
80948.1, 4119.49
80948.2, 4124.1
80979.3, 4123.08
80979.4, 4121.03
80979.5, 4124.1
80979.5, 4122.56
81009.9, 4116.92
81010, 4119.49
81010, 4122.56
81010.1, 4123.59
81041.9, 4124.1
81042, 4122.05
81042, 4120
81042.1, 4118.46
81072.9, 4118.46
81073, 4118.46
81073, 4115.38
81073, 4116.41
81104.3, 4120.51
81104.4, 4118.97
81104.5, 4117.44
81104.6, 4118.97
81136, 4121.03
81136.1, 4118.97
81136.1, 4115.38
81136.2, 4116.41
81166.9, 4116.92
81167, 4115.38
81167, 4119.49
81167, 4124.1
81198, 4122.56
81198, 4120
81198.1, 4121.54
81198.1, 4120.51
81229.1, 4116.41
81229.1, 4116.92
81229.2, 4120
81229.2, 4121.03
81261, 4118.46
81261.1, 4115.38
81261.1, 4116.41
81261.1, 4116.41
81291.8, 4115.38
81291.9, 4118.46
81292, 4123.59
81292, 4123.59
81322.8, 4117.44
81322.9, 4116.41
81322.9, 4120
81322.9, 4120
81353.8, 4120.51
81353.9, 4122.56
81353.9, 4120
81354, 4119.49
81386.3, 4120
81386.5, 4120.51
81386.5, 4122.56
81386.6, 4121.03
81417, 4120
81417.1, 4120.51
81417.1, 4121.03
81417.2, 4122.05
81447.9, 4121.03
81448, 4117.95
81448, 4117.44
81448, 4120
81480.1, 4116.92
81480.1, 4113.33
81480.2, 4118.97
81480.2, 4123.59
81511.1, 4123.08
81511.2, 4119.49
81511.2, 4115.9
81511.2, 4116.92
81541.9, 4117.44
81542, 4117.44
81542, 4122.05
81542.1, 4123.08
81572.8, 4122.05
81572.9, 4122.05
81573, 4121.03
81573, 4118.46
81605.1, 4120
81605.2, 4123.08
81605.3, 4125.13
81605.3, 4121.54
81636, 4120.51
81636.1, 4121.54
81636.1, 4118.46
81636.1, 4116.41
81666.9, 4117.95
81667, 4119.49
81667, 4116.92
81667, 4118.46
81698.9, 4122.56
81699, 4122.05
81699, 4121.03
81699.1, 4123.59
81729.9, 4125.64
81729.9, 4121.54
81730, 4119.49
81730, 4124.62
81761.2, 4123.08
81761.3, 4113.85
81761.3, 4116.41
81761.4, 4124.62
81791.9, 4123.08
81792, 4116.92
81792.1, 4115.9
81792.1, 4117.44
81823.9, 4118.46
81824, 4117.95
81824, 4116.92
81824, 4117.44
81855.2, 4120.51
81855.2, 4117.44
81855.3, 4114.36
81855.3, 4119.49
81886, 4120.51
81886, 4119.49
81886.1, 4120
81886.1, 4117.44
81916.9, 4118.46
81917, 4120.51
81917, 4121.03
81917, 4122.05
81948.8, 4121.03
81948.9, 4119.49
81948.9, 4118.46
81949, 4118.97
81980, 4119.49, estimuli
81980, 4122.05
81980.1, 4126.67
81980.1, 4124.1
82010.9, 4119.49
82011, 4121.03
82011, 4121.54
82011.1, 4118.97
82043, 4118.97
82043.2, 4123.08
82043.3, 4123.59
82043.4, 4119.49
82073.9, 4117.44
82074, 4118.97
82074.1, 4121.03
82074.1, 4114.36
82105, 4107.18
82105.1, 4117.44
82105.1, 4129.23
82105.2, 4130.26
82136.1, 4130.77
82136.2, 4124.1
82136.2, 4110.26
82136.2, 4106.67
82168, 4112.82
82168.1, 4117.95
82168.1, 4124.1
82168.1, 4132.31
82199, 4131.28
82199, 4120.51
82199.1, 4112.31
82199.1, 4111.28
82230.2, 4113.85
82230.4, 4118.46
82230.4, 4126.67
82230.5, 4134.87
82262.3, 4132.82
82262.4, 4122.56
82262.4, 4114.87
82262.4, 4109.23
82292.8, 4109.23
82292.9, 4115.9
82293, 4125.13
82293, 4131.28
82323.8, 4129.74
82323.9, 4122.05
82323.9, 4111.28
82324, 4107.69
82354.9, 4113.85
82355, 4119.49
82355, 4126.15
82355, 4132.82
82386.9, 4129.74
82387, 4119.49
82387, 4112.31
82387.1, 4110.26
82417.9, 4110.26
82418, 4115.38
82418.1, 4128.72
82418.1, 4135.9
82449.3, 4131.28
82449.5, 4120.51
82449.5, 4108.72
82449.6, 4104.62
82480.1, 4106.67
82480.1, 4115.9
82480.2, 4130.26
82480.2, 4137.44
82512.1, 4131.28
82512.2, 4121.03
82512.2, 4111.79
82512.3, 4107.69
82542.8, 4108.21
82542.8, 4115.9
82542.9, 4128.21
82542.9, 4132.31
82574, 4126.67
82574, 4118.46
82574.1, 4112.82
82574.1, 4108.72
82605.8, 4108.72
82605.9, 4116.41
82606, 4126.15
82606, 4133.33
82637.2, 4133.33
82637.2, 4121.03
82637.3, 4109.23
82637.3, 4108.21
82668, 4111.79
82668, 4117.44
82668.1, 4128.21
82668.1, 4135.38
82698.9, 4131.28
82699, 4122.05
82699, 4115.9
82699.1, 4110.77
82730.9, 4111.28
82731, 4121.54
82731, 4132.82
82731.1, 4136.41
82762.1, 4131.28
82762.2, 4123.08
82762.2, 4115.9
82762.2, 4111.28
82792.8, 4113.85
82792.9, 4122.05
82792.9, 4130.77
82793, 4132.82
82825, 4129.74
82825, 4124.62
82825.1, 4113.85
82825.1, 4108.21
82856.3, 4113.85
82856.4, 4122.05
82856.4, 4129.74
82856.5, 4134.87
82886.8, 4132.31
82886.9, 4122.05
82886.9, 4111.79
82886.9, 4108.21
82918, 4110.26
82918.1, 4117.44
82918.1, 4129.23
82918.1, 4136.41
82950, 4130.26
82950.1, 4118.97
82950.1, 4112.31
82950.1, 4109.23
82981, 4111.28
82981.1, 4120
82981.2, 4130.77
82981.2, 4132.31
83011.9, 4128.72
83012, 4121.03
83012, 4109.74
83012.1, 4104.62
83043.1, 4111.28
83043.2, 4123.08
83043.2, 4127.18
83043.2, 4128.21
83075.1, 4131.28
83075.2, 4123.08
83075.2, 4110.77
83075.3, 4111.28
83106, 4117.44
83106.1, 4118.46
83106.1, 4116.41
83106.1, 4118.46
83136.9, 4120.51
83136.9, 4117.44
83137, 4117.44
83137, 4122.56
83168.9, 4125.64
83169, 4121.03
83169, 4118.46
83169, 4122.05
83200, 4120
83200.1, 4116.92
83200.1, 4124.1
83200.2, 4123.59
83231, 4118.46
83231.1, 4120.51
83231.1, 4118.97
83231.1, 4116.41
83262.3, 4120
83262.4, 4124.62
83262.4, 4123.59
83262.5, 4120
83294.1, 4117.95
83294.2, 4122.05
83294.3, 4127.18
83294.3, 4121.03
83324.9, 4115.38
83325, 4118.46
83325, 4121.03
83325.1, 4122.56
83355.9, 4124.62
83356, 4121.54
83356, 4117.44
83356, 4120
83387.9, 4125.64
83387.9, 4123.59
83388, 4118.97
83388, 4120.51
83418.9, 4119.49
83418.9, 4115.9
83419, 4121.03
83419, 4122.05
83449.9, 4117.95
83450, 4120
83450, 4124.1
83450.1, 4120.51
83481.2, 4117.95
83481.4, 4121.03
83481.4, 4122.56
83481.5, 4120.51
83513.2, 4119.49
83513.3, 4121.54
83513.3, 4124.62
83513.4, 4121.54
83543.9, 4115.9
83544, 4115.9
83544, 4120
83544.1, 4124.1
83574.9, 4122.05
83574.9, 4118.46
83575, 4123.08
83575, 4125.13
83606.1, 4122.56
83606.2, 4125.64
83606.2, 4124.62
83606.3, 4118.46
83637.8, 4116.92
83637.9, 4116.92
83637.9, 4119.49
83638, 4122.05
83668.9, 4118.97
83669, 4116.92
83669, 4122.56
83669.1, 4126.15
83700.3, 4121.54
83700.4, 4118.46
83700.4, 4118.97
83700.5, 4121.54
83732.1, 4124.62
83732.2, 4122.56
83732.2, 4120
83732.2, 4119.49
83762.8, 4117.44
83762.9, 4117.95
83762.9, 4121.54
83763, 4122.05
83794.1, 4122.05
83794.1, 4124.62
83794.2, 4125.13
83794.2, 4121.54
83824.9, 4122.56
83825, 4124.62
83825.1, 4122.56
83825.1, 4121.03
83856.8, 4120.51
83856.9, 4118.97
83857, 4116.92
83857, 4114.36
83888.1, 4117.95
83888.2, 4123.59
83888.3, 4121.03
83888.4, 4116.41
83919.1, 4115.38
83919.2, 4116.92
83919.2, 4120
83919.2, 4118.97
83951.1, 4117.95
83951.2, 4122.05
83951.2, 4124.62
83951.3, 4121.54
83982.1, 4121.54
83982.2, 4123.59
83982.2, 4117.95
83982.2, 4114.87
84012.9, 4119.49
84013, 4121.03
84013, 4120
84013, 4118.97
84044.2, 4116.92
84044.3, 4117.95
84044.3, 4117.95
84044.4, 4117.95
84076.1, 4120.51
84076.2, 4120.51
84076.2, 4116.92
84076.3, 4112.82
84107.4, 4116.41
84107.5, 4122.56
84107.6, 4121.54
84107.6, 4120
84138, 4117.95
84138, 4117.95
84138.1, 4121.54
84138.1, 4122.56
84170.1, 4122.56
84170.2, 4124.1
84170.2, 4122.56
84170.3, 4118.46
84200.9, 4113.33
84201, 4116.41
84201, 4123.59
84201.1, 4120
84231.9, 4114.36
84232, 4120.51
84232, 4123.08
84232.1, 4114.36
84262.9, 4115.9
84263, 4123.08
84263, 4122.05
84263.1, 4122.05
84295, 4121.03
84295.1, 4118.97
84295.1, 4123.08
84295.1, 4124.1
84325.8, 4120.51
84325.9, 4123.08
84326, 4125.13
84326, 4122.05
84356.8, 4121.54
84356.9, 4122.56
84356.9, 4120.51
84356.9, 4116.41
84387.8, 4119.49
84387.9, 4124.1
84387.9, 4120
84387.9, 4117.44
84419.9, 4116.92
84419.9, 4119.49
84420, 4123.08
84420, 4124.1
84451, 4123.59
84451.1, 4122.05
84451.2, 4121.54
84451.2, 4118.97
84481.9, 4117.44
84482, 4120
84482.1, 4123.08
84482.1, 4124.1
84514.3, 4121.03
84514.4, 4120.51
84514.5, 4124.1
84514.5, 4124.1
84545.2, 4122.05
84545.3, 4122.05
84545.4, 4124.62
84545.4, 4125.13
84575.9, 4120
84576, 4120.51
84576, 4125.64
84576.1, 4124.1
84606.8, 4121.54
84606.9, 4122.05
84606.9, 4121.54
84607, 4122.56
84638.9, 4123.08
84639, 4122.56
84639, 4124.62
84639.1, 4125.13
84669.8, 4123.59
84669.9, 4124.1
84670, 4124.62
84670, 4120.51
84700.9, 4116.92
84701.1, 4123.59
84701.1, 4128.21
84701.2, 4126.67
84733.1, 4126.15
84733.1, 4126.67
84733.2, 4123.08
84733.2, 4117.44
84764, 4117.95
84764.1, 4123.08
84764.1, 4124.1
84764.2, 4122.56
84795, 4122.05
84795.1, 4122.56
84795.1, 4124.62
84795.2, 4124.1
84825.9, 4120
84826, 4121.54
84826, 4127.18
84826.1, 4125.13
84857.9, 4116.92
84858, 4118.46
84858, 4123.59
84858, 4120.51
84888.9, 4119.49
84888.9, 4122.05
84889, 4124.62
84889, 4125.64
84920.4, 4124.62
84920.6, 4124.1
84920.6, 4124.1
84920.7, 4123.08
84951.1, 4122.56
84951.2, 4121.03
84951.2, 4118.97
84951.2, 4120
84982.9, 4121.03
84983, 4119.49
84983, 4118.97
84983.1, 4121.54
85013.9, 4122.05
85014, 4119.49
85014, 4120
85014, 4123.59
85045.3, 4125.64
85045.4, 4124.62
85045.4, 4123.59
85045.5, 4126.67
85077.1, 4127.18
85077.3, 4124.62
85077.3, 4123.59
85077.4, 4124.62
85107.9, 4126.15
85108, 4126.67
85108, 4127.18
85108, 4125.13
85139.2, 4122.05
85139.2, 4125.64
85139.3, 4124.62
85139.3, 4116.92
85169.8, 4115.9
85169.9, 4117.44
85169.9, 4118.97
85170, 4120.51
85202.2, 4119.49
85202.3, 4120
85202.4, 4124.1
85202.4, 4126.67
85233, 4124.1
85233, 4120
85233.1, 4117.44
85233.1, 4116.92
85264.1, 4117.95
85264.2, 4120
85264.3, 4122.05
85264.4, 4121.54
85296.1, 4121.54
85296.2, 4125.64
85296.3, 4124.1
85296.4, 4120
85327.3, 4122.56
85327.4, 4124.62
85327.5, 4121.54
85327.5, 4118.46
85358.1, 4117.44
85358.2, 4125.13
85358.3, 4128.21
85358.3, 4119.49
85389.3, 4118.46
85389.4, 4126.15
85389.4, 4126.15
85389.4, 4122.05
85421.1, 4123.59
85421.2, 4125.64
85421.2, 4125.13
85421.3, 4124.62
85452.3, 4123.59
85452.4, 4124.62
85452.5, 4126.15
85452.5, 4122.56
85483.3, 4122.56
85483.4, 4125.13
85483.5, 4123.08
85483.5, 4123.08
85514, 4125.64
85514.2, 4124.1
85514.2, 4122.56
85514.2, 4120
85546.3, 4121.03
85546.4, 4124.1
85546.5, 4122.05
85546.6, 4119.49
85577.1, 4123.59
85577.2, 4129.23
85577.3, 4122.05
85577.4, 4114.87
85608.3, 4120
85608.4, 4122.05
85608.4, 4119.49
85608.5, 4121.03
85640, 4120.51
85640.1, 4120.51
85640.2, 4121.03
85640.2, 4116.92
85671.3, 4114.36
85671.4, 4120
85671.5, 4124.1
85671.5, 4118.46
85702.2, 4115.38
85702.2, 4122.05
85702.3, 4124.1
85702.3, 4123.08
85733.5, 4122.05
85733.6, 4118.46
85733.7, 4118.46
85733.7, 4123.59
85765, 4123.08
85765.2, 4120
85765.2, 4125.64
85765.3, 4127.18
85796.3, 4120.51
85796.4, 4122.56
85796.5, 4126.15
85796.5, 4121.54
85827.2, 4117.95
85827.4, 4121.03
85827.5, 4125.13
85827.5, 4123.08
85858.2, 4123.08
85858.3, 4126.15
85858.4, 4121.54
85858.4, 4120.51
85890.1, 4125.13
85890.2, 4122.05
85890.3, 4118.46
85890.3, 4120.51
85921.3, 4125.13
85921.4, 4126.15
85921.4, 4121.54
85921.5, 4120.51
85952.1, 4124.62
85952.2, 4122.05
85952.3, 4115.9
85952.4, 4116.92
85984.5, 4123.08
85984.7, 4124.62
85984.8, 4120.51
85984.8, 4121.03
86015.3, 4122.56
86015.4, 4122.05
86015.5, 4121.54
86015.5, 4120
86046.2, 4120.51
86046.2, 4121.03
86046.3, 4121.54
86046.3, 4121.03
86076.7, 4123.08
86076.8, 4125.64
86076.8, 4123.59
86076.9, 4125.13
86108.9, 4127.69
86109, 4124.1
86109, 4117.95
86109.1, 4111.79
86139.9, 4113.33
86140, 4117.95
86140, 4116.92
86140.1, 4115.9
86171.3, 4121.54
86171.4, 4124.62
86171.5, 4122.05
86171.6, 4118.97
86203, 4118.97
86203, 4121.03
86203.1, 4118.46
86203.1, 4116.92
86234.1, 4120.51
86234.2, 4127.69
86234.3, 4128.72
86234.3, 4123.08
86265, 4123.08
86265.1, 4124.1
86265.1, 4122.56
86265.2, 4119.49
86295.9, 4116.41
86296, 4120
86296.1, 4123.08
86296.1, 4120
86328.1, 4118.97
86328.2, 4121.03
86328.2, 4121.03
86328.3, 4120
86358.8, 4122.56
86358.9, 4121.03
86359, 4115.38
86359, 4116.92
86390, 4118.97
86390, 4116.92
86390.1, 4118.46
86390.1, 4118.46
86420.8, 4116.92
86420.9, 4120.51
86420.9, 4124.1
86420.9, 4123.08
86452.9, 4120.51
86453, 4122.05
86453, 4123.59
86453.1, 4122.05
86483.9, 4122.05
86484, 4122.05
86484, 4120
86484, 4118.46
86514.8, 4122.05
86514.9, 4127.69
86514.9, 4123.08
86514.9, 4117.44
86546.9, 4120
86547, 4121.54
86547.1, 4120
86547.1, 4121.03
86578.4, 4125.13
86578.5, 4127.69
86578.6, 4125.64
86578.6, 4126.67
86608.9, 4124.62
86609, 4117.95
86609.1, 4114.36
86609.1, 4112.82
86639.9, 4114.87
86639.9, 4121.54
86640, 4126.67
86640, 4127.18
86671.8, 4124.1
86671.9, 4124.62
86671.9, 4126.15
86672, 4122.56
86702.8, 4122.05
86702.9, 4125.13
86702.9, 4127.18
86703, 4125.64
86734, 4118.97
86734.1, 4117.95
86734.1, 4123.08
86734.2, 4124.1
86766, 4118.97
86766.1, 4117.95
86766.1, 4121.03
86766.1, 4120.51
86797.2, 4118.46
86797.3, 4119.49
86797.3, 4121.54
86797.3, 4121.03
86828.1, 4117.95
86828.2, 4122.05
86828.2, 4127.18
86828.2, 4125.64
86858.9, 4124.62
86859, 4122.05
86859, 4115.9
86859, 4116.41
86890.9, 4117.44
86891, 4117.44
86891.1, 4118.97
86891.1, 4117.44
86922, 4115.9
86922.1, 4115.38
86922.1, 4113.33
86922.2, 4115.38
86952.9, 4117.44
86953, 4118.97
86953, 4119.49
86953, 4117.95
86984.9, 4121.03
86985, 4125.13
86985, 4121.54
86985.1, 4121.03
87016.1, 4127.69
87016.2, 4125.64
87016.3, 4119.49
87016.3, 4123.59
87046.9, 4123.59
87047, 4120.51
87047, 4124.1
87047, 4124.62
87078, 4123.59
87078.1, 4125.64
87078.1, 4122.56
87078.2, 4119.49
87109.8, 4121.03
87109.9, 4122.56
87110, 4121.54
87110, 4121.03
87140.8, 4122.56
87140.9, 4122.05
87141, 4122.05
87141, 4123.08
87172, 4123.59
87172, 4125.64
87172.1, 4125.13
87172.1, 4122.56
87202.9, 4124.1
87202.9, 4126.67
87203, 4125.13
87203, 4124.1
87235.2, 4122.05
87235.3, 4121.54
87235.3, 4121.54
87235.4, 4120
87266, 4120
87266, 4124.62
87266.1, 4127.18
87266.1, 4124.1
87297, 4122.56
87297.1, 4126.67
87297.1, 4127.18
87297.1, 4122.56
87329, 4120.51
87329.1, 4124.62
87329.1, 4124.1
87329.2, 4116.41
87359.9, 4115.9
87360.1, 4120.51
87360.1, 4124.1
87360.2, 4123.59
87390.8, 4120.51
87390.9, 4123.59
87390.9, 4124.1
87391, 4118.46
87422.3, 4121.03
87422.4, 4123.08
87422.5, 4118.97
87422.5, 4119.49
87453.8, 4121.03
87453.9, 4119.49
87453.9, 4122.05
87454, 4124.62
87484.8, 4123.08
87484.9, 4121.54
87484.9, 4121.54
87485, 4121.03
87515.8, 4124.1
87515.9, 4124.1
87516, 4117.95
87516, 4117.95
87547.9, 4122.56
87548, 4121.03
87548, 4120.51
87548, 4125.64
87579, 4127.18
87579.1, 4118.97
87579.1, 4114.87
87579.1, 4120
87609.9, 4121.54
87610, 4116.92
87610, 4115.9
87610, 4123.08
87640.9, 4126.67
87641, 4117.95
87641, 4115.38
87641, 4123.59
87672.9, 4123.59
87673, 4119.49
87673, 4120
87673, 4120.51
87703.8, 4119.49
87703.9, 4118.46
87703.9, 4118.97
87703.9, 4117.95
87735.1, 4117.95
87735.2, 4121.03
87735.2, 4122.05
87735.3, 4119.49
87766, 4116.92
87766.1, 4118.46
87766.1, 4118.46
87766.1, 4114.87
87798.1, 4118.46
87798.2, 4123.59
87798.2, 4121.03
87798.2, 4117.95
87829.3, 4120
87829.4, 4121.03
87829.5, 4119.49
87829.6, 4124.1
87859.9, 4126.15
87860, 4123.59
87860.1, 4124.62
87860.1, 4123.59
87891.8, 4118.46
87891.9, 4121.03
87891.9, 4124.62
87892, 4121.03
87922.8, 4118.97
87922.9, 4117.44
87922.9, 4116.41
87923, 4120
87953.9, 4123.59
87954, 4124.62
87954, 4122.05
87954, 4121.03
87984.8, 4120
87984.9, 4117.44
87984.9, 4118.46
87985, 4121.03
88016.9, 4122.05
88017, 4122.56
88017, 4120.51
88017, 4117.44
88048.3, 4119.49
88048.4, 4124.1
88048.5, 4124.1
88048.5, 4119.49
88079.3, 4119.49
88079.4, 4121.54
88079.4, 4123.59
88079.5, 4123.59
88109.8, 4120.51
88109.9, 4121.54
88109.9, 4124.62
88109.9, 4124.62
88141.8, 4123.08
88141.9, 4121.54
88141.9, 4124.1
88142, 4122.56
88172.9, 4117.95
88172.9, 4121.54
88173, 4125.64
88173, 4123.08
88203.8, 4121.03
88203.9, 4122.56
88203.9, 4123.08
88204, 4122.05
88235.9, 4125.13
88235.9, 4125.64
88236, 4118.97
88236, 4118.46
88267.3, 4122.05, estimuli
88267.4, 4121.03
88267.4, 4119.49
88267.5, 4124.62
88298.3, 4126.15
88298.4, 4121.54
88298.4, 4121.54
88298.5, 4124.1
88329.1, 4122.56
88329.2, 4123.08
88329.2, 4124.62
88329.3, 4120.51
88361, 4116.92
88361.1, 4122.05
88361.1, 4126.67
88361.1, 4116.41
88391.9, 4109.23
88392, 4117.44
88392, 4126.15
88392.1, 4131.28
88423, 4133.33
88423.1, 4125.64
88423.1, 4114.36
88423.1, 4107.18
88455, 4108.72
88455.1, 4115.9
88455.1, 4125.13
88455.2, 4133.85
88486.2, 4133.85
88486.3, 4126.15
88486.4, 4117.44
88486.4, 4108.72
88517.1, 4109.23
88517.2, 4118.97
88517.2, 4127.69
88517.2, 4132.31
88547.9, 4129.74
88548, 4121.03
88548, 4112.82
88548, 4107.69
88579.9, 4109.74
88580, 4118.46
88580, 4129.23
88580, 4133.33
88611, 4131.28
88611.1, 4128.72
88611.1, 4119.49
88611.2, 4109.74
88641.9, 4108.21
88642, 4117.44
88642, 4129.23
88642, 4132.31
88673.8, 4132.31
88673.9, 4129.23
88673.9, 4116.92
88674, 4107.69
88705, 4112.82
88705.1, 4122.56
88705.1, 4129.23
88705.1, 4131.79
88735.9, 4132.82
88736, 4128.72
88736, 4117.95
88736, 4110.77
88767.1, 4113.33
88767.2, 4121.03
88767.3, 4127.69
88767.3, 4131.79
88799.1, 4134.36
88799.1, 4130.26
88799.2, 4120.51
88799.2, 4110.77
88830.2, 4112.82
88830.3, 4123.59
88830.4, 4127.69
88830.4, 4129.74
88861.3, 4133.33
88861.4, 4127.69
88861.4, 4117.44
88861.5, 4109.74
88891.9, 4110.26
88892, 4120
88892, 4128.72
88892.1, 4130.77
88924.3, 4131.28
88924.4, 4129.74
88924.5, 4118.97
88924.5, 4106.67
88954.9, 4110.26
88955, 4122.56
88955, 4129.74
88955, 4130.26
88986, 4129.23
88986.1, 4127.18
88986.1, 4117.95
88986.1, 4106.67
89017.9, 4110.26
89018, 4121.54
89018, 4127.69
89018, 4131.28
89049.1, 4134.36
89049.2, 4129.74
89049.3, 4118.97
89049.3, 4110.77
89080, 4113.85
89080.1, 4123.59
89080.1, 4135.9
89080.1, 4141.03
89111.3, 4135.38
89111.5, 4127.18
89111.6, 4120.51
89111.6, 4114.87
89143, 4109.74
89143.1, 4117.95
89143.1, 4132.82
89143.2, 4133.85
89173.7, 4129.23
89173.8, 4126.15
89173.8, 4117.95
89173.8, 4108.21
89204.9, 4107.18
89204.9, 4116.92
89205, 4127.18
89205, 4132.82
89237, 4135.9
89237, 4129.23
89237.1, 4115.9
89237.1, 4108.21
89267.9, 4109.23
89268, 4115.9
89268, 4124.62
89268.1, 4129.74
89298.9, 4129.23
89299, 4124.1
89299, 4113.85
89299, 4104.62
89330.4, 4109.23
89330.6, 4122.05
89330.6, 4130.26
89330.7, 4134.87
89364.3, 4133.33
89364.4, 4121.54
89364.4, 4116.41
89364.5, 4122.05
89392.9, 4127.18
89393.1, 4124.1
89393.1, 4118.97
89393.2, 4119.49
89424.1, 4121.54
89424.2, 4124.1
89424.2, 4124.1
89424.2, 4121.54
89455.1, 4123.08
89455.2, 4124.62
89455.2, 4124.62
89455.2, 4124.1
89487.1, 4124.62
89487.1, 4125.64
89487.2, 4122.05
89487.2, 4116.92
89518.1, 4116.41
89518.2, 4117.95
89518.2, 4118.97
89518.3, 4120
89549.1, 4120.51
89549.1, 4121.54
89549.2, 4122.05
89549.2, 4120
89580.9, 4117.95
89581, 4120.51
89581, 4125.13
89581.1, 4124.62
89612, 4125.13
89612.1, 4126.15
89612.1, 4123.59
89612.2, 4122.56
89642.9, 4122.05
89643.1, 4123.59
89643.1, 4125.64
89643.2, 4124.1
89674, 4124.1
89674.1, 4125.64
89674.1, 4125.13
89674.1, 4124.1
89705.9, 4123.08
89706, 4124.62
89706, 4123.08
89706, 4118.46
89737.3, 4120.51
89737.4, 4126.15
89737.5, 4126.67
89737.6, 4122.56
89768.1, 4122.56
89768.2, 4125.64
89768.2, 4123.59
89768.2, 4123.59
89799.9, 4126.15
89800, 4124.62
89800.1, 4120
89800.1, 4120
89831.1, 4124.1
89831.1, 4125.13
89831.2, 4125.64
89831.2, 4126.15
89862.3, 4124.1
89862.4, 4123.08
89862.5, 4124.1
89862.5, 4121.03
89892.9, 4119.49
89893.1, 4122.56
89893.1, 4122.05
89893.2, 4119.49
89925, 4118.46
89925.1, 4123.08
89925.2, 4125.13
89925.2, 4123.59
89955.8, 4125.64
89955.9, 4123.59
89955.9, 4118.97
89956, 4121.03
89987, 4122.05
89987.1, 4120
89987.1, 4122.56
89987.1, 4126.15
90017.9, 4124.1
90018, 4121.54
90018.1, 4120
90018.1, 4121.03
90049.9, 4126.67
90050, 4127.18
90050, 4122.56
90050.1, 4123.59
90081.1, 4125.64
90081.2, 4124.1
90081.2, 4124.62
90081.2, 4125.13
90112.1, 4124.62
90112.2, 4123.59
90112.2, 4124.62
90112.2, 4125.13
90144.4, 4122.56
90144.5, 4123.59
90144.6, 4124.62
90144.7, 4124.1
90175, 4125.13
90175, 4124.1
90175.1, 4122.05
90175.1, 4123.08
90206, 4125.64
90206, 4125.64
90206.1, 4121.54
90206.1, 4121.54
90237.1, 4124.1
90237.2, 4121.03
90237.2, 4121.54
90237.3, 4125.64
90269.1, 4126.15
90269.2, 4125.64
90269.2, 4124.1
90269.3, 4125.13
90299.8, 4127.18
90299.9, 4126.15
90299.9, 4123.59
90299.9, 4125.64
90331.2, 4127.18
90331.3, 4122.56
90331.4, 4120
90331.4, 4125.13
90363.5, 4126.15
90363.6, 4124.62
90363.7, 4123.59
90363.7, 4121.03
90393.9, 4122.56
90394, 4126.15
90394.1, 4127.18
90394.1, 4125.13
90424.8, 4124.62
90424.8, 4126.67
90424.9, 4126.67
90424.9, 4124.62
90456.1, 4123.08
90456.2, 4122.56
90456.2, 4123.59
90456.2, 4124.1
90487.8, 4124.62
90487.9, 4124.62
90487.9, 4123.08
90488, 4124.62
90518.9, 4126.15
90519, 4125.13
90519, 4125.13
90519.1, 4123.08
90550.2, 4122.05
90550.3, 4126.15
90550.4, 4126.67
90550.4, 4124.1
90581.2, 4125.13
90581.2, 4126.67
90581.3, 4124.62
90581.3, 4124.1
90613.1, 4128.21
90613.2, 4127.69
90613.2, 4123.59
90613.2, 4124.62
90643.9, 4125.64
90644, 4124.62
90644.1, 4121.54
90644.1, 4123.08
90675, 4126.67
90675, 4126.15
90675.1, 4125.64
90675.1, 4124.1
90706.8, 4123.59
90706.9, 4126.15
90706.9, 4123.59
90706.9, 4120
90738.1, 4122.56
90738.1, 4124.62
90738.2, 4123.59
90738.2, 4124.1
90769.4, 4125.13
90769.5, 4123.08
90769.6, 4123.08
90769.6, 4125.64
90800, 4124.1
90800.1, 4122.56
90800.1, 4123.08
90800.2, 4124.62
90832.1, 4125.64
90832.1, 4124.62
90832.2, 4123.08
90832.2, 4122.56
90862.8, 4120
90862.9, 4119.49
90862.9, 4123.59
90863, 4126.15
90894.2, 4122.56
90894.2, 4120
90894.3, 4125.13
90894.3, 4125.64
90926, 4123.59
90926.1, 4125.64
90926.1, 4124.1
90926.2, 4121.03
90957, 4120.51
90957.1, 4123.08
90957.1, 4126.67
90957.2, 4123.08
90987.9, 4118.46
90988, 4123.59
90988, 4126.67
90988.1, 4123.59
91019, 4124.1
91019, 4127.69
91019.1, 4126.15
91019.1, 4124.62
91050.8, 4128.21
91050.9, 4126.67
91051, 4120.51
91051, 4120
91082, 4125.13
91082.1, 4129.23
91082.1, 4125.13
91082.1, 4122.56
91113.1, 4127.69
91113.2, 4126.15
91113.2, 4122.56
91113.2, 4126.15
91144, 4127.69
91144.1, 4123.59
91144.1, 4122.56
91144.2, 4126.15
91176.2, 4127.69
91176.5, 4126.67
91176.5, 4124.62
91176.6, 4123.08
91207, 4125.13
91207.1, 4126.15
91207.1, 4123.59
91207.1, 4124.1
91238, 4127.18
91238.1, 4126.67
91238.1, 4124.62
91238.2, 4122.56
91270, 4124.62
91270, 4127.69
91270.1, 4127.18
91270.1, 4124.1
91301, 4124.1
91301.1, 4128.72
91301.1, 4127.69
91301.2, 4124.62
91331.9, 4126.67
91332, 4128.21
91332.1, 4125.64
91332.1, 4123.59
91363.1, 4124.62
91363.2, 4127.69
91363.2, 4126.67
91363.2, 4123.59
91395.4, 4123.59
91395.5, 4125.13
91395.6, 4126.15
91395.6, 4126.15
91425.8, 4129.23
91425.9, 4128.21
91426, 4122.56
91426, 4122.56
91456.8, 4125.64
91456.9, 4126.67
91456.9, 4125.64
91456.9, 4124.1
91488.9, 4127.18
91488.9, 4127.18
91489, 4123.59
91489, 4123.59
91519.8, 4125.13
91519.9, 4125.13
91519.9, 4125.13
91520, 4124.1
91551, 4124.1
91551, 4124.1
91551.1, 4122.05
91551.1, 4121.54
91582.1, 4124.1
91582.2, 4123.59
91582.2, 4120.51
91582.2, 4124.1
91614.1, 4127.69
91614.3, 4124.1
91614.4, 4122.56
91614.5, 4124.62
91645.4, 4124.1
91645.5, 4124.1
91645.5, 4123.59
91645.6, 4121.54
91675.9, 4121.54, estimuli
91676, 4123.59
91676, 4124.62
91676.1, 4123.59
91707.9, 4124.1
91708, 4124.62
91708, 4125.64
91708.1, 4127.18
91739, 4125.13
91739, 4125.13
91739.1, 4126.67
91739.1, 4124.62
91769.9, 4124.1
91770, 4127.18
91770.1, 4128.72
91770.1, 4120.51
91800.8, 4111.28
91800.9, 4118.46
91801, 4131.79
91801, 4135.9
91833.3, 4134.87
91833.4, 4130.77
91833.4, 4119.49
91833.5, 4109.23
91864, 4111.79
91864.1, 4121.03
91864.1, 4128.21
91864.1, 4132.82
91895.1, 4134.36
91895.2, 4131.28
91895.2, 4121.54
91895.2, 4109.23
91926.1, 4111.79
91926.2, 4122.05
91926.2, 4129.23
91926.2, 4139.49
91958, 4141.54
91958, 4132.82
91958.1, 4124.1
91958.1, 4117.44
91988.9, 4116.41
91989, 4121.03
91989, 4126.15
91989.1, 4129.23
92020.2, 4129.74
92020.3, 4129.23
92020.3, 4123.08
92020.4, 4112.31
92052.1, 4110.77
92052.2, 4120.51
92052.2, 4129.23
92052.2, 4129.74
92083, 4130.77
92083.1, 4130.26
92083.1, 4122.05
92083.1, 4113.33
92114.1, 4110.77
92114.2, 4117.44
92114.2, 4129.74
92114.2, 4136.41
92145, 4135.38
92145, 4128.21
92145.1, 4118.97
92145.1, 4113.85
92177.1, 4111.79
92177.2, 4115.38
92177.2, 4127.18
92177.2, 4135.9
92208.1, 4134.87
92208.2, 4127.18
92208.2, 4117.95
92208.2, 4110.77
92239.2, 4110.77
92239.3, 4119.49
92239.3, 4128.21
92239.4, 4132.82
92271, 4133.85
92271.1, 4130.26
92271.1, 4120
92271.2, 4110.77
92302, 4112.31
92302.1, 4120.51
92302.1, 4126.67
92302.1, 4133.33
92333.1, 4136.41
92333.2, 4127.69
92333.2, 4116.41
92333.2, 4111.28
92363.9, 4114.36
92364, 4121.03
92364, 4129.23
92364, 4135.38
92396, 4133.33
92396, 4127.18
92396.1, 4118.97
92396.1, 4109.74
92426.9, 4110.26
92427, 4118.46
92427.1, 4127.69
92427.2, 4135.9
92457.9, 4136.41
92458, 4128.72
92458, 4116.41
92458.1, 4108.21
92488.8, 4111.79
92488.9, 4119.49
92488.9, 4127.69
92489, 4135.38
92520.8, 4136.41
92520.9, 4128.21
92520.9, 4114.87
92521, 4108.21
92552, 4112.82
92552.1, 4120.51
92552.1, 4129.23
92552.2, 4136.41
92582.8, 4140.51
92582.9, 4131.79
92582.9, 4114.87
92583, 4109.23
92614.9, 4113.33
92615, 4120.51
92615, 4126.67
92615.1, 4131.79
92646.5, 4133.85
92646.7, 4128.21
92646.8, 4117.95
92646.8, 4110.26
92676.8, 4110.77
92676.9, 4118.46
92676.9, 4127.18
92677, 4132.31
92707.8, 4134.36
92707.9, 4128.21
92708, 4116.41
92708, 4111.79
92739.8, 4115.38
92739.9, 4119.49
92739.9, 4125.13
92740, 4133.85
92770.8, 4135.38
92770.9, 4124.62
92771, 4115.9
92771, 4117.44
92802.1, 4122.05
92802.2, 4122.56
92802.2, 4120.51
92802.2, 4122.05
92834.1, 4124.1
92834.1, 4124.62
92834.2, 4124.1
92834.2, 4123.59
92865.4, 4126.67
92865.5, 4126.15
92865.5, 4125.13
92865.6, 4127.69
92896.4, 4125.64
92896.5, 4124.1
92896.5, 4125.64
92896.6, 4125.13
92926.8, 4123.59
92926.9, 4121.03
92926.9, 4118.46
92927, 4119.49
92959.2, 4124.1
92959.3, 4125.64
92959.3, 4123.59
92959.3, 4122.05
92990.2, 4123.08
92990.3, 4125.64
92990.3, 4126.15
92990.4, 4124.1
93021.1, 4124.62
93021.2, 4126.67
93021.2, 4125.13
93021.3, 4122.56
93052.1, 4125.13
93052.2, 4127.69
93052.2, 4126.15
93052.2, 4123.59
93084.4, 4125.64
93084.5, 4124.1
93084.6, 4122.56
93084.6, 4125.64
93115.2, 4124.62
93115.3, 4123.59
93115.3, 4125.64
93115.3, 4123.59
93146.1, 4123.08
93146.2, 4125.13
93146.2, 4125.13
93146.3, 4125.13
93178.3, 4125.64
93178.4, 4125.64
93178.4, 4124.62
93178.5, 4125.13
93208.9, 4123.59
93209, 4118.97
93209, 4119.49
93209, 4122.56
93240.1, 4124.1
93240.2, 4125.13
93240.2, 4123.59
93240.3, 4122.05
93271.1, 4123.08
93271.2, 4124.62
93271.2, 4125.13
93271.3, 4125.64
93302.9, 4125.13
93303, 4124.62
93303, 4125.64
93303.1, 4122.56
93334, 4119.49
93334.1, 4124.1
93334.1, 4127.18
93334.1, 4124.62
93365, 4123.08
93365, 4118.97
93365.1, 4117.95
93365.1, 4122.56
93395.9, 4124.1
93396, 4124.62
93396.1, 4127.18
93396.1, 4126.15
93428, 4122.05
93428.1, 4120.51
93428.1, 4123.59
93428.1, 4124.62
93458.8, 4124.1
93458.9, 4125.13
93458.9, 4126.15
93459, 4126.67
93490.4, 4126.15
93490.6, 4125.64
93490.6, 4125.13
93490.7, 4123.59
93521.8, 4127.18
93521.9, 4130.77
93521.9, 4123.08
93522, 4120
93552.8, 4123.08
93552.9, 4121.54
93552.9, 4121.54
93552.9, 4122.56
93584.1, 4121.54
93584.2, 4122.56
93584.2, 4122.56
93584.2, 4122.56
93615, 4124.62
93615.1, 4126.15
93615.1, 4123.08
93615.1, 4126.15
93646.9, 4127.69
93647, 4123.59
93647, 4123.59
93647, 4124.62
93678.1, 4120.51
93678.2, 4118.97
93678.2, 4117.95
93678.3, 4118.46
93709, 4121.03
93709.1, 4124.62
93709.1, 4127.69
93709.1, 4127.18
93740.9, 4128.21
93741, 4126.67
93741, 4123.08
93741, 4124.1
93771.8, 4122.05
93771.9, 4118.97
93771.9, 4123.59
93772, 4127.69
93802.9, 4125.13
93803, 4122.05
93803, 4121.03
93803.1, 4121.54
93833.9, 4121.03
93834, 4120.51
93834, 4123.08
93834, 4126.67
93865.9, 4124.1
93866, 4121.54
93866, 4124.62
93866, 4125.13
93897.3, 4124.62
93897.4, 4127.18
93897.5, 4125.13
93897.6, 4122.05
93928.1, 4124.62
93928.2, 4124.1
93928.2, 4122.56
93928.3, 4122.56
93960, 4124.1
93960.1, 4125.64
93960.2, 4122.56
93960.2, 4121.03
93991, 4123.08
93991.1, 4122.56
93991.1, 4121.54
93991.2, 4124.1
94021.9, 4126.67
94022, 4124.1
94022.1, 4121.03
94022.1, 4121.54
94053, 4121.03
94053.1, 4121.03
94053.1, 4121.03
94053.2, 4121.54
94084.9, 4121.54
94085, 4120.51
94085.1, 4119.49
94085.1, 4121.03
94115.9, 4125.64
94116, 4127.18
94116, 4120.51
94116.1, 4119.49
94146.9, 4124.1
94147, 4123.08
94147, 4121.03
94147, 4123.08
94178, 4126.67
94178.1, 4125.13
94178.1, 4120.51
94178.2, 4121.54
94209.8, 4124.62
94209.9, 4126.67
94210, 4124.62
94210, 4118.46
94240.8, 4120.51
94240.9, 4126.15
94240.9, 4123.08
94240.9, 4120
94271.8, 4121.03
94271.9, 4123.08
94271.9, 4123.59
94271.9, 4121.03
94304.2, 4121.54
94304.3, 4124.1
94304.3, 4123.08
94304.4, 4121.03
94335, 4123.08
94335.1, 4123.08
94335.1, 4120
94335.2, 4121.03
94365.9, 4120.51
94366, 4118.97
94366.1, 4120.51
94366.1, 4120.51
94396.9, 4120
94397, 4122.05
94397, 4121.54
94397, 4118.97
94429.1, 4118.97
94429.2, 4125.64
94429.2, 4125.13
94429.2, 4116.92
94460.1, 4120.51
94460.2, 4124.62
94460.2, 4121.54
94460.2, 4122.05
94491.1, 4125.13
94491.1, 4125.13
94491.2, 4124.1
94491.2, 4124.1
94523.4, 4125.13
94523.5, 4124.1
94523.5, 4121.03
94523.5, 4120.51
94554, 4121.54
94554, 4123.08
94554.1, 4124.1
94554.1, 4120.51
94585.1, 4120
94585.2, 4121.03
94585.2, 4121.54
94585.2, 4120
94616, 4118.97
94616, 4120
94616.1, 4123.08
94616.1, 4125.13
94648, 4123.08
94648.1, 4124.1
94648.1, 4124.62
94648.1, 4121.54
94679, 4124.1
94679.1, 4123.59
94679.1, 4119.49
94679.1, 4119.49
94710, 4118.46
94710.1, 4117.95
94710.2, 4120
94710.2, 4121.54
94741, 4125.64
94741.1, 4125.13
94741.1, 4121.03
94741.1, 4122.05
94773.3, 4123.59
94773.4, 4124.62
94773.5, 4124.1
94773.5, 4121.03
94804.3, 4122.05
94804.4, 4125.13
94804.4, 4121.03
94804.5, 4117.95
94835.1, 4124.1
94835.2, 4125.64
94835.2, 4122.56
94835.3, 4124.62
94867.1, 4125.64
94867.1, 4122.56
94867.2, 4122.56
94867.2, 4122.05
94898.1, 4121.54
94898.1, 4120
94898.2, 4115.9
94898.2, 4118.46
94929, 4122.56
94929, 4123.08
94929.1, 4121.03
94929.1, 4118.46
94960.2, 4122.56
94960.3, 4124.62
94960.4, 4120.51
94960.5, 4120
94992.3, 4122.56
94992.4, 4126.15
94992.4, 4124.62
94992.5, 4117.44
95022.9, 4116.92
95023, 4124.62
95023, 4124.1
95023, 4117.44
95053.8, 4122.56
95053.9, 4127.69
95053.9, 4124.1
95054, 4122.56
95085.1, 4122.56
95085.2, 4119.49
95085.3, 4119.49
95085.3, 4123.59
95117, 4125.64
95117.1, 4120.51
95117.1, 4115.38
95117.1, 4121.03
95148.3, 4124.62
95148.4, 4122.56
95148.5, 4121.54
95148.5, 4122.05
95179, 4124.62
95179.1, 4123.59
95179.1, 4119.49
95179.2, 4121.54
95211, 4122.56
95211, 4117.44
95211.1, 4116.92
95211.1, 4122.56
95242.1, 4123.59
95242.2, 4122.05
95242.2, 4125.13
95242.2, 4124.1
95273.1, 4123.08
95273.2, 4123.59
95273.2, 4121.54
95273.3, 4122.56
95303.8, 4126.67
95303.9, 4125.64
95303.9, 4124.62
95303.9, 4125.64
95336.3, 4126.67
95336.4, 4126.15
95336.5, 4121.54
95336.5, 4122.05
95367, 4125.64
95367.1, 4122.56
95367.1, 4120.51
95367.1, 4122.56
95398.1, 4126.15
95398.2, 4125.64
95398.2, 4124.1
95398.2, 4123.08
95429.9, 4124.62
95430, 4126.15
95430, 4122.05
95430.1, 4121.54
95460.8, 4126.67
95460.9, 4124.1
95460.9, 4119.49
95461, 4122.05
95492.2, 4125.64
95492.3, 4125.13
95492.3, 4124.1
95492.4, 4124.1
95523.2, 4118.46
95523.3, 4113.85
95523.4, 4119.49
95523.5, 4124.62
95555.2, 4123.08
95555.3, 4123.59
95555.4, 4122.56
95555.5, 4118.46
95586.1, 4118.46
95586.2, 4124.1
95586.3, 4124.1
95586.3, 4122.05
95617.3, 4126.67
95617.3, 4126.67
95617.4, 4122.56
95617.4, 4122.56
95649.2, 4124.62
95649.3, 4124.62
95649.4, 4120
95649.5, 4118.97
95680.1, 4125.64, estimuli
95680.2, 4124.62
95680.3, 4116.92
95680.4, 4117.44
95711.3, 4122.56
95711.4, 4125.64
95711.4, 4123.59
95711.5, 4120
95742.2, 4121.03
95742.5, 4122.56
95742.5, 4123.59
95742.6, 4124.62
95774.2, 4125.64
95774.4, 4124.1
95774.5, 4121.03
95774.5, 4115.38
95805.2, 4111.28
95805.3, 4115.38
95805.3, 4124.62
95805.4, 4129.23
95836.2, 4132.31
95836.3, 4128.72
95836.4, 4116.92
95836.4, 4108.72
95867, 4110.77
95867.1, 4120.51
95867.1, 4126.15
95867.1, 4129.23
95899.2, 4134.87
95899.3, 4127.69
95899.3, 4112.82
95899.4, 4108.21
95930.6, 4113.33
95930.6, 4120.51
95930.7, 4128.21
95930.7, 4134.87
95960.9, 4133.85
95961, 4124.62
95961.1, 4115.9
95961.1, 4111.28
95993, 4111.28
95993.1, 4116.92
95993.2, 4127.18
95993.2, 4135.38
96024.3, 4131.79
96024.4, 4122.05
96024.5, 4114.36
96024.5, 4109.23
96055.3, 4110.26
96055.4, 4117.44
96055.4, 4127.18
96055.5, 4133.85
96086.4, 4132.82
96086.5, 4123.59
96086.6, 4113.85
96086.7, 4107.69
96118.1, 4108.72
96118.2, 4118.97
96118.3, 4130.77
96118.3, 4131.79
96149.1, 4127.69
96149.2, 4126.67
96149.3, 4115.9
96149.3, 4104.62
96180.3, 4110.26
96180.4, 4120.51
96180.5, 4126.15
96180.5, 4131.79
96212.4, 4132.31
96212.6, 4122.05
96212.6, 4111.79
96212.7, 4110.26
96243.2, 4112.82
96243.3, 4115.38
96243.4, 4121.54
96243.6, 4127.18
96274, 4127.18
96274.1, 4121.03
96274.2, 4110.26
96274.2, 4106.67
96304.8, 4110.77
96304.9, 4116.41
96304.9, 4126.67
96304.9, 4133.33
96336.9, 4134.36
96336.9, 4125.13
96337, 4110.77
96337, 4104.62
96367.8, 4111.79
96367.9, 4122.56
96367.9, 4127.69
96367.9, 4132.82
96399, 4135.38
96399, 4125.13
96399.1, 4113.85
96399.1, 4111.79
96429.9, 4114.36
96430, 4118.97
96430.1, 4126.15
96430.1, 4132.31
96462.3, 4133.33
96462.4, 4125.64
96462.4, 4111.79
96462.5, 4104.1
96492.8, 4111.28
96492.9, 4122.05
96493, 4127.69
96493, 4131.79
96523.9, 4130.26
96523.9, 4121.03
96524, 4107.69
96524, 4098.46
96556, 4101.03
96556.1, 4111.79
96556.2, 4122.56
96556.2, 4126.67
96587, 4122.05
96587, 4113.33
96587.1, 4107.18
96587.1, 4107.18
96617.9, 4108.21
96618.1, 4107.18
96618.2, 4115.38
96618.2, 4127.69
96649.1, 4125.13
96649.2, 4112.82
96649.2, 4105.64
96649.2, 4107.18
96680.9, 4111.79
96680.9, 4117.95
96681, 4127.69
96681, 4132.82
96712.1, 4131.28
96712.2, 4123.08
96712.2, 4111.28
96712.2, 4105.13
96742.9, 4109.74
96743, 4118.97
96743, 4126.15
96743, 4131.28
96775, 4132.31
96775.1, 4121.03
96775.1, 4107.18
96775.1, 4112.31
96806, 4121.54
96806.1, 4117.95
96806.1, 4113.85
96806.1, 4116.92
96837.2, 4122.05
96837.3, 4120
96837.3, 4116.92
96837.3, 4120
96868, 4121.54
96868.1, 4120
96868.1, 4120.51
96868.2, 4121.03
96900, 4119.49
96900.1, 4121.03
96900.1, 4124.1
96900.2, 4123.59
96930.9, 4123.59
96931, 4119.49
96931, 4114.87
96931, 4121.54
96961.9, 4124.62
96962, 4117.95
96962.1, 4119.49
96962.1, 4123.08
96992.8, 4118.97
96992.9, 4116.92
96992.9, 4121.03
96993, 4124.62
97024.9, 4123.08
97025, 4119.49
97025, 4115.9
97025, 4119.49
97056.3, 4123.08
97056.4, 4118.97
97056.5, 4117.44
97056.6, 4121.03
97086.8, 4120.51
97086.9, 4120
97086.9, 4121.03
97087, 4120.51
97118.8, 4120
97118.9, 4121.03
97118.9, 4122.05
97119, 4122.05
97149.9, 4124.62
97149.9, 4126.67
97150, 4123.08
97150, 4122.05
97181, 4123.08
97181.1, 4125.13
97181.1, 4124.62
97181.1, 4120
97211.9, 4118.46
97212, 4117.95
97212, 4116.41
97212.1, 4116.41
97243.8, 4113.33
97243.9, 4110.77
97244, 4118.46
97244, 4122.05
97275.1, 4115.38
97275.2, 4110.77
97275.2, 4116.92
97275.2, 4126.15
97305.8, 4120.51
97305.9, 4112.31
97306, 4118.46
97306, 4123.08
97337.9, 4113.33
97338, 4111.28
97338, 4121.54
97338, 4120.51
97368.9, 4116.92
97369, 4121.03
97369, 4120.51
97369, 4117.44
97399.9, 4121.54
97400, 4123.08
97400.1, 4121.54
97400.1, 4122.56
97431, 4126.15
97431, 4124.1
97431.1, 4122.05
97431.1, 4123.59
97463.4, 4120.51
97463.5, 4119.49
97463.6, 4122.05
97463.6, 4121.54
97494.3, 4123.08
97494.4, 4125.64
97494.6, 4124.62
97494.7, 4123.08
97524.9, 4121.54
97525, 4121.54
97525, 4124.62
97525.1, 4127.18
97556.8, 4123.59
97556.9, 4116.92
97556.9, 4117.44
97557, 4119.49
97588.2, 4118.97
97588.3, 4120
97588.3, 4123.59
97588.4, 4124.62
97619, 4121.54
97619.1, 4119.49
97619.1, 4121.03
97619.1, 4120.51
97650.1, 4122.56
97650.2, 4124.1
97650.2, 4123.08
97650.2, 4124.1
97682.2, 4122.05
97682.4, 4118.97
97682.5, 4120.51
97682.6, 4120.51
97713.5, 4121.54
97713.5, 4124.62
97713.6, 4121.54
97713.6, 4118.97
97744.2, 4122.56
97744.3, 4122.05
97744.4, 4120.51
97744.4, 4126.15
97775.1, 4126.15
97775.2, 4122.05
97775.3, 4124.62
97775.3, 4126.15
97807.1, 4124.62
97807.2, 4127.69
97807.2, 4125.13
97807.2, 4118.97
97838, 4120.51
97838.1, 4122.05
97838.1, 4121.54
97838.1, 4123.08
97869, 4125.64
97869.1, 4125.13
97869.1, 4123.59
97869.1, 4124.1
97900.9, 4122.56
97901, 4124.1
97901.1, 4124.62
97901.1, 4123.59
97932.1, 4125.13
97932.1, 4122.56
97932.2, 4119.49
97932.2, 4125.64
97963, 4128.21
97963.1, 4122.05
97963.1, 4118.46
97963.2, 4118.97
97993.9, 4121.54
97994, 4123.08
97994, 4125.64
97994.1, 4126.15
98026.3, 4120
98026.4, 4118.97
98026.5, 4121.54
98026.5, 4122.05
98056.8, 4121.03
98056.9, 4119.49
98056.9, 4120
98057, 4122.56
98088.2, 4125.64
98088.3, 4124.1
98088.4, 4120.51
98088.4, 4124.1
98119.3, 4125.13
98119.4, 4120.51
98119.4, 4120.51
98119.5, 4124.1
98150.9, 4123.59
98151, 4120
98151, 4123.59
98151.1, 4127.69
98181.9, 4123.59
98182, 4121.03
98182.1, 4123.08
98182.1, 4122.05
98213, 4121.54
98213.1, 4123.08
98213.1, 4122.56
98213.1, 4123.59
98245, 4125.64
98245.1, 4124.62
98245.1, 4121.54
98245.2, 4120.51
98275.9, 4121.03
98276, 4120.51
98276, 4121.03
98276, 4122.05
98306.8, 4126.15
98306.9, 4126.67
98306.9, 4123.08
98307, 4126.67
98338, 4128.21
98338.1, 4119.49
98338.1, 4117.44
98338.1, 4123.08
98369.9, 4123.08
98370, 4121.03
98370, 4122.56
98370, 4121.03
98401, 4122.56
98401, 4126.15
98401.1, 4122.56
98401.1, 4121.03
98431.8, 4125.64
98431.9, 4125.13
98431.9, 4122.05
98432, 4121.54
98464.1, 4123.59
98464.2, 4126.67
98464.3, 4122.05
98464.3, 4121.03
98495.4, 4127.69
98495.6, 4123.59
98495.6, 4115.9
98495.7, 4120
98526, 4125.13
98526.1, 4123.59
98526.1, 4118.97
98526.2, 4119.49
98557, 4122.56
98557.1, 4121.54
98557.1, 4121.03
98557.1, 4124.62
98588.8, 4124.1
98588.9, 4122.05
98589, 4124.1
98589, 4126.67
98620.1, 4122.05
98620.1, 4117.44
98620.2, 4120.51
98620.2, 4122.05
98651, 4122.56
98651.1, 4122.05
98651.1, 4121.03
98651.2, 4121.54
98682.9, 4123.08
98683, 4124.62
98683, 4121.54
98683, 4120
98714.3, 4123.08
98714.4, 4124.62
98714.4, 4123.59
98714.5, 4121.54
98745.1, 4125.64
98745.2, 4127.69
98745.2, 4122.05
98745.3, 4122.05
98775.9, 4126.15
98776, 4123.59
98776.1, 4121.03
98776.1, 4124.1
98808.1, 4125.13
98808.2, 4123.59
98808.2, 4123.08
98808.2, 4125.13
98838.9, 4123.08
98839, 4118.46
98839, 4118.97
98839, 4121.54
98870.1, 4123.59
98870.2, 4122.56
98870.2, 4121.54
98870.3, 4123.59
98901, 4122.56
98901.1, 4121.03
98901.2, 4123.08
98901.3, 4126.15
98933.1, 4125.64
98933.2, 4124.62
98933.2, 4124.1
98933.2, 4120
98964.1, 4120.51
98964.2, 4126.15
98964.2, 4123.08
98964.3, 4119.49
98995, 4124.1
98995.1, 4124.62
98995.1, 4121.03
98995.1, 4121.03
99026.8, 4124.62
99026.9, 4126.67
99027, 4121.54
99027, 4118.46
99057.9, 4121.03
99058, 4122.05
99058, 4118.97
99058, 4118.97
99088.9, 4122.56
99089, 4123.59
99089, 4123.08
99089, 4125.13
99120.5, 4124.62
99120.6, 4120.51
99120.6, 4118.46
99120.6, 4120
99152.1, 4121.54
99152.2, 4121.54
99152.2, 4126.15
99152.3, 4126.67
99182.9, 4119.49
99183, 4122.05
99183, 4124.62
99183.1, 4120.51
99214, 4121.54
99214.1, 4122.56
99214.1, 4118.97
99214.2, 4118.97
99246, 4122.56
99246.1, 4122.05
99246.1, 4120
99246.1, 4121.03
99276.9, 4122.05
99277, 4124.62
99277.1, 4125.13
99277.1, 4119.49
99307.9, 4118.97
99308, 4122.05
99308, 4121.03
99308.1, 4119.49
99339.2, 4121.54
99339.3, 4122.05
99339.4, 4117.95
99339.5, 4117.95
99370.9, 4123.08
99371, 4124.1
99371.1, 4123.59
99371.1, 4123.08
99402, 4121.03
99402.1, 4117.95
99402.2, 4116.92
99402.2, 4118.46
99432.9, 4121.54
99433, 4125.64
99433, 4126.15
99433.1, 4123.08
99464, 4123.08
99464, 4123.08
99464.1, 4121.54
99464.1, 4123.59
99495.9, 4124.1
99495.9, 4122.05
99496, 4123.08
99496, 4122.05
99527.4, 4122.05
99527.6, 4123.08
99527.6, 4121.54
99527.7, 4123.59
99557.9, 4122.56
99558, 4118.46
99558.1, 4119.49
99558.1, 4124.1
99590, 4126.15
99590, 4124.1
99590.1, 4121.03
99590.1, 4122.56
99620.9, 4126.15
99621, 4123.59
99621, 4120
99621.1, 4121.03
99652.1, 4122.05
99652.2, 4121.54
99652.2, 4123.08
99652.2, 4122.56
99683.2, 4123.59
99683.3, 4125.13
99683.4, 4121.54
99683.4, 4121.54
99714.9, 4124.62
99715, 4125.13
99715, 4123.59
99715, 4122.05
99746, 4123.59
99746.1, 4123.08
99746.1, 4123.08
99746.1, 4125.13
99776.9, 4124.1
99777.1, 4122.56
99777.1, 4123.59
99777.2, 4123.08
99809.1, 4123.59
99809.2, 4125.64
99809.2, 4124.62
99809.2, 4125.13
99839.9, 4124.1
99840, 4120.51
99840, 4121.03
99840.1, 4124.62
99870.8, 4124.62
99870.9, 4124.1
99870.9, 4125.64
99871, 4124.62
99902, 4122.56
99902.1, 4123.08
99902.1, 4124.62
99902.1, 4127.69
99933.9, 4125.13
99934, 4120.51
99934, 4123.08
99934.1, 4126.15
99964.9, 4125.13
99965, 4123.59
99965.1, 4125.13
99965.1, 4128.72
99996.2, 4125.13
99996.3, 4122.56
99996.3, 4126.15
99996.4, 4127.18
100027, 4125.13
100027, 4126.15
100027, 4126.15
100027, 4124.62
100059, 4124.1
100059, 4126.15
100059, 4125.64
100059, 4125.13
100090, 4126.15
100090, 4123.59
100090, 4123.08
100090, 4125.13
100121, 4122.05
100121, 4120
100121, 4123.08
100121, 4122.56
100153, 4122.56
100153, 4127.18
100153, 4126.67
100154, 4121.54
100184, 4123.08
100184, 4124.62
100184, 4122.56
100184, 4123.08
100215, 4122.56
100215, 4121.03
100215, 4125.64
100215, 4126.15
100246, 4121.54
100246, 4121.54
100246, 4125.64
100246, 4125.64
100278, 4123.08
100278, 4126.67
100278, 4127.69
100278, 4123.59
100309, 4125.13
100309, 4124.1
100309, 4121.03
100309, 4122.56
100340, 4123.59
100340, 4123.59
100340, 4124.1
100340, 4122.56
100372, 4120.51
100372, 4123.08
100372, 4127.69
100372, 4125.13
100403, 4120.51
100403, 4121.03
100403, 4122.05
100403, 4122.56
100434, 4123.08
100434, 4124.62
100434, 4125.13
100434, 4120
100465, 4117.44
100465, 4120.51
100465, 4125.13
100465, 4125.64
100497, 4121.03
100497, 4120
100497, 4123.08
100497, 4125.64
100528, 4125.64
100528, 4123.59
100528, 4125.13
100528, 4126.67
100559, 4119.49
100559, 4117.44
100559, 4122.05
100559, 4122.05
100590, 4117.95, estimuli
100590, 4120
100590, 4123.59
100590, 4123.59
100622, 4124.1
100622, 4124.62
100622, 4120
100622, 4117.95
100653, 4120.51
100653, 4120.51
100653, 4119.49
100653, 4120.51
100684, 4118.46
100684, 4121.54
100684, 4122.56
100684, 4113.85
100716, 4108.21
100716, 4117.95
100716, 4126.15
100716, 4129.23
100747, 4134.87
100747, 4129.74
100747, 4116.41
100747, 4107.69
100778, 4108.21
100778, 4117.44
100778, 4127.69
100778, 4132.82
100809, 4131.79
100809, 4126.67
100809, 4117.95
100809, 4109.23
100841, 4108.72
100841, 4118.46
100841, 4127.69
100841, 4130.77
100872, 4132.31
100872, 4128.72
100872, 4116.41
100872, 4106.15
100903, 4110.77
100903, 4121.03
100903, 4128.72
100903, 4134.87
100935, 4132.82
100935, 4127.69
100935, 4118.46
100935, 4107.18
100966, 4109.23
100966, 4121.54
100966, 4129.23
100966, 4131.79
100997, 4133.33
100998, 4128.21
100998, 4116.41
100998, 4108.21
101028, 4113.33
101028, 4122.05
101028, 4128.72
101028, 4135.9
101060, 4134.36
101060, 4125.64
101060, 4117.44
101060, 4112.31
101091, 4110.26
101091, 4115.38
101091, 4126.15
101091, 4133.85
101122, 4134.87
101122, 4128.21
101122, 4116.41
101122, 4108.72
101153, 4108.72
101153, 4114.36
101153, 4124.1
101153, 4132.31
101185, 4134.36
101185, 4127.69
101185, 4116.41
101185, 4108.21
101216, 4108.72
101216, 4118.97
101217, 4127.18
101217, 4130.77
101247, 4132.31
101247, 4125.64
101247, 4116.92
101247, 4111.28
101279, 4108.72
101279, 4113.33
101279, 4126.67
101279, 4137.44
101310, 4133.33
101310, 4123.08
101310, 4118.97
101310, 4114.36
101341, 4111.79
101341, 4120
101341, 4130.26
101341, 4132.82
101372, 4130.26
101372, 4128.21
101372, 4121.54
101372, 4110.77
101404, 4107.18
101404, 4112.82
101404, 4125.13
101405, 4133.85
101435, 4133.33
101435, 4128.72
101435, 4119.49
101435, 4109.74
101466, 4111.79
101466, 4122.05
101466, 4129.74
101466, 4132.31
101498, 4131.79
101498, 4125.64
101498, 4114.87
101498, 4107.69
101529, 4111.79
101529, 4121.03
101529, 4129.74
101529, 4134.36
101560, 4132.31
101560, 4126.67
101560, 4117.95
101560, 4109.74
101591, 4109.74
101591, 4120.51
101591, 4131.28
101591, 4133.85
101623, 4134.36
101623, 4129.23
101624, 4115.9
101624, 4107.69
101654, 4108.72
101654, 4117.95
101654, 4129.23
101654, 4134.87
101685, 4134.87
101685, 4125.64
101685, 4115.9
101685, 4116.92
101716, 4121.54
101716, 4121.03
101716, 4121.54
101716, 4126.15
101748, 4126.15
101748, 4124.1
101748, 4126.67
101748, 4125.64
101779, 4121.54
101779, 4122.56
101779, 4124.1
101779, 4123.59
101810, 4124.1
101810, 4124.1
101810, 4122.56
101810, 4124.62
101842, 4126.67
101842, 4124.62
101842, 4122.05
101842, 4120.51
101873, 4122.05
101873, 4126.15
101873, 4125.64
101873, 4124.1
101904, 4126.15
101904, 4125.13
101904, 4124.1
101904, 4125.64
101935, 4123.08
101935, 4122.56
101935, 4124.62
101935, 4123.59
101967, 4123.08
101967, 4125.13
101967, 4125.64
101967, 4124.1
101998, 4124.62
101998, 4126.67
101998, 4126.15
101998, 4127.18
102029, 4125.13
102029, 4119.49
102029, 4120.51
102029, 4125.13
102061, 4126.67
102061, 4124.62
102061, 4122.05
102061, 4125.13
102092, 4125.13
102092, 4120.51
102092, 4118.97
102092, 4119.49
102123, 4122.56
102123, 4125.13
102123, 4123.59
102123, 4121.54
102154, 4121.03
102154, 4123.59
102154, 4124.62
102154, 4122.56
102186, 4121.54
102186, 4124.1
102186, 4126.15
102186, 4123.59
102217, 4120.51
102217, 4119.49
102217, 4122.05
102217, 4125.64
102248, 4123.08
102248, 4123.08
102248, 4127.18
102248, 4124.1
102279, 4122.56
102279, 4126.67
102279, 4126.15
102279, 4124.62
102311, 4125.64
102311, 4125.13
102311, 4122.56
102311, 4117.44
102342, 4117.95
102342, 4122.56
102342, 4119.49
102342, 4116.41
102373, 4122.56
102373, 4128.21
102373, 4125.13
102373, 4121.03
102405, 4121.03
102405, 4123.59
102405, 4126.15
102405, 4121.03
102436, 4119.49
102436, 4125.13
102436, 4125.64
102436, 4124.1
102467, 4126.67
102467, 4128.21
102467, 4128.21
102467, 4126.15
102498, 4124.62
102498, 4126.15
102498, 4125.64
102498, 4123.59
102530, 4123.08
102530, 4123.59
102530, 4125.13
102530, 4124.62
102561, 4124.1
102561, 4124.1
102561, 4124.62
102561, 4124.62
102592, 4122.05
102592, 4124.62
102592, 4127.18
102592, 4123.59
102624, 4123.59
102624, 4127.18
102624, 4126.15
102624, 4122.56
102655, 4123.59
102655, 4127.69
102655, 4126.67
102655, 4120
102686, 4120
102686, 4125.64
102686, 4126.15
102686, 4124.62
102717, 4125.13
102717, 4125.64
102717, 4124.1
102717, 4126.15
102749, 4127.69
102749, 4127.18
102749, 4125.64
102749, 4122.05
102780, 4123.59
102780, 4125.13
102780, 4121.54
102780, 4120
102811, 4122.05
102811, 4127.18
102811, 4126.15
102811, 4120
102842, 4121.03
102842, 4122.56
102842, 4123.08
102842, 4125.64
102874, 4126.67
102874, 4125.13
102875, 4123.59
102875, 4124.62
102905, 4124.1
102905, 4124.62
102905, 4124.62
102905, 4122.56
102936, 4123.08
102936, 4125.13
102936, 4124.62
102936, 4125.13
102968, 4124.1
102968, 4122.05
102968, 4125.13
102968, 4127.18
102999, 4125.13
102999, 4123.59
102999, 4123.59
102999, 4125.64
103030, 4124.1
103030, 4118.97
103030, 4119.49
103030, 4125.64
103061, 4125.13
103061, 4123.08
103061, 4125.13
103061, 4124.62
103094, 4121.03
103094, 4121.54
103094, 4123.59
103094, 4124.62
103124, 4126.15
103124, 4123.59
103124, 4123.08
103124, 4124.62
103155, 4121.03
103155, 4120
103155, 4123.59
103155, 4126.67
103187, 4124.1
103187, 4123.08
103187, 4124.62
103187, 4123.59
103218, 4124.1
103218, 4124.1
103218, 4123.59
103218, 4125.64
103249, 4125.64
103249, 4124.1
103249, 4125.13
103249, 4127.18
103280, 4125.64
103280, 4124.62
103280, 4126.67
103280, 4128.21
103313, 4126.15
103313, 4126.15
103313, 4126.15
103313, 4124.1
103343, 4123.08
103343, 4123.59
103343, 4124.1
103343, 4123.59
103374, 4123.59
103374, 4126.15
103374, 4128.72
103374, 4128.72
103405, 4124.62
103405, 4121.54
103405, 4125.13
103405, 4126.67
103437, 4124.62
103437, 4125.13
103437, 4126.67
103437, 4126.15
103468, 4124.1
103468, 4125.13
103468, 4125.64
103468, 4124.1
103499, 4125.13
103499, 4125.13
103499, 4123.59
103499, 4125.64
103531, 4126.15
103531, 4125.64
103531, 4127.69
103531, 4127.18
103562, 4123.59
103562, 4122.56
103563, 4126.15
103563, 4126.15
103593, 4124.1
103593, 4127.18
103593, 4126.15
103593, 4121.03
103624, 4121.54
103624, 4126.15
103624, 4128.72
103624, 4127.69
103656, 4125.64
103656, 4124.62
103656, 4125.13
103656, 4124.62
103687, 4123.08
103687, 4123.59
103687, 4125.64
103687, 4123.59
103718, 4123.59
103718, 4126.15
103718, 4125.13
103718, 4123.08
103750, 4124.62
103750, 4128.21
103750, 4125.13
103750, 4120
103781, 4120
103781, 4120.51
103781, 4123.08
103781, 4127.69
103812, 4127.18
103812, 4124.62
103812, 4124.1
103812, 4126.67
103843, 4126.67
103843, 4125.13
103843, 4125.13
103843, 4123.08
103875, 4123.08, estimuli
103875, 4125.13
103875, 4124.1
103875, 4125.64
103906, 4128.72
103906, 4126.67
103906, 4123.59
103906, 4122.56
103937, 4123.08
103938, 4126.15
103938, 4127.69
103938, 4124.62
103968, 4121.03
103968, 4126.67
103968, 4127.18
103968, 4115.38
104000, 4112.31
104000, 4122.05
104000, 4132.31
104000, 4136.92
104031, 4135.38
104031, 4130.26
104031, 4120
104031, 4110.77
104062, 4113.85
104062, 4124.1
104062, 4132.31
104062, 4138.97
104094, 4138.97
104094, 4128.72
104094, 4117.44
104094, 4111.79
104126, 4109.74
104126, 4116.92
104126, 4131.79
104126, 4140.51
104156, 4135.9
104157, 4127.18
104157, 4117.95
104157, 4111.28
104187, 4112.82
104187, 4121.03
104187, 4128.21
104187, 4133.33
104219, 4134.36
104219, 4125.13
104219, 4116.41
104219, 4110.77
104250, 4109.23
104250, 4120
104250, 4132.82
104250, 4134.36
104281, 4131.79
104281, 4127.69
104281, 4120.51
104281, 4111.79
104313, 4109.74
104313, 4118.97
104313, 4128.72
104313, 4133.85
104344, 4133.33
104344, 4130.77
104344, 4122.05
104344, 4111.79
104375, 4114.36
104375, 4124.1
104375, 4130.26
104375, 4133.85
104406, 4134.36
104406, 4129.23
104406, 4121.03
104406, 4111.79
104438, 4111.28
104438, 4122.05
104438, 4132.31
104438, 4136.41
104469, 4136.92
104469, 4130.26
104469, 4115.38
104469, 4107.69
104500, 4114.36
104500, 4122.56
104500, 4132.82
104500, 4140.51
104531, 4138.97
104531, 4132.31
104531, 4120.51
104531, 4110.26
104563, 4113.33
104563, 4124.1
104563, 4132.82
104563, 4137.44
104594, 4138.46
104594, 4131.28
104594, 4117.95
104594, 4107.69
104625, 4108.21
104625, 4121.54
104625, 4131.28
104625, 4131.79
104657, 4132.31
104657, 4131.28
104657, 4118.46
104657, 4107.18
104688, 4109.23
104688, 4121.54
104688, 4132.82
104688, 4138.97
104719, 4137.44
104719, 4129.23
104719, 4120.51
104719, 4111.79
104750, 4110.77
104750, 4121.03
104750, 4130.77
104750, 4135.38
104782, 4134.87
104782, 4129.74
104782, 4120.51
104782, 4111.28
104813, 4111.28
104813, 4120.51
104813, 4129.74
104813, 4135.38
104844, 4136.41
104844, 4130.26
104844, 4118.97
104844, 4111.28
104876, 4112.31
104876, 4120
104876, 4131.79
104876, 4140.51
104907, 4136.41
104907, 4127.69
104907, 4118.97
104907, 4111.79
104938, 4115.9
104938, 4125.13
104938, 4132.31
104938, 4137.44
104969, 4137.44
104970, 4125.64
104970, 4113.85
104970, 4118.97
105001, 4127.18
105001, 4125.64
105001, 4124.62
105001, 4126.67
105032, 4126.67
105032, 4125.64
105032, 4121.03
105032, 4119.49
105063, 4122.56
105063, 4122.05
105063, 4121.54
105063, 4125.13
105095, 4126.15
105095, 4125.13
105095, 4125.64
105095, 4125.64
105126, 4123.08
105126, 4125.13
105126, 4126.15
105126, 4121.03
105157, 4120
105157, 4123.08
105157, 4126.15
105157, 4126.67
105188, 4123.08
105188, 4121.03
105188, 4122.05
105188, 4125.64
105220, 4125.64
105220, 4124.62
105220, 4127.18
105220, 4126.67
105251, 4124.62
105251, 4125.13
105251, 4124.62
105251, 4124.1
105282, 4123.59
105282, 4124.62
105282, 4126.15
105282, 4125.13
105313, 4126.15
105313, 4126.67
105313, 4124.1
105313, 4124.62
105345, 4126.15
105345, 4123.59
105345, 4122.56
105345, 4124.1
105376, 4126.15
105376, 4125.13
105376, 4126.15
105376, 4125.64
105407, 4121.54
105407, 4122.05
105407, 4128.21
105407, 4128.21
105439, 4123.59
105439, 4123.59
105439, 4127.18
105439, 4127.18
105470, 4124.62
105470, 4124.1
105470, 4124.62
105470, 4126.15
105501, 4124.62
105501, 4123.59
105501, 4127.18
105501, 4126.67
105532, 4126.67
105532, 4127.18
105532, 4123.08
105532, 4122.56
105564, 4125.64
105564, 4126.67
105564, 4124.62
105564, 4123.59
105595, 4125.13
105595, 4125.13
105595, 4124.1
105595, 4124.62
105626, 4125.13
105626, 4125.13
105626, 4122.56
105626, 4122.05
105657, 4124.62
105657, 4124.62
105657, 4124.62
105657, 4125.64
105689, 4124.62
105689, 4123.08
105689, 4125.13
105689, 4126.67
105720, 4125.13
105720, 4127.18
105720, 4128.72
105720, 4125.13
105751, 4123.59
105751, 4126.67
105751, 4127.18
105751, 4126.67
105783, 4125.13
105783, 4125.13
105784, 4127.18
105784, 4125.64
105814, 4123.08
105814, 4124.62
105814, 4126.67
105814, 4125.13
105845, 4124.1
105846, 4125.64
105846, 4125.13
105846, 4124.1
105876, 4124.1
105876, 4122.56
105876, 4124.62
105876, 4126.15
105908, 4123.59
105908, 4124.1
105908, 4123.59
105908, 4120
105939, 4120
105939, 4125.13
105939, 4127.69
105939, 4123.59
105970, 4122.56
105970, 4125.13
105971, 4125.64
105971, 4126.15
106002, 4128.21
106003, 4126.67
106003, 4123.59
106003, 4124.62
106033, 4127.69
106033, 4125.64
106033, 4122.56
106033, 4123.59
106064, 4125.64
106064, 4126.15
106064, 4124.62
106064, 4125.64
106095, 4126.67
106095, 4123.59
106095, 4122.05
106095, 4124.1
106127, 4128.21
106127, 4130.26
106127, 4126.15
106128, 4123.08
106158, 4125.64
106159, 4126.67
106159, 4125.13
106159, 4122.56
106189, 4120
106189, 4122.56
106189, 4124.62
106189, 4125.13
106220, 4124.62
106220, 4125.13
106220, 4126.15
106221, 4126.67
106252, 4127.69
106252, 4124.1
106252, 4122.56
106252, 4126.15
106283, 4124.1
106283, 4121.03
106283, 4123.59
106284, 4124.62
106314, 4123.59
106314, 4123.59
106314, 4124.62
106314, 4125.64
106347, 4125.64
106347, 4126.67
106347, 4127.18
106347, 4126.15
106378, 4126.67
106378, 4127.69
106378, 4127.69
106378, 4124.1
106408, 4123.59
106408, 4126.15
106408, 4126.15
106409, 4125.13
106439, 4125.64
106440, 4126.15
106440, 4124.62
106440, 4123.59
106471, 4126.67
106471, 4127.18
106471, 4124.1
106471, 4123.08
106502, 4123.08
106502, 4125.13
106502, 4125.64
106502, 4122.56
106533, 4125.13
106533, 4128.21
106533, 4127.18
106533, 4126.67
106565, 4126.67
106565, 4125.13
106565, 4125.13
106565, 4125.64
106596, 4125.64
106596, 4127.18
106596, 4128.21
106596, 4125.13
106627, 4124.62
106628, 4127.69
106628, 4126.15
106628, 4123.08
106658, 4124.62
106658, 4125.64
106658, 4123.59
106658, 4122.05
106690, 4125.64
106690, 4129.74
106690, 4128.21
106690, 4125.13
106721, 4123.59
106721, 4124.62
106721, 4126.67
106721, 4126.15
106752, 4126.15
106752, 4125.64
106752, 4126.15
106752, 4126.67
106783, 4124.62
106783, 4124.1
106783, 4124.1
106783, 4125.64
106815, 4128.21
106815, 4129.23
106815, 4127.18
106815, 4123.59
106846, 4124.1
106847, 4127.18
106847, 4123.59
106847, 4120.51
106877, 4123.59
106877, 4125.13
106877, 4122.56
106877, 4123.59
106909, 4125.13
106909, 4125.13
106909, 4124.1
106909, 4125.13
106940, 4123.59
106940, 4122.56
106940, 4125.13
106940, 4127.18
106971, 4126.15
106971, 4123.08
106971, 4122.05
106971, 4124.1
107002, 4125.13, estimuli
107002, 4125.64
107002, 4125.13
107002, 4124.62
107034, 4126.67
107034, 4124.62
107034, 4122.56
107034, 4125.64
107065, 4127.69
107065, 4124.62
107065, 4123.59
107065, 4128.21
107096, 4127.69
107096, 4123.59
107096, 4124.62
107096, 4121.03
107128, 4114.36
107128, 4118.97
107128, 4129.74
107128, 4136.92
107159, 4136.92
107159, 4130.77
107159, 4120
107159, 4111.79
107190, 4112.31
107190, 4118.97
107190, 4129.74
107190, 4138.97
107221, 4138.46
107221, 4129.23
107221, 4117.95
107221, 4111.79
107253, 4115.38
107253, 4122.56
107253, 4129.74
107254, 4140.51
107284, 4142.56
107284, 4130.26
107284, 4115.38
107284, 4111.28
107315, 4115.9
107315, 4122.05
107315, 4130.26
107315, 4134.36
107347, 4136.92
107347, 4132.82
107347, 4119.49
107347, 4110.26
107378, 4110.26
107378, 4119.49
107378, 4133.33
107378, 4140.51
107409, 4137.44
107409, 4129.74
107409, 4121.54
107409, 4114.87
107440, 4116.41
107440, 4126.15
107440, 4134.36
107440, 4136.41
107472, 4136.41
107472, 4128.21
107472, 4116.41
107472, 4110.77
107503, 4113.85
107503, 4122.05
107503, 4129.74
107503, 4136.41
107534, 4138.46
107534, 4131.79
107534, 4119.49
107534, 4109.23
107565, 4110.77
107565, 4122.05
107565, 4131.79
107565, 4134.87
107597, 4133.85
107597, 4129.23
107597, 4121.03
107597, 4111.28
107628, 4113.85
107628, 4125.64
107628, 4132.31
107628, 4137.44
107659, 4141.03
107659, 4133.33
107659, 4119.49
107659, 4114.87
107691, 4117.44
107691, 4119.49
107691, 4126.15
107691, 4138.97
107722, 4140
107722, 4127.69
107722, 4114.36
107722, 4109.74
107753, 4115.38
107753, 4122.56
107753, 4131.79
107753, 4142.05
107784, 4141.03
107784, 4129.74
107784, 4117.95
107784, 4112.31
107816, 4114.87
107816, 4124.62
107816, 4136.41
107816, 4141.54
107847, 4138.97
107847, 4130.77
107847, 4121.03
107847, 4112.31
107878, 4110.26
107878, 4122.05
107878, 4137.95
107878, 4142.05
107910, 4138.97
107910, 4130.26
107910, 4119.49
107910, 4112.82
107941, 4113.33
107941, 4122.05
107941, 4135.9
107941, 4145.13
107972, 4141.03
107972, 4128.72
107972, 4119.49
107972, 4113.33
108003, 4114.36
108003, 4124.62
108003, 4134.87
108003, 4138.46
108035, 4136.41
108035, 4129.23
108035, 4118.46
108035, 4109.23
108066, 4112.31
108066, 4122.05
108066, 4130.77
108066, 4137.95
108098, 4134.87
108098, 4123.59
108098, 4119.49
108098, 4123.08
108128, 4126.15
108128, 4127.69
108128, 4125.13
108128, 4123.59
108160, 4125.13
108160, 4126.67
108160, 4125.64
108160, 4124.62
108191, 4125.13
108191, 4125.13
108191, 4125.13
108191, 4124.62
108222, 4126.15
108222, 4127.18
108222, 4122.56
108222, 4124.1
108254, 4127.69
108254, 4124.1
108254, 4123.08
108254, 4124.62
108285, 4126.15
108285, 4127.18
108285, 4125.13
108285, 4125.13
108316, 4127.18
108316, 4127.69
108316, 4125.64
108316, 4125.13
108347, 4128.72
108347, 4129.74
108347, 4126.67
108347, 4125.64
108379, 4127.18
108379, 4128.72
108379, 4127.18
108379, 4123.59
108410, 4126.15
108410, 4128.21
108410, 4125.64
108410, 4124.1
108441, 4125.64
108441, 4126.15
108441, 4123.59
108441, 4124.1
108473, 4125.64
108473, 4124.1
108473, 4124.1
108473, 4124.1
108504, 4124.62
108504, 4128.72
108504, 4126.15
108504, 4119.49
108535, 4121.03
108535, 4124.1
108535, 4120.51
108535, 4118.97
108566, 4127.69
108566, 4130.77
108566, 4125.13
108566, 4125.64
108598, 4129.23
108598, 4127.69
108598, 4123.59
108598, 4125.64
108629, 4128.21
108629, 4125.64
108629, 4125.13
108629, 4126.67
108660, 4126.67
108660, 4127.18
108660, 4125.13
108660, 4123.59
108691, 4127.18
108691, 4128.21
108691, 4127.18
108691, 4126.67
108723, 4123.59
108723, 4123.08
108723, 4125.64
108723, 4126.67
108754, 4124.1
108754, 4123.59
108754, 4124.62
108754, 4125.64
108785, 4127.69
108785, 4127.69
108785, 4126.67
108785, 4126.67
108817, 4124.62
108817, 4125.13
108817, 4126.15
108817, 4125.13
108848, 4127.18
108848, 4128.21
108848, 4125.64
108848, 4124.1
108879, 4125.13
108879, 4127.18
108879, 4127.18
108879, 4127.18
108910, 4127.69
108910, 4126.15
108910, 4124.1
108910, 4125.13
108942, 4125.64
108942, 4125.64
108943, 4128.21
108943, 4130.26
108973, 4125.13
108973, 4122.05
108973, 4126.15
108973, 4126.15
109004, 4124.62
109004, 4127.18
109004, 4127.69
109004, 4126.15
109036, 4123.08
109036, 4124.62
109036, 4128.21
109036, 4126.15
109067, 4124.62
109067, 4127.18
109067, 4128.21
109067, 4126.15
109098, 4124.1
109098, 4127.18
109098, 4126.67
109098, 4122.56
109129, 4125.64
109129, 4130.26
109129, 4128.72
109130, 4125.64
109161, 4125.64
109161, 4127.18
109161, 4126.67
109161, 4126.67
109192, 4126.67
109192, 4127.18
109192, 4127.69
109192, 4124.1
109223, 4123.08
109223, 4125.64
109223, 4124.1
109223, 4122.05
109254, 4125.64
109254, 4129.23
109254, 4126.67
109254, 4124.62
109286, 4127.69
109286, 4128.72
109286, 4126.67
109286, 4125.64
109317, 4124.62
109317, 4125.13
109317, 4125.13
109317, 4123.59
109348, 4124.1
109348, 4126.15
109349, 4125.13
109349, 4124.62
109380, 4126.67
109380, 4127.18
109380, 4124.62
109380, 4125.64
109411, 4128.21
109411, 4126.67
109411, 4124.62
109411, 4124.1
109442, 4124.62
109442, 4125.64
109442, 4123.59
109442, 4123.08
109473, 4126.67
109473, 4128.21
109473, 4125.13
109473, 4124.1
109505, 4127.18
109505, 4126.67
109505, 4124.1
109505, 4125.13
109536, 4126.15
109536, 4127.18
109536, 4126.67
109536, 4125.64
109567, 4125.13
109567, 4124.62
109567, 4124.62
109567, 4125.13
109599, 4126.67
109599, 4127.18
109599, 4125.13
109599, 4126.15
109630, 4128.72
109630, 4126.67
109630, 4126.15
109630, 4126.15
109661, 4124.62
109661, 4125.64
109661, 4124.62
109661, 4126.15
109692, 4127.18
109692, 4122.05
109692, 4121.03
109692, 4127.69
109724, 4130.77
109724, 4126.67
109724, 4125.64
109724, 4126.15
109755, 4124.62
109755, 4124.62
109755, 4125.64
109755, 4127.18
109786, 4127.18
109786, 4126.67
109786, 4126.67
109786, 4124.1
109817, 4123.08
109817, 4127.69
109817, 4129.23
109817, 4126.15
109849, 4126.15
109849, 4127.69
109849, 4127.18
109849, 4125.13
109880, 4125.13
109880, 4127.18
109880, 4125.13
109880, 4124.62
109911, 4125.13
109911, 4124.62
109911, 4125.13
109911, 4124.1
109943, 4126.15
109943, 4126.67
109943, 4121.54
109943, 4122.05
109974, 4126.15
109974, 4126.15
109974, 4124.1
109974, 4125.64
110005, 4126.15
110005, 4123.08
110005, 4122.05
110005, 4124.1
110036, 4122.56, estimuli
110036, 4120
110036, 4121.03
110036, 4124.62
110068, 4124.62
110068, 4122.05
110068, 4124.62
110068, 4125.64
110099, 4126.15
110099, 4127.18
110099, 4124.62
110099, 4124.1
110130, 4126.15
110130, 4125.64
110130, 4122.56
110130, 4117.95
110162, 4116.92
110162, 4123.59
110162, 4133.33
110162, 4140
110193, 4138.97
110193, 4127.69
110193, 4115.9
110193, 4110.77
110224, 4113.85
110224, 4123.08
110224, 4134.87
110224, 4138.46
110255, 4131.28
110255, 4125.64
110255, 4118.46
110255, 4111.79
110287, 4116.92
110287, 4125.64
110287, 4132.82
110287, 4141.03
110318, 4140
110318, 4127.18
110318, 4115.9
110318, 4111.28
110349, 4108.21
110349, 4116.41
110349, 4134.36
110349, 4141.54
110380, 4137.95
110380, 4130.77
110380, 4115.9
110380, 4108.72
110412, 4116.41
110412, 4128.72
110412, 4136.92
110412, 4137.95
110443, 4134.87
110443, 4129.23
110443, 4121.54
110443, 4111.28
110474, 4108.72
110474, 4121.03
110474, 4136.41
110474, 4140
110506, 4133.85
110506, 4124.62
110506, 4115.38
110506, 4107.69
110537, 4109.74
110537, 4123.08
110537, 4130.77
110537, 4134.87
110568, 4135.38
110568, 4125.64
110568, 4115.38
110568, 4112.31
110599, 4115.38
110599, 4121.54
110599, 4131.28
110599, 4135.9
110631, 4133.33
110631, 4130.26
110631, 4120
110631, 4108.72
110662, 4114.87
110662, 4125.13
110662, 4129.74
110662, 4135.9
110693, 4136.92
110693, 4125.13
110693, 4113.33
110693, 4111.28
110725, 4116.92
110725, 4124.1
110725, 4129.74
110725, 4135.9
110756, 4135.38
110756, 4129.74
110756, 4121.54
110756, 4111.28
110787, 4112.31
110788, 4125.64
110788, 4133.85
110788, 4133.33
110818, 4133.85
110818, 4126.15
110818, 4112.31
110818, 4108.72
110850, 4111.28
110850, 4119.49
110850, 4135.9
110850, 4140.51
110881, 4134.36
110881, 4127.18
110881, 4115.9
110881, 4111.79
110912, 4118.97
110912, 4124.1
110912, 4131.28
110912, 4138.97
110943, 4134.36
110943, 4121.54
110943, 4115.9
110943, 4111.79
110975, 4109.23
110975, 4118.97
110975, 4132.82
110975, 4138.46
111006, 4134.36
111006, 4125.13
111006, 4117.95
111006, 4113.85
111037, 4115.38
111037, 4123.59
111037, 4131.28
111037, 4134.36
111069, 4133.85
111069, 4125.13
111069, 4112.82
111069, 4107.69
111100, 4113.85
111100, 4122.05
111100, 4129.74
111100, 4138.46
111131, 4136.92
111131, 4128.21
111131, 4123.59
111131, 4124.1
111162, 4127.18
111162, 4125.13
111162, 4125.13
111162, 4128.72
111194, 4128.21
111195, 4124.1
111195, 4122.05
111195, 4126.15
111225, 4129.74
111225, 4128.21
111225, 4126.67
111225, 4126.67
111256, 4126.67
111256, 4124.1
111256, 4123.59
111256, 4128.21
111288, 4128.72
111288, 4124.62
111288, 4125.64
111288, 4127.69
111319, 4125.64
111319, 4125.13
111319, 4125.13
111319, 4124.62
111350, 4125.64
111350, 4129.23
111350, 4128.72
111350, 4123.08
111381, 4123.08
111381, 4128.21
111381, 4128.72
111381, 4124.62
111413, 4122.56
111413, 4124.1
111413, 4126.15
111413, 4126.15
111444, 4126.15
111444, 4126.67
111444, 4126.15
111444, 4123.59
111475, 4123.59
111475, 4125.64
111475, 4125.64
111475, 4123.08
111506, 4124.1
111506, 4124.1
111506, 4123.08
111506, 4123.59
111538, 4127.18
111538, 4128.21
111538, 4124.62
111538, 4126.15
111569, 4127.18
111569, 4127.18
111569, 4127.69
111569, 4126.67
111600, 4126.15
111600, 4124.62
111600, 4124.62
111601, 4127.18
111632, 4127.18
111632, 4125.64
111632, 4124.62
111632, 4124.1
111663, 4126.67
111663, 4128.21
111663, 4127.18
111663, 4124.62
111694, 4125.13
111694, 4127.69
111694, 4123.59
111694, 4123.59
111725, 4130.26
111725, 4130.26
111725, 4124.1
111725, 4123.08
111757, 4127.69
111757, 4127.69
111757, 4124.1
111757, 4124.62
111788, 4127.18
111788, 4126.15
111788, 4124.62
111788, 4125.64
111819, 4127.18
111819, 4125.64
111819, 4124.1
111819, 4125.64
111851, 4126.67
111851, 4126.15
111851, 4125.13
111851, 4123.59
111882, 4123.59
111882, 4125.13
111882, 4125.64
111882, 4123.08
111913, 4123.08
111913, 4126.15
111913, 4124.1
111913, 4122.05
111944, 4125.13
111944, 4125.64
111944, 4125.13
111944, 4125.64
111976, 4125.64
111976, 4126.15
111976, 4125.13
111976, 4125.64
112007, 4127.18
112007, 4126.15
112007, 4124.62
112007, 4125.64
112038, 4125.64
112038, 4122.56
112038, 4124.1
112038, 4128.21
112069, 4128.21
112069, 4127.69
112069, 4125.64
112069, 4123.59
112101, 4127.18
112101, 4127.18
112101, 4124.1
112101, 4124.62
112132, 4126.67
112132, 4127.69
112132, 4126.67
112132, 4125.64
112163, 4127.69
112163, 4126.15
112163, 4124.1
112163, 4125.64
112195, 4126.15
112195, 4125.13
112195, 4124.1
112195, 4125.64
112226, 4126.15
112226, 4125.13
112226, 4127.69
112226, 4128.72
112257, 4126.67
112257, 4123.59
112257, 4123.08
112257, 4125.13
112288, 4124.62
112288, 4125.13
112288, 4125.64
112288, 4125.64
112320, 4125.13
112320, 4123.08
112320, 4123.59
112320, 4125.64
112351, 4125.13
112351, 4125.64
112351, 4125.64
112351, 4125.64
112382, 4127.18
112382, 4126.67
112382, 4124.62
112382, 4124.1
112414, 4124.62
112414, 4125.64
112414, 4126.67
112414, 4127.69
112445, 4125.64
112445, 4121.03
112445, 4120.51
112445, 4123.59
112477, 4126.15
112477, 4126.67
112477, 4124.62
112477, 4125.13
112507, 4125.64
112507, 4124.1
112507, 4122.05
112507, 4123.59
112539, 4126.15
112539, 4122.05
112539, 4118.46
112539, 4123.59
112570, 4126.15
112570, 4120.51
112570, 4118.97
112570, 4126.15
112601, 4127.69
112601, 4122.56
112601, 4123.59
112601, 4125.64
112633, 4123.59
112633, 4124.1
112633, 4126.15
112633, 4126.67
112664, 4126.15
112664, 4125.64
112664, 4128.21
112664, 4126.15
112695, 4123.59
112695, 4125.13
112695, 4125.13
112695, 4123.59
112726, 4123.59
112726, 4124.1
112726, 4125.13
112726, 4125.13
112758, 4123.59
112758, 4123.08
112758, 4124.62
112758, 4125.64
112789, 4125.13
112789, 4125.13
112789, 4125.13
112789, 4126.15
112820, 4125.64
112820, 4121.03
112820, 4123.08
112820, 4127.18
112851, 4124.62
112851, 4121.54
112851, 4120
112851, 4120.51
112883, 4125.13
112883, 4127.69
112883, 4124.62
112883, 4120.51
112914, 4122.56
112914, 4127.18
112914, 4126.67
112914, 4125.64
112945, 4125.64
112945, 4124.62
112945, 4125.13
112945, 4126.15
112977, 4127.18
112977, 4125.64
112977, 4121.54
112977, 4122.05
113008, 4125.64
113008, 4126.15
113008, 4126.15
113008, 4125.64
113039, 4125.13
113039, 4124.62
113039, 4125.64
113039, 4125.64
113070, 4124.62
113070, 4128.21
113070, 4127.69
113071, 4126.15
113102, 4127.18
113102, 4125.64
113102, 4124.62
113102, 4126.67
113133, 4127.69
113133, 4126.67
113133, 4125.64
113133, 4126.15
113164, 4125.13
113164, 4122.05
113164, 4121.03
113164, 4126.15
113196, 4129.23
113196, 4124.62
113196, 4124.62
113196, 4126.67
113227, 4123.59
113227, 4123.08
113227, 4125.64
113227, 4125.64
113258, 4125.13
113258, 4124.62
113258, 4125.64
113258, 4126.15
113289, 4124.1
113289, 4124.62
113289, 4127.18
113289, 4127.69
113321, 4125.64
113321, 4124.1
113321, 4125.64
113321, 4125.13
113352, 4124.1
113352, 4126.67
113352, 4126.67
113352, 4123.08
113383, 4123.08
113383, 4127.18
113383, 4127.69
113383, 4122.56
113414, 4124.1
113414, 4128.72
113414, 4127.18
113414, 4126.67
113446, 4125.13
113446, 4123.08
113446, 4124.1
113446, 4124.62
113477, 4124.1
113477, 4125.64
113477, 4126.67
113477, 4123.59
113508, 4124.1, estimuli
113508, 4126.67
113508, 4125.13
113508, 4125.13
113540, 4129.23
113540, 4127.18
113540, 4123.59
113540, 4125.13
113571, 4127.69
113571, 4128.21
113571, 4127.18
113571, 4125.13
113602, 4123.08
113602, 4125.13
113602, 4127.69
113602, 4120
113633, 4115.38
113633, 4124.1
113633, 4134.87
113633, 4139.49
113665, 4135.9
113665, 4129.23
113665, 4119.49
113665, 4109.74
113696, 4111.79
113696, 4123.59
113696, 4132.31
113696, 4137.44
113727, 4137.95
113727, 4130.26
113727, 4116.41
113727, 4108.21
113758, 4113.85
113758, 4124.62
113758, 4132.82
113758, 4137.95
113790, 4138.46
113790, 4132.82
113790, 4120
113790, 4111.28
113821, 4112.31
113821, 4121.54
113821, 4133.85
113821, 4140
113852, 4137.44
113852, 4130.26
113852, 4123.08
113852, 4116.41
113884, 4113.33
113884, 4121.54
113884, 4132.82
113884, 4134.36
113915, 4133.33
113915, 4129.74
113915, 4118.46
113915, 4109.23
113946, 4113.33
113946, 4127.18
113946, 4136.92
113946, 4136.92
113977, 4135.9
113977, 4130.77
113977, 4119.49
113977, 4112.31
114009, 4118.46
114009, 4127.18
114009, 4130.26
114009, 4134.36
114040, 4135.9
114040, 4127.69
114040, 4115.9
114040, 4110.26
114071, 4114.36
114071, 4123.08
114071, 4130.77
114071, 4140.51
114103, 4140.51
114103, 4126.15
114103, 4114.87
114103, 4111.79
114134, 4115.38
114134, 4122.56
114134, 4131.28
114135, 4139.49
114165, 4137.95
114165, 4128.72
114165, 4116.92
114166, 4107.69
114196, 4110.26
114196, 4120.51
114196, 4132.82
114196, 4140.51
114228, 4140
114228, 4130.26
114228, 4115.38
114228, 4109.23
114259, 4114.36
114259, 4122.56
114259, 4133.33
114259, 4138.97
114290, 4135.9
114290, 4127.69
114290, 4118.46
114290, 4110.26
114321, 4112.31
114321, 4124.1
114321, 4135.38
114321, 4139.49
114353, 4136.92
114353, 4126.67
114353, 4115.9
114353, 4109.23
114384, 4110.77
114384, 4123.08
114384, 4137.44
114384, 4140.51
114415, 4135.38
114415, 4124.62
114415, 4115.38
114415, 4111.28
114447, 4115.38
114447, 4124.62
114447, 4130.77
114447, 4137.44
114478, 4140.51
114478, 4127.69
114478, 4110.77
114478, 4108.21
114509, 4115.38
114509, 4121.03
114509, 4128.21
114509, 4137.44
114540, 4138.97
114540, 4130.26
114540, 4116.92
114540, 4109.74
114572, 4116.41
114572, 4125.64
114572, 4131.28
114572, 4138.97
114603, 4140.51
114603, 4129.23
114603, 4119.49
114603, 4122.56
114634, 4127.69
114634, 4125.64
114634, 4122.56
114634, 4125.13
114666, 4126.15
114666, 4124.62
114666, 4124.62
114666, 4126.15
114697, 4125.13
114697, 4124.1
114697, 4126.67
114697, 4126.67
114728, 4125.64
114728, 4125.64
114728, 4124.62
114728, 4126.15
114759, 4127.69
114759, 4126.15
114759, 4125.13
114759, 4123.59
114791, 4123.08
114791, 4125.13
114791, 4125.64
114791, 4125.64
114822, 4125.13
114822, 4127.18
114822, 4128.21
114822, 4124.1
114853, 4120.51
114853, 4123.08
114853, 4127.18
114853, 4128.21
114884, 4127.69
114884, 4127.69
114884, 4123.08
114884, 4121.03
114916, 4125.64
114916, 4124.1
114916, 4121.54
114916, 4123.59
114947, 4127.69
114947, 4128.21
114947, 4124.62
114947, 4126.67
114978, 4128.72
114978, 4123.59
114978, 4121.03
114978, 4122.56
115010, 4122.05
115010, 4121.03
115010, 4122.05
115010, 4123.59
115041, 4125.64
115041, 4126.15
115041, 4123.59
115041, 4118.97
115072, 4122.05
115072, 4125.64
115072, 4121.54
115072, 4120.51
115103, 4123.59
115103, 4122.05
115103, 4119.49
115103, 4121.54
115135, 4123.08
115135, 4122.05
115135, 4123.08
115135, 4122.05
115166, 4121.03
115166, 4123.59
115166, 4124.1
115167, 4126.67
115197, 4128.21
115197, 4126.67
115197, 4126.15
115197, 4125.13
115229, 4125.64
115229, 4126.67
115229, 4122.05
115229, 4120
115260, 4124.1
115260, 4126.15
115260, 4124.62
115260, 4125.13
115291, 4126.67
115291, 4123.08
115291, 4122.05
115291, 4129.23
115322, 4128.21
115322, 4121.54
115322, 4122.56
115322, 4126.67
115354, 4126.15
115354, 4124.1
115354, 4125.13
115354, 4124.62
115385, 4125.13
115385, 4125.64
115385, 4124.62
115385, 4126.67
115416, 4126.15
115416, 4124.1
115416, 4125.64
115416, 4125.13
115448, 4124.1
115448, 4126.15
115448, 4121.54
115448, 4118.46
115479, 4122.56
115479, 4125.13
115479, 4123.59
115479, 4123.08
115510, 4126.15
115510, 4126.15
115510, 4125.13
115510, 4126.15
115541, 4125.13
115541, 4124.62
115541, 4124.62
115541, 4124.62
115573, 4126.67
115573, 4124.1
115573, 4119.49
115574, 4122.05
115604, 4127.69
115604, 4126.15
115604, 4122.56
115604, 4124.1
115635, 4125.64
115635, 4125.13
115635, 4125.13
115635, 4124.1
115666, 4125.64
115666, 4127.69
115666, 4124.62
115666, 4122.56
115698, 4124.62
115698, 4125.13
115698, 4125.64
115698, 4124.62
115729, 4124.1
115729, 4124.62
115729, 4124.62
115729, 4125.64
115760, 4127.18
115760, 4126.67
115760, 4126.15
115760, 4127.18
115792, 4126.15
115792, 4122.05
115792, 4123.08
115792, 4126.15
115823, 4127.69
115823, 4127.69
115823, 4125.13
115823, 4124.1
115854, 4126.15
115854, 4125.13
115854, 4123.59
115854, 4122.56
115885, 4122.05
115885, 4124.1
115885, 4122.56
115885, 4121.03
115917, 4123.08
115917, 4125.64
115917, 4126.15
115917, 4124.1
115948, 4124.1
115948, 4125.64
115948, 4124.62
115948, 4123.59
115979, 4126.15
115979, 4127.69
115979, 4124.1
115979, 4122.56
116011, 4128.21
116011, 4126.67
116011, 4120.51
116011, 4122.56
116042, 4126.15
116042, 4127.69
116042, 4127.18
116042, 4125.13
116073, 4126.15
116073, 4127.18
116073, 4126.67
116074, 4125.64
116104, 4125.13
116104, 4125.64
116105, 4126.67
116105, 4125.64
116136, 4123.59
116136, 4126.15
116137, 4127.69
116137, 4125.64
116167, 4128.21
116167, 4129.74
116168, 4126.15
116168, 4126.67
116198, 4127.18
116199, 4126.67
116199, 4127.18
116199, 4126.67
116229, 4125.64
116229, 4124.62
116229, 4125.13
116229, 4126.67
116261, 4127.18
116261, 4126.67
116262, 4126.15
116262, 4126.15
116292, 4125.13
116292, 4124.1
116292, 4125.64
116293, 4126.67
116323, 4126.67
116323, 4127.18
116323, 4127.69
116323, 4127.18
116355, 4126.67
116355, 4126.15
116355, 4126.67
116355, 4126.67
116386, 4127.18
116386, 4127.18
116386, 4124.62
116386, 4125.13
116417, 4126.15
116417, 4126.67
116418, 4127.18
116418, 4125.13
116448, 4127.69
116449, 4128.72
116449, 4125.64
116449, 4126.67
116480, 4126.15
116480, 4124.1
116480, 4125.64
116480, 4129.23
116511, 4128.21, estimuli
116512, 4125.64
116512, 4126.67
116512, 4126.15
116542, 4123.59
116543, 4126.67
116543, 4128.72
116543, 4126.15
116574, 4124.62
116574, 4125.64
116574, 4127.18
116574, 4128.72
116605, 4127.18
116606, 4126.15
116606, 4124.62
116606, 4119.49
116636, 4118.97
116637, 4126.67
116637, 4133.85
116637, 4135.38
116667, 4134.87
116667, 4129.74
116667, 4121.03
116668, 4114.87
116699, 4112.82
116700, 4122.05
116700, 4134.87
116700, 4138.97
116730, 4137.44
116730, 4131.79
116730, 4120.51
116730, 4110.77
116761, 4111.79
116761, 4122.56
116761, 4130.26
116761, 4136.41
116792, 4137.44
116792, 4128.72
116792, 4118.97
116792, 4112.82
116824, 4112.82
116824, 4120.51
116824, 4131.79
116824, 4137.95
116855, 4135.9
116855, 4129.74
116855, 4122.05
116855, 4112.82
116886, 4114.36
116886, 4121.54
116886, 4127.18
116886, 4135.38
116918, 4137.95
116918, 4130.77
116918, 4118.46
116918, 4109.74
116949, 4114.36
116949, 4124.1
116949, 4134.36
116949, 4141.03
116980, 4139.49
116980, 4132.31
116980, 4122.05
116980, 4112.82
117011, 4111.79
117011, 4119.49
117011, 4131.79
117011, 4138.97
117043, 4135.9
117043, 4130.26
117044, 4123.59
117044, 4113.85
117074, 4110.77
117074, 4121.03
117074, 4132.82
117074, 4136.41
117105, 4135.38
117105, 4128.72
117105, 4118.97
117105, 4111.79
117137, 4111.79
117137, 4122.56
117137, 4133.33
117137, 4136.92
117168, 4138.46
117168, 4132.31
117168, 4119.49
117168, 4111.79
117199, 4113.33
117199, 4121.03
117199, 4129.74
117199, 4135.38
117230, 4135.9
117230, 4127.69
117230, 4116.41
117230, 4110.26
117262, 4112.82
117262, 4124.62
117262, 4136.92
117262, 4140.51
117293, 4135.38
117293, 4125.64
117293, 4116.92
117293, 4109.74
117324, 4111.28
117324, 4121.54
117324, 4131.79
117324, 4138.46
117355, 4140
117355, 4134.87
117355, 4121.54
117355, 4112.31
117387, 4117.44
117387, 4124.62
117387, 4133.33
117387, 4142.05
117418, 4138.97
117418, 4129.74
117418, 4118.97
117418, 4110.26
117449, 4112.31
117449, 4122.56
117449, 4133.33
117449, 4138.46
117481, 4139.49
117481, 4130.77
117481, 4114.36
117481, 4108.21
117512, 4114.36
117512, 4123.08
117512, 4133.85
117512, 4139.49
117543, 4135.38
117543, 4125.13
117543, 4114.36
117543, 4109.74
117574, 4114.36
117574, 4124.62
117574, 4133.85
117574, 4138.97
117606, 4137.95
117606, 4128.72
117606, 4120
117606, 4116.41
117637, 4118.46
117637, 4126.15
117637, 4127.18
117637, 4122.05
117668, 4122.05
117668, 4123.59
117668, 4124.62
117668, 4124.62
117700, 4126.67
117700, 4129.74
117700, 4126.67
117700, 4123.08
117731, 4125.64
117731, 4127.69
117731, 4125.13
117731, 4124.62
117762, 4129.23
117762, 4129.74
117762, 4126.15
117762, 4125.13
117793, 4124.62
117793, 4126.67
117793, 4130.26
117793, 4128.72
117825, 4127.18
117825, 4127.69
117825, 4127.69
117825, 4128.21
117856, 4128.21
117856, 4127.69
117856, 4127.18
117856, 4127.69
117887, 4129.23
117888, 4127.18
117888, 4125.64
117888, 4127.69
117918, 4127.69
117918, 4125.13
117918, 4123.08
117918, 4124.62
117950, 4126.15
117950, 4125.13
117950, 4126.15
117950, 4125.64
117981, 4124.1
117981, 4124.1
117981, 4124.1
117981, 4125.13
118012, 4127.18
118012, 4127.69
118012, 4126.67
118012, 4125.64
118044, 4128.72
118044, 4129.74
118044, 4126.67
118044, 4126.15
118075, 4125.64
118075, 4124.1
118075, 4122.56
118075, 4123.59
118106, 4125.64
118107, 4125.13
118107, 4125.64
118107, 4126.15
118137, 4125.13
118138, 4126.67
118138, 4125.64
118138, 4122.05
118169, 4121.54
118169, 4125.13
118169, 4127.18
118169, 4125.64
118200, 4125.64
118200, 4127.18
118200, 4124.62
118200, 4124.1
118231, 4125.64
118231, 4123.59
118231, 4123.08
118231, 4123.59
118263, 4124.62
118263, 4123.08
118263, 4119.49
118263, 4120.51
118294, 4124.62
118294, 4126.15
118294, 4123.08
118294, 4123.08
118325, 4127.18
118325, 4126.67
118325, 4126.67
118325, 4126.67
118356, 4126.15
118356, 4126.67
118356, 4125.13
118356, 4124.62
118388, 4126.15
118388, 4124.62
118388, 4124.1
118388, 4125.64
118419, 4125.64
118419, 4126.15
118419, 4127.69
118419, 4127.18
118450, 4125.13
118450, 4124.1
118450, 4126.67
118450, 4127.18
118481, 4127.69
118481, 4126.15
118481, 4124.1
118481, 4126.15
118513, 4126.15
118513, 4124.1
118513, 4124.62
118513, 4124.1
118544, 4125.13
118544, 4124.62
118544, 4122.05
118544, 4123.59
118575, 4124.1
118575, 4121.54
118575, 4121.03
118575, 4125.13
118607, 4126.15
118607, 4121.54
118607, 4122.05
118607, 4124.1
118638, 4119.49
118638, 4118.46
118638, 4121.54
118638, 4122.05
118669, 4124.1
118669, 4127.18
118669, 4125.13
118669, 4121.03
118700, 4123.59
118700, 4124.1
118700, 4121.03
118700, 4123.08
118732, 4125.13
118733, 4125.13
118733, 4123.59
118733, 4122.56
118763, 4125.64
118763, 4126.67
118763, 4125.64
118763, 4124.1
118794, 4123.08
118794, 4124.1
118794, 4126.67
118794, 4127.18
118826, 4125.64
118826, 4124.62
118826, 4125.64
118826, 4124.62
118857, 4120
118857, 4122.05
118857, 4127.69
118857, 4126.67
118888, 4122.56
118888, 4123.08
118888, 4126.67
118888, 4126.67
118919, 4126.15
118919, 4124.62
118919, 4123.59
118919, 4126.67
118951, 4125.13
118951, 4122.05
118951, 4124.62
118952, 4123.08
118982, 4121.54
118982, 4124.1
118982, 4126.15
118982, 4126.15
119013, 4125.13
119013, 4125.64
119013, 4124.1
119013, 4125.64
119044, 4126.67
119044, 4123.59
119044, 4124.1
119044, 4126.15
119076, 4126.15
119076, 4127.69
119076, 4126.15
119076, 4124.62
119107, 4125.64
119107, 4123.59
119107, 4123.08
119107, 4127.69
119138, 4128.21
119138, 4123.59
119138, 4124.1
119138, 4127.18
119170, 4125.64
119171, 4126.67
119171, 4129.23
119171, 4122.56
119201, 4119.49
119201, 4123.59
119201, 4124.1
119201, 4122.56
119232, 4122.56
119232, 4124.1
119232, 4124.62
119232, 4125.64
119263, 4126.67
119263, 4124.62
119263, 4123.59
119263, 4124.62
119295, 4125.13
119295, 4126.15
119295, 4125.13
119295, 4123.59
119326, 4123.08
119326, 4125.64
119326, 4127.18
119326, 4125.13
119357, 4125.64
119357, 4127.18
119357, 4125.64
119357, 4126.15
119389, 4128.21
119390, 4127.69
119390, 4124.62
119390, 4123.59
119420, 4127.69
119420, 4128.21
119420, 4125.13
119420, 4126.15
119451, 4127.69
119451, 4125.64
119451, 4125.64
119451, 4125.64
119482, 4125.13
119482, 4124.1
119482, 4124.62
119482, 4124.62
119514, 4126.15, estimuli
119514, 4128.72
119514, 4127.69
119514, 4124.62
119545, 4126.15
119545, 4127.69
119545, 4125.13
119545, 4122.56
119576, 4126.67
119576, 4130.77
119576, 4128.21
119576, 4127.69
119608, 4127.69
119608, 4128.21
119608, 4129.74
119608, 4123.08
119639, 4114.36
119639, 4118.46
119639, 4131.79
119639, 4143.08
119670, 4142.56
119670, 4132.82
119670, 4118.46
119670, 4108.72
119701, 4113.33
119701, 4123.59
119701, 4131.79
119701, 4138.97
119733, 4138.46
119733, 4131.28
119733, 4122.05
119733, 4112.31
119764, 4110.26
119764, 4120.51
119765, 4133.85
119765, 4138.97
119795, 4137.44
119795, 4132.82
119795, 4123.59
119795, 4113.85
119826, 4109.74
119826, 4120
119826, 4134.87
119826, 4138.97
119858, 4135.38
119858, 4130.77
119858, 4122.56
119858, 4112.82
119889, 4108.72
119889, 4117.44
119889, 4131.28
119889, 4139.49
119920, 4138.46
119920, 4128.21
119920, 4120.51
119920, 4115.9
119952, 4110.26
119952, 4117.95
119952, 4132.82
119952, 4139.49
119983, 4136.41
119983, 4127.18
119983, 4115.38
119983, 4108.21
120014, 4110.77
120014, 4120
120014, 4127.69
120014, 4136.92
120045, 4140.51
120045, 4132.82
120045, 4122.05
120045, 4113.85
120077, 4112.82
120077, 4120
120077, 4130.77
120077, 4138.46
120108, 4138.46
120108, 4132.82
120108, 4122.56
120108, 4113.85
120139, 4113.33
120139, 4120.51
120139, 4130.77
120139, 4138.46
120171, 4138.97
120171, 4135.38
120171, 4124.1
120171, 4112.31
120202, 4114.87
120203, 4124.62
120203, 4131.79
120203, 4137.95
120233, 4140.51
120233, 4136.41
120233, 4122.05
120233, 4112.31
120264, 4115.9
120264, 4121.54
120264, 4128.72
120264, 4140
120296, 4143.59
120296, 4132.82
120296, 4117.95
120296, 4112.82
120327, 4115.9
120327, 4123.08
120327, 4131.79
120327, 4138.97
120358, 4137.95
120358, 4127.18
120358, 4116.92
120358, 4113.33
120389, 4112.82
120389, 4120
120389, 4131.28
120389, 4137.95
120421, 4138.97
120421, 4133.85
120422, 4123.08
120422, 4114.36
120452, 4113.85
120452, 4123.08
120452, 4135.38
120452, 4143.08
120483, 4141.54
120483, 4136.41
120483, 4125.64
120483, 4110.77
120515, 4109.74
120515, 4126.15
120515, 4135.9
120515, 4140.51
120546, 4143.08
120546, 4135.9
120546, 4125.13
120546, 4114.36
120577, 4111.28
120577, 4120
120577, 4132.31
120577, 4140
120608, 4137.95
120608, 4130.26
120608, 4124.1
120608, 4122.05
120640, 4124.62
120640, 4124.62
120640, 4122.56
120640, 4123.59
120671, 4125.64
120671, 4126.67
120671, 4125.13
120671, 4124.1
120702, 4127.69
120702, 4125.13
120702, 4124.62
120702, 4126.67
120734, 4121.54
120734, 4118.46
120734, 4118.97
120734, 4119.49
120765, 4121.54
120765, 4121.54
120765, 4120.51
120765, 4117.95
120796, 4117.44
120796, 4120.51
120796, 4118.97
120796, 4118.46
120827, 4120.51
120827, 4122.05
120828, 4121.54
120828, 4117.95
120859, 4116.92
120859, 4118.97
120859, 4119.49
120859, 4118.46
120890, 4116.41
120890, 4118.46
120890, 4120.51
120890, 4119.49
120921, 4119.49
120921, 4118.97
120921, 4122.05
120921, 4123.08
120952, 4123.59
120952, 4133.33
120952, 4134.87
120952, 4128.21
120984, 4127.18
120984, 4125.64
120984, 4124.1
120984, 4120.51
121015, 4121.03
121015, 4127.18
121015, 4126.67
121015, 4125.13
121046, 4123.08
121046, 4120.51
121046, 4122.56
121046, 4125.64
121078, 4125.64
121078, 4124.62
121078, 4128.21
121079, 4131.28
121109, 4124.62
121109, 4124.1
121109, 4125.64
121109, 4121.54
121140, 4123.59
121140, 4126.67
121140, 4126.15
121140, 4124.1
121171, 4124.62
121171, 4126.67
121171, 4126.15
121171, 4127.69
121203, 4127.69
121203, 4126.15
121203, 4127.69
121203, 4124.62
121234, 4123.59
121234, 4126.15
121234, 4125.64
121235, 4124.62
121265, 4122.05
121265, 4121.03
121265, 4126.15
121265, 4126.67
121296, 4125.13
121296, 4125.64
121296, 4127.18
121296, 4125.13
121328, 4123.08
121328, 4129.23
121329, 4126.15
121329, 4120
121359, 4126.67
121359, 4129.23
121359, 4126.15
121359, 4128.72
121390, 4126.67
121390, 4117.95
121390, 4115.9
121390, 4121.54
121422, 4121.03
121422, 4120.51
121422, 4122.56
121422, 4118.46
121453, 4129.23
121453, 4136.41
121453, 4120
121453, 4115.9
121484, 4128.72
121484, 4134.36
121484, 4128.72
121484, 4124.62
121515, 4128.72
121515, 4133.33
121515, 4136.41
121515, 4137.95
121547, 4133.85
121547, 4129.74
121547, 4129.74
121547, 4132.82
121578, 4133.33
121578, 4127.69
121578, 4131.79
121578, 4136.41
121609, 4123.08
121609, 4118.46
121609, 4129.23
121609, 4130.77
121641, 4124.1
121641, 4125.13
121641, 4128.72
121641, 4129.74
121672, 4135.38
121672, 4137.44
121672, 4134.36
121672, 4140.51
121703, 4140.51
121703, 4135.38
121703, 4135.9
121703, 4134.87
121734, 4132.82
121734, 4132.82
121734, 4135.38
121734, 4136.92
121766, 4135.9
121766, 4137.44
121766, 4134.87
121766, 4129.74
121797, 4133.85
121797, 4135.9
121797, 4136.92
121797, 4138.97
121828, 4130.77
121828, 4126.15
121828, 4132.31
121828, 4132.31
121861, 4126.15
121861, 4130.77
121861, 4131.79
121861, 4122.56
121891, 4127.69
121891, 4134.36
121891, 4131.79
121891, 4136.41
121922, 4134.36
121922, 4129.74
121922, 4136.92
121922, 4142.56
121953, 4140
121953, 4130.26
121953, 4125.13
121953, 4130.77
121985, 4130.77
121985, 4128.72
121985, 4129.23
121985, 4130.77
122016, 4134.36
122016, 4133.33
122016, 4135.9
122016, 4137.95
122047, 4133.33
122047, 4133.33
122047, 4134.87
122047, 4133.85
122079, 4133.85
122079, 4134.36
122079, 4134.87
122079, 4132.31
122110, 4129.23
122110, 4127.18
122110, 4126.15
122110, 4127.69
122141, 4127.69
122141, 4128.72
122141, 4129.23
122141, 4126.15
122172, 4128.21
122172, 4128.21
122172, 4127.18
122172, 4134.36
122204, 4137.95
122204, 4140
122204, 4141.03
122204, 4138.97
122235, 4137.44
122235, 4131.28
122235, 4128.21
122235, 4129.74
122266, 4129.74
122266, 4131.28
122266, 4131.79
122266, 4129.74
122298, 4128.21
122298, 4130.77
122299, 4133.85
122299, 4130.77
122329, 4131.79
122329, 4136.92
122329, 4132.82
122329, 4128.72
122360, 4128.72
122360, 4130.77
122360, 4133.85
122360, 4132.31
122392, 4134.87
122392, 4132.31
122392, 4126.15
122392, 4130.77
122423, 4133.33
122423, 4131.79
122423, 4132.31
122423, 4133.33
122454, 4132.82
122454, 4130.26
122454, 4130.77
122454, 4130.26
122485, 4129.23
122485, 4134.36
122485, 4134.36
122485, 4130.77
122516, 4130.26
122516, 4127.69
122516, 4129.23
122516, 4130.77
122548, 4130.26
122548, 4131.79
122548, 4128.72
122548, 4127.18
122579, 4129.23
122579, 4135.9
122579, 4138.97
122579, 4132.31
122610, 4130.77
122610, 4132.82
122610, 4133.85
122610, 4132.31
122642, 4129.74
122642, 4133.85
122642, 4133.33
122642, 4129.74
122673, 4131.28
122673, 4131.79
122673, 4134.87
122673, 4134.87
122704, 4131.79
122705, 4133.33
122705, 4133.33
122705, 4133.33
122735, 4136.41
122735, 4133.33
122735, 4130.26
122735, 4133.33
122767, 4134.87
122767, 4133.85
122767, 4133.33
122767, 4136.41
122798, 4133.33
122798, 4129.23
122798, 4133.33
122798, 4135.9
122829, 4137.95
122829, 4134.87
122829, 4127.18
122829, 4130.26
122861, 4136.41
122861, 4137.44
122861, 4130.26
122861, 4128.21
122892, 4136.41
122892, 4138.46
122892, 4134.87
122892, 4131.79
122923, 4133.33
122923, 4137.95
122923, 4132.82
122923, 4129.74
122954, 4135.38
122954, 4136.41
122954, 4132.82
122954, 4130.26
122986, 4131.28
122986, 4134.87
122986, 4135.9
122986, 4134.36
123017, 4129.74
123017, 4130.77
123017, 4136.41
123017, 4134.36
123048, 4132.82
123048, 4133.33
123048, 4132.82
123048, 4135.38
123080, 4135.9
123080, 4134.87
123080, 4135.38
123080, 4134.36
123111, 4134.87
123111, 4133.85
123111, 4134.87
123111, 4136.92
123142, 4136.41
123142, 4137.95
123142, 4136.92
123142, 4135.38
123173, 4136.92
123173, 4133.33
123173, 4131.79
123173, 4137.44
123205, 4139.49
123205, 4133.85
123205, 4129.23
123205, 4133.85
123236, 4136.92
123236, 4133.85
123236, 4131.79
123236, 4131.79
123267, 4136.41
123267, 4137.95
123267, 4135.38
123267, 4136.41
123305, 4136.92
123305, 4135.9
123305, 4133.33
123305, 4132.82
123330, 4135.9
123330, 4132.82
123330, 4130.26
123330, 4133.85
123361, 4134.36
123361, 4133.33
123361, 4131.28
123361, 4132.31
123392, 4136.92
123392, 4136.41
123392, 4133.33
123392, 4133.85
123424, 4134.87
123424, 4134.87
123424, 4133.33
123424, 4133.85
123456, 4134.36
123456, 4134.87
123456, 4135.38
123456, 4132.82
123486, 4133.85
123486, 4137.44
123486, 4135.38
123486, 4131.79
123518, 4129.74
123518, 4132.31
123518, 4134.87
123518, 4133.33
123549, 4133.33
123549, 4132.31
123549, 4134.36
123549, 4135.9
123580, 4132.31
123580, 4131.28
123580, 4133.85
123580, 4136.92
123612, 4138.97
123612, 4133.33
123612, 4130.77
123612, 4134.87
123643, 4135.38
123643, 4134.87
123643, 4133.33
123643, 4130.77
123674, 4130.26
123674, 4131.79
123674, 4133.85
123674, 4131.79
123705, 4131.79
123705, 4132.31
123705, 4130.77
123705, 4131.28
123737, 4129.74
123737, 4127.69
123737, 4130.77
123737, 4130.26
123768, 4129.74
123768, 4132.82
123768, 4133.85
123768, 4130.26
123799, 4127.18
123799, 4132.82
123799, 4134.87
123799, 4131.28
123831, 4132.82
123832, 4135.38
123832, 4133.85
123832, 4131.28
123862, 4132.31
123862, 4134.36
123862, 4131.79
123862, 4132.82
123894, 4135.38
123894, 4132.82
123894, 4132.31
123894, 4131.28
123931, 4131.28
123932, 4135.38
123932, 4134.36
123932, 4132.31
