616, 4369.23
624, 4367.69
632, 4368.21
639, 4367.69
647, 4368.21
655, 4369.23
663, 4373.85
671, 4382.56
677, 4389.23
686, 4391.28
695, 4391.28
702, 4390.77
710, 4391.28
718, 4390.77
725, 4386.15
733, 4381.54
741, 4383.08
749, 4386.15
757, 4386.67
764, 4384.62
772, 4380
780, 4379.49
787, 4381.54
796, 4380.51
804, 4377.44
811, 4376.92
819, 4379.49
827, 4382.05
834, 4377.95
842, 4373.33
850, 4376.41
858, 4379.49
866, 4377.44
874, 4377.44
882, 4378.46
890, 4377.95
897, 4376.41
905, 4375.9
914, 4375.9
921, 4376.41
929, 4375.9
937, 4374.87
944, 4374.87
951, 4374.87
960, 4371.79
968, 4369.74
975, 4372.31
983, 4374.36
990, 4372.31
999, 4369.74
1007, 4372.31
1015, 4372.82
1023, 4371.79
1030, 4375.9
1038, 4377.44
1046, 4373.85
1054, 4373.33
1062, 4376.92
1069, 4376.92
1077, 4373.33
1085, 4373.85
1093, 4374.36
1101, 4371.28
1109, 4371.28
1116, 4373.33
1124, 4373.33
1132, 4372.82
1140, 4371.79
1148, 4372.31
1156, 4373.85
1163, 4374.36
1171, 4373.33
1179, 4373.85
1187, 4376.41
1195, 4376.41
1202, 4372.82
1210, 4373.33
1218, 4375.9
1226, 4375.9
1234, 4374.87
1242, 4372.82
1250, 4370.77
1256, 4372.82
1265, 4375.38
1273, 4372.82
1281, 4370.26
1288, 4374.87
1297, 4374.87
1304, 4370.26
1312, 4370.77
1320, 4374.87
1328, 4374.87
1335, 4371.79
1343, 4373.85
1351, 4373.85
1359, 4370.26
1367, 4371.79
1374, 4373.85
1382, 4371.28
1390, 4370.26
1398, 4373.33
1405, 4374.36
1414, 4372.82
1421, 4371.28
1429, 4372.31
1437, 4375.38
1444, 4375.9
1453, 4372.31
1459, 4369.23
1468, 4372.31
1476, 4374.87
1484, 4369.23
1492, 4368.21
1501, 4372.31
1507, 4371.28
1515, 4369.23
1523, 4369.74
1531, 4372.82
1539, 4373.33
1546, 4370.26
1554, 4366.67
1562, 4370.26
1570, 4374.36
1578, 4371.28
1586, 4370.26
1594, 4373.33
1601, 4373.85
1610, 4373.33
1617, 4373.85
1625, 4376.41
1632, 4376.41
1640, 4372.82
1648, 4372.82
1656, 4376.92
1664, 4376.92
1672, 4370.26
1679, 4368.72
1687, 4374.36
1695, 4373.85
1703, 4368.21
1711, 4370.77
1718, 4375.9
1725, 4372.82
1734, 4368.21
1741, 4369.23
1749, 4370.77
1758, 4371.79
1764, 4373.85
1772, 4372.31
1781, 4370.26
1789, 4369.23
1797, 4366.15
1804, 4363.59
1812, 4364.62
1820, 4366.15
1827, 4367.18
1836, 4365.64
1843, 4364.62
1851, 4369.74
1859, 4371.79
1867, 4367.18
1875, 4366.15
1883, 4369.74
1891, 4370.77
1897, 4367.69
1906, 4364.1
1914, 4366.67
1921, 4371.79
1930, 4371.79
1937, 4368.21
1945, 4370.77
1953, 4373.33
1961, 4367.18
1969, 4364.62
1977, 4368.21
1984, 4369.23
1992, 4368.72
2000, 4369.23
2008, 4368.21
2016, 4369.23
2024, 4373.85
2031, 4373.85
2039, 4368.21
2046, 4368.21
2054, 4370.77
2063, 4370.26
2070, 4370.77
2078, 4370.26
2086, 4369.23
2094, 4369.23
2102, 4370.77
2109, 4370.77
2117, 4366.67
2125, 4368.21
2133, 4372.82
2140, 4373.33
2150, 4370.77
2156, 4371.28
2164, 4373.85
2171, 4372.31
2179, 4371.28
2188, 4375.38
2195, 4376.92
2203, 4372.82
2211, 4370.26
2219, 4371.28
2226, 4371.79
2234, 4372.31
2242, 4371.79
2250, 4370.77
2258, 4371.79
2266, 4370.77
2274, 4366.15
2282, 4367.69
2289, 4370.77
2297, 4365.13
2304, 4362.56
2313, 4370.77
2320, 4371.28
2327, 4364.1
2336, 4366.67
2344, 4371.79
2352, 4369.23
2360, 4366.15
2368, 4367.18
2374, 4369.74
2383, 4370.77
2390, 4369.74
2399, 4367.69
2407, 4367.18
2414, 4369.23
2422, 4368.72
2429, 4366.67
2438, 4367.18
2446, 4371.79
2454, 4371.79
2461, 4368.21
2469, 4370.26
2477, 4373.33
2485, 4371.79
2493, 4370.26
2500, 4370.26
2508, 4370.26
2516, 4368.21
2523, 4366.67
2532, 4369.74
2539, 4370.77
2547, 4369.23
2555, 4372.31
2563, 4373.85
2571, 4369.74
2579, 4365.13
2586, 4366.15
2594, 4368.72
2602, 4370.26
2610, 4370.26
2618, 4368.72
2626, 4369.74
2633, 4370.77
2641, 4370.26
2650, 4369.74
2657, 4370.26
2665, 4368.21
2672, 4366.67
2680, 4373.85
2688, 4378.46
2695, 4370.77
2704, 4365.13
2712, 4370.26
2719, 4372.31
2727, 4370.77
2735, 4370.77
2743, 4369.74
2751, 4369.23
2758, 4369.23
2766, 4370.26
2775, 4370.77
2782, 4372.82
2790, 4373.85
2798, 4371.79
2805, 4370.26
2813, 4370.26
2821, 4370.26
2829, 4368.21
2837, 4369.23
2844, 4371.79
2852, 4370.77
2860, 4369.23
2868, 4370.26
2875, 4372.82
2884, 4374.36
2891, 4373.33
2899, 4370.26
2907, 4370.26
2915, 4371.79
2923, 4373.85
2931, 4372.82
2938, 4371.28
2946, 4372.82
2954, 4372.82
2962, 4369.74
2971, 4370.26
2977, 4370.77
2985, 4370.26
2993, 4370.77
3000, 4371.28
3008, 4371.79
3017, 4371.79
3024, 4370.77
3032, 4371.28
3040, 4373.85
3049, 4375.38
3056, 4372.31
3063, 4370.26
3071, 4371.28
3079, 4371.28
3087, 4372.31
3095, 4374.87
3103, 4371.79
3110, 4367.18
3118, 4370.77
3126, 4376.92
3134, 4375.9
3141, 4371.79
3149, 4373.33
3157, 4374.87
3165, 4373.85
3173, 4373.33
3181, 4372.31
3189, 4374.36
3196, 4376.41
3204, 4372.82
3212, 4371.28
3220, 4374.36
3228, 4372.82
3235, 4370.26
3243, 4372.82
3251, 4375.38
3259, 4374.36
3267, 4371.79
3275, 4370.77
3282, 4374.36
3290, 4378.97
3298, 4375.38
3306, 4369.23
3315, 4370.77
3321, 4374.87
3329, 4373.85
3337, 4372.82
3345, 4375.38
3353, 4373.85
3361, 4371.79
3368, 4373.33
3376, 4373.33
3384, 4374.87
3392, 4375.9
3400, 4371.28
3408, 4371.28
3415, 4376.41
3423, 4374.87
3431, 4371.79
3439, 4373.85
3448, 4375.9
3454, 4373.33
3461, 4371.79
3469, 4373.85
3478, 4374.36
3486, 4371.79
3493, 4374.36
3501, 4376.92
3509, 4372.82
3517, 4369.23
3525, 4374.36
3533, 4376.92
3539, 4373.33
3548, 4373.85
3557, 4375.9
3564, 4376.92
3572, 4376.41
3580, 4373.85
3587, 4373.85
3595, 4372.82
3603, 4370.26
3610, 4368.21
3619, 4368.72
3626, 4371.79
3634, 4374.87
3642, 4372.31
3650, 4369.23
3658, 4372.82
3666, 4376.92
3673, 4374.87
3681, 4372.31
3689, 4374.36
3697, 4376.92
3705, 4375.9
3712, 4373.85
3720, 4371.79
3727, 4372.82
3736, 4373.85
3744, 4373.33
3752, 4373.85
3759, 4376.41
3767, 4374.87
3775, 4372.31
3783, 4374.36
3791, 4377.44
3798, 4374.87
3807, 4369.74
3814, 4370.26
3822, 4372.31
3830, 4370.77
3838, 4369.74
3845, 4373.85
3853, 4375.38
3861, 4371.28
3869, 4370.26
3877, 4374.87
3885, 4375.9
3892, 4373.33
3900, 4374.36
3907, 4376.41
3916, 4371.79
3924, 4367.69
3931, 4371.79
3939, 4376.92
3947, 4374.87
3954, 4370.26
3963, 4372.82
3971, 4378.46
3978, 4375.9
3986, 4370.77
3994, 4369.74
4002, 4372.82
4010, 4375.38
4017, 4374.87
4024, 4373.33
4033, 4373.33
4041, 4372.82
4049, 4372.82
4057, 4373.33
4064, 4374.36
4072, 4372.82
4080, 4373.85
4088, 4376.92
4096, 4375.9
4103, 4373.33
4112, 4374.87
4119, 4375.38
4127, 4372.31
4135, 4371.79
4143, 4375.38
4150, 4375.38
4157, 4371.79
4166, 4374.36
4174, 4378.46
4182, 4375.38
4189, 4373.33
4197, 4374.87
4205, 4374.87
4213, 4372.82
4221, 4373.85
4229, 4375.9
4236, 4374.87
4244, 4372.82
4252, 4372.82
4260, 4374.87
4268, 4373.85
4275, 4371.79
4283, 4375.9
4291, 4377.95
4299, 4373.85
4307, 4373.33
4315, 4375.9
4322, 4375.9
4330, 4375.38
4338, 4372.31
4346, 4370.26
4354, 4372.82
4361, 4372.31
4368, 4370.77
4377, 4374.87
4385, 4377.95
4393, 4373.33
4401, 4370.77
4408, 4374.87
4416, 4375.9
4424, 4372.82
4432, 4372.82
4440, 4373.85
4447, 4373.33
4455, 4373.85
4463, 4373.85
4471, 4374.36
4479, 4374.87
4487, 4374.36
4494, 4373.85
4502, 4374.87
4510, 4375.38
4519, 4373.85
4526, 4374.36
4534, 4375.38
4541, 4376.92
4549, 4377.95
4557, 4373.85
4565, 4371.28
4573, 4375.9
4580, 4375.38
4588, 4370.77
4598, 4370.77
4604, 4370.77
4612, 4371.28
4620, 4374.36
4627, 4375.9
4635, 4373.85
4643, 4372.31
4651, 4374.87
4659, 4374.87
4666, 4372.82
4674, 4370.77
4682, 4372.31
4690, 4376.92
4698, 4375.38
4706, 4372.82
4713, 4373.85
4720, 4375.9
4729, 4374.87
4737, 4374.36
4745, 4376.41
4753, 4375.9
4760, 4373.85
4768, 4374.36
4776, 4375.38
4784, 4376.92
4792, 4376.41
4799, 4374.36
4807, 4373.33
4815, 4373.85
4823, 4375.38
4832, 4376.41
4839, 4375.38
4846, 4375.9
4854, 4376.41
4862, 4372.31
4871, 4371.79
4878, 4377.44
4885, 4378.97
4893, 4375.9
4901, 4375.38
4909, 4377.44
4917, 4376.41
4925, 4372.82
4932, 4371.28
4940, 4373.85
4948, 4375.9
4956, 4374.36
4964, 4372.82
4970, 4375.9
4979, 4375.9
4986, 4372.31
4995, 4373.85
5003, 4373.33
5011, 4370.26
5018, 4372.82
5026, 4373.85
5034, 4370.77, estimuli
5042, 4371.28
5050, 4374.36
5058, 4374.36
5065, 4373.33
5073, 4372.31
5081, 4371.79
5089, 4376.41
5097, 4376.92
5104, 4372.31
5112, 4371.28
5120, 4370.77
5128, 4374.36
5136, 4385.13
5144, 4391.28
5151, 4378.97
5159, 4356.41
5167, 4342.05
5175, 4345.13
5183, 4366.15
5190, 4388.72
5198, 4397.95
5206, 4394.87
5214, 4378.46
5222, 4353.85
5230, 4341.54
5237, 4349.74
5245, 4367.69
5253, 4384.62
5261, 4397.44
5269, 4400
5276, 4383.08
5284, 4356.92
5292, 4345.13
5300, 4348.21
5308, 4363.08
5316, 4386.67
5323, 4401.03
5331, 4396.92
5339, 4378.97
5347, 4357.95
5355, 4347.18
5362, 4351.28
5370, 4365.13
5378, 4387.18
5386, 4405.13
5394, 4397.44
5402, 4376.41
5408, 4358.46
5417, 4345.64
5425, 4348.72
5433, 4369.74
5441, 4391.28
5448, 4402.56
5456, 4400
5464, 4380.51
5472, 4356.41
5480, 4345.13
5488, 4352.31
5495, 4367.69
5503, 4385.13
5510, 4400
5519, 4398.46
5527, 4380
5535, 4357.44
5542, 4346.15
5550, 4353.33
5558, 4373.33
5566, 4392.31
5574, 4400.51
5582, 4393.85
5589, 4377.95
5597, 4357.95
5605, 4344.62
5613, 4352.31
5620, 4373.85
5628, 4393.33
5636, 4404.62
5644, 4401.54
5652, 4380.51
5660, 4355.38
5666, 4345.13
5675, 4350.77
5683, 4365.64
5691, 4387.69
5699, 4403.59
5706, 4400
5714, 4377.95
5722, 4353.85
5730, 4347.18
5738, 4353.33
5746, 4364.62
5753, 4388.21
5761, 4408.72
5769, 4399.49
5777, 4372.82
5785, 4355.38
5793, 4346.67
5800, 4350.77
5808, 4371.28
5815, 4390.26
5824, 4397.95
5832, 4394.36
5839, 4377.95
5847, 4355.38
5855, 4342.56
5863, 4347.69
5871, 4367.69
5879, 4389.23
5886, 4401.54
5894, 4399.49
5902, 4379.49
5910, 4354.36
5917, 4343.59
5925, 4349.74
5933, 4368.21
5942, 4388.72
5949, 4401.03
5957, 4395.9
5965, 4379.49
5972, 4357.95
5980, 4341.03
5988, 4345.64
5996, 4366.15
6003, 4388.21
6011, 4400.51
6018, 4392.31
6027, 4374.87
6035, 4357.95
6043, 4345.13
6051, 4345.64
6058, 4365.64
6066, 4390.77
6074, 4401.03
6082, 4392.31
6090, 4372.31
6097, 4353.33
6105, 4342.56
6113, 4346.15
6120, 4368.21
6129, 4390.26
6137, 4390.26
6144, 4375.9
6152, 4369.74
6160, 4371.28
6168, 4373.85
6176, 4374.36
6183, 4369.74
6191, 4371.79
6219, 4376.41
6220, 4373.33
6220, 4370.77
6223, 4377.44
6230, 4379.49
6238, 4373.33
6246, 4372.31
6254, 4376.92
6262, 4378.46
6269, 4375.38
6277, 4372.31
6285, 4373.33
6293, 4374.87
6301, 4372.31
6309, 4370.77
6315, 4373.33
6324, 4374.36
6332, 4373.85
6340, 4373.85
6348, 4374.36
6355, 4371.28
6363, 4371.28
6371, 4378.97
6380, 4378.46
6387, 4371.79
6394, 4374.36
6402, 4376.41
6410, 4371.28
6418, 4370.77
6426, 4375.9
6434, 4374.87
6442, 4371.79
6449, 4371.79
6457, 4372.31
6465, 4373.33
6473, 4373.85
6481, 4372.31
6488, 4372.82
6496, 4375.38
6504, 4374.36
6512, 4371.28
6519, 4372.82
6528, 4376.92
6535, 4375.9
6542, 4374.87
6551, 4377.95
6559, 4374.87
6567, 4371.28
6574, 4375.9
6582, 4376.92
6590, 4371.79
6598, 4370.26
6606, 4371.79
6614, 4372.82
6621, 4372.82
6630, 4371.28
6637, 4371.79
6645, 4375.38
6653, 4374.36
6660, 4369.74
6668, 4370.26
6675, 4374.87
6684, 4373.85
6693, 4369.74
6701, 4370.77
6707, 4372.31
6715, 4370.26
6722, 4371.79
6731, 4375.38
6738, 4373.85
6746, 4372.31
6754, 4372.31
6762, 4372.31
6770, 4374.36
6778, 4373.33
6786, 4371.79
6793, 4372.82
6801, 4368.72
6809, 4367.18
6817, 4371.79
6826, 4371.79
6832, 4368.72
6840, 4370.26
6848, 4372.31
6856, 4372.31
6864, 4373.85
6872, 4374.87
6879, 4372.31
6887, 4372.31
6894, 4373.33
6903, 4371.28
6911, 4370.26
6918, 4371.79
6926, 4373.33
6934, 4371.28
6941, 4368.72
6950, 4369.74
6958, 4371.28
6965, 4372.31
6973, 4370.77
6981, 4372.31
6989, 4375.38
6997, 4372.31
7005, 4369.23
7012, 4370.26
7019, 4372.82
7028, 4374.87
7035, 4371.28, estimuli
7044, 4369.74
7051, 4375.38
7059, 4375.38
7067, 4370.77
7075, 4373.85
7083, 4377.95
7091, 4374.87
7097, 4372.82
7105, 4375.38
7114, 4373.85
7122, 4372.31
7130, 4373.33
7137, 4373.85
7145, 4383.59
7153, 4394.36
7161, 4380
7169, 4354.87
7177, 4347.69
7184, 4357.95
7192, 4367.69
7200, 4377.44
7207, 4394.87
7215, 4401.54
7222, 4381.03
7230, 4353.85
7239, 4343.08
7247, 4349.23
7255, 4365.13
7263, 4385.13
7270, 4398.97
7278, 4398.46
7286, 4381.54
7294, 4357.44
7301, 4344.62
7308, 4351.79
7318, 4368.21
7325, 4388.21
7333, 4406.67
7341, 4406.15
7349, 4385.13
7356, 4361.03
7364, 4348.21
7372, 4350.77
7380, 4368.21
7388, 4394.36
7396, 4407.69
7403, 4396.92
7411, 4375.9
7419, 4357.95
7427, 4345.64
7434, 4347.69
7441, 4363.59
7450, 4386.15
7457, 4403.59
7465, 4402.05
7473, 4380.51
7481, 4357.44
7488, 4346.67
7496, 4349.74
7504, 4368.21
7513, 4387.69
7521, 4397.95
7528, 4397.44
7536, 4381.03
7544, 4358.97
7552, 4348.21
7560, 4353.85
7568, 4372.82
7575, 4396.92
7583, 4413.33
7591, 4411.79
7599, 4387.69
7607, 4358.97
7614, 4349.23
7621, 4359.49
7630, 4375.9
7638, 4393.85
7647, 4410.26
7654, 4407.69
7661, 4383.59
7669, 4363.08
7677, 4356.92
7685, 4358.97
7693, 4370.77
7700, 4392.31
7708, 4408.72
7716, 4404.62
7724, 4384.1
7732, 4358.97
7740, 4348.72
7747, 4355.38
7755, 4366.67
7763, 4383.59
7771, 4406.67
7779, 4406.67
7786, 4380.51
7794, 4358.46
7802, 4348.21
7810, 4348.21
7818, 4364.62
7826, 4389.23
7833, 4401.03
7841, 4394.36
7849, 4380
7857, 4360.51
7865, 4346.15
7872, 4352.31
7880, 4371.28
7889, 4388.72
7896, 4400
7904, 4397.44
7912, 4376.92
7919, 4353.85
7927, 4344.62
7935, 4350.26
7943, 4365.64
7952, 4385.64
7958, 4397.44
7966, 4394.36
7973, 4376.41
7982, 4354.36
7990, 4347.69
7997, 4354.87
8005, 4369.23
8013, 4387.69
8021, 4398.97
8029, 4393.85
8037, 4376.92
8045, 4357.95
8052, 4347.69
8060, 4350.77
8068, 4365.13
8076, 4385.13
8084, 4400
8090, 4396.41
8099, 4377.44
8106, 4357.44
8114, 4345.64
8123, 4347.18
8131, 4367.18
8138, 4389.23
8146, 4390.26
8154, 4376.92
8162, 4371.28
8170, 4374.87
8177, 4376.41
8184, 4378.97
8192, 4380.51
8201, 4379.49
8210, 4382.05
8217, 4381.03
8224, 4376.41
8232, 4379.49
8239, 4385.64
8248, 4384.1
8256, 4380.51
8263, 4383.59
8271, 4383.08
8279, 4377.95
8287, 4377.95
8295, 4378.97
8303, 4378.46
8310, 4379.49
8318, 4376.41
8326, 4377.44
8334, 4382.05
8342, 4378.97
8349, 4374.36
8357, 4376.92
8365, 4379.49
8373, 4377.95
8381, 4375.38
8389, 4374.36
8396, 4376.41
8404, 4380
8412, 4378.97
8420, 4376.41
8428, 4377.95
8436, 4380
8443, 4378.97
8451, 4381.03
8459, 4387.69
8467, 4393.33
8475, 4392.31
8482, 4391.28
8490, 4393.85
8498, 4395.38
8506, 4393.85
8514, 4391.79
8522, 4390.26
8529, 4390.26
8537, 4386.15
8545, 4382.56
8553, 4387.18
8561, 4388.72
8568, 4385.64
8575, 4385.64
8583, 4387.69
8592, 4386.67
8600, 4386.67
8608, 4388.72
8615, 4386.67
8623, 4380.51
8631, 4380
8639, 4381.54
8647, 4381.54
8654, 4381.54
8662, 4380.51
8670, 4376.92
8678, 4375.9
8686, 4377.95
8694, 4377.44
8701, 4376.41
8709, 4378.97
8717, 4380.51
8725, 4378.97
8733, 4379.49
8740, 4381.54
8748, 4381.03
8756, 4376.92
8764, 4375.9
8772, 4378.46
8780, 4377.95
8787, 4375.38
8795, 4375.9
8803, 4378.46
8811, 4378.97
8819, 4376.92
8826, 4373.85
8834, 4374.36
8842, 4376.92
8850, 4376.92
8858, 4376.92
8866, 4377.44
8873, 4376.41
8881, 4374.36
8889, 4374.87
8897, 4375.38
8905, 4376.41
8912, 4377.95
8920, 4375.38
8928, 4374.87
8936, 4377.44
8944, 4376.92
8951, 4375.38
8959, 4375.9
8967, 4376.41
8975, 4373.33
8983, 4371.28
8992, 4374.87
8998, 4375.38
9006, 4370.77
9014, 4371.79
9022, 4374.87
9030, 4370.77
9038, 4365.13, estimuli
9045, 4367.18
9053, 4373.33
9061, 4372.82
9069, 4370.26
9077, 4370.77
9084, 4370.77
9092, 4370.26
9100, 4367.69
9109, 4365.64
9116, 4367.18
9124, 4369.74
9131, 4367.18
9139, 4365.64
9147, 4376.41
9155, 4384.1
9163, 4375.38
9171, 4356.41
9178, 4341.03
9186, 4342.05
9194, 4357.44
9202, 4378.46
9211, 4396.41
9217, 4396.92
9225, 4378.46
9233, 4353.33
9241, 4338.46
9249, 4341.54
9257, 4355.9
9264, 4375.9
9272, 4392.82
9281, 4392.31
9288, 4374.87
9296, 4351.28
9303, 4338.46
9311, 4344.1
9319, 4358.46
9327, 4375.9
9335, 4393.85
9343, 4394.87
9350, 4374.36
9358, 4350.77
9366, 4338.46
9374, 4342.05
9382, 4357.44
9389, 4376.41
9397, 4391.79
9405, 4392.82
9413, 4378.97
9421, 4356.92
9429, 4338.46
9436, 4341.03
9444, 4360
9452, 4378.97
9460, 4392.31
9468, 4393.33
9475, 4373.85
9483, 4350.26
9491, 4340
9499, 4342.56
9507, 4357.44
9515, 4378.97
9522, 4393.85
9530, 4393.85
9538, 4376.92
9545, 4354.87
9555, 4339.49
9561, 4341.03
9569, 4357.95
9577, 4381.54
9585, 4397.95
9593, 4394.36
9601, 4373.85
9608, 4353.85
9616, 4343.08
9623, 4345.64
9632, 4358.97
9640, 4376.41
9648, 4393.85
9654, 4394.36
9663, 4371.79
9671, 4350.26
9678, 4341.54
9687, 4342.56
9694, 4355.9
9701, 4377.44
9710, 4395.9
9718, 4394.36
9726, 4373.85
9734, 4351.79
9741, 4343.59
9750, 4345.64
9757, 4352.31
9765, 4373.85
9773, 4394.87
9780, 4393.33
9787, 4373.85
9796, 4351.79
9804, 4340
9812, 4343.59
9820, 4358.46
9827, 4380
9835, 4394.87
9843, 4391.28
9851, 4377.95
9859, 4357.44
9866, 4335.9
9874, 4337.44
9882, 4360
9890, 4382.05
9898, 4394.87
9906, 4394.87
9913, 4376.41
9921, 4352.31
9929, 4340.51
9937, 4346.15
9944, 4362.05
9952, 4382.05
9960, 4397.95
9968, 4396.41
9976, 4376.41
9984, 4354.36
9992, 4341.03
9999, 4343.08
10007, 4359.49
10015, 4382.05
10023, 4398.46
10031, 4396.92
10038, 4374.87
10046, 4351.79
10054, 4343.08
10062, 4346.15
10070, 4361.54
10078, 4385.13
10085, 4398.46
10093, 4392.31
10101, 4375.38
10110, 4356.92
10116, 4343.08
10125, 4344.1
10132, 4362.05
10141, 4381.03
10148, 4384.62
10156, 4373.33
10164, 4366.15
10171, 4372.31
10179, 4374.36
10187, 4370.77
10195, 4370.77
10203, 4371.79
10211, 4372.31
10218, 4372.31
10226, 4375.38
10234, 4376.41
10242, 4372.31
10250, 4370.26
10257, 4369.74
10265, 4370.77
10273, 4370.77
10281, 4368.21
10289, 4367.18
10297, 4370.77
10304, 4372.82
10312, 4369.23
10319, 4368.72
10328, 4373.33
10336, 4373.33
10343, 4370.77
10351, 4371.79
10359, 4373.85
10367, 4373.85
10375, 4372.31
10383, 4373.33
10390, 4374.87
10398, 4371.79
10406, 4371.28
10414, 4372.31
10422, 4370.26
10429, 4373.85
10437, 4376.41
10445, 4368.72
10453, 4368.21
10461, 4373.85
10469, 4370.77
10476, 4366.15
10484, 4371.28
10492, 4374.36
10500, 4372.31
10508, 4372.82
10515, 4372.82
10523, 4371.28
10531, 4369.23
10540, 4368.21
10547, 4370.26
10555, 4373.33
10562, 4371.79
10570, 4370.26
10578, 4370.26
10586, 4370.77
10594, 4369.74
10601, 4369.23
10608, 4371.79
10617, 4373.33
10625, 4372.31
10633, 4372.82
10642, 4373.85
10648, 4371.79
10656, 4368.72
10664, 4370.77
10672, 4372.31
10680, 4372.31
10686, 4376.41
10695, 4376.92
10703, 4370.26
10711, 4371.79
10719, 4374.87
10726, 4369.74
10734, 4368.72
10742, 4371.79
10749, 4371.79
10758, 4369.23
10766, 4370.77
10774, 4373.85
10781, 4369.23
10789, 4365.64
10797, 4368.72
10805, 4372.82
10813, 4373.33
10820, 4370.26
10828, 4369.23
10836, 4370.26
10844, 4372.31
10852, 4371.79
10860, 4369.23
10867, 4365.64
10875, 4364.62
10883, 4369.23
10891, 4374.36
10898, 4370.26
10905, 4367.18
10913, 4370.77
10921, 4371.28
10929, 4368.72
10937, 4368.72
10946, 4370.77
10953, 4370.26
10961, 4366.15
10969, 4365.13
10977, 4369.23
10985, 4372.31
10992, 4371.79
11000, 4370.77
11008, 4371.28
11016, 4370.26
11024, 4366.67
11032, 4367.18
11039, 4371.79, estimuli
11048, 4375.38
11055, 4372.82
11063, 4369.23
11071, 4368.72
11078, 4370.26
11086, 4370.26
11094, 4368.21
11102, 4367.18
11111, 4369.74
11117, 4370.77
11125, 4369.23
11133, 4366.67
11141, 4374.87
11149, 4387.69
11157, 4385.13
11164, 4369.23
11172, 4351.28
11180, 4341.54
11188, 4349.74
11196, 4368.21
11203, 4386.67
11211, 4397.95
11219, 4393.33
11226, 4371.79
11235, 4348.72
11243, 4340.51
11251, 4349.23
11258, 4366.15
11266, 4388.72
11274, 4400.51
11282, 4389.74
11290, 4370.77
11297, 4351.79
11305, 4340.51
11313, 4346.15
11321, 4364.62
11329, 4385.13
11337, 4397.44
11344, 4389.23
11352, 4367.18
11360, 4348.72
11368, 4341.03
11376, 4350.26
11383, 4369.23
11391, 4385.64
11399, 4394.36
11407, 4392.31
11415, 4374.36
11423, 4350.26
11430, 4341.03
11437, 4351.79
11446, 4371.79
11454, 4390.26
11462, 4398.97
11469, 4391.79
11477, 4368.72
11485, 4346.67
11493, 4341.03
11501, 4346.67
11509, 4363.08
11516, 4386.67
11524, 4398.46
11532, 4389.23
11540, 4367.18
11548, 4347.69
11555, 4340
11563, 4345.13
11571, 4363.08
11579, 4386.15
11587, 4397.95
11595, 4389.74
11602, 4369.23
11610, 4348.21
11618, 4340.51
11626, 4348.21
11634, 4362.05
11641, 4380.51
11649, 4397.44
11657, 4391.79
11665, 4365.13
11673, 4346.15
11681, 4342.56
11688, 4347.69
11697, 4363.08
11704, 4387.18
11712, 4399.49
11719, 4389.74
11728, 4369.74
11735, 4349.23
11743, 4337.44
11750, 4346.15
11759, 4366.15
11767, 4387.18
11773, 4398.46
11782, 4390.77
11790, 4370.77
11798, 4350.26
11806, 4340.51
11813, 4346.15
11821, 4362.56
11829, 4385.64
11837, 4397.44
11845, 4388.21
11853, 4370.77
11860, 4351.79
11868, 4339.49
11876, 4345.13
11884, 4367.18
11892, 4386.15
11900, 4393.33
11907, 4388.21
11915, 4368.21
11923, 4345.13
11931, 4338.97
11939, 4349.23
11945, 4366.67
11954, 4386.67
11962, 4397.95
11970, 4389.74
11978, 4365.64
11986, 4344.62
11993, 4343.59
12001, 4354.36
12008, 4367.18
12017, 4385.13
12025, 4401.03
12032, 4393.85
12040, 4364.62
12048, 4343.08
12056, 4344.1
12064, 4355.38
12072, 4367.18
12078, 4382.05
12087, 4395.38
12095, 4390.26
12103, 4367.69
12111, 4346.67
12118, 4340
12126, 4347.69
12134, 4365.13
12142, 4383.59
12150, 4384.1
12158, 4370.26
12165, 4365.13
12172, 4370.77
12180, 4370.26
12189, 4367.69
12197, 4368.72
12205, 4368.72
12212, 4370.77
12220, 4371.79
12229, 4368.21
12236, 4367.69
12243, 4371.79
12251, 4370.26
12259, 4368.21
12267, 4372.82
12275, 4370.77
12284, 4363.08
12290, 4365.13
12298, 4369.74
12306, 4370.26
12313, 4368.72
12322, 4366.15
12330, 4365.13
12337, 4366.67
12345, 4368.21
12353, 4367.69
12361, 4369.23
12369, 4370.26
12377, 4366.67
12384, 4364.1
12392, 4366.67
12400, 4367.69
12408, 4368.21
12416, 4367.18
12423, 4365.13
12431, 4362.56
12439, 4362.05
12447, 4365.13
12455, 4367.69
12462, 4367.69
12470, 4368.72
12478, 4371.28
12486, 4371.79
12494, 4367.18
12502, 4364.1
12509, 4368.21
12517, 4372.31
12525, 4369.23
12534, 4366.15
12541, 4366.15
12549, 4370.77
12556, 4372.31
12564, 4369.23
12572, 4367.69
12580, 4367.69
12588, 4367.18
12595, 4365.13
12603, 4363.59
12611, 4367.18
12619, 4370.26
12627, 4369.23
12635, 4367.69
12642, 4369.23
12650, 4370.26
12658, 4368.72
12666, 4370.26
12674, 4373.33
12681, 4369.23
12688, 4363.08
12697, 4364.62
12705, 4369.23
12713, 4368.21
12721, 4365.64
12728, 4369.23
12736, 4372.82
12743, 4372.31
12752, 4370.77
12760, 4369.74
12768, 4368.72
12774, 4368.21
12783, 4368.72
12791, 4368.21
12799, 4368.21
12807, 4370.77
12814, 4372.31
12822, 4372.31
12830, 4371.28
12838, 4370.26
12846, 4369.74
12854, 4368.72
12861, 4369.74
12870, 4371.79
12877, 4371.28
12885, 4369.74
12893, 4369.23
12900, 4370.26
12908, 4369.23
12916, 4366.15
12923, 4368.21
12931, 4372.31
12940, 4369.74
12947, 4367.69
12955, 4369.74
12964, 4369.74
12971, 4368.72
12979, 4370.77
12986, 4374.36
12994, 4372.31
13002, 4369.74
13010, 4371.28
13018, 4371.79
13024, 4371.28
13033, 4371.28
13041, 4369.74, estimuli
13049, 4372.82
13057, 4373.33
13065, 4368.72
13072, 4369.74
13080, 4373.33
13088, 4371.28
13096, 4367.18
13104, 4369.23
13112, 4371.79
13119, 4370.77
13127, 4370.26
13135, 4370.26
13143, 4373.85
13151, 4384.1
13158, 4390.26
13166, 4378.97
13174, 4354.36
13182, 4340.51
13189, 4348.72
13198, 4368.21
13205, 4389.74
13213, 4402.05
13221, 4398.46
13229, 4380.51
13237, 4358.97
13244, 4345.64
13252, 4345.64
13260, 4361.54
13269, 4384.1
13276, 4398.97
13284, 4396.41
13291, 4376.41
13299, 4353.33
13307, 4344.62
13315, 4350.26
13324, 4363.08
13330, 4383.59
13338, 4398.97
13346, 4395.38
13354, 4374.87
13362, 4351.28
13370, 4341.54
13376, 4351.28
13385, 4370.26
13392, 4386.15
13401, 4397.95
13409, 4397.95
13416, 4378.46
13424, 4353.85
13432, 4344.1
13440, 4349.74
13448, 4366.67
13456, 4387.69
13463, 4400.51
13471, 4394.87
13479, 4376.92
13487, 4357.44
13495, 4343.08
13503, 4346.15
13510, 4367.69
13518, 4391.28
13526, 4402.05
13534, 4392.82
13542, 4372.31
13549, 4354.87
13557, 4347.69
13565, 4349.23
13574, 4365.13
13580, 4390.26
13589, 4406.15
13596, 4397.44
13604, 4377.44
13612, 4360.51
13620, 4349.23
13628, 4351.28
13635, 4368.72
13643, 4391.79
13651, 4404.62
13659, 4398.46
13667, 4377.95
13674, 4356.92
13682, 4349.23
13689, 4356.92
13698, 4371.28
13706, 4389.74
13715, 4405.13
13721, 4399.49
13729, 4378.46
13737, 4358.46
13745, 4350.26
13753, 4357.44
13761, 4373.33
13768, 4392.31
13776, 4407.18
13784, 4403.59
13792, 4378.46
13800, 4354.87
13808, 4348.72
13815, 4353.33
13823, 4367.69
13831, 4391.79
13839, 4406.67
13847, 4399.49
13854, 4378.46
13862, 4357.44
13870, 4347.18
13878, 4351.79
13886, 4371.79
13893, 4395.38
13901, 4402.56
13909, 4391.79
13917, 4374.36
13925, 4356.41
13932, 4346.15
13940, 4352.82
13948, 4373.33
13956, 4392.82
13964, 4403.08
13971, 4395.9
13980, 4375.9
13987, 4360.51
13995, 4352.31
14003, 4357.44
14011, 4375.9
14019, 4396.41
14026, 4408.21
14034, 4398.46
14042, 4372.82
14050, 4355.38
14058, 4350.77
14066, 4354.36
14073, 4369.74
14081, 4393.85
14089, 4408.72
14097, 4400.51
14105, 4375.9
14112, 4352.82
14120, 4344.1
14128, 4351.28
14136, 4369.23
14144, 4387.18
14152, 4386.67
14159, 4373.85
14167, 4371.28
14175, 4375.38
14182, 4373.33
14191, 4371.79
14198, 4373.85
14206, 4375.38
14214, 4373.33
14222, 4371.28
14230, 4373.85
14238, 4376.41
14244, 4373.85
14253, 4372.82
14261, 4374.87
14269, 4375.38
14277, 4372.82
14284, 4370.26
14293, 4372.82
14300, 4376.92
14308, 4376.41
14316, 4372.31
14325, 4371.28
14331, 4372.31
14339, 4371.28
14347, 4373.33
14355, 4375.38
14363, 4373.85
14370, 4373.85
14378, 4374.36
14386, 4373.33
14394, 4373.33
14402, 4373.85
14410, 4373.85
14417, 4373.33
14425, 4374.87
14433, 4374.87
14442, 4369.23
14449, 4368.72
14456, 4372.82
14464, 4372.82
14472, 4371.28
14480, 4372.31
14488, 4373.85
14496, 4373.85
14503, 4373.85
14511, 4371.79
14519, 4372.31
14527, 4374.87
14535, 4373.85
14543, 4371.28
14550, 4372.82
14558, 4374.36
14566, 4374.36
14574, 4374.36
14582, 4374.87
14589, 4376.92
14597, 4375.38
14605, 4371.79
14612, 4372.31
14621, 4375.9
14629, 4375.38
14636, 4372.31
14644, 4374.36
14652, 4376.92
14660, 4372.82
14668, 4369.23
14676, 4371.79
14682, 4374.36
14690, 4371.28
14699, 4371.28
14707, 4375.38
14715, 4371.28
14722, 4366.15
14730, 4372.31
14738, 4376.92
14746, 4373.33
14754, 4371.28
14761, 4373.33
14769, 4375.9
14777, 4374.36
14785, 4372.31
14793, 4373.33
14801, 4373.33
14808, 4371.28
14816, 4371.28
14824, 4373.33
14831, 4374.36
14840, 4373.33
14847, 4370.26
14856, 4370.26
14863, 4373.33
14871, 4374.87
14879, 4373.33
14887, 4372.31
14894, 4371.79
14902, 4372.31
14910, 4375.38
14918, 4372.82
14926, 4368.72
14933, 4370.77
14940, 4371.79
14949, 4370.26
14957, 4370.77
14965, 4373.85
14973, 4374.87
14980, 4375.9
14988, 4375.9
14996, 4374.87
15004, 4376.41
15013, 4377.95
15019, 4375.9
15027, 4373.33
15035, 4371.79
15043, 4373.85, estimuli
15051, 4375.38
15059, 4374.36
15066, 4377.44
15074, 4378.97
15082, 4372.31
15090, 4368.21
15098, 4372.31
15106, 4374.36
15113, 4373.33
15121, 4371.79
15129, 4373.33
15137, 4372.82
15144, 4371.79
15152, 4383.59
15160, 4394.36
15168, 4382.05
15176, 4355.38
15184, 4344.1
15192, 4349.74
15198, 4362.56
15206, 4382.05
15215, 4396.92
15223, 4395.9
15231, 4380
15238, 4357.44
15246, 4343.59
15254, 4347.69
15262, 4363.59
15270, 4385.13
15278, 4402.56
15285, 4399.49
15292, 4379.49
15301, 4356.41
15309, 4345.64
15316, 4351.79
15324, 4371.79
15332, 4391.79
15340, 4400
15348, 4398.46
15356, 4383.08
15364, 4357.44
15371, 4344.62
15379, 4353.85
15387, 4372.31
15395, 4387.69
15403, 4398.97
15410, 4398.97
15418, 4380
15426, 4357.44
15434, 4344.62
15442, 4346.15
15450, 4365.13
15457, 4389.74
15465, 4400.51
15473, 4396.92
15481, 4383.59
15489, 4361.03
15496, 4344.62
15505, 4348.21
15512, 4365.64
15520, 4386.67
15528, 4401.03
15536, 4396.41
15542, 4377.44
15551, 4356.92
15559, 4344.1
15567, 4350.77
15575, 4368.72
15582, 4384.62
15590, 4397.44
15598, 4397.95
15606, 4380.51
15614, 4356.92
15622, 4344.1
15629, 4349.23
15637, 4366.15
15645, 4387.18
15654, 4397.95
15661, 4393.33
15669, 4380
15676, 4360.51
15684, 4344.62
15692, 4348.21
15700, 4369.23
15708, 4388.72
15716, 4396.41
15722, 4395.9
15731, 4384.1
15739, 4357.95
15747, 4342.56
15755, 4351.28
15762, 4367.18
15770, 4384.1
15778, 4398.46
15786, 4395.9
15794, 4380.51
15801, 4362.56
15808, 4346.67
15817, 4346.67
15825, 4367.69
15833, 4388.72
15841, 4397.44
15848, 4395.9
15856, 4379.49
15864, 4356.92
15873, 4346.67
15880, 4350.26
15887, 4364.62
15895, 4385.13
15903, 4399.49
15911, 4395.9
15919, 4375.9
15927, 4357.95
15934, 4351.28
15943, 4353.33
15950, 4367.18
15957, 4388.21
15966, 4400.51
15974, 4394.36
15981, 4376.41
15989, 4358.97
15997, 4349.74
16004, 4354.36
16013, 4365.13
16020, 4380
16028, 4398.46
16036, 4398.46
16044, 4376.92
16052, 4353.85
16059, 4344.62
16067, 4349.74
16075, 4366.15
16083, 4385.64
16091, 4398.46
16099, 4395.38
16106, 4377.95
16114, 4357.95
16123, 4345.13
16130, 4350.26
16138, 4371.79
16145, 4389.74
16153, 4385.13
16161, 4371.79
16169, 4372.31
16177, 4376.92
16185, 4374.87
16192, 4372.31
16201, 4372.31
16207, 4374.36
16215, 4374.87
16223, 4370.77
16232, 4369.23
16239, 4371.79
16247, 4372.31
16255, 4370.77
16263, 4370.26
16271, 4371.79
16278, 4371.79
16286, 4373.33
16294, 4374.36
16302, 4372.82
16310, 4371.79
16318, 4369.74
16326, 4369.74
16333, 4374.36
16341, 4375.9
16350, 4370.26
16357, 4368.21
16364, 4370.77
16372, 4371.28
16379, 4372.31
16388, 4373.33
16396, 4370.77
16404, 4371.28
16411, 4374.36
16419, 4373.85
16427, 4372.82
16435, 4371.79
16443, 4371.79
16451, 4374.36
16458, 4373.33
16466, 4372.31
16474, 4373.33
16482, 4373.33
16490, 4373.33
16497, 4373.85
16506, 4371.79
16513, 4371.28
16521, 4374.36
16529, 4376.41
16536, 4377.44
16544, 4378.46
16552, 4378.46
16560, 4377.44
16568, 4380.51
16576, 4385.13
16583, 4386.67
16592, 4388.72
16599, 4391.28
16608, 4393.33
16615, 4392.82
16623, 4391.79
16630, 4393.33
16638, 4393.33
16645, 4394.36
16654, 4393.85
16662, 4391.79
16669, 4393.85
16677, 4394.87
16685, 4391.79
16693, 4390.77
16701, 4394.36
16709, 4394.87
16716, 4392.31
16723, 4391.28
16732, 4392.31
16740, 4394.36
16748, 4396.41
16755, 4392.31
16763, 4387.18
16771, 4389.74
16779, 4392.31
16787, 4391.28
16795, 4392.82
16802, 4390.77
16810, 4387.18
16818, 4388.21
16826, 4391.79
16834, 4392.31
16841, 4390.77
16850, 4389.23
16857, 4387.69
16865, 4387.18
16873, 4388.72
16881, 4388.72
16888, 4389.23
16896, 4389.74
16903, 4389.74
16912, 4390.26
16920, 4388.72
16927, 4387.69
16935, 4388.72
16943, 4391.28
16951, 4392.82
16959, 4388.72
16968, 4387.18
16974, 4389.23
16982, 4389.23
16990, 4389.23
16998, 4391.28
17006, 4391.28
17013, 4387.69
17021, 4387.18
17030, 4390.77
17037, 4389.74
17046, 4386.67, estimuli
17053, 4388.21
17061, 4385.13
17068, 4381.54
17076, 4383.08
17084, 4383.59
17093, 4383.08
17100, 4384.62
17107, 4386.67
17115, 4384.62
17123, 4385.13
17131, 4387.18
17139, 4383.08
17146, 4387.18
17154, 4403.59
17162, 4405.13
17170, 4378.97
17178, 4355.38
17186, 4354.87
17193, 4364.62
17201, 4377.95
17209, 4395.38
17217, 4407.69
17225, 4403.59
17232, 4383.08
17239, 4356.92
17247, 4348.21
17256, 4361.54
17264, 4381.54
17272, 4397.95
17279, 4404.62
17287, 4398.97
17295, 4380.51
17303, 4361.03
17311, 4353.33
17318, 4358.46
17326, 4374.36
17333, 4392.31
17342, 4401.03
17349, 4394.87
17357, 4377.95
17365, 4359.49
17373, 4349.23
17381, 4358.46
17389, 4379.49
17397, 4394.87
17404, 4400.51
17412, 4396.92
17420, 4375.9
17428, 4354.36
17436, 4351.28
17444, 4360.51
17451, 4377.95
17459, 4397.95
17467, 4406.15
17476, 4395.38
17483, 4375.38
17491, 4357.95
17498, 4348.21
17506, 4356.41
17514, 4376.41
17522, 4395.9
17530, 4405.64
17537, 4396.92
17545, 4375.38
17553, 4359.49
17560, 4355.9
17569, 4361.03
17577, 4375.38
17584, 4396.41
17592, 4404.1
17600, 4392.82
17608, 4374.87
17616, 4358.46
17623, 4350.77
17631, 4358.46
17639, 4375.9
17647, 4395.9
17655, 4406.15
17663, 4397.44
17670, 4376.41
17678, 4357.95
17686, 4354.87
17694, 4363.59
17702, 4380.51
17709, 4398.97
17717, 4403.59
17725, 4395.38
17734, 4378.97
17741, 4358.97
17749, 4351.28
17756, 4364.62
17764, 4383.08
17772, 4395.38
17780, 4402.56
17788, 4396.92
17795, 4376.92
17803, 4356.92
17812, 4350.26
17819, 4356.92
17827, 4375.38
17835, 4397.95
17842, 4406.15
17849, 4394.87
17858, 4374.87
17865, 4358.97
17874, 4352.82
17881, 4358.46
17889, 4376.41
17897, 4395.9
17905, 4405.64
17913, 4396.41
17921, 4375.38
17928, 4357.95
17936, 4352.82
17944, 4362.05
17952, 4379.49
17960, 4397.44
17967, 4408.21
17975, 4397.44
17983, 4372.31
17991, 4356.41
17999, 4351.79
18007, 4357.95
18014, 4376.41
18022, 4396.92
18030, 4405.64
18038, 4393.33
18046, 4370.77
18053, 4354.36
18061, 4350.26
18069, 4358.97
18077, 4376.41
18085, 4395.9
18093, 4402.56
18100, 4391.79
18108, 4371.79
18116, 4353.85
18124, 4347.18
18132, 4355.38
18140, 4377.44
18147, 4391.79
18155, 4383.59
18164, 4376.41
18171, 4380
18179, 4378.46
18186, 4372.31
18194, 4373.85
18202, 4375.9
18210, 4374.87
18218, 4374.36
18226, 4375.38
18233, 4376.41
18241, 4375.38
18249, 4374.87
18257, 4374.87
18264, 4375.9
18272, 4375.38
18280, 4373.85
18288, 4375.38
18296, 4375.9
18304, 4375.9
18312, 4375.38
18319, 4374.36
18327, 4376.41
18335, 4377.95
18343, 4375.38
18351, 4372.82
18358, 4374.36
18366, 4376.41
18374, 4375.9
18382, 4375.9
18390, 4378.97
18398, 4376.92
18405, 4371.79
18413, 4371.79
18421, 4373.85
18429, 4374.87
18437, 4373.85
18444, 4370.77
18452, 4370.26
18460, 4372.31
18468, 4373.33
18475, 4372.82
18484, 4375.38
18491, 4377.44
18499, 4376.41
18507, 4374.87
18515, 4373.85
18523, 4375.9
18530, 4377.95
18537, 4375.38
18546, 4374.36
18554, 4374.36
18562, 4372.82
18570, 4377.44
18577, 4380.51
18585, 4373.33
18593, 4369.23
18601, 4373.85
18609, 4375.9
18618, 4374.36
18624, 4375.38
18632, 4376.92
18640, 4374.87
18648, 4373.85
18656, 4374.36
18663, 4373.85
18671, 4372.82
18679, 4373.85
18687, 4376.92
18695, 4375.38
18703, 4373.33
18710, 4376.92
18718, 4376.92
18726, 4376.41
18734, 4377.44
18742, 4374.36
18749, 4372.82
18757, 4374.36
18765, 4375.9
18773, 4376.41
18781, 4375.9
18789, 4373.33
18796, 4371.79
18804, 4372.82
18812, 4374.36
18820, 4374.36
18828, 4373.85
18835, 4374.36
18843, 4374.87
18851, 4375.38
18859, 4375.9
18867, 4374.87
18875, 4372.82
18882, 4373.33
18890, 4375.38
18898, 4374.36
18906, 4373.85
18914, 4374.87
18921, 4373.33
18929, 4373.33
18937, 4374.87
18945, 4375.38
18953, 4376.41
18962, 4375.38
18968, 4372.82
18976, 4373.85
18984, 4378.46
18992, 4375.9
19000, 4370.77
19007, 4375.38
19015, 4377.95
19023, 4371.79
19031, 4370.77
19039, 4373.85
19047, 4373.85, estimuli
19054, 4371.79
19062, 4372.82
19070, 4374.36
19078, 4373.85
19086, 4373.33
19093, 4374.36
19101, 4374.87
19109, 4374.36
19117, 4372.82
19125, 4373.85
19133, 4376.41
19140, 4374.36
19148, 4375.38
19156, 4386.15
19164, 4390.77
19172, 4373.85
19179, 4354.87
19187, 4351.28
19195, 4354.87
19203, 4368.72
19211, 4391.28
19219, 4400.51
19226, 4392.31
19234, 4374.36
19242, 4353.85
19250, 4345.64
19258, 4354.36
19267, 4371.79
19273, 4389.74
19281, 4399.49
19289, 4396.92
19297, 4380
19304, 4356.92
19312, 4345.13
19320, 4353.85
19328, 4373.33
19336, 4391.28
19344, 4403.08
19352, 4397.95
19359, 4377.44
19367, 4358.97
19375, 4352.31
19383, 4358.97
19391, 4375.9
19398, 4390.26
19406, 4395.9
19415, 4394.36
19422, 4380
19430, 4358.97
19438, 4345.64
19445, 4350.77
19453, 4371.28
19461, 4391.79
19470, 4400.51
19477, 4393.33
19484, 4376.41
19492, 4357.95
19500, 4348.21
19508, 4356.92
19516, 4373.85
19525, 4388.72
19531, 4396.41
19539, 4391.79
19547, 4376.92
19555, 4357.44
19563, 4348.21
19571, 4355.38
19578, 4372.82
19586, 4392.82
19594, 4405.13
19602, 4396.41
19610, 4374.36
19617, 4354.36
19625, 4345.64
19633, 4353.33
19641, 4374.36
19649, 4392.82
19656, 4398.97
19664, 4392.82
19672, 4376.92
19680, 4356.41
19688, 4347.69
19696, 4354.36
19703, 4370.77
19711, 4388.21
19719, 4397.44
19727, 4392.31
19735, 4373.33
19743, 4353.33
19750, 4348.21
19758, 4355.9
19766, 4371.79
19774, 4389.23
19782, 4398.97
19789, 4395.38
19797, 4376.92
19805, 4353.85
19813, 4344.62
19820, 4352.31
19828, 4368.72
19836, 4389.23
19844, 4398.97
19852, 4391.28
19860, 4373.33
19868, 4356.92
19875, 4349.74
19882, 4355.9
19891, 4374.36
19899, 4392.31
19906, 4400
19915, 4392.31
19922, 4370.26
19930, 4351.79
19938, 4349.23
19946, 4359.49
19954, 4369.74
19962, 4382.56
19969, 4397.95
19977, 4392.82
19985, 4369.74
19993, 4353.33
20001, 4351.79
20008, 4356.92
20016, 4367.69
20024, 4384.62
20033, 4397.44
20040, 4392.31
20047, 4373.33
20055, 4354.87
20063, 4348.72
20071, 4355.38
20079, 4373.85
20087, 4395.9
20094, 4402.56
20102, 4392.31
20110, 4374.36
20118, 4354.36
20126, 4346.67
20133, 4357.95
20141, 4376.92
20149, 4389.74
20156, 4386.67
20164, 4376.92
20173, 4373.33
20180, 4375.9
20188, 4378.46
20196, 4375.38
20204, 4373.85
20212, 4377.44
20220, 4375.38
20227, 4370.26
20235, 4372.82
20243, 4375.38
20251, 4375.38
20259, 4374.36
20267, 4374.36
20274, 4374.36
20282, 4373.85
20290, 4374.87
20298, 4376.92
20306, 4376.41
20313, 4373.33
20321, 4375.38
20329, 4378.97
20337, 4373.85
20345, 4370.26
20352, 4373.33
20360, 4373.85
20368, 4372.82
20376, 4374.87
20383, 4376.41
20392, 4374.87
20399, 4373.33
20407, 4375.9
20415, 4377.44
20423, 4372.31
20431, 4369.23
20438, 4372.31
20446, 4374.87
20454, 4374.87
20462, 4372.82
20470, 4371.28
20478, 4371.28
20485, 4371.28
20493, 4371.79
20501, 4372.31
20509, 4372.31
20517, 4372.82
20524, 4372.82
20532, 4371.79
20540, 4371.79
20548, 4372.82
20556, 4371.79
20564, 4373.33
20571, 4374.87
20579, 4374.87
20587, 4376.92
20595, 4372.82
20603, 4371.28
20610, 4378.46
20618, 4378.46
20626, 4372.82
20634, 4373.33
20642, 4374.36
20650, 4374.36
20657, 4373.85
20665, 4372.31
20673, 4371.79
20681, 4373.85
20689, 4373.33
20697, 4372.82
20705, 4375.38
20711, 4375.9
20720, 4372.31
20728, 4372.82
20736, 4374.87
20743, 4372.82
20751, 4372.31
20758, 4373.33
20767, 4374.87
20775, 4374.87
20783, 4374.87
20790, 4373.85
20798, 4373.33
20806, 4375.9
20814, 4376.41
20822, 4374.87
20828, 4374.36
20837, 4372.31
20845, 4372.31
20853, 4374.36
20861, 4371.79
20869, 4370.77
20876, 4372.82
20884, 4372.82
20892, 4370.77
20900, 4372.31
20908, 4373.85
20915, 4372.31
20923, 4371.28
20931, 4373.85
20939, 4374.36
20947, 4371.79
20955, 4370.26
20961, 4373.85
20970, 4375.9
20977, 4372.31
20986, 4371.79
20994, 4375.9
21000, 4374.36
21009, 4371.79
21017, 4373.85
21025, 4375.38
21032, 4373.85
21041, 4371.28
21048, 4372.31, estimuli
21056, 4371.79
21064, 4372.31
21072, 4375.9
21080, 4375.38
21087, 4372.31
21095, 4372.82
21103, 4373.33
21110, 4370.26
21119, 4370.77
21126, 4373.85
21133, 4374.36
21142, 4373.33
21150, 4374.87
21158, 4386.15
21166, 4393.85
21173, 4376.41
21181, 4348.72
21188, 4342.05
21197, 4351.79
21205, 4364.62
21213, 4382.56
21220, 4399.49
21228, 4398.46
21236, 4378.46
21244, 4355.9
21252, 4346.15
21260, 4352.82
21267, 4369.74
21276, 4386.67
21283, 4396.41
21291, 4393.33
21299, 4377.95
21306, 4358.46
21314, 4344.1
21321, 4347.18
21330, 4369.23
21338, 4389.74
21346, 4398.46
21353, 4395.9
21361, 4378.97
21369, 4354.36
21377, 4343.08
21385, 4352.82
21392, 4366.15
21400, 4380
21408, 4397.95
21416, 4398.97
21424, 4378.97
21432, 4356.41
21439, 4346.67
21447, 4351.79
21455, 4367.69
21463, 4386.15
21471, 4398.97
21478, 4397.44
21486, 4380.51
21494, 4355.38
21502, 4340.51
21510, 4350.77
21518, 4373.85
21525, 4388.72
21533, 4393.33
21541, 4389.74
21549, 4375.38
21557, 4352.82
21564, 4342.05
21572, 4352.82
21580, 4370.26
21588, 4388.72
21596, 4402.05
21604, 4399.49
21611, 4378.97
21619, 4357.44
21627, 4351.28
21635, 4356.41
21643, 4369.23
21650, 4388.21
21658, 4403.08
21666, 4400.51
21674, 4380.51
21682, 4360
21690, 4351.79
21697, 4355.9
21705, 4371.28
21713, 4389.74
21721, 4401.03
21730, 4397.44
21736, 4380.51
21744, 4360.51
21752, 4351.28
21760, 4356.92
21768, 4374.36
21776, 4391.28
21783, 4398.46
21791, 4395.9
21799, 4378.46
21807, 4356.41
21814, 4351.28
21823, 4364.1
21831, 4378.46
21838, 4392.82
21846, 4407.18
21854, 4403.59
21862, 4378.97
21869, 4358.97
21877, 4352.82
21885, 4358.46
21892, 4374.87
21900, 4393.85
21909, 4402.56
21916, 4396.41
21924, 4375.38
21932, 4353.33
21940, 4344.62
21948, 4350.26
21955, 4363.08
21963, 4382.05
21971, 4394.87
21979, 4389.74
21988, 4368.72
21994, 4343.08
22002, 4333.85
22010, 4344.1
22018, 4357.95
22026, 4374.87
22034, 4390.77
22042, 4388.21
22049, 4369.23
22057, 4350.77
22065, 4344.62
22073, 4351.28
22081, 4365.13
22088, 4381.54
22096, 4392.31
22104, 4389.74
22112, 4372.31
22120, 4349.74
22127, 4341.03
22135, 4348.72
22143, 4364.1
22151, 4378.97
22159, 4381.54
22167, 4372.82
22174, 4367.18
22182, 4368.72
22190, 4369.23
22198, 4365.13
22206, 4365.13
22213, 4369.74
22221, 4369.23
22229, 4368.72
22237, 4371.79
22245, 4371.79
22253, 4366.15
22260, 4362.56
22268, 4364.1
22276, 4366.67
22284, 4369.74
22291, 4370.77
22299, 4368.21
22307, 4367.69
22315, 4367.69
22323, 4368.72
22331, 4369.74
22339, 4367.18
22346, 4368.21
22353, 4370.26
22361, 4369.74
22370, 4367.18
22378, 4365.64
22385, 4367.18
22392, 4366.15
22401, 4363.08
22408, 4365.64
22417, 4370.77
22424, 4368.72
22432, 4366.67
22440, 4372.31
22448, 4373.33
22455, 4371.28
22464, 4370.77
22471, 4369.74
22478, 4368.72
22487, 4370.77
22496, 4373.85
22503, 4373.85
22511, 4372.31
22518, 4371.79
22525, 4371.79
22534, 4372.82
22542, 4376.41
22557, 4375.9
22558, 4373.33
22565, 4376.41
22573, 4376.92
22581, 4371.79
22589, 4371.28
22597, 4373.33
22604, 4371.79
22613, 4372.31
22619, 4370.77
22628, 4364.1
22636, 4362.56
22644, 4370.26
22652, 4374.87
22658, 4372.31
22667, 4374.87
22675, 4386.67
22683, 4396.92
22691, 4394.87
22698, 4390.77
22706, 4400
22714, 4407.69
22722, 4403.59
22730, 4401.03
22738, 4401.03
22745, 4397.95
22753, 4394.36
22761, 4395.9
22769, 4397.44
22777, 4395.9
22784, 4393.85
22792, 4395.38
22800, 4393.85
22808, 4389.23
22816, 4389.23
22823, 4390.77
22831, 4388.21
22839, 4386.67
22847, 4389.74
22855, 4388.72
22863, 4385.13
22870, 4385.64
22878, 4386.15
22885, 4387.69
22893, 4387.69
22902, 4384.1
22909, 4383.59
22917, 4385.13
22924, 4387.18
22933, 4387.69
22940, 4384.1
22948, 4382.56
22956, 4386.67
22964, 4386.67
22972, 4378.97
22980, 4375.9
22988, 4381.03
22995, 4380.51
23003, 4379.49
23011, 4385.13
23019, 4386.15
23026, 4380.51
23035, 4374.36
23042, 4376.92
23050, 4381.54, estimuli
23058, 4381.03
23067, 4377.95
23074, 4377.95
23081, 4380.51
23089, 4380.51
23097, 4380
23105, 4378.46
23113, 4375.9
23121, 4376.92
23129, 4381.54
23136, 4382.56
23144, 4376.41
23152, 4376.41
23160, 4390.77
23168, 4401.03
23175, 4383.59
23183, 4357.44
23191, 4349.74
23199, 4357.44
23207, 4371.28
23214, 4387.18
23222, 4398.46
23230, 4396.92
23238, 4380
23247, 4361.54
23254, 4353.33
23261, 4356.92
23269, 4370.77
23277, 4387.18
23285, 4402.05
23292, 4403.08
23300, 4384.1
23308, 4361.54
23316, 4350.77
23324, 4354.87
23332, 4367.18
23340, 4384.1
23346, 4400.51
23355, 4400.51
23363, 4381.03
23371, 4360
23379, 4350.77
23386, 4353.85
23394, 4364.62
23402, 4382.56
23410, 4397.95
23418, 4395.9
23426, 4378.46
23433, 4356.41
23441, 4342.56
23449, 4348.72
23457, 4370.77
23465, 4389.74
23472, 4395.38
23480, 4391.28
23488, 4378.46
23496, 4354.87
23505, 4340
23512, 4345.64
23519, 4363.08
23527, 4384.1
23535, 4398.97
23543, 4394.87
23551, 4374.87
23558, 4353.33
23566, 4344.1
23574, 4349.23
23582, 4365.13
23590, 4385.64
23598, 4396.92
23605, 4392.82
23613, 4378.97
23621, 4357.44
23629, 4344.1
23637, 4350.26
23644, 4367.69
23652, 4387.69
23660, 4403.59
23668, 4400
23676, 4376.41
23684, 4356.41
23691, 4348.72
23699, 4352.82
23707, 4369.74
23715, 4388.72
23723, 4400.51
23731, 4398.97
23738, 4383.59
23746, 4362.05
23754, 4349.74
23761, 4353.85
23770, 4371.79
23777, 4389.23
23785, 4401.03
23793, 4399.49
23800, 4377.95
23809, 4356.41
23816, 4348.72
23824, 4353.33
23832, 4369.74
23840, 4390.26
23848, 4399.49
23856, 4396.92
23864, 4384.1
23871, 4358.46
23879, 4343.59
23887, 4353.33
23896, 4370.26
23903, 4386.67
23909, 4403.59
23917, 4406.15
23926, 4384.62
23934, 4359.49
23942, 4351.28
23949, 4356.92
23957, 4369.74
23965, 4390.26
23972, 4405.64
23981, 4402.56
23989, 4381.54
23996, 4355.9
24004, 4342.56
24012, 4346.15
24020, 4366.15
24028, 4392.82
24035, 4408.21
24043, 4402.05
24051, 4377.95
24059, 4351.79
24067, 4343.08
24075, 4351.28
24082, 4367.18
24090, 4386.67
24098, 4402.56
24106, 4402.05
24114, 4379.49
24121, 4350.77
24129, 4336.41
24137, 4342.05
24145, 4364.1
24153, 4387.18
24161, 4387.69
24168, 4376.92
24177, 4373.33
24185, 4375.38
24192, 4375.38
24200, 4370.77
24207, 4370.26
24215, 4372.31
24223, 4369.74
24232, 4368.21
24239, 4370.77
24247, 4372.31
24254, 4369.23
24262, 4369.23
24270, 4371.28
24278, 4369.23
24286, 4368.72
24293, 4369.23
24301, 4367.69
24308, 4367.69
24316, 4370.26
24325, 4371.28
24333, 4371.28
24340, 4371.28
24348, 4371.28
24355, 4370.77
24364, 4370.26
24372, 4369.23
24381, 4371.28
24387, 4375.9
24395, 4373.33
24403, 4368.21
24411, 4370.26
24419, 4373.33
24426, 4370.77
24434, 4368.72
24442, 4372.31
24450, 4374.36
24458, 4373.85
24466, 4374.36
24473, 4374.87
24481, 4374.36
24489, 4373.33
24497, 4371.28
24505, 4370.26
24513, 4370.77
24520, 4371.79
24528, 4373.85
24536, 4371.79
24544, 4370.77
24552, 4372.82
24559, 4370.77
24567, 4369.23
24574, 4372.82
24583, 4373.33
24591, 4370.77
24598, 4370.77
24606, 4372.82
24615, 4370.77
24622, 4372.31
24630, 4374.87
24638, 4370.26
24645, 4368.72
24653, 4372.82
24661, 4371.79
24669, 4369.74
24677, 4371.28
24684, 4371.79
24692, 4369.23
24700, 4367.69
24708, 4369.74
24716, 4369.74
24724, 4369.23
24731, 4371.79
24738, 4372.31
24747, 4368.21
24755, 4367.69
24763, 4372.31
24769, 4369.74
24778, 4367.69
24786, 4371.79
24794, 4371.28
24802, 4369.23
24810, 4370.26
24817, 4369.74
24825, 4368.72
24832, 4369.74
24841, 4369.23
24849, 4370.26
24856, 4370.77
24864, 4369.74
24872, 4370.26
24880, 4371.28
24888, 4369.74
24896, 4368.21
24903, 4371.28
24911, 4371.79
24919, 4368.72
24927, 4370.26
24935, 4373.33
24943, 4371.28
24950, 4368.21
24957, 4369.74
24966, 4371.79
24974, 4368.72
24982, 4367.18
24989, 4367.69
24997, 4366.67
25005, 4369.23
25013, 4372.82
25021, 4371.79
25029, 4370.26
25036, 4368.21
25044, 4366.15
25052, 4369.23, estimuli
25060, 4371.28
25068, 4368.72
25075, 4368.21
25083, 4371.79
25091, 4367.69
25099, 4362.56
25107, 4368.21
25115, 4371.28
25122, 4366.67
25130, 4366.15
25138, 4370.77
25146, 4370.26
25154, 4371.28
25161, 4386.15
25169, 4393.33
25177, 4370.77
25185, 4340
25193, 4332.31
25201, 4347.18
25208, 4372.31
25216, 4394.36
25225, 4403.08
25232, 4394.36
25240, 4368.21
25248, 4341.03
25255, 4332.31
25263, 4345.64
25271, 4369.74
25279, 4394.87
25288, 4410.26
25295, 4397.95
25302, 4364.1
25310, 4341.54
25318, 4335.9
25326, 4345.13
25334, 4369.74
25341, 4395.38
25349, 4406.15
25356, 4394.87
25365, 4367.18
25374, 4340.51
25379, 4333.33
25388, 4346.15
25396, 4368.21
25404, 4394.36
25412, 4406.15
25420, 4393.33
25427, 4368.21
25435, 4341.54
25443, 4331.28
25450, 4347.69
25458, 4376.92
25466, 4400
25474, 4409.23
25482, 4400.51
25490, 4373.85
25498, 4343.08
25506, 4333.85
25513, 4347.69
25521, 4371.28
25530, 4395.9
25536, 4407.69
25545, 4395.9
25551, 4368.21
25560, 4342.05
25568, 4333.85
25576, 4346.15
25584, 4371.79
25592, 4396.92
25599, 4405.64
25607, 4393.85
25615, 4367.69
25623, 4342.56
25631, 4333.33
25637, 4345.13
25647, 4371.79
25654, 4393.85
25662, 4403.08
25670, 4394.87
25678, 4368.21
25685, 4341.54
25693, 4336.92
25701, 4349.74
25709, 4368.21
25717, 4390.77
25724, 4403.08
25732, 4390.77
25740, 4364.1
25748, 4343.59
25756, 4337.44
25763, 4348.72
25770, 4370.77
25779, 4392.82
25788, 4406.67
25795, 4395.38
25803, 4363.59
25811, 4340
25818, 4336.41
25826, 4348.72
25834, 4371.28
25842, 4394.87
25850, 4404.62
25857, 4390.26
25865, 4362.05
25873, 4339.49
25881, 4336.41
25889, 4350.26
25896, 4372.31
25904, 4393.33
25912, 4400.51
25920, 4389.74
25928, 4364.1
25936, 4338.46
25943, 4334.36
25951, 4348.72
25960, 4369.74
25967, 4393.85
25975, 4402.56
25983, 4388.21
25990, 4365.64
25998, 4345.13
26006, 4336.41
26014, 4347.69
26021, 4372.31
26029, 4396.92
26037, 4405.13
26045, 4392.82
26053, 4366.15
26061, 4343.59
26070, 4340.51
26076, 4352.82
26084, 4374.36
26092, 4400.51
26100, 4409.74
26108, 4393.33
26115, 4364.1
26123, 4342.05
26131, 4333.85
26139, 4345.64
26147, 4373.85
26155, 4391.28
26162, 4383.08
26170, 4371.28
26178, 4372.31
26186, 4374.36
26194, 4369.23
26201, 4368.21
26209, 4369.74
26217, 4369.74
26225, 4373.85
26233, 4374.87
26241, 4371.28
26248, 4372.82
26256, 4373.33
26264, 4370.26
26272, 4371.28
26280, 4373.33
26287, 4371.79
26295, 4371.28
26303, 4373.85
26311, 4373.33
26319, 4369.74
26327, 4369.74
26334, 4372.31
26342, 4372.31
26349, 4372.82
26358, 4372.82
26366, 4370.77
26373, 4370.26
26381, 4373.85
26389, 4375.38
26397, 4370.77
26405, 4368.72
26413, 4371.28
26420, 4373.33
26428, 4371.28
26436, 4368.72
26444, 4370.26
26452, 4370.77
26459, 4369.23
26467, 4372.31
26475, 4373.85
26483, 4372.31
26491, 4373.33
26499, 4373.85
26506, 4371.79
26514, 4368.21
26522, 4367.69
26530, 4373.33
26538, 4372.82
26545, 4366.15
26553, 4365.13
26561, 4369.74
26568, 4370.77
26577, 4371.79
26585, 4375.38
26592, 4369.74
26600, 4364.62
26608, 4369.74
26616, 4372.31
26624, 4369.74
26632, 4370.26
26639, 4372.31
26647, 4373.85
26655, 4372.82
26663, 4370.26
26671, 4370.77
26678, 4373.85
26686, 4372.82
26694, 4370.77
26702, 4371.79
26710, 4374.36
26718, 4373.33
26724, 4370.26
26733, 4370.26
26741, 4370.26
26749, 4371.28
26757, 4372.82
26764, 4370.77
26772, 4369.23
26780, 4370.77
26788, 4373.85
26796, 4372.31
26804, 4370.77
26811, 4370.26
26819, 4369.23
26827, 4369.23
26835, 4370.77
26843, 4374.36
26850, 4374.36
26858, 4368.72
26866, 4370.26
26874, 4372.82
26882, 4370.77
26890, 4370.26
26897, 4371.28
26905, 4372.31
26913, 4374.36
26921, 4373.85
26929, 4370.77
26937, 4371.79
26944, 4375.38
26952, 4374.36
26960, 4374.36
26968, 4376.41
26976, 4374.36
26983, 4373.33
26991, 4374.36
26999, 4374.36
27007, 4370.26
27015, 4365.64
27023, 4369.74
27030, 4373.85
27038, 4370.77
27046, 4373.33
27054, 4374.36, estimuli
27062, 4366.67
27069, 4364.62
27077, 4367.69
27085, 4371.79
27093, 4374.36
27101, 4371.79
27109, 4368.21
27116, 4367.69
27124, 4368.21
27132, 4367.69
27140, 4368.72
27148, 4366.15
27155, 4370.77
27162, 4388.72
27171, 4393.33
27179, 4371.28
27187, 4345.13
27195, 4336.92
27202, 4345.64
27210, 4366.67
27218, 4391.79
27226, 4404.62
27234, 4396.92
27241, 4372.82
27249, 4344.1
27257, 4333.33
27265, 4348.72
27273, 4369.23
27281, 4387.69
27287, 4403.59
27295, 4398.97
27304, 4372.82
27312, 4347.69
27320, 4338.46
27327, 4346.67
27335, 4367.69
27343, 4392.82
27351, 4406.15
27359, 4396.41
27367, 4371.28
27374, 4345.13
27382, 4335.38
27390, 4345.64
27398, 4364.62
27406, 4389.74
27413, 4408.21
27421, 4399.49
27429, 4372.31
27437, 4346.67
27445, 4336.41
27453, 4344.62
27460, 4365.64
27468, 4390.77
27476, 4405.13
27484, 4396.41
27491, 4369.23
27500, 4342.56
27507, 4333.33
27515, 4347.69
27523, 4371.28
27531, 4391.28
27539, 4404.1
27546, 4399.49
27554, 4371.28
27562, 4346.15
27570, 4337.95
27578, 4345.64
27585, 4368.72
27593, 4393.85
27601, 4403.08
27608, 4395.38
27617, 4376.41
27625, 4353.85
27632, 4339.49
27640, 4344.62
27648, 4366.67
27656, 4392.82
27664, 4409.23
27672, 4401.54
27679, 4370.26
27686, 4344.62
27695, 4338.97
27703, 4348.72
27711, 4371.79
27718, 4397.95
27726, 4411.28
27734, 4398.97
27742, 4369.74
27750, 4345.64
27758, 4337.44
27765, 4346.67
27774, 4367.69
27781, 4391.79
27789, 4405.64
27797, 4395.9
27804, 4372.31
27812, 4346.15
27820, 4335.9
27828, 4349.23
27836, 4371.79
27844, 4396.41
27851, 4410.77
27859, 4400.51
27867, 4371.28
27875, 4344.62
27884, 4338.46
27890, 4349.23
27898, 4367.18
27906, 4392.82
27914, 4410.77
27922, 4403.59
27930, 4376.41
27937, 4346.67
27945, 4334.87
27953, 4348.21
27961, 4372.31
27969, 4394.36
27976, 4406.67
27984, 4399.49
27992, 4372.31
28000, 4346.15
28008, 4338.97
28015, 4348.72
28023, 4369.23
28031, 4396.92
28039, 4411.28
28047, 4398.46
28055, 4370.26
28062, 4346.15
28070, 4338.46
28078, 4352.31
28086, 4374.87
28094, 4393.85
28102, 4407.69
28109, 4399.49
28117, 4370.26
28125, 4350.26
28133, 4343.08
28141, 4345.64
28148, 4370.26
28156, 4395.38
28164, 4389.23
28172, 4373.33
28179, 4372.82
28188, 4378.46
28195, 4374.87
28203, 4371.79
28211, 4371.79
28219, 4371.28
28227, 4372.82
28235, 4373.85
28241, 4372.82
28250, 4372.82
28258, 4375.38
28266, 4376.41
28274, 4372.82
28281, 4370.77
28289, 4374.36
28297, 4376.92
28305, 4373.85
28313, 4370.26
28321, 4370.26
28328, 4373.33
28336, 4373.85
28344, 4373.85
28352, 4372.31
28360, 4368.21
28367, 4368.72
28375, 4372.31
28383, 4374.36
28391, 4370.77
28399, 4368.21
28407, 4372.82
28414, 4373.85
28422, 4371.28
28430, 4372.82
28439, 4372.31
28446, 4370.26
28453, 4371.28
28461, 4373.33
28469, 4373.33
28477, 4370.77
28485, 4370.26
28493, 4372.31
28500, 4373.33
28508, 4372.82
28516, 4370.77
28524, 4370.77
28532, 4373.85
28539, 4374.36
28547, 4370.26
28555, 4369.74
28563, 4372.31
28571, 4371.79
28579, 4369.74
28586, 4372.82
28594, 4371.28
28602, 4366.15
28610, 4365.64
28618, 4368.72
28626, 4372.82
28633, 4372.31
28641, 4368.72
28649, 4370.26
28657, 4374.36
28665, 4373.85
28672, 4369.74
28680, 4368.72
28688, 4371.79
28696, 4374.36
28704, 4373.33
28711, 4371.79
28719, 4371.28
28727, 4372.82
28735, 4372.31
28743, 4373.33
28751, 4374.87
28758, 4371.79
28765, 4369.23
28774, 4369.74
28782, 4374.36
28790, 4374.36
28799, 4368.21
28805, 4365.64
28813, 4369.74
28821, 4374.36
28828, 4373.33
28837, 4370.26
28844, 4369.74
28852, 4370.26
28861, 4370.26
28868, 4372.31
28876, 4372.82
28884, 4371.79
28891, 4369.23
28899, 4368.21
28907, 4371.79
28915, 4373.33
28923, 4372.31
28930, 4372.31
28938, 4374.36
28946, 4376.92
28954, 4373.85
28962, 4370.26
28970, 4372.31
28977, 4374.36
28985, 4370.77
28993, 4368.21
29001, 4371.28
29008, 4372.31
29017, 4368.21
29024, 4368.21
29032, 4373.33
29040, 4374.36
29048, 4373.85
29056, 4372.31, estimuli
29063, 4372.31
29071, 4373.33
29079, 4370.26
29087, 4368.21
29095, 4370.26
29102, 4371.79
29110, 4369.23
29118, 4368.21
29126, 4371.28
29134, 4372.31
29141, 4373.85
29149, 4372.82
29157, 4374.36
29165, 4388.21
29173, 4394.36
29181, 4375.9
29189, 4348.21
29197, 4337.95
29204, 4349.23
29213, 4368.72
29220, 4389.74
29228, 4404.1
29235, 4400
29243, 4377.95
29251, 4352.31
29259, 4338.46
29267, 4346.67
29275, 4368.72
29282, 4389.74
29290, 4401.54
29298, 4396.92
29306, 4377.44
29314, 4351.79
29321, 4336.41
29329, 4343.59
29337, 4368.21
29346, 4396.92
29353, 4409.23
29361, 4400.51
29368, 4377.95
29376, 4351.79
29384, 4338.97
29392, 4345.64
29400, 4364.1
29407, 4387.69
29415, 4401.03
29423, 4396.41
29431, 4376.92
29439, 4351.79
29447, 4338.46
29455, 4347.18
29463, 4367.69
29470, 4387.69
29478, 4401.54
29486, 4401.03
29493, 4378.97
29501, 4353.85
29509, 4340.51
29517, 4344.62
29525, 4364.1
29533, 4388.21
29540, 4403.59
29547, 4399.49
29556, 4374.87
29564, 4348.72
29572, 4337.95
29579, 4345.13
29587, 4365.64
29595, 4391.28
29603, 4407.69
29610, 4402.05
29619, 4374.87
29626, 4347.18
29634, 4337.44
29642, 4348.21
29650, 4365.64
29658, 4385.64
29665, 4404.1
29673, 4402.05
29681, 4374.36
29689, 4344.1
29697, 4334.36
29705, 4345.13
29712, 4365.13
29720, 4387.69
29727, 4403.08
29736, 4397.95
29744, 4374.36
29751, 4348.21
29759, 4336.92
29767, 4346.15
29775, 4367.69
29783, 4390.77
29791, 4402.56
29798, 4394.36
29806, 4370.77
29814, 4345.64
29822, 4336.92
29830, 4345.64
29838, 4366.15
29845, 4395.9
29853, 4412.82
29860, 4401.54
29869, 4376.41
29877, 4352.31
29885, 4340
29892, 4346.67
29900, 4370.77
29907, 4399.49
29916, 4411.79
29923, 4401.54
29931, 4381.54
29939, 4356.92
29947, 4342.05
29955, 4352.82
29963, 4375.9
29970, 4394.87
29978, 4405.13
29986, 4401.03
29994, 4378.46
30002, 4354.36
30011, 4346.15
30016, 4351.79
30024, 4372.82
30032, 4398.46
30041, 4410.26
30049, 4400
30055, 4377.95
30064, 4356.41
30072, 4340.51
30080, 4346.67
30088, 4371.79
30096, 4395.9
30102, 4407.69
30111, 4404.1
30119, 4380.51
30126, 4349.74
30135, 4337.44
30142, 4348.21
30150, 4371.79
30158, 4393.33
30166, 4393.85
30174, 4376.92
30182, 4371.79
30189, 4376.41
30197, 4371.79
30205, 4369.23
30213, 4373.33
30221, 4374.87
30228, 4373.33
30236, 4370.77
30244, 4371.79
30252, 4373.85
30260, 4371.28
30268, 4371.79
30275, 4373.33
30283, 4372.31
30291, 4371.28
30299, 4371.79
30307, 4370.26
30315, 4368.72
30322, 4371.28
30330, 4372.31
30338, 4372.31
30346, 4372.82
30354, 4371.79
30361, 4374.36
30369, 4377.95
30377, 4375.9
30385, 4374.36
30393, 4372.31
30401, 4367.69
30408, 4369.74
30416, 4373.85
30424, 4373.33
30432, 4372.31
30440, 4374.36
30447, 4375.38
30455, 4373.85
30463, 4374.36
30471, 4374.87
30479, 4373.33
30487, 4372.82
30494, 4373.85
30502, 4372.82
30510, 4370.26
30518, 4372.82
30526, 4375.9
30533, 4373.85
30541, 4372.31
30548, 4372.82
30557, 4372.82
30565, 4374.36
30573, 4374.36
30580, 4369.23
30588, 4367.18
30596, 4368.72
30604, 4371.28
30612, 4372.31
30619, 4373.85
30627, 4375.38
30635, 4371.28
30643, 4368.21
30651, 4370.26
30659, 4372.82
30666, 4376.41
30674, 4374.87
30683, 4368.72
30690, 4368.72
30698, 4374.36
30705, 4375.9
30713, 4373.85
30721, 4375.38
30729, 4374.87
30737, 4370.77
30745, 4374.87
30752, 4376.41
30760, 4371.28
30768, 4372.31
30776, 4374.87
30784, 4369.74
30792, 4366.67
30799, 4369.74
30807, 4370.77
30815, 4372.31
30823, 4374.87
30831, 4371.79
30838, 4370.26
30846, 4375.38
30854, 4374.36
30862, 4369.74
30870, 4371.79
30878, 4374.36
30885, 4374.87
30893, 4373.33
30901, 4371.79
30909, 4372.82
30917, 4374.36
30924, 4374.36
30932, 4373.85
30940, 4374.36
30948, 4374.36
30955, 4373.85
30964, 4374.87
30971, 4376.41
30979, 4375.38
30987, 4371.28
30995, 4367.69
31003, 4370.77
31010, 4374.36
31018, 4371.79
31026, 4371.79
31034, 4374.36
31042, 4373.33
31050, 4371.79
31057, 4373.33, estimuli
31065, 4375.38
31073, 4373.85
31081, 4373.85
31089, 4372.31
31096, 4370.26
31104, 4372.82
31112, 4376.41
31120, 4376.92
31128, 4373.85
31136, 4371.28
31143, 4375.9
31151, 4376.41
31159, 4371.79
31167, 4383.59
31175, 4397.44
31182, 4384.1
31190, 4354.87
31198, 4338.97
31206, 4345.13
31214, 4365.13
31222, 4388.72
31229, 4404.1
31237, 4402.56
31245, 4383.08
31253, 4354.87
31260, 4340.51
31268, 4347.18
31276, 4363.59
31284, 4387.18
31292, 4406.15
31300, 4401.54
31308, 4378.46
31315, 4354.87
31323, 4341.54
31331, 4346.67
31338, 4366.67
31347, 4389.74
31354, 4405.13
31361, 4404.62
31369, 4386.15
31378, 4358.97
31386, 4345.64
31394, 4353.33
31401, 4368.21
31409, 4382.56
31416, 4400
31424, 4406.15
31433, 4384.62
31440, 4355.9
31448, 4341.54
31456, 4345.64
31464, 4365.64
31472, 4389.23
31480, 4405.13
31487, 4404.1
31495, 4381.03
31503, 4353.85
31511, 4341.03
31519, 4345.64
31527, 4367.69
31534, 4394.36
31542, 4406.15
31550, 4398.97
31558, 4380.51
31566, 4356.92
31573, 4343.08
31581, 4350.77
31589, 4367.69
31597, 4384.62
31604, 4400.51
31613, 4402.05
31620, 4382.56
31627, 4357.44
31636, 4341.54
31644, 4346.15
31652, 4366.67
31659, 4388.72
31667, 4404.1
31675, 4398.46
31683, 4375.9
31690, 4355.38
31699, 4345.13
31706, 4348.21
31714, 4367.18
31722, 4392.31
31730, 4404.62
31738, 4397.44
31745, 4378.46
31753, 4354.87
31761, 4338.97
31769, 4346.15
31777, 4370.77
31785, 4396.92
31792, 4407.69
31800, 4399.49
31808, 4377.44
31816, 4354.36
31824, 4344.1
31832, 4349.23
31839, 4365.13
31847, 4386.67
31855, 4402.56
31863, 4402.05
31871, 4380.51
31878, 4351.79
31886, 4337.44
31894, 4347.69
31902, 4370.26
31910, 4388.21
31918, 4400.51
31925, 4400.51
31933, 4380
31941, 4352.82
31949, 4342.56
31957, 4351.79
31965, 4369.74
31972, 4389.23
31980, 4403.59
31988, 4402.56
31996, 4380
32004, 4350.77
32011, 4338.46
32019, 4345.64
32027, 4366.15
32035, 4387.18
32043, 4402.05
32050, 4400.51
32058, 4380
32066, 4353.85
32074, 4340.51
32082, 4348.21
32090, 4367.69
32097, 4389.74
32105, 4404.62
32113, 4398.97
32121, 4379.49
32128, 4356.41
32136, 4343.08
32143, 4347.18
32152, 4366.67
32160, 4390.26
32168, 4393.33
32176, 4378.97
32183, 4372.82
32191, 4376.41
32199, 4374.36
32207, 4374.87
32215, 4373.33
32223, 4368.72
32230, 4370.77
32238, 4371.28
32246, 4370.26
32253, 4372.82
32261, 4375.38
32269, 4372.82
32277, 4370.77
32285, 4373.33
32293, 4372.82
32301, 4370.26
32307, 4372.31
32315, 4373.33
32324, 4371.79
32332, 4372.82
32340, 4375.38
32348, 4374.87
32355, 4374.36
32362, 4375.9
32371, 4375.38
32378, 4379.49
32387, 4383.59
32395, 4379.49
32402, 4375.9
32410, 4375.38
32418, 4372.31
32426, 4372.31
32434, 4375.9
32441, 4376.92
32449, 4376.41
32457, 4372.82
32465, 4369.74
32473, 4372.82
32481, 4376.92
32488, 4375.38
32496, 4373.85
32504, 4377.44
32512, 4378.46
32520, 4376.41
32527, 4375.9
32535, 4374.87
32542, 4375.9
32551, 4377.44
32559, 4375.38
32568, 4374.36
32574, 4373.85
32582, 4372.31
32590, 4372.82
32598, 4372.82
32605, 4371.28
32613, 4371.79
32621, 4373.85
32629, 4373.33
32637, 4371.79
32645, 4373.33
32653, 4373.85
32660, 4371.28
32668, 4370.77
32676, 4370.26
32684, 4370.77
32692, 4373.85
32699, 4373.85
32707, 4370.77
32715, 4371.28
32723, 4372.31
32731, 4372.31
32739, 4375.38
32746, 4377.95
32754, 4373.85
32762, 4371.28
32770, 4371.79
32778, 4366.67
32785, 4366.15
32793, 4374.36
32801, 4375.9
32809, 4372.82
32817, 4369.74
32825, 4368.21
32832, 4369.74
32840, 4371.28
32848, 4371.28
32856, 4370.77
32863, 4372.31
32871, 4371.79
32879, 4372.31
32887, 4372.31
32895, 4371.28
32903, 4371.79
32911, 4372.31
32918, 4371.79
32927, 4370.77
32934, 4369.74
32942, 4371.28
32949, 4373.85
32959, 4374.36
32965, 4373.33
32973, 4372.31
32981, 4372.82
32989, 4373.85
32997, 4375.38
33004, 4377.44
33012, 4374.87
33020, 4371.28
33028, 4373.33
33036, 4371.79
33044, 4369.23
33051, 4371.28
33059, 4371.79, estimuli
33067, 4370.77
33075, 4372.31
33083, 4374.87
33090, 4372.82
33098, 4370.26
33106, 4372.82
33114, 4373.33
33121, 4372.31
33130, 4371.79
33137, 4371.79
33145, 4374.36
33153, 4374.36
33161, 4375.38
33169, 4385.13
33176, 4397.95
33184, 4388.72
33192, 4356.92
33200, 4339.49
33208, 4346.15
33216, 4362.56
33223, 4382.56
33231, 4403.59
33239, 4408.72
33247, 4388.72
33255, 4358.97
33262, 4343.59
33270, 4348.21
33278, 4363.08
33286, 4386.67
33293, 4405.13
33302, 4405.13
33309, 4386.67
33317, 4361.03
33325, 4345.64
33333, 4348.72
33341, 4366.15
33348, 4390.26
33356, 4408.21
33364, 4405.64
33372, 4384.1
33380, 4362.05
33388, 4343.59
33395, 4339.49
33403, 4363.59
33411, 4395.9
33419, 4412.31
33427, 4407.18
33434, 4386.15
33442, 4361.54
33450, 4346.15
33458, 4347.18
33466, 4363.59
33474, 4388.21
33480, 4407.69
33489, 4407.18
33498, 4386.15
33505, 4364.62
33513, 4350.77
33521, 4351.79
33529, 4369.74
33536, 4393.33
33544, 4411.79
33552, 4411.79
33560, 4392.82
33567, 4370.26
33575, 4354.87
33583, 4357.44
33591, 4377.95
33599, 4401.54
33607, 4415.38
33615, 4412.82
33623, 4393.33
33630, 4363.59
33637, 4345.13
33645, 4352.31
33653, 4372.82
33661, 4392.31
33669, 4407.18
33677, 4408.72
33685, 4394.87
33693, 4370.77
33700, 4349.23
33708, 4350.26
33716, 4371.79
33724, 4393.33
33732, 4405.13
33739, 4404.1
33747, 4389.74
33755, 4364.1
33763, 4346.67
33771, 4350.26
33779, 4364.62
33786, 4386.15
33794, 4407.18
33802, 4407.69
33810, 4387.18
33822, 4361.54
33835, 4343.59
33836, 4344.1
33841, 4363.08
33849, 4388.21
33857, 4403.59
33865, 4403.59
33873, 4385.13
33880, 4354.87
33888, 4338.97
33896, 4344.62
33904, 4366.15
33912, 4393.85
33919, 4411.28
33928, 4408.72
33935, 4388.21
33943, 4363.59
33951, 4350.26
33959, 4353.33
33967, 4370.77
33974, 4393.33
33982, 4408.72
33990, 4403.59
33998, 4381.54
34005, 4358.46
34013, 4341.03
34021, 4345.64
34028, 4371.79
34037, 4396.92
34045, 4411.28
34052, 4409.23
34060, 4384.62
34068, 4354.36
34076, 4340
34084, 4346.15
34091, 4366.15
34100, 4390.77
34107, 4408.21
34115, 4403.59
34123, 4381.54
34131, 4358.46
34138, 4346.15
34146, 4346.67
34154, 4363.59
34166, 4389.74
34170, 4396.92
34178, 4381.54
34185, 4373.85
34193, 4377.95
34201, 4376.92
34210, 4375.9
34217, 4378.97
34224, 4381.54
34232, 4378.46
34240, 4371.28
34248, 4367.18
34256, 4367.69
34264, 4370.77
34271, 4370.77
34279, 4369.23
34287, 4374.87
34295, 4378.97
34303, 4376.41
34311, 4375.38
34318, 4375.9
34326, 4375.9
34334, 4375.9
34343, 4375.9
34350, 4375.9
34357, 4373.85
34365, 4373.85
34373, 4375.9
34382, 4380.51
34395, 4382.05
34397, 4379.49
34404, 4378.97
34411, 4377.44
34420, 4379.49
34428, 4383.59
34436, 4381.03
34443, 4376.92
34451, 4376.41
34459, 4378.97
34467, 4381.03
34475, 4380.51
34483, 4380.51
34497, 4380.51
34499, 4380.51
34506, 4383.08
34514, 4381.03
34522, 4375.9
34529, 4377.95
34537, 4382.56
34545, 4380.51
34553, 4376.92
34561, 4377.44
34569, 4380
34576, 4378.97
34584, 4376.41
34592, 4376.92
34600, 4381.54
34608, 4381.54
34615, 4376.92
34623, 4381.03
34631, 4385.13
34640, 4381.03
34647, 4377.44
34656, 4377.95
34662, 4377.44
34670, 4371.79
34677, 4371.28
34686, 4375.9
34694, 4371.79
34702, 4367.18
34709, 4371.79
34717, 4375.38
34725, 4376.41
34733, 4375.9
34741, 4375.9
34748, 4378.97
34756, 4379.49
34764, 4375.9
34772, 4371.79
34780, 4371.79
34788, 4371.79
34795, 4369.74
34803, 4370.77
34811, 4371.28
34819, 4373.33
34827, 4372.31
34834, 4371.28
34842, 4378.46
34855, 4380
34857, 4375.38
34866, 4374.87
34874, 4375.38
34880, 4371.79
34889, 4369.23
34897, 4369.23
34905, 4372.31
34913, 4374.36
34920, 4371.79
34928, 4370.26
34936, 4370.26
34944, 4369.74
34952, 4369.23
34960, 4369.23
34967, 4371.79
34976, 4371.28
34983, 4370.77
34991, 4371.28
34999, 4371.79
35007, 4372.82
35014, 4372.31
35022, 4370.77
35030, 4369.74
35038, 4368.72
35046, 4374.87
35053, 4378.97
35061, 4376.41, estimuli
35069, 4374.87
35077, 4373.33
35085, 4372.31
35093, 4372.82
35100, 4373.33
35108, 4371.28
35116, 4371.28
35124, 4373.33
35132, 4371.28
35139, 4370.26
35147, 4371.79
35156, 4369.23
35163, 4373.33
35171, 4389.74
35179, 4394.36
35186, 4376.92
35194, 4349.23
35202, 4337.44
35210, 4349.23
35218, 4373.85
35225, 4395.9
35233, 4403.59
35241, 4395.38
35250, 4373.33
35257, 4350.77
35266, 4340.51
35271, 4347.69
35280, 4370.77
35288, 4395.38
35296, 4404.62
35304, 4394.36
35312, 4373.33
35319, 4349.74
35327, 4337.44
35335, 4348.21
35343, 4374.36
35351, 4393.33
35358, 4397.95
35366, 4392.82
35374, 4370.77
35382, 4344.1
35390, 4336.92
35398, 4349.74
35405, 4369.23
35413, 4388.21
35421, 4404.1
35428, 4398.46
35437, 4371.28
35444, 4346.67
35452, 4338.97
35460, 4348.72
35468, 4368.72
35476, 4388.21
35484, 4400.51
35491, 4395.38
35499, 4369.74
35507, 4345.64
35515, 4338.97
35523, 4346.67
35530, 4367.18
35538, 4395.38
35546, 4406.15
35555, 4389.23
35562, 4365.64
35569, 4347.69
35582, 4339.49
35585, 4348.21
35593, 4367.18
35601, 4390.77
35608, 4404.62
35618, 4391.79
35624, 4366.67
35632, 4346.15
35640, 4337.95
35648, 4348.21
35656, 4372.31
35663, 4398.97
35671, 4409.74
35679, 4396.92
35687, 4372.31
35696, 4345.13
35703, 4335.38
35710, 4348.72
35719, 4372.31
35726, 4395.9
35734, 4406.67
35742, 4398.46
35750, 4374.87
35757, 4350.26
35765, 4341.54
35773, 4352.31
35781, 4376.92
35789, 4400
35796, 4407.69
35804, 4397.95
35812, 4374.36
35820, 4347.69
35829, 4338.46
35836, 4350.26
35843, 4371.79
35851, 4394.87
35859, 4408.72
35867, 4400
35875, 4371.28
35881, 4344.62
35890, 4335.9
35898, 4347.69
35906, 4374.36
35914, 4397.44
35922, 4406.15
35929, 4395.38
35937, 4368.72
35945, 4346.15
35953, 4340.51
35960, 4351.79
35968, 4371.79
35982, 4394.36
35983, 4407.69
35992, 4396.92
36000, 4369.23
36008, 4348.72
36015, 4341.54
36023, 4348.72
36031, 4372.31
36039, 4400.51
36047, 4410.77
36055, 4396.92
36062, 4373.85
36070, 4350.77
36082, 4340
36087, 4351.28
36094, 4373.85
36101, 4399.49
36109, 4411.28
36117, 4398.46
36125, 4372.31
36133, 4349.74
36141, 4337.95
36148, 4344.62
36156, 4371.79
36164, 4394.87
36172, 4387.69
36180, 4371.28
36187, 4372.31
36195, 4375.9
36203, 4370.77
36211, 4367.18
36219, 4370.26
36226, 4373.33
36234, 4371.79
36242, 4371.79
36250, 4372.31
36258, 4371.28
36266, 4372.31
36274, 4372.82
36281, 4372.31
36288, 4375.38
36297, 4375.38
36305, 4372.31
36313, 4369.74
36320, 4369.23
36328, 4369.74
36336, 4368.72
36344, 4369.23
36352, 4369.74
36360, 4371.28
36368, 4374.36
36375, 4375.9
36383, 4375.38
36391, 4374.36
36399, 4373.85
36406, 4376.41
36414, 4376.41
36422, 4373.33
36430, 4372.82
36438, 4374.36
36446, 4373.85
36453, 4371.79
36461, 4373.33
36468, 4372.82
36477, 4370.26
36485, 4372.31
36493, 4371.79
36500, 4367.69
36508, 4366.67
36516, 4368.21
36524, 4368.21
36532, 4367.18
36540, 4370.26
36547, 4372.31
36555, 4370.26
36563, 4371.28
36571, 4375.38
36578, 4376.92
36585, 4377.44
36594, 4375.9
36602, 4374.87
36610, 4373.85
36618, 4372.31
36625, 4375.38
36633, 4375.9
36641, 4372.82
36649, 4372.82
36657, 4373.33
36665, 4370.26
36672, 4369.23
36680, 4370.77
36688, 4370.77
36696, 4371.28
36704, 4368.72
36711, 4363.08
36719, 4366.15
36727, 4370.77
36735, 4366.67
36743, 4367.18
36751, 4371.79
36758, 4370.77
36766, 4368.72
36774, 4368.21
36782, 4370.77
36789, 4370.26
36797, 4367.18
36805, 4368.72
36813, 4370.77
36821, 4370.26
36829, 4368.72
36837, 4366.67
36844, 4368.21
36852, 4367.69
36860, 4369.23
36868, 4371.28
36876, 4367.69
36884, 4365.64
36891, 4369.23
36899, 4371.28
36907, 4369.74
36914, 4368.21
36923, 4370.77
36930, 4372.31
36938, 4371.28
36946, 4371.28
36954, 4371.28
36962, 4369.74
36970, 4368.21
36977, 4367.69
36985, 4371.79
36993, 4372.31
37001, 4370.77
37009, 4371.79
37016, 4371.28
37024, 4371.28
37032, 4374.87
37040, 4375.38
37048, 4370.77
37056, 4368.72
37064, 4372.31, estimuli
37072, 4372.82
37079, 4372.82
37087, 4373.85
37095, 4372.31
37102, 4372.31
37110, 4371.28
37118, 4369.74
37126, 4369.23
37134, 4366.67
37142, 4368.21
37149, 4373.85
37158, 4371.79
37165, 4374.36
37173, 4391.28
37181, 4398.97
37189, 4378.46
37196, 4346.15
37204, 4333.33
37212, 4345.64
37220, 4370.26
37228, 4394.36
37235, 4404.1
37243, 4398.46
37251, 4377.44
37259, 4350.26
37266, 4337.95
37275, 4348.21
37282, 4371.79
37289, 4396.41
37298, 4410.77
37306, 4404.1
37314, 4377.44
37321, 4350.77
37330, 4340.51
37337, 4351.28
37345, 4372.82
37353, 4391.28
37361, 4404.62
37368, 4402.56
37376, 4378.46
37384, 4350.26
37392, 4338.46
37400, 4346.15
37407, 4369.74
37415, 4395.38
37423, 4410.26
37431, 4405.64
37439, 4382.05
37447, 4354.87
37454, 4343.59
37462, 4352.31
37470, 4370.26
37478, 4394.87
37486, 4412.31
37493, 4403.08
37501, 4378.46
37509, 4352.82
37517, 4338.97
37525, 4346.67
37533, 4370.26
37540, 4396.92
37548, 4409.74
37556, 4398.97
37564, 4373.85
37572, 4349.74
37579, 4338.46
37586, 4347.18
37595, 4367.18
37602, 4391.28
37611, 4407.18
37619, 4398.46
37626, 4369.74
37634, 4344.62
37642, 4340
37650, 4351.28
37658, 4372.82
37665, 4396.41
37673, 4407.69
37681, 4403.08
37689, 4378.97
37697, 4347.69
37704, 4339.49
37711, 4354.36
37721, 4374.36
37727, 4393.33
37736, 4408.21
37744, 4406.15
37752, 4377.44
37759, 4347.18
37767, 4338.97
37775, 4351.28
37783, 4373.85
37790, 4397.95
37797, 4410.77
37806, 4403.59
37814, 4376.41
37822, 4348.21
37830, 4337.95
37838, 4349.23
37845, 4373.33
37858, 4395.9
37861, 4408.21
37869, 4399.49
37877, 4371.79
37886, 4348.72
37892, 4343.59
37900, 4355.38
37908, 4374.87
37916, 4395.38
37923, 4406.67
37930, 4395.9
37939, 4371.79
37947, 4350.77
37955, 4341.54
37963, 4350.77
37972, 4372.31
37978, 4394.36
37986, 4407.69
37994, 4400.51
38002, 4376.41
38010, 4349.23
38017, 4337.44
38025, 4348.72
38033, 4371.28
38041, 4396.92
38049, 4410.77
38057, 4400
38064, 4374.36
38078, 4349.74
38080, 4337.95
38088, 4346.67
38096, 4372.31
38104, 4398.46
38111, 4408.21
38119, 4397.95
38128, 4374.87
38135, 4350.26
38143, 4337.95
38150, 4346.67
38159, 4372.82
38166, 4393.33
38180, 4386.67
38182, 4373.33
38190, 4371.79
38197, 4372.82
38205, 4372.31
38214, 4371.79
38221, 4373.33
38233, 4372.31
38237, 4369.74
38244, 4371.79
38252, 4374.36
38261, 4371.79
38267, 4370.26
38275, 4370.77
38284, 4373.33
38291, 4372.31
38299, 4369.23
38307, 4370.77
38315, 4374.87
38323, 4374.36
38330, 4368.72
38338, 4368.21
38346, 4370.26
38353, 4367.18
38362, 4366.15
38370, 4368.72
38377, 4369.74
38385, 4370.77
38393, 4371.79
38402, 4372.31
38409, 4372.31
38416, 4370.77
38424, 4370.26
38432, 4369.74
38440, 4369.23
38448, 4369.74
38456, 4369.23
38463, 4369.74
38471, 4370.26
38479, 4370.26
38487, 4371.28
38495, 4372.31
38502, 4373.85
38510, 4373.33
38518, 4371.79
38526, 4370.77
38534, 4369.23
38541, 4370.77
38549, 4372.82
38557, 4371.28
38565, 4370.26
38573, 4371.79
38581, 4373.33
38588, 4370.77
38596, 4371.79
38604, 4376.41
38612, 4374.87
38620, 4373.33
38628, 4372.82
38635, 4370.26
38643, 4372.82
38651, 4374.36
38659, 4371.79
38668, 4371.28
38674, 4369.74
38682, 4368.72
38690, 4371.28
38698, 4372.82
38706, 4374.36
38714, 4375.9
38721, 4375.9
38729, 4374.36
38737, 4371.79
38745, 4372.31
38753, 4375.9
38760, 4375.38
38768, 4371.79
38776, 4371.28
38784, 4375.38
38792, 4375.9
38800, 4373.33
38808, 4371.79
38815, 4371.79
38823, 4372.82
38831, 4372.82
38838, 4371.79
38846, 4374.36
38854, 4374.36
38862, 4373.33
38870, 4372.31
38878, 4370.26
38886, 4370.26
38892, 4371.28
38900, 4373.33
38952, 4372.82
38953, 4371.79
38953, 4375.38
38953, 4374.87
38953, 4369.74
38953, 4369.74
38957, 4373.33
38964, 4372.82
38973, 4370.26
38979, 4369.23
38987, 4371.28
38995, 4373.85
39003, 4373.33
39011, 4369.23
39020, 4368.72
39026, 4374.36
39034, 4374.87
39042, 4373.33
39050, 4374.36
39058, 4373.85
39065, 4371.28, estimuli
39073, 4370.77
39081, 4373.85
39089, 4375.38
39097, 4372.82
39106, 4372.31
39112, 4372.82
39119, 4374.36
39127, 4375.38
39136, 4374.36
39144, 4371.28
39152, 4368.72
39159, 4370.77
39167, 4375.38
39175, 4373.85
39183, 4378.97
39191, 4394.87
39198, 4397.44
39206, 4374.87
39214, 4348.21
39222, 4340.51
39230, 4349.23
39238, 4367.69
39245, 4392.31
39253, 4405.13
39262, 4397.95
39269, 4372.82
39277, 4346.15
39284, 4338.46
39292, 4347.69
39300, 4367.18
39308, 4391.79
39316, 4404.62
39324, 4397.95
39331, 4375.38
39339, 4349.74
39347, 4336.41
39355, 4345.13
39363, 4372.82
39370, 4399.49
39378, 4411.28
39386, 4403.08
39394, 4374.36
39402, 4345.13
39410, 4334.36
39417, 4349.23
39426, 4376.41
39433, 4396.92
39441, 4406.67
39449, 4399.49
39456, 4374.87
39464, 4345.64
39472, 4333.85
39480, 4347.18
39488, 4369.23
39496, 4391.28
39503, 4405.64
39511, 4395.9
39518, 4369.74
39527, 4347.18
39534, 4338.46
39543, 4349.23
39550, 4370.26
39557, 4390.77
39566, 4402.56
39573, 4396.41
39582, 4377.44
39590, 4351.28
39597, 4337.44
39605, 4350.77
39613, 4374.36
39621, 4395.38
39629, 4406.67
39635, 4397.95
39643, 4372.31
39652, 4343.59
39660, 4333.85
39668, 4348.21
39675, 4373.85
39683, 4401.03
39692, 4413.33
39699, 4400
39707, 4371.79
39715, 4349.74
39722, 4344.62
39730, 4353.85
39738, 4374.87
39746, 4397.95
39754, 4405.13
39761, 4391.79
39770, 4369.74
39777, 4351.79
39784, 4343.59
39792, 4349.74
39800, 4371.79
39809, 4394.87
39816, 4403.59
39824, 4394.87
39832, 4371.28
39840, 4348.21
39848, 4340.51
39855, 4348.72
39863, 4371.79
39871, 4397.44
39879, 4408.72
39887, 4396.41
39895, 4369.23
39902, 4347.69
39910, 4343.59
39918, 4354.36
39926, 4375.38
39934, 4396.41
39941, 4405.64
39949, 4395.9
39958, 4371.79
39965, 4349.23
39973, 4343.08
39981, 4355.9
39988, 4375.38
39996, 4394.36
40004, 4409.74
40012, 4401.03
40020, 4372.31
40027, 4349.74
40036, 4343.59
40044, 4352.31
40051, 4371.79
40059, 4395.9
40067, 4406.67
40075, 4396.41
40082, 4374.87
40090, 4351.28
40098, 4341.54
40110, 4353.33
40114, 4375.38
40121, 4396.41
40129, 4406.67
40137, 4396.92
40145, 4375.38
40153, 4351.79
40160, 4340
40168, 4349.74
40176, 4373.33
40184, 4392.82
40192, 4390.26
40200, 4374.87
40208, 4369.74
40215, 4374.36
40223, 4374.87
40231, 4370.26
40239, 4371.28
40246, 4374.36
40254, 4371.79
40262, 4370.26
40270, 4371.79
40279, 4372.31
40286, 4372.82
40292, 4372.31
40301, 4374.36
40308, 4376.41
40316, 4372.82
40325, 4373.85
40332, 4377.44
40341, 4375.38
40348, 4376.41
40356, 4377.44
40364, 4374.36
40372, 4374.36
40379, 4377.95
40394, 4377.44
40396, 4374.87
40403, 4372.82
40411, 4370.26
40419, 4372.31
40426, 4374.36
40434, 4371.28
40442, 4371.79
40450, 4375.38
40458, 4377.95
40465, 4379.49
40474, 4378.46
40481, 4376.41
40489, 4374.36
40497, 4372.31
40505, 4375.9
40512, 4377.95
40520, 4375.9
40528, 4375.9
40536, 4376.92
40544, 4377.95
40552, 4379.49
40560, 4380
40567, 4376.92
40576, 4375.9
40582, 4375.9
40591, 4372.82
40597, 4372.82
40606, 4376.41
40614, 4377.44
40622, 4376.92
40630, 4374.36
40638, 4372.82
40645, 4373.85
40654, 4373.33
40661, 4372.82
40669, 4373.33
40678, 4371.79
40685, 4371.28
40692, 4370.26
40700, 4370.26
40708, 4371.79
40716, 4374.87
40724, 4377.44
40731, 4374.87
40739, 4375.38
40747, 4381.03
40755, 4381.03
40763, 4376.41
40771, 4375.38
40778, 4376.92
40786, 4374.87
40794, 4371.79
40802, 4372.82
40811, 4371.28
40817, 4368.72
40825, 4369.23
40833, 4369.74
40841, 4371.28
40849, 4369.74
40857, 4367.69
40864, 4369.23
40872, 4371.79
40880, 4376.41
40888, 4377.95
40896, 4373.33
40903, 4371.28
40911, 4371.79
40919, 4370.26
40927, 4369.23
40935, 4369.74
40943, 4371.28
40950, 4372.82
40958, 4373.85
40966, 4374.87
40974, 4376.92
40982, 4376.41
40989, 4370.26
40997, 4370.77
41005, 4374.87
41013, 4370.77
41021, 4370.77
41029, 4371.79
41036, 4370.77
41045, 4371.79
41052, 4371.79
41060, 4371.79
41069, 4373.85, estimuli
41076, 4373.85
41083, 4370.77
41091, 4368.72
41099, 4372.31
41108, 4374.36
41115, 4374.87
41122, 4376.41
41131, 4374.36
41139, 4372.31
41146, 4371.28
41154, 4374.36
41162, 4380
41169, 4374.87
41177, 4368.72
41185, 4377.44
41193, 4392.31
41201, 4395.9
41209, 4378.97
41216, 4353.33
41224, 4344.1
41232, 4353.85
41240, 4373.85
41248, 4396.41
41254, 4410.26
41264, 4406.15
41271, 4385.64
41279, 4363.59
41287, 4349.74
41295, 4355.9
41302, 4377.95
41310, 4399.49
41318, 4413.33
41326, 4409.23
41334, 4386.15
41341, 4363.08
41349, 4353.33
41357, 4363.08
41365, 4386.15
41373, 4404.62
41382, 4413.33
41388, 4407.69
41396, 4386.67
41404, 4364.62
41412, 4354.36
41420, 4361.54
41427, 4378.46
41435, 4398.46
41443, 4410.77
41451, 4402.05
41459, 4380
41467, 4357.95
41474, 4348.72
41481, 4355.9
41490, 4371.79
41498, 4390.77
41506, 4401.03
41513, 4392.31
41521, 4372.82
41529, 4348.72
41537, 4335.9
41545, 4344.1
41553, 4363.59
41560, 4385.13
41568, 4398.97
41576, 4393.33
41584, 4372.31
41592, 4349.23
41598, 4338.97
41607, 4347.69
41615, 4369.23
41622, 4391.79
41631, 4400
41639, 4391.28
41646, 4372.31
41654, 4348.21
41662, 4336.92
41670, 4348.72
41678, 4370.26
41685, 4388.72
41693, 4398.46
41701, 4394.87
41709, 4378.46
41717, 4355.9
41725, 4343.59
41732, 4352.31
41740, 4372.31
41748, 4389.23
41756, 4398.46
41764, 4395.9
41772, 4377.44
41779, 4352.82
41787, 4338.97
41795, 4348.72
41803, 4372.82
41811, 4393.85
41818, 4404.1
41826, 4400.51
41834, 4381.03
41842, 4357.44
41850, 4347.69
41859, 4359.49
41865, 4381.03
41873, 4397.95
41881, 4407.18
41888, 4400.51
41897, 4376.41
41904, 4353.85
41912, 4345.64
41920, 4354.36
41927, 4374.87
41936, 4397.95
41944, 4410.26
41951, 4399.49
41959, 4372.82
41967, 4351.79
41975, 4345.64
41983, 4353.85
41990, 4370.77
41998, 4391.79
42006, 4403.59
42014, 4394.36
42022, 4373.85
42030, 4352.31
42037, 4338.97
42045, 4346.67
42053, 4368.21
42061, 4388.72
42069, 4398.46
42076, 4389.23
42084, 4366.67
42092, 4345.64
42100, 4340
42108, 4348.21
42116, 4365.13
42123, 4389.23
42131, 4404.62
42139, 4394.87
42147, 4370.26
42155, 4346.15
42163, 4336.92
42170, 4347.18
42178, 4368.21
42186, 4381.54
42194, 4377.44
42202, 4369.23
42209, 4370.26
42217, 4374.36
42225, 4372.82
42233, 4368.21
42242, 4368.21
42249, 4370.26
42255, 4367.69
42265, 4365.13
42272, 4363.59
42280, 4362.56
42288, 4363.59
42297, 4363.59
42303, 4364.62
42311, 4367.69
42319, 4370.26
42327, 4370.77
42335, 4373.85
42342, 4377.95
42350, 4374.87
42358, 4371.28
42366, 4370.77
42373, 4371.79
42381, 4375.38
42389, 4374.87
42397, 4367.18
42405, 4367.18
42412, 4372.31
42422, 4369.23
42428, 4368.21
42436, 4377.44
42444, 4383.08
42452, 4379.49
42461, 4377.44
42467, 4373.85
42475, 4371.28
42483, 4377.44
42491, 4376.92
42499, 4373.85
42507, 4380
42514, 4381.54
42522, 4374.36
42530, 4373.85
42538, 4377.95
42546, 4374.87
42553, 4374.36
42561, 4378.46
42569, 4375.9
42576, 4373.85
42585, 4378.46
42593, 4377.44
42600, 4371.79
42608, 4371.28
42616, 4374.36
42624, 4378.46
42632, 4375.38
42639, 4369.74
42647, 4370.26
42656, 4375.38
42663, 4381.54
42671, 4382.56
42678, 4382.56
42686, 4386.15
42694, 4385.13
42702, 4380
42710, 4373.85
42718, 4373.85
42725, 4375.9
42733, 4373.85
42741, 4376.41
42749, 4381.54
42757, 4382.56
42765, 4384.1
42772, 4386.15
42780, 4381.54
42789, 4376.92
42796, 4376.92
42804, 4372.31
42812, 4370.26
42819, 4376.41
42827, 4376.92
42835, 4373.33
42843, 4377.44
42851, 4380
42858, 4378.46
42866, 4377.44
42874, 4373.85
42881, 4372.82
42891, 4373.85
42897, 4372.82
42905, 4372.31
42913, 4373.33
42921, 4374.87
42928, 4371.28
42937, 4370.26
42943, 4373.33
42952, 4375.38
42960, 4374.36
42968, 4374.36
42976, 4375.9
42984, 4375.9
42991, 4374.87
42999, 4376.41
43007, 4378.46
43015, 4376.92
43023, 4374.36
43030, 4374.36
43038, 4374.87
43046, 4373.85
43054, 4375.38
43062, 4378.46
43070, 4376.92, estimuli
43077, 4374.87
43085, 4373.85
43093, 4372.82
43101, 4375.9
43109, 4376.41
43116, 4373.85
43124, 4374.36
43132, 4374.36
43140, 4372.82
43148, 4373.33
43156, 4374.36
43163, 4377.44
43172, 4377.44
43179, 4372.82
43187, 4379.49
43195, 4395.9
43202, 4400.51
43210, 4380
43218, 4353.85
43226, 4345.64
43234, 4351.79
43242, 4367.69
43249, 4391.28
43258, 4407.18
43265, 4406.15
43273, 4385.13
43281, 4357.95
43289, 4342.56
43297, 4350.77
43304, 4372.31
43312, 4392.31
43320, 4404.62
43328, 4402.05
43335, 4383.08
43343, 4356.92
43351, 4341.03
43359, 4349.23
43367, 4371.28
43375, 4392.31
43381, 4405.13
43389, 4402.56
43398, 4382.05
43406, 4354.87
43414, 4338.97
43421, 4349.23
43429, 4369.74
43437, 4389.23
43445, 4405.13
43453, 4403.08
43461, 4380
43468, 4352.82
43476, 4340
43484, 4347.69
43492, 4366.67
43499, 4391.28
43507, 4406.15
43515, 4401.54
43523, 4381.54
43531, 4356.92
43540, 4344.1
43547, 4350.77
43554, 4366.15
43562, 4386.15
43570, 4402.05
43577, 4399.49
43586, 4376.41
43594, 4354.36
43601, 4346.67
43609, 4349.74
43617, 4363.59
43625, 4390.26
43633, 4407.69
43640, 4399.49
43648, 4377.44
43656, 4356.92
43664, 4345.64
43672, 4348.21
43680, 4366.15
43687, 4390.77
43695, 4407.69
43703, 4403.08
43711, 4375.9
43719, 4352.31
43726, 4345.13
43734, 4351.28
43741, 4369.23
43750, 4389.23
43758, 4402.05
43766, 4400
43773, 4380
43782, 4354.87
43789, 4341.03
43797, 4351.28
43805, 4374.36
43812, 4392.82
43820, 4404.1
43828, 4398.97
43836, 4377.44
43844, 4354.87
43852, 4341.03
43860, 4345.64
43867, 4367.69
43875, 4392.82
43883, 4404.1
43891, 4394.87
43897, 4375.38
43906, 4354.36
43914, 4342.56
43922, 4348.72
43930, 4366.15
43938, 4389.23
43945, 4406.15
43953, 4403.08
43960, 4378.97
43969, 4353.85
43977, 4343.59
43985, 4351.79
43992, 4369.23
44000, 4389.23
44008, 4401.03
44016, 4395.9
44024, 4376.92
44031, 4352.82
44039, 4338.46
44047, 4345.64
44055, 4369.23
44063, 4393.85
44070, 4406.67
44078, 4402.56
44086, 4381.54
44094, 4356.92
44103, 4344.62
44111, 4350.77
44117, 4369.74
44125, 4392.82
44133, 4407.18
44141, 4400
44149, 4375.38
44157, 4353.85
44164, 4345.13
44172, 4347.69
44181, 4369.23
44188, 4391.79
44196, 4389.74
44203, 4378.97
44211, 4375.9
44219, 4372.82
44227, 4368.72
44235, 4372.31
44243, 4375.38
44250, 4373.33
44258, 4373.33
44266, 4372.31
44274, 4372.82
44282, 4374.36
44289, 4373.85
44297, 4374.87
44305, 4375.9
44313, 4373.85
44322, 4372.82
44329, 4372.82
44336, 4369.74
44344, 4369.23
44352, 4372.31
44360, 4373.85
44368, 4372.82
44375, 4371.28
44383, 4372.82
44391, 4373.85
44399, 4374.87
44407, 4373.33
44415, 4372.31
44421, 4375.38
44430, 4373.85
44438, 4371.28
44446, 4371.79
44454, 4371.79
44461, 4370.77
44469, 4370.77
44477, 4373.33
44485, 4375.9
44492, 4371.79
44501, 4369.23
44508, 4372.31
44516, 4370.26
44524, 4367.69
44532, 4371.79
44540, 4374.36
44547, 4370.77
44555, 4372.31
44563, 4375.9
44571, 4374.87
44579, 4374.87
44587, 4373.33
44594, 4369.74
44602, 4370.77
44610, 4372.82
44618, 4375.38
44626, 4373.85
44634, 4366.15
44641, 4367.18
44649, 4375.38
44657, 4376.41
44665, 4373.33
44673, 4369.74
44681, 4369.74
44688, 4370.26
44696, 4368.72
44704, 4368.72
44712, 4369.74
44720, 4370.26
44727, 4370.26
44735, 4373.85
44743, 4377.44
44751, 4374.87
44759, 4372.31
44768, 4373.85
44774, 4377.44
44782, 4377.95
44790, 4376.41
44797, 4373.33
44806, 4371.28
44813, 4376.92
44820, 4379.49
44828, 4373.85
44837, 4372.31
44845, 4376.92
44854, 4375.38
44860, 4372.31
44868, 4372.31
44876, 4371.79
44884, 4373.33
44892, 4373.33
44899, 4371.79
44908, 4373.33
44915, 4375.38
44923, 4374.87
44931, 4373.33
44939, 4375.9
44946, 4376.41
44954, 4373.85
44962, 4374.87
44970, 4374.87
44977, 4371.79
44986, 4371.28
44994, 4374.36
45001, 4377.44
45013, 4375.9
45017, 4375.9
45025, 4376.92
45033, 4374.87
45040, 4374.87
45048, 4376.41
45056, 4375.38
45064, 4373.85
45072, 4374.36, estimuli
45080, 4373.85
45087, 4373.33
45095, 4375.9
45103, 4375.9
45111, 4373.85
45118, 4376.92
45126, 4377.95
45141, 4370.77
45146, 4370.77
45150, 4373.85
45158, 4371.79
45165, 4370.77
45173, 4373.33
45181, 4375.9
45189, 4377.95
45197, 4387.69
45204, 4395.9
45212, 4382.05
45220, 4358.97
45228, 4348.21
45242, 4351.79
45244, 4365.13
45251, 4386.67
45259, 4405.64
45267, 4403.59
45275, 4382.05
45283, 4359.49
45289, 4346.15
45299, 4349.23
45306, 4369.23
45313, 4392.82
45322, 4407.18
45330, 4404.62
45344, 4388.72
45345, 4364.62
45353, 4345.13
45361, 4350.77
45369, 4371.28
45377, 4393.85
45384, 4408.21
45391, 4403.59
45401, 4384.1
45408, 4358.46
45416, 4343.08
45422, 4350.77
45431, 4370.26
45442, 4392.31
45447, 4408.72
45455, 4403.59
45462, 4382.05
45469, 4358.46
45478, 4345.13
45486, 4352.31
45494, 4370.77
45502, 4390.77
45509, 4405.13
45517, 4404.1
45526, 4383.08
45533, 4357.95
45541, 4344.1
45549, 4346.15
45556, 4364.1
45564, 4386.67
45572, 4404.1
45580, 4405.64
45588, 4382.05
45596, 4353.85
45603, 4344.62
45611, 4349.74
45619, 4364.62
45627, 4389.23
45635, 4406.67
45642, 4402.05
45650, 4380
45658, 4356.41
45666, 4344.62
45674, 4351.28
45682, 4370.77
45689, 4390.77
45697, 4405.13
45705, 4402.05
45714, 4381.03
45720, 4359.49
45729, 4347.69
45736, 4350.77
45744, 4368.21
45752, 4389.23
45760, 4402.56
45768, 4396.92
45775, 4377.95
45784, 4360.51
45791, 4344.1
45799, 4344.1
45807, 4369.23
45814, 4394.36
45823, 4404.1
45830, 4401.54
45838, 4385.13
45846, 4358.46
45854, 4341.03
45861, 4345.64
45869, 4364.62
45877, 4389.23
45885, 4404.1
45894, 4401.54
45901, 4383.08
45908, 4356.41
45916, 4343.08
45924, 4350.26
45932, 4366.67
45939, 4389.74
45946, 4407.69
45955, 4402.05
45963, 4376.92
45971, 4354.36
45979, 4346.67
45987, 4352.31
45995, 4366.15
46002, 4388.21
46010, 4407.18
46022, 4403.08
46026, 4378.97
46034, 4356.92
46041, 4347.18
46049, 4348.72
46057, 4366.67
46065, 4392.31
46073, 4406.15
46080, 4399.49
46088, 4376.41
46096, 4352.31
46104, 4343.08
46112, 4349.74
46119, 4369.23
46127, 4392.31
46136, 4404.62
46143, 4401.54
46151, 4381.54
46159, 4355.9
46167, 4343.08
46174, 4349.23
46182, 4369.74
46190, 4388.72
46198, 4389.23
46206, 4373.85
46213, 4368.21
46221, 4375.9
46229, 4375.9
46237, 4374.87
46245, 4376.41
46252, 4373.33
46261, 4371.79
46268, 4371.79
46276, 4370.26
46284, 4370.77
46292, 4371.79
46299, 4371.79
46307, 4369.74
46315, 4373.33
46323, 4377.44
46331, 4372.31
46339, 4371.79
46346, 4375.38
46354, 4371.79
46368, 4368.21
46382, 4371.79
46383, 4377.44
46386, 4377.95
46393, 4374.36
46401, 4370.26
46409, 4371.28
46417, 4374.36
46425, 4373.33
46433, 4372.31
46440, 4373.85
46448, 4374.36
46456, 4374.36
46470, 4375.38
46476, 4373.85
46479, 4372.31
46487, 4373.85
46495, 4374.87
46503, 4374.36
46511, 4372.82
46527, 4372.82
46529, 4372.82
46534, 4370.77
46542, 4369.23
46550, 4369.74
46558, 4373.33
46565, 4376.41
46573, 4375.9
46581, 4374.87
46589, 4371.79
46597, 4371.28
46605, 4373.85
46612, 4373.33
46620, 4373.33
46628, 4374.36
46636, 4372.82
46648, 4371.28
46651, 4371.28
46659, 4372.31
46672, 4372.31
46675, 4371.79
46683, 4373.33
46691, 4373.85
46698, 4373.85
46706, 4373.33
46714, 4373.33
46722, 4374.87
46730, 4372.82
46738, 4373.33
46745, 4376.41
46754, 4376.92
46761, 4375.9
46769, 4371.79
46777, 4368.72
46784, 4370.26
46792, 4371.79
46800, 4372.31
46808, 4371.28
46816, 4373.33
46824, 4376.41
46831, 4373.33
46839, 4371.28
46847, 4375.38
46856, 4380
46863, 4378.97
46871, 4372.31
46877, 4370.26
46886, 4371.79
46898, 4373.85
46902, 4374.36
46910, 4372.82
46916, 4372.82
46926, 4372.82
46934, 4370.26
46940, 4371.28
46948, 4372.31
46956, 4371.79
46963, 4372.31
46972, 4373.33
46980, 4373.33
46988, 4372.82
46996, 4373.33
47003, 4371.79
47011, 4370.77
47019, 4375.38
47028, 4376.41
47035, 4371.28
47043, 4371.79
47050, 4374.87
47058, 4374.87
47066, 4373.85
47074, 4372.82, estimuli
47088, 4372.31
47090, 4371.79
47097, 4372.31
47105, 4373.33
47113, 4371.79
47121, 4373.85
47135, 4375.9
47143, 4373.85
47144, 4371.28
47152, 4369.23
47160, 4370.77
47168, 4372.31
47176, 4375.38
47183, 4375.9
47191, 4373.33
47199, 4383.59
47207, 4394.36
47215, 4383.08
47223, 4358.97
47235, 4342.56
47238, 4345.64
47246, 4367.18
47254, 4392.82
47261, 4405.64
47270, 4399.49
47277, 4381.03
47285, 4359.49
47293, 4345.64
47302, 4347.18
47309, 4363.08
47317, 4389.74
47324, 4408.21
47332, 4403.08
47340, 4386.15
47348, 4361.03
47355, 4342.05
47363, 4347.69
47371, 4367.69
47379, 4391.28
47387, 4408.72
47395, 4405.13
47402, 4384.1
47410, 4359.49
47418, 4346.15
47425, 4348.21
47434, 4364.62
47442, 4388.21
47449, 4407.69
47457, 4407.69
47465, 4383.59
47473, 4355.38
47481, 4343.59
47487, 4350.26
47496, 4368.21
47504, 4390.26
47512, 4405.64
47520, 4402.56
47527, 4381.03
47535, 4354.87
47542, 4345.13
47551, 4353.33
47559, 4366.15
47566, 4383.08
47574, 4402.05
47583, 4403.08
47590, 4381.54
47598, 4359.49
47606, 4346.67
47614, 4347.69
47621, 4365.64
47629, 4387.69
47637, 4401.03
47645, 4398.97
47653, 4380
47661, 4358.97
47669, 4347.18
47676, 4347.69
47684, 4361.54
47692, 4387.18
47700, 4404.62
47708, 4397.44
47714, 4379.49
47723, 4360.51
47731, 4341.54
47739, 4344.62
47747, 4368.21
47754, 4391.28
47762, 4404.62
47770, 4401.54
47778, 4383.08
47786, 4359.49
47794, 4343.59
47801, 4347.69
47809, 4366.67
47817, 4390.26
47825, 4403.08
47834, 4397.95
47840, 4383.08
47848, 4359.49
47856, 4342.56
47864, 4351.28
47872, 4370.26
47880, 4388.72
47887, 4403.59
47901, 4398.97
47904, 4375.9
47911, 4354.87
47919, 4344.62
47927, 4346.15
47934, 4365.64
47942, 4391.79
47950, 4404.62
47957, 4400
47966, 4380.51
47973, 4357.44
47980, 4344.1
47989, 4347.69
47997, 4368.21
48005, 4391.79
48013, 4402.56
48020, 4397.95
48028, 4377.44
48036, 4353.85
48044, 4342.56
48052, 4348.72
48066, 4367.69
48067, 4391.28
48075, 4405.13
48083, 4397.44
48091, 4376.41
48099, 4355.9
48111, 4341.03
48114, 4345.13
48122, 4368.72
48130, 4387.69
48138, 4398.97
48146, 4397.95
48153, 4378.46
48161, 4357.95
48169, 4346.67
48177, 4347.18
48185, 4367.69
48192, 4390.26
48200, 4389.74
48208, 4379.49
48216, 4378.97
48224, 4377.95
48232, 4372.31
48239, 4373.33
48248, 4374.36
48254, 4373.85
48263, 4375.38
48271, 4374.36
48278, 4373.85
48286, 4374.36
48294, 4373.33
48302, 4372.82
48310, 4373.85
48318, 4375.9
48325, 4373.85
48333, 4371.28
48341, 4374.36
48349, 4374.36
48357, 4369.74
48364, 4371.28
48372, 4375.9
48380, 4375.38
48388, 4373.33
48395, 4373.33
48404, 4373.33
48411, 4371.79
48419, 4372.82
48427, 4372.31
48435, 4371.79
48443, 4374.87
48450, 4373.33
48458, 4370.26
48466, 4372.31
48478, 4374.36
48482, 4372.31
48490, 4371.28
48497, 4373.85
48505, 4371.79
48513, 4366.15
48520, 4368.72
48529, 4371.79
48537, 4370.26
48544, 4371.28
48552, 4372.31
48560, 4371.28
48567, 4370.77
48576, 4372.82
48583, 4373.85
48591, 4370.26
48599, 4370.77
48607, 4371.28
48615, 4370.77
48623, 4371.79
48630, 4374.36
48639, 4375.38
48646, 4371.79
48654, 4368.72
48662, 4368.21
48669, 4371.28
48677, 4378.46
48685, 4375.38
48693, 4368.21
48702, 4370.77
48709, 4372.82
48717, 4373.33
48724, 4373.85
48732, 4374.87
48740, 4376.41
48748, 4378.46
48756, 4377.44
48763, 4374.87
48772, 4375.38
48780, 4376.41
48787, 4374.36
48795, 4372.31
48802, 4372.82
48810, 4375.9
48827, 4375.9
48827, 4372.31
48834, 4373.85
48842, 4379.49
48849, 4375.38
48857, 4370.26
48865, 4369.74
48873, 4369.74
48881, 4372.82
48888, 4372.82
48896, 4367.18
48904, 4367.69
48912, 4370.26
48920, 4368.21
48928, 4367.18
48935, 4369.74
48943, 4370.77
48951, 4367.69
48959, 4367.69
48967, 4369.23
48975, 4371.28
48982, 4373.85
48990, 4369.74
48999, 4368.72
49007, 4371.79
49014, 4371.79
49021, 4371.79
49028, 4370.77
49036, 4369.74
49045, 4370.26
49053, 4370.26
49061, 4369.74
49068, 4368.72
49075, 4370.77, estimuli
49084, 4374.36
49092, 4372.31
49100, 4369.74
49107, 4369.23
49115, 4369.74
49124, 4369.74
49131, 4370.26
49139, 4370.77
49147, 4369.74
49154, 4369.74
49162, 4370.26
49170, 4369.74
49178, 4370.26
49186, 4369.23
49194, 4375.9
49202, 4390.77
49209, 4392.31
49217, 4373.85
49225, 4350.26
49233, 4341.03
49241, 4352.82
49248, 4374.36
49256, 4393.33
49263, 4401.54
49272, 4392.31
49279, 4371.28
49293, 4351.28
49295, 4345.13
49303, 4353.85
49311, 4371.79
49319, 4394.36
49326, 4407.18
49334, 4398.97
49343, 4375.9
49350, 4348.72
49358, 4338.46
49366, 4352.82
49373, 4375.38
49386, 4393.85
49389, 4404.62
49396, 4396.41
49405, 4368.72
49412, 4346.15
49421, 4343.59
49428, 4352.31
49436, 4372.31
49444, 4395.38
49452, 4404.1
49459, 4394.87
49467, 4372.82
49481, 4351.28
49483, 4344.1
49491, 4354.36
49498, 4374.36
49506, 4393.33
49514, 4403.08
49522, 4396.92
49530, 4372.31
49538, 4348.72
49545, 4344.1
49553, 4354.87
49561, 4375.38
49569, 4396.92
49577, 4406.15
49585, 4396.41
49594, 4374.36
49600, 4353.85
49608, 4344.1
49616, 4352.82
49624, 4374.36
49631, 4396.41
49639, 4405.13
49647, 4394.87
49655, 4373.85
49663, 4353.33
49671, 4341.54
49679, 4348.21
49686, 4370.77
49695, 4397.44
49708, 4407.69
49710, 4392.82
49718, 4369.23
49725, 4349.74
49733, 4341.03
49741, 4351.79
49749, 4374.87
49757, 4398.46
49764, 4406.15
49773, 4393.33
49781, 4371.28
49788, 4350.26
49796, 4343.08
49804, 4353.33
49812, 4374.36
49819, 4396.92
49827, 4404.62
49835, 4392.82
49843, 4371.28
49850, 4349.23
49858, 4344.1
49866, 4356.41
49874, 4374.87
49882, 4396.41
49890, 4407.18
49897, 4397.44
49905, 4376.41
49913, 4352.82
49921, 4340.51
49929, 4352.31
49937, 4379.49
49944, 4399.49
49957, 4407.18
49960, 4398.97
49968, 4373.85
49976, 4350.26
49983, 4343.08
49991, 4355.38
49999, 4380.51
50007, 4400
50015, 4405.13
50023, 4395.38
50030, 4372.82
50038, 4352.31
50052, 4347.69
50053, 4358.97
50061, 4378.97
50069, 4398.46
50077, 4406.67
50085, 4393.85
50093, 4370.26
50100, 4351.79
50109, 4344.62
50116, 4355.9
50124, 4377.95
50132, 4395.9
50140, 4401.54
50154, 4391.79
50157, 4371.79
50163, 4351.79
50171, 4342.56
50179, 4356.92
50187, 4383.08
50195, 4395.38
50202, 4388.21
50216, 4375.9
50219, 4375.38
50226, 4380
50234, 4380.51
50242, 4381.03
50256, 4382.05
50256, 4383.08
50265, 4382.05
50273, 4379.49
50281, 4380.51
50289, 4382.56
50296, 4382.05
50304, 4378.97
50313, 4380.51
50320, 4382.05
50328, 4374.36
50334, 4371.79
50343, 4376.41
50356, 4375.38
50359, 4375.38
50367, 4375.9
50375, 4372.82
50383, 4373.33
50389, 4372.31
50398, 4369.23
50406, 4371.79
50413, 4373.85
50421, 4371.28
50429, 4370.26
50436, 4372.82
50445, 4372.82
50453, 4370.26
50462, 4370.26
50468, 4369.74
50476, 4368.72
50485, 4367.69
50492, 4370.26
50503, 4372.82
50508, 4369.23
50522, 4370.26
50523, 4375.9
50531, 4371.28
50539, 4367.18
50547, 4369.74
50554, 4371.79
50561, 4369.23
50569, 4369.23
50579, 4372.31
50587, 4370.77
50594, 4369.74
50601, 4371.28
50610, 4370.26
50617, 4369.74
50625, 4371.79
50633, 4373.33
50640, 4372.82
50648, 4368.72
50656, 4368.21
50664, 4371.79
50672, 4372.82
50680, 4370.77
50686, 4372.31
50695, 4377.95
50703, 4378.97
50717, 4372.31
50719, 4370.26
50727, 4372.82
50734, 4371.79
50743, 4370.77
50750, 4374.87
50758, 4377.44
50766, 4373.33
50774, 4369.74
50781, 4372.82
50790, 4376.41
50798, 4374.36
50805, 4370.77
50815, 4371.28
50821, 4372.31
50828, 4368.21
50836, 4367.69
50844, 4372.31
50852, 4374.36
50859, 4372.82
50867, 4371.79
50875, 4374.36
50883, 4374.36
50891, 4372.82
50899, 4373.85
50906, 4373.33
50914, 4372.31
50922, 4373.85
50934, 4372.31
50938, 4371.28
50945, 4371.79
50953, 4367.69
50960, 4365.64
50969, 4369.23
50977, 4372.31
50985, 4371.28
50992, 4371.79
51001, 4373.85
51008, 4372.31
51023, 4373.33
51024, 4374.36
51032, 4372.31
51039, 4374.36
51047, 4375.38
51064, 4373.85
51066, 4373.33
51071, 4374.36
51077, 4373.85, estimuli
51086, 4370.77
51094, 4372.82
51102, 4375.9
51110, 4373.33
51118, 4373.85
51126, 4376.92
51134, 4380.51
51141, 4381.03
51149, 4377.44
51157, 4377.95
51165, 4377.44
51172, 4374.36
51181, 4378.46
51188, 4377.95
51196, 4379.49
51204, 4394.87
51212, 4401.03
51219, 4379.49
51227, 4351.79
51235, 4345.13
51243, 4356.92
51251, 4376.92
51258, 4399.49
51267, 4408.21
51275, 4397.44
51282, 4376.92
51290, 4354.87
51298, 4344.1
51304, 4356.92
51314, 4381.54
51321, 4402.05
51329, 4409.23
51337, 4398.46
51345, 4376.92
51352, 4356.41
51361, 4345.13
51369, 4350.26
51376, 4374.87
51388, 4400.51
51391, 4409.74
51399, 4399.49
51407, 4375.9
51415, 4355.9
51423, 4346.15
51431, 4351.28
51445, 4377.44
51445, 4401.54
51454, 4406.67
51462, 4398.97
51470, 4376.41
51482, 4351.28
51485, 4344.1
51493, 4355.9
51501, 4376.41
51509, 4396.92
51517, 4406.15
51524, 4394.87
51532, 4371.79
51540, 4351.79
51548, 4343.59
51556, 4353.33
51564, 4374.36
51571, 4395.38
51579, 4406.15
51587, 4394.87
51595, 4373.33
51602, 4355.38
51610, 4345.64
51618, 4353.33
51626, 4375.9
51634, 4400
51642, 4411.28
51650, 4400
51657, 4374.87
51665, 4351.79
51673, 4345.64
51681, 4355.9
51689, 4374.36
51696, 4397.44
51704, 4409.23
51712, 4399.49
51720, 4376.92
51728, 4354.36
51736, 4346.15
51743, 4356.41
51751, 4376.41
51759, 4397.95
51767, 4408.72
51774, 4397.95
51782, 4374.87
51789, 4352.31
51797, 4346.15
51805, 4356.92
51814, 4374.36
51822, 4394.36
51829, 4405.13
51837, 4394.36
51845, 4369.74
51853, 4352.31
51861, 4345.64
51868, 4354.36
51876, 4377.95
51884, 4399.49
51892, 4406.67
51900, 4397.44
51908, 4373.85
51915, 4351.28
51923, 4344.1
51931, 4353.85
51939, 4377.95
51947, 4400.51
51955, 4406.67
51962, 4395.38
51969, 4371.28
51978, 4350.26
51986, 4345.13
51994, 4355.38
52001, 4375.9
52009, 4397.44
52017, 4406.15
52025, 4393.33
52033, 4371.28
52041, 4351.79
52048, 4344.62
52056, 4357.44
52064, 4378.46
52072, 4397.44
52080, 4406.67
52087, 4395.38
52095, 4371.79
52103, 4352.31
52111, 4344.1
52119, 4354.87
52127, 4376.41
52134, 4397.44
52143, 4408.21
52150, 4396.92
52158, 4371.28
52166, 4349.74
52173, 4344.62
52181, 4355.9
52189, 4378.46
52197, 4394.36
52205, 4385.64
52213, 4375.38
52220, 4377.95
52228, 4376.41
52236, 4371.79
52244, 4371.79
52252, 4373.33
52259, 4375.9
52267, 4378.97
52275, 4380.51
52283, 4377.95
52291, 4374.36
52299, 4373.85
52306, 4375.38
52314, 4372.82
52322, 4369.74
52329, 4374.36
52338, 4378.46
52345, 4374.87
52353, 4373.33
52361, 4374.87
52369, 4372.82
52377, 4372.82
52385, 4372.31
52392, 4371.79
52400, 4374.87
52408, 4374.36
52417, 4373.33
52424, 4374.36
52432, 4373.33
52439, 4374.36
52447, 4375.38
52455, 4372.31
52463, 4372.82
52471, 4376.41
52478, 4376.41
52486, 4373.85
52494, 4375.38
52502, 4376.41
52510, 4373.33
52518, 4374.36
52524, 4377.95
52533, 4377.44
52541, 4373.85
52549, 4372.82
52557, 4377.44
52564, 4377.44
52572, 4374.36
52580, 4374.87
52588, 4373.85
52596, 4373.85
52604, 4378.46
52611, 4379.49
52619, 4376.92
52626, 4377.44
52634, 4377.95
52642, 4374.87
52650, 4374.87
52658, 4374.36
52666, 4369.74
52674, 4373.85
52682, 4380.51
52690, 4375.9
52697, 4372.31
52705, 4373.85
52713, 4376.41
52721, 4375.9
52729, 4373.85
52736, 4375.38
52744, 4378.97
52752, 4378.46
52759, 4377.44
52768, 4377.44
52775, 4374.87
52783, 4372.31
52791, 4373.85
52799, 4375.38
52807, 4374.36
52815, 4373.33
52822, 4373.85
52829, 4375.38
52838, 4376.41
52846, 4373.85
52854, 4375.38
52862, 4381.54
52869, 4381.03
52877, 4377.44
52885, 4373.85
52893, 4372.31
52901, 4373.33
52908, 4372.31
52916, 4371.28
52924, 4372.31
52932, 4374.87
52940, 4376.92
52948, 4378.46
52955, 4381.54
52963, 4380.51
52971, 4374.36
52979, 4373.33
52987, 4375.9
52994, 4376.41
53002, 4376.92
53010, 4376.92
53018, 4376.92
53026, 4377.95
53034, 4381.03
53041, 4377.44
53049, 4370.77
53057, 4374.87
53065, 4381.03
53074, 4377.95
53081, 4373.33, estimuli
53088, 4375.9
53096, 4379.49
53105, 4376.92
53112, 4374.87
53120, 4375.9
53127, 4375.38
53135, 4375.9
53143, 4375.38
53151, 4371.79
53158, 4375.38
53167, 4378.46
53174, 4373.85
53182, 4372.31
53190, 4374.87
53198, 4382.05
53206, 4391.28
53213, 4394.36
53221, 4382.05
53229, 4356.92
53237, 4346.15
53245, 4357.44
53253, 4377.95
53260, 4394.87
53268, 4402.56
53277, 4401.03
53284, 4380.51
53292, 4352.31
53299, 4340
53307, 4350.77
53315, 4371.28
53323, 4391.79
53331, 4406.67
53338, 4403.08
53346, 4378.97
53354, 4354.87
53362, 4348.21
53370, 4355.38
53378, 4372.82
53385, 4396.41
53393, 4410.26
53401, 4401.03
53409, 4378.97
53417, 4359.49
53425, 4347.18
53432, 4353.33
53440, 4375.38
53448, 4396.92
53456, 4408.21
53464, 4400
53471, 4380.51
53478, 4358.97
53487, 4345.13
53495, 4353.33
53503, 4376.41
53511, 4395.38
53518, 4406.15
53526, 4400
53534, 4377.44
53542, 4353.85
53550, 4344.62
53558, 4356.41
53565, 4377.95
53573, 4397.44
53581, 4408.72
53589, 4399.49
53597, 4373.33
53604, 4349.23
53612, 4341.03
53620, 4350.26
53628, 4373.85
53636, 4399.49
53644, 4406.67
53651, 4396.92
53659, 4379.49
53667, 4355.9
53675, 4345.13
53683, 4356.92
53690, 4375.9
53698, 4394.87
53706, 4407.69
53714, 4400
53722, 4376.41
53730, 4355.9
53737, 4346.15
53745, 4350.77
53753, 4372.31
53761, 4398.46
53769, 4409.74
53776, 4401.54
53784, 4377.95
53792, 4351.28
53800, 4341.03
53808, 4352.31
53816, 4375.38
53823, 4397.44
53831, 4408.72
53839, 4402.56
53847, 4378.46
53855, 4353.33
53862, 4346.15
53870, 4354.36
53878, 4373.85
53886, 4397.44
53894, 4410.26
53902, 4402.05
53909, 4378.46
53917, 4356.41
53925, 4346.15
53933, 4355.9
53942, 4376.41
53947, 4395.9
53956, 4407.69
53964, 4400
53972, 4378.97
53980, 4358.46
53988, 4346.67
53995, 4355.38
54003, 4376.92
54011, 4396.92
54019, 4409.74
54028, 4403.59
54034, 4380
54042, 4354.87
54050, 4346.15
54058, 4358.97
54066, 4380
54074, 4398.46
54081, 4409.74
54089, 4402.56
54097, 4377.95
54105, 4351.79
54113, 4345.13
54121, 4358.46
54128, 4377.44
54136, 4395.9
54144, 4406.67
54151, 4400.51
54159, 4378.46
54167, 4353.85
54175, 4346.67
54183, 4357.95
54191, 4375.9
54199, 4390.77
54208, 4390.26
54214, 4378.97
54222, 4374.36
54230, 4380.51
54238, 4380.51
54246, 4376.41
54253, 4378.46
54261, 4378.46
54269, 4372.82
54277, 4374.87
54285, 4378.97
54293, 4374.87
54300, 4370.77
54308, 4373.85
54316, 4379.49
54324, 4380.51
54332, 4377.44
54340, 4378.97
54346, 4380.51
54355, 4379.49
54362, 4375.9
54371, 4376.92
54379, 4382.56
54386, 4381.54
54394, 4376.41
54402, 4375.38
54410, 4376.92
54418, 4377.95
54425, 4376.41
54432, 4374.87
54441, 4376.92
54449, 4380
54457, 4380
54465, 4375.9
54472, 4375.38
54480, 4379.49
54488, 4381.03
54496, 4378.46
54504, 4376.92
54511, 4380.51
54519, 4382.56
54527, 4375.38
54535, 4372.31
54543, 4377.44
54551, 4381.03
54558, 4377.95
54566, 4372.82
54574, 4375.9
54583, 4380.51
54591, 4378.46
54598, 4376.41
54605, 4377.44
54613, 4378.46
54621, 4378.97
54629, 4378.46
54637, 4379.49
54644, 4381.54
54652, 4380
54659, 4374.87
54668, 4375.9
54676, 4381.54
54684, 4379.49
54691, 4374.36
54699, 4377.44
54707, 4381.03
54715, 4377.95
54723, 4374.36
54730, 4376.41
54737, 4379.49
54746, 4378.46
54754, 4377.44
54762, 4378.46
54770, 4376.41
54777, 4377.44
54785, 4381.03
54793, 4381.03
54801, 4379.49
54809, 4378.46
54816, 4377.44
54824, 4376.41
54832, 4378.46
54840, 4381.03
54848, 4378.46
54856, 4376.92
54863, 4381.03
54871, 4384.62
54879, 4380.51
54887, 4374.87
54895, 4377.44
54902, 4381.54
54910, 4382.05
54918, 4380.51
54926, 4378.46
54934, 4380
54942, 4381.03
54949, 4377.44
54957, 4377.95
54965, 4380.51
54973, 4379.49
54980, 4378.97
54987, 4380.51
54995, 4382.56
55004, 4378.46
55011, 4374.87
55020, 4377.95
55029, 4380
55035, 4380
55043, 4378.46
55051, 4375.9
55059, 4376.92
55067, 4376.92
55074, 4380
55082, 4382.05, estimuli
55090, 4377.44
55098, 4375.9
55107, 4378.97
55114, 4377.44
55122, 4375.38
55129, 4378.46
55137, 4379.49
55145, 4377.95
55153, 4376.41
55161, 4374.36
55168, 4374.87
55175, 4377.95
55184, 4380
55192, 4380
55200, 4380
55207, 4389.23
55216, 4399.49
55223, 4385.13
55231, 4356.41
55239, 4345.13
55247, 4354.36
55254, 4371.79
55262, 4393.85
55288, 4407.18
55289, 4402.56
55289, 4382.56
55292, 4360.51
55301, 4348.72
55309, 4350.26
55317, 4369.23
55325, 4393.33
55333, 4406.67
55340, 4404.1
55348, 4384.1
55356, 4360.51
55364, 4348.72
55372, 4354.87
55380, 4371.28
55386, 4392.31
55395, 4410.26
55403, 4406.15
55411, 4382.56
55419, 4359.49
55426, 4347.18
55434, 4350.26
55442, 4371.79
55450, 4396.41
55458, 4407.18
55465, 4398.46
55473, 4379.49
55482, 4360
55489, 4348.72
55497, 4352.31
55505, 4368.21
55512, 4392.31
55520, 4406.67
55528, 4401.54
55536, 4384.1
55544, 4358.97
55552, 4344.62
55559, 4351.28
55567, 4371.79
55575, 4395.38
55583, 4408.72
55591, 4403.59
55598, 4385.64
55606, 4360
55614, 4343.08
55622, 4349.23
55630, 4370.26
55638, 4393.85
55645, 4410.77
55653, 4407.18
55661, 4383.59
55669, 4357.44
55677, 4347.18
55684, 4355.38
55691, 4374.87
55700, 4396.92
55708, 4409.74
55716, 4403.08
55724, 4380
55731, 4357.44
55739, 4346.67
55747, 4352.31
55755, 4373.85
55764, 4397.44
55770, 4407.69
55778, 4402.05
55786, 4381.03
55794, 4357.95
55802, 4351.28
55810, 4357.44
55817, 4369.74
55825, 4390.77
55833, 4409.74
55841, 4404.62
55849, 4377.95
55856, 4354.36
55864, 4346.67
55872, 4355.9
55880, 4374.36
55888, 4394.36
55896, 4410.26
55903, 4405.13
55910, 4380
55919, 4357.95
55928, 4348.21
55935, 4353.85
55942, 4371.79
55950, 4394.36
55958, 4409.74
55966, 4403.59
55974, 4382.05
55982, 4358.97
55989, 4346.67
55997, 4355.38
56005, 4377.95
56014, 4399.49
56021, 4407.18
56028, 4400
56036, 4382.56
56044, 4359.49
56052, 4344.1
56059, 4350.77
56068, 4373.33
56075, 4395.38
56083, 4405.64
56091, 4398.97
56100, 4380
56107, 4356.41
56114, 4347.18
56122, 4359.49
56130, 4376.41
56138, 4393.33
56146, 4407.18
56154, 4406.15
56161, 4382.56
56169, 4355.9
56177, 4347.69
56185, 4354.87
56193, 4374.36
56200, 4393.85
56208, 4396.41
56216, 4385.13
56224, 4376.41
56232, 4376.92
56240, 4377.95
56248, 4376.41
56256, 4378.46
56262, 4380.51
56271, 4379.49
56279, 4377.44
56287, 4375.9
56294, 4375.9
56302, 4374.87
56310, 4373.85
56318, 4374.36
56326, 4376.41
56333, 4380
56341, 4380.51
56349, 4377.44
56357, 4377.95
56365, 4378.46
56373, 4376.92
56380, 4380.51
56388, 4384.1
56396, 4381.03
56404, 4376.92
56412, 4377.95
56419, 4379.49
56427, 4377.95
56435, 4375.38
56442, 4371.79
56451, 4372.31
56459, 4375.9
56466, 4376.92
56474, 4378.97
56482, 4380.51
56490, 4380.51
56498, 4380.51
56505, 4380.51
56513, 4380.51
56521, 4379.49
56529, 4377.44
56537, 4375.9
56545, 4374.36
56552, 4373.33
56560, 4374.87
56568, 4375.9
56576, 4375.9
56584, 4375.9
56591, 4376.41
56599, 4376.41
56607, 4376.41
56615, 4380
56623, 4381.03
56631, 4376.41
56638, 4374.87
56646, 4375.9
56654, 4374.36
56662, 4371.28
56670, 4371.79
56677, 4375.9
56685, 4377.95
56693, 4377.44
56701, 4378.46
56708, 4379.49
56717, 4379.49
56725, 4377.95
56732, 4379.49
56740, 4381.03
56755, 4380
56756, 4380
56764, 4377.95
56772, 4377.95
56779, 4383.08
56787, 4380.51
56795, 4375.38
56803, 4375.38
56811, 4377.95
56818, 4380.51
56826, 4381.03
56834, 4381.54
56842, 4380.51
56850, 4378.97
56858, 4382.05
56865, 4380.51
56873, 4375.9
56887, 4374.87
56890, 4376.92
56897, 4376.92
56905, 4374.36
56912, 4376.41
56920, 4378.97
56928, 4377.44
56936, 4380
56944, 4378.97
56951, 4375.38
56960, 4378.46
56968, 4381.54
56975, 4379.49
56983, 4376.41
56991, 4377.95
56999, 4378.46
57006, 4375.9
57014, 4377.44
57022, 4380.51
57030, 4380.51
57038, 4375.38
57045, 4372.82
57053, 4376.41
57060, 4375.9
57069, 4374.36
57078, 4378.46
57085, 4380.51, estimuli
57092, 4379.49
57100, 4376.41
57109, 4372.82
57119, 4376.41
57124, 4376.92
57131, 4372.31
57139, 4376.41
57147, 4381.54
57156, 4380.51
57163, 4380
57171, 4377.95
57179, 4382.05
57187, 4396.41
57194, 4401.03
57202, 4378.97
57216, 4353.85
57217, 4350.26
57225, 4360
57233, 4378.97
57241, 4400
57248, 4409.23
57257, 4400.51
57264, 4376.92
57272, 4355.9
57280, 4348.21
57288, 4354.36
57296, 4373.85
57304, 4397.44
57311, 4408.72
57319, 4401.54
57328, 4379.49
57335, 4357.44
57343, 4347.69
57350, 4355.38
57358, 4375.9
57366, 4395.9
57374, 4407.18
57382, 4400.51
57390, 4379.49
57397, 4357.95
57405, 4347.18
57412, 4355.38
57421, 4374.36
57429, 4393.85
57436, 4408.21
57444, 4404.1
57452, 4380.51
57460, 4353.85
57468, 4343.08
57476, 4354.36
57483, 4375.38
57491, 4394.36
57499, 4406.67
57507, 4400.51
57515, 4379.49
57522, 4354.36
57530, 4344.1
57538, 4354.36
57546, 4374.87
57554, 4397.95
57562, 4408.21
57569, 4399.49
57577, 4376.41
57585, 4353.33
57593, 4346.15
57601, 4356.41
57609, 4375.38
57616, 4396.41
57624, 4407.69
57632, 4398.97
57640, 4378.97
57648, 4359.49
57655, 4349.74
57663, 4355.38
57672, 4376.41
57680, 4400
57687, 4406.67
57695, 4396.41
57702, 4375.9
57709, 4356.41
57718, 4348.21
57726, 4353.85
57734, 4374.36
57742, 4397.95
57749, 4408.72
57757, 4397.44
57765, 4372.31
57773, 4352.31
57781, 4347.18
57788, 4356.92
57796, 4378.46
57804, 4399.49
57812, 4407.69
57821, 4397.44
57828, 4373.33
57835, 4355.38
57843, 4350.77
57851, 4358.46
57859, 4378.97
57867, 4400.51
57881, 4405.64
57881, 4394.36
57891, 4373.85
57898, 4353.85
57906, 4346.67
57914, 4357.44
57921, 4376.41
57929, 4396.92
57937, 4406.15
57945, 4393.85
57953, 4372.82
57960, 4353.33
57968, 4344.1
57982, 4355.9
57984, 4377.44
57998, 4397.44
58000, 4407.69
58007, 4395.9
58015, 4373.33
58023, 4353.33
58031, 4345.64
58039, 4355.38
58047, 4377.95
58054, 4401.03
58062, 4407.69
58070, 4397.95
58084, 4375.9
58086, 4350.26
58098, 4343.08
58101, 4355.9
58110, 4374.87
58117, 4397.44
58125, 4406.67
58133, 4393.85
58140, 4372.82
58148, 4352.82
58157, 4346.15
58164, 4357.44
58172, 4381.03
58180, 4395.38
58187, 4389.74
58195, 4378.46
58203, 4373.85
58211, 4375.38
58220, 4376.92
58226, 4377.44
58234, 4375.38
58241, 4374.36
58251, 4377.95
58257, 4380
58266, 4378.97
58273, 4380
58281, 4378.97
58289, 4374.87
58297, 4381.54
58305, 4384.1
58312, 4375.9
58320, 4375.38
58328, 4381.03
58336, 4381.54
58344, 4377.44
58352, 4378.46
58359, 4379.49
58367, 4375.9
58374, 4378.46
58383, 4382.05
58391, 4382.05
58399, 4378.46
58406, 4377.44
58413, 4379.49
58422, 4379.49
58430, 4378.46
58438, 4379.49
58445, 4380.51
58454, 4381.54
58461, 4382.05
58469, 4379.49
58477, 4375.38
58485, 4374.87
58492, 4378.97
58500, 4381.03
58508, 4379.49
58516, 4376.92
58524, 4373.33
58532, 4373.33
58546, 4374.36
58548, 4373.85
58555, 4377.44
58563, 4378.46
58571, 4375.9
58578, 4375.38
58586, 4378.46
58594, 4378.97
58603, 4375.38
58611, 4375.38
58618, 4377.95
58625, 4376.92
58633, 4376.41
58647, 4378.97
58649, 4378.46
58656, 4377.95
58664, 4378.97
58672, 4378.46
58680, 4375.38
58688, 4374.36
58695, 4375.38
58704, 4376.41
58711, 4377.44
58719, 4375.38
58727, 4374.36
58735, 4380
58743, 4382.05
58750, 4377.95
58763, 4374.36
58766, 4373.33
58774, 4378.97
58782, 4381.03
58790, 4372.82
58797, 4371.79
58805, 4376.41
58813, 4376.92
58821, 4374.87
58829, 4375.38
58837, 4377.44
58844, 4377.44
58852, 4377.95
58860, 4380
58868, 4381.03
58876, 4377.95
58884, 4372.31
58891, 4372.31
58899, 4376.92
58911, 4377.44
58915, 4375.38
58923, 4375.38
58930, 4376.41
58938, 4375.9
58946, 4374.36
58954, 4374.87
58962, 4376.41
58970, 4376.41
58977, 4372.82
58985, 4371.28
58993, 4376.41
59001, 4379.49
59010, 4377.44
59018, 4376.92
59024, 4378.97
59032, 4380
59040, 4376.41
59048, 4372.31
59056, 4376.92
59063, 4380
59071, 4378.46
59079, 4378.46
59087, 4376.41, estimuli
59095, 4376.41
59103, 4378.46
59110, 4376.41
59123, 4374.87
59126, 4377.44
59134, 4380.51
59142, 4379.49
59149, 4376.41
59157, 4380
59165, 4386.15
59173, 4383.59
59181, 4380
59188, 4393.33
59196, 4404.1
59204, 4384.1
59212, 4355.9
59226, 4349.74
59228, 4359.49
59235, 4377.44
59243, 4398.46
59251, 4409.23
59259, 4401.54
59266, 4383.08
59275, 4365.13
59282, 4349.74
59290, 4351.79
59298, 4374.36
59306, 4395.9
59314, 4406.15
59322, 4399.49
59330, 4377.95
59337, 4356.41
59345, 4346.67
59353, 4353.85
59361, 4372.82
59368, 4393.85
59377, 4407.69
59384, 4404.1
59392, 4382.05
59400, 4356.41
59408, 4343.08
59415, 4351.28
59429, 4371.79
59430, 4394.36
59439, 4407.18
59447, 4399.49
59455, 4377.95
59462, 4354.87
59470, 4349.74
59478, 4359.49
59486, 4375.38
59494, 4397.95
59501, 4409.23
59515, 4400.51
59518, 4384.1
59525, 4363.08
59533, 4348.21
59541, 4356.92
59548, 4379.49
59556, 4398.97
59563, 4409.23
59572, 4404.1
59580, 4381.54
59587, 4356.92
59601, 4349.74
59603, 4358.46
59611, 4376.92
59619, 4396.41
59627, 4407.18
59635, 4403.08
59642, 4380
59650, 4354.36
59658, 4346.15
59666, 4353.85
59674, 4372.82
59685, 4395.38
59688, 4405.64
59697, 4395.9
59704, 4373.33
59713, 4350.26
59719, 4343.08
59728, 4354.36
59735, 4374.36
59744, 4393.33
59751, 4403.08
59758, 4394.36
59768, 4373.33
59775, 4353.85
59782, 4345.13
59790, 4354.36
59798, 4374.87
59806, 4393.85
59814, 4405.13
59822, 4398.97
59830, 4375.38
59838, 4352.82
59846, 4346.15
59852, 4358.46
59860, 4375.38
59875, 4394.36
59876, 4409.74
59884, 4400.51
59891, 4373.85
59900, 4349.74
59907, 4340.51
59916, 4349.74
59923, 4370.77
59932, 4394.87
59940, 4407.18
59946, 4397.44
59954, 4374.87
59963, 4352.31
59977, 4344.1
59978, 4354.87
59986, 4374.87
59993, 4395.9
60002, 4406.67
60010, 4396.92
60018, 4375.9
60025, 4353.85
60033, 4343.08
60042, 4352.82
60049, 4376.41
60057, 4398.97
60065, 4408.21
60072, 4398.97
60079, 4378.46
60088, 4355.38
60096, 4345.64
60103, 4354.87
60110, 4375.9
60119, 4394.87
60127, 4404.1
60135, 4398.97
60144, 4375.9
60151, 4352.82
60158, 4345.13
60167, 4354.36
60174, 4377.44
60182, 4394.87
60190, 4391.28
60197, 4379.49
60205, 4374.36
60213, 4375.38
60221, 4374.36
60228, 4375.38
60237, 4378.46
60249, 4379.49
60252, 4378.97
60261, 4376.92
60268, 4377.44
60276, 4379.49
60284, 4378.46
60291, 4375.9
60299, 4377.95
60307, 4379.49
60315, 4377.44
60324, 4375.9
60330, 4378.46
60338, 4382.56
60346, 4380
60355, 4378.46
60362, 4379.49
60370, 4376.92
60377, 4373.85
60385, 4374.87
60394, 4378.97
60400, 4378.46
60408, 4375.9
60417, 4375.9
60424, 4375.38
60432, 4379.49
60441, 4382.05
60448, 4377.44
60462, 4376.41
60462, 4377.44
60471, 4375.38
60484, 4374.36
60487, 4380
60494, 4381.54
60511, 4375.38
60512, 4372.82
60518, 4374.36
60526, 4374.87
60534, 4381.03
60542, 4383.08
60550, 4375.9
60557, 4374.87
60565, 4377.95
60573, 4377.44
60581, 4376.41
60589, 4378.46
60603, 4377.95
60609, 4373.33
60612, 4373.85
60620, 4378.97
60628, 4378.97
60642, 4377.44
60644, 4376.41
60651, 4376.41
60659, 4375.9
60667, 4375.38
60675, 4378.46
60682, 4381.03
60690, 4381.03
60698, 4379.49
60706, 4378.46
60714, 4382.05
60722, 4381.03
60728, 4376.41
60737, 4378.97
60745, 4381.03
60753, 4377.95
60760, 4377.95
60768, 4381.54
60776, 4380
60783, 4376.92
60792, 4376.92
60800, 4376.41
60808, 4376.92
60815, 4376.92
60823, 4375.38
60831, 4376.41
60839, 4374.87
60847, 4371.79
60854, 4376.41
60862, 4377.95
60870, 4375.9
60878, 4375.9
60886, 4376.41
60894, 4378.97
60901, 4381.03
60910, 4378.97
60917, 4378.46
60925, 4378.97
60933, 4377.95
60941, 4378.46
60947, 4375.38
60956, 4372.82
60964, 4377.95
60972, 4381.54
60979, 4377.95
60987, 4377.44
61001, 4379.49
61003, 4374.36
61011, 4375.38
61019, 4381.54
61027, 4378.46
61034, 4374.36
61042, 4376.92
61050, 4380
61057, 4375.38
61066, 4371.79
61074, 4377.95
61081, 4378.46
61089, 4374.87, estimuli
61101, 4380
61107, 4381.54
61113, 4374.87
61119, 4373.33
61127, 4376.41
61136, 4376.41
61144, 4375.9
61152, 4375.38
61160, 4373.33
61167, 4373.85
61176, 4374.87
61184, 4373.33
61192, 4381.54
61199, 4394.36
61207, 4389.23
61215, 4368.21
61222, 4346.67
61231, 4343.59
61238, 4363.08
61246, 4386.15
61254, 4402.56
61261, 4408.72
61269, 4394.87
61277, 4367.69
61285, 4347.18
61293, 4347.69
61300, 4363.08
61308, 4381.54
61316, 4400
61324, 4403.59
61332, 4386.15
61340, 4361.54
61347, 4345.64
61355, 4348.72
61363, 4364.62
61371, 4383.08
61379, 4401.03
61386, 4405.13
61395, 4388.21
61402, 4361.54
61410, 4345.13
61418, 4348.21
61426, 4364.1
61438, 4386.67
61441, 4404.1
61449, 4404.1
61457, 4387.18
61465, 4364.1
61479, 4348.21
61480, 4346.67
61488, 4363.08
61496, 4388.72
61504, 4407.18
61512, 4406.67
61519, 4389.74
61527, 4366.15
61535, 4349.74
61543, 4346.67
61551, 4360
61559, 4385.13
61566, 4406.15
61580, 4407.69
61583, 4389.74
61590, 4365.64
61598, 4348.72
61605, 4346.15
61613, 4362.56
61621, 4385.64
61629, 4405.64
61637, 4408.21
61645, 4388.21
61652, 4366.15
61666, 4351.79
61668, 4348.21
61675, 4362.56
61684, 4385.13
61692, 4401.03
61699, 4405.64
61707, 4394.36
61715, 4370.26
61723, 4347.69
61731, 4347.69
61738, 4368.72
61746, 4390.77
61754, 4404.1
61766, 4405.13
61770, 4391.28
61778, 4367.18
61785, 4347.69
61793, 4348.21
61801, 4365.13
61809, 4388.21
61817, 4404.62
61825, 4405.64
61835, 4391.79
61840, 4363.08
61848, 4341.03
61856, 4348.21
61870, 4366.67
61871, 4383.59
61879, 4401.54
61887, 4407.18
61895, 4392.82
61903, 4364.62
61911, 4346.67
61918, 4352.31
61926, 4367.69
61934, 4387.18
61942, 4404.62
61950, 4406.15
61958, 4387.69
61965, 4362.56
61973, 4347.18
61981, 4347.69
61995, 4366.15
61996, 4389.74
62004, 4403.08
62011, 4405.13
62019, 4389.74
62028, 4363.08
62036, 4346.67
62044, 4349.74
62051, 4365.13
62059, 4386.67
62067, 4403.59
62075, 4405.13
62083, 4388.21
62089, 4364.1
62098, 4347.18
62106, 4350.77
62114, 4368.21
62122, 4384.62
62130, 4400
62136, 4404.1
62145, 4386.67
62153, 4362.56
62160, 4348.72
62169, 4348.72
62177, 4365.13
62184, 4388.21
62192, 4394.36
62200, 4380.51
62208, 4373.85
62216, 4379.49
62225, 4376.92
62231, 4372.31
62239, 4372.31
62252, 4372.31
62255, 4372.82
62264, 4373.85
62271, 4375.9
62279, 4377.95
62286, 4374.87
62294, 4371.79
62303, 4375.38
62310, 4381.03
62317, 4381.03
62326, 4376.92
62334, 4376.92
62341, 4375.9
62349, 4374.87
62363, 4377.44
62365, 4374.87
62372, 4371.79
62380, 4376.41
62388, 4378.46
62396, 4374.36
62403, 4374.87
62411, 4375.9
62420, 4372.31
62427, 4371.79
62435, 4376.92
62449, 4376.41
62451, 4373.33
62458, 4374.87
62466, 4376.92
62474, 4378.97
62482, 4377.44
62490, 4373.85
62497, 4375.9
62505, 4377.95
62513, 4378.97
62521, 4377.95
62533, 4376.41
62538, 4374.87
62544, 4374.36
62552, 4375.9
62560, 4376.92
62568, 4374.87
62575, 4375.9
62584, 4376.41
62591, 4373.85
62606, 4373.33
62606, 4375.38
62614, 4376.92
62622, 4375.38
62629, 4373.33
62638, 4375.38
62646, 4376.92
62654, 4374.87
62662, 4372.82
62669, 4375.38
62677, 4377.44
62685, 4375.9
62693, 4377.95
62705, 4380
62708, 4378.97
62716, 4381.03
62725, 4380.51
62732, 4378.46
62740, 4377.44
62748, 4378.97
62755, 4380.51
62763, 4378.46
62772, 4376.92
62779, 4377.95
62789, 4378.97
62794, 4379.49
62802, 4377.95
62810, 4378.46
62818, 4379.49
62826, 4376.92
62834, 4375.9
62841, 4378.46
62849, 4378.97
62857, 4377.95
62865, 4378.46
62873, 4377.95
62880, 4376.41
62894, 4377.95
62897, 4379.49
62904, 4375.38
62912, 4375.38
62919, 4382.05
62927, 4381.54
62935, 4373.33
62943, 4371.79
62951, 4376.92
62959, 4376.92
62966, 4372.31
62974, 4374.36
62982, 4378.46
62996, 4377.95
62999, 4375.38
63006, 4374.36
63014, 4376.41
63022, 4376.41
63029, 4373.85
63037, 4374.87
63045, 4377.44
63053, 4376.41
63060, 4372.31
63068, 4375.9
63076, 4381.03
63084, 4376.92
63098, 4375.9, estimuli
63098, 4378.97
63107, 4377.44
63116, 4377.95
63123, 4381.54
63130, 4381.54
63138, 4376.92
63145, 4374.36
63154, 4374.36
63162, 4373.33
63171, 4376.92
63179, 4378.97
63185, 4377.44
63193, 4387.18
63201, 4394.36
63209, 4378.97
63217, 4356.41
63225, 4345.64
63232, 4350.26
63240, 4369.74
63248, 4394.36
63256, 4408.72
63264, 4400.51
63272, 4378.97
63279, 4358.97
63287, 4347.69
63295, 4350.77
63303, 4368.21
63311, 4392.31
63318, 4406.15
63325, 4402.05
63334, 4385.13
63342, 4359.49
63351, 4342.56
63358, 4349.74
63365, 4371.28
63373, 4394.87
63381, 4409.23
63388, 4403.08
63396, 4380.51
63404, 4357.44
63412, 4348.72
63425, 4354.87
63428, 4370.77
63436, 4392.31
63444, 4407.18
63451, 4404.1
63460, 4382.56
63468, 4356.41
63478, 4344.62
63483, 4353.85
63491, 4376.41
63498, 4396.92
63506, 4407.18
63515, 4404.62
63523, 4383.59
63530, 4355.9
63537, 4344.1
63545, 4351.79
63558, 4372.82
63560, 4393.85
63570, 4405.13
63576, 4401.54
63586, 4382.56
63592, 4359.49
63600, 4348.21
63608, 4355.38
63615, 4375.9
63624, 4395.9
63631, 4407.18
63639, 4398.97
63647, 4378.97
63655, 4361.03
63663, 4348.21
63671, 4353.33
63678, 4372.82
63686, 4393.85
63694, 4408.21
63702, 4400.51
63711, 4377.95
63717, 4358.97
63731, 4347.69
63733, 4351.28
63741, 4371.28
63749, 4396.41
63763, 4409.23
63763, 4397.95
63772, 4373.85
63780, 4351.28
63788, 4343.08
63797, 4351.79
63804, 4370.77
63811, 4395.9
63819, 4406.67
63831, 4397.44
63835, 4380
63843, 4356.41
63850, 4342.56
63858, 4353.33
63866, 4374.87
63874, 4394.87
63882, 4408.21
63890, 4402.05
63898, 4376.92
63905, 4351.79
63913, 4345.13
63921, 4354.87
63928, 4372.31
63937, 4395.38
63944, 4409.74
63953, 4400
63960, 4374.36
63970, 4353.33
63976, 4344.1
63984, 4350.26
63992, 4374.87
64002, 4400.51
64007, 4408.72
64015, 4400.51
64023, 4378.46
64030, 4355.38
64038, 4345.64
64046, 4352.82
64055, 4375.38
64062, 4398.97
64070, 4407.18
64077, 4398.46
64085, 4377.44
64093, 4357.44
64101, 4347.18
64108, 4354.36
64118, 4373.85
64124, 4392.31
64132, 4403.08
64141, 4400.51
64148, 4381.03
64156, 4357.95
64163, 4347.18
64171, 4353.85
64178, 4374.87
64187, 4392.82
64195, 4390.26
64203, 4378.46
64210, 4377.44
64223, 4379.49
64226, 4375.9
64234, 4374.36
64242, 4372.82
64250, 4372.82
64258, 4377.95
64265, 4381.54
64273, 4377.44
64281, 4370.77
64289, 4374.36
64296, 4378.97
64304, 4373.33
64312, 4372.31
64320, 4378.97
64328, 4380
64336, 4376.92
64343, 4378.97
64351, 4383.59
64359, 4380
64374, 4373.33
64374, 4376.41
64382, 4382.05
64395, 4381.54
64398, 4375.9
64406, 4375.9
64414, 4381.03
64422, 4379.49
64429, 4377.95
64437, 4378.97
64446, 4377.95
64453, 4380
64461, 4381.54
64469, 4380
64476, 4379.49
64484, 4377.95
64493, 4380
64500, 4383.59
64509, 4379.49
64515, 4376.41
64523, 4378.97
64532, 4381.03
64539, 4381.03
64547, 4381.54
64555, 4381.54
64562, 4379.49
64569, 4379.49
64578, 4376.92
64586, 4374.87
64594, 4380.51
64601, 4383.59
64609, 4382.05
64617, 4380
64625, 4379.49
64634, 4380.51
64641, 4380.51
64655, 4378.97
64656, 4380.51
64664, 4379.49
64672, 4374.87
64680, 4374.36
64688, 4377.95
64695, 4381.03
64703, 4377.95
64712, 4375.9
64719, 4377.95
64727, 4378.97
64734, 4378.46
64742, 4378.97
64756, 4382.56
64758, 4381.03
64766, 4375.9
64774, 4376.92
64788, 4378.46
64789, 4377.95
64798, 4378.97
64813, 4378.46
64814, 4374.87
64821, 4375.38
64828, 4377.44
64836, 4375.38
64844, 4373.85
64856, 4378.46
64861, 4378.46
64867, 4376.92
64875, 4380.51
64884, 4376.41
64891, 4372.31
64899, 4376.92
64907, 4381.03
64914, 4377.44
64923, 4374.36
64931, 4377.44
64939, 4377.95
64946, 4375.38
64953, 4378.46
64961, 4382.05
64969, 4377.95
64977, 4373.85
64985, 4375.9
64993, 4376.41
65000, 4374.36
65008, 4376.92
65018, 4377.95
65024, 4373.85
65032, 4377.95
65048, 4380
65049, 4373.33
65054, 4371.28
65063, 4373.33
65070, 4375.38
65078, 4377.44
65086, 4376.92
65094, 4377.44, estimuli
65103, 4378.46
65110, 4378.46
65118, 4381.03
65126, 4383.59
65134, 4380
65141, 4372.31
65149, 4373.33
65157, 4382.05
65165, 4381.54
65173, 4375.9
65180, 4376.41
65188, 4381.54
65196, 4388.21
65204, 4391.79
65212, 4381.03
65219, 4356.92
65227, 4344.1
65235, 4353.85
65243, 4371.79
65251, 4390.77
65259, 4404.62
65266, 4402.05
65274, 4384.62
65282, 4360
65290, 4344.62
65298, 4352.82
65305, 4373.33
65313, 4392.31
65321, 4402.56
65329, 4402.05
65337, 4384.1
65351, 4356.41
65352, 4346.67
65360, 4360
65368, 4376.92
65376, 4390.77
65384, 4405.13
65393, 4406.67
65399, 4382.56
65406, 4356.41
65416, 4346.67
65423, 4354.36
65431, 4375.9
65438, 4397.44
65451, 4406.67
65454, 4401.54
65462, 4381.03
65470, 4356.41
65477, 4347.69
65485, 4355.9
65494, 4375.38
65501, 4395.9
65509, 4406.15
65517, 4402.56
65524, 4383.08
65533, 4356.92
65539, 4346.67
65548, 4357.95
65556, 4372.31
65564, 4393.33
65571, 4414.36
65580, 4402.05
65587, 4374.36
65595, 4359.49
65603, 4349.74
65612, 4354.87
65621, 4376.41
65626, 4395.38
65634, 4405.64
65642, 4400.51
65656, 4379.49
65657, 4358.46
65665, 4347.18
65673, 4352.82
65682, 4372.31
65689, 4394.87
65697, 4407.69
65704, 4399.49
65712, 4378.46
65720, 4356.41
65727, 4345.64
65736, 4352.31
65743, 4375.38
65751, 4400.51
65759, 4408.72
65767, 4400
65775, 4381.54
65782, 4357.44
65790, 4344.1
65798, 4354.36
65806, 4373.85
65814, 4394.36
65822, 4406.67
65829, 4399.49
65837, 4378.46
65845, 4357.44
65853, 4347.69
65861, 4353.33
65869, 4372.31
65878, 4394.36
65884, 4405.13
65892, 4399.49
65900, 4378.46
65909, 4354.87
65916, 4345.13
65923, 4353.85
65931, 4372.82
65939, 4393.85
65947, 4407.18
65955, 4400.51
65962, 4375.9
65970, 4355.38
65979, 4349.74
65985, 4354.36
65994, 4371.79
66007, 4395.38
66011, 4407.18
66017, 4398.97
66026, 4377.95
66033, 4356.92
66041, 4346.15
66049, 4355.9
66057, 4375.38
66064, 4392.31
66072, 4405.64
66080, 4401.54
66087, 4380
66096, 4357.95
66103, 4347.69
66117, 4355.38
66119, 4376.41
66127, 4394.87
66135, 4404.62
66142, 4399.49
66150, 4380
66158, 4356.41
66166, 4345.64
66174, 4354.87
66181, 4373.85
66189, 4390.26
66197, 4392.82
66205, 4382.56
66219, 4375.9
66220, 4375.38
66228, 4376.41
66236, 4376.92
66244, 4376.41
66252, 4377.95
66260, 4379.49
66268, 4376.41
66275, 4375.9
66282, 4378.46
66291, 4380
66299, 4379.49
66306, 4379.49
66314, 4378.97
66322, 4377.44
66330, 4377.44
66338, 4376.41
66346, 4375.38
66354, 4378.46
66361, 4380
66369, 4376.92
66377, 4376.41
66385, 4381.54
66394, 4381.54
66402, 4371.79
66408, 4369.74
66416, 4378.97
66424, 4378.97
66432, 4373.85
66440, 4373.85
66447, 4378.46
66455, 4378.97
66463, 4376.41
66471, 4377.95
66479, 4377.95
66487, 4373.85
66494, 4375.9
66502, 4379.49
66510, 4376.41
66518, 4374.87
66526, 4377.44
66533, 4378.46
66541, 4380
66549, 4380.51
66557, 4375.38
66565, 4373.85
66578, 4378.97
66580, 4376.92
66588, 4375.9
66596, 4381.54
66605, 4380
66612, 4375.38
66619, 4377.95
66627, 4380
66635, 4375.9
66643, 4374.87
66651, 4378.97
66659, 4380.51
66666, 4378.97
66680, 4376.92
66683, 4374.87
66690, 4376.92
66698, 4378.97
66706, 4376.41
66713, 4377.95
66721, 4382.05
66729, 4380
66737, 4375.38
66745, 4376.92
66752, 4379.49
66760, 4374.87
66768, 4372.82
66782, 4376.92
66784, 4378.46
66792, 4379.49
66806, 4378.97
66808, 4373.85
66815, 4372.82
66824, 4374.87
66831, 4373.85
66839, 4373.33
66846, 4375.38
66854, 4376.92
66862, 4376.41
66870, 4376.41
66878, 4375.38
66885, 4373.33
66893, 4376.41
66901, 4379.49
66909, 4376.41
66917, 4374.36
66925, 4375.38
66932, 4375.9
66940, 4376.92
66954, 4379.49
66956, 4376.92
66964, 4373.85
66971, 4376.92
66978, 4376.41
66987, 4374.36
66995, 4380
67010, 4382.56
67011, 4378.46
67018, 4376.92
67026, 4377.95
67035, 4377.44
67042, 4372.82
67050, 4375.9
67057, 4382.05
67065, 4378.46
67073, 4372.82
67081, 4374.36
67089, 4378.97
67097, 4380, estimuli
67111, 4377.44
67112, 4377.95
67120, 4381.54
67128, 4383.08
67136, 4376.92
67144, 4373.33
67151, 4377.95
67159, 4378.97
67167, 4375.9
67176, 4378.46
67183, 4377.95
67190, 4379.49
67197, 4394.36
67206, 4402.05
67214, 4382.56
67222, 4352.31
67229, 4344.1
67244, 4355.38
67246, 4373.33
67253, 4394.87
67261, 4405.64
67269, 4401.54
67278, 4385.13
67284, 4360
67292, 4348.21
67300, 4356.92
67316, 4373.85
67317, 4391.79
67323, 4405.64
67331, 4403.08
67339, 4383.59
67347, 4359.49
67355, 4344.1
67363, 4350.26
67370, 4373.33
67378, 4394.36
67386, 4404.62
67394, 4404.1
67402, 4386.67
67409, 4358.46
67417, 4342.05
67425, 4348.72
67433, 4371.28
67441, 4394.36
67449, 4408.72
67455, 4405.13
67464, 4383.08
67472, 4359.49
67480, 4346.67
67494, 4353.33
67496, 4372.82
67503, 4390.26
67512, 4404.62
67519, 4405.13
67528, 4384.62
67535, 4358.46
67542, 4345.13
67550, 4352.82
67558, 4371.79
67566, 4392.82
67574, 4407.69
67582, 4406.15
67589, 4385.13
67597, 4357.44
67605, 4346.67
67613, 4355.38
67622, 4370.26
67629, 4391.28
67642, 4408.72
67644, 4404.1
67652, 4383.59
67660, 4356.92
67668, 4343.08
67675, 4352.82
67684, 4373.33
67691, 4394.87
67699, 4409.74
67707, 4402.05
67715, 4378.97
67722, 4356.92
67730, 4345.64
67739, 4353.85
67746, 4375.38
67754, 4395.38
67761, 4404.62
67769, 4400
67777, 4383.59
67785, 4361.03
67793, 4348.21
67801, 4354.36
67808, 4376.41
67821, 4398.46
67824, 4406.15
67832, 4399.49
67840, 4381.54
67848, 4358.46
67854, 4344.62
67862, 4353.33
67871, 4378.97
67879, 4399.49
67887, 4407.69
67895, 4401.03
67905, 4380
67910, 4358.46
67918, 4348.21
67926, 4352.31
67934, 4374.36
67941, 4400
67949, 4410.77
67957, 4400.51
67964, 4377.95
67977, 4357.95
67981, 4348.21
67988, 4355.9
67996, 4375.38
68004, 4396.92
68012, 4413.85
68020, 4404.62
68028, 4377.95
68037, 4358.46
68043, 4349.23
68051, 4353.85
68059, 4371.79
68075, 4394.36
68076, 4408.72
68082, 4402.56
68093, 4382.05
68098, 4358.97
68106, 4347.18
68114, 4355.38
68123, 4374.87
68130, 4396.92
68137, 4408.72
68145, 4402.05
68153, 4382.05
68167, 4359.49
68169, 4348.72
68176, 4356.92
68184, 4380
68192, 4398.97
68200, 4395.9
68207, 4383.59
68214, 4383.59
68223, 4385.64
68231, 4380.51
68240, 4377.95
68246, 4378.97
68255, 4381.03
68263, 4382.05
68276, 4381.03
68278, 4380.51
68286, 4381.54
68293, 4382.05
68301, 4380
68309, 4380.51
68317, 4382.05
68325, 4381.03
68333, 4379.49
68340, 4378.97
68350, 4379.49
68359, 4380
68364, 4380
68372, 4380.51
68380, 4378.97
68387, 4378.97
68395, 4381.03
68403, 4378.97
68411, 4380
68422, 4382.56
68426, 4379.49
68437, 4374.36
68445, 4374.87
68451, 4377.95
68458, 4376.41
68466, 4375.38
68472, 4377.95
68481, 4378.46
68489, 4381.03
68497, 4382.05
68505, 4378.46
68519, 4380
68520, 4382.05
68534, 4379.49
68536, 4379.49
68550, 4380.51
68557, 4380
68560, 4379.49
68567, 4377.95
68576, 4376.92
68583, 4378.97
68591, 4383.08
68599, 4380.51
68606, 4376.92
68614, 4378.97
68622, 4380.51
68630, 4381.03
68644, 4377.95
68646, 4376.92
68653, 4381.03
68661, 4380
68669, 4377.44
68677, 4379.49
68685, 4379.49
68693, 4378.97
68700, 4378.97
68709, 4378.97
68716, 4381.54
68724, 4381.03
68732, 4380
68739, 4380
68747, 4380
68756, 4381.03
68763, 4380.51
68771, 4378.46
68778, 4377.95
68787, 4376.92
68793, 4376.92
68802, 4377.95
68810, 4380.51
68817, 4378.46
68825, 4378.97
68834, 4382.56
68841, 4381.03
68849, 4377.95
68857, 4377.95
68865, 4376.92
68872, 4376.41
68880, 4377.95
68894, 4380.51
68896, 4379.49
68905, 4376.92
68911, 4377.44
68920, 4378.97
68927, 4379.49
68935, 4379.49
68943, 4380.51
68951, 4381.54
68958, 4375.38
68973, 4372.31
68974, 4382.05
68984, 4384.62
68989, 4379.49
68997, 4378.97
69005, 4380.51
69015, 4380
69021, 4379.49
69029, 4382.56
69043, 4382.05
69045, 4376.41
69052, 4376.41
69060, 4382.05
69068, 4384.1
69076, 4378.46
69084, 4375.38
69092, 4380.51
69101, 4381.03, estimuli
69109, 4378.46
69115, 4381.03
69123, 4382.05
69137, 4382.56
69138, 4381.54
69146, 4378.97
69155, 4380.51
69162, 4380.51
69170, 4376.92
69178, 4378.97
69185, 4382.56
69193, 4383.59
69203, 4392.31
69209, 4402.56
69217, 4387.18
69224, 4358.46
69232, 4349.74
69240, 4356.92
69248, 4372.31
69263, 4396.41
69264, 4409.74
69271, 4402.56
69280, 4383.08
69287, 4361.03
69295, 4348.72
69303, 4356.92
69311, 4377.95
69318, 4395.9
69327, 4406.15
69338, 4406.15
69342, 4385.64
69350, 4359.49
69358, 4348.72
69365, 4354.36
69373, 4372.82
69387, 4396.92
69389, 4411.28
69397, 4400.51
69406, 4380.51
69412, 4365.64
69419, 4351.79
69428, 4352.82
69436, 4376.92
69444, 4397.95
69451, 4405.13
69460, 4403.59
69469, 4387.69
69475, 4361.54
69483, 4347.69
69491, 4356.41
69498, 4373.85
69506, 4393.33
69514, 4409.23
69523, 4404.62
69530, 4382.05
69536, 4357.95
69545, 4348.72
69553, 4356.41
69561, 4371.79
69569, 4394.36
69577, 4410.77
69585, 4404.1
69593, 4384.1
69601, 4363.59
69608, 4347.69
69616, 4350.26
69624, 4373.85
69632, 4399.49
69639, 4410.77
69647, 4404.1
69655, 4382.56
69663, 4355.9
69670, 4345.13
69678, 4352.82
69686, 4371.28
69701, 4394.87
69702, 4408.21
69710, 4402.56
69718, 4381.03
69725, 4357.95
69733, 4349.23
69741, 4357.95
69749, 4377.95
69756, 4398.46
69764, 4408.21
69772, 4403.08
69780, 4383.08
69788, 4360.51
69802, 4350.77
69803, 4356.41
69811, 4375.9
69819, 4397.95
69827, 4408.21
69835, 4402.05
69843, 4382.56
69850, 4358.46
69858, 4345.13
69866, 4351.79
69875, 4373.85
69882, 4396.92
69889, 4407.69
69902, 4399.49
69904, 4381.03
69913, 4361.03
69922, 4348.72
69929, 4356.41
69936, 4376.41
69944, 4396.41
69958, 4409.74
69959, 4404.1
69968, 4382.05
69975, 4358.46
69983, 4346.67
69992, 4355.38
69999, 4377.44
70013, 4398.97
70015, 4410.77
70021, 4404.1
70030, 4383.08
70037, 4359.49
70045, 4349.74
70054, 4356.92
70062, 4373.85
70076, 4397.44
70077, 4409.74
70085, 4401.54
70099, 4383.59
70101, 4361.54
70115, 4347.18
70116, 4353.85
70124, 4375.9
70132, 4397.95
70140, 4408.21
70148, 4403.08
70155, 4383.59
70163, 4358.97
70171, 4345.64
70179, 4353.33
70187, 4376.92
70197, 4396.92
70202, 4392.31
70210, 4380.51
70218, 4381.03
70226, 4383.59
70234, 4380
70242, 4378.46
70249, 4383.59
70258, 4382.56
70265, 4377.95
70273, 4378.46
70281, 4379.49
70288, 4378.97
70296, 4376.41
70304, 4374.36
70312, 4378.97
70319, 4382.05
70328, 4380.51
70335, 4380.51
70343, 4381.03
70351, 4381.03
70363, 4380.51
70367, 4380.51
70376, 4381.54
70382, 4383.08
70395, 4382.05
70398, 4377.44
70406, 4377.44
70414, 4381.03
70421, 4378.46
70429, 4379.49
70438, 4383.08
70445, 4381.54
70453, 4380
70467, 4380.51
70469, 4379.49
70476, 4380
70490, 4379.49
70492, 4378.46
70500, 4377.44
70508, 4379.49
70515, 4381.54
70523, 4377.44
70530, 4374.36
70539, 4378.97
70546, 4384.1
70554, 4380.51
70568, 4376.41
70570, 4380.51
70578, 4381.03
70586, 4377.95
70594, 4380.51
70601, 4381.54
70609, 4378.97
70617, 4377.44
70625, 4378.46
70633, 4378.97
70640, 4377.44
70648, 4379.49
70656, 4382.56
70668, 4378.46
70674, 4374.87
70680, 4380
70688, 4383.08
70695, 4377.95
70704, 4376.41
70711, 4381.54
70719, 4380.51
70728, 4378.46
70734, 4376.41
70742, 4373.85
70750, 4379.49
70758, 4382.56
70766, 4376.92
70773, 4376.92
70781, 4380.51
70790, 4380.51
70797, 4378.97
70805, 4379.49
70813, 4381.03
70820, 4380
70828, 4379.49
70837, 4381.03
70844, 4380
70852, 4379.49
70860, 4382.05
70867, 4381.54
70882, 4376.92
70883, 4374.36
70891, 4380
70899, 4382.05
70908, 4378.46
70914, 4377.95
70922, 4380.51
70929, 4383.08
70938, 4381.54
70952, 4380
70953, 4384.1
70966, 4384.1
70969, 4382.05
70977, 4382.56
70985, 4382.05
70993, 4382.05
71000, 4381.03
71008, 4382.05
71016, 4383.08
71029, 4381.03
71031, 4382.05
71039, 4384.1
71048, 4383.08
71055, 4383.59
71063, 4385.64
71072, 4383.08
71079, 4380.51
71086, 4381.03
71094, 4381.54
71102, 4381.54, estimuli
71109, 4384.1
71118, 4383.08
71132, 4381.03
71133, 4382.56
71142, 4382.56
71149, 4382.56
71157, 4383.08
71165, 4381.03
71172, 4382.05
71180, 4386.67
71188, 4385.13
71196, 4378.97
71204, 4388.72
71211, 4403.08
71219, 4389.74
71232, 4362.56
71235, 4350.26
71243, 4356.41
71251, 4375.38
71258, 4398.97
71266, 4411.28
71274, 4405.64
71282, 4385.13
71294, 4364.1
71298, 4351.79
71305, 4354.87
71313, 4373.33
71321, 4394.36
71329, 4406.67
71338, 4406.15
71344, 4388.72
71358, 4362.05
71361, 4348.21
71368, 4357.44
71376, 4374.87
71384, 4394.36
71391, 4411.28
71399, 4405.64
71414, 4384.62
71415, 4363.08
71423, 4349.23
71430, 4357.95
71439, 4378.97
71445, 4394.87
71454, 4406.15
71462, 4406.15
71469, 4389.23
71477, 4362.05
71485, 4344.1
71493, 4353.33
71501, 4378.97
71509, 4397.44
71516, 4403.59
71525, 4400.51
71532, 4385.13
71539, 4361.03
71547, 4346.15
71555, 4353.85
71563, 4375.38
71571, 4395.9
71578, 4406.67
71593, 4405.13
71595, 4388.21
71602, 4360.51
71617, 4347.18
71618, 4356.92
71626, 4375.9
71634, 4395.38
71642, 4409.74
71649, 4406.15
71657, 4383.08
71664, 4361.54
71673, 4354.87
71681, 4357.95
71695, 4372.31
71696, 4395.38
71704, 4408.21
71712, 4403.59
71720, 4385.64
71728, 4363.08
71735, 4349.74
71743, 4356.41
71751, 4377.95
71759, 4397.95
71767, 4407.69
71775, 4403.59
71782, 4384.62
71795, 4363.08
71807, 4350.77
71809, 4357.95
71814, 4378.97
71822, 4400.51
71830, 4413.33
71837, 4407.18
71845, 4386.15
71853, 4363.08
71861, 4350.26
71869, 4357.44
71876, 4377.95
71883, 4400.51
71896, 4415.38
71900, 4408.21
71914, 4384.62
71914, 4359.49
71922, 4350.26
71931, 4362.05
71939, 4376.92
71947, 4392.82
71955, 4409.74
71962, 4406.67
71971, 4385.64
71978, 4361.54
71986, 4350.26
71994, 4358.46
72002, 4376.92
72009, 4398.46
72026, 4410.26
72027, 4404.1
72033, 4386.15
72041, 4363.59
72048, 4349.23
72056, 4355.38
72064, 4377.95
72072, 4401.03
72080, 4408.72
72087, 4403.08
72095, 4386.67
72103, 4360.51
72111, 4346.67
72119, 4358.97
72127, 4380.51
72134, 4400
72142, 4411.79
72151, 4405.64
72158, 4383.08
72166, 4362.56
72178, 4355.38
72181, 4358.97
72195, 4378.97
72198, 4401.03
72205, 4397.44
72212, 4383.08
72221, 4381.54
72228, 4386.67
72235, 4383.08
72243, 4381.03
72252, 4385.13
72259, 4382.56
72266, 4381.54
72275, 4382.56
72285, 4382.05
72290, 4380
72298, 4377.95
72307, 4378.97
72314, 4380
72322, 4379.49
72330, 4379.49
72343, 4380.51
72346, 4380.51
72353, 4381.54
72362, 4382.05
72369, 4381.03
72378, 4379.49
72385, 4381.54
72394, 4382.05
72400, 4375.9
72408, 4375.9
72416, 4381.54
72424, 4380.51
72432, 4378.46
72440, 4379.49
72447, 4380.51
72455, 4380.51
72463, 4380.51
72471, 4380.51
72479, 4378.46
72486, 4378.97
72494, 4383.59
72502, 4385.13
72510, 4380
72519, 4377.44
72526, 4381.03
72534, 4382.05
72541, 4378.46
72549, 4377.44
72557, 4377.44
72565, 4379.49
72573, 4381.03
72580, 4375.9
72588, 4375.38
72595, 4380.51
72604, 4380
72612, 4376.92
72620, 4376.41
72628, 4379.49
72636, 4382.56
72643, 4380.51
72651, 4380
72659, 4381.03
72667, 4382.05
72674, 4382.05
72681, 4379.49
72690, 4380
72698, 4383.08
72710, 4384.1
72713, 4382.56
72721, 4377.44
72729, 4377.44
72743, 4380.51
72745, 4382.05
72752, 4383.59
72760, 4382.05
72767, 4380.51
72776, 4381.03
72784, 4382.56
72792, 4384.1
72799, 4381.03
72807, 4380.51
72816, 4382.05
72822, 4381.54
72831, 4381.03
72838, 4381.54
72846, 4380.51
72854, 4381.54
72862, 4383.08
72870, 4381.03
72878, 4380
72885, 4382.56
72892, 4383.08
72902, 4381.03
72909, 4380.51
72921, 4378.46
72925, 4378.97
72932, 4382.56
72940, 4380
72948, 4378.46
72956, 4382.56
72964, 4381.03
72971, 4377.95
72980, 4378.97
72987, 4380
72995, 4380
73002, 4380.51
73010, 4381.03
73018, 4380.51
73026, 4380
73034, 4378.46
73042, 4377.95
73055, 4378.46
73057, 4377.95
73065, 4380
73073, 4380.51
73081, 4377.95
73089, 4378.97
73097, 4381.54
73104, 4383.59, estimuli
73112, 4382.56
73126, 4376.92
73129, 4378.97
73136, 4384.1
73142, 4379.49
73151, 4377.95
73159, 4380
73167, 4378.46
73175, 4379.49
73183, 4383.59
73190, 4383.08
73198, 4378.46
73207, 4384.62
73213, 4398.97
73222, 4396.92
73229, 4372.82
73237, 4350.26
73245, 4350.77
73253, 4367.18
73261, 4386.67
73269, 4403.59
73276, 4409.23
73284, 4398.97
73292, 4376.41
73300, 4354.87
73308, 4352.82
73316, 4367.69
73323, 4386.15
73331, 4403.08
73339, 4407.69
73347, 4395.9
73355, 4372.31
73361, 4351.79
73370, 4352.82
73378, 4367.18
73385, 4382.56
73393, 4399.49
73401, 4409.23
73409, 4398.97
73417, 4372.82
73425, 4352.31
73433, 4350.26
73441, 4362.05
73449, 4380
73457, 4398.97
73465, 4408.21
73472, 4396.92
73484, 4371.79
73488, 4353.33
73496, 4349.74
73503, 4360
73511, 4386.15
73519, 4405.64
73527, 4405.64
73535, 4392.82
73541, 4372.31
73550, 4354.36
73557, 4351.79
73566, 4366.15
73574, 4387.18
73582, 4404.62
73588, 4410.26
73598, 4397.95
73605, 4376.92
73613, 4357.95
73620, 4349.23
73628, 4363.59
73636, 4391.28
73644, 4411.28
73652, 4413.85
73660, 4395.38
73669, 4370.77
73674, 4353.85
73688, 4351.28
73691, 4364.62
73698, 4386.15
73707, 4407.69
73715, 4414.36
73721, 4398.46
73730, 4371.28
73738, 4351.28
73746, 4352.31
73754, 4367.18
73761, 4383.59
73769, 4402.05
73777, 4410.77
73785, 4398.97
73792, 4374.36
73801, 4352.31
73808, 4351.28
73816, 4369.23
73824, 4389.23
73832, 4405.64
73840, 4408.21
73847, 4393.33
73855, 4369.23
73869, 4351.28
73872, 4352.82
73879, 4368.72
73887, 4389.74
73894, 4404.62
73902, 4407.18
73910, 4397.95
73918, 4375.38
73926, 4352.82
73933, 4348.72
73941, 4361.54
73949, 4384.1
73957, 4406.15
73965, 4410.26
73973, 4392.31
73980, 4368.72
73988, 4354.36
73996, 4353.33
74004, 4365.64
74012, 4387.69
74020, 4404.62
74027, 4406.15
74035, 4391.28
74044, 4367.18
74051, 4351.79
74061, 4349.74
74067, 4361.54
74074, 4385.64
74081, 4404.1
74090, 4405.64
74097, 4390.77
74106, 4367.69
74113, 4348.72
74120, 4347.69
74129, 4364.1
74137, 4381.54
74151, 4397.95
74153, 4402.56
74160, 4389.74
74168, 4369.23
74176, 4351.79
74184, 4349.74
74192, 4364.62
74199, 4386.15
74207, 4397.44
74215, 4390.26
74223, 4379.49
74231, 4377.95
74239, 4375.9
74251, 4374.36
74254, 4377.44
74263, 4375.9
74270, 4373.85
74278, 4374.87
74286, 4377.95
74293, 4381.54
74301, 4379.49
74308, 4376.41
74317, 4378.46
74333, 4380.51
74333, 4377.95
74340, 4372.82
74354, 4374.87
74356, 4380
74364, 4380
74372, 4378.97
74379, 4380
74388, 4380
74395, 4377.95
74403, 4378.97
74411, 4378.46
74418, 4372.31
74427, 4376.41
74434, 4385.64
74442, 4382.56
74450, 4378.97
74458, 4381.54
74465, 4380.51
74473, 4377.95
74482, 4377.44
74489, 4379.49
74497, 4382.05
74505, 4382.05
74512, 4382.05
74520, 4384.1
74529, 4385.64
74536, 4381.54
74544, 4376.92
74551, 4377.44
74559, 4377.95
74567, 4379.49
74575, 4381.03
74583, 4381.03
74591, 4381.54
74598, 4382.56
74607, 4381.03
74613, 4381.03
74623, 4382.56
74630, 4382.56
74637, 4381.54
74645, 4381.03
74653, 4381.03
74661, 4382.05
74669, 4382.05
74677, 4381.03
74684, 4382.05
74692, 4381.03
74700, 4378.46
74709, 4381.54
74716, 4382.56
74723, 4380
74731, 4381.03
74739, 4382.05
74747, 4382.05
74755, 4379.49
74762, 4377.95
74769, 4381.54
74778, 4381.54
74787, 4379.49
74794, 4380
74802, 4379.49
74814, 4380
74826, 4382.05
74827, 4382.56
74833, 4382.05
74841, 4380.51
74849, 4381.03
74856, 4381.03
74864, 4381.03
74872, 4383.59
74880, 4382.56
74892, 4380
74896, 4378.46
74904, 4379.49
74911, 4382.05
74919, 4381.54
74931, 4381.54
74935, 4382.56
74943, 4381.03
74951, 4378.46
74958, 4376.41
74966, 4380.51
74974, 4383.59
74982, 4380
74996, 4377.95
74997, 4380.51
75005, 4378.97
75013, 4377.44
75021, 4380
75029, 4383.59
75037, 4383.08
75044, 4381.03
75052, 4378.97
75060, 4377.95
75068, 4377.95
75076, 4379.49
75083, 4382.56
75091, 4384.62
75099, 4379.49
75107, 4380, estimuli
75115, 4386.15
75123, 4383.59
75130, 4381.03
75138, 4383.08
75146, 4383.08
75154, 4380.51
75162, 4378.97
75170, 4380
75177, 4380
75185, 4381.54
75193, 4380
75201, 4380
75210, 4392.31
75216, 4398.97
75224, 4383.08
75232, 4363.08
75240, 4352.31
75248, 4352.31
75255, 4368.72
75263, 4395.38
75272, 4410.26
75279, 4406.67
75287, 4388.21
75295, 4362.05
75302, 4348.21
75310, 4356.92
75318, 4373.85
75326, 4393.33
75334, 4409.23
75341, 4407.18
75350, 4387.69
75357, 4362.56
75365, 4349.74
75379, 4355.9
75381, 4374.87
75388, 4396.41
75396, 4407.18
75404, 4402.56
75412, 4387.18
75420, 4363.08
75428, 4347.18
75435, 4354.36
75443, 4373.33
75452, 4392.82
75459, 4406.15
75467, 4407.18
75481, 4389.23
75482, 4360
75490, 4348.21
75498, 4358.97
75506, 4376.41
75514, 4393.33
75521, 4406.67
75529, 4405.13
75537, 4388.21
75545, 4367.18
75553, 4350.26
75565, 4350.26
75567, 4372.31
75576, 4396.41
75583, 4407.18
75592, 4405.64
75600, 4388.21
75607, 4365.64
75615, 4351.28
75623, 4352.82
75631, 4371.28
75639, 4396.41
75648, 4415.9
75655, 4409.23
75664, 4381.54
75670, 4358.46
75678, 4348.72
75686, 4354.87
75693, 4371.79
75701, 4395.9
75723, 4412.82
75724, 4407.18
75726, 4384.62
75733, 4363.59
75740, 4352.31
75753, 4356.92
75756, 4374.36
75764, 4393.85
75772, 4409.23
75780, 4406.67
75787, 4385.64
75795, 4358.97
75803, 4346.67
75811, 4355.38
75819, 4372.82
75826, 4396.41
75835, 4412.31
75842, 4404.1
75850, 4384.62
75858, 4363.59
75866, 4347.69
75873, 4352.82
75881, 4375.38
75889, 4393.85
75897, 4403.59
75905, 4403.59
75914, 4386.15
75920, 4360
75928, 4348.21
75942, 4354.87
75945, 4373.85
75952, 4398.46
75960, 4409.74
75967, 4403.08
75976, 4385.64
75983, 4362.05
75991, 4346.15
75999, 4352.82
76006, 4375.9
76014, 4396.41
76022, 4406.67
76030, 4404.1
76045, 4383.08
76046, 4357.44
76053, 4348.72
76066, 4353.85
76070, 4370.26
76077, 4393.33
76085, 4407.69
76093, 4403.08
76101, 4381.54
76108, 4357.44
76116, 4345.13
76124, 4354.36
76133, 4373.85
76141, 4391.28
76147, 4405.64
76155, 4403.59
76163, 4381.54
76171, 4357.44
76179, 4345.13
76186, 4353.85
76194, 4375.38
76202, 4392.31
76216, 4395.38
76218, 4385.64
76226, 4380.51
76233, 4380.51
76241, 4376.92
76249, 4378.46
76257, 4381.03
76265, 4378.97
76272, 4381.54
76280, 4382.05
76288, 4380
76296, 4380
76304, 4380
76313, 4381.54
76319, 4382.56
76327, 4381.03
76335, 4381.03
76343, 4382.05
76351, 4381.03
76359, 4380
76366, 4380.51
76375, 4377.95
76382, 4378.46
76390, 4383.08
76399, 4380
76405, 4377.44
76413, 4381.03
76421, 4380.51
76429, 4378.46
76437, 4376.92
76445, 4377.95
76452, 4380.51
76459, 4380
76469, 4379.49
76477, 4379.49
76484, 4380
76491, 4376.41
76514, 4373.85
76516, 4378.97
76516, 4379.49
76523, 4375.38
76532, 4378.46
76539, 4382.05
76546, 4378.46
76554, 4377.95
76562, 4381.03
76571, 4380
76577, 4375.38
76585, 4377.44
76593, 4382.56
76601, 4380.51
76609, 4380
76617, 4382.05
76625, 4381.03
76632, 4381.54
76645, 4382.05
76648, 4381.03
76655, 4380.51
76664, 4381.54
76672, 4381.03
76679, 4378.97
76687, 4380.51
76695, 4380
76709, 4376.41
76711, 4376.92
76718, 4377.44
76726, 4379.49
76734, 4381.03
76742, 4375.38
76750, 4371.79
76757, 4377.44
76765, 4383.59
76773, 4377.95
76781, 4372.82
76789, 4380.51
76797, 4383.59
76812, 4377.44
76812, 4377.95
76820, 4381.54
76828, 4378.46
76836, 4375.38
76843, 4375.9
76851, 4374.87
76859, 4373.85
76868, 4375.38
76876, 4375.38
76883, 4374.36
76890, 4377.95
76898, 4379.49
76906, 4379.49
76914, 4377.95
76922, 4375.38
76930, 4374.87
76937, 4374.87
76945, 4375.38
76953, 4374.36
76961, 4374.36
76969, 4378.97
76976, 4377.95
76984, 4375.9
76992, 4378.46
77000, 4377.95
77008, 4380
77016, 4384.62
77022, 4382.05
77031, 4380
77040, 4381.03
77047, 4377.95
77055, 4374.36
77063, 4378.46
77070, 4383.59
77078, 4380.51
77090, 4378.46
77094, 4380
77103, 4379.49
77109, 4381.54, estimuli
77117, 4383.08
77129, 4378.97
77133, 4377.95
77147, 4381.54
77149, 4381.54
77156, 4378.46
77165, 4378.97
77171, 4381.03
77179, 4382.05
77187, 4383.59
77195, 4382.56
77203, 4376.92
77210, 4384.62
77219, 4402.05
77227, 4401.03
77235, 4376.41
77243, 4353.85
77250, 4349.74
77258, 4361.54
77272, 4385.64
77274, 4405.13
77282, 4410.26
77289, 4400.51
77297, 4374.87
77305, 4352.31
77313, 4348.21
77321, 4360.51
77328, 4382.05
77336, 4402.56
77344, 4410.26
77352, 4397.44
77360, 4371.79
77372, 4351.79
77375, 4348.21
77383, 4362.05
77391, 4386.67
77399, 4404.62
77408, 4407.69
77417, 4397.44
77422, 4375.9
77430, 4354.36
77439, 4347.18
77446, 4361.03
77454, 4382.56
77462, 4400.51
77474, 4407.18
77477, 4394.87
77485, 4373.85
77493, 4355.38
77501, 4350.77
77508, 4364.62
77516, 4383.08
77524, 4400
77532, 4410.77
77540, 4399.49
77548, 4374.36
77555, 4354.36
77563, 4351.28
77571, 4365.64
77579, 4385.64
77587, 4403.59
77599, 4408.21
77602, 4393.33
77610, 4369.74
77617, 4351.28
77626, 4350.26
77634, 4365.64
77641, 4385.64
77649, 4403.08
77656, 4408.21
77665, 4395.38
77673, 4372.82
77681, 4351.28
77688, 4347.18
77696, 4364.62
77705, 4385.64
77712, 4400
77720, 4403.59
77728, 4394.36
77735, 4373.33
77743, 4353.33
77751, 4349.74
77759, 4362.56
77767, 4385.64
77774, 4403.08
77782, 4407.69
77790, 4398.46
77798, 4373.85
77806, 4348.72
77814, 4345.64
77821, 4365.13
77830, 4387.69
77837, 4403.59
77846, 4410.26
77853, 4397.44
77861, 4370.77
77868, 4351.79
77876, 4350.26
77884, 4364.62
77892, 4387.18
77900, 4403.08
77908, 4407.69
77915, 4394.36
77923, 4371.28
77937, 4353.85
77939, 4348.72
77947, 4363.59
77954, 4389.74
77962, 4407.18
77970, 4408.21
77978, 4394.87
77986, 4373.33
77993, 4354.87
78001, 4352.31
78009, 4365.64
78017, 4385.64
78025, 4405.64
78040, 4412.82
78041, 4395.9
78048, 4368.21
78056, 4351.28
78064, 4352.31
78072, 4366.67
78080, 4386.15
78088, 4406.15
78095, 4410.77
78103, 4394.87
78111, 4371.79
78119, 4351.79
78127, 4349.23
78134, 4366.67
78143, 4389.23
78150, 4405.13
78158, 4405.64
78167, 4394.36
78172, 4372.82
78181, 4349.23
78188, 4345.64
78197, 4366.67
78205, 4391.79
78213, 4396.41
78220, 4384.1
78228, 4380.51
78236, 4384.62
78244, 4382.05
78252, 4378.46
78259, 4378.97
78273, 4377.44
78275, 4377.95
78283, 4380.51
78291, 4379.49
78299, 4379.49
78306, 4382.56
78314, 4381.54
78322, 4380.51
78330, 4381.03
78338, 4376.92
78345, 4374.87
78353, 4378.46
78361, 4379.49
78373, 4377.95
78378, 4376.92
78385, 4377.95
78392, 4380.51
78400, 4382.05
78409, 4380.51
78416, 4378.46
78424, 4380
78432, 4381.54
78440, 4377.95
78448, 4377.44
78459, 4380.51
78463, 4381.03
78477, 4376.41
78479, 4373.85
78486, 4377.95
78500, 4381.03
78502, 4379.49
78510, 4379.49
78518, 4378.46
78525, 4378.46
78533, 4382.56
78541, 4380
78549, 4378.46
78557, 4381.54
78564, 4378.97
78572, 4376.41
78580, 4380
78588, 4382.05
78602, 4378.46
78604, 4377.95
78610, 4377.95
78619, 4374.36
78627, 4374.36
78635, 4377.95
78643, 4381.54
78651, 4381.03
78659, 4376.92
78666, 4377.44
78674, 4378.46
78682, 4378.46
78689, 4380.51
78704, 4377.95
78704, 4375.9
78713, 4380.51
78721, 4383.59
78730, 4377.95
78737, 4373.85
78744, 4379.49
78752, 4383.08
78760, 4377.95
78768, 4375.9
78776, 4376.41
78783, 4375.38
78791, 4378.97
78799, 4382.56
78807, 4382.05
78815, 4381.54
78823, 4381.54
78831, 4382.05
78838, 4380.51
78845, 4378.46
78854, 4375.9
78862, 4376.92
78870, 4382.05
78877, 4381.03
78885, 4376.92
78893, 4380.51
78901, 4383.59
78909, 4380.51
78916, 4379.49
78924, 4382.56
78932, 4382.56
78940, 4382.05
78948, 4384.62
78956, 4381.54
78962, 4378.46
78971, 4381.03
78979, 4380.51
78987, 4376.92
78995, 4375.9
79002, 4378.46
79011, 4381.54
79019, 4379.49
79026, 4374.87
79035, 4372.31
79042, 4375.38
79049, 4381.03
79058, 4382.56
79065, 4380
79073, 4377.95
79081, 4380
79088, 4381.03
79096, 4377.95
79104, 4378.46
79112, 4382.56, estimuli
79120, 4384.62
79128, 4380
79135, 4374.87
79143, 4377.44
79151, 4378.46
79165, 4374.36
79167, 4377.95
79174, 4381.54
79182, 4377.44
79190, 4380
79198, 4381.03
79205, 4378.46
79213, 4391.28
79221, 4402.05
79229, 4387.69
79238, 4361.54
79244, 4347.69
79253, 4353.85
79265, 4372.31
79268, 4390.26
79278, 4401.54
79286, 4406.15
79293, 4391.28
79300, 4361.54
79307, 4346.15
79319, 4351.79
79322, 4369.23
79331, 4390.26
79339, 4405.13
79347, 4406.15
79354, 4387.69
79368, 4361.54
79370, 4347.69
79378, 4351.79
79386, 4371.28
79398, 4394.36
79402, 4405.64
79409, 4405.64
79417, 4390.26
79426, 4360.51
79433, 4343.59
79441, 4353.33
79449, 4372.82
79457, 4390.26
79463, 4405.13
79472, 4402.05
79480, 4383.59
79487, 4365.13
79496, 4350.77
79502, 4351.28
79511, 4370.77
79519, 4391.79
79527, 4405.13
79535, 4404.62
79542, 4387.18
79550, 4363.08
79558, 4347.69
79566, 4352.31
79573, 4371.79
79581, 4391.79
79588, 4406.67
79597, 4404.62
79605, 4387.18
79613, 4364.62
79620, 4349.74
79628, 4355.38
79637, 4372.82
79644, 4393.33
79652, 4407.18
79664, 4403.08
79666, 4387.18
79675, 4364.62
79683, 4347.18
79691, 4350.26
79705, 4372.31
79706, 4397.44
79714, 4407.18
79722, 4401.03
79730, 4387.69
79738, 4364.62
79750, 4346.15
79753, 4352.31
79761, 4374.87
79775, 4393.33
79777, 4404.1
79785, 4404.62
79793, 4387.69
79800, 4363.59
79809, 4350.77
79816, 4353.33
79824, 4373.85
79832, 4398.46
79840, 4408.21
79848, 4401.54
79856, 4385.64
79864, 4364.62
79871, 4348.72
79883, 4350.26
79887, 4373.33
79894, 4396.92
79902, 4405.64
79910, 4402.05
79918, 4384.62
79932, 4362.56
79933, 4349.74
79942, 4351.28
79949, 4369.74
79961, 4395.9
79965, 4410.77
79974, 4402.56
79980, 4384.1
79994, 4364.62
79996, 4348.72
80004, 4354.36
80012, 4373.85
80019, 4393.33
80027, 4410.77
80035, 4407.18
80050, 4380.51
80052, 4358.46
80059, 4347.69
80066, 4351.79
80075, 4374.87
80082, 4395.9
80090, 4404.1
80098, 4401.03
80105, 4385.64
80113, 4360.51
80122, 4344.62
80131, 4353.33
80138, 4373.33
80145, 4393.85
80152, 4406.67
80162, 4403.08
80168, 4384.62
80176, 4360.51
80188, 4346.67
80192, 4351.79
80199, 4371.79
80207, 4391.28
80215, 4390.77
80223, 4378.97
80231, 4380
80238, 4385.13
80246, 4377.95
80254, 4369.74
80262, 4376.41
80270, 4381.03
80278, 4374.87
80286, 4374.36
80293, 4377.95
80301, 4377.44
80309, 4377.44
80317, 4375.9
80324, 4373.85
80332, 4373.33
80340, 4375.38
80348, 4377.95
80356, 4376.92
80364, 4375.38
80371, 4375.38
80379, 4376.41
80388, 4377.95
80395, 4377.44
80403, 4373.33
80411, 4372.82
80418, 4373.85
80427, 4376.41
80434, 4378.97
80442, 4376.41
80450, 4372.31
80459, 4372.82
80466, 4376.92
80473, 4374.87
80481, 4371.28
80495, 4377.95
80497, 4381.03
80504, 4377.44
80512, 4377.44
80524, 4379.49
80528, 4380.51
80536, 4379.49
80544, 4377.95
80551, 4376.41
80559, 4378.46
80567, 4380
80575, 4377.44
80583, 4376.41
80590, 4380
80597, 4378.97
80606, 4375.9
80618, 4379.49
80622, 4383.59
80630, 4381.54
80637, 4378.46
80646, 4377.95
80653, 4375.9
80660, 4374.36
80669, 4377.95
80677, 4374.87
80684, 4372.82
80692, 4378.97
80700, 4380.51
80708, 4377.95
80716, 4377.95
80728, 4380
80730, 4381.54
80739, 4380
80747, 4376.41
80755, 4373.85
80763, 4377.95
80770, 4379.49
80778, 4376.92
80791, 4378.97
80794, 4381.54
80802, 4380.51
80810, 4381.03
80817, 4380.51
80831, 4378.46
80833, 4381.54
80841, 4384.1
80849, 4383.08
80856, 4378.97
80864, 4378.97
80872, 4381.03
80880, 4377.95
80888, 4374.36
80896, 4374.87
80903, 4377.95
80911, 4378.97
80919, 4377.44
80931, 4378.46
80936, 4378.46
80942, 4377.44
80950, 4378.46
80959, 4378.46
80966, 4375.38
80974, 4373.85
80990, 4377.44
80990, 4377.95
80996, 4373.85
81005, 4373.33
81013, 4375.9
81021, 4375.38
81029, 4374.87
81037, 4377.95
81044, 4382.56
81058, 4380
81060, 4372.82
81068, 4375.38
81076, 4384.1
81084, 4384.1
81091, 4377.44
81099, 4374.87
81108, 4381.03
81115, 4386.15, estimuli
81123, 4382.56
81130, 4379.49
81139, 4378.97
81146, 4380.51
81160, 4378.46
81162, 4374.87
81169, 4376.92
81177, 4377.95
81191, 4378.46
81193, 4379.49
81201, 4377.95
81208, 4383.08
81216, 4393.33
81225, 4393.85
81232, 4377.44
81239, 4356.41
81248, 4351.28
81255, 4360.51
81263, 4376.41
81271, 4394.87
81283, 4405.13
81287, 4397.95
81295, 4375.38
81302, 4354.36
81310, 4349.74
81318, 4362.05
81326, 4382.05
81334, 4401.54
81342, 4411.79
81349, 4399.49
81357, 4372.31
81365, 4354.36
81373, 4351.79
81381, 4360
81388, 4380
81396, 4401.54
81404, 4408.72
81411, 4395.38
81420, 4371.79
81428, 4354.36
81435, 4347.69
81443, 4357.95
81451, 4383.59
81459, 4404.1
81468, 4407.69
81475, 4393.85
81482, 4372.82
81496, 4353.33
81498, 4347.18
81506, 4360
81514, 4380
81521, 4400
81529, 4410.26
81538, 4397.44
81545, 4374.36
81553, 4354.36
81561, 4348.21
81568, 4361.03
81576, 4378.97
81584, 4397.44
81592, 4409.23
81600, 4398.46
81607, 4372.31
81621, 4352.82
81623, 4351.28
81631, 4364.62
81639, 4383.08
81647, 4401.03
81654, 4409.74
81662, 4398.97
81670, 4372.82
81678, 4351.28
81686, 4346.67
81693, 4358.97
81701, 4380.51
81709, 4400.51
81721, 4407.18
81725, 4396.41
81733, 4372.31
81745, 4351.28
81749, 4350.26
81756, 4360
81764, 4377.44
81772, 4402.56
81780, 4408.21
81787, 4390.26
81795, 4370.77
81803, 4354.87
81811, 4346.15
81825, 4356.92
81827, 4382.56
81834, 4402.05
81842, 4408.72
81854, 4398.97
81858, 4375.38
81867, 4354.36
81874, 4346.67
81881, 4355.9
81890, 4378.46
81897, 4400.51
81905, 4408.21
81913, 4396.92
81920, 4370.77
81928, 4348.72
81937, 4345.64
81944, 4359.49
81952, 4379.49
81960, 4398.97
81967, 4406.15
81976, 4389.74
81983, 4368.21
81991, 4354.36
81999, 4348.72
82006, 4360.51
82015, 4381.03
82023, 4398.46
82030, 4405.64
82038, 4394.87
82046, 4374.87
82053, 4355.9
82062, 4352.82
82070, 4365.64
82077, 4381.54
82091, 4401.54
82093, 4412.82
82100, 4397.44
82108, 4369.74
82116, 4352.82
82124, 4349.23
82132, 4357.95
82140, 4380.51
82147, 4403.59
82155, 4408.21
82162, 4395.38
82171, 4376.92
82179, 4358.46
82191, 4349.74
82194, 4359.49
82202, 4384.62
82210, 4400
82218, 4389.74
82225, 4378.46
82233, 4375.38
82241, 4374.87
82249, 4377.95
82257, 4378.46
82265, 4376.41
82272, 4378.46
82286, 4380.51
82288, 4376.41
82296, 4375.38
82304, 4376.92
82312, 4376.92
82320, 4375.9
82327, 4377.95
82335, 4381.54
82343, 4380.51
82351, 4379.49
82358, 4381.03
82366, 4380.51
82374, 4377.95
82388, 4377.95
82390, 4378.97
82398, 4376.92
82405, 4375.9
82412, 4375.9
82421, 4374.87
82428, 4374.87
82437, 4374.36
82444, 4376.41
82452, 4376.41
82460, 4376.41
82468, 4378.46
82475, 4375.9
82490, 4373.85
82490, 4375.38
82499, 4374.36
82507, 4376.41
82515, 4381.54
82523, 4378.46
82531, 4372.82
82538, 4373.33
82546, 4376.41
82553, 4376.41
82561, 4374.87
82569, 4378.46
82577, 4380
82585, 4376.92
82592, 4374.87
82601, 4378.46
82609, 4382.05
82617, 4379.49
82624, 4376.92
82632, 4376.41
82640, 4376.92
82648, 4376.92
82656, 4373.33
82663, 4373.85
82672, 4377.95
82679, 4379.49
82687, 4377.44
82695, 4375.9
82703, 4375.38
82711, 4375.38
82719, 4374.36
82726, 4374.87
82734, 4374.36
82742, 4373.33
82750, 4375.38
82756, 4377.44
82765, 4378.97
82773, 4375.9
82781, 4373.85
82789, 4378.46
82796, 4381.03
82804, 4379.49
82812, 4376.92
82820, 4376.41
82828, 4377.44
82836, 4377.95
82850, 4378.46
82851, 4376.41
82859, 4372.82
82867, 4376.92
82875, 4382.56
82882, 4381.03
82890, 4376.92
82898, 4375.9
82906, 4375.38
82914, 4374.36
82922, 4375.9
82929, 4378.46
82937, 4378.97
82951, 4378.46
82953, 4377.44
82961, 4376.92
82969, 4377.95
82978, 4377.95
82984, 4377.95
82992, 4376.41
83000, 4375.38
83008, 4374.87
83022, 4373.33
83023, 4375.38
83031, 4377.44
83039, 4373.85
83047, 4376.92
83055, 4381.54
83063, 4378.97
83070, 4378.46
83079, 4382.56
83086, 4380.51
83094, 4373.33
83102, 4373.33
83109, 4379.49
83117, 4376.92, estimuli
83125, 4374.36
83133, 4378.97
83141, 4379.49
83149, 4378.46
83157, 4379.49
83164, 4378.46
83172, 4377.44
83180, 4379.49
83188, 4378.46
83195, 4375.38
83204, 4377.95
83212, 4382.05
83220, 4388.21
83227, 4398.97
83235, 4391.79
83242, 4361.54
83250, 4343.08
83259, 4352.82
83266, 4371.28
83275, 4391.28
83282, 4409.74
83290, 4410.77
83297, 4387.18
83305, 4360.51
83313, 4349.23
83320, 4352.82
83328, 4371.28
83336, 4394.36
83344, 4407.18
83352, 4405.13
83360, 4388.21
83368, 4363.59
83375, 4347.18
83383, 4354.36
83391, 4374.36
83399, 4389.74
83407, 4403.08
83415, 4406.15
83422, 4389.74
83430, 4362.05
83439, 4346.67
83447, 4354.87
83454, 4372.82
83461, 4388.72
83469, 4404.1
83477, 4405.64
83485, 4387.69
83493, 4361.03
83501, 4345.64
83515, 4351.28
83517, 4368.21
83524, 4389.74
83532, 4407.18
83540, 4404.1
83548, 4385.13
83555, 4364.1
83563, 4348.21
83571, 4350.26
83579, 4370.26
83587, 4393.33
83595, 4405.64
83602, 4403.59
83616, 4386.67
83618, 4360
83626, 4347.69
83634, 4355.9
83642, 4372.82
83649, 4390.26
83657, 4405.13
83665, 4405.64
83673, 4384.1
83680, 4356.92
83687, 4345.13
83695, 4352.31
83704, 4370.77
83718, 4391.28
83720, 4404.1
83727, 4401.03
83736, 4384.1
83744, 4360.51
83751, 4347.18
83759, 4351.79
83767, 4370.26
83774, 4390.77
83782, 4404.62
83790, 4402.05
83798, 4382.05
83806, 4360
83813, 4346.15
83821, 4349.23
83828, 4367.69
83837, 4388.21
83851, 4402.56
83853, 4400.51
83860, 4381.03
83868, 4360
83876, 4347.69
83885, 4354.36
83892, 4373.33
83900, 4391.79
83907, 4406.15
83915, 4404.62
83923, 4385.64
83931, 4363.08
83939, 4348.72
83946, 4351.28
83954, 4370.26
83962, 4392.82
83974, 4403.08
83978, 4397.95
83986, 4382.05
83994, 4359.49
84004, 4346.15
84009, 4352.31
84017, 4369.23
84025, 4389.74
84033, 4404.62
84040, 4401.03
84049, 4382.05
84056, 4359.49
84064, 4347.18
84078, 4354.87
84080, 4373.85
84088, 4393.85
84095, 4405.13
84107, 4403.08
84116, 4384.62
84119, 4358.46
84127, 4345.64
84134, 4350.77
84143, 4369.74
84150, 4393.85
84158, 4408.21
84166, 4403.59
84174, 4381.03
84184, 4358.46
84189, 4348.72
84196, 4351.79
84211, 4370.26
84213, 4390.77
84220, 4392.31
84228, 4382.05
84236, 4378.46
84244, 4377.44
84253, 4373.33
84259, 4374.36
84267, 4377.95
84280, 4373.85
84283, 4375.38
84291, 4383.08
84299, 4382.56
84306, 4378.46
84319, 4379.49
84322, 4380.51
84330, 4376.92
84338, 4377.95
84345, 4380
84353, 4374.87
84361, 4372.31
84369, 4378.97
84383, 4382.05
84385, 4380
84392, 4378.97
84400, 4377.44
84408, 4379.49
84416, 4381.03
84424, 4380.51
84432, 4380.51
84439, 4380
84447, 4377.95
84455, 4375.38
84463, 4375.9
84471, 4376.41
84478, 4375.38
84486, 4376.92
84494, 4378.46
84502, 4380
84510, 4378.97
84518, 4375.9
84525, 4373.85
84539, 4373.85
84541, 4374.36
84549, 4374.87
84557, 4374.87
84565, 4375.9
84572, 4375.9
84580, 4373.85
84589, 4375.9
84596, 4374.87
84604, 4371.79
84611, 4373.33
84619, 4375.38
84627, 4373.33
84635, 4373.85
84643, 4377.44
84651, 4377.95
84658, 4376.92
84665, 4377.95
84674, 4376.41
84683, 4375.38
84690, 4378.46
84697, 4380
84705, 4378.46
84713, 4376.41
84721, 4374.87
84730, 4373.33
84738, 4373.85
84744, 4376.92
84752, 4376.92
84760, 4375.38
84768, 4376.92
84776, 4377.95
84783, 4375.9
84791, 4373.85
84799, 4373.85
84807, 4376.92
84815, 4378.46
84823, 4378.46
84830, 4381.03
84843, 4378.46
84846, 4373.85
84854, 4374.36
84861, 4376.92
84870, 4375.9
84878, 4372.31
84885, 4372.82
84893, 4375.38
84902, 4378.97
84915, 4382.05
84916, 4380.51
84924, 4376.92
84933, 4377.95
84940, 4380
84948, 4377.95
84956, 4376.41
84965, 4378.97
84971, 4379.49
84979, 4376.92
84987, 4379.49
84995, 4382.56
85002, 4382.05
85010, 4377.44
85019, 4373.33
85026, 4376.92
85034, 4378.97
85048, 4376.92
85050, 4377.95
85057, 4377.44
85065, 4375.9
85079, 4379.49
85081, 4381.03
85089, 4376.92
85096, 4374.36
85104, 4376.41
85113, 4378.46
85120, 4378.46, estimuli
85128, 4377.44
85136, 4376.41
85143, 4375.9
85151, 4376.41
85159, 4376.41
85167, 4380
85175, 4381.03
85182, 4375.38
85190, 4375.38
85204, 4381.03
85241, 4381.54
85242, 4380
85242, 4392.31
85242, 4400
85242, 4377.44
85246, 4351.28
85253, 4347.69
85261, 4357.95
85268, 4376.92
85276, 4400.51
85284, 4408.72
85292, 4395.9
85300, 4373.85
85308, 4356.41
85315, 4350.26
85323, 4360
85338, 4377.95
85340, 4396.41
85347, 4407.69
85355, 4400.51
85362, 4378.97
85370, 4356.41
85378, 4350.26
85386, 4363.08
85394, 4379.49
85403, 4398.97
85409, 4412.82
85417, 4402.56
85426, 4376.92
85439, 4356.41
85441, 4349.74
85448, 4361.03
85456, 4377.95
85464, 4396.92
85472, 4410.77
85480, 4399.49
85488, 4372.31
85495, 4353.85
85509, 4349.23
85511, 4357.95
85519, 4380
85527, 4404.1
85534, 4408.72
85541, 4395.9
85550, 4376.92
85558, 4358.46
85566, 4352.82
85574, 4362.56
85581, 4381.03
85589, 4401.54
85597, 4408.21
85611, 4399.49
85614, 4378.97
85621, 4354.87
85628, 4348.21
85636, 4363.59
85645, 4383.59
85652, 4398.46
85660, 4406.67
85667, 4398.97
85675, 4374.36
85683, 4352.31
85691, 4345.64
85699, 4358.46
85707, 4382.56
85714, 4402.05
85722, 4409.23
85730, 4398.97
85738, 4372.82
85746, 4350.26
85754, 4346.67
85761, 4358.97
85769, 4381.03
85777, 4402.56
85785, 4409.74
85792, 4396.41
85800, 4373.85
85808, 4355.9
85816, 4350.77
85824, 4363.08
85832, 4380
85840, 4397.95
85847, 4408.72
85855, 4396.92
85863, 4371.79
85871, 4354.87
85879, 4351.28
85886, 4359.49
85894, 4377.95
85903, 4400
85910, 4408.21
85918, 4397.44
85926, 4377.95
85933, 4357.44
85942, 4349.23
85949, 4365.64
85958, 4384.1
85966, 4397.44
85972, 4406.67
85980, 4398.46
85988, 4374.87
85996, 4351.28
86004, 4346.67
86012, 4364.62
86019, 4387.18
86027, 4402.05
86035, 4404.62
86042, 4394.87
86051, 4373.85
86058, 4353.33
86073, 4348.21
86074, 4361.03
86082, 4383.08
86090, 4400.51
86098, 4406.15
86105, 4398.97
86114, 4376.41
86121, 4353.85
86129, 4350.77
86137, 4363.08
86145, 4378.97
86152, 4398.46
86160, 4409.74
86174, 4398.97
86176, 4372.31
86184, 4352.82
86191, 4348.72
86199, 4359.49
86207, 4382.56
86215, 4396.41
86223, 4388.21
86231, 4375.9
86238, 4377.44
86246, 4381.03
86254, 4377.95
86262, 4378.46
86274, 4376.41
86280, 4371.79
86285, 4376.41
86294, 4380.51
86301, 4375.38
86309, 4374.36
86317, 4377.44
86331, 4380
86333, 4380
86340, 4376.41
86348, 4374.87
86356, 4375.9
86364, 4375.9
86371, 4375.38
86378, 4378.97
86387, 4377.95
86395, 4372.31
86409, 4376.92
86411, 4380.51
86417, 4374.87
86426, 4373.85
86434, 4375.38
86442, 4374.87
86450, 4378.46
86457, 4380.51
86465, 4377.44
86478, 4373.85
86481, 4372.82
86489, 4378.46
86497, 4381.54
86504, 4377.95
86512, 4374.36
86520, 4375.38
86528, 4379.49
86535, 4380.51
86544, 4376.92
86551, 4375.9
86559, 4380
86567, 4380
86575, 4372.82
86583, 4373.33
86590, 4378.97
86598, 4378.97
86606, 4377.44
86614, 4377.44
86622, 4378.97
86634, 4381.03
86637, 4380
86645, 4377.95
86653, 4377.44
86661, 4375.38
86670, 4377.95
86677, 4381.03
86684, 4379.49
86692, 4376.92
86700, 4377.44
86708, 4376.41
86716, 4372.31
86723, 4375.9
86737, 4381.03
86739, 4378.97
86747, 4375.9
86755, 4376.41
86762, 4378.97
86770, 4379.49
86778, 4377.44
86786, 4377.95
86794, 4378.46
86802, 4379.49
86810, 4381.03
86817, 4378.46
86826, 4374.36
86837, 4376.41
86841, 4378.46
86850, 4376.92
86857, 4377.95
86864, 4381.54
86873, 4380
86880, 4377.44
86889, 4377.95
86896, 4377.44
86905, 4380.51
86910, 4382.05
86918, 4377.44
86927, 4376.92
86935, 4379.49
86943, 4381.03
86950, 4381.03
86958, 4376.41
86966, 4377.95
86974, 4381.03
86982, 4378.46
86989, 4377.44
86997, 4378.97
87005, 4379.49
87014, 4379.49
87021, 4380
87029, 4380.51
87037, 4381.03
87045, 4384.1
87052, 4381.54
87060, 4376.92
87068, 4375.38
87082, 4376.41
87084, 4380
87091, 4376.92
87099, 4373.85
87107, 4378.46
87115, 4379.49
87124, 4375.38, estimuli
87130, 4374.36
87138, 4373.33
87146, 4372.31
87154, 4372.82
87162, 4371.28
87170, 4371.79
87177, 4372.82
87185, 4371.28
87194, 4370.77
87201, 4374.36
87210, 4378.46
87216, 4376.41
87229, 4377.95
87235, 4387.18
87240, 4390.77
87248, 4382.05
87260, 4361.54
87263, 4345.64
87271, 4349.74
87280, 4368.21
87287, 4386.67
87296, 4397.95
87305, 4400
87310, 4386.15
87318, 4358.97
87326, 4344.1
87334, 4350.26
87342, 4369.74
87349, 4392.82
87357, 4406.67
87365, 4402.56
87373, 4384.1
87381, 4363.59
87389, 4350.77
87399, 4349.23
87404, 4366.15
87412, 4393.85
87420, 4407.18
87428, 4402.05
87437, 4386.15
87443, 4364.62
87452, 4348.72
87459, 4350.77
87467, 4370.26
87475, 4392.82
87489, 4409.23
87490, 4405.64
87504, 4382.05
87506, 4359.49
87514, 4348.72
87522, 4352.31
87529, 4367.18
87537, 4389.74
87545, 4410.77
87553, 4408.21
87561, 4383.59
87568, 4360
87575, 4349.23
87584, 4356.41
87592, 4376.41
87600, 4395.9
87608, 4408.21
87615, 4404.1
87623, 4385.64
87631, 4362.56
87639, 4347.18
87647, 4353.33
87655, 4373.85
87662, 4395.9
87670, 4409.74
87678, 4404.62
87692, 4384.1
87694, 4364.62
87701, 4353.33
87709, 4351.79
87717, 4369.23
87725, 4397.95
87733, 4410.77
87741, 4402.05
87748, 4387.18
87757, 4365.64
87764, 4348.21
87772, 4352.82
87780, 4374.36
87794, 4397.44
87794, 4409.23
87803, 4402.05
87811, 4382.56
87819, 4361.03
87827, 4349.74
87834, 4354.87
87842, 4372.82
87850, 4393.85
87858, 4407.18
87866, 4404.62
87873, 4386.67
87881, 4362.05
87889, 4347.18
87898, 4352.31
87905, 4373.85
87914, 4395.9
87919, 4407.69
87927, 4403.08
87936, 4383.08
87944, 4359.49
87952, 4347.69
87965, 4353.85
87967, 4373.33
87975, 4394.36
87984, 4407.18
88018, 4405.13
88020, 4385.64
88020, 4359.49
88020, 4345.64
88022, 4353.33
88030, 4373.85
88038, 4395.38
88045, 4410.77
88054, 4404.62
88062, 4381.54
88069, 4361.03
88077, 4349.23
88086, 4354.36
88093, 4375.38
88100, 4396.41
88109, 4407.69
88115, 4403.59
88130, 4385.13
88132, 4360.51
88140, 4347.18
88152, 4357.44
88155, 4377.44
88169, 4398.97
88171, 4409.74
88179, 4401.03
88187, 4382.05
88194, 4363.08
88202, 4351.28
88210, 4352.82
88218, 4373.85
88226, 4398.46
88233, 4396.92
88241, 4382.56
88249, 4382.05
88257, 4385.64
88265, 4380.51
88273, 4375.9
88280, 4378.46
88288, 4381.03
88296, 4381.03
88304, 4380.51
88312, 4378.97
88319, 4376.41
88327, 4376.92
88335, 4377.44
88343, 4376.92
88355, 4377.95
88361, 4380
88367, 4380.51
88375, 4379.49
88383, 4381.03
88390, 4379.49
88398, 4374.36
88406, 4375.38
88413, 4378.97
88421, 4376.92
88433, 4377.44
88437, 4380
88445, 4380
88453, 4378.97
88461, 4377.44
88469, 4379.49
88476, 4380.51
88485, 4379.49
88492, 4379.49
88499, 4381.54
88508, 4385.64
88515, 4382.56
88527, 4377.95
88532, 4377.95
88543, 4378.97
88548, 4378.97
88554, 4377.44
88562, 4380
88570, 4382.56
88578, 4380.51
88585, 4380
88593, 4380.51
88601, 4378.46
88613, 4378.46
88617, 4380
88625, 4380.51
88632, 4378.97
88645, 4378.97
88650, 4380
88656, 4377.95
88665, 4378.46
88672, 4379.49
88680, 4376.41
88687, 4376.41
88695, 4378.97
88703, 4378.46
88717, 4375.38
88719, 4375.38
88733, 4379.49
88735, 4379.49
88742, 4378.46
88750, 4380.51
88758, 4381.03
88765, 4380
88773, 4377.95
88781, 4373.33
88789, 4374.36
88797, 4377.95
88805, 4379.49
88819, 4380
88820, 4380.51
88832, 4378.46
88848, 4376.92
88850, 4378.97
88851, 4381.54
88859, 4380
88867, 4377.95
88875, 4379.49
88883, 4380.51
88891, 4375.9
88899, 4376.41
88906, 4377.95
88914, 4375.38
88922, 4377.44
88930, 4378.97
88938, 4376.41
88945, 4377.44
88953, 4376.41
88961, 4374.87
88969, 4380.51
88977, 4382.05
88984, 4377.44
88992, 4375.38
89000, 4373.85
89008, 4374.87
89016, 4378.97
89024, 4381.03
89031, 4379.49
89039, 4375.38
89047, 4376.92
89056, 4380
89063, 4378.97
89071, 4376.92
89078, 4375.38
89086, 4374.87
89094, 4375.9
89102, 4378.46
89110, 4380
89119, 4375.38
89125, 4375.9, estimuli
89133, 4381.03
89141, 4380.51
89149, 4379.49
89157, 4380.51
89164, 4380
89172, 4378.46
89180, 4380
89189, 4380.51
89196, 4375.38
89204, 4374.36
89211, 4376.41
89219, 4374.87
89228, 4375.9
89235, 4385.13
89243, 4395.38
89250, 4386.15
89258, 4360.51
89266, 4345.64
89274, 4353.33
89283, 4370.77
89296, 4391.79
89297, 4406.15
89305, 4405.13
89313, 4389.23
89321, 4365.64
89329, 4349.74
89337, 4354.36
89344, 4373.33
89353, 4394.87
89360, 4407.18
89368, 4402.56
89376, 4384.1
89383, 4364.1
89391, 4349.23
89399, 4348.21
89407, 4370.77
89415, 4397.44
89423, 4408.72
89430, 4401.54
89438, 4385.13
89446, 4364.1
89453, 4348.72
89461, 4353.85
89469, 4371.79
89477, 4390.26
89485, 4406.67
89493, 4408.21
89501, 4389.74
89509, 4366.15
89516, 4352.82
89524, 4357.44
89533, 4375.38
89540, 4394.36
89548, 4406.67
89555, 4404.62
89563, 4387.69
89571, 4367.18
89579, 4353.85
89588, 4354.87
89595, 4369.23
89602, 4392.31
89610, 4406.67
89618, 4401.03
89632, 4384.62
89634, 4363.59
89642, 4348.72
89649, 4350.26
89658, 4366.15
89666, 4392.31
89673, 4408.21
89681, 4400.51
89690, 4380.51
89697, 4357.95
89705, 4346.15
89712, 4352.31
89726, 4370.26
89733, 4392.31
89736, 4406.67
89743, 4404.1
89752, 4385.13
89759, 4360
89770, 4344.1
89775, 4349.74
89781, 4372.82
89790, 4394.36
89798, 4404.62
89806, 4403.08
89814, 4383.08
89821, 4358.97
89830, 4349.23
89844, 4353.33
89846, 4371.79
89854, 4395.38
89862, 4405.64
89869, 4400.51
89876, 4383.59
89884, 4361.03
89892, 4347.69
89900, 4350.77
89908, 4368.21
89915, 4391.28
89923, 4407.18
89931, 4403.08
89945, 4379.49
89947, 4355.38
89959, 4347.18
89962, 4355.38
89970, 4369.23
89978, 4387.69
89986, 4407.18
89997, 4403.59
90003, 4378.46
90009, 4355.38
90017, 4343.08
90025, 4350.26
90033, 4372.31
90041, 4394.36
90049, 4405.64
90059, 4397.44
90064, 4375.9
90072, 4355.38
90081, 4348.21
90088, 4353.85
90097, 4367.69
90103, 4392.31
90112, 4409.74
90120, 4400
90127, 4375.9
90135, 4355.9
90141, 4346.15
90151, 4352.31
90159, 4369.74
90166, 4391.28
90174, 4402.56
90182, 4396.92
90192, 4381.03
90198, 4362.05
90205, 4346.67
90214, 4345.13
90221, 4367.18
90227, 4391.28
90236, 4391.28
90244, 4378.97
90252, 4373.85
90260, 4375.9
90268, 4375.38
90276, 4373.85
90284, 4376.92
90291, 4378.97
90305, 4375.9
90307, 4374.87
90315, 4376.92
90323, 4377.44
90331, 4375.38
90338, 4375.9
90354, 4377.44
90355, 4373.85
90361, 4372.82
90369, 4375.38
90377, 4374.87
90385, 4376.92
90393, 4377.95
90401, 4374.36
90408, 4372.31
90417, 4374.36
90424, 4376.92
90432, 4375.38
90440, 4375.9
90449, 4378.97
90456, 4376.41
90463, 4374.87
90471, 4377.95
90479, 4376.92
90487, 4373.33
90495, 4373.85
90501, 4374.36
90510, 4371.79
90524, 4371.79
90526, 4376.92
90534, 4376.92
90541, 4372.82
90549, 4374.87
90557, 4375.9
90565, 4373.33
90573, 4373.85
90580, 4377.95
90589, 4381.54
90596, 4379.49
90604, 4375.38
90612, 4373.33
90626, 4372.82
90628, 4373.85
90635, 4371.28
90643, 4371.79
90650, 4378.46
90659, 4382.05
90667, 4376.92
90674, 4373.85
90682, 4377.95
90690, 4377.44
90698, 4372.82
90706, 4374.87
90714, 4376.92
90728, 4374.87
90729, 4372.82
90738, 4373.33
90745, 4377.44
90753, 4377.44
90767, 4373.33
90768, 4374.87
90776, 4376.41
90784, 4373.85
90792, 4371.79
90800, 4373.33
90808, 4375.9
90821, 4374.87
90823, 4371.28
90831, 4371.28
90839, 4372.82
90846, 4374.36
90854, 4373.33
90868, 4372.82
90870, 4374.36
90878, 4373.85
90886, 4373.85
90894, 4375.38
90901, 4374.87
90916, 4372.31
90916, 4372.82
90925, 4378.46
90932, 4377.95
90940, 4372.31
90948, 4374.36
90956, 4376.92
90970, 4374.36
90972, 4373.85
90980, 4375.9
90987, 4374.36
90995, 4373.85
91004, 4377.95
91011, 4378.97
91020, 4375.38
91026, 4373.85
91034, 4375.38
91043, 4374.87
91050, 4374.87
91058, 4376.41
91066, 4376.41
91073, 4373.33
91086, 4374.36
91089, 4378.97
91097, 4377.44
91105, 4374.36
91112, 4374.36
91121, 4375.38
91129, 4377.95, estimuli
91136, 4375.9
91152, 4370.26
91153, 4368.72
91159, 4375.38
91167, 4383.08
91175, 4378.46
91189, 4372.31
91191, 4374.87
91198, 4376.92
91206, 4375.9
91214, 4378.97
91222, 4380.51
91229, 4376.92
91239, 4385.64
91245, 4398.46
91253, 4387.69
91261, 4360
91269, 4345.64
91277, 4351.28
91291, 4368.72
91291, 4391.79
91300, 4404.62
91309, 4402.05
91316, 4384.62
91323, 4361.03
91331, 4347.18
91339, 4351.79
91347, 4369.74
91355, 4388.72
91363, 4404.1
91371, 4401.03
91378, 4381.54
91392, 4362.05
91394, 4349.74
91402, 4350.77
91410, 4368.72
91418, 4390.77
91425, 4403.59
91433, 4400
91441, 4381.03
91450, 4358.46
91457, 4346.67
91464, 4355.38
91473, 4373.85
91480, 4390.77
91488, 4405.64
91496, 4403.59
91503, 4383.08
91511, 4362.05
91518, 4349.23
91527, 4351.79
91534, 4368.72
91549, 4393.85
91551, 4407.18
91558, 4400.51
91566, 4382.56
91574, 4359.49
91581, 4345.64
91590, 4351.79
91597, 4368.72
91605, 4391.28
91613, 4407.69
91621, 4401.54
91630, 4380.51
91637, 4362.05
91645, 4350.77
91653, 4351.28
91660, 4366.67
91668, 4389.23
91684, 4403.59
91685, 4402.56
91692, 4382.56
91699, 4357.44
91707, 4347.18
91716, 4353.85
91724, 4369.74
91732, 4390.26
91738, 4405.64
91747, 4403.08
91755, 4383.59
91762, 4360
91774, 4347.18
91777, 4351.28
91786, 4370.77
91793, 4392.82
91801, 4404.1
91809, 4401.03
91816, 4385.13
91823, 4363.08
91831, 4346.67
91840, 4349.74
91850, 4370.77
91856, 4391.28
91868, 4403.08
91872, 4398.46
91879, 4381.03
91888, 4360
91895, 4346.67
91903, 4352.31
91910, 4370.77
91924, 4390.77
91926, 4406.15
91934, 4402.56
91948, 4379.49
91950, 4356.41
91957, 4345.13
91970, 4350.26
91973, 4369.23
91980, 4389.74
91995, 4402.56
91996, 4399.49
92004, 4381.03
92012, 4356.92
92020, 4345.64
92027, 4352.31
92036, 4367.69
92043, 4390.77
92051, 4405.64
92059, 4398.46
92067, 4381.03
92075, 4356.41
92082, 4343.08
92091, 4355.38
92098, 4374.87
92106, 4391.28
92114, 4404.62
92122, 4398.97
92129, 4377.95
92137, 4358.97
92145, 4348.21
92153, 4350.77
92161, 4371.79
92169, 4396.41
92176, 4407.18
92184, 4401.54
92200, 4379.49
92201, 4355.38
92208, 4345.13
92222, 4351.28
92224, 4375.38
92231, 4395.9
92239, 4391.28
92247, 4378.97
92255, 4374.87
92262, 4375.38
92270, 4373.33
92278, 4374.36
92286, 4376.41
92294, 4375.9
92302, 4377.95
92312, 4377.44
92317, 4374.87
92325, 4377.95
92333, 4378.46
92341, 4373.33
92348, 4372.82
92356, 4374.87
92364, 4378.46
92372, 4379.49
92380, 4378.97
92388, 4378.97
92395, 4376.41
92403, 4372.82
92413, 4372.82
92419, 4374.87
92427, 4377.95
92434, 4377.95
92442, 4373.85
92450, 4372.82
92458, 4375.9
92466, 4374.87
92476, 4372.31
92481, 4376.41
92489, 4379.49
92497, 4375.38
92505, 4375.38
92519, 4376.41
92521, 4372.31
92528, 4372.82
92536, 4374.36
92544, 4372.82
92552, 4373.33
92560, 4373.85
92567, 4372.82
92575, 4372.82
92583, 4373.33
92591, 4373.33
92599, 4371.79
92607, 4369.74
92617, 4370.77
92623, 4375.38
92631, 4377.44
92638, 4373.85
92646, 4375.38
92657, 4375.9
92660, 4371.79
92669, 4372.82
92676, 4374.87
92685, 4372.31
92692, 4370.77
92700, 4372.31
92708, 4373.33
92715, 4373.33
92724, 4374.87
92732, 4373.85
92740, 4371.79
92747, 4371.79
92755, 4371.28
92763, 4373.85
92772, 4375.9
92779, 4375.38
92786, 4374.87
92794, 4373.85
92802, 4372.31
92810, 4372.82
92818, 4372.82
92826, 4374.87
92833, 4380.51
92841, 4380.51
92850, 4372.82
92857, 4371.79
92865, 4376.92
92873, 4375.9
92880, 4372.82
92888, 4375.38
92896, 4375.9
92904, 4375.9
92913, 4377.44
92919, 4375.38
92927, 4375.38
92936, 4378.46
92943, 4378.46
92951, 4374.87
92959, 4373.85
92967, 4378.46
92974, 4378.46
92986, 4375.9
92990, 4378.97
92998, 4378.97
93005, 4375.38
93018, 4374.87
93031, 4378.46
93032, 4380.51
93037, 4376.92
93044, 4376.41
93052, 4378.97
93060, 4381.03
93068, 4376.92
93076, 4372.31
93084, 4374.36
93092, 4374.87
93099, 4372.31
93106, 4374.36
93121, 4374.87
93123, 4375.38
93131, 4377.44, estimuli
93139, 4373.85
93146, 4372.31
93154, 4373.33
93162, 4373.85
93170, 4374.87
93182, 4376.92
93185, 4378.46
93193, 4380
93202, 4381.54
93210, 4377.95
93220, 4375.38
93224, 4377.95
93233, 4381.54
93240, 4389.23
93248, 4398.97
93256, 4389.74
93265, 4362.56
93272, 4346.67
93279, 4350.77
93287, 4366.67
93295, 4387.69
93307, 4404.62
93311, 4403.08
93319, 4382.56
93326, 4360.51
93334, 4346.67
93342, 4349.23
93350, 4368.72
93358, 4389.74
93365, 4403.59
93373, 4404.62
93381, 4389.23
93389, 4363.59
93397, 4346.67
93405, 4355.9
93412, 4375.9
93426, 4390.77
93428, 4405.13
93436, 4405.64
93444, 4383.59
93451, 4355.9
93459, 4343.59
93467, 4351.28
93475, 4368.21
93483, 4387.69
93490, 4402.56
93498, 4401.54
93506, 4384.62
93514, 4361.03
93522, 4346.67
93530, 4351.79
93538, 4368.72
93545, 4388.72
93553, 4402.05
93561, 4398.46
93569, 4381.03
93577, 4360.51
93585, 4345.64
93592, 4345.13
93600, 4363.08
93608, 4389.23
93616, 4403.59
93623, 4399.49
93631, 4381.03
93645, 4356.41
93648, 4341.54
93655, 4349.23
93662, 4369.74
93670, 4387.18
93678, 4400.51
93686, 4401.54
93695, 4379.49
93702, 4351.79
93709, 4339.49
93717, 4345.13
93725, 4367.69
93733, 4393.33
93747, 4404.1
93749, 4400
93756, 4382.56
93764, 4356.92
93772, 4343.08
93780, 4351.79
93788, 4370.26
93795, 4387.18
93803, 4401.54
93811, 4400
93820, 4382.05
93827, 4362.56
93835, 4350.26
93849, 4352.82
93851, 4369.23
93858, 4390.26
93866, 4405.64
93874, 4401.03
93881, 4380
93889, 4359.49
93902, 4348.21
93907, 4350.77
93913, 4367.69
93921, 4390.26
93931, 4406.15
93937, 4401.54
93944, 4382.56
93952, 4358.97
93960, 4343.59
93974, 4348.21
93976, 4367.69
93983, 4393.85
93995, 4408.21
94000, 4400.51
94007, 4381.03
94015, 4356.41
94022, 4343.08
94030, 4351.28
94039, 4370.77
94046, 4390.77
94054, 4405.13
94061, 4404.1
94069, 4383.08
94077, 4356.41
94084, 4344.62
94093, 4349.23
94107, 4366.67
94108, 4391.28
94117, 4406.15
94124, 4399.49
94132, 4377.95
94140, 4354.87
94148, 4345.13
94156, 4352.31
94163, 4369.23
94170, 4389.23
94185, 4403.59
94187, 4401.54
94195, 4380
94205, 4357.95
94210, 4347.18
94218, 4348.21
94226, 4366.67
94234, 4387.18
94246, 4387.69
94249, 4377.44
94258, 4375.9
94266, 4382.05
94273, 4377.44
94281, 4372.82
94288, 4374.36
94301, 4374.36
94306, 4373.85
94312, 4373.85
94320, 4373.33
94328, 4374.87
94335, 4373.85
94350, 4370.77
94352, 4371.79
94359, 4376.41
94373, 4377.44
94374, 4373.85
94382, 4375.38
94390, 4376.92
94398, 4373.85
94412, 4374.36
94414, 4374.87
94421, 4374.87
94429, 4375.9
94436, 4376.41
94445, 4376.41
94453, 4374.36
94462, 4374.36
94468, 4377.95
94476, 4378.46
94484, 4376.41
94492, 4374.36
94500, 4374.87
94507, 4376.92
94515, 4374.87
94523, 4373.85
94531, 4372.82
94539, 4370.26
94547, 4372.31
94554, 4375.9
94561, 4374.87
94570, 4374.36
94578, 4375.9
94586, 4377.95
94593, 4376.41
94600, 4375.38
94609, 4375.9
94617, 4375.9
94625, 4375.9
94633, 4377.44
94640, 4377.44
94654, 4377.95
94656, 4378.46
94664, 4380
94672, 4381.03
94679, 4379.49
94687, 4378.97
94695, 4377.95
94703, 4378.46
94711, 4380
94719, 4380
94726, 4379.49
94734, 4377.44
94742, 4374.87
94750, 4372.31
94758, 4374.36
94766, 4377.95
94773, 4375.9
94781, 4374.36
94789, 4374.36
94797, 4374.87
94805, 4376.92
94812, 4377.95
94820, 4377.44
94829, 4377.44
94836, 4375.9
94844, 4374.36
94852, 4376.41
94860, 4377.44
94868, 4376.92
94875, 4375.38
94883, 4376.92
94891, 4381.03
94898, 4379.49
94906, 4374.36
94915, 4374.36
94928, 4377.95
94930, 4376.41
94938, 4372.82
94945, 4375.38
94953, 4374.87
94967, 4373.85
94975, 4376.41
94977, 4376.92
94984, 4375.38
94993, 4373.85
95000, 4374.36
95008, 4375.38
95016, 4376.41
95024, 4376.41
95031, 4375.38
95039, 4376.41
95047, 4377.44
95055, 4375.38
95063, 4375.38
95077, 4377.44
95078, 4376.92
95086, 4375.9
95093, 4375.38
95102, 4371.79
95110, 4371.79
95117, 4375.9
95125, 4377.95
95133, 4375.9, estimuli
95141, 4375.38
95149, 4377.95
95157, 4378.46
95165, 4378.46
95172, 4377.44
95181, 4376.92
95188, 4376.92
95195, 4374.87
95203, 4373.33
95211, 4372.82
95219, 4376.41
95227, 4378.46
95235, 4376.92
95243, 4387.69
95250, 4397.95
95258, 4383.08
95272, 4360
95274, 4349.23
95282, 4351.79
95289, 4368.21
95297, 4387.69
95305, 4401.03
95313, 4401.03
95321, 4382.05
95329, 4357.44
95336, 4346.15
95344, 4352.31
95352, 4364.62
95360, 4384.62
95368, 4403.08
95376, 4402.05
95383, 4385.64
95391, 4362.05
95398, 4346.15
95407, 4349.74
95415, 4368.21
95422, 4389.23
95437, 4408.21
95438, 4409.74
95446, 4389.74
95454, 4365.64
95462, 4353.33
95470, 4356.41
95477, 4370.77
95485, 4394.36
95493, 4409.23
95501, 4403.59
95508, 4385.64
95516, 4363.08
95524, 4348.72
95532, 4353.33
95540, 4370.26
95548, 4389.74
95555, 4403.08
95563, 4404.1
95571, 4389.74
95579, 4366.15
95587, 4350.77
95594, 4354.87
95602, 4373.85
95610, 4395.38
95618, 4407.69
95626, 4404.1
95634, 4388.21
95640, 4367.18
95648, 4350.26
95657, 4350.77
95665, 4369.74
95673, 4392.82
95681, 4407.18
95688, 4405.64
95696, 4387.18
95704, 4363.08
95712, 4346.15
95720, 4350.26
95727, 4371.28
95735, 4393.85
95743, 4407.18
95751, 4404.62
95759, 4385.64
95767, 4361.03
95773, 4346.67
95781, 4353.85
95790, 4371.79
95798, 4391.79
95806, 4406.15
95812, 4401.54
95821, 4382.05
95829, 4362.05
95837, 4348.72
95849, 4352.31
95854, 4370.77
95861, 4392.31
95869, 4405.64
95877, 4400.51
95885, 4380.51
95892, 4358.46
95900, 4348.72
95910, 4355.38
95915, 4369.23
95923, 4388.21
95931, 4404.1
95939, 4401.54
95946, 4383.08
95954, 4361.54
95962, 4347.18
95970, 4350.26
95978, 4372.82
95987, 4398.97
95994, 4407.69
96001, 4397.95
96009, 4383.59
96017, 4363.08
96025, 4344.1
96033, 4345.13
96040, 4367.69
96048, 4392.31
96056, 4404.1
96064, 4401.54
96072, 4382.56
96079, 4359.49
96087, 4347.69
96101, 4354.36
96103, 4375.38
96111, 4394.36
96119, 4400.51
96126, 4396.92
96135, 4383.59
96142, 4361.54
96150, 4346.67
96158, 4349.23
96185, 4368.72
96185, 4392.31
96185, 4403.08
96189, 4397.95
96203, 4381.54
96206, 4360.51
96212, 4346.15
96220, 4350.26
96228, 4371.79
96242, 4389.74
96243, 4388.21
96251, 4375.38
96259, 4372.82
96267, 4376.41
96275, 4374.87
96283, 4377.44
96291, 4378.97
96305, 4374.36
96305, 4374.87
96314, 4377.95
96322, 4374.36
96330, 4369.74
96338, 4374.36
96344, 4378.46
96353, 4373.33
96361, 4374.87
96369, 4376.41
96377, 4371.28
96385, 4375.9
96402, 4382.56
96403, 4376.41
96408, 4372.82
96415, 4376.41
96427, 4380
96432, 4381.54
96439, 4379.49
96448, 4378.46
96455, 4378.97
96463, 4380
96471, 4376.41
96478, 4370.77
96486, 4374.36
96500, 4380
96502, 4379.49
96510, 4378.97
96518, 4381.03
96525, 4378.46
96533, 4373.85
96541, 4375.38
96549, 4375.9
96557, 4375.38
96564, 4376.92
96572, 4374.87
96580, 4376.41
96588, 4381.03
96600, 4376.41
96616, 4373.33
96618, 4378.46
96619, 4380
96627, 4375.9
96635, 4373.85
96643, 4378.97
96651, 4382.56
96658, 4377.44
96666, 4374.36
96674, 4375.9
96682, 4376.92
96690, 4374.87
96704, 4373.85
96704, 4376.92
96714, 4380.51
96721, 4381.54
96729, 4379.49
96737, 4376.41
96744, 4375.38
96753, 4375.38
96760, 4374.87
96768, 4375.9
96776, 4377.95
96784, 4377.95
96791, 4374.36
96799, 4373.85
96807, 4377.44
96815, 4374.87
96823, 4374.36
96830, 4380.51
96837, 4380.51
96846, 4376.92
96854, 4375.9
96866, 4375.9
96870, 4374.36
96877, 4374.87
96886, 4375.9
96896, 4376.41
96900, 4377.44
96909, 4377.95
96917, 4378.97
96924, 4381.03
96933, 4376.92
96940, 4371.28
96948, 4375.38
96956, 4379.49
96963, 4377.95
96971, 4375.38
96979, 4374.87
96987, 4376.92
96995, 4376.41
97003, 4377.44
97011, 4378.46
97021, 4375.9
97026, 4372.31
97034, 4372.31
97043, 4375.9
97050, 4376.41
97058, 4372.82
97065, 4372.31
97073, 4374.87
97081, 4374.87
97089, 4372.82
97097, 4373.33
97104, 4377.95
97112, 4377.44
97126, 4376.41
97128, 4378.97
97136, 4374.87, estimuli
97148, 4372.82
97150, 4376.41
97159, 4374.36
97167, 4372.82
97174, 4374.36
97182, 4373.85
97190, 4372.82
97198, 4374.36
97206, 4374.87
97214, 4371.79
97223, 4376.41
97229, 4379.49
97237, 4374.87
97245, 4383.59
97253, 4396.41
97261, 4385.13
97270, 4361.54
97276, 4350.26
97284, 4354.36
97294, 4369.74
97300, 4389.74
97308, 4404.62
97316, 4405.13
97324, 4390.77
97330, 4366.15
97339, 4347.18
97347, 4351.28
97356, 4369.74
97362, 4389.23
97370, 4403.08
97378, 4403.59
97386, 4389.74
97393, 4364.1
97402, 4347.18
97409, 4354.36
97417, 4371.28
97431, 4388.72
97432, 4405.13
97440, 4406.15
97448, 4388.21
97456, 4363.08
97464, 4348.72
97471, 4352.82
97480, 4371.79
97488, 4390.26
97495, 4403.59
97503, 4405.64
97511, 4387.69
97525, 4364.62
97533, 4352.31
97535, 4352.82
97542, 4367.18
97550, 4389.23
97558, 4406.15
97566, 4403.59
97574, 4381.54
97580, 4360
97589, 4350.77
97597, 4351.28
97605, 4366.67
97613, 4389.23
97627, 4404.1
97633, 4402.56
97637, 4382.56
97644, 4360.51
97652, 4348.72
97660, 4349.74
97667, 4366.15
97675, 4389.74
97682, 4405.64
97692, 4401.54
97699, 4382.56
97707, 4361.54
97714, 4347.69
97723, 4352.31
97730, 4371.79
97738, 4390.26
97746, 4401.03
97753, 4401.03
97761, 4386.67
97769, 4362.56
97777, 4346.15
97786, 4350.26
97793, 4366.15
97800, 4386.67
97808, 4403.59
97816, 4402.05
97824, 4386.67
97832, 4362.56
97840, 4343.08
97847, 4346.15
97855, 4367.69
97863, 4389.74
97871, 4402.05
97880, 4398.97
97888, 4380.51
97894, 4357.95
97902, 4345.13
97910, 4350.77
97918, 4368.21
97932, 4390.26
97934, 4406.15
97941, 4404.1
97949, 4383.08
97958, 4358.97
97965, 4346.67
97972, 4348.72
97980, 4367.18
97993, 4390.26
97996, 4403.59
98004, 4399.49
98012, 4380
98020, 4357.95
98027, 4347.18
98036, 4351.79
98044, 4368.72
98052, 4390.26
98059, 4404.1
98066, 4400.51
98075, 4381.03
98083, 4359.49
98093, 4349.23
98098, 4351.79
98106, 4369.23
98113, 4392.82
98121, 4406.67
98129, 4401.03
98137, 4383.08
98145, 4366.15
98152, 4350.26
98160, 4349.23
98168, 4369.74
98176, 4392.31
98184, 4404.1
98196, 4399.49
98199, 4381.03
98207, 4362.05
98215, 4351.28
98223, 4353.33
98231, 4371.79
98239, 4393.33
98253, 4396.41
98256, 4383.08
98262, 4376.92
98271, 4380.51
98278, 4379.49
98287, 4377.44
98293, 4376.41
98301, 4377.44
98308, 4375.9
98317, 4374.36
98325, 4378.97
98332, 4378.97
98341, 4375.9
98348, 4376.41
98356, 4374.87
98364, 4375.38
98372, 4380.51
98379, 4381.54
98387, 4375.9
98395, 4374.87
98402, 4377.95
98410, 4376.41
98418, 4373.33
98426, 4374.36
98434, 4375.38
98442, 4375.9
98450, 4376.92
98458, 4376.92
98465, 4374.36
98473, 4370.77
98481, 4374.87
98489, 4380
98497, 4372.82
98505, 4371.79
98512, 4381.03
98520, 4380.51
98528, 4372.82
98536, 4373.85
98544, 4381.54
98553, 4381.03
98559, 4373.33
98567, 4374.36
98574, 4380.51
98583, 4379.49
98591, 4375.38
98598, 4374.36
98606, 4375.38
98614, 4376.92
98622, 4375.9
98630, 4374.87
98637, 4378.46
98645, 4380.51
98658, 4378.46
98661, 4378.97
98669, 4378.97
98678, 4376.92
98686, 4378.46
98692, 4376.92
98701, 4375.38
98709, 4377.95
98716, 4378.46
98723, 4378.46
98731, 4378.97
98744, 4377.95
98749, 4379.49
98758, 4380.51
98763, 4378.46
98771, 4375.38
98779, 4374.36
98789, 4374.36
98794, 4375.38
98802, 4379.49
98816, 4378.46
98817, 4373.85
98825, 4375.38
98833, 4377.95
98841, 4377.95
98850, 4377.44
98859, 4376.41
98865, 4378.97
98872, 4376.92
98880, 4370.77
98888, 4372.31
98896, 4378.97
98904, 4380
98911, 4374.36
98919, 4371.79
98927, 4376.92
98935, 4377.95
98943, 4377.44
98951, 4380
98963, 4380
98967, 4378.46
98974, 4378.97
98983, 4377.95
98990, 4376.92
98997, 4377.95
99005, 4379.49
99016, 4378.97
99021, 4378.46
99029, 4381.54
99036, 4382.05
99044, 4379.49
99052, 4377.44
99060, 4378.97
99068, 4380.51
99076, 4377.95
99083, 4375.9
99091, 4378.46
99099, 4381.54
99107, 4381.54
99121, 4377.95
99122, 4378.46
99130, 4379.49
99138, 4377.44, estimuli
99145, 4379.49
99154, 4382.56
99162, 4380
99169, 4376.92
99177, 4377.95
99185, 4383.08
99193, 4382.56
99201, 4378.97
99208, 4377.44
99216, 4375.9
99224, 4378.97
99232, 4382.05
99239, 4379.49
99248, 4383.59
99255, 4394.87
99263, 4388.21
99272, 4360.51
99279, 4342.56
99287, 4349.74
99294, 4368.72
99302, 4390.77
99310, 4406.67
99324, 4403.08
99326, 4387.18
99334, 4366.67
99341, 4348.72
99348, 4349.23
99358, 4368.21
99364, 4389.74
99373, 4401.54
99381, 4403.08
99388, 4390.26
99396, 4366.15
99404, 4346.67
99412, 4346.15
99420, 4366.15
99427, 4388.72
99435, 4401.03
99444, 4402.56
99451, 4388.72
99459, 4362.05
99467, 4344.62
99474, 4351.79
99482, 4371.79
99490, 4390.26
99498, 4403.59
99506, 4403.59
99514, 4385.64
99521, 4362.56
99528, 4347.18
99537, 4348.21
99545, 4365.13
99553, 4387.18
99560, 4403.08
99569, 4402.05
99576, 4383.59
99584, 4361.03
99592, 4345.13
99599, 4346.15
99607, 4365.13
99615, 4388.21
99623, 4404.62
99632, 4404.1
99639, 4386.67
99646, 4366.67
99654, 4349.23
99662, 4347.69
99670, 4368.21
99678, 4391.79
99685, 4403.59
99693, 4399.49
99701, 4384.62
99709, 4362.05
99717, 4343.08
99725, 4345.64
99732, 4365.13
99740, 4389.23
99747, 4406.67
99756, 4405.64
99764, 4387.69
99780, 4363.08
99784, 4345.13
99789, 4347.69
99798, 4365.13
99803, 4386.15
99811, 4403.08
99818, 4403.08
99827, 4386.67
99841, 4363.08
99842, 4344.62
99850, 4347.69
99858, 4371.79
99865, 4396.92
99880, 4405.64
99883, 4403.59
99889, 4390.26
99897, 4362.56
99905, 4343.08
99912, 4348.72
99920, 4368.72
99928, 4389.74
99936, 4404.62
99944, 4404.62
99951, 4386.15
99959, 4365.64
99967, 4353.85
99979, 4351.28
99986, 4366.15
99991, 4391.28
99999, 4404.62
100006, 4400
100015, 4381.54
100022, 4360
100030, 4348.72
100036, 4352.31
100045, 4367.18
100060, 4387.69
100062, 4404.62
100069, 4401.03
100077, 4384.1
100084, 4365.64
100092, 4349.23
100100, 4351.28
100108, 4373.33
100120, 4391.79
100123, 4401.03
100131, 4402.56
100140, 4386.15
100147, 4359.49
100155, 4347.69
100163, 4356.41
100171, 4373.85
100178, 4391.79
100186, 4405.13
100194, 4402.05
100202, 4385.13
100209, 4363.08
100217, 4346.15
100225, 4345.64
100233, 4364.1
100241, 4388.72
100249, 4394.87
100256, 4382.05
100264, 4375.9
100272, 4378.97
100280, 4379.49
100288, 4375.38
100296, 4373.85
100303, 4375.9
100311, 4376.41
100319, 4374.36
100327, 4373.85
100335, 4375.9
100343, 4376.92
100350, 4374.36
100358, 4373.33
100366, 4378.46
100374, 4381.03
100382, 4376.92
100389, 4378.97
100397, 4380
100405, 4374.36
100412, 4371.79
100421, 4376.41
100428, 4376.92
100441, 4373.85
100443, 4375.9
100455, 4375.9
100460, 4374.36
100468, 4374.36
100475, 4374.87
100483, 4373.85
100491, 4373.33
100499, 4375.9
100507, 4376.92
100515, 4376.41
100523, 4377.44
100529, 4375.9
100538, 4374.36
100549, 4378.97
100554, 4377.95
100561, 4373.85
100569, 4378.97
100577, 4382.56
100585, 4377.95
100593, 4374.36
100601, 4373.33
100608, 4374.36
100616, 4375.38
100624, 4375.9
100632, 4374.87
100640, 4373.85
100650, 4373.85
100656, 4373.33
100664, 4374.36
100671, 4373.33
100679, 4370.26
100687, 4372.31
100694, 4373.33
100703, 4372.31
100710, 4371.79
100724, 4374.36
100728, 4375.9
100734, 4374.87
100748, 4376.41
100750, 4374.87
100757, 4372.82
100771, 4375.9
100773, 4376.41
100780, 4375.38
100793, 4377.95
100797, 4374.36
100804, 4369.74
100812, 4370.26
100820, 4372.31
100828, 4374.87
100835, 4376.41
100843, 4376.92
100851, 4376.92
100859, 4375.38
100867, 4373.85
100875, 4370.77
100882, 4370.77
100890, 4371.79
100906, 4373.85
100908, 4378.46
100914, 4376.41
100921, 4375.38
100929, 4380.51
100938, 4380
100944, 4374.36
100954, 4373.33
100961, 4375.9
100968, 4379.49
100976, 4381.54
100990, 4383.59
100992, 4383.59
101001, 4379.49
101007, 4375.9
101016, 4376.92
101024, 4378.97
101031, 4376.92
101039, 4378.97
101047, 4381.54
101054, 4376.41
101062, 4372.31
101070, 4374.36
101078, 4376.92
101086, 4376.92
101094, 4374.36
101102, 4373.33
101110, 4378.46
101117, 4380
101125, 4377.95
101133, 4378.46
101141, 4381.03, estimuli
101148, 4384.1
101156, 4383.08
101164, 4381.54
101172, 4378.46
101180, 4379.49
101188, 4381.54
101195, 4377.44
101204, 4372.82
101212, 4370.26
101219, 4373.33
101227, 4378.46
101236, 4373.85
101242, 4374.87
101250, 4392.31
101258, 4397.95
101266, 4376.41
101274, 4351.28
101282, 4346.15
101289, 4358.46
101296, 4376.92
101306, 4397.44
101313, 4406.15
101321, 4397.95
101328, 4377.44
101337, 4354.87
101344, 4349.74
101352, 4359.49
101360, 4374.36
101368, 4395.9
101382, 4406.67
101384, 4398.46
101391, 4377.95
101399, 4355.38
101407, 4343.08
101419, 4351.79
101421, 4377.95
101429, 4400
101438, 4405.64
101446, 4393.85
101454, 4371.79
101460, 4353.33
101475, 4348.72
101477, 4355.9
101485, 4375.9
101493, 4397.44
101501, 4406.15
101508, 4397.44
101516, 4373.85
101524, 4352.31
101532, 4346.67
101539, 4357.95
101548, 4378.46
101555, 4396.92
101563, 4405.13
101571, 4394.87
101579, 4374.87
101587, 4357.44
101595, 4348.72
101602, 4357.95
101610, 4376.41
101618, 4393.33
101626, 4403.08
101634, 4394.87
101641, 4375.9
101649, 4357.44
101657, 4348.72
101665, 4358.46
101673, 4380.51
101681, 4398.97
101688, 4405.64
101696, 4395.9
101704, 4375.38
101712, 4352.82
101720, 4346.67
101727, 4358.46
101735, 4377.44
101744, 4398.97
101751, 4409.23
101759, 4396.41
101767, 4372.82
101781, 4352.82
101782, 4346.15
101790, 4357.44
101798, 4380
101806, 4399.49
101814, 4405.13
101822, 4393.85
101829, 4372.31
101837, 4351.79
101845, 4347.18
101853, 4360
101860, 4378.46
101868, 4396.92
101882, 4405.64
101890, 4397.44
101892, 4375.38
101900, 4353.85
101907, 4346.15
101915, 4356.92
101923, 4379.49
101931, 4398.97
101939, 4408.21
101947, 4397.95
101955, 4370.77
101962, 4351.28
101971, 4349.23
101978, 4360
101992, 4380
101992, 4399.49
102001, 4407.18
102009, 4397.95
102018, 4376.41
102025, 4356.41
102033, 4347.69
102041, 4358.46
102049, 4380.51
102057, 4395.9
102064, 4400.51
102072, 4392.31
102080, 4373.85
102087, 4353.85
102096, 4345.13
102103, 4355.9
102111, 4378.97
102119, 4401.03
102126, 4409.74
102135, 4396.41
102145, 4370.26
102150, 4349.74
102158, 4346.15
102166, 4361.54
102173, 4381.54
102181, 4397.95
102189, 4406.15
102197, 4396.41
102205, 4374.87
102213, 4353.33
102220, 4346.15
102229, 4355.9
102238, 4377.44
102244, 4394.36
102252, 4387.69
102259, 4375.9
102267, 4376.92
102275, 4377.95
102283, 4371.79
102291, 4370.26
102299, 4376.41
102306, 4378.46
102314, 4373.33
102322, 4372.31
102331, 4375.9
102340, 4371.79
102346, 4371.28
102354, 4377.95
102361, 4378.97
102369, 4378.46
102377, 4378.46
102385, 4377.44
102394, 4375.9
102400, 4378.97
102408, 4377.95
102417, 4372.82
102424, 4372.82
102432, 4373.33
102446, 4373.85
102447, 4375.9
102455, 4375.9
102463, 4377.44
102471, 4376.92
102479, 4371.28
102486, 4369.23
102494, 4372.82
102502, 4373.85
102510, 4371.28
102518, 4374.36
102525, 4378.46
102533, 4375.9
102547, 4373.85
102550, 4374.36
102557, 4375.38
102565, 4376.92
102572, 4375.38
102580, 4373.85
102589, 4374.87
102596, 4377.44
102604, 4378.97
102611, 4377.95
102619, 4378.46
102627, 4376.92
102635, 4372.31
102650, 4376.92
102651, 4384.62
102658, 4379.49
102666, 4374.87
102674, 4378.97
102682, 4381.03
102690, 4378.46
102698, 4376.41
102705, 4376.92
102713, 4375.9
102721, 4375.38
102729, 4374.87
102737, 4375.38
102744, 4376.41
102752, 4374.87
102760, 4375.9
102768, 4378.97
102776, 4376.92
102784, 4376.92
102791, 4376.41
102799, 4372.31
102807, 4371.28
102815, 4372.31
102823, 4372.31
102830, 4370.77
102838, 4372.31
102846, 4374.87
102853, 4373.85
102861, 4374.87
102869, 4376.41
102876, 4372.82
102885, 4371.28
102893, 4372.82
102907, 4371.79
102909, 4371.28
102916, 4373.33
102924, 4373.85
102932, 4372.31
102940, 4373.85
102948, 4374.87
102956, 4372.82
102963, 4373.85
102971, 4374.36
102979, 4372.31
102987, 4373.85
102995, 4373.85
103003, 4369.23
103011, 4371.79
103018, 4378.97
103026, 4377.44
103034, 4372.31
103042, 4373.33
103049, 4373.33
103057, 4370.26
103064, 4371.79
103073, 4371.28
103081, 4368.72
103089, 4371.79
103096, 4374.36
103104, 4372.82
103113, 4373.33
103120, 4374.36
103128, 4371.79
103135, 4373.33
103143, 4378.46, estimuli
103151, 4376.41
103159, 4373.85
103167, 4373.85
103175, 4371.79
103182, 4372.82
103190, 4373.85
103198, 4372.31
103213, 4372.82
103214, 4373.85
103221, 4375.38
103229, 4376.92
103237, 4372.31
103245, 4372.82
103260, 4386.15
103261, 4392.82
103268, 4374.87
103276, 4348.72
103285, 4343.08
103292, 4357.44
103299, 4376.41
103308, 4395.38
103315, 4404.1
103323, 4395.9
103331, 4374.87
103339, 4355.38
103347, 4346.67
103363, 4352.31
103366, 4371.79
103379, 4395.38
103381, 4407.18
103386, 4398.46
103394, 4372.31
103401, 4349.74
103409, 4344.62
103417, 4356.92
103424, 4381.03
103433, 4400
103441, 4405.64
103448, 4397.44
103465, 4374.87
103466, 4352.82
103473, 4346.67
103481, 4357.95
103487, 4376.92
103496, 4394.87
103505, 4405.64
103512, 4394.87
103519, 4370.26
103528, 4351.28
103534, 4346.67
103551, 4354.87
103553, 4371.79
103559, 4392.82
103567, 4404.1
103574, 4393.33
103581, 4370.77
103589, 4352.82
103597, 4346.67
103605, 4353.85
103613, 4370.26
103620, 4396.41
103628, 4412.82
103636, 4396.92
103644, 4371.28
103652, 4353.85
103660, 4344.62
103674, 4351.28
103676, 4372.82
103683, 4394.36
103691, 4404.62
103699, 4399.49
103706, 4375.38
103714, 4349.74
103722, 4346.15
103730, 4360
103738, 4373.33
103746, 4390.26
103753, 4407.18
103761, 4398.97
103775, 4368.21
103777, 4347.18
103785, 4345.64
103792, 4353.85
103800, 4373.33
103808, 4395.9
103816, 4402.05
103824, 4392.31
103832, 4375.38
103839, 4354.36
103847, 4343.59
103856, 4354.36
103863, 4377.95
103875, 4398.97
103881, 4406.67
103895, 4393.33
103897, 4370.77
103901, 4354.36
103910, 4346.67
103918, 4354.87
103925, 4377.44
103933, 4394.87
103941, 4402.05
103949, 4396.92
103957, 4372.31
103965, 4350.26
103972, 4345.64
103980, 4355.9
103988, 4373.85
103996, 4394.36
104004, 4404.62
104012, 4395.38
104019, 4373.85
104027, 4354.36
104035, 4348.21
104044, 4357.95
104051, 4376.92
104058, 4395.9
104066, 4402.05
104074, 4391.79
104082, 4370.77
104090, 4351.79
104098, 4348.21
104105, 4358.97
104114, 4374.36
104122, 4395.38
104136, 4407.18
104136, 4393.85
104145, 4372.82
104152, 4354.87
104160, 4348.21
104168, 4361.54
104176, 4382.56
104184, 4402.05
104191, 4410.26
104199, 4401.03
104207, 4381.03
104215, 4361.54
104223, 4352.31
104232, 4361.03
104238, 4385.64
104246, 4400
104254, 4388.72
104261, 4376.92
104270, 4380
104278, 4382.56
104285, 4379.49
104294, 4378.46
104301, 4377.95
104309, 4376.92
104317, 4375.9
104324, 4376.41
104339, 4375.9
104340, 4376.41
104348, 4377.44
104356, 4377.44
104363, 4375.9
104371, 4372.31
104379, 4373.85
104387, 4377.95
104396, 4375.38
104403, 4374.87
104411, 4380
104418, 4381.03
104426, 4377.95
104440, 4376.92
104441, 4378.46
104450, 4379.49
104457, 4377.44
104465, 4375.38
104473, 4375.9
104481, 4377.44
104489, 4377.95
104496, 4374.36
104504, 4376.41
104512, 4381.03
104520, 4379.49
104528, 4374.87
104536, 4375.38
104543, 4378.46
104551, 4375.9
104559, 4374.36
104567, 4376.41
104575, 4376.41
104583, 4376.41
104591, 4374.87
104598, 4375.9
104606, 4375.9
104614, 4374.36
104623, 4375.9
104629, 4376.92
104637, 4374.87
104645, 4381.54
104653, 4383.08
104661, 4375.38
104669, 4375.38
104676, 4379.49
104684, 4377.95
104692, 4374.36
104700, 4373.85
104708, 4375.9
104715, 4377.44
104723, 4375.38
104731, 4372.82
104739, 4376.41
104748, 4378.97
104755, 4376.41
104763, 4377.44
104770, 4379.49
104778, 4379.49
104798, 4376.92
104800, 4374.87
104802, 4376.41
104810, 4377.44
104817, 4375.9
104825, 4378.46
104833, 4380
104841, 4377.95
104848, 4378.97
104856, 4378.46
104863, 4373.33
104872, 4374.36
104879, 4380.51
104887, 4378.46
104901, 4372.82
104903, 4376.41
104911, 4377.95
104919, 4373.85
104927, 4376.41
104934, 4380
104942, 4380.51
104950, 4381.54
104958, 4380
104966, 4377.44
104974, 4376.41
104980, 4379.49
104989, 4381.03
105003, 4378.97
105005, 4376.41
105013, 4374.87
105020, 4376.92
105028, 4380.51
105036, 4380
105044, 4379.49
105052, 4381.03
105060, 4381.54
105067, 4379.49
105075, 4378.97
105083, 4376.92
105091, 4372.31
105099, 4373.85
105107, 4380.51
105114, 4380.51
105122, 4377.95
105131, 4378.97
105138, 4380
105146, 4377.44, estimuli
105153, 4374.87
105161, 4377.44
105169, 4377.44
105177, 4374.36
105185, 4378.46
105193, 4382.05
105200, 4378.46
105208, 4372.82
105216, 4373.33
105224, 4378.46
105231, 4377.44
105239, 4373.85
105247, 4381.03
105254, 4393.33
105262, 4394.36
105271, 4378.46
105279, 4355.38
105286, 4345.13
105294, 4357.44
105302, 4378.46
105310, 4395.38
105318, 4404.1
105325, 4400.51
105333, 4378.97
105341, 4353.85
105350, 4346.15
105358, 4354.87
105365, 4370.77
105372, 4389.74
105380, 4404.62
105389, 4398.46
105399, 4373.33
105404, 4353.85
105413, 4346.15
105420, 4353.85
105427, 4374.36
105438, 4394.36
105444, 4404.1
105451, 4396.41
105460, 4375.9
105466, 4355.38
105474, 4347.18
105482, 4355.9
105489, 4375.38
105498, 4394.87
105512, 4404.62
105513, 4396.92
105521, 4376.92
105530, 4358.97
105537, 4349.74
105545, 4357.95
105552, 4378.97
105566, 4400
105568, 4407.18
105575, 4396.92
105584, 4376.92
105596, 4355.38
105599, 4348.21
105616, 4358.97
105618, 4375.9
105623, 4395.9
105631, 4405.64
105638, 4396.92
105646, 4375.9
105654, 4353.33
105662, 4345.13
105671, 4358.46
105678, 4378.46
105685, 4396.41
105693, 4404.62
105735, 4395.9
105741, 4376.41
105741, 4355.9
105741, 4345.64
105741, 4352.82
105741, 4373.85
105748, 4395.9
105756, 4406.67
105763, 4397.95
105771, 4373.33
105779, 4353.33
105787, 4348.72
105795, 4358.46
105803, 4377.95
105819, 4398.46
105820, 4407.18
105826, 4398.97
105834, 4378.46
105842, 4356.92
105850, 4348.21
105864, 4357.95
105867, 4377.95
105874, 4396.41
105881, 4408.72
105897, 4401.54
105898, 4374.87
105904, 4356.41
105912, 4351.79
105920, 4357.95
105934, 4373.85
105936, 4394.36
105943, 4405.64
105951, 4393.85
105959, 4372.82
105967, 4355.9
105975, 4349.23
105983, 4360
105990, 4377.95
105998, 4395.9
106006, 4408.21
106014, 4398.97
106028, 4374.87
106030, 4354.87
106037, 4348.72
106045, 4359.49
106053, 4378.46
106061, 4396.92
106069, 4406.15
106076, 4398.97
106084, 4377.95
106092, 4355.38
106100, 4349.23
106108, 4361.54
106116, 4381.54
106130, 4402.05
106130, 4408.72
106139, 4396.92
106147, 4377.95
106155, 4357.44
106162, 4348.21
106169, 4360
106178, 4381.03
106186, 4401.03
106194, 4408.72
106202, 4397.44
106209, 4376.41
106217, 4356.92
106231, 4347.18
106232, 4354.87
106241, 4378.97
106248, 4393.85
106256, 4388.72
106264, 4379.49
106272, 4374.87
106280, 4376.92
106288, 4380.51
106295, 4381.03
106303, 4375.9
106311, 4372.82
106319, 4376.92
106333, 4375.9
106335, 4374.87
106342, 4379.49
106350, 4377.95
106358, 4374.87
106370, 4376.41
106374, 4377.44
106381, 4376.41
106389, 4375.9
106398, 4377.44
106405, 4380
106413, 4376.92
106421, 4370.77
106429, 4371.79
106436, 4376.92
106448, 4377.95
106452, 4376.92
106459, 4378.46
106468, 4382.05
106475, 4377.95
106484, 4374.87
106490, 4380.51
106499, 4382.56
106507, 4374.87
106515, 4371.79
106522, 4378.46
106530, 4378.46
106538, 4374.36
106545, 4375.9
106554, 4376.41
106561, 4375.9
106569, 4374.87
106577, 4372.31
106586, 4374.36
106600, 4376.41
106616, 4374.36
106618, 4374.87
106624, 4373.85
106626, 4369.74
106632, 4370.26
106646, 4372.82
106647, 4373.33
106655, 4373.85
106663, 4375.9
106671, 4373.33
106679, 4369.23
106687, 4371.28
106695, 4376.92
106703, 4381.03
106717, 4374.87
106719, 4367.18
106726, 4369.74
106734, 4374.36
106741, 4374.87
106750, 4371.79
106757, 4372.31
106764, 4378.46
106776, 4379.49
106781, 4374.87
106795, 4372.31
106796, 4371.79
106805, 4372.31
106812, 4371.79
106820, 4371.28
106827, 4370.77
106835, 4370.26
106843, 4370.77
106851, 4368.72
106859, 4368.21
106867, 4370.77
106874, 4370.26
106882, 4369.23
106895, 4369.74
106899, 4372.31
106906, 4374.87
106913, 4371.28
106928, 4369.23
106935, 4371.28
106937, 4372.82
106944, 4372.82
106953, 4371.28
106969, 4370.26
106971, 4368.72
106976, 4367.69
106984, 4372.31
106997, 4373.33
106999, 4369.74
107007, 4370.26
107015, 4371.79
107023, 4370.77
107031, 4367.69
107039, 4368.72
107047, 4371.79
107054, 4370.26
107062, 4370.77
107070, 4371.79
107078, 4369.23
107086, 4367.69
107094, 4369.74
107101, 4371.79
107109, 4370.77
107117, 4368.72
107125, 4367.69
107133, 4366.67
107140, 4368.21
107148, 4370.26, estimuli
107156, 4369.74
107164, 4368.21
107172, 4365.64
107179, 4366.67
107187, 4370.26
107195, 4370.77
107203, 4368.21
107211, 4367.18
107219, 4369.74
107226, 4371.79
107234, 4369.74
107242, 4369.74
107250, 4368.72
107258, 4373.33
107265, 4386.15
107273, 4388.72
107281, 4370.77
107289, 4348.72
107297, 4341.54
107305, 4351.79
107312, 4369.74
107320, 4388.21
107328, 4397.44
107336, 4389.23
107345, 4369.74
107358, 4349.74
107358, 4341.54
107367, 4351.28
107375, 4370.26
107383, 4389.74
107391, 4398.46
107398, 4390.26
107406, 4367.69
107415, 4345.64
107423, 4341.54
107430, 4350.26
107438, 4365.13
107445, 4386.67
107460, 4399.49
107461, 4391.79
107469, 4370.77
107477, 4351.79
107486, 4344.1
107492, 4352.82
107500, 4373.33
107508, 4395.38
107516, 4403.08
107524, 4389.23
107531, 4365.64
107539, 4348.72
107547, 4342.56
107561, 4348.72
107563, 4370.77
107571, 4393.85
107578, 4403.08
107586, 4395.9
107594, 4371.28
107602, 4348.72
107610, 4344.1
107631, 4353.33
107633, 4369.23
107634, 4387.18
107641, 4402.56
107649, 4395.9
107663, 4368.21
107663, 4345.64
107672, 4342.56
107680, 4354.36
107688, 4373.33
107696, 4392.31
107704, 4401.03
107713, 4393.33
107719, 4371.28
107727, 4347.69
107736, 4342.05
107744, 4353.85
107751, 4371.28
107765, 4391.28
107765, 4402.56
107774, 4390.77
107782, 4367.69
107790, 4350.26
107797, 4345.13
107805, 4352.82
107813, 4372.31
107821, 4394.36
107829, 4401.03
107836, 4390.26
107844, 4372.31
107852, 4349.74
107866, 4338.97
107868, 4351.28
107876, 4371.28
107882, 4389.23
107891, 4400.51
107899, 4393.33
107907, 4369.23
107921, 4348.72
107923, 4346.15
107930, 4351.79
107938, 4367.18
107946, 4394.36
107954, 4405.13
107962, 4390.26
107970, 4368.72
107977, 4350.77
107984, 4342.56
107993, 4350.77
108001, 4372.82
108009, 4395.38
108021, 4402.56
108024, 4389.23
108032, 4366.15
108041, 4350.77
108048, 4348.21
108056, 4355.9
108063, 4373.33
108071, 4395.9
108079, 4407.18
108087, 4393.85
108095, 4368.21
108103, 4350.26
108110, 4344.62
108124, 4355.9
108126, 4375.9
108134, 4391.28
108142, 4400.51
108149, 4394.87
108157, 4370.77
108165, 4349.23
108173, 4345.13
108181, 4357.44
108188, 4375.38
108196, 4393.85
108204, 4403.08
108212, 4391.79
108226, 4369.23
108228, 4352.82
108235, 4347.69
108243, 4357.44
108251, 4375.9
108259, 4387.18
108267, 4383.59
108275, 4373.33
108282, 4371.79
108290, 4372.82
108298, 4371.79
108306, 4373.33
108314, 4374.36
108321, 4373.85
108328, 4372.82
108337, 4372.82
108345, 4372.82
108353, 4374.36
108361, 4375.38
108369, 4372.31
108376, 4372.82
108384, 4377.95
108392, 4375.9
108400, 4370.26
108407, 4371.79
108415, 4375.38
108423, 4377.95
108431, 4381.03
108439, 4381.54
108447, 4376.92
108454, 4375.9
108462, 4379.49
108470, 4378.46
108478, 4377.44
108486, 4377.95
108494, 4375.9
108501, 4376.92
108510, 4377.44
108517, 4374.36
108525, 4378.97
108533, 4383.59
108540, 4376.92
108548, 4371.28
108556, 4374.87
108564, 4380
108572, 4378.46
108587, 4374.87
108587, 4372.31
108595, 4372.82
108603, 4376.92
108611, 4379.49
108619, 4375.9
108626, 4370.26
108634, 4371.28
108642, 4377.44
108650, 4375.9
108658, 4372.31
108666, 4375.38
108673, 4376.92
108687, 4372.82
108690, 4372.31
108697, 4377.44
108705, 4380.51
108712, 4374.36
108720, 4372.82
108728, 4381.54
108736, 4382.05
108745, 4371.79
108752, 4370.77
108759, 4376.92
108767, 4375.9
108775, 4372.82
108789, 4373.33
108791, 4373.85
108799, 4377.44
108807, 4376.92
108814, 4372.82
108822, 4374.36
108830, 4374.36
108838, 4372.31
108845, 4375.9
108853, 4374.87
108861, 4373.85
108869, 4377.44
108877, 4375.9
108889, 4372.82
108892, 4375.38
108905, 4375.9
108908, 4373.85
108916, 4375.38
108924, 4376.41
108931, 4373.85
108940, 4376.41
108947, 4377.95
108955, 4373.33
108963, 4371.79
108971, 4372.82
108978, 4372.31
108992, 4373.33
108995, 4376.41
109001, 4377.44
109010, 4374.36
109017, 4372.31
109026, 4375.38
109033, 4373.85
109045, 4370.77
109050, 4371.28
109057, 4370.26
109064, 4370.77
109072, 4374.87
109080, 4375.9
109088, 4372.31
109097, 4371.79
109104, 4376.92
109112, 4375.9
109119, 4371.28
109127, 4370.77
109135, 4374.36
109149, 4378.97
109151, 4377.95, estimuli
109160, 4372.31
109166, 4370.26
109183, 4372.82
109184, 4376.41
109191, 4374.87
109198, 4370.77
109205, 4371.79
109213, 4372.31
109221, 4373.85
109229, 4373.33
109237, 4371.79
109251, 4376.92
109253, 4374.87
109260, 4371.79
109268, 4384.62
109276, 4395.9
109284, 4387.18
109292, 4364.62
109300, 4348.21
109307, 4348.21
109315, 4361.54
109323, 4386.15
109331, 4404.62
109338, 4405.64
109346, 4389.23
109354, 4362.56
109362, 4344.1
109370, 4347.18
109378, 4366.67
109386, 4389.23
109393, 4404.62
109402, 4404.62
109409, 4385.64
109417, 4362.05
109424, 4349.23
109432, 4350.26
109440, 4365.13
109448, 4388.72
109456, 4403.59
109464, 4403.59
109471, 4386.15
109479, 4361.54
109487, 4347.18
109495, 4350.77
109503, 4365.13
109511, 4382.56
109518, 4400.51
109525, 4403.08
109534, 4386.15
109542, 4365.13
109551, 4349.23
109557, 4348.72
109565, 4366.67
109573, 4387.69
109581, 4401.03
109589, 4399.49
109597, 4382.05
109604, 4358.97
109612, 4346.67
109620, 4350.77
109628, 4363.59
109636, 4381.03
109643, 4401.03
109651, 4404.62
109659, 4387.18
109667, 4361.54
109676, 4343.59
109683, 4346.67
109690, 4365.13
109698, 4385.64
109707, 4400.51
109714, 4400
109722, 4382.05
109729, 4358.97
109738, 4344.1
109745, 4349.74
109753, 4368.72
109761, 4387.69
109769, 4401.03
109776, 4401.54
109785, 4385.13
109792, 4361.03
109800, 4346.67
109814, 4349.74
109816, 4364.62
109823, 4383.59
109831, 4399.49
109839, 4403.08
109847, 4385.13
109856, 4358.46
109862, 4346.67
109870, 4349.74
109878, 4361.54
109886, 4382.05
109894, 4400.51
109902, 4401.03
109916, 4382.05
109918, 4359.49
109925, 4346.67
109933, 4346.67
109941, 4363.08
109948, 4387.18
109956, 4404.62
109964, 4403.08
109972, 4381.54
109980, 4354.36
109988, 4343.59
109995, 4352.31
110003, 4368.72
110016, 4384.1
110019, 4398.97
110033, 4401.54
110036, 4383.59
110046, 4360
110051, 4345.64
110058, 4349.23
110066, 4366.15
110074, 4385.64
110081, 4401.03
110089, 4398.46
110097, 4380
110105, 4362.56
110117, 4349.74
110130, 4348.72
110132, 4366.15
110136, 4388.21
110144, 4402.56
110152, 4404.1
110160, 4388.72
110168, 4363.08
110175, 4345.13
110183, 4348.72
110191, 4366.15
110199, 4389.74
110207, 4406.67
110214, 4403.08
110222, 4384.62
110230, 4363.08
110238, 4348.72
110246, 4350.77
110255, 4368.21
110261, 4389.23
110275, 4393.85
110279, 4383.59
110285, 4376.92
110293, 4375.9
110300, 4375.38
110308, 4376.92
110316, 4377.95
110323, 4375.38
110332, 4375.38
110340, 4377.95
110347, 4374.36
110355, 4372.31
110363, 4376.41
110376, 4375.38
110380, 4370.77
110387, 4374.36
110394, 4378.97
110403, 4377.95
110410, 4375.9
110418, 4377.44
110426, 4378.46
110433, 4373.85
110442, 4371.28
110450, 4372.31
110457, 4374.36
110465, 4374.87
110473, 4374.36
110482, 4375.9
110488, 4375.9
110496, 4375.9
110505, 4376.41
110512, 4374.87
110526, 4375.9
110528, 4375.38
110536, 4374.87
110543, 4376.92
110550, 4375.9
110566, 4376.41
110569, 4378.97
110576, 4374.36
110582, 4371.79
110590, 4374.87
110598, 4374.87
110606, 4376.41
110614, 4379.49
110622, 4377.95
110629, 4373.33
110637, 4372.82
110645, 4374.87
110653, 4373.85
110660, 4376.41
110668, 4376.92
110676, 4371.79
110684, 4371.79
110692, 4374.87
110700, 4375.38
110707, 4374.87
110715, 4374.36
110723, 4374.87
110731, 4374.36
110739, 4372.82
110747, 4372.82
110754, 4374.36
110762, 4375.9
110770, 4374.87
110784, 4372.31
110786, 4370.77
110793, 4372.31
110801, 4376.92
110809, 4376.41
110817, 4372.82
110825, 4373.85
110834, 4372.82
110840, 4370.26
110848, 4371.28
110856, 4373.33
110864, 4374.36
110872, 4374.36
110879, 4372.31
110887, 4373.85
110895, 4375.9
110903, 4372.82
110910, 4370.77
110919, 4375.9
110926, 4376.92
110935, 4373.33
110942, 4375.38
110950, 4376.92
110958, 4376.41
110965, 4377.95
110973, 4377.44
110981, 4375.38
110989, 4376.92
110997, 4378.46
111005, 4377.44
111012, 4375.38
111020, 4376.41
111028, 4376.92
111037, 4374.87
111044, 4376.41
111050, 4379.49
111059, 4378.97
111067, 4373.33
111075, 4372.82
111083, 4377.95
111091, 4378.97
111098, 4375.9
111106, 4377.95
111114, 4376.41
111122, 4376.41
111130, 4382.56
111144, 4384.1
111145, 4381.54
111153, 4380.51, estimuli
111161, 4382.05
111169, 4383.08
111177, 4382.05
111183, 4380
111192, 4376.92
111200, 4380
111209, 4381.54
111216, 4378.46
111224, 4377.44
111231, 4377.44
111245, 4376.92
111247, 4376.41
111255, 4374.87
111263, 4381.03
111270, 4395.38
111278, 4397.95
111286, 4377.95
111294, 4353.85
111302, 4347.69
111310, 4359.49
111317, 4378.46
111325, 4398.97
111333, 4408.21
111348, 4400
111350, 4379.49
111356, 4357.44
111364, 4347.69
111372, 4357.95
111380, 4379.49
111388, 4396.41
111396, 4405.64
111403, 4401.03
111411, 4377.44
111419, 4355.9
111427, 4350.26
111435, 4356.41
111449, 4374.87
111450, 4395.38
111458, 4405.13
111466, 4400
111474, 4378.97
111482, 4354.87
111489, 4348.72
111503, 4359.49
111506, 4376.41
111513, 4393.85
111521, 4404.1
111529, 4397.44
111536, 4375.9
111544, 4355.9
111552, 4348.72
111561, 4358.97
111568, 4375.9
111575, 4392.82
111582, 4407.69
111591, 4404.1
111606, 4379.49
111607, 4355.38
111615, 4346.15
111622, 4356.92
111630, 4376.92
111638, 4394.36
111646, 4406.15
111654, 4403.59
111663, 4381.03
111669, 4351.28
111677, 4344.62
111685, 4361.03
111693, 4378.97
111707, 4396.92
111707, 4408.21
111716, 4401.54
111724, 4379.49
111732, 4354.87
111740, 4346.15
111748, 4357.95
111755, 4378.97
111763, 4397.44
111771, 4405.13
111780, 4398.97
111787, 4382.56
111794, 4362.05
111802, 4351.28
111810, 4358.46
111819, 4377.44
111826, 4396.92
111834, 4408.21
111841, 4402.05
111849, 4377.95
111858, 4355.9
111866, 4351.79
111873, 4361.03
111881, 4378.46
111888, 4400
111896, 4409.23
111908, 4400.51
111913, 4377.95
111920, 4355.38
111932, 4347.18
111935, 4358.97
111943, 4380.51
111951, 4399.49
111959, 4407.69
111967, 4400.51
111974, 4377.95
111982, 4358.46
111990, 4351.28
111998, 4358.46
112006, 4378.97
112013, 4404.1
112021, 4414.36
112029, 4400.51
112037, 4376.92
112045, 4358.46
112053, 4352.31
112061, 4362.56
112068, 4381.54
112076, 4400
112083, 4409.23
112092, 4399.49
112099, 4375.38
112107, 4354.36
112115, 4347.69
112129, 4360.51
112131, 4381.03
112139, 4398.46
112146, 4409.23
112154, 4402.05
112163, 4377.44
112170, 4355.9
112178, 4354.36
112186, 4363.59
112200, 4375.9
112201, 4394.36
112209, 4407.69
112216, 4401.54
112225, 4376.41
112232, 4352.82
112240, 4347.69
112248, 4357.95
112256, 4377.95
112270, 4393.85
112272, 4389.23
112279, 4379.49
112287, 4376.41
112295, 4375.38
112303, 4380
112311, 4380.51
112318, 4372.82
112326, 4372.82
112334, 4378.97
112342, 4377.44
112350, 4373.85
112358, 4376.92
112370, 4375.9
112373, 4371.79
112384, 4375.9
112389, 4381.03
112397, 4376.41
112404, 4370.77
112412, 4374.87
112420, 4380.51
112429, 4377.95
112435, 4374.36
112444, 4375.9
112451, 4375.38
112459, 4376.41
112473, 4377.44
112476, 4372.82
112483, 4370.26
112491, 4372.82
112498, 4376.92
112506, 4378.46
112514, 4376.41
112522, 4376.41
112530, 4377.44
112537, 4376.92
112546, 4378.46
112553, 4379.49
112561, 4375.9
112575, 4372.31
112577, 4374.87
112584, 4378.97
112592, 4375.9
112600, 4375.38
112608, 4378.97
112616, 4379.49
112623, 4381.03
112630, 4380.51
112640, 4377.95
112647, 4378.97
112655, 4377.44
112663, 4371.79
112670, 4372.82
112677, 4377.95
112685, 4375.9
112694, 4373.85
112702, 4377.44
112709, 4376.92
112716, 4374.36
112725, 4374.36
112733, 4374.87
112741, 4377.95
112749, 4382.05
112756, 4381.03
112764, 4373.33
112772, 4370.26
112780, 4377.95
112788, 4380
112795, 4375.38
112803, 4375.9
112811, 4375.38
112819, 4374.36
112827, 4381.03
112835, 4383.08
112841, 4378.97
112850, 4376.92
112858, 4378.46
112866, 4380
112874, 4377.95
112882, 4376.41
112889, 4377.95
112897, 4378.46
112905, 4376.92
112913, 4375.9
112921, 4378.46
112935, 4378.97
112936, 4377.95
112944, 4378.97
112952, 4376.92
112960, 4376.41
112968, 4380.51
112975, 4380
112983, 4374.87
112991, 4374.36
112999, 4378.46
113007, 4378.97
113015, 4375.38
113022, 4376.92
113036, 4380
113038, 4378.46
113045, 4373.85
113054, 4373.33
113061, 4375.9
113069, 4376.41
113077, 4376.92
113085, 4377.95
113092, 4376.41
113101, 4375.38
113107, 4375.38
113115, 4377.44
113124, 4378.46
113135, 4377.44
113140, 4376.92
113154, 4376.41
113162, 4376.41, estimuli
113164, 4376.41
113176, 4374.36
113182, 4375.9
113187, 4377.44
113194, 4375.9
113202, 4377.44
113218, 4377.44
113219, 4373.33
113228, 4374.36
113232, 4378.46
113241, 4380
113251, 4378.46
113257, 4374.87
113265, 4379.49
113273, 4391.28
113280, 4392.82
113289, 4376.92
113296, 4356.92
113304, 4347.69
113312, 4351.79
113320, 4370.77
113327, 4395.38
113335, 4406.15
113343, 4398.46
113351, 4377.95
113359, 4357.95
113366, 4348.21
113374, 4353.33
113382, 4373.33
113396, 4395.9
113398, 4404.1
113412, 4396.92
113415, 4378.46
113421, 4357.95
113429, 4348.21
113437, 4356.92
113445, 4374.36
113452, 4390.77
113460, 4403.08
113468, 4400
113477, 4380
113484, 4357.44
113498, 4346.67
113499, 4355.38
113507, 4374.87
113515, 4392.31
113523, 4402.56
113531, 4400
113539, 4381.03
113546, 4357.95
113554, 4347.69
113562, 4356.92
113570, 4377.44
113578, 4397.95
113585, 4406.15
113599, 4395.9
113602, 4378.46
113609, 4359.49
113616, 4346.15
113624, 4352.82
113632, 4374.36
113640, 4397.95
113654, 4409.23
113655, 4400.51
113664, 4380
113672, 4358.46
113679, 4348.72
113687, 4356.92
113701, 4374.87
113703, 4393.85
113711, 4405.64
113718, 4401.54
113726, 4381.54
113735, 4357.95
113743, 4349.23
113750, 4357.44
113758, 4375.9
113766, 4395.38
113773, 4406.67
113781, 4399.49
113789, 4376.41
113797, 4355.9
113804, 4348.72
113812, 4353.85
113820, 4374.36
113828, 4397.95
113836, 4407.18
113844, 4400
113851, 4381.03
113859, 4356.41
113867, 4344.62
113875, 4352.82
113883, 4373.33
113890, 4396.41
113898, 4405.64
113906, 4397.95
113914, 4378.46
113922, 4357.95
113930, 4346.15
113937, 4353.85
113945, 4375.9
113954, 4397.44
113961, 4408.21
113969, 4399.49
113976, 4379.49
113984, 4358.46
113992, 4347.18
114000, 4358.97
114008, 4379.49
114016, 4394.87
114023, 4404.62
114031, 4401.54
114039, 4381.03
114047, 4358.97
114056, 4351.28
114069, 4360.51
114071, 4377.44
114078, 4396.41
114086, 4407.18
114094, 4397.95
114102, 4376.41
114110, 4357.44
114117, 4350.26
114126, 4357.44
114133, 4373.33
114141, 4396.92
114149, 4410.26
114163, 4399.49
114164, 4376.92
114172, 4354.36
114180, 4346.67
114188, 4358.97
114196, 4376.92
114203, 4394.87
114211, 4402.56
114219, 4394.87
114227, 4375.9
114235, 4355.9
114243, 4348.72
114250, 4357.44
114264, 4378.46
114266, 4395.38
114275, 4389.74
114282, 4376.41
114289, 4375.38
114297, 4381.54
114305, 4379.49
114319, 4372.82
114321, 4373.85
114329, 4378.46
114336, 4378.46
114344, 4373.33
114352, 4373.85
114364, 4378.97
114369, 4377.95
114375, 4374.87
114384, 4376.41
114394, 4378.46
114399, 4377.95
114407, 4377.44
114416, 4378.97
114422, 4379.49
114430, 4375.38
114438, 4374.36
114446, 4378.97
114454, 4380.51
114462, 4379.49
114469, 4376.92
114477, 4376.41
114485, 4378.97
114493, 4375.38
114501, 4373.33
114508, 4376.92
114516, 4378.46
114524, 4375.38
114532, 4373.33
114540, 4376.92
114548, 4382.05
114555, 4380
114563, 4374.36
114571, 4373.33
114579, 4375.9
114587, 4374.36
114594, 4374.36
114602, 4376.41
114610, 4375.9
114624, 4375.38
114626, 4374.87
114634, 4372.82
114641, 4374.36
114649, 4375.9
114657, 4374.87
114666, 4374.87
114674, 4373.33
114680, 4372.82
114688, 4374.87
114696, 4374.87
114704, 4375.38
114712, 4374.87
114726, 4373.85
114728, 4375.38
114735, 4378.97
114743, 4378.97
114751, 4374.87
114759, 4375.38
114767, 4377.44
114774, 4377.44
114782, 4376.92
114790, 4376.92
114798, 4377.95
114806, 4375.38
114813, 4371.79
114827, 4376.41
114829, 4381.03
114836, 4378.97
114845, 4376.92
114852, 4377.44
114860, 4379.49
114868, 4377.95
114876, 4374.36
114884, 4373.85
114892, 4374.87
114899, 4377.95
114907, 4378.46
114915, 4374.87
114929, 4375.38
114931, 4376.92
114939, 4375.38
114946, 4375.9
114954, 4378.97
114962, 4377.95
114970, 4373.33
114979, 4374.36
114985, 4375.9
114993, 4373.85
115001, 4373.33
115009, 4375.9
115017, 4376.92
115025, 4374.36
115032, 4374.36
115040, 4377.95
115048, 4377.95
115056, 4375.9
115064, 4377.95
115072, 4374.87
115079, 4370.26
115087, 4374.36
115095, 4376.92
115103, 4373.85
115111, 4373.85
115118, 4377.44
115125, 4376.92
115133, 4373.33
115142, 4376.92
115150, 4380
115158, 4375.38, estimuli
115165, 4373.85
115173, 4375.9
115181, 4375.38
115189, 4376.92
115197, 4379.49
115204, 4376.92
115212, 4370.26
115220, 4372.82
115228, 4378.46
115236, 4377.95
115244, 4378.97
115251, 4380.51
115259, 4377.44
115267, 4378.97
115275, 4390.77
115289, 4396.92
115291, 4380.51
115298, 4358.46
115306, 4350.77
115314, 4354.87
115322, 4368.72
115330, 4391.28
115337, 4406.67
115345, 4400
115353, 4381.03
115362, 4364.62
115369, 4352.82
115376, 4353.33
115391, 4372.31
115392, 4392.82
115401, 4403.59
115408, 4399.49
115416, 4381.03
115423, 4360
115431, 4347.69
115440, 4353.85
115447, 4372.82
115455, 4392.82
115462, 4406.67
115470, 4403.59
115478, 4384.1
115492, 4359.49
115494, 4346.15
115502, 4353.33
115509, 4371.28
115517, 4391.28
115525, 4405.64
115533, 4399.49
115547, 4378.97
115548, 4359.49
115556, 4350.26
115564, 4353.85
115572, 4371.28
115580, 4396.41
115592, 4407.69
115595, 4398.46
115605, 4382.05
115611, 4361.54
115619, 4346.67
115631, 4353.33
115635, 4372.31
115649, 4390.26
115649, 4404.1
115658, 4402.56
115666, 4381.03
115674, 4359.49
115682, 4350.77
115689, 4353.85
115697, 4370.26
115705, 4392.82
115713, 4406.15
115721, 4403.59
115728, 4380.51
115736, 4353.85
115751, 4346.15
115752, 4355.9
115760, 4374.36
115768, 4393.85
115775, 4405.64
115783, 4397.95
115791, 4373.85
115799, 4353.85
115807, 4346.67
115814, 4352.82
115822, 4372.82
115830, 4393.33
115838, 4403.59
115846, 4397.95
115854, 4376.41
115861, 4355.9
115869, 4348.72
115877, 4356.92
115885, 4374.36
115893, 4392.31
115900, 4401.54
115908, 4397.44
115916, 4379.49
115924, 4356.92
115931, 4345.64
115940, 4354.87
115954, 4373.85
115955, 4392.31
115963, 4404.1
115971, 4395.9
115979, 4374.36
115987, 4357.44
115994, 4350.26
116002, 4355.38
116010, 4371.79
116018, 4392.82
116026, 4405.13
116033, 4400.51
116041, 4381.54
116055, 4355.9
116057, 4344.62
116065, 4354.87
116073, 4375.38
116080, 4398.46
116088, 4409.74
116096, 4400
116105, 4376.41
116112, 4353.85
116120, 4346.15
116127, 4355.9
116135, 4373.85
116143, 4395.9
116157, 4408.72
116159, 4401.54
116166, 4377.44
116174, 4353.85
116182, 4348.72
116190, 4357.44
116198, 4372.82
116206, 4392.31
116213, 4405.13
116221, 4396.92
116229, 4376.41
116237, 4360.51
116245, 4350.26
116252, 4354.36
116260, 4378.97
116268, 4394.87
116276, 4387.69
116284, 4379.49
116292, 4379.49
116299, 4377.95
116307, 4372.31
116315, 4374.36
116323, 4377.95
116332, 4374.87
116338, 4377.95
116346, 4381.03
116354, 4376.41
116364, 4372.82
116371, 4372.82
116378, 4375.9
116385, 4377.44
116393, 4375.38
116401, 4374.36
116409, 4375.9
116417, 4377.44
116425, 4377.95
116432, 4375.9
116440, 4374.87
116448, 4376.41
116456, 4376.92
116470, 4375.38
116471, 4374.36
116480, 4374.36
116487, 4373.33
116495, 4375.38
116503, 4376.41
116512, 4373.85
116518, 4374.36
116526, 4376.41
116534, 4375.38
116542, 4374.87
116550, 4373.85
116557, 4375.38
116565, 4377.95
116573, 4375.9
116581, 4372.82
116590, 4373.33
116597, 4374.36
116604, 4374.36
116618, 4374.36
116620, 4376.41
116628, 4375.9
116636, 4373.85
116644, 4374.87
116651, 4375.38
116659, 4375.38
116673, 4374.87
116675, 4374.36
116683, 4376.92
116691, 4378.46
116698, 4377.44
116706, 4374.36
116721, 4370.77
116722, 4371.79
116730, 4374.36
116737, 4376.92
116745, 4375.38
116753, 4374.87
116761, 4376.92
116775, 4375.38
116776, 4373.33
116784, 4376.41
116792, 4375.38
116800, 4374.36
116808, 4373.85
116820, 4373.85
116825, 4376.92
116834, 4377.95
116839, 4375.9
116847, 4372.82
116855, 4372.31
116864, 4375.9
116870, 4374.36
116878, 4373.33
116886, 4377.95
116894, 4378.97
116902, 4377.95
116910, 4376.92
116917, 4374.87
116925, 4375.38
116933, 4379.49
116941, 4378.97
116949, 4372.82
116956, 4373.85
116964, 4377.95
116972, 4375.9
116980, 4375.38
116988, 4376.41
116996, 4375.9
117003, 4374.36
117011, 4374.87
117019, 4378.46
117027, 4378.97
117035, 4376.41
117042, 4378.46
117050, 4377.95
117058, 4374.87
117066, 4374.36
117074, 4375.9
117082, 4380
117089, 4378.97
117097, 4376.41
117105, 4378.46
117113, 4376.92
117120, 4373.33
117128, 4374.36
117136, 4377.95
117144, 4375.38
117153, 4374.87
117160, 4380, estimuli
117168, 4376.92
117183, 4373.85
117184, 4377.44
117191, 4375.38
117199, 4372.31
117207, 4374.36
117215, 4378.97
117223, 4379.49
117230, 4374.36
117238, 4373.85
117246, 4375.9
117254, 4374.87
117262, 4372.82
117269, 4373.85
117284, 4386.15
117285, 4398.46
117293, 4383.08
117300, 4355.38
117308, 4345.64
117316, 4354.87
117324, 4370.77
117332, 4388.21
117341, 4401.03
117348, 4396.92
117355, 4377.44
117363, 4357.95
117371, 4346.15
117382, 4352.82
117388, 4373.33
117396, 4392.82
117402, 4405.13
117416, 4401.54
117423, 4382.05
117426, 4357.95
117434, 4344.62
117442, 4350.77
117449, 4368.21
117457, 4391.28
117465, 4406.15
117473, 4399.49
117487, 4382.05
117489, 4361.03
117497, 4347.69
117504, 4353.85
117512, 4372.82
117520, 4393.33
117528, 4404.1
117544, 4398.97
117545, 4381.03
117551, 4355.9
117559, 4346.67
117567, 4355.9
117574, 4372.31
117583, 4390.77
117590, 4403.08
117598, 4400
117606, 4379.49
117614, 4356.92
117622, 4346.67
117629, 4354.36
117637, 4372.31
117645, 4391.79
117653, 4405.13
117660, 4401.54
117668, 4377.44
117676, 4354.36
117684, 4346.67
117692, 4351.79
117700, 4370.26
117707, 4395.38
117714, 4406.15
117723, 4398.46
117731, 4379.49
117739, 4360.51
117746, 4347.18
117753, 4352.82
117761, 4373.85
117770, 4392.31
117777, 4404.1
117786, 4400.51
117793, 4381.03
117801, 4358.97
117809, 4348.21
117817, 4355.9
117825, 4373.85
117833, 4392.31
117847, 4403.59
117848, 4397.95
117856, 4380.51
117864, 4360.51
117872, 4348.72
117880, 4356.41
117887, 4373.85
117902, 4390.77
117903, 4405.13
117911, 4404.1
117918, 4385.13
117925, 4358.46
117934, 4343.59
117949, 4352.82
117951, 4372.31
117958, 4390.77
117965, 4401.03
117973, 4396.92
117981, 4379.49
117989, 4356.92
117998, 4346.15
118005, 4356.41
118011, 4373.33
118020, 4390.26
118027, 4404.62
118036, 4401.54
118050, 4380
118051, 4355.38
118059, 4346.67
118067, 4353.85
118075, 4372.82
118083, 4394.87
118091, 4404.62
118097, 4398.97
118106, 4380.51
118114, 4358.97
118122, 4346.67
118130, 4352.31
118137, 4373.33
118145, 4393.33
118153, 4403.59
118161, 4398.97
118169, 4378.46
118176, 4359.49
118184, 4350.77
118191, 4354.36
118212, 4372.31
118213, 4395.9
118215, 4408.21
118223, 4401.03
118231, 4378.97
118238, 4357.95
118247, 4347.69
118255, 4352.31
118263, 4372.31
118270, 4389.74
118278, 4389.74
118286, 4378.97
118294, 4375.38
118302, 4375.9
118310, 4373.33
118317, 4376.41
118325, 4378.46
118333, 4375.9
118341, 4374.87
118348, 4373.85
118363, 4375.38
118364, 4375.38
118372, 4373.85
118380, 4377.44
118388, 4381.54
118396, 4377.95
118410, 4371.79
118412, 4373.33
118419, 4381.54
118427, 4378.46
118435, 4371.28
118442, 4374.36
118450, 4376.41
118458, 4373.33
118466, 4370.77
118474, 4372.82
118483, 4377.44
118489, 4375.9
118497, 4372.82
118518, 4372.82
118519, 4372.31
118520, 4374.36
118528, 4376.92
118536, 4374.87
118544, 4371.79
118552, 4373.33
118560, 4376.41
118568, 4375.9
118575, 4376.41
118583, 4377.44
118591, 4376.92
118599, 4376.41
118613, 4376.41
118615, 4377.44
118622, 4375.9
118630, 4374.36
118639, 4376.92
118646, 4376.41
118654, 4373.85
118661, 4375.9
118669, 4375.9
118677, 4374.36
118685, 4373.85
118692, 4375.38
118701, 4376.41
118717, 4373.85
118718, 4373.85
118724, 4376.41
118732, 4375.9
118740, 4373.33
118750, 4371.79
118755, 4375.38
118763, 4374.87
118770, 4372.31
118779, 4376.41
118786, 4374.87
118793, 4370.26
118802, 4373.85
118809, 4373.85
118824, 4368.21
118826, 4367.18
118834, 4373.85
118841, 4377.95
118849, 4373.33
118857, 4372.82
118865, 4373.33
118873, 4374.36
118880, 4375.9
118888, 4374.36
118896, 4374.36
118904, 4373.33
118912, 4370.77
118920, 4373.33
118927, 4375.9
118935, 4374.87
118943, 4373.33
118951, 4371.28
118959, 4370.26
118971, 4370.77
118974, 4372.82
118985, 4374.36
118989, 4371.79
118998, 4373.33
119006, 4375.38
119013, 4372.31
119028, 4370.77
119029, 4373.33
119037, 4375.38
119045, 4373.33
119053, 4375.38
119060, 4376.41
119073, 4373.33
119076, 4376.41
119084, 4377.44
119096, 4370.26
119100, 4369.74
119107, 4373.85
119115, 4373.85
119129, 4373.85
119131, 4375.9
119140, 4378.46
119146, 4373.33
119153, 4370.77
119161, 4375.9, estimuli
119172, 4373.85
119178, 4371.28
119186, 4373.33
119193, 4372.82
119207, 4371.28
119209, 4373.33
119217, 4375.38
119225, 4372.82
119233, 4374.36
119240, 4376.41
119248, 4372.31
119263, 4374.87
119265, 4376.41
119272, 4373.33
119280, 4384.1
119294, 4394.36
119296, 4380
119303, 4354.36
119311, 4343.08
119320, 4349.74
119328, 4365.13
119339, 4388.21
119342, 4404.62
119350, 4400
119358, 4382.05
119366, 4358.97
119372, 4345.64
119381, 4351.79
119389, 4366.67
119396, 4386.67
119405, 4400.51
119413, 4397.44
119420, 4380.51
119428, 4356.92
119436, 4346.67
119444, 4356.41
119452, 4371.79
119459, 4388.72
119467, 4403.08
119475, 4401.03
119483, 4381.54
119490, 4358.97
119498, 4346.15
119506, 4348.21
119514, 4366.67
119522, 4390.26
119530, 4403.08
119537, 4403.08
119546, 4386.67
119553, 4361.03
119560, 4346.67
119569, 4353.85
119577, 4372.31
119585, 4390.77
119592, 4404.62
119600, 4403.08
119608, 4380
119616, 4358.97
119624, 4350.26
119637, 4354.36
119639, 4370.26
119647, 4390.26
119655, 4406.15
119663, 4403.08
119677, 4381.03
119679, 4359.49
119693, 4349.74
119693, 4354.36
119702, 4371.28
119710, 4391.28
119718, 4402.56
119726, 4396.92
119739, 4383.59
119740, 4365.13
119749, 4349.23
119757, 4353.85
119765, 4372.31
119772, 4391.28
119780, 4404.1
119787, 4400.51
119796, 4384.1
119804, 4361.03
119811, 4347.18
119819, 4355.38
119827, 4372.31
119843, 4391.79
119846, 4406.15
119854, 4401.03
119858, 4382.05
119866, 4358.97
119874, 4347.18
119882, 4355.9
119890, 4373.33
119897, 4389.74
119905, 4403.08
119913, 4403.08
119921, 4384.1
119929, 4359.49
119937, 4349.23
119949, 4352.82
119961, 4369.74
119962, 4391.79
119968, 4400.51
119976, 4395.9
119984, 4379.49
119990, 4358.97
119998, 4346.67
120008, 4354.36
120015, 4376.92
120023, 4394.87
120031, 4402.05
120038, 4397.95
120052, 4375.9
120054, 4355.38
120061, 4349.74
120069, 4353.33
120078, 4370.77
120085, 4394.87
120093, 4408.21
120100, 4402.56
120109, 4379.49
120117, 4355.38
120124, 4346.67
120132, 4355.38
120140, 4372.31
120154, 4391.79
120155, 4406.15
120164, 4398.46
120171, 4377.95
120179, 4360.51
120186, 4347.18
120195, 4351.28
120203, 4371.79
120210, 4391.28
120218, 4402.56
120226, 4397.44
120234, 4378.46
120241, 4358.46
120249, 4347.18
120256, 4350.26
120265, 4368.21
120273, 4390.77
120281, 4392.82
120289, 4382.56
120297, 4380
120304, 4377.95
120312, 4372.31
120320, 4372.31
120328, 4374.87
120336, 4374.87
120343, 4372.82
120357, 4376.41
120360, 4381.03
120367, 4376.92
120375, 4375.38
120383, 4378.46
120390, 4376.92
120403, 4374.87
120406, 4376.41
120413, 4378.46
120422, 4375.9
120429, 4374.36
120437, 4376.41
120444, 4373.85
120458, 4373.85
120460, 4376.92
120469, 4376.92
120476, 4376.41
120484, 4376.41
120492, 4376.41
120506, 4376.92
120508, 4374.87
120516, 4376.41
120523, 4378.97
120531, 4377.44
120539, 4376.41
120546, 4377.95
120554, 4377.95
120562, 4375.38
120569, 4376.41
120578, 4378.97
120585, 4375.38
120594, 4374.87
120600, 4377.44
120609, 4377.44
120617, 4378.97
120625, 4378.46
120633, 4375.38
120641, 4374.87
120648, 4376.41
120656, 4376.92
120664, 4374.87
120672, 4373.33
120680, 4375.9
120687, 4375.9
120695, 4376.41
120703, 4378.97
120711, 4376.92
120719, 4372.31
120727, 4372.31
120734, 4377.95
120742, 4376.92
120750, 4373.85
120757, 4380
120766, 4381.54
120773, 4375.38
120781, 4373.33
120789, 4375.38
120796, 4376.92
120805, 4376.92
120813, 4376.92
120821, 4374.36
120827, 4374.87
120836, 4378.46
120844, 4376.41
120852, 4374.36
120861, 4375.38
120867, 4373.85
120875, 4376.41
120883, 4376.41
120891, 4373.33
120899, 4373.33
120907, 4373.85
120914, 4377.95
120922, 4378.97
120930, 4374.87
120938, 4377.44
120945, 4381.03
120953, 4380
120972, 4378.97
120973, 4376.92
120977, 4375.9
120985, 4374.36
120992, 4372.82
121000, 4371.79
121008, 4372.31
121016, 4375.9
121024, 4376.41
121031, 4375.38
121039, 4374.87
121047, 4375.38
121054, 4377.95
121067, 4374.87
121071, 4372.82
121079, 4376.92
121087, 4377.95
121095, 4375.38
121103, 4375.9
121110, 4380
121118, 4381.54
121126, 4376.92
121138, 4376.92
121141, 4380
121149, 4378.46
121157, 4378.97
121171, 4380, estimuli
121174, 4380
121180, 4375.9
121189, 4373.33
121196, 4378.97
121204, 4378.46
121212, 4375.9
121219, 4380.51
121227, 4381.54
121235, 4378.46
121243, 4376.92
121251, 4375.9
121259, 4374.87
121266, 4373.85
121282, 4377.95
121286, 4386.15
121290, 4392.31
121298, 4384.1
121312, 4361.54
121313, 4346.67
121326, 4351.28
121329, 4369.74
121337, 4390.77
121344, 4401.54
121352, 4401.03
121359, 4386.15
121367, 4361.54
121377, 4347.69
121384, 4351.28
121392, 4367.69
121400, 4390.26
121410, 4405.64
121415, 4403.08
121423, 4384.1
121431, 4362.56
121439, 4350.26
121446, 4349.74
121454, 4370.26
121462, 4395.38
121469, 4405.64
121481, 4401.54
121488, 4383.59
121493, 4361.54
121501, 4349.74
121509, 4355.38
121517, 4370.26
121525, 4386.15
121537, 4402.05
121540, 4399.49
121548, 4380
121556, 4361.03
121564, 4347.18
121572, 4354.87
121586, 4376.41
121586, 4391.79
121595, 4400
121603, 4396.41
121610, 4380.51
121619, 4361.03
121631, 4347.69
121636, 4353.85
121642, 4370.77
121650, 4390.26
121658, 4407.69
121668, 4403.59
121673, 4381.03
121681, 4357.95
121689, 4346.67
121697, 4352.31
121705, 4369.23
121712, 4392.82
121720, 4406.67
121735, 4398.46
121737, 4382.05
121743, 4363.08
121752, 4350.26
121758, 4351.28
121767, 4365.13
121775, 4388.21
121783, 4403.59
121791, 4398.97
121798, 4377.95
121806, 4355.9
121814, 4347.69
121822, 4354.36
121830, 4370.26
121838, 4389.23
121845, 4402.05
121853, 4400
121861, 4378.97
121869, 4353.85
121877, 4343.59
121884, 4350.77
121892, 4369.23
121900, 4386.67
121908, 4397.95
121916, 4398.97
121924, 4381.54
121931, 4357.95
121939, 4346.67
121947, 4351.79
121955, 4368.21
121963, 4387.18
121971, 4403.08
121978, 4400.51
121987, 4380.51
121994, 4358.97
122002, 4344.62
122010, 4349.23
122017, 4370.26
122025, 4391.28
122033, 4402.05
122041, 4395.38
122049, 4376.41
122057, 4360
122064, 4349.23
122072, 4353.85
122080, 4374.36
122100, 4393.85
122101, 4402.56
122104, 4396.92
122111, 4381.54
122119, 4360
122127, 4345.13
122135, 4350.77
122143, 4369.23
122150, 4393.33
122158, 4407.18
122166, 4398.46
122174, 4379.49
122182, 4361.54
122198, 4350.77
122214, 4353.85
122216, 4369.74
122217, 4392.82
122221, 4404.62
122228, 4395.9
122236, 4378.97
122244, 4357.44
122252, 4345.64
122260, 4353.85
122267, 4374.87
122276, 4390.26
122282, 4389.23
122296, 4382.56
122300, 4376.41
122307, 4372.31
122323, 4372.82
122324, 4373.33
122330, 4374.87
122338, 4374.87
122346, 4373.85
122354, 4375.38
122362, 4378.97
122369, 4380
122376, 4376.92
122385, 4376.92
122399, 4380.51
122406, 4377.95
122409, 4374.36
122416, 4375.38
122431, 4373.85
122431, 4374.36
122440, 4376.92
122448, 4376.41
122455, 4376.41
122463, 4374.36
122471, 4373.85
122479, 4375.9
122487, 4377.44
122495, 4379.49
122509, 4376.92
122510, 4375.9
122518, 4375.9
122526, 4371.79
122534, 4372.82
122541, 4375.9
122549, 4374.87
122557, 4374.36
122565, 4372.82
122573, 4372.82
122581, 4374.87
122588, 4373.33
122596, 4373.33
122610, 4375.38
122613, 4374.87
122620, 4371.28
122629, 4373.33
122635, 4374.36
122643, 4372.82
122652, 4375.9
122659, 4376.41
122667, 4373.33
122674, 4375.9
122682, 4376.41
122690, 4375.38
122699, 4374.87
122706, 4373.85
122714, 4374.87
122721, 4374.87
122729, 4375.9
122737, 4374.87
122745, 4372.31
122754, 4376.41
122766, 4376.41
122769, 4371.79
122776, 4372.82
122784, 4376.92
122792, 4378.97
122800, 4376.92
122807, 4377.95
122815, 4379.49
122824, 4375.38
122831, 4374.36
122839, 4378.46
122847, 4377.95
122861, 4374.36
122863, 4375.38
122870, 4377.95
122878, 4374.87
122886, 4371.79
122893, 4375.9
122901, 4376.41
122909, 4373.85
122917, 4372.82
122925, 4373.33
122933, 4376.41
122940, 4376.41
122948, 4376.92
122963, 4379.49
122963, 4377.44
122972, 4374.87
122980, 4374.87
122987, 4372.31
122995, 4370.26
123003, 4372.82
123011, 4378.46
123019, 4376.92
123026, 4374.36
123034, 4376.92
123042, 4375.9
123050, 4375.9
123058, 4377.95
123066, 4377.44
123073, 4376.92
123081, 4375.9
123089, 4375.38
123097, 4374.87
123105, 4373.33
123112, 4375.9
123120, 4376.92
123128, 4377.95
123136, 4376.41
123144, 4373.33
123152, 4376.41
123159, 4376.92
123168, 4373.85, estimuli
123175, 4375.38
123183, 4374.87
123191, 4372.31
123199, 4374.87
123206, 4375.9
123214, 4374.36
123222, 4373.33
123230, 4376.41
123238, 4378.46
123245, 4374.87
123253, 4375.9
123261, 4377.44
123269, 4374.87
123278, 4375.9
123285, 4387.69
123292, 4398.46
123300, 4383.59
123308, 4356.92
123323, 4345.64
123324, 4351.79
123331, 4368.72
123339, 4388.21
123346, 4401.03
123355, 4400
123363, 4383.08
123371, 4360.51
123379, 4350.26
123386, 4356.92
123393, 4370.26
123402, 4384.1
123410, 4400.51
123422, 4403.08
123425, 4385.64
123437, 4362.05
123440, 4346.67
123449, 4351.79
123457, 4369.74
123463, 4385.13
123479, 4401.54
123480, 4404.62
123488, 4385.13
123496, 4360
123503, 4345.64
123510, 4351.79
123521, 4367.18
123528, 4386.67
123535, 4402.05
123547, 4398.97
123549, 4384.62
123558, 4363.08
123566, 4344.62
123575, 4348.72
123581, 4367.69
123590, 4385.64
123596, 4398.97
123605, 4398.97
123613, 4381.54
123625, 4356.41
123628, 4346.15
123637, 4354.87
123644, 4369.74
123653, 4388.21
123663, 4401.54
123668, 4400
123676, 4381.54
123684, 4357.95
123691, 4345.13
123698, 4349.74
123707, 4369.23
123714, 4391.79
123723, 4403.59
123730, 4402.56
123738, 4382.56
123746, 4357.44
123754, 4346.67
123762, 4348.72
123770, 4363.59
123777, 4384.1
123785, 4398.46
123793, 4400.51
123801, 4384.62
123809, 4358.97
123816, 4344.1
123824, 4354.36
123831, 4376.41
123840, 4391.79
123848, 4400
123856, 4398.97
123863, 4381.54
123871, 4358.46
123880, 4345.13
123887, 4351.28
123895, 4369.23
123902, 4388.21
123911, 4404.1
123918, 4401.03
123926, 4379.49
123934, 4358.97
123942, 4350.77
123949, 4358.97
123957, 4374.36
123965, 4391.79
123973, 4407.18
123982, 4404.62
123988, 4385.13
123996, 4364.1
124004, 4354.87
124012, 4359.49
124020, 4370.77
124028, 4390.77
124035, 4410.26
124043, 4406.15
124051, 4383.08
124059, 4359.49
124067, 4347.69
124075, 4354.36
124089, 4371.28
124090, 4391.28
124098, 4403.59
124106, 4400
124114, 4383.59
124121, 4360.51
124129, 4346.67
124137, 4352.31
124145, 4370.77
124153, 4391.28
124161, 4402.56
124168, 4401.03
124177, 4382.05
124189, 4357.44
124194, 4345.64
124201, 4351.28
124209, 4369.23
124216, 4389.23
124225, 4401.54
124234, 4401.03
124240, 4383.08
124247, 4361.03
124254, 4349.23
124262, 4350.26
124270, 4368.72
124278, 4389.23
124286, 4389.74
124294, 4376.41
124302, 4372.82
124310, 4379.49
124317, 4374.36
124325, 4369.23
124333, 4373.33
124341, 4374.36
124348, 4374.87
124356, 4373.85
124364, 4373.33
124372, 4376.41
124386, 4376.41
124387, 4376.41
124395, 4375.9
124403, 4374.87
124411, 4376.92
124419, 4376.92
124427, 4375.38
124434, 4375.9
124442, 4374.87
124450, 4375.38
124458, 4375.38
124466, 4373.33
124473, 4373.85
124481, 4373.85
124488, 4374.36
124497, 4375.38
124505, 4375.9
124513, 4374.87
124520, 4372.31
124528, 4374.36
124536, 4378.46
124550, 4374.87
124557, 4373.85
124560, 4377.44
124567, 4376.41
124575, 4371.79
124583, 4369.23
124591, 4371.79
124599, 4373.85
124606, 4374.36
124614, 4374.36
124622, 4374.36
124630, 4377.44
124638, 4375.9
124652, 4373.85
124659, 4373.33
124661, 4371.79
124669, 4373.85
124683, 4375.9
124684, 4373.85
124692, 4375.9
124700, 4378.46
124709, 4375.9
124716, 4372.31
124724, 4373.33
124732, 4380.51
124739, 4380
124753, 4375.9
124755, 4377.44
124763, 4381.03
124772, 4377.95
124778, 4373.33
124786, 4375.38
124794, 4375.38
124802, 4372.31
124810, 4374.36
124818, 4373.85
124825, 4374.87
124833, 4377.95
124841, 4377.95
124850, 4377.44
124861, 4376.92
124865, 4375.9
124873, 4377.95
124884, 4374.87
124889, 4369.23
124896, 4369.74
124904, 4376.92
124911, 4381.03
124919, 4375.38
124926, 4371.79
124935, 4374.87
124943, 4375.9
124951, 4375.38
124958, 4372.82
124966, 4373.85
124974, 4375.38
124982, 4372.82
124990, 4373.85
124998, 4377.95
125005, 4379.49
125013, 4378.46
125021, 4376.41
125029, 4376.41
125038, 4374.87
125043, 4374.36
125052, 4376.41
125060, 4378.97
125068, 4378.97
125076, 4374.36
125084, 4371.28
125091, 4373.33
125099, 4373.85
125108, 4376.92
125115, 4377.44
125123, 4371.79
125131, 4372.31
125138, 4374.36
125146, 4372.31
125154, 4371.28
125162, 4373.33
125170, 4376.41, estimuli
125177, 4374.36
125185, 4373.33
125193, 4376.92
125201, 4376.41
125210, 4373.85
125217, 4372.82
125225, 4373.85
125232, 4374.87
125240, 4372.31
125248, 4372.82
125256, 4374.87
125263, 4377.44
125272, 4377.44
125279, 4372.31
125287, 4382.56
125294, 4394.36
125303, 4380.51
125317, 4358.97
125318, 4347.69
125327, 4350.26
125334, 4366.15
125342, 4386.67
125349, 4402.56
125357, 4402.05
125366, 4385.13
125373, 4362.05
125380, 4350.26
125389, 4353.85
125396, 4365.13
125404, 4385.64
125418, 4404.62
125420, 4400.51
125428, 4382.05
125436, 4362.56
125443, 4347.69
125450, 4350.26
125460, 4368.72
125479, 4391.28
125480, 4403.08
125482, 4396.92
125490, 4381.54
125498, 4361.03
125506, 4346.15
125521, 4349.23
125522, 4364.62
125530, 4387.69
125537, 4402.56
125545, 4400
125553, 4382.05
125561, 4357.95
125569, 4345.64
125584, 4351.79
125586, 4368.72
125592, 4385.13
125600, 4398.46
125608, 4401.03
125616, 4381.54
125623, 4357.44
125631, 4348.72
125639, 4352.31
125647, 4364.1
125655, 4383.08
125662, 4400.51
125670, 4404.1
125679, 4385.13
125686, 4360
125694, 4346.15
125702, 4350.77
125709, 4369.74
125717, 4388.72
125725, 4402.05
125733, 4401.03
125741, 4382.56
125749, 4361.54
125756, 4349.23
125764, 4352.82
125773, 4368.72
125780, 4388.21
125788, 4403.08
125795, 4398.46
125803, 4378.97
125811, 4360.51
125819, 4349.23
125827, 4353.33
125835, 4371.79
125842, 4391.28
125849, 4404.1
125858, 4402.05
125866, 4389.74
125878, 4366.15
125883, 4345.64
125890, 4349.23
125897, 4369.23
125905, 4388.21
125914, 4402.56
125927, 4402.56
125930, 4383.08
125937, 4360.51
125945, 4348.21
125952, 4351.79
125968, 4367.69
125968, 4387.18
125975, 4400.51
125984, 4397.44
125991, 4378.97
125999, 4356.41
126007, 4346.67
126014, 4352.82
126022, 4369.23
126035, 4389.74
126039, 4401.54
126045, 4401.54
126054, 4382.05
126061, 4355.38
126069, 4346.15
126083, 4352.82
126086, 4368.72
126093, 4389.23
126100, 4403.59
126108, 4402.56
126115, 4380.51
126124, 4356.92
126132, 4348.72
126140, 4352.82
126146, 4368.72
126155, 4389.23
126163, 4400
126171, 4398.46
126180, 4381.54
126187, 4357.95
126194, 4344.1
126202, 4353.33
126210, 4373.85
126218, 4389.74
126226, 4400.51
126234, 4396.41
126241, 4376.92
126249, 4359.49
126257, 4347.18
126265, 4348.72
126273, 4369.74
126280, 4391.79
126288, 4390.77
126296, 4375.9
126304, 4373.33
126312, 4377.95
126320, 4376.92
126327, 4374.87
126335, 4372.31
126343, 4374.36
126351, 4377.44
126359, 4376.41
126366, 4375.38
126374, 4375.9
126382, 4375.38
126389, 4376.92
126398, 4373.85
126406, 4370.26
126413, 4372.82
126421, 4375.9
126429, 4375.38
126437, 4372.31
126445, 4373.85
126453, 4375.9
126460, 4373.33
126468, 4374.36
126476, 4377.95
126483, 4378.46
126491, 4375.38
126498, 4374.87
126506, 4377.95
126515, 4376.41
126523, 4376.41
126531, 4378.97
126545, 4375.9
126545, 4375.38
126554, 4378.97
126562, 4377.95
126570, 4375.38
126577, 4375.9
126585, 4379.49
126593, 4378.46
126601, 4374.36
126609, 4376.92
126617, 4380
126625, 4377.44
126632, 4376.41
126645, 4375.9
126649, 4372.82
126657, 4372.31
126663, 4374.87
126678, 4375.9
126681, 4376.41
126688, 4378.97
126698, 4378.46
126704, 4375.9
126710, 4374.36
126718, 4373.85
126726, 4376.41
126733, 4376.41
126748, 4374.87
126749, 4375.9
126757, 4373.33
126765, 4373.85
126773, 4376.92
126780, 4377.44
126789, 4377.44
126797, 4373.85
126811, 4372.82
126811, 4375.38
126820, 4374.87
126828, 4374.87
126836, 4376.41
126843, 4375.9
126850, 4375.9
126859, 4376.92
126867, 4376.92
126875, 4376.41
126882, 4377.44
126890, 4374.87
126898, 4373.85
126907, 4377.44
126914, 4375.9
126922, 4370.77
126930, 4373.33
126937, 4376.92
126944, 4376.41
126953, 4373.85
126961, 4373.33
126969, 4377.95
126977, 4376.41
126984, 4373.85
126992, 4375.38
127000, 4375.9
127008, 4375.9
127015, 4374.36
127023, 4374.87
127031, 4376.41
127039, 4375.9
127047, 4374.87
127055, 4375.38
127063, 4377.44
127070, 4376.92
127077, 4374.87
127086, 4374.87
127094, 4374.87
127103, 4375.9
127110, 4379.49
127118, 4376.41
127126, 4371.28
127133, 4373.33
127142, 4375.9
127150, 4378.46
127156, 4380
127173, 4379.49
127174, 4377.44, estimuli
127180, 4376.41
127188, 4377.44
127196, 4373.85
127210, 4373.85
127217, 4376.41
127219, 4375.38
127227, 4373.85
127235, 4372.82
127243, 4375.9
127250, 4378.97
127258, 4375.38
127266, 4376.92
127274, 4378.97
127282, 4374.87
127289, 4380
127297, 4392.82
127311, 4395.38
127313, 4376.41
127321, 4350.26
127329, 4347.18
127337, 4364.1
127344, 4381.03
127352, 4395.9
127360, 4405.64
127368, 4397.44
127376, 4374.36
127382, 4357.44
127391, 4351.28
127399, 4357.95
127408, 4381.54
127415, 4402.56
127422, 4407.18
127431, 4397.95
127438, 4375.38
127446, 4354.36
127454, 4349.74
127462, 4362.56
127469, 4383.08
127477, 4397.44
127485, 4404.62
127493, 4394.87
127501, 4371.79
127508, 4355.38
127516, 4351.79
127524, 4358.97
127533, 4375.9
127540, 4396.92
127547, 4406.15
127555, 4392.82
127569, 4370.77
127572, 4354.87
127579, 4350.77
127587, 4362.05
127595, 4380.51
127602, 4397.44
127609, 4405.13
127618, 4393.33
127632, 4370.26
127634, 4351.28
127641, 4347.69
127649, 4361.03
127658, 4379.49
127665, 4398.46
127673, 4408.72
127681, 4397.44
127688, 4371.79
127697, 4351.28
127704, 4348.72
127712, 4363.08
127720, 4382.05
127726, 4397.44
127734, 4401.54
127743, 4390.77
127751, 4371.28
127759, 4352.82
127773, 4349.23
127775, 4358.97
127782, 4376.92
127790, 4396.92
127798, 4406.15
127806, 4397.95
127813, 4373.33
127821, 4350.77
127829, 4346.67
127837, 4358.97
127845, 4380
127853, 4397.95
127860, 4405.13
127873, 4395.38
127877, 4370.77
127887, 4349.23
127892, 4346.15
127899, 4357.95
127907, 4378.97
127915, 4401.03
127923, 4408.21
127932, 4394.87
127939, 4371.79
127946, 4353.85
127954, 4347.69
127962, 4359.49
127974, 4381.03
127978, 4395.9
127986, 4402.05
127993, 4393.85
128001, 4372.31
128015, 4353.33
128023, 4349.23
128026, 4361.03
128033, 4378.46
128045, 4396.92
128049, 4404.62
128056, 4391.28
128064, 4370.77
128072, 4354.36
128080, 4348.21
128088, 4361.03
128096, 4381.54
128103, 4397.44
128111, 4404.1
128119, 4395.9
128126, 4375.38
128134, 4350.26
128142, 4343.08
128150, 4358.46
128158, 4380
128166, 4399.49
128173, 4406.67
128181, 4392.31
128189, 4368.72
128198, 4352.31
128206, 4351.79
128212, 4362.56
128220, 4380
128229, 4399.49
128243, 4406.15
128246, 4392.31
128252, 4370.77
128259, 4353.85
128267, 4348.72
128275, 4359.49
128283, 4381.03
128291, 4394.36
128298, 4387.18
128306, 4377.95
128313, 4381.03
128322, 4385.64
128336, 4380.51
128338, 4376.92
128345, 4380.51
128353, 4378.97
128361, 4377.44
128369, 4378.97
128377, 4379.49
128391, 4381.03
128392, 4377.44
128400, 4372.82
128408, 4376.41
128416, 4380
128424, 4378.46
128438, 4376.41
128439, 4378.46
128448, 4379.49
128455, 4374.87
128463, 4375.38
128472, 4378.46
128478, 4375.9
128486, 4376.41
128494, 4380
128502, 4378.46
128510, 4377.95
128518, 4378.97
128525, 4379.49
128539, 4380
128541, 4377.44
128550, 4371.28
128557, 4372.82
128564, 4380
128572, 4376.41
128580, 4372.82
128588, 4376.92
128596, 4377.44
128604, 4377.44
128611, 4380.51
128619, 4378.46
128627, 4378.46
128635, 4381.03
128643, 4379.49
128650, 4376.92
128658, 4376.92
128666, 4377.95
128674, 4379.49
128682, 4381.54
128691, 4377.44
128697, 4372.82
128705, 4376.41
128713, 4376.92
128721, 4375.38
128729, 4375.38
128737, 4374.36
128744, 4377.44
128752, 4380
128760, 4373.33
128769, 4369.23
128776, 4374.36
128783, 4378.46
128791, 4374.87
128799, 4372.82
128807, 4375.9
128815, 4375.9
128824, 4375.38
128830, 4376.41
128838, 4375.38
128846, 4375.38
128854, 4375.38
128862, 4372.31
128870, 4371.28
128877, 4374.87
128885, 4376.41
128893, 4371.28
128901, 4371.79
128909, 4377.44
128916, 4376.92
128924, 4376.92
128932, 4376.92
128940, 4374.87
128948, 4380
128955, 4384.1
128964, 4378.97
128971, 4374.87
128979, 4376.41
128987, 4377.95
129001, 4378.46
129002, 4378.97
129010, 4375.9
129019, 4374.36
129026, 4378.46
129034, 4376.41
129041, 4373.85
129049, 4375.38
129063, 4374.87
129065, 4374.36
129073, 4372.82
129081, 4373.33
129088, 4374.36
129102, 4373.85
129104, 4374.87
129112, 4374.87
129120, 4374.36
129128, 4376.41
129135, 4375.38
129143, 4376.92
129151, 4381.54
129165, 4376.92
129168, 4370.77
129174, 4372.82, estimuli
129182, 4376.92
129190, 4377.95
129204, 4376.41
129206, 4376.41
129214, 4379.49
129221, 4380
129229, 4375.38
129237, 4373.33
129245, 4376.41
129253, 4373.33
129260, 4373.33
129268, 4377.95
129276, 4373.85
129284, 4376.41
129292, 4390.77
129300, 4393.85
129308, 4375.9
129315, 4352.82
129323, 4346.67
129331, 4360
129339, 4376.92
129346, 4395.38
129354, 4407.69
129362, 4398.46
129370, 4375.38
129378, 4353.85
129386, 4349.23
129393, 4360.51
129402, 4376.92
129409, 4392.82
129417, 4405.13
129425, 4401.03
129433, 4377.44
129440, 4355.9
129449, 4349.23
129457, 4356.92
129464, 4376.41
129472, 4395.38
129479, 4404.62
129487, 4397.95
129495, 4373.85
129503, 4353.33
129510, 4348.21
129519, 4356.41
129526, 4374.36
129534, 4392.31
129542, 4400
129550, 4395.9
129559, 4378.97
129565, 4354.87
129573, 4343.08
129582, 4354.36
129589, 4375.9
129596, 4393.33
129605, 4402.56
129612, 4394.87
129620, 4374.36
129628, 4356.92
129636, 4351.28
129644, 4360
129651, 4378.46
129665, 4397.44
129667, 4404.1
129675, 4393.33
129683, 4375.38
129691, 4356.41
129698, 4347.69
129706, 4359.49
129714, 4379.49
129722, 4396.92
129730, 4404.1
129738, 4392.31
129745, 4370.77
129753, 4352.82
129767, 4345.64
129769, 4354.36
129777, 4372.31
129784, 4392.31
129792, 4402.56
129800, 4391.28
129808, 4369.74
129816, 4353.85
129825, 4347.69
129831, 4352.82
129839, 4372.82
129847, 4396.92
129855, 4405.13
129863, 4392.31
129870, 4370.77
129878, 4353.85
129886, 4348.72
129894, 4353.85
129902, 4371.79
129910, 4394.87
129924, 4405.13
129925, 4396.92
129933, 4376.41
129941, 4356.41
129949, 4348.21
129956, 4358.46
129964, 4380.51
129972, 4397.95
129980, 4403.59
129988, 4394.87
129996, 4372.82
130004, 4354.36
130011, 4350.26
130020, 4355.38
130027, 4372.31
130035, 4394.87
130043, 4404.62
130050, 4393.85
130058, 4372.31
130065, 4355.38
130074, 4349.23
130083, 4356.92
130092, 4374.36
130097, 4394.36
130105, 4403.59
130113, 4390.77
130122, 4371.79
130129, 4356.41
130136, 4347.69
130144, 4356.92
130152, 4375.9
130160, 4393.85
130168, 4406.67
130175, 4399.49
130189, 4372.31
130191, 4350.26
130199, 4348.21
130207, 4358.97
130215, 4375.38
130229, 4395.38
130230, 4407.18
130239, 4397.44
130246, 4373.85
130254, 4352.31
130262, 4346.15
130269, 4356.41
130277, 4377.44
130289, 4393.85
130293, 4389.23
130302, 4378.97
130309, 4374.87
130317, 4374.36
130327, 4377.95
130333, 4376.41
130341, 4372.31
130348, 4372.82
130355, 4375.38
130363, 4378.46
130371, 4383.08
130379, 4381.03
130393, 4374.36
130395, 4371.28
130402, 4373.85
130410, 4374.36
130418, 4374.87
130430, 4377.44
130434, 4376.92
130442, 4376.92
130452, 4374.36
130458, 4372.82
130465, 4377.44
130473, 4377.95
130481, 4374.36
130488, 4373.85
130496, 4375.38
130504, 4374.87
130512, 4374.87
130520, 4376.92
130528, 4379.49
130535, 4377.44
130543, 4375.38
130551, 4376.41
130560, 4374.87
130567, 4376.92
130574, 4382.05
130582, 4379.49
130590, 4373.33
130597, 4376.41
130606, 4380
130614, 4374.36
130621, 4372.31
130629, 4376.41
130637, 4375.38
130645, 4374.36
130653, 4376.41
130660, 4376.41
130667, 4374.87
130676, 4372.82
130691, 4376.92
130692, 4380
130701, 4374.87
130707, 4370.77
130715, 4372.82
130723, 4375.38
130731, 4374.87
130739, 4376.92
130747, 4378.97
130754, 4372.31
130762, 4372.31
130770, 4378.97
130778, 4375.38
130790, 4369.74
130794, 4371.79
130801, 4375.38
130815, 4375.38
130817, 4374.36
130833, 4372.82
130833, 4373.33
130840, 4376.92
130848, 4375.9
130856, 4372.82
130863, 4375.38
130872, 4375.38
130880, 4372.31
130892, 4372.82
130904, 4373.33
130906, 4373.33
130911, 4374.36
130919, 4375.38
130927, 4374.87
130934, 4375.9
130942, 4379.49
130951, 4377.44
130958, 4372.31
130966, 4373.33
130974, 4377.44
130981, 4379.49
130994, 4376.41
130999, 4373.33
131009, 4375.9
131013, 4376.41
131020, 4375.38
131028, 4375.9
131036, 4374.87
131044, 4375.9
131052, 4376.41
131060, 4375.38
131067, 4376.41
131076, 4375.38
131083, 4373.85
131097, 4375.38
131099, 4375.38
131107, 4372.82
131114, 4371.28
131122, 4374.87
131130, 4377.95
131138, 4373.33
131146, 4373.33
131153, 4377.95
131161, 4376.41
131169, 4371.79
131177, 4372.82, estimuli
131185, 4378.46
131193, 4376.41
131200, 4370.77
131214, 4368.72
131217, 4371.28
131224, 4374.36
131232, 4373.85
131240, 4374.36
131247, 4375.38
131255, 4374.87
131264, 4375.38
131271, 4375.38
131279, 4373.33
131286, 4370.77
131294, 4373.85
131302, 4388.72
131316, 4395.9
131318, 4373.33
131327, 4348.21
131334, 4347.18
131341, 4361.54
131355, 4377.44
131357, 4391.79
131365, 4402.56
131372, 4394.87
131380, 4373.85
131388, 4357.44
131396, 4349.74
131404, 4355.38
131412, 4375.9
131419, 4396.92
131427, 4401.03
131435, 4390.26
131443, 4374.36
131457, 4352.82
131458, 4342.56
131466, 4356.92
131474, 4377.44
131482, 4391.79
131490, 4402.56
131498, 4396.92
131505, 4374.87
131513, 4351.79
131521, 4344.1
131529, 4354.87
131537, 4374.36
131545, 4393.33
131559, 4401.54
131561, 4393.85
131568, 4373.85
131576, 4352.31
131584, 4346.15
131591, 4361.03
131599, 4379.49
131606, 4393.33
131619, 4403.08
131624, 4400.51
131632, 4376.41
131637, 4350.77
131646, 4347.69
131654, 4361.03
131661, 4377.44
131677, 4394.87
131688, 4405.64
131689, 4396.41
131693, 4370.77
131701, 4352.31
131710, 4348.21
131717, 4353.85
131725, 4372.82
131732, 4397.44
131740, 4405.64
131748, 4392.31
131756, 4372.82
131764, 4359.49
131771, 4350.77
131779, 4354.36
131787, 4376.41
131795, 4400.51
131802, 4405.64
131810, 4392.31
131818, 4372.31
131826, 4355.38
131834, 4348.21
131842, 4358.97
131850, 4378.46
131857, 4394.87
131865, 4402.05
131873, 4392.31
131881, 4372.31
131889, 4354.36
131896, 4348.72
131904, 4359.49
131913, 4377.44
131920, 4396.41
131928, 4405.13
131936, 4394.87
131943, 4372.82
131951, 4352.82
131959, 4350.26
131967, 4361.03
131975, 4375.38
131983, 4394.87
131990, 4405.13
131998, 4394.36
132006, 4374.87
132020, 4356.41
132023, 4348.21
132029, 4357.95
132037, 4378.46
132045, 4399.49
132052, 4407.18
132061, 4395.9
132069, 4376.41
132077, 4355.38
132084, 4346.67
132092, 4358.97
132100, 4380.51
132108, 4398.46
132120, 4402.56
132124, 4393.85
132131, 4375.38
132139, 4356.41
132147, 4347.18
132155, 4356.41
132163, 4378.97
132171, 4398.46
132178, 4406.15
132186, 4394.87
132194, 4370.26
132202, 4352.31
132209, 4350.77
132217, 4363.08
132225, 4382.56
132233, 4398.97
132241, 4404.62
132250, 4392.82
132257, 4371.79
132264, 4356.41
132272, 4348.21
132280, 4357.44
132289, 4382.56
132300, 4394.36
132303, 4383.59
132311, 4373.33
132325, 4376.92
132327, 4378.97
132335, 4374.87
132342, 4375.9
132350, 4376.92
132358, 4374.87
132366, 4375.38
132376, 4375.38
132381, 4375.9
132389, 4377.44
132397, 4375.9
132405, 4372.82
132413, 4373.33
132421, 4377.95
132428, 4377.44
132436, 4376.41
132444, 4380
132452, 4376.92
132460, 4373.85
132468, 4381.03
132475, 4383.08
132484, 4377.95
132491, 4377.44
132499, 4378.97
132507, 4377.95
132514, 4377.44
132522, 4376.92
132530, 4376.41
132539, 4378.46
132546, 4378.46
132554, 4374.36
132561, 4375.38
132569, 4379.49
132578, 4378.97
132585, 4377.95
132594, 4377.95
132604, 4378.46
132608, 4377.95
132616, 4377.44
132624, 4380.51
132632, 4377.44
132640, 4372.82
132647, 4380
132656, 4384.1
132663, 4376.92
132671, 4371.28
132685, 4374.36
132687, 4378.97
132694, 4376.41
132702, 4373.33
132710, 4374.36
132718, 4376.41
132726, 4375.9
132732, 4374.36
132741, 4378.46
132749, 4381.54
132757, 4376.92
132765, 4376.92
132773, 4380
132787, 4377.44
132788, 4377.44
132796, 4381.54
132804, 4381.03
132812, 4378.97
132819, 4381.03
132828, 4381.03
132835, 4374.87
132843, 4375.38
132850, 4381.54
132859, 4382.56
132866, 4377.44
132874, 4374.87
132882, 4378.97
132890, 4382.05
132899, 4381.54
132906, 4381.03
132913, 4380
132921, 4377.44
132929, 4378.46
132937, 4381.03
132945, 4380
132952, 4376.41
132960, 4376.92
132968, 4380.51
132976, 4380.51
132984, 4378.46
132992, 4376.41
132999, 4375.38
133007, 4378.97
133015, 4380
133023, 4376.41
133031, 4377.44
133039, 4382.05
133046, 4377.95
133055, 4373.33
133062, 4378.46
133070, 4380
133078, 4375.9
133085, 4378.46
133093, 4381.54
133101, 4378.97
133109, 4375.38
133117, 4374.87
133125, 4377.44
133132, 4380
133141, 4380
133149, 4374.87
133156, 4373.33
133164, 4376.92
133171, 4375.9
133179, 4374.36, estimuli
133187, 4376.92
133194, 4376.92
133203, 4376.41
133211, 4375.9
133218, 4375.38
133226, 4376.92
133234, 4377.44
133248, 4380
133250, 4384.62
133257, 4382.05
133265, 4377.44
133273, 4377.44
133280, 4377.95
133289, 4380.51
133297, 4390.26
133305, 4394.87
133312, 4378.46
133320, 4356.41
133328, 4351.79
133336, 4356.92
133350, 4370.77
133351, 4392.82
133366, 4405.13
133367, 4398.46
133375, 4379.49
133383, 4359.49
133390, 4348.72
133398, 4356.92
133406, 4376.41
133414, 4392.31
133422, 4402.56
133430, 4397.95
133437, 4380
133451, 4360.51
133453, 4349.23
133468, 4356.92
133470, 4375.9
133476, 4392.31
133484, 4403.08
133492, 4398.97
133501, 4379.49
133508, 4359.49
133516, 4349.74
133523, 4356.41
133531, 4375.38
133538, 4396.92
133552, 4407.18
133554, 4397.44
133569, 4378.46
133569, 4358.46
133578, 4347.18
133586, 4354.36
133594, 4374.36
133608, 4395.38
133609, 4402.56
133618, 4394.36
133625, 4378.46
133632, 4357.95
133641, 4347.18
133648, 4357.44
133656, 4377.95
133664, 4394.36
133673, 4402.05
133679, 4396.92
133688, 4377.95
133695, 4354.36
133708, 4345.64
133710, 4357.95
133719, 4378.97
133727, 4396.41
133735, 4405.64
133742, 4402.05
133750, 4380
133758, 4354.36
133770, 4344.62
133774, 4354.36
133784, 4375.9
133789, 4395.38
133797, 4401.03
133811, 4395.38
133813, 4377.95
133821, 4356.41
133829, 4346.67
133836, 4354.87
133845, 4378.46
133852, 4401.54
133860, 4408.21
133868, 4396.92
133875, 4374.87
133889, 4356.41
133891, 4350.26
133899, 4359.49
133911, 4377.95
133916, 4395.38
133924, 4405.13
133934, 4397.44
133938, 4376.41
133946, 4355.9
133954, 4347.69
133961, 4359.49
133969, 4378.97
133977, 4394.87
133985, 4404.1
133993, 4396.92
134001, 4374.87
134008, 4353.85
134016, 4347.18
134024, 4359.49
134033, 4376.92
134040, 4393.33
134047, 4405.13
134055, 4397.95
134063, 4375.9
134071, 4353.33
134079, 4343.59
134087, 4353.33
134094, 4375.38
134102, 4395.9
134110, 4403.59
134118, 4393.85
134126, 4373.85
134133, 4352.82
134141, 4345.64
134149, 4355.9
134157, 4374.87
134165, 4396.41
134173, 4407.18
134180, 4396.92
134188, 4375.9
134196, 4356.41
134204, 4348.72
134212, 4355.9
134219, 4376.41
134227, 4397.44
134234, 4405.64
134243, 4397.44
134251, 4374.87
134259, 4356.92
134266, 4351.28
134274, 4355.38
134282, 4373.85
134290, 4391.28
134298, 4390.77
134306, 4378.97
134313, 4374.36
134321, 4375.9
134329, 4374.36
134337, 4373.85
134345, 4375.9
134353, 4376.92
134360, 4377.44
134369, 4376.41
134376, 4375.9
134385, 4378.97
134392, 4377.95
134399, 4371.79
134407, 4371.28
134415, 4376.41
134423, 4377.44
134431, 4374.36
134439, 4374.87
134446, 4375.9
134454, 4373.33
134462, 4374.36
134472, 4379.49
134478, 4380
134485, 4375.9
134493, 4372.82
134501, 4374.87
134509, 4377.44
134517, 4377.44
134525, 4376.92
134532, 4375.38
134540, 4374.87
134548, 4373.85
134556, 4374.36
134564, 4377.44
134577, 4377.44
134579, 4376.41
134593, 4376.41
134595, 4374.36
134603, 4375.9
134611, 4377.44
134618, 4372.82
134626, 4371.79
134634, 4375.38
134642, 4377.44
134650, 4375.38
134657, 4370.26
134665, 4371.28
134679, 4374.87
134681, 4373.85
134689, 4372.31
134697, 4377.44
134704, 4379.49
134712, 4372.31
134720, 4371.28
134728, 4376.92
134735, 4377.44
134743, 4374.87
134751, 4374.36
134760, 4375.38
134767, 4376.92
134775, 4376.92
134783, 4374.87
134790, 4375.38
134798, 4376.41
134806, 4375.38
134814, 4373.85
134822, 4375.38
134834, 4374.87
134841, 4373.33
134847, 4377.44
134853, 4380.51
134861, 4380
134869, 4376.41
134878, 4371.79
134884, 4374.36
134892, 4378.46
134907, 4376.92
134913, 4372.31
134921, 4372.31
134923, 4377.44
134936, 4378.46
134939, 4375.38
134947, 4375.9
134955, 4377.95
134963, 4376.92
134970, 4373.33
134978, 4373.85
134986, 4380
134998, 4382.05
135012, 4376.41
135013, 4374.36
135017, 4376.41
135025, 4377.44
135033, 4377.95
135041, 4377.44
135049, 4376.92
135056, 4378.97
135064, 4379.49
135072, 4374.36
135081, 4373.33
135088, 4377.44
135095, 4380.51
135103, 4381.03
135111, 4375.38
135119, 4374.36
135127, 4376.92
135135, 4374.87
135142, 4375.38
135150, 4377.44
135158, 4375.9
135166, 4375.38
135174, 4376.92
135182, 4376.41, estimuli
135189, 4376.41
135197, 4375.9
135205, 4374.87
135213, 4376.41
135221, 4377.44
135228, 4376.41
135236, 4374.87
135244, 4374.87
135251, 4374.87
135260, 4374.87
135268, 4375.9
135275, 4374.87
135284, 4374.87
135291, 4380
135299, 4390.77
135307, 4396.41
135314, 4378.97
135322, 4354.87
135330, 4347.69
135342, 4355.9
135346, 4371.28
135358, 4389.23
135361, 4402.05
135368, 4397.44
135377, 4378.46
135385, 4357.95
135393, 4348.21
135400, 4354.36
135409, 4370.26
135416, 4389.23
135424, 4402.56
135432, 4395.9
135440, 4376.41
135447, 4359.49
135455, 4351.28
135463, 4356.41
135471, 4372.82
135479, 4391.79
135487, 4403.59
135494, 4397.95
135502, 4377.44
135511, 4357.95
135518, 4349.74
135526, 4353.85
135533, 4370.77
135542, 4393.33
135549, 4403.59
135557, 4396.92
135565, 4380.51
135573, 4356.41
135580, 4345.64
135588, 4355.38
135597, 4371.28
135604, 4392.31
135612, 4404.62
135619, 4395.38
135627, 4376.41
135635, 4356.92
135643, 4346.15
135651, 4354.87
135659, 4372.82
135666, 4389.74
135674, 4404.1
135682, 4403.08
135690, 4382.05
135704, 4358.97
135705, 4348.72
135713, 4357.95
135721, 4377.95
135729, 4392.31
135737, 4400.51
135745, 4398.97
135751, 4381.03
135759, 4358.46
135768, 4348.72
135776, 4355.9
135784, 4373.85
135792, 4393.33
135804, 4406.15
135808, 4401.03
135816, 4379.49
135823, 4362.05
135835, 4353.85
135839, 4355.9
135846, 4375.38
135854, 4399.49
135862, 4408.21
135870, 4396.92
135878, 4378.97
135885, 4361.54
135893, 4349.23
135906, 4354.87
135911, 4373.85
135917, 4394.87
135925, 4405.64
135941, 4395.38
135943, 4374.36
135948, 4356.92
135960, 4349.23
135964, 4355.38
135972, 4371.79
135979, 4391.79
135992, 4404.1
135995, 4397.95
136009, 4376.92
136011, 4353.85
136018, 4343.59
136026, 4354.36
136034, 4373.85
136042, 4393.33
136050, 4404.62
136065, 4394.36
136067, 4371.28
136073, 4352.31
136081, 4346.67
136089, 4355.9
136097, 4373.33
136106, 4392.82
136112, 4404.1
136120, 4399.49
136128, 4376.41
136136, 4348.72
136144, 4342.56
136151, 4355.9
136159, 4374.87
136168, 4394.36
136175, 4404.62
136183, 4396.41
136191, 4374.36
136198, 4352.82
136206, 4346.15
136214, 4359.49
136222, 4379.49
136230, 4394.36
136237, 4403.08
136245, 4398.46
136253, 4374.87
136261, 4354.36
136268, 4348.72
136276, 4354.36
136284, 4372.82
136292, 4389.23
136300, 4387.18
136308, 4378.46
136316, 4378.97
136324, 4381.03
136331, 4375.38
136339, 4374.36
136347, 4376.41
136356, 4373.85
136369, 4373.85
136370, 4374.36
136378, 4376.41
136386, 4377.44
136394, 4376.41
136402, 4375.9
136410, 4374.87
136417, 4373.33
136425, 4371.28
136434, 4371.28
136441, 4373.33
136449, 4374.36
136457, 4375.9
136464, 4377.44
136473, 4375.9
136480, 4376.41
136488, 4375.38
136496, 4373.33
136503, 4375.9
136511, 4379.49
136519, 4377.44
136527, 4375.38
136534, 4376.92
136543, 4376.92
136550, 4372.82
136559, 4371.28
136567, 4375.38
136575, 4374.87
136582, 4371.79
136590, 4373.85
136597, 4374.87
136605, 4373.33
136613, 4373.85
136621, 4377.44
136628, 4375.9
136636, 4371.79
136644, 4375.9
136653, 4378.97
136660, 4374.87
136668, 4372.31
136676, 4375.38
136684, 4376.92
136691, 4375.9
136699, 4377.95
136707, 4376.92
136715, 4370.26
136722, 4372.31
136730, 4378.97
136744, 4379.49
136746, 4375.9
136754, 4372.82
136761, 4375.38
136769, 4377.44
136777, 4373.85
136785, 4372.82
136793, 4374.87
136801, 4374.87
136809, 4372.82
136816, 4372.82
136825, 4374.87
136832, 4375.9
136840, 4375.9
136849, 4377.44
136855, 4378.46
136863, 4376.92
136871, 4374.87
136879, 4375.9
136887, 4375.9
136894, 4374.87
136902, 4376.92
136910, 4377.95
136918, 4377.44
136932, 4376.41
136934, 4374.36
136948, 4374.36
136949, 4375.9
136957, 4374.36
136965, 4375.9
136973, 4377.95
136980, 4377.95
136989, 4376.41
136996, 4376.41
137004, 4375.9
137012, 4373.33
137020, 4374.36
137034, 4377.95
137036, 4377.44
137043, 4373.85
137051, 4372.31
137059, 4374.87
137066, 4376.41
137074, 4375.38
137083, 4374.87
137090, 4375.9
137098, 4374.36
137106, 4373.85
137113, 4375.38
137121, 4377.44
137135, 4376.41
137137, 4373.85
137145, 4375.38
137152, 4376.41
137160, 4373.33
137168, 4371.28
137176, 4372.82
137184, 4376.92, estimuli
137192, 4375.9
137199, 4373.85
137207, 4375.38
137215, 4375.38
137223, 4375.9
137231, 4375.38
137239, 4374.87
137246, 4373.85
137254, 4373.33
137262, 4375.9
137270, 4375.38
137278, 4374.87
137285, 4376.92
137293, 4376.92
137300, 4383.08
137309, 4391.28
137317, 4379.49
137325, 4356.92
137332, 4347.18
137340, 4354.36
137347, 4373.85
137357, 4393.85
137364, 4402.05
137371, 4395.38
137380, 4378.46
137387, 4359.49
137395, 4346.15
137403, 4349.74
137411, 4369.23
137418, 4393.33
137426, 4406.15
137435, 4397.95
137442, 4377.44
137450, 4354.87
137457, 4343.59
137465, 4352.82
137473, 4371.79
137481, 4389.23
137489, 4400
137497, 4397.95
137505, 4379.49
137512, 4353.33
137520, 4344.1
137528, 4353.85
137536, 4368.72
137543, 4387.69
137551, 4404.62
137559, 4400
137567, 4377.95
137575, 4356.92
137583, 4347.18
137597, 4349.23
137599, 4367.69
137606, 4392.82
137614, 4402.56
137622, 4394.36
137629, 4378.97
137637, 4360.51
137644, 4346.15
137653, 4348.72
137661, 4367.69
137668, 4390.26
137676, 4403.08
137684, 4398.46
137698, 4378.46
137700, 4355.38
137708, 4345.64
137716, 4353.85
137723, 4373.85
137731, 4392.31
137739, 4403.59
137747, 4400
137755, 4380
137763, 4358.46
137770, 4349.23
137778, 4356.41
137786, 4373.33
137800, 4390.26
137802, 4400.51
137809, 4396.92
137817, 4380
137825, 4357.95
137833, 4346.15
137841, 4353.33
137848, 4372.31
137856, 4392.31
137864, 4402.05
137872, 4396.41
137880, 4379.49
137888, 4357.44
137895, 4346.67
137903, 4353.85
137912, 4369.23
137919, 4390.77
137927, 4403.59
137934, 4393.33
137942, 4373.33
137950, 4356.92
137958, 4347.69
137972, 4353.33
137974, 4372.31
137981, 4394.36
137989, 4402.05
137997, 4391.79
138005, 4376.41
138013, 4358.46
138021, 4347.69
138028, 4353.85
138036, 4369.23
138044, 4389.23
138058, 4403.59
138060, 4396.92
138068, 4373.33
138075, 4353.33
138083, 4345.13
138091, 4350.77
138099, 4371.28
138107, 4393.33
138114, 4403.08
138122, 4397.95
138130, 4378.97
138138, 4356.41
138146, 4345.64
138158, 4353.85
138174, 4373.33
138175, 4391.28
138177, 4401.03
138185, 4399.49
138193, 4382.05
138200, 4356.41
138208, 4343.08
138216, 4352.31
138224, 4371.28
138233, 4386.67
138240, 4398.97
138247, 4397.44
138258, 4376.41
138264, 4356.41
138273, 4349.74
138279, 4355.38
138286, 4374.36
138294, 4391.28
138302, 4387.69
138310, 4374.87
138318, 4375.9
138326, 4377.44
138333, 4372.31
138341, 4373.33
138349, 4374.87
138357, 4373.85
138365, 4373.33
138373, 4372.31
138380, 4374.87
138388, 4377.95
138396, 4374.87
138404, 4372.82
138412, 4374.87
138426, 4374.87
138433, 4372.31
138435, 4370.26
138443, 4372.82
138451, 4375.9
138459, 4374.87
138466, 4374.36
138474, 4375.9
138483, 4375.9
138490, 4373.33
138499, 4371.79
138506, 4373.33
138513, 4371.79
138521, 4370.77
138529, 4371.79
138537, 4374.36
138545, 4377.44
138552, 4375.9
138560, 4373.33
138568, 4373.33
138576, 4376.92
138583, 4378.46
138592, 4375.38
138599, 4374.36
138608, 4373.85
138615, 4371.28
138623, 4373.85
138631, 4376.92
138638, 4373.85
138646, 4372.82
138654, 4375.9
138662, 4376.92
138669, 4375.38
138678, 4375.38
138685, 4374.87
138693, 4375.9
138701, 4376.41
138709, 4374.36
138721, 4374.87
138727, 4376.41
138736, 4374.87
138740, 4375.9
138748, 4375.9
138756, 4373.85
138764, 4375.9
138771, 4374.87
138779, 4371.28
138788, 4373.33
138795, 4372.82
138803, 4376.92
138812, 4381.03
138824, 4373.33
138827, 4368.72
138834, 4374.36
138842, 4376.41
138850, 4372.31
138857, 4372.82
138865, 4375.38
138873, 4371.79
138881, 4369.74
138889, 4370.26
138897, 4371.79
138904, 4373.85
138912, 4375.38
138924, 4377.95
138928, 4375.38
138936, 4371.79
138944, 4374.36
138956, 4376.41
138959, 4375.9
138968, 4374.87
138976, 4376.92
138983, 4375.9
138990, 4372.31
138999, 4373.33
139006, 4377.44
139014, 4378.97
139028, 4378.46
139031, 4376.41
139050, 4376.41
139051, 4378.46
139053, 4376.41
139061, 4375.9
139069, 4376.41
139077, 4374.87
139084, 4377.95
139097, 4380.51
139101, 4378.46
139108, 4376.92
139115, 4378.97
139124, 4378.97
139130, 4375.9
139140, 4374.87
139147, 4374.87
139155, 4373.33
139163, 4374.87
139170, 4375.38
139178, 4372.82
139187, 4373.33, estimuli
139194, 4373.33
139202, 4372.31
139210, 4374.36
139217, 4378.46
139226, 4378.97
139233, 4374.36
139241, 4373.33
139249, 4373.33
139257, 4372.82
139264, 4373.33
139272, 4371.79
139280, 4375.9
139288, 4377.44
139296, 4373.85
139303, 4385.13
139311, 4393.33
139319, 4376.41
139327, 4355.9
139335, 4348.21
139343, 4351.79
139350, 4366.67
139358, 4388.21
139366, 4400.51
139374, 4397.95
139381, 4384.1
139389, 4361.03
139397, 4344.62
139405, 4350.26
139413, 4371.28
139421, 4390.77
139429, 4399.49
139436, 4396.92
139444, 4380.51
139452, 4355.38
139460, 4344.62
139468, 4355.9
139476, 4372.31
139483, 4387.69
139491, 4400
139499, 4397.95
139507, 4378.97
139515, 4360
139522, 4348.72
139530, 4350.26
139538, 4369.74
139546, 4393.33
139554, 4403.59
139562, 4397.44
139569, 4379.49
139577, 4357.95
139585, 4345.13
139594, 4352.82
139601, 4372.31
139608, 4386.15
139616, 4396.92
139624, 4400.51
139632, 4381.54
139640, 4355.38
139649, 4347.18
139655, 4353.85
139664, 4366.67
139671, 4385.64
139680, 4402.56
139687, 4400.51
139695, 4381.03
139702, 4360.51
139710, 4348.72
139718, 4354.36
139726, 4372.82
139734, 4389.74
139741, 4400.51
139749, 4398.97
139757, 4381.03
139765, 4358.46
139773, 4348.21
139781, 4355.38
139788, 4371.79
139796, 4390.77
139804, 4402.56
139812, 4396.41
139820, 4375.9
139827, 4354.87
139836, 4346.67
139844, 4350.77
139852, 4365.64
139859, 4388.72
139867, 4401.03
139874, 4390.77
139881, 4374.36
139891, 4358.97
139898, 4346.67
139906, 4351.79
139914, 4369.74
139921, 4389.23
139929, 4402.05
139936, 4397.95
139945, 4377.95
139953, 4354.87
139960, 4345.64
139968, 4350.26
139976, 4366.67
139984, 4391.79
139992, 4404.62
140000, 4395.9
140007, 4375.38
140015, 4356.92
140023, 4347.69
140031, 4351.79
140039, 4370.77
140047, 4392.82
140055, 4401.54
140063, 4394.87
140070, 4376.41
140078, 4355.38
140086, 4346.15
140093, 4354.36
140100, 4370.77
140115, 4386.67
140118, 4397.95
140125, 4394.87
140133, 4374.87
140140, 4355.38
140148, 4348.21
140156, 4354.87
140164, 4372.82
140172, 4389.23
140179, 4398.46
140187, 4398.46
140195, 4382.05
140203, 4357.95
140211, 4347.69
140219, 4355.9
140226, 4370.26
140234, 4389.23
140242, 4405.13
140250, 4398.46
140258, 4374.87
140265, 4352.82
140274, 4345.64
140281, 4353.33
140289, 4369.74
140297, 4386.67
140305, 4390.77
140312, 4378.97
140320, 4372.82
140328, 4374.87
140336, 4373.33
140350, 4371.79
140352, 4375.38
140360, 4377.95
140372, 4375.9
140376, 4373.33
140383, 4375.38
140391, 4376.92
140397, 4375.38
140406, 4374.36
140414, 4376.92
140428, 4377.44
140430, 4374.36
140438, 4374.36
140445, 4377.95
140453, 4377.95
140461, 4374.87
140469, 4374.36
140477, 4374.36
140484, 4374.87
140492, 4372.82
140501, 4372.31
140508, 4374.36
140516, 4375.38
140524, 4376.41
140532, 4376.41
140539, 4374.36
140547, 4373.85
140555, 4375.38
140563, 4377.95
140571, 4374.36
140578, 4372.82
140586, 4375.38
140594, 4374.36
140602, 4372.31
140616, 4374.87
140617, 4375.9
140625, 4372.82
140634, 4372.82
140641, 4378.46
140649, 4380
140657, 4375.38
140664, 4373.33
140672, 4373.33
140680, 4373.33
140688, 4372.31
140696, 4371.28
140704, 4371.28
140716, 4373.85
140719, 4375.38
140727, 4375.38
140735, 4375.9
140743, 4374.87
140750, 4371.79
140758, 4374.36
140766, 4377.95
140774, 4375.9
140782, 4373.33
140790, 4374.87
140797, 4375.38
140805, 4374.36
140814, 4372.82
140823, 4374.87
140829, 4375.38
140838, 4373.33
140844, 4373.85
140852, 4374.87
140860, 4376.92
140868, 4376.41
140876, 4371.79
140883, 4371.79
140891, 4374.36
140899, 4374.87
140907, 4373.85
140915, 4373.33
140923, 4373.33
140930, 4373.85
140938, 4377.44
140946, 4377.95
140955, 4374.87
140961, 4374.87
140976, 4377.95
140978, 4377.44
140985, 4376.41
140993, 4375.38
141001, 4373.85
141009, 4371.79
141016, 4374.87
141030, 4380
141032, 4378.46
141040, 4375.38
141048, 4375.38
141056, 4373.85
141063, 4374.87
141071, 4376.41
141079, 4374.36
141087, 4373.85
141095, 4373.85
141102, 4374.36
141110, 4373.85
141118, 4373.85
141126, 4374.87
141134, 4374.36
141142, 4373.85
141149, 4374.87
141158, 4373.33
141166, 4370.77
141173, 4369.74
141181, 4372.82
141189, 4374.36, estimuli
141197, 4373.85
141204, 4374.36
141213, 4373.85
141220, 4375.9
141228, 4377.44
141235, 4375.38
141243, 4373.85
141252, 4374.36
141259, 4376.41
141267, 4376.92
141275, 4375.38
141283, 4376.41
141290, 4374.36
141298, 4373.33
141307, 4385.13
141320, 4393.33
141322, 4380.51
141329, 4357.44
141337, 4344.62
141346, 4351.79
141353, 4372.31
141361, 4391.28
141368, 4400
141376, 4397.95
141385, 4383.08
141393, 4357.95
141400, 4342.56
141409, 4350.77
141415, 4371.28
141424, 4389.74
141431, 4401.03
141439, 4401.03
141448, 4383.08
141455, 4356.92
141462, 4346.15
141470, 4350.77
141478, 4365.13
141486, 4388.21
141494, 4404.62
141501, 4400.51
141512, 4380
141517, 4358.97
141524, 4346.67
141534, 4352.82
141540, 4372.31
141548, 4388.72
141556, 4400
141564, 4398.46
141572, 4378.97
141579, 4358.46
141587, 4349.23
141595, 4351.28
141603, 4368.72
141611, 4390.77
141619, 4402.56
141626, 4396.92
141634, 4377.44
141642, 4358.46
141650, 4349.74
141658, 4351.79
141666, 4367.18
141673, 4391.79
141681, 4404.62
141689, 4396.41
141697, 4377.44
141705, 4357.95
141713, 4347.69
141720, 4352.82
141728, 4370.26
141737, 4390.26
141744, 4403.08
141758, 4396.41
141760, 4377.95
141767, 4359.49
141775, 4348.72
141783, 4354.36
141794, 4369.74
141799, 4389.23
141806, 4401.03
141814, 4394.36
141822, 4375.9
141830, 4356.41
141839, 4345.64
141845, 4351.79
141853, 4368.72
141861, 4389.74
141869, 4405.13
141877, 4398.97
141885, 4378.46
141899, 4358.97
141900, 4348.72
141908, 4350.26
141916, 4369.23
141924, 4391.79
141932, 4400
141946, 4396.41
141948, 4381.54
141955, 4356.41
141963, 4343.59
141971, 4350.77
141979, 4369.23
141986, 4388.21
141994, 4401.03
142002, 4398.97
142010, 4380.51
142018, 4357.95
142025, 4347.18
142033, 4354.36
142047, 4372.31
142049, 4388.21
142057, 4399.49
142065, 4398.97
142072, 4377.44
142079, 4353.33
142088, 4346.67
142097, 4354.36
142104, 4370.26
142111, 4386.67
142120, 4397.95
142128, 4394.87
142135, 4376.92
142147, 4359.49
142151, 4351.28
142159, 4351.79
142167, 4366.15
142174, 4391.28
142183, 4405.13
142190, 4396.41
142198, 4378.46
142205, 4358.97
142213, 4347.18
142221, 4354.36
142229, 4373.33
142237, 4393.33
142251, 4404.62
142252, 4396.41
142260, 4377.95
142274, 4360.51
142276, 4348.72
142284, 4350.77
142298, 4371.28
142298, 4394.87
142307, 4391.28
142316, 4373.85
142323, 4375.38
142331, 4379.49
142338, 4373.33
142346, 4372.82
142354, 4376.41
142363, 4375.38
142370, 4375.38
142378, 4375.9
142385, 4374.36
142393, 4373.33
142402, 4374.36
142409, 4375.38
142417, 4375.38
142424, 4374.87
142432, 4373.85
142440, 4374.36
142448, 4374.87
142455, 4374.87
142464, 4375.38
142478, 4373.85
142480, 4374.87
142487, 4375.38
142495, 4373.85
142509, 4374.87
142511, 4375.9
142518, 4374.36
142526, 4374.87
142534, 4374.36
142542, 4372.31
142550, 4372.82
142556, 4375.38
142565, 4374.87
142579, 4374.36
142581, 4377.95
142589, 4377.44
142598, 4373.33
142611, 4373.33
142611, 4373.85
142620, 4373.85
142628, 4375.38
142636, 4374.36
142643, 4374.87
142651, 4375.38
142659, 4370.77
142668, 4370.77
142676, 4374.36
142683, 4372.31
142690, 4369.74
142698, 4373.85
142706, 4375.9
142715, 4375.38
142723, 4375.38
142730, 4373.85
142738, 4375.38
142747, 4375.9
142753, 4370.77
142761, 4369.23
142775, 4373.33
142777, 4375.9
142784, 4375.9
142792, 4374.87
142806, 4378.97
142808, 4379.49
142816, 4373.33
142824, 4373.33
142832, 4376.41
142839, 4374.36
142848, 4372.82
142855, 4373.85
142863, 4373.85
142871, 4375.38
142879, 4376.41
142886, 4374.36
142894, 4372.31
142906, 4373.85
142911, 4374.87
142918, 4372.82
142926, 4371.28
142933, 4371.28
142941, 4374.36
142949, 4373.85
142958, 4373.85
142965, 4375.38
142972, 4371.28
142980, 4372.31
142988, 4376.92
142996, 4373.33
143004, 4370.26
143011, 4373.85
143019, 4376.92
143027, 4375.38
143035, 4375.38
143043, 4376.41
143051, 4374.87
143058, 4374.36
143067, 4375.9
143074, 4376.92
143082, 4375.9
143090, 4373.85
143097, 4373.85
143105, 4374.36
143113, 4375.38
143122, 4377.44
143129, 4375.38
143137, 4372.31
143144, 4375.38
143152, 4375.9
143160, 4371.79
143174, 4373.33
143177, 4376.41
143183, 4376.92
143191, 4374.87, estimuli
143200, 4375.38
143207, 4376.41
143214, 4375.38
143223, 4375.9
143230, 4375.38
143238, 4373.33
143246, 4374.36
143254, 4377.44
143263, 4377.95
143276, 4373.33
143277, 4372.82
143285, 4376.92
143293, 4376.41
143301, 4375.9
143309, 4389.23
143316, 4398.46
143324, 4384.1
143332, 4357.44
143340, 4344.62
143348, 4352.82
143355, 4369.23
143363, 4389.74
143376, 4403.59
143379, 4399.49
143387, 4381.54
143395, 4363.08
143402, 4350.77
143409, 4351.28
143419, 4370.77
143426, 4394.36
143434, 4403.59
143443, 4397.95
143449, 4381.03
143457, 4361.03
143466, 4348.72
143473, 4352.31
143481, 4371.28
143489, 4391.79
143496, 4401.54
143504, 4399.49
143512, 4382.56
143520, 4362.05
143528, 4350.77
143536, 4353.33
143543, 4369.74
143551, 4390.26
143559, 4403.59
143567, 4400
143575, 4381.03
143582, 4360.51
143590, 4348.21
143598, 4351.79
143606, 4369.74
143618, 4391.28
143621, 4404.1
143629, 4398.97
143637, 4378.97
143645, 4358.46
143653, 4349.23
143661, 4353.85
143668, 4366.67
143676, 4387.18
143684, 4402.56
143692, 4396.92
143700, 4380.51
143707, 4362.05
143715, 4347.69
143723, 4352.82
143732, 4372.82
143739, 4390.77
143747, 4400
143754, 4396.92
143761, 4382.05
143770, 4361.03
143777, 4348.21
143785, 4352.82
143794, 4370.77
143808, 4393.33
143809, 4407.18
143816, 4397.95
143825, 4374.87
143839, 4356.41
143840, 4348.21
143847, 4349.74
143856, 4365.13
143864, 4389.74
143872, 4402.56
143880, 4396.41
143887, 4380.51
143895, 4360
143909, 4346.67
143910, 4351.79
143919, 4370.77
143926, 4390.26
143943, 4403.59
143944, 4401.54
143950, 4381.03
143958, 4358.97
143966, 4349.23
143973, 4353.85
143981, 4368.72
143989, 4388.72
143997, 4403.08
144005, 4402.05
144013, 4383.59
144021, 4360.51
144029, 4349.74
144037, 4355.9
144047, 4371.79
144052, 4388.72
144060, 4404.62
144068, 4404.62
144075, 4382.05
144083, 4358.97
144091, 4348.21
144099, 4354.87
144106, 4375.38
144114, 4394.87
144122, 4403.59
144130, 4398.46
144138, 4381.54
144146, 4360.51
144153, 4345.64
144161, 4351.79
144169, 4373.85
144176, 4393.85
144184, 4402.05
144192, 4394.87
144200, 4376.92
144208, 4357.95
144216, 4349.74
144224, 4353.85
144232, 4368.72
144239, 4391.79
144247, 4403.08
144255, 4395.9
144263, 4378.46
144271, 4358.97
144278, 4349.23
144286, 4353.85
144295, 4371.79
144302, 4391.79
144310, 4391.79
144318, 4377.44
144325, 4375.38
144333, 4380
144341, 4376.41
144349, 4373.85
144357, 4375.9
144364, 4374.36
144372, 4372.31
144380, 4375.38
144388, 4376.41
144402, 4373.85
144404, 4374.36
144411, 4376.41
144419, 4376.41
144427, 4375.38
144435, 4373.85
144443, 4372.82
144450, 4374.36
144458, 4377.44
144466, 4375.9
144474, 4372.82
144482, 4376.41
144490, 4379.49
144502, 4377.44
144505, 4373.85
144514, 4373.85
144521, 4374.87
144528, 4373.85
144537, 4373.85
144544, 4375.9
144552, 4375.38
144561, 4373.85
144568, 4374.36
144576, 4372.82
144583, 4372.82
144591, 4374.87
144599, 4377.95
144607, 4376.92
144615, 4372.31
144623, 4373.33
144630, 4376.41
144639, 4374.36
144647, 4372.82
144654, 4371.79
144662, 4369.74
144670, 4372.31
144677, 4374.36
144685, 4369.74
144693, 4366.15
144701, 4371.28
144709, 4372.82
144716, 4367.69
144725, 4366.67
144732, 4370.77
144740, 4376.92
144748, 4376.41
144756, 4374.36
144763, 4376.41
144771, 4375.38
144779, 4373.85
144788, 4375.38
144795, 4376.92
144802, 4377.95
144810, 4379.49
144818, 4376.41
144826, 4369.74
144833, 4395.38
144842, 4383.08
144849, 4332.31
144857, 4478.97
144866, 4508.21
144873, 4303.08
144881, 4345.64
144888, 4409.74
144896, 4343.59
144904, 4355.9
144912, 4359.49
144920, 4371.28
144928, 4391.79
144935, 4399.49
144944, 4405.13
144952, 4394.36
144959, 4379.49
144967, 4364.1
144974, 4354.87
144982, 4354.36
144990, 4354.36
144998, 4355.38
145006, 4356.41
145014, 4357.95
145021, 4359.49
145028, 4364.62
145037, 4369.74
145045, 4369.74
145053, 4372.31
145061, 4372.31
145068, 4369.74
145077, 4374.36
145084, 4377.95
145092, 4377.44
145100, 4374.87
145107, 4381.03
145116, 4383.59
145123, 4366.67
145135, 4389.23
145139, 4404.1
145147, 4369.74
145154, 4374.36
145162, 4382.56
145170, 4372.82
145178, 4380
145186, 4382.05
145193, 4388.21
145202, 4385.64
145209, 4373.33
145217, 4377.44
145225, 4381.03
145233, 4379.49
145240, 4381.03
145248, 4378.97
145256, 4377.95
145264, 4379.49
145272, 4378.46
145280, 4375.38
145287, 4374.87
145295, 4376.92
145302, 4379.49
145311, 4386.15
145319, 4391.28
145326, 4388.72
145334, 4383.59
145342, 4384.62
145350, 4395.38
145358, 4398.46
145366, 4384.1
145374, 4378.97
145381, 4388.21
145389, 4393.85
145397, 4385.64
145405, 4373.33
145412, 4377.44
145420, 4384.1
145428, 4375.38
145437, 4370.26
145444, 4375.38
145452, 4378.97
145459, 4377.95
145467, 4379.49
145476, 4386.67
145483, 4387.18
145491, 4378.97
145498, 4376.92
145506, 4383.08
145514, 4385.64
145521, 4380.51
145530, 4378.97
145539, 4383.59
145545, 4381.03
145553, 4377.95
145560, 4378.97
145569, 4377.44
145577, 4377.95
145584, 4381.54
145592, 4381.54
145600, 4377.44
145608, 4377.44
145615, 4378.46
145624, 4377.44
145631, 4381.03
145639, 4384.1
145647, 4381.03
145655, 4380
145663, 4377.95
145670, 4375.38
145678, 4375.9
145686, 4376.92
145694, 4376.92
145702, 4376.92
145710, 4380
145717, 4373.85
145725, 4392.31
145733, 4384.62
145741, 4309.23
145749, 4339.49
145756, 4351.28
145764, 4318.46
145772, 4381.54
145780, 4367.69
145788, 4354.36
145796, 4398.46
145803, 4365.64
145811, 4356.41
145819, 4396.92
145827, 4373.85
145835, 4353.33
145842, 4393.33
145850, 4387.69
145858, 4361.54
145866, 4378.46
145874, 4387.18
145882, 4368.72
145889, 4372.82
145897, 4387.18
145905, 4383.08
145912, 4375.9
145921, 4379.49
145929, 4387.69
145936, 4386.15
145945, 4378.97
145952, 4371.28
145960, 4383.59
145968, 4390.26
145975, 4370.77
145983, 4376.41
145991, 4389.74
145999, 4378.46
146007, 4380
146016, 4381.03
146023, 4371.79
146029, 4380.51
146038, 4377.44
146046, 4372.31
146054, 4381.54
146061, 4377.95
146068, 4375.9
146077, 4377.95
146085, 4375.38
146093, 4377.44
146101, 4380
146108, 4375.9
146116, 4376.92
146124, 4381.54
146132, 4376.41
146140, 4374.87
146147, 4380.51
146155, 4378.97
146163, 4378.97
146171, 4381.03
146179, 4373.33
146187, 4374.36
146194, 4377.95
146202, 4374.36
146210, 4376.92
146218, 4378.46
146227, 4373.33
146233, 4378.46
146241, 4382.56
146249, 4374.36
146257, 4381.03
146265, 4387.69
146273, 4374.36
146280, 4374.36
146288, 4383.59
146296, 4380
146304, 4374.36
146312, 4377.95
146320, 4378.46
146327, 4372.31
146335, 4373.33
146343, 4381.54
146351, 4383.08
146359, 4378.97
146366, 4380.51
146374, 4379.49
146382, 4372.82
146390, 4373.85
146398, 4376.41
146407, 4375.38
146413, 4376.41
146421, 4378.46
146429, 4378.97
146437, 4378.46
146445, 4380.51
146452, 4382.56
146460, 4379.49
146468, 4377.44
146476, 4377.44
146484, 4378.46
146492, 4378.46
146499, 4377.44
146507, 4377.44
146515, 4377.44
146523, 4376.41
146531, 4376.41
146538, 4376.92
146546, 4375.38
146554, 4375.38
146562, 4378.97
146570, 4379.49
146577, 4374.36
146585, 4375.38
146593, 4377.44
146601, 4375.38
146609, 4377.95
146616, 4380.51
146624, 4382.56
146632, 4382.05
146640, 4377.44
146648, 4378.46
146656, 4379.49
146664, 4374.87
146671, 4372.82
146679, 4376.41
146687, 4378.97
146695, 4375.38
146703, 4371.28
146710, 4372.82
146718, 4373.85
146726, 4374.87
146734, 4376.92
146742, 4375.9
146750, 4374.87
146758, 4375.38
146765, 4377.44
146773, 4378.97
146781, 4376.41
146789, 4374.36
146796, 4375.9
146804, 4376.92
146812, 4373.85
146820, 4371.28
146828, 4373.85
146836, 4376.92
146843, 4376.41
146851, 4374.36
146859, 4376.41
146867, 4379.49
146875, 4377.44
146883, 4374.87
146890, 4375.9
146898, 4376.92
146907, 4375.9
146914, 4374.36
146922, 4373.85
146929, 4374.87
146937, 4373.85
146945, 4371.79
146953, 4372.31
146961, 4375.38
146969, 4380
146976, 4380
146984, 4377.44
146992, 4374.87
147000, 4372.82
147008, 4374.87
147015, 4378.46
147023, 4375.9
147031, 4369.74
147039, 4370.77
147047, 4376.41
147055, 4374.87
147061, 4374.36
147069, 4377.95
147078, 4376.92
147086, 4373.85
147094, 4375.38
147101, 4378.97
147109, 4377.44
147117, 4375.9
147125, 4378.97
147132, 4380
147141, 4376.41
147148, 4375.38
147156, 4376.41
147164, 4376.92
147172, 4377.44
147180, 4380
147187, 4378.97
147195, 4374.87
147203, 4374.87
147211, 4377.95
147219, 4376.41
147227, 4375.38
147234, 4376.92
147242, 4377.95
147250, 4377.44
147258, 4375.38
147266, 4376.92
147273, 4377.44
147281, 4376.41
147289, 4377.95
147297, 4377.95
147306, 4375.9
147313, 4376.41
147320, 4377.95
147328, 4379.49
147336, 4377.44
147344, 4375.38
147352, 4377.44
147360, 4381.03
147367, 4377.95
147375, 4375.38
147383, 4378.97
147391, 4379.49
147399, 4375.9
147406, 4372.82
147414, 4372.31
147422, 4374.36
147430, 4376.41
147438, 4376.41
147446, 4375.38
147452, 4376.92
147461, 4376.92
147469, 4375.9
147477, 4378.97
147484, 4377.95
147492, 4375.38
147500, 4378.46
147508, 4378.46
147516, 4376.41
147524, 4378.46
147532, 4377.44
147539, 4374.36
147547, 4375.9
147554, 4377.95
147562, 4375.38
147571, 4371.79
147578, 4375.38
147586, 4380
