0.0001, 4140.51
0.5563, 4141.03
0.6564, 4138.97
0.7483, 4138.97
32.294, 4140.51
32.4362, 4136.41
32.53, 4134.87
32.6058, 4138.46
63.2818, 4145.64
63.469, 4154.36
63.5545, 4154.36
63.6453, 4143.08
93.3184, 4129.23
93.4543, 4125.13
93.5174, 4127.69
93.5765, 4128.21
125.439, 4134.87
125.583, 4153.85
125.654, 4169.23
125.721, 4166.15
156.227, 4153.85
156.376, 4142.05
156.451, 4136.41
156.527, 4141.03
187.406, 4149.23
187.553, 4163.08
187.646, 4180.51
187.718, 4182.56
218.64, 4169.74
218.807, 4154.87
218.892, 4146.67
218.972, 4147.18
251.353, 4152.31
251.811, 4167.69
251.887, 4183.59
251.959, 4176.41
281.477, 4157.44
281.592, 4147.69
281.653, 4144.1
281.712, 4140
312.404, 4148.72
312.499, 4169.23
312.542, 4181.03
312.581, 4175.9
344.314, 4162.56
344.422, 4149.74
344.465, 4143.08
344.505, 4145.64
375.449, 4157.95
375.552, 4175.9
375.595, 4185.13
375.635, 4182.56
406.892, 4174.87
406.998, 4167.69
407.1, 4168.21
407.185, 4172.31
437.565, 4181.54
437.679, 4201.54
437.73, 4214.87
437.791, 4212.82
469.477, 4206.67
469.57, 4198.97
469.644, 4191.28
469.687, 4191.28
500.334, 4202.56
500.483, 4219.49
500.547, 4230.26
500.601, 4230.26
531.421, 4223.08
531.498, 4212.31
531.533, 4205.64
531.564, 4206.67
563.551, 4213.33
563.652, 4226.15
563.702, 4238.46
563.749, 4237.44
594.275, 4222.05
594.421, 4209.74
594.482, 4206.67
594.523, 4205.13
625.505, 4206.67
625.638, 4220
625.707, 4229.23
625.766, 4217.95
656.12, 4199.49
656.229, 4185.64
656.281, 4175.38
656.38, 4169.23
688.416, 4170.26
688.525, 4178.46
688.58, 4184.62
688.629, 4178.46
719.585, 4164.62
720.079, 4152.82
720.293, 4143.08
720.343, 4141.03
750.435, 4149.74
750.559, 4161.54
750.625, 4167.18
750.692, 4164.62
781.258, 4156.41
781.349, 4142.56
781.391, 4136.92
781.431, 4142.56
813.4, 4148.21
813.538, 4156.41
813.611, 4164.1
813.668, 4160
844.201, 4146.15
844.353, 4132.31
844.387, 4125.64
844.418, 4128.72
875.418, 4134.87
875.548, 4145.13
875.604, 4156.92
875.658, 4155.38
907.274, 4142.56
907.365, 4133.33
907.407, 4129.23
907.447, 4127.69
938.341, 4136.41
938.566, 4150.77
938.67, 4153.33
938.748, 4149.74
969.136, 4142.56
970.684, 4129.23
970.758, 4123.08
970.8, 4126.67
1000.34, 4130.77
1000.46, 4140.51
1000.53, 4152.31
1000.59, 4148.21
1032.33, 4134.87
1032.45, 4127.69
1032.51, 4120.51
1032.57, 4117.44
1063.41, 4124.62
1063.54, 4132.31
1063.61, 4131.79
1063.68, 4129.23
1094.88, 4132.31
1095.01, 4131.79
1095.06, 4127.18
1095.11, 4128.72
1126.34, 4133.33
1126.46, 4130.77
1126.51, 4129.23
1126.55, 4132.82
1157.5, 4132.82
1157.74, 4130.77
1157.81, 4131.28
1157.9, 4131.28
1188.39, 4130.26
1188.53, 4131.28
1188.6, 4131.79
1188.66, 4130.26
1221.25, 4129.23
1221.44, 4129.74
1221.62, 4131.79
1221.67, 4132.31
1251.85, 4128.72
1251.96, 4127.69
1252.02, 4129.23
1252.07, 4128.21
1282.37, 4127.69
1282.49, 4127.69
1282.96, 4128.72
1283.22, 4129.23
1336.76, 4128.72
1336.88, 4128.72
1336.95, 4126.67
1336.99, 4124.1
1344.5, 4127.18
1344.63, 4130.26
1344.7, 4126.67
1344.76, 4126.15
1396.3, 4130.26
1396.43, 4130.26
1396.49, 4126.67
1396.55, 4128.21
1407.58, 4129.23
1407.69, 4127.18
1407.74, 4128.72
1407.79, 4129.74
1438.19, 4127.69
1438.35, 4129.23
1438.4, 4130.77
1438.49, 4130.26
1475.79, 4130.77
1475.89, 4130.26
1475.95, 4127.69
1476, 4128.21
1501.54, 4131.28
1502.19, 4129.74
1502.3, 4128.21
1502.37, 4129.74
1532.4, 4128.72
1532.5, 4129.23
1532.55, 4130.26
1532.6, 4127.18
1563.41, 4124.62
1563.54, 4128.21
1563.6, 4130.26
1563.65, 4128.21
1595.29, 4128.72
1595.42, 4130.26
1595.48, 4129.74
1595.53, 4128.72
1633.29, 4130.26
1633.4, 4131.28
1633.45, 4131.28
1633.5, 4129.74
1660.48, 4129.74
1660.64, 4130.77
1660.74, 4131.28
1660.8, 4131.28
1689.42, 4129.23
1689.64, 4129.74
1689.71, 4131.79
1689.76, 4130.26
1721.26, 4129.74
1721.38, 4131.28
1721.43, 4131.79
1721.48, 4132.82
1751.3, 4130.77
1751.42, 4129.74
1751.48, 4132.82
1751.54, 4133.33
1782.21, 4131.79
1782.34, 4130.77
1782.4, 4131.28
1782.53, 4132.31
1814.33, 4131.79
1814.51, 4129.74
1814.56, 4130.26
1814.61, 4132.82
1845.42, 4132.31
1845.53, 4130.26
1845.58, 4129.23
1845.63, 4129.74
1876.37, 4131.79
1876.48, 4131.28
1876.53, 4129.74
1876.58, 4131.79
1907.35, 4132.31
1907.46, 4130.26
1907.52, 4130.26
1907.58, 4131.28
1939.43, 4130.26
1939.59, 4130.26
1939.65, 4132.82
1939.7, 4134.36
1971.3, 4131.79
1971.47, 4128.72
1971.54, 4129.23
1971.61, 4130.77
2001.39, 4132.31
2001.63, 4133.33
2001.7, 4132.82
2001.76, 4131.28
2033.4, 4130.77
2033.54, 4131.28
2033.61, 4132.31
2033.68, 4132.31
2064.85, 4130.77
2065.04, 4130.26
2065.1, 4133.85
2065.14, 4134.87
2095.42, 4132.82
2095.54, 4132.31
2095.66, 4133.33
2095.74, 4132.82
2126.43, 4131.28
2126.67, 4130.77
2126.72, 4131.79
2126.76, 4131.28
2158.42, 4129.74
2158.52, 4130.26
2158.57, 4130.77
2158.61, 4131.79
2189.46, 4132.31
2189.63, 4131.79
2189.79, 4131.79
2189.85, 4131.79
2220.46, 4131.28
2220.62, 4130.77
2220.77, 4132.31
2220.85, 4133.33
2252.42, 4131.79
2252.93, 4130.77
2253.7, 4131.28
2253.75, 4132.82
2283.7, 4135.9
2283.82, 4133.85
2283.87, 4130.77
2283.93, 4132.82
2314.24, 4133.33
2314.35, 4132.31
2314.39, 4133.85
2314.42, 4135.38
2345.38, 4133.85
2345.5, 4132.31
2345.55, 4133.33
2345.6, 4134.36
2377.35, 4132.31
2377.45, 4130.26
2377.5, 4134.36
2377.53, 4140
2408.48, 4135.9
2408.63, 4131.28
2408.71, 4133.85
2408.8, 4134.87
2439.45, 4131.28
2439.62, 4130.26
2439.67, 4133.85
2439.71, 4135.38
2471.49, 4133.85
2471.59, 4133.33
2471.64, 4134.36
2471.68, 4132.31
2502.07, 4130.77
2502.17, 4132.31
2502.23, 4133.33
2502.29, 4132.82
2533.4, 4132.31
2533.5, 4132.82
2533.55, 4132.31
2533.6, 4132.82
2563.89, 4134.36
2563.98, 4133.33
2564.02, 4132.31
2564.05, 4133.33
2595.9, 4133.85
2595.98, 4132.82
2596.01, 4131.79
2596.04, 4133.33
2627.42, 4133.85
2627.54, 4133.85
2627.6, 4134.87
2627.65, 4133.85
2657.93, 4133.33
2658, 4132.82
2658.04, 4133.33
2658.07, 4135.38
2689.06, 4135.38
2689.15, 4133.33
2689.18, 4131.79
2689.21, 4134.87
2721.25, 4138.97
2721.33, 4135.9
2721.36, 4132.82
2721.39, 4135.38
2752.05, 4135.38
2752.12, 4132.31
2752.15, 4132.31
2752.18, 4130.26
2783.05, 4128.72
2783.36, 4130.77
2783.45, 4130.26
2783.5, 4126.67
2815.2, 4126.67
2815.27, 4130.26
2815.31, 4128.21
2815.34, 4128.21
2846.37, 4132.82
2846.48, 4133.85
2846.59, 4133.85
2846.67, 4138.97
2877.14, 4143.59
2877.22, 4141.03
2877.26, 4138.97
2877.29, 4142.05
2907.9, 4141.03
2907.99, 4140
2908.02, 4143.59
2908.06, 4145.64
2940, 4145.13
2940.09, 4144.1
2940.12, 4141.54
2940.15, 4141.03
2971.17, 4141.54
2971.25, 4139.49
2971.29, 4137.44
2971.32, 4140
3002.08, 4140
3002.15, 4136.41
3002.19, 4138.46
3002.22, 4143.59
3033.17, 4143.59
3033.26, 4142.05
3033.29, 4141.54
3033.32, 4140
3065.41, 4137.95
3065.53, 4137.95
3065.59, 4140
3065.64, 4141.54
3096.15, 4140.51
3096.26, 4140
3096.32, 4143.59
3096.36, 4143.59
3127.23, 4137.95
3127.35, 4137.95
3127.41, 4142.05
3127.45, 4143.59
3159.08, 4142.05
3159.16, 4139.49
3159.19, 4139.49
3159.23, 4138.97
3190.36, 4136.41
3190.46, 4135.9
3190.5, 4138.46
3190.54, 4140
3221.36, 4142.05
3221.47, 4140
3221.52, 4138.97
3221.57, 4142.05
3252.16, 4140.51
3252.27, 4137.44
3252.31, 4137.44
3252.34, 4138.97
3284, 4141.03
3284.12, 4142.56
3284.16, 4140
3284.2, 4138.46
3315.32, 4141.54
3315.4, 4140.51
3315.43, 4135.9
3315.46, 4135.9
3346.03, 4137.95
3346.13, 4138.46
3346.18, 4138.97
3346.22, 4137.95
3378.24, 4137.44
3378.32, 4135.9
3378.35, 4135.38
3378.38, 4135.38
3409.12, 4135.9
3409.24, 4136.92
3409.31, 4135.9
3409.38, 4136.41
3440.06, 4139.49
3440.14, 4138.46
3440.18, 4135.38
3440.21, 4135.9
3471.62, 4137.95
3471.79, 4139.49
3471.83, 4140.51
3471.87, 4138.97
3503.13, 4138.97
3503.23, 4140
3503.29, 4138.97
3503.33, 4140
3534.22, 4137.95
3534.35, 4137.95
3534.42, 4141.03
3534.48, 4142.56
3565.25, 4142.05
3565.41, 4140
3565.48, 4138.46
3565.54, 4136.92
3597.12, 4137.95
3597.2, 4137.44
3597.24, 4136.92
3597.33, 4138.46
3628.11, 4137.95
3628.19, 4138.97
3628.22, 4141.54
3628.25, 4140
3658.96, 4140.51
3659.05, 4143.08
3659.09, 4141.03
3659.12, 4138.46
3690.3, 4139.49
3690.43, 4139.49
3690.49, 4136.92
3690.54, 4136.41
3722.5, 4138.46
3722.63, 4139.49
3722.7, 4139.49
3722.75, 4141.03
3753.28, 4140.51
3753.4, 4138.97
3753.45, 4138.46
3753.51, 4140
3784.22, 4142.56
3784.33, 4141.54
3784.42, 4137.44
3784.46, 4135.9
3815.07, 4138.46
3815.16, 4138.97
3815.2, 4137.44
3815.23, 4137.44
3847.03, 4136.41
3847.13, 4135.9
3847.18, 4137.95
3847.23, 4138.97
3877.88, 4137.44
3877.96, 4137.95
3877.99, 4139.49
3878.02, 4137.44
3909.28, 4134.87
3909.43, 4136.92
3909.51, 4141.03
3909.58, 4141.03
3941.03, 4140
3941.12, 4141.54
3941.15, 4141.54
3941.18, 4136.41
3972.24, 4134.36
3972.32, 4137.44
3972.35, 4138.46
3972.39, 4136.41
4003.01, 4135.9
4003.1, 4139.49
4003.15, 4143.08
4003.19, 4140.51
4034.21, 4135.9
4034.29, 4137.44
4034.32, 4138.46
4034.35, 4138.97
4066.01, 4140.51
4066.08, 4137.95
4066.12, 4136.92
4066.15, 4140.51
4096.93, 4141.54
4097.04, 4139.49
4097.09, 4134.87
4097.14, 4132.31
4128.26, 4132.82
4128.35, 4130.77
4128.4, 4130.26
4128.44, 4132.82
4158.93, 4132.31
4159, 4132.31
4159.04, 4137.44
4159.07, 4138.46
4191.16, 4136.92
4191.24, 4137.95
4191.27, 4136.92
4191.3, 4137.95
4222.28, 4140
4222.39, 4138.97
4222.44, 4141.54
4222.49, 4145.64
4253.24, 4143.08
4253.39, 4140
4253.49, 4139.49
4253.55, 4138.97
4285.2, 4141.03
4285.27, 4141.54
4285.31, 4137.44
4285.34, 4137.95
4316.53, 4143.08
4316.67, 4141.54
4316.75, 4137.44
4316.82, 4140.51
4347.1, 4144.1
4347.18, 4141.03
4347.21, 4138.46
4347.24, 4140.51
4378.13, 4140.51
4378.2, 4136.41
4378.24, 4137.95
4378.27, 4143.59
4410.07, 4143.08
4410.16, 4141.54
4410.19, 4141.54
4410.23, 4142.05
4441.2, 4142.05
4441.29, 4142.05
4441.33, 4141.03
4441.37, 4140.51
4472.21, 4142.56
4472.31, 4142.05
4472.35, 4138.97
4472.39, 4140.51
4503.91, 4143.08
4503.99, 4140
4504.03, 4137.95
4504.06, 4140.51
4535.53, 4142.56
4535.64, 4141.54
4535.69, 4139.49
4535.75, 4141.03
4566.28, 4142.56
4566.38, 4138.97
4566.44, 4138.97
4566.49, 4142.05
4597.3, 4139.49
4597.4, 4137.44
4597.46, 4141.03
4597.52, 4142.56
4629.2, 4138.97
4629.29, 4141.03
4629.34, 4143.59
4629.38, 4141.54
4660.4, 4141.03
4660.49, 4141.03
4660.52, 4140
4660.55, 4142.05
4691.43, 4142.56
4691.54, 4137.44
4691.59, 4134.36
4691.64, 4138.46
4723.38, 4140.51
4723.52, 4139.49
4723.59, 4141.03
4723.65, 4142.56
4754.71, 4141.54
4754.88, 4140
4754.95, 4137.44
4755.01, 4133.85
4785.51, 4133.33
4785.62, 4132.82
4785.67, 4131.28
4785.72, 4129.74
4816.3, 4128.21, estimuli
4817.83, 4129.74
4817.97, 4133.85
4818.04, 4133.33
4848.29, 4131.79
4848.41, 4137.44
4848.46, 4140.51
4848.5, 4137.44
4879.34, 4136.92
4879.45, 4137.95
4879.5, 4139.49
4879.54, 4141.54
4910.18, 4140
4910.29, 4136.92
4910.34, 4137.95
4910.37, 4141.03
4941.69, 4141.03
4941.95, 4138.97
4942.13, 4137.95
4942.19, 4143.08
4973.65, 4153.85
4973.76, 4160
4973.8, 4151.28
4973.84, 4134.36
5004.5, 4124.62
5004.61, 4121.54
5004.65, 4123.08
5004.68, 4136.41
5035.43, 4155.38
5035.55, 4163.59
5035.61, 4157.44
5035.66, 4141.03
5067.34, 4123.59
5067.46, 4120
5067.53, 4128.21
5067.58, 4135.9
5098.21, 4150.77
5098.3, 4162.05
5098.33, 4153.85
5098.36, 4138.46
5129.79, 4128.72
5129.9, 4125.13
5129.96, 4126.15
5130, 4133.85
5161.48, 4151.28
5161.61, 4162.05
5161.79, 4153.85
5161.86, 4138.46
5192.29, 4127.69
5192.54, 4121.54
5192.71, 4123.59
5192.78, 4136.92
5223.54, 4153.33
5223.65, 4158.97
5223.71, 4152.82
5223.76, 4139.49
5254.41, 4127.18
5254.55, 4124.1
5254.6, 4127.69
5254.64, 4136.92
5286.4, 4150.77
5286.57, 4159.49
5286.63, 4156.92
5286.67, 4141.03
5317.47, 4124.1
5317.59, 4121.03
5317.65, 4127.69
5317.69, 4133.85
5348.31, 4146.15
5348.44, 4160.51
5348.49, 4156.41
5348.53, 4137.95
5379.24, 4126.67
5379.34, 4125.13
5379.38, 4126.67
5379.44, 4133.85
5410.88, 4151.28
5410.96, 4161.54
5411, 4152.82
5411.04, 4137.44
5442.08, 4127.69
5442.15, 4124.62
5442.19, 4125.64
5442.22, 4135.38
5472.95, 4154.36
5473.02, 4161.03
5473.06, 4150.26
5473.09, 4138.46
5504.17, 4128.72
5504.27, 4121.54
5504.31, 4125.13
5504.36, 4137.95
5536.1, 4151.28
5536.25, 4155.38
5536.33, 4148.21
5536.37, 4139.49
5567.04, 4131.28
5567.13, 4124.62
5567.16, 4128.72
5567.19, 4138.97
5598.07, 4150.77
5598.16, 4158.97
5598.19, 4154.36
5598.22, 4140.51
5630.08, 4128.72
5630.15, 4125.13
5630.19, 4127.18
5630.22, 4135.9
5661.14, 4151.79
5661.21, 4160
5661.24, 4152.82
5661.27, 4138.46
5691.98, 4129.74
5692.06, 4126.67
5692.09, 4126.67
5692.12, 4135.9
5723.14, 4151.28
5723.24, 4157.44
5723.27, 4148.72
5723.3, 4134.36
5755.31, 4125.64
5755.42, 4125.64
5755.47, 4127.18
5755.51, 4133.33
5786.11, 4149.74
5786.23, 4158.97
5786.35, 4151.79
5786.41, 4137.95
5817.24, 4129.23
5817.34, 4124.62
5817.39, 4125.64
5817.43, 4134.87
5849.32, 4149.74
5849.42, 4159.49
5849.47, 4152.31
5849.52, 4136.41
5879.92, 4126.67
5880.02, 4124.62
5880.06, 4127.18
5880.1, 4135.9
5911.07, 4152.31
5911.16, 4158.97
5911.2, 4148.72
5911.24, 4137.95
5942.09, 4130.77
5942.18, 4124.1
5942.22, 4124.62
5942.26, 4136.92
5974.13, 4146.15
5974.21, 4144.62
5974.24, 4143.59
5974.27, 4148.72
6005.44, 4146.15
6005.55, 4140
6005.59, 4143.59
6005.62, 4148.21
6036.07, 4143.08
6036.16, 4140.51
6036.2, 4144.1
6036.24, 4143.59
6067.13, 4139.49
6067.22, 4141.03
6067.26, 4144.62
6067.3, 4144.1
6099.07, 4141.03
6099.14, 4140.51
6099.18, 4143.08
6099.21, 4141.03
6130.14, 4137.44
6130.21, 4139.49
6130.24, 4140
6130.28, 4140
6161.24, 4142.56
6161.35, 4141.54
6161.4, 4141.03
6161.45, 4143.08
6193.15, 4142.05
6193.24, 4138.46
6193.28, 4138.97
6193.32, 4141.03
6224.43, 4137.95
6224.54, 4135.9
6224.59, 4138.97
6224.63, 4141.54
6255.19, 4140.51
6255.28, 4139.49
6255.31, 4140.51
6255.34, 4141.03
6285.9, 4140.51
6285.99, 4141.03
6286.02, 4143.08
6286.05, 4143.59
6318.22, 4142.56
6318.33, 4140.51
6318.39, 4140
6318.43, 4142.56
6349.02, 4142.56
6349.11, 4137.95
6349.15, 4138.46
6349.19, 4142.56
6380.09, 4142.56
6380.17, 4140.51
6380.2, 4142.05
6380.23, 4142.56
6412.32, 4141.03
6412.44, 4141.03
6412.49, 4141.03
6412.54, 4138.97
6443.16, 4137.95
6443.26, 4138.46
6443.3, 4138.46
6443.34, 4138.46
6474.14, 4141.03
6474.25, 4141.54
6474.29, 4138.97
6474.33, 4139.49
6505.19, 4141.54
6505.27, 4142.05
6505.31, 4139.49
6505.34, 4138.97
6537.21, 4140.51
6537.31, 4141.54
6537.42, 4140
6537.45, 4139.49
6568.05, 4141.54
6568.12, 4142.56
6568.15, 4140.51
6568.18, 4137.95
6599.05, 4140
6599.12, 4142.05
6599.16, 4141.54
6599.19, 4141.54
6630.41, 4141.54
6630.5, 4142.56
6630.53, 4141.54
6630.57, 4138.97
6662.23, 4140
6662.3, 4141.03
6662.34, 4141.03
6662.37, 4142.05
6693.19, 4142.05
6693.28, 4141.03
6693.32, 4140.51
6693.36, 4141.03
6724.23, 4140
6724.3, 4139.49
6724.34, 4137.95
6724.37, 4136.92
6756.07, 4140
6756.18, 4142.05
6756.26, 4140.51
6756.32, 4141.54
6786.99, 4142.56
6787.1, 4141.03
6787.15, 4141.54
6787.2, 4142.05
6818.26, 4136.92
6818.37, 4135.38
6818.42, 4140.51
6818.47, 4141.54
6849.29, 4137.44
6849.38, 4136.41
6849.42, 4137.95
6849.46, 4137.44
6881.17, 4138.97
6881.26, 4140
6881.31, 4140.51
6881.34, 4142.05
6912.04, 4141.03
6912.11, 4137.95
6912.15, 4140
6912.18, 4142.05
6943, 4141.03
6943.08, 4141.03
6943.11, 4138.46
6943.14, 4136.92
6975.04, 4138.97
6975.13, 4136.92
6975.16, 4134.87
6975.19, 4141.54
7006.09, 4145.13
7006.16, 4139.49
7006.2, 4140.51
7006.23, 4143.08
7037.39, 4140
7037.53, 4137.44
7037.59, 4138.97
7037.64, 4141.54
7067.83, 4139.49
7067.91, 4137.44
7067.94, 4138.97
7067.97, 4141.54
7099.93, 4137.44
7100.03, 4135.9
7100.07, 4141.03
7100.1, 4141.03
7131.08, 4139.49
7131.19, 4141.03
7131.23, 4141.03
7131.27, 4141.03
7162.16, 4142.56
7162.24, 4141.03
7162.27, 4138.97
7162.3, 4139.49
7193.09, 4137.95
7193.16, 4137.44
7193.2, 4140
7193.23, 4143.59
7225.23, 4142.56
7225.33, 4140.51
7225.41, 4142.05
7225.46, 4142.56
7256.22, 4140.51
7256.31, 4141.03
7256.34, 4143.08
7256.37, 4143.08
7287.07, 4141.54
7287.17, 4140.51
7287.21, 4140
7287.24, 4142.56
7319.2, 4143.08
7319.29, 4139.49
7319.33, 4139.49
7319.37, 4142.05
7349.91, 4142.05
7349.99, 4139.49
7350.02, 4140.51
7350.05, 4141.54
7380.88, 4139.49
7380.96, 4139.49
7380.99, 4141.54
7381.02, 4143.08
7411.9, 4141.03
7411.98, 4140.51
7412.02, 4141.03
7412.05, 4140
7444.33, 4138.97
7444.42, 4140.51
7444.47, 4140.51
7444.51, 4138.46
7475.16, 4138.46
7475.24, 4137.44
7475.28, 4137.44
7475.31, 4141.54
7506.05, 4142.05
7506.17, 4140
7506.22, 4141.03
7506.26, 4142.56
7538.06, 4142.56
7538.13, 4141.54
7538.17, 4140.51
7538.2, 4139.49
7568.9, 4136.41
7568.97, 4133.85
7569, 4131.79
7569.03, 4130.26
7599.99, 4130.26
7600.06, 4128.72
7600.09, 4128.21
7600.12, 4131.79
7630.99, 4133.33
7631.06, 4130.77
7631.09, 4134.36
7631.12, 4140
7663.07, 4137.95
7663.15, 4134.87
7663.19, 4139.49
7663.23, 4144.1
7694.02, 4143.08
7694.11, 4142.56
7694.15, 4143.08
7694.18, 4142.05
7725.08, 4140
7725.15, 4140
7725.18, 4143.59
7725.22, 4144.62
7757.25, 4142.56
7757.33, 4141.03
7757.36, 4142.05
7757.39, 4143.59
7788.42, 4143.59
7788.52, 4142.56
7788.57, 4141.54
7788.62, 4142.05
7818.98, 4142.05
7819.05, 4141.54
7819.09, 4142.56
7819.12, 4141.03
7850.44, 4139.49
7850.73, 4141.54
7850.84, 4142.05
7850.97, 4140.51
7882.17, 4142.05
7882.29, 4143.59
7882.35, 4141.03
7882.41, 4141.03
7912.99, 4143.59
7913.08, 4141.54
7913.11, 4138.97
7913.14, 4141.03
7944.08, 4142.56
7944.16, 4141.54
7944.2, 4141.03
7944.23, 4139.49
7975.03, 4137.44
7975.14, 4138.97
7975.18, 4141.54
7975.22, 4138.46
8007.13, 4135.38
8007.24, 4137.95
8007.28, 4141.03
8007.31, 4142.05
8038.12, 4141.54
8038.22, 4141.03
8038.25, 4143.08
8038.28, 4141.54
8069.38, 4137.95
8069.47, 4138.46
8069.52, 4139.49
8069.56, 4140.51
8101.08, 4141.54
8101.17, 4138.97
8101.22, 4137.44
8101.26, 4138.46
8131.97, 4140.51
8132.06, 4141.54
8132.09, 4143.08
8132.12, 4142.56
8163.03, 4139.49
8163.12, 4138.97
8163.16, 4141.03
8163.19, 4141.03
8194, 4140
8194.09, 4140.51
8194.13, 4140.51
8194.16, 4142.56
8226.21, 4144.1
8226.31, 4142.56
8226.36, 4142.05
8226.41, 4143.08
8257.67, 4142.56
8257.86, 4141.54
8257.94, 4142.56
8258, 4140.51
8288.22, 4134.87
8288.32, 4133.33
8288.37, 4135.38
8288.41, 4132.82
8319.89, 4130.26
8319.99, 4132.31
8320.04, 4132.82
8320.09, 4132.82
8351.05, 4136.92
8351.14, 4140
8351.18, 4140
8351.23, 4141.54
8382.15, 4137.95
8382.27, 4133.85
8382.31, 4137.44
8382.35, 4141.03
8413.02, 4141.03
8413.11, 4140
8413.15, 4140.51
8413.18, 4140.51
8445, 4141.54
8445.08, 4141.03
8445.11, 4142.05
8445.14, 4142.56
8476.46, 4141.03
8476.61, 4140.51
8476.72, 4143.08
8476.77, 4143.59
8507.31, 4140.51
8507.41, 4139.49
8507.45, 4141.03
8507.49, 4140.51
8538.1, 4141.03
8538.17, 4142.56
8538.22, 4143.59
8538.25, 4142.05
8569.94, 4140.51
8570.04, 4142.56
8570.09, 4142.56
8570.14, 4140
8601.15, 4139.49
8601.24, 4140
8601.27, 4140.51
8601.3, 4140.51
8632, 4140.51
8632.08, 4142.05
8632.12, 4142.56
8632.15, 4138.97
8664.05, 4138.46
8664.12, 4142.56
8664.15, 4142.56
8664.18, 4140.51
8695.35, 4141.54
8695.49, 4141.54
8695.57, 4138.46
8695.64, 4138.46
8726.16, 4140.51
8726.27, 4140.51
8726.32, 4140
8726.36, 4141.03
8757.03, 4143.59
8757.11, 4142.56
8757.14, 4141.03
8757.18, 4143.08
8789.2, 4144.62
8789.29, 4142.56
8789.32, 4141.54
8789.35, 4143.08
8820.02, 4140.51
8820.12, 4140
8820.17, 4142.05
8820.24, 4140
8851.27, 4138.46
8851.35, 4136.92
8851.38, 4137.95
8851.42, 4140.51
8882.97, 4137.95
8883.04, 4135.9
8883.08, 4140
8883.11, 4141.03
8914.1, 4137.95
8914.2, 4140.51
8914.24, 4141.54
8914.27, 4139.49
8945.03, 4140
8945.11, 4142.56
8945.14, 4143.08
8945.17, 4141.03
8976.06, 4141.03
8976.14, 4143.08
8976.17, 4143.08
8976.21, 4142.56
9008.14, 4142.56
9008.22, 4141.54
9008.25, 4141.54
9008.28, 4143.08
9039.09, 4141.54
9039.17, 4139.49
9039.22, 4141.54
9039.25, 4143.08
9069.97, 4141.54
9070.05, 4140.51
9070.08, 4142.05
9070.11, 4144.1
9101.33, 4142.05
9101.46, 4139.49
9101.55, 4142.05
9101.64, 4143.59
9133.24, 4141.54
9133.31, 4140.51
9133.35, 4141.03
9133.38, 4139.49
9164.11, 4137.44
9164.21, 4140
9164.25, 4143.08
9164.28, 4140
9194.98, 4138.97
9195.06, 4142.56
9195.1, 4143.08
9195.13, 4140
9227.28, 4139.49
9227.38, 4140
9227.42, 4135.9
9227.46, 4134.36
9258.05, 4137.95
9258.14, 4137.95
9258.18, 4137.44
9258.21, 4141.03
9289.35, 4142.05
9289.42, 4138.46
9289.46, 4139.49
9289.49, 4143.08
9320.43, 4143.08
9320.56, 4141.03
9320.62, 4142.56
9320.67, 4142.05
9352.25, 4134.87
9352.35, 4129.23
9352.4, 4130.77
9352.44, 4133.33
9383.02, 4131.79
9383.1, 4131.79
9383.13, 4132.82
9383.16, 4134.87
9414.15, 4140
9414.28, 4139.49
9414.32, 4136.92
9414.37, 4139.49
9445.93, 4142.05
9446.03, 4142.05
9446.08, 4139.49
9446.14, 4136.41
9477.24, 4137.95
9477.33, 4141.54
9477.37, 4143.08
9477.4, 4144.62
9508.17, 4144.62
9508.28, 4142.56
9508.34, 4141.54
9508.4, 4139.49
9539.3, 4140.51
9539.42, 4142.56
9539.48, 4143.59
9539.53, 4142.56
9571.14, 4143.08
9571.24, 4144.1
9571.28, 4144.62
9571.31, 4143.08
9602.06, 4140.51
9602.15, 4141.54
9602.19, 4142.56
9602.22, 4141.03
9632.99, 4140.51
9633.07, 4142.05
9633.1, 4140.51
9633.13, 4138.46
9664.12, 4141.54
9664.22, 4143.59
9664.26, 4139.49
9664.29, 4138.97
9696.16, 4142.56
9696.24, 4142.05
9696.27, 4141.03
9696.3, 4144.1
9727.3, 4141.54
9727.39, 4137.95
9727.54, 4140
9727.6, 4143.08
9758.03, 4143.08
9758.12, 4142.56
9758.16, 4142.56
9758.19, 4142.05
9790.05, 4142.56
9790.14, 4142.05
9790.2, 4138.97
9790.25, 4139.49
9821.14, 4143.59
9821.27, 4145.13
9821.38, 4141.54
9821.41, 4138.97
9852.05, 4140
9852.14, 4141.03
9852.18, 4138.97
9852.22, 4138.97
9883.04, 4141.54
9883.11, 4142.56
9883.14, 4143.59
9883.17, 4144.1
9915.19, 4141.03
9915.28, 4137.95
9915.31, 4140.51
9915.34, 4142.56
9946.01, 4141.03
9946.11, 4142.56
9946.14, 4144.1
9946.17, 4141.54
9977.22, 4140
9977.31, 4142.05
9977.34, 4143.08
9977.38, 4141.03
10009.1, 4140.51
10009.2, 4144.1
10009.2, 4144.62
10009.3, 4143.59
10040.2, 4144.1
10040.3, 4145.13
10040.3, 4142.56
10040.4, 4137.95
10071.3, 4134.87
10071.3, 4133.85
10071.4, 4134.87
10071.4, 4133.33
10102.1, 4131.28
10102.2, 4131.79
10102.2, 4131.79
10102.3, 4132.82
10134.3, 4137.95
10134.4, 4138.97
10134.5, 4135.9
10134.5, 4138.97
10165.1, 4140.51
10165.1, 4140.51
10165.2, 4143.59
10165.2, 4141.03
10196.2, 4136.41
10196.3, 4138.97
10196.3, 4144.62
10196.3, 4143.59
10227.4, 4141.54
10227.6, 4143.59
10227.6, 4142.56
10227.6, 4140
10259.2, 4141.03
10259.3, 4142.56
10259.4, 4141.54
10259.4, 4141.03
10290.2, 4142.05
10290.3, 4143.08
10290.3, 4142.05
10290.3, 4141.03
10321.1, 4142.56
10321.1, 4143.08
10321.2, 4141.54
10321.2, 4141.54
10353.4, 4142.56
10353.5, 4143.08
10353.5, 4143.59
10353.6, 4143.08
10384, 4140.51
10384.1, 4140
10384.1, 4141.03
10384.1, 4141.03
10414.9, 4142.05
10415, 4143.59
10415, 4143.08
10415.1, 4141.03
10446.1, 4140.51
10446.2, 4141.03
10446.3, 4141.03
10446.3, 4140
10478.1, 4137.44
10478.2, 4138.46
10478.2, 4142.56
10478.2, 4142.56
10509.1, 4140.51
10509.2, 4142.56
10509.3, 4142.56
10509.3, 4141.54
10540.2, 4142.05
10540.3, 4141.54
10540.3, 4141.03
10540.3, 4141.54
10572.5, 4141.03
10572.6, 4141.03
10572.6, 4140.51
10572.6, 4138.46
10602.9, 4137.95
10603, 4139.49
10603, 4140
10603, 4139.49
10633.9, 4138.97
10634, 4140
10634, 4141.54
10634.1, 4141.03
10664.9, 4138.97
10665, 4140
10665.1, 4141.54
10665.1, 4141.03
10697.1, 4140
10697.2, 4139.49
10697.3, 4142.05
10697.3, 4142.05
10728.2, 4138.97
10728.3, 4138.97
10728.4, 4141.03
10728.4, 4141.03
10759.1, 4142.05
10759.2, 4143.08
10759.3, 4143.08
10759.3, 4141.03
10791, 4136.41
10791.1, 4133.33
10791.2, 4132.82
10791.2, 4130.77
10822.2, 4130.26
10822.3, 4130.26
10822.4, 4129.23
10822.4, 4132.31
10853.1, 4137.44
10853.2, 4135.38
10853.3, 4136.92
10853.4, 4144.1
10884.3, 4143.08
10884.4, 4139.49
10884.4, 4140.51
10884.4, 4140.51
10916.1, 4137.44
10916.2, 4136.92
10916.3, 4138.97
10916.3, 4141.54
10947.1, 4142.05
10947.2, 4142.56
10947.2, 4143.59
10947.2, 4143.08
10978.3, 4143.59
10978.5, 4144.1
10978.5, 4143.08
10978.6, 4141.03
11009.1, 4141.03
11009.1, 4142.56
11009.2, 4140.51
11009.2, 4138.97
11041.2, 4142.05
11041.3, 4143.08
11041.4, 4141.54
11041.4, 4143.08
11072.1, 4143.08
11072.2, 4141.54
11072.3, 4142.05
11072.3, 4142.05
11103, 4140.51
11103.1, 4139.49
11103.1, 4138.46
11103.1, 4140
11135, 4143.08
11135.1, 4142.05
11135.1, 4140.51
11135.1, 4142.05
11166, 4142.05
11166.1, 4140.51
11166.1, 4138.46
11166.1, 4138.97
11197.2, 4142.05
11197.3, 4141.54
11197.3, 4138.97
11197.4, 4140
11228.2, 4140
11228.3, 4139.49
11228.4, 4141.03
11228.4, 4143.08
11260.1, 4142.05
11260.1, 4138.97
11260.2, 4142.05
11260.2, 4144.1
11291.3, 4142.05
11291.4, 4141.54
11291.4, 4142.56
11291.5, 4141.54
11322.3, 4141.03
11322.4, 4142.05
11322.5, 4140.51
11322.5, 4137.95
11353.2, 4138.46
11353.3, 4140
11353.3, 4142.56
11353.4, 4143.59
11385, 4140
11385.1, 4140
11385.1, 4143.59
11385.1, 4142.05
11416.3, 4135.38
11416.4, 4136.41
11416.4, 4143.08
11416.4, 4139.49
11447.4, 4134.36
11447.5, 4139.49
11447.6, 4144.1
11447.6, 4140.51
11478.9, 4141.03
11479, 4144.62
11479, 4141.54
11479.1, 4139.49
11510, 4142.56
11510, 4142.56
11510.1, 4141.03
11510.1, 4142.56
11541, 4141.54
11541, 4138.97
11541.1, 4141.54
11541.1, 4143.08
11572, 4142.05
11572.1, 4140
11572.1, 4139.49
11572.2, 4142.56
11604.5, 4143.08
11604.7, 4141.03
11604.8, 4141.54
11604.9, 4142.05
11634.9, 4137.95
11635, 4137.44
11635, 4141.03
11635, 4141.03
11666, 4139.49
11666.1, 4140.51
11666.1, 4140.51
11666.1, 4138.97
11698.1, 4139.49
11698.1, 4141.03
11698.2, 4140.51
11698.2, 4137.95
11729.1, 4136.92
11729.2, 4139.49
11729.3, 4140.51
11729.3, 4139.49
11760.1, 4139.49
11760.2, 4141.54
11760.3, 4142.56
11760.3, 4140.51
11791, 4137.44
11791.1, 4136.92
11791.1, 4138.46
11791.2, 4140
11823.4, 4139.49
11823.5, 4140
11823.5, 4143.08
11823.6, 4141.54
11853.9, 4136.41
11854, 4140
11854, 4145.64
11854.1, 4142.56
11884.9, 4134.87
11884.9, 4138.46
11885, 4143.59
11885, 4141.03
11917.1, 4138.46
11917.2, 4140.51
11917.3, 4142.56
11917.4, 4141.03
11947.9, 4139.49
11948, 4138.46
11948, 4138.97
11948.1, 4140.51
11979, 4140
11979.1, 4139.49
11979.2, 4138.97
11979.2, 4142.05
12010.4, 4143.59
12010.5, 4141.03
12010.6, 4138.97
12010.6, 4138.97
12042, 4140.51
12042.1, 4141.03
12042.1, 4140.51
12042.2, 4137.95
12073.2, 4136.41
12073.3, 4137.95
12073.3, 4140
12073.4, 4141.54
12104, 4141.54
12104.1, 4142.56
12104.1, 4143.59
12104.1, 4141.54
12135, 4137.95
12135.1, 4134.87
12135.1, 4131.79
12135.2, 4129.23
12167, 4129.74, estimuli
12168.2, 4132.82
12168.3, 4134.36
12168.3, 4134.87
12198, 4133.85
12198, 4136.92
12198.1, 4141.54
12198.1, 4138.46
12229.4, 4136.92
12229.5, 4142.56
12229.6, 4143.59
12229.6, 4139.49
12260.9, 4141.03
12261, 4144.1
12261, 4143.59
12261.1, 4141.54
12292.1, 4142.05
12292.2, 4144.62
12292.2, 4142.56
12292.3, 4144.62
12323, 4151.28
12323.1, 4154.36
12323.2, 4149.23
12323.2, 4136.41
12354, 4127.18
12354.1, 4126.15
12354.1, 4128.72
12354.2, 4133.85
12385.9, 4149.23
12386, 4162.05
12386, 4155.9
12386, 4138.46
12417.3, 4128.21
12417.5, 4126.67
12417.6, 4128.21
12417.6, 4136.41
12448.2, 4153.85
12448.3, 4160.51
12448.4, 4152.31
12448.4, 4141.03
12479.1, 4132.31
12479.2, 4127.69
12479.2, 4127.18
12479.3, 4135.38
12511.1, 4153.85
12511.2, 4161.54
12511.3, 4151.79
12511.3, 4139.49
12542.3, 4130.26
12542.3, 4122.56
12542.4, 4127.69
12542.4, 4138.97
12573.1, 4150.77
12573.2, 4160
12573.2, 4156.41
12573.3, 4142.05
12605.1, 4128.21
12605.2, 4125.64
12605.3, 4127.69
12605.3, 4133.85
12636.1, 4149.23
12636.2, 4160
12636.2, 4152.31
12636.2, 4136.41
12667.1, 4128.72
12667.2, 4128.21
12667.3, 4128.21
12667.3, 4135.9
12698, 4151.79
12698.1, 4157.95
12698.1, 4148.72
12698.2, 4137.95
12730.1, 4131.79
12730.3, 4127.18
12730.3, 4127.69
12730.3, 4137.44
12761.2, 4149.74
12761.3, 4152.82
12761.4, 4147.69
12761.4, 4136.92
12792.1, 4127.18
12792.2, 4126.67
12792.2, 4129.74
12792.3, 4134.36
12824.1, 4147.69
12824.3, 4160
12824.3, 4154.36
12824.3, 4137.44
12855.5, 4129.23
12855.6, 4128.21
12855.6, 4128.72
12855.7, 4135.38
12886.1, 4147.69
12886.2, 4153.33
12886.2, 4149.23
12886.2, 4137.95
12917, 4128.72
12917.1, 4128.72
12917.2, 4130.77
12917.2, 4135.9
12949.3, 4154.36
12949.4, 4161.03
12949.4, 4148.21
12949.5, 4137.95
12980.1, 4133.85
12980.2, 4127.69
12980.2, 4127.18
12980.3, 4138.46
13011.1, 4148.72
13011.2, 4150.26
13011.2, 4146.67
13011.3, 4141.03
13042.2, 4130.26
13042.3, 4124.62
13042.4, 4131.79
13042.4, 4138.97
13074.3, 4146.15
13074.4, 4151.79
13074.4, 4149.23
13074.5, 4136.41
13105.3, 4127.18
13105.3, 4128.21
13105.4, 4129.23
13105.4, 4134.36
13136, 4149.74
13136.1, 4157.95
13136.1, 4150.26
13136.2, 4136.41
13168.1, 4129.74
13168.2, 4129.23
13168.2, 4130.77
13168.2, 4137.95
13198.9, 4148.72
13199, 4152.31
13199, 4146.67
13199, 4137.95
13230.2, 4128.72
13230.3, 4125.13
13230.3, 4130.77
13230.4, 4140.51
13261.6, 4149.74
13261.7, 4154.87
13261.8, 4148.72
13261.8, 4135.38
13293, 4128.21
13293.1, 4129.74
13293.2, 4132.82
13293.2, 4138.46
13323.9, 4144.62
13324, 4144.1
13324, 4143.59
13324.1, 4146.67
13355.2, 4143.59
13355.3, 4137.95
13355.3, 4139.49
13355.3, 4141.54
13387.1, 4140
13387.3, 4141.54
13387.3, 4142.05
13387.4, 4141.54
13418.1, 4141.54
13418.1, 4142.05
13418.2, 4142.56
13418.2, 4141.54
13449.3, 4140.51
13449.4, 4141.54
13449.5, 4140.51
13449.5, 4140
13480.5, 4139.49
13480.5, 4140
13480.6, 4141.03
13480.6, 4139.49
13512.2, 4136.92
13512.3, 4138.97
13512.3, 4140
13512.4, 4138.46
13543.2, 4138.97
13543.3, 4138.97
13543.3, 4139.49
13543.3, 4141.54
13574.2, 4141.54
13574.3, 4140.51
13574.3, 4142.56
13574.4, 4142.56
13605.1, 4139.49
13605.2, 4140.51
13605.3, 4140.51
13605.3, 4137.44
13637.1, 4137.44
13637.2, 4139.49
13637.2, 4140
13637.3, 4139.49
13668.3, 4140
13668.5, 4141.03
13668.5, 4141.54
13668.6, 4141.03
13699, 4139.49
13699.1, 4141.03
13699.1, 4142.05
13699.2, 4141.54
13731, 4140.51
13731.1, 4141.54
13731.2, 4141.54
13731.2, 4140.51
13762.2, 4140.51
13762.3, 4141.03
13762.3, 4140.51
13762.3, 4139.49
13793.1, 4138.97
13793.2, 4136.92
13793.2, 4137.95
13793.3, 4141.03
13823.9, 4138.46
13824, 4136.41
13824, 4140.51
13824.1, 4142.56
13856.1, 4140.51
13856.2, 4140.51
13856.3, 4140
13856.4, 4141.54
13887.1, 4143.59
13887.3, 4143.08
13887.3, 4141.03
13887.3, 4140.51
13918, 4136.92
13918.1, 4135.9
13918.1, 4142.05
13918.1, 4142.56
13949.9, 4138.97
13950, 4142.56
13950, 4145.64
13950.1, 4141.54
13981.1, 4139.49
13981.2, 4142.05
13981.2, 4143.08
13981.3, 4141.54
14012.4, 4141.54
14012.5, 4141.03
14012.5, 4138.97
14012.6, 4138.97
14043.1, 4139.49
14043.2, 4139.49
14043.2, 4139.49
14043.3, 4138.97
14075.5, 4139.49
14075.6, 4142.56
14075.7, 4143.08
14075.7, 4140.51
14106.5, 4140.51
14106.6, 4142.56
14106.6, 4142.05
14106.6, 4142.05
14137.1, 4143.08
14137.1, 4142.05
14137.2, 4140
14137.3, 4138.97
14168.8, 4138.97
14168.9, 4141.03
14168.9, 4140
14168.9, 4137.44
14199.8, 4140.51
14199.9, 4143.59
14200, 4140.51
14200, 4140.51
14231, 4143.59
14231, 4141.54
14231.1, 4138.97
14231.1, 4142.05
14262.1, 4142.05
14262.2, 4141.03
14262.2, 4142.56
14262.3, 4142.56
14294, 4143.08
14294.1, 4143.08
14294.1, 4141.54
14294.1, 4141.03
14324.9, 4141.54
14325, 4142.05
14325, 4140.51
14325.1, 4140.51
14356.1, 4142.05
14356.2, 4142.05
14356.2, 4141.54
14356.3, 4143.59
14387.1, 4141.03
14387.2, 4137.95
14387.2, 4141.03
14387.2, 4143.08
14419, 4140.51
14419, 4141.54
14419.1, 4141.54
14419.1, 4140
14450, 4142.05
14450.1, 4141.54
14450.2, 4138.97
14450.2, 4140.51
14481.3, 4142.05
14481.4, 4140.51
14481.4, 4137.95
14481.5, 4137.44
14513.2, 4138.97
14513.3, 4141.03
14513.4, 4140.51
14513.4, 4141.54
14544.2, 4142.05
14544.3, 4141.54
14544.3, 4142.05
14544.3, 4141.54
14575.1, 4140.51
14575.1, 4142.05
14575.2, 4143.59
14575.2, 4140.51
14606.3, 4137.95
14606.4, 4142.05
14606.4, 4142.56
14606.5, 4138.46
14638, 4137.95
14638.1, 4141.03
14638.1, 4141.54
14638.2, 4140
14669.2, 4140.51
14669.2, 4141.54
14669.3, 4140
14669.3, 4137.44
14700.5, 4138.46
14700.6, 4141.54
14700.7, 4142.56
14700.7, 4141.54
14731.1, 4139.49
14731.2, 4141.54
14731.2, 4143.08
14731.2, 4142.05
14763, 4142.05
14763.1, 4142.56
14763.2, 4143.08
14763.2, 4138.46
14794.1, 4131.79
14794.2, 4131.28
14794.3, 4134.36
14794.3, 4133.85
14825.1, 4130.26
14825.2, 4131.28
14825.3, 4132.31
14825.3, 4131.28
14857.4, 4130.26
14857.5, 4135.38
14857.6, 4140
14857.6, 4137.44
14888.5, 4137.95
14888.6, 4142.05
14888.7, 4141.54
14888.7, 4140.51
14919.3, 4141.03
14919.5, 4141.03
14919.5, 4142.05
14919.6, 4144.1
14950.5, 4142.05
14950.6, 4141.03
14950.7, 4143.59
14950.7, 4144.1
14982.3, 4142.05
14982.4, 4142.56
14982.5, 4145.13
14982.5, 4143.08
15013.3, 4142.56
15013.5, 4143.59
15013.5, 4143.59
15013.6, 4142.05
15044.3, 4140
15044.4, 4140.51
15044.5, 4143.08
15044.5, 4143.08
15076.3, 4142.56
15076.4, 4144.1
15076.5, 4143.59
15076.6, 4141.54
15107.3, 4142.56
15107.4, 4144.62
15107.5, 4143.08
15107.6, 4142.56
15138.4, 4144.62
15138.5, 4145.13
15138.6, 4144.1
15138.6, 4142.56
15169.2, 4143.08
15169.3, 4143.59
15169.3, 4143.08
15169.4, 4141.03
15201.2, 4139.49
15201.3, 4140.51
15201.4, 4143.59
15201.4, 4145.13
15232.4, 4142.56
15232.5, 4139.49
15232.6, 4141.03
15232.6, 4141.54
15263.2, 4140
15263.4, 4139.49
15263.4, 4137.44
15263.5, 4137.95
15295.7, 4142.56
15295.8, 4141.54
15295.9, 4140
15295.9, 4142.05
15326.4, 4141.54
15326.6, 4140
15326.6, 4140.51
15326.7, 4138.46
15357.3, 4138.46
15357.4, 4141.03
15357.4, 4140
15357.5, 4138.97
15388.3, 4140
15388.5, 4142.56
15388.5, 4143.59
15388.6, 4140.51
15420.4, 4139.49
15420.6, 4141.03
15420.6, 4140
15420.7, 4133.85
15451.4, 4131.79
15451.5, 4133.33
15451.6, 4133.85
15451.6, 4132.31
15482.3, 4133.33
15482.4, 4137.95
15482.4, 4136.92
15482.5, 4134.87
15513.4, 4137.44
15513.5, 4138.46
15513.6, 4138.97
15513.6, 4141.03
15545.4, 4140
15545.6, 4136.92
15545.6, 4139.49
15545.7, 4142.56
15576.5, 4140.51
15576.6, 4138.97
15576.6, 4140.51
15576.6, 4143.08
15607.3, 4142.05
15607.4, 4141.54
15607.5, 4143.59
15607.5, 4143.59
15639, 4142.56
15639.1, 4143.59
15639.1, 4143.08
15639.2, 4141.54
15669.8, 4141.03
15669.9, 4140.51
15669.9, 4140
15669.9, 4142.05
15700.9, 4143.08
15701, 4142.56
15701, 4144.1
15701.1, 4143.08
15732.5, 4140.51
15732.6, 4140.51
15732.6, 4138.97
15732.7, 4138.46
15764, 4140
15764, 4140
15764.1, 4139.49
15764.1, 4140.51
15795, 4141.03
15795.1, 4141.03
15795.1, 4141.03
15795.1, 4140
15825.9, 4140
15826, 4142.05
15826, 4140.51
15826.1, 4138.46
15858.1, 4137.95
15858.2, 4140
15858.2, 4142.05
15858.3, 4140
15889.2, 4139.49
15889.3, 4142.05
15889.4, 4142.56
15889.4, 4139.49
15919.9, 4136.92
15920, 4138.46
15920.1, 4141.03
15920.1, 4141.03
15951, 4142.05
15951.1, 4142.56
15951.2, 4139.49
15951.2, 4139.49
15982.9, 4143.08
15983, 4142.05
15983, 4138.97
15983, 4138.97
16014.1, 4139.49
16014.2, 4139.49
16014.2, 4140.51
16014.3, 4141.03
16045.2, 4141.54
16045.3, 4141.54
16045.3, 4138.97
16045.3, 4138.97
16076.2, 4143.08
16076.3, 4145.13
16076.3, 4142.56
16076.4, 4140
16108.1, 4138.46
16108.2, 4137.44
16108.3, 4133.85
16108.3, 4130.77
16139.4, 4131.79
16139.5, 4132.31
16139.5, 4131.79
16139.5, 4134.36
16170, 4136.41
16170.1, 4133.33
16170.2, 4133.33
16170.2, 4138.97
16201.9, 4141.03
16202, 4141.03
16202, 4141.54
16202.1, 4139.49
16232.9, 4137.95
16233, 4140
16233, 4142.05
16233, 4144.1
16264.2, 4143.59
16264.3, 4140.51
16264.3, 4139.49
16264.3, 4142.05
16295.1, 4142.56
16295.2, 4141.54
16295.3, 4141.54
16295.3, 4142.56
16327.1, 4143.08
16327.2, 4143.08
16327.3, 4143.59
16327.3, 4143.59
16358.4, 4141.03
16358.5, 4140
16358.6, 4142.05
16358.6, 4141.54
16389.5, 4140.51
16389.7, 4142.56
16389.7, 4143.08
16389.7, 4138.97
16421, 4136.41
16421, 4138.46
16421.1, 4142.05
16421.1, 4142.05
16451.8, 4141.54
16451.9, 4143.59
16452, 4145.13
16452, 4142.05
16483, 4140
16483.1, 4142.56
16483.1, 4142.56
16483.1, 4140
16514.1, 4141.54
16514.2, 4142.05
16514.2, 4138.46
16514.2, 4139.49
16545.9, 4142.56
16546, 4142.05
16546, 4140
16546.1, 4141.54
16577.4, 4142.56
16577.5, 4142.05
16577.5, 4142.05
16577.6, 4140.51
16608.2, 4140.51
16608.3, 4142.05
16608.3, 4141.54
16608.4, 4140
16639.2, 4139.49
16639.3, 4140
16639.4, 4142.56
16639.4, 4144.1
16671.1, 4142.05
16671.1, 4140
16671.2, 4141.54
16671.2, 4143.08
16701.9, 4140
16702, 4137.95
16702.1, 4139.49
16702.1, 4141.54
16733.1, 4141.03
16733.1, 4140
16733.2, 4141.54
16733.2, 4142.56
16765.2, 4139.49
16765.3, 4137.95
16765.4, 4140
16765.4, 4141.03
16796.1, 4140.51
16796.2, 4141.03
16796.2, 4140.51
16796.2, 4141.03
16827.2, 4142.05
16827.3, 4141.54
16827.4, 4139.49
16827.4, 4138.97
16858.2, 4140
16858.3, 4141.54
16858.3, 4143.08
16858.4, 4143.59
16890.3, 4142.05
16890.3, 4139.49
16890.4, 4134.87
16890.4, 4131.28
16921.1, 4130.26
16921.2, 4131.28
16921.3, 4131.79
16921.3, 4132.31
16952.3, 4133.85
16952.4, 4136.41
16952.4, 4138.46
16952.5, 4136.41
16984.3, 4134.87
16984.5, 4136.41
16984.6, 4136.41
16984.6, 4135.38
17015.4, 4136.92
17015.6, 4140
17015.6, 4141.03
17015.7, 4141.54
17046.1, 4141.54
17046.2, 4142.05
17046.3, 4141.54
17046.3, 4141.54
17077.3, 4143.59
17077.5, 4143.08
17077.5, 4142.05
17077.6, 4142.05
17108.9, 4142.56
17109, 4142.56
17109, 4143.08
17109, 4142.05
17140.4, 4141.03
17140.5, 4141.03
17140.6, 4141.54
17140.6, 4141.03
17170.9, 4140
17171, 4138.46
17171.1, 4139.49
17171.1, 4138.46
17202, 4136.41
17202.1, 4139.49
17202.1, 4143.08
17202.1, 4141.03
17234, 4140
17234.1, 4142.05
17234.1, 4142.56
17234.1, 4141.54
17265.1, 4140.51
17265.2, 4141.54
17265.2, 4142.05
17265.2, 4141.03
17296.1, 4142.56
17296.2, 4142.56
17296.2, 4140
17296.2, 4138.97
17328, 4141.54
17328.1, 4142.56
17328.1, 4141.54
17328.2, 4138.97
17359.1, 4136.92
17359.2, 4140
17359.3, 4141.03
17359.3, 4137.95
17390.6, 4139.49
17390.7, 4142.56
17390.8, 4141.03
17390.8, 4140
17421, 4141.54
17421.1, 4141.54
17421.1, 4140
17421.2, 4140
17453.1, 4141.54
17453.1, 4141.03
17453.2, 4139.49
17453.2, 4138.46
17484, 4138.97
17484.1, 4141.03
17484.2, 4141.54
17484.2, 4140
17515.1, 4141.54
17515.2, 4142.05
17515.3, 4138.97
17515.3, 4138.46
17547.2, 4139.49
17547.3, 4140
17547.3, 4137.95
17547.3, 4136.41
17578, 4138.97
17578.1, 4139.49
17578.1, 4138.97
17578.1, 4141.54
17609.3, 4143.59
17609.4, 4142.56
17609.4, 4142.05
17609.4, 4141.03
17640.3, 4140.51
17640.4, 4141.03
17640.5, 4142.05
17640.5, 4141.54
17672.1, 4141.03
17672.2, 4141.03
17672.3, 4142.05
17672.3, 4141.54
17703.1, 4142.05
17703.2, 4141.03
17703.2, 4138.46
17703.3, 4139.49
17734, 4140.51
17734.1, 4138.97
17734.1, 4141.03
17734.1, 4142.05
17765.1, 4140
17765.1, 4140.51
17765.2, 4141.54
17765.2, 4140.51
17797.4, 4142.56
17797.5, 4143.08
17797.6, 4140.51
17797.6, 4139.49
17828.2, 4138.46
17828.3, 4138.46
17828.4, 4140
17828.4, 4141.03
17859.1, 4141.03
17859.2, 4141.54
17859.3, 4141.03
17859.3, 4140
17891.2, 4142.56
17891.3, 4142.05
17891.3, 4140
17891.4, 4141.54
17922.1, 4141.54
17922.2, 4138.46
17922.2, 4138.46
17922.2, 4140.51
17953.1, 4141.54
17953.2, 4140.51
17953.2, 4141.03
17953.3, 4141.54
17984, 4141.03
17984.1, 4142.56
17984.1, 4142.05
17984.1, 4138.97
18016.2, 4140.51
18016.3, 4142.56
18016.4, 4138.97
18016.4, 4138.97
18047.1, 4144.62
18047.2, 4143.08
18047.3, 4138.46
18047.3, 4138.97
18078.1, 4140.51
18078.2, 4141.03
18078.3, 4142.05
18078.3, 4142.05
18110.3, 4142.56
18110.3, 4142.56
18110.4, 4140.51
18110.4, 4139.49
18141.1, 4139.49
18141.3, 4141.03
18141.3, 4140.51
18141.4, 4140
18172.2, 4142.05
18172.2, 4142.05
18172.3, 4140.51
18172.3, 4142.56
18202.9, 4142.56
18202.9, 4139.49
18203, 4140.51
18203, 4143.08
18235.1, 4140
18235.2, 4138.97
18235.3, 4142.05
18235.3, 4141.54
18265.9, 4139.49
18266, 4138.46
18266, 4137.44
18266.1, 4139.49
18297, 4142.05
18297, 4140
18297.1, 4138.97
18297.1, 4142.05
18328, 4143.08
18328.1, 4140.51
18328.1, 4138.46
18328.2, 4138.46
18360.1, 4135.9
18360.2, 4137.44
18360.3, 4141.03
18360.3, 4141.03
18391.2, 4141.03
18391.2, 4141.54
18391.3, 4141.03
18391.3, 4141.54
18422.5, 4142.05
18422.6, 4140.51
18422.6, 4143.08
18422.7, 4144.1
18453.9, 4142.56
18454, 4143.08
18454.1, 4142.56
18454.2, 4140.51
18485, 4141.54
18485.1, 4142.05
18485.2, 4138.46
18485.2, 4141.03
18516, 4145.64
18516, 4142.05
18516.1, 4140
18516.1, 4141.54
18547, 4141.54
18547.1, 4141.54
18547.1, 4141.54
18547.2, 4141.03
18579.1, 4142.05
18579.2, 4141.03
18579.2, 4138.46
18579.2, 4138.97
18609.9, 4141.54
18610, 4139.49
18610.1, 4139.49
18610.1, 4142.05
18641.1, 4144.1
18641.2, 4142.56
18641.2, 4135.9
18641.3, 4134.36
18673.4, 4137.44
18673.5, 4137.95
18673.6, 4138.97
18673.6, 4141.03
18704.1, 4140.51
18704.2, 4139.49
18704.3, 4141.03
18704.3, 4141.03
18735.1, 4141.03
18735.1, 4141.54
18735.2, 4140
18735.2, 4138.46
18766, 4139.49
18766.1, 4141.54
18766.1, 4140.51
18766.1, 4139.49
18798.1, 4141.03
18798.2, 4142.05
18798.2, 4137.95
18798.3, 4136.41
18829.4, 4141.03
18829.5, 4142.56
18829.6, 4137.95
18829.6, 4136.41
18860.2, 4140.51
18860.3, 4141.03
18860.4, 4136.41
18860.4, 4134.87
18891, 4137.44
18891.1, 4138.46
18891.1, 4141.03
18891.1, 4143.08
18923.1, 4141.03
18923.2, 4137.95
18923.2, 4138.46
18923.3, 4141.03
18954, 4141.03
18954.1, 4139.49
18954.1, 4138.97
18954.2, 4138.46
18985.1, 4136.41
18985.2, 4137.44
18985.3, 4141.03
18985.3, 4142.56
19016.9, 4141.54
19017, 4141.03
19017, 4141.54
19017.1, 4140.51
19048.4, 4140
19048.5, 4141.03
19048.5, 4140
19048.6, 4138.46
19079.1, 4139.49
19079.2, 4141.54
19079.2, 4141.54
19079.3, 4141.03
19110.1, 4142.05
19110.3, 4140
19110.4, 4139.49
19110.4, 4141.03
19142.1, 4138.97
19142.2, 4136.92
19142.2, 4138.97
19142.3, 4140
19173.1, 4138.97
19173.1, 4138.46
19173.2, 4139.49
19173.2, 4141.54
19204.1, 4140
19204.2, 4138.46
19204.2, 4141.03
19204.3, 4141.54
19236.1, 4134.87
19236.1, 4134.36
19236.2, 4143.59
19236.2, 4144.1
19267, 4138.46
19267.1, 4141.03
19267.1, 4142.56
19267.1, 4138.46
19298.3, 4137.95
19298.4, 4142.05
19298.4, 4142.56
19298.4, 4139.49
19329, 4137.44
19329.1, 4136.92
19329.2, 4137.44
19329.2, 4137.95
19361.1, 4135.9
19361.2, 4133.33
19361.2, 4132.82
19361.2, 4131.28
19392.2, 4130.26
19392.3, 4132.82
19392.3, 4133.85
19392.3, 4132.82
19422.9, 4136.92
19422.9, 4139.49
19423, 4136.41
19423, 4137.44
19454.3, 4143.08
19454.4, 4141.54
19454.5, 4137.95
19454.7, 4138.46
19486, 4139.49
19486.1, 4142.56
19486.1, 4145.13
19486.2, 4143.08
19517, 4142.56
19517.1, 4143.08
19517.2, 4143.59
19517.2, 4142.05
19547.9, 4142.56
19548, 4144.62
19548.1, 4144.62
19548.1, 4143.59
19579.9, 4143.08
19580, 4144.1
19580, 4142.56
19580.1, 4142.56
19611.2, 4143.08
19611.3, 4140.51
19611.3, 4141.03
19611.3, 4142.05
19642.1, 4141.03
19642.2, 4142.56
19642.3, 4142.05
19642.3, 4140
19673.2, 4141.54
19673.3, 4143.08
19673.3, 4138.46
19673.3, 4134.87
19705.3, 4138.97
19705.4, 4142.56
19705.4, 4141.03
19705.5, 4141.54
19736, 4143.08
19736, 4141.03
19736.1, 4140.51
19736.1, 4142.56
19767.1, 4142.05
19767.2, 4141.54
19767.2, 4142.05
19767.3, 4142.05
19799, 4141.03
19799.1, 4138.97
19799.1, 4135.38
19799.2, 4136.41
19830, 4141.54
19830.1, 4141.03
19830.1, 4140
19830.1, 4143.59
19861.4, 4143.59
19861.6, 4139.49
19861.6, 4138.97
19861.7, 4140.51
19892.1, 4142.05
19892.2, 4141.54
19892.2, 4138.46
19892.2, 4138.46
19924.1, 4140
19924.2, 4138.97
19924.3, 4138.46
19924.3, 4140.51
19955.1, 4142.05
19955.2, 4140.51
19955.3, 4137.44
19955.3, 4134.36
19986.2, 4132.31
19986.3, 4130.77
19986.4, 4131.79
19986.4, 4135.9
20017.2, 4136.92
20017.3, 4133.85
20017.3, 4133.33
20017.4, 4137.44
20049.3, 4140
20049.4, 4137.44
20049.5, 4135.9
20049.5, 4139.49
20080.7, 4137.95
20080.8, 4136.41
20080.9, 4140.51
20080.9, 4144.1
20111.3, 4142.56
20111.4, 4140.51
20111.4, 4140.51
20111.5, 4143.08
20143, 4145.13
20143.1, 4143.08
20143.2, 4140.51
20143.2, 4142.05
20174.3, 4144.1
20174.4, 4144.1
20174.5, 4143.08
20174.5, 4141.03
20205.2, 4140.51
20205.4, 4142.56
20205.5, 4141.03
20205.5, 4140.51
20236.5, 4142.05
20236.7, 4144.1
20236.7, 4141.54
20236.8, 4138.46
20267.9, 4138.46
20268, 4139.49
20268, 4140.51
20268.1, 4142.05
20299.5, 4143.08
20299.6, 4140.51
20299.7, 4138.46
20299.7, 4141.54
20330.1, 4143.08
20330.2, 4140.51
20330.2, 4140.51
20330.3, 4142.56
20362, 4139.49
20362.1, 4138.46
20362.1, 4141.03
20362.2, 4140
20393, 4140.51
20393.1, 4141.03
20393.1, 4141.54
20393.1, 4141.54
20424.2, 4140.51
20424.3, 4139.49
20424.3, 4141.03
20424.3, 4142.05
20455.3, 4137.95
20455.4, 4138.46
20455.5, 4142.56
20455.5, 4140.51
20487.2, 4138.97
20487.3, 4142.56
20487.4, 4141.54
20487.4, 4136.92
20518.4, 4140
20518.5, 4142.56
20518.6, 4141.03
20518.7, 4139.49
20548.9, 4139.49
20549, 4140.51
20549, 4141.03
20549.1, 4141.03
20581.2, 4141.03
20581.3, 4142.05
20581.4, 4141.54
20581.4, 4138.97
20612.2, 4140.51
20612.3, 4144.1
20612.3, 4142.56
20612.4, 4137.95
20643.1, 4136.41
20643.2, 4138.46
20643.2, 4140.51
20643.2, 4141.03
20673.9, 4142.56
20674, 4143.08
20674, 4140
20674.1, 4138.97
20706.1, 4142.56
20706.1, 4143.08
20706.2, 4141.03
20706.2, 4141.54
20737.4, 4141.54
20737.5, 4139.49
20737.6, 4134.87
20737.7, 4133.33
20767.9, 4139.49, estimuli
20769.1, 4141.03
20769.2, 4134.36
20769.2, 4132.82
20798.9, 4137.95
20799, 4141.03
20799.1, 4142.05
20799.1, 4142.56
20831.3, 4138.46
20831.4, 4137.44
20831.4, 4142.56
20831.4, 4140
20862.1, 4132.82
20862.2, 4138.97
20862.2, 4144.62
20862.2, 4140.51
20893.1, 4141.54
20893.2, 4146.15
20893.2, 4144.1
20893.3, 4145.64
20925.3, 4153.33
20925.5, 4156.92
20925.6, 4148.72
20925.6, 4133.33
20956.4, 4126.67
20956.5, 4127.18
20956.5, 4126.15
20956.5, 4136.41
20987.3, 4156.41
20987.4, 4160
20987.5, 4146.15
20987.5, 4136.92
21018, 4131.79
21018.1, 4125.13
21018.1, 4127.18
21018.1, 4140
21050, 4152.82
21050, 4154.87
21050.1, 4149.74
21050.1, 4140.51
21081, 4128.72
21081, 4125.64
21081.1, 4128.72
21081.1, 4136.41
21112.2, 4148.72
21112.3, 4154.87
21112.4, 4148.72
21112.4, 4136.41
21144.3, 4126.67
21144.5, 4126.15
21144.6, 4129.74
21144.6, 4138.97
21175.1, 4156.41
21175.1, 4159.49
21175.2, 4148.72
21175.2, 4137.44
21206.3, 4127.18
21206.4, 4123.08
21206.4, 4129.23
21206.4, 4141.54
21237.5, 4150.77
21237.6, 4154.36
21237.7, 4150.26
21237.7, 4138.46
21269.1, 4128.21
21269.2, 4126.15
21269.2, 4128.72
21269.2, 4137.95
21300.2, 4149.74
21300.3, 4153.33
21300.4, 4146.67
21300.4, 4134.36
21331, 4125.13
21331.1, 4125.64
21331.2, 4131.28
21331.2, 4138.46
21362.7, 4150.26
21362.8, 4156.41
21362.9, 4149.74
21362.9, 4138.46
21394.3, 4129.74
21394.4, 4127.18
21394.4, 4127.18
21394.4, 4136.92
21425.2, 4155.38
21425.3, 4159.49
21425.3, 4147.69
21425.4, 4137.95
21456.4, 4132.82
21456.5, 4128.21
21456.5, 4130.26
21456.6, 4140
21488.4, 4149.23
21488.5, 4152.31
21488.5, 4147.18
21488.6, 4136.92
21519.2, 4128.72
21519.3, 4128.21
21519.3, 4129.74
21519.4, 4134.87
21549.9, 4146.67
21550, 4151.79
21550, 4148.21
21550.1, 4140
21581.1, 4130.26
21581.2, 4126.67
21581.2, 4130.26
21581.2, 4137.95
21613.4, 4149.74
21613.5, 4155.38
21613.5, 4149.23
21613.5, 4136.41
21644.2, 4128.72
21644.3, 4128.72
21644.3, 4131.79
21644.4, 4141.03
21675.3, 4153.85
21675.4, 4153.85
21675.4, 4144.1
21675.4, 4135.38
21706.1, 4129.23
21706.2, 4126.15
21706.2, 4131.79
21706.2, 4143.08
21738.3, 4148.72
21738.4, 4148.21
21738.4, 4148.21
21738.5, 4140
21769.4, 4130.26
21769.5, 4128.72
21769.5, 4130.77
21769.6, 4139.49
21799.9, 4150.26
21800, 4151.79
21800.1, 4146.67
21800.1, 4138.46
21832.2, 4128.72
21832.3, 4126.67
21832.3, 4131.28
21832.4, 4140
21863.1, 4149.23
21863.2, 4150.26
21863.2, 4145.13
21863.2, 4138.97
21894.1, 4130.77
21894.2, 4126.67
21894.3, 4131.28
21894.4, 4138.97
21925.3, 4144.62
21925.3, 4143.08
21925.4, 4141.54
21925.4, 4145.64
21957.2, 4142.05
21957.3, 4136.41
21957.4, 4136.92
21957.4, 4140
21988.2, 4141.54
21988.3, 4140
21988.4, 4138.97
21988.4, 4140.51
22019, 4141.03
22019, 4140.51
22019.1, 4141.03
22019.1, 4142.56
22051, 4142.56
22051.1, 4140.51
22051.1, 4138.46
22051.2, 4140
22082.1, 4143.08
22082.2, 4139.49
22082.2, 4134.87
22082.3, 4138.46
22113.1, 4142.05
22113.1, 4139.49
22113.2, 4137.95
22113.2, 4136.92
22144.1, 4137.44
22144.2, 4138.46
22144.2, 4137.95
22144.3, 4137.44
22176.6, 4137.95
22176.8, 4138.46
22176.8, 4139.49
22176.9, 4139.49
22207.5, 4140
22207.6, 4141.54
22207.7, 4138.97
22207.7, 4137.95
22238.1, 4141.54
22238.2, 4144.1
22238.2, 4142.56
22238.3, 4138.46
22270.1, 4138.46
22270.1, 4141.54
22270.2, 4142.05
22270.2, 4141.03
22301.3, 4141.54
22301.4, 4142.05
22301.4, 4140.51
22301.5, 4141.03
22331.9, 4140.51
22332, 4140
22332.1, 4141.03
22332.1, 4140
22363.1, 4138.46
22363.2, 4144.1
22363.3, 4147.18
22363.3, 4141.54
22395.3, 4138.46
22395.4, 4138.97
22395.5, 4139.49
22395.5, 4140
22426.1, 4139.49
22426.2, 4139.49
22426.2, 4140
22426.2, 4140
22457.3, 4141.03
22457.3, 4141.54
22457.4, 4142.56
22457.4, 4144.62
22487.9, 4145.13
22488.1, 4142.56
22488.1, 4142.05
22488.1, 4142.56
22520, 4141.54
22520.1, 4140
22520.1, 4138.97
22520.1, 4140.51
22551, 4142.56
22551.1, 4142.56
22551.1, 4142.05
22551.2, 4141.54
22582.4, 4138.97
22582.5, 4138.97
22582.5, 4141.54
22582.6, 4141.54
22614.1, 4140
22614.2, 4139.49
22614.2, 4141.54
22614.2, 4141.54
22645, 4139.49
22645.1, 4139.49
22645.2, 4139.49
22645.2, 4139.49
22676.1, 4141.03
22676.2, 4141.03
22676.3, 4140.51
22676.3, 4140
22707.2, 4141.54
22707.3, 4142.05
22707.3, 4140
22707.3, 4138.46
22739.1, 4141.03
22739.1, 4141.54
22739.2, 4137.95
22739.2, 4135.9
22770, 4136.92
22770.1, 4140
22770.1, 4143.08
22770.2, 4138.46
22801.3, 4135.9
22801.5, 4140
22801.6, 4138.46
22801.6, 4135.38
22833, 4138.97
22833.1, 4141.03
22833.1, 4137.44
22833.1, 4137.95
22863.9, 4140.51
22864, 4140
22864, 4136.41
22864, 4135.9
22895, 4140
22895.1, 4143.08
22895.1, 4143.08
22895.1, 4140
22926, 4138.46
22926.1, 4143.08
22926.1, 4145.64
22926.2, 4144.1
22958.1, 4142.56
22958.2, 4142.56
22958.3, 4144.1
22958.3, 4144.1
22989.4, 4142.05
22989.4, 4141.03
22989.5, 4140.51
22989.5, 4142.05
23020.4, 4145.64
23020.7, 4146.15
23020.8, 4142.56
23020.9, 4142.05
23051.1, 4144.1
23051.2, 4143.59
23051.2, 4142.05
23051.2, 4143.59
23083, 4145.64
23083.1, 4144.1
23083.2, 4141.54
23083.2, 4143.59
23114.1, 4144.62
23114.2, 4142.56
23114.2, 4143.59
23114.3, 4144.1
23145.2, 4141.03
23145.3, 4142.05
23145.4, 4145.13
23145.4, 4142.56
23177.2, 4140
23177.3, 4142.05
23177.4, 4142.05
23177.4, 4140
23208.4, 4140
23208.5, 4141.03
23208.6, 4141.54
23208.6, 4141.54
23239.4, 4143.59
23239.5, 4144.1
23239.6, 4143.08
23239.6, 4142.05
23270, 4141.54
23270, 4141.54
23270.1, 4142.05
23270.1, 4143.08
23302.4, 4143.59
23302.5, 4144.1
23302.5, 4143.59
23302.5, 4143.08
23333.2, 4143.59
23333.3, 4142.05
23333.3, 4142.05
23333.4, 4142.05
23364.1, 4142.05
23364.2, 4140
23364.2, 4138.97
23364.3, 4142.05
23396.1, 4142.05
23396.2, 4141.03
23396.3, 4144.62
23396.3, 4145.13
23427.3, 4140
23427.4, 4138.46
23427.5, 4141.54
23427.5, 4145.13
23458.2, 4142.56
23458.3, 4138.46
23458.4, 4140.51
23458.4, 4143.59
23489.3, 4139.49
23489.4, 4137.95
23489.5, 4142.05
23489.5, 4138.97
23521.1, 4134.87
23521.2, 4138.46
23521.2, 4141.03
23521.3, 4140.51
23552.2, 4138.46
23552.2, 4136.41
23552.3, 4137.44
23552.3, 4137.44
23592, 4136.92
23592.1, 4137.95
23592.1, 4137.44
23592.2, 4137.95
23621.1, 4140.51
23621.2, 4141.03
23621.2, 4142.05
23621.3, 4142.56
23648.3, 4140.51
23648.4, 4141.03
23648.5, 4143.08
23648.5, 4141.54
23678.1, 4138.46
23678.2, 4139.49
23678.3, 4143.08
23678.3, 4140.51
23710.1, 4137.95
23710.2, 4140.51
23710.3, 4143.59
23710.3, 4145.13
23741, 4142.56
23741.1, 4140
23741.1, 4142.05
23741.2, 4142.56
23771, 4138.46
23771.1, 4136.41
23771.2, 4139.49
23771.2, 4141.54
23803.1, 4140.51
23803.1, 4137.95
23803.2, 4136.92
23803.2, 4137.44
23834, 4138.97
23834.1, 4142.05
23834.1, 4140.51
23834.1, 4136.92
23865.2, 4138.46
23865.3, 4140
23865.4, 4137.44
23865.4, 4136.92
23895.8, 4137.44
23895.9, 4139.49
23896, 4142.56
23896, 4142.56
23927.9, 4140
23928, 4139.49
23928, 4141.03
23928.1, 4141.03
23958.9, 4138.97
23959, 4138.97
23959.1, 4140.51
23959.1, 4137.44
23996.1, 4135.38
23996.3, 4137.95
23996.3, 4139.49
23996.3, 4139.49
24028, 4140
24028, 4140.51
24028.1, 4139.49
24028.1, 4142.56
24053.2, 4144.1
24053.3, 4137.95
24053.4, 4136.92
24053.5, 4142.05
24083.9, 4142.05
24084, 4140
24084, 4141.03
24084.1, 4141.54
24114.9, 4136.92
24114.9, 4136.92
24115, 4140.51
24115, 4138.97
24147.1, 4137.44
24147.2, 4138.97
24147.2, 4141.54
24147.2, 4142.05
24178, 4140.51
24178.1, 4139.49
24178.1, 4139.49
24178.2, 4138.97
24215.1, 4137.44
24215.2, 4137.95
24215.2, 4140
24215.3, 4139.49
24239.9, 4139.49
24240, 4138.97
24240.1, 4135.9
24240.1, 4138.46
24272.5, 4144.1
24272.6, 4142.56
24272.6, 4138.97
24272.7, 4140
24309, 4140.51
24309.1, 4139.49
24309.2, 4140
24309.2, 4138.46
24337.2, 4136.92
24337.4, 4135.9
24337.4, 4137.44
24337.5, 4138.97
24366.2, 4138.97
24366.3, 4141.03
24366.4, 4143.08
24366.4, 4138.97
24397, 4135.9
24397.1, 4140
24397.2, 4140
24397.2, 4137.44
24428, 4141.03
24428.1, 4143.08
24428.1, 4140
24428.1, 4139.49
24459.1, 4140
24459.2, 4136.92
24459.3, 4135.9
24459.3, 4140.51
24491.5, 4140.51
24491.6, 4136.41
24491.6, 4138.46
24491.7, 4140.51
24522.3, 4137.95
24522.4, 4135.9
24522.4, 4135.9
24522.4, 4136.92
24560, 4138.46
24560.1, 4140
24560.1, 4143.08
24560.2, 4142.56
24591.1, 4138.46
24591.1, 4136.92
24591.2, 4138.46
24591.2, 4138.46
24616.1, 4137.95
24616.2, 4140.51
24616.2, 4141.54
24616.2, 4141.54
24647, 4138.97
24647, 4134.87
24647.1, 4137.44
24647.1, 4141.03
24679.5, 4137.44
24679.6, 4136.41
24679.7, 4142.05
24679.7, 4142.56
24710.1, 4139.49
24710.1, 4137.44
24710.2, 4136.92
24710.2, 4140
24746.9, 4141.03
24747, 4139.49
24747, 4138.46
24747.1, 4140
24772, 4141.54
24772.1, 4142.05
24772.2, 4142.05
24772.2, 4140
24804, 4138.97
24804.1, 4142.56
24804.2, 4143.59
24804.3, 4140.51
24835, 4137.95
24835.1, 4137.44
24835.1, 4140.51
24835.2, 4141.54
24866.1, 4139.49
24866.2, 4137.95
24866.3, 4140
24866.3, 4140.51
24898.1, 4138.97
24898.2, 4139.49
24898.3, 4141.03
24898.3, 4140
24935, 4138.97
24935.1, 4140
24935.2, 4140.51
24935.2, 4138.97
24960.1, 4139.49
24960.2, 4141.03
24960.2, 4140
24960.3, 4140.51
24991.1, 4142.05
24991.2, 4142.05
24991.3, 4139.49
24991.3, 4135.9
25023.3, 4136.92
25023.4, 4144.1
25023.4, 4141.03
25023.5, 4132.31
25054.4, 4135.38
25054.6, 4142.05
25054.7, 4142.05
25054.7, 4140.51
25085.7, 4140
25085.9, 4141.03
25086, 4140.51
25086.1, 4137.95
25129.3, 4137.95
25129.5, 4143.08
25129.5, 4142.56
25129.6, 4137.95
25154.4, 4138.46
25154.6, 4140
25154.6, 4139.49
25154.7, 4141.54
25179.2, 4142.05
25179.3, 4139.49
25179.3, 4138.97
25179.4, 4140.51
25210.4, 4137.44
25210.5, 4134.87
25210.6, 4136.92
25210.6, 4137.44
25242.2, 4135.9
25242.3, 4137.44
25242.4, 4140
25242.4, 4141.54
25273.3, 4142.05
25273.4, 4140
25273.5, 4136.92
25273.5, 4135.38
25304.6, 4136.92
25304.8, 4137.95
25304.9, 4135.38
25304.9, 4137.95
25336.4, 4142.56
25336.5, 4140.51
25336.6, 4138.97
25336.6, 4142.05
25367.2, 4141.03
25367.3, 4136.92
25367.4, 4136.41
25367.4, 4138.46
25398.4, 4141.03
25398.5, 4143.59
25398.5, 4143.59
25398.5, 4140.51
25430.4, 4137.44
25430.6, 4137.95
25430.6, 4140.51
25430.7, 4138.46
25461.1, 4135.38
25461.3, 4138.97
25461.3, 4143.08
25461.4, 4141.54
25492.5, 4141.03
25492.6, 4141.54
25492.6, 4140.51
25492.7, 4138.46
25530.4, 4138.97
25530.5, 4141.54
25530.6, 4139.49
25530.6, 4136.92
25580, 4137.44
25580.1, 4139.49
25580.1, 4139.49
25580.2, 4138.97
25586.4, 4140
25586.5, 4141.03
25586.6, 4141.03
25586.7, 4140
25638.4, 4135.38
25638.6, 4134.36
25638.6, 4138.46
25638.7, 4140
25674.1, 4141.03
25674.2, 4141.54
25674.3, 4138.97
25674.3, 4140.51
25688.5, 4142.05
25688.6, 4141.54
25688.7, 4139.49
25688.7, 4143.08
25719.6, 4143.08
25719.8, 4139.49
25719.8, 4139.49
25719.9, 4140.51
25750.3, 4141.03
25750.4, 4143.08
25750.4, 4140.51
25750.5, 4135.38
25788.3, 4136.92
25788.4, 4142.05
25788.5, 4143.08
25788.5, 4140.51
25819.4, 4140
25819.5, 4140
25819.5, 4140
25819.5, 4139.49
25843.9, 4136.41
25844, 4133.85
25844, 4133.33
25844.1, 4133.33
25876, 4132.82
25876, 4131.79
25876.1, 4131.28
25876.1, 4132.82
25907.4, 4133.33
25907.5, 4134.36
25907.6, 4137.44
25907.6, 4140
25938, 4140
25938.1, 4141.54
25938.1, 4141.03
25938.2, 4135.38
25974.9, 4136.92
25975, 4140
25975, 4135.9
25975, 4137.44
26001.1, 4144.1
26001.1, 4143.08
26001.2, 4142.05
26001.2, 4144.62
26032.1, 4143.08
26032.1, 4142.56
26032.2, 4144.1
26032.2, 4141.54
26063.9, 4138.46
26064, 4139.49
26064.1, 4141.54
26064.1, 4138.46
26094.8, 4135.9
26094.9, 4137.95
26094.9, 4143.08
26094.9, 4143.59
26126.4, 4140
26126.5, 4141.54
26126.6, 4143.59
26126.6, 4142.56
26157.3, 4142.05
26157.3, 4141.54
26157.4, 4138.97
26157.4, 4136.41
26189.2, 4135.9
26189.3, 4140.51
26189.3, 4143.08
26189.4, 4139.49
26220.3, 4136.41
26220.4, 4141.03
26220.5, 4144.62
26220.5, 4140.51
26251.2, 4138.46
26251.3, 4141.54
26251.3, 4139.49
26251.4, 4134.87
26283.9, 4138.97
26284, 4144.1
26284.1, 4141.54
26284.1, 4138.97
26314.1, 4141.54
26314.2, 4142.05
26314.2, 4140.51
26314.3, 4141.03
26358.2, 4143.08
26358.3, 4144.1
26358.4, 4142.56
26358.4, 4140
26383.2, 4142.05
26383.3, 4143.08
26383.3, 4141.54
26383.3, 4141.03
26408.3, 4138.46
26408.4, 4133.85
26408.5, 4131.28
26408.5, 4131.79
26439.3, 4136.41
26439.4, 4136.41
26439.5, 4133.85
26439.5, 4135.38
26470.1, 4141.54
26470.2, 4141.54
26470.3, 4136.92
26470.3, 4138.97
26501.1, 4143.59
26501.2, 4143.59
26501.3, 4140.51
26501.4, 4140
26539.3, 4142.56
26539.5, 4143.59
26539.6, 4143.08
26540, 4144.62
26564.2, 4145.13
26564.3, 4142.56
26564.3, 4142.56
26564.4, 4143.08
26595, 4141.54
26595, 4140.51
26595.1, 4142.05
26595.1, 4142.56
26627.2, 4140
26627.3, 4139.49
26627.3, 4139.49
26627.4, 4141.03
26658.1, 4141.54
26658.2, 4141.54
26658.3, 4143.08
26658.3, 4143.08
26689.3, 4141.03
26689.3, 4141.03
26689.4, 4142.56
26689.4, 4142.56
26720.9, 4142.05
26721, 4139.49
26721.1, 4137.44
26721.1, 4138.97
26752.5, 4142.05
26752.6, 4141.03
26752.7, 4140
26752.7, 4142.05
26789.4, 4141.54
26789.5, 4143.59
26789.6, 4144.62
26789.6, 4138.46
26813.9, 4134.36
26813.9, 4137.95
26814, 4141.54
26814, 4140.51
26846, 4142.56
26846.1, 4144.1
26846.2, 4139.49
26846.3, 4136.41
26883.2, 4138.97
26883.3, 4142.56
26883.4, 4142.56
26883.4, 4141.03
26914.3, 4142.05
26914.4, 4144.1
26914.4, 4140
26914.5, 4135.9
26944.2, 4140
26944.4, 4144.62
26944.4, 4140.51
26944.5, 4137.44
26971.9, 4141.54
26972, 4142.56
26972.1, 4138.46
26972.1, 4137.44
27001.9, 4138.46
27002, 4140
27002, 4143.59
27002.1, 4145.13
27033, 4143.59
27033.1, 4143.08
27033.1, 4141.54
27033.1, 4142.56
27064.9, 4144.1
27065, 4142.05
27065.1, 4138.97
27065.1, 4141.03
27096.1, 4144.1
27096.2, 4142.56
27096.2, 4141.54
27096.3, 4143.08
27127.5, 4143.59
27127.5, 4143.08
27127.6, 4142.05
27127.6, 4141.03
27158.6, 4137.95
27158.6, 4134.87
27158.7, 4136.92
27158.8, 4140.51
27190.2, 4141.54
27190.3, 4141.03
27190.4, 4140.51
27190.4, 4140.51
27220.9, 4139.49
27221, 4139.49
27221.1, 4141.03
27221.2, 4140.51
27252.2, 4138.46
27252.3, 4139.49
27252.4, 4137.95
27252.4, 4133.85
27284, 4136.41
27284, 4140.51
27284.1, 4138.46
27284.1, 4139.49
27322.3, 4144.62
27322.3, 4144.1
27322.4, 4143.08
27322.4, 4144.1
27346.2, 4142.05
27346.3, 4139.49
27346.3, 4136.92
27346.4, 4132.82
27378.2, 4131.79
27378.4, 4134.36
27378.4, 4133.33
27378.5, 4131.79
27409.1, 4132.82
27409.2, 4131.79
27409.2, 4129.23
27409.2, 4131.79
27440.1, 4134.87
27440.1, 4135.38
27440.2, 4136.92
27440.2, 4137.95
27478.1, 4137.95
27478.2, 4140
27478.2, 4143.08
27478.3, 4142.56
27508.9, 4138.97
27509, 4139.49
27509, 4144.62
27509.1, 4146.67
27533.9, 4144.62
27534, 4142.05
27534.1, 4141.54
27534.1, 4144.1
27565.1, 4144.1
27565.2, 4143.08
27565.2, 4142.56
27565.3, 4144.1
27601.1, 4145.13
27601.2, 4142.56
27601.2, 4140.51
27601.3, 4142.56
27628.3, 4143.08
27628.3, 4142.05
27628.4, 4141.54
27628.4, 4142.05
27659.1, 4143.59
27659.1, 4141.54
27659.2, 4138.46
27659.2, 4141.03
27690.1, 4145.13
27690.2, 4143.08
27690.2, 4140
27690.2, 4140.51
27722, 4139.49
27722, 4138.97
27722.1, 4141.54
27722.1, 4141.54
27752.8, 4142.56
27752.9, 4143.59
27752.9, 4143.59
27753, 4142.05
27790.7, 4140
27790.9, 4140.51
27790.9, 4142.56
27791, 4143.59
27816.1, 4142.05
27816.2, 4140
27816.3, 4141.54
27816.4, 4142.56
27847.3, 4141.03
27847.4, 4141.03
27847.5, 4141.54
27847.5, 4141.03
27885.2, 4140.51
27885.3, 4140.51
27885.3, 4142.05
27885.5, 4144.62
27922.3, 4144.1
27922.4, 4142.56
27922.4, 4142.56
27922.5, 4142.56
27941, 4143.08
27941, 4143.59
27941.1, 4142.56
27941.1, 4141.54
27972.2, 4140
27972.3, 4138.46
27972.4, 4140.51
27972.4, 4138.46
28008.3, 4135.9
28008.5, 4138.97
28008.6, 4138.46
28008.6, 4135.38
28034.9, 4137.44
28035, 4140
28035, 4140
28035.1, 4142.56
28072.1, 4144.1
28072.2, 4141.54
28072.2, 4140.51
28072.3, 4142.05
28096.9, 4143.59
28097, 4142.56
28097, 4140
28097.1, 4135.9
28128.1, 4138.46
28128.2, 4144.1
28128.2, 4140
28128.3, 4137.44
28160.1, 4140.51
28160.2, 4139.49
28160.2, 4138.97
28160.2, 4144.62
28197.3, 4142.05
28197.4, 4135.38
28197.5, 4132.82
28197.6, 4132.82
28223.7, 4132.31
28223.9, 4131.28
28223.9, 4134.36
28224, 4138.46
28253.8, 4138.97
28253.9, 4138.97
28254, 4142.56
28254, 4142.56
28284.9, 4138.46
28285, 4137.95
28285, 4138.97
28285.1, 4140.51
28329, 4142.05
28329.1, 4141.54
28329.1, 4142.05
28329.2, 4143.08
28348, 4143.59
28348.1, 4143.08
28348.1, 4139.49
28348.2, 4137.44
28379.1, 4138.97
28379.2, 4142.05
28379.2, 4143.08
28379.3, 4140
28419.3, 4140.51
28419.4, 4143.59
28419.4, 4141.03
28419.4, 4137.95
28448.2, 4139.49
28448.3, 4140.51
28448.3, 4140.51
28448.4, 4140
28473.3, 4141.03
28473.4, 4140.51
28473.5, 4137.95
28473.5, 4138.97
28504, 4144.1
28504.1, 4146.15
28504.1, 4141.54
28504.2, 4140
28538, 4143.08
28538.1, 4142.05
28538.1, 4138.97
28538.2, 4140
28567, 4141.03
28567.1, 4139.49
28567.1, 4139.49
28567.2, 4141.54
28598.3, 4142.56
28598.4, 4140
28598.5, 4139.49
28598.5, 4140
28633, 4138.97
28633.1, 4137.95
28633.1, 4140.51
28633.1, 4144.1
28661.1, 4141.03
28661.2, 4138.46
28661.3, 4143.08
28661.3, 4144.62
28692.2, 4142.05
28692.2, 4142.05
28692.3, 4138.97
28692.3, 4134.36
28724.3, 4135.38
28724.3, 4136.41
28724.4, 4132.82
28724.4, 4130.77
28756.1, 4132.31
28756.2, 4133.33
28756.2, 4134.36
28756.2, 4135.38
28786, 4137.95
28786.1, 4138.97
28786.1, 4136.41
28786.2, 4137.44
28817.2, 4140.51
28817.4, 4139.49
28817.5, 4137.95
28817.5, 4139.49
28855.1, 4142.05
28855.2, 4143.59
28855.2, 4143.08
28855.3, 4143.08
28880.2, 4144.62
28880.2, 4142.05
28880.3, 4140.51
28880.3, 4144.1
28912.1, 4145.13
28912.2, 4143.08
28912.3, 4143.08
28912.3, 4143.59
28943, 4142.05
28943.1, 4141.54
28943.1, 4141.03
28943.2, 4141.03
28975.1, 4144.1
28975.2, 4144.62
28975.3, 4141.03
28975.4, 4139.49
29017.4, 4142.56
29017.5, 4141.54
29017.6, 4138.97
29017.6, 4141.54
29036.1, 4143.59
29036.2, 4141.03
29036.3, 4140.51
29036.3, 4142.05
29068, 4141.54
29068.1, 4140.51
29068.2, 4142.05
29068.2, 4142.56
29098.9, 4138.46
29099, 4136.92
29099, 4143.59
29099, 4145.13
29130.2, 4142.56
29130.3, 4143.59
29130.4, 4142.56
29130.4, 4140.51
29162.2, 4139.49
29162.3, 4138.97
29162.4, 4138.97
29162.4, 4137.95
29199, 4138.97
29199.1, 4142.56
29199.1, 4144.1
29199.1, 4141.54
29224.4, 4143.08
29224.5, 4145.64
29224.5, 4141.03
29224.6, 4138.46
29254.9, 4143.59
29255, 4143.59
29255.1, 4137.44
29255.1, 4138.46
29287, 4140
29287.1, 4136.41
29287.1, 4136.92
29287.2, 4141.03
29318, 4142.05
29318, 4142.05
29318.1, 4144.1
29318.1, 4143.08
29372, 4141.54
29372.1, 4140.51
29372.1, 4141.03
29372.2, 4143.08
29381.1, 4141.03
29381.2, 4137.44
29381.2, 4135.38
29381.3, 4136.41
29412.1, 4136.92
29412.2, 4134.36
29412.2, 4134.87
29412.3, 4137.95
29443.1, 4138.46
29443.2, 4138.46
29443.2, 4137.95
29443.2, 4136.41
29475, 4138.46
29475, 4138.97
29475.1, 4138.46
29475.1, 4140
29506.4, 4140
29506.6, 4139.49
29506.6, 4140
29506.7, 4142.05
29537.1, 4144.1
29537.2, 4140.51
29537.2, 4138.97
29537.2, 4141.54
29578, 4143.59
29578.1, 4142.05
29578.1, 4140.51
29578.2, 4138.46
29600, 4139.49
29600.1, 4144.1
29600.1, 4143.59
29600.1, 4139.49
29631, 4137.44
29631, 4135.38
29631.1, 4137.95
29631.1, 4143.08
29671.1, 4142.05
29671.3, 4139.49
29671.3, 4138.97
29671.3, 4135.9
29694.1, 4133.85
29694.2, 4133.85
29694.2, 4131.28
29694.2, 4130.77
29731.9, 4134.36
29732, 4134.36
29732, 4133.33
29732.1, 4137.44
29762.2, 4138.97
29762.3, 4136.41
29762.3, 4137.95
29762.3, 4141.54
29787.1, 4142.56
29787.2, 4141.03
29787.2, 4140
29787.3, 4142.05
29827.3, 4144.1
29827.3, 4142.05
29827.4, 4142.05
29827.4, 4143.08
29857.5, 4143.08
29857.6, 4143.08
29857.7, 4141.54
29857.8, 4141.03
29887.1, 4142.56
29887.2, 4143.59
29887.2, 4143.08
29887.3, 4142.56
29913.1, 4142.05
29913.2, 4142.05
29913.3, 4144.1
29913.3, 4144.62
29944.1, 4144.62
29944.2, 4144.62
29944.3, 4142.05
29944.3, 4141.54
29987.1, 4144.1
29987.2, 4144.1
29987.3, 4142.56
29987.3, 4143.08
30006.6, 4143.59
30006.7, 4143.59
30006.8, 4141.54
30006.8, 4139.49
30038.9, 4140.51
30039, 4140.51
30039.1, 4140.51
30039.1, 4140.51
30069.5, 4141.54
30069.7, 4141.03
30069.7, 4139.49
30069.8, 4140.51
30099.9, 4143.08
30100, 4143.08
30100, 4141.54
30100.1, 4138.97
30143.1, 4135.38
30143.2, 4136.92
30143.3, 4142.56
30143.3, 4143.08
30166, 4140
30166.1, 4139.49
30166.2, 4141.54
30166.2, 4141.03
30195.9, 4139.49
30196, 4141.03
30196.1, 4141.54
30196.1, 4140.51
30226, 4140
30226.1, 4137.44
30226.1, 4134.36
30226.2, 4140
30257.3, 4143.59
30257.3, 4137.44
30257.4, 4135.9
30257.4, 4141.54
30292.4, 4143.08
30292.5, 4142.05
30292.5, 4141.03
30292.6, 4141.03
30326, 4142.05
30326.1, 4141.54
30326.1, 4142.56
30326.2, 4144.1
30351, 4141.03
30351.1, 4138.46
30351.1, 4141.54
30351.2, 4142.56
30395.3, 4138.46
30395.5, 4137.95
30395.5, 4138.46
30395.6, 4138.97
30414.2, 4142.05
30414.2, 4140.51
30414.3, 4140
30414.3, 4142.05
30450, 4141.54
30450.1, 4137.44
30450.1, 4136.41
30450.1, 4140.51
30482, 4143.08
30482.1, 4140
30482.1, 4136.92
30482.1, 4138.46
30507.5, 4141.54
30507.6, 4142.05
30507.7, 4142.56
30507.8, 4142.05
30545.2, 4140.51
30545.3, 4140
30545.3, 4139.49
30545.4, 4138.46
30571, 4140
30571.1, 4142.05
30571.2, 4138.97
30571.2, 4137.44
30601.3, 4140
30601.4, 4142.05
30601.5, 4141.03
30601.5, 4141.03
30632.9, 4144.62
30633, 4142.05
30633.1, 4136.92
30633.1, 4140
30663.9, 4142.05
30664, 4137.95
30664, 4136.92
30664.1, 4141.03
30701.5, 4140.51
30701.6, 4137.95
30701.6, 4140
30701.7, 4140.51
30733.1, 4136.41
30733.2, 4136.41
30733.3, 4142.05
30733.3, 4143.08
30758.1, 4138.46
30758.2, 4137.95
30758.3, 4141.03
30758.3, 4139.49
30789.2, 4135.38
30789.3, 4134.36
30789.4, 4137.95
30789.4, 4138.97
30820.2, 4137.44
30820.3, 4140.51
30820.3, 4141.03
30820.3, 4138.97
30852.3, 4139.49
30852.4, 4140
30852.5, 4139.49
30852.5, 4139.49
30884.1, 4140
30884.2, 4142.05
30884.7, 4142.05
30884.8, 4141.03
30915, 4142.05
30915.1, 4141.03
30915.1, 4136.92
30915.1, 4134.87
30946, 4133.33
30946.1, 4133.33
30946.2, 4132.82
30946.2, 4130.26
30983, 4131.79
30983.1, 4132.82
30983.1, 4131.79
30983.2, 4135.9
31008, 4141.54
31008.1, 4138.46
31008.2, 4135.38
31008.2, 4138.46
31041.1, 4141.54
31041.2, 4141.03
31041.3, 4140
31041.3, 4140
31071.2, 4141.03
31071.3, 4138.97
31071.4, 4138.46
31071.4, 4143.59
31113.3, 4145.64
31113.4, 4143.08
31113.5, 4142.05
31113.5, 4142.56
31132.9, 4144.62
31133, 4143.59
31133, 4142.05
31133.1, 4142.56
31165, 4143.59
31165, 4141.03
31165.1, 4138.97
31165.1, 4141.03
31201.9, 4142.56
31202, 4140.51
31202, 4141.03
31202, 4143.08
31227.2, 4143.59
31227.3, 4143.59
31227.3, 4140.51
31227.4, 4138.46
31265.1, 4141.03
31265.2, 4141.03
31265.3, 4137.95
31265.3, 4139.49
31290.2, 4142.05
31290.3, 4138.46
31290.3, 4138.97
31290.3, 4143.59
31322.4, 4143.59
31322.5, 4141.54
31322.6, 4143.08
31322.7, 4141.54
31353.1, 4138.97
31353.2, 4140.51
31353.3, 4141.54
31353.3, 4141.54
31384, 4140.51
31384.1, 4137.95
31384.1, 4137.44
31384.1, 4140
31416.1, 4140.51
31416.2, 4138.46
31416.2, 4140.51
31416.3, 4142.05
31453.2, 4142.05
31453.3, 4139.49
31453.3, 4136.41
31453.4, 4136.92
31478.2, 4138.46
31478.3, 4135.9
31478.3, 4132.82
31478.3, 4135.9
31509, 4138.97
31509.1, 4136.41
31509.2, 4137.44
31509.2, 4140.51
31547.4, 4138.97
31547.5, 4136.92
31547.5, 4138.97
31547.6, 4141.03
31571.9, 4139.49
31572, 4136.92
31572.1, 4135.9
31572.1, 4139.49
31617.2, 4141.54
31617.3, 4140
31617.3, 4137.44
31617.4, 4136.41
31640, 4138.46
31640.1, 4139.49
31640.2, 4140
31640.2, 4142.05
31672.2, 4140
31672.3, 4138.97
31672.3, 4140.51
31672.4, 4140
31705.2, 4138.46
31705.3, 4137.95
31705.3, 4139.49
31705.4, 4138.46
31728.3, 4140
31728.4, 4141.54
31728.4, 4138.46
31728.5, 4138.97
31759.2, 4137.95
31759.3, 4135.38
31759.3, 4138.46
31759.3, 4144.1
31792.1, 4140.51
31792.2, 4135.38
31792.3, 4140
31792.3, 4138.97
31823.2, 4134.36
31823.3, 4136.41
31823.3, 4137.95
31823.4, 4137.95
31853.9, 4142.05
31854, 4143.08
31854.1, 4139.49
31854.1, 4140
31888.9, 4141.54
31889, 4138.97
31889, 4136.92
31889.1, 4140
31916, 4143.59
31916.1, 4140.51
31916.1, 4138.46
31916.1, 4139.49
31948.2, 4138.97
31948.3, 4140
31948.3, 4142.56
31948.3, 4139.49
31981, 4136.41
31981.1, 4140
31981.2, 4142.05
31981.2, 4137.95
32014.1, 4136.92
32014.2, 4140.51
32014.2, 4141.54
32014.3, 4138.97
32042.2, 4138.97
32042.3, 4141.03
32042.4, 4141.03
32042.4, 4138.46
32072.1, 4138.97
32072.2, 4140.51
32072.3, 4142.05
32072.3, 4141.54
32104, 4136.92
32104.1, 4134.87
32104.2, 4135.38
32104.2, 4132.31
32144.3, 4130.77
32144.4, 4131.79
32144.4, 4130.77
32144.4, 4131.79
32175.2, 4137.44
32175.3, 4135.38
32175.4, 4131.28
32175.4, 4137.95
32197.3, 4142.05
32197.4, 4137.44
32197.4, 4135.9
32197.5, 4141.03
32236, 4142.56
32236.1, 4137.95
32236.1, 4135.9
32236.2, 4139.49
32261, 4140.51
32261.1, 4140.51
32261.1, 4141.03
32261.2, 4139.49
32291.2, 4137.95
32291.3, 4139.49
32291.3, 4141.54
32291.3, 4142.56
32323.4, 4141.54
32323.5, 4141.03
32323.5, 4140.51
32323.6, 4139.49
32354.1, 4139.49
32354.2, 4140
32354.3, 4140
32354.3, 4141.03
32388, 4140.51
32388.1, 4139.49
32388.1, 4141.03
32388.2, 4142.56
32418, 4143.59
32418.1, 4142.05
32418.2, 4138.97
32418.2, 4140
32447.9, 4143.59
32447.9, 4143.08
32448, 4142.05
32448, 4143.59
32479, 4142.05
32479.1, 4141.03
32479.1, 4142.05
32479.1, 4138.46
32512.2, 4137.95
32512.2, 4141.03
32512.3, 4141.03
32512.3, 4139.49
32548.4, 4138.46
32548.5, 4138.46
32548.5, 4138.97
32548.6, 4139.49
32575.1, 4138.97
32575.1, 4140.51
32575.2, 4143.08
32575.2, 4140.51
32605, 4140
32605.1, 4142.56
32605.2, 4141.54
32605.2, 4141.03
32635.9, 4141.54
32636, 4139.49
32636, 4138.97
32636, 4139.49
32667, 4140.51
32667.1, 4141.54
32667.1, 4139.49
32667.1, 4137.95
32698.1, 4140.51
32698.2, 4142.05
32698.3, 4142.56
32698.3, 4139.49
32731.9, 4137.44
32732, 4140
32732, 4141.03
32732, 4141.03
32761.4, 4142.56
32761.5, 4140.51
32761.6, 4136.92
32761.7, 4134.36
32793.2, 4132.82
32793.3, 4133.33
32793.4, 4132.82
32793.4, 4128.72
32836, 4129.74, estimuli
32837.4, 4133.85
32837.5, 4134.36
32837.6, 4136.92
32856.1, 4140
32856.2, 4140.51
32856.2, 4138.97
32856.2, 4135.9
32887.9, 4136.92
32888, 4142.05
32888.1, 4141.03
32888.1, 4137.44
32916.9, 4136.41
32917, 4136.92
32917, 4136.41
32917.1, 4137.44
32950, 4141.54
32950.1, 4142.05
32950.1, 4140.51
32950.1, 4143.08
32988.2, 4143.59
32988.3, 4140.51
32988.4, 4146.15
32988.4, 4153.85
33011, 4154.36
33011.1, 4145.13
33011.1, 4129.23
33011.2, 4122.56
33043, 4125.64
33043.1, 4126.67
33043.1, 4136.41
33043.1, 4156.92
33074.1, 4164.1
33074.2, 4149.74
33074.2, 4129.74
33074.2, 4120
33108.1, 4121.54
33108.2, 4128.72
33108.3, 4143.08
33108.3, 4160
33141, 4161.54
33141, 4150.26
33141.1, 4137.44
33141.1, 4127.18
33168.3, 4123.08
33168.4, 4128.21
33168.4, 4144.62
33168.5, 4162.56
33199.3, 4160.51
33199.3, 4146.67
33199.4, 4133.85
33199.4, 4123.59
33232.2, 4123.08
33232.3, 4127.69
33232.3, 4137.44
33232.4, 4156.41
33264.2, 4163.08
33264.2, 4147.18
33264.3, 4130.26
33264.3, 4124.1
33293.2, 4122.56
33293.3, 4125.13
33293.4, 4140.51
33293.4, 4159.49
33332.9, 4160.51
33333, 4146.15
33333, 4133.85
33333.1, 4125.64
33356.4, 4123.08
33356.4, 4128.72
33356.5, 4144.62
33356.5, 4160
33387.6, 4158.46
33387.7, 4143.59
33387.7, 4131.28
33388.3, 4125.64
33417.9, 4122.56
33418, 4126.15
33418.1, 4144.1
33418.1, 4157.95
33448.9, 4155.38
33449, 4145.13
33449, 4134.87
33449, 4127.18
33484.3, 4126.67
33484.3, 4131.28
33484.4, 4138.46
33484.4, 4155.38
33513.1, 4162.56
33513.2, 4146.67
33513.2, 4130.26
33513.2, 4125.64
33544.1, 4126.15
33544.1, 4129.23
33544.2, 4142.56
33544.2, 4155.38
33583.2, 4154.87
33583.4, 4143.08
33583.4, 4131.79
33583.5, 4125.13
33612.4, 4123.59
33612.5, 4130.26
33612.5, 4144.62
33612.6, 4154.87
33646.2, 4152.31
33646.3, 4141.03
33646.3, 4131.28
33646.4, 4127.18
33668.8, 4127.69
33668.9, 4130.77
33669, 4140.51
33669, 4156.92
33707.4, 4158.97
33707.5, 4146.15
33707.5, 4132.31
33707.5, 4126.67
33739.1, 4127.18
33739.1, 4129.23
33739.2, 4141.54
33739.3, 4156.92
33775, 4158.97
33775.1, 4147.18
33775.2, 4132.31
33775.2, 4126.15
33794.4, 4127.18
33794.5, 4131.28
33794.5, 4142.56
33794.6, 4154.87
33825.5, 4154.36
33825.6, 4145.64
33825.6, 4135.9
33825.7, 4124.62
33861.1, 4122.56
33861.2, 4132.31
33861.3, 4148.21
33861.3, 4158.46
33888, 4156.92
33888.1, 4146.15
33888.1, 4131.79
33888.2, 4124.62
33925.1, 4125.13
33925.2, 4130.26
33925.2, 4144.62
33925.3, 4158.97
33951.1, 4160
33951.2, 4146.15
33951.3, 4130.26
33951.3, 4123.08
33982.1, 4125.13
33982.2, 4129.74
33982.2, 4139.49
33982.3, 4146.67
34013.2, 4140.51
34013.3, 4142.56
34013.4, 4148.21
34013.4, 4137.44
34044.1, 4133.85
34044.2, 4143.08
34044.2, 4140.51
34044.3, 4138.46
34076.3, 4143.08
34076.4, 4141.03
34076.4, 4138.97
34076.4, 4140
34113.2, 4140
34113.2, 4141.03
34113.3, 4141.54
34113.3, 4139.49
34138.2, 4139.49
34138.3, 4139.49
34138.3, 4138.46
34138.4, 4139.49
34170, 4140.51
34170.1, 4138.97
34170.1, 4140
34170.1, 4143.08
34201.2, 4142.05
34201.4, 4138.97
34201.5, 4137.44
34201.5, 4138.46
34241, 4137.44
34241.1, 4136.41
34241.1, 4141.03
34241.2, 4143.08
34270.2, 4138.97
34270.3, 4140.51
34270.3, 4144.1
34270.3, 4142.56
34295.2, 4141.03
34295.3, 4140
34295.3, 4138.97
34295.4, 4139.49
34338.1, 4141.03
34338.1, 4141.54
34338.2, 4140.51
34338.3, 4139.49
34357.1, 4135.38
34357.2, 4133.85
34357.2, 4136.92
34357.3, 4137.95
34389, 4137.95
34389.1, 4139.49
34389.1, 4140.51
34389.2, 4138.46
34420.4, 4137.95
34420.6, 4141.03
34420.6, 4141.03
34420.7, 4137.95
34450.9, 4137.95
34450.9, 4139.49
34451, 4139.49
34451, 4138.46
34482.1, 4139.49
34482.1, 4137.95
34482.2, 4137.95
34482.2, 4141.54
34514, 4142.56
34514.1, 4140.51
34514.1, 4139.49
34514.2, 4141.03
34545, 4143.08
34545.1, 4142.56
34545.1, 4140.51
34545.1, 4138.97
34576.1, 4139.49
34576.1, 4140
34576.2, 4142.56
34576.2, 4141.03
34612.2, 4136.92
34612.3, 4139.49
34612.3, 4143.08
34612.4, 4138.97
34639.4, 4134.36
34639.5, 4138.46
34639.6, 4141.54
34639.6, 4140
34670.1, 4138.97
34670.2, 4139.49
34670.2, 4140
34670.3, 4140.51
34701.1, 4139.49
34701.2, 4139.49
34701.2, 4141.03
34701.2, 4140.51
34733.1, 4140.51
34733.2, 4142.05
34733.2, 4140
34733.3, 4138.46
34764.1, 4139.49
34764.2, 4139.49
34764.3, 4136.41
34764.3, 4137.44
34795.1, 4140
34795.2, 4138.97
34795.2, 4138.46
34795.3, 4139.49
34833.3, 4140
34833.5, 4137.95
34833.6, 4136.92
34833.6, 4142.05
34858.3, 4144.62
34858.4, 4142.05
34858.4, 4141.54
34858.5, 4141.54
34895.3, 4140
34895.3, 4138.97
34895.4, 4140
34895.4, 4141.54
34919.9, 4139.49
34920, 4137.95
34920.1, 4142.05
34920.1, 4145.13
34952, 4140.51
34952.1, 4135.38
34952.2, 4137.44
34952.2, 4142.56
34983, 4141.54
34983.1, 4139.49
34983.1, 4140.51
34983.2, 4141.54
35014.1, 4139.49
35014.2, 4137.95
35014.3, 4139.49
35014.3, 4140
35046.3, 4140
35046.4, 4139.49
35046.5, 4138.46
35046.5, 4140.51
35081.3, 4140.51
35081.3, 4138.46
35081.4, 4135.9
35081.4, 4136.41
35108, 4140.51
35108.1, 4140.51
35108.1, 4137.44
35108.1, 4137.95
35140.2, 4141.03
35140.3, 4140
35140.3, 4137.95
35140.3, 4138.97
35171.2, 4138.97
35171.4, 4138.46
35171.5, 4140.51
35171.5, 4140
35201.9, 4137.44
35202, 4142.05
35202, 4146.67
35202.1, 4142.05
35240.3, 4135.9
35240.4, 4133.33
35240.5, 4133.33
35240.8, 4134.36
35265.4, 4131.28
35265.5, 4130.26
35265.6, 4133.33
35265.6, 4133.85
35296.7, 4133.33
35296.8, 4133.33
35296.9, 4136.41
35296.9, 4139.49
35327.2, 4138.97
35327.4, 4137.95
35327.4, 4139.49
35327.5, 4141.03
35359.4, 4140
35359.5, 4142.05
35359.6, 4143.08
35359.7, 4140
35396.4, 4137.44
35396.5, 4138.46
35396.5, 4142.56
35396.6, 4143.08
35442.3, 4142.05
35442.4, 4143.59
35442.5, 4144.62
35442.5, 4143.08
35502.2, 4144.1
35502.3, 4143.08
35502.4, 4140.51
35502.4, 4140
35515.4, 4140
35515.5, 4140.51
35515.6, 4139.49
35515.6, 4140
35546.2, 4142.05
35546.3, 4142.56
35546.3, 4143.08
35546.4, 4144.1
35597.2, 4143.08
35597.3, 4142.56
35597.4, 4144.1
35597.4, 4142.05
35630.3, 4141.03
35630.5, 4142.05
35630.6, 4142.05
35630.6, 4142.56
35641.4, 4142.56
35641.5, 4139.49
35641.6, 4138.46
35641.7, 4142.05
35672.6, 4141.03
35672.7, 4137.95
35672.8, 4140
35672.8, 4142.05
35710.3, 4142.56
35710.5, 4142.56
35710.5, 4142.56
35710.6, 4143.59
35734.5, 4142.56
35734.6, 4137.95
35734.7, 4134.87
35734.7, 4134.36
35771.3, 4131.79
35771.4, 4129.74
35771.5, 4129.23
35771.5, 4131.28
35824.4, 4134.36
35824.5, 4135.9
35824.6, 4138.97
35824.7, 4141.03
35845.3, 4139.49
35845.5, 4138.97
35845.5, 4141.03
35845.6, 4141.54
35859.4, 4139.49
35859.5, 4138.46
35859.6, 4140
35859.6, 4143.59
35897.3, 4145.64
35897.4, 4142.05
35897.4, 4140
35897.5, 4143.08
35922.3, 4144.1
35922.4, 4143.08
35922.5, 4143.08
35922.6, 4144.1
35954.4, 4144.62
35954.5, 4142.56
35954.6, 4140.51
35954.7, 4142.56
35985.4, 4145.13
35985.5, 4142.05
35985.6, 4140
35985.6, 4143.08
36017.4, 4142.56
36017.5, 4142.05
36017.6, 4143.08
36017.6, 4139.49
36047.3, 4137.44
36047.3, 4140.51
36047.4, 4143.08
36047.4, 4142.05
36078.8, 4141.54
36078.9, 4141.54
36078.9, 4141.03
36079, 4141.54
36109.9, 4142.05
36110, 4139.49
36110.1, 4137.95
36110.1, 4139.49
36141.1, 4140.51
36141.2, 4140
36141.2, 4138.46
36141.3, 4137.44
36179, 4140.51
36179.1, 4138.97
36179.2, 4135.38
36179.2, 4137.95
36204.1, 4139.49
36204.2, 4136.41
36204.2, 4135.9
36204.2, 4138.46
36235, 4137.44
36235.1, 4133.85
36235.1, 4133.33
36235.1, 4137.95
36266, 4143.59
36266.1, 4141.54
36266.1, 4137.95
36266.1, 4143.08
36316.1, 4147.69
36316.2, 4142.05
36316.2, 4138.97
36316.3, 4142.05
36329, 4139.49
36329.1, 4134.87
36329.1, 4138.46
36329.1, 4141.54
36366.2, 4139.49
36366.3, 4138.97
36366.4, 4140
36366.4, 4142.05
36391.1, 4142.05
36391.1, 4138.97
36391.2, 4138.46
36391.2, 4138.46
36427.2, 4136.41
36427.2, 4139.49
36427.3, 4142.56
36427.3, 4140
36454.2, 4138.46
36454.3, 4141.03
36454.3, 4140.51
36454.3, 4137.95
36485, 4140.51
36485.1, 4143.08
36485.1, 4140
36485.2, 4136.92
36517.2, 4137.95
36517.4, 4140.51
36517.4, 4140
36517.5, 4138.46
36548, 4140
36548.1, 4140.51
36548.2, 4136.92
36548.2, 4138.46
36579.1, 4144.62
36579.1, 4142.05
36579.2, 4136.92
36579.2, 4137.95
36623.2, 4140.51
36623.3, 4139.49
36623.4, 4140.51
36623.4, 4143.59
36642.2, 4141.03
36642.3, 4138.46
36642.4, 4141.54
36642.4, 4141.03
36673.1, 4137.95
36673.2, 4141.54
36673.2, 4141.54
36673.3, 4134.36
36710, 4135.9
36710.1, 4137.44
36710.1, 4134.87
36710.2, 4139.49
36736.4, 4143.08
36736.6, 4140.51
36736.6, 4140
36736.7, 4140
36767.1, 4137.95
36767.2, 4136.92
36767.3, 4136.41
36767.3, 4140.51
36798.1, 4144.1
36798.2, 4139.49
36798.3, 4136.92
36798.3, 4138.97
36828.9, 4141.03
36829, 4142.56
36829, 4143.08
36829, 4142.05
36861.1, 4139.49
36861.2, 4138.97
36861.2, 4141.54
36861.3, 4142.56
36898, 4140
36898.1, 4137.95
36898.1, 4138.97
36898.2, 4140.51
36934.4, 4141.03
36934.6, 4142.05
36934.6, 4141.03
36934.6, 4138.97
36961, 4142.05
36961.1, 4143.08
36961.1, 4139.49
36961.2, 4139.49
36998.3, 4143.08
36998.4, 4142.05
36998.5, 4139.49
36998.5, 4141.54
37017.4, 4142.56
37017.5, 4141.54
37017.6, 4141.03
37017.6, 4142.56
37049.2, 4142.56
37049.3, 4139.49
37049.4, 4138.97
37049.4, 4143.08
37080, 4144.1
37080.1, 4142.05
37080.1, 4140.51
37080.1, 4141.03
37111.1, 4143.59
37111.2, 4144.1
37111.2, 4138.97
37111.3, 4137.44
37142.1, 4140.51
37142.2, 4141.03
37142.3, 4137.95
37142.3, 4139.49
37174.3, 4140.51
37174.4, 4137.95
37174.4, 4137.44
37174.4, 4135.9
37205, 4135.38
37205.1, 4140.51
37205.1, 4141.54
37205.1, 4139.49
37236.4, 4141.03
37236.5, 4142.56
37236.6, 4139.49
37236.6, 4137.95
37268, 4140
37268.1, 4139.49
37268.1, 4137.95
37268.2, 4137.95
37299.3, 4136.92
37299.3, 4137.44
37299.4, 4138.97
37299.4, 4139.49
37331.3, 4138.97
37331.4, 4140
37331.4, 4139.49
37331.5, 4139.49
37361.4, 4140.51
37361.5, 4142.05
37361.5, 4141.54
37361.6, 4138.46
37393.1, 4136.41
37393.2, 4136.92
37393.3, 4139.49
37393.3, 4140
37424.2, 4137.95
37424.3, 4137.95
37424.3, 4141.03
37424.3, 4141.03
37455, 4138.46
37455, 4138.97
37455.1, 4137.95
37455.1, 4136.41
37487.1, 4136.41
37487.2, 4135.38
37487.2, 4135.38
37487.3, 4138.46
37518, 4141.54
37518.1, 4142.05
37518.2, 4140
37518.2, 4137.44
37560.2, 4138.97
37560.3, 4142.56
37560.3, 4142.05
37560.3, 4142.05
37583.2, 4142.56
37583.3, 4143.08
37583.4, 4141.54
37583.4, 4141.03
37612.1, 4142.05
37612.2, 4140.51
37612.3, 4137.44
37612.4, 4136.41
37649.3, 4136.92
37649.3, 4139.49
37649.4, 4140.51
37649.4, 4142.05
37675.4, 4141.54
37675.4, 4138.97
37675.5, 4138.46
37675.5, 4141.03
37706.2, 4142.05
37706.3, 4141.03
37706.4, 4139.49
37706.4, 4138.97
37737.4, 4140
37737.5, 4142.05
37737.6, 4142.56
37737.6, 4142.56
37768.4, 4144.62
37768.5, 4144.62
37768.5, 4141.03
37768.6, 4141.54
37799.8, 4144.62
37799.9, 4144.1
37799.9, 4141.54
37799.9, 4142.56
37831.1, 4143.08
37831.2, 4137.95
37831.2, 4136.41
37831.2, 4142.05
37862, 4144.1
37862.1, 4140
37862.2, 4137.44
37862.2, 4140
37894.1, 4139.49
37894.1, 4136.92
37894.2, 4136.41
37894.2, 4137.44
37925, 4138.46
37925.1, 4140
37925.2, 4138.46
37925.2, 4136.92
37956.3, 4140
37956.4, 4142.56
37956.5, 4140
37956.6, 4137.44
37988, 4139.49
37988.2, 4139.49
37988.4, 4138.46
37988.5, 4139.49
38025, 4139.49
38025, 4138.97
38025.1, 4138.97
38025.1, 4141.54
38050, 4142.56
38050.1, 4140
38050.1, 4141.03
38050.1, 4142.56
38081, 4139.49
38081.1, 4137.95
38081.1, 4141.54
38081.1, 4143.08
38125.1, 4142.05
38125.2, 4140.51
38125.2, 4139.49
38125.2, 4141.54
38156.5, 4143.08
38156.6, 4142.05
38156.7, 4141.03
38156.8, 4139.49
38175.2, 4136.41
38175.3, 4134.36
38175.3, 4134.36
38175.4, 4132.31
38206.2, 4132.31
38206.3, 4134.36
38206.4, 4133.33
38206.4, 4131.28
38238.2, 4134.87
38238.3, 4138.97
38238.4, 4136.41
38238.4, 4134.87
38268.9, 4138.97
38268.9, 4140
38269, 4137.95
38269, 4138.46
38300.1, 4142.05
38300.2, 4143.59
38300.2, 4142.56
38300.3, 4141.03
38332, 4143.59
38332.1, 4146.15
38332.1, 4142.56
38332.1, 4138.46
38370.5, 4141.03
38370.6, 4144.62
38370.6, 4143.08
38370.6, 4142.56
38394.2, 4143.59
38394.3, 4141.54
38394.3, 4140
38394.4, 4138.46
38425.2, 4138.97
38425.3, 4141.54
38425.3, 4142.56
38425.3, 4141.03
38458.1, 4140
38458.1, 4142.05
38458.2, 4144.62
38458.2, 4145.13
38488.2, 4144.62
38488.3, 4143.59
38488.3, 4141.54
38488.4, 4140.51
38519, 4141.54
38519.1, 4143.59
38519.2, 4143.08
38519.2, 4142.05
38551.1, 4142.05
38551.2, 4141.54
38551.3, 4140.51
38551.3, 4141.54
38581.9, 4143.08
38582, 4142.05
38582, 4137.95
38582.1, 4138.97
38619.1, 4141.54
38619.2, 4139.49
38619.4, 4138.46
38619.4, 4141.03
38644.3, 4142.05
38644.4, 4143.59
38644.4, 4144.62
38644.5, 4145.13
38677.2, 4144.62
38677.3, 4142.56
38677.3, 4141.03
38677.4, 4138.97
38707.1, 4133.85
38707.2, 4129.23
38707.3, 4130.26
38707.3, 4133.85
38748.3, 4134.87
38748.4, 4134.87
38748.4, 4136.41
38748.5, 4138.97
38776.3, 4138.97
38776.4, 4138.46
38776.5, 4139.49
38776.5, 4138.46
38801.5, 4137.44
38801.6, 4138.46
38801.6, 4139.49
38801.6, 4141.54
38833.2, 4143.08
38833.3, 4139.49
38833.4, 4137.95
38833.4, 4141.54
38876.3, 4141.54
38876.4, 4142.05
38876.4, 4143.59
38876.5, 4143.08
38896.9, 4143.08
38897, 4144.1
38897, 4144.1
38897.1, 4143.08
38926.1, 4144.1
38926.1, 4143.08
38926.2, 4138.97
38926.2, 4141.54
38964.1, 4143.59
38964.2, 4139.49
38964.2, 4138.46
38964.3, 4144.1
38989, 4144.1
38989.1, 4140
38989.1, 4141.03
38989.1, 4145.13
39020.2, 4144.62
39020.3, 4140.51
39020.4, 4138.46
39020.4, 4141.03
39051, 4141.54
39051.1, 4138.46
39051.1, 4138.46
39051.1, 4140.51
39098.3, 4141.54
39098.4, 4142.56
39098.4, 4143.08
39098.5, 4143.59
39120.2, 4141.54
39120.2, 4140.51
39120.3, 4143.08
39120.3, 4142.05
39151.2, 4138.46
39151.3, 4137.95
39151.3, 4140.51
39151.4, 4137.44
39189, 4134.87
39189.2, 4137.44
39189.2, 4140
39189.4, 4141.03
39208.5, 4142.05
39208.6, 4140
39208.7, 4140
39208.8, 4141.03
39240.8, 4138.46
39240.9, 4136.41
39240.9, 4138.46
39241, 4138.97
39271, 4141.03
39271.1, 4142.05
39271.1, 4140.51
39271.1, 4142.56
39302.2, 4142.56
39302.3, 4140.51
39302.3, 4141.03
39302.4, 4140.51
39332.9, 4140
39332.9, 4141.54
39333, 4140.51
39333, 4140
39363.9, 4142.05
39364, 4138.97
39364, 4135.9
39364, 4138.46
39396, 4139.49
39396.1, 4140
39396.1, 4143.59
39396.2, 4141.54
39427.3, 4139.49
39427.4, 4141.03
39427.5, 4139.49
39427.5, 4136.92
39458.4, 4136.92
39458.5, 4136.92
39458.6, 4133.85
39458.6, 4133.85
39490.3, 4132.31
39490.4, 4132.31
39490.4, 4140.51
39490.4, 4143.08
39521.1, 4138.46
39521.2, 4138.46
39521.3, 4137.44
39521.3, 4133.33
39558.2, 4136.41
39558.3, 4141.03
39558.4, 4140
39558.4, 4139.49
39583.1, 4140.51
39583.2, 4139.49
39583.2, 4139.49
39583.3, 4142.05
39615.4, 4142.56
39615.5, 4142.05
39615.6, 4143.08
39615.6, 4142.56
39646, 4140
39646.1, 4140
39646.1, 4142.56
39646.2, 4143.59
39690.3, 4141.54
39690.4, 4138.97
39690.4, 4139.49
39690.5, 4140.51
39709.1, 4140
39709.2, 4138.46
39709.2, 4141.03
39709.2, 4142.56
39745.9, 4142.56
39746, 4143.59
39746, 4142.05
39746.1, 4141.54
39771.1, 4145.13
39771.2, 4144.1
39771.2, 4136.92
39771.3, 4138.46
39803, 4143.08
39803.1, 4142.56
39803.1, 4142.05
39803.2, 4143.08
39834, 4142.56
39834.1, 4142.56
39834.2, 4141.54
39834.2, 4138.97
39871, 4139.49
39871.1, 4142.56
39871.1, 4139.49
39871.2, 4137.95
39909.2, 4141.03
39909.3, 4142.56
39909.3, 4142.05
39909.3, 4142.56
39928, 4140
39928.1, 4137.95
39928.1, 4141.03
39928.2, 4144.62
39958.9, 4143.08
39959, 4139.49
39959, 4138.46
39959, 4142.56
39991.2, 4140.51
39991.3, 4136.41
39991.3, 4142.56
39991.3, 4144.1
40022.2, 4138.46
40022.3, 4141.03
40022.3, 4143.59
40022.3, 4140
40052.9, 4139.49
40053, 4140
40053, 4138.97
40053.1, 4140
40083.9, 4141.03
40084, 4140.51
40084, 4138.97
40084.1, 4140.51
40115.2, 4142.56
40115.2, 4140.51
40115.3, 4139.49
40115.3, 4141.03
40151, 4140.51
40151.1, 4138.46
40151.1, 4141.03
40151.2, 4144.62
40178.1, 4142.05
40178.2, 4139.49
40178.2, 4140
40178.3, 4140
40215.1, 4138.46
40215.2, 4138.46
40215.3, 4142.56
40215.3, 4144.1
40241.4, 4141.03
40241.6, 4138.46
40241.7, 4141.03
40241.8, 4142.56
40279.1, 4140
40279.2, 4139.49
40279.2, 4141.54
40279.3, 4140
40318.1, 4138.97
40318.2, 4140.51
40318.3, 4141.54
40318.4, 4144.1
40336.9, 4142.56
40337, 4140
40337, 4142.05
40337, 4141.54
40366.1, 4138.46
40366.2, 4139.49
40366.2, 4141.54
40366.3, 4140.51
40397.9, 4138.97
40398, 4138.97
40398.1, 4136.41
40398.1, 4132.82
40428.1, 4133.85
40428.2, 4133.85
40428.2, 4129.74
40428.3, 4130.26
40460.1, 4132.82
40460.2, 4132.31
40460.2, 4132.82
40460.3, 4135.38
40491.2, 4134.87
40491.3, 4135.9
40491.3, 4138.46
40491.3, 4138.46
40522, 4138.97
40522.1, 4143.08
40522.3, 4143.08
40522.3, 4140.51
40554, 4140
40554.1, 4140.51
40554.1, 4140
40554.2, 4143.08
40585, 4144.1
40585.1, 4142.56
40585.1, 4141.54
40585.1, 4143.59
40616.3, 4144.1
40616.4, 4143.59
40616.4, 4143.59
40616.5, 4143.59
40647.2, 4142.56
40647.3, 4140
40647.4, 4141.54
40647.4, 4144.62
40681, 4143.59
40681.1, 4140.51
40681.1, 4141.03
40681.2, 4143.59
40710.2, 4142.05
40710.3, 4141.03
40710.4, 4144.62
40710.4, 4144.1
40741, 4141.03
40741.1, 4142.56
40741.1, 4144.62
40741.2, 4143.08
40778.1, 4140.51
40778.2, 4141.03
40778.2, 4144.1
40778.3, 4141.54
40804.1, 4138.46
40804.2, 4140
40804.3, 4140.51
40804.3, 4139.49
40835.3, 4137.44
40835.4, 4136.41
40835.4, 4138.46
40835.5, 4141.03
40873.4, 4138.97
40873.5, 4136.41
40873.5, 4138.97
40873.6, 4143.59
40898.2, 4143.08
40898.3, 4142.56
40898.3, 4142.56
40898.4, 4142.05
40929, 4141.03
40929.1, 4140
40929.2, 4140
40929.2, 4138.97
40960, 4140
40960.1, 4142.56
40960.1, 4140
40960.1, 4138.46
40992, 4140.51
40992.1, 4140.51
40992.1, 4140
40992.2, 4140
41035.1, 4138.97
41035.2, 4141.03
41035.2, 4144.1
41035.3, 4143.59
41054, 4143.08
41054.1, 4139.49
41054.1, 4137.44
41054.2, 4142.05
41086, 4143.08
41086.1, 4138.46
41086.2, 4139.49
41086.2, 4143.59
41129.1, 4140.51
41129.2, 4138.46
41129.2, 4140
41129.3, 4138.97
41148, 4138.46
41148.1, 4141.03
41148.1, 4142.05
41148.1, 4140
41178.9, 4139.49
41179, 4140.51
41179.1, 4138.46
41179.1, 4138.97
41211.4, 4143.08
41211.5, 4140.51
41211.6, 4137.95
41211.6, 4140
41246.2, 4140.51
41246.3, 4138.97
41246.3, 4141.54
41246.3, 4142.05
41273.3, 4138.46
41273.5, 4138.46
41273.6, 4138.97
41273.7, 4137.95
41305, 4140
41305.1, 4143.59
41305.2, 4140
41305.2, 4137.95
41342.2, 4141.03
41342.3, 4140.51
41342.4, 4136.92
41342.4, 4138.97
41367.1, 4143.08
41367.2, 4139.49
41367.2, 4136.92
41367.3, 4141.54
41405.1, 4144.62
41405.2, 4141.03
41405.3, 4136.92
41405.4, 4138.97
41436.1, 4140.51
41436.2, 4141.03
41436.2, 4142.05
41436.2, 4140.51
41461, 4138.46
41461.1, 4140
41461.1, 4138.97
41461.2, 4138.97
41492.3, 4142.56
41492.5, 4140.51
41492.6, 4138.46
41492.6, 4140.51
41524.2, 4141.54
41524.3, 4139.49
41524.4, 4137.95
41524.4, 4138.46
41555.1, 4139.49
41555.2, 4138.97
41555.3, 4137.44
41555.4, 4138.97
41585.9, 4138.46
41586, 4135.38
41586.1, 4136.41
41586.1, 4138.97
41618, 4138.46
41618, 4138.46
41618.1, 4140
41618.1, 4141.03
41649, 4143.59
41649.1, 4143.08
41649.1, 4138.97
41649.2, 4138.46
41680.2, 4137.95
41680.3, 4135.9
41680.3, 4136.41
41680.4, 4142.05
41711.3, 4143.08
41711.4, 4139.49
41711.4, 4141.03
41711.4, 4143.59
41743.2, 4143.08
41743.3, 4141.54
41743.4, 4142.56
41743.4, 4141.54
41774.3, 4139.49
41774.4, 4141.03
41774.4, 4142.05
41774.4, 4140
41805.1, 4138.97
41805.1, 4138.97
41805.2, 4139.49
41805.2, 4140.51
41837.3, 4141.03
41837.4, 4142.56
41837.4, 4142.56
41837.5, 4140
41868, 4140
41868.1, 4138.97
41868.1, 4136.92
41868.2, 4140
41906.9, 4142.05
41906.9, 4142.56
41907, 4144.1
41907, 4143.59
41930.3, 4142.56
41930.4, 4143.08
41930.5, 4140
41930.5, 4134.36
41962, 4131.28
41962, 4129.23
41962.1, 4127.18
41962.1, 4127.69
41999.2, 4132.82, estimuli
41999.4, 4136.92
42000.7, 4135.9
42000.8, 4134.87
42024.2, 4140
42024.2, 4140.51
42024.3, 4135.9
42024.3, 4138.97
42056.1, 4142.56
42056.2, 4139.49
42056.3, 4140.51
42056.3, 4146.67
42087.3, 4145.64
42087.4, 4139.49
42087.5, 4138.97
42087.5, 4142.56
42118, 4142.05
42118.1, 4138.97
42118.1, 4138.46
42118.2, 4141.03
42149.3, 4142.56
42149.4, 4148.21
42149.5, 4158.46
42149.6, 4157.44
42181.2, 4141.54
42181.3, 4128.21
42181.3, 4124.62
42181.3, 4123.08
42212.2, 4127.69
42212.3, 4146.67
42212.4, 4163.59
42212.4, 4161.54
42262.1, 4146.67
42262.1, 4132.82
42262.2, 4125.64
42262.3, 4123.59
42275, 4131.79
42275.1, 4151.79
42275.1, 4164.1
42275.1, 4156.92
42306.1, 4144.1
42306.2, 4131.79
42306.3, 4122.05
42306.3, 4123.08
42343.4, 4129.23
42343.6, 4143.08
42343.6, 4159.49
42343.7, 4158.97
42368, 4143.08
42368.1, 4130.26
42368.1, 4126.67
42368.1, 4126.67
42400.1, 4130.77
42400.2, 4146.67
42400.2, 4162.05
42400.2, 4159.49
42431, 4144.62
42431.1, 4128.72
42431.1, 4121.54
42431.1, 4123.08
42468.9, 4130.26
42469, 4147.69
42469, 4163.08
42469.1, 4162.05
42494.2, 4146.67
42494.2, 4130.26
42494.3, 4124.62
42494.3, 4124.1
42531.2, 4128.72
42531.3, 4144.1
42531.3, 4160
42531.3, 4157.44
42562.3, 4142.05
42562.4, 4128.21
42562.4, 4124.62
42562.5, 4127.18
42588.1, 4129.74
42588.3, 4141.54
42588.5, 4160.51
42588.6, 4160
42619.1, 4144.62
42619.2, 4132.31
42619.3, 4126.67
42619.4, 4126.15
42650.1, 4129.74
42650.2, 4145.13
42650.2, 4161.03
42650.2, 4156.92
42682.1, 4141.03
42682.2, 4131.79
42682.2, 4128.21
42682.3, 4123.59
42713.1, 4129.23
42713.2, 4150.26
42713.2, 4163.59
42713.3, 4155.38
42744.3, 4141.54
42744.4, 4131.79
42744.4, 4123.08
42744.5, 4123.59
42775.5, 4132.31
42775.6, 4143.08
42775.6, 4155.38
42775.7, 4156.41
42807.3, 4142.56
42807.3, 4128.21
42807.4, 4125.13
42807.4, 4125.64
42838.1, 4128.72
42838.2, 4144.1
42838.2, 4157.95
42838.3, 4155.38
42869.1, 4142.05
42869.2, 4130.77
42869.2, 4125.64
42869.3, 4125.64
42900.5, 4133.85
42900.6, 4150.26
42900.6, 4158.46
42900.7, 4151.79
42938.1, 4143.08
42938.1, 4132.31
42938.2, 4123.59
42938.2, 4125.64
42969.5, 4135.38
42969.7, 4148.21
42969.8, 4156.41
42969.8, 4153.33
42994.3, 4143.59
42994.5, 4132.31
42994.5, 4126.15
42994.5, 4125.13
43031.4, 4129.74
43031.5, 4142.56
43031.5, 4154.36
43031.6, 4154.36
43057.3, 4142.56
43057.4, 4129.23
43057.5, 4125.13
43057.5, 4129.23
43088.3, 4133.85
43088.4, 4145.64
43088.5, 4162.05
43088.6, 4159.49
43120.4, 4139.49
43120.5, 4126.67
43120.6, 4124.62
43120.6, 4124.62
43151.3, 4130.26
43151.4, 4144.62
43151.5, 4148.21
43151.5, 4140.51
43188.3, 4143.59
43188.7, 4146.15
43188.8, 4135.9
43188.8, 4134.87
43214.4, 4140.51
43214.5, 4142.05
43214.6, 4143.08
43214.6, 4143.08
43245, 4142.56
43245.1, 4143.08
43245.1, 4140.51
43245.2, 4137.95
43287.8, 4139.49
43287.9, 4140.51
43288, 4140.51
43288, 4140.51
43307.3, 4139.49
43307.4, 4138.46
43307.4, 4140.51
43307.5, 4143.59
43338.9, 4143.08
43339, 4140
43339, 4138.46
43339.1, 4140
43370.3, 4139.49
43370.4, 4137.95
43370.5, 4137.95
43370.6, 4136.92
43401.2, 4137.44
43401.3, 4141.54
43401.4, 4144.1
43401.4, 4142.05
43438.9, 4138.97
43439, 4136.92
43439.1, 4138.97
43439.1, 4139.49
43464, 4136.92
43464.1, 4136.92
43464.1, 4138.46
43464.2, 4138.97
43495.1, 4139.49
43495.1, 4140
43495.2, 4141.03
43495.2, 4141.54
43526.1, 4140.51
43526.2, 4136.41
43526.2, 4136.41
43526.3, 4140
43558.1, 4139.49
43558.2, 4138.46
43558.2, 4140.51
43558.3, 4140.51
43594.4, 4139.49
43594.6, 4141.03
43594.7, 4141.54
43594.8, 4138.46
43620.2, 4138.46
43620.3, 4141.03
43620.3, 4139.49
43620.3, 4139.49
43652.1, 4141.54
43652.2, 4143.08
43652.2, 4142.05
43652.3, 4140
43701.1, 4140.51
43701.2, 4144.1
43701.2, 4143.08
43701.2, 4138.97
43714, 4138.97
43714.1, 4141.03
43714.1, 4140.51
43714.1, 4141.03
43744.9, 4143.59
43745, 4141.54
43745, 4137.95
43745.1, 4136.92
43777, 4134.87
43777.1, 4136.41
43777.1, 4142.05
43777.2, 4143.08
43808.3, 4139.49
43808.4, 4138.97
43808.4, 4143.08
43808.5, 4145.13
43839.1, 4142.05
43839.2, 4139.49
43839.3, 4141.03
43839.3, 4141.54
43871.4, 4136.92
43871.5, 4135.9
43871.5, 4142.05
43871.5, 4142.56
43902.2, 4140.51
43902.3, 4142.05
43902.4, 4143.08
43902.4, 4142.05
43932.9, 4142.56
43933, 4142.56
43933, 4141.54
43933.1, 4141.54
43963.9, 4141.03
43964, 4140
43964, 4140.51
43964.1, 4143.08
43999.9, 4144.62
44000, 4141.03
44000, 4142.05
44000, 4144.1
44027.3, 4140
44027.4, 4137.95
44027.5, 4142.56
44027.5, 4143.08
44058.4, 4138.46
44058.5, 4140.51
44058.6, 4142.56
44058.6, 4140
44090.1, 4137.95
44090.2, 4135.9
44090.2, 4137.95
44090.2, 4141.54
44121, 4142.05
44121.1, 4137.95
44121.1, 4137.44
44121.1, 4142.05
44152, 4141.54
44152.1, 4137.95
44152.1, 4138.46
44152.1, 4136.92
44183.1, 4133.85
44183.2, 4135.9
44183.2, 4139.49
44183.3, 4140
44215.3, 4142.56
44215.3, 4144.1
44215.4, 4143.08
44215.4, 4141.54
44247.4, 4141.54
44247.6, 4141.54
44247.6, 4141.03
44247.6, 4140.51
44278, 4140.51
44278.1, 4141.03
44278.1, 4139.49
44278.2, 4137.95
44309, 4138.46
44309.1, 4136.92
44309.1, 4138.46
44309.1, 4141.54
44340, 4141.03
44340.1, 4141.03
44340.2, 4143.08
44340.2, 4142.56
44370.9, 4142.05
44371, 4142.56
44371, 4141.03
44371.1, 4140
44403.1, 4141.54
44403.2, 4143.08
44403.2, 4141.54
44403.2, 4138.97
44434.8, 4138.46
44434.9, 4138.46
44435, 4140.51
44435, 4142.05
44465.2, 4138.97
44465.2, 4138.46
44465.3, 4142.56
44465.3, 4142.56
44497.2, 4138.46
44497.3, 4139.49
44497.3, 4143.08
44497.4, 4143.08
44528.1, 4139.49
44528.1, 4138.46
44528.2, 4140
44528.2, 4140.51
44566.1, 4142.05
44566.1, 4143.59
44566.2, 4141.03
44566.2, 4140
44590.2, 4141.03
44590.3, 4137.44
44590.4, 4137.95
44590.4, 4143.08
44622, 4142.56
44622.1, 4140.51
44622.1, 4141.54
44622.1, 4141.03
44654, 4139.49
44654.1, 4139.49
44654.2, 4138.97
44654.3, 4141.54
44684, 4143.08
44684.1, 4141.03
44684.1, 4141.03
44684.2, 4142.05
44714.8, 4140
44714.9, 4139.49
44714.9, 4140.51
44714.9, 4140
44747, 4141.03
44747.1, 4142.05
44747.1, 4141.54
44747.2, 4144.62
44779, 4145.13
44779, 4138.46
44779.1, 4137.95
44779.1, 4143.08
44822.1, 4143.08
44822.2, 4139.49
44822.3, 4140.51
44822.4, 4143.59
44840.2, 4144.1
44840.3, 4142.56
44840.4, 4141.54
44840.4, 4142.05
44872.1, 4143.59
44872.3, 4144.1
44872.4, 4143.59
44872.4, 4143.08
44903, 4143.59
44903.1, 4141.54
44903.1, 4142.05
44903.2, 4144.1
44934, 4142.05
44934, 4139.49
44934.1, 4141.03
44934.1, 4142.56
44966.1, 4143.59
44966.1, 4144.62
44966.2, 4144.1
44966.2, 4143.08
44997.1, 4143.59
44997.1, 4143.08
44997.2, 4142.05
44997.2, 4141.54
45027.9, 4143.59
45028, 4142.56
45028, 4142.56
45028, 4143.59
45060.4, 4141.03
45060.8, 4138.46
45060.8, 4140
45060.9, 4142.56
45091.3, 4142.05
45091.4, 4142.56
45091.5, 4142.56
45091.5, 4139.49
45124.1, 4140.51
45124.1, 4143.08
45124.2, 4140.51
45124.2, 4137.95
45153, 4136.92
45153, 4138.46
45153.1, 4143.59
45153.1, 4144.1
45185, 4140.51
45185.1, 4141.54
45185.1, 4142.56
45185.1, 4139.49
45222.2, 4137.95
45222.3, 4140.51
45222.4, 4143.08
45222.4, 4142.56
45247.3, 4138.46
45247.3, 4137.95
45247.4, 4142.05
45247.4, 4141.54
45279.2, 4135.38
45279.4, 4136.92
45279.4, 4142.05
45279.4, 4138.46
45310, 4134.36
45310.1, 4134.87
45310.1, 4133.85
45310.1, 4131.79
45342.1, 4130.26
45342.2, 4132.82
45342.2, 4133.85
45342.3, 4134.36
45387, 4135.9
45387.1, 4138.97
45387.1, 4142.05
45387.2, 4140.51
45404, 4140
45404.1, 4140.51
45404.1, 4140.51
45404.1, 4141.03
45435.1, 4142.56
45435.2, 4143.59
45435.3, 4142.56
45435.3, 4142.56
45467.4, 4141.54
45467.5, 4142.56
45467.6, 4144.1
45467.6, 4145.13
45498.6, 4144.1
45498.7, 4141.54
45498.8, 4141.54
45498.8, 4143.59
45529.2, 4142.56
45529.3, 4141.03
45529.3, 4143.08
45529.4, 4143.08
45560.4, 4141.54
45560.5, 4143.08
45560.6, 4143.08
45560.6, 4142.05
45592.4, 4142.56
45592.5, 4142.05
45592.6, 4140.51
45592.7, 4140
45642.5, 4142.56
45642.7, 4142.05
45642.8, 4141.54
45642.8, 4142.56
45654.3, 4142.56
45654.5, 4143.08
45654.6, 4145.13
45654.6, 4142.56
45687.3, 4140
45687.5, 4142.56
45687.5, 4142.05
45687.6, 4139.49
45717.2, 4142.05
45717.3, 4145.64
45717.3, 4141.54
45717.4, 4137.95
45748.4, 4141.03
45748.5, 4141.03
45748.5, 4140.51
45748.5, 4141.54
45779.3, 4142.56
45779.4, 4142.56
45779.5, 4142.05
45779.6, 4140
45811.1, 4140.51
45811.3, 4142.56
45811.3, 4140.51
45811.4, 4136.92
45847.2, 4139.49
45847.3, 4143.08
45847.3, 4141.54
45847.4, 4138.97
45873.4, 4140.51
45873.5, 4140
45873.5, 4139.49
45873.6, 4140.51
45911.3, 4141.03
45911.5, 4141.54
45911.5, 4142.56
45911.6, 4138.97
45948.6, 4134.36
45948.7, 4134.87
45948.8, 4136.41
45948.8, 4132.82
45967.4, 4131.79
45967.5, 4134.36
45967.5, 4133.33
45967.6, 4132.31
45998.4, 4134.36
45998.6, 4134.87
45998.6, 4135.9
45998.7, 4141.03
46030.5, 4144.62
46030.6, 4141.54
46030.6, 4140
46030.7, 4141.54
46063.6, 4140
46063.7, 4137.44
46063.8, 4138.97
46063.8, 4142.56
46092.5, 4143.59
46092.6, 4143.08
46092.7, 4144.1
46092.7, 4145.64
46124.6, 4144.62
46124.8, 4143.08
46124.9, 4143.59
46124.9, 4144.62
46155.4, 4143.08
46155.7, 4140.51
46155.7, 4142.05
46155.8, 4144.62
46186.5, 4142.56
46186.6, 4137.95
46186.6, 4139.49
46186.6, 4142.05
46217.3, 4138.97
46217.5, 4138.97
46217.5, 4139.49
46217.6, 4137.44
46255.9, 4139.49
46256.1, 4144.1
46256.2, 4143.59
46256.5, 4142.05
46280.2, 4141.03
46280.3, 4139.49
46280.4, 4141.03
46280.4, 4143.59
46311.1, 4145.13
46311.2, 4143.59
46311.2, 4141.03
46311.2, 4140.51
46348.9, 4143.08
46349, 4143.08
46349, 4141.03
46349, 4143.08
46374.2, 4144.1
46374.3, 4141.54
46374.3, 4139.49
46374.3, 4139.49
46405.9, 4140.51
46406, 4139.49
46406, 4137.95
46406.1, 4140
46436, 4141.54
46436.1, 4142.05
46436.1, 4142.56
46436.2, 4140
46467.9, 4138.97
46468, 4141.03
46468.1, 4143.08
46468.1, 4141.03
46499.1, 4140
46499.2, 4142.05
46499.2, 4140.51
46499.2, 4137.95
46530.1, 4140.51
46530.1, 4142.05
46530.2, 4139.49
46530.2, 4138.46
46562, 4138.97
46562.1, 4137.44
46562.1, 4137.95
46562.1, 4141.03
46593, 4140.51
46593.2, 4140.51
46593.2, 4142.05
46593.3, 4142.05
46624.4, 4143.08
46624.5, 4143.08
46624.6, 4142.56
46624.6, 4141.54
46661.9, 4140
46662, 4142.05
46662.1, 4143.59
46662.1, 4141.03
46687.3, 4140
46687.3, 4142.05
46687.4, 4141.54
46687.4, 4142.05
46718.5, 4144.1
46718.7, 4143.08
46718.7, 4143.59
46718.8, 4144.62
46750, 4138.97
46750.1, 4133.85
46750.1, 4137.44
46750.1, 4139.49
46781, 4133.33
46781.2, 4130.77
46781.3, 4132.31
46781.3, 4132.82
46818.2, 4132.82
46818.3, 4134.87
46818.3, 4135.9
46818.3, 4134.87
46843.1, 4135.38
46843.2, 4136.92
46843.3, 4136.41
46843.3, 4137.95
46874, 4138.97
46874.1, 4140.51
46874.1, 4143.08
46874.1, 4142.56
46918.1, 4140
46918.2, 4141.03
46918.3, 4140
46918.3, 4141.03
46937.4, 4145.13
46937.5, 4143.08
46937.6, 4140.51
46937.7, 4144.1
46968.2, 4144.62
46968.3, 4141.03
46968.3, 4142.56
46968.3, 4144.1
47000, 4140
47000, 4137.95
47000.1, 4141.03
47000.1, 4143.08
47032.3, 4142.56
47032.4, 4141.54
47032.4, 4143.59
47032.4, 4143.59
47062, 4142.56
47062.1, 4142.56
47062.1, 4142.05
47062.1, 4140
47094.1, 4138.97
47094.2, 4141.54
47094.2, 4144.62
47094.2, 4143.08
47125, 4141.54
47125.1, 4144.1
47125.1, 4144.62
47125.2, 4142.56
47156.2, 4143.08
47156.5, 4145.13
47156.6, 4142.56
47156.7, 4139.49
47187, 4138.97
47187.1, 4138.46
47187.1, 4141.03
47187.1, 4142.56
47219.3, 4138.97
47219.4, 4137.95
47219.5, 4140.51
47219.5, 4140.51
47250, 4139.49
47250.2, 4142.56
47250.2, 4143.59
47250.2, 4139.49
47281.1, 4138.97
47281.2, 4142.56
47281.3, 4141.54
47281.3, 4137.44
47313.1, 4139.49
47313.2, 4141.03
47313.3, 4138.97
47313.3, 4138.97
47344.1, 4141.03
47344.1, 4141.54
47344.2, 4140.51
47344.2, 4139.49
47375, 4138.97
47375.1, 4141.03
47375.1, 4141.54
47375.1, 4136.41
47407.2, 4136.92
47407.3, 4141.03
47407.4, 4140.51
47407.4, 4140.51
47444.1, 4141.54
47444.2, 4140.51
47444.2, 4139.49
47444.3, 4142.05
47468.9, 4142.05
47469, 4140.51
47469, 4141.54
47469.1, 4143.59
47500.3, 4141.03
47500.4, 4139.49
47500.4, 4140
47500.4, 4138.97
47532.3, 4138.97
47532.6, 4142.05
47532.9, 4143.59
47532.9, 4140.51
47563.4, 4136.92
47563.5, 4139.49
47563.6, 4140.51
47563.6, 4137.44
47593.9, 4139.49
47594, 4144.62
47594.1, 4143.08
47594.1, 4141.03
47632.1, 4139.49
47632.2, 4137.95
47632.2, 4140
47632.3, 4142.05
47657.1, 4140.51
47657.2, 4142.05
47657.2, 4144.62
47657.3, 4143.08
47688, 4140.51
47688.1, 4135.9
47688.1, 4132.82
47688.1, 4133.85
47720, 4133.33
47720.1, 4131.79
47720.1, 4131.79
47720.2, 4132.82
47751, 4133.33
47751.1, 4133.85
47751.1, 4134.87
47751.1, 4133.33
47789.5, 4134.36
47789.8, 4137.44
47789.8, 4137.44
47789.9, 4137.44
47813.2, 4138.46
47813.3, 4139.49
47813.3, 4138.97
47813.4, 4139.49
47851.2, 4140.51
47851.4, 4140.51
47851.4, 4141.03
47851.5, 4142.05
47898, 4142.56
47898.1, 4142.56
47898.2, 4143.59
47898.3, 4144.62
47907.2, 4143.59
47907.3, 4141.03
47907.3, 4140.51
47907.4, 4140.51
47944, 4137.44
47944.1, 4138.46
47944.1, 4143.08
47944.2, 4143.08
47970, 4141.54
47970.1, 4142.56
47970.1, 4143.59
47970.2, 4142.05
48001.5, 4141.54
48001.6, 4141.54
48001.6, 4140
48001.6, 4140
48033, 4140
48033.1, 4140
48033.1, 4142.05
48033.2, 4140.51
48064.4, 4137.95
48064.5, 4141.54
48064.5, 4143.59
48064.6, 4141.54
48095, 4141.54
48095, 4143.59
48095.1, 4142.05
48095.1, 4141.03
48126, 4140
48126.1, 4137.95
48126.2, 4140.51
48126.2, 4144.62
48158.2, 4142.05
48158.3, 4139.49
48158.4, 4142.56
48158.4, 4143.59
48196.3, 4139.49
48196.4, 4138.97
48196.5, 4142.56
48196.6, 4142.56
48219.9, 4138.97
48220, 4138.46
48220.1, 4142.05
48220.1, 4143.08
48263.1, 4142.05
48263.3, 4143.08
48263.3, 4140
48263.4, 4135.38
48283.1, 4137.95
48283.2, 4141.54
48283.2, 4141.54
48283.3, 4142.56
48315.2, 4143.08
48315.3, 4141.03
48315.3, 4143.08
48315.3, 4143.59
48352.2, 4138.97
48352.3, 4138.97
48352.3, 4143.59
48352.4, 4143.08
48377, 4140
48377.1, 4140.51
48377.1, 4142.56
48377.2, 4140.51
48408.3, 4137.95
48408.4, 4140.51
48408.4, 4144.1
48408.5, 4142.05
48438.8, 4140
48439, 4140.51
48439, 4138.97
48439, 4139.49
48471.1, 4144.1
48471.2, 4144.62
48471.2, 4140.51
48471.2, 4141.03
48502.1, 4144.62
48502.2, 4142.56
48502.2, 4140
48502.3, 4141.54
48533.1, 4141.03
48533.2, 4137.95
48533.2, 4140
48533.3, 4143.59
48570.9, 4144.1
48571, 4141.03
48571.1, 4140
48571.1, 4142.05
48596.7, 4143.08
48596.8, 4141.03
48596.8, 4140.51
48596.9, 4141.03
48627.1, 4141.54
48627.2, 4141.03
48627.2, 4139.49
48627.2, 4138.97
48658.1, 4139.49
48658.1, 4140.51
48658.2, 4138.97
48658.2, 4139.49
48690.2, 4143.59
48690.3, 4143.59
48690.4, 4141.54
48690.4, 4143.08
48720.9, 4142.05
48720.9, 4138.97
48721, 4141.03
48721, 4142.05
48751.9, 4140
48752, 4141.03
48752, 4142.05
48752, 4136.41
48784.1, 4133.85
48784.2, 4134.36
48784.2, 4132.82
48784.3, 4132.82
48815.2, 4133.85
48815.3, 4133.85
48815.4, 4134.36
48815.5, 4134.36
48846.3, 4132.82
48846.3, 4133.33
48846.4, 4135.9
48846.4, 4134.87
48877, 4135.9
48877.1, 4138.97
48877.1, 4137.44
48877.1, 4137.95
48915, 4141.54
48915.1, 4144.1
48915.1, 4143.59
48915.2, 4144.1
48940.3, 4145.13
48940.4, 4143.08
48940.4, 4142.05
48940.4, 4143.59
48971.1, 4145.64
48971.2, 4144.1
48971.2, 4142.05
48971.3, 4142.05
49009, 4141.54
49009.1, 4143.59
49009.1, 4144.1
49009.2, 4141.03
49034.4, 4138.46
49034.5, 4139.49
49034.6, 4138.97
49034.7, 4137.95
49065.2, 4141.54
49065.3, 4144.62
49065.3, 4143.59
49065.4, 4143.59
49096, 4143.59
49096.1, 4142.56
49096.2, 4140.51
49096.2, 4141.54
49128, 4143.08
49128.1, 4142.56
49128.1, 4142.05
49128.2, 4141.54
49159, 4138.97
49159.1, 4137.95
49159.2, 4141.03
49159.2, 4143.08
49190, 4141.03
49190.1, 4139.49
49190.1, 4141.03
49190.2, 4143.08
49222, 4144.62
49222.2, 4144.62
49222.3, 4142.05
49222.3, 4140
49253.2, 4140
49253.3, 4141.03
49253.4, 4141.54
49253.4, 4138.46
49284.1, 4137.44
49284.2, 4140.51
49284.3, 4142.05
49284.3, 4141.03
49316.1, 4141.54
49316.2, 4142.56
49316.2, 4141.54
49316.3, 4142.05
49347.1, 4142.56
49347.2, 4139.49
49347.2, 4138.97
49347.3, 4141.54
49378.3, 4138.46
49378.4, 4136.41
49378.4, 4141.03
49378.5, 4142.05
49409.2, 4140.51
49409.3, 4141.03
49409.4, 4141.54
49409.4, 4140
49441.4, 4138.97
49441.6, 4140
49441.7, 4142.05
49441.8, 4141.03
49478.2, 4138.97
49478.3, 4138.46
49478.3, 4139.49
49478.4, 4140
49502.9, 4140.51
49503, 4140
49503.1, 4138.97
49503.1, 4138.97
49535.1, 4136.41
49535.2, 4137.44
49535.3, 4143.59
49535.4, 4144.1
49565.9, 4142.05
49566, 4142.56
49566, 4141.54
49566.1, 4137.95
49597.3, 4139.49
49597.4, 4144.1
49597.4, 4143.59
49597.5, 4138.46
49628.3, 4137.95
49628.4, 4141.54
49628.4, 4143.08
49628.5, 4142.05
49660.6, 4142.05
49660.7, 4140.51
49660.7, 4137.95
49660.8, 4141.03
49691.2, 4143.08
49691.3, 4140
49691.3, 4140
49691.3, 4142.56
49729.1, 4143.08
49729.1, 4141.03
49729.2, 4141.03
49729.3, 4142.05
49753.1, 4142.05
49753.1, 4142.05
49753.2, 4143.08
49753.2, 4139.49
49785, 4137.44
49785.1, 4143.59
49785.2, 4143.59
49785.2, 4137.44
49816.2, 4137.95
49816.3, 4141.54
49816.3, 4141.54
49816.4, 4138.97
49847.4, 4137.95
49847.7, 4136.92
49847.8, 4137.44
49847.9, 4140.51
49885.2, 4142.05
49885.3, 4139.49
49885.3, 4137.95
49885.3, 4144.62
49910.3, 4141.54
49910.4, 4134.87
49910.4, 4140
49910.4, 4141.54
49941.1, 4136.92
49941.2, 4140.51
49941.2, 4146.67
49941.3, 4143.08
49972.7, 4140.51
49972.7, 4141.54
49972.8, 4140
49972.8, 4140
50004.1, 4141.54
50004.2, 4141.54
50004.2, 4141.03
50004.2, 4142.56
50041, 4143.59
50041.1, 4141.54
50041.1, 4141.54
50041.2, 4141.54
50066.4, 4138.97
50066.5, 4137.95
50066.5, 4139.49
50066.7, 4137.95
50098.2, 4136.92
50098.3, 4141.03
50098.3, 4141.03
50098.4, 4138.97
50131, 4141.03
50131.1, 4142.05
50131.1, 4142.05
50131.2, 4142.05
50160.4, 4141.54
50160.5, 4142.05
50160.5, 4143.59
50160.6, 4144.1
50192.2, 4142.56
50192.4, 4137.44
50192.4, 4137.95
50192.4, 4143.59
50223.4, 4142.05
50223.5, 4137.95
50223.6, 4141.03
50223.6, 4140.51
50254.2, 4135.9
50254.3, 4137.44
50254.4, 4140
50254.5, 4139.49
50286.3, 4140.51
50286.4, 4138.97
50286.5, 4133.85
50286.5, 4134.87
50317, 4141.54
50317.1, 4143.59
50317.1, 4141.54
50317.1, 4139.49
50348, 4139.49
50348, 4141.03
50348.1, 4142.56
50348.1, 4143.08
50379.2, 4142.05
50379.3, 4141.03
50379.3, 4138.46
50379.3, 4138.97
50411, 4141.54
50411.1, 4137.95
50411.2, 4135.38
50411.2, 4137.95
50448.2, 4140.51
50448.3, 4141.03
50448.3, 4141.03
50448.4, 4141.54
50473.6, 4142.56
50473.7, 4140
50473.7, 4138.46
50473.8, 4141.03
50504, 4140.51
50504.1, 4140
50504.2, 4140
50504.2, 4140.51
50536, 4142.56
50536.1, 4144.1
50536.1, 4143.08
50536.2, 4142.56
50567.1, 4141.54
50567.1, 4137.44
50567.2, 4132.31
50567.2, 4130.77
50599.2, 4132.31
50599.3, 4133.85
50599.3, 4132.31
50599.4, 4132.82
50630, 4130.77
50630.1, 4130.77
50630.1, 4137.95
50630.1, 4141.03
50664.1, 4134.87
50664.2, 4134.36
50664.3, 4140
50664.3, 4141.54
50692.7, 4140
50692.8, 4140.51
50692.9, 4140
50692.9, 4140
50723, 4143.08
50723.1, 4144.62
50723.1, 4142.56
50723.2, 4143.08
50755, 4144.62
50755, 4143.08
50755.1, 4142.05
50755.1, 4142.56
50786, 4141.03
50786.1, 4138.97
50786.1, 4140.51
50786.2, 4142.05
50817.9, 4142.05
50818, 4141.03
50818, 4138.46
50818.1, 4137.44
50849.1, 4138.46
50849.2, 4140.51
50849.2, 4142.05
50849.3, 4141.03
50880.8, 4141.03
50880.9, 4142.05
50881.1, 4140
50881.1, 4139.49
50911.3, 4143.59
50911.4, 4144.1
50911.5, 4140.51
50911.5, 4141.03
50942.1, 4143.08
50942.2, 4140
50942.2, 4137.95
50942.3, 4142.05
50974.1, 4143.59
50974.1, 4138.46
50974.2, 4138.46
50974.2, 4141.54
51011.2, 4141.03
51011.3, 4139.49
51011.5, 4140
51011.5, 4141.03
51036, 4138.46
51036.1, 4135.9
51036.1, 4137.95
51036.1, 4138.97
51068.1, 4137.95
51068.2, 4139.49
51068.3, 4142.05
51068.3, 4138.46
51099.6, 4137.44
51099.8, 4141.03
51099.8, 4138.46
51099.8, 4134.36
51130.1, 4137.44
51130.2, 4140.51
51130.2, 4138.46
51130.3, 4140
51168, 4143.08
51168.1, 4141.03
51168.1, 4140
51168.2, 4143.08
51193.2, 4144.1
51193.3, 4137.95
51193.4, 4135.9
51193.4, 4139.49
51224.4, 4142.56
51224.5, 4141.03
51224.6, 4138.97
51224.6, 4139.49
51268.1, 4140
51268.1, 4141.03
51268.2, 4141.54
51268.3, 4142.05
51287.3, 4142.05
51287.3, 4142.56
51287.4, 4144.62
51287.5, 4144.62
51318.1, 4143.08
51318.1, 4142.56
51318.2, 4137.95
51318.2, 4131.28
51349.1, 4132.31
51349.2, 4132.31
51349.2, 4128.72
51349.2, 4130.26
51379.9, 4132.82
51380, 4130.77
51380.1, 4131.79
51380.1, 4134.87
51412.3, 4135.38
51412.4, 4136.41
51412.4, 4140.51
51412.5, 4141.54
51443.1, 4139.49
51443.2, 4139.49
51443.3, 4139.49
51443.3, 4138.46
51474, 4138.97
51474.1, 4141.03
51474.1, 4140.51
51474.2, 4140.51
51506.1, 4143.08
51506.2, 4143.59
51506.2, 4141.54
51506.3, 4143.59
51537.1, 4146.15
51537.2, 4143.59
51537.2, 4142.05
51537.2, 4142.05
51574.3, 4141.03
51574.4, 4142.56
51574.4, 4142.56
51574.4, 4141.54
51599.1, 4142.56
51599.2, 4144.62
51599.3, 4143.08
51599.3, 4142.05
51631.1, 4142.05
51631.2, 4142.05
51631.2, 4140.51
51631.3, 4134.87
51662.2, 4135.9
51662.3, 4143.59
51662.3, 4144.62
51662.3, 4141.54
51693.1, 4143.08
51693.2, 4143.08
51693.2, 4140
51693.3, 4138.46
51725.4, 4138.46
51725.6, 4139.49
51725.6, 4140.51
51725.7, 4139.49
51762.1, 4139.49
51762.2, 4141.54
51762.2, 4137.44
51762.3, 4134.87
51786.9, 4138.46
51787, 4137.44
51787, 4136.41
51787, 4138.46
51819, 4140
51819.1, 4142.05
51819.1, 4145.13
51819.2, 4143.59
51850, 4144.62
51850, 4146.67
51850.1, 4142.56
51850.1, 4143.59
51881.1, 4146.67
51881.2, 4146.67
51881.3, 4144.62
51881.3, 4143.59
51912.2, 4145.13
51912.3, 4145.13
51912.3, 4145.64
51912.3, 4146.15
51944, 4147.18
51944.1, 4148.21
51944.1, 4148.21
51944.2, 4148.72
51975.1, 4148.72
51975.2, 4148.72
51975.3, 4149.23
51975.3, 4148.21
52007.3, 4147.69
52007.4, 4150.77
52007.4, 4153.33
52007.5, 4149.23
52037.8, 4148.21
52037.9, 4153.33
52038, 4156.92
52038, 4155.38
52069, 4154.36
52069, 4154.36
52069.1, 4153.85
52069.1, 4154.87
52100, 4152.31
52100.1, 4150.77
52100.1, 4153.85
52100.2, 4153.85
52138.3, 4148.21
52138.4, 4146.67
52138.4, 4149.23
52138.5, 4148.21
52163.4, 4147.69
52163.5, 4150.26
52163.6, 4150.77
52163.6, 4150.77
52194.3, 4149.74
52194.4, 4147.18
52194.4, 4146.67
52194.4, 4146.67
52225.2, 4144.1
52225.3, 4143.59
52225.3, 4145.13
52225.4, 4144.62
52256, 4143.59
52256.1, 4145.13
52256.2, 4145.64
52256.2, 4141.54
52288, 4137.95
52288.1, 4138.97
52288.1, 4141.03
52288.2, 4141.54
52319, 4142.05
52319.1, 4140.51
52319.1, 4138.46
52319.2, 4138.97
52349.9, 4141.54
52350, 4141.03
52350, 4139.49
52350.1, 4138.46
52390.2, 4141.03
52390.3, 4138.46
52390.4, 4135.38
52390.5, 4140.51
52417.3, 4142.05
52417.4, 4138.97
52417.4, 4138.46
52417.4, 4137.95
52444.3, 4137.44
52444.4, 4137.95
52444.4, 4140
52444.5, 4139.49
52475, 4136.92
52475.1, 4135.38
52475.2, 4136.92
52475.2, 4138.97
52507.3, 4138.97
52507.4, 4136.92
52507.4, 4135.9
52507.4, 4138.97
52539.1, 4136.92
52539.2, 4132.82
52539.2, 4136.92
52539.3, 4137.44
52569.4, 4135.38
52569.5, 4138.97
52569.5, 4139.49
52569.6, 4137.95
52601.1, 4139.49
52601.2, 4139.49
52601.2, 4138.46
52601.3, 4141.54
52632.4, 4140.51
52632.5, 4136.41
52632.5, 4137.95
52632.6, 4137.44
52663.4, 4137.44, estimuli
52663.5, 4142.05
52664.8, 4142.56
52664.9, 4141.03
52701.2, 4143.59
52701.3, 4141.54
52701.3, 4137.44
52701.4, 4140
52726.1, 4141.03
52726.2, 4141.03
52726.2, 4141.54
52726.3, 4138.97
52757.2, 4135.9
52757.3, 4138.97
52757.4, 4139.49
52757.4, 4137.95
52788, 4140
52788.1, 4140
52788.1, 4137.95
52788.1, 4143.59
52820, 4149.74
52820.1, 4150.26
52820.1, 4147.18
52820.2, 4136.92
52851, 4126.67
52851.1, 4124.62
52851.2, 4125.13
52851.2, 4132.31
52883, 4150.77
52883.1, 4162.05
52883.2, 4155.9
52883.2, 4140
52914.2, 4125.13
52914.3, 4120
52914.3, 4123.08
52914.3, 4130.26
52945, 4144.62
52945.1, 4155.9
52945.1, 4151.79
52945.2, 4141.54
52976.5, 4129.74
52976.7, 4122.56
52976.8, 4124.62
52976.8, 4132.82
53009.3, 4147.18
53009.4, 4155.38
53009.4, 4151.28
53009.4, 4142.05
53039.1, 4130.77
53039.3, 4123.59
53039.3, 4124.62
53039.4, 4133.33
53071, 4151.28
53071, 4163.59
53071.1, 4156.41
53071.1, 4141.03
53101.1, 4131.28
53101.2, 4126.15
53101.2, 4126.15
53101.2, 4135.9
53133, 4152.82
53133.1, 4159.49
53133.1, 4151.28
53133.2, 4138.97
53163.9, 4129.23
53164, 4124.1
53164.1, 4125.13
53164.1, 4132.82
53195.3, 4145.64
53195.5, 4153.33
53195.5, 4152.82
53195.6, 4143.08
53226.3, 4130.26
53226.5, 4124.62
53226.5, 4127.69
53226.6, 4135.38
53264.2, 4147.69
53264.3, 4155.9
53264.4, 4152.31
53264.4, 4139.49
53289, 4128.21
53289.1, 4125.64
53289.2, 4128.21
53289.2, 4133.85
53319.9, 4149.23
53320, 4159.49
53320, 4151.79
53320, 4140.51
53352.3, 4132.31
53352.4, 4125.13
53352.4, 4124.1
53352.4, 4135.38
53383, 4148.21
53383.1, 4152.31
53383.1, 4148.72
53383.1, 4139.49
53414, 4128.72
53414.1, 4124.62
53414.1, 4127.69
53414.2, 4134.36
53446.1, 4148.21
53446.1, 4155.9
53446.2, 4150.26
53446.2, 4139.49
53477.1, 4129.74
53477.2, 4126.15
53477.3, 4128.72
53477.3, 4133.85
53515.1, 4147.18
53515.2, 4156.92
53515.3, 4150.26
53515.3, 4136.41
53541.1, 4128.72
53541.1, 4127.18
53541.2, 4127.69
53541.2, 4133.33
53572, 4150.77
53572.1, 4160
53572.1, 4148.21
53572.1, 4135.38
53607.4, 4132.82
53607.5, 4127.69
53607.5, 4126.15
53607.6, 4137.95
53633.3, 4150.77
53633.4, 4152.82
53633.4, 4148.21
53633.4, 4137.95
53665.3, 4128.21
53665.4, 4125.64
53665.4, 4127.18
53665.5, 4134.87
53696.2, 4148.72
53696.4, 4153.85
53696.4, 4150.26
53696.5, 4142.56
53727, 4131.79
53727, 4126.67
53727.1, 4127.69
53727.1, 4134.87
53758.1, 4148.21
53758.2, 4154.87
53758.3, 4147.69
53758.3, 4137.44
53790.1, 4130.77
53790.1, 4126.15
53790.2, 4126.15
53790.2, 4133.33
53827.4, 4144.62
53827.5, 4145.13
53827.6, 4140
53827.6, 4144.1
53852.1, 4142.05
53852.1, 4133.33
53852.2, 4138.46
53852.2, 4143.08
53884.1, 4137.95
53884.1, 4136.92
53884.2, 4142.56
53884.2, 4143.08
53915.1, 4140.51
53915.2, 4138.46
53915.3, 4140
53915.3, 4141.54
53952, 4139.49
53952.1, 4137.95
53952.1, 4138.46
53952.1, 4137.95
53977.3, 4135.9
53977.4, 4137.44
53977.4, 4141.54
53977.4, 4141.54
54013.3, 4140
54013.3, 4139.49
54013.4, 4138.97
54013.4, 4140
54040.6, 4141.03
54040.7, 4139.49
54040.7, 4137.95
54040.8, 4138.46
54071, 4138.97
54071.1, 4137.95
54071.1, 4136.92
54071.2, 4137.95
54103.1, 4140
54103.2, 4139.49
54103.3, 4138.46
54103.3, 4140
54134.1, 4143.08
54134.2, 4143.59
54134.2, 4139.49
54134.3, 4138.46
54165.1, 4141.54
54165.2, 4144.62
54165.3, 4141.54
54165.4, 4137.95
54196, 4137.95
54196.1, 4140
54196.1, 4142.05
54196.2, 4142.05
54228.1, 4140
54228.2, 4138.97
54228.3, 4141.54
54228.3, 4144.1
54259.4, 4140.51
54259.5, 4138.97
54259.6, 4141.54
54259.6, 4143.59
54290, 4140
54290.1, 4135.9
54290.1, 4140
54290.1, 4144.62
54322, 4141.03
54322.1, 4138.97
54322.1, 4142.05
54322.1, 4144.1
54352.9, 4142.56
54353, 4139.49
54353, 4136.92
54353.1, 4138.46
54385, 4141.03
54385, 4139.49
54385.1, 4140.51
54385.1, 4142.05
54415.1, 4137.95
54415.2, 4136.92
54415.3, 4138.97
54415.3, 4141.03
54447.3, 4143.59
54447.5, 4141.03
54447.5, 4136.92
54447.6, 4139.49
54478, 4140.51
54478, 4137.95
54478.1, 4140.51
54478.1, 4143.59
54509, 4140.51
54509.1, 4138.97
54509.1, 4139.49
54509.1, 4138.46
54541.1, 4140
54541.2, 4142.56
54541.4, 4142.56
54541.4, 4140.51
54571.9, 4138.46
54572, 4134.87
54572, 4135.9
54572, 4140.51
54603, 4140.51
54603, 4139.49
54603.1, 4141.54
54603.1, 4141.54
54643.3, 4138.46
54643.4, 4137.44
54643.5, 4138.97
54643.5, 4139.49
54666.1, 4138.46
54666.2, 4137.95
54666.3, 4140
54666.3, 4141.03
54697, 4140.51
54697, 4141.03
54697.1, 4142.56
54697.1, 4142.56
54728.2, 4141.54
54728.3, 4138.97
54728.4, 4139.49
54728.4, 4140
54764.3, 4137.95
54764.3, 4141.03
54764.4, 4145.13
54764.4, 4141.54
54795, 4137.95
54795, 4141.54
54795.1, 4143.59
54795.1, 4142.05
54822.1, 4141.03
54822.2, 4140
54822.2, 4137.95
54822.3, 4141.54
54854.1, 4143.08
54854.3, 4137.44
54854.3, 4136.41
54854.4, 4141.54
54885.1, 4142.56
54885.2, 4139.49
54885.2, 4137.95
54885.3, 4138.97
54916, 4140
54916.1, 4140
54916.1, 4139.49
54916.1, 4141.54
54948.4, 4142.56
54948.4, 4143.59
54948.5, 4143.59
54948.5, 4142.05
54979.1, 4141.54
54979.2, 4140
54979.2, 4135.38
54979.3, 4131.28
55010.1, 4132.82
55010.2, 4132.82
55010.2, 4129.74
55010.3, 4129.23
55041.6, 4134.87
55041.7, 4137.95
55041.7, 4134.36
55041.7, 4136.41
55073.3, 4143.08
55073.6, 4141.03
55073.6, 4137.44
55073.6, 4142.05
55104.3, 4143.59
55104.3, 4138.46
55104.4, 4137.95
55104.4, 4141.03
55135, 4141.54
55135.1, 4140
55135.1, 4141.03
55135.2, 4141.03
55167, 4140.51
55167, 4142.56
55167.1, 4144.62
55167.1, 4142.05
55198, 4140.51
55198, 4141.54
55198.1, 4142.56
55198.1, 4143.08
55229.1, 4141.03
55229.2, 4137.95
55229.2, 4138.46
55229.3, 4142.05
55260, 4142.56
55260, 4139.49
55260.1, 4138.46
55260.1, 4139.49
55292.6, 4140.51
55292.7, 4140.51
55292.7, 4140.51
55292.7, 4140
55322.9, 4139.49
55323, 4139.49
55323.1, 4140.51
55323.1, 4142.56
55354, 4142.56
55354, 4140
55354.1, 4140.51
55354.1, 4142.05
55385.8, 4138.97
55385.9, 4138.46
55386, 4141.54
55386, 4140.51
55417, 4137.95
55417.1, 4140
55417.1, 4141.54
55417.2, 4140.51
55447.9, 4141.54
55448, 4143.08
55448, 4140
55448, 4136.92
55479.3, 4139.49
55479.4, 4143.08
55479.4, 4141.03
55479.5, 4138.46
55511, 4138.97
55511, 4142.05
55511.1, 4143.08
55511.1, 4140.51
55542.1, 4140.51
55542.2, 4142.56
55542.3, 4140
55542.3, 4137.95
55573.1, 4141.54
55573.1, 4141.54
55573.2, 4139.49
55573.2, 4140
55603.9, 4140
55604, 4142.05
55604, 4142.56
55604.1, 4139.49
55642.2, 4139.49
55642.4, 4141.03
55642.8, 4140
55642.9, 4140.51
55668.3, 4143.08
55668.4, 4139.49
55668.5, 4136.41
55668.5, 4138.97
55698.1, 4142.56
55698.2, 4143.08
55698.2, 4141.54
55698.3, 4142.05
55730.3, 4140.51
55730.4, 4136.41
55730.5, 4134.87
55730.5, 4135.38
55761.2, 4132.82
55761.3, 4130.77
55761.4, 4133.33
55761.4, 4133.85
55792.3, 4133.33, estimuli
55793.7, 4133.85
55793.8, 4137.44
55793.9, 4139.49
55823.6, 4139.49
55823.8, 4137.44
55823.9, 4136.41
55823.9, 4139.49
55855.4, 4142.05
55855.5, 4139.49
55855.6, 4136.92
55855.6, 4140.51
55886.5, 4144.62
55886.7, 4143.59
55886.7, 4143.59
55886.8, 4143.59
55917.2, 4140
55917.3, 4140
55917.4, 4143.08
55917.4, 4143.59
55949.4, 4147.18
55949.6, 4152.31
55949.6, 4150.26
55949.7, 4140
55980.2, 4129.23
55980.3, 4124.1
55980.4, 4123.59
55980.5, 4130.77
56012.3, 4147.69
56012.4, 4158.97
56012.5, 4154.36
56012.5, 4143.08
56042.4, 4131.28
56042.5, 4123.08
56042.6, 4124.1
56042.6, 4134.36
56078.3, 4151.79
56078.5, 4160.51
56078.5, 4156.41
56078.5, 4143.08
56105.5, 4128.21
56105.6, 4122.05
56105.7, 4125.13
56105.8, 4132.31
56136.3, 4147.18
56136.4, 4159.49
56136.5, 4156.92
56136.5, 4145.13
56168.2, 4131.28
56168.3, 4122.56
56168.4, 4124.62
56168.4, 4133.85
56199.4, 4147.69
56199.5, 4160
56199.6, 4157.44
56199.6, 4140.51
56230.4, 4126.15
56230.5, 4123.59
56230.6, 4125.13
56230.6, 4129.74
56262.3, 4145.13
56262.4, 4158.97
56262.4, 4155.38
56262.5, 4141.54
56293.3, 4130.77
56293.5, 4126.67
56293.5, 4126.15
56293.6, 4131.28
56324.5, 4150.26
56324.6, 4161.54
56324.7, 4151.79
56324.7, 4141.54
56356.4, 4136.92
56356.5, 4128.72
56356.5, 4124.62
56356.6, 4132.82
56387.3, 4147.69
56387.4, 4155.9
56387.5, 4151.28
56387.5, 4144.1
56418.2, 4132.82
56418.3, 4124.62
56418.4, 4127.18
56418.4, 4133.85
56450.4, 4143.59
56450.6, 4152.82
56450.6, 4152.31
56450.7, 4139.49
56481.2, 4128.21
56481.3, 4126.67
56481.4, 4127.18
56481.4, 4132.82
56512.4, 4149.74
56512.5, 4160.51
56512.5, 4150.26
56512.6, 4136.92
56543.2, 4130.77
56543.3, 4126.15
56543.4, 4126.67
56543.4, 4135.9
56575.1, 4149.74
56575.2, 4157.44
56575.2, 4154.36
56575.3, 4143.59
56605.9, 4128.72
56606, 4122.05
56606, 4127.18
56606.1, 4135.9
56636.9, 4145.13
56637, 4152.82
56637.1, 4152.31
56637.1, 4141.03
56668, 4128.21
56668.1, 4124.1
56668.1, 4126.15
56668.2, 4133.33
56700, 4145.13
56700.1, 4152.31
56700.1, 4149.74
56700.2, 4141.54
56731.1, 4130.77
56731.2, 4124.1
56731.2, 4126.67
56731.3, 4135.38
56762.3, 4147.69
56762.3, 4155.38
56762.4, 4151.79
56762.4, 4141.03
56794.1, 4131.79
56794.2, 4128.21
56794.2, 4128.21
56794.3, 4134.36
56825.4, 4147.69
56825.5, 4154.36
56825.5, 4148.72
56825.5, 4141.54
56857, 4132.82
56857.1, 4126.15
56857.1, 4128.72
56857.2, 4136.41
56887.9, 4147.18
56888, 4153.33
56888.1, 4150.77
56888.1, 4142.05
56919.2, 4131.79
56919.3, 4127.18
56919.4, 4126.67
56919.5, 4132.31
56949.9, 4143.08
56950, 4146.15
56950, 4142.05
56950, 4144.1
56981, 4145.13
56981, 4138.97
56981.1, 4137.95
56981.1, 4141.03
57013, 4142.05
57013, 4143.08
57013.1, 4143.59
57013.1, 4140.51
57051.4, 4138.46
57051.5, 4138.46
57051.5, 4139.49
57051.6, 4140.51
57075.3, 4138.97
57075.4, 4136.41
57075.4, 4138.97
57075.5, 4141.54
57106.1, 4140
57106.2, 4140.51
57106.3, 4142.05
57106.3, 4141.03
57138.7, 4142.05
57138.9, 4143.08
57138.9, 4141.03
57139, 4138.97
57169, 4140
57169.1, 4140.51
57169.1, 4136.41
57169.1, 4135.38
57201, 4137.95
57201.1, 4141.54
57201.1, 4142.05
57201.2, 4138.46
57232.1, 4135.9
57232.1, 4135.38
57232.2, 4137.95
57232.2, 4140
57263, 4140
57263.1, 4137.95
57263.1, 4137.44
57263.2, 4141.03
57294, 4141.54
57294, 4140
57294.1, 4141.03
57294.1, 4142.05
57325.4, 4142.05
57325.5, 4142.05
57325.5, 4140
57325.6, 4138.97
57357.2, 4136.92
57357.4, 4134.87
57357.4, 4137.95
57357.4, 4137.44
57387.9, 4133.33
57388, 4137.95
57388.1, 4142.05
57388.1, 4139.49
57419, 4140.51
57419.1, 4141.54
57419.2, 4140.51
57419.2, 4141.03
57451, 4141.03
57451.1, 4139.49
57451.1, 4140
57451.1, 4140.51
57482.1, 4139.49
57482.2, 4140
57482.2, 4138.97
57482.2, 4138.46
57513, 4140.51
57513, 4140.51
57513.1, 4140
57513.1, 4138.97
57544.5, 4138.46
57544.6, 4138.46
57544.6, 4139.49
57544.7, 4142.56
57576.2, 4144.1
57576.3, 4142.05
57576.3, 4138.97
57576.4, 4140.51
57607.1, 4143.59
57607.2, 4142.56
57607.3, 4142.05
57607.3, 4142.56
57638.1, 4143.59
57638.2, 4142.56
57638.2, 4143.08
57638.2, 4142.05
57669.9, 4140.51
57670, 4142.05
57670, 4143.08
57670.1, 4143.08
57701, 4143.59
57701.1, 4142.05
57701.2, 4142.56
57701.2, 4145.64
57732.3, 4144.62
57732.3, 4141.54
57732.4, 4144.1
57732.4, 4145.64
57763.4, 4143.08
57763.5, 4142.56
57763.5, 4143.59
57763.5, 4142.56
57795.3, 4143.59
57795.4, 4143.08
57795.4, 4141.54
57795.5, 4142.56
57826.2, 4145.13
57826.3, 4144.62
57826.4, 4142.05
57826.4, 4143.08
57857.3, 4144.62
57857.4, 4142.05
57857.4, 4141.03
57857.4, 4142.56
57888, 4144.62
57888.1, 4143.59
57888.2, 4140
57888.2, 4137.95
57919.9, 4140
57920, 4140.51
57920, 4140
57920, 4142.05
57951, 4141.54
57951.1, 4138.97
57951.2, 4141.54
57951.2, 4143.59
57982.3, 4140.51
57982.4, 4139.49
57982.4, 4142.56
57982.4, 4142.56
58014.1, 4138.97
58014.2, 4134.36
58014.3, 4133.33
58014.3, 4134.36
58045, 4133.33
58045, 4132.82
58045.1, 4132.82
58045.1, 4134.36
58076, 4135.38
58076.1, 4136.92
58076.1, 4138.46
58076.2, 4135.38
58107.2, 4132.31
58107.3, 4136.41
58107.3, 4140.51
58107.3, 4138.46
58138.9, 4136.92
58139, 4140
58139, 4141.54
58139.1, 4141.54
58170.4, 4142.05
58170.5, 4143.59
58170.5, 4144.62
58170.5, 4144.1
58201.2, 4143.59
58201.3, 4144.62
58201.3, 4144.1
58201.4, 4141.03
58233.3, 4138.97
58233.3, 4141.03
58233.4, 4143.59
58233.4, 4142.56
58264.1, 4141.03
58264.3, 4144.1
58264.3, 4145.13
58264.3, 4144.1
58295, 4145.13
58295.1, 4143.08
58295.2, 4141.03
58295.2, 4141.03
58326.2, 4142.56
58326.3, 4143.08
58326.3, 4142.56
58326.4, 4142.05
58358.2, 4141.03
58358.4, 4141.03
58358.4, 4141.03
58358.4, 4141.54
58389.3, 4141.54
58389.5, 4141.54
58389.6, 4141.54
58389.7, 4143.08
58420, 4143.59
58420.1, 4140
58420.1, 4136.92
58420.2, 4137.95
58452, 4140
58452.1, 4140.51
58452.1, 4140.51
58452.1, 4142.05
58483, 4141.54
58483, 4138.97
58483.1, 4140
58483.1, 4144.62
58513.9, 4143.59
58514, 4140.51
58514, 4140
58514, 4138.46
58545.2, 4136.41
58545.3, 4141.03
58545.3, 4143.08
58545.3, 4141.54
58577.3, 4141.03
58577.4, 4142.56
58577.5, 4143.08
58577.6, 4141.54
58608.3, 4139.49
58608.4, 4137.95
58608.5, 4137.95
58608.5, 4139.49
58639.1, 4140
58639.2, 4140
58639.4, 4139.49
58639.5, 4137.95
58670, 4138.46
58670.1, 4141.03
58670.1, 4143.59
58670.2, 4144.62
58701.9, 4143.59
58702, 4140.51
58702, 4141.54
58702, 4143.08
58733, 4141.54
58733, 4140
58733.1, 4140.51
58733.1, 4141.54
58764.1, 4141.03
58764.2, 4141.03
58764.2, 4137.95
58764.3, 4133.85
58796.3, 4134.36, estimuli
58797.8, 4136.92
58798, 4137.44
58798, 4139.49
58827.5, 4144.1
58827.6, 4142.05
58827.6, 4139.49
58827.7, 4141.03
58858.1, 4138.97
58858.2, 4137.44
58858.2, 4141.03
58858.3, 4140.51
58889.2, 4137.95
58889.3, 4141.03
58889.4, 4142.56
58889.4, 4140.51
58920.9, 4140
58921, 4141.54
58921, 4143.08
58921, 4140.51
58951.9, 4138.97
58951.9, 4146.15
58952, 4151.28
58952, 4146.15
58983, 4133.85
58983.1, 4125.13
58983.1, 4126.15
58983.1, 4128.72
59015.2, 4131.28
59015.3, 4145.13
59015.3, 4159.49
59015.4, 4155.38
59046.4, 4138.46
59046.5, 4128.72
59046.6, 4128.21
59046.6, 4127.18
59077.2, 4132.82
59077.3, 4148.72
59077.3, 4155.38
59077.4, 4148.72
59108.3, 4142.05
59108.4, 4135.38
59108.4, 4126.15
59108.5, 4125.64
59140, 4134.36
59140.1, 4148.72
59140.1, 4155.9
59140.2, 4150.26
59170.9, 4140.51
59171, 4131.79
59171, 4126.67
59171.1, 4126.67
59202, 4131.28
59202.1, 4145.64
59202.1, 4157.95
59202.1, 4155.9
59233.2, 4142.56
59233.3, 4129.23
59233.3, 4126.67
59233.3, 4129.23
59265, 4132.82
59265.1, 4147.69
59265.1, 4162.05
59265.1, 4154.36
59296.1, 4137.44
59296.2, 4130.26
59296.2, 4129.23
59296.3, 4129.74
59327.3, 4136.41
59327.5, 4149.74
59327.5, 4156.41
59327.6, 4151.28
59359.2, 4139.49
59359.4, 4128.72
59359.4, 4126.67
59359.5, 4128.21
59390.2, 4131.79
59390.4, 4144.1
59390.5, 4152.82
59390.5, 4150.77
59421, 4141.03
59421, 4129.74
59421.1, 4125.13
59421.1, 4127.69
59452.1, 4134.36
59452.2, 4145.13
59452.2, 4152.82
59452.2, 4147.69
59484, 4136.92
59484.1, 4130.26
59484.1, 4127.69
59484.1, 4128.72
59515.1, 4133.85
59515.2, 4145.13
59515.3, 4154.36
59515.3, 4150.26
59545.9, 4138.97
59546, 4131.28
59546.1, 4127.69
59546.1, 4127.18
59578.2, 4134.36
59578.3, 4145.64
59578.3, 4151.28
59578.4, 4149.23
59609.1, 4141.54
59609.1, 4130.77
59609.2, 4126.15
59609.2, 4129.74
59640.3, 4136.41
59640.4, 4147.18
59640.5, 4153.85
59640.5, 4150.77
59670.9, 4140.51
59671, 4129.23
59671.1, 4125.64
59671.1, 4126.15
59703.1, 4131.79
59703.2, 4144.62
59703.2, 4153.33
59703.3, 4149.23
59734, 4138.97
59734.1, 4131.79
59734.1, 4130.26
59734.1, 4131.28
59765.2, 4135.38
59765.3, 4148.21
59765.4, 4155.9
59765.5, 4150.26
59796.2, 4142.56
59796.3, 4133.85
59796.3, 4126.67
59796.4, 4127.18
59828.2, 4138.46
59828.2, 4152.82
59828.3, 4155.38
59828.3, 4147.18
59859.6, 4141.03
59859.7, 4134.87
59859.8, 4126.67
59859.9, 4128.72
59890.3, 4141.03
59890.5, 4149.74
59890.5, 4151.28
59890.5, 4149.74
59922, 4143.08
59922, 4131.79
59922.1, 4127.18
59922.1, 4128.72
59953.2, 4135.38
59953.3, 4144.62
59953.3, 4146.15
59953.4, 4143.59
59984, 4145.13
59984, 4143.59
59984.1, 4136.92
59984.1, 4138.97
60015, 4143.59
60015.1, 4142.05
60015.1, 4141.03
60015.2, 4142.56
60047.1, 4142.05
60047.1, 4141.54
60047.2, 4143.59
60047.2, 4142.56
60078.1, 4140
60078.2, 4142.56
60078.3, 4143.08
60078.3, 4138.46
60109.1, 4139.49
60109.2, 4143.59
60109.3, 4143.08
60109.3, 4140.51
60141.1, 4138.46
60141.2, 4137.95
60141.2, 4140
60141.3, 4140.51
60172.2, 4141.03
60172.3, 4144.1
60172.3, 4144.1
60172.3, 4141.54
60203.1, 4143.59
60203.2, 4143.59
60203.3, 4140
60203.3, 4142.56
60234, 4144.62
60234.1, 4140
60234.1, 4140
60234.2, 4143.08
60266.3, 4140.51
60266.5, 4137.95
60266.5, 4141.03
60266.6, 4144.1
60297.3, 4144.1
60297.4, 4141.54
60297.4, 4140.51
60297.5, 4141.54
60328.1, 4144.1
60328.2, 4142.05
60328.3, 4137.44
60328.3, 4137.44
60359.1, 4141.03
60359.2, 4142.56
60359.2, 4141.03
60359.3, 4138.97
60391.2, 4139.49
60391.3, 4142.05
60391.4, 4143.08
60391.4, 4142.56
60423.4, 4141.54
60423.7, 4141.03
60423.8, 4140
60423.8, 4140.51
60453, 4140
60453, 4140
60453.1, 4140.51
60453.1, 4137.95
60485.6, 4135.9
60485.8, 4140
60485.8, 4142.56
60485.9, 4140
60516.1, 4140.51
60516.2, 4143.08
60516.2, 4142.56
60516.2, 4139.49
60547.3, 4137.44
60547.4, 4138.46
60547.4, 4142.05
60547.5, 4141.03
60585.1, 4134.87
60585.2, 4135.38
60585.2, 4140.51
60585.3, 4140.51
60610.1, 4139.49
60610.2, 4140.51
60610.2, 4142.05
60610.3, 4142.56
60641.1, 4141.03
60641.2, 4141.54
60641.2, 4143.59
60641.3, 4141.03
60672.4, 4138.97
60672.5, 4138.97
60672.6, 4138.97
60672.6, 4141.54
60704.1, 4146.15
60704.2, 4144.62
60704.2, 4141.54
60704.3, 4142.05
60734.9, 4143.08
60735, 4141.03
60735, 4140.51
60735.1, 4143.08
60766, 4141.54
60766.1, 4139.49
60766.1, 4140.51
60766.2, 4141.54
60797, 4142.05
60797.2, 4142.05
60797.2, 4142.56
60797.2, 4142.05
60829, 4141.54
60829.1, 4138.97
60829.1, 4139.49
60829.1, 4142.56
60860, 4141.03
60860.1, 4138.97
60860.2, 4143.08
60860.2, 4144.1
60891.5, 4138.46
60891.6, 4136.41
60891.6, 4137.95
60891.7, 4138.97
60923.3, 4142.05
60923.5, 4143.59
60923.6, 4142.05
60923.6, 4141.54
60954, 4141.03
60954.1, 4138.97
60954.1, 4140
60954.2, 4140
60985.1, 4139.49
60985.2, 4140
60985.2, 4138.97
60985.3, 4139.49
61016, 4144.1
61016.1, 4145.64
61016.1, 4140.51
61016.2, 4138.46
61048.2, 4143.08
61048.3, 4143.08
61048.4, 4138.97
61048.4, 4138.97
61079.2, 4141.03
61079.3, 4139.49
61079.4, 4140.51
61079.4, 4144.62
61110.3, 4142.56
61110.4, 4135.9
61110.4, 4135.38
61110.4, 4138.97
61142.2, 4140.51
61142.3, 4141.03
61142.3, 4142.05
61142.4, 4140.51
61173.2, 4139.49
61173.2, 4140
61173.3, 4141.03
61173.3, 4141.54
61204.1, 4142.05
61204.2, 4141.03
61204.3, 4137.44
61204.3, 4136.92
61235.3, 4140
61235.4, 4141.54
61235.5, 4141.54
61235.5, 4140.51
61267.1, 4138.97
61267.2, 4140.51
61267.3, 4143.59
61267.3, 4142.05
61300.5, 4138.46
61300.6, 4138.97
61300.7, 4138.97
61300.7, 4134.87
61329.2, 4131.79
61329.3, 4130.77
61329.4, 4129.23
61329.4, 4129.74
61361.1, 4130.77
61361.2, 4130.26
61361.3, 4132.31
61361.3, 4133.85
61392.1, 4131.28
61392.2, 4130.77
61392.2, 4136.92
61392.3, 4139.49
61423, 4137.44
61423, 4138.97
61423.1, 4139.49
61423.1, 4139.49
61454.1, 4140.51
61454.2, 4141.54
61454.3, 4140
61454.3, 4141.03
61486, 4143.08
61486.1, 4144.1
61486.1, 4145.13
61486.2, 4142.56
61517.5, 4141.03
61517.5, 4142.56
61517.6, 4144.62
61517.6, 4143.08
61548.1, 4140.51
61548.2, 4143.08
61548.2, 4143.08
61548.2, 4140.51
61580, 4140.51
61580, 4142.56
61580.1, 4141.54
61580.1, 4140
61611, 4141.54
61611.1, 4142.05
61611.1, 4141.54
61611.2, 4141.54
61642.1, 4141.54
61642.2, 4140.51
61642.2, 4140.51
61642.3, 4142.05
61673, 4141.54
61673.1, 4138.97
61673.1, 4137.44
61673.2, 4138.97
61705.6, 4142.56
61705.7, 4143.59
61705.8, 4142.05
61705.8, 4142.56
61736.1, 4143.59
61736.2, 4142.05
61736.2, 4141.54
61736.2, 4141.54
61767.1, 4139.49
61767.2, 4141.54
61767.2, 4144.62
61767.3, 4141.03
61798.3, 4136.41
61798.4, 4138.46
61798.4, 4142.05
61798.5, 4141.03
61830.1, 4138.97
61830.2, 4137.95
61830.2, 4138.97
61830.3, 4139.49
61861.3, 4138.97
61861.4, 4141.03
61861.4, 4144.62
61861.5, 4142.05
61892.1, 4136.92
61892.1, 4137.44
61892.2, 4141.54
61892.2, 4142.05
61924.4, 4140.51
61924.5, 4140.51
61924.5, 4138.97
61924.5, 4138.97
61955, 4143.59
61955.1, 4144.62
61955.1, 4138.97
61955.1, 4137.95
61986.2, 4143.59
61986.3, 4145.64
61986.4, 4143.08
61986.4, 4142.05
62017, 4142.56
62017.1, 4142.05
62017.1, 4143.08
62017.2, 4144.1
62049.1, 4143.59
62049.3, 4140
62049.3, 4137.95
62049.4, 4140.51
62080.2, 4141.54
62080.4, 4141.54
62080.4, 4142.05
62080.5, 4142.05
62111.1, 4140.51
62111.2, 4138.97
62111.2, 4140
62111.3, 4140
62142.6, 4135.9
62142.7, 4136.41
62142.7, 4142.05
62142.7, 4142.05
62174.5, 4138.97
62174.6, 4140.51
62174.6, 4142.05
62174.7, 4140
62205, 4137.95
62205, 4140
62205.1, 4141.03
62205.1, 4141.54
62235.9, 4144.62
62236, 4143.08
62236.1, 4137.44
62236.1, 4136.92
62268, 4139.49
62268.1, 4138.46
62268.1, 4138.97
62268.2, 4139.49
62299, 4137.95
62299.1, 4138.46
62299.1, 4141.03
62299.1, 4141.54
62331.4, 4141.54
62331.6, 4142.56
62331.6, 4142.05
62331.8, 4141.54
62361.3, 4141.54
62361.5, 4140
62361.5, 4140
62361.6, 4141.03
62393, 4141.54
62393.1, 4138.97
62393.2, 4138.97
62393.2, 4141.03
62424.1, 4140.51
62424.2, 4139.49
62424.3, 4140.51
62424.3, 4142.56
62455.2, 4143.59
62455.3, 4141.03
62455.3, 4138.46
62455.4, 4138.46
62487.3, 4140.51
62487.4, 4141.03
62487.4, 4138.46
62487.5, 4138.46
62518.1, 4141.03
62518.2, 4139.49
62518.3, 4136.92
62518.3, 4141.03
62549.1, 4145.13
62549.2, 4144.1
62549.2, 4143.59
62549.3, 4143.59
62580.1, 4141.54
62580.2, 4140
62580.3, 4138.97
62580.3, 4138.46
62611.9, 4138.97
62612, 4137.44
62612, 4136.92
62612.1, 4138.97
62643.1, 4138.46
62643.2, 4138.46
62643.2, 4142.56
62643.2, 4141.03
62674, 4136.92
62674.1, 4141.54
62674.2, 4146.15
62674.3, 4141.54
62706.1, 4136.92
62706.3, 4137.95
62706.3, 4136.92
62706.3, 4137.95
62737, 4140
62737.1, 4136.92
62737.1, 4137.44
62737.2, 4142.56
62768.1, 4141.54
62768.1, 4140.51
62768.2, 4142.05
62768.2, 4141.03
62798.9, 4140
62799, 4141.03
62799, 4143.08
62799, 4143.08
62831.1, 4141.03
62831.1, 4140.51
62831.2, 4141.03
62831.2, 4142.05
62862.2, 4142.05
62862.3, 4141.03
62862.4, 4140.51
62862.4, 4143.08
62893.2, 4142.05
62893.2, 4137.44
62893.3, 4138.97
62893.3, 4141.54
62924.2, 4141.03
62924.3, 4138.97
62924.3, 4138.97
62924.3, 4142.05
62956.5, 4141.54
62956.6, 4138.46
62956.7, 4138.46
62956.7, 4140
62987, 4137.95
62987.1, 4137.95
62987.1, 4140.51
62987.2, 4139.49
63018.2, 4138.97
63018.3, 4140.51
63018.3, 4142.56
63018.4, 4139.49
63050, 4134.36
63050.1, 4132.82
63050.1, 4133.33
63050.1, 4131.28
63081.1, 4131.28, estimuli
63081.2, 4134.36
63082.5, 4133.33
63082.6, 4133.85
63112, 4137.95
63112.1, 4135.38
63112.2, 4134.87
63112.2, 4141.54
63143.1, 4141.54
63143.1, 4136.41
63143.2, 4138.97
63143.2, 4143.59
63175.3, 4144.1
63175.4, 4142.05
63175.5, 4142.56
63175.6, 4144.62
63206, 4142.56
63206.3, 4141.03
63206.4, 4142.05
63206.7, 4144.1
63237.2, 4150.77
63237.3, 4156.41
63237.3, 4153.33
63237.4, 4143.08
63269.1, 4131.79
63269.1, 4125.64
63269.2, 4125.64
63269.2, 4129.74
63300, 4140.51
63300.1, 4157.44
63300.1, 4162.05
63300.1, 4148.72
63331.1, 4131.79
63331.2, 4125.13
63331.3, 4126.67
63331.3, 4130.26
63362.5, 4144.62
63362.6, 4160
63362.7, 4158.97
63362.7, 4144.1
63394.1, 4132.31
63394.2, 4127.18
63394.2, 4126.67
63394.2, 4130.77
63425.2, 4145.13
63425.3, 4158.97
63425.4, 4155.38
63425.4, 4143.59
63456, 4135.38
63456.1, 4126.67
63456.1, 4123.59
63456.2, 4133.85
63488.1, 4147.69
63488.2, 4154.87
63488.3, 4154.36
63488.3, 4147.69
63519.4, 4136.41
63519.5, 4127.18
63519.6, 4125.64
63519.6, 4129.23
63550.9, 4142.56
63551, 4159.49
63551, 4159.49
63551, 4145.13
63581.3, 4133.33
63581.3, 4130.26
63581.4, 4128.72
63581.4, 4129.74
63613.3, 4144.62
63613.4, 4159.49
63613.5, 4156.41
63613.5, 4142.56
63644, 4133.33
63644.1, 4128.72
63644.1, 4127.18
63644.1, 4134.87
63675.2, 4147.18
63675.3, 4154.36
63675.3, 4155.38
63675.3, 4148.21
63705.8, 4134.36
63705.9, 4126.67
63705.9, 4127.69
63706, 4131.79
63738, 4144.1
63738.1, 4155.9
63738.1, 4155.38
63738.2, 4145.13
63768.8, 4133.33
63768.9, 4127.18
63768.9, 4127.69
63769, 4133.33
63800, 4143.59
63800.1, 4156.92
63800.2, 4157.95
63800.2, 4144.62
63832.1, 4131.28
63832.3, 4128.21
63832.3, 4128.72
63832.3, 4130.77
63863, 4143.08
63863.1, 4157.44
63863.2, 4157.44
63863.2, 4144.1
63894.1, 4132.82
63894.2, 4127.69
63894.2, 4125.64
63894.3, 4131.28
63925.2, 4145.13
63925.3, 4153.85
63925.3, 4151.28
63925.4, 4145.13
63956.9, 4135.9
63957, 4127.18
63957, 4126.67
63957.1, 4133.33
63988.4, 4144.62
63988.5, 4153.33
63988.6, 4151.28
63988.6, 4142.56
64019.3, 4134.36
64019.4, 4129.23
64019.5, 4127.18
64019.5, 4130.77
64051.1, 4143.59
64051.2, 4155.9
64051.2, 4154.36
64051.2, 4143.08
64082.1, 4132.31
64082.1, 4129.23
64082.2, 4129.74
64082.2, 4132.82
64113.1, 4143.59
64113.2, 4155.9
64113.2, 4154.36
64113.3, 4143.59
64144.2, 4134.36
64144.3, 4128.72
64144.3, 4128.21
64144.3, 4135.38
64176.1, 4150.77
64176.2, 4161.03
64176.2, 4153.33
64176.3, 4140
64207.4, 4133.33
64207.5, 4130.26
64207.7, 4126.67
64207.7, 4130.26
64238.3, 4141.54
64238.4, 4147.18
64238.4, 4143.59
64238.4, 4144.62
64270, 4147.69
64270.1, 4141.54
64270.2, 4137.95
64270.2, 4144.1
64301.1, 4145.13
64301.2, 4143.59
64301.2, 4145.13
64301.2, 4143.59
64332, 4141.54
64332, 4144.1
64332.1, 4142.05
64332.1, 4140
64364, 4142.05
64364.1, 4142.05
64364.1, 4142.05
64364.1, 4142.05
64395.2, 4139.49
64395.3, 4141.54
64395.3, 4142.05
64395.3, 4137.95
64426.6, 4139.49
64426.7, 4143.08
64426.7, 4142.05
64426.8, 4142.56
64457, 4142.56
64457.1, 4139.49
64457.2, 4139.49
64457.2, 4138.46
64488.9, 4138.97
64489, 4142.05
64489, 4142.05
64489.1, 4142.05
64520, 4143.59
64520.1, 4142.05
64520.2, 4138.97
64520.2, 4141.03
64551.3, 4142.56
64551.4, 4140
64551.5, 4140
64551.5, 4141.03
64582.1, 4140
64582.2, 4140.51
64582.2, 4142.05
64582.2, 4140
64614.3, 4140
64614.3, 4139.49
64614.4, 4136.92
64614.4, 4140.51
64645.1, 4143.59
64645.2, 4140.51
64645.2, 4140
64645.3, 4141.54
64676.1, 4140.51
64676.2, 4139.49
64676.2, 4140
64676.3, 4137.95
64708.2, 4137.95
64708.3, 4141.54
64708.3, 4142.05
64708.3, 4141.03
64739, 4141.54
64739.1, 4142.05
64739.1, 4139.49
64739.2, 4140
64771, 4142.05
64771.1, 4141.03
64771.2, 4140.51
64771.2, 4143.08
64801, 4142.56
64801.1, 4140
64801.1, 4140.51
64801.1, 4140
64833.2, 4139.49
64833.3, 4138.97
64833.4, 4138.97
64833.4, 4140
64863.9, 4142.56
64864, 4143.59
64864, 4143.08
64864, 4143.59
64895.2, 4143.08
64895.3, 4140
64895.4, 4140
64895.4, 4141.54
64927.1, 4140.51
64927.2, 4141.54
64927.2, 4143.59
64927.3, 4143.08
64958.1, 4143.08
64958.2, 4145.13
64958.3, 4144.62
64958.3, 4143.08
64989, 4144.62
64989, 4144.62
64989.1, 4143.08
64989.1, 4143.08
65020, 4143.08
65020, 4142.56
65020.1, 4144.1
65020.1, 4144.62
65052.7, 4143.59
65052.8, 4143.59
65052.8, 4143.59
65052.8, 4142.05
65083, 4142.56
65083.1, 4145.13
65083.1, 4144.1
65083.1, 4142.56
65114.1, 4144.1
65114.2, 4143.08
65114.3, 4142.05
65114.3, 4142.05
65145, 4144.1
65145.1, 4145.13
65145.1, 4142.56
65145.2, 4141.03
65177.2, 4143.59
65177.3, 4142.56
65177.3, 4141.03
65177.4, 4142.56
65208.4, 4142.05
65208.5, 4140.51
65208.5, 4143.08
65208.6, 4144.62
65239.3, 4142.56
65239.5, 4143.08
65239.5, 4144.1
65239.6, 4143.59
65271, 4142.56
65271.1, 4143.08
65271.1, 4143.08
65271.2, 4141.54
65301.8, 4141.03
65301.9, 4143.59
65301.9, 4144.1
65301.9, 4142.05
65332.9, 4143.59
65333, 4145.13
65333.1, 4141.54
65333.1, 4140.51
65364.3, 4143.59
65364.3, 4141.03
65364.4, 4139.49
65364.4, 4145.64
65396, 4142.56
65396, 4134.87
65396.1, 4138.97
65396.1, 4142.05
65427.1, 4134.36
65427.2, 4132.31
65427.2, 4135.9
65427.3, 4133.33
65458.4, 4130.77
65458.5, 4134.87
65458.6, 4134.87
65458.6, 4130.77
65490, 4129.23
65490.1, 4131.28
65490.2, 4134.36
65490.2, 4135.38
65521.3, 4134.87
65521.4, 4137.95
65521.4, 4142.56
65521.4, 4141.54
65552.2, 4140
65552.3, 4142.56
65552.3, 4142.05
65552.3, 4139.49
65583.2, 4140.51
65583.3, 4143.08
65583.3, 4143.59
65583.3, 4143.08
65615, 4142.56
65615.1, 4142.56
65615.2, 4143.59
65615.2, 4143.59
65646.2, 4143.59
65646.3, 4141.54
65646.3, 4140.51
65646.3, 4141.54
65677.4, 4143.08
65677.5, 4143.59
65677.6, 4142.56
65677.6, 4141.03
65709.3, 4141.54
65709.3, 4142.05
65709.4, 4140
65709.4, 4140
65740.2, 4142.05
65740.3, 4142.56
65740.4, 4143.08
65740.4, 4142.05
65771.1, 4141.03
65771.1, 4141.54
65771.2, 4141.54
65771.2, 4140
65802.2, 4140.51
65802.3, 4141.54
65802.4, 4140.51
65802.4, 4140
65834, 4141.03
65834, 4141.54
65834.1, 4142.56
65834.1, 4143.59
65865.3, 4142.56
65865.4, 4141.54
65865.5, 4139.49
65865.5, 4139.49
65897.3, 4142.56
65897.4, 4144.1
65897.5, 4142.56
65897.5, 4143.08
65928.4, 4143.08
65928.5, 4141.03
65928.6, 4141.54
65928.6, 4141.54
65959.6, 4138.46
65959.7, 4138.46
65959.8, 4141.03
65959.8, 4142.56
65990.3, 4143.59
65990.5, 4144.62
65990.5, 4141.03
65990.6, 4137.95
66021.3, 4140.51
66021.4, 4143.59
66021.4, 4142.05
66021.5, 4140.51
66053.4, 4142.56
66053.5, 4142.05
66053.6, 4140.51
66053.6, 4141.03
66084.7, 4143.08
66084.8, 4142.56
66084.9, 4140
66084.9, 4143.08
66115.4, 4145.64
66115.5, 4141.54
66115.6, 4140.51
66115.6, 4143.59
66146.4, 4141.03
66146.5, 4138.46
66146.6, 4142.05
66146.6, 4142.56
66178.4, 4141.03
66178.5, 4142.56
66178.6, 4142.05
66178.7, 4140
66209.6, 4140
66209.7, 4142.05
66209.8, 4141.54
66209.8, 4139.49
66240.6, 4141.03
66240.8, 4141.54
66240.9, 4141.03
66240.9, 4142.05
66272.3, 4141.54
66272.4, 4138.46
66272.5, 4139.49
66272.5, 4143.08
66303.5, 4141.54
66303.6, 4137.95
66303.7, 4139.49
66303.7, 4142.56
66335.5, 4140.51
66335.7, 4138.46
66335.7, 4142.05
66335.7, 4143.08
66365.4, 4139.49
66365.5, 4138.97
66365.6, 4140.51
66365.6, 4140.51
66397.4, 4140.51
66397.5, 4143.59
66397.6, 4145.13
66397.6, 4142.56
66428.3, 4142.05
66428.4, 4141.54
66428.4, 4139.49
66428.5, 4141.03
66459.5, 4143.59
66459.6, 4140
66459.6, 4137.95
66459.6, 4143.59
66491.4, 4145.13
66491.6, 4141.54
66491.6, 4141.54
66491.7, 4140
66522.5, 4135.38
66522.7, 4136.41
66522.8, 4137.44
66522.8, 4132.31
66553.5, 4130.77, estimuli
66555.1, 4131.79
66555.2, 4131.28
66555.3, 4133.33
66584.4, 4135.9
66584.5, 4134.87
66584.6, 4133.33
66584.6, 4133.85
66616.5, 4136.41
66616.6, 4137.95
66616.6, 4138.46
66616.6, 4142.05
66647.4, 4144.1
66647.6, 4140.51
66647.6, 4139.49
66647.7, 4143.08
66678.5, 4144.1
66678.6, 4142.05
66678.6, 4142.56
66678.7, 4144.62
66710.5, 4150.26
66710.6, 4152.82
66710.7, 4147.69
66710.7, 4139.49
66741.5, 4133.85
66741.6, 4128.72
66741.6, 4126.67
66741.7, 4133.33
66772.3, 4146.67
66772.4, 4159.49
66772.4, 4160.51
66772.5, 4146.67
66803, 4130.26
66803.1, 4125.64
66803.1, 4127.18
66803.2, 4131.28
66835, 4148.21
66835.1, 4162.56
66835.1, 4156.41
66835.1, 4142.05
66866.1, 4133.33
66866.2, 4126.67
66866.2, 4123.59
66866.3, 4135.38
66897.5, 4153.85
66897.5, 4158.97
66897.6, 4152.31
66897.6, 4143.59
66928.2, 4132.31
66928.2, 4125.13
66928.3, 4127.69
66928.3, 4136.92
66960.4, 4150.26
66960.6, 4157.44
66960.6, 4153.33
66960.6, 4141.54
66991.6, 4129.74
66991.7, 4124.1
66991.7, 4124.62
66991.7, 4133.85
67022.3, 4151.28
67022.4, 4158.46
67022.4, 4150.77
67022.5, 4141.54
67053.9, 4132.82
67054, 4125.13
67054, 4127.69
67054, 4136.92
67085.1, 4148.21
67085.2, 4154.87
67085.2, 4152.82
67085.3, 4142.56
67116.2, 4131.79
67116.3, 4128.21
67116.3, 4129.23
67116.3, 4134.36
67147.1, 4150.26
67147.1, 4159.49
67147.2, 4151.79
67147.2, 4143.08
67179.2, 4135.9
67179.3, 4126.67
67179.3, 4126.15
67179.3, 4137.44
67210.4, 4149.74
67210.5, 4155.9
67210.6, 4152.82
67210.6, 4144.1
67241.4, 4132.82
67241.5, 4126.67
67241.5, 4130.77
67241.6, 4136.92
67273.2, 4146.15
67273.2, 4155.38
67273.3, 4153.33
67273.3, 4141.54
67304.2, 4130.26
67304.3, 4126.67
67304.3, 4129.23
67304.3, 4136.41
67335.1, 4149.74
67335.2, 4157.95
67335.2, 4152.82
67335.3, 4137.95
67366.3, 4129.23
67366.4, 4127.69
67366.4, 4128.72
67366.5, 4136.41
67398.3, 4147.69
67398.4, 4152.31
67398.4, 4148.72
67398.5, 4140.51
67429.1, 4129.74
67429.2, 4125.13
67429.2, 4129.23
67429.2, 4136.41
67459.9, 4147.18
67460, 4153.85
67460.1, 4152.31
67460.1, 4143.59
67491.2, 4132.82
67491.3, 4127.18
67491.3, 4127.18
67491.4, 4132.82
67523.1, 4145.64
67523.2, 4155.9
67523.3, 4151.28
67523.3, 4139.49
67553.9, 4132.82
67554, 4127.69
67554, 4126.15
67554.1, 4133.85
67585.3, 4149.74
67585.4, 4158.46
67585.4, 4151.79
67585.5, 4139.49
67617.2, 4130.77
67617.3, 4126.67
67617.3, 4127.18
67617.3, 4135.38
67648.2, 4148.21
67648.2, 4152.82
67648.3, 4147.69
67648.3, 4138.97
67679.1, 4130.77
67679.1, 4126.15
67679.2, 4129.23
67679.2, 4137.44
67710, 4144.1
67710.1, 4144.62
67710.1, 4143.08
67710.2, 4145.13
67742.2, 4142.05
67742.3, 4136.92
67742.4, 4141.03
67742.4, 4145.13
67773.1, 4142.56
67773.2, 4141.03
67773.3, 4140
67773.4, 4137.95
67804.2, 4139.49
67804.3, 4142.05
67804.3, 4141.03
67804.3, 4140
67836, 4139.49
67836.1, 4138.46
67836.1, 4140.51
67836.2, 4144.1
67867.1, 4143.08
67867.2, 4137.95
67867.2, 4137.95
67867.2, 4144.1
67898.1, 4144.62
67898.2, 4140.51
67898.2, 4138.97
67898.3, 4138.97
67929.1, 4140.51
67929.1, 4138.97
67929.2, 4135.38
67929.2, 4138.97
67961.1, 4143.59
67961.2, 4139.49
67961.3, 4136.41
67961.3, 4140.51
67992.4, 4142.56
67992.5, 4141.03
67992.5, 4138.97
67992.5, 4137.95
68023.4, 4141.54
68023.5, 4145.13
68023.6, 4142.56
68023.6, 4139.49
68054, 4140.51
68054.1, 4140
68054.1, 4139.49
68054.1, 4141.03
68086, 4141.03
68086.1, 4141.03
68086.1, 4142.05
68086.1, 4142.05
68117, 4143.08
68117.1, 4142.05
68117.2, 4139.49
68117.2, 4141.54
68148.2, 4142.05
68148.3, 4138.46
68148.4, 4140.51
68148.4, 4145.13
68180.2, 4140
68180.3, 4136.92
68180.3, 4142.56
68180.4, 4142.56
68211.6, 4140
68211.7, 4142.05
68211.8, 4142.05
68211.8, 4140.51
68242.4, 4143.08
68242.5, 4142.05
68242.6, 4141.54
68242.6, 4142.56
68273.4, 4138.46
68273.6, 4137.95
68273.6, 4140
68273.7, 4140.51
68305.2, 4142.05
68305.3, 4142.56
68305.3, 4140
68305.4, 4139.49
68335.9, 4141.03
68336, 4139.49
68336, 4141.03
68336, 4142.56
68366.8, 4136.41
68366.9, 4134.36
68366.9, 4137.95
68367, 4136.92
68399.1, 4134.87
68399.3, 4136.92
68399.4, 4140.51
68399.5, 4141.54
68430.1, 4141.54
68430.2, 4141.03
68430.3, 4143.08
68430.3, 4143.08
68460.9, 4136.92
68461, 4135.9
68461.1, 4141.03
68461.1, 4143.59
68492.2, 4139.49
68492.2, 4137.44
68492.3, 4140.51
68492.3, 4145.64
68524.1, 4146.15
68524.2, 4144.1
68524.3, 4145.64
68524.3, 4148.21
68554.9, 4147.69
68555, 4145.64
68555, 4146.15
68555.1, 4147.18
68586.1, 4148.72
68586.2, 4149.74
68586.2, 4150.26
68586.2, 4147.69
68620.1, 4146.67
68620.3, 4148.72
68620.4, 4148.72
68620.4, 4148.21
68649.2, 4147.69
68649.3, 4147.18
68649.3, 4148.72
68649.3, 4149.74
68680.1, 4148.72
68680.2, 4148.21
68680.2, 4151.28
68680.3, 4154.36
68711.3, 4155.9
68711.3, 4155.9
68711.4, 4156.92
68711.4, 4159.49
68743, 4161.03
68743.1, 4160.51
68743.1, 4160
68743.2, 4160
68774.1, 4161.03
68774.2, 4160.51
68774.2, 4156.92
68774.3, 4154.87
68805.1, 4153.85
68805.1, 4150.26
68805.2, 4147.18
68805.2, 4147.69
68837.3, 4149.74
68837.4, 4148.72
68837.4, 4146.15
68837.4, 4146.15
68868, 4144.62
68868.1, 4144.62
68868.1, 4144.1
68868.2, 4138.46
68899.1, 4138.46
68899.1, 4140
68899.2, 4135.38
68899.2, 4133.85
68930, 4135.38
68930.1, 4131.79
68930.2, 4129.23
68930.2, 4132.31
68962, 4130.77
68962.1, 4129.74
68962.1, 4130.77
68962.1, 4130.77
68993, 4131.79
68993, 4132.31
68993.1, 4131.79
68993.1, 4131.79
69024, 4132.31
69024.1, 4132.31
69024.1, 4134.87
69024.2, 4135.38
69055, 4134.36
69055.1, 4135.38
69055.1, 4135.38
69055.1, 4136.41
69087.1, 4136.92
69087.2, 4134.87
69087.3, 4135.38
69087.3, 4135.9
69118.1, 4136.41
69118.2, 4136.41
69118.2, 4136.92
69118.3, 4138.97
69149.1, 4138.46
69149.3, 4137.95
69149.3, 4138.97
69149.3, 4136.92
69181.2, 4135.9
69181.3, 4139.49
69181.4, 4141.54
69181.4, 4137.95
69212.4, 4138.46
69212.5, 4141.54
69212.5, 4140.51
69212.6, 4140.51
69243.3, 4143.08
69243.4, 4141.54
69243.4, 4137.95
69243.5, 4141.03
69274.1, 4145.13
69274.2, 4142.05
69274.3, 4142.56
69274.3, 4145.64
69306.2, 4143.08
69306.3, 4141.54
69306.4, 4143.59
69306.4, 4143.08
69337, 4141.54
69337.1, 4142.05
69337.2, 4142.56
69337.2, 4141.03
69369.1, 4141.54
69369.2, 4144.1
69369.2, 4143.08
69369.3, 4139.49
69400.2, 4138.97
69400.3, 4141.03
69400.4, 4143.59
69400.4, 4141.54
69431.3, 4137.95
69431.3, 4138.97
69431.4, 4141.03
69431.4, 4138.97
69462.3, 4139.49
69462.4, 4142.56
69462.5, 4143.59
69462.6, 4144.1
69493.4, 4144.1
69493.5, 4142.56
69493.5, 4142.05
69493.6, 4142.05
69525.3, 4142.56
69525.5, 4142.56
69525.5, 4140.51
69525.6, 4141.54
69556, 4145.13
69556.1, 4145.64
69556.1, 4145.13
69556.1, 4145.64
69587.1, 4142.56
69587.2, 4141.54
69587.2, 4142.56
69587.2, 4138.46
69619.1, 4137.44
69619.2, 4142.05
69619.3, 4143.08
69619.3, 4140
69650.2, 4139.49
69650.2, 4140.51
69650.3, 4138.97
69650.3, 4138.46
69681.3, 4140.51
69681.4, 4138.97
69681.5, 4137.44
69681.5, 4140
69712.3, 4140
69712.4, 4138.97
69712.4, 4139.49
69712.4, 4138.97
69744.6, 4140
69744.6, 4141.54
69744.7, 4138.46
69744.7, 4136.41
69775.1, 4138.97
69775.2, 4137.95
69775.2, 4133.33
69775.3, 4136.41
69806.1, 4138.97
69806.2, 4136.41
69806.2, 4135.38
69806.2, 4134.87
69837.1, 4134.87
69837.2, 4137.44
69837.2, 4138.46
69837.3, 4135.9
69869.1, 4135.9
69869.3, 4139.49
69869.3, 4140.51
69869.4, 4138.97
69900.2, 4136.92
69900.3, 4137.95
69900.3, 4140.51
69900.4, 4139.49
69931.1, 4134.87
69931.2, 4132.31
69931.2, 4133.85
69931.3, 4134.87
69963.2, 4135.38
69963.3, 4136.41
69963.3, 4134.87
69963.3, 4132.82
69994.3, 4134.87
69994.3, 4135.38
69994.4, 4131.28
69994.4, 4133.33
70025.2, 4135.9
70025.3, 4134.36
70025.3, 4135.38
70025.3, 4137.44
70056, 4139.49
70056.1, 4140.51
70056.1, 4140.51
70056.1, 4138.97
70088.4, 4137.44
70088.5, 4138.97
70088.5, 4141.54
70088.6, 4140.51
70118.9, 4138.46
70119, 4141.54
70119, 4143.08
70119.1, 4140
70150.2, 4142.05
70150.3, 4143.08
70150.3, 4140.51
70150.4, 4141.54
70182.1, 4144.1
70182.2, 4144.62
70182.3, 4143.59
70182.3, 4143.59
70213.5, 4143.08
70213.6, 4142.05
70213.6, 4142.56
70213.7, 4144.1
70244.2, 4143.59
70244.3, 4143.59
70244.4, 4144.1
70244.4, 4143.59
70275.2, 4143.59
70275.3, 4144.1
70275.3, 4142.05
70275.3, 4140
70307.4, 4141.54
70307.5, 4144.1
70307.5, 4144.1
70307.6, 4142.05
70338, 4143.59
70338.1, 4142.05
70338.1, 4137.95
70338.1, 4140
70369, 4140
70369.1, 4137.44
70369.1, 4137.44
70369.1, 4136.41
70401.2, 4136.92
70401.3, 4138.46
70401.4, 4137.44
70401.4, 4136.41
70432.1, 4137.95
70432.2, 4138.46
70432.2, 4136.92
70432.3, 4138.46
70463.2, 4141.03
70463.3, 4141.03
70463.3, 4140
70463.4, 4140.51
70494.2, 4141.03
70494.3, 4140
70494.3, 4141.03
70494.4, 4141.54
70526.4, 4142.05
70526.5, 4143.59
70526.5, 4144.1
70526.6, 4145.64
70557, 4144.62
70557.1, 4143.08
70557.2, 4143.59
70557.3, 4142.56
70588.2, 4142.56
70588.2, 4144.1
70588.3, 4145.13
70588.3, 4143.08
70619.1, 4142.05
70619.2, 4143.08
70619.2, 4142.56
70619.2, 4141.03
70651, 4141.03
70651, 4143.59
70651.1, 4139.49
70651.1, 4134.87
70682.2, 4138.46
70682.3, 4137.95
70682.3, 4136.92
70682.3, 4138.97
70713.3, 4137.95
70713.4, 4136.41
70713.5, 4135.9
70713.6, 4135.38
70745.2, 4133.33
70745.3, 4133.85
70745.3, 4137.95
70745.4, 4140
70776.1, 4138.97
70776.2, 4135.9
70776.2, 4135.38
70776.3, 4137.44
70807.1, 4137.95
70807.2, 4135.38
70807.2, 4134.36
70807.2, 4135.9
70837.9, 4137.44
70838, 4137.95
70838, 4140
70838.1, 4140
70870, 4141.03
70870.1, 4142.56
70870.2, 4142.05
70870.2, 4142.05
70901.1, 4141.03
70901.2, 4141.54
70901.2, 4143.59
70901.3, 4143.59
70932.3, 4143.59
70932.4, 4143.59
70932.5, 4138.97
70932.5, 4136.41
70964.1, 4138.46
70964.2, 4137.44
70964.3, 4136.41
70964.3, 4135.9
70995.3, 4136.41
70995.4, 4140
70995.4, 4138.46
70995.4, 4135.38
71026.1, 4135.38
71026.2, 4137.44
71026.3, 4137.44
71026.3, 4134.87
71057.1, 4134.87
71057.2, 4136.92
71057.3, 4136.92
71057.3, 4135.38
71089.4, 4135.9
71089.5, 4136.41
71089.6, 4135.38
71089.6, 4134.87
71120.3, 4135.38
71120.5, 4136.92
71120.5, 4138.46
71120.6, 4137.44
71151.5, 4135.38
71151.5, 4137.95
71151.6, 4138.46
71151.6, 4136.41
71183.3, 4137.44
71183.4, 4137.95
71183.4, 4135.9
71183.5, 4136.41
71214.1, 4138.97
71214.2, 4138.46
71214.2, 4140.51
71214.3, 4143.08
71245.5, 4140
71245.7, 4137.95
71245.7, 4138.97
71245.8, 4142.05
71276.1, 4142.05
71276.2, 4140.51
71276.3, 4142.05
71276.3, 4141.54
71308.1, 4136.41
71308.2, 4135.38
71308.2, 4139.49
71308.3, 4137.44
71339.6, 4133.85
71339.8, 4135.38
71339.9, 4137.95
71340, 4137.95
71370.1, 4138.46
71370.1, 4138.97
71370.2, 4136.92
71370.2, 4135.38
71401, 4138.46
71401.1, 4140
71401.1, 4138.46
71401.1, 4137.44
71433.1, 4137.95
71433.2, 4137.95
71433.2, 4140
71433.3, 4142.56
71464, 4140.51
71464.1, 4139.49
71464.1, 4139.49
71464.1, 4141.54
71495.1, 4143.59
71495.1, 4141.54
71495.2, 4142.05
71495.2, 4143.59
71527.1, 4142.05
71527.2, 4140.51
71527.2, 4141.54
71527.2, 4139.49
71558.3, 4138.46
71558.4, 4140
71558.5, 4137.95
71558.5, 4137.95
71589, 4138.97
71589.1, 4137.95
71589.1, 4138.97
71589.1, 4140
71620, 4138.46
71620.1, 4135.9
71620.1, 4134.87
71620.2, 4133.85
71651.9, 4133.85
71652, 4131.28
71652, 4129.23
71652.1, 4132.82
71683.1, 4130.26
71683.2, 4127.18
71683.2, 4130.26
71683.3, 4130.26
71714.1, 4128.72
71714.2, 4131.28
71714.2, 4131.79
71714.3, 4132.31
71745.5, 4136.41
71745.6, 4136.92
71745.7, 4131.28
71745.7, 4128.21
71777.4, 4134.36, estimuli
71777.6, 4139.49
71778.9, 4134.87
71778.9, 4136.41
71808, 4141.54
71808.1, 4138.46
71808.1, 4136.92
71808.2, 4142.56
71839, 4143.08
71839.1, 4137.95
71839.2, 4139.49
71839.2, 4142.56
71870.9, 4138.46
71871, 4134.87
71871, 4137.44
71871.1, 4136.92
71901.9, 4132.82
71902, 4134.36
71902, 4136.92
71902, 4135.9
71933.1, 4141.54
71933.1, 4149.74
71933.2, 4150.26
71933.2, 4143.08
71964.3, 4129.74
71964.4, 4118.97
71964.4, 4117.95
71964.5, 4122.56
71996.1, 4133.33
71996.2, 4151.28
71996.2, 4162.56
71996.2, 4157.44
72027.1, 4140.51
72027.2, 4124.1
72027.3, 4119.49
72027.3, 4125.13
72058.4, 4139.49
72058.5, 4157.44
72058.6, 4162.05
72058.6, 4152.31
72090.3, 4140
72090.4, 4126.67
72090.4, 4120
72090.5, 4125.13
72121.2, 4140
72121.3, 4157.95
72121.3, 4164.1
72121.4, 4152.82
72152.4, 4137.95
72152.5, 4127.18
72152.6, 4124.62
72152.6, 4129.23
72183, 4138.46
72183.1, 4154.87
72183.1, 4166.15
72183.2, 4156.92
72215.3, 4138.46
72215.4, 4126.67
72215.4, 4123.59
72215.5, 4125.13
72246, 4137.44
72246.1, 4157.95
72246.1, 4165.13
72246.2, 4156.92
72277.3, 4142.05
72277.4, 4127.69
72277.5, 4120
72277.5, 4120.51
72309.2, 4130.26
72309.3, 4146.15
72309.3, 4152.82
72309.3, 4141.54
72340.1, 4125.64
72340.2, 4115.9
72340.2, 4112.82
72340.3, 4117.44
72371.1, 4131.79
72371.2, 4150.26
72371.2, 4157.95
72371.2, 4149.74
72402, 4134.36
72402.1, 4125.64
72402.1, 4124.1
72402.2, 4125.13
72433.9, 4135.9
72434, 4153.85
72434, 4160
72434, 4150.26
72465.1, 4132.82
72465.2, 4118.97
72465.2, 4120
72465.2, 4125.64
72496, 4134.87
72496, 4149.74
72496.1, 4157.95
72496.1, 4148.72
72527.1, 4131.79
72527.2, 4122.56
72527.2, 4120
72527.3, 4124.1
72559.3, 4134.87
72559.4, 4148.72
72559.4, 4157.44
72559.5, 4151.79
72590.1, 4136.41
72590.3, 4125.13
72590.4, 4125.13
72590.4, 4130.77
72621, 4137.95
72621.1, 4152.31
72621.1, 4162.05
72621.1, 4154.87
72653.1, 4136.92
72653.1, 4128.72
72653.2, 4133.33
72653.2, 4136.92
72683.9, 4146.15
72683.9, 4163.08
72684, 4170.77
72684, 4161.54
72715.3, 4147.69
72715.3, 4138.46
72715.4, 4136.41
72715.4, 4138.97
72746.1, 4144.62
72746.2, 4158.97
72746.2, 4168.21
72746.2, 4161.54
72778.4, 4148.21
72778.5, 4140.51
72778.6, 4142.05
72778.7, 4143.08
72809.2, 4147.69
72809.3, 4164.62
72809.3, 4174.87
72809.3, 4165.13
72840, 4152.82
72840.1, 4147.18
72840.2, 4144.62
72840.2, 4147.18
72871, 4157.44
72871.1, 4173.33
72871.1, 4181.54
72871.1, 4170.77
72902.9, 4152.82
72903, 4144.62
72903.1, 4145.13
72903.1, 4144.1
72933.9, 4149.23
72934, 4161.03
72934.1, 4157.44
72934.1, 4150.77
72965.2, 4154.36
72965.4, 4148.72
72965.5, 4137.95
72965.6, 4142.56
72997.2, 4147.18
72997.4, 4141.03
72997.4, 4140
72997.4, 4141.54
73028.1, 4138.46
73028.2, 4140
73028.3, 4140
73028.3, 4134.36
73059.3, 4135.9
73059.4, 4142.56
73059.5, 4143.59
73059.5, 4140.51
73090.4, 4137.95
73090.5, 4135.9
73090.5, 4136.41
73090.6, 4140.51
73122.2, 4138.46
73122.3, 4136.92
73122.4, 4140.51
73122.4, 4139.49
73153.1, 4136.92
73153.2, 4136.92
73153.3, 4135.9
73153.4, 4132.31
73184.4, 4132.31
73184.5, 4135.38
73184.6, 4134.87
73184.6, 4133.33
73216, 4131.79
73216.1, 4129.74
73216.2, 4129.74
73216.2, 4130.26
73247, 4128.72
73247.1, 4129.23
73247.1, 4132.82
73247.1, 4131.28
73278, 4130.26
73278.1, 4133.33
73278.1, 4132.82
73278.1, 4130.77
73309.1, 4132.82
73309.2, 4134.87
73309.2, 4133.85
73309.3, 4131.79
73341, 4131.28
73341.1, 4132.82
73341.2, 4134.36
73341.2, 4132.82
73372.1, 4132.31
73372.1, 4136.92
73372.2, 4138.97
73372.2, 4135.9
73403.1, 4135.38
73403.2, 4140
73403.2, 4140.51
73403.3, 4136.41
73434, 4135.9
73434, 4139.49
73434.1, 4143.08
73434.1, 4141.03
73466, 4136.92
73466.1, 4138.97
73466.1, 4143.08
73466.2, 4140
73497.2, 4137.95
73497.3, 4140
73497.3, 4138.97
73497.3, 4140
73528.1, 4142.56
73528.2, 4141.03
73528.3, 4140
73528.3, 4142.05
73560.1, 4141.03
73560.2, 4138.97
73560.2, 4141.03
73560.2, 4143.08
73591.2, 4142.05
73591.3, 4141.03
73591.4, 4142.56
73591.5, 4144.1
73622.3, 4143.08
73622.3, 4143.08
73622.4, 4144.62
73622.4, 4144.1
73653, 4144.62
73653.1, 4145.13
73653.2, 4144.1
73653.2, 4144.1
73685, 4143.59
73685.1, 4143.08
73685.1, 4143.59
73685.1, 4143.59
73716.1, 4140
73716.2, 4138.97
73716.2, 4143.59
73716.2, 4145.13
73747.1, 4142.05
73747.1, 4143.08
73747.2, 4144.1
73747.2, 4140.51
73779.1, 4141.03
73779.2, 4143.59
73779.2, 4142.56
73779.2, 4140.51
73810.5, 4141.03
73810.7, 4143.59
73810.7, 4142.56
73810.8, 4141.03
73841.3, 4142.56
73841.5, 4141.03
73841.5, 4138.97
73841.6, 4141.54
73872, 4145.13
73872, 4143.08
73872.1, 4137.95
73872.1, 4136.92
73904.2, 4141.54
73904.3, 4142.56
73904.4, 4139.49
73904.4, 4139.49
73934.9, 4141.03
73935, 4140.51
73935.1, 4138.97
73935.1, 4138.97
73965.9, 4138.46
73966, 4140
73966.1, 4141.54
73966.1, 4140
73997.3, 4137.44
73997.4, 4137.44
73997.5, 4142.05
73997.6, 4144.1
74029.3, 4142.05
74029.4, 4138.97
74029.4, 4138.46
74029.5, 4140
74060.1, 4140.51
74060.2, 4138.97
74060.2, 4139.49
74060.3, 4140.51
74091, 4138.46
74091.1, 4139.49
74091.1, 4142.56
74091.2, 4140.51
74123, 4139.49
74123.1, 4143.08
74123.1, 4144.1
74123.1, 4141.03
74153.8, 4140
74153.9, 4140.51
74154, 4139.49
74154, 4138.46
74184.9, 4138.46
74185, 4138.97
74185, 4138.46
74185.1, 4137.95
74216.3, 4137.44
74216.4, 4137.44
74216.4, 4140.51
74216.5, 4142.05
74248, 4138.97
74248.1, 4140
74248.2, 4141.54
74248.2, 4141.03
74278.9, 4136.92
74279, 4133.33
74279, 4137.44
74279.1, 4142.56
74310.2, 4140.51
74310.3, 4138.97
74310.4, 4142.56
74310.4, 4141.03
74342.3, 4135.38
74342.4, 4135.38
74342.5, 4137.44
74342.5, 4136.41
74373, 4137.95
74373.1, 4141.03
74373.1, 4139.49
74373.1, 4136.41
74404.1, 4135.9
74404.3, 4137.44
74404.3, 4138.97
74404.3, 4139.49
74435.1, 4139.49
74435.3, 4141.03
74435.3, 4141.54
74435.3, 4138.46
74467.1, 4134.36
74467.2, 4136.92
74467.2, 4141.03
74467.2, 4137.95
74498, 4137.95
74498, 4139.49
74498.1, 4135.38
74498.1, 4136.92
74529.1, 4143.59
74529.2, 4142.56
74529.2, 4136.92
74529.2, 4134.87
74561.2, 4136.92
74561.3, 4142.05
74561.3, 4143.08
74561.3, 4137.44
74592.3, 4137.44
74592.4, 4141.03
74592.4, 4138.97
74592.5, 4136.41
74633.5, 4137.95
74633.6, 4138.97
74633.8, 4138.46
74633.8, 4138.97
74654.1, 4141.03
74654.2, 4140
74654.3, 4138.97
74654.3, 4140
74686.2, 4137.95
74686.3, 4137.44
74686.4, 4140.51
74686.4, 4141.03
74717.1, 4140
74717.2, 4140
74717.3, 4141.54
74717.3, 4143.08
74748, 4142.56
74748.1, 4139.49
74748.1, 4137.44
74748.2, 4138.46
74779.1, 4138.46
74779.1, 4137.95
74779.2, 4139.49
74779.2, 4140
74811.2, 4138.97
74811.3, 4140.51
74811.3, 4142.56
74811.4, 4141.54
74842.5, 4140
74842.6, 4140
74842.7, 4140.51
74842.7, 4142.56
74873, 4141.54
74873.1, 4139.49
74873.1, 4141.03
74873.1, 4139.49
74905.2, 4137.95
74905.3, 4142.56
74905.4, 4142.56
74905.4, 4138.46
74935.8, 4140.51
74935.9, 4141.54
74936, 4138.46
74936, 4137.44
74966.9, 4136.92
74967, 4138.97
74967, 4142.56
74967.1, 4141.03
74998.1, 4136.92
74998.2, 4138.46
74998.3, 4141.03
74998.3, 4138.97
75030.1, 4136.41
75030.3, 4136.92
75030.3, 4138.97
75030.4, 4141.54
75061, 4140
75061.1, 4137.95
75061.1, 4138.97
75061.2, 4140
75092.3, 4142.05
75092.4, 4143.59
75092.5, 4138.97
75092.5, 4136.41
75123.1, 4139.49
75123.3, 4143.08
75123.3, 4143.59
75123.4, 4142.56
75155.1, 4140
75155.3, 4138.97
75155.3, 4138.97
75155.4, 4140
75185.8, 4141.54
75185.9, 4143.59
75185.9, 4145.13
75185.9, 4141.03
75217.2, 4137.95
75217.3, 4141.03
75217.4, 4143.08
75217.4, 4138.97
75249.3, 4136.92
75249.4, 4139.49
75249.5, 4141.03
75249.5, 4142.56
75280.1, 4144.62
75280.1, 4141.54
75280.2, 4138.97
75280.2, 4140.51
75311, 4140
75311.1, 4138.97
75311.1, 4141.54
75311.2, 4143.08
75342, 4141.03
75342.1, 4141.54
75342.1, 4143.08
75342.2, 4140
75374.4, 4138.97
75374.5, 4142.05
75374.6, 4141.03
75374.7, 4138.97
75404.8, 4141.03
75404.9, 4143.08
75405, 4142.05
75405, 4141.03
75436, 4139.49
75436.1, 4138.46
75436.1, 4142.05
75436.1, 4143.59
75468.1, 4139.49
75468.2, 4138.97
75468.2, 4142.56
75468.3, 4142.56
75499, 4142.05
75499.1, 4142.05
75499.1, 4140.51
75499.2, 4140.51
75530, 4142.05
75530.1, 4138.97
75530.2, 4136.41
75530.2, 4141.54
75561.1, 4143.59
75561.2, 4140
75561.2, 4137.95
75561.3, 4138.97
75593.2, 4141.54
75593.3, 4141.54
75593.4, 4140.51
75593.4, 4141.03
75624, 4137.44
75624.1, 4135.9
75624.2, 4140.51
75624.2, 4138.97
75654.9, 4133.85
75655, 4137.95
75655, 4144.1
75655.1, 4143.59
75687.1, 4141.03
75687.2, 4142.05
75687.2, 4143.59
75687.3, 4139.49
75718.1, 4137.44
75718.2, 4140.51
75718.2, 4142.05
75718.2, 4140.51
75749.1, 4140
75749.2, 4139.49
75749.3, 4139.49
75749.3, 4142.05
75780.1, 4140.51
75780.2, 4134.87
75780.2, 4133.85
75780.3, 4138.46
75812.2, 4141.03
75812.3, 4138.97
75812.4, 4139.49
75812.4, 4142.56
75843.2, 4143.08
75843.3, 4140.51
75843.3, 4140
75843.3, 4140.51
75874.4, 4140
75874.5, 4140
75874.6, 4140.51
75874.6, 4138.46
75905.1, 4135.9
75905.2, 4139.49
75905.2, 4141.54
75905.2, 4138.97
75937, 4138.97
75937, 4138.46
75937.1, 4136.41
75937.1, 4135.38
75968, 4138.46
75968.1, 4140
75968.1, 4137.44
75968.2, 4137.95
75999.2, 4141.54
75999.3, 4140
75999.3, 4138.46
75999.4, 4141.54
76031.1, 4142.56
76031.3, 4141.03
76031.3, 4140
76031.3, 4138.97
76062.3, 4139.49
76062.3, 4139.49
76062.4, 4137.95
76062.4, 4137.95
76093.4, 4140.51
76093.5, 4142.05
76093.5, 4141.54
76093.6, 4139.49
76124.3, 4136.92
76124.4, 4138.46
76124.4, 4142.05
76124.5, 4141.54
76156.2, 4139.49
76156.3, 4140.51
76156.4, 4143.59
76156.5, 4144.1
76187.5, 4142.05
76187.6, 4140
76187.6, 4140
76187.7, 4142.56
76218.5, 4142.56
76218.6, 4139.49
76218.6, 4138.97
76218.6, 4142.05
76250.3, 4144.1
76250.4, 4142.05
76250.4, 4138.97
76250.5, 4137.44
76281.4, 4134.87
76281.5, 4130.26
76281.5, 4132.31
76281.6, 4137.44
76312.4, 4135.9
76312.5, 4132.82
76312.5, 4133.85
76312.6, 4134.36
76343.3, 4134.36
76343.5, 4134.87
76343.5, 4132.82
76343.6, 4133.85
76375.4, 4140.51
76375.6, 4143.59
76375.6, 4138.97
76375.7, 4137.44
76406.4, 4142.56
76406.5, 4144.62
76406.5, 4143.08
76406.5, 4141.03
76437.5, 4140
76437.6, 4140.51
76437.6, 4143.08
76437.7, 4143.08
76468.2, 4142.56
76468.3, 4144.62
76468.4, 4143.59
76468.5, 4142.56
76500.4, 4144.62
76500.6, 4142.56
76500.7, 4140
76500.7, 4141.54
76531.3, 4143.08
76531.4, 4143.59
76531.4, 4142.56
76531.5, 4140
76562.6, 4138.46
76562.8, 4140
76562.8, 4140
76562.8, 4140
76594.2, 4142.56
76594.3, 4143.08
76594.4, 4140.51
76594.4, 4138.97
76625.4, 4140
76625.5, 4143.08
76625.6, 4142.05
76625.6, 4138.97
76656.4, 4140.51
76656.5, 4142.05
76656.6, 4140.51
76656.6, 4141.03
76687.4, 4141.03
76687.5, 4138.97
76687.6, 4138.97
76687.6, 4140.51
76719.6, 4140
76719.7, 4140.51
76719.7, 4141.03
76719.8, 4137.95
76750.5, 4137.44
76750.6, 4142.56
76750.7, 4143.59
76750.7, 4141.54
76781.2, 4142.56
76781.3, 4143.59
76781.3, 4138.97
76781.4, 4136.92
76813.3, 4142.56
76813.4, 4145.13
76813.4, 4139.49
76813.5, 4136.92
76844.4, 4139.49
76844.5, 4141.03
76844.6, 4140.51
76844.6, 4140.51
76875.6, 4142.56
76875.7, 4142.05
76875.7, 4139.49
76875.8, 4142.56
76906.6, 4144.1
76906.9, 4139.49
76907, 4137.95
76907.1, 4140.51
76938.5, 4140.51
76938.6, 4138.97
76938.6, 4144.1
76938.7, 4144.1
76968.9, 4138.46
76969, 4137.95
76969, 4138.97
76969, 4137.95
77000.1, 4137.95
77000.2, 4141.03
77000.2, 4141.03
77000.3, 4141.54
77031.1, 4144.62
77031.2, 4144.62
77031.2, 4140.51
77031.2, 4138.97
77063.1, 4140.51
77063.2, 4140.51
77063.2, 4140
77063.2, 4137.95
77094.2, 4135.38
77094.3, 4133.85
77094.3, 4133.33
77094.4, 4134.36
77125.4, 4133.85
77125.5, 4133.85
77125.6, 4132.82
77125.6, 4131.79
77157.2, 4132.82
77157.3, 4132.31
77157.3, 4131.28
77157.4, 4131.28
77188.3, 4132.31
77188.4, 4133.85
77188.5, 4134.87
77188.5, 4136.41
77219.6, 4136.92
77219.7, 4139.49
77219.8, 4143.08
77219.8, 4143.59
77250, 4142.05
77250.1, 4143.08
77250.2, 4143.08
77250.2, 4141.03
77282, 4141.54
77282.1, 4144.1
77282.1, 4146.15
77282.2, 4145.13
77313.4, 4144.62
77313.5, 4144.62
77313.5, 4142.56
77313.6, 4142.05
77344.3, 4142.56
77344.4, 4140.51
77344.4, 4138.97
77344.5, 4144.62
77376.2, 4146.67
77376.3, 4141.03
77376.3, 4138.97
77376.3, 4144.62
77407, 4144.1
77407.1, 4139.49
77407.1, 4139.49
77407.2, 4142.56
77438, 4143.59
77438, 4143.08
77438.1, 4141.54
77438.1, 4142.05
77469, 4143.59
77469, 4144.1
77469.1, 4142.56
77469.1, 4142.56
77501.1, 4143.08
77501.2, 4142.56
77501.2, 4142.56
77501.2, 4142.56
77532.4, 4143.08
77532.5, 4143.08
77532.6, 4142.56
77532.6, 4142.05
77563.1, 4142.05
77563.2, 4142.05
77563.2, 4138.97
77563.2, 4138.97
77595.1, 4143.59
77595.2, 4142.56
77595.2, 4138.97
77595.3, 4138.46
77626.2, 4138.97
77626.3, 4140
77626.3, 4141.03
77626.4, 4140
77657.1, 4138.97
77657.2, 4138.97
77657.3, 4139.49
77657.3, 4142.56
77688, 4144.1
77688.1, 4142.56
77688.1, 4142.56
77688.2, 4145.13
77720, 4145.13
77720.1, 4140.51
77720.1, 4139.49
77720.1, 4144.1
77751.4, 4144.1
77751.5, 4141.03
77751.6, 4143.08
77751.6, 4144.1
77782.1, 4139.49
77782.2, 4140
77782.2, 4143.08
77782.2, 4140.51
77813.2, 4138.46
77813.3, 4140.51
77813.3, 4144.1
77813.4, 4145.64
77845.4, 4143.59
77845.5, 4144.62
77845.6, 4145.13
77845.6, 4140
77876.4, 4136.92
77876.4, 4136.41
77876.5, 4137.44
77876.5, 4141.03
77907.1, 4141.03
77907.2, 4140.51
77907.2, 4142.05
77907.3, 4141.54
77939.2, 4139.49
77939.3, 4140
77939.4, 4144.1
77939.4, 4143.59
77970.4, 4139.49
77970.6, 4140
77970.6, 4143.08
77970.7, 4142.05
78001.3, 4140
78001.3, 4141.54
78001.4, 4144.1
78001.4, 4142.56
78032.2, 4140
78032.3, 4141.03
78032.4, 4143.08
78032.4, 4142.05
78064.1, 4143.08
78064.2, 4143.08
78064.3, 4137.95
78064.3, 4138.97
78095.1, 4144.1
78095.2, 4142.56
78095.2, 4141.54
78095.3, 4142.05
78126, 4142.56
78126.1, 4143.59
78126.2, 4140
78126.2, 4138.97
78159, 4143.08
78159.1, 4142.05
78159.2, 4138.46
78159.2, 4138.46
78189, 4135.9
78189.1, 4132.31
78189.1, 4132.82
78189.2, 4134.36
78220.2, 4132.31, estimuli
78221.6, 4130.26
78221.7, 4132.31
78221.7, 4134.36
78251.1, 4131.79
78251.2, 4134.87
78251.2, 4140.51
78251.2, 4137.95
78283, 4132.31
78283.1, 4133.85
78283.1, 4137.95
78283.2, 4140.51
78314.1, 4140.51
78314.2, 4137.44
78314.2, 4140.51
78314.3, 4143.59
78345, 4139.49
78345.1, 4141.03
78345.1, 4143.59
78345.2, 4142.56
78376.5, 4147.69
78376.6, 4151.79
78376.6, 4148.21
78376.7, 4142.05
78408.3, 4131.28
78408.4, 4125.13
78408.4, 4127.18
78408.4, 4129.23
78439, 4136.41
78439.1, 4152.82
78439.1, 4158.97
78439.2, 4148.21
78470.6, 4133.85
78470.7, 4125.13
78471.1, 4126.15
78471.2, 4133.33
78502.2, 4143.59
78502.3, 4156.41
78502.4, 4158.97
78502.4, 4146.15
78533.3, 4131.79
78533.4, 4126.67
78533.4, 4126.67
78533.4, 4130.26
78564.3, 4144.62
78564.4, 4160.51
78564.4, 4159.49
78564.5, 4147.18
78595.2, 4136.92
78595.3, 4130.26
78595.4, 4125.64
78595.4, 4129.23
78627.1, 4143.59
78627.2, 4155.38
78627.2, 4153.85
78627.2, 4145.64
78658.1, 4135.38
78658.2, 4125.13
78658.2, 4125.64
78658.2, 4133.33
78688.9, 4143.08
78689, 4155.38
78689, 4157.44
78689, 4148.21
78720, 4134.87
78720.1, 4126.67
78720.1, 4124.1
78720.1, 4127.18
78752, 4143.59
78752.1, 4161.54
78752.1, 4159.49
78752.1, 4144.1
78783.3, 4134.36
78783.4, 4129.23
78783.5, 4125.64
78783.5, 4130.77
78814.1, 4146.15
78814.2, 4155.9
78814.3, 4151.79
78814.3, 4146.15
78846.3, 4138.46
78846.4, 4127.69
78846.5, 4124.1
78846.5, 4132.31
78877.1, 4144.62
78877.3, 4151.28
78877.3, 4153.33
78877.3, 4147.18
78907.9, 4134.36
78908.1, 4126.67
78908.1, 4126.15
78908.2, 4130.26
78939.1, 4141.54
78939.2, 4153.85
78939.2, 4155.38
78939.3, 4145.64
78971.2, 4134.36
78971.3, 4127.69
78971.4, 4126.67
78971.4, 4130.77
79002.2, 4142.05
79002.3, 4154.36
79002.3, 4155.38
79002.4, 4147.18
79033.2, 4137.44
79033.3, 4130.77
79033.3, 4128.72
79033.4, 4132.31
79065.2, 4144.1
79065.3, 4155.9
79065.3, 4155.9
79065.3, 4147.18
79096, 4136.92
79096.1, 4127.18
79096.2, 4126.67
79096.2, 4135.9
79127, 4144.62
79127.1, 4151.79
79127.1, 4154.87
79127.1, 4147.69
79158, 4134.87
79158.1, 4127.69
79158.1, 4127.69
79158.1, 4131.79
79190.2, 4142.05
79190.3, 4153.33
79190.3, 4154.36
79190.3, 4145.13
79221.4, 4131.79
79221.6, 4126.67
79221.7, 4127.69
79221.7, 4131.28
79251.9, 4144.62
79252, 4157.44
79252, 4154.36
79252.1, 4143.08
79283.9, 4134.36
79284, 4128.21
79284, 4126.67
79284.1, 4133.33
79315, 4148.21
79315.1, 4157.95
79315.1, 4154.36
79315.2, 4144.1
79346.2, 4133.85
79346.3, 4128.72
79346.3, 4129.23
79346.3, 4130.77
79377.3, 4138.97
79377.4, 4146.67
79377.4, 4144.62
79377.4, 4141.54
79409.4, 4144.1
79409.5, 4142.05
79409.5, 4142.05
79409.5, 4145.64
79440.2, 4143.08
79440.3, 4142.05
79440.3, 4144.1
79440.4, 4141.54
79471.2, 4141.54
79471.3, 4143.59
79471.3, 4140.51
79471.4, 4138.97
79501.9, 4142.56
79502, 4143.59
79502, 4143.59
79502, 4144.62
79534, 4145.13
79534, 4144.62
79534.1, 4146.15
79534.1, 4145.13
79565.1, 4141.03
79565.1, 4139.49
79565.2, 4141.03
79565.2, 4143.08
79596.2, 4144.1
79596.3, 4142.56
79596.4, 4141.54
79596.4, 4142.05
79628.4, 4143.59
79628.5, 4144.62
79628.5, 4142.05
79628.6, 4140.51
79659.3, 4141.54
79659.4, 4142.56
79659.4, 4143.59
79659.4, 4144.1
79690, 4145.13
79690.1, 4144.1
79690.1, 4141.54
79690.1, 4144.1
79721, 4145.13
79721.1, 4143.08
79721.1, 4142.05
79721.1, 4143.59
79753.1, 4144.62
79753.2, 4144.1
79753.2, 4144.1
79753.2, 4144.62
79784.3, 4143.59
79784.5, 4141.03
79784.5, 4140.51
79784.6, 4144.1
79815.2, 4145.64
79815.3, 4142.56
79815.3, 4140.51
79815.3, 4142.56
79847.4, 4142.56
79847.5, 4141.03
79847.5, 4140
79847.6, 4140
79878.2, 4140.51
79878.3, 4141.54
79878.3, 4145.13
79878.4, 4144.1
79909, 4141.54
79909.1, 4142.56
79909.1, 4143.59
79909.1, 4140.51
79940.1, 4140
79940.2, 4144.1
79940.2, 4143.59
79940.3, 4140.51
79972.2, 4138.46
79972.3, 4137.95
79972.3, 4141.54
79972.4, 4145.13
80003, 4140.51
80003.1, 4135.9
80003.1, 4140.51
80003.2, 4145.64
80034.3, 4144.1
80034.4, 4140.51
80034.5, 4141.03
80034.5, 4143.59
80065.2, 4141.54
80065.3, 4140.51
80065.4, 4141.03
80065.4, 4140.51
80097.1, 4139.49
80097.2, 4138.46
80097.2, 4139.49
80097.3, 4143.08
80128.1, 4144.1
80128.2, 4142.05
80128.2, 4143.08
80128.3, 4145.64
80159.3, 4143.08
80159.4, 4141.54
80159.4, 4143.08
80159.4, 4140
80191, 4138.97
80191.2, 4141.54
80191.2, 4139.49
80191.3, 4139.49
80222.3, 4142.05
80222.4, 4140
80222.4, 4140.51
80222.5, 4142.05
80253.2, 4138.97
80253.3, 4138.46
80253.4, 4141.54
80253.5, 4141.54
80283.9, 4140.51
80284, 4140.51
80284, 4139.49
80284.1, 4140.51
80316, 4143.59
80316.1, 4143.08
80316.1, 4141.03
80316.2, 4142.05
80347, 4144.1
80347.1, 4142.05
80347.1, 4140
80347.2, 4141.03
80378, 4140.51
80378.1, 4138.97
80378.1, 4140
80378.2, 4140
80410, 4141.03
80410.1, 4141.54
80410.1, 4140
80410.2, 4140.51
80441.3, 4143.08
80441.4, 4143.59
80441.5, 4141.03
80441.5, 4138.46
80472.4, 4137.44
80472.6, 4138.97
80472.6, 4141.03
80472.7, 4140.51
80502.9, 4140.51
80503.1, 4142.56
80503.1, 4141.54
80503.2, 4138.46
80535.2, 4139.49
80535.3, 4142.05
80535.3, 4141.03
80535.4, 4138.97
80567.1, 4140.51
80567.3, 4141.54
80567.4, 4141.03
80567.4, 4140
80597.3, 4138.97
80597.4, 4137.95
80597.4, 4140
80597.5, 4140.51
80628.3, 4138.97
80628.4, 4139.49
80628.5, 4138.97
80628.5, 4139.49
80660.6, 4140
80660.7, 4139.49
80660.8, 4140.51
80660.9, 4140.51
80691.3, 4140
80691.4, 4142.05
80691.5, 4143.59
80691.6, 4142.05
80722.2, 4140.51
80722.3, 4140.51
80722.4, 4139.49
80722.4, 4140
80754.1, 4141.54
80754.2, 4141.03
80754.2, 4140.51
80754.3, 4142.05
80785.2, 4141.54
80785.3, 4138.46
80785.4, 4140
80785.4, 4144.62
80816.3, 4143.59
80816.4, 4140
80816.4, 4141.03
80816.5, 4142.56
80847.4, 4141.03
80847.5, 4137.95
80847.6, 4138.46
80847.6, 4142.05
80879.2, 4141.03
80879.3, 4138.46
80879.3, 4142.05
80879.4, 4143.08
80910.3, 4139.49
80910.4, 4140
80910.4, 4142.56
80910.5, 4140.51
80941.2, 4140
80941.3, 4142.56
80941.4, 4144.1
80941.4, 4143.59
80973.1, 4142.56
80973.2, 4141.03
80973.2, 4140.51
80973.3, 4140.51
81012.4, 4140
81012.5, 4140
81012.5, 4138.97
81012.6, 4141.54
81043.3, 4145.13
81043.3, 4141.54
81043.4, 4138.97
81043.4, 4141.03
81076.1, 4143.08
81076.2, 4142.05
81076.3, 4140.51
81076.3, 4142.56
81105, 4144.1
81105.1, 4143.08
81105.1, 4142.05
81105.2, 4141.03
81137, 4142.56
81137.1, 4144.1
81137.1, 4142.05
81137.2, 4140
81168, 4140.51
81168.1, 4140
81168.1, 4140
81168.1, 4142.05
81199.1, 4141.54
81199.2, 4137.95
81199.3, 4138.97
81199.3, 4143.08
81231.2, 4142.05
81231.3, 4138.46
81231.3, 4138.46
81231.4, 4141.54
81262.4, 4142.56
81262.5, 4140
81262.5, 4138.97
81262.6, 4140.51
81293.5, 4143.59
81293.6, 4142.56
81293.6, 4137.44
81293.7, 4137.95
81324, 4143.59
81324.1, 4142.05
81324.2, 4140
81324.3, 4141.54
81356, 4141.03
81356.1, 4141.03
81356.1, 4142.05
81356.1, 4141.54
81387.1, 4142.56
81387.2, 4144.1
81387.3, 4141.03
81387.3, 4137.95
81418.1, 4140
81418.1, 4140.51
81418.2, 4138.46
81418.2, 4138.97
81450.4, 4141.54
81450.4, 4140
81450.5, 4137.95
81450.5, 4142.05
81481.4, 4144.62
81481.5, 4141.03
81481.6, 4140
81481.6, 4142.56
81512.2, 4142.05
81512.3, 4141.03
81512.3, 4141.54
81512.3, 4141.54
81543.2, 4141.54
81543.3, 4143.08
81543.3, 4145.13
81543.3, 4140.51
81575, 4138.97
81575.1, 4143.08
81575.1, 4142.56
81575.1, 4138.97
81605.9, 4141.03
81606, 4143.08
81606, 4141.54
81606, 4142.05
81637, 4140
81637.1, 4136.41
81637.2, 4137.44
81637.2, 4140.51
81668.1, 4139.49
81668.2, 4140.51
81668.3, 4140.51
81668.3, 4138.97
81700.3, 4140.51
81700.3, 4140
81700.4, 4138.97
81700.4, 4142.05
81731.1, 4142.56
81731.1, 4138.97
81731.2, 4137.95
81731.2, 4142.05
81762, 4142.56
81762.1, 4140
81762.1, 4140.51
81762.2, 4142.05
81794, 4141.03
81794.1, 4141.03
81794.1, 4141.03
81794.1, 4139.49
81825.1, 4140.51
81825.2, 4143.59
81825.3, 4139.49
81825.3, 4134.36
81856, 4140, estimuli
81856.2, 4144.62
81857.5, 4139.49
81857.6, 4139.49
81887.5, 4143.08
81887.6, 4140
81887.7, 4139.49
81887.7, 4143.08
81919.2, 4141.54
81919.3, 4139.49
81919.4, 4140.51
81919.4, 4142.56
81950.3, 4142.05
81950.4, 4140
81950.5, 4139.49
81950.5, 4143.08
81981.1, 4145.64
81981.2, 4141.54
81981.3, 4138.46
81981.3, 4140
82012.9, 4142.05
82013, 4145.13
82013, 4147.18
82013.1, 4149.23
82044.2, 4148.72
82044.3, 4140.51
82044.3, 4129.23
82044.3, 4126.15
82075.4, 4127.18
82075.5, 4130.26
82075.6, 4146.67
82075.6, 4162.05
82106.2, 4156.92
82106.2, 4140
82106.3, 4128.72
82106.3, 4124.62
82138.1, 4126.15
82138.2, 4136.92
82138.3, 4150.77
82138.3, 4155.38
82168.9, 4149.74
82169, 4141.03
82169, 4131.28
82169, 4125.13
82199.9, 4127.69
82200, 4135.38
82200, 4149.23
82200.1, 4158.46
82231.3, 4152.31
82231.3, 4139.49
82231.4, 4131.28
82231.4, 4127.18
82263.2, 4126.67
82263.2, 4132.82
82263.3, 4149.74
82263.3, 4160.51
82294.2, 4152.31
82294.4, 4137.44
82294.5, 4128.72
82294.5, 4126.67
82325.1, 4127.18
82325.2, 4136.41
82325.3, 4151.28
82325.4, 4157.95
82357, 4152.31
82357, 4140.51
82357.1, 4131.79
82357.1, 4129.74
82388, 4130.26
82388.1, 4137.95
82388.1, 4153.85
82388.2, 4161.54
82419, 4154.36
82419.1, 4140.51
82419.1, 4131.28
82419.2, 4129.23
82450.1, 4128.72
82450.2, 4135.9
82450.2, 4152.31
82450.3, 4160.51
82482, 4153.33
82482.1, 4140.51
82482.1, 4131.28
82482.2, 4128.21
82513.4, 4130.77
82513.5, 4136.92
82513.6, 4150.26
82513.6, 4160.51
82544.1, 4152.82
82544.2, 4137.95
82544.3, 4130.26
82544.3, 4127.18
82576, 4128.21
82576.1, 4136.92
82576.1, 4149.23
82576.1, 4153.33
82607.4, 4149.74
82607.5, 4143.59
82607.6, 4135.9
82607.7, 4128.72
82638, 4130.26
82638.1, 4138.46
82638.1, 4148.72
82638.1, 4153.33
82669, 4149.74
82669.1, 4140.51
82669.1, 4130.26
82669.1, 4125.13
82700.9, 4129.74
82701, 4137.95
82701, 4148.21
82701, 4155.9
82732.2, 4152.82
82732.3, 4138.46
82732.3, 4128.72
82732.3, 4128.21
82763.1, 4127.69
82763.2, 4132.82
82763.2, 4147.69
82763.2, 4153.33
82794.2, 4150.26
82794.3, 4141.54
82794.3, 4131.79
82794.3, 4127.18
82826.1, 4128.72
82826.2, 4137.44
82826.2, 4150.77
82826.3, 4155.38
82857, 4147.18
82857.1, 4136.92
82857.1, 4130.26
82857.2, 4128.72
82888, 4131.28
82888.1, 4138.46
82888.1, 4148.72
82888.1, 4152.31
82920.2, 4148.72
82920.3, 4140.51
82920.4, 4131.79
82920.5, 4127.69
82951.2, 4127.69
82951.4, 4135.9
82951.4, 4147.69
82951.5, 4154.36
82982.3, 4152.31
82982.3, 4142.05
82982.4, 4130.26
82982.4, 4126.15
83013.2, 4129.74
83013.3, 4137.44
83013.3, 4145.64
83013.4, 4146.15
83045, 4144.1
83045.1, 4146.15
83045.1, 4144.1
83045.1, 4138.97
83076.3, 4143.08
83076.3, 4146.67
83076.4, 4144.62
83076.4, 4141.54
83107.1, 4141.03
83107.2, 4141.54
83107.2, 4141.54
83107.3, 4141.54
83139.4, 4141.54
83139.6, 4143.08
83139.6, 4145.13
83139.7, 4142.56
83170.1, 4141.03
83170.2, 4142.05
83170.3, 4140
83170.3, 4141.03
83201, 4145.13
83201.1, 4141.03
83201.2, 4140.51
83201.2, 4145.13
83232.2, 4143.08
83232.3, 4139.49
83232.3, 4142.05
83232.3, 4143.08
83264.1, 4141.54
83264.2, 4142.05
83264.3, 4143.08
83264.3, 4143.08
83295.1, 4141.54
83295.2, 4139.49
83295.2, 4138.97
83295.3, 4142.05
83326, 4144.1
83326.1, 4140
83326.1, 4138.97
83326.1, 4142.05
83357.5, 4140.51
83357.6, 4136.92
83357.6, 4140.51
83357.7, 4145.64
83389.2, 4141.03
83389.3, 4138.97
83389.3, 4143.08
83389.4, 4142.56
83420, 4141.03
83420.1, 4142.56
83420.2, 4142.56
83420.2, 4139.49
83450.9, 4140.51
83451, 4141.54
83451, 4141.54
83451.1, 4143.08
83483.2, 4144.1
83483.3, 4142.05
83483.3, 4139.49
83483.3, 4141.03
83514.2, 4143.08
83514.3, 4138.97
83514.4, 4136.41
83514.4, 4140
83545.2, 4142.05
83545.3, 4140.51
83545.4, 4140.51
83545.4, 4140.51
83577, 4140.51
83577.2, 4142.05
83577.2, 4144.62
83577.3, 4146.67
83608, 4142.56
83608.1, 4140.51
83608.2, 4142.56
83608.2, 4142.05
83639.4, 4141.54
83639.4, 4141.54
83639.5, 4140
83639.5, 4140
83670, 4143.59
83670.1, 4144.62
83670.1, 4142.05
83670.2, 4143.59
83701.9, 4144.62
83702, 4138.97
83702.1, 4136.92
83702.1, 4141.54
83733.1, 4142.05
83733.1, 4138.97
83733.2, 4140.51
83733.2, 4144.1
83764, 4142.56
83764.1, 4139.49
83764.1, 4141.03
83764.2, 4141.54
83795.4, 4140.51
83795.5, 4142.05
83795.5, 4141.54
83795.6, 4138.46
83827.2, 4138.97
83827.3, 4142.05
83827.3, 4143.08
83827.3, 4142.56
83858, 4142.56
83858.1, 4140.51
83858.1, 4141.03
83858.2, 4142.56
83889.2, 4142.05
83889.3, 4142.05
83889.3, 4143.08
83889.4, 4142.05
83921.2, 4138.97
83921.3, 4138.97
83921.3, 4141.54
83921.3, 4141.54
83952.1, 4142.05
83952.1, 4145.13
83952.2, 4144.1
83952.2, 4140
83983.2, 4138.97
83983.3, 4137.44
83983.3, 4137.44
83983.4, 4136.92
84014.2, 4134.36
84014.3, 4135.9
84014.4, 4137.95
84014.4, 4134.36
84046.1, 4130.77
84046.1, 4130.77
84046.2, 4130.77
84046.2, 4131.28
84077, 4132.82
84077.1, 4132.31
84077.1, 4133.33
84077.2, 4137.44
84108, 4141.03
84108, 4140.51
84108.1, 4138.46
84108.1, 4140
84139.1, 4141.54
84139.3, 4140.51
84139.3, 4140
84139.4, 4143.08
84174.8, 4144.62
84174.9, 4142.56
84174.9, 4142.05
84175, 4145.64
84202.2, 4144.1
84202.3, 4139.49
84202.4, 4142.56
84202.4, 4144.62
84233.3, 4143.08
84233.4, 4144.1
84233.4, 4144.1
84233.4, 4143.59
84265, 4144.1
84265.1, 4144.1
84265.1, 4143.59
84265.2, 4145.13
84296.1, 4143.59
84296.2, 4142.05
84296.2, 4145.13
84296.3, 4143.59
84327.3, 4141.54
84327.3, 4143.08
84327.4, 4142.05
84327.4, 4140
84358.2, 4144.1
84358.3, 4144.1
84358.4, 4140.51
84358.4, 4143.08
84390.2, 4143.59
84390.3, 4138.97
84390.3, 4139.49
84390.3, 4143.59
84421.2, 4143.59
84421.3, 4141.54
84421.4, 4141.54
84421.4, 4140.51
84452.3, 4141.54
84452.4, 4145.13
84452.4, 4143.08
84452.5, 4138.97
84483.1, 4142.05
84483.1, 4144.62
84483.2, 4142.05
84483.2, 4141.54
84515.2, 4143.08
84515.3, 4142.56
84515.3, 4140
84515.3, 4140
84546.2, 4140.51
84546.3, 4141.03
84546.4, 4141.03
84546.4, 4140.51
84577.3, 4142.56
84577.4, 4143.59
84577.4, 4142.56
84577.5, 4142.05
84609.3, 4140.51
84609.5, 4140
84609.5, 4140
84609.6, 4142.05
84640.3, 4144.1
84640.4, 4143.59
84640.4, 4140.51
84640.4, 4138.46
84671.1, 4141.54
84671.1, 4145.13
84671.2, 4144.1
84671.2, 4141.54
84702, 4141.03
84702.1, 4140.51
84702.2, 4140.51
84702.2, 4142.05
84734, 4142.56
84734.1, 4141.54
84734.1, 4140
84734.2, 4140
84764.9, 4136.92
84765, 4133.85
84765, 4133.33
84765.1, 4131.28
84796, 4130.26
84796.1, 4130.77
84796.1, 4129.74
84796.2, 4129.23
84828.6, 4132.31
84828.7, 4133.85
84828.8, 4131.79
84828.8, 4132.82
84859.6, 4136.41, estimuli
84861.1, 4137.95
84861.2, 4138.97
84861.2, 4141.03
84890.3, 4142.56
84890.3, 4143.08
84890.4, 4145.64
84890.4, 4144.1
84921.3, 4141.54
84921.6, 4142.56
84921.6, 4144.1
84921.7, 4143.08
84953.4, 4143.59
84953.5, 4145.64
84953.6, 4145.64
84953.6, 4146.15
84984.2, 4145.13
84984.2, 4143.59
84984.3, 4144.62
84984.3, 4143.59
85015.1, 4143.08
85015.2, 4147.18
85015.2, 4149.74
85015.3, 4150.26
85047.1, 4147.69
85047.2, 4138.46
85047.2, 4129.74
85047.2, 4127.69
85078.1, 4130.26
85078.2, 4141.54
85078.2, 4158.46
85078.2, 4161.54
85109.2, 4151.28
85109.3, 4138.97
85109.4, 4127.69
85109.4, 4122.56
85140.1, 4129.74
85140.2, 4148.21
85140.3, 4161.03
85140.3, 4157.95
85172.3, 4150.26
85172.4, 4139.49
85172.5, 4125.13
85172.5, 4125.13
85203, 4133.85
85203.1, 4140
85203.1, 4152.82
85203.1, 4162.05
85234.1, 4152.31
85234.1, 4135.38
85234.2, 4128.21
85234.2, 4129.23
85265.3, 4129.74
85265.5, 4137.44
85265.5, 4155.38
85265.6, 4162.05
85297.2, 4149.74
85297.3, 4135.38
85297.3, 4127.69
85297.4, 4124.1
85328.1, 4129.23
85328.1, 4146.15
85328.2, 4157.44
85328.2, 4154.36
85359.4, 4148.21
85359.5, 4142.56
85359.5, 4132.82
85359.5, 4126.67
85391.2, 4132.82
85391.3, 4145.13
85391.3, 4151.28
85391.4, 4152.82
85421.9, 4150.26
85422, 4138.97
85422, 4127.69
85422, 4125.64
85453.1, 4130.26
85453.2, 4141.54
85453.2, 4153.33
85453.3, 4153.85
85484.3, 4145.13
85484.5, 4136.41
85484.5, 4129.23
85484.5, 4129.23
85516.2, 4132.82
85516.3, 4140
85516.3, 4156.92
85516.3, 4161.03
85547.2, 4146.67
85547.3, 4136.41
85547.3, 4133.33
85547.3, 4129.23
85578.1, 4131.28
85578.1, 4143.08
85578.2, 4152.82
85578.2, 4153.85
85610.2, 4146.67
85610.3, 4137.44
85610.4, 4130.26
85610.4, 4127.69
85641, 4132.82
85641.1, 4141.03
85641.1, 4149.23
85641.2, 4153.85
85672.5, 4150.77
85672.6, 4137.44
85672.6, 4126.67
85672.6, 4128.72
85703.2, 4130.26
85703.3, 4137.44
85703.3, 4154.36
85703.4, 4159.49
85735, 4146.15
85735.1, 4133.33
85735.1, 4129.74
85735.2, 4128.21
85766.1, 4129.23
85766.2, 4141.03
85766.2, 4157.44
85766.3, 4158.46
85797.2, 4147.18
85797.3, 4136.41
85797.3, 4130.26
85797.3, 4127.69
85828, 4133.33
85828, 4147.18
85828.1, 4156.92
85828.1, 4154.87
85860.2, 4147.69
85860.3, 4137.44
85860.3, 4130.26
85860.4, 4127.18
85891.2, 4130.77
85891.4, 4142.05
85891.4, 4151.79
85891.5, 4152.82
85921.9, 4147.18
85922, 4138.46
85922, 4130.77
85922, 4130.26
85953.9, 4134.36
85954, 4140.51
85954, 4150.77
85954.1, 4155.38
85985.1, 4146.67
85985.2, 4135.9
85985.2, 4130.77
85985.3, 4128.21
86016.2, 4129.23
86016.3, 4138.97
86016.3, 4147.18
86016.3, 4144.1
86047.3, 4143.08
86047.3, 4147.18
86047.4, 4144.62
86047.4, 4140
86079.4, 4143.08
86079.5, 4142.56
86079.6, 4138.97
86079.7, 4141.03
86110.6, 4142.05
86110.7, 4141.03
86110.8, 4141.03
86110.8, 4143.59
86141.1, 4144.1
86141.3, 4142.56
86141.3, 4142.56
86141.4, 4141.54
86172, 4140.51
86172.1, 4141.03
86172.2, 4142.05
86172.2, 4141.54
86204.1, 4140.51
86204.2, 4142.05
86204.2, 4144.1
86204.3, 4143.08
86235.1, 4140
86235.2, 4140
86235.3, 4144.1
86235.3, 4143.59
86266.1, 4138.46
86266.2, 4138.46
86266.2, 4144.1
86266.3, 4144.1
86298.4, 4138.97
86298.5, 4141.54
86298.5, 4146.15
86298.6, 4141.54
86329.4, 4137.95
86329.5, 4143.08
86329.5, 4144.62
86329.6, 4140
86360.2, 4138.97
86360.3, 4141.54
86360.4, 4141.03
86360.4, 4137.44
86391.6, 4140.51
86391.7, 4144.1
86391.8, 4141.54
86391.8, 4140.51
86423.4, 4142.05
86423.8, 4140.51
86423.9, 4140.51
86423.9, 4142.56
86454.3, 4144.1
86454.4, 4144.1
86454.4, 4141.54
86454.5, 4141.54
86486.4, 4144.1
86486.5, 4143.08
86486.6, 4140.51
86486.6, 4142.05
86517.5, 4143.08
86517.6, 4140.51
86517.7, 4141.54
86517.7, 4143.59
86548.3, 4140.51
86548.4, 4140
86548.5, 4142.05
86548.5, 4141.03
86579.3, 4139.49
86579.4, 4141.54
86579.5, 4141.03
86579.5, 4140
86610.5, 4142.56
86610.6, 4143.59
86610.6, 4143.59
86610.6, 4141.54
86642.4, 4134.87
86642.5, 4136.92
86642.5, 4144.62
86642.6, 4145.13
86673.4, 4143.08
86673.6, 4145.13
86673.6, 4143.08
86673.7, 4143.08
86704.7, 4144.1
86704.8, 4142.56
86704.8, 4142.56
86704.9, 4142.05
86735.5, 4141.03
86735.6, 4143.08
86735.7, 4143.59
86735.7, 4141.03
86767.5, 4141.54
86767.6, 4144.1
86767.6, 4142.05
86767.7, 4142.05
86798.4, 4144.1
86798.5, 4141.54
86798.5, 4139.49
86798.6, 4141.03
86829.5, 4144.1
86829.6, 4145.13
86829.7, 4142.56
86829.7, 4139.49
86861.6, 4140.51
86861.7, 4142.56
86861.7, 4141.03
86861.8, 4141.03
86892.4, 4144.1
86892.5, 4143.59
86892.5, 4141.54
86892.6, 4142.05
86923.3, 4142.05
86923.6, 4142.56
86923.7, 4143.08
86923.7, 4141.03
86954.4, 4138.97
86954.5, 4140.51
86954.5, 4141.03
86954.5, 4141.54
86986.4, 4142.05
86986.5, 4142.05
86986.5, 4142.05
86986.5, 4141.03
87017.5, 4140.51
87017.7, 4140.51
87017.7, 4142.05
87017.8, 4141.54
87048.1, 4140
87048.2, 4142.05
87048.3, 4143.59
87048.3, 4142.05
87080.5, 4142.05
87080.6, 4142.56
87080.6, 4139.49
87080.7, 4138.97
87111.3, 4143.59
87111.5, 4143.08
87111.6, 4140.51
87111.6, 4143.08
87142.7, 4143.08
87142.8, 4139.49
87142.8, 4140
87142.8, 4143.59
87173.2, 4143.59
87173.3, 4141.54
87173.4, 4141.54
87173.4, 4144.1
87205.4, 4145.13
87205.5, 4142.05
87205.6, 4138.46
87205.6, 4141.03
87236.3, 4145.13
87236.4, 4142.05
87236.5, 4139.49
87236.5, 4142.56
87267.1, 4144.1
87267.2, 4141.54
87267.2, 4139.49
87267.3, 4140
87298.9, 4140.51
87299, 4142.56
87299, 4141.03
87299, 4135.9
87329.9, 4137.95
87330, 4144.1
87330.1, 4141.03
87330.1, 4137.95
87361.3, 4140
87361.5, 4137.95
87361.6, 4136.92
87361.7, 4142.05
87392, 4144.62
87392.2, 4143.08
87392.2, 4141.03
87392.3, 4142.05
87423.9, 4140.51
87424, 4137.95
87424, 4140.51
87424, 4144.1
87455, 4143.08
87455, 4141.03
87455.1, 4143.08
87455.1, 4144.1
87486, 4141.54
87486.1, 4140.51
87486.1, 4141.54
87486.2, 4143.59
87517.1, 4144.62
87517.2, 4141.03
87517.2, 4137.44
87517.3, 4137.95
87549.2, 4138.97
87549.3, 4141.03
87549.3, 4142.56
87549.3, 4142.05
87580.1, 4140.51
87580.2, 4140
87580.2, 4140
87580.2, 4139.49
87611.1, 4140
87611.2, 4140
87611.2, 4140
87611.3, 4140
87643.3, 4141.03
87643.4, 4143.59
87643.4, 4143.59
87643.5, 4138.97
87674, 4137.44
87674.1, 4141.54
87674.1, 4143.08
87674.2, 4139.49
87705.1, 4140
87705.1, 4143.59
87705.2, 4142.56
87705.2, 4140
87736.5, 4141.54
87736.6, 4142.05
87736.7, 4141.03
87736.7, 4140
87768.3, 4139.49
87768.4, 4139.49
87768.4, 4142.56
87768.5, 4144.62
87799.5, 4144.1
87799.6, 4142.05
87799.6, 4141.03
87799.7, 4140
87830.3, 4141.54
87830.4, 4143.59
87830.5, 4142.56
87830.5, 4141.54
87862.1, 4142.56
87862.2, 4142.56
87862.2, 4138.97
87862.2, 4137.44
87893.2, 4139.49
87893.3, 4139.49
87893.4, 4138.46
87893.4, 4141.54
87923.9, 4142.56
87924, 4140
87924, 4140.51
87924.1, 4140.51
87955, 4139.49
87955.1, 4140.51
87955.2, 4142.05
87955.2, 4140
87987.5, 4140
87987.6, 4142.05
87987.6, 4140.51
87987.7, 4140.51
88018, 4144.1
88018.1, 4142.56
88018.1, 4138.97
88018.2, 4139.49
88049.1, 4142.56
88049.2, 4144.62
88049.2, 4142.56
88049.2, 4137.95
88080.1, 4139.49
88080.3, 4144.62
88080.4, 4143.08
88080.4, 4141.54
88112.1, 4145.64
88112.2, 4144.1
88112.3, 4140
88112.3, 4142.05
88143.4, 4142.05
88143.5, 4140
88143.5, 4140.51
88143.5, 4140
88174.3, 4140.51
88174.4, 4141.54
88174.4, 4141.54
88174.5, 4142.56
88206.4, 4141.54
88206.7, 4139.49
88206.9, 4139.49
88207, 4142.05
88237.5, 4144.1
88237.5, 4142.56
88237.6, 4138.97
88237.6, 4138.46
88268.1, 4140
88268.2, 4141.03
88268.2, 4141.54
88268.3, 4141.03
88299, 4140.51
88299.1, 4140
88299.2, 4140
88299.2, 4140.51
88331, 4143.08
88331.1, 4144.62
88331.1, 4143.08
88331.1, 4140
88362.1, 4140
88362.2, 4143.59
88362.2, 4143.59
88362.3, 4139.49
88393.5, 4140.51
88393.6, 4142.56
88393.6, 4142.05
88393.6, 4143.59
88425.1, 4143.59
88425.3, 4140.51
88425.7, 4140
88425.7, 4140.51
88456.1, 4140
88456.2, 4140
88456.2, 4141.54
88456.2, 4140
88487.2, 4138.97
88487.3, 4141.03
88487.3, 4142.05
88487.4, 4142.56
88517.9, 4142.56
88518, 4142.56
88518, 4143.08
88518, 4142.56
88550.1, 4143.59
88550.2, 4144.1
88550.2, 4141.03
88550.3, 4138.46
88581.2, 4140.51
88581.3, 4143.59
88581.3, 4143.08
88581.4, 4141.03
88612.4, 4140
88612.5, 4141.03
88612.6, 4141.54
88612.6, 4141.03
88644.2, 4140
88644.3, 4140
88644.3, 4140.51
88644.3, 4142.05
88675, 4141.54
88675.1, 4140
88675.1, 4139.49
88675.2, 4141.03
88706, 4141.03
88706.1, 4139.49
88706.1, 4140
88706.2, 4142.56
88737.8, 4143.59
88737.9, 4141.03
88737.9, 4141.03
88738, 4142.05
88769.4, 4141.54
88769.5, 4142.56
88769.5, 4142.05
88769.5, 4138.97
88800.5, 4139.49
88800.7, 4142.56
88800.7, 4142.05
88800.7, 4140.51
88831.3, 4140
88831.4, 4141.54
88831.5, 4143.59
88831.5, 4143.59
88862.3, 4141.03
88862.4, 4142.05
88862.4, 4143.08
88862.5, 4141.54
88894.3, 4141.03
88894.4, 4140.51
88894.4, 4140.51
88894.5, 4141.54
88924.9, 4143.59
88925, 4144.1
88925, 4142.56
88925.1, 4143.08
88955.9, 4144.1
88955.9, 4137.44
88956, 4133.33
88956, 4138.97
88988, 4142.05
88988.1, 4137.95
88988.2, 4138.46
88988.2, 4143.59
89019.5, 4143.08
89019.6, 4140.51
89019.7, 4141.03
89019.7, 4142.56
89050.3, 4142.05
89050.4, 4141.03
89050.4, 4142.05
89050.4, 4144.62
89081.3, 4143.08
89081.4, 4141.54
89081.4, 4141.54
89081.5, 4137.44
89113.1, 4134.36
89113.1, 4134.87
89113.2, 4136.92
89113.2, 4140
89144.1, 4138.46
89144.2, 4134.87
89144.2, 4135.38
89144.3, 4135.9
89175.1, 4131.79
89175.2, 4133.33
89175.3, 4140
89175.4, 4138.46
89207.1, 4135.38
89207.2, 4140
89207.2, 4142.56
89207.3, 4140
89238.3, 4141.03
89238.4, 4142.56
89238.4, 4143.08
89238.5, 4142.56
89268.9, 4142.05
89269, 4142.56
89269, 4144.1
89269.1, 4145.13
89300.1, 4145.13
89300.3, 4143.59
89300.3, 4142.05
89300.3, 4143.08
89332.1, 4145.13
89332.2, 4143.08
89332.2, 4140
89332.2, 4141.03
89363.3, 4143.59
89363.4, 4143.08
89363.4, 4140
89363.5, 4141.03
89394, 4145.64
89394, 4143.08
89394.1, 4140.51
89394.1, 4143.59
89426.3, 4142.56
89426.4, 4137.95
89426.4, 4138.97
89426.5, 4144.62
89457.3, 4144.1
89457.4, 4141.03
89457.4, 4141.03
89457.4, 4141.03
89488.1, 4142.05
89488.1, 4143.08
89488.2, 4140
89488.2, 4139.49
89519, 4141.03
89519.1, 4140
89519.1, 4141.03
89519.2, 4143.59
89551.1, 4144.62
89551.1, 4143.08
89551.2, 4142.05
89551.2, 4142.05
89582.2, 4142.56
89582.3, 4142.05
89582.3, 4142.05
89582.4, 4142.05
89613.1, 4141.03
89613.2, 4139.49
89613.2, 4139.49
89613.4, 4141.54
89644.4, 4143.59
89644.6, 4141.54
89644.7, 4139.49
89644.7, 4143.08
89676.3, 4144.62
89676.4, 4141.03
89676.4, 4141.54
89676.4, 4142.56
89707, 4140.51
89707.1, 4141.03
89707.2, 4144.1
89707.2, 4144.1
89738.1, 4141.54
89738.2, 4142.56
89738.2, 4145.64
89738.3, 4143.59
89769.9, 4141.54
89770, 4141.54
89770.1, 4140.51
89770.1, 4138.97
89801.2, 4140
89801.4, 4142.05
89801.4, 4143.59
89801.4, 4143.08
89832.1, 4142.56
89832.2, 4143.08
89832.2, 4143.59
89832.3, 4146.15
89863.2, 4145.64
89863.3, 4139.49
89863.4, 4138.46
89863.4, 4142.56
89895.3, 4140
89895.4, 4133.85
89895.4, 4133.85
89895.4, 4133.85
89926.1, 4130.26, estimuli
89926.3, 4129.74
89927.7, 4129.23
89927.8, 4129.74
89957.2, 4133.33
89957.3, 4134.87
89957.3, 4133.85
89957.3, 4135.38
89989.1, 4138.46
89989.1, 4140.51
89989.2, 4142.05
89989.2, 4143.08
90019.9, 4142.56
90020, 4143.59
90020, 4145.64
90020, 4143.08
90051.1, 4141.03
90051.1, 4142.56
90051.2, 4143.08
90051.2, 4143.59
90082.1, 4142.05
90082.2, 4145.13
90082.2, 4155.38
90082.2, 4157.95
90114, 4150.26
90114.1, 4140.51
90114.1, 4132.31
90114.1, 4127.69
90145.1, 4128.72
90145.2, 4135.9
90145.3, 4150.26
90145.3, 4163.59
90176.1, 4160.51
90176.2, 4143.08
90176.2, 4130.77
90176.3, 4126.67
90207.2, 4128.21
90207.3, 4135.38
90207.3, 4151.28
90207.4, 4161.54
90239.1, 4156.41
90239.2, 4145.64
90239.2, 4136.41
90239.2, 4129.23
90270.3, 4129.74
90270.4, 4138.97
90270.5, 4150.26
90270.6, 4155.9
90301.1, 4152.82
90301.2, 4140
90301.2, 4128.72
90301.2, 4126.15
90333.3, 4130.77
90333.4, 4138.97
90333.4, 4150.26
90333.4, 4155.38
90364.2, 4151.79
90364.3, 4143.08
90364.3, 4131.28
90364.4, 4126.67
90395.2, 4128.72
90395.3, 4133.85
90395.3, 4149.74
90395.3, 4158.97
90426.2, 4151.79
90426.3, 4138.97
90426.3, 4132.82
90426.4, 4130.26
90457.9, 4127.69
90458, 4132.31
90458.1, 4148.72
90458.1, 4159.49
90489.2, 4151.79
90489.2, 4138.97
90489.3, 4132.31
90489.3, 4128.72
90519.9, 4128.21
90520, 4136.92
90520, 4153.33
90520.1, 4158.97
90550.9, 4152.31
90551, 4144.1
90551, 4133.33
90551, 4125.64
90583.1, 4128.21
90583.2, 4138.46
90583.3, 4150.77
90583.4, 4156.92
90614.3, 4154.87
90614.4, 4144.1
90614.5, 4130.26
90614.5, 4124.1
90645, 4128.72
90645.1, 4137.95
90645.1, 4147.69
90645.1, 4154.36
90677.3, 4152.31
90677.4, 4141.03
90677.5, 4130.77
90677.5, 4126.67
90708.4, 4128.21
90708.7, 4136.41
90708.7, 4148.72
90708.8, 4153.33
90739.1, 4148.72
90739.2, 4141.54
90739.3, 4132.82
90739.3, 4126.15
90769.9, 4128.21
90770, 4137.95
90770.1, 4152.82
90770.1, 4158.97
90802, 4151.28
90802.1, 4142.56
90802.1, 4135.38
90802.1, 4127.69
90833.4, 4129.74
90833.5, 4140.51
90833.5, 4150.77
90833.5, 4155.9
90864.3, 4152.31
90864.3, 4142.05
90864.4, 4131.28
90864.4, 4127.69
90896.4, 4131.28
90896.4, 4138.97
90896.5, 4148.72
90896.6, 4154.87
90927.6, 4152.82
90927.8, 4141.54
90927.8, 4131.28
90927.9, 4129.74
90958.3, 4130.26
90958.4, 4135.9
90958.4, 4149.74
90958.4, 4157.44
90989, 4151.28
90989, 4139.49
90989.1, 4129.74
90989.1, 4126.15
91021.2, 4129.74
91021.3, 4138.97
91021.3, 4151.79
91021.3, 4156.41
91052.1, 4150.26
91052.2, 4140.51
91052.2, 4133.33
91052.3, 4129.23
91083.3, 4126.15
91083.4, 4131.28
91083.4, 4143.59
91083.5, 4146.15
91114.4, 4142.56
91114.5, 4146.15
91114.5, 4147.18
91114.6, 4137.95
91146.5, 4140
91146.6, 4146.15
91146.7, 4142.56
91146.7, 4139.49
91177.5, 4138.97
91177.6, 4140
91177.6, 4142.56
91177.7, 4143.08
91208.5, 4143.08
91208.6, 4143.08
91208.6, 4141.54
91208.7, 4140
91240.3, 4142.05
91240.4, 4146.67
91240.5, 4144.1
91240.5, 4139.49
91270.9, 4143.08
91271, 4146.67
91271, 4143.08
91271.1, 4141.03
91302.3, 4143.08
91302.5, 4142.05
91302.5, 4138.97
91302.6, 4140.51
91333.5, 4145.13
91333.6, 4144.1
91333.7, 4139.49
91333.7, 4141.03
91365.3, 4142.56
91365.4, 4140.51
91365.4, 4138.97
91365.5, 4140
91396, 4140.51
91396.1, 4140
91396.1, 4141.54
91396.1, 4141.54
91427.1, 4139.49
91427.2, 4138.97
91427.2, 4142.05
91427.3, 4142.05
91459, 4139.49
91459.1, 4141.54
91459.1, 4141.54
91459.2, 4138.97
91489.9, 4141.03
91490, 4141.54
91490.1, 4137.95
91490.1, 4139.49
91520.9, 4142.05
91521, 4139.49
91521.1, 4140
91521.1, 4142.05
91552.4, 4141.54
91552.5, 4141.54
91552.5, 4142.05
91552.6, 4141.54
91584.3, 4141.54
91584.3, 4140.51
91584.4, 4138.97
91584.4, 4140
91615, 4141.54
91615.1, 4140
91615.1, 4138.46
91615.1, 4138.46
91646, 4142.05
91646.1, 4145.13
91646.1, 4141.54
91646.1, 4139.49
91677.3, 4140.51
91677.3, 4140.51
91677.4, 4141.54
91677.4, 4142.05
91709.2, 4138.97
91709.3, 4139.49
91709.4, 4144.1
91709.4, 4143.59
91740.3, 4138.97
91740.4, 4140.51
91740.4, 4142.56
91740.4, 4141.54
91771.3, 4143.08
91771.4, 4142.56
91771.4, 4139.49
91771.5, 4140.51
91803.1, 4143.59
91803.2, 4142.56
91803.2, 4141.03
91803.3, 4142.05
91834.1, 4144.1
91834.2, 4143.08
91834.3, 4142.05
91834.3, 4142.05
91865.1, 4143.59
91865.2, 4142.56
91865.2, 4141.54
91865.3, 4141.03
91896, 4138.46
91896.2, 4136.92
91896.2, 4141.03
91896.3, 4141.54
91928.1, 4137.95
91928.3, 4140.51
91928.3, 4142.05
91928.3, 4138.46
91959.6, 4137.95
91959.8, 4139.49
91959.8, 4140
91959.9, 4140
91990, 4141.03
91990.1, 4141.03
91990.1, 4140.51
91990.1, 4138.97
92021.9, 4141.03
92022, 4143.08
92022.1, 4139.49
92022.1, 4137.95
92052.9, 4141.54
92053, 4143.08
92053, 4142.56
92053.1, 4141.03
92084.1, 4138.97
92084.2, 4138.46
92084.2, 4139.49
92084.3, 4140
92115.2, 4139.49
92115.3, 4141.03
92115.3, 4142.05
92115.4, 4141.03
92147.2, 4138.97
92147.3, 4139.49
92147.3, 4140.51
92147.3, 4138.46
92178.3, 4135.38
92178.5, 4140
92178.6, 4145.13
92178.6, 4142.05
92218.8, 4140.51
92218.9, 4145.13
92218.9, 4143.08
92219, 4136.92
92241.2, 4139.49
92241.3, 4142.05
92241.4, 4138.97
92241.4, 4136.92
92272.1, 4142.05
92272.2, 4143.59
92272.2, 4140.51
92272.3, 4140.51
92303.2, 4140.51
92303.3, 4140.51
92303.3, 4141.03
92303.4, 4142.05
92339.8, 4143.08
92339.9, 4142.56
92340, 4138.97
92340, 4139.49
92366.4, 4143.59
92366.6, 4143.08
92366.7, 4140
92366.8, 4139.49
92397.3, 4140
92397.4, 4141.03
92397.4, 4140
92397.4, 4137.44
92428.3, 4142.05
92428.4, 4143.08
92428.4, 4137.44
92428.5, 4139.49
92459.2, 4143.59
92459.3, 4142.05
92459.3, 4141.54
92459.4, 4141.54
92490.9, 4140.51
92491, 4142.56
92491, 4145.13
92491.1, 4141.54
92522, 4140
92522.1, 4142.05
92522.2, 4140
92522.2, 4139.49
92553, 4141.03
92553, 4140
92553.1, 4140
92553.1, 4144.1
92585.4, 4143.08
92585.5, 4138.97
92585.6, 4140.51
92585.6, 4142.05
92616.1, 4140
92616.2, 4138.46
92616.2, 4138.46
92616.3, 4140
92647.1, 4141.54
92647.2, 4142.56
92647.2, 4140.51
92647.3, 4138.46
92678.1, 4138.97
92678.2, 4141.03
92678.2, 4141.54
92678.3, 4140.51
92710.4, 4140
92710.4, 4140.51
92710.5, 4140.51
92710.5, 4143.59
92741, 4143.59
92741, 4141.03
92741.1, 4139.49
92741.1, 4140.51
92772, 4141.54
92772, 4143.59
92772.1, 4143.08
92772.1, 4138.97
92804.3, 4141.03
92804.3, 4145.13
92804.4, 4143.08
92804.4, 4140.51
92835, 4141.54
92835.1, 4140.51
92835.1, 4139.49
92835.2, 4141.54
92866.3, 4143.08
92866.3, 4143.59
92866.4, 4142.05
92866.4, 4141.54
92897.2, 4142.56
92897.3, 4144.1
92897.3, 4144.1
92897.3, 4142.56
92929.1, 4143.59
92929.2, 4143.08
92929.3, 4140
92929.3, 4140.51
92960.2, 4143.08
92960.3, 4143.08
92960.3, 4143.08
92960.4, 4142.05
92991.5, 4138.97
92991.7, 4138.97
92991.8, 4141.54
92991.8, 4142.05
93022.1, 4143.59
93022.2, 4146.15
93022.3, 4144.62
93022.3, 4142.56
93054, 4143.59
93054.1, 4143.59
93054.1, 4142.56
93054.2, 4141.03
93085.1, 4141.54
93085.2, 4144.1
93085.3, 4143.08
93085.3, 4140.51
93116, 4140.51
93116.1, 4142.56
93116.1, 4142.05
93116.2, 4139.49
93148.3, 4139.49
93148.4, 4141.03
93148.4, 4143.59
93148.4, 4144.1
93179.3, 4141.54
93179.4, 4142.05
93179.5, 4143.08
93179.5, 4140.51
93210.5, 4139.49
93210.6, 4141.54
93210.6, 4142.05
93210.7, 4143.08
93241.1, 4141.54
93241.1, 4139.49
93241.2, 4141.54
93241.2, 4142.56
93273.2, 4142.56
93273.2, 4142.05
93273.3, 4141.54
93273.3, 4142.05
93304, 4143.08
93304.1, 4142.56
93304.1, 4142.56
93304.1, 4143.59
93334.9, 4141.54
93335, 4140
93335, 4140
93335.1, 4139.49
93367.3, 4142.05
93367.4, 4143.08
93367.4, 4141.54
93367.5, 4142.56
93398, 4144.1
93398.1, 4141.54
93398.1, 4139.49
93398.1, 4141.03
93429.4, 4142.05
93429.6, 4141.54
93429.6, 4140.51
93429.7, 4141.03
93460.3, 4144.1
93460.3, 4146.67
93460.4, 4142.56
93460.4, 4140.51
93491.9, 4145.13
93492, 4143.59
93492, 4138.97
93492, 4141.03
93522.9, 4142.56
93523, 4140
93523, 4138.46
93523.1, 4141.54
93553.9, 4144.1
93554, 4141.03
93554, 4137.44
93554.1, 4140.51
93584.9, 4142.05
93584.9, 4140
93585, 4139.49
93585, 4140.51
93617.3, 4141.03
93617.4, 4143.08
93617.5, 4145.13
93617.6, 4143.08
93648, 4140.51
93648.1, 4140
93648.1, 4140.51
93648.1, 4140.51
93679.2, 4140.51
93679.3, 4141.03
93679.3, 4142.05
93679.4, 4141.54
93711.3, 4138.97
93711.4, 4139.49
93711.5, 4141.54
93711.5, 4141.03
93742, 4140
93742.1, 4140
93742.1, 4138.46
93742.2, 4141.54
93773, 4144.62
93773.1, 4140
93773.1, 4138.46
93773.1, 4141.54
93804, 4140
93804.1, 4136.92
93804.1, 4139.49
93804.2, 4142.05
93836.4, 4141.03
93836.5, 4139.49
93836.6, 4139.49
93836.6, 4139.49
93867, 4140
93867.1, 4139.49
93867.2, 4141.54
93867.2, 4143.59
93898.2, 4141.03
93898.2, 4141.03
93898.3, 4144.62
93898.3, 4141.54
93930.2, 4137.95
93930.4, 4140
93930.4, 4143.08
93930.4, 4144.62
93961.3, 4143.59
93961.3, 4140.51
93961.4, 4139.49
93961.4, 4144.1
93992.3, 4145.13
93992.3, 4137.44
93992.4, 4135.38
93992.4, 4142.05
94023, 4144.1
94023.1, 4138.46
94023.1, 4138.46
94023.1, 4143.08
94055.1, 4143.59
94055.2, 4140.51
94055.2, 4138.46
94055.3, 4138.46
94086.1, 4141.54
94086.2, 4142.05
94086.2, 4140.51
94086.3, 4142.05
94117.3, 4143.59
94117.4, 4141.54
94117.4, 4141.03
94117.5, 4143.59
94148.1, 4144.1
94148.3, 4142.56
94148.3, 4141.54
94148.4, 4144.62
94180.2, 4144.62
94180.3, 4140
94180.3, 4140
94180.3, 4144.62
94211.1, 4145.64
94211.2, 4142.56
94211.2, 4142.05
94211.3, 4141.54
94242.2, 4141.03
94242.4, 4141.03
94242.5, 4138.97
94242.5, 4142.05
94274.1, 4145.64
94274.2, 4141.03
94274.2, 4138.46
94274.3, 4143.08
94305.1, 4142.05
94305.2, 4139.49
94305.2, 4140.51
94305.3, 4141.54
94335.9, 4141.54
94336, 4141.03
94336, 4140.51
94336.1, 4140.51
94367.2, 4141.03
94367.3, 4140.51
94367.4, 4140.51
94367.4, 4141.54
94399.3, 4140
94399.4, 4139.49
94399.4, 4140.51
94399.4, 4142.05
94430.1, 4138.46
94430.2, 4135.9
94430.2, 4141.54
94430.3, 4144.1
94461.4, 4140
94461.5, 4141.03
94461.6, 4144.1
94461.6, 4141.54
94493.5, 4141.03
94493.6, 4142.05
94493.6, 4142.56
94493.6, 4142.56
94524, 4142.56
94524.1, 4141.03
94524.2, 4137.95
94524.2, 4138.97
94555, 4143.08
94555.1, 4143.08
94555.2, 4137.95
94555.2, 4140
94586, 4145.64
94586.1, 4143.59
94586.1, 4140
94586.2, 4142.05
94618.3, 4142.56
94618.4, 4141.54
94618.4, 4141.03
94618.4, 4139.49
94649.1, 4140.51
94649.2, 4141.54
94649.3, 4142.05
94649.3, 4144.1
94680.3, 4142.56
94680.4, 4141.03
94680.4, 4142.56
94680.4, 4141.03
94711.5, 4139.49
94711.6, 4141.03
94711.6, 4141.03
94711.7, 4140.51
94743.3, 4142.05
94743.4, 4142.05
94743.4, 4141.03
94743.5, 4141.03
94774, 4138.97
94774.1, 4139.49
94774.1, 4141.54
94774.1, 4140.51
94805, 4141.54
94805.1, 4144.1
94805.2, 4142.05
94805.2, 4140
94837, 4139.49
94837.1, 4142.05
94837.1, 4143.59
94837.2, 4141.54
94868, 4138.97
94868.1, 4138.97
94868.1, 4141.03
94868.1, 4140.51
94899.4, 4138.46
94899.6, 4140
94899.7, 4144.1
94899.8, 4141.03
94930.1, 4137.95
94930.2, 4140.51
94930.2, 4141.03
94930.3, 4140.51
94962.3, 4142.56
94962.4, 4140.51
94962.5, 4140.51
94962.5, 4144.62
94993.2, 4143.59
94993.3, 4139.49
94993.3, 4141.03
94993.4, 4141.54
95024.1, 4136.92
95024.2, 4133.33
95024.2, 4133.33
95024.3, 4136.41
95056, 4135.38
95056.1, 4130.77
95056.1, 4128.72
95056.1, 4128.72
95087.2, 4131.79, estimuli
95089, 4134.36
95089.1, 4132.31
95090, 4131.28
95118.1, 4133.85
95118.2, 4138.46
95118.3, 4140
95118.3, 4138.46
95149, 4137.95
95149.1, 4140.51
95149.1, 4144.1
95149.1, 4144.62
95181.1, 4143.08
95181.2, 4143.59
95181.3, 4146.15
95181.3, 4145.13
95212.3, 4143.59
95212.4, 4144.62
95212.5, 4146.67
95212.5, 4144.62
95243.3, 4142.56
95243.4, 4146.15
95243.4, 4150.77
95243.4, 4151.79
95275.1, 4147.69
95275.2, 4137.44
95275.2, 4127.18
95275.3, 4126.15
95306.4, 4128.72
95306.5, 4133.85
95306.6, 4151.79
95306.6, 4162.56
95337.3, 4153.85
95337.4, 4138.97
95337.4, 4130.26
95337.4, 4125.64
95368.2, 4125.64
95368.3, 4136.92
95368.4, 4155.9
95368.4, 4164.1
95400.2, 4154.36
95400.2, 4141.54
95400.3, 4131.79
95400.3, 4125.13
95431.4, 4127.18
95431.5, 4137.95
95431.5, 4151.28
95431.5, 4156.41
95462.3, 4152.31
95462.4, 4141.03
95462.4, 4127.69
95462.4, 4123.08
95493.5, 4129.23
95493.6, 4140
95493.6, 4152.82
95493.7, 4157.95
95525.2, 4152.31
95525.3, 4140
95525.3, 4130.77
95525.4, 4128.72
95556.2, 4128.21
95556.3, 4135.9
95556.3, 4153.33
95556.3, 4161.54
95587.2, 4149.74
95587.2, 4135.9
95587.3, 4131.28
95587.3, 4128.72
95619.2, 4129.23
95619.3, 4141.54
95619.3, 4156.41
95619.4, 4156.92
95650.2, 4151.28
95650.3, 4144.62
95650.3, 4133.33
95650.4, 4124.62
95681.2, 4126.67
95681.3, 4137.95
95681.4, 4149.23
95681.4, 4151.79
95712.4, 4148.72
95712.5, 4142.56
95712.5, 4132.31
95712.6, 4125.64
95744.8, 4127.69
95744.9, 4137.44
95744.9, 4151.28
95745, 4158.46
95775, 4151.28
95775.1, 4140.51
95775.1, 4131.79
95775.2, 4124.62
95805.9, 4126.67
95806, 4137.95
95806.1, 4152.82
95806.1, 4158.97
95838, 4151.79
95838.1, 4140.51
95838.2, 4133.85
95838.2, 4129.74
95869, 4130.26
95869.1, 4137.95
95869.1, 4148.21
95869.2, 4153.33
95900, 4148.72
95900.1, 4138.97
95900.1, 4130.26
95900.2, 4126.67
95931.3, 4129.23
95931.4, 4137.95
95931.5, 4150.77
95931.5, 4153.85
95963.2, 4146.67
95963.3, 4137.95
95963.4, 4129.74
95963.4, 4127.69
95994.3, 4132.31
95994.4, 4139.49
95994.4, 4146.67
95994.4, 4153.33
96025.3, 4150.77
96025.4, 4135.9
96025.5, 4125.64
96025.5, 4126.67
96056, 4128.72
96056.1, 4135.38
96056.2, 4151.79
96056.2, 4157.95
96088.1, 4149.74
96088.2, 4140
96088.2, 4132.82
96088.2, 4128.21
96119.1, 4129.23
96119.1, 4136.92
96119.2, 4147.18
96119.4, 4152.31
96150.2, 4149.23
96150.4, 4139.49
96150.4, 4129.74
96150.5, 4126.15
96182.1, 4128.21
96182.1, 4135.9
96182.2, 4146.15
96182.2, 4151.28
96213.2, 4147.69
96213.3, 4138.46
96213.3, 4129.23
96213.4, 4125.13
96244.3, 4127.69
96244.4, 4135.38
96244.5, 4143.59
96244.5, 4143.59
96275, 4141.54
96275.1, 4146.15
96275.1, 4143.59
96275.2, 4136.41
96307, 4138.46
96307, 4138.97
96307.1, 4135.38
96307.1, 4138.46
96338.5, 4142.56
96338.7, 4140
96338.7, 4136.92
96338.8, 4138.97
96369, 4140.51
96369.1, 4138.46
96369.1, 4138.46
96369.1, 4142.05
96401, 4142.56
96401.1, 4141.54
96401.1, 4143.08
96401.1, 4143.59
96432.1, 4141.03
96432.2, 4140.51
96432.3, 4143.59
96432.3, 4144.1
96463.3, 4143.59
96463.4, 4144.62
96463.5, 4142.05
96463.5, 4137.44
96494.3, 4136.92
96494.4, 4141.03
96494.4, 4144.62
96494.5, 4143.59
96526.2, 4141.54
96526.3, 4144.1
96526.4, 4143.08
96526.5, 4138.97
96557.1, 4139.49
96557.2, 4143.08
96557.2, 4143.08
96557.3, 4141.03
96588.3, 4143.08
96588.4, 4144.1
96588.4, 4142.05
96588.5, 4142.56
96621.4, 4143.08
96621.5, 4141.54
96621.6, 4141.03
96621.6, 4142.56
96651.4, 4144.62
96651.6, 4143.59
96651.7, 4140.51
96651.7, 4140.51
96682.4, 4144.62
96682.5, 4144.62
96682.6, 4142.05
96682.7, 4143.08
96713.4, 4143.59
96713.5, 4142.05
96713.6, 4142.05
96713.6, 4143.08
96745.7, 4143.59
96745.8, 4144.1
96745.9, 4142.05
96746, 4140
96776.6, 4141.03
96776.7, 4142.56
96776.8, 4142.56
96776.8, 4140.51
96807.4, 4140
96807.5, 4141.54
96807.6, 4141.54
96807.7, 4140.51
96838.2, 4140.51
96838.3, 4140
96838.4, 4139.49
96838.5, 4143.08
96870.5, 4146.15
96870.7, 4144.1
96870.8, 4144.1
96870.8, 4142.05
96901.3, 4136.92
96901.4, 4136.92
96901.4, 4140
96901.5, 4139.49
96932.3, 4140
96932.5, 4142.05
96932.5, 4141.03
96932.6, 4140.51
96964.4, 4142.05
96964.5, 4142.05
96964.6, 4141.54
96964.7, 4143.59
96995.5, 4142.05
96995.6, 4138.46
96995.7, 4140.51
96995.7, 4142.56
97026.6, 4140.51
97026.7, 4140
97026.8, 4142.05
97026.8, 4142.56
97057.4, 4141.03
97057.5, 4140.51
97057.5, 4140
97057.6, 4138.46
97089.5, 4140
97089.6, 4143.08
97089.7, 4143.59
97089.7, 4142.05
97120.2, 4141.03
97120.3, 4143.59
97120.4, 4144.1
97120.4, 4139.49
97151.5, 4134.87
97151.6, 4138.46
97151.7, 4143.08
97151.8, 4141.03
97183.5, 4142.05
97183.6, 4145.64
97183.6, 4145.13
97183.7, 4144.1
97214.5, 4145.13
97214.7, 4144.62
97214.7, 4143.08
97214.8, 4142.05
97245.3, 4143.08
97245.4, 4143.59
97245.5, 4141.54
97245.5, 4142.56
97276.5, 4145.13
97276.6, 4144.62
97276.7, 4144.1
97276.7, 4142.56
97308.5, 4139.49
97308.6, 4140.51
97308.7, 4144.1
97308.7, 4143.59
97339.6, 4142.05
97339.7, 4142.56
97339.7, 4143.08
97339.8, 4143.08
97370.5, 4144.1
97370.6, 4143.08
97370.7, 4141.54
97370.7, 4141.03
97401, 4141.03
97401.1, 4141.54
97401.2, 4141.54
97401.2, 4142.05
97433.3, 4143.08
97433.5, 4142.56
97433.6, 4141.54
97433.6, 4142.56
97464.3, 4143.59
97464.3, 4141.03
97464.4, 4137.44
97464.4, 4140.51
97494.9, 4142.56
97495, 4143.59
97495, 4144.62
97495.1, 4140
97527, 4136.92
97527.1, 4139.49
97527.2, 4140
97527.2, 4138.46
97558.2, 4141.03
97558.3, 4141.03
97558.4, 4140.51
97558.4, 4143.08
97589.1, 4142.05
97589.1, 4141.03
97589.2, 4143.08
97589.2, 4143.08
97620.4, 4140
97620.5, 4136.92
97620.6, 4136.92
97620.6, 4140.51
97652.3, 4143.08
97652.4, 4141.54
97652.4, 4142.56
97652.5, 4143.08
97682.9, 4141.03
97683, 4143.08
97683, 4143.59
97683.1, 4139.49
97714, 4139.49
97714.1, 4144.1
97714.1, 4145.64
97714.1, 4143.59
97746.1, 4143.08
97746.2, 4143.08
97746.2, 4142.56
97746.2, 4144.1
97777.4, 4143.08
97777.5, 4139.49
97777.6, 4140.51
97777.6, 4145.64
97808.1, 4146.15
97808.4, 4143.08
97808.5, 4143.59
97808.5, 4144.1
97839, 4141.54
97839.1, 4141.54
97839.1, 4142.56
97839.2, 4144.1
97871, 4143.08
97871.1, 4141.03
97871.1, 4142.05
97871.1, 4143.08
97902.1, 4144.1
97902.1, 4144.1
97902.2, 4142.56
97902.2, 4141.54
97932.9, 4143.59
97933, 4143.59
97933.1, 4141.54
97933.1, 4143.08
97965, 4144.62
97965.1, 4144.62
97965.1, 4142.56
97965.1, 4143.08
97996.5, 4144.1
97996.6, 4144.62
97996.7, 4145.13
97996.7, 4144.62
98027.4, 4142.56
98027.5, 4141.54
98027.5, 4144.62
98027.5, 4146.15
98058, 4144.1
98058.1, 4144.62
98058.2, 4146.15
98058.3, 4144.62
98090.1, 4144.62
98090.2, 4145.64
98090.2, 4146.15
98090.3, 4144.62
98121.1, 4142.56
98121.2, 4142.05
98121.2, 4141.54
98121.2, 4139.49
98152.3, 4141.54
98152.3, 4142.05
98152.4, 4138.97
98152.4, 4140.51
98183.2, 4144.62
98183.3, 4141.54
98183.4, 4137.44
98183.4, 4141.03
98215.2, 4143.08
98215.3, 4140
98215.3, 4138.97
98215.3, 4140.51
98246.1, 4141.54
98246.2, 4142.05
98246.2, 4144.62
98246.3, 4143.59
98277.3, 4142.05
98277.4, 4146.15
98277.4, 4145.64
98277.4, 4142.05
98309.1, 4145.13
98309.2, 4147.18
98309.2, 4142.56
98309.3, 4140
98340, 4145.13
98340.1, 4145.13
98340.1, 4141.03
98340.2, 4142.56
98371.2, 4145.13
98371.3, 4143.59
98371.3, 4140
98371.3, 4138.97
98402.4, 4143.59
98402.5, 4146.15
98402.6, 4142.05
98402.6, 4138.97
98434.2, 4140.51
98434.3, 4140
98434.3, 4142.05
98434.4, 4142.56
98465.2, 4141.03
98465.3, 4140.51
98465.4, 4140
98465.4, 4142.56
98496.2, 4143.08
98496.2, 4140.51
98496.3, 4139.49
98496.3, 4141.03
98528.1, 4143.08
98528.2, 4142.56
98528.3, 4140.51
98528.3, 4139.49
98559.5, 4140.51
98559.6, 4137.95
98559.6, 4135.38
98559.6, 4140.51
98590.1, 4144.62
98590.1, 4142.56
98590.2, 4139.49
98590.2, 4140.51
98621.3, 4145.13
98621.4, 4145.13
98621.4, 4140
98621.5, 4138.97
98653.1, 4144.1
98653.2, 4143.59
98653.2, 4140.51
98653.3, 4142.05
98684.1, 4142.05
98684.2, 4139.49
98684.2, 4140
98684.3, 4140.51
98715.4, 4140
98715.5, 4143.59
98715.6, 4143.59
98715.6, 4138.97
98746, 4140
98746, 4141.03
98746.1, 4136.92
98746.1, 4137.95
98778.3, 4142.05
98778.3, 4139.49
98778.4, 4135.38
98778.4, 4140.51
98809.2, 4146.15
98809.3, 4143.08
98809.4, 4138.46
98809.4, 4137.95
98840.1, 4141.03
98840.2, 4144.62
98840.3, 4143.59
98840.3, 4143.08
98872.1, 4144.62
98872.2, 4144.1
98872.3, 4141.54
98872.3, 4141.54
98903, 4143.59
98903, 4143.59
98903.1, 4141.54
98903.1, 4142.56
98934.1, 4143.59
98934.2, 4142.05
98934.2, 4140
98934.2, 4140
98965.2, 4139.49
98965.2, 4139.49
98965.3, 4140.51
98965.3, 4143.59
98997.3, 4143.08
98997.3, 4139.49
98997.4, 4139.49
98997.4, 4144.1
99028.2, 4144.1
99028.3, 4141.03
99028.4, 4141.54
99028.4, 4141.54
99059, 4138.97
99059.1, 4141.54
99059.1, 4144.62
99059.1, 4143.59
99091.4, 4142.56
99091.4, 4141.54
99091.5, 4141.03
99091.5, 4141.03
99122, 4141.03
99122, 4141.54
99122.1, 4140.51
99122.1, 4141.54
99152.9, 4144.1
99153, 4141.03
99153, 4139.49
99153.1, 4143.59
99183.9, 4142.56
99184, 4138.97
99184, 4142.56
99184.1, 4145.13
99216.3, 4141.54
99216.4, 4140.51
99216.4, 4140
99216.4, 4139.49
99247.4, 4141.54
99247.5, 4141.54
99247.6, 4140.51
99247.6, 4141.54
99278.1, 4141.54
99278.2, 4141.03
99278.2, 4140.51
99278.2, 4142.05
99309.1, 4144.62
99309.2, 4144.1
99309.3, 4138.97
99309.3, 4136.41
99341.1, 4140.51
99341.1, 4144.1
99341.2, 4142.56
99341.2, 4140
99372, 4138.46
99372.1, 4137.95
99372.1, 4138.97
99372.2, 4140
99403.1, 4142.05
99403.2, 4143.08
99403.2, 4141.54
99403.3, 4142.56
99435, 4142.56
99435.1, 4140
99435.1, 4138.97
99435.1, 4139.49
99466.1, 4140.51
99466.2, 4142.05
99466.3, 4143.08
99466.3, 4141.54
99497.3, 4140
99497.4, 4141.54
99497.4, 4141.54
99497.4, 4141.03
99528, 4143.59
99528.1, 4144.62
99528.2, 4141.54
99528.2, 4138.97
99560.1, 4138.97
99560.2, 4140.51
99560.2, 4141.03
99560.3, 4140.51
99591.1, 4140.51
99591.2, 4140
99591.3, 4141.03
99591.3, 4143.59
99622.4, 4141.54
99622.4, 4138.46
99622.5, 4139.49
99622.5, 4141.54
99654.4, 4141.03
99654.6, 4142.56
99654.6, 4141.54
99654.7, 4138.97
99685.1, 4143.08
99685.2, 4145.64
99685.3, 4141.03
99685.3, 4139.49
99715.9, 4142.56
99716, 4142.56
99716.1, 4139.49
99716.1, 4138.97
99747.1, 4141.54
99747.2, 4141.54
99747.2, 4138.97
99747.2, 4140
99779.1, 4142.05
99779.2, 4141.03
99779.2, 4140
99779.2, 4142.05
99810.2, 4142.56
99810.3, 4142.56
99810.3, 4144.1
99810.4, 4143.08
99841, 4141.54
99841.1, 4142.05
99841.1, 4142.05
99841.2, 4141.03
99872.5, 4138.46
99872.6, 4140.51
99872.7, 4144.62
99872.7, 4140.51
99904.1, 4137.44
99904.1, 4142.56
99904.2, 4142.56
99904.2, 4140
99935, 4142.56
99935.1, 4144.1
99935.1, 4141.54
99935.2, 4142.56
99966.2, 4144.62
99966.3, 4141.54
99966.3, 4142.56
99966.3, 4144.62
99998.1, 4143.08
99998.2, 4142.56
99998.2, 4143.59
99998.3, 4141.03
100029, 4141.54
100029, 4144.1
100029, 4141.54
100029, 4138.97
100060, 4142.05
100060, 4145.64
100060, 4144.1
100060, 4141.03
100091, 4141.54
100091, 4140.51
100091, 4141.03
100091, 4141.03
100123, 4141.03
100123, 4141.03
100123, 4140.51
100123, 4140.51
100154, 4141.54
100154, 4142.56
100154, 4143.08
100154, 4143.59
100185, 4141.54
100185, 4140
100185, 4143.59
100185, 4145.13
100217, 4143.08
100217, 4144.1
100218, 4143.08
100218, 4141.54
100248, 4143.59
100248, 4144.1
100248, 4139.49
100248, 4140
100279, 4143.59
100280, 4143.59
100280, 4141.54
100280, 4140.51
100310, 4140.51
100311, 4142.05
100311, 4143.59
100311, 4142.05
100342, 4142.05
100342, 4144.1
100342, 4141.54
100342, 4140.51
100373, 4142.56
100373, 4142.05
100373, 4140.51
100373, 4139.49
100404, 4140
100404, 4141.03
100404, 4140.51
100404, 4140
100435, 4141.03
100435, 4141.54
100435, 4142.56
100435, 4142.05
100467, 4140.51
100467, 4141.03
100467, 4141.54
100467, 4140
100498, 4142.56
100499, 4145.64
100499, 4143.59
100499, 4143.59
100532, 4146.15
100533, 4144.1
100533, 4140
100533, 4140
100561, 4142.56
100561, 4141.03
100561, 4140
100561, 4143.59
100592, 4143.59
100592, 4142.05
100592, 4143.08
100592, 4142.56
100623, 4139.49
100623, 4135.38
100623, 4133.33
100623, 4138.46
100654, 4138.97
100654, 4133.33
100654, 4134.87
100654, 4135.9
100686, 4134.36
100687, 4137.95
100687, 4140
100687, 4137.95
100717, 4137.95
100717, 4137.44
100717, 4135.38
100717, 4138.97
100748, 4140
100748, 4138.97
100748, 4141.03
100748, 4140
100780, 4137.95
100780, 4141.54
100780, 4144.1
100780, 4142.56
100811, 4141.03
100811, 4140
100811, 4140.51
100811, 4141.54
100842, 4140
100842, 4138.97
100842, 4139.49
100842, 4141.54
100873, 4142.05
100873, 4140
100873, 4139.49
100873, 4145.13
100906, 4146.15
100906, 4139.49
100906, 4139.49
100906, 4144.1
100936, 4143.08
100936, 4143.08
100936, 4145.13
100936, 4142.05
100967, 4140
100967, 4141.54
100967, 4144.1
100967, 4145.64
100999, 4143.59
100999, 4142.05
100999, 4142.05
100999, 4142.56
101030, 4142.05
101030, 4139.49
101030, 4140
101030, 4142.05
101061, 4143.08
101061, 4142.56
101061, 4143.08
101061, 4143.59
101092, 4141.54
101092, 4143.59
101092, 4145.64
101092, 4141.54
101124, 4138.97
101124, 4141.54
101124, 4143.08
101125, 4142.05
101155, 4142.05
101155, 4143.08
101155, 4142.56
101155, 4141.54
101186, 4142.56
101186, 4144.62
101186, 4143.59
101186, 4141.03
101217, 4142.56
101217, 4142.56
101217, 4141.54
101218, 4143.59
101249, 4144.62
101249, 4142.56
101249, 4142.05
101249, 4142.05
101280, 4142.56
101280, 4144.62
101280, 4142.56
101280, 4140.51
101312, 4143.59
101312, 4145.13
101312, 4141.54
101312, 4141.03
101344, 4144.62
101344, 4143.08
101344, 4142.05
101344, 4145.64
101374, 4145.13
101374, 4143.08
101374, 4144.62
101374, 4144.1
101405, 4143.59
101405, 4143.59
101405, 4144.1
101405, 4144.62
101436, 4143.59
101436, 4140
101436, 4138.46
101436, 4140.51
101468, 4143.59
101468, 4144.62
101468, 4143.59
101468, 4140.51
101499, 4139.49
101499, 4141.03
101499, 4141.54
101500, 4139.49
101530, 4137.44
101531, 4138.46
101531, 4140
101531, 4137.95
101561, 4140.51
101562, 4142.05
101562, 4138.97
101562, 4140.51
101593, 4143.08
101593, 4142.05
101593, 4141.03
101593, 4141.54
101624, 4143.08
101624, 4143.59
101624, 4142.56
101624, 4143.59
101655, 4145.13
101655, 4140.51
101655, 4139.49
101656, 4142.56
101687, 4140
101687, 4137.44
101687, 4141.54
101687, 4143.08
101718, 4141.03
101718, 4142.56
101718, 4142.05
101718, 4139.49
101749, 4139.49
101749, 4142.05
101749, 4144.62
101749, 4145.13
101780, 4144.1
101780, 4143.08
101780, 4140.51
101780, 4138.46
101812, 4136.41
101812, 4134.87
101812, 4135.9
101812, 4136.92
101843, 4135.38
101843, 4132.82
101843, 4132.31
101843, 4133.85
101874, 4133.85
101874, 4132.31
101874, 4132.82
101874, 4133.33
101906, 4133.85
101906, 4137.44
101906, 4141.54
101906, 4141.54
101937, 4140
101938, 4140
101938, 4139.49
101938, 4140
101968, 4143.08
101968, 4143.59
101968, 4141.54
101968, 4140.51
101999, 4142.05
101999, 4143.08
101999, 4143.59
101999, 4145.13
102031, 4144.1
102031, 4145.13
102031, 4146.67
102031, 4144.1
102062, 4144.1
102062, 4146.15
102062, 4144.62
102062, 4140.51
102093, 4139.49
102093, 4140.51
102093, 4142.56
102093, 4143.59
102124, 4142.56
102124, 4143.08
102124, 4145.13
102124, 4143.59
102156, 4141.03
102156, 4140.51
102156, 4141.54
102156, 4142.05
102187, 4143.59
102187, 4144.62
102187, 4142.56
102187, 4140.51
102218, 4142.05
102218, 4143.59
102218, 4142.05
102218, 4141.54
102250, 4142.56
102250, 4144.1
102250, 4145.64
102250, 4143.08
102281, 4142.05
102281, 4144.62
102281, 4143.08
102281, 4141.54
102312, 4142.56
102312, 4142.05
102312, 4141.03
102312, 4142.56
102343, 4141.03
102343, 4140
102343, 4143.08
102344, 4143.08
102375, 4142.05
102375, 4143.59
102376, 4142.05
102376, 4140
102406, 4143.08
102406, 4145.64
102406, 4142.05
102406, 4138.46
102437, 4141.03
102437, 4144.62
102437, 4142.56
102437, 4140
102469, 4142.05
102469, 4142.05
102469, 4140
102469, 4141.54
102500, 4141.03
102500, 4134.87
102500, 4135.38
102500, 4140.51
102532, 4136.92
102532, 4135.38
102532, 4140.51
102532, 4137.44
102562, 4132.31
102562, 4134.87
102562, 4136.41
102562, 4135.38
102594, 4137.95
102594, 4141.54
102594, 4142.56
102594, 4141.03
102625, 4140
102625, 4139.49
102625, 4140
102625, 4141.54
102656, 4142.05
102656, 4143.08
102656, 4143.59
102656, 4142.56
102688, 4144.1
102688, 4145.13
102688, 4143.08
102688, 4143.59
102719, 4143.59
102719, 4142.05
102719, 4140
102719, 4140
102750, 4142.05
102750, 4145.13
102750, 4144.62
102751, 4143.08
102781, 4145.64
102781, 4143.59
102781, 4139.49
102781, 4142.56
102813, 4145.13
102813, 4141.54
102813, 4139.49
102813, 4141.54
102844, 4142.05
102844, 4140.51
102844, 4143.59
102844, 4144.62
102875, 4142.05
102875, 4142.56
102875, 4142.05
102875, 4141.03
102906, 4142.56
102906, 4143.59
102906, 4141.54
102906, 4142.05
102938, 4142.56
102938, 4141.03
102938, 4142.05
102938, 4145.64
102969, 4145.13
102969, 4140
102970, 4140.51
102970, 4143.08
103000, 4141.03
103000, 4138.97
103000, 4140
103000, 4140
103032, 4141.54
103032, 4143.59
103032, 4142.56
103032, 4141.54
103063, 4140.51
103063, 4140.51
103063, 4143.59
103063, 4143.08
103094, 4141.54
103094, 4141.03
103094, 4138.97
103094, 4138.46
103125, 4143.59
103125, 4146.67
103125, 4145.13
103125, 4143.59
103157, 4142.56
103157, 4144.1
103157, 4145.64
103157, 4144.62
103189, 4143.59
103189, 4144.1
103189, 4145.64
103189, 4144.62
103219, 4142.05
103219, 4140.51
103219, 4140
103219, 4136.92
103251, 4135.38
103251, 4140.51
103251, 4145.13
103251, 4142.05
103282, 4138.97
103282, 4140
103282, 4138.97
103282, 4137.95
103313, 4137.44
103313, 4135.9
103313, 4137.44
103313, 4141.54
103344, 4143.08
103344, 4143.08
103344, 4144.1
103344, 4142.56
103376, 4140
103376, 4140
103376, 4137.95
103376, 4138.46
103407, 4142.05
103407, 4142.56
103407, 4142.05
103407, 4144.1
103438, 4143.59
103438, 4141.03
103438, 4140.51
103438, 4141.03
103469, 4140.51
103469, 4140.51
103469, 4140
103469, 4141.03
103501, 4142.56
103501, 4142.56
103501, 4142.05
103501, 4141.54
103532, 4140
103532, 4142.05
103532, 4142.56
103532, 4138.46
103563, 4136.92
103563, 4140
103563, 4142.05
103563, 4141.54
103595, 4140.51
103595, 4140
103596, 4141.54
103596, 4142.56
103626, 4142.05
103626, 4140.51
103626, 4138.97
103626, 4139.49
103657, 4141.03
103658, 4140
103658, 4135.38
103658, 4134.87
103688, 4138.46
103688, 4136.92
103688, 4135.38
103688, 4140
103720, 4142.56
103720, 4136.41
103720, 4135.38
103721, 4140
103751, 4140.51
103751, 4138.46
103751, 4135.9
103751, 4133.33
103782, 4136.41
103782, 4141.54
103782, 4140
103782, 4138.46
103814, 4137.95
103815, 4136.41
103815, 4138.46
103815, 4138.46
103846, 4136.41
103846, 4137.44
103846, 4141.03
103846, 4140
103876, 4138.97
103876, 4139.49
103876, 4134.36
103876, 4133.33
103907, 4137.95
103907, 4137.44
103907, 4136.92
103907, 4140
103939, 4138.97
103939, 4136.92
103939, 4142.05
103939, 4146.15
103970, 4143.59
103970, 4141.54
103970, 4143.59
103970, 4142.56
104001, 4139.49
104001, 4141.54
104001, 4144.62
104001, 4142.56
104033, 4140
104033, 4143.08
104034, 4145.13
104034, 4140.51
104064, 4139.49
104064, 4142.05
104064, 4142.56
104064, 4143.08
104095, 4142.05
104095, 4139.49
104095, 4139.49
104095, 4141.54
104126, 4143.59
104126, 4145.13
104126, 4145.13
104126, 4142.56
104158, 4144.62
104158, 4145.64
104158, 4142.56
104158, 4142.56
104189, 4143.08
104189, 4142.56
104189, 4144.1
104189, 4145.13
104220, 4143.59
104220, 4141.54
104220, 4142.56
104220, 4144.1
104251, 4143.59
104251, 4144.62
104251, 4146.15
104251, 4145.64
104283, 4144.1
104283, 4145.64
104283, 4146.67
104283, 4144.1
104314, 4143.08
104314, 4146.67
104314, 4146.67
104314, 4143.59
104345, 4144.62
104345, 4144.1
104345, 4140.51
104345, 4141.54
104377, 4140.51
104377, 4131.79
104377, 4131.28
104377, 4140
104408, 4142.56
104408, 4142.05
104408, 4144.1
104408, 4144.1
104439, 4143.59
104440, 4144.1
104440, 4142.05
104440, 4141.54
104470, 4141.54
104470, 4138.97
104470, 4137.95
104470, 4140
104502, 4140.51
104502, 4136.92
104502, 4137.95
104502, 4141.54
104533, 4142.05
104533, 4143.08
104533, 4143.08
104533, 4143.08
104564, 4145.13
104564, 4143.59
104564, 4138.97
104564, 4142.05
104596, 4145.64
104596, 4142.56
104596, 4143.08
104596, 4146.15
104627, 4143.08
104627, 4140
104627, 4142.05
104627, 4145.13
104658, 4145.13
104658, 4143.59
104658, 4144.1
104659, 4145.13
104689, 4142.56
104689, 4142.56
104689, 4143.59
104689, 4140.51
104721, 4140.51
104721, 4143.59
104721, 4144.1
104721, 4144.1
104752, 4143.08
104752, 4144.1
104753, 4145.64
104753, 4142.56
104783, 4140
104783, 4142.05
104783, 4142.56
104783, 4142.05
104815, 4143.08
104815, 4144.1
104815, 4146.15
104815, 4144.62
104847, 4142.56
104847, 4145.13
104847, 4146.15
104847, 4142.56
104877, 4142.56
104877, 4145.13
104877, 4143.08
104877, 4140.51
104908, 4142.05
104908, 4141.03
104908, 4138.46
104908, 4140
104940, 4142.56
104940, 4140
104940, 4140
104940, 4143.08
104971, 4140.51
104971, 4140
104971, 4140
104972, 4136.92
105002, 4138.97
105002, 4141.54
105002, 4139.49
105002, 4137.44
105033, 4138.97
105033, 4138.97
105033, 4139.49
105033, 4143.08
105065, 4142.56
105065, 4138.46
105065, 4136.41
105065, 4135.9
105096, 4136.92
105096, 4140
105096, 4142.05
105096, 4142.05
105127, 4140.51
105127, 4138.46
105127, 4140.51
105127, 4141.03
105159, 4140
105159, 4143.59
105159, 4142.56
105159, 4138.46
105190, 4140.51
105190, 4144.1
105190, 4142.56
105190, 4139.49
105221, 4139.49
105221, 4138.97
105221, 4140.51
105221, 4144.62
105252, 4142.56
105252, 4139.49
105252, 4140.51
105253, 4137.95
105284, 4135.9
105284, 4137.95
105284, 4140.51
105284, 4142.05
105315, 4142.56
105315, 4140.51
105315, 4141.03
105315, 4145.13
105346, 4144.1
105346, 4142.05
105346, 4141.54
105346, 4140
105378, 4140.51
105378, 4142.56
105378, 4142.56
105378, 4141.03
105409, 4140
105409, 4142.05
105409, 4141.54
105409, 4139.49
105440, 4141.54
105440, 4140.51
105440, 4137.44
105440, 4139.49
105472, 4138.97
105472, 4136.92
105472, 4138.97
105472, 4140
105503, 4137.95
105503, 4140
105503, 4141.54
105503, 4138.97
105534, 4139.49
105534, 4141.03
105534, 4139.49
105535, 4137.95
105565, 4140.51
105565, 4142.05
105565, 4141.03
105565, 4139.49
105596, 4140.51
105596, 4140
105596, 4136.92
105596, 4137.44
105628, 4137.95
105628, 4138.46
105628, 4143.59
105628, 4145.13
105659, 4141.03
105659, 4138.46
105659, 4140.51
105659, 4144.1
105690, 4144.62
105690, 4144.1
105690, 4145.13
105690, 4144.1
105722, 4140
105722, 4138.97
105722, 4142.05
105722, 4142.56
105753, 4140.51
105753, 4141.54
105753, 4143.08
105753, 4142.56
105784, 4143.08
105784, 4141.03
105784, 4138.97
105784, 4141.54
105816, 4143.59
105816, 4141.03
105816, 4141.54
105816, 4145.13
105847, 4144.1
105847, 4142.56
105847, 4143.59
105848, 4143.08
105878, 4143.59
105879, 4143.59
105879, 4142.56
105879, 4142.56
105909, 4143.08
105909, 4144.1
105909, 4144.62
105909, 4143.59
105941, 4141.54
105941, 4139.49
105941, 4140.51
105941, 4142.56
105972, 4143.08
105972, 4143.59
105972, 4146.67
105972, 4146.15
106003, 4143.59
106003, 4145.13
106003, 4147.18
106003, 4145.64
106034, 4144.1
106034, 4144.62
106034, 4144.1
106034, 4143.59
106066, 4144.1
106066, 4143.08
106066, 4144.1
106066, 4145.13
106097, 4144.62
106097, 4143.59
106097, 4143.08
106097, 4144.62
106128, 4144.62
106128, 4143.08
106128, 4143.59
106128, 4145.13
106160, 4144.62
106160, 4144.62
106160, 4144.1
106160, 4141.03
106191, 4142.05
106191, 4146.67
106191, 4145.13
106191, 4141.54
106222, 4143.08
106222, 4143.59
106223, 4143.59
106223, 4144.1
106253, 4143.08
106253, 4144.1
106253, 4145.13
106253, 4144.62
106285, 4144.1
106286, 4144.62
106286, 4145.64
106286, 4144.62
106316, 4143.59
106316, 4142.05
106316, 4142.05
106316, 4142.56
106347, 4140.51
106347, 4141.54
106347, 4144.62
106347, 4142.56
106379, 4139.49
106379, 4141.54
106379, 4143.08
106379, 4141.54
106410, 4143.08
106410, 4144.1
106410, 4144.1
106410, 4141.54
106441, 4140.51
106441, 4141.54
106441, 4140
106441, 4140
106472, 4142.05
106472, 4140.51
106472, 4137.44
106472, 4138.46
106504, 4142.05
106505, 4142.05
106505, 4140
106505, 4137.95
106535, 4141.03
106535, 4144.1
106535, 4143.59
106535, 4142.56
106566, 4142.56
106566, 4145.13
106566, 4144.62
106567, 4139.49
106597, 4138.97
106597, 4143.08
106598, 4143.59
106598, 4142.56
106629, 4143.59
106629, 4143.59
106629, 4141.54
106629, 4140.51
106660, 4143.08
106661, 4145.64
106661, 4145.64
106661, 4143.59
106691, 4143.59
106691, 4145.13
106691, 4141.54
106691, 4141.03
106723, 4145.13
106723, 4143.59
106723, 4140.51
106723, 4140
106754, 4140.51
106754, 4143.08
106754, 4143.59
106754, 4140.51
106785, 4140
106785, 4142.56
106785, 4141.03
106785, 4139.49
106817, 4142.05
106817, 4144.1
106817, 4141.54
106817, 4139.49
106848, 4140.51
106848, 4141.03
106848, 4143.08
106849, 4144.62
106879, 4144.62
106879, 4142.56
106879, 4140.51
106879, 4141.03
106910, 4140.51
106911, 4141.03
106911, 4143.59
106911, 4144.1
106942, 4141.54
106943, 4143.08
106943, 4145.13
106943, 4141.54
106979, 4140
106979, 4141.54
106979, 4140.51
106980, 4141.03
107004, 4143.08
107005, 4141.54
107005, 4140.51
107005, 4142.56
107036, 4144.1
107036, 4145.64
107037, 4145.13
107037, 4142.05
107073, 4138.46
107073, 4138.97
107074, 4143.08
107074, 4142.05
107098, 4138.97
107099, 4140.51
107099, 4143.08
107099, 4141.54
107130, 4140
107130, 4143.08
107130, 4144.62
107130, 4141.54
107161, 4138.97
107162, 4140.51
107162, 4144.62
107162, 4144.62
107192, 4143.08
107193, 4144.62
107193, 4145.13
107193, 4143.08
107223, 4141.54
107223, 4141.54
107224, 4141.54
107224, 4138.46
107254, 4139.49
107255, 4142.05
107255, 4138.46
107255, 4138.46
107286, 4142.05
107287, 4141.03
107287, 4140
107287, 4142.56
107317, 4143.59
107317, 4143.08
107318, 4143.08
107318, 4144.1
107352, 4143.08
107352, 4139.49
107352, 4138.97
107353, 4138.46
107381, 4136.41
107381, 4139.49
107381, 4143.59
107381, 4143.08
107411, 4141.54
107412, 4140.51
107412, 4136.41
107412, 4136.41
107443, 4141.03
107444, 4140
107444, 4138.97
107444, 4142.05
107474, 4142.56
107474, 4140
107475, 4141.54
107475, 4145.13
107505, 4143.08
107505, 4140.51
107506, 4140.51
107506, 4140.51
107536, 4141.54
107536, 4138.97
107536, 4136.41
107536, 4138.97
107568, 4141.54
107568, 4142.05
107568, 4142.56
107568, 4143.59
107599, 4144.1
107599, 4143.08
107599, 4138.46
107599, 4139.49
107630, 4143.59
107630, 4143.08
107630, 4141.03
107630, 4141.54
107661, 4143.08
107661, 4143.08
107661, 4143.59
107661, 4142.56
107693, 4143.08
107693, 4144.1
107693, 4142.56
107693, 4139.49
107724, 4141.03
107724, 4143.59
107724, 4141.03
107724, 4136.92
107755, 4138.46
107755, 4141.03
107755, 4141.03
107755, 4138.97
107787, 4135.9
107787, 4135.38
107787, 4139.49
107787, 4141.54
107818, 4141.03
107818, 4141.03
107818, 4140
107818, 4138.46
107849, 4141.54
107849, 4144.1
107849, 4141.03
107850, 4139.49
107880, 4141.54
107880, 4141.03
107880, 4138.46
107880, 4138.97
107912, 4140
107912, 4141.03
107912, 4139.49
107912, 4136.92
107943, 4140
107943, 4143.59
107943, 4142.05
107943, 4138.97
107974, 4141.54
107974, 4143.08
107974, 4140.51
107974, 4139.49
108006, 4140
108006, 4138.46
108006, 4137.44
108006, 4134.36
108037, 4134.87
108037, 4140.51
108037, 4142.56
108037, 4140.51
108068, 4139.49
108068, 4142.05
108068, 4143.59
108068, 4141.03
108099, 4139.49
108099, 4140
108099, 4136.92
108099, 4137.44
108131, 4142.05
108131, 4141.03
108131, 4137.44
108131, 4141.03
108162, 4145.13
108162, 4144.1
108162, 4144.1
108162, 4143.59
108193, 4141.03
108194, 4138.97
108194, 4140.51
108194, 4142.05
108226, 4142.05
108226, 4144.1
108226, 4145.13
108226, 4143.08
108256, 4144.62
108256, 4145.13
108256, 4139.49
108256, 4137.44
108287, 4140.51
108287, 4143.59
108287, 4144.1
108287, 4143.59
108319, 4143.59
108319, 4144.62
108319, 4145.13
108320, 4143.59
108354, 4143.59
108354, 4144.62
108354, 4142.05
108354, 4138.46
108381, 4138.46
108381, 4139.49
108381, 4140.51
108381, 4142.05
108413, 4142.05
108413, 4144.1
108413, 4143.59
108413, 4140
108444, 4140
108444, 4142.56
108444, 4142.56
108445, 4140.51
108475, 4141.03
108475, 4142.56
108476, 4143.08
108476, 4141.54
108506, 4138.97
108506, 4140
108506, 4143.08
108506, 4143.59
108537, 4140.51
108537, 4137.95
108537, 4139.49
108537, 4144.62
108573, 4144.1
108573, 4140.51
108573, 4141.03
108573, 4142.56
108600, 4140
108600, 4137.95
108600, 4138.46
108600, 4139.49
108632, 4136.92
108632, 4135.38
108632, 4140
108632, 4146.15
108662, 4145.13
108662, 4142.56
108662, 4145.13
108662, 4144.62
108700, 4143.08
108700, 4143.08
108700, 4140.51
108700, 4137.95
108725, 4137.95
108725, 4138.97
108725, 4142.56
108725, 4144.1
108757, 4142.05
108757, 4141.54
108757, 4144.1
108757, 4145.64
108788, 4143.08
108788, 4140.51
108788, 4142.05
108788, 4143.59
108819, 4141.03
108819, 4140.51
108819, 4143.59
108819, 4145.64
108850, 4142.05
108850, 4139.49
108850, 4143.59
108850, 4145.13
108882, 4141.54
108882, 4139.49
108882, 4140.51
108882, 4139.49
108913, 4140.51
108913, 4142.56
108913, 4140.51
108913, 4141.03
108944, 4143.08
108944, 4142.56
108944, 4143.59
108945, 4145.13
108975, 4145.13
108975, 4144.1
108975, 4143.59
108975, 4142.56
109007, 4141.54
109007, 4140.51
109007, 4139.49
109007, 4138.97
109038, 4141.03
109038, 4139.49
109038, 4133.85
109039, 4133.33
109069, 4138.97
109069, 4141.03
109069, 4138.97
109069, 4139.49
109101, 4142.05
109101, 4136.92
109101, 4131.79
109101, 4135.38
109132, 4138.46
109132, 4133.85
109132, 4132.82
109132, 4138.46
109163, 4142.56
109163, 4141.54
109163, 4140.51
109164, 4138.97
109194, 4137.95
109194, 4136.92
109194, 4133.85
109195, 4132.82
109226, 4133.85
109226, 4133.85
109227, 4136.92
109227, 4142.05
109257, 4142.56
109257, 4142.05
109258, 4141.54
109258, 4138.97
109288, 4138.97
109288, 4141.03
109288, 4137.95
109288, 4139.49
109324, 4144.1
109324, 4142.05
109324, 4141.54
109324, 4141.54
109351, 4138.97
109351, 4143.08
109351, 4144.62
109351, 4138.97
109382, 4137.95
109382, 4140.51
109382, 4141.03
109382, 4141.03
109413, 4142.05
109414, 4142.56
109414, 4142.56
109414, 4140.51
109445, 4140.51
109445, 4144.1
109445, 4143.59
109445, 4137.95
109476, 4138.46
109476, 4142.56
109476, 4141.54
109476, 4137.95
109507, 4140
109507, 4144.1
109507, 4143.59
109507, 4140.51
109538, 4141.03
109538, 4142.05
109538, 4138.97
109538, 4138.46
109570, 4142.05
109570, 4142.56
109570, 4141.03
109570, 4142.05
109602, 4143.59
109602, 4143.59
109602, 4143.59
109602, 4144.1
109632, 4144.1
109632, 4144.62
109632, 4145.64
109632, 4146.15
109670, 4144.62
109670, 4143.59
109670, 4146.15
109670, 4147.18
109697, 4144.1
109697, 4142.56
109697, 4143.59
109697, 4145.64
109727, 4145.13
109727, 4144.1
109727, 4145.13
109727, 4145.13
109758, 4144.62
109758, 4144.62
109758, 4144.1
109758, 4143.59
109789, 4142.56
109789, 4141.54
109789, 4140
109789, 4141.54
109820, 4144.1
109820, 4143.59
109820, 4140
109820, 4139.49
109852, 4141.54
109852, 4140.51
109852, 4140
109852, 4143.59
109883, 4142.56
109883, 4137.44
109883, 4138.97
109883, 4140.51
109914, 4138.97
109914, 4138.97
109914, 4141.54
109914, 4143.59
109946, 4141.54
109946, 4141.03
109946, 4144.1
109946, 4144.1
109977, 4143.59
109977, 4144.1
109977, 4139.49
109977, 4138.46
110008, 4141.54
110008, 4141.54
110008, 4142.05
110008, 4142.56
110039, 4140.51
110039, 4140
110039, 4143.08
110039, 4143.08
110071, 4141.54
110071, 4143.59
110071, 4144.1
110071, 4139.49
110102, 4137.44
110102, 4140
110102, 4141.54
110102, 4139.49
110134, 4141.54
110134, 4145.13
110134, 4142.05
110134, 4137.44
110164, 4139.49
110164, 4144.62
110164, 4143.59
110164, 4140
110196, 4142.56
110196, 4143.59
110196, 4140.51
110196, 4140.51
110228, 4142.05
110228, 4142.05
110228, 4141.03
110228, 4139.49
110258, 4139.49
110258, 4142.05
110258, 4142.05
110258, 4140
110290, 4140
110290, 4140
110290, 4137.44
110290, 4137.44
110321, 4141.03
110321, 4141.03
110321, 4138.97
110321, 4138.46
110352, 4140
110352, 4142.05
110352, 4140
110352, 4139.49
110383, 4143.59
110383, 4142.05
110383, 4135.38
110383, 4135.38
110415, 4140.51
110415, 4141.03
110415, 4139.49
110416, 4141.03
110446, 4141.03
110446, 4141.54
110446, 4142.56
110446, 4140
110477, 4137.44
110477, 4140
110477, 4143.08
110477, 4141.03
110509, 4139.49
110509, 4142.05
110509, 4140
110509, 4137.44
110540, 4142.05
110540, 4143.08
110540, 4136.92
110540, 4137.44
110571, 4142.56
110571, 4143.59
110571, 4141.54
110571, 4143.08
110602, 4143.59
110602, 4142.56
110602, 4143.08
110602, 4142.05
110634, 4140
110634, 4141.54
110634, 4141.03
110634, 4137.95
110665, 4139.49
110665, 4145.13
110665, 4145.13
110665, 4141.54
110696, 4141.03
110696, 4141.54
110696, 4140
110696, 4139.49
110728, 4141.03
110729, 4142.56
110729, 4142.56
110729, 4141.54
110759, 4138.97
110759, 4136.92
110759, 4138.46
110759, 4141.03
110790, 4140.51
110790, 4141.03
110790, 4143.08
110790, 4143.08
110821, 4141.54
110821, 4137.95
110821, 4135.9
110821, 4135.9
110859, 4137.95
110859, 4140.51
110859, 4141.54
110859, 4142.56
110884, 4142.05
110885, 4140
110885, 4138.46
110885, 4140.51
110915, 4141.54
110915, 4137.95
110915, 4137.44
110915, 4141.03
110946, 4141.54
110946, 4138.97
110947, 4137.44
110947, 4137.44
110978, 4138.46
110978, 4140
110978, 4143.08
110978, 4142.05
111009, 4140
111009, 4138.46
111009, 4135.9
111009, 4136.41
111040, 4138.46
111040, 4137.44
111040, 4136.92
111040, 4138.46
111072, 4138.97
111072, 4136.41
111073, 4135.9
111073, 4138.46
111104, 4140
111104, 4138.46
111104, 4137.95
111104, 4138.97
111134, 4141.54
111134, 4142.05
111134, 4138.46
111134, 4138.46
111165, 4141.03
111165, 4142.56
111165, 4141.03
111166, 4139.49
111198, 4140
111198, 4140.51
111198, 4140
111198, 4141.54
111235, 4144.1
111235, 4141.03
111235, 4137.44
111236, 4141.03
111259, 4143.59
111259, 4139.49
111260, 4139.49
111260, 4140.51
111291, 4141.03
111291, 4143.59
111291, 4143.59
111291, 4141.03
111322, 4142.56
111322, 4143.08
111322, 4141.03
111323, 4142.05
111353, 4143.59
111353, 4143.59
111353, 4143.08
111353, 4142.56
111384, 4142.05
111384, 4142.05
111384, 4145.13
111384, 4145.64
111416, 4144.1
111416, 4144.1
111416, 4143.59
111417, 4142.05
111447, 4142.05
111447, 4142.05
111447, 4141.03
111448, 4142.05
111478, 4143.59
111478, 4141.03
111478, 4142.05
111478, 4144.62
111510, 4140.51
111510, 4138.97
111510, 4142.56
111510, 4144.1
111542, 4143.59
111542, 4144.1
111542, 4145.64
111542, 4146.67
111578, 4145.13
111578, 4143.59
111578, 4143.08
111578, 4143.59
111603, 4142.05
111603, 4142.56
111603, 4143.08
111603, 4142.05
111635, 4142.56
111635, 4144.1
111635, 4144.1
111635, 4141.54
111666, 4140.51
111666, 4141.03
111666, 4137.44
111666, 4134.36
111697, 4137.44
111697, 4141.03
111697, 4141.03
111697, 4143.08
111729, 4145.13
111730, 4145.13
111730, 4144.1
111730, 4141.54
111760, 4137.44
111760, 4137.44
111760, 4138.97
111760, 4136.92
111792, 4137.95
111792, 4142.05
111792, 4140.51
111792, 4140.51
111822, 4142.56
111822, 4140.51
111822, 4138.46
111822, 4140.51
111854, 4140
111854, 4138.97
111854, 4142.05
111854, 4141.54
111885, 4137.44
111885, 4140
111885, 4141.54
111885, 4136.41
111916, 4137.95
111916, 4141.54
111916, 4140.51
111916, 4139.49
111948, 4139.49
111949, 4140
111949, 4141.03
111949, 4139.49
111979, 4137.95
111979, 4139.49
111980, 4139.49
111980, 4135.9
112010, 4136.41
112010, 4142.56
112010, 4142.05
112010, 4137.44
112041, 4139.49
112041, 4143.59
112041, 4142.05
112041, 4141.03
112073, 4140.51
112073, 4138.97
112073, 4138.46
112073, 4140
112104, 4142.05
112104, 4142.56
112104, 4143.08
112104, 4142.56
112135, 4140.51
112135, 4137.95
112135, 4137.95
112135, 4140.51
112167, 4140
112167, 4141.03
112167, 4143.08
112167, 4142.05
112198, 4143.08
112198, 4145.13
112199, 4142.56
112199, 4141.54
112229, 4143.08
112229, 4140.51
112229, 4137.44
112229, 4142.05
112260, 4147.18
112260, 4146.67
112260, 4146.15
112260, 4145.13
112292, 4143.08
112292, 4144.1
112292, 4145.64
112292, 4144.62
112323, 4143.59
112323, 4143.59
112323, 4145.64
112323, 4145.64
112356, 4142.05
112356, 4139.49
112356, 4143.59
112356, 4144.1
112386, 4138.97
112386, 4139.49
112386, 4140.51
112386, 4138.46
112417, 4136.41
112417, 4136.92
112417, 4137.95
112417, 4136.92
112448, 4134.87
112448, 4135.9
112449, 4138.97
112449, 4140.51
112479, 4139.49
112479, 4135.9
112479, 4134.87
112479, 4137.95
112511, 4137.95
112511, 4133.33
112511, 4133.85
112511, 4142.05
112542, 4144.62
112542, 4141.03
112542, 4144.1
112542, 4145.13
112573, 4143.08
112573, 4144.62
112573, 4146.15
112573, 4143.59
112605, 4142.56
112605, 4142.05
112605, 4136.92
112605, 4135.9
112636, 4143.08
112636, 4144.1
112636, 4141.03
112636, 4142.56
112667, 4144.62
112667, 4141.54
112667, 4142.05
112667, 4143.59
112705, 4140.51
112705, 4137.95
112705, 4141.03
112705, 4143.59
112730, 4141.54
112730, 4141.03
112730, 4142.05
112730, 4142.05
112761, 4141.54
112762, 4140.51
112762, 4142.05
112762, 4143.08
112792, 4143.59
112792, 4143.59
112792, 4142.56
112792, 4140
112824, 4140
112824, 4140
112824, 4138.97
112824, 4141.03
112855, 4143.08
112855, 4141.54
112855, 4142.56
112855, 4145.64
112886, 4143.08
112886, 4141.03
112886, 4143.59
112886, 4144.62
112919, 4144.1
112919, 4143.08
112919, 4143.08
112919, 4143.08
112949, 4143.59
112949, 4144.62
112949, 4143.59
112949, 4143.59
112980, 4144.62
112980, 4146.67
112980, 4149.23
112981, 4152.31
113011, 4150.26
113011, 4147.69
113011, 4148.72
113011, 4146.67
113043, 4145.13
113043, 4146.67
113043, 4146.15
113043, 4147.18
113074, 4149.74
113074, 4147.69
113074, 4145.13
113074, 4144.1
113105, 4143.59
113105, 4142.56
113105, 4133.85
113105, 4146.67
113137, 4170.77
113137, 4168.21
113137, 4175.9
113137, 4188.21
113168, 4179.49
113168, 4177.44
113168, 4178.97
113169, 4174.87
113199, 4169.23
113199, 4167.69
113199, 4167.69
113199, 4164.1
113230, 4163.59
113230, 4164.62
113230, 4165.13
113230, 4164.1
113262, 4165.64
113262, 4169.23
113262, 4169.23
113262, 4164.1
113293, 4160.51
113293, 4162.05
113293, 4161.03
113293, 4154.36
113324, 4152.82
113324, 4156.92
113324, 4151.28
113324, 4144.1
113356, 4147.18
113356, 4147.18
113356, 4141.54
113356, 4144.1
113388, 4146.15
113389, 4138.46
113389, 4136.92
113389, 4140
113418, 4138.46
113418, 4138.46
113418, 4138.97
113418, 4135.9
113449, 4135.9
113449, 4137.44
113449, 4132.82
113449, 4130.26
113489, 4129.74
113489, 4127.69
113489, 4129.74
113489, 4128.72
113513, 4124.62
113513, 4131.28
113513, 4129.23
113513, 4117.44
113544, 4125.64
113544, 4127.18
113544, 4122.56
113544, 4127.18
113575, 4123.08
113575, 4123.59
113575, 4127.69
113576, 4128.21
113606, 4129.23
113606, 4128.72
113606, 4128.72
113606, 4129.23
113637, 4129.74
113637, 4130.26
113637, 4131.28
113637, 4131.79
113675, 4133.85
113675, 4138.46
113675, 4135.38
113675, 4131.79
113700, 4137.44
113700, 4137.95
113700, 4133.33
113700, 4133.85
113732, 4135.9
113732, 4135.38
113732, 4135.9
113732, 4140.51
113762, 4139.49
113762, 4135.38
113762, 4136.41
113762, 4139.49
113794, 4140
113795, 4138.46
113795, 4136.92
113795, 4137.44
113825, 4137.95
113825, 4136.41
113825, 4135.9
113825, 4136.41
113856, 4135.9
113856, 4135.38
113856, 4134.87
113856, 4133.33
113888, 4135.9
113888, 4143.08
113888, 4144.1
113888, 4141.03
113919, 4142.05
113919, 4143.59
113919, 4140.51
113919, 4139.49
113950, 4144.1
113950, 4142.56
113950, 4137.95
113950, 4139.49
113982, 4143.08
113982, 4142.56
113982, 4139.49
113982, 4138.97
114013, 4141.54
114013, 4141.54
114013, 4137.95
114013, 4140.51
114045, 4143.08
114045, 4139.49
114045, 4136.92
114045, 4137.95
114075, 4140
114075, 4138.97
114075, 4134.36
114075, 4134.36
114107, 4139.49
114107, 4138.46
114107, 4130.77
114107, 4134.87
114138, 4144.1
114138, 4140
114138, 4136.92
114138, 4138.46
114169, 4136.92
114169, 4133.85
114169, 4134.87
114169, 4137.95
114200, 4138.97
114200, 4136.41
114201, 4139.49
114201, 4142.05
114232, 4137.44
114232, 4136.41
114232, 4137.95
114233, 4135.38
114263, 4135.38
114263, 4140
114263, 4141.54
114263, 4138.46
114294, 4138.46
114294, 4139.49
114294, 4141.54
114294, 4140.51
114326, 4138.97
114326, 4141.03
114326, 4138.97
114326, 4135.9
114357, 4138.97
114357, 4138.97
114357, 4134.87
114357, 4137.95
114388, 4143.08
114388, 4141.54
114388, 4140
114388, 4140
114419, 4141.03
114419, 4142.05
114419, 4140.51
114419, 4140
114451, 4141.03
114451, 4138.97
114452, 4141.54
114452, 4141.03
114482, 4136.41
114482, 4148.21
114482, 4139.49
114482, 4114.87
114513, 4128.21
114513, 4141.03
114513, 4137.95
114513, 4142.56
114546, 4140.51
114546, 4141.54
114546, 4147.69
114546, 4136.92
114576, 4133.85
114576, 4152.82
114576, 4149.74
114576, 4141.54
114607, 4147.69
114607, 4147.69
114607, 4145.13
114607, 4142.56
114638, 4143.08
114638, 4143.08
114638, 4139.49
114638, 4140.51
114670, 4141.54
114670, 4141.54
114670, 4138.46
114670, 4137.44
114701, 4140
114701, 4139.49
114701, 4138.97
114701, 4138.46
114732, 4136.92
114732, 4137.44
114732, 4137.95
114732, 4134.36
114763, 4132.31
114763, 4134.87
114763, 4136.92
114763, 4139.49
114795, 4139.49
114795, 4134.87
114795, 4133.85
114795, 4131.79
114826, 4135.38
114826, 4135.38
114826, 4116.92
114827, 4123.08
114857, 4138.97
114857, 4134.36
114857, 4136.41
114857, 4140.51
114889, 4140
114889, 4142.56
114889, 4141.03
114889, 4140.51
114920, 4142.05
114920, 4143.59
114920, 4143.59
114920, 4142.05
114951, 4142.05
114951, 4143.08
114951, 4143.08
114951, 4140
114982, 4138.97
114982, 4139.49
114982, 4136.92
114982, 4137.44
115014, 4139.49
115014, 4140
115014, 4138.97
115014, 4138.97
115045, 4136.92
115046, 4137.95
115046, 4148.72
115046, 4145.13
115076, 4140.51
115076, 4148.21
115076, 4141.03
115077, 4137.44
115108, 4143.59
115108, 4141.54
115108, 4141.03
115108, 4143.59
115139, 4144.62
115139, 4143.08
115139, 4142.56
115139, 4143.59
115170, 4143.08
115170, 4139.49
115170, 4138.97
115170, 4144.1
115201, 4146.67
115201, 4141.54
115201, 4138.46
115201, 4142.05
115233, 4146.15
115233, 4144.1
115234, 4141.54
115234, 4142.05
115264, 4142.05
115264, 4141.03
115264, 4142.56
115264, 4141.54
115295, 4136.92
115295, 4138.46
115295, 4143.59
115295, 4143.59
115326, 4141.03
115326, 4142.56
115326, 4141.03
115326, 4138.46
115358, 4140.51
115358, 4141.03
115358, 4140
115358, 4138.97
115389, 4137.95
115389, 4138.97
115389, 4140.51
115389, 4141.54
115420, 4140
115420, 4136.92
115420, 4136.41
115420, 4141.54
115452, 4142.56
115453, 4134.87
115453, 4133.33
115453, 4137.95
115483, 4137.95
115483, 4136.41
115483, 4137.44
115483, 4138.46
115514, 4141.54
115514, 4143.59
115514, 4140.51
115514, 4137.44
115545, 4139.49
115545, 4141.03
115545, 4142.56
115545, 4145.64
115577, 4145.13
115577, 4142.05
115577, 4143.59
115577, 4145.13
115608, 4144.1
115608, 4140
115608, 4138.46
115609, 4143.08
115639, 4142.56
115639, 4136.92
115639, 4137.44
115639, 4141.54
115671, 4143.59
115671, 4143.08
115671, 4143.08
115671, 4142.56
115702, 4140.51
115702, 4141.03
115702, 4143.59
115702, 4140.51
115733, 4135.9
115733, 4137.95
115733, 4140.51
115733, 4138.46
115764, 4137.95
115764, 4140.51
115764, 4138.46
115764, 4138.46
115796, 4142.56
115796, 4142.05
115796, 4140.51
115796, 4141.03
115827, 4142.05
115827, 4144.62
115827, 4145.13
115827, 4143.08
115858, 4146.15
115858, 4148.72
115858, 4147.69
115858, 4149.74
115890, 4151.28
115890, 4149.74
115890, 4150.26
115890, 4151.28
115921, 4150.26
115921, 4149.74
115921, 4149.74
115921, 4149.74
115952, 4149.74
115952, 4150.26
115952, 4150.26
115952, 4148.72
115984, 4146.15
115984, 4145.64
115984, 4147.18
115984, 4147.18
116015, 4146.15
116015, 4145.64
116015, 4148.21
116015, 4151.28
116046, 4149.74
116046, 4148.72
116046, 4149.23
116046, 4149.74
116077, 4147.69
116077, 4145.13
116077, 4145.64
116078, 4146.67
116108, 4146.15
116108, 4144.62
116108, 4145.13
116108, 4148.21
116140, 4148.21
116140, 4147.69
116140, 4148.21
116140, 4144.62
116171, 4142.05
116171, 4143.59
116171, 4143.08
116171, 4143.59
116202, 4145.64
116202, 4144.62
116202, 4144.1
116202, 4145.64
116234, 4145.13
116234, 4142.56
116234, 4144.1
116234, 4143.59
116265, 4140.51
116265, 4142.56
116265, 4143.08
116265, 4141.03
116296, 4141.54
116297, 4143.59
116297, 4143.08
116297, 4142.56
116327, 4143.08
116327, 4143.08
116327, 4142.56
116327, 4140.51
116359, 4138.46
116359, 4139.49
116359, 4140
116359, 4138.46
116390, 4137.95
116390, 4137.95
116390, 4137.44
116390, 4138.97
116421, 4140.51
116421, 4137.95
116421, 4132.82
116421, 4132.82
116453, 4136.92
116453, 4136.41
116453, 4135.9
116454, 4137.95
116484, 4138.97
116484, 4137.95
116484, 4136.92
116484, 4136.92
116516, 4138.46
116516, 4137.95
116516, 4135.9
116516, 4135.9
116546, 4134.36
116546, 4131.79
116546, 4134.87
116546, 4138.46
116578, 4135.9
116578, 4134.36
116578, 4136.92
116578, 4136.41
116609, 4135.9
116609, 4137.44
116609, 4137.95
116609, 4137.44
116640, 4135.9
116640, 4136.92
116640, 4140
116640, 4139.49
116671, 4137.95
116671, 4136.41
116671, 4137.44
116671, 4140.51
116703, 4140.51
116703, 4138.46
116703, 4141.54
116703, 4142.05
116734, 4137.44
116734, 4135.9
116734, 4137.95
116734, 4139.49
116765, 4138.46
116765, 4136.41
116765, 4137.44
116765, 4140
116797, 4139.49
116797, 4135.9
116797, 4137.44
116797, 4139.49
116828, 4137.44
116828, 4137.95
116828, 4141.54
116828, 4142.05
116859, 4140.51
116859, 4138.46
116859, 4138.46
116859, 4140
116890, 4141.54
116890, 4138.46
116890, 4133.85
116890, 4134.36
116922, 4137.44
116922, 4138.97
116923, 4138.97
116923, 4139.49
116953, 4140
116953, 4138.97
116953, 4138.97
116953, 4139.49
116984, 4140.51
116984, 4140
116984, 4137.95
116984, 4136.92
117016, 4137.44
117016, 4139.49
117016, 4142.05
117016, 4142.05
117047, 4138.97
117047, 4139.49
117047, 4142.05
117047, 4139.49
117084, 4136.92
117085, 4140
117085, 4143.08
117085, 4140.51
117109, 4140
117110, 4144.1
117110, 4143.59
117110, 4141.03
117142, 4141.54
117142, 4142.56
117142, 4142.05
117142, 4142.56
117172, 4143.08
117173, 4142.56
117173, 4142.56
117173, 4141.54
117204, 4140.51
117204, 4139.49
117204, 4140.51
117204, 4143.08
117235, 4142.05
117235, 4139.49
117236, 4141.54
117236, 4142.05
117266, 4137.44
117267, 4136.41
117267, 4141.03
117267, 4142.56
117297, 4137.95
117298, 4136.41
117298, 4140.51
117298, 4141.03
117328, 4140
117328, 4143.08
117328, 4143.08
117329, 4137.95
117361, 4136.92
117361, 4140.51
117361, 4142.56
117361, 4140
117392, 4137.44
117392, 4141.03
117392, 4144.1
117392, 4137.95
117423, 4134.36
117424, 4139.49
117424, 4140.51
117424, 4136.92
117454, 4138.46
117455, 4142.05
117455, 4141.03
117455, 4137.44
117485, 4135.9
117486, 4137.95
117486, 4137.44
117486, 4137.95
117516, 4144.62
117517, 4146.15
117517, 4142.56
117517, 4140.51
117547, 4140
117548, 4139.49
117548, 4140.51
117548, 4141.54
117580, 4141.03
117580, 4140
117580, 4138.97
117580, 4140
117610, 4142.56
117611, 4143.08
117611, 4141.54
117611, 4138.46
117641, 4136.92
117641, 4137.95
117642, 4137.44
117642, 4133.85
117673, 4132.82
117674, 4131.28
117674, 4127.69
117674, 4128.21
117705, 4130.26, estimuli
117706, 4130.77
117707, 4129.74
117707, 4130.26
117735, 4130.77
117735, 4133.33
117735, 4136.92
117736, 4135.38
117766, 4136.92
117766, 4143.59
117766, 4144.62
117767, 4143.08
117799, 4144.1
117799, 4143.59
117799, 4142.56
117799, 4144.62
117830, 4143.08
117831, 4141.54
117831, 4144.62
117831, 4143.59
117861, 4144.1
117861, 4153.33
117861, 4161.54
117861, 4157.95
117892, 4147.18
117892, 4134.36
117892, 4123.08
117892, 4122.05
117923, 4130.77
117924, 4139.49
117924, 4149.74
117924, 4161.54
117954, 4164.62
117954, 4148.21
117954, 4130.77
117955, 4127.69
117985, 4125.64
117986, 4129.74
117986, 4149.74
117986, 4165.13
118017, 4160.51
118018, 4144.62
118018, 4131.79
118018, 4125.64
118048, 4125.64
118048, 4132.82
118048, 4149.23
118048, 4164.1
118079, 4161.54
118079, 4145.64
118079, 4129.23
118079, 4123.08
118111, 4125.13
118111, 4132.82
118111, 4149.74
118111, 4165.13
118142, 4162.56
118142, 4147.18
118142, 4131.28
118142, 4122.56
118180, 4123.08
118181, 4134.36
118181, 4153.85
118181, 4166.15
118204, 4160.51
118204, 4146.15
118204, 4129.74
118204, 4123.08
118236, 4127.18
118237, 4132.31
118237, 4145.64
118237, 4163.59
118267, 4161.54
118267, 4144.1
118267, 4129.74
118267, 4124.1
118298, 4125.13
118298, 4132.31
118298, 4146.67
118299, 4159.49
118330, 4158.97
118330, 4145.64
118330, 4130.26
118330, 4122.56
118361, 4126.15
118361, 4137.44
118361, 4150.26
118361, 4159.49
118392, 4158.46
118392, 4143.59
118392, 4126.67
118392, 4123.08
118423, 4126.15
118424, 4132.31
118424, 4147.69
118424, 4162.05
118455, 4158.46
118455, 4141.54
118455, 4129.74
118455, 4125.64
118486, 4126.15
118486, 4131.79
118486, 4146.15
118486, 4161.54
118518, 4160
118518, 4142.05
118518, 4126.15
118518, 4124.1
118549, 4128.21
118549, 4133.33
118549, 4149.23
118549, 4163.08
118580, 4156.92
118580, 4142.56
118580, 4133.85
118580, 4127.69
118611, 4123.08
118611, 4131.28
118611, 4154.36
118611, 4164.1
118649, 4151.79
118650, 4140
118650, 4133.85
118650, 4126.67
118674, 4126.15
118674, 4133.85
118674, 4146.67
118674, 4160
118705, 4156.41
118705, 4141.03
118705, 4130.26
118706, 4128.21
118738, 4126.15
118738, 4129.23
118738, 4146.15
118738, 4162.56
118768, 4158.46
118768, 4139.49
118768, 4127.69
118768, 4127.18
118799, 4128.72
118799, 4133.85
118799, 4146.67
118799, 4153.85
118836, 4150.77
118836, 4141.54
118836, 4129.74
118836, 4123.59
118862, 4128.72
118862, 4137.95
118862, 4145.64
118863, 4146.15
118893, 4142.56
118893, 4143.08
118894, 4144.62
118894, 4140.51
118924, 4138.97
118924, 4141.03
118924, 4141.54
118924, 4142.05
118955, 4142.56
118955, 4141.54
118955, 4141.54
118955, 4141.03
118987, 4140
118987, 4142.56
118987, 4143.59
118987, 4138.97
119019, 4135.38
119019, 4141.03
119019, 4143.59
119019, 4139.49
119050, 4140.51
119050, 4144.1
119050, 4140
119050, 4136.41
119087, 4139.49
119087, 4142.05
119087, 4141.54
119087, 4140
119112, 4140
119112, 4139.49
119112, 4138.46
119112, 4137.95
119148, 4139.49
119148, 4142.05
119149, 4140
119149, 4138.97
119174, 4142.05
119174, 4142.56
119174, 4140.51
119174, 4142.56
119212, 4143.59
119212, 4142.56
119212, 4142.05
119213, 4140
119238, 4137.44
119238, 4138.46
119238, 4142.05
119238, 4142.56
119268, 4141.03
119268, 4142.05
119269, 4142.05
119269, 4139.49
119300, 4138.46
119300, 4141.54
119300, 4142.56
119300, 4141.03
119331, 4142.05
119331, 4144.1
119331, 4142.05
119331, 4141.54
119362, 4143.08
119362, 4141.03
119362, 4137.95
119362, 4139.49
119393, 4143.59
119393, 4141.54
119393, 4140
119393, 4142.56
119425, 4142.56
119425, 4140.51
119425, 4138.97
119425, 4140
119456, 4142.05
119456, 4143.08
119456, 4143.59
119456, 4141.54
119487, 4140.51
119487, 4142.56
119487, 4142.56
119487, 4140.51
119519, 4140.51
119519, 4143.08
119519, 4143.59
119519, 4145.13
119550, 4144.1
119550, 4138.46
119550, 4137.95
119550, 4138.46
119581, 4136.41
119581, 4137.44
119581, 4137.95
119581, 4132.31
119612, 4130.77
119612, 4134.36
119612, 4131.79
119612, 4129.74
119644, 4131.28
119644, 4133.33
119644, 4132.31
119644, 4131.79
119675, 4137.44
119675, 4141.03
119675, 4138.97
119675, 4138.97
119706, 4142.05
119707, 4141.03
119707, 4138.46
119707, 4141.54
119739, 4143.08
119739, 4142.56
119739, 4145.13
119739, 4145.13
119769, 4144.1
119769, 4142.56
119769, 4141.54
119769, 4141.54
119800, 4143.59
119800, 4144.62
119800, 4141.54
119801, 4138.97
119832, 4143.59
119832, 4147.18
119832, 4143.59
119832, 4143.08
119863, 4145.64
119863, 4143.59
119863, 4140.51
119864, 4143.59
119895, 4140.51
119895, 4134.36
119895, 4134.36
119895, 4135.9
119925, 4132.31
119925, 4129.23
119925, 4131.28
119926, 4133.85
119957, 4133.85
119957, 4137.44
119958, 4141.54
119958, 4141.54
119988, 4140.51
119988, 4140
119988, 4138.97
119988, 4142.05
120019, 4144.1
120019, 4143.59
120019, 4144.1
120019, 4141.54
120051, 4141.54
120051, 4145.64
120051, 4143.59
120051, 4141.54
120082, 4142.05
120082, 4141.03
120082, 4142.05
120082, 4145.13
120113, 4143.08
120113, 4139.49
120113, 4142.56
120113, 4144.1
120144, 4141.54
120144, 4141.54
120144, 4143.59
120144, 4142.05
120176, 4141.03
120176, 4143.59
120176, 4143.08
120176, 4140
120207, 4142.05
120207, 4145.64
120207, 4145.64
120207, 4143.59
120238, 4141.03
120238, 4142.05
120239, 4145.13
120239, 4143.08
120270, 4140.51
120270, 4143.59
120270, 4145.64
120270, 4142.56
120301, 4138.46
120301, 4141.54
120301, 4145.64
120301, 4144.1
120333, 4143.59
120333, 4144.62
120333, 4143.08
120333, 4140
120363, 4137.95
120363, 4138.46
120363, 4140
120363, 4141.54
120395, 4140.51
120395, 4140
120395, 4140
120395, 4139.49
120427, 4140.51
120427, 4143.08
120427, 4142.56
120427, 4143.08
120457, 4144.62
120457, 4142.56
120457, 4138.97
120457, 4137.95
120489, 4139.49
120489, 4140.51
120489, 4141.03
120489, 4142.05
120520, 4141.03
120520, 4140
120520, 4139.49
120520, 4140.51
120557, 4142.56
120557, 4144.62
120557, 4144.1
120557, 4140.51
120583, 4140
120583, 4142.56
120583, 4138.97
120583, 4133.33
120614, 4133.85
120614, 4133.85
120614, 4132.31
120614, 4132.82
120645, 4133.85
120645, 4133.85
120645, 4132.82
120645, 4131.79
120676, 4131.28
120676, 4131.28
120677, 4130.26
120677, 4132.82
120708, 4137.95, estimuli
120708, 4138.46
120710, 4138.97
120710, 4142.56
120739, 4143.08
120740, 4142.05
120740, 4143.59
120740, 4144.1
120770, 4143.59
120770, 4143.08
120770, 4142.56
120771, 4142.56
120803, 4142.56
120803, 4141.54
120803, 4141.03
120803, 4140.51
120839, 4141.03
120839, 4142.56
120839, 4144.62
120839, 4142.56
120864, 4139.49
120864, 4144.62
120864, 4152.82
120864, 4150.77
120895, 4143.08
120895, 4132.82
120895, 4125.13
120895, 4123.59
120933, 4125.64
120933, 4134.36
120934, 4153.33
120934, 4164.1
120958, 4154.36
120958, 4137.95
120958, 4128.72
120959, 4123.08
120989, 4125.64
120989, 4140
120989, 4157.44
120989, 4161.54
121021, 4151.79
121021, 4136.41
121021, 4126.67
121021, 4125.64
121052, 4129.23
121052, 4141.54
121053, 4158.46
121053, 4163.08
121083, 4152.82
121083, 4138.97
121083, 4129.23
121083, 4125.64
121115, 4127.69
121115, 4143.59
121115, 4162.56
121115, 4162.56
121147, 4149.74
121147, 4137.95
121147, 4127.69
121147, 4124.62
121177, 4125.64
121178, 4136.41
121178, 4157.95
121178, 4162.56
121208, 4148.21
121208, 4136.41
121208, 4129.23
121208, 4123.59
121240, 4126.15
121240, 4142.56
121241, 4160
121241, 4160
121271, 4146.15
121271, 4133.85
121271, 4125.13
121272, 4123.08
121302, 4129.23
121302, 4142.56
121302, 4154.36
121302, 4156.92
121334, 4150.26
121334, 4137.44
121334, 4127.18
121334, 4126.15
121365, 4130.77
121365, 4141.54
121365, 4156.41
121365, 4163.08
121397, 4151.79
121397, 4135.9
121397, 4127.18
121397, 4125.64
121427, 4128.21
121427, 4135.9
121427, 4153.85
121427, 4162.56
121459, 4150.26
121459, 4133.33
121459, 4126.15
121459, 4125.13
121490, 4127.18
121490, 4138.46
121490, 4155.9
121490, 4161.54
121522, 4150.26
121522, 4137.44
121522, 4129.74
121522, 4124.1
121553, 4127.18
121553, 4144.1
121554, 4161.03
121554, 4157.95
121584, 4144.1
121584, 4135.38
121584, 4127.69
121584, 4125.13
121615, 4132.31
121615, 4139.49
121615, 4149.23
121615, 4158.46
121646, 4152.31
121646, 4135.9
121646, 4127.69
121646, 4128.21
121684, 4127.69
121684, 4137.95
121684, 4156.92
121684, 4160.51
121709, 4147.69
121709, 4133.85
121709, 4127.69
121709, 4126.15
121740, 4129.74
121740, 4144.62
121740, 4157.95
121740, 4155.9
121772, 4149.23
121773, 4141.03
121773, 4127.18
121773, 4122.56
121803, 4134.87
121803, 4146.15
121803, 4150.26
121803, 4154.87
121834, 4150.77
121834, 4135.9
121834, 4126.67
121834, 4126.67
121866, 4129.74
121866, 4138.46
121866, 4146.67
121866, 4144.1
121897, 4143.08
121897, 4146.67
121897, 4141.03
121897, 4135.9
121929, 4142.56
121929, 4143.59
121929, 4139.49
121929, 4140.51
121966, 4141.03
121967, 4140
121967, 4141.54
121967, 4142.56
121991, 4143.08
121991, 4145.13
121991, 4142.05
121991, 4137.44
122022, 4138.97
122022, 4141.54
122022, 4140.51
122022, 4139.49
122053, 4140
122053, 4141.03
122053, 4142.56
122053, 4141.54
122085, 4140
122085, 4140
122085, 4138.97
122085, 4140
122116, 4142.05
122116, 4141.54
122116, 4141.03
122116, 4142.05
122147, 4143.59
122147, 4142.56
122147, 4141.03
122147, 4141.03
122185, 4141.03
122185, 4140
122185, 4138.97
122185, 4140
122211, 4142.05
122211, 4141.03
122211, 4139.49
122211, 4141.03
122241, 4141.54
122241, 4139.49
122241, 4139.49
122241, 4142.05
122272, 4143.08
122272, 4143.08
122272, 4142.56
122272, 4140.51
122304, 4141.03
122304, 4143.08
122304, 4140.51
122304, 4138.97
122335, 4141.54
122335, 4142.56
122335, 4142.56
122335, 4142.05
122366, 4142.05
122366, 4142.56
122366, 4141.54
122366, 4141.03
122397, 4141.03
122397, 4142.05
122398, 4142.56
122398, 4142.05
122429, 4141.54
122429, 4141.03
122429, 4140.51
122429, 4141.54
122460, 4139.49
122460, 4132.31
122460, 4129.23
122460, 4134.87
122491, 4139.49
122491, 4138.97
122491, 4139.49
122491, 4142.05
122523, 4143.08
122523, 4142.05
122523, 4141.03
122523, 4141.03
122554, 4140.51
122554, 4140
122554, 4142.05
122554, 4143.59
122585, 4141.54
122585, 4141.54
122585, 4143.59
122585, 4143.59
122622, 4142.56
122622, 4142.56
122622, 4143.59
122622, 4142.56
122648, 4143.59
122648, 4142.56
122648, 4142.05
122648, 4142.56
122679, 4142.05
122679, 4141.03
122679, 4138.46
122679, 4135.38
122710, 4133.85
122710, 4132.31
122710, 4132.82
122710, 4134.87
122742, 4134.36
122743, 4130.26
122743, 4130.77
122743, 4138.46
122773, 4141.03
122773, 4132.82
122773, 4131.79
122773, 4139.49
122806, 4142.05
122806, 4142.56
122806, 4144.1
122806, 4142.56
122836, 4140.51
122836, 4141.54
122836, 4144.1
122836, 4145.13
122867, 4144.1
122867, 4143.59
122867, 4142.56
122868, 4142.05
122898, 4143.59
122898, 4145.64
122898, 4144.62
122898, 4142.56
122930, 4143.08
122930, 4143.08
122930, 4142.56
122930, 4143.08
122961, 4143.08
122961, 4143.59
122962, 4142.56
122962, 4141.54
122992, 4144.1
122992, 4145.64
122992, 4142.56
122992, 4140.51
123023, 4143.59
123023, 4142.56
123023, 4138.97
123023, 4142.05
123055, 4142.05
123055, 4138.97
123055, 4142.56
123055, 4142.05
123086, 4140
123086, 4143.08
123086, 4143.59
123086, 4140.51
123117, 4141.03
123117, 4143.59
123117, 4143.08
123117, 4141.54
123148, 4141.54
123148, 4143.08
123148, 4143.59
123148, 4137.95
123180, 4135.9
123180, 4140.51
123180, 4142.56
123180, 4142.05
123213, 4142.56
123213, 4142.05
123213, 4142.05
123213, 4141.03
123242, 4138.97
123242, 4139.49
123242, 4140.51
123242, 4141.03
123274, 4142.56
123274, 4140.51
123274, 4140
123274, 4141.03
123305, 4141.54
123305, 4140
123306, 4138.97
123306, 4137.95
123342, 4136.41
123342, 4135.9
123342, 4134.36
123342, 4131.79
123367, 4131.28
123367, 4133.33
123367, 4133.33
123367, 4132.31
123399, 4134.36
123399, 4133.85
123399, 4130.26
123399, 4134.87
123431, 4140
123431, 4137.44
123431, 4137.95
123431, 4140.51
123462, 4140.51
123462, 4142.05
123462, 4143.59
123462, 4143.08
123493, 4144.1
123493, 4144.62
123493, 4143.08
123493, 4144.1
123524, 4146.15
123524, 4145.64
123524, 4145.13
123524, 4144.62
123555, 4143.59
123555, 4143.59
123555, 4144.1
123555, 4142.56
123587, 4142.56
123587, 4143.08
123587, 4141.03
123587, 4142.56
123618, 4144.1
123619, 4143.08
123619, 4142.56
123619, 4144.1
123649, 4143.59
123649, 4138.46
123649, 4138.97
123649, 4143.59
123686, 4142.56
123686, 4140
123686, 4139.49
123686, 4141.03
123712, 4143.59
123712, 4145.13
123712, 4143.59
123712, 4139.49
123743, 4138.97
123743, 4140
123743, 4140
123743, 4141.03
123774, 4142.05
123774, 4141.03
123774, 4141.54
123774, 4143.59
123806, 4143.59
123806, 4142.56
123806, 4140.51
123806, 4140
123838, 4140
123838, 4141.54
123838, 4142.05
123838, 4141.03
123868, 4142.05
123868, 4142.05
123868, 4141.03
123868, 4141.54
123900, 4142.05
123900, 4140.51
123900, 4137.95
123900, 4137.95
123931, 4140.51
123931, 4142.05
123931, 4143.08
123931, 4142.05
123962, 4140.51
123962, 4143.08
123962, 4142.05
123962, 4138.46
123994, 4137.95
123994, 4138.97
123994, 4138.97
123994, 4139.49
124026, 4140.51
124026, 4138.97
124026, 4137.44
124027, 4137.95
124057, 4139.49
124057, 4142.56
124057, 4144.62
124057, 4142.05
124087, 4142.05
124087, 4143.59
124087, 4143.08
124087, 4141.03
124119, 4139.49
124119, 4139.49
124119, 4141.03
124119, 4141.03
124150, 4143.08
124150, 4146.15
124150, 4143.59
124150, 4138.97
124182, 4137.44
124182, 4135.9
124182, 4131.28
124182, 4129.23
124213, 4131.79, estimuli
124214, 4132.31
124214, 4130.26
124214, 4132.82
124244, 4135.9
124244, 4135.38
124244, 4136.41
124244, 4138.97
124275, 4138.97
124275, 4141.03
124275, 4142.05
124275, 4140.51
124306, 4141.54
124306, 4143.59
124306, 4142.56
124306, 4142.05
124338, 4140
124338, 4139.49
124338, 4143.08
124338, 4143.59
124375, 4145.64
124375, 4154.36
124375, 4160.51
124375, 4152.82
124400, 4137.44
124400, 4127.69
124400, 4123.08
124400, 4123.08
124438, 4131.79
124438, 4150.26
124438, 4163.59
124438, 4158.46
124463, 4141.03
124464, 4127.18
124464, 4123.59
124464, 4125.13
124494, 4133.85
124494, 4151.79
124495, 4164.62
124495, 4157.44
124525, 4142.05
124525, 4129.74
124525, 4124.1
124525, 4126.15
124557, 4136.92
124557, 4155.38
124557, 4165.13
124557, 4157.44
124588, 4142.05
124588, 4127.69
124588, 4121.54
124588, 4125.64
124619, 4134.36
124619, 4148.21
124619, 4160.51
124619, 4156.92
124651, 4142.05
124651, 4130.26
124651, 4124.62
124651, 4124.1
124682, 4132.31
124682, 4150.26
124682, 4161.03
124682, 4152.82
124713, 4136.92
124713, 4128.21
124713, 4126.15
124713, 4127.69
124745, 4136.41
124745, 4149.74
124745, 4156.92
124745, 4156.92
124782, 4145.64
124782, 4129.23
124782, 4125.13
124782, 4129.23
124807, 4133.33
124807, 4147.18
124807, 4159.49
124807, 4156.92
124845, 4144.1
124845, 4131.79
124846, 4125.13
124846, 4127.18
124871, 4134.36
124871, 4148.72
124871, 4162.05
124871, 4156.92
124901, 4138.97
124901, 4129.23
124901, 4128.21
124901, 4129.23
124933, 4133.85
124933, 4149.74
124933, 4161.54
124933, 4154.36
124964, 4137.44
124964, 4128.72
124964, 4127.69
124964, 4127.69
124995, 4134.87
124995, 4154.36
124995, 4162.05
124995, 4150.26
125026, 4140
125026, 4133.33
125026, 4125.13
125026, 4128.21
125058, 4135.38
125058, 4146.15
125058, 4158.46
125058, 4155.38
125096, 4141.54
125097, 4131.28
125097, 4128.21
125097, 4128.72
125120, 4134.36
125120, 4150.26
125120, 4160.51
125120, 4153.33
125152, 4137.44
125152, 4130.77
125152, 4127.18
125152, 4125.13
125183, 4135.9
125183, 4152.31
125183, 4156.41
125183, 4151.79
125214, 4141.54
125214, 4128.72
125214, 4124.62
125214, 4126.67
125245, 4133.85
125245, 4148.21
125245, 4158.97
125245, 4155.9
125277, 4143.59
125277, 4131.79
125277, 4126.15
125277, 4124.62
125308, 4133.33
125309, 4151.79
125309, 4163.08
125309, 4155.9
125339, 4139.49
125339, 4128.21
125339, 4126.67
125339, 4127.18
125377, 4132.82
125377, 4144.62
125377, 4146.67
125377, 4142.56
125402, 4146.15
125402, 4145.13
125402, 4138.97
125403, 4142.56
125434, 4145.64
125434, 4143.08
125434, 4143.08
125434, 4143.08
125465, 4143.08
125465, 4142.05
125465, 4139.49
125465, 4140
125496, 4140.51
125497, 4141.03
125497, 4143.08
125497, 4142.56
125527, 4139.49
125528, 4138.46
125528, 4139.49
125528, 4140
125558, 4140.51
125558, 4138.97
125558, 4136.92
125558, 4138.46
125590, 4137.95
125590, 4138.46
125590, 4141.54
125590, 4141.54
125621, 4140
125621, 4140.51
125621, 4140.51
125621, 4140
125652, 4142.05
125652, 4143.59
125652, 4141.54
125652, 4138.97
125683, 4138.97
125683, 4136.92
125683, 4135.9
125683, 4140.51
125715, 4142.56
125716, 4141.54
125716, 4141.54
125716, 4139.49
125746, 4135.38
125746, 4134.87
125746, 4137.95
125746, 4137.95
125777, 4137.44
125777, 4140
125777, 4141.54
125777, 4140.51
125809, 4140.51
125809, 4140
125809, 4138.46
125809, 4137.95
125840, 4134.36
125840, 4132.82
125840, 4135.9
125840, 4137.44
125871, 4139.49
125871, 4138.46
125871, 4131.79
125871, 4130.26
125902, 4137.44
125903, 4139.49
125903, 4135.38
125903, 4137.44
125934, 4140.51
125934, 4137.95
125934, 4137.95
125934, 4140.51
125965, 4140
125965, 4138.97
125965, 4137.44
125965, 4136.92
125996, 4139.49
125996, 4142.05
125996, 4142.56
125996, 4142.56
126027, 4143.08
126027, 4141.54
126027, 4140.51
126027, 4142.56
126059, 4143.08
126059, 4144.1
126059, 4145.13
126059, 4143.08
126090, 4144.62
126090, 4147.69
126090, 4144.62
126090, 4142.05
126121, 4144.1
126122, 4144.1
126122, 4140.51
126122, 4139.49
126153, 4143.08
126153, 4144.62
126153, 4143.08
126153, 4142.56
126184, 4142.05
126184, 4136.41
126184, 4135.9
126184, 4139.49
126215, 4135.38
126215, 4130.77
126215, 4133.33
126215, 4135.38
126246, 4132.82
126246, 4133.33
126246, 4135.9
126246, 4140.51
126278, 4144.1
126278, 4140.51
126278, 4137.44
126278, 4140
126309, 4138.46
126309, 4132.31
126309, 4134.36
126309, 4137.95
126342, 4132.82
126342, 4131.28
126342, 4132.82
126342, 4130.26
126372, 4132.31
126372, 4138.97
126372, 4141.03
126372, 4142.05
126403, 4145.13
126403, 4144.1
126403, 4140
126403, 4141.03
126434, 4142.56
126435, 4144.62
126435, 4147.18
126435, 4147.69
126465, 4147.18
126465, 4145.64
126465, 4144.62
126465, 4145.13
126497, 4144.62
126497, 4144.62
126497, 4144.1
126497, 4141.54
126528, 4141.54
126529, 4144.1
126529, 4144.62
126529, 4144.1
126559, 4145.13
126559, 4145.13
126559, 4143.59
126559, 4145.13
126591, 4147.18
126591, 4146.15
126591, 4145.64
126591, 4148.21
126622, 4151.28
126622, 4155.38
126622, 4159.49
126622, 4165.64
126653, 4172.31
126653, 4176.92
126653, 4177.44
126653, 4180.51
126684, 4189.23
126684, 4192.82
126684, 4191.28
126684, 4194.36
126716, 4196.41
126716, 4194.87
126716, 4194.87
126716, 4195.9
126747, 4194.87
126747, 4192.82
126747, 4190.26
126747, 4185.13
126778, 4177.95
126778, 4175.9
126778, 4174.87
126778, 4169.23
126809, 4164.1
126809, 4160.51
126809, 4159.49
126809, 4160
126841, 4158.46
126841, 4153.33
126841, 4148.72
126841, 4149.23
126872, 4148.72
126872, 4145.64
126872, 4142.56
126872, 4142.05
126903, 4141.03
126903, 4134.87
126903, 4134.36
126903, 4138.46
126935, 4137.95
126935, 4137.95
126935, 4138.46
126936, 4136.41
126966, 4138.97
126967, 4138.97
126967, 4137.44
126967, 4142.05
126997, 4140
126997, 4133.33
126997, 4135.38
126997, 4136.41
127028, 4133.33
127028, 4132.31
127028, 4131.79
127028, 4134.87
127060, 4140.51
127060, 4138.46
127060, 4132.82
127060, 4136.41
127091, 4141.03
127091, 4136.41
127091, 4132.82
127091, 4135.38
127122, 4139.49
127122, 4138.97
127122, 4135.9
127122, 4132.82
127154, 4131.79
127154, 4134.36
127154, 4134.87
127154, 4132.82
127185, 4132.82
127186, 4133.33
127186, 4134.36
127186, 4133.85
127216, 4131.28
127216, 4131.28
127216, 4132.82
127216, 4132.82
127247, 4132.82
127247, 4134.87
127248, 4139.49
127248, 4141.03
127279, 4137.95
127279, 4138.97
127280, 4142.05
127280, 4141.54
127310, 4141.54
127311, 4142.05
127311, 4138.46
127311, 4134.36
127341, 4138.97
127342, 4143.59
127342, 4140
127342, 4136.92
127374, 4136.41
127374, 4132.31
127374, 4129.23
127374, 4130.77
127404, 4130.26
127405, 4129.74
127405, 4128.72
127405, 4129.23
127435, 4129.23
127436, 4127.18
127436, 4125.64
127436, 4127.18
127466, 4129.23
127466, 4128.21
127466, 4126.15
127467, 4127.69
127498, 4127.69
127499, 4126.15
127499, 4125.13
127499, 4126.15
127530, 4128.72
127530, 4126.67
127530, 4124.1
127530, 4122.56
127560, 4123.59
127561, 4126.15
127561, 4128.21
127561, 4129.74
127592, 4128.72
127592, 4127.18
127592, 4128.21
127592, 4128.72
127623, 4127.69
127624, 4128.72
127624, 4131.28
127624, 4133.33
127654, 4132.82
127654, 4131.79
127654, 4132.31
127654, 4133.85
127685, 4135.38
127685, 4133.33
127686, 4132.31
127686, 4134.87
127717, 4135.9
127717, 4134.36
127718, 4133.33
127718, 4133.85
127748, 4133.33
127749, 4131.79
127749, 4132.31
127749, 4133.33
127780, 4132.31
127780, 4131.28
127780, 4130.77
127780, 4132.31
127810, 4132.82
127811, 4132.82
127811, 4133.33
127811, 4132.82
127842, 4132.31
127842, 4132.82
127842, 4134.87
127842, 4134.36
127873, 4131.79
127874, 4132.82
127874, 4134.87
127874, 4133.85
127904, 4133.85
127904, 4133.33
127905, 4131.79
127905, 4132.31
127936, 4133.85
127937, 4135.9
127937, 4135.9
127937, 4132.82
127967, 4131.28
127968, 4132.31
127968, 4135.9
127968, 4135.9
127999, 4134.87
127999, 4133.33
127999, 4131.79
127999, 4132.82
128029, 4132.82
128030, 4132.82
128030, 4134.87
128030, 4133.33
128062, 4130.77
128062, 4134.87
128062, 4137.44
128062, 4133.85
128092, 4132.31
128092, 4133.33
128093, 4135.38
128093, 4135.9
128123, 4135.38
128123, 4133.85
128123, 4134.36
128123, 4133.85
128154, 4131.79
128154, 4131.28
128154, 4130.77
128154, 4132.31
128186, 4134.87
128186, 4133.33
128186, 4132.82
128186, 4134.87
128217, 4134.87
128217, 4133.85
128217, 4134.36
128218, 4134.36
128249, 4133.85
128249, 4133.85
128249, 4131.79
128249, 4130.77
128281, 4135.38
128281, 4136.41
128281, 4133.33
128281, 4134.87
128311, 4135.9
128312, 4131.79
128312, 4131.28
128312, 4133.33
128342, 4132.82
128343, 4133.33
128343, 4133.85
128343, 4134.36
128373, 4135.9
128373, 4138.46
128374, 4140.51
128374, 4138.46
