1223, 4377.44
1231, 4378.46
1240, 4375.9
1248, 4376.92
1256, 4377.95
1262, 4373.33
1270, 4379.49
1279, 4378.97
1286, 4378.97
1295, 4424.1
1302, 4465.64
1310, 4418.46
1318, 4312.82
1325, 4249.23
1333, 4278.46
1342, 4338.97
1348, 4347.18
1356, 4393.85
1365, 4509.23
1372, 4527.69
1381, 4427.18
1389, 4311.79
1395, 4251.28
1404, 4271.79
1411, 4332.31
1421, 4414.87
1428, 4508.21
1436, 4510.26
1442, 4409.74
1452, 4312.82
1458, 4261.54
1467, 4277.95
1475, 4333.33
1482, 4409.74
1489, 4509.23
1498, 4512.31
1505, 4405.13
1514, 4310.77
1522, 4264.62
1529, 4278.97
1536, 4334.36
1545, 4413.33
1553, 4504.1
1560, 4502.05
1568, 4403.59
1576, 4313.85
1584, 4268.72
1591, 4284.1
1600, 4333.33
1608, 4406.67
1615, 4502.05
1623, 4508.21
1631, 4408.21
1638, 4311.28
1646, 4267.69
1655, 4284.62
1662, 4329.74
1670, 4403.59
1678, 4500.51
1685, 4504.62
1693, 4402.05
1702, 4310.77
1708, 4276.41
1718, 4289.74
1724, 4333.85
1734, 4407.69
1740, 4496.92
1749, 4502.56
1755, 4403.08
1764, 4310.77
1772, 4280
1780, 4297.44
1786, 4336.41
1795, 4401.54
1802, 4490.77
1813, 4500.51
1819, 4401.03
1827, 4306.15
1834, 4279.49
1842, 4300.51
1850, 4337.44
1858, 4402.56
1865, 4488.72
1872, 4493.33
1881, 4398.97
1889, 4311.79
1897, 4279.49
1905, 4296.92
1912, 4339.49
1919, 4404.1
1927, 4490.26
1936, 4497.44
1944, 4398.46
1952, 4310.26
1958, 4283.59
1966, 4302.56
1974, 4340.51
1983, 4404.1
1990, 4489.74
1999, 4492.82
2006, 4399.49
2014, 4312.82
2022, 4281.03
2030, 4300.51
2037, 4340.51
2045, 4406.15
2052, 4491.28
2060, 4490.77
2069, 4394.36
2077, 4309.74
2084, 4283.59
2092, 4302.56
2099, 4340
2107, 4406.15
2115, 4489.74
2123, 4487.18
2130, 4394.36
2138, 4309.23
2146, 4281.03
2154, 4302.56
2163, 4343.59
2170, 4408.72
2178, 4489.23
2185, 4487.69
2193, 4395.9
2202, 4312.82
2209, 4287.18
2216, 4305.64
2224, 4340.51
2232, 4403.08
2241, 4485.64
2249, 4489.74
2257, 4394.87
2264, 4309.23
2272, 4284.1
2279, 4301.54
2287, 4338.97
2296, 4397.44
2303, 4448.21
2311, 4418.46
2318, 4374.36
2326, 4403.08
2334, 4394.36
2342, 4341.54
2349, 4369.23
2358, 4402.56
2366, 4377.44
2373, 4369.23
2382, 4378.97
2388, 4376.92
2397, 4374.36
2405, 4375.9
2412, 4375.9
2421, 4374.87
2429, 4378.46
2436, 4378.46
2444, 4375.38
2452, 4377.44
2459, 4379.49
2468, 4377.44
2476, 4375.38
2482, 4375.9
2491, 4377.95
2499, 4374.36
2506, 4374.36
2515, 4377.95
2522, 4377.44
2532, 4377.44
2538, 4377.44
2545, 4375.9
2553, 4375.9
2561, 4376.41
2568, 4376.92
2577, 4374.36
2584, 4373.33
2592, 4376.41
2600, 4376.41
2607, 4376.92
2615, 4377.95
2623, 4375.9
2632, 4375.38
2639, 4376.41
2648, 4377.44
2654, 4375.9
2662, 4374.36
2671, 4376.41
2678, 4376.92
2686, 4375.9
2693, 4374.87
2702, 4375.38
2710, 4379.49
2717, 4380
2725, 4378.46
2734, 4378.46
2741, 4378.46
2748, 4378.46
2756, 4376.92
2765, 4375.38
2772, 4376.92
2779, 4376.92
2787, 4378.46
2796, 4378.46
2803, 4376.41
2811, 4376.41
2819, 4375.38
2826, 4376.41
2835, 4379.49
2842, 4376.41
2850, 4375.38
2858, 4376.92
2865, 4380
2873, 4380
2881, 4375.38
2890, 4373.33
2898, 4376.92
2905, 4380
2912, 4377.95
2920, 4373.85
2928, 4377.44
2937, 4379.49
2944, 4375.9
2952, 4376.41
2959, 4379.49
2968, 4377.95
2976, 4373.33
2984, 4373.33
2992, 4378.46
2999, 4380
3006, 4380
3014, 4378.97
3022, 4378.97
3030, 4380
3039, 4375.9
3046, 4375.38
3053, 4378.97
3062, 4375.9
3070, 4373.85
3078, 4376.92
3085, 4378.97
3093, 4379.49
3101, 4377.95
3109, 4378.97
3117, 4380
3125, 4377.44
3132, 4376.41
3140, 4375.9
3148, 4377.95
3156, 4377.95
3164, 4373.33
3171, 4374.87
3178, 4377.44
3186, 4376.92
3194, 4374.87
3202, 4376.41
3210, 4380
3217, 4376.92
3226, 4373.85
3234, 4374.87
3242, 4372.82
3250, 4372.31
3257, 4374.36
3265, 4376.41
3273, 4375.38
3281, 4375.38
3289, 4378.97
3297, 4379.49
3303, 4377.95
3311, 4377.44
3319, 4375.9
3327, 4376.92
3335, 4377.44
3344, 4374.87
3351, 4376.41
3359, 4378.46
3366, 4377.95
3374, 4373.85
3383, 4373.33
3390, 4377.95
3398, 4374.87
3406, 4373.85
3413, 4383.08
3421, 4383.59
3430, 4377.44
3436, 4375.38
3444, 4374.87
3453, 4375.38
3460, 4380
3469, 4380.51
3475, 4374.36
3484, 4373.33
3491, 4376.92
3499, 4376.41
3507, 4378.97
3516, 4378.97
3522, 4374.87
3531, 4376.92
3538, 4375.9
3547, 4372.31
3555, 4374.87
3562, 4378.46
3569, 4377.95
3577, 4374.36
3585, 4376.41
3593, 4377.95
3602, 4374.36
3608, 4378.46
3617, 4384.62
3624, 4382.56
3633, 4375.9
3641, 4373.33
3648, 4377.95
3655, 4377.95
3664, 4376.41
3672, 4375.9
3680, 4373.85
3687, 4376.41
3694, 4376.41
3703, 4375.9
3710, 4381.03
3719, 4380
3726, 4372.31
3733, 4373.85
3742, 4379.49
3750, 4378.46
3758, 4374.36
3766, 4376.92
3774, 4379.49
3781, 4373.85
3788, 4372.31
3796, 4375.9
3805, 4378.46
3812, 4378.97
3819, 4379.49
3827, 4381.03
3836, 4378.97
3844, 4377.95
3851, 4375.38
3860, 4370.77
3866, 4375.38
3874, 4379.49
3882, 4374.36
3890, 4375.38
3898, 4379.49
3905, 4376.92
3914, 4374.87
3921, 4375.9
3930, 4377.95
3937, 4375.9
3945, 4374.36
3952, 4376.41
3960, 4378.46
3969, 4381.03
3977, 4379.49
3985, 4377.44
3993, 4378.46
4000, 4376.92
4007, 4374.87
4016, 4374.87
4023, 4377.95
4032, 4381.03
4039, 4378.97
4047, 4377.44
4054, 4378.46
4062, 4378.46
4070, 4374.36
4079, 4371.79
4086, 4376.92
4093, 4378.46
4101, 4375.38
4109, 4377.95
4118, 4378.46
4124, 4373.33
4132, 4373.85
4140, 4377.95
4149, 4380.51
4156, 4376.92
4164, 4374.36
4171, 4377.44
4180, 4378.46
4188, 4378.46
4196, 4377.44
4204, 4376.41
4211, 4378.46
4218, 4375.9
4227, 4373.33
4235, 4374.87
4243, 4376.92
4251, 4377.95
4257, 4378.97
4266, 4380
4274, 4377.44
4281, 4374.87
4289, 4376.92, estimuli
4296, 4376.92
4304, 4378.46
4313, 4381.03
4320, 4377.44
4329, 4375.38
4337, 4377.95
4343, 4380
4351, 4377.95
4359, 4374.36
4367, 4377.44
4375, 4379.49
4382, 4374.36
4391, 4371.28
4399, 4374.87
4406, 4384.1
4415, 4371.79
4423, 4376.92
4430, 4436.41
4437, 4460.51
4445, 4397.44
4454, 4317.44
4461, 4278.46
4469, 4290.26
4477, 4311.79
4485, 4355.9
4492, 4469.23
4500, 4535.38
4508, 4467.18
4516, 4346.67
4523, 4262.56
4532, 4260
4539, 4306.67
4548, 4380
4555, 4484.62
4562, 4528.21
4570, 4446.67
4579, 4334.87
4586, 4266.67
4595, 4261.03
4602, 4310.77
4610, 4380
4617, 4475.9
4626, 4526.15
4633, 4446.67
4642, 4334.36
4649, 4274.36
4656, 4272.82
4665, 4314.36
4673, 4380.51
4681, 4474.36
4688, 4518.97
4695, 4442.56
4704, 4338.46
4711, 4277.44
4720, 4269.74
4727, 4309.74
4735, 4377.95
4742, 4481.54
4750, 4528.21
4759, 4441.03
4767, 4332.82
4774, 4274.87
4782, 4270.77
4789, 4312.82
4798, 4376.92
4806, 4474.87
4814, 4524.1
4821, 4444.62
4829, 4340
4837, 4283.59
4845, 4277.95
4852, 4316.41
4859, 4379.49
4867, 4471.79
4875, 4515.9
4883, 4439.49
4891, 4332.31
4900, 4278.97
4906, 4283.08
4915, 4318.46
4923, 4373.85
4930, 4459.49
4938, 4500
4945, 4430.77
4954, 4337.95
4962, 4292.31
4969, 4295.9
4977, 4328.21
4986, 4378.97
4993, 4454.36
5001, 4491.79
5009, 4432.82
5017, 4341.54
5025, 4292.31
5033, 4298.46
5040, 4330.26
5048, 4377.44
5056, 4456.41
5064, 4500.51
5072, 4434.87
5079, 4337.44
5087, 4293.33
5095, 4302.05
5102, 4331.79
5111, 4376.92
5118, 4452.82
5125, 4491.79
5133, 4425.13
5141, 4335.9
5149, 4295.9
5157, 4298.97
5165, 4328.21
5172, 4381.54
5181, 4461.03
5189, 4497.95
5197, 4427.69
5205, 4335.9
5212, 4296.41
5220, 4298.46
5228, 4326.67
5236, 4377.95
5244, 4458.46
5251, 4494.36
5259, 4424.62
5267, 4336.92
5274, 4296.41
5283, 4301.54
5290, 4331.28
5298, 4381.03
5306, 4463.08
5314, 4496.92
5322, 4424.62
5330, 4336.92
5336, 4295.9
5344, 4297.44
5352, 4326.67
5361, 4378.46
5369, 4457.95
5376, 4489.23
5383, 4421.03
5391, 4338.97
5400, 4298.97
5407, 4297.95
5415, 4326.15
5423, 4377.44
5431, 4434.36
5439, 4427.69
5447, 4376.41
5455, 4385.13
5463, 4404.1
5470, 4356.92
5477, 4348.21
5486, 4395.9
5493, 4392.31
5502, 4369.74
5510, 4377.44
5517, 4378.97
5525, 4372.82
5532, 4375.38
5541, 4376.41
5549, 4374.36
5556, 4376.92
5564, 4377.44
5572, 4374.87
5580, 4376.92
5588, 4378.97
5595, 4375.38
5603, 4373.33
5611, 4375.9
5619, 4375.9
5627, 4378.46
5635, 4378.46
5642, 4378.97
5650, 4381.03
5658, 4376.92
5666, 4375.9
5674, 4378.46
5682, 4377.44
5689, 4378.46
5697, 4378.46
5705, 4375.38
5713, 4376.41
5721, 4380
5728, 4378.97
5736, 4376.41
5744, 4377.95
5752, 4378.97
5760, 4374.87
5768, 4373.85
5775, 4375.9
5783, 4378.97
5791, 4378.97
5799, 4375.38
5807, 4378.46
5814, 4378.46
5822, 4375.38
5830, 4379.49
5838, 4381.54
5846, 4377.44
5854, 4374.36
5861, 4376.92
5869, 4378.97
5877, 4375.38
5885, 4374.87
5893, 4376.92
5900, 4377.44
5907, 4378.46
5916, 4375.9
5924, 4375.38
5932, 4378.46
5940, 4377.95
5947, 4375.38
5955, 4375.38
5963, 4377.95
5971, 4377.95
5979, 4373.85
5986, 4375.38
5994, 4379.49
6002, 4379.49
6010, 4377.44
6018, 4376.41
6026, 4380.51
6033, 4380.51
6041, 4375.38
6049, 4377.44
6057, 4381.03
6065, 4380
6073, 4378.46
6080, 4378.46
6088, 4380
6096, 4377.95
6104, 4376.41
6112, 4377.44
6119, 4376.41
6127, 4374.36
6135, 4373.85
6143, 4378.46
6151, 4380
6158, 4376.41
6166, 4374.87
6174, 4373.85
6182, 4375.38
6190, 4376.92
6198, 4373.85
6205, 4375.38
6213, 4378.97
6221, 4376.92
6229, 4375.9
6237, 4376.92
6245, 4377.44
6252, 4376.41
6260, 4374.36
6268, 4375.9
6276, 4376.41
6284, 4375.9
6291, 4376.41
6299, 4377.44
6307, 4382.05
6315, 4382.56
6323, 4377.95
6331, 4377.95
6338, 4378.97
6345, 4378.46
6353, 4377.44
6361, 4379.49
6369, 4381.03
6376, 4377.44
6384, 4375.38
6392, 4375.9
6400, 4377.95
6408, 4378.97
6416, 4375.38
6423, 4376.41
6431, 4376.92
6440, 4372.82
6448, 4372.82
6456, 4375.9
6463, 4378.97
6470, 4382.05
6479, 4379.49
6487, 4378.46
6495, 4379.49
6503, 4378.97
6509, 4380
6518, 4378.97
6525, 4376.92
6533, 4378.46
6542, 4381.54
6549, 4383.08
6557, 4383.59
6564, 4380
6572, 4372.82
6581, 4374.36
6588, 4380
6595, 4376.92
6603, 4374.36
6611, 4376.92
6620, 4379.49
6627, 4379.49
6636, 4374.36
6643, 4373.33
6651, 4376.41
6658, 4376.41
6667, 4375.38
6674, 4376.41
6681, 4380
6690, 4380
6698, 4375.38
6706, 4377.44
6714, 4380.51
6720, 4378.97
6728, 4377.95
6737, 4375.38
6745, 4376.92
6753, 4381.03
6760, 4380
6768, 4376.41
6775, 4375.38
6783, 4377.44
6791, 4375.9
6799, 4375.38
6807, 4378.97
6814, 4378.97
6822, 4376.41
6831, 4374.36
6838, 4373.85
6847, 4375.9
6853, 4375.38
6861, 4375.38
6869, 4376.92
6877, 4374.87
6885, 4373.85
6894, 4375.38
6901, 4377.44
6909, 4376.92
6917, 4373.85
6925, 4375.9
6933, 4378.46
6940, 4377.44
6948, 4377.44
6956, 4377.44
6964, 4380.51
6972, 4380
6980, 4373.85
6987, 4374.87
6994, 4377.95
7003, 4378.46
7011, 4377.95
7019, 4378.97
7025, 4380.51
7034, 4375.9
7041, 4373.33
7050, 4376.92
7058, 4376.92
7066, 4375.38
7073, 4375.38
7081, 4374.36
7088, 4374.36
7097, 4375.38
7105, 4376.41
7113, 4375.9
7119, 4378.46
7128, 4381.03
7136, 4378.97
7143, 4378.46
7152, 4376.41
7158, 4371.28
7167, 4374.87
7175, 4381.54
7182, 4381.54
7190, 4376.92
7197, 4374.36
7205, 4378.46
7214, 4379.49
7221, 4374.87
7230, 4373.85
7237, 4376.41
7244, 4377.44
7253, 4374.87
7260, 4373.33
7269, 4376.41
7276, 4377.95
7284, 4377.95
7291, 4376.92
7300, 4377.95
7307, 4379.49
7316, 4374.36
7324, 4372.82
7331, 4376.92
7339, 4377.44
7347, 4375.38
7355, 4374.36
7362, 4376.92
7370, 4378.46
7377, 4374.36
7385, 4375.9
7393, 4381.03
7401, 4382.56
7409, 4378.46
7416, 4373.33
7424, 4374.87
7433, 4376.92
7440, 4378.46
7448, 4379.49
7456, 4377.95
7463, 4378.97
7471, 4378.46
7480, 4375.9
7488, 4378.46
7496, 4378.46
7502, 4377.44
7510, 4380
7519, 4380.51
7527, 4376.92
7535, 4374.36
7542, 4377.44
7550, 4377.95
7558, 4376.41
7566, 4380
7574, 4378.97
7582, 4375.38
7590, 4379.49
7597, 4382.05
7605, 4377.95
7613, 4374.36
7620, 4375.38
7628, 4375.38
7635, 4373.85
7644, 4377.95
7651, 4381.03
7659, 4377.95
7667, 4374.87
7674, 4374.87
7683, 4377.95
7690, 4377.44
7699, 4374.87
7706, 4378.97
7727, 4380
7728, 4375.38
7731, 4375.38
7738, 4378.46
7746, 4378.97
7754, 4374.87
7762, 4374.87
7769, 4378.97
7776, 4377.95
7785, 4377.44
7792, 4376.92
7801, 4378.46
7808, 4382.56
7815, 4379.49
7823, 4373.85
7832, 4375.38
7839, 4377.44
7847, 4374.36
7854, 4371.28
7863, 4375.9
7870, 4378.97
7878, 4376.41
7886, 4377.44
7893, 4380
7901, 4380
7909, 4375.9
7918, 4373.33
7926, 4376.92
7934, 4376.41
7941, 4374.87
7949, 4376.92
7956, 4376.41
7965, 4377.44
7972, 4377.44
7980, 4375.38
7988, 4376.92
7995, 4378.97
8004, 4381.03
8011, 4380.51
8020, 4376.41
8026, 4377.44
8034, 4378.46
8043, 4376.41
8050, 4376.41
8058, 4375.38
8065, 4373.33
8074, 4371.28, estimuli
8082, 4375.9
8089, 4378.97
8098, 4373.85
8105, 4375.9
8113, 4380.51
8120, 4377.95
8128, 4373.33
8137, 4374.36
8145, 4380.51
8153, 4381.54
8160, 4377.95
8168, 4375.9
8176, 4375.38
8184, 4373.85
8191, 4373.85
8198, 4375.9
8207, 4373.85
8215, 4394.36
8222, 4439.49
8231, 4435.9
8239, 4371.28
8246, 4312.31
8254, 4292.31
8261, 4307.69
8270, 4328.72
8278, 4384.62
8285, 4481.54
8292, 4503.08
8300, 4425.64
8309, 4327.69
8317, 4272.82
8325, 4287.69
8332, 4335.9
8339, 4405.13
8348, 4486.15
8356, 4492.31
8364, 4411.79
8370, 4326.67
8379, 4280.51
8387, 4292.82
8395, 4336.92
8403, 4400.51
8410, 4484.62
8417, 4495.9
8425, 4410.26
8433, 4316.92
8441, 4271.28
8449, 4290.26
8457, 4338.46
8465, 4401.54
8472, 4481.54
8481, 4490.26
8488, 4404.62
8497, 4320.51
8503, 4281.54
8511, 4291.28
8520, 4336.92
8527, 4406.15
8535, 4481.54
8542, 4484.62
8551, 4402.56
8559, 4325.64
8567, 4290.77
8575, 4298.46
8583, 4339.49
8589, 4397.95
8598, 4469.74
8606, 4482.56
8614, 4403.59
8622, 4326.15
8629, 4296.92
8637, 4304.62
8645, 4335.9
8653, 4395.9
8661, 4475.38
8669, 4483.08
8676, 4400.51
8684, 4326.67
8692, 4294.36
8700, 4302.56
8707, 4343.08
8715, 4401.54
8722, 4469.74
8731, 4474.87
8739, 4398.46
8747, 4325.64
8755, 4293.85
8762, 4305.64
8770, 4345.64
8778, 4401.54
8786, 4468.21
8793, 4471.28
8801, 4396.41
8809, 4324.1
8817, 4295.9
8825, 4311.28
8833, 4345.13
8841, 4397.95
8848, 4463.59
8856, 4464.62
8864, 4393.33
8871, 4327.18
8879, 4300.51
8887, 4310.77
8895, 4345.13
8903, 4400
8910, 4464.62
8919, 4469.23
8927, 4397.95
8934, 4326.15
8942, 4301.54
8949, 4317.95
8958, 4349.74
8966, 4397.95
8974, 4461.54
8981, 4467.18
8989, 4396.41
8997, 4327.69
9005, 4304.62
9012, 4314.36
9020, 4342.56
9027, 4395.9
9036, 4463.59
9043, 4470.26
9052, 4397.44
9060, 4326.15
9067, 4300
9075, 4311.79
9083, 4346.15
9090, 4397.95
9099, 4461.54
9106, 4467.69
9114, 4396.41
9122, 4327.69
9130, 4302.05
9138, 4316.92
9145, 4351.28
9152, 4398.97
9160, 4460
9169, 4467.18
9177, 4396.41
9185, 4329.23
9192, 4305.13
9200, 4315.38
9208, 4346.15
9216, 4390.26
9223, 4427.69
9231, 4403.08
9239, 4372.82
9247, 4400.51
9255, 4390.77
9262, 4344.1
9271, 4363.59
9278, 4394.36
9285, 4377.95
9293, 4369.74
9302, 4379.49
9309, 4379.49
9318, 4377.44
9324, 4378.46
9333, 4376.92
9340, 4377.44
9349, 4377.44
9356, 4374.36
9364, 4376.92
9372, 4379.49
9379, 4378.97
9387, 4378.97
9395, 4376.92
9403, 4376.92
9410, 4375.38
9418, 4373.33
9426, 4375.9
9434, 4376.41
9442, 4376.41
9450, 4377.44
9457, 4377.95
9465, 4377.44
9473, 4372.82
9481, 4372.31
9489, 4375.38
9496, 4374.87
9504, 4373.85
9512, 4373.85
9520, 4373.85
9528, 4374.87
9536, 4371.79
9543, 4368.72
9551, 4371.79
9559, 4375.9
9567, 4372.82
9575, 4370.26
9582, 4375.9
9590, 4377.44
9598, 4375.9
9606, 4378.97
9614, 4380
9622, 4378.97
9629, 4378.97
9637, 4379.49
9645, 4380
9653, 4377.95
9661, 4377.95
9668, 4377.95
9676, 4378.46
9684, 4379.49
9692, 4375.38
9700, 4376.41
9708, 4381.03
9715, 4376.92
9723, 4372.82
9731, 4373.85
9739, 4376.92
9747, 4375.9
9754, 4373.85
9762, 4375.38
9770, 4376.41
9778, 4375.9
9786, 4377.44
9794, 4377.95
9801, 4378.97
9809, 4379.49
9817, 4378.46
9825, 4377.95
9833, 4376.41
9840, 4377.44
9848, 4377.44
9856, 4376.41
9864, 4381.03
9872, 4382.56
9880, 4377.44
9887, 4374.36
9895, 4377.95
9903, 4380.51
9911, 4376.41
9919, 4375.38
9927, 4377.44
9934, 4375.38
9942, 4376.41
9951, 4376.41
9958, 4375.38
9966, 4380.51
9973, 4380
9981, 4375.9
9989, 4378.97
9997, 4382.05
10005, 4378.46
10014, 4376.92
10020, 4381.03
10028, 4378.97
10036, 4374.87
10044, 4377.95
10052, 4380.51
10059, 4379.49
10067, 4378.46
10075, 4381.03
10083, 4385.64
10091, 4381.03
10099, 4374.36
10106, 4375.9
10114, 4378.46
10122, 4380.51
10130, 4381.03
10138, 4378.97
10145, 4378.46
10153, 4380.51
10161, 4381.54
10169, 4379.49
10177, 4379.49
10185, 4378.97
10192, 4375.38
10200, 4376.41
10208, 4381.54
10216, 4381.54
10224, 4380.51
10231, 4378.46
10239, 4378.46
10247, 4378.97
10255, 4376.41
10263, 4378.46
10271, 4378.97
10278, 4377.95
10286, 4380
10294, 4378.97
10302, 4377.95
10310, 4376.92
10318, 4375.38
10325, 4377.95
10334, 4381.54
10341, 4382.05
10349, 4379.49
10357, 4379.49
10364, 4382.05
10372, 4381.54
10380, 4379.49
10388, 4376.41
10396, 4375.38
10404, 4377.95
10411, 4376.41
10419, 4374.87
10427, 4377.44
10435, 4377.95
10444, 4376.41
10450, 4375.9
10458, 4377.44
10466, 4376.41
10474, 4372.82
10482, 4375.9
10490, 4381.54
10497, 4381.03
10505, 4374.87
10513, 4372.82
10521, 4381.03
10529, 4383.08
10536, 4374.36
10544, 4372.82
10552, 4379.49
10560, 4380.51
10568, 4375.9
10576, 4373.85
10583, 4376.92
10591, 4376.92
10599, 4377.95
10607, 4380
10615, 4376.92
10622, 4375.9
10630, 4374.87
10638, 4374.87
10646, 4376.92
10654, 4376.41
10662, 4375.9
10669, 4377.44
10677, 4380
10685, 4381.03
10693, 4375.9
10701, 4377.95
10708, 4385.13
10716, 4382.05
10724, 4376.41
10732, 4376.41
10740, 4380
10748, 4379.49
10755, 4375.38
10763, 4375.9
10771, 4377.95
10779, 4377.44
10787, 4373.33
10795, 4371.79
10802, 4380
10810, 4381.54
10818, 4375.9
10826, 4375.38
10834, 4376.41
10841, 4376.92
10849, 4374.36
10857, 4374.87
10865, 4378.97
10873, 4377.44
10880, 4375.9
10888, 4376.92
10897, 4375.9
10904, 4378.97
10912, 4384.62
10920, 4382.56
10927, 4375.38
10935, 4374.36
10943, 4377.44
10951, 4378.97
10959, 4382.05
10967, 4378.46
10974, 4372.31
10982, 4375.9
10990, 4378.46
10998, 4377.44
11006, 4377.95
11013, 4376.41
11021, 4376.92
11029, 4378.46
11037, 4376.41
11045, 4375.38
11053, 4377.44
11060, 4381.54
11068, 4378.97
11076, 4373.85
11084, 4378.46
11092, 4382.56
11099, 4379.49
11107, 4376.41
11115, 4378.46
11123, 4381.03
11131, 4377.44
11139, 4373.85
11146, 4375.38
11154, 4378.46
11162, 4378.46
11170, 4376.41
11178, 4378.97
11185, 4380
11193, 4376.41
11201, 4377.95
11209, 4377.95
11217, 4373.33
11225, 4373.85
11232, 4376.92, estimuli
11240, 4378.46
11248, 4378.46
11256, 4378.97
11264, 4379.49
11271, 4375.9
11279, 4374.87
11287, 4375.9
11295, 4375.38
11303, 4377.95
11311, 4380
11318, 4377.44
11326, 4377.95
11334, 4379.49
11342, 4375.9
11350, 4376.92
11357, 4382.05
11365, 4371.79
11373, 4386.15
11381, 4440
11389, 4447.69
11397, 4384.1
11404, 4313.33
11412, 4276.92
11420, 4295.9
11428, 4326.67
11436, 4379.49
11443, 4483.59
11451, 4522.56
11459, 4445.13
11467, 4328.72
11475, 4255.9
11483, 4271.28
11490, 4326.15
11498, 4398.46
11506, 4492.82
11514, 4513.85
11522, 4426.15
11530, 4328.21
11537, 4271.79
11545, 4277.44
11553, 4329.23
11561, 4398.46
11569, 4483.08
11576, 4502.05
11584, 4420.51
11592, 4326.15
11600, 4275.9
11608, 4285.13
11616, 4333.33
11623, 4397.95
11631, 4479.49
11639, 4496.92
11647, 4415.38
11655, 4331.28
11662, 4290.26
11670, 4292.31
11678, 4331.28
11686, 4397.44
11694, 4483.59
11702, 4504.1
11709, 4422.05
11717, 4329.23
11725, 4276.41
11733, 4281.54
11741, 4332.82
11748, 4394.87
11756, 4472.31
11764, 4496.92
11772, 4417.44
11780, 4325.64
11788, 4280
11795, 4286.67
11803, 4331.79
11811, 4393.85
11819, 4472.31
11827, 4494.87
11834, 4415.38
11842, 4326.67
11850, 4288.72
11858, 4301.54
11866, 4341.03
11874, 4392.31
11881, 4465.64
11889, 4488.21
11897, 4417.44
11905, 4331.28
11913, 4289.74
11920, 4301.54
11928, 4340.51
11936, 4393.85
11944, 4464.1
11952, 4484.1
11960, 4416.41
11967, 4333.33
11975, 4291.79
11983, 4304.62
11991, 4340.51
11999, 4389.23
12006, 4460.51
12014, 4482.56
12022, 4414.36
12030, 4329.74
12038, 4292.82
12046, 4308.72
12053, 4344.1
12061, 4393.33
12069, 4461.54
12077, 4477.95
12085, 4410.26
12093, 4333.33
12100, 4296.41
12108, 4305.64
12116, 4340.51
12124, 4390.77
12133, 4458.46
12139, 4475.38
12147, 4407.18
12155, 4335.38
12164, 4304.62
12171, 4307.69
12179, 4339.49
12186, 4394.36
12194, 4462.05
12202, 4478.46
12210, 4409.23
12218, 4331.79
12225, 4298.46
12233, 4309.23
12241, 4344.1
12249, 4391.79
12257, 4458.97
12265, 4476.41
12272, 4405.64
12280, 4330.77
12288, 4303.08
12296, 4314.87
12304, 4344.62
12311, 4390.77
12319, 4460
12327, 4476.41
12335, 4407.18
12343, 4333.33
12351, 4298.46
12358, 4308.72
12366, 4349.23
12374, 4394.87
12382, 4429.23
12390, 4411.28
12397, 4375.9
12405, 4391.79
12413, 4390.77
12421, 4348.21
12429, 4362.56
12437, 4395.9
12444, 4376.92
12452, 4366.15
12460, 4381.54
12468, 4380.51
12476, 4373.33
12483, 4377.95
12491, 4379.49
12499, 4377.95
12507, 4376.41
12515, 4376.92
12523, 4381.03
12530, 4378.97
12538, 4375.9
12546, 4378.46
12554, 4375.9
12562, 4367.69
12569, 4358.97
12577, 4354.36
12585, 4352.31
12593, 4351.28
12601, 4354.87
12609, 4359.49
12616, 4361.03
12624, 4363.59
12632, 4368.21
12640, 4376.92
12648, 4386.67
12656, 4391.79
12663, 4391.79
12671, 4390.77
12679, 4394.87
12687, 4395.9
12695, 4388.72
12702, 4382.05
12710, 4380.51
12718, 4378.46
12726, 4375.9
12734, 4378.97
12742, 4386.67
12749, 4385.13
12758, 4378.97
12765, 4382.56
12773, 4387.18
12781, 4387.18
12788, 4389.23
12796, 4388.72
12804, 4387.18
12812, 4386.15
12820, 4382.05
12828, 4377.95
12835, 4378.46
12843, 4379.49
12851, 4375.38
12859, 4376.41
12867, 4381.54
12875, 4380.51
12882, 4376.41
12890, 4373.33
12898, 4376.41
12906, 4380.51
12915, 4376.92
12921, 4378.46
12929, 4389.23
12937, 4395.9
12945, 4395.38
12953, 4394.36
12961, 4395.38
12968, 4393.85
12976, 4386.67
12984, 4383.59
12992, 4388.21
13000, 4389.23
13007, 4383.08
13015, 4380
13023, 4382.05
13031, 4375.38
13039, 4365.64
13046, 4364.62
13054, 4364.62
13062, 4363.59
13070, 4365.64
13078, 4370.77
13086, 4381.03
13093, 4387.18
13101, 4392.82
13109, 4401.03
13117, 4402.05
13125, 4396.92
13133, 4395.38
13140, 4397.44
13148, 4391.28
13156, 4381.54
13164, 4375.38
13172, 4368.72
13179, 4365.64
13187, 4364.62
13195, 4362.05
13203, 4364.1
13211, 4368.21
13219, 4369.74
13226, 4371.79
13234, 4374.36
13242, 4382.56
13250, 4387.69
13258, 4385.64
13265, 4387.69
13273, 4389.74
13281, 4388.21
13289, 4385.13
13297, 4381.03
13305, 4381.03
13312, 4381.54
13320, 4378.46
13328, 4374.87
13336, 4378.97
13344, 4383.59
13351, 4377.95
13359, 4378.46
13367, 4388.72
13375, 4390.77
13383, 4389.74
13391, 4394.87
13398, 4400.51
13406, 4399.49
13414, 4393.85
13422, 4391.28
13430, 4386.15
13437, 4376.92
13445, 4370.77
13453, 4369.74
13461, 4372.31
13469, 4371.28
13477, 4369.23
13484, 4371.28
13492, 4373.33
13500, 4372.82
13508, 4370.26
13516, 4374.87
13523, 4382.05
13531, 4380
13539, 4376.41
13547, 4380.51
13555, 4385.64
13563, 4384.62
13570, 4376.92
13578, 4376.41
13586, 4381.54
13594, 4382.56
13602, 4383.08
13609, 4387.18
13617, 4393.33
13625, 4396.41
13633, 4392.82
13641, 4390.77
13649, 4388.72
13656, 4387.69
13664, 4387.18
13672, 4381.54
13680, 4377.95
13688, 4378.46
13696, 4380.51
13703, 4384.62
13711, 4387.18
13719, 4387.69
13727, 4382.05
13735, 4381.03
13743, 4384.62
13750, 4380
13758, 4376.92
13766, 4383.08
13774, 4388.72
13783, 4388.72
13789, 4385.13
13797, 4384.1
13805, 4384.62
13813, 4381.54
13821, 4379.49
13828, 4377.44
13836, 4376.41
13844, 4380.51
13852, 4381.54
13860, 4383.59
13868, 4384.62
13875, 4383.08
13883, 4384.62
13891, 4386.67
13899, 4385.64
13907, 4382.05
13914, 4377.95
13922, 4378.97
13930, 4382.05
13938, 4387.69
13946, 4396.92
13954, 4407.69
13962, 4421.03
13970, 4426.67
13977, 4425.64
13985, 4425.64
13993, 4421.54
14000, 4416.92
14008, 4411.28
14016, 4405.13
14024, 4400.51
14032, 4394.87
14040, 4389.23
14047, 4383.59
14055, 4381.03
14063, 4376.92
14071, 4371.28
14079, 4372.31
14087, 4372.31
14094, 4365.13
14102, 4361.54
14110, 4366.15
14118, 4372.31
14126, 4371.79
14133, 4370.77
14141, 4377.44
14149, 4382.05
14157, 4382.56
14165, 4382.56
14172, 4381.54
14180, 4380
14188, 4373.85
14196, 4369.74
14204, 4372.82
14212, 4375.9
14219, 4374.87
14227, 4373.33
14235, 4379.49
14243, 4385.13
14251, 4375.9
14258, 4369.74
14266, 4374.36
14274, 4374.36
14282, 4371.79
14290, 4371.79
14298, 4372.31
14305, 4369.23
14313, 4364.1
14321, 4364.1
14329, 4366.67
14337, 4370.77
14345, 4371.79
14352, 4367.69
14360, 4370.77
14368, 4373.33
14376, 4369.74
14385, 4372.31
14391, 4377.44
14399, 4376.92
14407, 4372.31
14415, 4369.23
14423, 4371.79
14431, 4371.28
14438, 4369.74
14446, 4371.28
14454, 4375.9
14462, 4377.44
14470, 4372.82
14477, 4371.28
14485, 4374.87
14493, 4374.87
14501, 4370.77
14509, 4367.18
14517, 4369.23
14524, 4372.31
14532, 4368.21
14540, 4368.72
14548, 4374.36
14556, 4374.87
14563, 4373.85
14571, 4378.46
14579, 4385.13
14587, 4385.13
14595, 4383.59
14604, 4387.69
14610, 4391.79
14618, 4394.87
14626, 4391.79
14634, 4385.64
14642, 4385.64
14650, 4378.97
14657, 4366.15
14665, 4363.08
14673, 4365.64
14681, 4361.54
14689, 4352.82
14696, 4352.82
14704, 4361.54
14712, 4365.64
14720, 4364.62
14728, 4366.15
14736, 4375.9
14743, 4382.05
14751, 4380
14759, 4384.1
14767, 4387.69
14775, 4385.64
14782, 4384.62
14790, 4383.59
14798, 4386.15
14806, 4386.67
14815, 4384.1
14822, 4384.62
14829, 4386.15
14837, 4388.72
14845, 4385.13
14853, 4380.51
14861, 4385.64
14868, 4388.72
14876, 4383.59
14884, 4377.95
14892, 4376.41
14900, 4374.87
14908, 4368.21
14915, 4366.15
14923, 4369.74
14931, 4370.26
14939, 4372.82
14947, 4377.44
14954, 4383.59
14962, 4390.77
14970, 4396.92
14978, 4398.97
14986, 4395.38
14994, 4395.9
15001, 4397.95
15010, 4389.74
15017, 4385.13
15025, 4381.03
15033, 4371.28
15040, 4365.64
15048, 4361.54
15056, 4354.87
15064, 4350.26
15072, 4356.41
15080, 4370.77
15087, 4374.36
15095, 4371.28
15103, 4369.74
15112, 4373.85
15119, 4380
15126, 4372.31
15134, 4366.15
15142, 4374.36
15150, 4378.46
15158, 4378.97
15166, 4381.54
15173, 4388.21
15181, 4395.9
15189, 4391.79
15197, 4386.67
15205, 4392.31
15213, 4398.46
15220, 4401.54
15228, 4405.13
15236, 4404.62
15244, 4400
15252, 4403.08
15259, 4408.21
15267, 4401.03
15275, 4394.36
15283, 4391.79
15291, 4384.62
15299, 4383.59
15306, 4384.62
15314, 4381.54
15322, 4380.51
15330, 4382.05
15338, 4384.62
15345, 4386.67
15353, 4383.08
15361, 4375.9
15369, 4374.87
15377, 4381.54
15385, 4377.44
15392, 4368.72
15400, 4370.26
15408, 4372.82
15416, 4374.36
15424, 4383.08
15431, 4387.69
15439, 4385.13
15447, 4382.05
15455, 4382.05
15463, 4379.49
15472, 4372.82
15478, 4371.28
15486, 4371.28
15494, 4372.31
15502, 4374.36
15510, 4374.36
15517, 4378.46
15525, 4380.51
15533, 4374.36
15541, 4372.31
15549, 4373.85
15557, 4369.74
15564, 4363.59
15572, 4361.03
15580, 4363.08
15588, 4365.64
15596, 4366.15
15603, 4367.69
15611, 4369.74
15619, 4367.18
15627, 4361.03
15635, 4359.49
15643, 4365.13
15650, 4367.18
15658, 4362.56
15666, 4360
15674, 4362.56
15682, 4365.64
15689, 4364.62
15697, 4363.08
15705, 4364.62
15713, 4366.67
15721, 4367.69
15729, 4366.15
15736, 4368.72
15744, 4370.77
15752, 4369.74
15760, 4372.31
15768, 4372.82
15776, 4375.9
15783, 4377.95
15791, 4373.33
15799, 4372.82
15807, 4374.87
15815, 4374.36
15822, 4373.33
15830, 4370.26
15838, 4370.26
15846, 4372.31
15854, 4366.67
15862, 4360.51
15869, 4361.54
15877, 4356.92
15885, 4341.03
15893, 4336.41
15902, 4345.64
15908, 4353.33
15916, 4367.18
15924, 4385.64
15932, 4389.23
15940, 4387.18
15948, 4385.13
15955, 4382.56
15963, 4378.46
15971, 4375.38
15979, 4374.87
15988, 4371.79
15994, 4372.82
16002, 4374.36
16010, 4370.26
16018, 4373.33
16026, 4378.46
16034, 4373.85
16041, 4369.23
16050, 4373.85
16057, 4380
16065, 4377.44
16073, 4374.36
16080, 4379.49
16088, 4381.03
16096, 4378.97
16104, 4375.38
16112, 4373.85
16120, 4378.46
16127, 4379.49
16135, 4376.92
16143, 4377.95
16151, 4378.46
16159, 4377.44
16167, 4376.41
16174, 4378.46
16182, 4379.49
16190, 4374.36
16199, 4369.74
16206, 4372.31
16213, 4377.44
16221, 4376.41
16229, 4372.31
16237, 4374.36
16245, 4377.95
16252, 4374.36
16260, 4368.72
16268, 4371.28
16276, 4378.46
16284, 4376.92
16292, 4371.79
16299, 4375.38
16307, 4375.9
16315, 4370.26
16323, 4371.28
16332, 4377.95
16339, 4379.49
16347, 4374.87
16354, 4374.87
16362, 4374.87
16370, 4372.31
16378, 4375.9
16385, 4377.44
16393, 4373.33
16401, 4374.36
16410, 4374.87
16417, 4373.85
16425, 4376.92
16432, 4378.97
16441, 4375.9
16448, 4372.31
16456, 4375.9
16465, 4378.46
16471, 4372.31
16479, 4371.79
16488, 4376.41
16495, 4377.44
16503, 4373.85
16512, 4372.82
16518, 4378.97
16526, 4381.54
16535, 4376.92
16542, 4373.85
16550, 4374.36
16557, 4375.9
16565, 4375.38
16573, 4375.9
16581, 4377.44
16589, 4376.41
16597, 4375.38
16604, 4376.92
16612, 4376.92
16620, 4377.44
16628, 4375.9
16636, 4373.33
16643, 4372.31
16651, 4374.87
16659, 4376.92
16667, 4372.82
16675, 4373.33
16683, 4376.92
16690, 4370.77
16698, 4369.23
16707, 4375.38
16714, 4377.44
16722, 4376.92
16729, 4376.41
16737, 4375.38
16745, 4375.38
16753, 4373.85
16761, 4371.28
16769, 4373.33
16776, 4380
16784, 4377.95
16792, 4372.82
16800, 4375.9
16808, 4376.92
16815, 4375.9
16823, 4374.87
16831, 4372.82
16839, 4374.36
16847, 4373.85
16855, 4373.33
16862, 4374.36
16870, 4376.92
16878, 4378.46
16886, 4374.87
16894, 4374.87
16902, 4377.95
16909, 4376.41
16917, 4373.33
16926, 4375.9
16933, 4380.51
16941, 4378.46
16949, 4371.28
16956, 4373.85
16964, 4380
16972, 4374.36
16980, 4373.33
16988, 4382.05
16995, 4383.59
17003, 4375.9
17011, 4373.33
17019, 4378.46
17027, 4377.95
17034, 4373.33
17042, 4374.36
17050, 4376.92
17058, 4377.44
17066, 4375.38
17074, 4375.38
17081, 4377.95
17089, 4377.95
17097, 4378.97
17105, 4380
17113, 4377.95
17120, 4377.44
17128, 4378.97
17136, 4378.46
17144, 4373.33
17152, 4374.36
17160, 4378.97
17167, 4373.33
17175, 4372.82
17183, 4380
17191, 4377.95
17199, 4378.97
17206, 4379.49
17214, 4371.79
17222, 4370.26
17230, 4376.92
17238, 4377.95
17246, 4372.31
17253, 4373.33
17261, 4376.92
17269, 4374.87
17277, 4375.9
17285, 4375.38
17292, 4372.82
17300, 4374.87
17308, 4376.92
17316, 4376.41
17324, 4376.41
17332, 4375.9
17339, 4375.38
17347, 4377.95
17355, 4378.46
17363, 4374.87
17371, 4374.36
17378, 4380
17386, 4378.97
17394, 4374.87
17402, 4377.95
17410, 4378.97
17418, 4373.33
17425, 4371.28
17433, 4378.97
17441, 4381.03
17449, 4374.36
17457, 4374.36
17465, 4376.41
17472, 4373.33
17480, 4372.82
17488, 4372.82
17496, 4372.31
17504, 4374.87
17511, 4376.41
17519, 4375.9
17527, 4373.85
17535, 4375.38
17543, 4378.46
17551, 4376.92
17559, 4375.9
17566, 4372.82
17574, 4370.77
17582, 4372.31
17590, 4373.33
17597, 4376.92
17605, 4378.97
17613, 4377.95
17621, 4377.44
17629, 4374.87
17637, 4373.33
17644, 4375.9
17652, 4378.46
17660, 4376.92
17668, 4374.36
17676, 4376.92
17683, 4375.9
17691, 4372.82
17699, 4376.41
17707, 4380
17715, 4378.97
17723, 4375.9
17730, 4373.33
17738, 4377.44
17746, 4377.95
17754, 4374.87
17762, 4375.38
17769, 4372.82
17777, 4372.31
17785, 4374.36
17793, 4373.33
17801, 4375.38
17809, 4380
17816, 4380.51
17824, 4374.87
17832, 4373.33
17840, 4376.92
17848, 4375.38
17856, 4372.82
17863, 4377.44
17871, 4377.95
17879, 4373.85
17887, 4374.87
17895, 4380.51
17902, 4381.03
17910, 4374.87
17918, 4370.77
17926, 4374.36
17934, 4378.46
17941, 4375.38
17950, 4371.28
17957, 4376.41, estimuli
17965, 4379.49
17973, 4373.85
17981, 4370.77
17988, 4373.33
17996, 4380
18004, 4377.95
18012, 4372.82
18020, 4377.95
18028, 4381.03
18035, 4374.87
18043, 4369.23
18051, 4373.33
18059, 4376.92
18067, 4372.31
18074, 4376.92
18082, 4375.9
18090, 4372.82
18098, 4409.23
18106, 4441.54
18114, 4405.64
18121, 4344.1
18129, 4307.69
18137, 4306.67
18145, 4320.51
18154, 4346.67
18160, 4423.59
18169, 4486.15
18176, 4457.95
18184, 4372.82
18192, 4295.38
18200, 4281.54
18207, 4315.38
18215, 4365.13
18223, 4438.46
18231, 4488.21
18239, 4446.15
18246, 4362.56
18254, 4304.1
18262, 4288.21
18270, 4319.49
18278, 4369.23
18286, 4433.33
18293, 4482.05
18301, 4445.64
18309, 4364.62
18317, 4308.72
18325, 4295.9
18333, 4321.54
18340, 4364.62
18348, 4431.79
18356, 4484.62
18365, 4444.62
18372, 4358.97
18379, 4308.21
18387, 4300.51
18395, 4324.62
18403, 4365.64
18411, 4434.87
18419, 4488.21
18426, 4446.67
18434, 4365.64
18442, 4311.28
18450, 4294.87
18458, 4318.97
18465, 4366.15
18473, 4435.9
18481, 4483.59
18489, 4437.95
18497, 4356.92
18504, 4309.23
18512, 4299.49
18520, 4320.51
18528, 4358.97
18536, 4428.21
18544, 4481.54
18551, 4440.51
18559, 4359.49
18567, 4310.26
18575, 4301.54
18583, 4325.13
18591, 4365.13
18598, 4428.21
18606, 4475.9
18614, 4438.97
18622, 4357.44
18630, 4308.72
18637, 4309.23
18645, 4328.72
18653, 4357.95
18661, 4422.56
18669, 4473.85
18677, 4436.92
18684, 4355.38
18692, 4306.67
18700, 4305.64
18708, 4329.23
18717, 4363.08
18723, 4420.51
18731, 4469.23
18740, 4436.92
18747, 4358.46
18755, 4311.79
18763, 4310.77
18770, 4331.28
18778, 4363.59
18786, 4421.03
18794, 4466.67
18802, 4433.85
18809, 4359.49
18817, 4312.82
18825, 4307.69
18833, 4332.82
18841, 4372.31
18849, 4427.69
18856, 4469.23
18864, 4435.38
18872, 4363.59
18880, 4317.95
18888, 4309.74
18895, 4330.26
18903, 4366.67
18911, 4424.1
18919, 4467.18
18927, 4430.77
18935, 4358.46
18942, 4314.36
18950, 4307.18
18958, 4325.64
18966, 4363.08
18974, 4426.67
18982, 4469.23
18989, 4428.72
18997, 4357.44
19005, 4313.85
19013, 4306.15
19021, 4326.15
19028, 4363.59
19036, 4424.62
19044, 4466.67
19052, 4429.74
19060, 4360
19067, 4314.36
19075, 4303.08
19083, 4321.54
19091, 4362.56
19099, 4412.31
19107, 4415.38
19114, 4373.85
19122, 4375.38
19130, 4394.87
19138, 4362.05
19146, 4345.13
19154, 4379.49
19161, 4382.05
19169, 4362.05
19177, 4367.18
19185, 4371.79
19193, 4364.1
19200, 4362.56
19208, 4365.13
19217, 4363.59
19224, 4361.03
19232, 4360.51
19240, 4364.1
19247, 4364.62
19255, 4362.05
19263, 4361.54
19271, 4367.18
19279, 4373.33
19286, 4371.79
19294, 4371.79
19302, 4375.38
19310, 4377.44
19318, 4378.97
19326, 4375.38
19333, 4373.85
19341, 4374.87
19349, 4372.31
19357, 4371.79
19365, 4372.82
19372, 4371.79
19380, 4372.31
19388, 4375.9
19396, 4377.95
19404, 4373.33
19412, 4373.85
19419, 4378.46
19427, 4375.38
19435, 4374.87
19443, 4378.97
19451, 4374.87
19458, 4370.26
19466, 4372.82
19474, 4377.95
19482, 4378.97
19490, 4376.41
19498, 4377.44
19505, 4377.95
19513, 4376.41
19521, 4375.38
19529, 4375.9
19537, 4377.44
19545, 4376.41
19552, 4376.41
19560, 4378.46
19568, 4375.38
19576, 4374.87
19584, 4377.44
19591, 4378.46
19599, 4378.46
19607, 4377.95
19615, 4376.41
19623, 4373.85
19632, 4377.44
19638, 4381.03
19646, 4371.28
19654, 4367.69
19662, 4376.92
19670, 4379.49
19677, 4380.51
19685, 4382.56
19693, 4379.49
19701, 4376.92
19709, 4376.92
19717, 4377.44
19724, 4374.36
19732, 4372.82
19740, 4372.31
19748, 4371.79
19756, 4375.38
19763, 4375.9
19771, 4371.79
19779, 4371.79
19787, 4374.87
19795, 4376.41
19803, 4378.46
19810, 4380.51
19818, 4377.44
19826, 4372.82
19834, 4374.36
19842, 4375.9
19849, 4371.79
19857, 4372.82
19865, 4373.85
19873, 4375.9
19881, 4381.54
19889, 4381.03
19896, 4381.54
19904, 4386.15
19912, 4385.64
19920, 4381.03
19928, 4377.95
19935, 4380.51
19943, 4384.1
19951, 4383.08
19959, 4380
19967, 4377.95
19975, 4376.92
19982, 4375.9
19990, 4378.46
19998, 4383.59
20006, 4382.05
20014, 4380.51
20021, 4382.56
20029, 4382.05
20037, 4381.03
20045, 4383.08
20053, 4383.08
20061, 4378.46
20068, 4375.38
20076, 4377.95
20084, 4378.97
20092, 4380
20100, 4380.51
20107, 4378.97
20115, 4381.54
20123, 4383.08
20131, 4378.46
20139, 4376.41
20147, 4378.46
20154, 4380.51
20162, 4380.51
20170, 4380.51
20178, 4379.49
20186, 4375.38
20194, 4376.41
20201, 4377.95
20209, 4376.41
20217, 4377.95
20225, 4378.46
20233, 4376.92
20240, 4374.36
20248, 4371.79
20256, 4374.36
20264, 4371.28
20272, 4366.67
20280, 4370.77
20287, 4369.74
20295, 4367.18
20303, 4370.77
20311, 4370.26
20319, 4365.13
20326, 4364.1
20334, 4371.28
20342, 4374.36
20350, 4372.31
20358, 4371.28
20366, 4371.79
20373, 4377.44
20381, 4380.51
20389, 4371.79
20397, 4365.64
20405, 4369.23
20412, 4373.33
20420, 4370.77
20428, 4371.79
20436, 4377.44
20444, 4377.95
20452, 4376.41
20459, 4374.36
20467, 4374.87
20475, 4379.49
20483, 4377.95
20491, 4372.31
20500, 4377.44
20506, 4381.54
20514, 4383.08
20522, 4387.69
20530, 4388.72
20538, 4387.18
20545, 4384.1
20553, 4385.13
20561, 4386.67
20569, 4386.15
20577, 4383.08
20584, 4376.92
20592, 4375.9
20600, 4377.95
20608, 4377.95
20616, 4380
20624, 4380.51
20631, 4379.49
20639, 4380
20647, 4376.41
20655, 4376.92
20663, 4381.54
20671, 4380
20678, 4380
20686, 4383.59
20694, 4381.54
20702, 4375.9
20710, 4376.92
20717, 4378.46
20725, 4370.26
20733, 4367.18
20741, 4370.26
20749, 4369.74
20757, 4372.31
20764, 4375.38
20772, 4370.77
20780, 4366.67
20788, 4362.56
20796, 4359.49
20803, 4363.08
20811, 4367.69
20819, 4364.1
20827, 4361.54
20835, 4367.18
20843, 4368.72
20850, 4369.23
20858, 4374.36
20867, 4370.77
20874, 4367.18
20882, 4369.74
20889, 4370.77
20897, 4373.85
20906, 4381.03
20914, 4389.23
20922, 4391.79
20929, 4390.26
20936, 4389.74
20944, 4385.13
20952, 4380.51
20960, 4374.36
20968, 4371.79
20976, 4374.36
20983, 4373.85
20991, 4373.85
20999, 4376.41
21007, 4380
21015, 4390.77
21022, 4394.87
21030, 4388.21
21038, 4386.15
21046, 4389.23
21054, 4391.79
21062, 4392.82
21069, 4387.18
21077, 4388.21
21085, 4392.31
21093, 4387.18
21101, 4385.13
21109, 4386.15
21117, 4385.13
21124, 4382.56
21132, 4383.59
21140, 4384.62
21148, 4384.1
21155, 4386.15
21163, 4384.1
21171, 4381.54
21179, 4383.08
21187, 4383.59
21194, 4382.56
21202, 4378.46
21210, 4374.87
21218, 4378.46
21226, 4382.05
21234, 4382.56
21241, 4380
21249, 4378.97
21257, 4381.03
21265, 4381.03
21273, 4377.44
21280, 4376.92
21288, 4378.97
21296, 4382.05
21304, 4381.03
21312, 4379.49
21320, 4380.51
21327, 4382.05
21335, 4381.54
21343, 4377.95
21351, 4378.46
21359, 4380.51
21366, 4376.41
21374, 4378.46
21382, 4385.13
21390, 4383.59
21398, 4383.08
21406, 4381.54
21413, 4373.33
21421, 4368.21
21429, 4374.36
21437, 4378.97
21445, 4374.36
21452, 4375.38
21460, 4376.92
21468, 4375.38
21476, 4376.92
21484, 4375.9
21492, 4374.36
21499, 4377.44
21507, 4378.97
21515, 4378.97
21523, 4380
21531, 4380
21539, 4374.36
21546, 4371.79
21554, 4377.95
21562, 4378.97
21570, 4376.41
21578, 4380.51
21585, 4378.46
21593, 4376.41
21601, 4381.03
21609, 4380
21617, 4375.9
21625, 4373.85
21632, 4377.44
21640, 4376.41
21648, 4368.72
21656, 4369.23
21664, 4371.79
21672, 4368.21
21679, 4367.69
21687, 4369.23
21695, 4370.77
21703, 4368.72
21711, 4367.18
21718, 4370.26
21726, 4374.87
21734, 4377.95
21743, 4376.41
21750, 4374.87
21757, 4377.44
21765, 4376.92
21773, 4372.31
21781, 4373.33
21789, 4380
21797, 4382.05
21804, 4379.49
21812, 4382.56
21820, 4380.51
21828, 4374.36
21836, 4377.95
21843, 4378.97
21851, 4376.41
21859, 4377.95
21867, 4376.92
21875, 4375.9
21883, 4378.46
21890, 4378.97
21898, 4375.9
21906, 4373.85
21914, 4378.46
21922, 4382.56
21929, 4378.46
21937, 4377.95
21946, 4382.05
21953, 4382.05
21961, 4375.9
21969, 4374.36
21977, 4381.54
21984, 4382.05
21992, 4378.97
22000, 4378.46
22008, 4377.44
22015, 4378.97
22023, 4378.46
22031, 4376.41
22039, 4378.46
22047, 4380
22055, 4377.44
22062, 4373.85
22070, 4375.38
22078, 4375.9
22086, 4371.79
22094, 4375.9
22102, 4383.59
22109, 4381.54
22117, 4375.38
22125, 4374.87
22133, 4377.44
22141, 4376.92
22148, 4375.9
22156, 4376.92
22164, 4377.44
22172, 4376.92
22180, 4376.92
22188, 4377.95
22195, 4380
22203, 4376.92
22211, 4374.36
22219, 4378.97
22227, 4382.56
22234, 4381.03
22242, 4372.31
22250, 4371.28
22258, 4378.46
22266, 4380
22274, 4377.44
22281, 4374.36
22289, 4377.44
22297, 4381.03
22305, 4376.92
22313, 4376.41
22320, 4381.54
22328, 4380
22336, 4375.38
22344, 4376.41
22352, 4379.49
22361, 4376.92
22367, 4372.31
22375, 4376.41
22383, 4380.51
22391, 4377.44
22399, 4374.87
22406, 4375.9
22414, 4377.44
22422, 4374.87
22430, 4375.38
22438, 4379.49
22446, 4376.41
22453, 4371.79
22461, 4372.31
22469, 4375.38
22477, 4378.97
22485, 4377.44
22492, 4375.9
22500, 4376.41
22508, 4378.46
22516, 4381.03
22524, 4376.41
22532, 4374.87
22539, 4381.03
22547, 4381.54
22555, 4378.97
22563, 4377.44
22572, 4378.97
22578, 4379.49
22586, 4373.85
22595, 4373.33
22602, 4379.49
22610, 4381.54
22618, 4374.87
22625, 4373.33
22633, 4381.54
22641, 4382.56
22649, 4375.38
22657, 4374.87
22664, 4377.44
22672, 4378.46
22681, 4376.41
22688, 4373.33
22696, 4375.9
22704, 4378.97
22711, 4377.44
22719, 4374.87
22727, 4375.38
22735, 4377.95
22743, 4372.82
22751, 4371.28
22758, 4382.05
22766, 4383.59
22774, 4375.9
22782, 4375.9
22790, 4381.03
22797, 4379.49
22805, 4373.85
22813, 4376.41
22821, 4377.44
22829, 4375.9
22837, 4378.46
22844, 4376.41
22852, 4374.36
22860, 4373.85
22868, 4367.69
22876, 4365.13
22883, 4367.69
22891, 4365.64
22899, 4364.1
22907, 4371.28
22915, 4376.92
22923, 4373.33
22930, 4373.33
22938, 4376.92
22946, 4376.41
22954, 4376.41
22962, 4374.87
22970, 4374.87
22977, 4378.97
22985, 4377.95
22993, 4377.44
23001, 4378.46
23009, 4377.95
23016, 4378.46
23024, 4377.95
23032, 4380.51
23040, 4386.67
23048, 4386.15
23055, 4376.92
23064, 4373.33
23071, 4382.05
23079, 4383.08
23087, 4374.36
23095, 4377.44
23103, 4384.1
23111, 4381.54
23118, 4377.44
23126, 4378.97
23134, 4381.03
23141, 4377.95
23149, 4375.9
23157, 4380
23165, 4381.03
23173, 4379.49
23181, 4378.46
23188, 4381.03
23196, 4384.62
23204, 4378.97
23212, 4375.9
23220, 4381.03
23228, 4382.05
23235, 4377.44
23243, 4374.87
23251, 4382.05
23259, 4387.18
23267, 4382.56
23274, 4377.95
23282, 4375.9
23290, 4379.49
23298, 4379.49
23306, 4374.36
23313, 4374.36
23321, 4376.92
23330, 4376.92
23337, 4376.41
23345, 4377.44
23353, 4379.49
23360, 4376.92
23368, 4373.33
23376, 4378.46
23384, 4380.51
23393, 4377.95
23400, 4378.97
23407, 4380
23416, 4380
23423, 4375.38
23431, 4374.36
23439, 4379.49
23446, 4382.56
23454, 4381.54
23462, 4377.44
23470, 4376.92
23478, 4380
23486, 4378.46
23493, 4373.85
23501, 4373.33
23509, 4376.92
23517, 4378.46
23525, 4374.36
23532, 4376.41
23541, 4378.97
23548, 4377.95
23556, 4376.41
23564, 4375.38
23572, 4377.44
23579, 4377.44
23587, 4375.9
23595, 4378.46
23603, 4375.9
23611, 4374.87
23618, 4377.95
23626, 4376.41
23634, 4377.44
23642, 4380
23650, 4378.97
23658, 4380.51
23665, 4381.54
23673, 4377.95
23681, 4373.85
23689, 4375.9
23697, 4376.92
23705, 4372.31
23712, 4373.85
23720, 4377.95
23728, 4378.46
23736, 4376.92
23744, 4374.87
23752, 4375.9
23759, 4376.41
23767, 4376.41
23775, 4376.41
23783, 4375.38
23792, 4375.9
23798, 4375.38
23806, 4374.87
23814, 4378.46
23822, 4377.95
23830, 4375.9
23837, 4377.44
23845, 4374.36
23853, 4374.36
23861, 4379.49
23869, 4380
23877, 4377.44
23884, 4375.38
23892, 4376.92
23900, 4377.44
23908, 4378.46
23916, 4378.46
23924, 4374.36
23931, 4376.92
23939, 4378.97
23947, 4377.44
23955, 4378.46
23963, 4373.33
23970, 4372.31
23978, 4378.46
23986, 4377.44
23994, 4376.92
24002, 4380
24010, 4380
24017, 4376.41
24025, 4374.36
24033, 4378.46
24041, 4381.03
24049, 4377.44
24056, 4374.36
24064, 4376.41
24078, 4382.05
24080, 4379.49
24088, 4372.31
24096, 4373.85
24103, 4378.97
24111, 4379.49
24119, 4372.82
24127, 4372.82
24135, 4381.54
24142, 4378.46
24150, 4373.33
24158, 4379.49
24166, 4380.51
24174, 4375.9
24182, 4373.33
24189, 4376.92
24197, 4379.49
24205, 4376.41
24213, 4375.9
24221, 4376.41
24228, 4378.97
24236, 4380
24244, 4375.9
24252, 4378.97
24260, 4380.51
24268, 4370.77
24275, 4367.18
24283, 4372.31
24291, 4373.33
24299, 4367.18
24307, 4362.56
24314, 4368.21
24322, 4371.28
24330, 4366.67
24338, 4367.18
24346, 4371.79
24354, 4374.36
24361, 4372.82
24369, 4371.79
24377, 4372.31
24385, 4377.44
24393, 4381.03
24400, 4373.85
24408, 4373.85
24416, 4377.44
24424, 4373.33
24432, 4374.87
24440, 4380
24447, 4380.51
24455, 4377.44
24463, 4373.33
24471, 4376.92
24479, 4382.05
24487, 4381.54
24494, 4380
24502, 4376.92
24510, 4376.92
24518, 4377.44
24526, 4373.85
24534, 4377.95
24541, 4383.59
24549, 4380.51
24557, 4374.36
24565, 4375.9
24573, 4381.03
24580, 4377.95
24588, 4373.33
24596, 4378.46
24604, 4382.05
24612, 4380.51
24619, 4380
24627, 4381.54
24636, 4378.46
24643, 4372.31
24651, 4375.38
24659, 4380.51
24666, 4377.95
24674, 4376.92
24682, 4376.41
24690, 4375.9
24698, 4376.41
24706, 4379.49
24713, 4380
24721, 4374.36
24729, 4375.9
24737, 4379.49
24745, 4375.38
24752, 4374.36
24760, 4378.46
24768, 4379.49
24776, 4377.95
24784, 4376.92
24791, 4378.97
24799, 4378.97
24807, 4379.49
24815, 4384.1
24823, 4382.05
24831, 4379.49
24838, 4374.87
24847, 4371.28
24854, 4376.92
24862, 4378.97
24870, 4376.92
24878, 4378.97
24885, 4380.51
24893, 4376.41
24901, 4374.36
24909, 4381.03
24917, 4382.56
24924, 4376.41
24932, 4376.92
24940, 4378.97
24948, 4374.36
24956, 4372.82
24964, 4374.87
24971, 4378.97
24979, 4377.95
24987, 4374.36
24995, 4374.36
25003, 4374.87
25010, 4377.95
25018, 4378.46
25026, 4374.87
25034, 4378.46
25042, 4380.51
25050, 4376.41
25057, 4374.36
25065, 4376.92
25073, 4379.49
25081, 4376.41
25089, 4376.41
25096, 4382.56
25104, 4383.08
25112, 4383.08
25120, 4382.05
25128, 4378.46
25136, 4376.41
25143, 4366.67
25151, 4358.97
25159, 4364.1
25167, 4365.64
25175, 4363.59
25183, 4367.18, estimuli
25190, 4374.87
25198, 4374.36
25206, 4369.74
25214, 4372.82
25222, 4375.9
25229, 4375.9
25237, 4375.9
25245, 4373.85
25253, 4375.38
25262, 4376.92
25269, 4376.92
25276, 4371.79
25284, 4371.28
25292, 4375.38
25300, 4375.38
25308, 4377.95
25315, 4376.92
25323, 4389.23
25331, 4422.05
25339, 4422.05
25347, 4378.97
25355, 4336.92
25362, 4316.41
25370, 4325.64
25378, 4340.51
25386, 4376.92
25394, 4448.72
25401, 4469.74
25409, 4418.46
25417, 4348.21
25425, 4302.56
25433, 4309.74
25441, 4341.54
25448, 4388.72
25456, 4453.85
25464, 4467.69
25472, 4409.23
25480, 4345.13
25487, 4310.77
25495, 4313.33
25503, 4341.54
25511, 4388.72
25519, 4452.31
25527, 4466.15
25534, 4407.69
25542, 4345.64
25550, 4310.77
25558, 4309.74
25566, 4340.51
25573, 4393.33
25581, 4451.79
25589, 4462.05
25597, 4406.67
25605, 4339.49
25613, 4302.56
25620, 4307.69
25628, 4340.51
25636, 4390.26
25644, 4451.79
25652, 4468.21
25660, 4408.21
25667, 4335.38
25675, 4298.97
25684, 4309.74
25691, 4348.72
25699, 4392.82
25706, 4452.82
25715, 4473.33
25723, 4408.72
25730, 4334.87
25738, 4304.62
25746, 4315.9
25753, 4350.26
25761, 4391.79
25769, 4444.62
25777, 4460
25785, 4404.1
25792, 4338.46
25800, 4305.64
25808, 4318.46
25816, 4351.28
25824, 4388.72
25832, 4446.67
25839, 4462.56
25847, 4401.03
25855, 4335.38
25863, 4306.67
25871, 4317.44
25879, 4347.18
25886, 4389.23
25894, 4447.69
25902, 4458.97
25910, 4399.49
25918, 4336.92
25925, 4312.31
25933, 4321.03
25941, 4346.67
25949, 4389.23
25957, 4444.62
25964, 4457.44
25973, 4403.59
25980, 4337.95
25988, 4308.72
25996, 4319.49
26004, 4346.15
26011, 4386.67
26019, 4442.05
26027, 4455.38
26035, 4400
26043, 4336.92
26051, 4313.85
26058, 4325.13
26066, 4351.79
26074, 4394.36
26082, 4446.15
26090, 4457.95
26097, 4401.54
26105, 4335.9
26114, 4308.72
26121, 4320.51
26129, 4350.26
26137, 4391.28
26144, 4448.21
26152, 4460.51
26160, 4398.97
26168, 4337.95
26176, 4314.36
26184, 4322.05
26191, 4351.28
26199, 4392.82
26207, 4445.64
26215, 4455.38
26223, 4395.38
26230, 4335.38
26238, 4313.33
26246, 4323.59
26254, 4350.77
26262, 4391.79
26270, 4447.69
26277, 4453.33
26285, 4394.36
26293, 4338.46
26301, 4311.28
26309, 4320
26316, 4352.31
26324, 4390.77
26333, 4422.05
26341, 4402.56
26349, 4371.28
26356, 4391.28
26364, 4390.77
26371, 4352.31
26379, 4363.59
26387, 4392.31
26395, 4382.05
26402, 4372.82
26410, 4377.95
26418, 4374.87
26426, 4371.79
26435, 4376.41
26442, 4377.95
26449, 4380.51
26457, 4379.49
26465, 4375.9
26474, 4380
26481, 4379.49
26488, 4375.38
26496, 4374.87
26504, 4377.44
26512, 4380.51
26520, 4377.95
26529, 4376.92
26535, 4380
26545, 4381.03
26551, 4380.51
26560, 4379.49
26567, 4381.54
26576, 4382.05
26582, 4378.46
26590, 4378.97
26598, 4376.41
26606, 4374.36
26615, 4376.41
26621, 4373.33
26629, 4371.79
26638, 4375.38
26645, 4375.9
26653, 4373.85
26661, 4373.85
26669, 4377.95
26676, 4378.97
26685, 4376.92
26692, 4378.46
26701, 4378.46
26707, 4380
26716, 4383.59
26723, 4382.56
26731, 4386.15
26739, 4391.28
26747, 4390.77
26755, 4390.26
26763, 4389.23
26770, 4388.72
26778, 4383.08
26786, 4379.49
26794, 4378.97
26801, 4374.87
26809, 4374.87
26817, 4378.46
26825, 4378.46
26833, 4375.38
26840, 4374.36
26848, 4377.95
26856, 4373.85
26864, 4366.15
26872, 4369.74
26880, 4375.38
26887, 4372.31
26895, 4369.23
26903, 4372.31
26911, 4374.87
26919, 4368.72
26926, 4365.64
26934, 4373.33
26942, 4377.44
26950, 4377.44
26958, 4376.41
26966, 4373.85
26973, 4378.46
26981, 4384.1
26989, 4382.56
26997, 4376.41
27005, 4376.41
27013, 4384.62
27020, 4383.08
27028, 4377.44
27036, 4377.95
27044, 4380.51
27052, 4382.56
27059, 4378.46
27067, 4376.92
27075, 4378.46
27083, 4379.49
27092, 4380.51
27098, 4380
27106, 4381.54
27114, 4381.54
27122, 4380.51
27130, 4384.62
27138, 4385.13
27145, 4380
27154, 4381.03
27161, 4381.03
27169, 4376.92
27177, 4374.36
27184, 4375.9
27192, 4377.95
27200, 4379.49
27208, 4379.49
27216, 4374.36
27224, 4376.92
27231, 4383.59
27239, 4377.95
27247, 4375.38
27255, 4380.51
27263, 4378.46
27271, 4374.87
27278, 4371.79
27286, 4371.28
27294, 4373.85
27302, 4373.33
27310, 4375.38
27317, 4376.41
27325, 4377.95
27333, 4380
27341, 4378.46
27349, 4378.46
27357, 4378.46
27364, 4375.38
27372, 4374.87
27381, 4375.38
27388, 4375.9
27396, 4373.85
27403, 4370.77
27411, 4372.31
27419, 4374.87
27427, 4377.44
27435, 4381.54
27443, 4382.05
27450, 4381.03
27458, 4373.85
27466, 4369.74
27474, 4373.85
27482, 4375.38
27489, 4373.33
27497, 4372.82
27505, 4379.49
27513, 4382.56
27521, 4370.77
27529, 4367.69
27536, 4378.97
27544, 4380.51
27552, 4371.28
27560, 4372.82
27568, 4382.56
27576, 4377.95
27583, 4369.23
27591, 4370.26
27600, 4368.72
27607, 4367.69
27616, 4367.18
27622, 4363.08
27630, 4364.1
27638, 4365.13
27646, 4366.67
27654, 4370.26
27662, 4369.74
27669, 4369.74
27677, 4368.72
27685, 4369.74
27693, 4373.33
27701, 4372.31
27708, 4374.36
27716, 4376.92
27724, 4373.33
27732, 4371.28
27740, 4370.26
27748, 4372.31
27756, 4376.41
27763, 4378.46
27771, 4375.9
27779, 4373.85
27787, 4379.49
27794, 4381.03
27802, 4377.95
27810, 4381.03
27818, 4383.08
27826, 4383.08
27834, 4377.95
27841, 4372.82
27849, 4381.03
27857, 4382.56
27865, 4373.33
27873, 4374.87
27880, 4381.54
27888, 4380.51
27896, 4375.9
27904, 4376.92
27912, 4381.54
27920, 4377.44
27927, 4373.85
27935, 4373.85
27943, 4377.95
27951, 4382.05
27959, 4376.92
27966, 4374.87
27974, 4380.51
27982, 4380.51
27990, 4376.41
27998, 4376.92
28006, 4382.56
28013, 4380.51
28021, 4371.79
28029, 4374.36
28037, 4381.54
28045, 4382.56
28052, 4381.54
28060, 4381.54
28068, 4381.03
28076, 4376.41
28084, 4370.26
28092, 4369.23
28100, 4373.33
28107, 4377.95
28115, 4372.31
28123, 4371.28
28131, 4378.97
28139, 4376.41
28146, 4371.79
28154, 4375.38
28162, 4377.95
28170, 4377.44
28178, 4377.95
28185, 4381.03
28193, 4382.56
28201, 4376.92
28209, 4373.33
28217, 4375.9
28225, 4381.03
28233, 4383.08
28240, 4375.38
28249, 4374.36
28256, 4380.51
28264, 4381.03
28271, 4380.51
28279, 4380
28287, 4382.05
28295, 4383.08
28303, 4376.92
28311, 4371.28
28318, 4371.28
28326, 4376.41
28334, 4376.92
28342, 4376.92
28350, 4382.56
28357, 4378.97
28365, 4371.79
28373, 4374.87
28381, 4382.56
28389, 4381.03
28397, 4372.31
28404, 4372.82
28413, 4380.51
28420, 4381.54
28428, 4379.49
28436, 4377.95
28443, 4378.97
28451, 4380
28459, 4376.41
28467, 4376.41
28475, 4379.49
28483, 4380
28490, 4378.97
28498, 4375.38
28506, 4376.92
28514, 4378.46
28522, 4375.38
28529, 4375.38
28537, 4378.46
28545, 4380.51
28553, 4378.46
28561, 4373.33
28569, 4375.38
28576, 4377.95
28584, 4374.36
28592, 4372.31
28600, 4370.26
28608, 4370.77
28616, 4369.74
28623, 4367.18
28631, 4370.26
28639, 4374.87
28647, 4374.87
28655, 4373.33
28662, 4376.92
28670, 4382.56
28678, 4378.97
28686, 4377.95
28694, 4384.1
28702, 4381.54
28709, 4371.28
28717, 4367.69
28725, 4374.87
28733, 4378.46
28741, 4374.87
28748, 4377.44
28756, 4378.46
28764, 4377.44
28772, 4378.46
28780, 4378.97
28788, 4383.59
28795, 4382.05
28803, 4376.41
28811, 4377.95
28819, 4378.97
28828, 4378.97
28834, 4378.46
28842, 4377.44
28850, 4379.49
28858, 4377.95
28866, 4377.95
28874, 4380.51
28881, 4379.49
28889, 4381.54
28897, 4382.56
28905, 4378.97
28913, 4374.87
28920, 4374.87
28928, 4376.41
28936, 4374.87
28944, 4377.44
28952, 4382.05
28960, 4377.95
28967, 4374.36
28975, 4375.9
28983, 4376.92
28991, 4376.92
28999, 4375.9
29006, 4380.51
29014, 4383.08
29022, 4377.95
29030, 4374.87
29038, 4377.44
29047, 4379.49
29053, 4375.38
29061, 4374.36
29069, 4377.44
29077, 4374.36
29085, 4374.36
29093, 4378.97
29100, 4382.05
29108, 4383.08
29116, 4377.44
29124, 4377.95
29132, 4384.62
29139, 4379.49
29147, 4373.33
29155, 4374.87
29163, 4377.44
29171, 4376.92
29179, 4373.85
29187, 4375.9
29194, 4378.97
29202, 4377.44
29210, 4375.38
29218, 4373.85
29225, 4377.44
29233, 4380.51
29241, 4377.44
29250, 4376.92
29257, 4377.95
29266, 4377.95
29272, 4374.36
29280, 4372.82
29288, 4380
29296, 4382.05
29304, 4376.92
29311, 4378.97
29319, 4381.54
29327, 4380
29335, 4375.9
29343, 4374.36
29351, 4376.41
29358, 4369.74
29366, 4373.85
29374, 4373.85
29382, 4353.33
29390, 4367.69
29397, 4378.46
29405, 4366.15
29413, 4376.92
29421, 4381.03
29429, 4374.36
29437, 4376.92
29444, 4384.1
29452, 4382.05
29460, 4368.72
29469, 4368.72
29476, 4375.38
29483, 4373.85
29491, 4370.77
29499, 4372.82
29507, 4378.46
29515, 4376.41
29523, 4374.87
29530, 4377.44
29538, 4373.85
29546, 4374.36
29554, 4372.31
29562, 4369.23
29570, 4373.85
29577, 4374.87
29585, 4372.31
29593, 4372.82
29601, 4375.9
29609, 4376.41
29616, 4371.28
29624, 4373.33
29632, 4378.46
29640, 4374.36
29648, 4371.28
29656, 4374.36
29663, 4376.41
29671, 4374.87
29679, 4374.36
29687, 4376.92
29695, 4376.41
29702, 4378.97
29710, 4380
29718, 4374.36
29726, 4376.92
29734, 4378.46
29742, 4370.26
29749, 4370.77
29757, 4374.87
29765, 4376.41
29773, 4374.87
29781, 4371.79
29788, 4374.87
29796, 4373.85
29804, 4371.79
29812, 4373.33
29820, 4375.9
29828, 4374.36
29835, 4369.74
29843, 4375.38
29851, 4378.46
29859, 4369.23
29867, 4368.72
29874, 4376.92
29883, 4379.49
29890, 4374.87
29898, 4370.77
29906, 4377.44
29914, 4378.97
29921, 4372.82
29929, 4376.41
29937, 4380
29945, 4377.44
29953, 4371.28
29960, 4368.21
29968, 4373.85
29976, 4376.41
29984, 4372.82
29992, 4369.74
30000, 4373.33
30007, 4378.46
30015, 4372.82
30023, 4367.69
30031, 4373.85
30039, 4378.97
30046, 4376.41
30054, 4369.23
30062, 4372.82
30070, 4382.05
30078, 4375.9
30086, 4369.74
30093, 4373.85
30101, 4377.95
30109, 4375.9
30117, 4368.21
30125, 4371.28
30133, 4379.49
30140, 4379.49
30148, 4370.77
30156, 4365.13
30164, 4373.85
30172, 4380
30179, 4373.85
30187, 4370.77
30195, 4370.77
30203, 4373.85
30211, 4373.33
30219, 4369.74
30226, 4375.9
30234, 4376.41
30242, 4369.74
30250, 4371.28
30258, 4377.44
30266, 4378.97
30273, 4370.77
30282, 4369.23
30289, 4380
30297, 4376.41
30305, 4366.15
30312, 4371.79
30320, 4375.9
30328, 4371.79
30336, 4374.87
30344, 4383.08
30351, 4377.95
30359, 4371.79
30367, 4375.38
30378, 4372.31
30383, 4371.28
30391, 4374.87
30398, 4370.26
30406, 4370.26
30414, 4376.92
30422, 4379.49
30430, 4374.87
30438, 4371.79
30445, 4377.44
30453, 4376.92
30461, 4372.31
30469, 4374.87
30477, 4375.38
30484, 4375.38
30492, 4369.23
30500, 4368.21
30508, 4379.49
30516, 4377.95
30523, 4367.69
30531, 4369.23
30539, 4380.51
30547, 4385.64
30555, 4372.31
30563, 4365.64
30570, 4373.85
30578, 4374.36
30586, 4371.28
30594, 4372.31
30602, 4375.9
30609, 4374.87
30617, 4369.74
30625, 4374.36
30633, 4376.92
30641, 4371.28
30649, 4370.77
30656, 4375.38
30664, 4380
30672, 4374.87
30680, 4368.21
30688, 4373.33
30695, 4377.44
30703, 4374.36
30711, 4370.26
30719, 4371.28
30727, 4376.92
30735, 4376.41
30742, 4373.85
30750, 4375.38
30758, 4378.97
30766, 4379.49
30774, 4369.74
30782, 4367.69
30789, 4371.28
30797, 4365.13
30805, 4363.08
30813, 4368.21, estimuli
30821, 4371.28
30828, 4370.26
30836, 4364.1
30844, 4366.67
30852, 4373.85
30860, 4371.79
30868, 4372.31
30875, 4379.49
30883, 4378.97
30891, 4370.77
30899, 4367.18
30907, 4372.82
30914, 4372.31
30922, 4367.69
30930, 4373.85
30938, 4380
30946, 4371.79
30954, 4387.18
30961, 4432.31
30969, 4429.23
30977, 4368.21
30985, 4315.9
30993, 4292.31
31000, 4309.23
31008, 4335.9
31016, 4389.23
31024, 4485.13
31032, 4504.1
31040, 4415.38
31047, 4310.26
31055, 4262.05
31063, 4290.77
31071, 4342.05
31079, 4408.21
31086, 4490.26
31095, 4488.21
31102, 4395.38
31110, 4310.77
31119, 4270.77
31127, 4295.38
31133, 4345.64
31141, 4407.18
31149, 4490.26
31157, 4488.21
31166, 4391.28
31172, 4309.23
31180, 4273.33
31188, 4295.38
31196, 4347.18
31204, 4408.72
31212, 4480.51
31219, 4480.51
31227, 4392.82
31235, 4306.67
31243, 4270.26
31251, 4292.82
31259, 4344.62
31266, 4408.72
31274, 4482.56
31282, 4485.64
31290, 4396.92
31298, 4309.23
31305, 4274.87
31313, 4296.41
31321, 4346.15
31329, 4410.26
31337, 4482.56
31344, 4483.59
31352, 4391.79
31360, 4308.21
31368, 4279.49
31376, 4302.05
31384, 4350.26
31391, 4407.18
31399, 4478.97
31407, 4484.1
31415, 4391.79
31423, 4307.18
31431, 4279.49
31438, 4303.59
31446, 4350.26
31454, 4405.13
31462, 4478.46
31470, 4478.97
31477, 4382.56
31486, 4308.21
31493, 4287.18
31501, 4304.62
31509, 4348.21
31517, 4405.13
31524, 4475.38
31533, 4480
31540, 4391.79
31548, 4307.69
31556, 4281.03
31563, 4309.74
31571, 4352.31
31579, 4403.59
31587, 4475.9
31595, 4480
31603, 4392.82
31610, 4309.23
31618, 4282.05
31626, 4307.18
31634, 4344.1
31642, 4399.49
31649, 4472.31
31657, 4471.79
31665, 4387.18
31673, 4309.23
31681, 4286.15
31689, 4313.85
31696, 4351.79
31704, 4403.08
31712, 4469.23
31720, 4469.74
31728, 4386.15
31736, 4307.18
31743, 4286.15
31751, 4309.74
31759, 4347.18
31767, 4406.15
31775, 4475.38
31783, 4469.74
31790, 4381.54
31798, 4308.72
31806, 4291.28
31814, 4313.85
31822, 4351.28
31829, 4401.03
31837, 4466.67
31845, 4471.28
31853, 4386.67
31861, 4305.64
31868, 4285.64
31876, 4313.85
31884, 4353.33
31892, 4403.08
31900, 4472.31
31908, 4473.85
31915, 4383.08
31923, 4307.69
31931, 4288.21
31939, 4312.31
31947, 4354.36
31954, 4398.46
31962, 4434.36
31971, 4405.64
31978, 4369.74
31986, 4397.44
31994, 4380
32001, 4335.38
32009, 4371.28
32017, 4398.97
32025, 4375.38
32033, 4373.33
32040, 4381.03
32048, 4374.36
32056, 4365.64
32064, 4370.77
32072, 4376.41
32080, 4373.33
32087, 4370.77
32095, 4373.33
32103, 4377.44
32111, 4372.82
32119, 4369.74
32126, 4377.44
32134, 4377.44
32142, 4373.33
32150, 4371.28
32158, 4374.36
32166, 4378.97
32173, 4374.87
32181, 4369.23
32189, 4372.31
32197, 4377.95
32205, 4376.41
32212, 4372.31
32220, 4378.46
32228, 4380
32236, 4368.72
32244, 4365.64
32252, 4373.33
32259, 4377.95
32267, 4373.33
32275, 4366.67
32283, 4376.41
32291, 4383.08
32299, 4374.36
32306, 4372.31
32314, 4376.92
32322, 4377.44
32330, 4370.77
32338, 4368.72
32345, 4376.92
32353, 4376.92
32361, 4371.28
32369, 4368.72
32377, 4369.74
32384, 4374.87
32392, 4373.33
32400, 4368.72
32408, 4373.85
32416, 4380
32424, 4378.97
32431, 4370.26
32439, 4368.21
32447, 4376.92
32455, 4373.85
32463, 4368.21
32471, 4372.82
32478, 4374.87
32486, 4371.79
32494, 4371.28
32502, 4376.92
32510, 4378.97
32517, 4374.87
32525, 4374.36
32533, 4373.33
32541, 4372.82
32549, 4372.82
32557, 4370.77
32564, 4374.36
32573, 4376.41
32580, 4374.87
32588, 4374.36
32596, 4372.82
32603, 4370.77
32611, 4369.74
32619, 4374.36
32627, 4376.41
32635, 4374.87
32643, 4379.49
32650, 4374.36
32658, 4364.62
32666, 4370.77
32674, 4374.87
32682, 4369.74
32689, 4371.28
32697, 4374.87
32705, 4372.82
32713, 4367.69
32721, 4371.28
32729, 4372.82
32736, 4368.21
32744, 4368.21
32752, 4369.23
32760, 4375.38
32768, 4374.87
32776, 4369.23
32783, 4375.38
32791, 4376.41
32799, 4372.31
32807, 4375.9
32816, 4378.97
32822, 4375.38
32831, 4369.23
32838, 4370.26
32846, 4380
32854, 4380
32862, 4370.77
32869, 4371.28
32877, 4376.92
32885, 4373.85
32893, 4365.64
32901, 4368.72
32908, 4377.95
32916, 4380
32924, 4376.92
32932, 4369.74
32940, 4369.74
32948, 4372.31
32955, 4367.18
32963, 4368.21
32971, 4373.85
32980, 4376.41
32987, 4375.9
32994, 4372.31
33002, 4374.36
33010, 4375.9
33018, 4374.36
33026, 4373.85
33034, 4370.77
33041, 4374.36
33049, 4381.03
33057, 4376.41
33065, 4372.82
33073, 4370.26
33080, 4368.21
33088, 4369.74
33096, 4375.9
33104, 4379.49
33112, 4373.33
33120, 4369.74
33127, 4373.85
33135, 4377.95
33143, 4379.49
33151, 4374.36
33159, 4373.85
33166, 4379.49
33174, 4374.36
33182, 4367.18
33190, 4371.79
33198, 4378.97
33206, 4374.87
33213, 4367.18
33221, 4376.92
33229, 4381.54
33237, 4369.74
33245, 4371.79
33253, 4383.08
33260, 4383.08
33268, 4372.82
33276, 4366.67
33284, 4373.33
33292, 4373.85
33299, 4366.67
33307, 4366.15
33315, 4372.82
33323, 4378.46
33331, 4373.33
33338, 4371.28
33346, 4378.46
33354, 4377.44
33362, 4372.82
33370, 4372.82
33378, 4374.36
33385, 4376.92
33394, 4375.9
33401, 4372.82
33409, 4373.85
33417, 4375.9
33425, 4373.33
33432, 4367.69
33440, 4374.87
33448, 4380
33456, 4373.85
33464, 4370.77
33471, 4370.26
33479, 4374.87
33487, 4375.9
33495, 4370.26
33503, 4374.87
33511, 4376.92
33518, 4369.74
33526, 4370.26
33534, 4372.82
33542, 4370.77
33550, 4371.79
33557, 4374.87
33565, 4375.38
33573, 4372.31
33581, 4371.79
33589, 4369.23
33597, 4371.28
33604, 4377.44
33612, 4370.26
33626, 4368.21
33628, 4376.92
33636, 4379.49
33643, 4375.9
33651, 4371.28
33659, 4371.79
33667, 4373.85
33675, 4371.79
33683, 4373.85
33690, 4375.38
33698, 4370.77
33706, 4369.23
33714, 4368.21
33722, 4369.74
33729, 4370.26
33738, 4368.72
33745, 4371.79
33754, 4372.82
33761, 4372.31
33769, 4371.28
33776, 4373.33
33784, 4375.9
33792, 4370.26
33800, 4372.82
33808, 4377.44
33815, 4372.31
33823, 4366.15
33831, 4359.49
33840, 4355.9
33847, 4358.46, estimuli
33855, 4362.56
33862, 4362.56
33870, 4361.54
33878, 4371.79
33886, 4378.46
33894, 4369.23
33901, 4371.28
33909, 4377.44
33917, 4368.21
33925, 4364.1
33933, 4371.28
33941, 4374.36
33948, 4369.74
33956, 4372.31
33964, 4385.13
33972, 4376.92
33980, 4369.74
33988, 4404.1
33995, 4428.21
34003, 4394.87
34011, 4338.97
34019, 4308.21
34027, 4317.44
34034, 4336.41
34042, 4359.49
34050, 4427.69
34058, 4485.64
34066, 4453.33
34074, 4364.62
34081, 4292.82
34089, 4286.67
34097, 4326.67
34105, 4379.49
34113, 4449.74
34120, 4486.15
34128, 4429.74
34136, 4346.67
34144, 4296.41
34152, 4286.67
34160, 4325.13
34167, 4377.44
34175, 4438.46
34183, 4482.05
34191, 4435.9
34199, 4352.31
34206, 4298.46
34214, 4292.31
34222, 4332.82
34230, 4376.41
34239, 4438.46
34246, 4485.13
34253, 4432.82
34261, 4347.18
34269, 4294.36
34277, 4288.72
34285, 4327.69
34292, 4374.36
34300, 4443.08
34308, 4489.74
34316, 4434.87
34324, 4346.15
34332, 4294.87
34339, 4291.28
34347, 4326.15
34355, 4371.79
34363, 4436.41
34371, 4481.03
34379, 4431.79
34386, 4345.13
34394, 4298.46
34402, 4303.59
34410, 4333.85
34418, 4373.85
34425, 4437.44
34433, 4477.95
34442, 4431.28
34449, 4347.18
34457, 4297.95
34464, 4303.08
34472, 4336.41
34480, 4373.85
34488, 4429.74
34496, 4473.33
34504, 4430.26
34511, 4344.1
34519, 4303.08
34527, 4310.26
34535, 4333.33
34543, 4366.15
34551, 4425.64
34558, 4470.26
34566, 4427.18
34574, 4343.59
34582, 4299.49
34590, 4302.05
34597, 4332.31
34605, 4373.85
34613, 4432.31
34621, 4472.31
34629, 4428.72
34636, 4347.18
34644, 4300
34652, 4297.95
34660, 4331.79
34668, 4373.33
34676, 4423.59
34683, 4463.59
34691, 4421.03
34699, 4343.59
34707, 4307.69
34715, 4310.26
34723, 4336.92
34730, 4376.92
34738, 4439.49
34746, 4474.87
34754, 4417.44
34762, 4338.97
34769, 4303.59
34777, 4309.23
34785, 4330.77
34793, 4365.64
34801, 4436.92
34809, 4478.97
34816, 4422.56
34824, 4341.03
34832, 4302.05
34840, 4307.18
34848, 4336.41
34855, 4377.95
34863, 4438.97
34871, 4473.33
34879, 4427.69
34887, 4349.23
34895, 4304.1
34902, 4311.28
34910, 4337.95
34919, 4372.31
34926, 4437.44
34934, 4477.95
34942, 4424.1
34949, 4345.13
34957, 4310.26
34965, 4310.77
34973, 4334.36
34981, 4379.49
34988, 4422.05
34996, 4416.92
35004, 4373.85
35012, 4374.36
35020, 4394.36
35027, 4361.03
35035, 4350.26
35043, 4388.72
35051, 4389.74
35059, 4374.87
35067, 4374.87
35074, 4372.82
35083, 4376.92
35090, 4375.38
35098, 4369.74
35106, 4374.87
35114, 4377.44
35121, 4373.85
35129, 4375.38
35137, 4382.56
35145, 4383.08
35153, 4376.92
35160, 4375.38
35168, 4372.82
35176, 4372.82
35184, 4377.95
35192, 4376.41
35200, 4373.33
35207, 4374.36
35215, 4376.92
35223, 4382.05
35231, 4378.97
35239, 4373.85
35246, 4373.85
35254, 4376.92
35262, 4379.49
35270, 4374.36
35279, 4370.26
35286, 4373.85
35293, 4378.46
35301, 4376.92
35309, 4372.31
35317, 4377.44
35325, 4381.03
35332, 4375.38
35340, 4380.51
35348, 4381.54
35356, 4370.26
35364, 4373.33
35372, 4377.44
35379, 4372.31
35387, 4371.79
35395, 4376.41
35403, 4376.92
35411, 4373.85
35418, 4375.9
35426, 4377.44
35434, 4379.49
35442, 4382.05
35450, 4375.9
35458, 4371.28
35465, 4373.85
35473, 4374.87
35481, 4376.92
35490, 4372.82
35498, 4369.74
35504, 4374.36
35512, 4375.38
35520, 4376.41
35528, 4376.41
35536, 4375.38
35544, 4379.49
35551, 4381.54
35559, 4378.46
35567, 4372.82
35575, 4374.36
35583, 4378.46
35590, 4369.74
35598, 4368.21
35606, 4376.92
35614, 4378.46
35622, 4376.41
35630, 4376.41
35637, 4377.44
35645, 4376.41
35653, 4373.33
35661, 4377.44
35669, 4376.92
35677, 4370.77
35684, 4371.79
35692, 4376.92
35700, 4382.56
35708, 4379.49
35716, 4369.23
35723, 4368.72
35731, 4376.92
35739, 4383.08
35747, 4378.46
35755, 4375.9
35763, 4378.46
35770, 4376.41
35778, 4373.33
35786, 4374.87
35794, 4377.95
35802, 4378.97
35809, 4374.87
35817, 4374.36
35825, 4376.92
35833, 4374.87
35841, 4374.36
35849, 4372.82
35856, 4373.33
35864, 4378.46
35872, 4377.95
35880, 4374.36
35888, 4372.82
35895, 4377.44
35903, 4380.51
35911, 4371.79
35919, 4370.26
35927, 4377.95
35935, 4377.44
35942, 4375.38
35950, 4375.9
35958, 4378.97
35966, 4378.97
35974, 4375.9
35981, 4376.41
35989, 4370.26
35997, 4366.67
36005, 4371.79
36013, 4377.95
36021, 4381.03
36028, 4374.87
36036, 4370.77
36044, 4373.33
36052, 4374.36
36060, 4376.92
36068, 4376.41
36075, 4372.82
36083, 4374.36
36091, 4375.38
36099, 4377.95
36107, 4376.41
36114, 4372.31
36122, 4374.87
36130, 4375.38
36138, 4374.87
36146, 4381.03
36154, 4384.1
36161, 4376.41
36169, 4373.33
36177, 4382.05
36185, 4381.03
36193, 4367.69
36200, 4368.72
36208, 4373.33
36216, 4370.77
36224, 4372.31
36232, 4376.92
36240, 4378.46
36247, 4374.87
36260, 4374.87
36266, 4378.97
36271, 4378.46
36279, 4378.97
36286, 4378.97
36295, 4377.95
36302, 4376.92
36310, 4374.87
36319, 4374.36
36326, 4374.36
36333, 4371.79
36341, 4370.77
36349, 4370.26
36358, 4371.28
36366, 4377.44
36372, 4378.97
36380, 4378.46
36388, 4373.85
36396, 4369.74
36404, 4372.31
36412, 4371.79
36420, 4373.85
36427, 4376.41
36436, 4372.31
36443, 4372.82
36451, 4375.38
36458, 4374.36
36466, 4371.28
36474, 4371.79
36482, 4373.85
36490, 4373.85
36498, 4377.95
36505, 4374.36
36513, 4370.77
36522, 4376.92
36529, 4374.36
36537, 4370.26
36544, 4373.85
36553, 4377.95
36560, 4377.44
36569, 4369.74
36576, 4371.28
36584, 4378.97
36592, 4376.92
36599, 4375.9
36607, 4376.92
36616, 4374.36
36624, 4376.92
36631, 4376.92
36638, 4370.77
36647, 4369.74
36654, 4376.41
36662, 4378.46
36670, 4372.82
36678, 4373.33
36686, 4377.44
36693, 4372.31
36701, 4369.23
36709, 4375.38
36716, 4378.97
36724, 4373.33
36733, 4368.21
36740, 4375.9
36748, 4378.46
36756, 4373.85
36763, 4376.41
36772, 4376.41
36780, 4375.38
36787, 4373.85
36795, 4370.77
36803, 4369.23
36810, 4365.13
36818, 4364.1
36826, 4365.13
36834, 4365.64
36843, 4366.67
36850, 4365.13
36857, 4368.72
36866, 4374.36
36873, 4372.31
36881, 4374.36
36889, 4375.38
36896, 4371.28
36904, 4370.26
36912, 4374.36
36920, 4377.95
36928, 4374.36
36935, 4374.87
36944, 4377.44
36951, 4371.79
36960, 4370.26
36968, 4375.38
36975, 4380
36983, 4380.51
36990, 4375.9
36998, 4377.44
37006, 4380
37015, 4378.46
37021, 4378.46
37030, 4377.95
37037, 4377.95
37045, 4378.97
37053, 4377.95
37061, 4377.95
37068, 4374.87
37076, 4372.31
37084, 4371.28
37092, 4369.23
37100, 4374.36
37108, 4376.92
37115, 4376.92
37123, 4377.44
37131, 4372.31
37139, 4373.85
37147, 4377.44
37154, 4376.92
37162, 4375.38
37171, 4376.41
37178, 4381.54
37186, 4380
37194, 4372.31
37201, 4374.36
37209, 4380.51
37217, 4378.46
37225, 4373.33
37233, 4376.92
37240, 4382.56
37248, 4380
37256, 4372.31
37264, 4371.28
37272, 4375.38
37280, 4380.51
37287, 4373.85
37295, 4371.28
37304, 4378.97
37311, 4377.95
37319, 4374.87
37326, 4374.87
37334, 4377.95
37342, 4379.49
37350, 4374.36
37358, 4374.36
37366, 4376.41
37373, 4376.41
37381, 4376.92
37389, 4375.38
37397, 4377.44
37405, 4376.92
37412, 4371.79
37420, 4370.77
37428, 4373.33
37436, 4375.9
37444, 4376.41
37452, 4373.33
37459, 4375.38
37467, 4376.92
37475, 4374.36
37483, 4371.79
37491, 4371.79
37499, 4375.9
37506, 4374.87
37515, 4373.85
37522, 4379.49
37530, 4373.33
37538, 4366.15
37545, 4372.31
37553, 4378.46
37561, 4375.9
37569, 4373.33
37577, 4378.46
37585, 4379.49
37592, 4374.36
37600, 4371.28
37608, 4369.23
37616, 4371.28
37624, 4375.9
37631, 4374.36
37639, 4376.41
37647, 4375.9
37655, 4370.26
37663, 4372.31
37671, 4378.46
37678, 4381.54
37686, 4375.9
37694, 4369.74
37702, 4373.33
37710, 4377.44
37717, 4380
37725, 4373.85
37733, 4369.74
37741, 4376.92
37749, 4376.92
37757, 4371.28
37764, 4371.28
37772, 4376.92
37780, 4377.95
37788, 4369.23
37796, 4372.31
37803, 4381.03
37811, 4376.92
37819, 4373.85
37827, 4376.41
37835, 4374.87
37843, 4371.79
37850, 4374.87
37858, 4379.49
37866, 4373.85
37874, 4372.82
37882, 4377.95
37889, 4374.36
37897, 4373.85
37905, 4375.9
37913, 4371.28
37921, 4370.26
37929, 4372.82
37936, 4374.87
37944, 4374.36
37952, 4373.85
37960, 4375.9
37968, 4372.31
37975, 4372.31
37983, 4376.92
37991, 4371.28
37999, 4368.72
38007, 4375.38, estimuli
38016, 4381.03
38022, 4377.44
38030, 4370.26
38038, 4373.33
38046, 4380
38054, 4380
38062, 4375.38
38069, 4371.79
38077, 4378.46
38085, 4381.03
38093, 4372.82
38101, 4372.31
38108, 4372.31
38116, 4370.26
38124, 4374.87
38132, 4369.23
38140, 4371.79
38147, 4410.26
38155, 4437.44
38163, 4396.41
38172, 4331.28
38179, 4299.49
38187, 4307.69
38194, 4329.23
38202, 4355.9
38210, 4432.82
38218, 4497.95
38226, 4452.82
38234, 4356.41
38241, 4289.23
38250, 4285.13
38257, 4323.59
38265, 4372.31
38273, 4447.18
38280, 4497.44
38288, 4439.49
38296, 4346.15
38304, 4291.28
38312, 4285.64
38321, 4324.1
38327, 4369.74
38335, 4443.08
38343, 4497.44
38351, 4439.49
38359, 4345.13
38366, 4292.31
38374, 4285.64
38382, 4320.51
38390, 4373.33
38398, 4451.79
38406, 4493.85
38413, 4430.77
38422, 4344.62
38429, 4291.79
38437, 4283.08
38445, 4321.03
38452, 4375.38
38460, 4449.23
38468, 4493.33
38476, 4435.38
38484, 4344.62
38492, 4293.85
38499, 4290.77
38507, 4318.97
38515, 4368.72
38523, 4445.64
38531, 4493.85
38538, 4437.95
38546, 4343.08
38554, 4290.26
38562, 4289.74
38570, 4323.08
38578, 4371.28
38585, 4443.08
38593, 4492.31
38601, 4436.41
38609, 4338.46
38617, 4291.28
38625, 4295.38
38632, 4328.21
38640, 4373.33
38648, 4441.54
38656, 4490.26
38664, 4435.38
38671, 4340.51
38679, 4296.41
38687, 4301.03
38695, 4330.77
38703, 4374.36
38711, 4440
38718, 4485.64
38726, 4430.77
38734, 4338.46
38742, 4296.92
38750, 4301.03
38757, 4329.23
38765, 4369.23
38773, 4437.95
38781, 4483.08
38789, 4425.13
38797, 4337.95
38804, 4298.97
38812, 4304.62
38820, 4334.36
38828, 4372.31
38836, 4438.97
38843, 4482.56
38851, 4426.67
38859, 4340.51
38867, 4298.97
38875, 4306.15
38883, 4332.31
38890, 4368.72
38898, 4442.56
38906, 4488.72
38914, 4429.74
38922, 4340.51
38929, 4298.97
38937, 4303.08
38945, 4325.13
38953, 4367.18
38961, 4439.49
38969, 4476.92
38976, 4421.03
38984, 4340.51
38992, 4299.49
39000, 4302.56
39008, 4328.72
39015, 4370.77
39023, 4439.49
39031, 4480.51
39040, 4424.62
39047, 4337.44
39055, 4301.03
39063, 4307.69
39070, 4328.72
39078, 4370.77
39086, 4442.05
39094, 4482.56
39102, 4429.23
39109, 4344.62
39117, 4303.08
39125, 4303.08
39133, 4330.26
39141, 4369.23
39148, 4417.95
39156, 4428.21
39164, 4374.87
39172, 4373.85
39180, 4403.59
39188, 4356.92
39195, 4340
39203, 4389.74
39211, 4389.23
39219, 4367.18
39227, 4370.77
39234, 4371.79
39243, 4371.28
39251, 4375.9
39258, 4375.38
39266, 4372.82
39274, 4377.44
39281, 4378.46
39289, 4371.79
39297, 4372.31
39305, 4377.44
39313, 4380.51
39320, 4377.95
39328, 4371.79
39336, 4371.28
39344, 4371.79
39352, 4371.79
39360, 4377.44
39367, 4375.38
39375, 4370.26
39383, 4373.33
39391, 4377.44
39399, 4375.38
39406, 4371.28
39414, 4370.77
39422, 4371.28
39430, 4375.38
39438, 4380
39446, 4371.79
39453, 4368.72
39461, 4376.41
39470, 4372.31
39477, 4369.23
39485, 4377.44
39492, 4378.46
39500, 4372.82
39508, 4373.85
39516, 4383.59
39524, 4380.51
39532, 4366.67
39539, 4365.64
39547, 4372.82
39555, 4378.97
39563, 4377.95
39571, 4372.31
39579, 4373.33
39586, 4373.85
39594, 4370.77
39602, 4369.23
39610, 4372.31
39618, 4380
39625, 4379.49
39633, 4372.31
39641, 4372.82
39649, 4375.38
39657, 4375.9
39664, 4372.31
39672, 4372.31
39680, 4374.36
39688, 4372.31
39696, 4373.85
39704, 4375.38
39711, 4378.97
39719, 4382.56
39727, 4374.36
39736, 4372.82
39743, 4378.97
39751, 4372.82
39758, 4365.64
39766, 4374.36
39774, 4383.08
39782, 4377.44
39790, 4371.79
39797, 4376.92
39805, 4380.51
39813, 4377.95
39821, 4373.33
39829, 4371.28
39837, 4375.38
39844, 4374.36
39852, 4369.23
39860, 4373.33
39868, 4378.46
39876, 4378.97
39883, 4370.77
39891, 4369.23
39899, 4380
39907, 4375.38
39915, 4367.69
39923, 4373.33
39930, 4380
39938, 4380.51
39946, 4374.87
39955, 4371.79
39962, 4373.33
39969, 4370.26
39977, 4368.21
39985, 4370.77
39993, 4373.33
40001, 4371.79
40009, 4371.28
40017, 4376.92
40024, 4379.49
40033, 4377.95
40040, 4375.38
40048, 4372.82
40055, 4378.46
40063, 4376.92
40071, 4368.72
40079, 4372.82
40087, 4377.95
40095, 4376.41
40102, 4372.31
40110, 4370.26
40118, 4373.33
40126, 4372.31
40134, 4372.82
40142, 4378.46
40149, 4380.51
40157, 4378.46
40165, 4369.23
40173, 4367.69
40181, 4374.87
40188, 4375.38
40196, 4373.33
40204, 4375.38
40212, 4380
40220, 4376.92
40228, 4368.72
40235, 4373.33
40243, 4380
40251, 4374.36
40259, 4370.77
40267, 4373.85
40274, 4377.44
40282, 4377.44
40290, 4374.36
40298, 4374.36
40306, 4375.38
40313, 4375.38
40321, 4372.82
40329, 4373.85
40337, 4379.49
40345, 4378.46
40353, 4376.41
40360, 4376.41
40368, 4370.77
40376, 4370.77
40384, 4374.36
40392, 4376.41
40400, 4375.38
40407, 4368.21
40415, 4368.21
40423, 4373.33
40431, 4373.33
40439, 4374.87
40446, 4374.87
40454, 4374.87
40462, 4376.41
40470, 4377.44
40478, 4374.36
40486, 4369.23
40493, 4374.87
40501, 4377.95
40509, 4367.69
40517, 4368.21
40525, 4375.9
40532, 4373.33
40540, 4369.23
40548, 4377.44
40556, 4386.15
40564, 4376.41
40572, 4368.72
40579, 4373.85
40587, 4373.33
40595, 4371.79
40603, 4375.38
40611, 4377.44
40618, 4374.87
40626, 4368.21
40634, 4369.23
40642, 4374.36
40650, 4374.87
40658, 4374.87
40665, 4374.36
40673, 4376.92
40681, 4377.44
40689, 4371.79
40698, 4371.79
40705, 4375.38
40712, 4376.41
40720, 4372.31
40728, 4370.77
40736, 4378.46
40744, 4379.49
40751, 4376.41
40759, 4377.95
40767, 4374.87
40775, 4374.87
40783, 4375.9
40791, 4369.23
40798, 4370.77
40806, 4376.41
40814, 4374.36
40822, 4371.28
40830, 4373.33
40837, 4372.82
40845, 4368.72
40853, 4371.28
40861, 4373.33
40869, 4372.82
40877, 4376.41
40884, 4374.36
40892, 4374.87
40900, 4378.97
40908, 4376.92
40916, 4374.36
40923, 4373.33
40931, 4374.36
40939, 4374.36
40947, 4372.31
40955, 4376.92
40963, 4380
40970, 4375.9
40978, 4374.36
40986, 4372.31
40994, 4370.77
41002, 4371.28
41009, 4370.77, estimuli
41017, 4374.36
41025, 4376.41
41033, 4374.36
41041, 4370.26
41050, 4373.33
41056, 4379.49
41064, 4374.36
41072, 4370.26
41080, 4373.85
41088, 4375.38
41096, 4375.38
41103, 4373.33
41111, 4373.85
41119, 4376.41
41127, 4370.26
41135, 4374.36
41142, 4373.33
41150, 4377.44
41158, 4416.41
41166, 4435.9
41174, 4390.26
41181, 4330.77
41189, 4300
41197, 4307.69
41205, 4327.18
41213, 4361.03
41221, 4443.08
41228, 4493.85
41236, 4447.69
41244, 4351.28
41252, 4277.95
41260, 4282.05
41267, 4326.15
41275, 4374.87
41283, 4447.18
41291, 4491.79
41299, 4434.87
41307, 4342.05
41314, 4287.69
41322, 4284.62
41330, 4327.18
41338, 4381.03
41346, 4448.72
41354, 4489.23
41361, 4434.36
41369, 4346.67
41377, 4292.31
41385, 4284.1
41393, 4322.56
41400, 4377.95
41408, 4454.87
41416, 4495.9
41424, 4427.69
41432, 4336.92
41440, 4292.31
41447, 4289.23
41455, 4324.62
41463, 4374.36
41471, 4450.26
41479, 4492.82
41486, 4426.15
41494, 4341.03
41502, 4298.46
41510, 4291.79
41518, 4325.13
41526, 4375.38
41533, 4445.64
41541, 4485.13
41549, 4422.56
41557, 4337.44
41565, 4298.46
41572, 4304.62
41580, 4335.38
41588, 4374.36
41596, 4441.03
41604, 4481.54
41612, 4427.18
41620, 4342.05
41627, 4295.38
41635, 4300
41643, 4333.33
41651, 4374.87
41658, 4443.08
41666, 4484.62
41674, 4428.72
41682, 4338.97
41690, 4289.74
41698, 4293.33
41705, 4329.74
41713, 4378.97
41721, 4445.13
41729, 4482.56
41737, 4425.64
41744, 4334.87
41752, 4294.36
41760, 4301.03
41768, 4329.74
41776, 4380
41784, 4447.18
41791, 4474.36
41799, 4417.44
41807, 4341.54
41815, 4302.05
41823, 4302.56
41831, 4336.41
41838, 4378.97
41846, 4431.28
41854, 4468.72
41862, 4424.1
41870, 4341.54
41877, 4298.97
41885, 4310.26
41893, 4346.15
41901, 4379.49
41909, 4435.9
41918, 4474.87
41924, 4418.46
41932, 4337.44
41940, 4303.08
41948, 4308.21
41956, 4340.51
41963, 4378.97
41971, 4434.87
41979, 4473.85
41987, 4424.1
41995, 4340.51
42003, 4296.41
42010, 4305.13
42018, 4340
42026, 4377.44
42034, 4437.95
42042, 4472.31
42049, 4419.49
42057, 4342.56
42065, 4300.51
42073, 4308.21
42081, 4340
42089, 4377.44
42096, 4437.44
42104, 4470.26
42112, 4418.97
42120, 4343.08
42128, 4303.59
42135, 4308.72
42144, 4342.56
42151, 4382.05
42159, 4416.92
42167, 4409.74
42175, 4372.82
42182, 4384.62
42190, 4400.51
42198, 4356.41
42206, 4350.26
42214, 4394.87
42222, 4384.62
42229, 4359.49
42237, 4370.26
42245, 4376.41
42253, 4373.33
42261, 4372.31
42268, 4371.28
42276, 4376.92
42284, 4377.95
42292, 4373.33
42300, 4373.85
42307, 4378.97
42315, 4377.95
42323, 4370.77
42331, 4371.79
42339, 4377.95
42347, 4373.33
42354, 4369.74
42362, 4375.38
42370, 4380
42378, 4375.38
42386, 4368.21
42394, 4375.9
42401, 4382.56
42409, 4372.31
42417, 4365.64
42425, 4372.31
42433, 4376.92
42440, 4372.82
42448, 4369.23
42456, 4373.33
42464, 4371.28
42472, 4370.26
42480, 4375.38
42487, 4376.92
42495, 4374.87
42503, 4371.28
42511, 4373.33
42519, 4375.38
42526, 4371.28
42534, 4371.28
42542, 4369.23
42550, 4371.28
42558, 4376.92
42566, 4375.38
42573, 4373.33
42581, 4375.9
42589, 4377.95
42597, 4378.46
42605, 4374.87
42612, 4372.82
42620, 4371.28
42628, 4368.72
42636, 4371.79
42644, 4378.46
42652, 4380.51
42659, 4373.33
42667, 4369.74
42679, 4377.95
42687, 4375.38
42693, 4367.18
42698, 4370.26
42706, 4377.44
42714, 4378.46
42722, 4373.33
42730, 4374.36
42739, 4380.51
42745, 4376.92
42753, 4373.85
42761, 4372.31
42769, 4371.28
42777, 4373.85
42784, 4373.33
42792, 4375.38
42800, 4378.46
42808, 4378.46
42816, 4376.92
42824, 4372.82
42831, 4374.36
42839, 4375.38
42847, 4371.79
42855, 4373.33
42863, 4375.9
42870, 4376.41
42878, 4376.92
42886, 4375.38
42894, 4375.38
42902, 4373.85
42910, 4371.28
42917, 4372.82
42925, 4373.33
42933, 4374.87
42942, 4372.31
42949, 4371.79
42957, 4380
42964, 4375.38
42972, 4368.21
42980, 4375.38
42988, 4382.05
42996, 4378.46
43003, 4372.82
43011, 4380
43019, 4382.05
43027, 4370.26
43035, 4367.18
43043, 4374.87
43050, 4379.49
43058, 4375.38
43066, 4372.31
43074, 4377.44
43082, 4377.44
43089, 4372.31
43097, 4371.28
43105, 4373.85
43113, 4378.97
43121, 4377.95
43129, 4372.31
43136, 4375.38
43145, 4379.49
43153, 4376.92
43160, 4372.31
43169, 4373.33
43175, 4378.97
43183, 4375.38
43191, 4371.28
43199, 4374.36
43207, 4376.92
43215, 4379.49
43222, 4375.9
43230, 4372.82
43238, 4377.44
43246, 4376.92
43254, 4372.82
43261, 4370.26
43269, 4373.33
43277, 4376.92
43285, 4373.33
43293, 4373.33
43301, 4375.9
43308, 4373.85
43316, 4371.79
43324, 4372.31
43332, 4377.44
43340, 4377.44
43347, 4370.77
43355, 4372.82
43363, 4377.95
43371, 4377.44
43379, 4371.79
43387, 4371.79
43394, 4381.54
43402, 4381.03
43410, 4374.36
43418, 4375.9
43426, 4378.97
43434, 4374.36
43441, 4368.72
43449, 4375.38
43457, 4380
43465, 4372.82
43473, 4371.28
43480, 4373.85
43488, 4377.44
43496, 4377.44
43504, 4371.28
43512, 4373.33
43520, 4378.46
43527, 4376.41
43535, 4374.87
43543, 4371.79
43551, 4372.82
43560, 4377.44
43566, 4373.33
43574, 4370.26
43582, 4374.36
43590, 4377.95
43598, 4375.9
43606, 4371.28
43613, 4372.31
43621, 4375.9
43629, 4378.97
43637, 4376.92
43645, 4370.77
43652, 4374.87
43660, 4377.44
43668, 4372.31
43676, 4374.36
43684, 4377.95
43692, 4377.95
43699, 4374.36
43707, 4373.33
43715, 4374.36
43723, 4371.79
43731, 4373.85
43738, 4375.9
43746, 4373.85
43754, 4374.87
43762, 4375.38
43770, 4374.87
43778, 4373.85
43785, 4369.74
43793, 4369.74
43801, 4377.44
43809, 4381.03
43817, 4375.9
43824, 4374.36
43832, 4381.54
43840, 4379.49
43848, 4372.82
43856, 4374.87
43864, 4371.79
43871, 4368.21
43879, 4367.69
43887, 4368.21
43895, 4373.33
43903, 4374.87
43911, 4372.82
43918, 4372.31
43926, 4375.9
43954, 4379.49
43955, 4374.36
43955, 4372.31
43958, 4379.49
43965, 4380
43973, 4373.85
43981, 4372.31
43989, 4377.44
43997, 4378.97
44004, 4375.38
44012, 4374.36
44020, 4372.82
44028, 4374.87
44036, 4380.51
44043, 4379.49
44051, 4376.92
44059, 4372.82
44067, 4368.72
44075, 4374.36
44083, 4375.38
44090, 4369.23
44098, 4370.26
44106, 4377.44
44114, 4378.46
44122, 4370.77
44129, 4370.77
44137, 4375.9
44145, 4371.28
44153, 4369.23
44161, 4374.87
44169, 4376.41
44176, 4375.38
44184, 4373.33
44192, 4373.33
44200, 4373.85
44208, 4377.44
44215, 4379.49
44223, 4374.36
44231, 4375.38
44239, 4377.44
44247, 4376.41
44255, 4377.44
44262, 4373.33
44270, 4371.79
44278, 4374.36
44286, 4372.31
44294, 4372.31
44301, 4374.36
44309, 4373.33
44317, 4371.79
44325, 4372.31
44333, 4374.87
44341, 4374.36
44348, 4376.92
44356, 4379.49
44364, 4371.79
44372, 4370.77
44381, 4374.87
44388, 4371.28
44395, 4368.21
44403, 4371.79
44411, 4378.46
44419, 4376.41
44427, 4371.28
44434, 4373.33
44442, 4376.92
44450, 4380
44458, 4376.41
44466, 4370.77
44474, 4373.85
44481, 4373.33
44489, 4368.72
44497, 4370.77
44505, 4376.41
44513, 4378.46
44520, 4372.82
44528, 4369.74
44536, 4374.87
44544, 4372.31
44552, 4369.74
44560, 4372.82
44567, 4372.31
44575, 4369.74
44584, 4372.31
44591, 4381.03
44599, 4377.95
44606, 4370.26
44614, 4373.85
44622, 4377.95
44630, 4377.44
44638, 4373.33
44646, 4370.26
44653, 4378.97
44661, 4382.56
44669, 4373.85
44677, 4371.28
44685, 4373.33
44692, 4370.77
44700, 4367.69
44708, 4373.33
44716, 4376.41
44724, 4374.36
44732, 4378.97
44739, 4374.87
44747, 4369.74
44755, 4376.41
44763, 4376.92
44771, 4374.36
44779, 4376.41
44786, 4376.41
44794, 4374.87
44802, 4374.36
44810, 4377.44
44818, 4378.46
44825, 4373.33
44833, 4371.79
44841, 4370.26
44849, 4372.31
44857, 4378.97
44864, 4377.44
44872, 4372.31
44880, 4370.77
44888, 4372.82
44896, 4372.31
44904, 4369.23
44911, 4372.31
44919, 4374.36
44927, 4372.82
44935, 4372.31
44943, 4369.74
44951, 4373.33
44958, 4374.87
44966, 4374.36
44974, 4377.44
44982, 4373.85
44990, 4371.28
44997, 4375.9
45005, 4374.87
45013, 4371.28
45021, 4373.33
45029, 4375.38
45037, 4374.36
45044, 4371.79
45052, 4372.82
45060, 4372.82
45068, 4376.41
45076, 4382.56
45083, 4372.82
45091, 4366.15
45100, 4373.33
45108, 4375.9
45115, 4373.85
45123, 4374.36
45130, 4375.38
45138, 4371.28
45146, 4371.79
45154, 4376.92
45162, 4375.9
45169, 4377.44
45177, 4377.44
45185, 4373.33
45193, 4376.92
45201, 4374.87
45209, 4366.67
45216, 4368.21
45224, 4375.38
45232, 4378.97
45240, 4374.36
45248, 4371.79
45255, 4371.79
45263, 4370.26
45271, 4369.74
45279, 4371.79
45287, 4380.51
45295, 4384.1
45302, 4374.36
45310, 4368.21
45318, 4370.77
45326, 4375.38
45334, 4376.41
45341, 4370.77
45349, 4374.36
45357, 4381.03
45365, 4374.36
45373, 4373.33
45381, 4376.92
45388, 4375.38
45396, 4372.82
45404, 4373.33
45412, 4376.92
45420, 4375.38
45428, 4373.33
45435, 4377.44
45443, 4377.44
45451, 4376.92
45459, 4378.46
45467, 4375.38
45474, 4371.79
45482, 4372.82
45490, 4375.9
45498, 4375.38
45506, 4377.95
45514, 4381.03
45521, 4370.77
45529, 4367.18
45537, 4374.87
45545, 4373.85
45553, 4368.21
45560, 4369.23
45568, 4375.38
45576, 4375.38
45584, 4371.28
45592, 4374.36
45600, 4374.36
45607, 4372.31
45615, 4373.85
45623, 4372.82
45631, 4375.38
45639, 4378.46
45646, 4374.87
45654, 4374.36
45662, 4378.46
45670, 4379.49
45678, 4374.36
45686, 4374.87
45693, 4377.44
45701, 4373.85
45709, 4374.36
45717, 4377.95
45725, 4376.92
45732, 4377.95
45740, 4377.44
45748, 4374.87
45756, 4372.31
45764, 4370.26
45773, 4374.36
45779, 4374.36
45787, 4373.33
45795, 4375.9
45803, 4374.36
45811, 4377.44
45819, 4378.97
45826, 4374.36
45834, 4373.85
45842, 4372.31
45850, 4373.33
45858, 4374.36
45865, 4371.28
45873, 4375.38
45881, 4377.44
45889, 4374.36
45897, 4372.31
45905, 4373.85
45912, 4377.95
45920, 4374.36
45928, 4373.33
45936, 4381.03
45944, 4377.44
45951, 4369.23
45959, 4372.82
45967, 4377.44
45975, 4370.26
45983, 4369.23
45990, 4379.49
45998, 4375.9
46006, 4367.18
46014, 4374.36
46022, 4379.49
46030, 4378.46
46037, 4374.87, estimuli
46045, 4375.38
46053, 4381.03
46061, 4375.38
46069, 4371.79
46077, 4375.9
46084, 4372.82
46092, 4370.26
46100, 4374.36
46108, 4377.95
46116, 4377.44
46123, 4372.31
46131, 4368.21
46139, 4373.33
46147, 4380
46155, 4371.28
46163, 4380.51
46170, 4421.03
46178, 4421.54
46186, 4369.74
46194, 4326.67
46202, 4308.72
46210, 4319.49
46217, 4338.46
46225, 4381.03
46233, 4460
46241, 4478.46
46249, 4414.36
46256, 4328.72
46264, 4279.49
46272, 4303.59
46280, 4346.67
46288, 4393.33
46295, 4464.1
46303, 4478.97
46311, 4404.1
46319, 4321.03
46327, 4283.59
46335, 4298.97
46342, 4341.03
46351, 4399.49
46358, 4474.87
46366, 4479.49
46374, 4395.38
46381, 4316.92
46389, 4280.51
46397, 4296.41
46405, 4345.64
46413, 4401.03
46421, 4467.18
46428, 4481.54
46436, 4403.59
46444, 4314.87
46452, 4280
46460, 4296.92
46468, 4337.44
46475, 4396.41
46483, 4471.28
46491, 4482.05
46499, 4398.46
46507, 4319.49
46514, 4286.67
46522, 4295.38
46530, 4337.44
46538, 4397.95
46546, 4472.31
46555, 4478.97
46561, 4395.9
46569, 4325.13
46577, 4292.82
46585, 4301.03
46593, 4345.13
46600, 4397.95
46608, 4467.18
46616, 4479.49
46624, 4393.33
46632, 4317.95
46640, 4295.9
46648, 4308.72
46655, 4341.54
46663, 4390.26
46671, 4460.51
46679, 4473.85
46686, 4396.41
46694, 4323.08
46702, 4296.92
46710, 4311.28
46718, 4348.72
46726, 4398.46
46733, 4457.44
46741, 4464.1
46750, 4394.36
46758, 4323.08
46765, 4297.95
46772, 4315.38
46781, 4346.15
46788, 4390.77
46796, 4455.38
46804, 4466.67
46812, 4394.87
46819, 4323.59
46827, 4301.54
46835, 4317.44
46843, 4345.64
46851, 4393.33
46859, 4455.38
46867, 4461.54
46874, 4393.33
46882, 4322.56
46890, 4300
46899, 4319.49
46905, 4350.77
46914, 4390.77
46921, 4450.26
46930, 4466.67
46937, 4397.95
46944, 4325.13
46952, 4302.05
46961, 4314.87
46968, 4347.69
46976, 4396.92
46984, 4457.44
46991, 4465.64
47000, 4392.31
47007, 4321.54
47016, 4301.03
47024, 4314.87
47031, 4344.1
47038, 4392.31
47047, 4461.03
47054, 4467.18
47063, 4387.69
47070, 4322.56
47078, 4304.1
47086, 4317.44
47093, 4347.69
47101, 4394.87
47109, 4462.56
47118, 4466.67
47124, 4387.18
47133, 4325.64
47141, 4304.62
47149, 4312.31
47156, 4347.69
47163, 4393.85
47171, 4429.23
47179, 4404.62
47188, 4367.69
47195, 4390.77
47203, 4384.62
47211, 4342.05
47218, 4363.59
47227, 4394.87
47234, 4374.87
47245, 4365.64
47252, 4377.95
47258, 4376.92
47265, 4372.82
47273, 4375.38
47281, 4376.92
47289, 4378.97
47296, 4376.41
47304, 4371.28
47312, 4374.87
47320, 4375.38
47328, 4370.77
47335, 4368.21
47343, 4371.79
47352, 4374.36
47359, 4370.26
47367, 4374.36
47375, 4378.97
47382, 4370.77
47390, 4367.69
47398, 4370.26
47406, 4377.44
47414, 4382.05
47421, 4371.79
47429, 4371.79
47437, 4378.97
47445, 4372.31
47453, 4371.79
47461, 4377.44
47468, 4374.36
47476, 4370.26
47484, 4373.33
47492, 4370.77
47500, 4367.69
47507, 4374.87
47515, 4374.87
47523, 4368.72
47531, 4373.85
47539, 4378.97
47548, 4375.9
47554, 4371.79
47562, 4372.31
47570, 4378.97
47578, 4377.95
47586, 4372.82
47593, 4374.87
47601, 4374.36
47609, 4371.79
47617, 4373.85
47625, 4376.92
47633, 4375.38
47640, 4370.26
47648, 4371.79
47656, 4375.38
47664, 4378.46
47672, 4378.46
47680, 4371.28
47687, 4372.31
47695, 4376.92
47703, 4374.36
47711, 4375.38
47719, 4374.36
47726, 4369.74
47734, 4369.74
47742, 4373.33
47750, 4376.92
47758, 4375.38
47767, 4370.26
47773, 4370.26
47781, 4374.87
47789, 4377.44
47797, 4373.85
47805, 4375.38
47812, 4379.49
47820, 4376.92
47828, 4375.38
47836, 4375.38
47844, 4376.41
47852, 4376.92
47859, 4371.79
47867, 4370.77
47875, 4375.38
47883, 4377.95
47891, 4379.49
47898, 4373.33
47906, 4368.72
47915, 4373.33
47922, 4372.82
47930, 4371.28
47938, 4371.28
47945, 4373.85
47953, 4376.92
47961, 4373.33
47969, 4370.77
47977, 4373.85
47984, 4377.95
47992, 4374.87
48001, 4370.26
48008, 4374.36
48016, 4374.87
48024, 4370.26
48031, 4375.38
48039, 4378.97
48047, 4379.49
48055, 4381.03
48063, 4378.46
48070, 4372.82
48078, 4366.67
48086, 4369.23
48094, 4377.44
48102, 4376.41
48110, 4372.82
48117, 4370.77
48125, 4373.85
48133, 4379.49
48141, 4375.9
48149, 4371.79
48157, 4373.85
48164, 4377.44
48172, 4375.9
48180, 4370.77
48188, 4374.36
48196, 4376.92
48203, 4373.85
48211, 4374.36
48219, 4376.41
48227, 4376.41
48235, 4375.38
48243, 4374.36
48250, 4375.9
48258, 4373.33
48266, 4373.85
48274, 4378.97
48282, 4374.36
48289, 4370.77
48297, 4373.33
48305, 4372.31
48313, 4371.28
48321, 4375.38
48329, 4378.97
48336, 4376.41
48344, 4376.41
48352, 4376.92
48360, 4372.82
48368, 4373.33
48375, 4373.33
48383, 4374.87
48391, 4381.54
48399, 4376.41
48407, 4370.77
48415, 4375.9
48422, 4373.85
48430, 4369.74
48438, 4375.38
48446, 4378.46
48454, 4372.82
48461, 4366.67
48469, 4371.28
48477, 4374.87
48485, 4376.41
48493, 4377.95
48501, 4371.79
48508, 4371.28
48516, 4372.82
48524, 4369.74
48532, 4371.28
48540, 4374.87
48548, 4378.97
48555, 4375.9
48563, 4370.26
48571, 4373.85
48579, 4375.9
48587, 4375.38
48594, 4375.38
48602, 4375.38
48610, 4375.9
48618, 4370.77
48626, 4372.82
48633, 4379.49
48641, 4375.38
48650, 4371.79
48657, 4375.38
48665, 4377.95
48673, 4374.87
48680, 4371.28
48688, 4377.95
48696, 4381.54
48704, 4373.33
48712, 4365.64
48720, 4369.74
48727, 4377.95
48735, 4374.87
48743, 4369.74
48751, 4378.97
48759, 4381.54
48766, 4372.82
48774, 4369.23
48782, 4373.33
48790, 4377.44
48798, 4375.38
48806, 4373.33
48813, 4375.38
48821, 4373.33
48829, 4371.28
48837, 4372.82
48845, 4375.9
48852, 4378.97
48860, 4373.85
48868, 4367.69
48876, 4370.26
48884, 4377.95
48892, 4376.41
48899, 4371.28
48907, 4383.08
48915, 4386.67
48923, 4374.36
48931, 4371.79
48938, 4371.28
48946, 4368.21
48954, 4369.23
48962, 4370.26
48970, 4373.85
48978, 4375.38
48985, 4375.9
48993, 4374.87
49001, 4372.82
49009, 4376.92
49017, 4378.46
49024, 4373.85
49032, 4374.36
49040, 4377.95
49048, 4375.9
49056, 4369.23
49064, 4373.33
49071, 4379.49
49079, 4374.36
49087, 4372.31
49095, 4374.36
49103, 4373.85
49110, 4376.41
49118, 4376.41
49126, 4374.87
49134, 4374.36
49142, 4374.36
49150, 4372.31
49157, 4369.74
49165, 4373.33
49173, 4375.9
49181, 4370.26
49190, 4373.33
49197, 4378.46
49204, 4372.31
49212, 4369.74
49220, 4373.85
49228, 4377.95
49236, 4375.38
49243, 4372.82
49252, 4376.92
49259, 4379.49
49268, 4378.46
49275, 4371.28
49283, 4372.31
49290, 4381.54
49298, 4373.85
49306, 4366.67
49314, 4378.97
49322, 4384.62
49329, 4377.44
49337, 4371.28
49345, 4370.77
49353, 4372.82
49361, 4371.28
49369, 4372.31
49376, 4375.9
49384, 4375.9
49392, 4370.77
49400, 4365.64
49408, 4371.28
49415, 4375.38
49423, 4375.38
49431, 4377.44
49439, 4376.41
49447, 4375.38
49456, 4371.28
49463, 4370.26
49470, 4376.41
49478, 4377.44
49486, 4373.85
49494, 4370.26
49501, 4370.26
49509, 4371.79
49517, 4370.26
49525, 4374.87
49533, 4379.49
49541, 4372.31
49548, 4368.72
49556, 4372.82
49564, 4375.38
49572, 4378.97
49580, 4375.9
49587, 4369.74
49595, 4373.85
49603, 4379.49
49611, 4373.85
49619, 4366.15
49627, 4374.87
49634, 4380.51
49642, 4375.38
49650, 4373.33
49658, 4373.33
49666, 4375.9
49674, 4375.9
49681, 4369.74
49689, 4371.28
49697, 4372.31
49705, 4370.77
49713, 4370.77
49720, 4374.87
49728, 4383.08
49736, 4380
49744, 4370.26
49752, 4371.28
49759, 4370.77
49767, 4367.18, estimuli
49775, 4368.72
49783, 4375.9
49791, 4375.9
49799, 4372.31
49806, 4375.9
49814, 4376.92
49822, 4376.92
49830, 4376.92
49838, 4372.31
49846, 4373.85
49853, 4376.92
49861, 4372.82
49869, 4374.87
49877, 4378.46
49885, 4372.31
49892, 4373.85
49900, 4369.74
49908, 4368.72
49916, 4401.03
49924, 4432.82
49932, 4409.74
49939, 4351.79
49947, 4310.26
49955, 4301.54
49963, 4317.44
49971, 4346.15
49978, 4420.51
49986, 4494.36
49994, 4465.64
50002, 4374.36
50010, 4293.33
50018, 4271.28
50025, 4310.26
50033, 4364.62
50041, 4436.41
50049, 4496.92
50057, 4455.38
50064, 4359.49
50072, 4294.87
50080, 4274.87
50088, 4310.26
50096, 4363.59
50104, 4430.26
50111, 4491.28
50119, 4455.38
50127, 4361.54
50135, 4296.92
50143, 4284.1
50151, 4317.44
50158, 4359.49
50166, 4428.72
50174, 4496.41
50182, 4456.41
50190, 4359.49
50197, 4297.44
50205, 4284.62
50213, 4314.87
50221, 4361.54
50229, 4431.28
50237, 4488.72
50244, 4448.72
50252, 4358.97
50260, 4300.51
50268, 4287.69
50276, 4315.38
50283, 4361.03
50292, 4427.18
50299, 4485.13
50307, 4448.72
50315, 4356.41
50323, 4301.03
50330, 4294.87
50338, 4321.03
50346, 4365.64
50354, 4429.74
50362, 4484.1
50369, 4447.69
50377, 4354.36
50385, 4302.05
50393, 4296.92
50401, 4321.54
50409, 4364.62
50416, 4419.49
50424, 4471.79
50432, 4446.67
50440, 4358.46
50448, 4304.1
50455, 4302.05
50463, 4325.13
50471, 4358.97
50479, 4420.51
50487, 4476.41
50496, 4439.49
50502, 4352.82
50510, 4303.59
50518, 4298.97
50526, 4325.13
50534, 4364.1
50541, 4423.59
50549, 4477.44
50557, 4443.59
50565, 4362.05
50573, 4310.26
50581, 4297.44
50588, 4323.59
50596, 4364.1
50604, 4421.03
50612, 4473.33
50620, 4440.51
50627, 4358.46
50635, 4305.64
50643, 4301.54
50651, 4330.77
50659, 4364.1
50667, 4423.08
50674, 4477.95
50682, 4440.51
50690, 4356.41
50698, 4309.74
50706, 4301.54
50714, 4318.97
50722, 4358.97
50729, 4424.1
50738, 4471.79
50745, 4437.95
50753, 4360
50760, 4310.26
50768, 4305.13
50776, 4328.21
50784, 4369.23
50792, 4429.23
50799, 4472.82
50807, 4436.41
50815, 4355.38
50823, 4304.1
50831, 4296.92
50839, 4321.03
50846, 4362.56
50854, 4422.05
50862, 4470.26
50870, 4438.97
50878, 4357.44
50886, 4309.74
50893, 4304.1
50901, 4324.1
50909, 4364.62
50917, 4414.36
50925, 4426.67
50932, 4378.46
50940, 4369.23
50948, 4403.08
50956, 4365.64
50964, 4338.46
50972, 4388.72
50979, 4394.87
50987, 4365.64
50995, 4372.31
51003, 4380.51
51011, 4371.79
51018, 4365.64
51026, 4372.31
51034, 4377.44
51042, 4376.41
51050, 4373.85
51058, 4366.67
51065, 4370.26
51073, 4377.44
51081, 4373.33
51089, 4368.72
51097, 4372.82
51104, 4380.51
51112, 4375.38
51120, 4365.64
51129, 4372.31
51137, 4382.05
51144, 4377.44
51151, 4369.74
51159, 4372.82
51167, 4378.46
51175, 4373.33
51183, 4369.23
51190, 4373.33
51198, 4374.36
51206, 4378.46
51214, 4380
51222, 4372.31
51230, 4367.69
51237, 4368.21
51245, 4373.33
51253, 4375.9
51261, 4376.41
51269, 4377.95
51276, 4373.85
51284, 4374.36
51292, 4376.41
51300, 4372.82
51308, 4371.79
51316, 4372.82
51323, 4374.87
51331, 4375.9
51339, 4374.36
51347, 4375.38
51355, 4374.87
51363, 4374.36
51370, 4376.41
51378, 4374.87
51386, 4373.85
51394, 4373.85
51402, 4375.38
51409, 4380
51417, 4380.51
51425, 4379.49
51433, 4375.9
51441, 4371.28
51449, 4369.23
51456, 4369.23
51464, 4376.41
51472, 4381.03
51480, 4373.85
51488, 4369.23
51495, 4370.26
51503, 4375.9
51511, 4377.95
51519, 4371.28
51527, 4370.26
51535, 4375.38
51542, 4373.85
51550, 4370.77
51558, 4373.33
51566, 4377.44
51574, 4376.92
51581, 4372.31
51589, 4371.28
51597, 4375.38
51605, 4381.03
51613, 4374.87
51621, 4370.77
51628, 4381.03
51636, 4378.46
51644, 4368.72
51652, 4368.21
51660, 4371.28
51667, 4375.38
51675, 4373.33
51683, 4370.26
51691, 4371.79
51699, 4374.36
51707, 4377.95
51714, 4373.33
51722, 4372.31
51730, 4380
51738, 4377.44
51746, 4369.23
51753, 4371.28
51761, 4378.97
51769, 4377.95
51777, 4373.33
51785, 4376.41
51793, 4375.9
51800, 4371.28
51808, 4375.9
51816, 4378.46
51824, 4376.41
51832, 4376.41
51839, 4375.9
51847, 4377.95
51855, 4374.87
51863, 4368.72
51871, 4371.28
51879, 4375.9
51886, 4375.38
51894, 4371.79
51902, 4372.82
51910, 4376.92
51918, 4376.41
51926, 4373.85
51933, 4371.28
51941, 4375.38
51949, 4380.51
51957, 4372.82
51965, 4369.23
51972, 4377.95
51980, 4377.95
51988, 4371.28
51996, 4371.79
52004, 4380.51
52012, 4378.97
52019, 4368.21
52027, 4369.74
52035, 4377.44
52043, 4378.97
52051, 4373.33
52058, 4367.18
52066, 4371.28
52074, 4376.41
52082, 4376.41
52090, 4374.87
52098, 4374.36
52105, 4377.95
52113, 4376.41
52121, 4369.23
52129, 4373.33
52137, 4378.46
52144, 4375.38
52152, 4370.26
52160, 4373.85
52168, 4378.46
52176, 4371.79
52184, 4370.26
52192, 4377.95
52199, 4377.95
52207, 4372.31
52215, 4371.28
52223, 4376.92
52230, 4377.44
52238, 4374.87
52246, 4380
52254, 4378.97
52262, 4373.85
52270, 4372.82
52277, 4371.28
52285, 4374.36
52293, 4374.36
52301, 4370.77
52309, 4375.38
52316, 4378.46
52324, 4376.92
52332, 4374.36
52340, 4374.87
52348, 4377.44
52356, 4374.87
52363, 4369.23
52371, 4370.77
52379, 4376.92
52387, 4377.44
52395, 4371.28
52404, 4373.85
52410, 4380.51
52419, 4375.38
52426, 4371.79
52434, 4372.31
52442, 4375.9
52449, 4383.08
52457, 4376.92
52466, 4371.28
52473, 4375.38
52481, 4374.87
52489, 4369.23
52496, 4369.74
52504, 4378.46
52512, 4376.41
52520, 4371.28
52528, 4376.41
52535, 4374.36
52543, 4364.1
52551, 4358.46
52559, 4359.49
52567, 4366.15
52575, 4368.72
52582, 4364.1
52590, 4363.59
52598, 4368.21
52606, 4373.85
52614, 4371.28
52621, 4370.77
52629, 4375.38
52637, 4369.74
52645, 4367.18
52653, 4373.85
52661, 4378.46
52668, 4377.95
52676, 4371.28
52684, 4366.67
52692, 4371.79
52700, 4379.49
52707, 4377.95
52715, 4373.33
52723, 4376.92
52731, 4376.92
52739, 4372.82
52747, 4375.38
52754, 4377.44
52762, 4375.38
52770, 4373.33
52778, 4375.38
52786, 4382.05
52794, 4379.49
52801, 4375.38
52809, 4378.97
52817, 4380.51
52825, 4377.95
52837, 4375.38
52840, 4374.36
52848, 4376.92
52856, 4378.46
52864, 4380.51
52872, 4377.44
52879, 4373.85
52887, 4373.33
52895, 4371.28
52903, 4375.9
52911, 4381.03
52919, 4373.33
52926, 4368.21
52934, 4376.41
52942, 4382.56
52950, 4376.41
52958, 4372.82
52966, 4377.95
52973, 4376.92
52981, 4371.79
52989, 4371.79
52997, 4371.79
53005, 4376.92
53012, 4379.49
53020, 4374.36
53028, 4374.87
53036, 4378.46
53044, 4378.46
53052, 4371.79
53059, 4368.21
53067, 4378.46
53075, 4383.08
53083, 4375.38
53091, 4370.26
53098, 4374.87
53106, 4382.05
53114, 4373.85
53122, 4367.69
53130, 4376.41
53138, 4375.38
53145, 4369.74
53153, 4370.77
53161, 4376.92
53169, 4378.97
53177, 4372.82
53184, 4371.28
53192, 4374.36
53200, 4375.38
53208, 4375.9
53216, 4374.36
53224, 4376.92
53231, 4375.9
53239, 4370.26
53247, 4371.79
53255, 4377.95
53263, 4380
53270, 4377.44
53278, 4375.38
53286, 4373.85
53294, 4371.28
53302, 4371.28
53310, 4370.26
53317, 4372.82
53325, 4377.95
53333, 4373.33
53341, 4370.77
53349, 4376.92
53356, 4375.9
53364, 4373.33
53372, 4374.87
53380, 4376.41
53388, 4376.92
53396, 4371.28
53404, 4373.33
53411, 4381.03
53419, 4378.46
53427, 4374.36
53436, 4375.38
53442, 4379.49
53450, 4380
53458, 4374.87
53466, 4375.38
53474, 4378.97
53482, 4381.54
53489, 4376.41
53497, 4369.23
53505, 4373.85
53513, 4374.87
53521, 4368.72
53529, 4370.26
53536, 4373.33
53544, 4373.33
53552, 4370.77
53560, 4372.31
53568, 4375.9
53575, 4372.82
53583, 4370.77
53591, 4372.82
53599, 4373.85
53607, 4375.9
53615, 4372.31
53622, 4369.74
53630, 4373.85
53638, 4379.49
53646, 4376.41
53654, 4369.23
53661, 4375.38
53669, 4378.97
53677, 4373.33
53685, 4380
53693, 4381.03
53701, 4368.21
53708, 4369.23
53716, 4374.36
53724, 4372.82
53732, 4373.33
53740, 4371.28
53747, 4371.28
53755, 4375.9
53763, 4375.9
53771, 4370.77
53779, 4374.36
53787, 4380.51
53794, 4374.87
53802, 4373.85
53810, 4378.97
53818, 4378.97
53826, 4378.46
53833, 4375.38
53842, 4373.85
53850, 4375.9
53857, 4375.38
53865, 4372.82
53873, 4370.77
53880, 4377.44
53888, 4384.1
53896, 4374.36
53904, 4369.23
53912, 4375.9
53920, 4375.38
53927, 4371.28
53935, 4370.77
53943, 4376.92
53951, 4378.46
53959, 4369.74
53966, 4369.23
53974, 4376.92
53982, 4380
53990, 4374.36
53998, 4371.79
54006, 4380
54013, 4378.46
54021, 4368.72
54029, 4367.18
54037, 4374.36
54045, 4377.95
54052, 4370.26
54060, 4370.26
54068, 4380.51
54076, 4377.44
54084, 4368.72
54092, 4373.85
54099, 4382.56
54107, 4377.44
54115, 4365.64
54123, 4368.72
54131, 4376.41
54138, 4376.41
54146, 4373.85
54154, 4371.28
54162, 4374.87
54170, 4375.38
54178, 4369.74
54185, 4371.28
54193, 4374.36
54201, 4374.87
54209, 4373.85
54217, 4371.28
54224, 4377.44
54232, 4379.49
54240, 4371.79
54248, 4372.82
54256, 4377.95
54264, 4375.38
54271, 4369.23
54279, 4369.23
54287, 4374.36
54295, 4377.44
54303, 4380
54310, 4374.36
54318, 4370.77
54326, 4375.9
54334, 4375.9
54342, 4374.36
54350, 4375.9
54357, 4375.38
54365, 4374.87
54373, 4374.36
54381, 4375.9
54389, 4375.38
54396, 4370.26
54404, 4372.82
54412, 4378.46
54420, 4377.44
54428, 4374.87
54437, 4372.31
54443, 4375.9
54451, 4377.95
54459, 4371.79
54467, 4372.82
54475, 4375.9
54483, 4374.36
54490, 4370.77
54498, 4375.38
54506, 4385.13
54514, 4380.51
54522, 4371.28
54529, 4370.26
54537, 4375.9
54545, 4378.46
54553, 4370.77
54561, 4371.28
54569, 4377.44
54576, 4375.38
54584, 4375.38
54592, 4378.46
54600, 4378.46
54608, 4375.38
54615, 4369.74
54623, 4370.77
54631, 4374.36
54639, 4373.33
54648, 4371.79
54655, 4369.23
54662, 4370.26
54670, 4373.33
54678, 4374.87
54686, 4378.46
54694, 4378.46
54701, 4374.36
54709, 4374.87
54717, 4377.95
54725, 4373.85
54733, 4358.97
54741, 4349.74, estimuli
54748, 4353.33
54756, 4355.38
54764, 4352.31
54772, 4349.23
54780, 4358.46
54787, 4372.31
54795, 4375.38
54803, 4384.62
54811, 4393.33
54819, 4389.74
54827, 4383.08
54834, 4375.9
54842, 4375.9
54850, 4377.44
54858, 4374.87
54866, 4375.38
54874, 4370.77
54881, 4381.03
54889, 4415.38
54897, 4426.15
54905, 4386.67
54913, 4339.49
54920, 4320
54928, 4326.15
54936, 4333.85
54944, 4371.79
54952, 4452.82
54959, 4482.05
54967, 4427.69
54975, 4347.69
54983, 4292.31
54991, 4297.44
54999, 4337.95
55006, 4394.36
55014, 4462.05
55022, 4482.56
55030, 4420
55038, 4342.56
55046, 4295.9
55053, 4294.87
55061, 4336.41
55069, 4386.15
55077, 4452.82
55085, 4483.08
55092, 4421.54
55100, 4344.62
55108, 4298.46
55116, 4296.41
55124, 4341.03
55131, 4391.28
55139, 4450.77
55147, 4475.9
55155, 4413.33
55163, 4335.9
55171, 4295.9
55178, 4297.95
55186, 4336.41
55194, 4387.18
55202, 4454.36
55210, 4479.49
55218, 4414.36
55225, 4339.49
55233, 4303.08
55241, 4306.15
55249, 4338.46
55257, 4385.64
55264, 4453.33
55272, 4474.36
55280, 4411.28
55288, 4340
55296, 4302.05
55304, 4305.64
55311, 4337.95
55319, 4385.13
55327, 4452.82
55335, 4476.92
55343, 4407.69
55350, 4330.26
55358, 4300
55366, 4310.26
55374, 4339.49
55382, 4383.59
55390, 4446.15
55397, 4467.18
55405, 4409.23
55413, 4335.38
55421, 4300.51
55429, 4309.23
55437, 4342.05
55444, 4385.13
55452, 4444.1
55461, 4470.26
55469, 4410.77
55476, 4335.38
55484, 4306.15
55491, 4311.79
55499, 4339.49
55507, 4386.15
55515, 4444.1
55522, 4465.13
55530, 4408.72
55538, 4336.41
55546, 4303.59
55554, 4313.33
55562, 4346.67
55569, 4384.62
55577, 4438.97
55585, 4463.59
55593, 4405.13
55601, 4337.44
55609, 4309.23
55616, 4313.85
55624, 4343.08
55632, 4382.05
55640, 4436.92
55648, 4463.08
55655, 4408.21
55664, 4336.41
55671, 4304.62
55679, 4312.31
55687, 4338.97
55695, 4380.51
55702, 4446.15
55710, 4465.13
55718, 4397.95
55726, 4333.33
55734, 4313.33
55741, 4317.95
55749, 4338.46
55757, 4380
55765, 4442.05
55773, 4458.97
55781, 4402.56
55788, 4335.9
55796, 4303.59
55804, 4316.41
55812, 4345.13
55820, 4383.08
55827, 4443.08
55835, 4460
55843, 4403.08
55851, 4337.44
55859, 4307.18
55867, 4312.31
55874, 4342.05
55882, 4385.64
55890, 4421.54
55898, 4407.69
55906, 4371.79
55913, 4384.62
55921, 4389.74
55929, 4349.74
55937, 4360.51
55945, 4400
55953, 4381.03
55960, 4358.46
55968, 4367.69
55976, 4374.36
55984, 4373.33
55992, 4369.74
56000, 4372.82
56007, 4381.03
56015, 4377.95
56023, 4369.74
56031, 4371.79
56039, 4379.49
56046, 4378.46
56054, 4370.77
56062, 4371.79
56070, 4377.95
56079, 4376.92
56086, 4370.26
56093, 4368.72
56101, 4378.46
56109, 4381.03
56117, 4372.31
56125, 4375.9
56132, 4381.54
56140, 4380
56148, 4374.87
56156, 4371.79
56164, 4378.46
56172, 4376.92
56179, 4365.64
56187, 4368.21
56195, 4378.46
56203, 4376.92
56211, 4369.23
56218, 4372.82
56226, 4377.44
56234, 4371.79
56242, 4369.74
56250, 4372.31
56258, 4375.9
56265, 4377.44
56273, 4370.77
56281, 4372.31
56289, 4378.97
56297, 4376.41
56304, 4372.31
56312, 4373.33
56320, 4380
56328, 4378.46
56336, 4369.23
56344, 4374.87
56351, 4382.56
56359, 4376.41
56367, 4365.64
56375, 4365.64
56383, 4375.38
56390, 4375.38
56398, 4370.26
56406, 4374.87
56414, 4376.92
56422, 4374.36
56430, 4374.36
56437, 4377.44
56445, 4380
56453, 4375.9
56461, 4369.23
56469, 4371.28
56476, 4377.95
56484, 4376.41
56493, 4368.72
56500, 4372.82
56508, 4377.95
56516, 4371.28
56523, 4367.69
56531, 4372.31
56539, 4377.95
56547, 4376.92
56555, 4373.33
56562, 4378.97
56570, 4381.03
56578, 4373.33
56586, 4370.26
56594, 4369.74
56602, 4371.79
56609, 4370.77
56617, 4367.69
56625, 4372.31
56633, 4377.44
56641, 4379.49
56648, 4373.85
56657, 4371.28
56664, 4377.95
56672, 4376.92
56680, 4372.31
56688, 4377.95
56695, 4381.54
56703, 4375.9
56711, 4369.74
56719, 4375.9
56728, 4379.49
56735, 4372.31
56742, 4369.23
56751, 4370.77
56758, 4375.9
56766, 4376.41
56774, 4370.77
56781, 4375.9
56789, 4380.51
56797, 4374.36
56805, 4370.77
56813, 4371.79
56821, 4376.41
56828, 4376.41
56836, 4370.77
56844, 4373.85
56852, 4375.9
56860, 4372.31
56867, 4371.79
56875, 4373.85
56883, 4375.38
56891, 4373.33
56899, 4373.33
56907, 4374.36
56915, 4373.33
56922, 4374.87
56930, 4373.85
56938, 4375.38
56946, 4376.92
56953, 4371.79
56961, 4372.31
56970, 4377.95
56977, 4379.49
56985, 4377.95
56993, 4373.85
57000, 4374.36
57008, 4375.9
57016, 4372.82
57024, 4370.26
57032, 4371.28
57039, 4376.41
57047, 4375.9
57055, 4368.21
57063, 4372.31
57072, 4378.97
57080, 4376.41
57086, 4375.38
57095, 4375.38
57102, 4376.92
57110, 4375.38
57119, 4372.82
57125, 4373.85
57133, 4375.38
57142, 4375.9
57149, 4371.79
57157, 4371.28
57165, 4376.92
57172, 4375.9
57180, 4373.85
57188, 4373.85
57196, 4373.33
57204, 4374.36
57212, 4373.33
57219, 4372.82
57228, 4373.85
57236, 4371.28
57243, 4371.28
57252, 4374.87
57258, 4375.9
57266, 4370.77
57274, 4366.15
57282, 4372.82
57290, 4377.95
57297, 4376.92
57306, 4377.44
57313, 4374.87
57321, 4372.82
57329, 4371.79
57337, 4370.26
57345, 4373.33
57353, 4375.9
57360, 4375.9
57369, 4372.31
57377, 4372.82
57385, 4375.9
57391, 4371.79
57400, 4371.28
57407, 4376.41
57415, 4375.9
57423, 4373.85
57430, 4372.82
57438, 4375.38
57446, 4377.95
57454, 4371.79
57462, 4369.74
57470, 4376.41
57477, 4378.46
57485, 4371.79
57493, 4368.72
57501, 4376.41
57509, 4376.92
57516, 4369.23
57524, 4369.23
57532, 4371.28
57540, 4374.87
57548, 4375.38
57556, 4368.72
57563, 4370.26
57571, 4375.38
57579, 4374.87
57587, 4373.33
57595, 4374.87
57602, 4378.97
57610, 4375.9
57618, 4373.33
57626, 4375.9
57634, 4377.44
57642, 4377.95
57649, 4373.33
57657, 4372.31
57665, 4376.92
57673, 4373.33
57681, 4368.72
57688, 4373.33
57696, 4377.95
57704, 4376.92
57712, 4374.87
57720, 4377.44
57728, 4374.36
57735, 4367.18
57743, 4370.26
57751, 4375.9
57759, 4375.38
57767, 4371.28
57775, 4368.21
57782, 4372.82
57790, 4374.36
57798, 4375.38
57806, 4377.44
57814, 4376.92
57821, 4378.46
57829, 4374.87
57837, 4373.85
57845, 4380.51
57853, 4377.44
57861, 4371.79
57868, 4373.33
57876, 4373.33
57884, 4373.33
57892, 4374.87
57900, 4374.36
57907, 4374.87
57915, 4377.95
57923, 4377.44
57931, 4369.74
57939, 4369.74
57947, 4374.87
57954, 4373.33
57962, 4371.28
57970, 4373.85
57979, 4375.9
57986, 4372.31
57993, 4368.72
58002, 4375.38
58009, 4378.46
58017, 4374.36
58025, 4372.82
58033, 4372.31
58040, 4377.44
58048, 4381.54
58056, 4372.82
58064, 4368.72
58072, 4372.31
58079, 4377.44
58087, 4371.79
58095, 4368.21
58103, 4376.92
58111, 4375.38
58119, 4370.26
58126, 4376.92
58134, 4378.97
58142, 4371.79
58150, 4366.67
58158, 4373.85
58165, 4375.9
58173, 4369.23
58181, 4372.82
58189, 4379.49
58197, 4374.87
58205, 4368.21
58212, 4370.26
58220, 4376.92
58228, 4375.9
58236, 4370.77
58244, 4372.82
58251, 4375.9
58259, 4379.49
58267, 4380.51
58275, 4372.82
58283, 4371.28
58291, 4374.87
58298, 4375.9
58306, 4374.36
58314, 4372.31
58322, 4372.31
58330, 4370.26
58337, 4371.28
58345, 4377.95
58353, 4377.44
58361, 4370.77
58369, 4368.72
58377, 4378.97
58384, 4384.62
58392, 4374.36
58400, 4370.26
58408, 4376.41
58416, 4378.46
58424, 4376.41
58431, 4375.38
58439, 4378.46
58447, 4374.87
58455, 4370.77
58463, 4376.41
58470, 4376.92
58478, 4372.82
58486, 4371.79
58494, 4369.74
58502, 4373.33
58510, 4376.92
58517, 4373.85
58525, 4370.26
58533, 4372.31
58541, 4378.97
58549, 4375.38
58556, 4367.18
58564, 4372.31
58572, 4380
58580, 4376.41
58588, 4368.72
58596, 4373.33
58603, 4378.97
58611, 4371.79
58619, 4370.77
58627, 4375.9
58635, 4377.95
58642, 4379.49
58650, 4375.38
58658, 4372.82
58666, 4375.9
58674, 4374.36
58682, 4369.23
58689, 4367.69
58697, 4374.87
58705, 4380.51
58713, 4375.9
58721, 4374.36
58729, 4374.87
58736, 4371.79
58744, 4370.77
58752, 4371.79
58760, 4376.92
58768, 4374.87
58775, 4368.72
58783, 4374.36
58791, 4376.92
58799, 4374.36
58807, 4373.33
58815, 4374.36
58822, 4376.41
58830, 4372.31
58838, 4369.74
58846, 4374.87
58854, 4375.38
58861, 4372.82
58869, 4370.77
58877, 4374.87
58885, 4377.95
58893, 4368.72
58901, 4362.05
58908, 4365.13
58916, 4368.72
58924, 4370.26
58932, 4368.72
58940, 4370.77
58947, 4373.85
58955, 4372.82
58963, 4369.23
58971, 4368.72
58979, 4375.38
58987, 4374.36
58994, 4368.21
59002, 4374.36
59010, 4377.95
59018, 4373.85
59026, 4373.85
59034, 4378.97
59041, 4381.54
59049, 4375.38
59057, 4373.33
59065, 4377.44
59073, 4376.41
59080, 4378.97
59088, 4377.95
59096, 4370.77
59104, 4373.85
59112, 4376.92
59119, 4374.36
59127, 4376.41
59135, 4377.44
59143, 4372.82
59151, 4372.31
59159, 4380
59166, 4382.05
59174, 4373.85
59182, 4369.74
59190, 4372.31
59198, 4377.44
59205, 4377.44
59213, 4374.36
59221, 4377.44
59229, 4373.85
59237, 4367.69
59245, 4369.74
59252, 4374.87
59260, 4380.51
59268, 4376.41
59276, 4369.23
59284, 4375.38
59292, 4381.03
59299, 4376.41
59307, 4366.67
59315, 4369.74
59323, 4381.03
59331, 4375.9
59338, 4367.69
59346, 4374.36
59354, 4378.46
59362, 4371.28
59370, 4366.67
59378, 4373.85
59385, 4378.97
59393, 4374.87
59401, 4371.28
59409, 4371.79
59417, 4375.9
59424, 4375.38
59432, 4369.74
59440, 4376.92
59448, 4382.05
59456, 4374.87
59464, 4371.79
59471, 4374.36
59479, 4374.36
59487, 4371.79
59495, 4377.95
59503, 4381.03
59510, 4371.28
59518, 4368.21
59526, 4371.79
59534, 4374.36
59542, 4378.46
59550, 4374.36
59557, 4371.79
59565, 4376.92
59573, 4374.36
59581, 4371.79
59589, 4373.85
59596, 4375.9
59604, 4375.9
59612, 4369.74
59620, 4368.21
59628, 4373.33
59636, 4373.85
59643, 4373.33
59651, 4373.85
59659, 4378.97
59667, 4377.95
59675, 4373.85
59682, 4374.87
59690, 4374.36
59698, 4376.92
59706, 4376.41
59714, 4371.28
59722, 4371.79
59729, 4375.9
59737, 4379.49
59745, 4373.85
59753, 4368.21
59761, 4372.31
59768, 4371.79
59776, 4368.72
59784, 4371.79
59792, 4369.74
59800, 4371.28
59808, 4376.92
59815, 4374.87
59831, 4372.31
59832, 4369.23
59840, 4367.69
59847, 4373.33
59855, 4377.44
59862, 4372.82
59870, 4369.23
59878, 4376.92
59886, 4378.46
59894, 4372.82
59901, 4373.85
59909, 4376.92
59917, 4378.46
59925, 4372.31
59933, 4366.15
59941, 4373.33
59948, 4376.92
59956, 4371.79
59964, 4370.26
59972, 4373.33
59980, 4378.97
59987, 4376.92
59995, 4368.72
60003, 4370.77
60011, 4377.44
60019, 4377.95
60027, 4371.79
60034, 4373.33
60042, 4377.44
60051, 4375.9
60058, 4374.87
60066, 4373.85
60073, 4371.28
60081, 4374.87
60089, 4376.41
60097, 4374.87
60105, 4377.95
60113, 4382.05
60120, 4384.1
60128, 4374.87
60136, 4366.15
60144, 4370.77
60152, 4372.82
60159, 4371.79
60167, 4375.38
60175, 4377.44
60183, 4371.28
60191, 4368.72
60199, 4377.44
60206, 4374.36
60214, 4366.67
60222, 4371.28
60230, 4375.38
60238, 4377.44
60245, 4376.92
60254, 4376.41
60261, 4376.92
60269, 4372.82
60277, 4368.21
60285, 4371.79
60292, 4374.87
60300, 4373.85
60308, 4373.33
60316, 4377.95
60324, 4381.54
60331, 4372.31
60339, 4369.74
60347, 4375.9
60355, 4374.87
60363, 4368.21
60371, 4368.72
60378, 4379.49
60386, 4378.46
60394, 4372.82
60402, 4377.44
60410, 4374.36
60418, 4371.28
60425, 4379.49
60433, 4376.41
60441, 4368.21
60449, 4370.77
60457, 4375.9
60464, 4373.85
60472, 4374.87
60480, 4379.49
60488, 4372.31
60496, 4366.15
60504, 4367.18
60511, 4364.1
60519, 4368.72
60527, 4376.92
60535, 4374.36
60543, 4365.13
60550, 4363.08
60558, 4370.77, estimuli
60566, 4372.31
60574, 4368.72
60582, 4368.72
60590, 4369.23
60597, 4373.33
60605, 4374.36
60613, 4369.74
60621, 4373.85
60629, 4377.44
60636, 4374.87
60644, 4375.38
60652, 4375.9
60660, 4377.44
60668, 4375.38
60676, 4370.77
60683, 4376.41
60691, 4377.44
60699, 4378.97
60707, 4407.18
60715, 4431.28
60722, 4401.03
60730, 4342.56
60738, 4305.64
60746, 4308.72
60754, 4332.31
60762, 4357.44
60769, 4422.05
60777, 4485.64
60785, 4452.82
60793, 4361.03
60801, 4294.36
60808, 4287.18
60816, 4325.13
60824, 4370.77
60832, 4431.79
60840, 4482.05
60848, 4444.62
60855, 4357.95
60863, 4298.46
60872, 4287.18
60879, 4325.13
60887, 4368.72
60895, 4432.82
60902, 4486.67
60910, 4437.95
60918, 4351.28
60926, 4299.49
60934, 4289.23
60941, 4327.18
60949, 4376.92
60957, 4438.97
60965, 4484.62
60973, 4438.97
60980, 4353.85
60988, 4300
60996, 4292.82
61004, 4325.13
61012, 4365.13
61020, 4427.69
61027, 4480
61035, 4436.41
61043, 4352.31
61051, 4304.1
61059, 4295.9
61067, 4322.56
61074, 4365.64
61082, 4426.67
61090, 4475.38
61098, 4442.05
61106, 4354.36
61113, 4296.92
61121, 4296.92
61129, 4328.21
61137, 4370.77
61145, 4434.87
61153, 4481.54
61160, 4435.38
61168, 4345.64
61176, 4299.49
61184, 4300.51
61192, 4328.72
61199, 4368.21
61207, 4424.1
61215, 4472.82
61223, 4438.97
61231, 4349.23
61239, 4297.44
61246, 4299.49
61254, 4330.26
61262, 4369.74
61270, 4425.13
61278, 4470.26
61285, 4433.85
61293, 4352.31
61301, 4305.64
61309, 4302.56
61317, 4330.26
61325, 4370.26
61332, 4425.64
61340, 4470.26
61348, 4431.28
61356, 4353.33
61364, 4310.77
61372, 4308.21
61379, 4334.36
61387, 4369.74
61395, 4423.59
61403, 4467.69
61411, 4428.72
61418, 4350.26
61426, 4305.64
61434, 4304.62
61442, 4331.79
61450, 4370.26
61458, 4427.69
61465, 4469.23
61473, 4433.85
61481, 4354.87
61489, 4300.51
61498, 4302.56
61504, 4337.44
61512, 4372.31
61520, 4426.15
61528, 4466.67
61536, 4429.74
61544, 4353.33
61551, 4305.64
61559, 4311.79
61567, 4342.56
61575, 4370.26
61583, 4424.1
61590, 4468.72
61598, 4429.74
61606, 4352.31
61614, 4306.15
61622, 4302.56
61630, 4333.33
61637, 4376.41
61645, 4426.15
61653, 4464.62
61661, 4432.31
61669, 4350.26
61676, 4303.59
61684, 4308.21
61692, 4334.87
61700, 4368.21
61708, 4411.79
61716, 4424.62
61724, 4381.03
61731, 4370.77
61740, 4398.46
61747, 4365.64
61755, 4344.62
61762, 4383.08
61770, 4383.59
61778, 4365.64
61786, 4376.92
61794, 4380.51
61802, 4370.26
61809, 4368.72
61817, 4376.92
61825, 4373.85
61833, 4366.15
61841, 4370.26
61848, 4377.44
61856, 4378.97
61864, 4372.82
61872, 4368.21
61880, 4373.33
61888, 4375.9
61895, 4371.28
61903, 4370.77
61911, 4374.36
61919, 4376.41
61927, 4370.77
61934, 4372.82
61942, 4381.03
61950, 4376.41
61958, 4370.26
61966, 4372.31
61974, 4374.36
61981, 4373.33
61989, 4374.36
61997, 4380
62005, 4376.41
62013, 4368.21
62021, 4369.23
62028, 4372.82
62036, 4375.9
62044, 4375.9
62052, 4374.87
62060, 4377.44
62068, 4373.33
62075, 4371.79
62083, 4373.33
62091, 4370.77
62099, 4371.79
62107, 4373.33
62114, 4373.33
62122, 4373.85
62130, 4372.82
62138, 4375.38
62146, 4373.33
62153, 4367.18
62161, 4370.77
62169, 4374.36
62177, 4373.33
62185, 4374.87
62193, 4378.97
62200, 4380.51
62208, 4370.77
62216, 4365.13
62224, 4371.28
62232, 4373.33
62239, 4371.28
62248, 4370.26
62255, 4375.9
62263, 4379.49
62271, 4373.33
62279, 4369.23
62286, 4370.26
62294, 4372.82
62302, 4374.87
62310, 4377.44
62318, 4378.46
62325, 4371.28
62333, 4370.26
62341, 4375.38
62349, 4374.36
62357, 4372.82
62365, 4370.26
62372, 4369.74
62380, 4375.38
62388, 4375.9
62396, 4375.38
62404, 4376.92
62411, 4373.85
62419, 4372.31
62427, 4373.85
62435, 4378.46
62443, 4375.38
62451, 4367.18
62458, 4371.28
62466, 4374.87
62474, 4370.26
62482, 4370.26
62490, 4371.28
62497, 4370.26
62505, 4368.21
62513, 4372.31
62521, 4379.49
62529, 4378.97
62537, 4377.95
62544, 4374.36
62552, 4370.26
62560, 4372.82
62568, 4371.79
62576, 4369.23
62584, 4368.21
62591, 4373.33
62599, 4379.49
62607, 4372.82
62615, 4369.23
62623, 4374.87
62630, 4372.31
62638, 4367.69
62646, 4372.82
62654, 4378.97
62662, 4373.85
62670, 4368.21
62677, 4374.36
62685, 4376.41
62693, 4370.77
62701, 4374.36
62709, 4378.97
62716, 4375.38
62724, 4371.79
62732, 4374.36
62740, 4373.85
62748, 4367.69
62756, 4373.33
62763, 4377.44
62771, 4372.82
62779, 4375.9
62787, 4374.36
62795, 4368.72
62802, 4375.38
62810, 4382.05
62818, 4376.92
62826, 4371.79
62834, 4375.9
62842, 4378.46
62849, 4369.74
62857, 4367.18
62865, 4372.31
62873, 4372.82
62881, 4370.77
62888, 4372.31
62896, 4378.46
62904, 4374.87
62912, 4369.74
62920, 4374.87
62928, 4375.38
62935, 4370.77
62943, 4368.72
62951, 4372.31
62959, 4377.44
62967, 4372.82
62974, 4368.21
62982, 4372.82
62990, 4376.92
62998, 4377.95
63006, 4374.36
63014, 4375.9
63021, 4377.44
63029, 4370.77
63037, 4368.72
63045, 4370.26
63053, 4372.31
63060, 4375.38
63068, 4372.31
63076, 4370.77
63084, 4374.36
63092, 4377.44
63100, 4378.46
63107, 4375.38
63115, 4375.38
63123, 4372.31
63131, 4368.72
63139, 4375.38
63147, 4377.44
63154, 4373.33
63162, 4372.82
63170, 4375.38
63178, 4378.46
63186, 4375.38
63193, 4371.28
63201, 4372.31
63209, 4375.38
63217, 4377.95
63225, 4372.82
63233, 4372.82
63240, 4377.95
63248, 4371.79
63256, 4370.77
63264, 4376.41
63272, 4373.85
63279, 4373.85
63287, 4376.41
63295, 4373.33
63303, 4369.74
63311, 4368.72
63319, 4367.69
63326, 4368.21
63334, 4373.33
63342, 4374.36
63350, 4372.82
63358, 4375.9
63366, 4373.85
63373, 4370.77
63381, 4371.79
63389, 4373.85
63397, 4375.38
63405, 4367.69
63412, 4362.05
63420, 4374.87
63428, 4385.64
63436, 4380.51
63444, 4373.33
63452, 4377.95
63459, 4381.03
63467, 4376.41
63475, 4380.51
63483, 4384.1
63491, 4380.51
63498, 4381.03
63506, 4379.49
63514, 4380
63522, 4382.56
63530, 4381.03
63537, 4380
63545, 4378.46
63553, 4379.49
63561, 4382.56
63569, 4378.46
63578, 4377.95
63584, 4380
63592, 4376.92
63600, 4376.92
63608, 4378.97
63616, 4376.41
63624, 4374.36
63631, 4380.51
63639, 4385.64
63647, 4378.97
63655, 4373.33
63663, 4374.87
63670, 4378.97
63678, 4385.13
63686, 4380
63694, 4374.36
63702, 4377.44
63710, 4374.87
63717, 4372.82
63725, 4372.82
63733, 4374.87
63741, 4379.49
63749, 4377.44
63756, 4375.38
63764, 4375.9
63772, 4377.95
63780, 4377.95
63788, 4372.82
63797, 4375.38
63804, 4382.05
63811, 4382.56
63819, 4375.9
63827, 4370.77
63835, 4379.49
63842, 4382.56
63850, 4373.85
63858, 4371.28
63867, 4376.41
63874, 4380
63882, 4375.9
63889, 4371.79
63897, 4377.95
63905, 4376.92
63913, 4369.74
63921, 4370.26
63928, 4373.33
63936, 4378.46
63944, 4374.36
63952, 4366.15
63960, 4373.85
63968, 4377.44
63975, 4369.74
63983, 4371.28
63991, 4381.03
64000, 4378.46
64007, 4368.21
64014, 4373.33
64022, 4379.49
64030, 4373.85
64040, 4372.82
64047, 4378.97
64056, 4380
64061, 4372.31
64069, 4366.15
64077, 4369.74
64085, 4372.82
64093, 4371.79
64100, 4372.31
64108, 4376.41
64116, 4382.56
64124, 4375.38
64132, 4365.13
64140, 4370.77
64147, 4377.95
64155, 4377.95
64163, 4370.77
64171, 4370.26
64179, 4381.03
64186, 4380.51
64194, 4374.36
64202, 4373.33
64210, 4373.85
64218, 4373.85
64226, 4371.28
64233, 4370.26
64242, 4375.38
64249, 4381.54
64257, 4378.46
64265, 4369.74
64273, 4375.9
64280, 4384.62
64288, 4373.85
64296, 4367.18
64304, 4376.92
64312, 4381.03
64319, 4374.36
64327, 4372.31
64335, 4378.46
64343, 4376.41
64351, 4369.23
64359, 4372.82
64366, 4376.92
64374, 4376.92
64382, 4375.9
64390, 4373.85
64398, 4373.85
64405, 4370.77
64413, 4369.23
64421, 4372.31
64429, 4374.36
64437, 4375.9
64445, 4372.82
64452, 4372.31
64460, 4380.51
64468, 4382.05
64476, 4376.41
64484, 4369.74
64491, 4368.21
64499, 4371.28
64507, 4368.72
64515, 4370.77
64523, 4376.41
64531, 4377.44
64538, 4374.36
64546, 4370.77
64554, 4376.92
64562, 4379.49
64570, 4373.33
64578, 4374.36
64585, 4376.41
64593, 4373.33
64601, 4372.82
64609, 4377.44
64617, 4379.49
64624, 4374.87
64632, 4371.79
64640, 4372.31
64648, 4375.38
64656, 4380.51
64664, 4377.95
64671, 4376.41
64679, 4379.49
64687, 4373.85
64695, 4369.74
64703, 4376.92
64710, 4382.05
64718, 4378.46
64726, 4370.77
64734, 4370.26
64742, 4367.18
64750, 4355.38
64757, 4348.72
64765, 4341.54
64774, 4331.79
64781, 4334.36, estimuli
64789, 4348.72
64796, 4374.36
64804, 4401.03
64812, 4420
64820, 4421.54
64828, 4413.85
64836, 4412.31
64843, 4401.03
64851, 4384.1
64859, 4381.03
64867, 4389.23
64875, 4397.44
64882, 4392.82
64890, 4388.21
64898, 4396.41
64906, 4401.03
64914, 4386.15
64922, 4392.82
64929, 4436.92
64937, 4448.72
64945, 4393.33
64953, 4338.46
64961, 4321.03
64968, 4328.21
64976, 4342.56
64984, 4383.59
64992, 4467.18
65000, 4500
65008, 4432.31
65015, 4345.13
65023, 4292.82
65031, 4299.49
65039, 4340
65047, 4396.41
65054, 4472.82
65062, 4490.26
65070, 4420.51
65078, 4351.79
65086, 4303.59
65094, 4296.92
65101, 4343.08
65109, 4398.97
65117, 4464.1
65125, 4486.15
65133, 4417.95
65140, 4333.33
65148, 4291.28
65156, 4302.56
65164, 4337.95
65172, 4390.26
65180, 4468.72
65187, 4488.72
65195, 4411.28
65203, 4332.82
65211, 4299.49
65219, 4307.18
65226, 4340
65235, 4391.28
65242, 4462.05
65250, 4485.13
65258, 4416.92
65266, 4333.33
65273, 4298.97
65281, 4314.36
65289, 4344.62
65297, 4384.62
65305, 4455.38
65313, 4486.67
65320, 4413.33
65328, 4329.74
65336, 4302.56
65344, 4310.26
65352, 4341.03
65359, 4390.77
65367, 4456.92
65375, 4479.49
65383, 4407.69
65391, 4330.26
65399, 4305.13
65406, 4315.38
65414, 4343.59
65422, 4385.64
65431, 4451.28
65438, 4477.44
65445, 4407.69
65454, 4327.69
65461, 4298.97
65469, 4313.33
65477, 4343.59
65485, 4380
65492, 4450.77
65500, 4486.15
65508, 4409.23
65516, 4322.05
65524, 4302.05
65531, 4318.46
65539, 4342.05
65547, 4386.15
65555, 4456.92
65563, 4474.87
65571, 4405.13
65578, 4331.79
65586, 4300.51
65594, 4314.36
65602, 4345.13
65610, 4384.62
65618, 4449.74
65625, 4471.79
65633, 4404.1
65641, 4327.69
65649, 4302.56
65657, 4318.46
65664, 4342.56
65672, 4383.08
65680, 4451.28
65688, 4473.85
65696, 4406.15
65703, 4330.77
65711, 4305.13
65719, 4313.85
65727, 4336.92
65735, 4387.69
65743, 4454.36
65750, 4468.72
65758, 4401.54
65766, 4327.69
65774, 4303.08
65782, 4317.95
65790, 4344.1
65797, 4385.64
65805, 4452.31
65813, 4474.87
65821, 4403.08
65829, 4322.56
65836, 4298.97
65844, 4314.87
65852, 4346.15
65860, 4390.77
65868, 4451.79
65876, 4468.21
65883, 4399.49
65891, 4326.67
65899, 4305.64
65907, 4318.97
65915, 4346.67
65922, 4385.13
65930, 4427.18
65938, 4412.31
65946, 4364.1
65954, 4382.56
65962, 4395.9
65969, 4350.77
65977, 4355.38
65985, 4392.31
65993, 4384.62
66001, 4370.77
66008, 4371.79
66016, 4374.36
66024, 4376.41
66032, 4377.95
66040, 4374.36
66048, 4371.28
66055, 4377.95
66063, 4377.44
66071, 4373.85
66079, 4375.38
66087, 4373.33
66094, 4371.79
66102, 4372.31
66110, 4380
66118, 4385.13
66126, 4375.38
66134, 4369.23
66141, 4373.33
66149, 4377.44
66157, 4378.97
66165, 4373.85
66173, 4370.77
66180, 4372.82
66188, 4374.36
66196, 4373.85
66204, 4373.85
66212, 4378.97
66220, 4377.95
66227, 4368.72
66235, 4372.82
66243, 4380
66251, 4376.92
66259, 4372.31
66267, 4374.87
66274, 4378.97
66282, 4373.33
66290, 4367.69
66298, 4373.85
66306, 4378.46
66313, 4379.49
66321, 4376.92
66329, 4375.38
66337, 4377.44
66345, 4371.28
66353, 4366.15
66360, 4370.77
66368, 4375.9
66376, 4376.41
66384, 4374.36
66392, 4376.92
66399, 4377.44
66407, 4373.85
66415, 4373.85
66423, 4374.36
66431, 4376.92
66439, 4375.9
66446, 4368.72
66454, 4372.82
66462, 4376.92
66470, 4371.79
66478, 4371.79
66485, 4374.87
66493, 4377.95
66501, 4375.9
66509, 4368.21
66517, 4372.82
66525, 4384.1
66532, 4383.08
66540, 4370.26
66548, 4369.74
66556, 4378.46
66564, 4373.85
66571, 4371.79
66579, 4376.92
66587, 4376.41
66595, 4375.9
66603, 4373.33
66611, 4372.82
66618, 4375.38
66626, 4371.79
66634, 4370.26
66642, 4375.9
66650, 4380.51
66657, 4377.95
66665, 4371.28
66673, 4373.33
66681, 4378.97
66689, 4376.41
66697, 4372.31
66704, 4373.33
66712, 4376.41
66720, 4371.79
66728, 4367.69
66736, 4377.95
66743, 4385.13
66751, 4380.51
66759, 4372.82
66767, 4371.79
66775, 4376.92
66783, 4374.87
66790, 4370.26
66798, 4371.28
66806, 4376.92
66814, 4380
66822, 4370.26
66830, 4367.18
66837, 4377.44
66845, 4372.82
66853, 4369.74
66861, 4378.46
66869, 4377.44
66876, 4371.28
66884, 4372.82
66892, 4378.46
66900, 4374.87
66908, 4369.23
66916, 4370.77
66923, 4372.31
66931, 4377.44
66939, 4378.46
66947, 4373.85
66956, 4374.87
66962, 4374.36
66970, 4372.82
66978, 4371.79
66986, 4370.77
66994, 4375.38
67002, 4375.38
67009, 4368.21
67017, 4370.26
67025, 4375.9
67033, 4374.87
67041, 4369.74
67048, 4368.72
67056, 4371.79
67064, 4370.26
67072, 4371.28
67080, 4377.44
67088, 4378.97
67095, 4376.92
67103, 4371.79
67111, 4373.33
67120, 4376.92
67127, 4377.44
67134, 4376.41
67143, 4371.79
67150, 4374.36
67158, 4377.44
67166, 4372.31
67174, 4374.87
67181, 4378.46
67189, 4372.82
67197, 4371.79
67205, 4373.85
67213, 4376.41
67220, 4375.9
67228, 4374.36
67237, 4376.92
67245, 4375.9
67252, 4373.33
67260, 4372.82
67267, 4374.87
67275, 4377.44
67283, 4375.9
67291, 4373.85
67299, 4371.79
67308, 4373.85
67314, 4376.92
67322, 4371.28
67330, 4372.82
67338, 4378.46
67346, 4368.72
67353, 4366.67
67362, 4374.36
67369, 4376.41
67377, 4374.36
67385, 4373.85
67392, 4375.38
67400, 4374.36
67409, 4370.77
67416, 4372.31
67425, 4376.92
67432, 4380
67439, 4374.87
67447, 4368.21
67455, 4375.38
67463, 4380
67471, 4377.44
67479, 4374.87
67486, 4373.33
67495, 4373.33
67502, 4370.77
67510, 4371.28
67519, 4373.85
67526, 4371.79
67533, 4372.82
67541, 4373.33
67549, 4375.38
67557, 4378.46
67565, 4375.38
67572, 4373.85
67580, 4375.38
67589, 4378.97
67596, 4377.95
67604, 4371.79
67611, 4375.9
67619, 4380.51
67627, 4375.38
67635, 4374.36
67643, 4376.41
67651, 4376.41
67658, 4375.9
67666, 4374.87
67674, 4377.44
67682, 4377.44
67690, 4374.87
67697, 4371.79
67705, 4373.33
67713, 4378.97
67721, 4376.92
67729, 4370.77
67738, 4370.77
67744, 4371.28
67752, 4374.87
67760, 4374.87
67768, 4373.85
67776, 4379.49
67783, 4376.41
67791, 4366.67
67799, 4370.77
67807, 4383.59
67815, 4385.13
67823, 4370.26
67830, 4367.18
67838, 4375.9
67846, 4374.36
67854, 4371.28
67862, 4373.85
67869, 4376.92
67877, 4374.87
67885, 4370.26
67893, 4375.38
67901, 4376.41
67909, 4372.82
67916, 4371.28
67924, 4372.31
67932, 4376.41
67940, 4373.33
67948, 4369.74
67955, 4375.38
67963, 4377.44
67971, 4376.41
67979, 4376.41
67987, 4378.46
67995, 4377.44
68002, 4372.31
68010, 4371.79
68018, 4375.9
68026, 4380
68034, 4380
68042, 4368.21
68049, 4363.59
68057, 4374.87
68065, 4376.41
68073, 4371.28
68081, 4372.82
68088, 4373.85
68096, 4371.28
68104, 4371.28
68112, 4377.44
68120, 4375.38
68128, 4368.72
68135, 4372.82
68143, 4376.41
68151, 4377.95
68159, 4377.95
68167, 4375.9
68174, 4376.92
68182, 4375.38
68190, 4371.28
68198, 4369.74
68206, 4372.31
68214, 4375.9
68221, 4373.33
68229, 4375.9
68237, 4382.56
68245, 4375.38
68253, 4370.26
68260, 4373.85
68268, 4376.92
68276, 4378.46
68284, 4374.36
68292, 4371.28
68300, 4371.79
68307, 4371.79
68315, 4369.74
68323, 4368.72
68331, 4374.87
68339, 4376.92
68346, 4372.31
68354, 4376.92
68362, 4382.05
68370, 4378.46
68378, 4366.67
68386, 4360
68393, 4365.64
68401, 4361.03
68409, 4347.18, estimuli
68417, 4349.23
68425, 4369.74
68433, 4384.1
68440, 4381.03
68448, 4384.1
68456, 4392.82
68464, 4385.13
68472, 4371.28
68479, 4367.18
68487, 4376.41
68495, 4383.08
68503, 4375.9
68511, 4378.46
68519, 4385.64
68526, 4378.97
68534, 4378.97
68542, 4374.36
68550, 4381.03
68558, 4421.54
68565, 4439.49
68573, 4398.46
68581, 4343.59
68589, 4310.26
68597, 4309.74
68605, 4328.72
68612, 4363.59
68620, 4440.51
68628, 4493.85
68636, 4450.77
68644, 4360.51
68651, 4294.36
68659, 4288.72
68667, 4324.62
68675, 4374.87
68683, 4447.69
68691, 4492.31
68698, 4433.85
68706, 4345.13
68714, 4298.97
68722, 4289.23
68730, 4323.08
68737, 4376.92
68745, 4447.69
68753, 4494.36
68761, 4438.46
68769, 4344.62
68777, 4290.77
68785, 4288.21
68792, 4327.69
68800, 4377.44
68808, 4447.69
68816, 4493.33
68823, 4433.85
68831, 4345.64
68839, 4295.38
68847, 4288.72
68855, 4325.64
68863, 4378.46
68870, 4451.28
68878, 4489.74
68886, 4426.67
68894, 4344.62
68902, 4300.51
68909, 4293.33
68917, 4325.13
68925, 4374.87
68933, 4445.64
68941, 4489.23
68949, 4436.41
68956, 4351.28
68964, 4300
68972, 4294.87
68980, 4324.62
68988, 4372.82
68995, 4441.54
69003, 4482.05
69011, 4431.28
69019, 4347.18
69027, 4300
69035, 4297.44
69042, 4326.15
69050, 4372.82
69058, 4436.92
69066, 4480
69074, 4434.36
69082, 4347.69
69089, 4300.51
69097, 4303.08
69105, 4331.79
69113, 4372.82
69121, 4435.9
69128, 4476.41
69136, 4425.64
69144, 4341.54
69152, 4300.51
69161, 4302.05
69168, 4329.74
69175, 4374.36
69183, 4434.87
69191, 4474.87
69199, 4428.72
69207, 4348.21
69214, 4304.62
69222, 4303.59
69231, 4336.41
69238, 4377.44
69247, 4432.82
69254, 4475.9
69261, 4427.18
69269, 4341.03
69277, 4301.03
69285, 4306.67
69293, 4335.38
69300, 4376.41
69308, 4440.51
69316, 4476.41
69324, 4420
69332, 4340.51
69340, 4300
69347, 4302.05
69355, 4330.26
69363, 4371.28
69371, 4436.92
69379, 4474.36
69386, 4422.05
69394, 4344.62
69402, 4302.56
69410, 4303.08
69418, 4332.82
69426, 4376.41
69433, 4437.44
69441, 4470.77
69449, 4423.08
69457, 4344.1
69465, 4297.95
69473, 4304.62
69480, 4336.92
69488, 4374.87
69496, 4432.31
69504, 4469.74
69512, 4427.69
69519, 4348.21
69527, 4303.08
69535, 4305.64
69543, 4337.44
69551, 4375.9
69559, 4414.36
69566, 4413.85
69574, 4374.87
69582, 4381.03
69590, 4401.03
69598, 4356.41
69605, 4344.62
69613, 4392.82
69621, 4387.69
69629, 4363.08
69637, 4373.85
69650, 4378.46
69652, 4374.36
69660, 4370.77
69668, 4371.79
69676, 4377.95
69684, 4379.49
69691, 4373.33
69699, 4370.26
69707, 4378.46
69715, 4383.08
69723, 4372.82
69731, 4368.21
69738, 4370.77
69746, 4374.36
69754, 4375.9
69762, 4372.82
69770, 4374.36
69777, 4376.92
69785, 4371.28
69793, 4369.74
69801, 4376.92
69809, 4380
69817, 4373.33
69824, 4371.28
69832, 4378.46
69840, 4374.36
69849, 4369.23
69857, 4375.38
69863, 4378.46
69871, 4378.97
69879, 4373.33
69887, 4367.69
69895, 4374.87
69903, 4377.44
69910, 4371.79
69918, 4372.82
69927, 4380.51
69934, 4376.92
69942, 4364.62
69949, 4367.18
69957, 4375.38
69965, 4377.44
69973, 4375.38
69981, 4371.79
69989, 4376.92
69996, 4380
70004, 4371.28
70012, 4369.74
70020, 4376.92
70028, 4379.49
70035, 4374.36
70043, 4372.31
70051, 4377.95
70059, 4374.87
70067, 4366.15
70075, 4367.18
70082, 4373.33
70090, 4377.44
70098, 4373.33
70106, 4370.26
70114, 4374.36
70122, 4378.97
70129, 4380.51
70137, 4372.31
70145, 4367.69
70153, 4377.44
70161, 4374.87
70168, 4365.64
70176, 4370.77
70184, 4377.95
70192, 4375.38
70200, 4370.26
70208, 4375.9
70215, 4379.49
70223, 4373.85
70231, 4374.87
70239, 4378.46
70247, 4377.95
70254, 4374.36
70262, 4367.18
70271, 4368.21
70278, 4374.36
70286, 4376.41
70294, 4375.38
70301, 4375.9
70309, 4376.41
70317, 4372.31
70325, 4373.33
70333, 4382.05
70340, 4377.44
70348, 4367.69
70356, 4370.26
70364, 4373.85
70372, 4371.28
70380, 4366.67
70387, 4371.28
70395, 4379.49
70403, 4378.46
70411, 4377.44
70419, 4375.38
70426, 4373.85
70434, 4375.38
70442, 4371.79
70450, 4371.79
70458, 4376.41
70466, 4375.38
70473, 4372.31
70481, 4374.87
70489, 4380
70497, 4377.95
70505, 4374.87
70513, 4375.38
70520, 4372.31
70528, 4374.36
70536, 4379.49
70544, 4372.82
70552, 4366.67
70559, 4368.21
70567, 4372.82
70575, 4372.31
70583, 4371.79
70591, 4376.41
70598, 4373.33
70606, 4370.77
70614, 4374.87
70622, 4372.31
70630, 4368.21
70638, 4370.26
70645, 4377.44
70653, 4379.49
70661, 4371.28
70669, 4370.77
70677, 4375.9
70685, 4371.79
70692, 4368.72
70700, 4372.82
70708, 4380
70716, 4375.9
70724, 4367.18
70731, 4376.41
70739, 4384.1
70747, 4375.9
70755, 4368.72
70763, 4370.26
70771, 4373.85
70778, 4375.9
70786, 4376.92
70794, 4373.33
70802, 4372.82
70810, 4378.46
70817, 4373.85
70825, 4368.21
70833, 4373.85
70841, 4374.87
70849, 4373.85
70857, 4373.33
70864, 4372.82
70872, 4373.85
70880, 4370.26
70888, 4369.23
70896, 4375.9
70903, 4378.46
70911, 4374.87
70919, 4371.79
70927, 4374.36
70935, 4378.46
70943, 4378.97
70950, 4378.46
70958, 4372.82
70967, 4371.28
70974, 4375.38
70982, 4372.82
70990, 4373.85
70997, 4376.92
71005, 4373.33
71013, 4372.82
71021, 4378.46
71029, 4378.97
71036, 4369.74
71044, 4367.18
71052, 4376.41
71060, 4376.92
71068, 4373.85
71076, 4375.38
71083, 4372.82
71091, 4368.72
71099, 4366.67
71107, 4374.36
71115, 4381.54
71122, 4374.36
71130, 4369.23
71138, 4371.28
71146, 4376.92
71154, 4381.54
71162, 4375.38
71169, 4369.74
71177, 4371.28
71185, 4372.31
71193, 4369.23
71201, 4371.28
71208, 4380.51
71216, 4377.44
71224, 4370.26
71232, 4376.92
71240, 4377.44
71248, 4369.74
71255, 4369.74
71263, 4374.36
71271, 4379.49
71279, 4376.92
71287, 4369.74
71294, 4370.77
71302, 4374.87
71310, 4373.33
71318, 4371.28
71326, 4375.9
71334, 4377.44
71341, 4370.77
71349, 4369.74
71357, 4376.41
71365, 4381.03
71373, 4374.87
71380, 4363.08
71388, 4368.21
71396, 4375.38
71404, 4371.28
71412, 4370.77
71420, 4369.74
71427, 4370.77
71435, 4376.41
71443, 4373.33
71451, 4370.26
71459, 4374.36
71466, 4375.9
71474, 4370.77
71482, 4371.28
71490, 4377.44
71498, 4376.41
71506, 4375.38
71513, 4373.33
71522, 4372.82
71529, 4378.46
71537, 4376.41
71545, 4370.77
71552, 4375.9
71560, 4378.97
71568, 4375.9
71576, 4371.79
71584, 4372.82
71592, 4379.49
71599, 4372.82
71607, 4367.18
71615, 4374.36
71623, 4373.33
71631, 4368.72
71639, 4370.77
71646, 4376.41
71654, 4377.44
71662, 4372.31
71670, 4373.33
71678, 4377.44
71685, 4378.97
71693, 4373.85
71701, 4371.79
71709, 4377.44
71718, 4374.36
71725, 4368.21
71732, 4372.82
71740, 4377.44
71748, 4378.97
71756, 4375.38
71764, 4372.82
71771, 4377.95
71779, 4377.95
71787, 4369.74
71795, 4365.64
71803, 4374.36
71811, 4384.62
71818, 4376.92
71826, 4370.26
71834, 4377.95
71842, 4376.41
71850, 4367.69
71857, 4365.13
71865, 4365.13
71873, 4356.41
71881, 4346.15, estimuli
71889, 4357.44
71897, 4372.31
71904, 4370.77
71912, 4366.67
71920, 4370.77
71928, 4381.03
71936, 4381.03
71943, 4374.87
71951, 4382.05
71959, 4382.56
71967, 4375.9
71975, 4383.08
71983, 4390.26
71990, 4379.49
71998, 4370.26
72006, 4377.95
72014, 4377.44
72022, 4386.15
72029, 4422.05
72037, 4425.64
72045, 4376.92
72053, 4331.28
72061, 4307.18
72069, 4312.82
72076, 4330.77
72084, 4375.9
72092, 4464.1
72100, 4493.85
72109, 4430.77
72115, 4341.54
72123, 4280.51
72131, 4285.64
72139, 4327.18
72147, 4389.23
72155, 4466.67
72162, 4483.59
72170, 4416.41
72178, 4341.54
72186, 4293.85
72194, 4289.74
72201, 4333.85
72209, 4395.38
72217, 4461.54
72225, 4477.44
72233, 4411.28
72241, 4334.36
72248, 4292.82
72256, 4297.44
72264, 4341.03
72272, 4393.33
72280, 4460
72288, 4485.13
72295, 4412.82
72303, 4329.23
72311, 4295.38
72319, 4302.05
72328, 4336.41
72335, 4388.21
72342, 4460.51
72350, 4485.64
72358, 4411.28
72366, 4329.23
72374, 4295.9
72381, 4303.08
72389, 4340.51
72397, 4389.74
72405, 4456.92
72413, 4480
72420, 4408.21
72428, 4333.85
72436, 4299.49
72444, 4300
72452, 4336.92
72460, 4387.18
72467, 4451.79
72475, 4474.87
72483, 4410.26
72491, 4334.87
72499, 4298.46
72506, 4304.1
72514, 4338.97
72522, 4388.72
72530, 4455.9
72538, 4474.36
72546, 4406.67
72553, 4333.33
72561, 4303.08
72569, 4311.28
72577, 4338.46
72585, 4380
72592, 4445.64
72600, 4474.87
72608, 4416.92
72616, 4334.87
72624, 4297.95
72632, 4309.23
72639, 4336.92
72647, 4383.59
72655, 4449.23
72663, 4469.74
72671, 4407.69
72678, 4330.26
72686, 4296.92
72694, 4307.69
72702, 4343.08
72710, 4392.31
72718, 4450.26
72725, 4464.62
72733, 4404.62
72741, 4331.79
72749, 4300
72757, 4309.74
72765, 4342.05
72772, 4387.18
72780, 4449.23
72788, 4470.26
72796, 4404.1
72804, 4332.82
72811, 4310.26
72819, 4318.46
72827, 4346.15
72835, 4387.69
72843, 4443.59
72851, 4463.59
72858, 4403.59
72866, 4331.79
72874, 4301.03
72882, 4312.82
72890, 4345.64
72897, 4386.15
72905, 4448.21
72913, 4467.69
72921, 4399.49
72929, 4328.21
72937, 4300
72944, 4311.28
72952, 4346.67
72961, 4391.28
72968, 4450.26
72976, 4463.59
72983, 4398.46
72991, 4335.38
72999, 4305.64
73007, 4308.21
73015, 4344.1
73023, 4394.36
73030, 4431.79
73038, 4407.18
73046, 4366.15
73054, 4388.72
73062, 4395.9
73069, 4347.69
73078, 4352.82
73085, 4395.9
73093, 4380
73101, 4360.51
73109, 4378.97
73116, 4379.49
73124, 4368.21
73132, 4373.33
73140, 4377.95
73154, 4377.44
73156, 4375.38
73163, 4369.23
73171, 4369.23
73179, 4377.44
73187, 4378.46
73195, 4372.31
73202, 4374.36
73210, 4380.51
73218, 4372.31
73226, 4367.18
73234, 4376.92
73242, 4381.03
73249, 4373.33
73257, 4364.62
73265, 4368.21
73273, 4375.9
73281, 4375.38
73288, 4374.87
73296, 4373.33
73304, 4374.36
73312, 4375.38
73320, 4370.77
73328, 4372.82
73335, 4375.9
73343, 4370.77
73351, 4369.74
73359, 4374.87
73367, 4374.87
73374, 4371.79
73382, 4375.9
73390, 4377.44
73398, 4374.87
73406, 4378.97
73414, 4376.41
73421, 4368.72
73429, 4374.36
73437, 4380.51
73445, 4378.97
73453, 4374.36
73460, 4370.26
73468, 4372.82
73476, 4372.82
73484, 4371.28
73492, 4376.92
73500, 4375.9
73507, 4370.77
73515, 4371.79
73523, 4375.9
73531, 4376.92
73539, 4369.74
73546, 4371.79
73554, 4378.46
73562, 4375.9
73570, 4371.79
73578, 4375.38
73586, 4380.51
73593, 4376.92
73601, 4370.77
73609, 4371.28
73617, 4370.26
73625, 4369.74
73632, 4371.79
73640, 4371.28
73648, 4373.33
73656, 4378.97
73664, 4380
73672, 4376.92
73679, 4374.36
73687, 4375.38
73695, 4369.74
73703, 4367.69
73711, 4373.85
73719, 4372.82
73726, 4371.79
73734, 4373.85
73742, 4373.85
73750, 4372.82
73758, 4371.28
73765, 4373.33
73773, 4373.85
73781, 4372.82
73789, 4371.28
73797, 4372.31
73805, 4379.49
73812, 4378.97
73820, 4367.18
73828, 4369.23
73836, 4378.46
73844, 4371.79
73851, 4366.67
73859, 4373.33
73867, 4377.95
73875, 4374.87
73883, 4375.38
73891, 4378.97
73898, 4372.82
73906, 4369.23
73914, 4368.72
73922, 4370.26
73930, 4376.92
73937, 4372.31
73945, 4367.18
73953, 4374.36
73961, 4378.46
73969, 4372.82
73977, 4368.72
73984, 4373.85
73992, 4374.36
74000, 4369.74
74008, 4376.92
74016, 4377.44
74023, 4368.21
74031, 4370.77
74039, 4373.85
74047, 4372.82
74055, 4374.87
74063, 4372.82
74070, 4368.72
74078, 4373.85
74086, 4383.59
74094, 4378.46
74102, 4369.23
74109, 4371.79
74117, 4375.38
74125, 4375.9
74133, 4370.26
74141, 4369.23
74149, 4376.92
74156, 4373.85
74164, 4367.18
74172, 4373.33
74180, 4380
74188, 4378.46
74195, 4370.77
74203, 4369.23
74211, 4375.38
74219, 4371.79
74227, 4368.21
74235, 4375.38
74242, 4378.46
74251, 4371.28
74258, 4364.62
74266, 4371.79
74274, 4378.97
74282, 4376.41
74289, 4376.92
74297, 4378.46
74305, 4374.36
74313, 4367.18
74321, 4367.18
74328, 4374.87
74336, 4374.87
74344, 4373.33
74352, 4372.82
74360, 4372.31
74368, 4376.92
74375, 4373.33
74383, 4366.67
74391, 4373.85
74399, 4377.95
74407, 4373.33
74414, 4368.21
74422, 4370.77
74430, 4376.41
74438, 4375.9
74446, 4372.31
74454, 4371.28
74461, 4376.41
74469, 4376.41
74477, 4367.18
74485, 4371.79
74493, 4382.05
74500, 4376.92
74508, 4368.72
74516, 4369.23
74524, 4374.36
74532, 4372.31
74540, 4367.69
74547, 4373.85
74555, 4376.41
74563, 4372.31
74571, 4371.79
74579, 4373.33
74586, 4374.87
74594, 4373.85
74602, 4370.77
74610, 4373.85
74618, 4376.92
74626, 4376.92
74633, 4374.87
74641, 4374.87
74649, 4374.87
74657, 4368.72
74665, 4368.72
74673, 4374.36
74680, 4376.92
74688, 4378.97
74696, 4375.9
74704, 4375.38
74712, 4374.87
74719, 4365.64
74727, 4365.64
74735, 4373.85
74743, 4374.36
74751, 4371.28
74759, 4370.26
74766, 4373.33
74774, 4376.92
74782, 4376.41
74790, 4374.87
74798, 4376.92
74805, 4381.54
74813, 4376.41
74821, 4367.69
74829, 4372.82
74837, 4377.44
74844, 4374.36
74852, 4370.26
74860, 4374.36
74869, 4380
74876, 4374.36
74884, 4371.28
74891, 4374.87
74899, 4376.41
74907, 4380.51
74915, 4380
74923, 4373.85
74931, 4372.31
74938, 4373.85
74946, 4373.85
74954, 4364.62
74962, 4360
74970, 4362.05
74977, 4353.85, estimuli
74985, 4353.85
74993, 4368.21
75001, 4371.79
75009, 4366.15
75017, 4367.69
75024, 4377.44
75032, 4377.95
75040, 4371.28
75049, 4373.85
75057, 4378.46
75063, 4376.92
75071, 4375.38
75079, 4381.54
75087, 4386.15
75095, 4375.38
75103, 4376.92
75110, 4384.1
75118, 4377.44
75126, 4400.51
75134, 4432.82
75142, 4408.21
75149, 4349.23
75157, 4305.64
75165, 4304.62
75173, 4327.18
75181, 4347.69
75189, 4415.38
75196, 4488.72
75204, 4467.18
75212, 4380
75220, 4297.44
75228, 4273.85
75235, 4307.18
75243, 4360
75252, 4430.77
75259, 4484.1
75267, 4452.31
75275, 4364.62
75282, 4298.46
75290, 4281.03
75298, 4316.92
75306, 4368.72
75314, 4430.77
75322, 4489.23
75329, 4460
75337, 4367.18
75345, 4297.44
75353, 4280
75361, 4317.44
75368, 4366.67
75376, 4423.59
75384, 4482.05
75392, 4452.31
75400, 4359.49
75407, 4298.46
75416, 4284.62
75423, 4315.9
75431, 4364.1
75439, 4428.72
75447, 4489.74
75454, 4455.9
75462, 4362.05
75470, 4301.03
75478, 4287.69
75486, 4318.46
75494, 4363.08
75501, 4424.62
75509, 4484.62
75517, 4447.69
75525, 4356.92
75533, 4305.64
75540, 4296.41
75548, 4322.56
75556, 4363.08
75564, 4421.54
75572, 4477.44
75580, 4451.28
75587, 4366.67
75595, 4303.59
75603, 4295.38
75611, 4329.74
75619, 4370.26
75626, 4420.51
75634, 4467.69
75642, 4443.59
75650, 4363.59
75658, 4302.05
75666, 4294.87
75673, 4326.15
75681, 4365.13
75689, 4420.51
75697, 4471.28
75705, 4448.72
75712, 4367.69
75720, 4304.62
75728, 4295.38
75736, 4327.69
75744, 4372.31
75752, 4423.08
75759, 4464.62
75767, 4437.44
75775, 4357.44
75783, 4303.08
75791, 4298.46
75799, 4327.18
75806, 4367.69
75814, 4422.05
75822, 4469.74
75830, 4440
75838, 4357.44
75845, 4306.15
75853, 4302.56
75861, 4331.28
75869, 4369.23
75877, 4418.97
75885, 4466.67
75892, 4438.97
75900, 4357.95
75908, 4305.13
75916, 4301.54
75924, 4330.26
75931, 4365.64
75939, 4421.03
75947, 4475.38
75955, 4440
75963, 4357.95
75971, 4311.28
75978, 4300.51
75986, 4326.67
75994, 4368.21
76002, 4420.51
76010, 4468.21
76017, 4440
76025, 4360
76033, 4304.62
76041, 4301.54
76049, 4334.36
76057, 4367.69
76064, 4419.49
76072, 4469.23
76080, 4439.49
76088, 4362.05
76096, 4310.26
76103, 4303.08
76111, 4329.74
76119, 4367.69
76127, 4410.26
76135, 4424.1
76143, 4385.13
76150, 4371.28
76158, 4395.9
76166, 4371.28
76174, 4346.15
76182, 4381.03
76189, 4391.79
76197, 4366.15
76205, 4366.67
76213, 4374.36
76221, 4371.79
76229, 4370.77
76236, 4372.31
76244, 4377.95
76252, 4379.49
76260, 4371.28
76268, 4369.74
76276, 4371.79
76283, 4373.33
76291, 4373.33
76300, 4371.28
76307, 4372.31
76315, 4373.33
76322, 4375.9
76330, 4375.9
76338, 4371.79
76346, 4373.33
76354, 4373.85
76361, 4374.87
76369, 4379.49
76377, 4376.92
76385, 4371.28
76393, 4368.72
76401, 4373.33
76408, 4375.9
76416, 4370.26
76424, 4374.36
76432, 4382.05
76440, 4376.41
76448, 4368.72
76455, 4372.82
76463, 4377.44
76471, 4372.31
76479, 4369.74
76487, 4377.95
76494, 4377.44
76502, 4370.26
76510, 4370.26
76518, 4374.36
76526, 4377.44
76534, 4370.77
76541, 4366.67
76549, 4375.9
76557, 4378.46
76565, 4372.31
76573, 4371.28
76580, 4378.97
76588, 4381.54
76596, 4369.23
76604, 4364.62
76612, 4373.85
76620, 4375.9
76627, 4371.79
76635, 4369.23
76643, 4371.79
76651, 4373.33
76659, 4372.31
76667, 4370.77
76674, 4372.82
76682, 4380.51
76690, 4376.92
76698, 4367.69
76706, 4375.38
76713, 4378.97
76721, 4368.72
76729, 4368.21
76737, 4374.87
76745, 4379.49
76752, 4377.44
76760, 4372.31
76768, 4372.31
76776, 4377.44
76784, 4379.49
76792, 4369.74
76799, 4369.74
76807, 4380
76815, 4374.87
76823, 4367.18
76831, 4371.79
76838, 4372.82
76846, 4369.74
76854, 4372.82
76862, 4378.97
76870, 4376.41
76878, 4370.77
76885, 4373.33
76893, 4376.41
76901, 4376.41
76909, 4373.85
76917, 4368.21
76924, 4374.36
76932, 4379.49
76940, 4372.31
76948, 4369.74
76956, 4377.44
76964, 4379.49
76971, 4370.77
76979, 4368.21
76987, 4380
76995, 4381.03
77003, 4370.77
77011, 4366.67
77018, 4371.28
77026, 4377.95
77034, 4374.87
77042, 4368.72
77050, 4374.87
77057, 4379.49
77065, 4375.9
77073, 4371.28
77081, 4373.85
77089, 4377.44
77097, 4370.26
77104, 4371.79
77113, 4378.97
77120, 4375.9
77128, 4371.79
77136, 4370.26
77143, 4372.31
77151, 4374.87
77159, 4372.82
77167, 4372.31
77175, 4375.38
77183, 4380.51
77190, 4374.36
77198, 4366.15
77207, 4372.31
77214, 4377.44
77223, 4373.33
77230, 4372.31
77237, 4374.36
77245, 4376.41
77253, 4373.85
77261, 4370.26
77269, 4372.31
77276, 4373.85
77285, 4373.85
77292, 4370.26
77300, 4370.26
77308, 4374.36
77316, 4374.36
77324, 4375.9
77331, 4376.41
77339, 4373.85
77347, 4372.82
77355, 4371.79
77362, 4372.82
77370, 4371.28
77378, 4369.23
77386, 4371.28
77394, 4372.31
77402, 4370.77
77409, 4369.74
77417, 4371.79
77425, 4378.46
77433, 4377.95
77441, 4374.36
77448, 4375.38
77456, 4373.85
77465, 4372.82
77472, 4373.33
77480, 4374.36
77488, 4372.31
77496, 4367.69
77504, 4374.36
77511, 4380
77519, 4374.87
77527, 4373.33
77535, 4372.82
77542, 4371.79
77550, 4372.82
77559, 4373.85
77566, 4374.87
77574, 4374.87
77582, 4376.41
77589, 4373.33
77597, 4368.21
77605, 4370.26
77613, 4372.31
77620, 4373.33
77628, 4377.95
77636, 4375.38
77644, 4372.31
77652, 4372.82
77660, 4371.28
77667, 4368.21
77675, 4371.79
77684, 4377.44
77691, 4371.28
77699, 4368.21
77706, 4378.97
77715, 4379.49
77722, 4371.79
77730, 4370.77
77739, 4372.31
77746, 4373.33
77753, 4369.23
77761, 4367.18
77770, 4374.36
77777, 4377.95
77785, 4376.41
77793, 4371.79
77800, 4372.31
77809, 4376.92
77816, 4374.87
77824, 4371.28
77832, 4367.69
77839, 4366.15
77848, 4363.59
77855, 4354.87
77864, 4352.31
77877, 4359.49
77879, 4369.23
77886, 4371.79
77894, 4368.72
77902, 4374.87
77910, 4380.51
77918, 4373.33
77925, 4372.31
77933, 4376.92
77941, 4375.9
77949, 4372.82
77957, 4375.9
77965, 4381.03
77972, 4373.33
77980, 4371.79
77988, 4383.59
77996, 4385.64
78004, 4376.92
78011, 4369.74
78019, 4374.36
78027, 4383.08
78035, 4381.54
78043, 4376.92
78051, 4376.41
78058, 4374.87
78066, 4370.77
78074, 4369.74
78082, 4377.44
78090, 4379.49
78097, 4370.77
78105, 4369.74
78113, 4373.33
78121, 4373.33
78129, 4371.79
78137, 4370.26
78144, 4374.36
78152, 4375.38
78160, 4369.74
78168, 4370.26
78176, 4379.49
78183, 4383.08
78191, 4373.33
78199, 4370.77
78207, 4374.87
78215, 4370.26
78223, 4373.85
78230, 4379.49
78238, 4375.38
78246, 4376.41
78254, 4380
78262, 4375.9
78270, 4370.26
78277, 4367.69
78285, 4370.77
78293, 4374.87
78301, 4376.41
78309, 4376.41
78316, 4375.38
78324, 4374.36
78332, 4374.36
78340, 4378.97
78348, 4377.95
78355, 4370.26
78363, 4376.41
78371, 4379.49
78379, 4369.23
78387, 4368.72
78395, 4376.92
78402, 4378.46
78410, 4372.31
78418, 4368.72
78426, 4376.41
78434, 4378.46
78442, 4370.77
78449, 4372.31
78457, 4382.56
78465, 4381.54
78473, 4367.18
78481, 4365.13
78488, 4372.31
78496, 4372.31
78504, 4376.41
78512, 4374.87
78520, 4368.21
78528, 4369.74
78535, 4376.92
78543, 4380
78551, 4375.9
78559, 4375.9
78567, 4378.97
78574, 4376.41
78582, 4376.41
78591, 4377.44
78598, 4372.82
78606, 4369.74
78614, 4367.18
78621, 4363.08
78629, 4358.97
78637, 4349.74, estimuli
78645, 4349.23
78653, 4362.56
78660, 4371.28
78668, 4367.18
78676, 4364.62
78684, 4372.31
78692, 4375.38
78700, 4374.36
78707, 4376.92
78715, 4375.9
78723, 4376.92
78731, 4378.97
78739, 4378.46
78746, 4377.44
78754, 4377.95
78762, 4383.08
78770, 4377.44
78778, 4373.33
78786, 4403.59
78793, 4436.41
78801, 4419.49
78809, 4358.97
78817, 4301.03
78825, 4296.92
78833, 4327.69
78840, 4346.15
78848, 4406.67
78856, 4489.23
78864, 4482.05
78872, 4388.21
78879, 4295.38
78887, 4272.82
78895, 4307.18
78903, 4353.85
78911, 4424.62
78919, 4488.72
78926, 4458.97
78934, 4366.67
78942, 4301.03
78950, 4283.08
78958, 4312.82
78965, 4358.46
78973, 4424.1
78981, 4492.82
78989, 4461.54
78997, 4362.05
79005, 4297.44
79012, 4282.56
79020, 4312.31
79028, 4357.44
79036, 4423.08
79044, 4491.79
79051, 4461.54
79059, 4367.18
79067, 4303.08
79075, 4284.1
79083, 4318.46
79091, 4364.62
79098, 4420.51
79106, 4487.18
79114, 4458.46
79122, 4362.56
79130, 4303.08
79137, 4286.67
79145, 4312.31
79153, 4358.46
79161, 4421.03
79169, 4483.08
79177, 4456.41
79184, 4361.54
79192, 4298.97
79200, 4293.33
79208, 4320
79216, 4358.46
79224, 4416.41
79231, 4474.87
79239, 4454.36
79247, 4367.69
79255, 4303.59
79263, 4295.38
79270, 4321.03
79278, 4360
79286, 4424.1
79294, 4477.95
79302, 4448.21
79310, 4362.56
79317, 4303.59
79325, 4297.95
79333, 4324.62
79341, 4360.51
79349, 4417.95
79356, 4473.33
79364, 4449.23
79372, 4362.56
79380, 4303.08
79388, 4299.49
79396, 4326.67
79403, 4361.03
79411, 4415.38
79419, 4474.87
79427, 4452.31
79435, 4363.08
79442, 4303.08
79450, 4295.38
79458, 4324.1
79466, 4362.05
79474, 4412.82
79482, 4473.33
79489, 4455.38
79497, 4365.13
79505, 4302.05
79513, 4297.44
79521, 4326.15
79528, 4360
79536, 4415.38
79544, 4475.38
79552, 4446.67
79560, 4361.54
79568, 4308.21
79575, 4299.49
79583, 4323.59
79591, 4360
79599, 4416.41
79607, 4473.33
79614, 4445.64
79622, 4360.51
79630, 4304.62
79638, 4301.03
79646, 4328.21
79654, 4357.95
79661, 4415.9
79669, 4476.41
79677, 4445.13
79685, 4361.03
79693, 4309.74
79701, 4305.64
79708, 4330.77
79716, 4363.08
79724, 4414.87
79732, 4468.72
79740, 4447.69
79747, 4364.62
79755, 4306.15
79763, 4301.54
79771, 4325.13
79779, 4360
79786, 4410.26
79794, 4431.28
79802, 4387.18
79810, 4368.21
79818, 4397.95
79826, 4372.82
79833, 4339.49
79842, 4379.49
79849, 4395.38
79857, 4365.13
79865, 4366.67
79872, 4379.49
79880, 4376.92
79888, 4371.79
79896, 4372.82
79904, 4379.49
79912, 4380
79919, 4373.85
79927, 4373.33
79935, 4375.38
79943, 4375.9
79951, 4376.41
79959, 4376.92
79966, 4374.87
79974, 4369.23
79982, 4371.28
79990, 4376.41
79998, 4375.38
80005, 4373.85
80013, 4373.85
80021, 4374.36
80029, 4375.38
80037, 4377.44
80045, 4377.44
80052, 4374.87
80060, 4380
80068, 4380.51
80076, 4372.31
80084, 4372.82
80091, 4375.9
80099, 4376.41
80107, 4376.92
80115, 4371.79
80123, 4375.38
80131, 4381.54
80138, 4374.36
80146, 4367.69
80154, 4371.79
80162, 4376.92
80170, 4375.38
80177, 4373.85
80185, 4375.38
80193, 4374.36
80201, 4377.44
80209, 4376.41
80217, 4372.31
80224, 4374.87
80232, 4375.9
80240, 4374.36
80248, 4374.36
80256, 4374.36
80263, 4375.38
80272, 4374.36
80279, 4372.82
80287, 4373.85
80295, 4371.28
80303, 4371.28
80310, 4371.79
80318, 4373.33
80326, 4380
80334, 4382.56
80342, 4375.9
80349, 4369.23
80357, 4374.87
80365, 4380.51
80373, 4371.28
80381, 4367.18
80389, 4372.82
80396, 4371.79
80404, 4373.85
80412, 4380.51
80420, 4380.51
80428, 4373.33
80435, 4369.23
80443, 4376.92
80451, 4376.92
80459, 4369.74
80467, 4372.31
80475, 4377.95
80482, 4377.44
80490, 4370.26
80498, 4373.33
80506, 4380.51
80514, 4374.87
80522, 4373.33
80529, 4382.05
80537, 4378.97
80545, 4368.21
80553, 4369.74
80561, 4378.46
80568, 4379.49
80576, 4373.85
80584, 4370.26
80592, 4372.82
80600, 4378.97
80608, 4376.92
80615, 4372.82
80623, 4376.92
80631, 4373.33
80639, 4369.23
80647, 4373.33
80654, 4373.85
80662, 4374.87
80670, 4375.9
80678, 4375.38
80686, 4375.9
80694, 4373.33
80701, 4375.9
80709, 4378.46
80717, 4373.85
80725, 4373.85
80733, 4379.49
80740, 4379.49
80748, 4375.38
80756, 4373.33
80764, 4372.31
80772, 4372.82
80780, 4377.44
80787, 4373.33
80795, 4367.69
80803, 4380
80811, 4384.62
80819, 4374.87
80826, 4374.36
80834, 4373.85
80842, 4370.77
80858, 4372.82
80859, 4374.87
80866, 4372.82
80874, 4374.36
80881, 4378.46
80889, 4372.82
80897, 4370.77
80905, 4373.33
80913, 4369.23
80920, 4372.31
80928, 4373.85
80936, 4371.28
80944, 4376.92
80952, 4377.44
80959, 4370.77
80967, 4372.82
80975, 4374.87
80983, 4369.74
80991, 4369.74
80999, 4375.38
81006, 4374.36
81014, 4370.26
81022, 4374.36
81030, 4376.92
81038, 4374.87
81045, 4376.41
81053, 4372.31
81061, 4369.74
81069, 4376.41
81077, 4376.92
81085, 4370.26
81092, 4369.74
81101, 4378.97
81108, 4378.46
81116, 4369.23
81124, 4369.74
81131, 4374.36
81139, 4375.9
81147, 4377.44
81155, 4377.95
81163, 4377.95
81171, 4373.85
81178, 4369.23
81186, 4371.28
81194, 4374.36
81202, 4375.38
81210, 4371.28
81217, 4370.26
81225, 4374.36
81233, 4369.23
81241, 4364.62
81249, 4363.08
81257, 4357.95
81264, 4356.92
81272, 4360
81280, 4365.13
81288, 4367.69
81296, 4364.62
81303, 4364.62
81312, 4368.72
81319, 4371.28
81327, 4366.67
81335, 4363.08
81343, 4372.31
81350, 4380
81358, 4376.92
81366, 4373.33
81374, 4375.38
81382, 4378.46
81390, 4374.87
81397, 4374.36
81405, 4379.49
81413, 4381.54
81421, 4378.46
81429, 4372.82
81436, 4374.87
81444, 4383.08
81452, 4380
81460, 4372.82
81469, 4374.36
81475, 4378.46
81483, 4380
81491, 4375.9
81499, 4375.38
81507, 4381.03
81515, 4380
81522, 4375.9
81530, 4374.36
81538, 4374.36
81546, 4373.85
81555, 4374.87
81562, 4380.51
81570, 4378.97
81577, 4375.38
81585, 4375.38
81593, 4372.31
81601, 4375.9
81608, 4379.49
81616, 4375.9
81624, 4373.85
81632, 4375.9
81640, 4376.41
81648, 4374.87
81655, 4372.82
81663, 4371.79
81671, 4371.79
81679, 4374.87
81687, 4375.38
81694, 4372.31
81702, 4374.36
81710, 4373.85
81718, 4370.26
81726, 4375.38
81734, 4377.44
81741, 4374.36
81749, 4374.36
81757, 4378.46
81765, 4376.92
81773, 4369.74
81780, 4374.36
81788, 4379.49
81796, 4373.33
81804, 4370.77
81812, 4374.36
81820, 4378.46
81827, 4374.36
81835, 4369.74
81843, 4377.44
81851, 4381.03
81859, 4374.36
81866, 4372.82
81874, 4373.85
81882, 4372.31
81890, 4369.74
81898, 4373.33
81906, 4378.46
81913, 4377.95
81921, 4378.97
81929, 4374.87
81937, 4370.26
81945, 4377.95
81953, 4381.54
81960, 4374.36
81968, 4372.31
81976, 4379.49
81984, 4378.46
81992, 4366.67
81999, 4370.77
82007, 4381.54
82015, 4374.87
82023, 4369.23
82031, 4373.85
82039, 4377.44
82046, 4374.36
82054, 4370.77
82062, 4376.41
82070, 4379.49
82078, 4371.28
82085, 4367.18
82093, 4373.33
82101, 4377.95
82109, 4374.87
82117, 4373.33
82125, 4375.9
82132, 4375.9
82140, 4374.36
82148, 4370.77
82156, 4369.23
82164, 4366.15
82171, 4358.97
82179, 4354.87
82187, 4348.72
82195, 4350.77
82203, 4366.67, estimuli
82211, 4372.31
82218, 4374.87
82226, 4384.1
82234, 4383.59
82242, 4378.97
82250, 4377.44
82257, 4373.85
82265, 4375.38
82273, 4378.97
82281, 4380.51
82289, 4377.95
82297, 4374.87
82304, 4375.38
82312, 4377.95
82320, 4381.54
82328, 4383.59
82336, 4384.1
82343, 4377.95
82351, 4384.62
82359, 4425.13
82367, 4441.03
82375, 4391.28
82383, 4332.31
82390, 4302.56
82398, 4311.28
82406, 4334.87
82414, 4378.97
82422, 4464.62
82429, 4495.38
82437, 4433.33
82445, 4345.64
82453, 4280.51
82461, 4284.1
82469, 4334.87
82476, 4396.41
82484, 4468.72
82492, 4487.69
82500, 4418.46
82508, 4336.92
82516, 4285.64
82523, 4286.15
82531, 4329.74
82539, 4387.18
82547, 4463.08
82555, 4490.77
82562, 4423.08
82570, 4337.95
82578, 4289.74
82586, 4294.36
82594, 4336.41
82602, 4389.23
82609, 4460.51
82618, 4489.74
82625, 4421.54
82633, 4335.9
82641, 4290.77
82648, 4293.33
82656, 4334.87
82664, 4389.23
82672, 4455.9
82680, 4486.67
82688, 4423.08
82705, 4338.46
82706, 4294.87
82711, 4291.28
82719, 4326.15
82727, 4382.05
82734, 4454.36
82742, 4486.15
82750, 4418.97
82758, 4334.36
82766, 4297.44
82774, 4302.05
82781, 4336.41
82789, 4383.59
82797, 4452.31
82805, 4485.13
82813, 4417.44
82820, 4332.82
82828, 4294.87
82836, 4300
82844, 4335.9
82852, 4384.1
82860, 4450.77
82867, 4481.03
82875, 4416.92
82883, 4333.85
82891, 4297.44
82899, 4309.23
82906, 4342.05
82914, 4383.08
82922, 4447.18
82930, 4472.31
82938, 4411.28
82946, 4335.9
82953, 4298.97
82961, 4304.1
82969, 4337.44
82977, 4384.1
82985, 4447.18
82993, 4473.85
83000, 4413.33
83008, 4332.82
83016, 4299.49
83024, 4311.28
83032, 4337.44
83039, 4381.03
83048, 4450.77
83055, 4471.79
83063, 4407.18
83071, 4333.33
83078, 4298.46
83086, 4304.1
83094, 4338.46
83102, 4388.72
83110, 4451.79
83118, 4475.38
83125, 4413.33
83133, 4329.74
83141, 4292.82
83149, 4307.18
83157, 4344.62
83165, 4383.59
83172, 4442.56
83180, 4476.92
83188, 4416.41
83196, 4331.28
83204, 4296.41
83211, 4306.67
83219, 4343.59
83227, 4389.23
83235, 4445.64
83243, 4469.74
83251, 4410.26
83258, 4329.23
83266, 4294.87
83274, 4309.23
83282, 4344.1
83290, 4385.64
83297, 4450.26
83305, 4473.85
83313, 4403.08
83321, 4331.28
83329, 4305.13
83337, 4303.59
83344, 4332.82
83352, 4384.1
83360, 4425.64
83368, 4410.26
83376, 4371.79
83383, 4387.18
83391, 4393.85
83399, 4351.79
83407, 4353.85
83415, 4388.72
83423, 4380.51
83430, 4365.64
83438, 4375.9
83446, 4378.97
83454, 4374.87
83462, 4376.41
83470, 4375.9
83477, 4372.82
83486, 4374.36
83493, 4373.85
83501, 4373.33
83509, 4374.36
83516, 4372.31
83524, 4371.79
83532, 4375.9
83540, 4378.97
83548, 4373.33
83555, 4365.64
83563, 4369.74
83571, 4373.85
83579, 4373.33
83587, 4372.31
83595, 4373.85
83602, 4378.46
83610, 4375.38
83618, 4370.26
83626, 4370.26
83634, 4373.33
83642, 4377.44
83649, 4372.82
83657, 4369.23
83665, 4375.38
83673, 4375.38
83681, 4370.26
83688, 4369.74
83696, 4375.9
83704, 4380.51
83712, 4372.82
83720, 4369.74
83728, 4373.33
83735, 4370.77
83743, 4368.72
83751, 4375.38
83759, 4377.95
83767, 4370.77
83774, 4370.77
83782, 4378.46
83790, 4374.36
83798, 4369.23
83806, 4372.82
83814, 4376.41
83821, 4377.44
83829, 4372.31
83837, 4367.69
83845, 4372.82
83853, 4378.97
83860, 4380.51
83868, 4371.79
83876, 4368.72
83884, 4375.38
83892, 4371.28
83900, 4367.69
83907, 4376.92
83915, 4380
83923, 4369.74
83931, 4366.67
83939, 4376.92
83946, 4378.46
83954, 4373.33
83962, 4377.44
83970, 4380.51
83978, 4375.38
83986, 4369.74
83993, 4368.21
84001, 4371.79
84009, 4373.85
84017, 4373.85
84025, 4370.77
84033, 4369.74
84040, 4376.92
84048, 4374.87
84056, 4366.67
84064, 4374.36
84072, 4378.46
84079, 4372.82
84087, 4372.31
84095, 4375.9
84103, 4375.38
84111, 4372.82
84119, 4370.26
84126, 4370.77
84134, 4376.92
84142, 4375.9
84150, 4366.15
84158, 4372.82
84165, 4385.13
84173, 4377.95
84181, 4369.23
84189, 4368.21
84197, 4365.64
84204, 4361.54
84212, 4358.46
84220, 4358.46
84228, 4353.85
84236, 4352.31
84244, 4360.51
84251, 4368.21
84259, 4372.31
84267, 4371.79
84275, 4370.77
84283, 4373.85
84291, 4374.87
84299, 4373.33
84306, 4369.23
84314, 4368.72
84322, 4378.97
84330, 4379.49
84337, 4371.79
84345, 4376.92
84353, 4381.54
84361, 4380
84369, 4383.08
84377, 4390.77
84384, 4388.72
84392, 4374.36
84400, 4370.77
84408, 4382.05
84416, 4385.13
84423, 4377.44
84431, 4375.9
84439, 4381.54
84447, 4374.36
84455, 4370.26
84463, 4380
84470, 4383.59
84478, 4378.97
84486, 4372.82
84494, 4369.74
84502, 4376.92
84509, 4379.49
84517, 4375.38
84525, 4372.31
84533, 4374.36
84541, 4379.49
84549, 4375.9
84556, 4371.79
84564, 4378.46
84572, 4382.56
84580, 4382.56
84588, 4374.36
84595, 4368.21
84604, 4373.33
84611, 4375.38
84619, 4372.82
84627, 4374.87
84635, 4378.97
84642, 4377.44
84650, 4374.36
84658, 4376.92
84666, 4377.95
84674, 4375.9
84682, 4375.9
84689, 4373.85
84697, 4374.36
84705, 4377.95
84713, 4372.31
84721, 4370.26
84728, 4376.92
84736, 4376.92
84744, 4371.28
84752, 4374.36
84760, 4380.51
84768, 4375.38
84775, 4373.33
84784, 4382.05
84791, 4380.51
84799, 4372.82
84807, 4371.28
84814, 4376.41
84822, 4378.46
84830, 4371.28
84838, 4369.23
84846, 4374.36
84854, 4374.36
84861, 4371.28
84869, 4364.62
84877, 4362.05
84885, 4366.15
84893, 4367.18
84900, 4367.69
84908, 4370.26
84916, 4373.33
84924, 4371.79
84932, 4373.85
84940, 4384.1
84947, 4380.51
84955, 4368.72
84963, 4371.79
84971, 4378.97
84979, 4381.54
84986, 4381.03
84994, 4378.46
85002, 4378.97
85010, 4380
85018, 4377.95
85026, 4370.26
85033, 4370.26
85041, 4382.05
85049, 4380.51
85057, 4372.31
85065, 4373.85
85072, 4376.41
85080, 4374.87
85088, 4372.82
85096, 4376.41
85104, 4381.54
85112, 4377.44
85120, 4374.36
85127, 4376.92
85135, 4375.38
85143, 4373.85
85151, 4373.85
85158, 4376.92
85166, 4378.46
85174, 4376.92
85182, 4378.46
85190, 4382.05
85198, 4378.46
85205, 4370.26
85213, 4372.82
85221, 4381.03
85229, 4377.95
85237, 4376.41
85244, 4377.95
85252, 4374.87
85260, 4376.92
85268, 4375.9
85276, 4371.28
85284, 4376.41
85291, 4379.49
85299, 4375.38
85307, 4371.28
85315, 4372.31
85323, 4378.46
85331, 4376.92
85338, 4373.85
85346, 4377.95
85354, 4376.92
85362, 4372.82
85370, 4372.82
85377, 4374.36
85385, 4377.44
85393, 4376.92
85401, 4371.28
85409, 4372.31
85417, 4382.56
85424, 4378.97
85432, 4367.18
85440, 4373.85
85448, 4380
85456, 4376.92
85463, 4375.9
85471, 4375.9
85479, 4375.9
85487, 4372.82
85495, 4371.28
85503, 4377.44
85510, 4376.41
85518, 4372.82
85526, 4373.85
85534, 4376.92
85542, 4375.38
85549, 4371.28
85557, 4374.87
85565, 4379.49
85573, 4375.38
85581, 4372.31
85589, 4373.85
85596, 4378.46
85604, 4382.56
85612, 4380
85620, 4374.36
85628, 4370.77
85635, 4373.85
85643, 4376.41
85651, 4371.79
85659, 4372.31
85667, 4372.82
85675, 4372.31
85682, 4375.38
85690, 4376.41
85698, 4374.87
85706, 4374.87
85714, 4371.28
85722, 4370.26
85729, 4371.28
85737, 4368.72
85745, 4364.62
85754, 4365.64
85761, 4372.31
85769, 4367.69
85776, 4362.56
85784, 4372.31
85792, 4376.41
85800, 4373.33
85807, 4375.38
85815, 4382.56
85823, 4382.56
85831, 4375.9
85839, 4375.9
85847, 4378.46
85854, 4373.33
85862, 4367.18
85870, 4367.69
85878, 4374.87
85886, 4371.28
85894, 4363.08
85901, 4366.15
85909, 4366.15
85917, 4358.46
85925, 4363.08, estimuli
85933, 4374.36
85940, 4374.87
85948, 4369.74
85956, 4375.38
85964, 4378.46
85972, 4374.87
85980, 4376.41
85987, 4372.82
85995, 4367.69
86003, 4374.87
86011, 4379.49
86019, 4376.92
86026, 4374.87
86034, 4379.49
86042, 4380.51
86050, 4374.87
86058, 4375.38
86066, 4372.82
86073, 4387.18
86081, 4426.67
86089, 4427.69
86097, 4374.36
86105, 4320
86112, 4298.46
86120, 4317.44
86128, 4339.49
86136, 4389.74
86144, 4472.31
86152, 4482.56
86159, 4413.85
86167, 4326.15
86175, 4273.85
86183, 4294.87
86191, 4346.15
86199, 4408.21
86206, 4474.36
86214, 4474.87
86222, 4400.51
86230, 4324.1
86238, 4281.54
86245, 4295.9
86253, 4345.64
86261, 4404.62
86269, 4476.41
86277, 4482.05
86285, 4397.44
86292, 4314.87
86300, 4282.56
86308, 4301.54
86316, 4346.15
86324, 4404.62
86331, 4474.87
86339, 4479.49
86347, 4396.41
86355, 4318.46
86363, 4287.18
86371, 4303.08
86378, 4348.21
86386, 4404.1
86394, 4472.82
86402, 4478.46
86410, 4394.87
86417, 4316.92
86425, 4286.15
86433, 4304.1
86441, 4351.28
86449, 4404.1
86456, 4467.18
86464, 4471.28
86472, 4392.82
86480, 4321.03
86488, 4292.82
86496, 4308.72
86503, 4347.69
86511, 4400.51
86519, 4470.26
86527, 4471.79
86535, 4388.72
86543, 4322.56
86550, 4297.44
86558, 4308.72
86566, 4347.69
86574, 4400
86582, 4462.56
86589, 4466.67
86597, 4392.31
86605, 4316.41
86613, 4291.79
86621, 4316.92
86629, 4351.79
86636, 4400
86644, 4467.69
86652, 4468.72
86660, 4388.21
86669, 4315.38
86675, 4291.79
86683, 4313.33
86691, 4350.26
86699, 4397.44
86707, 4460.51
86715, 4464.62
86722, 4388.72
86730, 4318.97
86738, 4296.41
86746, 4311.79
86754, 4351.79
86762, 4404.1
86769, 4460.51
86777, 4464.1
86786, 4392.82
86793, 4318.97
86801, 4297.44
86808, 4317.44
86816, 4351.28
86824, 4400.51
86832, 4463.08
86840, 4466.15
86848, 4391.28
86855, 4320.51
86863, 4297.44
86871, 4317.95
86879, 4355.9
86887, 4397.44
86894, 4456.41
86902, 4463.59
86910, 4384.1
86918, 4313.33
86926, 4297.44
86934, 4316.92
86941, 4350.77
86949, 4400.51
86957, 4464.1
86965, 4462.05
86973, 4381.54
86980, 4318.97
86988, 4300
86996, 4316.92
87004, 4356.41
87012, 4405.13
87020, 4460.51
87027, 4458.46
87035, 4386.15
87043, 4319.49
87051, 4296.41
87059, 4320
87066, 4358.97
87074, 4399.49
87082, 4430.77
87090, 4396.41
87098, 4362.56
87106, 4393.85
87113, 4385.64
87121, 4342.56
87129, 4369.23
87137, 4398.46
87145, 4371.79
87152, 4361.54
87160, 4374.87
87168, 4373.85
87176, 4368.21
87184, 4370.77
87192, 4377.44
87199, 4378.97
87207, 4372.31
87215, 4371.28
87223, 4377.95
87231, 4376.41
87238, 4371.79
87246, 4370.77
87254, 4376.92
87262, 4378.46
87270, 4371.28
87278, 4375.9
87285, 4382.05
87293, 4375.38
87301, 4373.33
87309, 4374.36
87317, 4372.31
87325, 4374.87
87332, 4374.36
87340, 4372.31
87348, 4374.87
87356, 4375.38
87364, 4373.33
87371, 4374.36
87379, 4380.51
87387, 4377.95
87396, 4374.87
87403, 4375.38
87410, 4376.41
87418, 4379.49
87426, 4373.33
87434, 4368.72
87442, 4374.87
87450, 4378.46
87457, 4375.38
87465, 4373.33
87473, 4376.92
87481, 4379.49
87489, 4373.85
87496, 4373.33
87504, 4376.41
87512, 4371.28
87520, 4369.74
87528, 4373.33
87536, 4374.87
87543, 4374.87
87551, 4372.82
87559, 4373.85
87567, 4374.87
87575, 4373.85
87583, 4373.85
87590, 4372.82
87598, 4375.9
87606, 4375.9
87614, 4372.31
87622, 4372.31
87629, 4372.82
87637, 4375.9
87645, 4375.9
87653, 4371.79
87661, 4373.33
87669, 4374.87
87676, 4373.33
87685, 4372.31
87692, 4375.9
87700, 4379.49
87709, 4372.82
87715, 4370.26
87723, 4376.41
87731, 4375.38
87739, 4372.31
87748, 4372.82
87755, 4373.33
87763, 4373.33
87770, 4373.33
87778, 4375.38
87786, 4374.87
87794, 4374.87
87802, 4374.36
87809, 4371.28
87817, 4374.87
87825, 4376.41
87833, 4371.28
87842, 4371.79
87849, 4373.85
87856, 4375.9
87864, 4373.85
87872, 4372.82
87880, 4378.46
87887, 4376.92
87895, 4371.79
87903, 4372.82
87911, 4377.44
87919, 4381.03
87927, 4373.85
87934, 4366.15
87942, 4371.79
87951, 4374.87
87958, 4371.79
87966, 4371.28
87974, 4374.87
87981, 4375.9
87989, 4371.28
87997, 4373.33
88006, 4376.41
88013, 4374.36
88020, 4375.38
88028, 4373.33
88036, 4376.92
88044, 4382.05
88053, 4375.38
88060, 4368.72
88067, 4372.82
88075, 4380
88083, 4376.92
88091, 4372.82
88099, 4379.49
88106, 4379.49
88114, 4370.77
88122, 4367.18
88130, 4366.15
88138, 4362.05
88146, 4354.36
88153, 4357.44
88161, 4370.77
88169, 4370.26
88177, 4364.62
88185, 4370.77
88192, 4377.95
88200, 4380
88208, 4374.87
88216, 4372.82
88224, 4380
88232, 4383.08
88239, 4376.92
88247, 4373.85
88255, 4381.03
88263, 4383.08
88271, 4375.38
88278, 4376.41
88286, 4382.05
88294, 4381.03
88302, 4375.38
88310, 4372.82
88318, 4377.95
88325, 4380.51
88333, 4376.92
88341, 4376.41
88349, 4373.33
88357, 4370.26
88364, 4370.26
88372, 4373.85
88380, 4380.51
88388, 4375.9
88396, 4368.72
88404, 4372.31
88411, 4379.49
88419, 4378.97
88427, 4369.74
88435, 4368.72
88443, 4376.41
88450, 4374.87
88458, 4372.82
88466, 4377.44
88474, 4378.97
88482, 4373.85
88490, 4367.18
88497, 4369.74
88505, 4374.87
88513, 4375.9
88521, 4373.33
88529, 4369.23
88537, 4376.92
88544, 4385.64
88552, 4380
88560, 4372.31
88568, 4371.79
88576, 4371.28
88583, 4366.15
88591, 4367.69
88599, 4375.38
88607, 4375.38
88615, 4375.38
88623, 4376.41
88630, 4371.79
88638, 4369.74
88646, 4370.77
88654, 4375.38
88662, 4377.95
88669, 4370.26
88677, 4368.72
88686, 4373.33
88693, 4374.36
88701, 4374.87
88709, 4372.82
88716, 4375.9
88724, 4379.49
88732, 4373.85
88740, 4368.72
88748, 4374.36
88755, 4383.08
88763, 4377.44
88771, 4366.67
88779, 4371.28
88787, 4377.44
88795, 4375.38
88802, 4372.31
88810, 4374.87
88818, 4379.49
88826, 4374.87
88834, 4368.21
88841, 4370.26
88849, 4376.92
88857, 4378.46
88865, 4373.85
88873, 4376.92
88881, 4382.56
88888, 4373.85
88896, 4368.72
88904, 4375.9
88912, 4378.46
88920, 4377.44
88928, 4377.44
88935, 4377.44
88943, 4377.44
88951, 4377.44
88959, 4378.46
88967, 4377.44
88974, 4377.95
88982, 4377.95
88990, 4372.82
88998, 4372.31
89006, 4377.95
89014, 4381.03
89021, 4376.41
89029, 4370.77
89037, 4377.44
89045, 4380
89053, 4370.26
89060, 4368.72
89068, 4375.38
89076, 4377.95
89084, 4369.74
89092, 4366.15
89100, 4376.92
89107, 4376.41
89115, 4372.82
89123, 4379.49
89131, 4379.49
89139, 4371.79
89146, 4368.72
89154, 4373.85
89162, 4376.41
89170, 4373.85
89178, 4377.44
89186, 4379.49
89193, 4379.49
89201, 4377.95
89209, 4371.79
89217, 4370.77
89225, 4375.9
89232, 4375.38
89240, 4371.79
89248, 4374.87
89256, 4383.08
89264, 4381.54
89272, 4371.79
89279, 4370.26
89287, 4372.31
89295, 4366.15
89303, 4355.9
89311, 4358.97
89318, 4374.36
89326, 4373.85
89334, 4366.15
89342, 4374.36
89350, 4383.08
89358, 4379.49
89365, 4369.23
89373, 4368.21
89381, 4377.44
89389, 4383.08
89397, 4382.56
89405, 4374.87
89412, 4373.85
89420, 4379.49
89428, 4375.9
89436, 4375.9
89444, 4380.51
89451, 4378.46
89459, 4376.41
89467, 4376.41
89475, 4376.92
89483, 4378.97
89490, 4375.9
89498, 4370.77
89506, 4371.79
89514, 4378.46
89522, 4378.97
89530, 4374.87
89537, 4378.46
89545, 4377.44
89554, 4372.82
89561, 4374.87
89569, 4374.87
89576, 4372.82
89584, 4374.36
89592, 4376.92
89600, 4378.46
89608, 4378.46
89616, 4377.95
89623, 4372.31
89631, 4370.77
89639, 4377.95
89647, 4376.41
89655, 4375.38
89663, 4376.92
89670, 4369.74
89678, 4368.72
89686, 4374.36
89694, 4377.44
89702, 4376.41
89709, 4371.28
89717, 4369.74
89725, 4374.36
89733, 4376.41
89741, 4373.33
89749, 4371.28
89756, 4376.41
89764, 4378.46
89772, 4374.36
89780, 4375.9
89788, 4375.9
89795, 4374.36
89803, 4373.33
89811, 4371.79
89819, 4377.44
89827, 4380.51
89835, 4376.92
89842, 4374.36
89850, 4371.79
89858, 4370.77
89866, 4370.77
89874, 4374.36
89881, 4376.41
89889, 4375.9
89897, 4377.95
89905, 4376.41
89913, 4376.92
89921, 4378.46
89928, 4371.79
89936, 4370.77
89944, 4378.97
89952, 4378.46
89960, 4370.26
89967, 4366.15
89975, 4366.67
89983, 4363.08
89991, 4361.03, estimuli
89999, 4368.72
90007, 4373.33
90014, 4372.31
90022, 4370.77
90030, 4375.38
90038, 4381.54
90046, 4371.79
90054, 4362.05
90061, 4367.69
90069, 4375.38
90077, 4378.97
90085, 4375.38
90093, 4374.87
90100, 4378.97
90108, 4376.92
90116, 4373.85
90124, 4370.26
90132, 4386.67
90139, 4426.15
90147, 4429.23
90155, 4385.13
90163, 4334.36
90171, 4299.49
90180, 4306.67
90186, 4330.77
90194, 4374.36
90202, 4459.49
90210, 4492.31
90218, 4431.79
90226, 4338.46
90233, 4275.9
90241, 4286.15
90249, 4337.44
90257, 4397.44
90265, 4463.59
90272, 4480.51
90280, 4417.44
90288, 4335.38
90296, 4284.1
90304, 4288.21
90312, 4336.41
90319, 4393.33
90327, 4462.56
90335, 4484.62
90343, 4411.79
90351, 4328.72
90358, 4285.64
90366, 4289.74
90374, 4334.36
90382, 4389.74
90391, 4460.51
90398, 4488.72
90405, 4414.87
90413, 4325.64
90421, 4287.69
90429, 4298.97
90437, 4334.36
90444, 4384.1
90452, 4465.13
90460, 4492.82
90468, 4411.79
90476, 4329.74
90484, 4292.82
90491, 4293.85
90499, 4334.36
90507, 4388.72
90515, 4458.46
90523, 4485.64
90530, 4414.36
90538, 4330.26
90546, 4291.28
90554, 4298.46
90562, 4338.97
90570, 4393.33
90577, 4463.59
90585, 4481.03
90593, 4410.77
90601, 4331.79
90609, 4291.28
90616, 4300
90624, 4338.97
90632, 4386.67
90640, 4452.31
90648, 4477.95
90656, 4415.38
90663, 4335.38
90671, 4299.49
90679, 4308.21
90687, 4334.87
90695, 4382.05
90703, 4454.87
90710, 4475.9
90718, 4403.59
90726, 4324.1
90734, 4295.9
90742, 4307.69
90749, 4341.54
90757, 4391.79
90765, 4454.87
90773, 4472.31
90781, 4405.13
90789, 4326.15
90796, 4295.9
90804, 4307.69
90812, 4342.05
90820, 4390.77
90828, 4449.23
90836, 4465.13
90843, 4403.08
90851, 4331.28
90859, 4300.51
90873, 4308.21
90875, 4343.59
90882, 4391.28
90890, 4450.77
90898, 4470.26
90906, 4405.13
90914, 4329.74
90921, 4296.92
90929, 4305.64
90937, 4342.56
90945, 4388.72
90953, 4453.85
90961, 4477.44
90968, 4406.67
90976, 4327.18
90984, 4297.95
90992, 4309.23
91000, 4342.56
91007, 4389.23
91015, 4454.36
91023, 4473.33
91031, 4404.1
91039, 4329.74
91047, 4300
91054, 4309.23
91062, 4338.97
91070, 4389.74
91078, 4461.54
91086, 4474.87
91093, 4403.08
91101, 4330.77
91109, 4301.54
91117, 4309.74
91125, 4341.54
91133, 4389.23
91140, 4429.74
91148, 4407.18
91156, 4365.64
91164, 4386.15
91172, 4394.87
91179, 4346.67
91187, 4352.82
91195, 4401.03
91203, 4387.69
91211, 4360
91219, 4371.79
91226, 4382.56
91234, 4374.87
91242, 4368.72
91250, 4373.33
91258, 4378.97
91266, 4372.31
91273, 4369.23
91281, 4375.38
91289, 4375.9
91297, 4378.46
91305, 4377.95
91312, 4371.79
91320, 4371.79
91328, 4371.28
91336, 4368.21
91344, 4370.77
91352, 4375.9
91359, 4373.33
91367, 4366.67
91375, 4374.87
91383, 4379.49
91391, 4370.77
91398, 4369.74
91406, 4375.9
91414, 4378.97
91422, 4372.82
91430, 4367.69
91439, 4375.38
91445, 4381.03
91453, 4376.41
91461, 4371.79
91469, 4375.38
91477, 4381.54
91484, 4374.87
91492, 4366.67
91500, 4374.36
91508, 4383.59
91516, 4378.46
91524, 4368.21
91531, 4371.79
91539, 4378.97
91547, 4373.85
91555, 4369.74
91563, 4373.33
91570, 4377.95
91578, 4376.92
91586, 4371.79
91594, 4375.9
91602, 4380
91610, 4372.82
91617, 4369.23
91625, 4374.36
91633, 4378.46
91642, 4375.38
91649, 4371.28
91657, 4375.9
91664, 4375.38
91672, 4370.26
91680, 4370.26
91688, 4375.9
91696, 4382.05
91703, 4377.44
91711, 4369.74
91719, 4372.82
91727, 4374.36
91735, 4372.31
91743, 4368.72
91750, 4369.74
91758, 4376.41
91766, 4374.87
91774, 4372.31
91782, 4374.36
91789, 4374.36
91797, 4375.9
91805, 4376.41
91813, 4374.36
91821, 4372.82
91829, 4370.77
91836, 4369.23
91844, 4368.72
91852, 4372.31
91860, 4375.38
91868, 4370.77
91876, 4372.82
91883, 4376.92
91891, 4374.87
91899, 4371.79
91907, 4372.82
91915, 4380.51
91922, 4380
91930, 4368.21
91938, 4363.08
91946, 4369.74
91954, 4368.21
91961, 4349.23
91969, 4346.67
91977, 4369.74
91985, 4374.87
91993, 4364.1
92001, 4369.74
92008, 4378.46
92016, 4377.95
92024, 4372.31
92032, 4372.31
92040, 4378.97
92047, 4378.46
92055, 4375.38
92063, 4376.41
92071, 4378.97
92086, 4375.9
92087, 4370.77
92094, 4373.85
92102, 4375.38
92110, 4375.9
92118, 4378.46
92126, 4378.97
92133, 4378.97
92141, 4374.36
92149, 4369.74
92157, 4376.92
92165, 4381.54
92173, 4373.85
92180, 4368.21
92188, 4371.79
92196, 4379.49
92204, 4377.44
92212, 4373.33
92220, 4379.49
92227, 4377.95
92235, 4371.28
92243, 4369.74
92251, 4371.79
92259, 4374.87
92266, 4373.33
92274, 4372.31
92282, 4373.85
92290, 4375.9
92298, 4377.44
92306, 4375.9
92313, 4375.9
92321, 4375.38
92329, 4376.41
92337, 4378.46
92345, 4373.85
92352, 4371.28
92360, 4372.31
92368, 4370.26
92376, 4375.38
92384, 4377.44
92392, 4371.28
92399, 4368.21
92407, 4373.33
92415, 4381.03
92423, 4375.38
92431, 4366.15
92438, 4373.33
92446, 4380
92454, 4374.87
92462, 4368.72
92471, 4373.85
92478, 4379.49
92486, 4371.28
92493, 4368.72
92501, 4375.9
92509, 4377.44
92517, 4375.38
92524, 4372.31
92532, 4377.44
92540, 4383.08
92548, 4378.97
92556, 4371.79
92564, 4369.74
92571, 4376.92
92579, 4376.92
92587, 4367.18
92595, 4373.85
92603, 4381.03
92610, 4371.28
92618, 4366.67
92626, 4373.33
92634, 4378.46
92642, 4376.41
92650, 4371.79
92657, 4373.85
92665, 4379.49
92673, 4379.49
92681, 4374.87
92689, 4374.36
92696, 4375.38
92704, 4367.69
92712, 4366.67
92720, 4372.82
92728, 4366.15
92736, 4362.05
92743, 4367.69
92751, 4372.31
92759, 4370.77
92767, 4367.69
92775, 4371.79
92783, 4373.85
92790, 4374.36
92798, 4374.87
92806, 4371.28
92814, 4372.31
92822, 4374.87
92829, 4375.9
92837, 4372.82
92845, 4369.23
92853, 4373.85
92861, 4374.87
92869, 4370.77
92876, 4376.92
92884, 4382.05
92892, 4376.41
92900, 4373.33
92908, 4378.97
92915, 4381.03
92923, 4375.38
92931, 4371.79
92939, 4373.85
92947, 4378.97
92955, 4386.15
92962, 4382.05
92970, 4375.9
92978, 4377.44
92986, 4374.87
92994, 4373.33
93001, 4375.9
93009, 4375.9
93017, 4375.9
93025, 4374.87
93033, 4376.92
93041, 4376.92
93048, 4369.74
93056, 4372.31
93064, 4375.9
93072, 4373.85
93080, 4375.38
93088, 4374.87
93095, 4373.85
93103, 4377.44
93111, 4381.54
93119, 4375.38
93127, 4371.28
93134, 4377.95
93142, 4374.87
93150, 4370.77
93158, 4377.44
93166, 4377.95
93173, 4377.44
93181, 4378.97
93189, 4374.36
93197, 4373.85
93205, 4375.38
93213, 4370.26
93220, 4369.23
93228, 4374.87
93236, 4374.36
93244, 4368.72
93252, 4374.87
93260, 4381.03
93267, 4373.33
93275, 4369.23
93283, 4374.87
93291, 4380.51
93299, 4379.49
93307, 4373.85
93314, 4376.41
93322, 4378.46
93330, 4373.33
93338, 4370.77
93346, 4373.33
93353, 4380.51
93361, 4377.95
93369, 4369.23
93377, 4376.41
93385, 4383.59
93392, 4374.36
93400, 4365.64
93408, 4371.79
93416, 4377.95
93424, 4369.74
93432, 4368.21
93439, 4376.41
93447, 4374.87
93455, 4370.26
93463, 4369.74
93471, 4375.38
93478, 4378.97
93486, 4375.38
93494, 4374.87
93502, 4375.38
93510, 4375.9
93518, 4376.41
93525, 4373.85
93533, 4375.9
93541, 4377.95
93549, 4374.87
93557, 4374.87
93564, 4376.41
93572, 4381.03
93580, 4379.49
93588, 4372.31
93596, 4377.95
93604, 4378.97
93611, 4366.15
93619, 4354.36
93627, 4355.9
93635, 4367.18
93643, 4370.77
93650, 4366.67
93658, 4372.82
93666, 4380.51
93674, 4377.95
93682, 4370.77
93690, 4373.85
93697, 4379.49
93705, 4372.82
93713, 4370.77
93721, 4376.41
93729, 4374.87
93737, 4371.28
93744, 4372.31
93752, 4378.46
93760, 4383.08
93768, 4384.1
93776, 4380
93783, 4371.28
93791, 4376.41
93799, 4386.67
93807, 4381.54
93815, 4377.44
93822, 4376.92
93830, 4371.28
93838, 4367.69
93846, 4373.33
93854, 4382.56
93862, 4377.95
93869, 4370.26
93877, 4377.44
93885, 4381.03
93893, 4375.38
93901, 4372.82
93909, 4376.41
93916, 4380.51
93924, 4374.36
93933, 4369.74
93940, 4376.41
93948, 4380.51
93955, 4375.9
93963, 4370.26
93971, 4377.44
93979, 4384.62
93987, 4375.9
93995, 4371.28
94002, 4379.49
94010, 4384.1
94018, 4376.92
94026, 4371.28
94034, 4376.41
94041, 4377.95
94049, 4375.9
94057, 4371.28
94065, 4368.72
94073, 4377.95
94081, 4380
94088, 4368.72
94096, 4371.79
94104, 4377.95
94112, 4374.87
94120, 4369.74
94127, 4373.33
94136, 4378.97
94143, 4374.87
94151, 4373.85
94159, 4380
94167, 4377.44
94174, 4373.85
94182, 4373.85
94190, 4373.85
94198, 4373.85
94206, 4377.95
94213, 4381.03
94221, 4374.87
94229, 4372.82
94237, 4376.41
94245, 4370.26
94253, 4369.74
94260, 4374.87
94268, 4372.82
94276, 4373.85
94284, 4379.49
94292, 4382.05
94299, 4374.36
94307, 4363.08
94315, 4370.26
94323, 4379.49
94331, 4374.87
94339, 4372.82
94346, 4374.87
94354, 4376.41
94362, 4375.9
94370, 4372.31
94378, 4372.31
94385, 4375.9
94393, 4377.95
94401, 4372.31
94409, 4375.38
94417, 4384.1
94425, 4376.41
94432, 4369.23
94440, 4371.79
94448, 4375.9
94456, 4373.85
94464, 4369.74
94471, 4375.9
94479, 4379.49
94487, 4371.28
94495, 4369.23
94503, 4370.26
94511, 4365.13
94518, 4360.51
94526, 4363.59, estimuli
94534, 4370.77
94542, 4370.77
94550, 4365.64
94559, 4368.21
94565, 4373.85
94573, 4372.82
94581, 4366.15
94589, 4369.74
94597, 4379.49
94604, 4374.87
94612, 4372.31
94620, 4375.38
94628, 4375.9
94636, 4374.87
94644, 4367.69
94651, 4375.38
94659, 4384.62
94667, 4371.79
94675, 4390.26
94683, 4433.33
94690, 4420.51
94698, 4358.46
94706, 4312.31
94714, 4305.13
94722, 4322.56
94730, 4344.1
94737, 4405.64
94745, 4485.64
94753, 4481.54
94761, 4392.31
94769, 4295.38
94777, 4266.15
94784, 4307.18
94792, 4358.46
94800, 4422.05
94808, 4492.82
94816, 4478.46
94823, 4382.05
94831, 4304.62
94839, 4274.36
94847, 4299.49
94855, 4353.85
94862, 4413.33
94870, 4482.05
94878, 4474.36
94886, 4377.44
94894, 4297.95
94902, 4277.44
94909, 4313.33
94917, 4362.56
94925, 4417.44
94933, 4485.13
94941, 4473.33
94949, 4377.95
94956, 4300.51
94964, 4277.95
94972, 4310.77
94980, 4356.92
94988, 4412.31
94995, 4483.59
95003, 4472.31
95011, 4376.92
95019, 4302.56
95027, 4283.08
95035, 4316.41
95042, 4363.08
95050, 4416.41
95058, 4477.44
95066, 4463.08
95074, 4374.87
95081, 4302.05
95089, 4283.08
95097, 4312.31
95105, 4358.46
95113, 4417.44
95121, 4477.95
95128, 4464.1
95136, 4378.46
95144, 4308.21
95152, 4291.28
95160, 4315.38
95167, 4355.9
95175, 4415.9
95183, 4475.9
95191, 4458.46
95199, 4373.85
95207, 4307.69
95214, 4294.36
95222, 4315.9
95230, 4352.31
95238, 4418.46
95246, 4492.82
95253, 4474.36
95261, 4368.21
95269, 4291.28
95277, 4282.56
95285, 4307.18
95293, 4348.21
95300, 4428.21
95308, 4511.79
95316, 4485.64
95324, 4366.67
95332, 4276.92
95339, 4261.54
95347, 4304.62
95355, 4361.54
95363, 4434.87
95371, 4516.41
95379, 4484.62
95386, 4354.36
95394, 4272.31
95402, 4268.21
95410, 4304.1
95418, 4354.36
95426, 4435.9
95433, 4520
95441, 4479.49
95449, 4352.82
95457, 4278.97
95465, 4276.41
95472, 4311.79
95480, 4355.38
95488, 4427.18
95496, 4505.13
95504, 4469.74
95512, 4355.38
95519, 4282.56
95527, 4272.82
95535, 4311.79
95543, 4362.56
95551, 4430.77
95558, 4502.56
95566, 4472.31
95574, 4361.54
95582, 4282.56
95590, 4274.36
95598, 4314.87
95605, 4361.03
95613, 4428.21
95621, 4499.49
95629, 4469.74
95637, 4362.05
95644, 4287.69
95652, 4278.46
95660, 4315.9
95668, 4365.13
95676, 4416.41
95684, 4441.03
95691, 4390.77
95699, 4364.1
95707, 4405.64
95715, 4378.97
95723, 4328.72
95730, 4378.46
95738, 4402.56
95746, 4366.15
95754, 4372.31
95762, 4383.08
95770, 4371.79
95777, 4372.31
95785, 4372.31
95793, 4369.23
95801, 4372.82
95809, 4377.44
95816, 4377.95
95824, 4371.28
95832, 4368.21
95840, 4372.31
95848, 4376.41
95856, 4374.36
95863, 4368.72
95871, 4373.33
95879, 4379.49
95887, 4376.92
95895, 4374.36
95902, 4375.38
95910, 4376.92
95918, 4371.28
95926, 4366.15
95934, 4371.79
95942, 4373.33
95949, 4371.79
95957, 4376.41
95965, 4374.87
95973, 4373.33
95981, 4374.87
95988, 4374.36
95996, 4374.36
96004, 4373.33
96012, 4373.33
96020, 4372.82
96028, 4375.38
96035, 4377.95
96044, 4375.38
96051, 4375.9
96059, 4375.9
96067, 4375.38
96075, 4377.95
96082, 4377.44
96090, 4377.44
96098, 4376.92
96106, 4374.87
96114, 4372.82
96121, 4368.21
96129, 4368.72
96137, 4374.36
96145, 4373.85
96153, 4373.85
96161, 4372.82
96168, 4374.87
96176, 4380
96184, 4372.82
96192, 4369.23
96200, 4373.33
96207, 4372.82
96215, 4371.79
96223, 4375.9
96231, 4380
96239, 4375.9
96247, 4372.31
96254, 4374.36
96262, 4374.87
96270, 4378.46
96278, 4378.97
96286, 4373.85
96294, 4378.46
96301, 4379.49
96309, 4370.77
96317, 4370.26
96325, 4372.31
96333, 4371.28
96340, 4371.28
96348, 4377.44
96356, 4380
96364, 4375.9
96372, 4374.87
96380, 4372.82
96387, 4374.36
96395, 4376.41
96403, 4369.74
96411, 4370.77
96419, 4375.9
96426, 4371.28
96434, 4371.28
96442, 4376.41
96450, 4374.36
96458, 4370.77
96466, 4372.31
96473, 4372.82
96481, 4369.23
96489, 4373.85
96497, 4379.49
96505, 4376.92
96512, 4376.41
96520, 4375.38
96528, 4373.85
96536, 4374.87
96544, 4371.79
96552, 4372.31
96559, 4375.38
96567, 4372.31
96575, 4372.82
96583, 4378.46
96591, 4380
96598, 4372.82
96606, 4370.26
96614, 4375.9
96622, 4377.44
96630, 4379.49
96638, 4378.46
96645, 4370.77
96653, 4371.28
96661, 4376.92
96669, 4378.46
96677, 4373.85
96684, 4368.21
96692, 4372.31
96700, 4376.92
96708, 4376.92
96716, 4375.9
96724, 4373.85
96731, 4375.38
96739, 4372.82
96747, 4368.72
96755, 4375.9
96763, 4382.56
96771, 4377.95
96778, 4374.87
96786, 4381.03
96794, 4382.05
96802, 4371.79
96810, 4374.87
96817, 4382.05
96825, 4373.33
96833, 4368.72
96841, 4372.82
96849, 4374.36
96856, 4374.36
96864, 4374.87
96872, 4376.41
96880, 4376.92
96888, 4375.38
96896, 4370.77
96903, 4369.23
96911, 4377.44
96919, 4377.95
96927, 4374.36
96935, 4377.95
96942, 4376.41
96950, 4372.82
96958, 4370.26
96966, 4370.77
96974, 4377.95
96982, 4377.44
96989, 4371.28
96997, 4373.85
97005, 4377.95
97013, 4376.92
97021, 4373.33
97029, 4374.36
97036, 4373.33
97044, 4366.67
97052, 4370.77
97060, 4378.46
97068, 4374.87
97075, 4371.79
97083, 4376.41
97091, 4378.46
97099, 4373.33
97107, 4377.95
97115, 4383.08
97122, 4375.38
97130, 4373.33
97138, 4377.44
97146, 4379.49
97154, 4376.92
97161, 4367.69
97169, 4368.72
97177, 4377.44
97185, 4375.9
97193, 4374.36
97201, 4374.36
97208, 4374.36
97216, 4372.82
97224, 4372.82
97232, 4377.95
97240, 4378.97
97247, 4377.44
97255, 4376.41
97263, 4370.77
97272, 4371.79
97279, 4375.38
97287, 4369.74
97294, 4370.77
97302, 4378.97
97310, 4378.46
97318, 4372.31
97326, 4374.36
97334, 4380
97341, 4377.95
97349, 4376.41
97357, 4371.79
97365, 4368.21
97373, 4375.38
97380, 4376.92
97388, 4372.31
97396, 4372.31
97404, 4372.82
97412, 4375.38
97420, 4374.87
97427, 4371.79
97435, 4375.38
97443, 4374.36
97451, 4371.79
97459, 4374.36
97466, 4375.9
97474, 4372.31
97482, 4372.82
97491, 4379.49
97498, 4377.44
97505, 4374.87
97513, 4378.97
97521, 4375.9
97529, 4372.82
97537, 4375.38
97545, 4374.36
97552, 4371.79
97560, 4372.82
97568, 4375.9
97576, 4375.38
97584, 4373.85
97592, 4380
97599, 4378.46
97607, 4372.31
97615, 4375.9
97623, 4377.44
97631, 4373.85
97638, 4372.31
97646, 4376.92
97654, 4378.97
97662, 4369.23
97670, 4368.72
97678, 4379.49
97685, 4381.03
97693, 4374.87
97702, 4372.82
97709, 4377.44
97717, 4377.95
97725, 4371.28
97732, 4371.79
97740, 4376.92
97748, 4379.49
97756, 4375.9
97764, 4373.33
97771, 4377.95
97779, 4377.44
97787, 4374.87
97795, 4376.41
97803, 4376.41
97810, 4376.41
97818, 4374.36
97826, 4375.38
97834, 4379.49
97842, 4374.36
97850, 4372.31
97857, 4375.9
97865, 4375.38
97873, 4374.87
97882, 4376.41
97889, 4377.95
97896, 4376.92
97904, 4374.87
97912, 4376.92
97920, 4373.85
97928, 4369.23
97936, 4368.21
97944, 4354.36
97951, 4343.08
97960, 4351.79
97967, 4362.05, estimuli
97975, 4360.51
97983, 4357.44
97990, 4362.56
97998, 4364.62
98006, 4367.18
98014, 4370.26
98022, 4366.15
98029, 4368.72
98037, 4374.87
98045, 4376.92
98053, 4380
98061, 4379.49
98070, 4377.95
98076, 4376.41
98084, 4375.9
98092, 4385.64
98100, 4383.08
98109, 4375.38
98115, 4412.31
98124, 4453.33
98132, 4420.51
98139, 4341.54
98147, 4286.67
98156, 4287.69
98162, 4317.95
98171, 4342.05
98178, 4420.51
98187, 4517.95
98194, 4494.36
98201, 4373.85
98210, 4271.79
98217, 4250.26
98225, 4297.44
98233, 4361.03
98241, 4445.13
98248, 4522.56
98256, 4482.05
98264, 4362.05
98272, 4281.54
98280, 4261.03
98287, 4301.54
98296, 4363.08
98304, 4440
98312, 4515.9
98320, 4471.79
98327, 4356.41
98334, 4285.13
98342, 4264.1
98350, 4298.46
98358, 4360.51
98366, 4444.62
98374, 4517.44
98381, 4471.28
98389, 4357.95
98397, 4283.08
98405, 4267.69
98413, 4308.72
98420, 4361.54
98428, 4438.46
98436, 4515.38
98444, 4468.21
98452, 4352.31
98460, 4283.59
98467, 4271.28
98475, 4303.59
98483, 4355.38
98491, 4437.44
98499, 4513.85
98506, 4470.26
98514, 4355.9
98522, 4287.18
98530, 4273.85
98538, 4302.05
98546, 4357.44
98553, 4440.51
98561, 4509.74
98569, 4469.23
98577, 4360.51
98585, 4288.72
98592, 4279.49
98600, 4315.38
98608, 4362.56
98616, 4430.26
98624, 4502.56
98632, 4469.74
98639, 4353.85
98647, 4283.08
98655, 4278.46
98663, 4309.74
98671, 4360
98678, 4435.9
98686, 4508.21
98694, 4469.23
98702, 4351.28
98710, 4287.18
98718, 4288.72
98725, 4312.31
98733, 4351.79
98741, 4428.72
98749, 4502.56
98757, 4463.08
98764, 4352.31
98772, 4288.21
98780, 4283.08
98788, 4314.36
98796, 4362.56
98804, 4438.46
98811, 4507.69
98820, 4459.49
98827, 4345.64
98835, 4285.64
98843, 4286.15
98850, 4318.46
98858, 4358.97
98866, 4432.82
98874, 4503.08
98882, 4453.33
98890, 4344.62
98897, 4288.72
98905, 4286.67
98913, 4312.82
98921, 4356.92
98929, 4435.9
98937, 4503.59
98944, 4456.92
98952, 4349.23
98960, 4289.23
98968, 4288.21
98976, 4318.97
98983, 4359.49
98991, 4431.79
98999, 4497.95
99007, 4458.97
99015, 4356.92
99023, 4291.28
99030, 4285.64
99038, 4314.36
99046, 4358.46
99061, 4432.31
99062, 4496.92
99069, 4455.38
99077, 4350.77
99085, 4289.74
99093, 4284.1
99101, 4313.85
99109, 4361.03
99116, 4418.97
99124, 4441.03
99132, 4387.18
99140, 4366.67
99148, 4406.15
99155, 4371.79
99163, 4327.69
99171, 4378.46
99180, 4400
99187, 4369.23
99195, 4368.72
99202, 4375.9
99210, 4371.79
99218, 4367.69
99226, 4373.33
99234, 4381.54
99241, 4378.97
99249, 4372.82
99257, 4369.74
99265, 4370.77
99273, 4372.82
99281, 4371.28
99288, 4371.79
99296, 4371.79
99304, 4373.85
99312, 4377.44
99320, 4371.79
99327, 4371.79
99335, 4378.46
99343, 4373.33
99351, 4369.74
99359, 4373.85
99368, 4375.9
99374, 4373.33
99382, 4373.33
99390, 4378.46
99398, 4376.41
99406, 4371.28
99413, 4371.79
99421, 4373.33
99429, 4376.92
99437, 4378.46
99445, 4376.92
99453, 4376.92
99460, 4376.41
99468, 4374.36
99476, 4369.74
99484, 4370.77
99492, 4378.46
99500, 4374.36
99507, 4370.77
99515, 4376.92
99523, 4377.44
99531, 4373.33
99539, 4371.79
99546, 4373.33
99554, 4375.38
99562, 4375.38
99570, 4375.9
99578, 4374.36
99586, 4377.44
99593, 4381.54
99601, 4375.9
99609, 4371.79
99617, 4372.82
99625, 4370.77
99632, 4370.77
99641, 4371.79
99648, 4374.87
99656, 4377.44
99664, 4377.95
99672, 4376.92
99679, 4371.28
99687, 4372.82
99695, 4374.36
99703, 4368.72
99711, 4373.85
99718, 4378.97
99726, 4372.82
99734, 4371.79
99742, 4374.87
99750, 4372.82
99758, 4368.72
99765, 4371.28
99773, 4377.95
99781, 4377.44
99789, 4372.31
99797, 4371.28
99804, 4377.44
99812, 4382.56
99820, 4373.33
99828, 4367.18
99836, 4373.33
99844, 4375.9
99851, 4371.79
99859, 4374.36
99867, 4382.05
99875, 4375.9
99883, 4367.18
99891, 4374.87
99898, 4381.03
99906, 4375.9
99914, 4371.28
99922, 4374.36
99930, 4381.03
99937, 4374.36
99945, 4368.72
99953, 4379.49
99961, 4380.51
99969, 4372.31
99977, 4369.74
99984, 4373.33
99992, 4376.41
100000, 4374.36
100009, 4372.82
100016, 4372.31
100023, 4375.38
100031, 4379.49
100039, 4374.36
100047, 4371.79
100055, 4378.97
100063, 4382.56
100070, 4378.97
100078, 4372.82
100086, 4370.77
100094, 4371.79
100102, 4371.79
100109, 4374.87
100117, 4376.41
100125, 4372.31
100133, 4371.28
100141, 4375.38
100149, 4377.95
100156, 4371.79
100164, 4368.72
100172, 4375.9
100180, 4376.92
100188, 4376.41
100196, 4373.85
100203, 4373.33
100212, 4377.95
100220, 4376.41
100227, 4372.82
100235, 4373.33
100242, 4372.31
100250, 4372.82
100258, 4372.31
100266, 4374.36
100274, 4378.97
100282, 4377.95
100289, 4369.74
100297, 4366.67
100305, 4375.38
100313, 4381.54
100321, 4373.33
100328, 4369.74
100336, 4375.9
100344, 4375.38
100352, 4371.28
100360, 4372.31
100368, 4378.46
100375, 4376.92
100383, 4371.79
100391, 4376.92
100399, 4378.97
100407, 4373.33
100414, 4372.82
100422, 4374.36
100431, 4373.33
100438, 4369.74
100446, 4368.21
100453, 4370.26
100461, 4377.95
100469, 4384.1
100477, 4376.92
100485, 4375.38
100493, 4381.54
100500, 4375.38
100508, 4366.67
100516, 4367.69
100524, 4373.85
100532, 4377.44
100540, 4374.87
100547, 4376.41
100555, 4374.87
100563, 4370.77
100571, 4373.33
100579, 4372.82
100586, 4372.31
100594, 4375.9
100602, 4375.9
100610, 4375.38
100618, 4374.36
100626, 4373.33
100633, 4375.38
100642, 4376.41
100649, 4378.97
100657, 4378.46
100665, 4371.79
100673, 4371.28
100681, 4377.44
100688, 4378.97
100696, 4375.38
100705, 4380
100712, 4382.05
100719, 4369.74
100727, 4366.67
100735, 4374.87
100743, 4375.38
100751, 4373.85
100758, 4373.33
100766, 4374.36
100774, 4375.9
