0.0001, 4141.54
1.0558, 4142.05
1.2865, 4145.13
1.3596, 4143.08
33.6515, 4138.97
34.0257, 4140.51
34.0999, 4144.1
34.1965, 4142.56
62.7491, 4141.54
62.8487, 4148.72
62.8841, 4155.9
62.9174, 4149.23
93.6867, 4135.9
93.8199, 4125.13
93.8918, 4123.59
93.9644, 4125.13
124.689, 4124.1
124.801, 4135.38
124.865, 4152.31
124.928, 4157.95
155.72, 4157.44
155.822, 4144.62
155.876, 4126.15
155.931, 4121.03
187.7, 4128.72
187.836, 4139.49
187.905, 4151.28
187.957, 4157.44
219.178, 4152.31
219.394, 4140
219.467, 4125.64
219.534, 4120
259.24, 4123.08
259.466, 4133.33
259.544, 4150.26
259.766, 4160.51
281.062, 4155.9
281.585, 4141.03
281.823, 4128.72
281.973, 4123.08
311.789, 4123.59
311.919, 4133.85
311.978, 4153.33
312.029, 4162.05
343.985, 4154.87
344.092, 4141.03
344.144, 4128.72
344.206, 4122.56
374.777, 4124.1
374.89, 4135.9
374.951, 4154.87
375.007, 4162.56
411.256, 4151.79
411.397, 4138.46
411.462, 4132.82
411.548, 4127.69
437.786, 4122.05
437.957, 4132.31
438.016, 4156.41
438.089, 4162.05
468.633, 4146.15
468.755, 4130.26
468.826, 4124.1
468.891, 4121.03
499.922, 4121.54
500.045, 4136.41
500.098, 4157.44
500.159, 4158.97
535.36, 4146.67
535.486, 4137.95
535.544, 4128.72
535.597, 4120
562.871, 4120.51
562.981, 4134.87
563.041, 4153.85
563.096, 4157.95
593.828, 4147.69
593.962, 4135.9
594.033, 4125.13
594.1, 4121.03
624.742, 4124.62
624.877, 4136.41
625.123, 4151.79
625.207, 4157.44
656.858, 4148.21
656.967, 4137.44
657.02, 4127.69
657.069, 4123.08
687.818, 4128.21
687.924, 4138.97
687.983, 4148.21
688.047, 4149.23
719.024, 4146.15
719.135, 4138.97
719.216, 4130.77
719.266, 4128.21
750, 4134.36
750.996, 4141.03
751.087, 4148.21
751.166, 4156.41
781.945, 4154.36
782.061, 4136.41
782.117, 4122.56
782.174, 4122.56
813.107, 4124.62
813.224, 4132.31
813.39, 4146.15
813.442, 4150.26
843.712, 4144.62
843.835, 4135.9
843.894, 4130.26
843.946, 4126.15
875.936, 4127.18
876.057, 4135.38
876.103, 4145.64
876.147, 4148.72
906.908, 4143.59
907.03, 4135.38
907.088, 4127.69
907.142, 4125.64
937.879, 4126.67
937.98, 4136.41
938.028, 4155.9
938.073, 4157.44
968.751, 4144.62
968.878, 4140
968.933, 4135.9
968.984, 4124.1
1000.73, 4123.59
1000.82, 4143.08
1000.87, 4159.49
1000.91, 4156.92
1031.94, 4148.21
1032.05, 4140.51
1032.1, 4130.26
1032.14, 4124.1
1062.88, 4127.18
1063.12, 4135.9
1063.21, 4147.69
1063.31, 4147.18
1095.46, 4141.03
1097.66, 4147.18
1097.77, 4148.72
1097.84, 4143.08
1125.79, 4146.15
1125.93, 4146.15
1126, 4143.08
1126.07, 4145.13
1157.04, 4147.69
1157.25, 4145.64
1157.33, 4144.62
1157.4, 4146.15
1188.39, 4145.64
1188.65, 4145.13
1188.74, 4143.59
1191.13, 4144.62
1219.8, 4144.62
1220.27, 4141.03
1220.33, 4140.51
1220.38, 4142.05
1251.2, 4143.59
1251.76, 4140
1251.82, 4136.92
1251.87, 4141.03
1281.88, 4140.51
1282.02, 4140
1282.08, 4137.95
1282.14, 4134.36
1313.11, 4137.44
1313.24, 4136.92
1313.32, 4135.38
1313.37, 4136.92
1344.79, 4137.95
1344.92, 4137.44
1344.97, 4137.44
1345.02, 4135.9
1376.12, 4136.92
1376.6, 4139.49
1376.82, 4137.44
1376.97, 4141.03
1406.53, 4144.1
1406.63, 4142.05
1406.67, 4142.56
1406.71, 4143.59
1438.81, 4140.51
1438.93, 4137.95
1438.99, 4140
1439.04, 4143.08
1470.42, 4141.54
1470.53, 4140
1470.58, 4141.03
1470.64, 4141.03
1500.82, 4140
1500.95, 4139.49
1501, 4141.54
1501.06, 4144.62
1531.8, 4142.56
1531.91, 4140
1531.96, 4141.54
1532.01, 4143.08
1564.51, 4140.51
1564.63, 4138.46
1564.69, 4142.05
1564.75, 4142.56
1594.72, 4139.49
1594.85, 4140
1594.92, 4143.59
1594.99, 4141.03
1625.85, 4137.44
1625.97, 4140.51
1626.05, 4142.05
1626.12, 4140
1657.19, 4140
1657.34, 4143.08
1657.4, 4142.56
1657.45, 4137.95
1690.99, 4136.92
1691.13, 4142.05
1691.23, 4145.64
1691.29, 4142.05
1719.75, 4137.44
1719.86, 4137.95
1719.92, 4141.03
1719.97, 4141.54
1750.88, 4140.51
1751.02, 4138.97
1751.1, 4138.46
1751.16, 4140
1783.01, 4138.46
1783.13, 4137.95
1783.22, 4141.03
1783.27, 4142.05
1814, 4140.51
1814.18, 4140.51
1814.27, 4141.03
1814.33, 4141.03
1844.83, 4139.49
1845.01, 4139.49
1845.08, 4142.05
1845.14, 4140.51
1876.01, 4138.97
1876.13, 4141.54
1876.21, 4142.56
1876.29, 4137.44
1907.94, 4136.92
1908.13, 4140.51
1908.23, 4140
1908.31, 4138.46
1938.72, 4140.51
1938.86, 4142.05
1938.93, 4138.46
1938.99, 4135.38
1969.88, 4138.46
1970.12, 4138.97
1970.31, 4137.95
1970.44, 4139.49
2001.93, 4138.46
2002.07, 4136.92
2002.12, 4138.97
2002.21, 4139.49
2032.93, 4137.95
2033.07, 4140
2033.13, 4140.51
2033.2, 4137.95
2063.99, 4136.92
2064.3, 4137.44
2064.36, 4140.51
2064.41, 4140.51
2095.49, 4139.49
2095.6, 4143.08
2095.66, 4144.62
2095.72, 4138.97
2127.52, 4135.38
2127.72, 4138.46
2127.78, 4139.49
2127.83, 4137.95
2158.02, 4139.49
2158.16, 4140.51
2158.26, 4139.49
2158.33, 4140.51
2188.98, 4141.54
2189.1, 4139.49
2189.18, 4138.46
2189.24, 4138.46
2221.65, 4136.92
2221.85, 4134.87
2221.92, 4140
2222, 4144.62
2251.85, 4141.03
2251.96, 4137.95
2252.03, 4138.46
2252.1, 4140
2282.93, 4142.05
2283.06, 4142.05
2283.13, 4138.97
2283.21, 4136.92
2314.05, 4138.97
2314.23, 4140
2314.31, 4138.46
2314.39, 4140
2345.96, 4142.05
2346.1, 4141.54
2346.18, 4141.54
2346.25, 4141.03
2376.97, 4141.03
2377.08, 4142.05
2377.17, 4141.03
2377.29, 4141.03
2407.8, 4142.56
2407.93, 4143.59
2407.99, 4143.08
2408.04, 4142.05
2438.72, 4142.56
2438.87, 4142.05
2438.95, 4141.03
2439.03, 4142.56
2470.84, 4143.08
2470.96, 4143.59
2471.03, 4144.62
2471.09, 4143.59
2501.94, 4143.59
2502.07, 4145.64
2502.15, 4144.62
2502.22, 4141.54
2532.8, 4142.05
2532.93, 4143.59
2532.99, 4143.08
2533.04, 4142.05
2564.8, 4141.54
2564.95, 4142.05
2565.02, 4141.03
2565.1, 4141.03
2596.01, 4142.56
2596.12, 4140.51
2596.18, 4139.49
2596.24, 4142.56
2626.79, 4143.59
2626.9, 4140.51
2626.95, 4141.03
2626.99, 4143.59
2657.82, 4140.51
2657.96, 4138.97
2658.01, 4143.08
2658.06, 4143.59
2689.69, 4140.51
2689.83, 4140.51
2689.89, 4141.03
2689.94, 4141.03
2720.82, 4141.03
2720.98, 4140
2721.04, 4140
2721.12, 4141.03
2751.91, 4140.51
2752.04, 4140
2752.1, 4140
2752.14, 4142.05
2782.93, 4143.59
2783.1, 4142.56
2783.19, 4143.59
2783.25, 4143.59
2814.88, 4141.54
2815.01, 4142.56
2815.07, 4143.08
2815.13, 4144.1
2845.82, 4144.1
2845.94, 4140.51
2845.99, 4137.44
2846.04, 4140
2876.92, 4140.51
2877.05, 4138.97
2877.11, 4138.46
2877.18, 4134.87
2908.88, 4135.9
2908.98, 4141.03
2909.02, 4141.03
2909.06, 4141.03
2939.88, 4140
2940, 4137.44
2940.2, 4138.46
2940.27, 4142.05
2970.92, 4140.51
2971.06, 4141.54
2971.12, 4143.08
2971.17, 4142.56
3001.62, 4144.1
3001.74, 4142.05
3001.79, 4143.08
3001.84, 4145.13
3033.89, 4144.62
3034, 4142.56
3034.05, 4142.05
3034.1, 4143.59
3064.84, 4145.13
3064.96, 4144.1
3065.02, 4142.56
3065.08, 4143.08
3095.33, 4144.62
3095.41, 4144.62
3095.45, 4144.1
3095.48, 4143.08
3127.44, 4143.59
3127.55, 4144.62
3127.61, 4143.59
3127.66, 4143.08
3158.66, 4143.08
3158.77, 4143.08
3158.82, 4143.59
3158.86, 4143.08
3189.39, 4142.56
3189.49, 4142.56
3189.53, 4141.54
3189.57, 4140.51
3220.61, 4141.54
3220.73, 4143.08
3220.77, 4142.56
3220.82, 4141.03
3252.94, 4139.49
3253.05, 4140.51
3253.14, 4143.59
3253.2, 4144.1
3283.55, 4143.08
3283.63, 4142.56
3283.67, 4141.03
3283.71, 4141.54
3314.41, 4144.1
3314.5, 4143.08
3314.54, 4140.51
3314.58, 4141.54
3346.36, 4142.56
3346.44, 4141.54
3346.48, 4142.56
3346.51, 4143.08
3377.36, 4141.03
3377.45, 4140.51
3377.48, 4142.56
3377.51, 4143.08
3408.27, 4141.03
3408.34, 4141.54
3408.38, 4142.05
3408.41, 4142.56
3439.34, 4142.05
3439.43, 4141.03
3439.47, 4144.1
3439.5, 4145.64
3471.8, 4145.13
3471.92, 4145.13
3471.98, 4144.1
3472.03, 4141.03
3502.62, 4140.51
3502.74, 4142.56
3502.78, 4138.97
3502.82, 4136.92
3534.09, 4137.95
3534.22, 4133.85
3534.29, 4135.9
3534.36, 4140.51
3564.72, 4138.97
3564.85, 4137.95
3564.92, 4142.56
3564.97, 4142.05
3596.37, 4141.03
3596.47, 4142.56
3596.51, 4140.51
3596.55, 4141.03
3627.38, 4141.03
3627.47, 4142.05
3627.51, 4144.62
3627.54, 4143.08
3658.37, 4143.59
3658.49, 4146.67
3658.53, 4145.64
3658.57, 4143.08
3690.49, 4143.08
3690.57, 4144.1
3690.61, 4142.56
3690.64, 4143.59
3721.71, 4144.62
3721.84, 4143.08
3721.89, 4142.05
3721.94, 4143.08
3752.47, 4142.56
3752.58, 4142.05
3752.63, 4143.59
3752.67, 4145.13
3783.58, 4144.62
3783.66, 4144.62
3783.71, 4144.62
3783.74, 4142.56
3815.6, 4142.05
3815.7, 4143.08
3815.74, 4143.08
3815.77, 4142.05
3846.54, 4143.08
3846.64, 4143.59
3846.67, 4142.56
3846.72, 4143.59
3877.74, 4145.13
3877.86, 4142.05
3877.92, 4141.03
3878.02, 4144.1
3909.52, 4145.13
3909.62, 4142.56
3909.67, 4142.05
3909.73, 4143.08
3940.76, 4142.56
3940.86, 4142.56
3940.9, 4143.59
3940.95, 4142.56
3971.73, 4141.54
3971.81, 4143.59
3971.85, 4143.59
3971.88, 4143.08
4002.44, 4143.08
4002.53, 4143.59
4002.57, 4143.59
4002.6, 4141.54
4034.63, 4141.03
4034.74, 4140
4034.84, 4140.51
4034.9, 4140
4065.61, 4141.03
4065.8, 4142.05
4066.1, 4139.49
4066.14, 4140
4096.93, 4142.56
4097.03, 4142.56
4097.37, 4141.54
4097.49, 4139.49
4127.53, 4138.46, estimuli
4128.84, 4140.51
4128.93, 4143.59
4128.96, 4142.56
4159.59, 4140.51
4159.67, 4141.54
4159.73, 4143.08
4159.77, 4142.56
4190.77, 4141.54
4190.88, 4143.08
4190.93, 4142.56
4190.97, 4141.03
4221.61, 4142.05
4221.8, 4142.05
4221.89, 4143.08
4221.95, 4144.62
4253.61, 4143.08
4253.69, 4142.05
4253.74, 4141.54
4253.78, 4142.56
4284.57, 4144.62
4284.67, 4147.18
4284.74, 4146.15
4284.84, 4143.59
4315.84, 4137.95
4315.98, 4133.33
4316.02, 4135.38
4316.07, 4136.41
4346.4, 4145.13
4346.47, 4158.46
4346.51, 4157.44
4346.54, 4146.67
4378.54, 4137.95
4378.62, 4135.38
4378.65, 4136.41
4378.69, 4134.36
4409.56, 4135.9
4409.67, 4147.18
4409.75, 4148.72
4409.81, 4138.46
4440.73, 4130.77
4440.81, 4127.18
4440.85, 4126.15
4440.88, 4131.79
4472.78, 4140.51
4472.96, 4149.23
4473.02, 4152.82
4473.07, 4145.64
4503.89, 4135.9
4504, 4136.41
4504.07, 4135.9
4504.13, 4135.38
4534.46, 4145.13
4534.54, 4153.33
4534.58, 4156.92
4534.61, 4154.87
4565.6, 4143.08
4565.7, 4133.85
4565.75, 4134.36
4565.81, 4137.95
4597.61, 4144.62
4597.7, 4155.38
4597.74, 4157.44
4597.77, 4149.74
4628.74, 4140
4628.84, 4135.38
4628.89, 4136.41
4628.93, 4138.46
4659.55, 4144.1
4659.63, 4155.38
4659.67, 4158.97
4659.71, 4150.77
4690.45, 4141.54
4690.54, 4136.92
4690.58, 4135.38
4690.61, 4136.41
4722.54, 4145.64
4722.66, 4156.41
4722.71, 4155.9
4722.75, 4146.67
4753.72, 4137.95
4753.82, 4135.9
4753.88, 4135.38
4753.93, 4139.49
4784.59, 4148.21
4784.69, 4154.36
4784.72, 4152.82
4784.76, 4146.15
4816.72, 4137.95
4816.81, 4134.36
4816.85, 4135.38
4816.88, 4140.51
4847.8, 4145.13
4847.9, 4148.21
4847.95, 4149.23
4848, 4145.13
4878.45, 4137.95
4878.55, 4133.33
4878.58, 4134.36
4878.61, 4137.95
4909.44, 4145.64
4909.52, 4152.82
4909.55, 4151.28
4909.59, 4143.08
4941.73, 4135.9
4941.82, 4134.36
4941.85, 4138.46
4941.88, 4138.46
4972.52, 4142.05
4972.6, 4150.26
4972.63, 4149.23
4972.67, 4141.54
5003.56, 4137.95
5003.65, 4138.46
5003.68, 4134.87
5003.72, 4134.36
5034.71, 4145.13
5034.8, 4152.82
5034.84, 4148.21
5034.88, 4144.1
5066.87, 4143.08
5066.96, 4135.38
5067, 4128.72
5067.05, 4135.9
5097.59, 4147.18
5097.69, 4148.72
5097.72, 4146.67
5097.76, 4146.67
5128.79, 4141.54
5128.88, 4133.33
5128.93, 4133.85
5128.97, 4138.97
5160.66, 4145.13
5160.74, 4151.79
5160.78, 4151.28
5160.81, 4144.62
5191.57, 4138.97
5191.69, 4134.87
5191.73, 4133.85
5191.77, 4136.92
5222.46, 4146.67
5222.56, 4155.38
5222.62, 4154.87
5222.67, 4148.21
5253.73, 4138.97
5253.81, 4133.33
5253.85, 4134.87
5253.88, 4140.51
5285.7, 4143.08
5285.83, 4143.59
5285.88, 4145.13
5285.94, 4143.08
5316.72, 4142.56
5316.82, 4141.54
5316.85, 4141.03
5316.89, 4143.08
5347.81, 4141.54
5347.96, 4142.05
5348.02, 4142.56
5348.09, 4141.03
5379.73, 4143.59
5379.82, 4146.15
5379.86, 4143.59
5379.89, 4142.56
5410.9, 4143.08
5410.97, 4141.54
5411.01, 4140.51
5411.04, 4143.08
5441.6, 4143.08
5441.71, 4141.54
5441.74, 4141.54
5441.78, 4142.05
5472.48, 4143.08
5472.56, 4143.08
5472.6, 4142.56
5472.63, 4142.05
5504.6, 4141.03
5504.69, 4141.54
5504.73, 4142.56
5504.76, 4142.05
5535.83, 4141.03
5535.9, 4140.51
5535.94, 4141.54
5535.97, 4143.08
5566.84, 4143.08
5566.96, 4141.54
5567.02, 4142.56
5567.07, 4144.62
5598.5, 4139.49
5598.58, 4136.92
5598.62, 4140.51
5598.65, 4137.95
5629.43, 4135.9
5629.52, 4141.54
5629.56, 4143.59
5629.61, 4141.03
5660.48, 4142.56
5660.56, 4143.08
5660.6, 4140
5660.63, 4138.97
5691.44, 4140
5691.52, 4141.54
5691.56, 4141.54
5691.59, 4141.03
5723.9, 4141.54
5724.03, 4142.05
5724.09, 4139.49
5724.14, 4137.95
5754.72, 4140
5754.84, 4141.54
5754.89, 4141.54
5754.94, 4141.03
5785.83, 4139.49
5785.96, 4140.51
5786.07, 4143.59
5786.13, 4143.59
5816.87, 4142.56
5816.95, 4143.59
5816.99, 4142.56
5817.02, 4137.95
5848.48, 4137.95
5848.56, 4139.49
5848.6, 4137.95
5848.63, 4140
5879.36, 4141.54
5879.45, 4138.97
5879.49, 4141.03
5879.52, 4145.64
5910.33, 4142.56
5910.42, 4141.54
5910.45, 4143.59
5910.48, 4142.05
5942.42, 4138.97
5942.51, 4140.51
5942.54, 4140.51
5942.57, 4137.44
5973.81, 4139.49
5973.95, 4141.54
5973.99, 4141.03
5974.02, 4136.92
6004.62, 4136.41
6004.72, 4139.49
6004.76, 4140
6004.79, 4137.95
6035.53, 4139.49
6035.62, 4141.54
6035.66, 4139.49
6035.69, 4140.51
6067.67, 4142.56
6067.75, 4141.03
6067.79, 4141.54
6067.82, 4142.56
6098.73, 4141.03
6098.81, 4140.51
6098.85, 4140.51
6098.88, 4137.95
6129.5, 4138.97
6129.58, 4141.54
6129.61, 4139.49
6129.64, 4139.49
6161.57, 4142.56
6161.64, 4142.05
6161.68, 4141.03
6161.72, 4141.54
6192.58, 4142.05
6192.75, 4142.05
6192.8, 4141.03
6192.84, 4143.08
6223.56, 4143.59
6223.64, 4140.51
6223.68, 4141.54
6223.72, 4144.62
6254.71, 4142.56
6254.82, 4140.51
6254.87, 4142.05
6254.91, 4141.03
6286.72, 4138.97
6286.8, 4141.54
6286.83, 4142.56
6286.86, 4141.03
6317.68, 4140.51
6317.76, 4143.08
6317.8, 4144.1
6317.86, 4139.49
6348.77, 4139.49
6348.85, 4141.03
6348.89, 4139.49
6348.92, 4139.49
6379.42, 4138.97
6379.5, 4138.46
6379.53, 4142.05
6379.57, 4143.08
6411.83, 4141.03
6412.02, 4142.05
6412.09, 4142.56
6412.15, 4140
6442.41, 4141.03
6442.49, 4142.05
6442.52, 4140.51
6442.56, 4140
6473.64, 4141.03
6473.73, 4142.05
6473.78, 4142.05
6473.83, 4140
6505.66, 4138.46
6505.75, 4141.54
6505.79, 4145.13
6505.82, 4143.08
6536.52, 4137.95
6536.6, 4137.44
6536.64, 4141.54
6536.67, 4140.51
6567.58, 4137.95
6567.7, 4140.51
6567.76, 4142.56
6567.81, 4142.05
6598.66, 4141.03
6598.79, 4140
6598.83, 4141.54
6598.87, 4143.08
6630.59, 4140
6630.76, 4141.03
6630.84, 4145.13
6630.89, 4142.05
6661.4, 4139.49
6661.48, 4143.08
6661.51, 4142.05
6661.54, 4138.97
6692.58, 4141.54
6692.65, 4142.05
6692.69, 4140.51
6692.72, 4142.56
6724.64, 4143.08
6724.77, 4141.03
6724.81, 4143.59
6724.85, 4144.1
6755.43, 4139.49
6755.52, 4140
6755.57, 4144.1
6755.61, 4140
6786.44, 4136.92
6786.53, 4141.54
6786.56, 4143.59
6786.59, 4141.03
6817.92, 4139.49
6818.03, 4140
6818.1, 4141.54
6818.16, 4143.08
6850.03, 4141.54
6850.13, 4140
6850.18, 4140.51
6850.23, 4142.05
6880.36, 4142.05
6880.46, 4141.03
6880.5, 4142.56
6880.54, 4144.62
6911.36, 4141.54
6911.44, 4140
6911.48, 4142.56
6911.51, 4142.56
6943.46, 4139.49
6943.54, 4140
6943.58, 4141.54
6943.61, 4141.03
6974.41, 4141.54
6974.52, 4142.05
6974.57, 4141.03
6974.62, 4138.46
7005.81, 4138.46
7005.93, 4141.03
7005.99, 4142.56
7006.05, 4142.56
7036.77, 4142.56
7036.9, 4143.08
7036.95, 4143.59
7037.02, 4144.1
7068.59, 4142.05
7068.69, 4142.05
7068.74, 4142.56
7068.78, 4143.08
7099.78, 4144.62
7099.89, 4144.1
7099.95, 4143.08
7099.99, 4142.56
7130.71, 4142.56
7130.82, 4141.54
7130.87, 4141.54
7130.92, 4142.05
7161.3, 4144.1
7161.39, 4143.59
7161.43, 4142.05
7161.46, 4142.56
7193.33, 4142.56
7193.42, 4141.03
7193.45, 4143.59
7193.49, 4145.64
7224.9, 4144.1
7225, 4139.49
7225.05, 4135.9
7225.17, 4140.51
7255.52, 4139.49
7255.6, 4132.82
7255.64, 4134.36
7255.67, 4134.87
7287.36, 4133.33, estimuli
7288.53, 4134.36
7288.62, 4136.41
7288.65, 4136.92
7318.8, 4134.36
7318.88, 4134.36
7318.92, 4137.95
7318.95, 4138.97
7349.72, 4134.87
7349.81, 4136.92
7349.84, 4138.97
7349.87, 4140
7380.36, 4142.56
7380.44, 4140.51
7380.47, 4138.46
7380.51, 4139.49
7412.32, 4140.51
7412.41, 4141.54
7412.44, 4142.05
7412.47, 4142.05
7443.69, 4149.74
7443.8, 4158.46
7443.85, 4154.87
7443.91, 4145.13
7474.55, 4137.95
7474.63, 4133.85
7474.66, 4132.31
7474.73, 4136.92
7506.56, 4149.23
7506.64, 4157.95
7506.68, 4157.95
7506.73, 4149.23
7537.61, 4137.95
7537.69, 4132.31
7537.72, 4131.79
7537.76, 4135.9
7568.48, 4149.23
7568.58, 4161.03
7568.61, 4158.46
7568.64, 4146.67
7599.69, 4136.92
7599.79, 4134.87
7599.83, 4136.41
7599.88, 4133.33
7631.91, 4141.54
7632.03, 4157.44
7632.08, 4157.44
7632.12, 4150.26
7662.52, 4142.56
7662.6, 4131.28
7662.64, 4126.67
7662.67, 4134.36
7693.52, 4144.62
7693.6, 4152.31
7693.64, 4156.92
7693.67, 4148.72
7724.63, 4137.44
7724.79, 4134.36
7724.83, 4132.82
7724.86, 4134.87
7756.63, 4148.21
7756.71, 4159.49
7756.75, 4156.92
7756.79, 4148.72
7787.6, 4140
7787.7, 4133.33
7787.75, 4131.28
7787.79, 4133.85
7818.64, 4143.08
7818.72, 4155.38
7818.76, 4158.97
7818.79, 4149.74
7850.73, 4137.95
7850.85, 4132.82
7850.94, 4134.87
7850.99, 4137.95
7881.87, 4145.64
7882.02, 4155.9
7882.08, 4156.92
7882.12, 4149.74
7912.45, 4140
7912.52, 4133.85
7912.56, 4134.36
7912.59, 4137.95
7943.5, 4144.62
7943.57, 4154.87
7943.61, 4157.44
7943.64, 4144.62
7975.44, 4134.87
7975.52, 4134.87
7975.56, 4129.74
7975.59, 4131.28
8006.5, 4149.23
8006.6, 4159.49
8006.63, 4153.33
8006.66, 4145.13
8037.76, 4138.46
8037.88, 4131.28
8037.93, 4130.77
8037.99, 4131.79
8068.73, 4140
8068.8, 4154.87
8068.84, 4157.44
8068.87, 4144.62
8100.46, 4134.36
8100.54, 4136.92
8100.58, 4136.92
8100.61, 4131.79
8131.6, 4139.49
8131.71, 4153.85
8131.75, 4155.9
8131.78, 4146.15
8162.53, 4136.92
8162.61, 4133.33
8162.64, 4132.82
8162.68, 4134.87
8194.46, 4144.1
8194.56, 4154.36
8194.59, 4155.9
8194.63, 4149.74
8225.57, 4138.46
8225.65, 4128.72
8225.69, 4129.23
8225.72, 4136.92
8256.87, 4146.67
8256.99, 4153.85
8257.05, 4153.33
8257.1, 4145.64
8287.55, 4137.44
8287.67, 4133.33
8287.73, 4134.87
8287.77, 4139.49
8319.51, 4145.13
8319.58, 4154.87
8319.62, 4157.44
8319.65, 4147.18
8350.56, 4135.38
8350.64, 4133.85
8350.68, 4134.87
8350.72, 4134.36
8381.74, 4142.56
8381.84, 4155.38
8381.88, 4156.41
8381.93, 4147.18
8413.5, 4137.44
8413.58, 4132.31
8413.62, 4133.33
8413.65, 4138.97
8444.55, 4140.51
8444.63, 4141.54
8444.66, 4144.62
8444.7, 4143.59
8475.77, 4144.62
8475.85, 4143.08
8475.89, 4141.03
8475.92, 4143.59
8506.69, 4142.56
8506.8, 4141.54
8506.84, 4143.08
8506.88, 4143.08
8538.58, 4141.54
8538.67, 4141.54
8538.71, 4142.05
8538.74, 4142.05
8569.63, 4143.08
8569.74, 4140.51
8569.77, 4139.49
8569.8, 4143.08
8600.53, 4143.08
8600.61, 4140.51
8600.64, 4141.03
8600.67, 4142.56
8631.66, 4142.05
8631.78, 4140
8631.82, 4140.51
8631.87, 4142.05
8663.64, 4142.05
8663.76, 4142.56
8663.81, 4143.59
8663.86, 4142.56
8694.8, 4141.54
8694.88, 4141.54
8694.91, 4142.05
8694.95, 4141.03
8725.46, 4141.03
8725.53, 4144.1
8725.57, 4144.62
8725.6, 4141.54
8757.53, 4142.05
8757.65, 4143.08
8757.72, 4142.05
8757.76, 4141.54
8788.59, 4142.56
8788.68, 4144.1
8788.73, 4144.62
8788.76, 4142.56
8819.45, 4141.54
8819.55, 4142.05
8819.58, 4140.51
8819.62, 4139.49
8850.65, 4143.08
8850.76, 4144.1
8850.81, 4142.56
8850.85, 4141.54
8882.88, 4140.51
8883.03, 4140.51
8883.1, 4141.03
8883.18, 4141.03
8913.4, 4141.03
8913.48, 4143.08
8913.51, 4145.13
8913.55, 4143.08
8944.46, 4140.51
8944.53, 4141.03
8944.57, 4143.08
8944.6, 4141.54
8976.54, 4140.51
8976.63, 4143.08
8976.67, 4143.08
8976.74, 4140.51
9007.44, 4140.51
9007.53, 4142.05
9007.56, 4140.51
9007.59, 4141.54
9038.62, 4141.54
9038.71, 4138.46
9038.75, 4141.54
9038.78, 4144.62
9069.58, 4142.05
9069.66, 4141.54
9069.7, 4143.08
9069.73, 4141.54
9101.55, 4140.51
9101.64, 4141.03
9101.68, 4141.54
9101.72, 4142.05
9132.62, 4143.08
9132.71, 4143.08
9132.75, 4142.05
9132.78, 4140.51
9163.46, 4138.97
9163.55, 4140.51
9163.59, 4143.08
9163.62, 4142.05
9194.47, 4140.51
9194.55, 4141.54
9194.58, 4142.56
9194.61, 4142.05
9226.46, 4143.08
9226.54, 4145.13
9226.58, 4143.59
9226.61, 4141.03
9257.67, 4141.03
9257.76, 4142.05
9257.79, 4141.54
9257.82, 4140.51
9288.78, 4141.03
9288.97, 4140.51
9289.04, 4139.49
9289.1, 4140.51
9320.59, 4142.05
9320.67, 4142.56
9320.72, 4140
9320.75, 4137.95
9351.6, 4140.51
9351.7, 4143.59
9351.75, 4143.08
9351.79, 4142.56
9382.73, 4142.56
9382.81, 4142.05
9382.84, 4141.54
9382.87, 4141.54
9413.78, 4143.08
9413.89, 4143.59
9413.93, 4142.56
9413.98, 4140.51
9445.37, 4140.51
9445.46, 4141.54
9445.49, 4142.05
9445.53, 4142.05
9476.56, 4139.49
9476.66, 4137.44
9476.71, 4140.51
9476.75, 4141.54
9507.54, 4140
9507.62, 4141.03
9507.65, 4142.56
9507.69, 4141.03
9539.88, 4139.49
9540.02, 4140
9540.09, 4142.05
9540.17, 4142.05
9570.61, 4142.05
9570.7, 4143.08
9570.74, 4141.54
9570.77, 4139.49
9601.66, 4140
9601.74, 4142.05
9601.77, 4143.59
9601.81, 4142.56
9632.74, 4143.08
9632.83, 4143.59
9632.86, 4145.13
9632.89, 4144.62
9664.58, 4143.59
9664.66, 4140
9664.71, 4135.38
9664.77, 4138.97
9695.76, 4139.49
9695.89, 4136.41
9696.01, 4138.46
9696.09, 4138.46
9726.52, 4137.95
9726.6, 4138.97
9726.64, 4141.54
9726.67, 4140
9757.4, 4138.46
9757.5, 4138.97
9757.53, 4139.49
9757.56, 4137.44
9789.73, 4135.38
9789.82, 4142.05
9789.85, 4145.64
9789.89, 4142.05
9820.6, 4143.08
9820.68, 4144.62
9820.74, 4144.1
9820.78, 4143.08
9851.43, 4142.56
9851.53, 4143.08
9851.58, 4142.56
9851.63, 4143.08
9883.52, 4142.56
9883.6, 4142.56
9883.63, 4143.08
9883.67, 4142.56
9914.67, 4141.54
9914.8, 4140.51
9914.85, 4142.05
9914.91, 4144.1
9945.53, 4145.64
9945.63, 4145.13
9945.67, 4143.59
9945.72, 4143.59
9976.34, 4143.08
9976.42, 4142.56
9976.46, 4142.56
9976.49, 4142.05
10008.5, 4141.03
10008.6, 4141.54
10008.7, 4144.1
10008.7, 4143.59
10039.6, 4142.56
10039.7, 4142.56
10039.8, 4141.54
10039.8, 4141.03
10070.4, 4141.54
10070.5, 4143.08
10070.6, 4143.08
10070.6, 4143.08
10102.8, 4142.56
10102.9, 4142.05
10103, 4140.51
10103.1, 4141.03
10133.9, 4142.05
10134, 4138.97
10134, 4138.97
10134, 4141.54
10164.5, 4141.03
10164.6, 4141.03
10164.7, 4143.59
10164.8, 4143.08
10195.6, 4140
10195.7, 4141.03
10195.8, 4143.08
10195.8, 4143.59
10227.4, 4142.56
10227.5, 4144.62
10227.6, 4144.62
10227.6, 4142.56
10258.7, 4142.05
10258.8, 4144.1
10258.8, 4142.56
10258.9, 4139.49
10289.5, 4141.54
10289.6, 4140
10289.6, 4139.49
10289.7, 4137.95
10321.9, 4133.85
10322, 4133.85
10322, 4133.85
10322.1, 4135.9
10352.5, 4139.49
10352.6, 4137.95
10352.7, 4136.41
10352.7, 4141.03
10383.7, 4141.54
10383.8, 4138.97
10383.8, 4143.59
10383.8, 4141.54
10414.9, 4139.49
10415, 4144.1
10415.1, 4144.62
10415.2, 4143.59
10446.6, 4143.59
10446.7, 4143.59
10446.7, 4142.05
10446.7, 4142.05
10477.9, 4143.59
10478, 4144.1
10478.1, 4145.13
10478.2, 4145.13
10508.6, 4144.62
10508.7, 4142.05
10508.8, 4141.54
10508.8, 4143.59
10539.9, 4143.08
10540.1, 4141.54
10540.2, 4143.08
10540.3, 4143.59
10571.4, 4142.56
10571.5, 4143.59
10571.6, 4143.08
10571.6, 4141.03
10602.4, 4143.08
10602.5, 4144.62
10602.5, 4143.59
10602.5, 4143.08
10633.5, 4143.08
10633.6, 4141.03
10633.6, 4142.05
10633.6, 4143.59
10665.4, 4141.54
10665.5, 4141.54
10665.5, 4143.08
10665.6, 4142.05
10696.4, 4140
10696.5, 4143.08
10696.6, 4146.15
10696.6, 4143.08
10727.5, 4139.49
10727.6, 4141.54
10727.6, 4143.59
10727.7, 4143.08
10758.7, 4142.56
10758.8, 4143.08
10758.9, 4141.54
10758.9, 4138.46
10790.6, 4141.03
10790.7, 4142.56
10790.8, 4140.51
10790.8, 4142.56
10821.5, 4143.59
10821.6, 4141.54
10821.6, 4141.03
10821.7, 4143.08
10852.5, 4141.54
10852.6, 4140.51
10852.6, 4141.54
10852.7, 4141.03
10884.5, 4141.54
10884.6, 4143.59
10884.6, 4142.56
10884.7, 4141.03
10915.6, 4141.03
10915.7, 4141.54
10915.7, 4141.54
10915.8, 4140
10946.7, 4139.49
10946.9, 4142.05
10946.9, 4141.54
10947, 4141.03
10977.5, 4143.59
10977.6, 4142.56
10977.6, 4141.03
10977.7, 4142.56
11009.4, 4142.56
11009.5, 4141.03
11009.5, 4141.54
11009.6, 4143.59
11040.5, 4144.62
11040.6, 4143.59
11040.6, 4144.1
11040.7, 4146.15
11071.5, 4144.1
11071.6, 4141.03
11071.6, 4142.05
11071.7, 4144.1
11102.6, 4143.08
11102.6, 4141.54
11102.7, 4140
11102.7, 4140.51
11134.7, 4142.05
11134.8, 4141.54
11134.9, 4141.54
11134.9, 4142.56
11166, 4142.56
11166.1, 4142.05
11166.2, 4142.05
11166.2, 4142.05
11196.7, 4142.56
11196.8, 4143.08
11196.9, 4143.08
11196.9, 4143.59
11228.6, 4144.62
11228.7, 4143.59
11228.7, 4142.56
11228.8, 4143.08
11259.6, 4143.59
11259.7, 4142.56
11259.8, 4140
11259.8, 4140.51
11290.5, 4141.03
11290.6, 4137.44
11290.6, 4136.92
11290.7, 4134.87
11321.7, 4134.36, estimuli
11321.9, 4139.49
11323.3, 4138.97
11323.3, 4135.9
11353.7, 4140
11353.8, 4144.62
11353.9, 4142.56
11353.9, 4138.97
11384.9, 4137.95
11385, 4140.51
11385, 4143.08
11385.1, 4140.51
11415.5, 4140.51
11415.6, 4141.54
11415.8, 4142.05
11415.8, 4143.08
11447.5, 4142.05
11447.7, 4142.56
11447.8, 4143.08
11447.8, 4145.13
11478.8, 4150.26
11478.9, 4151.79
11479, 4145.64
11479, 4136.41
11509.5, 4131.79
11509.6, 4130.77
11509.6, 4133.33
11509.6, 4139.49
11540.4, 4149.23
11540.5, 4156.41
11540.6, 4155.9
11540.6, 4144.62
11572.5, 4129.23
11572.6, 4126.67
11572.7, 4136.41
11572.7, 4144.1
11603.6, 4150.77
11603.7, 4157.44
11603.8, 4154.36
11603.8, 4141.54
11634.5, 4132.82
11634.6, 4129.74
11634.7, 4127.18
11634.8, 4135.9
11665.5, 4153.85
11665.6, 4158.46
11665.6, 4150.77
11665.6, 4143.08
11697.5, 4136.92
11697.7, 4132.31
11697.8, 4133.85
11697.8, 4140.51
11728.3, 4153.33
11728.4, 4159.49
11728.5, 4151.79
11728.5, 4141.03
11759.4, 4135.38
11759.5, 4129.74
11759.6, 4126.67
11759.6, 4139.49
11791.4, 4157.44
11791.5, 4159.49
11791.6, 4149.74
11791.6, 4142.56
11822.6, 4132.82
11822.7, 4126.15
11822.7, 4127.69
11822.8, 4136.92
11853.5, 4151.28
11853.6, 4156.41
11853.7, 4147.18
11853.7, 4138.46
11885.3, 4132.82
11885.5, 4129.74
11885.5, 4129.23
11885.6, 4140.51
11916.8, 4154.36
11916.9, 4155.38
11916.9, 4146.15
11917, 4139.49
11947.8, 4136.92
11947.9, 4133.85
11948, 4133.33
11948, 4139.49
11978.7, 4149.74
11978.8, 4156.92
11978.9, 4152.82
11978.9, 4139.49
12009.8, 4130.26
12010, 4130.26
12010, 4135.38
12010.1, 4141.03
12041.8, 4149.74
12041.9, 4157.95
12042, 4152.31
12042, 4139.49
12072.7, 4133.85
12072.8, 4134.87
12072.9, 4134.36
12072.9, 4140.51
12103.7, 4152.31
12103.9, 4156.41
12103.9, 4149.23
12104, 4139.49
12135.9, 4134.87
12136, 4132.82
12136.1, 4133.85
12136.2, 4141.54
12166.8, 4153.85
12167, 4156.92
12167, 4148.72
12167.1, 4138.97
12198.6, 4134.87
12198.8, 4134.87
12198.9, 4134.87
12199, 4142.56
12228.9, 4155.38
12229.1, 4157.95
12229.1, 4148.72
12229.2, 4139.49
12260.8, 4134.87
12261, 4133.33
12261, 4133.85
12261.1, 4135.9
12291.8, 4144.62
12291.9, 4152.82
12292, 4146.67
12292, 4137.95
12322.9, 4134.36
12323.1, 4130.77
12323.1, 4128.21
12323.2, 4136.92
12354.8, 4151.79
12354.9, 4154.87
12355, 4146.67
12355, 4140
12385.8, 4135.9
12385.9, 4130.26
12386, 4130.26
12386.1, 4138.97
12416.9, 4150.77
12417.1, 4153.85
12417.1, 4147.69
12417.2, 4138.97
12449.9, 4132.31
12450.2, 4130.26
12450.2, 4132.31
12450.3, 4140.51
12479.8, 4145.64
12479.9, 4142.05
12480, 4141.03
12480, 4143.08
12510.9, 4141.54
12513.3, 4141.03
12513.4, 4142.56
12513.5, 4145.64
12541.9, 4145.64
12542.1, 4142.05
12542.1, 4142.05
12542.2, 4144.62
12573.7, 4143.08
12573.8, 4140
12573.8, 4140
12573.8, 4140.51
12604.8, 4142.05
12604.9, 4143.59
12605, 4143.08
12605, 4141.03
12636, 4140.51
12636.2, 4141.03
12636.6, 4142.05
12636.7, 4143.08
12666.9, 4143.08
12667.1, 4141.54
12667.1, 4140
12667.2, 4142.05
12698.8, 4143.59
12699, 4142.56
12699, 4143.08
12699.1, 4143.08
12729.4, 4142.05
12729.5, 4142.05
12729.5, 4142.05
12729.5, 4141.03
12760.4, 4140
12760.5, 4140.51
12760.5, 4141.03
12760.5, 4141.54
12791.4, 4143.59
12791.5, 4143.59
12791.5, 4141.54
12791.5, 4139.49
12823.6, 4141.03
12823.7, 4142.56
12823.7, 4140.51
12823.7, 4139.49
12854.6, 4141.03
12854.7, 4141.54
12854.8, 4142.05
12854.8, 4143.08
12885.6, 4143.08
12885.7, 4140.51
12885.8, 4141.03
12885.8, 4141.54
12917.4, 4137.44
12917.5, 4136.92
12917.5, 4142.56
12917.5, 4143.59
12948.5, 4140.51
12948.6, 4138.97
12948.6, 4139.49
12948.7, 4140.51
12979.6, 4142.56
12979.7, 4142.05
12979.7, 4142.05
12979.7, 4141.03
13010.8, 4140.51
13010.9, 4142.56
13010.9, 4141.54
13011, 4140.51
13042.9, 4141.03
13043, 4143.08
13043, 4142.56
13043, 4140.51
13073.6, 4141.54
13073.7, 4143.08
13073.7, 4140
13073.8, 4139.49
13104.5, 4143.08
13104.6, 4143.59
13104.6, 4141.03
13104.7, 4141.03
13136.5, 4142.05
13136.6, 4142.56
13136.7, 4143.08
13136.7, 4142.05
13167.6, 4140.51
13167.7, 4141.54
13167.7, 4142.05
13167.8, 4142.05
13198.5, 4141.03
13198.6, 4141.54
13198.7, 4141.54
13198.7, 4138.97
13229.4, 4140.51
13229.5, 4142.56
13229.5, 4141.54
13229.5, 4140.51
13261.9, 4143.08
13262.3, 4143.08
13262.5, 4138.46
13262.6, 4137.44
13292.7, 4142.05
13292.9, 4143.59
13293, 4140
13293, 4140.51
13323.5, 4143.08
13323.6, 4142.05
13323.7, 4140.51
13323.7, 4142.05
13355.6, 4143.08
13355.7, 4143.08
13355.7, 4143.08
13355.8, 4142.56
13386.7, 4142.56
13386.8, 4138.46
13386.8, 4136.41
13386.9, 4138.97
13417.7, 4136.41
13417.8, 4134.87
13417.8, 4135.38
13417.9, 4136.41
13448.5, 4138.46
13448.6, 4138.46
13448.7, 4136.41
13448.7, 4140.51
13480.5, 4145.13
13480.6, 4142.05
13480.6, 4141.03
13480.7, 4142.05
13511.4, 4143.08
13511.4, 4143.08
13511.5, 4139.49
13511.5, 4142.05
13542.7, 4143.59
13542.8, 4141.54
13542.9, 4140.51
13543, 4143.08
13573.5, 4144.62
13573.6, 4142.05
13573.6, 4140
13573.7, 4142.56
13606, 4144.62
13606.1, 4142.05
13606.2, 4141.03
13606.2, 4141.54
13636.6, 4138.97
13636.7, 4138.97
13636.7, 4139.49
13636.8, 4138.97
13668, 4141.54
13668.2, 4140
13668.2, 4136.41
13668.3, 4140
13699.8, 4142.56
13699.9, 4138.97
13700, 4138.97
13700, 4142.05
13730.5, 4142.05
13730.5, 4140
13730.6, 4140
13730.6, 4142.56
13761.5, 4142.56
13761.6, 4141.54
13761.6, 4143.59
13761.6, 4142.56
13792.7, 4136.92
13792.8, 4136.92
13792.8, 4141.03
13792.9, 4141.03
13824.7, 4140.51
13824.8, 4142.05
13824.8, 4141.54
13824.9, 4141.03
13855.8, 4140
13855.9, 4137.95
13855.9, 4140
13856, 4141.03
13886.9, 4140
13887.1, 4141.54
13887.2, 4142.05
13887.2, 4140.51
13917.7, 4140.51
13917.8, 4142.05
13917.8, 4139.49
13917.8, 4136.92
13950.1, 4138.97
13950.2, 4141.03
13950.2, 4140
13950.3, 4141.54
13980.4, 4144.62
13980.5, 4143.08
13980.5, 4140
13980.5, 4140
14011.5, 4140.51
14011.6, 4140
14011.6, 4140
14011.7, 4139.49
14043.4, 4139.49
14043.5, 4138.97
14043.5, 4138.46
14043.6, 4138.97
14074.8, 4138.46
14074.9, 4137.44
14074.9, 4141.54
14075, 4143.59
14105.4, 4138.46
14105.5, 4138.97
14105.6, 4144.1
14105.6, 4143.08
14136.5, 4140.51
14136.5, 4140
14136.6, 4141.03
14136.6, 4143.08
14168.6, 4143.59
14168.6, 4141.54
14168.7, 4138.97
14168.7, 4141.54
14199.7, 4145.13
14199.9, 4143.59
14199.9, 4138.46
14199.9, 4139.49
14230.6, 4141.03
14230.7, 4136.92
14230.8, 4138.97
14230.9, 4140
14262.5, 4136.41
14262.6, 4134.36
14262.7, 4135.9
14262.7, 4138.97
14294, 4138.46
14294.1, 4137.95
14294.2, 4137.95
14294.3, 4137.95
14324.4, 4137.44
14324.5, 4137.95
14324.5, 4137.95
14324.6, 4135.9
14355.7, 4136.41
14355.8, 4136.92
14355.8, 4140.51
14355.9, 4142.56
14387.5, 4138.97
14387.6, 4140.51
14387.6, 4143.59
14387.6, 4142.05
14419.2, 4141.54
14419.3, 4141.03
14419.3, 4142.56
14419.3, 4141.54
14449.5, 4142.05
14449.6, 4143.59
14449.8, 4142.56
14449.8, 4143.08
14481.5, 4143.59
14481.6, 4143.59
14481.6, 4143.08
14481.6, 4142.05
14512.7, 4143.59
14512.9, 4145.13
14512.9, 4143.59
14513, 4142.05
14543.5, 4144.1
14543.6, 4143.59
14543.6, 4141.54
14543.6, 4142.56
14574.7, 4143.08
14574.8, 4141.03
14574.9, 4140.51
14574.9, 4141.54
14606.5, 4142.05
14606.6, 4141.03
14606.7, 4141.03
14606.7, 4142.56
14637.6, 4142.56
14637.7, 4141.03
14637.7, 4141.54
14637.8, 4142.05
14668.6, 4142.56
14668.7, 4144.62
14668.7, 4144.62
14668.8, 4141.54
14699.7, 4140
14699.8, 4143.08
14699.8, 4144.1
14699.8, 4140.51
14732, 4141.03
14732.2, 4143.08
14732.2, 4141.54
14732.3, 4141.54
14762.4, 4144.1
14762.5, 4142.05
14762.5, 4140
14762.5, 4142.56
14793.4, 4142.56
14793.5, 4140.51
14793.6, 4141.54
14793.6, 4143.59
14825.4, 4143.59
14825.5, 4141.03
14825.5, 4139.49
14825.6, 4142.05
14856.6, 4143.59
14856.7, 4141.54
14856.7, 4141.54
14856.8, 4143.08
14887.4, 4142.05
14887.5, 4141.03
14887.6, 4142.05
14887.6, 4142.56
14918.9, 4140.51
14919.1, 4140
14919.2, 4141.54
14919.3, 4141.54
14950.6, 4140.51
14950.7, 4140
14950.8, 4140.51
14950.8, 4142.05
14981.7, 4141.54
14981.8, 4141.54
14981.8, 4143.08
14981.9, 4142.56
15012.6, 4142.05
15012.6, 4140.51
15012.7, 4140
15012.7, 4142.05
15043.5, 4142.56
15043.6, 4142.05
15043.6, 4143.08
15043.7, 4143.08
15075.8, 4142.56
15075.9, 4143.59
15076, 4143.08
15076.1, 4141.03
15106.5, 4142.56
15106.6, 4141.54
15106.7, 4140.51
15106.7, 4142.05
15137.8, 4138.97
15138, 4137.95
15138.1, 4142.56
15138.1, 4143.59
15169.6, 4143.59
15169.6, 4146.15
15169.7, 4145.13
15169.8, 4140
15201, 4143.08
15201.1, 4143.08
15201.2, 4134.87
15201.2, 4135.38
15231.5, 4139.49
15231.6, 4136.92
15231.7, 4137.95
15231.8, 4138.46
15262.6, 4136.92
15262.7, 4136.92
15262.7, 4137.95
15262.8, 4137.95
15294.6, 4135.9
15294.7, 4135.9
15294.7, 4138.97
15294.8, 4139.49
15325.6, 4136.92
15325.7, 4143.08
15325.8, 4147.18
15325.8, 4142.56
15356.9, 4142.56
15357, 4141.54
15357.1, 4140.51
15357.2, 4142.56
15388.8, 4144.1
15388.8, 4144.1
15388.9, 4143.08
15388.9, 4145.13
15419.6, 4145.64
15419.7, 4143.08
15419.8, 4143.08
15419.9, 4145.13
15450.6, 4144.62
15450.7, 4143.08
15450.8, 4142.56
15450.8, 4142.05
15481.7, 4142.56
15481.8, 4145.64
15481.8, 4145.13
15481.9, 4142.05
15513.4, 4142.56
15513.5, 4144.1
15513.5, 4143.08
15513.6, 4143.59
15544.7, 4143.59
15544.8, 4141.54
15544.9, 4142.56
15544.9, 4144.1
15575.6, 4143.08
15575.8, 4144.1
15575.9, 4144.62
15576, 4143.08
15607.9, 4144.1
15608.1, 4144.62
15608.1, 4141.54
15608.2, 4142.56
15638.5, 4143.59
15638.6, 4142.56
15638.7, 4144.1
15638.8, 4143.59
15669.5, 4140.51
15669.6, 4140.51
15669.6, 4143.59
15669.7, 4140.51
15700.7, 4136.41
15700.8, 4141.03
15700.9, 4143.59
15700.9, 4142.05
15732.8, 4140
15732.9, 4140
15733, 4140.51
15733, 4139.49
15763.5, 4139.49
15763.6, 4141.54
15763.6, 4142.05
15763.8, 4142.56
15794.4, 4143.59
15794.5, 4143.59
15794.5, 4143.08
15794.6, 4142.56
15825.5, 4141.03
15825.6, 4142.05
15825.7, 4145.64
15825.7, 4144.1
15857.5, 4139.49
15857.6, 4140.51
15857.6, 4143.59
15857.6, 4142.56
15888.5, 4143.08
15888.5, 4144.62
15888.6, 4142.05
15888.6, 4141.54
15919.6, 4144.1
15919.7, 4143.08
15919.7, 4142.05
15919.8, 4142.56
15951.6, 4142.05
15951.7, 4141.54
15951.7, 4142.56
15951.7, 4144.1
15982.9, 4144.62
15983, 4144.1
15983, 4143.59
15983.1, 4143.59
16013.5, 4143.59
16013.6, 4143.08
16013.6, 4144.1
16013.6, 4143.08
16044.4, 4141.03
16044.5, 4142.05
16044.5, 4141.54
16044.5, 4142.05
16076.4, 4143.59
16076.5, 4143.59
16076.5, 4143.08
16076.6, 4142.56
16107.4, 4140.51
16107.4, 4140
16107.5, 4141.54
16107.5, 4141.54
16138.7, 4142.05
16138.9, 4142.56
16139, 4142.56
16139, 4143.08
16170.5, 4144.62
16170.6, 4143.08
16170.7, 4140.51
16170.7, 4142.05
16201.8, 4144.1
16201.9, 4142.05
16202, 4142.05
16202.1, 4144.1
16232.7, 4144.62
16232.9, 4143.08
16232.9, 4143.59
16233, 4142.56
16263.5, 4142.05
16263.6, 4139.49
16263.6, 4139.49
16263.8, 4142.05
16295.5, 4138.46
16295.6, 4137.95
16295.6, 4138.46
16295.7, 4136.92
16326.6, 4138.97
16326.6, 4138.97
16326.7, 4135.38
16326.8, 4138.97
16357.8, 4143.59
16357.9, 4140.51
16357.9, 4141.03
16358, 4143.59
16388.5, 4141.03
16388.6, 4140.51
16388.6, 4141.03
16388.8, 4143.59
16420.9, 4145.64
16421, 4144.62
16421.1, 4142.56
16421.2, 4141.54
16451.8, 4144.62
16451.9, 4144.1
16451.9, 4141.03
16452, 4143.08
16482.6, 4144.62
16482.7, 4143.59
16482.7, 4144.1
16482.8, 4144.62
16514.4, 4144.1
16514.5, 4143.59
16514.5, 4143.59
16514.6, 4143.08
16545.3, 4143.59
16545.4, 4143.08
16545.5, 4142.56
16545.5, 4144.1
16576.8, 4143.08
16576.9, 4140.51
16576.9, 4141.03
16577, 4143.08
16608.1, 4142.05
16608.3, 4140
16608.5, 4142.05
16608.8, 4143.08
16639.7, 4141.54
16639.8, 4142.56
16639.9, 4144.62
16639.9, 4143.08
16670.6, 4143.08
16670.7, 4143.59
16670.8, 4142.05
16670.8, 4141.03
16701.7, 4143.08
16701.8, 4144.1
16701.8, 4143.08
16701.9, 4143.08
16733.6, 4142.05
16733.7, 4140.51
16733.7, 4142.56
16733.8, 4144.1
16764.6, 4143.08
16764.7, 4141.54
16764.7, 4142.56
16764.8, 4142.05
16795.6, 4140.51
16795.7, 4142.05
16795.7, 4143.08
16795.8, 4140
16826.8, 4140
16826.9, 4144.1
16827, 4143.59
16827, 4141.54
16858.5, 4142.56
16858.6, 4143.59
16858.6, 4143.59
16858.6, 4142.05
16889.7, 4143.08
16889.8, 4144.1
16889.9, 4142.56
16889.9, 4141.03
16920.5, 4141.54
16920.6, 4143.59
16920.6, 4143.59
16920.6, 4141.54
16952.5, 4140.51
16952.6, 4142.56
16952.6, 4143.59
16952.6, 4143.08
16983.7, 4143.08
16983.8, 4141.03
16983.8, 4138.46
16983.9, 4140.51
17015, 4144.1
17015.2, 4142.05
17015.2, 4139.49
17015.3, 4141.03
17045.5, 4142.56
17045.6, 4142.05
17045.7, 4142.05
17045.7, 4142.56
17077.5, 4143.08
17077.6, 4142.05
17077.6, 4142.05
17077.6, 4143.08
17108.6, 4143.59
17108.6, 4141.03
17108.7, 4140.51
17108.7, 4141.54
17139.6, 4141.54
17139.7, 4141.03
17139.8, 4140
17139.9, 4140
17170.5, 4141.03
17170.7, 4143.08
17170.7, 4142.56
17170.8, 4139.49
17202.7, 4139.49, estimuli
17202.9, 4138.46
17204.1, 4136.41
17204.2, 4138.46
17233.7, 4138.97
17233.8, 4137.44
17233.9, 4138.97
17233.9, 4140
17264.5, 4139.49
17264.8, 4138.46
17265, 4137.44
17265, 4140
17296.5, 4143.59
17296.6, 4142.05
17296.6, 4139.49
17296.7, 4136.92
17327.4, 4138.46
17327.5, 4144.1
17327.5, 4143.59
17327.6, 4142.56
17358.7, 4150.26
17358.8, 4157.44
17358.9, 4150.77
17358.9, 4135.38
17389.8, 4129.23
17389.9, 4130.77
17389.9, 4129.23
17389.9, 4134.36
17421.9, 4151.28
17422.1, 4160
17422.1, 4152.82
17422.2, 4141.03
17452.7, 4133.85
17452.8, 4132.31
17452.9, 4133.85
17452.9, 4142.05
17483.7, 4154.87
17483.8, 4160.51
17483.8, 4152.31
17483.9, 4140.51
17515.5, 4134.36
17515.6, 4131.28
17515.7, 4130.77
17515.7, 4141.03
17546.5, 4157.44
17546.6, 4160.51
17546.7, 4149.23
17546.7, 4140
17577.5, 4134.87
17577.6, 4128.72
17577.6, 4128.21
17577.7, 4144.1
17608.6, 4160
17608.7, 4156.92
17608.7, 4147.18
17608.8, 4140.51
17640.8, 4130.77
17640.9, 4126.67
17641, 4129.23
17641, 4138.46
17671.5, 4154.87
17671.6, 4161.54
17671.6, 4154.36
17671.7, 4143.08
17702.6, 4133.85
17702.7, 4129.23
17702.8, 4130.77
17702.8, 4140
17734, 4150.26
17734.1, 4155.38
17734.1, 4155.38
17734.2, 4145.13
17765.5, 4131.79
17765.6, 4127.69
17765.7, 4135.38
17765.7, 4144.1
17796.8, 4150.77
17796.9, 4157.95
17796.9, 4156.41
17797, 4141.03
17831.4, 4128.21
17831.5, 4129.74
17831.5, 4135.38
17831.6, 4140
17859.7, 4150.77
17859.8, 4156.92
17859.8, 4150.26
17859.8, 4139.49
17890.6, 4133.33
17890.6, 4131.28
17890.7, 4132.82
17890.7, 4140.51
17921.6, 4152.82
17921.7, 4159.49
17921.8, 4152.31
17921.9, 4140.51
17952.4, 4134.36
17952.5, 4130.26
17952.5, 4128.72
17952.6, 4140.51
17984.4, 4155.38
17984.5, 4155.38
17984.5, 4146.67
17984.6, 4140
18015.4, 4134.87
18015.5, 4131.79
18015.5, 4131.79
18015.6, 4142.56
18046.9, 4157.44
18047, 4157.44
18047.1, 4145.13
18047.2, 4137.95
18077.7, 4135.38
18077.8, 4128.72
18077.8, 4130.77
18077.9, 4146.15
18109.7, 4160.51
18109.8, 4158.46
18109.9, 4147.18
18109.9, 4139.49
18140.6, 4133.33
18140.7, 4130.26
18140.7, 4130.77
18140.8, 4138.46
18171.6, 4153.33
18171.6, 4156.41
18171.7, 4146.67
18171.7, 4138.46
18203.7, 4132.31
18203.8, 4127.69
18203.8, 4130.77
18203.9, 4141.54
18234.6, 4151.79
18234.7, 4152.31
18234.7, 4147.18
18234.8, 4141.54
18265.7, 4135.38
18265.9, 4130.26
18265.9, 4133.85
18266, 4143.08
18296.5, 4151.28
18296.6, 4157.95
18296.6, 4153.85
18296.6, 4140.51
18328.6, 4131.79
18328.6, 4132.31
18328.7, 4134.87
18328.7, 4141.54
18359.6, 4147.69
18359.7, 4145.64
18359.8, 4146.67
18359.8, 4148.21
18390.8, 4142.56
18390.9, 4137.95
18390.9, 4141.03
18391, 4145.13
18422.5, 4142.56
18422.6, 4140
18422.7, 4140
18422.7, 4144.1
18454, 4144.1
18454.1, 4140
18454.2, 4141.03
18454.3, 4143.08
18484.8, 4143.08
18484.9, 4142.56
18484.9, 4142.05
18485, 4142.05
18515.4, 4142.05
18515.5, 4141.54
18515.5, 4141.54
18515.6, 4143.59
18547.5, 4143.08
18547.6, 4143.08
18547.7, 4142.56
18547.7, 4140
18578.5, 4140.51
18578.5, 4143.08
18578.6, 4143.08
18578.6, 4142.05
18609.5, 4140.51
18609.6, 4139.49
18609.6, 4141.54
18609.7, 4142.05
18641.6, 4140.51
18641.6, 4141.03
18641.8, 4140.51
18641.9, 4140
18673.2, 4142.56
18673.3, 4144.1
18673.4, 4142.56
18673.4, 4141.03
18703.7, 4141.03
18703.8, 4139.49
18703.9, 4138.97
18703.9, 4141.54
18734.7, 4141.54
18734.9, 4140
18734.9, 4142.05
18734.9, 4143.08
18766.6, 4142.05
18766.7, 4141.54
18766.8, 4140
18766.8, 4140.51
18797.5, 4142.56
18797.6, 4141.03
18797.6, 4140
18797.7, 4141.54
18828.5, 4143.08
18828.5, 4141.54
18828.6, 4140.51
18828.6, 4141.54
18859.4, 4141.54
18859.5, 4140.51
18859.5, 4141.03
18859.5, 4143.59
18891.6, 4142.56
18891.7, 4140.51
18891.8, 4142.05
18891.8, 4144.1
18922.7, 4142.05
18922.9, 4142.56
18922.9, 4142.05
18923, 4141.54
18953.4, 4142.56
18953.5, 4143.08
18953.5, 4140
18953.6, 4142.05
18985.6, 4145.13
18985.8, 4138.97
18985.8, 4138.46
18985.9, 4141.03
19016.7, 4137.95
19016.8, 4138.46
19016.9, 4143.08
19016.9, 4141.54
19047.8, 4139.49
19047.9, 4142.56
19047.9, 4142.56
19047.9, 4142.05
19078.8, 4143.59
19078.9, 4142.56
19079, 4142.56
19079, 4143.59
19110.4, 4142.05
19110.5, 4141.03
19110.5, 4143.08
19110.5, 4140
19141.4, 4137.95
19141.5, 4142.56
19141.5, 4142.56
19141.5, 4140
19172.5, 4141.54
19172.6, 4142.56
19172.6, 4141.03
19172.6, 4141.03
19204.7, 4142.56
19204.8, 4142.56
19204.8, 4143.08
19204.9, 4141.03
19235.4, 4138.46
19235.5, 4139.49
19235.5, 4142.56
19235.6, 4143.59
19266.8, 4143.08
19266.9, 4142.05
19267, 4141.03
19267, 4141.54
19297.9, 4142.56
19299, 4141.54
19299.1, 4141.03
19299.2, 4142.05
19329.6, 4141.03
19329.7, 4137.95
19329.7, 4140.51
19329.7, 4140
19360.7, 4136.92
19360.8, 4140.51
19360.8, 4142.56
19360.8, 4140.51
19391.5, 4140.51
19391.6, 4140.51
19391.6, 4143.08
19391.7, 4144.62
19422.7, 4140
19422.8, 4138.97
19422.8, 4142.56
19422.8, 4142.56
19454.5, 4141.03
19454.6, 4142.05
19454.6, 4142.05
19454.7, 4140.51
19485.5, 4140.51
19485.6, 4143.08
19485.6, 4142.56
19485.7, 4141.03
19516.8, 4142.56
19516.9, 4142.56
19516.9, 4140.51
19517, 4142.56
19548.4, 4143.59
19548.5, 4142.05
19548.6, 4141.54
19548.7, 4141.03
19579.4, 4142.05
19579.5, 4143.08
19579.5, 4141.54
19579.5, 4140
19610.4, 4141.03
19610.5, 4142.56
19610.5, 4144.1
19610.6, 4144.1
19641.5, 4142.05
19641.6, 4141.03
19641.6, 4142.05
19641.7, 4143.59
19673.8, 4141.03
19673.9, 4138.97
19674, 4140.51
19674.1, 4141.03
19704.8, 4140.51
19704.9, 4141.54
19705, 4142.05
19705.1, 4143.08
19735.8, 4143.59
19735.9, 4142.05
19736, 4141.03
19736, 4142.56
19767.8, 4143.59
19767.9, 4143.59
19767.9, 4143.59
19767.9, 4140
19798.3, 4138.97
19798.4, 4140
19798.5, 4137.44
19798.5, 4136.92
19829.5, 4135.9
19829.6, 4135.9
19829.7, 4139.49
19829.7, 4138.46
19860.5, 4136.92
19860.5, 4137.95
19860.6, 4137.95
19860.6, 4136.92
19892.5, 4139.49
19892.6, 4139.49
19892.6, 4138.97
19892.6, 4140.51
19923.6, 4138.46
19923.7, 4141.03
19923.8, 4143.08
19923.8, 4141.54
19954.5, 4141.03
19954.6, 4141.54
19954.6, 4144.1
19954.6, 4143.08
19985.6, 4141.54
19985.7, 4142.56
19985.8, 4143.59
19985.8, 4144.1
20017.6, 4141.54
20017.7, 4140
20017.7, 4142.05
20017.8, 4142.05
20048.4, 4139.49
20048.5, 4141.03
20048.6, 4142.56
20048.6, 4140
20079.5, 4141.54
20079.5, 4143.08
20079.6, 4138.97
20079.6, 4138.46
20112, 4141.54
20112.1, 4143.08
20112.1, 4142.56
20112.2, 4142.56
20142.5, 4142.05
20142.6, 4142.56
20142.6, 4142.05
20142.7, 4143.08
20173.5, 4142.56
20173.6, 4140.51
20173.7, 4141.03
20173.7, 4140.51
20204.5, 4142.05
20204.6, 4143.59
20204.7, 4141.54
20204.7, 4140.51
20236.6, 4142.56
20236.7, 4141.54
20236.7, 4139.49
20236.7, 4141.03
20267.7, 4141.54
20267.8, 4140.51
20267.9, 4141.54
20267.9, 4144.1
20298.6, 4143.08
20298.7, 4142.05
20298.8, 4144.1
20298.8, 4144.1
20330.7, 4140
20330.9, 4140
20330.9, 4143.08
20330.9, 4144.1
20361.6, 4142.05
20361.7, 4141.03
20361.7, 4141.03
20361.8, 4143.08
20392.6, 4143.08
20392.8, 4140
20392.8, 4141.03
20392.9, 4144.1
20423.6, 4143.59
20423.7, 4141.54
20423.7, 4141.03
20423.7, 4142.56
20455.5, 4141.03
20455.6, 4141.54
20455.7, 4143.59
20455.7, 4142.05
20486.6, 4141.03
20486.7, 4143.59
20486.8, 4144.1
20486.8, 4137.95
20517.9, 4136.41
20518.1, 4138.46
20518.1, 4135.38
20518.2, 4136.41
20548.9, 4138.46
20549, 4136.41
20549.1, 4137.95
20549.2, 4140.51
20580.5, 4140
20580.6, 4138.97
20580.6, 4138.46
20580.6, 4138.46
20611.4, 4138.97
20611.5, 4138.46
20611.6, 4142.05
20611.6, 4144.62
20642.5, 4141.03
20642.6, 4141.54
20642.6, 4144.62
20642.7, 4141.54
20674.5, 4136.92
20674.6, 4137.44
20674.6, 4143.59
20674.7, 4145.64
20705.7, 4142.05
20705.8, 4141.54
20705.9, 4143.08
20705.9, 4143.59
20736.8, 4142.05
20736.9, 4141.54
20737, 4142.05
20737, 4142.05
20768, 4142.05
20768.1, 4141.54
20768.2, 4142.56
20768.3, 4142.56
20799.8, 4142.56
20799.9, 4140.51
20799.9, 4139.49
20800, 4141.03
20830.5, 4141.54
20830.6, 4140
20830.6, 4140
20830.6, 4142.56
20861.5, 4143.08
20861.6, 4141.54
20861.6, 4141.03
20861.6, 4142.56
20893.5, 4143.08
20893.6, 4141.54
20893.7, 4141.03
20893.7, 4142.56
20924.5, 4141.54
20924.6, 4140
20924.6, 4141.03
20924.6, 4142.05
20955.7, 4141.03
20955.8, 4141.54
20955.8, 4142.56
20955.9, 4141.54
20986.7, 4141.54
20986.8, 4140.51
20986.8, 4140
20986.9, 4143.08
21018.6, 4144.1
21018.7, 4141.54
21018.8, 4139.49
21018.8, 4140.51
21049.6, 4142.05
21049.7, 4142.05
21049.8, 4142.56
21049.8, 4143.08
21080.5, 4142.05
21080.6, 4140
21080.7, 4141.54
21080.7, 4142.56
21111.5, 4138.46
21111.6, 4137.44
21111.6, 4140
21111.7, 4140.51
21143.5, 4141.54
21143.6, 4144.62
21143.7, 4143.59
21143.7, 4142.05
21174.7, 4142.56
21174.8, 4141.54
21174.8, 4140
21174.9, 4140
21205.5, 4141.54
21205.5, 4142.05
21205.6, 4142.56
21205.6, 4143.59
21237.5, 4144.1
21237.6, 4144.62
21237.7, 4145.64
21237.7, 4144.1
21268.8, 4139.49
21268.9, 4137.95
21268.9, 4140.51
21269, 4140.51
21299.8, 4141.03
21299.9, 4138.97
21299.9, 4135.38
21300, 4137.95
21330.8, 4140
21330.8, 4140
21330.9, 4140
21330.9, 4138.97
21362.5, 4138.46
21362.6, 4143.59
21362.6, 4146.15
21362.6, 4141.03
21393.7, 4137.95
21393.8, 4137.95
21393.8, 4141.03
21393.9, 4141.54
21424.5, 4142.56
21424.5, 4145.13
21424.6, 4145.13
21424.6, 4143.59
21456.6, 4142.05
21456.7, 4143.08
21456.8, 4144.1
21456.9, 4141.03
21487.6, 4141.54
21487.8, 4144.62
21487.8, 4144.62
21487.9, 4142.05
21518.7, 4141.54
21518.8, 4145.64
21518.9, 4145.64
21518.9, 4141.54
21549.5, 4141.54
21549.5, 4144.1
21549.6, 4143.59
21549.6, 4143.08
21581.8, 4143.59
21581.9, 4142.56
21581.9, 4143.08
21582, 4142.56
21612.5, 4140.51
21612.6, 4141.54
21612.6, 4143.59
21612.7, 4142.05
21643.5, 4142.05
21643.6, 4143.59
21643.6, 4142.05
21643.6, 4141.54
21674.6, 4143.08
21674.6, 4143.59
21674.7, 4143.08
21674.7, 4144.62
21706.4, 4143.59
21706.5, 4138.97
21706.6, 4139.49
21706.6, 4142.05
21737.4, 4141.54
21737.5, 4143.08
21737.5, 4143.08
21737.5, 4141.03
21768.5, 4142.56
21768.6, 4142.05
21768.7, 4140.51
21768.7, 4144.1
21800.9, 4145.64
21801, 4143.08
21801.1, 4142.56
21801.1, 4143.59
21831.6, 4142.05
21831.7, 4141.54
21831.7, 4141.54
21831.8, 4140.51
21862.7, 4141.03
21862.8, 4142.05
21862.9, 4143.08
21862.9, 4142.05
21893.5, 4140
21893.6, 4140.51
21893.6, 4140
21893.6, 4139.49
21925.5, 4140
21925.6, 4140
21925.6, 4140.51
21925.7, 4141.54
21956.6, 4141.54
21956.7, 4142.05
21956.7, 4142.56
21956.8, 4141.54
21988.1, 4143.08
21988.2, 4144.62
21988.3, 4143.08
21988.4, 4141.54
22019.9, 4142.05
22020.1, 4141.54
22020.1, 4140
22020.2, 4141.03
22051.2, 4143.59
22051.3, 4142.56
22051.3, 4142.05
22051.3, 4142.05
22081.9, 4142.05
22082, 4143.08
22082.1, 4142.56
22082.1, 4141.03
22112.8, 4141.03
22113, 4142.56
22113.1, 4143.08
22113.1, 4141.54
22145, 4141.03
22145.3, 4141.54
22145.4, 4141.54
22145.5, 4141.54
22176, 4142.56
22176.2, 4142.56
22176.2, 4142.56
22176.3, 4144.1
22207, 4144.62
22207.2, 4142.56
22210.3, 4142.56
22210.4, 4142.56
22239, 4141.03
22239.2, 4141.54
22239.3, 4141.54
22239.3, 4141.54
22269.8, 4142.56
22269.9, 4141.54
22270, 4140.51
22270, 4142.05
22301, 4143.08
22301.1, 4141.54
22301.2, 4142.56
22301.2, 4145.64
22331.9, 4144.62
22332, 4141.03
22332.1, 4141.03
22332.1, 4142.56
22364.1, 4142.05
22364.2, 4142.05
22364.3, 4142.56
22364.4, 4141.03
22394.8, 4141.54
22394.9, 4142.56
22394.9, 4141.54
22395, 4141.54
22426.3, 4142.56
22426.6, 4142.05
22426.6, 4141.54
22427.5, 4142.56
22456.7, 4142.05
22456.9, 4144.1
22456.9, 4145.13
22457, 4142.56
22488.9, 4141.03
22489.1, 4142.56
22489.2, 4142.56
22489.2, 4140
22519.9, 4141.03
22520.1, 4140
22520.1, 4137.95
22520.2, 4138.97
22551.1, 4139.49
22551.2, 4138.46
22551.3, 4136.92
22551.3, 4138.46
22583, 4140.51
22583.1, 4138.46
22583.2, 4137.95
22583.2, 4139.49
22614.1, 4137.44
22614.2, 4137.44
22614.3, 4143.59
22614.3, 4143.59
22645.2, 4141.03
22645.4, 4144.62
22645.5, 4143.08
22645.6, 4140
22675.9, 4142.05
22676, 4143.08
22676.1, 4141.54
22676.1, 4141.54
22707.9, 4141.54
22708, 4140
22708.1, 4142.05
22708.1, 4145.13
22738.8, 4142.56
22738.9, 4142.56
22739, 4145.64
22739, 4145.13
22770.2, 4143.08
22770.4, 4142.05
22770.5, 4141.54
22770.6, 4143.08
22800.9, 4144.1
22801, 4142.56
22801.1, 4142.05
22801.1, 4144.1
22832.9, 4143.59
22833, 4141.54
22833.1, 4141.54
22833.1, 4142.56
22863.9, 4142.56
22864.7, 4141.54
22865.3, 4142.05
22865.4, 4142.05
22894.8, 4140.51
22894.9, 4142.05
22895, 4144.1
22895.1, 4143.08
22926.7, 4141.54
22926.8, 4142.05
22926.9, 4143.08
22926.9, 4141.54
22957.6, 4141.54
22957.8, 4144.1
22957.8, 4143.08
22957.9, 4141.54
22988.7, 4143.08
22988.8, 4143.59
22988.9, 4142.56
22988.9, 4143.08
23019.6, 4142.56
23019.7, 4141.54
23019.7, 4143.59
23019.8, 4144.62
23051.6, 4141.54
23051.8, 4140.51
23051.8, 4144.62
23051.9, 4144.62
23082.5, 4141.54
23082.6, 4141.54
23082.7, 4143.59
23082.7, 4141.54
23113.5, 4139.49
23113.6, 4143.08
23113.7, 4144.62
23113.7, 4142.05
23146.2, 4141.54
23146.3, 4143.59
23146.3, 4142.05
23146.4, 4141.54
23176.5, 4143.59
23176.6, 4143.08
23176.6, 4141.03
23176.6, 4142.05
23207.6, 4141.54
23207.8, 4140.51
23207.9, 4141.03
23207.9, 4143.59
23238.6, 4143.59
23238.7, 4142.05
23238.7, 4142.56
23238.7, 4142.56
23270.9, 4142.56
23271, 4142.56
23271.1, 4143.08
23271.2, 4141.54
23301.8, 4142.56
23301.9, 4143.08
23301.9, 4142.56
23301.9, 4142.05
23332.8, 4140.51
23332.9, 4141.54
23333, 4141.54
23333, 4139.49
23363.4, 4138.97
23363.5, 4138.46
23363.6, 4140
23363.6, 4140
23395.4, 4139.49
23395.5, 4140.51
23395.5, 4138.97
23395.6, 4137.95
23426.4, 4135.9
23426.5, 4135.9
23426.5, 4137.95
23426.6, 4137.95
23457.4, 4137.95
23457.5, 4140.51
23457.6, 4141.03
23457.6, 4139.49
23489.7, 4143.59
23489.8, 4143.59
23489.9, 4140.51
23489.9, 4142.56
23520.5, 4143.59
23520.6, 4144.62
23520.6, 4144.62
23520.7, 4144.1
23551.5, 4143.08
23551.6, 4142.05
23551.6, 4144.62
23551.7, 4143.59
23582.4, 4141.54
23582.5, 4143.08
23582.5, 4144.1
23582.6, 4142.05
23614.4, 4141.54
23614.5, 4143.59
23614.6, 4142.05
23614.6, 4140.51
23645.5, 4142.05
23645.6, 4143.08
23645.6, 4143.59
23645.7, 4143.59
23676.8, 4142.05
23676.9, 4142.56
23677, 4143.59
23677.1, 4142.05
23708.7, 4141.54
23708.8, 4142.56
23708.9, 4142.56
23708.9, 4142.05
23739.5, 4143.08
23739.6, 4144.1
23739.6, 4143.08
23739.7, 4142.56
23770.5, 4142.56
23770.6, 4143.08
23770.7, 4143.59
23770.7, 4142.56
23801.6, 4142.56
23801.7, 4143.08
23801.7, 4143.08
23801.7, 4143.08
23833.8, 4144.1
23833.9, 4143.08
23834, 4142.05
23834, 4142.56
23864.5, 4142.56
23864.5, 4142.56
23864.6, 4142.05
23864.6, 4142.05
23895.6, 4143.08
23895.7, 4142.56
23895.8, 4142.05
23895.8, 4142.05
23927.3, 4141.54
23927.4, 4141.54
23927.4, 4143.59
23927.4, 4142.05
23958.5, 4140.51
23958.6, 4143.08
23958.6, 4143.59
23958.7, 4143.59
23989.5, 4144.62
23989.6, 4144.1
23989.6, 4143.08
23989.7, 4143.08
24020.6, 4143.08
24020.7, 4140
24020.8, 4139.49
24020.8, 4142.05
24052.6, 4141.54
24052.7, 4141.03
24052.7, 4142.56
24052.8, 4143.08
24083.8, 4141.54
24084, 4141.03
24084.1, 4142.56
24084.1, 4141.03
24114.4, 4137.44
24114.5, 4138.97
24114.5, 4142.05
24114.5, 4143.08
24145.4, 4144.62
24145.5, 4145.64
24145.6, 4144.1
24145.6, 4143.59
24177.4, 4142.05
24177.5, 4137.95
24177.5, 4137.44
24177.5, 4139.49
24208.5, 4134.36, estimuli
24210, 4133.85
24210.1, 4138.97
24210.2, 4138.46
24239.5, 4138.46
24239.6, 4138.97
24239.6, 4137.44
24239.6, 4139.49
24271.6, 4142.56
24271.7, 4138.97
24271.7, 4140
24271.8, 4143.08
24302.8, 4142.05
24303, 4143.59
24303, 4142.56
24303.1, 4142.05
24333.8, 4145.13
24333.9, 4143.59
24333.9, 4141.54
24333.9, 4149.74
24364.8, 4155.38
24365, 4152.82
24365.2, 4153.33
24365.2, 4149.74
24396.4, 4135.38
24396.5, 4126.15
24396.6, 4129.23
24396.6, 4135.9
24427.8, 4144.62
24428, 4156.41
24428, 4157.44
24428.1, 4143.59
24458.4, 4132.82
24458.5, 4131.28
24458.5, 4132.31
24458.5, 4137.44
24489.9, 4147.18
24490.1, 4156.92
24490.1, 4158.46
24490.1, 4147.69
24521.6, 4134.87
24521.7, 4131.28
24521.8, 4129.74
24521.8, 4131.79
24552.4, 4146.15
24552.5, 4157.95
24552.5, 4155.38
24552.6, 4146.67
24583.5, 4136.41
24583.6, 4129.74
24583.7, 4133.33
24583.7, 4140
24615.5, 4148.72
24615.6, 4158.46
24615.7, 4157.95
24615.8, 4144.62
24646.5, 4134.36
24646.6, 4130.26
24646.7, 4126.67
24646.7, 4133.33
24677.4, 4152.31
24677.5, 4161.03
24677.6, 4154.36
24677.6, 4145.64
24708.6, 4135.9
24708.7, 4131.28
24708.8, 4134.36
24708.8, 4134.36
24740.5, 4141.54
24740.6, 4154.87
24740.6, 4155.38
24740.7, 4144.62
24771.5, 4132.82
24771.6, 4125.64
24771.6, 4127.18
24771.7, 4134.87
24802.6, 4144.62
24802.7, 4153.85
24802.7, 4153.85
24802.7, 4145.13
24834.5, 4132.82
24834.6, 4126.67
24834.7, 4128.72
24834.7, 4134.87
24865.6, 4147.18
24865.7, 4157.95
24865.7, 4158.46
24865.8, 4149.74
24896.8, 4135.9
24896.9, 4127.69
24896.9, 4131.79
24896.9, 4140.51
24927.8, 4145.64
24927.9, 4153.33
24928, 4158.97
24928, 4150.26
24959.7, 4132.82
24959.8, 4125.64
24959.9, 4131.28
24959.9, 4136.92
24990.6, 4143.59
24990.7, 4154.87
24990.7, 4156.92
24990.8, 4145.64
25021.6, 4134.36
25021.7, 4132.31
25021.8, 4133.33
25021.8, 4134.87
25053.9, 4144.62
25053.9, 4158.46
25054, 4156.92
25054, 4143.08
25084.8, 4135.9
25084.9, 4131.79
25084.9, 4125.13
25084.9, 4131.79
25115.5, 4150.26
25115.5, 4160
25115.6, 4154.36
25115.6, 4143.08
25146.6, 4135.9
25146.7, 4130.77
25146.8, 4126.15
25146.8, 4133.33
25178.6, 4151.79
25178.7, 4157.44
25178.8, 4152.82
25178.8, 4145.64
25209.5, 4134.87
25209.5, 4133.33
25209.6, 4139.49
25209.6, 4136.41
25240.5, 4142.05
25240.6, 4156.92
25240.6, 4153.85
25240.7, 4141.54
25271.7, 4135.38
25271.8, 4129.74
25271.8, 4129.23
25271.8, 4134.87
25303.6, 4145.13
25303.7, 4154.36
25303.7, 4151.28
25303.8, 4141.54
25334.6, 4134.36
25334.8, 4128.72
25334.9, 4128.72
25335, 4135.9
25365.8, 4144.62
25365.9, 4145.13
25366, 4142.05
25366, 4144.1
25397.4, 4145.64
25397.5, 4141.54
25397.5, 4140
25397.5, 4143.08
25428.5, 4141.54
25428.6, 4140
25428.7, 4143.08
25428.7, 4142.05
25459.5, 4141.03
25459.6, 4142.05
25459.7, 4141.03
25459.8, 4141.03
25490.6, 4141.54
25490.6, 4140.51
25490.7, 4140
25490.7, 4140.51
25522.5, 4141.54
25522.6, 4141.54
25522.7, 4141.54
25522.7, 4138.46
25553.8, 4137.44
25553.9, 4140.51
25553.9, 4140.51
25554, 4138.46
25584.7, 4140.51
25584.8, 4144.62
25584.9, 4143.59
25584.9, 4138.46
25616.8, 4137.95
25616.8, 4141.03
25616.9, 4142.05
25616.9, 4138.97
25647.5, 4139.49
25647.6, 4141.03
25647.6, 4141.54
25647.6, 4141.54
25678.5, 4141.03
25678.6, 4141.54
25678.6, 4140.51
25678.6, 4141.03
25709.6, 4142.05
25709.6, 4141.03
25709.7, 4141.03
25709.7, 4142.56
25741.6, 4142.05
25741.7, 4139.49
25741.8, 4140.51
25741.8, 4142.05
25772.7, 4140.51
25772.8, 4139.49
25772.8, 4142.56
25772.9, 4141.54
25803.6, 4140.51
25803.7, 4143.59
25803.7, 4144.1
25803.7, 4140
25834.6, 4138.97
25834.7, 4144.1
25834.7, 4143.59
25834.8, 4138.46
25866.8, 4138.46
25866.8, 4141.03
25866.9, 4141.54
25866.9, 4141.03
25897.5, 4142.05
25897.6, 4142.05
25897.6, 4143.08
25897.7, 4143.08
25928.7, 4138.46
25928.8, 4137.44
25928.8, 4142.05
25928.9, 4144.1
25960.5, 4141.03
25960.6, 4140
25960.6, 4141.54
25960.7, 4141.03
25991.9, 4141.54
25991.9, 4142.05
25993.1, 4139.49
25993.2, 4136.92
26022.4, 4141.03
26022.5, 4145.13
26022.6, 4142.05
26022.6, 4138.97
26053.5, 4141.03
26053.6, 4142.56
26053.6, 4141.03
26053.6, 4141.54
26085.6, 4143.08
26085.7, 4141.54
26085.8, 4140.51
26085.8, 4141.54
26116.7, 4141.54
26116.8, 4138.97
26116.8, 4140.51
26116.9, 4143.59
26147.5, 4138.46
26147.6, 4137.95
26147.6, 4142.05
26147.7, 4139.49
26179.8, 4137.44
26179.9, 4141.54
26180.1, 4144.1
26180.2, 4140.51
26210.8, 4137.95
26210.8, 4138.97
26210.9, 4141.03
26210.9, 4139.49
26241.6, 4139.49
26241.7, 4143.08
26241.7, 4142.05
26241.8, 4141.03
26272.7, 4142.05
26272.8, 4141.54
26272.8, 4142.05
26272.8, 4142.56
26304.5, 4142.05
26304.6, 4140.51
26304.6, 4141.03
26304.6, 4141.54
26335.5, 4140
26335.6, 4139.49
26335.6, 4141.03
26335.7, 4141.03
26366.6, 4141.54
26366.7, 4143.08
26366.7, 4142.05
26366.8, 4141.03
26397.8, 4142.05
26397.9, 4142.05
26398, 4141.54
26398.1, 4140.51
26429.6, 4137.44
26429.7, 4137.95
26429.8, 4141.54
26429.8, 4140
26460.5, 4138.97
26460.6, 4142.56
26460.6, 4144.62
26460.6, 4140.51
26491.6, 4136.92
26491.6, 4139.49
26491.7, 4143.59
26491.7, 4144.1
26523.5, 4140
26523.6, 4137.95
26523.6, 4140.51
26523.6, 4137.95
26554.4, 4135.38
26554.5, 4135.38
26554.6, 4134.36
26554.6, 4135.9
26585.5, 4136.41
26585.6, 4135.9
26585.6, 4137.44
26585.7, 4138.46
26616.8, 4136.41
26616.9, 4138.97
26617, 4141.54
26617, 4140
26648.5, 4140.51
26648.6, 4140
26648.8, 4141.54
26648.8, 4143.08
26679.4, 4141.03
26679.5, 4142.56
26679.6, 4142.05
26679.6, 4142.05
26710.5, 4143.59
26710.6, 4143.59
26710.6, 4143.08
26710.7, 4142.05
26742.6, 4142.05
26742.6, 4143.59
26742.7, 4143.08
26742.7, 4142.05
26773.6, 4143.59
26773.7, 4142.56
26773.7, 4141.54
26773.8, 4143.08
26804.5, 4142.56
26804.5, 4142.56
26804.6, 4144.62
26804.6, 4144.62
26835.9, 4142.56
26836, 4142.05
26836, 4142.05
26836, 4142.05
26867.6, 4142.05
26867.7, 4141.54
26867.7, 4142.05
26867.8, 4142.05
26898.5, 4142.56
26898.6, 4142.56
26898.6, 4141.03
26898.7, 4142.56
26929.7, 4144.1
26929.9, 4141.54
26929.9, 4140
26930, 4142.05
26960.4, 4143.59
26960.5, 4138.97
26960.5, 4138.97
26960.5, 4142.05
26992.5, 4140.51
26992.6, 4138.97
26992.6, 4142.56
26992.7, 4143.59
27023.5, 4141.54
27023.6, 4142.56
27023.7, 4144.62
27023.7, 4142.05
27054.6, 4138.97
27054.7, 4141.54
27054.7, 4143.59
27054.8, 4142.56
27086.5, 4141.03
27086.6, 4141.03
27086.6, 4143.08
27086.7, 4143.08
27117.6, 4141.03
27117.7, 4142.05
27117.7, 4143.59
27117.8, 4144.62
27148.6, 4143.08
27148.8, 4142.05
27148.8, 4142.56
27148.9, 4144.1
27179.4, 4142.05
27179.5, 4137.44
27179.6, 4138.97
27179.6, 4140
27211.5, 4135.9
27211.6, 4135.9
27211.6, 4138.97
27211.7, 4140
27242.9, 4140
27243, 4142.05
27243.1, 4141.54
27243.1, 4137.95
27273.6, 4135.9
27273.7, 4140
27273.7, 4142.56
27273.8, 4140
27305.7, 4140.51
27305.8, 4142.56
27305.9, 4143.08
27305.9, 4143.08
27336.6, 4141.03
27336.7, 4142.56
27336.7, 4145.13
27336.8, 4143.08
27367.6, 4141.54
27367.7, 4143.08
27367.7, 4143.59
27367.8, 4142.05
27398.5, 4141.54
27398.6, 4141.54
27398.6, 4141.03
27398.7, 4142.56
27430.4, 4142.56
27430.5, 4142.05
27430.6, 4143.59
27430.6, 4143.08
27462, 4143.08
27462.1, 4144.1
27462.2, 4143.08
27462.3, 4141.03
27492.4, 4141.54
27492.5, 4142.05
27492.6, 4142.05
27492.6, 4141.54
27523.5, 4140.51
27523.6, 4142.05
27523.7, 4143.59
27523.7, 4141.03
27555.6, 4140.51
27555.7, 4142.05
27555.8, 4139.49
27555.8, 4138.97
27586.5, 4141.54
27586.6, 4141.54
27586.7, 4141.03
27586.7, 4141.54
27617.6, 4141.54
27617.7, 4139.49
27617.8, 4138.97
27617.8, 4142.05
27649.6, 4143.59
27649.8, 4143.08
27649.8, 4143.59
27649.8, 4143.59
27680.7, 4142.56
27680.8, 4143.08
27680.9, 4142.56
27680.9, 4140.51
27711.5, 4141.03
27711.6, 4142.05
27711.6, 4140.51
27711.7, 4141.03
27742.5, 4143.59
27742.6, 4142.56
27742.6, 4141.03
27742.6, 4139.49
27774.4, 4139.49
27774.5, 4142.56
27774.5, 4143.59
27774.5, 4141.03
27805.7, 4140
27805.8, 4143.59
27805.8, 4143.08
27805.8, 4138.46
27836.5, 4138.97
27836.6, 4142.56
27836.6, 4142.56
27836.7, 4142.05
27868.8, 4143.08
27868.9, 4142.56
27869, 4141.54
27869.1, 4141.03
27899.9, 4142.56
27900, 4143.08
27900.1, 4141.54
27900.1, 4141.03
27930.7, 4142.05
27930.8, 4143.08
27930.9, 4143.08
27930.9, 4142.05
27961.5, 4141.03
27961.6, 4141.54
27961.6, 4142.56
27961.7, 4143.59
27993.6, 4143.08
27993.7, 4142.56
27993.7, 4142.56
27993.8, 4142.56
28024.6, 4142.05
28024.7, 4141.54
28024.8, 4142.05
28024.8, 4141.03
28055.4, 4139.49
28055.5, 4141.54
28055.5, 4142.56
28055.6, 4142.05
28088, 4142.05
28088.2, 4141.54
28088.2, 4140.51
28088.3, 4142.05
28118.5, 4143.59
28118.6, 4140.51
28118.7, 4138.97
28118.7, 4142.05
28149.8, 4142.56
28149.9, 4140
28149.9, 4142.05
28150, 4144.62
28180.8, 4145.13
28180.9, 4145.13
28181, 4144.62
28181, 4141.54
28212.5, 4141.54
28212.6, 4142.56
28212.6, 4138.46
28212.6, 4136.41
28243.6, 4137.95, estimuli
28245.1, 4139.49
28245.3, 4141.54
28246.2, 4139.49
28275, 4139.49
28275.1, 4143.59
28275.1, 4144.62
28275.2, 4141.03
28305.5, 4138.97
28305.6, 4138.46
28305.7, 4140.51
28305.7, 4143.59
28337.6, 4142.05
28337.7, 4142.05
28337.7, 4143.59
28337.8, 4140.51
28368.5, 4142.05
28368.6, 4144.62
28368.7, 4142.56
28368.7, 4146.67
28399.7, 4156.92
28399.8, 4153.33
28399.8, 4143.08
28399.9, 4136.41
28431.4, 4127.69
28431.5, 4126.67
28431.5, 4129.74
28431.5, 4137.44
28462.6, 4154.87
28462.7, 4164.62
28462.7, 4152.82
28462.8, 4135.9
28493.9, 4129.74
28494, 4129.23
28494.1, 4129.74
28494.1, 4140.51
28524.8, 4155.9
28524.9, 4160
28524.9, 4151.79
28525, 4139.49
28556.5, 4130.26
28556.6, 4128.21
28556.6, 4133.33
28556.6, 4145.13
28587.7, 4157.44
28587.8, 4162.05
28587.8, 4155.9
28587.8, 4142.56
28618.5, 4128.72
28618.6, 4126.67
28618.6, 4135.38
28618.7, 4144.1
28650.6, 4152.31
28650.7, 4158.46
28650.8, 4153.85
28650.8, 4136.92
28681.5, 4126.15
28681.6, 4127.69
28681.6, 4132.31
28681.6, 4140
28713, 4153.85
28713.1, 4160
28713.1, 4151.28
28713.2, 4138.97
28743.4, 4134.36
28743.5, 4130.77
28743.5, 4128.21
28743.6, 4138.97
28775.5, 4156.41
28775.6, 4157.95
28775.6, 4148.21
28775.6, 4140.51
28806.6, 4135.9
28806.7, 4129.23
28806.7, 4127.18
28806.7, 4141.54
28837.6, 4158.97
28837.7, 4156.41
28837.7, 4144.1
28837.8, 4138.97
28869.5, 4133.33
28869.6, 4126.67
28869.7, 4131.28
28869.7, 4146.15
28900.7, 4157.95
28900.8, 4154.36
28900.9, 4145.13
28900.9, 4137.44
28931.5, 4131.28
28931.5, 4130.26
28931.6, 4130.77
28931.6, 4137.44
28962.4, 4151.79
28962.5, 4155.38
28962.6, 4148.72
28962.6, 4139.49
29000.4, 4131.28
29000.5, 4129.23
29000.6, 4132.82
29000.6, 4140.51
29025.4, 4150.77
29025.5, 4158.46
29025.5, 4153.33
29025.6, 4137.44
29056.6, 4126.67
29056.6, 4127.18
29056.7, 4135.38
29056.7, 4144.1
29087.7, 4150.77
29087.8, 4156.92
29087.8, 4154.87
29087.8, 4139.49
29119.7, 4127.69
29119.8, 4130.77
29119.9, 4137.95
29119.9, 4142.56
29150.8, 4151.28
29150.9, 4158.46
29150.9, 4150.77
29151, 4134.36
29181.7, 4129.23
29181.7, 4130.26
29181.8, 4128.72
29181.9, 4137.95
29213.7, 4156.41
29213.7, 4159.49
29213.8, 4148.72
29213.8, 4139.49
29244.5, 4134.87
29244.6, 4129.74
29244.7, 4129.74
29244.7, 4142.56
29275.6, 4156.41
29275.7, 4156.92
29275.8, 4145.64
29275.9, 4135.9
29306.7, 4133.33
29306.8, 4130.77
29306.8, 4128.21
29306.8, 4142.05
29338.7, 4159.49
29338.8, 4156.92
29338.8, 4144.62
29338.9, 4138.97
29369.6, 4132.82
29369.7, 4128.72
29369.7, 4132.31
29369.8, 4138.46
29400.5, 4145.13
29400.6, 4147.18
29400.6, 4147.18
29400.6, 4146.67
29432.5, 4141.03
29432.6, 4140
29432.6, 4144.1
29432.7, 4143.59
29463.5, 4141.54
29463.6, 4141.03
29463.6, 4141.54
29463.7, 4142.05
29494.3, 4141.54
29494.4, 4139.49
29494.4, 4141.03
29494.5, 4144.62
29526.1, 4142.56
29526.2, 4140.51
29526.3, 4141.54
29526.4, 4141.54
29557.5, 4141.03
29557.6, 4142.05
29557.6, 4141.03
29557.7, 4140.51
29588.6, 4142.05
29588.7, 4143.08
29588.8, 4141.54
29588.8, 4141.54
29619.7, 4141.54
29619.8, 4141.54
29619.8, 4142.05
29619.8, 4140
29650.5, 4138.46
29650.6, 4140.51
29650.7, 4140.51
29650.7, 4139.49
29682.6, 4140.51
29682.7, 4141.03
29682.7, 4141.54
29682.7, 4142.05
29713.5, 4142.05
29713.6, 4142.05
29713.6, 4141.03
29713.7, 4141.54
29744.8, 4142.56
29744.9, 4141.03
29745, 4140.51
29745, 4141.03
29776.4, 4142.05
29776.5, 4143.59
29776.5, 4142.05
29776.6, 4140.51
29807.6, 4141.03
29807.7, 4140
29807.8, 4138.46
29807.8, 4140.51
29838.6, 4143.08
29838.7, 4143.08
29838.7, 4142.56
29838.7, 4140
29869.5, 4138.97
29869.6, 4142.05
29869.6, 4142.05
29869.6, 4140.51
29901.5, 4142.56
29901.6, 4143.08
29901.6, 4141.54
29901.7, 4141.03
29933.1, 4140.51
29933.3, 4140
29933.4, 4140
29933.4, 4141.54
29963.5, 4144.62
29963.6, 4144.62
29963.7, 4140.51
29963.7, 4141.54
29995.6, 4143.08
29995.7, 4140.51
29995.7, 4138.97
29995.7, 4141.03
30026.7, 4141.03
30026.8, 4141.03
30026.9, 4141.54
30026.9, 4141.03
30057.4, 4141.54
30057.5, 4141.54
30057.5, 4140
30057.5, 4141.54
30088.6, 4143.08
30088.7, 4142.05
30088.7, 4141.03
30088.7, 4141.54
30120.6, 4141.54
30120.7, 4140.51
30120.7, 4142.05
30120.8, 4142.05
30151.9, 4140
30152, 4140
30152.1, 4141.03
30152.1, 4141.54
30182.6, 4141.54
30182.7, 4141.54
30182.8, 4141.03
30182.8, 4141.54
30213.4, 4140.51
30213.5, 4140.51
30213.5, 4141.03
30213.5, 4141.54
30245.5, 4142.05
30245.6, 4141.54
30245.7, 4141.03
30245.8, 4142.05
30276.5, 4142.56
30276.6, 4140
30276.6, 4139.49
30276.7, 4141.03
30307.3, 4139.49
30307.5, 4141.03
30307.5, 4145.13
30307.6, 4144.1
30339.5, 4141.54
30339.6, 4141.03
30339.7, 4142.05
30339.7, 4143.08
30370.8, 4143.59
30370.9, 4141.54
30370.9, 4141.03
30370.9, 4142.56
30401.7, 4141.03
30401.8, 4138.46
30401.8, 4141.54
30401.9, 4144.62
30432.5, 4143.08
30432.6, 4138.97
30432.6, 4141.03
30432.7, 4143.59
30464.4, 4139.49
30464.5, 4138.46
30464.5, 4141.03
30464.6, 4138.97
30495.4, 4140
30495.5, 4144.1
30495.5, 4143.59
30495.6, 4142.05
30526.7, 4142.56
30526.8, 4141.54
30526.9, 4141.03
30526.9, 4142.56
30558.9, 4141.54
30559, 4137.95
30559.1, 4137.95
30559.1, 4141.54
30589.6, 4142.56
30589.6, 4141.54
30589.7, 4143.08
30589.7, 4144.62
30620.5, 4142.56
30620.6, 4141.03
30620.7, 4142.05
30620.7, 4141.03
30651.4, 4138.97
30651.5, 4142.05
30651.5, 4144.62
30651.5, 4141.03
30683.7, 4138.97
30683.8, 4143.08
30683.9, 4141.54
30683.9, 4137.95
30714.5, 4140
30714.5, 4141.54
30714.6, 4139.49
30714.6, 4140.51
30745.5, 4142.56
30745.5, 4143.08
30745.6, 4140
30745.6, 4137.95
30777.8, 4143.59
30777.9, 4145.64
30777.9, 4141.03
30778, 4140
30808.5, 4142.56
30808.6, 4142.56
30808.6, 4141.03
30808.7, 4139.49
30839.7, 4142.05
30839.8, 4144.1
30839.8, 4141.03
30839.9, 4140
30870.6, 4143.08
30870.7, 4143.08
30870.7, 4141.03
30870.8, 4142.05
30902.5, 4143.08
30902.5, 4143.08
30902.6, 4143.59
30902.6, 4141.54
30933.8, 4141.03
30933.9, 4143.08
30933.9, 4143.08
30934, 4141.54
30964.5, 4141.03
30964.6, 4142.56
30964.6, 4141.54
30964.6, 4140.51
30995.6, 4141.03
30995.8, 4138.97
30995.8, 4138.97
30995.9, 4140.51
31027.7, 4140.51
31027.8, 4140
31027.8, 4140.51
31027.9, 4141.54
31058.6, 4141.03
31058.6, 4141.54
31058.7, 4141.54
31058.7, 4142.05
31089.8, 4141.54
31089.9, 4141.03
31089.9, 4141.54
31090, 4142.56
31121.7, 4141.54
31121.8, 4141.54
31121.8, 4142.05
31121.9, 4138.46
31152.6, 4136.92
31152.6, 4141.54
31152.7, 4142.56
31152.7, 4142.05
31184, 4143.59
31184.1, 4142.56
31184.1, 4140.51
31184.2, 4141.03
31214.4, 4142.05
31214.5, 4142.05
31214.5, 4141.03
31214.6, 4141.03
31246.4, 4141.54
31246.5, 4141.54
31246.6, 4140.51
31246.6, 4141.54
31277.3, 4142.56
31277.4, 4141.54
31277.5, 4140.51
31277.5, 4139.49
31308.5, 4138.97
31308.6, 4141.03
31308.6, 4140.51
31308.7, 4140.51
31339.5, 4142.05
31339.6, 4141.54
31339.6, 4142.05
31339.6, 4142.56
31371.7, 4141.03
31371.8, 4142.05
31371.8, 4144.62
31371.9, 4142.05
31402.9, 4139.49
31403, 4142.05
31403, 4143.59
31403.1, 4142.05
31433.9, 4142.05
31434, 4141.54
31434.1, 4140
31434.1, 4141.54
31465.5, 4142.05
31465.6, 4140.51
31465.7, 4142.56
31465.7, 4145.64
31496.5, 4143.08
31496.6, 4140.51
31496.7, 4142.05
31496.7, 4139.49
31527.5, 4137.44
31527.6, 4141.54
31527.7, 4144.1
31527.7, 4143.08
31558.4, 4141.03
31558.5, 4143.08
31558.6, 4141.54
31558.6, 4135.9
31590.9, 4136.92
31591, 4143.08
31591.1, 4143.08
31591.2, 4140
31621.6, 4142.56
31621.7, 4144.62
31621.8, 4142.05
31621.8, 4140
31652.6, 4141.54
31652.7, 4145.64
31652.8, 4144.62
31652.8, 4142.56
31684.5, 4141.03
31684.6, 4140.51
31684.7, 4142.56
31684.7, 4144.1
31715.6, 4142.05
31715.7, 4139.49
31715.7, 4140.51
31715.8, 4141.03
31746.6, 4141.54
31746.6, 4142.05
31746.7, 4140
31746.7, 4139.49
31777.5, 4141.03
31777.6, 4140
31777.6, 4140.51
31777.7, 4142.56
31809.7, 4142.05
31809.9, 4141.54
31809.9, 4142.05
31810, 4142.05
31840.8, 4141.54
31840.9, 4138.97
31840.9, 4140.51
31841, 4143.59
31871.6, 4143.08
31871.7, 4142.56
31871.8, 4143.08
31871.8, 4142.05
31903.6, 4141.54
31903.7, 4142.56
31903.7, 4141.03
31903.8, 4141.54
31934.6, 4140.51
31934.7, 4134.87
31934.7, 4136.92
31934.8, 4137.95
31965.4, 4135.38
31965.5, 4137.44
31965.6, 4138.46
31965.6, 4136.92
31997, 4141.54
31997.1, 4142.56
31997.2, 4140
31997.3, 4142.56
32028.5, 4142.05
32028.6, 4140.51
32028.7, 4142.56
32028.7, 4141.54
32059.7, 4141.54
32059.8, 4141.54
32059.9, 4142.56
32059.9, 4143.08
32090.7, 4142.56
32090.8, 4142.56
32090.9, 4141.03
32090.9, 4141.54
32121.8, 4143.08
32121.9, 4143.08
32122, 4142.05
32122, 4141.54
32153.5, 4143.08
32153.6, 4144.1
32153.6, 4143.59
32153.7, 4143.59
32184.6, 4144.62
32184.7, 4144.1
32184.7, 4142.05
32184.7, 4142.56
32215.9, 4143.08
32216.1, 4142.05
32216.1, 4142.56
32216.2, 4142.05
32247.7, 4139.49
32247.8, 4140.51
32247.9, 4142.56
32247.9, 4141.03
32278.5, 4141.03
32278.6, 4143.08
32278.6, 4143.59
32278.6, 4142.56
32309.8, 4143.08
32309.9, 4142.05
32309.9, 4140.51
32310, 4142.05
32340.7, 4143.59
32340.8, 4142.05
32340.9, 4142.05
32340.9, 4141.54
32372.5, 4141.54
32372.7, 4141.03
32372.7, 4140
32372.8, 4142.05
32403.6, 4142.05
32403.8, 4141.03
32403.8, 4140
32403.9, 4141.54
32435, 4143.08
32435.2, 4142.05
32435.3, 4141.03
32435.3, 4139.49
32466.9, 4137.44
32467, 4140.51
32467, 4145.13
32467.1, 4144.1
32497.9, 4140
32498, 4140.51
32498.1, 4143.59
32498.1, 4143.59
32528.8, 4140.51
32529, 4139.49
32529, 4141.54
32529.1, 4141.54
32559.8, 4135.9
32559.9, 4137.95
32560, 4140
32560.1, 4136.92
32591.8, 4137.44
32591.9, 4137.44
32592, 4135.9
32592, 4136.41
32622.9, 4138.97
32623.1, 4140
32623.2, 4139.49
32623.2, 4136.92
32654, 4138.46
32654.1, 4142.56
32654.2, 4140.51
32654.2, 4140.51
32691.5, 4140.51
32691.6, 4141.54
32691.6, 4143.59
32691.7, 4142.05
32716.9, 4143.08
32717, 4145.13
32717.1, 4144.1
32717.1, 4143.08
32747.7, 4143.59
32747.8, 4144.1
32747.9, 4142.56
32747.9, 4142.56
32778.8, 4143.08
32778.9, 4142.56
32778.9, 4143.59
32779, 4144.62
32810.7, 4142.56
32810.8, 4140.51
32810.9, 4142.05
32810.9, 4144.62
32842, 4143.08
32842.1, 4142.05
32842.1, 4142.05
32842.2, 4142.56
32872.7, 4141.54
32872.8, 4140
32872.8, 4140.51
32872.9, 4142.05
32903.9, 4142.56
32904, 4142.05
32904.1, 4141.54
32904.1, 4142.05
32935.9, 4143.08
32936, 4142.56
32936, 4142.05
32936.1, 4142.56
32966.8, 4143.08
32967, 4143.59
32967, 4142.56
32967.1, 4141.54
32997.7, 4141.03
32997.8, 4141.54
32997.9, 4141.03
32997.9, 4138.46
33029.9, 4138.97
33030, 4143.08
33030.1, 4143.59
33030.1, 4141.54
33060.8, 4142.05
33061, 4142.56
33061, 4141.54
33061.1, 4142.56
33091.9, 4142.05
33092, 4138.46
33092.1, 4138.97
33092.1, 4142.05
33122.8, 4141.03
33122.9, 4141.54
33123, 4141.54
33123.1, 4140.51
33154.5, 4140.51
33154.6, 4140.51
33154.6, 4141.03
33154.7, 4144.1
33185.5, 4143.08
33185.5, 4142.05
33185.6, 4144.1
33185.6, 4144.1
33216.6, 4141.54
33216.8, 4141.54
33216.8, 4143.08
33216.8, 4141.03
33247.5, 4140
33247.6, 4142.05
33247.7, 4142.05
33247.7, 4142.05
33279.4, 4143.08
33279.5, 4142.05
33279.5, 4141.03
33279.6, 4142.56
33310.4, 4142.05
33310.4, 4140
33310.5, 4140.51
33310.5, 4141.54
33341.4, 4140
33341.5, 4141.03
33341.5, 4141.03
33341.5, 4141.03
33373.6, 4143.08
33373.8, 4142.56
33373.9, 4139.49
33373.9, 4136.41
33404.6, 4137.95
33404.7, 4139.49
33404.8, 4136.41
33404.8, 4136.92
33435.6, 4137.95
33435.7, 4137.95
33435.7, 4138.46
33435.8, 4137.44
33466.8, 4136.92
33466.9, 4140
33467, 4141.54
33467, 4139.49
33498.5, 4140
33498.6, 4138.46
33498.6, 4141.03
33499.2, 4142.56
33529.5, 4140
33529.6, 4142.56
33529.7, 4144.1
33529.7, 4144.1
33560.5, 4145.13
33560.6, 4143.59
33560.6, 4141.03
33560.7, 4141.54
33591.6, 4143.08
33591.7, 4143.59
33591.8, 4143.08
33591.8, 4142.05
33623.5, 4141.03
33623.7, 4142.56
33623.7, 4143.59
33623.8, 4143.59
33654.5, 4143.59
33654.6, 4142.56
33654.6, 4142.56
33654.7, 4144.1
33686.2, 4143.08
33686.4, 4142.05
33686.4, 4141.54
33686.5, 4142.05
33717.7, 4140.51
33717.9, 4139.49
33718, 4143.08
33718, 4146.67
33748.4, 4143.59
33748.5, 4140.51
33748.5, 4143.59
33748.5, 4145.13
33779.5, 4141.03
33779.6, 4141.03
33779.6, 4144.62
33779.6, 4143.59
33810.5, 4141.54
33810.6, 4142.05
33810.6, 4142.05
33810.7, 4140.51
33842.3, 4141.03
33842.4, 4142.05
33842.5, 4140.51
33842.5, 4141.54
33874, 4140.51
33874.3, 4136.41
33874.4, 4137.44
33874.4, 4142.05
33904.6, 4142.56
33904.7, 4141.03
33904.8, 4140.51
33904.8, 4142.05
33936.8, 4143.59
33936.9, 4142.05
33936.9, 4141.54
33936.9, 4141.54
33967.5, 4141.03
33967.6, 4142.05
33967.6, 4142.56
33967.7, 4143.08
33998.4, 4144.1
33998.5, 4144.1
33998.6, 4142.05
33998.6, 4140.51
34029.4, 4142.05
34029.5, 4143.08
34029.5, 4142.05
34029.6, 4141.54
34061.8, 4142.56
34061.9, 4144.1
34061.9, 4139.49
34062, 4137.44
34092.9, 4142.05
34093.1, 4144.1
34093.1, 4142.56
34093.2, 4143.08
34123.4, 4144.1
34123.5, 4142.56
34123.6, 4142.05
34123.6, 4143.59
34155.8, 4143.08
34155.9, 4140.51
34155.9, 4141.03
34156, 4144.1
34186.4, 4143.59
34186.5, 4140.51
34186.5, 4141.03
34186.6, 4144.1
34217.4, 4142.56
34217.5, 4141.03
34217.6, 4143.08
34217.6, 4143.08
34248.6, 4142.56
34248.7, 4142.56
34248.8, 4141.54
34248.8, 4142.56
34280.5, 4143.59
34280.5, 4143.08
34280.6, 4141.03
34280.6, 4141.03
34311.6, 4140
34311.6, 4139.49
34311.7, 4141.03
34311.7, 4142.05
34342.5, 4142.05
34342.6, 4143.08
34342.7, 4143.08
34342.7, 4142.56
34373.6, 4140.51
34373.7, 4138.97
34373.8, 4139.49
34373.8, 4139.49
34405.6, 4140
34405.6, 4138.46
34405.7, 4139.49
34405.7, 4141.54
34436.6, 4137.44
34436.7, 4136.41
34436.7, 4140
34436.8, 4140
34467.6, 4138.97
34467.7, 4138.97
34467.7, 4138.97
34467.8, 4140.51
34499.7, 4141.03
34499.9, 4138.97
34500, 4142.56
34500, 4142.56
34530.4, 4141.54
34530.5, 4145.64
34530.6, 4145.13
34530.6, 4142.56
34561.5, 4142.56
34561.6, 4143.08
34561.7, 4142.56
34561.7, 4143.59
34592.6, 4143.08
34592.6, 4140.51
34592.7, 4142.05
34592.7, 4143.08
34624.6, 4140
34624.8, 4140.51
34624.8, 4144.1
34624.9, 4142.56
34655.6, 4139.49
34655.7, 4141.54
34655.7, 4142.56
34655.7, 4140
34686.9, 4142.05
34687, 4143.08
34687, 4140
34687, 4140
34717.8, 4143.59
34717.9, 4143.59
34718, 4141.54
34718, 4143.08
34749.8, 4144.1
34749.9, 4141.03
34749.9, 4138.97
34750, 4141.54
34780.6, 4144.1
34780.7, 4144.1
34780.7, 4143.08
34780.7, 4142.05
34811.5, 4142.05
34811.6, 4142.56
34811.6, 4142.56
34811.7, 4140.51
34843.5, 4140.51
34843.6, 4142.56
34843.7, 4141.54
34843.7, 4141.03
34874.5, 4143.08
34874.6, 4144.62
34874.6, 4143.59
34874.7, 4142.56
34905.7, 4142.05
34905.8, 4140
34905.9, 4138.97
34905.9, 4141.54
34936.7, 4142.05
34936.8, 4139.49
34936.8, 4139.49
34936.8, 4141.03
34968.8, 4142.05
34968.8, 4144.1
34968.9, 4143.59
34968.9, 4141.54
34999.6, 4140.51
34999.7, 4142.05
34999.8, 4143.59
34999.8, 4144.1
35030.6, 4142.05
35030.7, 4137.95
35030.7, 4139.49
35030.8, 4143.08
35062.6, 4142.56
35062.7, 4141.54
35062.8, 4142.05
35062.8, 4143.08
35093.5, 4142.05
35093.6, 4140.51
35093.6, 4141.03
35093.7, 4141.54
35124.7, 4140.51
35124.8, 4140.51
35124.9, 4140
35125, 4142.05
35155.6, 4143.59
35155.7, 4141.54
35155.7, 4140.51
35155.8, 4142.56
35187.5, 4141.54
35187.6, 4137.95
35187.6, 4138.46
35187.6, 4142.05
35218.8, 4142.05
35218.9, 4141.03
35219, 4141.03
35219, 4142.56
35249.9, 4141.03
35250, 4140
35250, 4142.05
35250.1, 4138.97
35281.5, 4137.95
35281.6, 4142.56
35281.6, 4143.08
35281.7, 4139.49
35312.5, 4140.51
35312.6, 4142.05
35312.7, 4142.05
35312.7, 4140.51
35343.7, 4138.46
35343.9, 4141.54
35343.9, 4143.59
35344, 4142.05
35374.6, 4140.51
35374.6, 4138.97
35374.7, 4141.54
35374.7, 4144.62
35406.5, 4143.08
35406.6, 4140.51
35406.6, 4141.03
35406.6, 4144.1
35437.6, 4143.59
35437.6, 4141.54
35437.7, 4140.51
35437.7, 4138.97
35468.7, 4140
35468.8, 4141.54
35468.9, 4141.03
35468.9, 4140.51
35499.5, 4143.08
35499.6, 4143.59
35499.6, 4142.05
35499.7, 4142.56
35531.6, 4139.49
35531.7, 4136.41
35531.8, 4140
35531.8, 4143.59
35562.7, 4141.54
35562.9, 4142.56
35562.9, 4144.1
35562.9, 4141.54
35593.6, 4141.54
35593.7, 4143.08
35593.8, 4143.08
35593.8, 4141.54
35625.5, 4140.51
35625.6, 4141.54
35625.7, 4143.08
35625.7, 4143.59
35656.6, 4142.56
35656.7, 4141.03
35656.8, 4141.54
35656.8, 4141.54
35687.6, 4142.56
35687.7, 4144.62
35687.7, 4143.59
35687.8, 4141.03
35718.6, 4140.51
35718.8, 4142.05
35718.8, 4141.03
35718.9, 4141.54
35750.8, 4143.08
35750.9, 4141.54
35750.9, 4141.54
35751, 4144.62
35781.5, 4144.1
35781.5, 4142.56
35781.6, 4141.54
35781.6, 4141.54
35812.4, 4141.54
35812.5, 4141.54
35812.5, 4143.08
35812.5, 4143.08
35844.5, 4142.56
35844.6, 4141.54
35844.7, 4141.03
35844.7, 4142.56
35875.5, 4143.59
35875.7, 4142.05
35875.7, 4139.49
35875.8, 4139.49
35906.5, 4141.54
35906.6, 4141.54
35906.7, 4142.56
35906.7, 4142.56
35937.6, 4141.03
35937.7, 4141.03
35937.7, 4142.05
35937.8, 4140.51
35969.8, 4141.03
35970, 4143.08
35970, 4142.56
35970.1, 4142.56
36000.8, 4143.08
36000.9, 4142.56
36001, 4142.56
36001, 4142.05
36031.8, 4140
36031.9, 4140.51
36032, 4143.08
36032, 4141.54
36063.7, 4141.03
36063.8, 4142.05
36063.9, 4141.54
36063.9, 4141.54
36094.4, 4141.54
36094.5, 4141.03
36094.6, 4140.51
36094.6, 4142.05
36125.5, 4143.08
36125.6, 4143.59
36125.7, 4142.56
36125.7, 4142.56
36156.6, 4143.59
36156.7, 4143.08
36156.8, 4143.08
36156.8, 4142.05
36188.7, 4143.59
36188.8, 4142.56
36188.8, 4140.51
36188.9, 4141.54
36219.6, 4142.05
36219.7, 4141.03
36219.7, 4141.03
36219.8, 4143.08
36250.8, 4142.56
36250.9, 4140
36250.9, 4141.54
36251, 4144.62
36281.6, 4144.1
36281.7, 4140.51
36281.7, 4141.03
36281.8, 4144.62
36313.4, 4143.08
36313.5, 4141.54
36313.5, 4142.56
36313.5, 4142.56
36344.6, 4142.05
36344.7, 4139.49
36344.8, 4138.97
36344.9, 4142.56
36375.8, 4142.56
36375.9, 4141.03
36375.9, 4142.05
36376, 4143.59
36407.6, 4142.56
36407.7, 4140
36407.7, 4139.49
36407.7, 4142.05
36438.5, 4142.56
36438.6, 4142.05
36438.6, 4143.08
36438.7, 4143.08
36469.7, 4143.08
36469.8, 4142.56
36469.9, 4140.51
36469.9, 4140
36500.7, 4142.05
36500.8, 4141.54
36500.8, 4141.03
36500.8, 4142.56
36532.6, 4140.51
36532.7, 4138.46
36532.8, 4141.54
36532.9, 4142.56
36563.5, 4139.49
36563.6, 4141.54
36563.7, 4144.62
36563.7, 4144.1
36594.6, 4143.59
36594.7, 4143.59
36594.8, 4142.05
36594.8, 4142.05
36626.5, 4142.56
36626.5, 4137.44
36626.6, 4136.41
36626.6, 4142.05
36657.5, 4142.56
36657.6, 4140
36657.7, 4141.03
36657.7, 4143.59
36688.7, 4141.03
36688.8, 4137.95
36688.9, 4140
36688.9, 4141.54
36719.6, 4140.51
36719.7, 4141.54
36719.7, 4142.05
36719.8, 4141.03
36751.8, 4141.03
36751.9, 4142.05
36751.9, 4141.03
36752, 4140.51
36782.9, 4140
36783.1, 4135.9
36783.1, 4134.36
36783.2, 4137.95
36813.4, 4137.44, estimuli
36813.6, 4135.9
36814.9, 4136.92
36814.9, 4136.92
36844.4, 4138.46
36844.6, 4141.03
36844.6, 4140
36844.6, 4138.46
36876.5, 4139.49
36876.6, 4139.49
36876.6, 4140
36876.6, 4139.49
36907.4, 4141.54
36907.5, 4143.59
36907.5, 4142.56
36907.6, 4143.59
36938.6, 4143.59
36938.7, 4142.56
36938.7, 4144.62
36938.8, 4151.28
36970.7, 4154.87
36970.8, 4150.77
36970.9, 4145.13
36970.9, 4136.41
37002.1, 4127.69
37002.2, 4124.1
37002.2, 4128.21
37002.3, 4142.05
37032.5, 4154.87
37032.7, 4161.54
37032.8, 4156.41
37032.9, 4139.49
37063.4, 4127.18
37063.5, 4126.67
37063.5, 4133.85
37063.5, 4146.15
37095.4, 4156.92
37095.5, 4160
37095.6, 4155.38
37095.6, 4141.54
37126.6, 4126.15
37126.7, 4126.15
37126.7, 4136.41
37126.8, 4145.13
37157.6, 4153.85
37157.6, 4159.49
37157.7, 4152.31
37157.7, 4137.95
37190, 4128.21
37190.1, 4124.1
37190.1, 4127.69
37190.1, 4142.05
37220.6, 4157.44
37220.7, 4158.97
37220.7, 4148.72
37220.8, 4136.92
37251.8, 4129.74
37251.9, 4126.67
37252, 4127.18
37252, 4140.51
37282.8, 4160.51
37283, 4163.08
37283, 4149.74
37283.1, 4137.44
37314.6, 4129.74
37314.7, 4124.62
37314.7, 4129.23
37314.8, 4146.15
37345.6, 4160.51
37345.6, 4158.97
37345.7, 4148.72
37345.7, 4138.97
37376.5, 4130.77
37376.6, 4125.13
37376.6, 4128.72
37376.7, 4145.13
37407.7, 4159.49
37407.8, 4156.92
37407.9, 4147.18
37407.9, 4138.46
37439.6, 4129.74
37439.7, 4127.18
37439.8, 4130.77
37439.8, 4140
37470.6, 4151.79
37470.7, 4155.38
37470.7, 4152.31
37470.7, 4140.51
37501.7, 4127.69
37501.7, 4126.15
37501.8, 4134.87
37501.8, 4143.59
37533.6, 4149.74
37533.6, 4156.92
37533.7, 4153.85
37533.7, 4136.92
37564.6, 4126.67
37564.7, 4130.26
37564.8, 4135.38
37564.8, 4142.05
37596, 4153.33
37596.1, 4157.44
37596.2, 4150.26
37596.2, 4136.41
37626.7, 4126.15
37626.8, 4129.23
37626.9, 4137.95
37626.9, 4142.56
37658.5, 4152.31
37658.6, 4159.49
37658.7, 4148.21
37658.7, 4134.36
37689.6, 4132.82
37689.7, 4130.77
37689.7, 4130.26
37689.7, 4142.56
37720.8, 4156.92
37720.9, 4156.92
37720.9, 4148.72
37720.9, 4141.54
37752.7, 4134.36
37752.8, 4129.74
37752.8, 4132.82
37752.9, 4145.13
37783.5, 4157.44
37783.6, 4156.41
37783.6, 4143.08
37783.7, 4136.41
37814.9, 4134.36
37815, 4126.67
37815, 4129.23
37815.1, 4149.23
37845.4, 4160.51
37845.5, 4153.85
37845.5, 4146.67
37845.6, 4139.49
37877.4, 4127.69
37877.5, 4125.64
37877.5, 4131.28
37877.6, 4143.59
37908.8, 4156.41
37908.8, 4155.38
37908.9, 4145.64
37908.9, 4136.92
37939.8, 4129.74
37939.9, 4127.18
37940, 4131.28
37940, 4140.51
37970.6, 4146.67
37970.7, 4143.59
37970.7, 4142.56
37970.8, 4145.64
38002.8, 4141.03
38002.9, 4134.36
38003, 4138.97
38003, 4143.59
38034, 4140
38034.1, 4139.49
38034.1, 4142.56
38034.2, 4143.08
38064.5, 4141.54
38064.6, 4143.08
38064.6, 4143.59
38064.7, 4139.49
38096.5, 4137.95
38096.5, 4141.54
38096.6, 4144.62
38096.6, 4143.08
38127.5, 4140
38127.6, 4137.44
38127.6, 4140
38127.6, 4143.59
38158.5, 4141.54
38158.6, 4138.97
38158.7, 4141.03
38158.7, 4142.05
38189.5, 4138.46
38189.6, 4137.95
38189.7, 4142.05
38189.8, 4144.1
38221.5, 4142.56
38221.6, 4140
38221.6, 4141.54
38221.7, 4141.03
38253, 4137.44
38253.1, 4138.46
38253.1, 4142.05
38253.2, 4141.03
38283.7, 4141.03
38283.9, 4141.54
38283.9, 4139.49
38283.9, 4140
38315.4, 4142.05
38315.5, 4142.56
38315.5, 4143.08
38315.6, 4142.56
38346.5, 4140.51
38346.6, 4141.54
38346.6, 4141.54
38346.6, 4136.41
38377.4, 4136.41
38377.5, 4139.49
38377.6, 4137.95
38377.6, 4138.97
38408.5, 4138.46
38408.6, 4136.92
38408.6, 4139.49
38408.6, 4141.03
38440.8, 4139.49
38441, 4140.51
38441.1, 4139.49
38441.2, 4137.95
38471.6, 4141.03
38471.7, 4142.05
38471.8, 4137.95
38471.8, 4137.95
38502.5, 4139.49
38502.5, 4136.41
38502.6, 4136.41
38502.6, 4142.05
38533.5, 4140
38533.6, 4136.92
38533.6, 4141.54
38533.6, 4142.56
38565.5, 4136.92
38565.5, 4135.9
38565.6, 4140
38565.6, 4142.56
38596.5, 4141.54
38596.6, 4142.05
38596.7, 4141.54
38596.7, 4138.97
38627.4, 4141.03
38627.5, 4143.59
38627.5, 4142.56
38627.6, 4141.03
38659.9, 4140.51
38660, 4138.97
38660.1, 4138.46
38660.1, 4140
38690.7, 4139.49
38690.7, 4140.51
38690.8, 4140.51
38690.8, 4137.95
38721.6, 4138.46
38721.7, 4140.51
38721.7, 4139.49
38721.7, 4139.49
38752.7, 4143.08
38752.8, 4143.08
38752.8, 4138.97
38752.9, 4138.97
38784.8, 4138.97
38784.9, 4136.92
38784.9, 4137.95
38784.9, 4139.49
38815.6, 4137.95
38815.7, 4140.51
38815.7, 4143.08
38815.8, 4140
38846.8, 4137.95
38846.9, 4140
38846.9, 4140
38846.9, 4138.97
38878.7, 4138.46
38878.8, 4140.51
38878.8, 4141.03
38878.9, 4140.51
38909.6, 4142.05
38909.7, 4141.54
38909.8, 4141.03
38909.8, 4142.05
38940.5, 4141.54
38940.6, 4140
38940.6, 4141.03
38940.6, 4142.05
38971.7, 4140.51
38971.8, 4139.49
38971.8, 4137.95
38971.8, 4138.46
39003.7, 4142.05
39003.8, 4142.56
39003.8, 4140
39003.9, 4139.49
39034.8, 4141.03
39034.9, 4142.05
39035, 4140.51
39035, 4140.51
39065.4, 4141.03
39065.5, 4141.03
39065.6, 4141.54
39065.6, 4141.54
39096.6, 4140
39096.7, 4141.03
39096.8, 4142.56
39096.8, 4141.54
39128.4, 4141.03
39128.5, 4141.54
39128.6, 4141.03
39128.6, 4140.51
39159.5, 4141.54
39159.6, 4138.97
39159.6, 4137.95
39159.7, 4140.51
39190.6, 4140
39190.7, 4139.49
39190.7, 4140.51
39190.8, 4138.46
39222.7, 4139.49
39222.8, 4144.1
39222.8, 4142.05
39222.8, 4138.97
39253.6, 4142.56
39253.7, 4143.08
39253.8, 4138.97
39253.8, 4138.46
39285, 4142.56
39285.1, 4142.56
39285.2, 4140.51
39285.2, 4141.03
39316, 4140.51
39316.1, 4141.03
39316.3, 4141.03
39316.4, 4142.05
39347.6, 4143.59
39347.7, 4140.51
39347.7, 4139.49
39347.8, 4142.05
39378.4, 4142.05
39378.5, 4140
39378.5, 4141.54
39378.6, 4143.08
39409.5, 4141.54
39409.6, 4141.54
39409.7, 4142.56
39409.7, 4143.08
39441.6, 4142.05
39441.7, 4138.97
39441.8, 4140
39441.8, 4141.54
39472.6, 4138.46
39472.7, 4137.95
39472.8, 4142.05
39472.8, 4143.08
39503.9, 4140
39504.1, 4138.97
39504.2, 4140
39504.2, 4142.56
39535.1, 4142.05
39535.2, 4138.46
39535.3, 4138.97
39535.3, 4143.08
39566.5, 4141.54
39566.6, 4137.95
39566.7, 4141.03
39566.7, 4143.08
39597.4, 4141.03
39597.4, 4142.05
39597.5, 4143.59
39597.5, 4141.54
39628.6, 4142.05
39628.7, 4143.08
39628.7, 4141.54
39628.8, 4141.03
39659.4, 4142.56
39659.4, 4143.08
39659.5, 4141.03
39659.5, 4140.51
39692, 4142.05
39692.2, 4142.05
39692.3, 4141.54
39692.3, 4142.56
39722.6, 4144.1
39722.7, 4144.1
39722.7, 4141.54
39722.8, 4140
39753.6, 4141.03
39753.8, 4143.08
39753.8, 4142.56
39753.8, 4140.51
39785.8, 4141.54
39785.9, 4143.59
39786, 4144.1
39786, 4143.59
39816.6, 4142.56
39816.7, 4143.08
39816.8, 4142.56
39816.9, 4141.54
39847.7, 4142.05
39847.9, 4142.56
39847.9, 4142.56
39848, 4142.56
39878.7, 4142.05
39878.8, 4139.49
39878.8, 4139.49
39878.9, 4142.56
39911, 4142.05
39911.2, 4141.03
39911.2, 4140
39911.3, 4140.51
39941.7, 4143.59
39941.8, 4143.08
39941.8, 4140
39941.8, 4141.03
39972.6, 4142.56
39972.7, 4141.54
39972.7, 4140.51
39972.8, 4142.05
40004.8, 4141.54
40004.9, 4140
40005, 4141.03
40005, 4141.54
40035.7, 4140
40035.8, 4141.03
40035.8, 4143.59
40035.9, 4142.05
40066.6, 4137.95
40066.7, 4137.95
40066.8, 4143.08
40066.9, 4144.1
40097.5, 4141.03
40097.6, 4139.49
40097.6, 4141.03
40097.7, 4142.56
40129.6, 4143.08
40129.7, 4142.05
40129.8, 4140.51
40129.8, 4141.03
40160.5, 4143.08
40160.6, 4143.59
40160.6, 4141.03
40160.6, 4140
40191.5, 4141.54
40191.6, 4142.05
40191.7, 4141.03
40191.7, 4142.05
40223.6, 4141.54
40223.7, 4140.51
40223.8, 4141.54
40223.8, 4139.49
40254.6, 4137.95
40254.7, 4140.51
40254.8, 4143.59
40254.8, 4143.08
40285.5, 4139.49
40285.5, 4137.44
40285.6, 4141.03
40285.6, 4142.05
40317, 4137.95
40317.2, 4138.97
40317.3, 4141.54
40317.3, 4142.56
40349, 4143.59
40349.1, 4143.08
40349.1, 4142.56
40349.2, 4144.1
40379.4, 4142.56
40379.5, 4140
40379.5, 4140.51
40379.5, 4143.08
40410.5, 4142.56
40410.6, 4140.51
40410.6, 4141.03
40410.7, 4142.56
40441.3, 4141.54
40441.4, 4141.03
40441.5, 4142.56
40441.5, 4142.05
40473.4, 4141.03
40473.5, 4142.56
40473.5, 4142.05
40473.6, 4141.03
40504.4, 4142.05
40504.5, 4142.05
40504.5, 4142.56
40504.6, 4142.56
40536, 4141.03
40536.1, 4141.54
40536.1, 4143.08
40536.2, 4142.56
40567.7, 4141.03
40567.8, 4141.03
40567.9, 4141.54
40567.9, 4142.05
40598.4, 4142.05
40598.5, 4139.49
40598.6, 4140.51
40598.6, 4143.59
40629.6, 4141.54
40629.7, 4139.49
40629.7, 4140
40629.7, 4141.03
40660.5, 4142.05
40660.6, 4141.03
40660.6, 4139.49
40660.6, 4141.54
40692.7, 4142.05
40692.8, 4142.05
40692.9, 4143.08
40692.9, 4141.03
40724, 4140.51
40724.1, 4142.05
40724.2, 4141.54
40724.2, 4140
40754.6, 4140.51
40754.7, 4142.05
40754.7, 4142.56
40754.8, 4143.08
40786.6, 4143.59
40786.7, 4143.08
40786.7, 4141.54
40786.8, 4141.54
40817.7, 4141.54
40817.8, 4141.03
40817.9, 4142.56
40817.9, 4143.08
40848.8, 4142.05
40848.9, 4142.05
40849, 4142.05
40849, 4141.54
40879.5, 4144.62
40879.6, 4146.15
40879.6, 4142.56
40879.6, 4141.54
40911.7, 4143.59
40911.8, 4143.59
40911.9, 4139.49
40911.9, 4139.49
40943, 4142.05
40943.1, 4142.05
40943.1, 4142.05
40943.2, 4140.51
40973.7, 4138.46
40973.8, 4141.03
40973.8, 4144.1
40973.9, 4142.05
41004.7, 4140
41004.8, 4141.54
41004.8, 4143.59
41004.9, 4143.59
41036.5, 4141.54
41036.6, 4142.05
41036.7, 4144.1
41036.7, 4142.05
41067.7, 4137.95
41067.8, 4138.46
41067.8, 4143.08
41067.8, 4145.13
41098.7, 4142.56
41098.8, 4141.03
41098.9, 4142.56
41098.9, 4144.1
41130.7, 4142.05
41130.8, 4140
41130.9, 4141.54
41130.9, 4143.08
41161.6, 4141.03
41161.7, 4140
41161.8, 4143.08
41161.8, 4141.54
41192.6, 4137.95
41192.7, 4141.03
41192.7, 4143.08
41192.8, 4141.54
41223.4, 4142.56
41223.5, 4143.08
41223.5, 4143.08
41223.6, 4143.08
41255.7, 4141.03
41255.8, 4139.49
41255.9, 4143.08
41255.9, 4144.1
41286.6, 4137.95
41286.7, 4137.95
41286.7, 4142.56
41286.8, 4141.03
41317.7, 4137.95
41317.8, 4140
41317.8, 4142.56
41317.9, 4136.92
41349.8, 4133.33
41349.9, 4139.49
41349.9, 4141.03
41350, 4139.49
41380.7, 4139.49
41380.9, 4137.44
41380.9, 4136.92
41381, 4138.97
41411.3, 4138.46
41411.4, 4140
41411.4, 4144.1
41411.5, 4141.03
41442.5, 4138.97
41442.6, 4139.49
41442.7, 4141.54
41442.7, 4145.64
41474.6, 4143.08
41474.7, 4142.05
41474.7, 4145.64
41474.8, 4144.1
41505.6, 4144.1
41505.7, 4145.64
41505.7, 4144.1
41505.7, 4142.56
41536.5, 4143.08
41536.6, 4144.1
41536.6, 4143.08
41536.7, 4142.56
41567.7, 4143.08
41567.8, 4144.1
41567.9, 4144.62
41568, 4145.64
41599.4, 4146.15
41599.6, 4144.1
41599.6, 4142.56
41599.7, 4142.05
41630.4, 4142.05
41630.5, 4144.1
41630.5, 4144.62
41630.6, 4142.56
41661.4, 4142.05
41661.5, 4142.05
41661.5, 4143.59
41661.6, 4144.62
41693.4, 4142.56
41693.5, 4140.51
41693.6, 4141.03
41693.6, 4141.54
41724.6, 4142.05
41724.8, 4142.56
41724.8, 4142.05
41724.8, 4142.05
41755.8, 4142.05
41755.9, 4141.03
41756, 4143.08
41756, 4144.1
41786.5, 4140
41786.6, 4137.95
41786.7, 4142.05
41786.7, 4144.1
41818.6, 4142.05
41818.7, 4143.08
41818.8, 4143.08
41818.8, 4143.08
41849.5, 4144.1
41849.6, 4144.62
41849.7, 4144.1
41849.7, 4143.59
41880.6, 4144.1
41880.7, 4143.08
41880.7, 4141.54
41880.7, 4142.56
41912.8, 4144.62
41912.9, 4143.59
41913, 4141.54
41913, 4142.05
41943.6, 4141.54
41943.7, 4140.51
41943.8, 4142.56
41943.8, 4144.62
41974.6, 4143.59
41974.7, 4141.54
41974.8, 4141.54
41974.8, 4142.56
42005.8, 4141.54
42005.9, 4141.03
42005.9, 4142.56
42006, 4143.08
42037.9, 4141.54
42038, 4140.51
42038.1, 4141.54
42038.1, 4144.1
42068.8, 4145.13
42068.9, 4142.56
42068.9, 4139.49
42069, 4139.49
42099.3, 4142.05, estimuli
42100.6, 4142.56
42100.7, 4142.05
42100.8, 4141.54
42130.4, 4141.54
42130.5, 4142.56
42130.5, 4141.54
42130.5, 4140.51
42162.8, 4143.08
42162.9, 4143.08
42163, 4140
42163.1, 4141.54
42193.4, 4144.1
42193.5, 4141.54
42193.5, 4141.03
42193.5, 4142.56
42224.5, 4142.05
42224.6, 4142.56
42224.7, 4140.51
42224.7, 4143.08
42256.3, 4154.87
42256.4, 4160
42256.5, 4151.79
42256.5, 4142.56
42287.6, 4132.31
42287.7, 4124.62
42287.8, 4123.59
42287.8, 4129.74
42318.6, 4142.56
42318.7, 4154.87
42318.8, 4155.38
42318.8, 4142.05
42349.5, 4127.69
42349.6, 4123.59
42349.6, 4125.13
42349.6, 4133.33
42381.8, 4146.15
42381.9, 4154.36
42381.9, 4155.9
42381.9, 4147.18
42412.6, 4129.74
42412.7, 4123.59
42412.7, 4130.26
42412.8, 4138.46
42443.6, 4150.77
42443.7, 4161.54
42443.7, 4162.05
42443.8, 4149.74
42475.5, 4132.31
42475.6, 4127.69
42475.6, 4132.31
42475.6, 4138.97
42506.6, 4152.31
42506.7, 4163.08
42506.7, 4157.44
42506.7, 4144.62
42537.7, 4133.33
42537.8, 4128.21
42537.9, 4131.79
42537.9, 4138.46
42568.8, 4149.23
42568.9, 4160.51
42569, 4158.46
42569, 4145.13
42600.7, 4133.85
42600.9, 4130.26
42600.9, 4129.23
42601, 4134.87
42631.8, 4151.28
42631.9, 4163.08
42631.9, 4158.97
42632, 4145.13
42662.8, 4134.36
42662.9, 4127.69
42663, 4125.64
42663, 4134.87
42693.7, 4152.82
42693.8, 4161.03
42693.9, 4153.33
42693.9, 4145.13
42725.9, 4137.44
42726, 4127.69
42726.1, 4126.67
42726.2, 4136.92
42756.7, 4150.26
42756.8, 4155.9
42756.8, 4151.79
42756.9, 4144.1
42788.3, 4131.79
42788.4, 4127.18
42788.5, 4130.77
42788.6, 4136.41
42820, 4147.18
42820.1, 4156.92
42820.2, 4152.82
42820.2, 4140
42850.9, 4129.23
42851, 4124.62
42851.1, 4126.15
42851.2, 4134.36
42881.7, 4149.23
42881.8, 4159.49
42881.9, 4156.41
42881.9, 4145.13
42912.7, 4133.85
42912.8, 4126.67
42912.9, 4129.74
42912.9, 4140
42944.9, 4149.23
42945, 4153.85
42945.1, 4152.82
42945.1, 4144.1
42975.7, 4130.26
42975.8, 4125.13
42975.9, 4132.82
42975.9, 4140
43006.9, 4146.67
43007, 4156.92
43007, 4158.46
43007.1, 4145.13
43038.7, 4132.82
43038.9, 4128.72
43038.9, 4128.72
43039, 4135.9
43069.9, 4150.77
43070, 4160
43070.1, 4155.38
43070.1, 4143.59
43100.9, 4135.9
43101, 4132.31
43101, 4128.72
43101.1, 4134.36
43131.8, 4151.79
43131.9, 4160.51
43132, 4153.85
43132, 4142.05
43163.7, 4134.87
43163.8, 4130.26
43163.8, 4127.69
43163.9, 4136.92
43195, 4155.38
43195.2, 4161.03
43195.3, 4151.28
43195.3, 4144.1
43225.9, 4135.38
43226, 4125.13
43226.1, 4130.77
43226.1, 4141.03
43257, 4144.1
43257.2, 4146.15
43257.2, 4146.15
43257.3, 4148.21
43288.8, 4147.69
43288.9, 4143.59
43288.9, 4144.62
43288.9, 4148.21
43320, 4147.18
43320, 4144.62
43320.1, 4143.59
43320.1, 4143.59
43350.8, 4142.56
43350.9, 4142.56
43350.9, 4144.62
43351, 4145.64
43382.5, 4144.1
43382.6, 4144.62
43382.7, 4147.18
43382.7, 4143.59
43413.4, 4140.51
43413.5, 4142.56
43413.6, 4143.59
43413.6, 4143.08
43444.5, 4143.59
43444.6, 4143.59
43444.7, 4143.08
43444.7, 4141.54
43475.5, 4141.03
43475.6, 4141.54
43475.6, 4144.1
43475.6, 4141.03
43507.4, 4138.97
43507.5, 4140
43507.5, 4140
43507.6, 4141.54
43538.6, 4140
43538.7, 4136.92
43538.8, 4140.51
43538.8, 4139.49
43569.6, 4136.41
43569.7, 4139.49
43569.7, 4140.51
43569.7, 4137.95
43602.1, 4138.46
43602.2, 4140
43602.3, 4140
43602.4, 4138.97
43632.5, 4138.97
43632.6, 4141.54
43632.6, 4141.54
43632.6, 4138.97
43663.6, 4138.97
43663.7, 4139.49
43663.7, 4140.51
43663.7, 4141.54
43694.5, 4140
43694.6, 4140.51
43694.6, 4141.54
43694.7, 4140
43726.5, 4138.97
43726.6, 4140
43726.6, 4140
43726.7, 4138.46
43757.5, 4137.44
43757.6, 4137.95
43757.7, 4138.97
43757.7, 4140.51
43788.7, 4139.49
43788.8, 4138.97
43788.9, 4145.64
43788.9, 4146.15
43820.9, 4143.08
43821, 4143.08
43821, 4144.1
43821.1, 4144.1
43851.8, 4142.56
43851.9, 4142.05
43851.9, 4143.59
43852, 4146.67
43882.5, 4148.21
43882.5, 4146.67
43882.6, 4146.15
43882.6, 4148.21
43913.6, 4148.21
43913.6, 4142.05
43913.7, 4141.03
43913.7, 4144.1
43945.6, 4144.1
43945.6, 4142.56
43945.7, 4143.08
43945.7, 4145.13
43976.8, 4147.18
43976.9, 4145.64
43977, 4143.59
43977, 4143.59
44007.7, 4143.59
44007.8, 4141.54
44007.8, 4141.54
44007.9, 4143.59
44039.6, 4143.59
44039.7, 4142.56
44039.7, 4144.1
44039.8, 4143.08
44070.5, 4138.97
44070.6, 4142.05
44070.7, 4146.67
44070.7, 4143.59
44101.5, 4140.51
44101.6, 4142.05
44101.7, 4144.62
44101.7, 4144.62
44132.5, 4143.08
44132.6, 4144.62
44132.6, 4146.15
44132.6, 4144.1
44164.5, 4141.54
44164.6, 4143.59
44164.6, 4145.64
44164.7, 4144.1
44195.6, 4142.56
44195.7, 4141.54
44195.7, 4142.56
44195.8, 4141.03
44226.8, 4140
44226.9, 4141.03
44227, 4139.49
44227, 4138.97
44257.7, 4141.03
44257.8, 4140.51
44257.9, 4141.03
44257.9, 4141.54
44289.6, 4140
44289.7, 4140.51
44289.7, 4141.54
44289.7, 4141.54
44320.8, 4138.97
44320.9, 4138.46
44321, 4140
44321, 4137.95
44351.5, 4135.9
44351.6, 4137.95
44351.7, 4140.51
44351.7, 4141.03
44383.6, 4138.46
44383.7, 4138.46
44383.7, 4140.51
44383.7, 4140
44414.4, 4138.97
44414.5, 4140
44414.6, 4140
44414.6, 4142.05
44445.5, 4145.13
44445.6, 4140
44445.6, 4138.97
44445.7, 4143.08
44476.7, 4142.56
44476.8, 4140.51
44476.9, 4141.03
44476.9, 4139.49
44508.5, 4137.95
44508.5, 4140.51
44508.6, 4139.49
44508.6, 4137.95
44539.6, 4136.92
44539.7, 4137.95
44539.8, 4137.95
44539.9, 4134.87
44570.6, 4136.92
44570.7, 4140
44570.7, 4139.49
44570.8, 4138.46
44602.8, 4138.46
44602.9, 4137.95
44603, 4138.46
44603, 4137.95
44633.9, 4137.44
44634, 4138.46
44634.1, 4138.46
44634.2, 4137.95
44664.8, 4138.97
44664.9, 4138.46
44665, 4140.51
44665.1, 4140.51
44695.4, 4137.44
44695.5, 4139.49
44695.5, 4141.54
44695.6, 4138.46
44727.4, 4137.44
44727.5, 4138.97
44727.5, 4137.95
44727.5, 4136.92
44758.4, 4137.95
44758.5, 4139.49
44758.5, 4140
44758.5, 4136.92
44789.7, 4136.41
44789.8, 4138.46
44789.9, 4138.46
44789.9, 4137.44
44820.6, 4139.49
44820.6, 4141.03
44820.7, 4138.97
44820.7, 4136.92
44852.8, 4138.46
44852.9, 4140.51
44853, 4139.49
44853, 4138.97
44883.6, 4141.03
44883.7, 4138.46
44883.8, 4140
44883.8, 4143.08
44914.3, 4141.03
44914.4, 4142.56
44914.5, 4144.1
44914.5, 4143.59
44946.3, 4144.1
44946.3, 4143.08
44946.4, 4143.59
44946.4, 4143.59
44977.9, 4143.59
44978, 4145.13
44978, 4147.69
44978.1, 4145.64
45008.5, 4141.54
45008.5, 4143.08
45008.6, 4145.64
45008.6, 4142.05
45040, 4140.51
45040.2, 4143.59
45040.2, 4144.1
45040.3, 4140.51
45072, 4141.54
45072.1, 4144.62
45072.2, 4144.1
45072.2, 4141.54
45103, 4138.97
45103.1, 4140.51
45103.2, 4143.59
45103.2, 4143.08
45133.4, 4141.54
45133.5, 4143.59
45133.6, 4144.1
45133.6, 4142.05
45165.3, 4141.54
45165.4, 4141.54
45165.4, 4141.03
45165.5, 4142.05
45196.5, 4143.08
45196.6, 4141.54
45196.6, 4141.03
45196.7, 4143.59
45227.6, 4142.05
45227.7, 4141.54
45227.7, 4144.1
45227.7, 4143.08
45258.9, 4142.05
45259, 4142.56
45259.1, 4142.56
45259.1, 4141.03
45290.6, 4141.03
45290.7, 4141.03
45290.7, 4140.51
45290.7, 4142.05
45321.5, 4141.03
45321.6, 4138.97
45321.6, 4140.51
45321.7, 4142.05
45352.6, 4142.56
45352.7, 4141.54
45352.8, 4140
45352.8, 4141.03
45384.6, 4141.54
45384.7, 4138.97
45384.8, 4140
45384.8, 4142.05
45415.6, 4141.03
45415.7, 4140
45415.8, 4140.51
45415.8, 4141.54
45446.8, 4144.1
45446.9, 4142.56
45446.9, 4138.46
45446.9, 4138.97
45477.5, 4142.56
45477.6, 4142.05
45477.6, 4141.03
45477.7, 4141.03
45509.6, 4141.03
45509.8, 4140.51
45509.8, 4137.95
45509.8, 4138.46
45540.6, 4141.03
45540.7, 4141.54
45540.8, 4140
45540.8, 4140.51
45571.5, 4142.05
45571.6, 4138.97
45571.7, 4136.41
45571.7, 4139.49
45603.5, 4142.56
45603.6, 4140.51
45603.6, 4139.49
45603.6, 4142.05
45634.6, 4141.03
45634.7, 4137.44
45634.7, 4138.46
45634.8, 4141.03
45665.8, 4138.46
45665.9, 4137.95
45665.9, 4142.56
45665.9, 4142.05
45696.5, 4139.49
45696.6, 4141.03
45696.6, 4141.03
45696.7, 4139.49
45728.5, 4138.97
45728.6, 4141.03
45728.6, 4142.56
45728.7, 4141.03
45759.5, 4140.51
45759.6, 4143.08
45759.6, 4142.56
45759.7, 4137.95
45790.5, 4137.44
45790.6, 4141.03
45790.7, 4141.03
45790.7, 4140
45822.6, 4141.03
45822.7, 4141.54
45822.8, 4138.97
45822.8, 4137.44
45853.8, 4139.49
45854, 4141.03
45854, 4138.97
45854, 4140.51
45884.7, 4144.1
45884.9, 4141.54
45884.9, 4140
45885, 4143.08
45915.6, 4143.08
45915.7, 4142.05
45915.7, 4141.54
45915.8, 4142.56
45947.8, 4142.56
45948, 4142.05
45948, 4143.59
45948.1, 4144.1
45978.4, 4143.08
45978.5, 4142.56
45978.6, 4143.08
45978.6, 4140.51
46009.4, 4138.97
46009.5, 4142.05
46009.5, 4142.05
46009.5, 4138.97
46040.6, 4138.46
46040.7, 4142.05
46040.8, 4143.59
46040.8, 4141.54
46072.7, 4140.51
46072.8, 4142.05
46072.9, 4142.05
46072.9, 4140
46103.5, 4140.51
46103.6, 4143.08
46103.6, 4142.05
46103.6, 4140.51
46134.5, 4141.03
46134.6, 4140.51
46134.6, 4140
46134.7, 4139.49
46166.5, 4139.49
46166.6, 4140.51
46166.6, 4141.03
46166.6, 4141.03
46197.3, 4141.54
46197.4, 4143.08
46197.5, 4142.56
46197.5, 4138.46
46228.4, 4137.95
46228.4, 4142.05
46228.5, 4143.59
46228.5, 4141.03
46259.6, 4139.49
46259.7, 4137.95
46259.7, 4138.97
46259.8, 4143.08
46291.4, 4144.1
46291.5, 4140.51
46291.6, 4138.46
46291.6, 4140.51
46322.5, 4144.1
46322.6, 4143.59
46322.7, 4141.03
46322.7, 4138.97
46353.9, 4140
46354, 4142.56
46354.1, 4142.05
46354.2, 4142.05
46384.9, 4142.56
46385, 4142.56
46385.1, 4141.03
46385.1, 4140.51
46416.5, 4141.03
46416.6, 4142.05
46416.7, 4142.05
46416.8, 4141.54
46447.4, 4141.54
46447.5, 4141.54
46447.5, 4142.05
46447.5, 4142.05
46478.6, 4140.51
46478.7, 4139.49
46478.8, 4141.03
46478.8, 4141.54
46510.5, 4141.03
46510.6, 4141.54
46510.6, 4142.05
46510.6, 4141.54
46541.8, 4141.03
46541.8, 4140.51
46541.9, 4142.05
46541.9, 4141.03
46572.9, 4139.49
46573, 4141.54
46573, 4143.08
46573.1, 4142.05
46603.6, 4140.51
46603.6, 4142.05
46603.7, 4141.54
46603.7, 4138.97
46635.5, 4141.03
46635.6, 4143.59
46635.7, 4140.51
46635.7, 4137.95
46666.6, 4140.51
46666.7, 4142.56
46666.7, 4142.05
46666.8, 4142.56
46697.6, 4141.03
46697.7, 4138.97
46697.8, 4138.46
46697.8, 4140
46729.5, 4142.56
46729.5, 4140.51
46729.6, 4139.49
46729.6, 4142.05
46760.4, 4138.46
46760.5, 4136.92
46760.6, 4138.97
46760.6, 4136.92
46791.7, 4137.95
46791.8, 4138.97
46791.8, 4136.92
46791.9, 4137.95
46822.5, 4139.49
46822.6, 4136.92
46822.6, 4140
46822.7, 4141.54
46854.5, 4139.49
46854.6, 4143.08
46854.6, 4142.56
46854.7, 4141.54
46885.5, 4144.62
46885.5, 4145.64
46885.6, 4143.08
46885.6, 4141.54
46916.5, 4143.59
46916.6, 4142.56
46916.7, 4141.03
46916.7, 4143.59
46948.6, 4144.1
46948.7, 4142.56
46948.8, 4143.59
46948.8, 4144.1
46979.5, 4140
46979.6, 4139.49
46979.6, 4143.08
46979.6, 4144.1
47010.5, 4142.56
47010.6, 4141.54
47010.6, 4142.56
47010.7, 4144.62
47041.7, 4143.08
47041.8, 4140.51
47041.8, 4141.54
47041.9, 4143.08
47073.5, 4142.05
47073.6, 4141.54
47073.6, 4143.08
47073.6, 4144.62
47104.5, 4144.62
47104.6, 4144.1
47104.7, 4144.1
47104.7, 4142.56
47135.7, 4141.54
47135.7, 4140.51
47135.8, 4141.03
47135.8, 4141.54
47166.8, 4142.05
47166.9, 4142.56
47167, 4140.51
47167, 4139.49
47198.8, 4140.51
47198.9, 4141.03
47199, 4142.05
47199.1, 4141.54
47229.7, 4140
47229.8, 4141.54
47229.8, 4143.08
47229.9, 4142.05
47260.5, 4141.03
47260.6, 4140.51
47260.7, 4141.54
47260.7, 4144.1
47292.3, 4143.08
47292.4, 4141.03
47292.5, 4143.08
47292.5, 4144.1
47323.4, 4141.54
47323.5, 4140
47323.5, 4142.05
47323.6, 4142.05
47354.6, 4142.05
47354.7, 4143.59
47354.8, 4144.1
47354.9, 4143.59
47385.8, 4142.56
47385.9, 4142.56
47385.9, 4141.54
47385.9, 4142.05
47417.8, 4138.97
47417.9, 4137.44
47418, 4140.51
47418, 4137.44
47448.7, 4136.92
47448.8, 4138.97
47448.8, 4138.46
47448.9, 4138.46
47479.5, 4137.44
47479.6, 4136.41
47479.6, 4138.46
47479.7, 4140
47511.5, 4138.46
47511.6, 4139.49
47511.7, 4140.51
47511.8, 4140.51
47542.5, 4143.08
47542.6, 4141.03
47542.6, 4142.05
47542.7, 4144.1
47573.8, 4143.59
47573.9, 4143.08
47573.9, 4141.03
47574, 4141.54
47604.5, 4142.56
47604.6, 4144.62
47604.6, 4145.64
47604.7, 4143.08
47636.9, 4142.56
47637, 4144.62
47637, 4144.62
47637.1, 4143.59
47667.5, 4143.59
47667.6, 4143.08
47667.8, 4142.56
47667.9, 4143.59
47698.5, 4143.59
47698.6, 4141.54
47698.6, 4141.54
47698.6, 4142.56
47730.4, 4142.05
47730.5, 4141.54
47730.5, 4142.56
47730.5, 4143.59
47761.6, 4142.05
47761.7, 4141.03
47761.7, 4142.05
47761.8, 4143.08
47792.7, 4143.08
47792.7, 4140
47792.8, 4140
47792.8, 4144.1
47823.6, 4143.08
47823.7, 4141.54
47823.7, 4143.08
47823.8, 4142.05
47855.6, 4141.03
47855.7, 4142.05
47855.8, 4142.05
47855.9, 4141.03
47886.7, 4141.54
47886.8, 4141.54
47886.8, 4141.03
47886.9, 4141.54
47917.3, 4141.03
47917.4, 4143.59
47917.5, 4144.1
47917.5, 4138.46
47948.3, 4136.41
47948.4, 4141.54
47948.4, 4143.59
47948.5, 4142.05
47980.4, 4143.08
47980.5, 4142.05
47980.6, 4141.54
47980.6, 4142.05
48011.5, 4141.03
48011.6, 4140.51
48011.6, 4140
48011.7, 4140.51
48042.9, 4143.08
48043, 4143.59
48043.1, 4142.05
48043.1, 4143.08
48074.6, 4140.51
48074.7, 4138.97
48074.7, 4143.08
48074.7, 4142.05
48105.6, 4136.92
48105.7, 4140
48105.8, 4143.08
48105.8, 4141.54
48136.7, 4143.08
48136.8, 4145.13
48136.9, 4142.56
48136.9, 4140.51
48167.4, 4142.05
48167.5, 4142.05
48167.5, 4140.51
48167.6, 4140.51
48199.7, 4138.46
48199.8, 4137.95
48199.9, 4136.92
48199.9, 4134.87
48230.8, 4138.46, estimuli
48232.1, 4138.97
48232.1, 4137.44
48232.2, 4139.49
48261.9, 4139.49
48262, 4138.46
48262, 4138.46
48262.1, 4137.44
48292.5, 4139.49
48292.6, 4143.59
48292.6, 4140.51
48292.7, 4141.54
48324.7, 4144.62
48324.8, 4141.54
48324.9, 4141.54
48324.9, 4143.08
48355.7, 4143.59
48355.8, 4144.1
48355.8, 4143.59
48355.8, 4144.1
48386.6, 4152.31
48386.6, 4158.46
48386.7, 4150.77
48386.7, 4138.97
48418.7, 4132.31
48418.8, 4127.18
48418.8, 4124.62
48418.8, 4134.87
48449.8, 4152.82
48450, 4163.59
48450.1, 4160
48450.2, 4143.08
48481, 4127.69
48481.1, 4122.05
48481.1, 4126.15
48481.2, 4140
48511.7, 4157.44
48511.8, 4162.05
48511.9, 4153.33
48511.9, 4142.05
48543.6, 4130.77
48543.7, 4127.69
48543.8, 4128.72
48543.8, 4133.85
48574.5, 4152.31
48574.6, 4163.08
48574.6, 4152.31
48574.7, 4137.44
48605.7, 4129.23
48605.8, 4125.64
48605.8, 4126.67
48605.9, 4138.97
48637.8, 4152.82
48637.9, 4159.49
48637.9, 4156.41
48638, 4141.03
48668.9, 4125.13
48669, 4124.62
48669.1, 4131.79
48669.1, 4139.49
48700, 4152.31
48700.1, 4162.05
48700.2, 4158.46
48700.2, 4144.1
48730.8, 4129.23
48731, 4125.13
48731, 4130.77
48731.1, 4138.97
48762.6, 4149.74
48762.8, 4160
48762.9, 4156.92
48763, 4140.51
48793.5, 4128.21
48793.6, 4127.69
48793.7, 4129.23
48793.7, 4135.9
48824.5, 4154.36
48824.6, 4163.08
48824.6, 4151.28
48824.6, 4139.49
48856.6, 4134.87
48856.7, 4129.74
48856.7, 4126.67
48856.8, 4136.92
48887.7, 4154.87
48887.8, 4159.49
48887.8, 4150.26
48887.9, 4141.54
48918.5, 4134.36
48918.6, 4125.64
48918.7, 4124.1
48918.7, 4137.44
48949.4, 4154.87
48949.5, 4159.49
48949.5, 4151.79
48949.6, 4140.51
48981.3, 4128.72
48981.4, 4124.1
48981.4, 4127.69
48981.5, 4135.9
49012.3, 4150.77
49012.4, 4159.49
49012.4, 4151.79
49012.5, 4138.97
49043.5, 4130.77
49043.6, 4128.21
49043.6, 4127.18
49043.7, 4132.82
49074.9, 4152.82
49075, 4163.08
49075.1, 4150.77
49075.1, 4138.97
49106.6, 4134.36
49106.7, 4128.21
49106.7, 4128.21
49106.7, 4140
49137.4, 4149.23
49137.5, 4155.38
49137.5, 4155.38
49137.6, 4141.03
49168.7, 4128.21
49168.8, 4128.21
49168.9, 4133.85
49168.9, 4140.51
49200.5, 4149.23
49200.6, 4158.46
49200.6, 4156.92
49200.7, 4142.05
49231.6, 4125.64
49231.7, 4125.13
49231.8, 4134.87
49231.8, 4140.51
49262.5, 4148.72
49262.6, 4158.97
49262.7, 4156.41
49262.7, 4138.46
49293.6, 4129.23
49293.7, 4129.74
49293.8, 4128.21
49293.8, 4134.87
49325.7, 4151.79
49325.8, 4159.49
49325.8, 4151.79
49325.9, 4142.56
49356.8, 4135.38
49356.9, 4130.77
49356.9, 4134.87
49356.9, 4140.51
49387.7, 4142.05
49387.8, 4142.56
49387.8, 4143.59
49387.9, 4145.64
49419.6, 4145.13
49419.7, 4141.03
49419.7, 4140.51
49419.8, 4143.08
49450.5, 4143.08
49450.6, 4141.54
49450.7, 4141.54
49450.7, 4142.05
49481.9, 4142.05
49482, 4142.05
49482.1, 4141.03
49482.1, 4141.03
49512.5, 4143.08
49512.6, 4143.08
49512.7, 4141.03
49512.7, 4140.51
49544.4, 4141.54
49544.5, 4143.08
49544.6, 4143.59
49544.6, 4141.54
49575.5, 4141.03
49575.6, 4141.54
49575.7, 4142.05
49575.8, 4140
49606.7, 4139.49
49606.8, 4141.54
49606.8, 4142.05
49606.9, 4141.54
49637.5, 4143.08
49637.6, 4143.59
49637.6, 4141.54
49637.6, 4140.51
49669.8, 4142.05
49669.9, 4143.08
49669.9, 4142.05
49670, 4141.03
49700.8, 4141.03
49701, 4142.05
49701.1, 4143.08
49701.1, 4144.1
49731.6, 4142.56
49731.7, 4140
49731.7, 4140.51
49731.7, 4140.51
49763.8, 4138.97
49763.9, 4141.54
49764, 4145.13
49764, 4143.08
49794.6, 4136.92
49794.8, 4136.92
49794.8, 4141.54
49794.9, 4142.56
49825.7, 4141.03
49825.8, 4142.05
49825.8, 4142.05
49825.9, 4140
49856.6, 4140
49856.7, 4141.54
49856.8, 4141.54
49856.8, 4141.54
49888.6, 4140.51
49888.6, 4137.95
49888.7, 4138.46
49888.7, 4140.51
49919.9, 4138.97
49920, 4137.95
49920.1, 4136.92
49920.2, 4137.44
49950.4, 4138.46
49950.5, 4135.9
49950.5, 4137.44
49950.6, 4139.49
49982.5, 4137.95
49982.6, 4136.41
49982.6, 4136.41
49982.6, 4138.97
50013.4, 4138.97
50013.5, 4137.44
50013.5, 4136.92
50013.5, 4138.97
50044.6, 4140
50044.7, 4138.97
50044.7, 4136.41
50044.8, 4135.9
50075.6, 4141.03
50075.7, 4142.05
50075.8, 4139.49
50075.8, 4141.03
50107.7, 4141.03
50107.8, 4138.97
50107.9, 4138.46
50108, 4140.51
50138.5, 4140.51
50138.6, 4138.97
50138.7, 4140.51
50138.7, 4141.03
50169.5, 4140.51
50169.6, 4142.05
50169.7, 4141.03
50169.7, 4141.54
50201.8, 4144.1
50201.9, 4143.08
50202, 4141.03
50202, 4143.08
50236.7, 4142.05
50236.8, 4135.9
50236.8, 4136.41
50236.8, 4140.51
50263.8, 4140.51
50263.9, 4140
50263.9, 4141.54
50264, 4142.05
50294.4, 4140
50294.5, 4140.51
50294.6, 4140
50294.6, 4138.46
50326.8, 4139.49
50326.9, 4138.97
50326.9, 4137.44
50327, 4138.97
50357.8, 4137.95
50357.9, 4136.92
50357.9, 4138.97
50358, 4140
50388.6, 4139.49
50388.7, 4138.46
50388.8, 4137.95
50388.8, 4139.49
50420.7, 4139.49
50420.8, 4134.87
50420.8, 4135.9
50420.9, 4140.51
50451.5, 4142.05
50451.6, 4140.51
50451.7, 4138.46
50451.7, 4140
50482.6, 4142.05
50482.7, 4141.03
50482.7, 4136.92
50482.8, 4136.92
50513.3, 4142.05
50513.4, 4141.03
50513.4, 4139.49
50513.4, 4144.1
50545.8, 4143.08
50545.9, 4141.03
50545.9, 4142.56
50546, 4142.05
50576.4, 4142.05
50576.5, 4143.59
50576.6, 4142.56
50576.6, 4143.08
50607.4, 4143.59
50607.6, 4140.51
50607.6, 4142.05
50607.7, 4143.59
50638.6, 4139.49
50638.7, 4138.46
50638.8, 4142.56
50638.8, 4144.1
50670.7, 4142.56
50670.8, 4141.03
50670.9, 4140.51
50671, 4141.03
50701.8, 4140
50701.9, 4141.03
50701.9, 4143.59
50701.9, 4143.59
50732.9, 4143.08
50733.1, 4142.05
50733.1, 4140
50733.3, 4140
50764.8, 4140.51
50765, 4142.05
50765.1, 4141.54
50765.1, 4141.54
50795.4, 4142.05
50795.5, 4142.05
50795.5, 4140.51
50795.6, 4141.54
50826.5, 4142.05
50826.6, 4141.03
50826.6, 4142.56
50826.7, 4143.59
50857.6, 4140.51
50857.7, 4141.54
50857.8, 4141.03
50857.8, 4137.44
50889.6, 4140.51
50889.6, 4143.08
50889.7, 4139.49
50889.7, 4142.05
50920.7, 4144.62
50920.8, 4141.54
50920.8, 4141.54
50920.9, 4143.08
50952, 4142.05
50952, 4143.59
50952.1, 4143.59
50952.1, 4141.03
50983.6, 4142.05
50983.7, 4143.59
50983.8, 4143.08
50983.8, 4141.54
51014.5, 4141.03
51014.6, 4141.54
51014.6, 4143.08
51014.7, 4142.56
51045.8, 4142.05
51045.9, 4143.59
51045.9, 4143.59
51045.9, 4142.56
51076.5, 4142.05
51076.6, 4141.54
51076.7, 4141.03
51076.7, 4140.51
51108.8, 4142.05
51108.9, 4143.08
51109, 4142.56
51109, 4143.08
51140, 4144.1
51140.2, 4143.59
51140.2, 4141.54
51140.3, 4142.56
51170.9, 4141.54
51171, 4136.92
51171.1, 4138.46
51171.1, 4143.59
51202.8, 4142.05
51202.9, 4142.05
51202.9, 4144.62
51202.9, 4142.56
51233.5, 4140.51
51233.6, 4142.56
51233.6, 4143.08
51233.7, 4142.05
51264.4, 4143.08
51264.5, 4144.62
51264.6, 4143.08
51264.6, 4142.05
51295.4, 4142.56
51295.5, 4143.08
51295.6, 4141.54
51295.6, 4138.46
51327.5, 4141.03
51327.5, 4143.59
51327.6, 4141.03
51327.6, 4140.51
51358.6, 4142.05
51358.7, 4141.54
51358.7, 4138.46
51358.8, 4137.95
51389.5, 4141.54
51389.6, 4143.08
51389.6, 4143.08
51389.7, 4143.08
51420.7, 4142.05
51420.7, 4140
51420.8, 4142.05
51420.8, 4143.08
51452.5, 4140
51452.6, 4138.97
51452.6, 4142.56
51452.6, 4142.56
51483.4, 4139.49
51483.5, 4141.54
51483.6, 4142.56
51483.6, 4141.03
51514.5, 4142.56
51514.6, 4143.08
51514.6, 4142.56
51514.6, 4143.59
51546.7, 4143.59
51546.8, 4142.05
51546.9, 4142.05
51546.9, 4142.56
51577.5, 4141.54
51577.6, 4142.05
51577.6, 4142.05
51577.7, 4141.54
51608.6, 4141.54
51608.7, 4142.05
51608.7, 4142.05
51608.8, 4141.54
51639.8, 4141.03
51639.9, 4142.05
51639.9, 4144.1
51640, 4143.59
51671.6, 4142.56
51671.7, 4142.56
51671.8, 4143.59
51671.8, 4143.08
51702.8, 4141.54
51702.9, 4142.05
51702.9, 4141.54
51703, 4141.03
51733.6, 4141.03
51733.7, 4143.59
51733.8, 4144.1
51733.8, 4140.51
51765.9, 4140
51766, 4142.05
51766, 4141.03
51766.1, 4140
51796.5, 4141.03
51796.6, 4141.54
51796.6, 4142.56
51796.7, 4142.05
51827.5, 4141.54
51827.6, 4143.08
51827.7, 4143.08
51827.7, 4141.54
51858.5, 4141.54
51858.6, 4142.56
51858.7, 4141.54
51858.7, 4141.54
51890.6, 4143.08
51890.7, 4142.05
51890.7, 4140.51
51890.8, 4142.05
51921.6, 4142.05
51921.7, 4141.03
51921.7, 4142.56
51921.7, 4142.05
51952.7, 4141.03
51952.8, 4143.59
51952.8, 4144.1
51952.8, 4143.08
51983.7, 4144.1
51983.8, 4142.05
51983.9, 4139.49
51983.9, 4142.05
52015.4, 4140.51
52015.5, 4137.95
52015.5, 4142.56
52015.5, 4144.62
52046.4, 4142.05
52046.5, 4142.05
52046.5, 4142.56
52046.6, 4141.54
52077.5, 4140.51
52077.6, 4141.03
52077.6, 4142.05
52077.6, 4142.56
52109.6, 4142.56
52109.7, 4142.56
52109.8, 4143.08
52109.8, 4143.59
52140.6, 4142.05
52140.7, 4141.54
52140.8, 4143.59
52140.8, 4144.1
52171.8, 4143.59
52172, 4144.1
52172, 4145.13
52172, 4141.54
52202.9, 4139.49
52203, 4142.56
52203.1, 4144.62
52203.1, 4143.08
52234.8, 4139.49
52234.9, 4142.05
52235, 4142.56
52235, 4138.46
52265.6, 4138.46
52265.7, 4143.08
52265.8, 4143.59
52265.8, 4141.03
52296.7, 4140.51
52296.8, 4141.03
52296.8, 4142.56
52296.9, 4142.56
52327.9, 4141.54
52328, 4141.54
52328, 4142.05
52328.1, 4141.54
52359.8, 4141.54
52359.9, 4142.05
52359.9, 4139.49
52359.9, 4138.46
52390.9, 4140
52391.1, 4140
52391.2, 4139.49
52391.3, 4140.51
52421.5, 4142.56
52421.6, 4142.56
52421.6, 4139.49
52421.7, 4138.97
52453.5, 4143.08
52453.6, 4143.08
52453.6, 4142.56
52453.6, 4145.13
52484.7, 4143.59
52484.8, 4141.03
52484.8, 4142.05
52484.9, 4141.54
52515.4, 4137.95
52515.5, 4138.97
52515.6, 4141.03
52515.6, 4140.51
52546.3, 4141.03
52546.4, 4138.97
52546.4, 4136.41
52546.4, 4141.03
52578.4, 4144.1
52578.6, 4141.54
52578.6, 4141.03
52578.6, 4140
52609.6, 4141.54
52609.7, 4143.59
52609.8, 4142.56
52609.8, 4143.08
52640.7, 4144.62
52640.8, 4144.1
52640.8, 4143.59
52640.8, 4144.1
52672.7, 4143.59
52672.8, 4142.05
52672.8, 4145.64
52672.9, 4148.21
52703.4, 4146.15
52703.5, 4145.64
52703.6, 4146.67
52703.6, 4147.18
52734.7, 4147.69
52734.8, 4147.18
52734.8, 4145.64
52734.9, 4144.1
52765.7, 4145.13
52765.8, 4145.64
52765.8, 4146.15
52765.9, 4147.18
52797.8, 4144.1
52798, 4143.08
52798.1, 4145.64
52798.3, 4146.67
52828.9, 4144.62
52829, 4143.59
52829.1, 4144.1
52829.1, 4143.59
52859.8, 4142.56
52859.9, 4144.1
52859.9, 4143.59
52860, 4143.59
52891.8, 4145.13
52891.9, 4142.56
52892, 4142.56
52892.1, 4144.62
52922.8, 4144.1
52922.9, 4143.08
52923, 4143.08
52923, 4143.08
52953.9, 4144.62
52954, 4145.64
52954.1, 4144.62
52954.1, 4143.08
52985.9, 4144.1
52986.1, 4144.1
52986.1, 4142.05
52986.2, 4141.54
53017.2, 4142.56
53017.4, 4144.1
53017.5, 4142.56
53017.5, 4141.03
53047.8, 4143.08
53047.9, 4144.62
53048, 4142.56
53048, 4141.03
53078.8, 4142.05
53079, 4144.62
53079.1, 4143.59
53079.2, 4141.54
53110.5, 4143.59
53110.6, 4143.59
53110.6, 4143.59
53110.7, 4144.62
53141.8, 4144.1
53142, 4141.03
53142, 4140
53142.1, 4143.59
53172.9, 4145.13
53173, 4141.54
53173.1, 4140.51
53173.1, 4143.08
53203.7, 4144.1
53203.8, 4140
53203.9, 4137.95
53203.9, 4140.51
53236, 4143.59
53236.2, 4142.05
53236.2, 4140
53236.3, 4140.51
53267, 4142.56
53267.3, 4143.59
53267.4, 4143.08
53267.5, 4144.62
53297.8, 4143.59
53297.9, 4142.05
53297.9, 4144.1
53298, 4144.62
53330, 4140.51
53330.1, 4137.44
53330.2, 4141.54
53330.3, 4142.05
53360.8, 4138.46
53360.9, 4140.51
53361, 4144.1
53361, 4143.59
53392, 4142.56
53392.1, 4142.56
53392.1, 4143.08
53392.1, 4143.08
53423.1, 4141.54
53423.2, 4139.49
53423.3, 4140
53424, 4142.56
53454.9, 4143.08
53455, 4142.56
53455.1, 4140.51
53455.1, 4138.97
53485.9, 4141.03
53486, 4142.05
53486.1, 4140.51
53486.1, 4141.54
53517, 4143.59
53517.1, 4143.59
53517.2, 4143.08
53517.2, 4141.03
53548.7, 4141.03
53548.8, 4142.56
53548.9, 4142.56
53548.9, 4142.56
53579.6, 4142.56
53579.7, 4140
53579.8, 4137.44
53579.8, 4138.97
53610.8, 4143.59
53610.9, 4143.59
53611, 4141.03
53611, 4141.54
53641.7, 4142.05
53641.9, 4140
53641.9, 4138.97
53642, 4141.54
53673.8, 4142.05
53673.9, 4140.51
53674, 4141.54
53674, 4144.1
53704.7, 4143.59
53704.9, 4141.03
53704.9, 4141.03
53705, 4143.08
53735.7, 4143.08
53735.8, 4142.56
53735.9, 4143.08
53735.9, 4142.05
53766.5, 4141.54
53766.6, 4141.54
53766.7, 4141.03
53766.7, 4141.03
53798.7, 4142.05
53798.8, 4142.56
53798.9, 4141.54
53798.9, 4142.56
53829.7, 4141.54
53829.9, 4137.44
53830, 4140
53830, 4144.62
53860.6, 4142.56
53860.7, 4140
53860.7, 4141.03
53860.8, 4143.08
53892.5, 4143.59
53892.6, 4141.03
53892.6, 4140
53892.7, 4140.51
53923.6, 4142.56
53923.7, 4143.08
53923.7, 4143.08
53923.8, 4143.59
53954.6, 4142.05
53954.7, 4142.05
53954.8, 4139.49
53954.8, 4138.97
53985.6, 4142.05
53985.7, 4142.05
53985.7, 4140.51
53985.8, 4139.49
54017.5, 4141.54
54017.6, 4142.05
54017.6, 4137.95
54017.6, 4137.95
54048.8, 4142.56
54049, 4143.08
54049, 4140.51
54049.1, 4140
54079.5, 4138.97
54079.6, 4135.38
54079.6, 4135.38
54079.6, 4138.97
54110.4, 4138.46
54110.5, 4137.44
54110.5, 4140.51
54110.6, 4141.54
54142.6, 4139.49
54142.7, 4142.05
54142.8, 4143.08
54142.9, 4141.03
54173.4, 4142.05
54173.5, 4141.54
54173.5, 4142.05
54173.5, 4143.08
54204.6, 4142.05
54204.7, 4142.56
54204.7, 4142.05
54204.8, 4142.05
54236.6, 4142.56
54236.7, 4142.05
54236.8, 4143.08
54236.9, 4143.08
54267.8, 4144.62
54268, 4143.59
54268.1, 4141.54
54268.1, 4142.56
54298.7, 4143.59
54298.8, 4142.05
54298.9, 4140.51
54298.9, 4142.56
54329.4, 4143.59
54329.5, 4144.1
54329.6, 4143.59
54329.6, 4141.54
54361.4, 4141.03
54361.4, 4143.08
54361.5, 4144.1
54361.5, 4144.1
54392.4, 4142.05
54392.5, 4140.51
54392.5, 4141.54
54392.5, 4141.54
54423.5, 4142.56
54423.5, 4144.1
54423.6, 4143.59
54423.6, 4142.56
54455.8, 4141.54
54455.9, 4141.03
54456, 4141.03
54456, 4142.56
54486.6, 4143.08
54486.7, 4141.03
54486.7, 4140.51
54486.8, 4142.05
54517.7, 4142.05
54517.8, 4143.08
54517.8, 4143.59
54517.8, 4142.56
54548.7, 4142.56
54548.8, 4141.54
54548.9, 4141.03
54549, 4141.03
54580.5, 4142.05
54580.5, 4142.05
54580.6, 4141.03
54580.6, 4142.05
54611.6, 4143.08
54611.6, 4142.56
54611.7, 4142.05
54611.7, 4141.03
54642.5, 4141.03
54642.7, 4143.08
54642.7, 4144.1
54642.8, 4140
54674.7, 4137.95
54674.8, 4141.54
54674.8, 4139.49
54674.8, 4137.44
54705.7, 4140
54705.9, 4137.95
54705.9, 4137.44
54705.9, 4140.51
54736.8, 4141.03
54737, 4139.49
54737, 4138.46
54737, 4138.97
54767.4, 4141.54
54767.6, 4140.51
54767.6, 4138.97
54767.7, 4141.54
54799.6, 4140.51
54799.7, 4140
54799.8, 4141.54
54799.8, 4142.05
54830.5, 4144.1
54830.6, 4144.62
54830.6, 4142.56
54830.7, 4142.05
54862, 4142.05
54862.1, 4142.56
54862.2, 4142.05
54862.3, 4142.56
54892.6, 4145.13
54892.7, 4144.1
54892.7, 4142.56
54892.8, 4144.1
54924.9, 4145.13
54925.1, 4142.56
54925.1, 4142.56
54925.2, 4145.13
54955.7, 4144.1
54955.8, 4143.08
54955.9, 4145.13
54955.9, 4144.62
54986.5, 4142.05
54986.6, 4142.56
54986.7, 4143.08
54986.8, 4141.54
55018.6, 4142.56
55018.7, 4144.1
55018.7, 4143.08
55018.7, 4142.56
55049.5, 4142.05
55049.6, 4141.54
55049.6, 4143.08
55049.7, 4144.62
55080.6, 4144.1
55080.7, 4143.08
55080.8, 4143.08
55080.8, 4143.59
55111.5, 4141.54
55111.6, 4141.03
55111.6, 4143.08
55111.7, 4143.08
55143.5, 4142.05
55143.6, 4143.08
55143.6, 4144.1
55143.7, 4142.05
55174.5, 4139.49
55174.6, 4142.56
55174.6, 4144.62
55174.6, 4142.05
55205.6, 4141.03
55205.6, 4143.59
55205.7, 4141.03
55205.7, 4139.49
55237.4, 4143.08
55237.5, 4143.59
55237.5, 4140.51
55237.6, 4142.05
55268.9, 4144.1
55269, 4141.54
55269.1, 4142.05
55269.1, 4144.62
55299.7, 4142.05
55299.8, 4142.05
55299.9, 4144.62
55299.9, 4142.56
55330.4, 4139.49
55330.6, 4141.54
55330.6, 4143.59
55330.7, 4143.08
55362.5, 4143.59
55362.6, 4144.1
55362.6, 4142.56
55362.7, 4143.08
55393.6, 4143.59
55393.7, 4143.59
55393.8, 4144.62
55393.8, 4145.13
55424.6, 4144.62
55424.6, 4142.05
55424.7, 4142.05
55424.7, 4142.56
55455.5, 4141.03
55455.6, 4141.03
55455.6, 4142.05
55455.6, 4142.56
55487.6, 4142.56
55487.7, 4141.54
55487.8, 4143.08
55487.8, 4143.08
55518.8, 4142.05
55518.9, 4143.08
55518.9, 4144.62
55519, 4142.56
55549.8, 4140.51
55549.9, 4142.05
55549.9, 4143.59
55550, 4142.56
55581.6, 4142.56
55581.7, 4138.97
55581.7, 4137.95
55581.7, 4140.51
55612.7, 4138.97
55612.9, 4138.46
55612.9, 4137.95
55612.9, 4137.95
55643.5, 4137.95
55643.6, 4135.9
55643.7, 4136.41
55643.7, 4140.51
55674.7, 4141.03
55674.8, 4139.49
55674.9, 4140.51
55674.9, 4139.49
55706.6, 4141.54
55706.6, 4144.1
55706.7, 4141.54
55706.7, 4142.56
55737.7, 4142.56
55737.8, 4143.08
55737.8, 4146.15
55737.8, 4145.13
55768.7, 4143.59
55768.8, 4142.56
55768.8, 4142.56
55768.9, 4142.05
55800.7, 4143.08
55800.8, 4145.13
55800.9, 4143.08
55800.9, 4141.03
55831.5, 4143.08
55831.6, 4145.13
55831.6, 4141.54
55831.6, 4140
55862.6, 4144.1
55862.7, 4143.59
55862.8, 4142.05
55862.8, 4142.56
55893.6, 4140.51
55893.7, 4141.03
55893.8, 4144.1
55893.8, 4143.08
55925.6, 4142.56
55925.6, 4143.08
55925.7, 4142.05
55925.7, 4142.56
55956.5, 4144.62
55956.5, 4143.59
55956.6, 4142.56
55956.6, 4143.59
55987.5, 4143.59
55987.7, 4142.56
55987.7, 4141.54
55987.8, 4142.56
56018.7, 4144.1
56018.8, 4142.56
56018.9, 4142.56
56018.9, 4144.1
56050.5, 4138.97
56050.6, 4136.92
56050.6, 4143.59
56050.6, 4143.59
56081.8, 4140.51
56081.9, 4142.56
56081.9, 4144.1
56082, 4143.08
56112.7, 4143.08
56112.8, 4142.05
56112.8, 4141.03
56112.8, 4142.56
56144.5, 4145.13
56144.6, 4144.1
56144.6, 4142.56
56144.7, 4143.59
56175.6, 4143.59
56175.7, 4143.59
56175.8, 4144.1
56175.8, 4143.08
56206.8, 4140.51
56206.9, 4142.05
56206.9, 4143.08
56207, 4140.51
56237.7, 4141.03
56237.9, 4143.59
56237.9, 4143.08
56238, 4142.05
56269.9, 4143.08
56270, 4143.08
56270.1, 4143.08
56270.1, 4142.56
56300.9, 4142.56
56301, 4144.1
56301.1, 4144.62
56301.1, 4144.1
56331.4, 4142.56
56331.5, 4141.54
56331.5, 4142.56
56331.6, 4144.62
56363.4, 4145.13
56363.5, 4142.56
56363.5, 4141.54
56363.6, 4142.05
56394.4, 4141.54
56394.5, 4143.59
56394.6, 4143.08
56394.6, 4141.54
56425.6, 4142.56
56425.7, 4142.05
56425.8, 4140.51
56425.9, 4142.56
56456.5, 4144.62
56456.6, 4138.97
56456.7, 4136.41
56456.7, 4140.51
56488.6, 4138.97
56488.7, 4138.46
56488.8, 4141.03
56489, 4140
56520.1, 4138.97
56520.3, 4137.95
56520.3, 4137.95
56520.4, 4139.49
56550.8, 4137.44
56550.9, 4136.92
56551, 4138.46
56551, 4138.97
56582.3, 4138.46
56582.4, 4137.95
56582.5, 4138.46
56582.5, 4138.46
56613.4, 4138.97
56613.5, 4140
56613.5, 4138.46
56613.5, 4137.44
56644.4, 4137.95
56644.5, 4136.92
56644.5, 4136.92
56644.6, 4139.49
56675.4, 4138.46
56675.5, 4139.49
56675.5, 4143.08
56675.6, 4139.49
56707.8, 4138.97
56707.9, 4142.05
56708, 4141.03
56708, 4141.54
56738.7, 4143.08
56738.8, 4140.51
56738.8, 4137.44
56738.8, 4140
56769.6, 4143.08
56769.6, 4141.03
56769.7, 4140
56769.7, 4141.54
56801.7, 4141.54
56801.8, 4141.54
56801.8, 4143.08
56801.9, 4141.54
56832.5, 4137.95
56832.6, 4139.49
56832.7, 4142.56
56832.7, 4142.56
56863.8, 4141.03
56863.9, 4138.97
56863.9, 4140.51
56864, 4142.05
56894.4, 4140.51
56894.5, 4140
56894.5, 4142.05
56894.6, 4141.54
56926.8, 4140.51
56926.9, 4142.05
56927, 4143.08
56927, 4142.05
56957.5, 4141.03
56957.6, 4142.05
56957.6, 4143.59
56957.7, 4142.56
56988.6, 4140
56988.6, 4138.46
56988.7, 4142.05
56988.8, 4143.08
57019.5, 4140.51
57019.6, 4141.03
57019.6, 4142.05
57019.7, 4142.05
57051.7, 4141.03
57051.8, 4141.54
57051.8, 4143.59
57051.9, 4143.59
57082.6, 4140.51
57082.7, 4140
57082.7, 4142.56
57082.8, 4142.05
57113.4, 4141.03
57113.5, 4143.59
57113.6, 4143.08
57113.6, 4141.54
57145.6, 4139.49
57145.7, 4137.44
57145.8, 4141.03
57145.8, 4143.59
57176.6, 4141.54
57176.7, 4143.08
57176.8, 4146.15
57176.8, 4143.08
57207.6, 4139.49
57207.7, 4142.05
57207.8, 4144.62
57207.9, 4142.56
57238.5, 4140.51
57238.6, 4141.03
57238.6, 4142.05
57238.6, 4142.56
57270.7, 4142.56
57270.9, 4142.56
57270.9, 4138.97
57270.9, 4136.41
57301.7, 4141.03
57301.8, 4144.62
57301.8, 4141.54
57301.8, 4140.51
57332.8, 4142.56
57332.9, 4142.05
57333, 4143.59
57333.1, 4144.62
57364.7, 4141.54
57364.9, 4139.49
57365, 4141.54
57365.1, 4142.56
57395.6, 4141.54
57395.7, 4142.56
57395.7, 4143.59
57395.7, 4142.56
57426.6, 4141.03
57426.7, 4141.54
57426.7, 4142.56
57426.8, 4140
57457.6, 4138.97
57457.7, 4140
57457.8, 4141.54
57457.8, 4140.51
57489.7, 4135.9
57489.8, 4137.44
57489.8, 4141.54
57489.9, 4140
57520.7, 4139.49
57520.8, 4141.03
57520.8, 4140
57520.9, 4140.51
57551.8, 4143.08
57551.9, 4141.03
57552, 4140.51
57552, 4142.56
57582.4, 4140.51
57582.5, 4136.92
57582.6, 4138.46
57582.6, 4140.51
57614.4, 4138.97
57614.5, 4140.51
57614.5, 4144.62
57614.6, 4143.59
57645.5, 4140.51
57645.6, 4141.03
57645.6, 4142.05
57645.6, 4140.51
57676.6, 4138.97
57676.8, 4141.03
57676.8, 4140.51
57676.8, 4140
57708.6, 4140.51
57708.7, 4138.97
57708.8, 4140.51
57708.8, 4143.59
57739.8, 4143.59
57740, 4142.05
57740, 4142.05
57740.1, 4143.59
57771, 4143.08
57771.1, 4141.03
57771.1, 4142.05
57771.2, 4143.08
57801.8, 4142.56
57801.9, 4141.03
57801.9, 4141.54
57802, 4143.08
57833.6, 4143.59
57833.7, 4144.62
57833.7, 4145.13
57833.8, 4142.56
57864.3, 4142.56
57864.4, 4143.59
57864.4, 4144.1
57864.5, 4145.64
57895.7, 4146.15
57895.8, 4145.64
57895.9, 4144.62
57895.9, 4143.59
57927.5, 4144.62
57927.5, 4144.62
57927.6, 4145.13
57927.6, 4145.13
57958.6, 4143.08
57958.7, 4143.59
57958.7, 4145.64
57958.8, 4145.13
57989.7, 4144.62
57989.8, 4146.15
57989.8, 4147.18
57989.8, 4145.64
58020.5, 4145.64
58020.6, 4146.15
58020.6, 4145.64
58020.7, 4146.67
58052.7, 4147.18
58052.8, 4147.18
58052.8, 4147.18
58052.8, 4146.67
58083.6, 4146.15
58083.7, 4147.18
58083.7, 4148.21
58083.8, 4146.67
58114.6, 4146.15
58114.7, 4147.69
58114.7, 4146.67
58114.8, 4146.15
58145.9, 4149.23
58146, 4149.74
58146, 4147.18
58146, 4145.64
58177.6, 4143.59
58177.6, 4145.13
58177.7, 4146.67
58177.7, 4145.13
58208.5, 4144.62
58208.6, 4146.15
58208.7, 4146.15
58208.7, 4143.59
58239.5, 4144.1
58239.6, 4144.62
58239.6, 4144.62
58239.7, 4147.69
58271.5, 4146.67
58271.6, 4145.64
58271.6, 4148.21
58271.6, 4148.21
58302.6, 4145.64
58302.7, 4146.67
58302.8, 4146.67
58302.8, 4144.62
58333.5, 4142.05
58333.6, 4141.54
58333.7, 4143.08
58333.7, 4145.64
58365.1, 4146.67
58365.2, 4142.56
58365.3, 4139.49
58365.4, 4141.03
58396.8, 4142.05
58396.9, 4143.59
58396.9, 4143.08
58397, 4141.03
58427.7, 4140.51
58427.8, 4141.03
58427.8, 4141.54
58427.9, 4141.03
58458.6, 4140.51
58458.7, 4141.54
58458.8, 4141.03
58458.8, 4138.97
58490.8, 4139.49
58490.9, 4141.54
58490.9, 4141.54
58490.9, 4139.49
58521.6, 4141.03
58521.6, 4140
58521.7, 4135.9
58521.7, 4137.95
58552.8, 4141.03
58552.9, 4140
58552.9, 4138.97
58553, 4141.03
58599.6, 4142.05
58599.7, 4137.95
58599.7, 4136.41
58599.8, 4136.92
58615.5, 4135.9
58615.6, 4136.41
58615.7, 4140.51
58615.7, 4143.08
58650.7, 4139.49
58650.8, 4136.92
58650.8, 4141.03
58650.9, 4141.03
58677.4, 4138.46
58677.5, 4140
58677.6, 4137.95
58677.6, 4135.38
58710, 4137.95
58710, 4138.46
58710.1, 4136.41
58710.1, 4137.44
58740.6, 4140
58740.7, 4138.97
58740.8, 4140.51
58740.8, 4142.56
58771.9, 4140
58772, 4140.51
58772.1, 4142.56
58772.1, 4138.97
58802.9, 4135.9
58803, 4140
58803.1, 4143.59
58803.1, 4141.03
58834.6, 4140
58834.8, 4140.51
58834.9, 4140
58834.9, 4143.08
58865.4, 4145.13
58865.5, 4142.05
58865.5, 4137.44
58865.6, 4137.95
58896.9, 4141.03
58896.9, 4140.51
58897, 4139.49
58897, 4143.08
58927.3, 4142.56
58927.4, 4138.46
58927.5, 4141.03
58927.5, 4143.59
58959.4, 4141.54
58959.5, 4141.03
58959.5, 4143.59
58959.6, 4143.08
58990.9, 4141.03
58991, 4141.54
58991, 4141.03
58991.1, 4139.49
59021.6, 4139.49
59021.7, 4140
59021.7, 4141.54
59021.8, 4142.05
59053.6, 4140
59053.7, 4141.54
59053.8, 4143.59
59053.8, 4143.08
59084.5, 4141.03
59084.6, 4142.05
59084.6, 4142.56
59084.6, 4141.03
59115.4, 4140.51
59115.5, 4140.51
59115.5, 4141.03
59115.6, 4142.05
59146.5, 4142.05
59146.6, 4141.54
59146.7, 4144.1
59146.7, 4143.08
59178.4, 4140.51
59178.5, 4142.56
59178.6, 4144.1
59178.6, 4141.54
59209.8, 4139.49
59209.9, 4142.56
59209.9, 4143.08
59209.9, 4141.54
59240.6, 4142.56
59240.8, 4143.08
59240.8, 4143.08
59240.8, 4143.08
59272.7, 4142.56
59272.8, 4142.05
59272.9, 4140.51
59272.9, 4141.03
59303.6, 4143.59
59303.7, 4143.08
59303.7, 4142.05
59303.8, 4143.59
59334.5, 4143.59
59334.6, 4142.56
59334.7, 4142.05
59334.7, 4143.08
59365.5, 4141.54
59365.7, 4140
59365.7, 4142.56
59365.8, 4143.59
59397.7, 4140.51
59397.8, 4140
59398, 4142.05
59398, 4142.56
59428.7, 4142.56
59428.9, 4143.59
59428.9, 4141.54
59429, 4140
59459.5, 4141.03
59459.6, 4142.56
59459.7, 4144.1
59459.7, 4143.59
59490.4, 4141.54
59490.5, 4142.56
59490.6, 4143.59
59490.6, 4140
59522.6, 4140
59522.7, 4143.59
59522.7, 4144.1
59522.8, 4142.05
59553.6, 4141.54
59553.7, 4142.56
59553.7, 4141.54
59553.8, 4141.54
59584.6, 4142.56
59584.7, 4141.03
59584.7, 4140
59584.8, 4140
59616.8, 4141.03
59617, 4143.08
59617, 4143.08
59617.1, 4142.05
59647.9, 4144.62
59648, 4145.13
59648.1, 4141.03
59648.1, 4140.51
59678.5, 4145.13
59678.6, 4143.08
59678.6, 4138.97
59678.7, 4140.51
59709.8, 4142.56
59709.9, 4141.03
59710, 4141.54
59710.1, 4141.54
59741.6, 4138.46
59741.7, 4141.54
59741.8, 4146.67
59741.8, 4142.56
59772.6, 4138.97
59772.7, 4141.03
59772.7, 4142.56
59772.7, 4143.59
59803.5, 4143.59
59803.7, 4141.54
59803.7, 4142.56
59803.8, 4144.62
59835.8, 4142.56
59835.9, 4141.03
59836, 4142.56
59836, 4141.03
59866.5, 4141.54
59866.6, 4145.64
59866.7, 4145.64
59866.7, 4141.03
59897.6, 4141.03
59897.6, 4142.56
59897.7, 4140
59897.7, 4140.51
59928.8, 4142.05
59928.9, 4141.54
59928.9, 4140.51
59929, 4141.54
59960.5, 4143.08
59960.7, 4140.51
59960.7, 4140
59960.8, 4141.54
59991.6, 4137.95
59991.7, 4135.38
59991.7, 4138.97
59991.8, 4140
60022.9, 4137.95
60023, 4138.46
60023.1, 4141.54
60023.1, 4140.51
60054, 4140
60054.1, 4143.08
60054.2, 4144.1
60054.2, 4142.56
60086, 4141.54
60086.1, 4144.1
60086.2, 4144.62
60086.2, 4142.56
60116.8, 4144.62
60116.9, 4146.15
60117, 4144.62
60117, 4145.13
60147.8, 4144.1
60147.9, 4141.54
60147.9, 4143.59
60148, 4144.62
60179.5, 4143.59
60179.6, 4141.54
60179.7, 4140.51
60179.8, 4141.54
60210.6, 4143.59
60210.7, 4144.62
60210.7, 4143.08
60210.7, 4140.51
60241.9, 4141.54
60242.1, 4143.59
60242.1, 4143.08
60242.2, 4140.51
60272.8, 4140.51
60272.9, 4143.08
60272.9, 4142.05
60272.9, 4139.49
60304.8, 4141.54
60304.9, 4142.05
60305, 4140.51
60305, 4141.03
60335.7, 4142.56
60335.8, 4143.08
60335.8, 4144.1
60335.9, 4145.64
60366.6, 4143.59
60366.7, 4141.03
60366.8, 4141.54
60366.9, 4142.05
60398.4, 4142.56
60398.5, 4142.05
60398.6, 4140.51
60398.6, 4141.03
60429.5, 4144.1
60429.6, 4144.62
60429.6, 4140.51
60429.7, 4141.54
60461.1, 4144.62
60461.2, 4143.59
60461.3, 4142.05
60461.4, 4142.56
60491.4, 4143.59
60491.5, 4143.59
60491.5, 4141.03
60491.6, 4139.49
60523.5, 4142.05
60523.6, 4142.56
60523.6, 4143.08
60523.6, 4143.08
60554.5, 4142.05
60554.6, 4144.1
60554.6, 4144.1
60554.7, 4142.56
60585.6, 4141.54
60585.7, 4141.03
60585.7, 4141.03
60585.8, 4142.05
60616.3, 4143.08
60616.4, 4143.08
60616.4, 4143.08
60616.4, 4142.56
60648.4, 4139.49
60648.5, 4139.49
60648.5, 4141.54
60648.5, 4141.54
60679.9, 4140.51
60680, 4142.05
60680.1, 4146.15
60680.2, 4147.69
60710.4, 4143.59
60710.5, 4141.54
60710.6, 4142.56
60710.6, 4141.03
60742.8, 4139.49
60742.8, 4142.56
60742.9, 4145.13
60742.9, 4142.05
60773.7, 4137.95
60773.8, 4140
60773.9, 4140
60773.9, 4136.41
60804.5, 4137.95
60804.6, 4138.46
60804.6, 4137.44
60804.6, 4136.92
60835.6, 4136.41
60835.7, 4133.85
60835.8, 4133.85
60835.8, 4134.87
60867.4, 4133.85, estimuli
60869.1, 4134.87
60869.2, 4133.33
60869.3, 4130.77
60898.7, 4134.87
60898.8, 4138.46
60898.9, 4134.87
60898.9, 4129.23
60929.5, 4129.74
60929.6, 4135.38
60929.6, 4135.38
60929.7, 4132.31
60961.6, 4134.87
60961.6, 4136.41
60961.7, 4134.36
60961.7, 4137.95
60992.7, 4140
60992.8, 4134.36
60992.8, 4133.33
60992.9, 4140.51
61023.6, 4146.67
61023.7, 4151.28
61023.7, 4150.77
61023.8, 4135.38
61054.6, 4120.51
61054.7, 4118.97
61054.7, 4121.54
61054.8, 4128.72
61087, 4148.72
61087.1, 4164.62
61087.1, 4159.49
61087.1, 4141.54
61117.6, 4128.72
61117.7, 4124.1
61117.7, 4121.54
61117.8, 4127.18
61148.5, 4147.69
61148.6, 4166.67
61148.7, 4162.05
61148.7, 4143.08
61179.5, 4128.21
61179.6, 4124.1
61179.6, 4124.1
61179.6, 4129.74
61211.4, 4150.26
61211.5, 4167.69
61211.5, 4161.54
61211.6, 4144.1
61242.7, 4131.28
61242.8, 4123.59
61242.9, 4121.03
61242.9, 4132.82
61273.6, 4155.38
61273.7, 4166.15
61273.7, 4157.44
61273.7, 4142.05
61305.7, 4127.18
61305.8, 4123.59
61305.9, 4126.15
61305.9, 4129.74
61336.8, 4148.21
61336.9, 4166.15
61336.9, 4160.51
61337, 4146.15
61367.9, 4133.33
61368, 4124.1
61368.1, 4123.08
61368.1, 4132.31
61398.7, 4151.79
61398.8, 4165.13
61398.9, 4159.49
61398.9, 4145.13
61430.4, 4131.79
61430.5, 4122.56
61430.6, 4124.1
61430.6, 4137.95
61461.3, 4154.87
61461.4, 4164.1
61461.4, 4162.05
61461.5, 4149.23
61492.5, 4133.85
61492.6, 4126.15
61492.7, 4127.69
61492.7, 4137.95
61524.4, 4154.87
61524.5, 4167.18
61524.5, 4164.62
61524.6, 4147.69
61555.4, 4133.33
61555.5, 4129.74
61555.5, 4130.26
61555.6, 4137.95
61586.5, 4154.87
61586.6, 4167.69
61586.6, 4166.15
61586.7, 4151.79
61617.6, 4135.38
61617.7, 4128.21
61617.8, 4127.69
61617.8, 4133.85
61649.5, 4151.79
61649.6, 4169.23
61649.6, 4164.1
61649.6, 4146.67
61680.5, 4134.87
61680.6, 4129.74
61680.6, 4129.23
61680.6, 4133.85
61711.7, 4151.28
61711.8, 4167.18
61711.8, 4162.05
61711.9, 4146.15
61742.5, 4134.36
61742.6, 4128.72
61742.6, 4128.21
61742.6, 4138.46
61774.7, 4157.95
61774.8, 4166.67
61774.9, 4157.95
61774.9, 4143.08
61805.6, 4132.31
61805.7, 4129.23
61805.7, 4128.72
61805.7, 4130.26
61836.5, 4147.69
61836.6, 4164.62
61836.6, 4157.95
61836.6, 4140.51
61868.5, 4131.28
61868.6, 4127.69
61868.7, 4126.15
61868.7, 4133.85
61899.7, 4152.82
61899.8, 4162.56
61899.9, 4156.92
61899.9, 4145.64
61930.7, 4132.31
61930.8, 4123.08
61930.8, 4125.64
61930.9, 4138.46
61961.8, 4152.82
61961.9, 4161.54
61962, 4160
61962, 4145.64
61993.6, 4131.79
61993.7, 4126.15
61993.7, 4127.18
61993.8, 4134.36
62024.5, 4144.62
62024.5, 4149.23
62024.6, 4145.64
62024.6, 4145.64
62055.5, 4147.69
62055.6, 4144.62
62055.7, 4143.59
62055.7, 4144.62
62087.6, 4144.62
62087.7, 4144.62
62087.8, 4144.62
62087.8, 4145.64
62118.9, 4146.67
62119, 4144.62
62119.2, 4143.59
62119.2, 4145.13
62149.4, 4142.56
62149.5, 4140.51
62149.5, 4142.56
62149.6, 4143.08
62180.7, 4142.05
62180.8, 4144.1
62180.9, 4144.62
62180.9, 4142.05
62212.5, 4141.54
62212.6, 4144.62
62212.6, 4144.1
62212.7, 4141.54
62243.6, 4141.03
62243.7, 4144.62
62243.7, 4146.67
62243.8, 4143.59
62274.5, 4142.05
62274.6, 4142.56
62274.7, 4142.05
62274.7, 4142.05
62305.6, 4143.08
62305.7, 4145.13
62305.8, 4145.64
62305.9, 4142.56
62337.8, 4140.51
62338, 4142.05
62338, 4143.08
62338.1, 4141.54
62369.1, 4141.03
62369.3, 4141.54
62369.4, 4140.51
62369.4, 4142.05
62399.4, 4144.62
62399.5, 4141.54
62399.5, 4141.03
62399.5, 4143.08
62431.6, 4141.54
62431.8, 4139.49
62431.8, 4141.54
62431.9, 4143.59
62462.4, 4140.51
62462.5, 4137.95
62462.6, 4143.08
62462.6, 4145.64
62493.4, 4143.08
62493.5, 4142.05
62493.5, 4144.1
62493.5, 4145.13
62524.8, 4143.59
62525, 4141.54
62525, 4142.56
62525, 4143.59
62556.6, 4142.05
62556.8, 4141.54
62556.8, 4142.05
62556.8, 4142.05
62587.9, 4142.05
62588, 4141.54
62588.1, 4141.03
62588.1, 4141.54
62618.4, 4142.05
62618.6, 4143.08
62618.6, 4144.1
62618.6, 4143.08
62650.7, 4144.1
62650.8, 4145.64
62650.8, 4142.05
62650.9, 4140.51
62681.5, 4142.05
62681.6, 4143.59
62681.7, 4143.59
62681.7, 4142.56
62712.7, 4144.1
62712.8, 4145.13
62712.9, 4143.08
62712.9, 4144.1
62743.3, 4146.15
62743.4, 4143.59
62743.5, 4140.51
62743.5, 4141.03
62775.8, 4141.54
62775.9, 4142.56
62775.9, 4143.08
62776, 4143.59
62806.5, 4141.03
62806.6, 4142.05
62806.6, 4144.1
62806.6, 4140.51
62837.4, 4138.97
62837.5, 4143.08
62837.6, 4145.13
62837.6, 4142.56
62869.6, 4144.1
62869.7, 4146.67
62869.8, 4144.1
62869.8, 4143.59
62900.4, 4144.1
62900.6, 4141.03
62900.6, 4140.51
62900.7, 4143.08
62931.5, 4143.59
62931.5, 4143.08
62931.6, 4142.56
62931.6, 4141.54
62962.9, 4141.54
62963, 4142.56
62963, 4144.1
62963, 4143.08
62994.8, 4141.03
62994.9, 4141.03
62995, 4143.08
62995.1, 4143.08
63026.3, 4141.54
63026.4, 4143.08
63026.4, 4142.56
63026.5, 4142.56
63056.8, 4144.1
63056.9, 4143.08
63057, 4142.56
63057, 4144.1
63087.9, 4142.56
63088.1, 4142.56
63088.1, 4144.1
63088.2, 4144.1
63119.7, 4144.62
63119.8, 4145.13
63119.9, 4143.59
63119.9, 4141.03
63150.7, 4140
63150.8, 4143.08
63150.9, 4144.1
63151, 4140.51
63181.9, 4140.51
63182.1, 4141.54
63182.1, 4141.03
63182.2, 4142.05
63213.8, 4145.64
63213.9, 4144.1
63213.9, 4141.54
63214, 4143.59
63244.8, 4143.08
63244.9, 4141.03
63245, 4143.08
63245, 4145.13
63276, 4144.1
63276.1, 4142.56
63276.1, 4142.05
63276.1, 4141.03
63306.8, 4140.51
63306.9, 4144.1
63307, 4144.62
63307, 4141.03
63338.9, 4142.05
63339, 4143.59
63339, 4140
63339.1, 4137.95
63370.1, 4142.56
63370.8, 4144.62
63370.9, 4142.56
63371, 4143.59
63400.8, 4145.13
63401, 4141.03
63401, 4138.97
63401.1, 4142.56
63432.8, 4144.1
63432.9, 4142.05
63433, 4142.05
63433, 4143.59
63463.8, 4143.08
63464, 4142.56
63464, 4144.1
63464.1, 4142.05
63494.9, 4141.54
63495, 4143.59
63495, 4142.05
63495, 4140.51
63525.9, 4141.03
63526.1, 4142.56
63526.1, 4141.54
63526.2, 4140.51
63557.8, 4142.05
63557.9, 4143.08
63558, 4145.13
63558, 4145.13
63588.9, 4143.08
63589.1, 4144.62
63589.1, 4144.1
63589.2, 4141.03
63620.1, 4140.51
63620.2, 4141.54
63620.3, 4141.03
63620.3, 4141.03
63651, 4143.08
63651.1, 4144.1
63651.2, 4142.56
63651.3, 4142.56
63682.9, 4142.56
63683, 4142.05
63683.1, 4143.08
63683.1, 4142.56
63713.9, 4141.03
63714.1, 4142.56
63714.1, 4143.59
63714.2, 4142.05
63744.9, 4142.56
63745, 4145.13
63745.1, 4144.62
63745.1, 4142.56
63776.8, 4141.03
63776.9, 4141.03
63776.9, 4142.05
63776.9, 4142.05
63807.9, 4142.05
63808, 4143.59
63808, 4144.1
63808.1, 4143.59
63838.5, 4144.62
63838.6, 4143.08
63838.6, 4141.03
63838.7, 4139.49
63869.6, 4139.49
63869.7, 4141.54
63869.8, 4141.03
63869.8, 4140
63901.4, 4142.56
63901.5, 4143.59
63901.5, 4142.05
63901.6, 4141.03
63932.8, 4141.54
63932.9, 4141.54
63932.9, 4141.54
63933, 4140.51
63963.8, 4139.49
63963.9, 4142.05
63964, 4142.56
63964, 4142.05
63995.9, 4143.08
63996, 4141.54
63996, 4141.03
63996.1, 4142.05
64026.9, 4143.59
64027, 4144.62
64027.1, 4143.59
64027.2, 4143.59
64057.6, 4144.62
64057.7, 4143.08
64057.8, 4141.03
64057.9, 4142.05
64088.5, 4143.08
64088.5, 4142.56
64088.6, 4142.56
64088.6, 4143.08
64120.4, 4142.05
64120.5, 4142.56
64120.6, 4145.64
64120.6, 4144.1
64151.3, 4143.08
64151.4, 4145.64
64151.5, 4143.59
64151.5, 4141.03
64182.4, 4143.08
64182.5, 4144.1
64182.5, 4142.05
64182.6, 4143.08
64214.9, 4142.05
64215, 4142.05
64215.1, 4145.64
64215.1, 4145.64
64245.6, 4140.51
64245.8, 4140
64245.8, 4145.13
64245.9, 4143.59
64276.4, 4140
64276.5, 4141.03
64276.5, 4142.56
64276.6, 4140.51
64307.7, 4142.05
64307.8, 4145.13
64307.9, 4143.08
64307.9, 4142.56
64339.9, 4143.59
64340, 4141.54
64340, 4142.05
64340, 4143.59
64370.7, 4141.03
64370.8, 4141.54
64370.8, 4143.08
64370.9, 4143.08
64401.4, 4142.56
64401.5, 4143.59
64401.6, 4144.1
64401.6, 4142.56
64432.8, 4142.56
64432.9, 4143.08
64432.9, 4144.1
64433.1, 4144.1
64464.4, 4142.05
64464.5, 4140
64464.5, 4142.05
64464.6, 4143.59
64495.4, 4142.56
64495.5, 4141.03
64495.5, 4142.05
64495.6, 4140.51
64526.5, 4138.97
64526.6, 4142.56
64526.6, 4143.08
64526.6, 4137.95
64558.4, 4137.95
64558.5, 4138.97
64558.6, 4138.46
64558.6, 4138.97
64589.6, 4136.92
64589.8, 4135.9
64589.8, 4138.46
64589.9, 4140
64620.5, 4138.97
64620.6, 4138.97
64620.6, 4142.05
64620.7, 4143.08
64652.5, 4142.56
64652.6, 4140.51
64652.7, 4138.97
64652.8, 4140
64683.7, 4142.56
64684.1, 4145.64
64684.2, 4144.1
64684.3, 4144.1
64714.4, 4144.62
64714.5, 4142.05
64714.5, 4145.13
64714.5, 4146.67
64745.6, 4141.54
64745.7, 4141.03
64745.7, 4146.15
64745.8, 4146.67
64777.5, 4144.62
64777.6, 4143.59
64777.6, 4145.13
64777.7, 4145.13
64808.6, 4140.51
64808.7, 4140.51
64808.8, 4142.56
64808.8, 4141.03
64839.8, 4141.54
64839.9, 4143.59
64840, 4143.59
64840, 4142.05
64870.9, 4142.05
64871, 4143.08
64871.1, 4142.56
64871.1, 4143.08
64902.6, 4143.08
64902.7, 4143.59
64902.8, 4142.56
64902.8, 4141.03
64933.5, 4142.05
64933.6, 4143.08
64933.6, 4142.56
64933.6, 4143.08
64964.7, 4145.13
64964.8, 4145.64
64964.9, 4144.1
64964.9, 4142.56
64995.6, 4143.08
64995.7, 4142.56
64995.8, 4143.08
64995.8, 4143.08
65027.6, 4142.56
65027.6, 4145.13
65027.7, 4144.62
65027.7, 4144.1
65058.7, 4144.62
65058.9, 4144.62
65058.9, 4145.13
65058.9, 4144.1
65089.9, 4145.13
65090, 4144.1
65090, 4139.49
65090.1, 4138.97
65121.9, 4142.05
65122, 4142.05
65122, 4142.56
65122.1, 4145.13
65152.6, 4143.59
65152.7, 4142.05
65152.7, 4145.13
65152.7, 4144.62
65183.6, 4142.05
65183.7, 4142.05
65183.7, 4143.59
65183.7, 4144.1
65214.8, 4143.59
65214.9, 4142.05
65215, 4142.05
65215, 4144.1
65246.7, 4142.05
65246.9, 4141.03
65247.1, 4140
65247.2, 4140.51
65277.9, 4143.08
65278, 4141.03
65278.1, 4139.49
65278.2, 4142.05
65309.3, 4144.1
65309.4, 4142.56
65309.5, 4142.05
65309.6, 4141.54
65339.9, 4140.51
65340, 4143.59
65340, 4146.15
65340, 4143.59
65371.5, 4143.59
65371.6, 4145.13
65371.6, 4142.05
65371.7, 4141.54
65402.9, 4142.56
65403, 4141.03
65403, 4141.54
65403.1, 4142.56
65433.5, 4141.03
65433.6, 4137.95
65433.7, 4134.36
65433.7, 4133.33
65465.5, 4136.92, estimuli
65466.8, 4140.51
65466.9, 4135.38
65466.9, 4131.79
65496.9, 4136.41
65497, 4140
65497, 4140
65497.1, 4142.05
65527.7, 4142.05
65527.8, 4138.46
65527.9, 4140.51
65527.9, 4144.1
65558.5, 4142.05
65558.6, 4142.05
65558.7, 4145.64
65558.7, 4144.62
65590.6, 4141.54
65590.7, 4142.05
65590.7, 4144.1
65590.7, 4152.31
65622, 4160.51
65622.1, 4154.36
65622.2, 4141.54
65622.2, 4133.33
65652.8, 4126.67
65652.9, 4123.59
65652.9, 4134.36
65653, 4151.79
65684.8, 4162.56
65684.9, 4165.13
65685, 4149.23
65685, 4130.26
65715.9, 4127.18
65716, 4128.72
65716.1, 4130.77
65716.1, 4147.69
65746.7, 4166.15
65746.8, 4164.1
65746.8, 4146.15
65746.8, 4131.28
65777.5, 4126.67
65777.6, 4125.13
65777.7, 4134.36
65777.7, 4155.38
65809.7, 4167.18
65809.8, 4162.56
65809.8, 4148.21
65809.9, 4131.79
65840.6, 4123.59
65840.7, 4126.15
65840.8, 4133.33
65840.8, 4148.21
65871.5, 4165.13
65871.6, 4164.62
65871.6, 4147.18
65871.6, 4130.26
65902.8, 4125.64
65903, 4128.21
65903, 4132.82
65903.1, 4150.26
65934.7, 4166.15
65934.8, 4160.51
65934.9, 4144.1
65934.9, 4133.33
65965.4, 4127.69
65965.5, 4124.1
65965.5, 4130.26
65965.5, 4149.23
65996.4, 4165.13
65996.5, 4160.51
65996.5, 4145.13
65996.5, 4133.33
66028.4, 4126.67
66028.5, 4125.64
66028.5, 4130.77
66028.5, 4147.69
66059.6, 4161.03
66059.7, 4157.95
66059.7, 4143.08
66059.7, 4129.74
66090.5, 4125.13
66090.6, 4125.13
66090.6, 4132.82
66090.7, 4152.31
66121.7, 4164.1
66121.8, 4157.44
66121.8, 4144.62
66121.8, 4133.33
66153.9, 4125.64
66154, 4125.13
66154.1, 4134.36
66154.1, 4151.28
66184.4, 4162.56
66184.5, 4159.49
66184.5, 4144.62
66184.5, 4130.77
66215.4, 4127.18
66215.5, 4126.67
66215.5, 4131.28
66215.6, 4149.74
66247.7, 4166.67
66247.8, 4161.03
66247.8, 4144.1
66247.9, 4132.82
66278.7, 4127.69
66278.8, 4127.18
66278.8, 4134.36
66278.9, 4150.26
66309.8, 4163.08
66309.9, 4158.97
66310, 4144.62
66310, 4132.31
66340.6, 4126.15
66340.7, 4126.15
66340.7, 4134.36
66340.7, 4150.77
66372.6, 4164.62
66372.6, 4160.51
66372.7, 4143.08
66372.7, 4129.74
66403.7, 4126.67
66403.7, 4127.69
66403.8, 4135.38
66403.8, 4152.82
66434.5, 4163.59
66434.6, 4155.9
66434.6, 4142.56
66434.7, 4131.28
66465.6, 4125.64
66465.7, 4128.72
66465.7, 4136.41
66465.8, 4148.72
66497.5, 4161.03
66497.6, 4158.97
66497.7, 4145.13
66497.7, 4130.77
66528.9, 4125.64
66529, 4126.15
66529, 4131.79
66529, 4150.26
66559.7, 4163.59
66559.8, 4155.9
66559.9, 4144.1
66560, 4135.38
66591.7, 4125.64
66591.8, 4125.13
66591.9, 4136.92
66591.9, 4145.13
66624.4, 4144.62
66624.5, 4144.62
66624.5, 4145.64
66624.6, 4143.59
66653.9, 4141.54
66654, 4143.08
66654.1, 4143.08
66654.1, 4143.08
66684.7, 4145.13
66684.8, 4146.67
66684.8, 4143.59
66684.9, 4141.03
66716.8, 4142.56
66716.9, 4143.08
66717, 4144.1
66717, 4144.1
66747.6, 4143.08
66747.7, 4143.08
66747.7, 4143.59
66747.8, 4144.62
66778.4, 4144.62
66778.5, 4144.62
66778.5, 4144.1
66778.6, 4143.59
66810.5, 4144.1
66810.5, 4143.08
66810.6, 4142.56
66810.6, 4144.62
66841.5, 4145.13
66841.6, 4143.59
66841.7, 4143.59
66841.7, 4143.08
66872.6, 4142.05
66872.7, 4142.56
66872.7, 4145.13
66872.7, 4144.62
66903.7, 4144.1
66903.8, 4146.15
66903.8, 4144.1
66903.9, 4142.56
66936.1, 4145.13
66936.3, 4146.15
66936.3, 4145.64
66936.4, 4144.62
66966.5, 4145.13
66966.6, 4146.15
66966.6, 4144.1
66966.6, 4143.59
66997.5, 4145.13
66997.6, 4145.64
66997.6, 4145.64
66997.6, 4145.13
67029.5, 4145.13
67029.6, 4145.64
67029.6, 4147.18
67029.7, 4146.67
67060.6, 4144.1
67060.6, 4144.1
67060.7, 4144.62
67060.7, 4144.1
67091.4, 4145.64
67091.5, 4146.67
67091.6, 4145.13
67091.6, 4143.08
67122.7, 4143.59
67122.8, 4146.67
67122.9, 4146.67
67122.9, 4143.59
67154.9, 4143.59
67155, 4145.13
67155.1, 4146.15
67155.2, 4145.13
67185.9, 4145.13
67186, 4145.64
67186.1, 4145.64
67186.1, 4144.62
67216.5, 4144.1
67216.6, 4144.62
67216.6, 4145.13
67216.7, 4144.62
67248.7, 4144.62
67248.8, 4146.15
67248.9, 4145.13
67249, 4143.59
67279.5, 4142.05
67279.6, 4142.56
67279.7, 4145.13
67279.8, 4144.62
67310.5, 4143.59
67310.6, 4145.13
67310.7, 4145.64
67310.7, 4145.13
67341.5, 4145.64
67341.6, 4145.13
67341.7, 4142.05
67341.7, 4142.56
67373.7, 4145.64
67373.8, 4145.13
67373.9, 4144.1
67373.9, 4143.59
67404.6, 4144.1
67404.6, 4145.13
67404.7, 4144.1
67404.7, 4142.56
67435.8, 4143.08
67435.9, 4143.08
67435.9, 4142.05
67435.9, 4143.59
67466.5, 4142.05
67466.6, 4140.51
67466.6, 4143.08
67466.7, 4144.62
67498.5, 4142.05
67498.6, 4141.54
67498.7, 4144.1
67498.7, 4144.1
67529.6, 4141.03
67529.7, 4141.03
67529.7, 4144.1
67529.8, 4142.56
67560.9, 4140
67561, 4140
67561, 4134.87
67561.1, 4134.87
67592.7, 4140.51
67592.8, 4138.46
67592.8, 4138.46
67592.9, 4145.13
67623.7, 4143.59
67623.8, 4137.95
67623.8, 4141.54
67623.9, 4145.64
67654.7, 4144.1
67654.8, 4141.54
67654.9, 4143.08
67654.9, 4145.13
67685.8, 4143.08
67685.9, 4142.56
67685.9, 4143.08
67686, 4144.62
67717.5, 4144.1
67717.7, 4143.08
67717.7, 4144.1
67717.8, 4145.13
67748.5, 4145.13
67748.6, 4145.13
67748.6, 4144.1
67748.7, 4144.1
67779.8, 4143.59
67780, 4143.59
67780, 4144.1
67780.1, 4144.1
67810.6, 4144.62
67810.7, 4144.62
67810.7, 4143.59
67810.8, 4144.1
67842.7, 4143.08
67842.8, 4140.51
67842.8, 4141.03
67842.9, 4142.56
67873.5, 4141.54
67873.6, 4141.54
67873.6, 4143.08
67873.7, 4142.05
67904.5, 4142.56
67904.6, 4145.13
67904.6, 4143.59
67904.7, 4143.08
67936.6, 4144.62
67936.7, 4145.64
67936.7, 4146.15
67936.8, 4145.13
67967.5, 4143.59
67967.6, 4144.1
67967.7, 4143.59
67967.8, 4142.56
67998.9, 4142.56
67999, 4143.08
67999, 4143.59
67999.1, 4143.08
68029.6, 4143.08
68029.7, 4142.56
68029.8, 4142.56
68029.8, 4143.08
68061.3, 4142.05
68061.4, 4142.56
68061.5, 4145.13
68061.5, 4146.15
68092.4, 4144.62
68092.5, 4142.05
68092.6, 4142.56
68092.6, 4144.1
68123.6, 4141.54
68123.6, 4139.49
68123.7, 4140
68123.7, 4139.49
68155.5, 4138.46
68155.6, 4138.97
68155.6, 4138.97
68155.7, 4138.97
68187, 4140.51
68187.1, 4136.92
68187.2, 4134.87
68187.3, 4140
68217.8, 4141.54
68217.9, 4141.03
68218.1, 4144.1
68218.1, 4143.08
68248.6, 4141.03
68248.8, 4144.62
68248.9, 4144.1
68248.9, 4142.05
68280.8, 4144.62
68280.9, 4144.62
68280.9, 4143.59
68281, 4144.62
68311.4, 4144.62
68311.5, 4144.62
68311.5, 4145.13
68311.6, 4144.62
68342.5, 4142.56
68342.6, 4144.1
68342.6, 4144.62
68342.6, 4143.59
68373.6, 4144.1
68373.8, 4144.1
68373.9, 4145.13
68373.9, 4144.62
68405.8, 4142.05
68405.9, 4142.05
68406, 4146.15
68406, 4145.64
68436.7, 4141.03
68436.8, 4142.05
68436.9, 4142.05
68436.9, 4140
68467.4, 4142.56
68467.5, 4143.08
68467.6, 4140.51
68467.7, 4144.1
68499.5, 4145.64
68499.6, 4140.51
68499.6, 4141.54
68499.6, 4144.1
68530.5, 4141.54
68530.6, 4139.49
68530.6, 4142.05
68530.6, 4142.56
68561.4, 4140
68561.5, 4140.51
68561.6, 4143.08
68561.6, 4144.62
68592.6, 4144.62
68592.7, 4142.56
68592.7, 4144.1
68592.7, 4144.1
68624.8, 4141.03
68625, 4142.05
68625, 4143.59
68625.1, 4141.03
68655.5, 4140.51
68655.6, 4143.59
68655.7, 4143.08
68655.7, 4142.56
68686.7, 4145.64
68686.9, 4144.1
68686.9, 4142.05
68687, 4142.05
68718.6, 4142.05
68718.8, 4142.56
68718.8, 4142.05
68718.8, 4140.51
68749.7, 4141.54
68749.8, 4143.59
68749.9, 4141.03
68749.9, 4139.49
68780.6, 4140.51, estimuli
68782.1, 4142.56
68782.2, 4143.08
68782.2, 4143.08
68811.7, 4144.1
68811.8, 4143.08
68811.8, 4143.08
68811.9, 4143.08
68843.5, 4143.08
68843.6, 4143.59
68843.6, 4144.1
68843.7, 4144.1
68874.4, 4144.1
68874.5, 4144.62
68874.5, 4144.1
68874.6, 4141.54
68905.5, 4141.54
68905.5, 4145.13
68905.6, 4144.1
68905.6, 4145.64
68936.4, 4155.38
68936.5, 4156.92
68936.5, 4147.18
68936.6, 4135.38
68968.4, 4129.23
68968.6, 4125.13
68968.6, 4123.08
68968.7, 4132.82
68999.7, 4154.36
68999.8, 4166.15
68999.9, 4155.9
68999.9, 4137.95
69030.9, 4127.69
69031.1, 4123.59
69031.2, 4126.67
69031.2, 4137.95
69062.5, 4154.87
69062.5, 4163.08
69062.6, 4154.36
69062.6, 4136.92
69093.5, 4126.15
69093.6, 4124.62
69093.6, 4127.18
69093.6, 4137.95
69124.6, 4156.92
69124.7, 4163.59
69124.7, 4150.77
69124.8, 4135.38
69155.7, 4128.21
69155.8, 4125.13
69155.8, 4126.67
69155.9, 4140.51
69187.7, 4157.44
69187.9, 4161.54
69187.9, 4153.33
69187.9, 4141.54
69218.9, 4128.21
69219, 4125.13
69219.1, 4128.21
69219.1, 4133.85
69250.1, 4151.28
69250.3, 4161.54
69250.3, 4152.82
69250.4, 4138.46
69281.6, 4127.69
69281.7, 4123.59
69281.7, 4124.62
69281.8, 4135.9
69312.9, 4153.33
69313, 4161.54
69313, 4151.79
69313.1, 4135.9
69343.4, 4127.18
69343.5, 4123.59
69343.5, 4124.62
69343.6, 4138.46
69374.5, 4157.44
69374.6, 4158.97
69374.7, 4150.26
69374.7, 4138.97
69406.5, 4125.64
69406.6, 4122.56
69406.6, 4127.69
69406.6, 4137.44
69437.6, 4153.33
69437.6, 4162.56
69437.7, 4153.85
69437.7, 4139.49
69468.8, 4129.74
69469, 4125.64
69469, 4129.23
69469.1, 4137.95
69500.5, 4151.79
69500.6, 4162.56
69500.6, 4155.38
69500.6, 4137.95
69531.5, 4128.72
69531.6, 4127.69
69531.7, 4128.21
69531.7, 4135.9
69562.6, 4153.85
69562.6, 4163.08
69562.7, 4154.36
69562.7, 4141.03
69593.6, 4132.31
69593.7, 4128.72
69593.7, 4129.74
69593.8, 4140.51
69625.6, 4156.92
69625.7, 4161.54
69625.7, 4149.74
69625.8, 4136.41
69656.9, 4130.26
69657.2, 4126.15
69657.3, 4127.69
69657.4, 4140.51
69687.9, 4158.46
69688, 4163.08
69688, 4151.28
69688, 4138.46
69718.6, 4130.77
69718.8, 4127.69
69718.8, 4132.31
69718.9, 4142.05
69750.7, 4156.92
69750.8, 4160.51
69751, 4150.77
69751.1, 4140.51
69781.5, 4132.31
69781.6, 4127.69
69781.7, 4127.69
69781.7, 4138.97
69812.5, 4157.44
69812.6, 4163.59
69812.7, 4152.82
69812.7, 4139.49
69844.4, 4131.28
69844.5, 4126.15
69844.5, 4129.74
69844.5, 4142.56
69875.8, 4155.9
69875.9, 4161.54
69875.9, 4154.87
69875.9, 4140.51
69906.5, 4129.74
69906.6, 4127.69
69906.6, 4134.36
69906.7, 4142.56
69937.6, 4146.67
69937.7, 4145.64
69937.7, 4145.13
69937.7, 4147.18
69969.5, 4146.15
69969.6, 4142.56
69969.6, 4142.56
69969.6, 4145.64
70000.5, 4144.62
70000.6, 4143.08
70000.7, 4143.59
70000.7, 4143.08
70031.4, 4143.08
70031.5, 4144.62
70031.5, 4146.15
70031.6, 4143.08
70063.9, 4141.54
70064.1, 4144.62
70064.2, 4146.67
70064.3, 4144.1
70094.6, 4140.51
70094.7, 4143.08
70094.7, 4144.1
70094.8, 4139.49
70125.4, 4140
70125.5, 4143.59
70125.6, 4142.05
70125.6, 4142.05
70156.6, 4144.1
70156.7, 4143.59
70156.8, 4143.08
70156.8, 4143.08
70188.7, 4142.56
70188.8, 4142.05
70188.8, 4143.08
70188.9, 4143.59
70219.7, 4143.59
70219.8, 4144.1
70219.9, 4143.59
70219.9, 4142.56
70251.1, 4143.08
70251.2, 4145.64
70251.3, 4144.1
70251.4, 4140.51
70281.9, 4140
70282, 4142.56
70282, 4142.05
70282.1, 4141.54
70313.4, 4142.56
70313.5, 4141.54
70313.6, 4142.56
70313.6, 4143.59
70344.8, 4143.08
70344.9, 4144.1
70345, 4144.1
70345, 4143.59
70375.8, 4143.59
70375.8, 4142.05
70375.9, 4141.03
70375.9, 4143.08
70407.5, 4145.13
70407.6, 4143.08
70407.6, 4142.05
70407.7, 4144.62
70438.7, 4144.62
70438.8, 4143.59
70438.8, 4143.08
70438.9, 4142.56
70469.7, 4143.08
70469.8, 4143.08
70469.9, 4143.08
70469.9, 4143.08
70500.8, 4143.08
70501.1, 4143.08
70501.2, 4144.1
70501.3, 4144.1
70532.5, 4143.08
70532.6, 4143.08
70532.6, 4143.59
70532.6, 4142.56
70563.5, 4143.08
70563.6, 4143.59
70563.7, 4143.08
70563.7, 4142.56
70594.5, 4142.05
70594.6, 4142.05
70594.7, 4144.1
70594.7, 4145.64
70626.6, 4146.15
70626.7, 4145.13
70626.7, 4143.08
70626.8, 4143.59
70657.6, 4145.64
70657.6, 4145.64
70657.7, 4143.08
70657.7, 4141.54
70688.6, 4142.56
70688.7, 4143.08
70688.8, 4143.08
70688.8, 4142.56
70719.9, 4142.05
70720.1, 4143.59
70720.2, 4143.59
70720.2, 4141.54
70751.5, 4142.05
70751.6, 4144.1
70751.6, 4143.08
70751.7, 4141.03
70782.5, 4142.56
70782.6, 4145.64
70782.6, 4144.62
70782.7, 4142.56
70813.6, 4143.08
70813.6, 4141.54
70813.7, 4141.54
70813.7, 4143.59
70844.3, 4143.08
70844.4, 4140
70844.5, 4142.56
70844.5, 4145.13
70876.6, 4143.08
70876.7, 4142.56
70876.7, 4144.1
70876.8, 4143.59
70907.8, 4143.08
70907.9, 4144.1
70908, 4143.59
70908, 4143.59
70938.7, 4144.62
70938.9, 4144.1
70938.9, 4142.56
70939, 4143.59
70970.7, 4145.13
70970.8, 4143.59
70970.9, 4143.08
70970.9, 4144.1
71001.5, 4144.1
71001.6, 4143.59
71001.6, 4144.1
71001.7, 4143.59
71032.6, 4142.56
71032.6, 4143.08
71032.7, 4143.08
71032.8, 4140.51
71063.5, 4141.03
71063.6, 4143.08
71063.6, 4143.59
71063.7, 4144.1
71095.7, 4143.59
71095.8, 4142.05
71095.8, 4143.59
71095.8, 4144.62
71126.6, 4143.59
71126.7, 4144.1
71126.7, 4144.62
71126.8, 4144.1
71157.6, 4143.08
71157.8, 4143.59
71157.9, 4143.59
71157.9, 4142.56
71189.6, 4143.08
71189.7, 4145.13
71189.8, 4145.64
71189.8, 4144.62
71220.7, 4145.13
71220.8, 4145.13
71220.8, 4142.05
71220.9, 4140
71251.6, 4138.97
71251.7, 4140
71251.8, 4142.56
71251.9, 4141.03
71282.6, 4140
71282.7, 4141.03
71282.8, 4142.05
71282.8, 4143.08
71314.7, 4142.05
71314.8, 4141.54
71314.9, 4143.59
71314.9, 4143.08
71345.5, 4140.51
71345.6, 4143.59
71345.6, 4145.64
71345.7, 4144.1
71376.5, 4143.59
71376.5, 4144.62
71376.6, 4144.62
71376.6, 4143.08
71407.5, 4144.62
71407.6, 4146.67
71407.7, 4144.62
71407.9, 4143.59
71439.7, 4145.13
71439.8, 4145.64
71439.9, 4145.13
71439.9, 4143.59
71470.6, 4143.08
71470.7, 4145.13
71470.7, 4145.64
71470.8, 4142.56
71501.4, 4142.05
71501.5, 4145.64
71501.6, 4145.13
71501.7, 4142.05
71534, 4141.54
71534.1, 4143.08
71534.1, 4144.62
71534.2, 4143.08
71564.4, 4143.08
71564.5, 4143.59
71564.5, 4142.05
71564.6, 4142.05
71595.4, 4144.62
71595.5, 4145.13
71595.6, 4143.08
71595.6, 4143.59
71626.6, 4146.67
71626.7, 4146.15
71626.8, 4143.59
71626.8, 4143.59
71658.8, 4143.59
71658.9, 4144.1
71659, 4144.62
71659.1, 4143.08
71689.9, 4142.56
71690, 4143.08
71690, 4144.1
71690, 4144.1
71720.8, 4142.05
71720.9, 4141.54
71720.9, 4142.05
71720.9, 4143.08
71752.9, 4143.59
71753, 4144.1
71753.1, 4144.1
71753.1, 4144.1
71783.4, 4145.13
71783.5, 4145.64
71783.5, 4144.1
71783.5, 4144.62
71814.6, 4143.59
71814.7, 4142.05
71814.8, 4143.59
71814.8, 4145.13
71845.4, 4143.08
71845.5, 4143.08
71845.5, 4144.1
71845.6, 4144.1
71877.5, 4143.08
71877.6, 4143.08
71877.7, 4143.59
71877.7, 4143.59
71908.8, 4145.13
71908.9, 4144.1
71908.9, 4143.59
71908.9, 4144.62
71939.5, 4144.1
71939.6, 4143.08
71939.6, 4143.08
71939.7, 4145.13
71970.9, 4145.13
71971, 4142.56
71971, 4143.08
71971, 4146.15
72002.7, 4146.15
72002.8, 4142.05
72002.9, 4141.54
72002.9, 4143.59
72033.5, 4143.08
72033.5, 4142.56
72033.6, 4141.54
72033.6, 4140
72064.5, 4138.46
72064.6, 4135.9
72064.6, 4136.92
72064.7, 4141.54
72096.5, 4142.05
72096.6, 4140
72096.7, 4141.54
72096.7, 4142.56
72127.6, 4142.56
72127.7, 4142.56
72127.7, 4141.54
72127.7, 4141.54
72158.8, 4143.08
72159, 4144.62
72159, 4142.56
72159.1, 4142.56
72189.7, 4145.64
72189.7, 4145.64
72189.8, 4144.1
72189.8, 4143.59
72221.5, 4143.59
72221.6, 4145.13
72221.7, 4146.15
72221.7, 4143.08
72252.8, 4142.05
72253, 4144.62
72253.1, 4145.64
72253.1, 4144.1
72283.7, 4144.1
72283.8, 4144.1
72283.8, 4142.56
72283.9, 4142.56
72314.7, 4143.59
72314.8, 4144.1
72314.8, 4145.13
72314.9, 4145.13
72346.7, 4143.59
72346.8, 4143.59
72346.9, 4143.08
72346.9, 4141.03
72377.7, 4141.54
72377.9, 4145.64
72377.9, 4145.13
72378, 4143.59
72408.7, 4145.64
72408.8, 4146.67
72408.8, 4144.1
72408.8, 4142.56
72440.5, 4143.08
72440.6, 4143.08
72440.6, 4142.56
72440.7, 4141.54
72471.4, 4141.54
72471.5, 4143.08
72471.6, 4145.13
72471.6, 4144.62
72502.7, 4144.1
72502.8, 4143.59
72502.8, 4143.08
72502.9, 4144.1
72534.5, 4143.08
72534.6, 4141.03
72534.6, 4141.54
72534.7, 4144.1
72565.5, 4144.1
72565.6, 4142.56
72565.6, 4143.08
72565.6, 4144.62
72596.9, 4142.05
72597, 4140.51
72597.1, 4144.1
72597.1, 4145.64
72627.6, 4143.08
72627.8, 4142.56
72627.8, 4144.62
72627.8, 4143.08
72659.7, 4141.03
72659.8, 4142.56
72659.8, 4143.08
72659.8, 4143.59
72690.9, 4144.62
72691, 4144.1
72691.1, 4143.59
72691.1, 4143.08
72721.7, 4142.05
72721.8, 4143.59
72721.8, 4144.1
72721.9, 4143.08
72752.7, 4144.1
72752.8, 4144.62
72752.9, 4142.05
72752.9, 4141.54
72784.5, 4142.56
72784.7, 4143.08
72784.8, 4142.56
72784.8, 4141.54
72815.4, 4141.54
72815.5, 4142.56
72815.6, 4144.1
72815.6, 4144.62
72846.6, 4144.1
72846.7, 4142.56
72846.8, 4142.05
72846.8, 4144.1
72878.7, 4143.59
72878.8, 4143.08
72878.8, 4142.56
72878.9, 4143.08
72909.7, 4143.08
72909.8, 4142.05
72909.8, 4143.59
72909.9, 4145.13
72940.5, 4143.08
72940.6, 4142.05
72940.6, 4144.1
72940.6, 4145.13
72971.5, 4141.54
72971.6, 4141.54
72971.6, 4143.08
72971.6, 4141.03
73004, 4138.97
73004.1, 4139.49
73004.2, 4139.49
73004.3, 4136.92
73034.4, 4137.44, estimuli
73036.2, 4140.51
73036.3, 4137.95
73036.3, 4135.38
73065.6, 4137.95
73065.6, 4142.05
73065.7, 4143.08
73065.7, 4142.56
73096.6, 4142.05
73096.7, 4142.56
73096.7, 4143.08
73096.8, 4142.56
73128.4, 4144.62
73128.5, 4144.62
73128.5, 4142.05
73128.6, 4142.56
73159.7, 4144.62
73159.8, 4143.08
73159.9, 4144.1
73159.9, 4153.33
73190.6, 4158.46
73190.7, 4151.79
73190.7, 4143.08
73190.8, 4133.85
73222.9, 4125.64
73223, 4124.62
73223, 4130.77
73223.1, 4145.13
73253.7, 4160
73253.9, 4166.15
73253.9, 4154.87
73254, 4134.87
73285, 4125.13
73285.1, 4126.15
73285.2, 4133.85
73285.2, 4149.74
73316, 4163.08
73316.1, 4161.03
73316.3, 4148.21
73316.4, 4135.38
73347.9, 4128.21
73348, 4124.62
73348.1, 4129.74
73348.2, 4149.74
73378.8, 4165.13
73379, 4162.56
73379, 4148.72
73379.1, 4134.87
73409.8, 4126.67
73410, 4126.67
73410, 4131.79
73410.1, 4145.64
73441.8, 4161.54
73441.9, 4161.54
73442, 4148.21
73442, 4135.38
73472.8, 4128.21
73473, 4126.67
73473, 4131.28
73473.1, 4146.15
73504.1, 4162.05
73504.3, 4163.08
73504.3, 4150.26
73504.4, 4134.87
73534.6, 4125.64
73534.8, 4124.62
73534.8, 4131.79
73534.9, 4149.74
73566.5, 4164.62
73566.6, 4159.49
73566.6, 4144.62
73566.7, 4134.36
73597.9, 4126.67
73598, 4126.15
73598.1, 4134.87
73598.2, 4147.69
73628.9, 4160.51
73629.1, 4162.56
73629.1, 4149.74
73629.2, 4133.33
73659.8, 4126.67
73659.9, 4128.72
73660, 4131.79
73660, 4145.13
73691.7, 4162.56
73691.8, 4161.54
73691.9, 4145.64
73691.9, 4132.82
73723, 4129.23
73723.1, 4128.72
73723.1, 4132.31
73723.2, 4149.23
73753.8, 4163.08
73754, 4157.44
73754, 4146.15
73754, 4136.92
73786.1, 4127.69
73786.2, 4125.13
73786.3, 4134.36
73786.3, 4149.23
73816.8, 4161.03
73816.9, 4160.51
73817, 4148.21
73817, 4134.87
73848, 4127.69
73848.2, 4127.18
73848.4, 4131.79
73848.5, 4146.67
73878.9, 4161.03
73879, 4158.46
73879.1, 4145.13
73879.1, 4134.87
73910.7, 4128.72
73910.8, 4128.21
73910.8, 4133.85
73910.9, 4148.21
73942.1, 4162.56
73942.2, 4158.97
73942.3, 4144.1
73942.3, 4134.87
73972.7, 4129.23
73972.8, 4126.67
73972.9, 4131.79
73972.9, 4148.21
74004.9, 4161.03
74005, 4156.92
74005, 4145.64
74005.1, 4138.46
74035.9, 4129.74
74036, 4126.15
74036.1, 4135.9
74036.1, 4148.21
74066.9, 4155.38
74067, 4155.38
74067.1, 4145.64
74067.2, 4134.36
74097.4, 4127.69
74097.5, 4127.69
74097.5, 4135.9
74097.6, 4150.26
74129.6, 4160
74129.6, 4157.95
74129.7, 4146.67
74129.7, 4133.85
74160.4, 4127.69
74160.5, 4126.67
74160.5, 4131.28
74160.6, 4145.13
74191.4, 4149.23
74191.5, 4144.62
74191.5, 4146.15
74191.6, 4148.72
74222.5, 4142.56
74222.6, 4140.51
74222.7, 4144.62
74222.7, 4145.13
74254.7, 4142.56
74254.8, 4143.59
74254.9, 4144.62
74255, 4144.62
74286.3, 4144.1
74286.4, 4143.08
74286.4, 4142.56
74286.5, 4142.56
74316.7, 4142.05
74316.8, 4143.59
74316.9, 4145.64
74317, 4145.13
74348.8, 4144.62
74348.9, 4144.62
74348.9, 4144.1
74349, 4144.1
74379.4, 4143.08
74379.5, 4141.54
74379.5, 4142.05
74379.5, 4143.59
74410.6, 4144.1
74410.7, 4143.08
74410.7, 4142.05
74410.8, 4143.59
74441.4, 4145.13
74441.5, 4143.59
74441.5, 4141.54
74441.6, 4143.59
74473.9, 4145.64
74474, 4145.13
74474, 4144.1
74474.1, 4145.13
74504.7, 4146.67
74504.8, 4144.1
74504.8, 4143.59
74504.8, 4145.64
74535.6, 4143.59
74535.7, 4144.1
74535.8, 4146.67
74535.8, 4145.13
74567.4, 4143.59
74567.6, 4144.62
74567.6, 4145.13
74567.6, 4144.62
74598.7, 4145.64
74598.8, 4144.1
74598.8, 4142.05
74598.8, 4144.1
74629.5, 4145.64
74629.6, 4143.08
74629.6, 4143.59
74629.7, 4146.15
74660.5, 4144.1
74660.6, 4143.59
74660.6, 4145.13
74660.6, 4142.56
74692.6, 4141.54
74692.7, 4144.62
74692.8, 4145.64
74692.8, 4143.59
74723.6, 4144.1
74723.6, 4143.08
74723.7, 4141.54
74723.7, 4144.62
74754.6, 4146.15
74754.6, 4144.1
74754.7, 4144.1
74754.7, 4144.62
74786.6, 4144.1
74786.7, 4144.62
74786.7, 4144.62
74786.8, 4144.62
74817.5, 4145.64
74817.6, 4145.64
74817.7, 4143.08
74817.7, 4143.59
74848.4, 4144.1
74848.5, 4143.08
74848.6, 4143.59
74848.7, 4144.62
74879.8, 4144.1
74879.9, 4143.59
74880, 4144.62
74880.1, 4145.64
74911.8, 4143.59
74911.9, 4142.05
74911.9, 4144.62
74912, 4146.67
74949.5, 4145.64
74949.6, 4143.08
74949.6, 4143.08
74949.7, 4144.62
74973.5, 4145.13
74973.6, 4145.13
74973.6, 4143.08
74973.7, 4142.05
75004.6, 4143.08
75004.8, 4145.13
75004.8, 4145.13
75004.8, 4142.56
75036.6, 4142.56
75036.7, 4144.62
75036.8, 4142.56
75036.8, 4140.51
75067.8, 4143.08
75068, 4143.59
75068.1, 4143.59
75068.2, 4143.59
75098.8, 4142.05
75098.9, 4143.59
75099, 4146.67
75099, 4143.59
75130.4, 4141.54
75130.4, 4143.08
75130.5, 4142.56
75130.5, 4141.54
75161.5, 4143.59
75161.6, 4144.1
75161.6, 4142.56
75161.6, 4143.08
75192.7, 4144.1
75192.8, 4145.13
75192.9, 4143.59
75192.9, 4142.56
75223.6, 4144.1
75223.7, 4143.59
75223.7, 4142.56
75223.7, 4142.56
75255.4, 4143.08
75255.5, 4142.56
75255.5, 4142.56
75255.6, 4142.56
75286.7, 4143.08
75286.8, 4143.59
75286.9, 4142.05
75286.9, 4141.54
75317.5, 4142.05
75317.6, 4143.08
75317.6, 4144.1
75317.6, 4144.1
75348.7, 4142.56
75348.8, 4142.05
75348.9, 4143.59
75348.9, 4143.08
75380.5, 4142.05
75380.6, 4142.56
75380.6, 4143.59
75380.7, 4143.59
75411.8, 4139.49
75411.9, 4139.49
75411.9, 4145.13
75411.9, 4145.13
75442.7, 4141.54
75442.8, 4142.05
75442.9, 4143.59
75442.9, 4143.59
75474.5, 4144.1
75474.6, 4144.62
75474.7, 4143.08
75474.7, 4143.59
75505.9, 4145.64
75506, 4144.1
75506.1, 4141.54
75506.1, 4142.05
75536.8, 4143.08
75536.9, 4144.1
75536.9, 4144.62
75536.9, 4144.1
75567.7, 4144.1
75567.9, 4144.62
75567.9, 4142.05
75568, 4139.49
75599.8, 4142.56
75599.9, 4145.13
75599.9, 4144.1
75600, 4144.1
75630.4, 4143.59
75630.5, 4143.59
75630.5, 4144.62
75630.6, 4143.08
75661.6, 4140.51
75661.7, 4142.05
75661.7, 4145.13
75661.7, 4144.62
75693.6, 4142.56
75693.7, 4144.1
75693.8, 4143.59
75693.8, 4142.05
75724.9, 4144.1
75725, 4144.62
75725.2, 4143.08
75725.3, 4142.56
75755.6, 4143.59
75755.7, 4143.59
75755.8, 4142.56
75755.8, 4141.54
75786.9, 4141.54
75787, 4143.59
75787, 4143.59
75787.1, 4142.56
75818.7, 4143.59
75818.8, 4144.62
75818.8, 4143.08
75818.9, 4141.54
75862, 4141.54
75862.1, 4143.08
75862.2, 4143.08
75862.2, 4142.05
75880.6, 4143.08
75880.7, 4143.08
75880.7, 4142.56
75880.8, 4143.59
75911.8, 4143.08
75911.9, 4142.56
75912, 4144.62
75912, 4144.1
75943.6, 4144.1
75943.7, 4145.13
75943.8, 4143.08
75943.9, 4142.56
75974.5, 4144.1
75974.6, 4144.62
75974.7, 4143.08
75974.7, 4143.59
76005.6, 4144.62
76005.7, 4144.1
76005.8, 4144.1
76005.8, 4144.1
76037.4, 4144.1
76037.6, 4143.08
76037.6, 4141.54
76037.7, 4139.49
76068.5, 4140, estimuli
76069.8, 4142.56
76069.9, 4142.56
76069.9, 4140
76099.5, 4141.54
76099.6, 4144.62
76099.6, 4142.56
76099.6, 4140
76130.8, 4140.51
76130.9, 4143.08
76131, 4144.1
76131.1, 4142.05
76162.7, 4140.51
76162.7, 4140.51
76162.8, 4142.05
76162.8, 4142.56
76193.6, 4141.54
76193.7, 4143.08
76193.8, 4144.62
76193.8, 4146.15
76224.5, 4153.33
76224.6, 4157.95
76224.6, 4151.28
76224.7, 4139.49
76256.5, 4130.26
76256.6, 4127.69
76256.6, 4124.62
76256.6, 4130.26
76287.7, 4150.77
76287.8, 4165.64
76287.8, 4163.08
76287.9, 4147.18
76318.4, 4130.26
76318.6, 4123.59
76318.6, 4124.62
76318.7, 4133.85
76350, 4152.31
76350, 4166.15
76350.1, 4160.51
76350.1, 4145.13
76381.8, 4132.31
76381.9, 4125.13
76382, 4125.64
76382, 4134.36
76412.7, 4152.82
76412.7, 4166.15
76412.8, 4160
76412.8, 4143.08
76443.7, 4129.74
76443.8, 4125.13
76443.9, 4127.69
76443.9, 4134.36
76475.5, 4149.74
76475.6, 4162.56
76475.7, 4156.92
76475.7, 4139.49
76506.5, 4126.15
76506.6, 4118.97
76506.7, 4118.97
76506.7, 4128.72
76537.4, 4145.13
76537.5, 4160
76537.6, 4160
76537.6, 4144.62
76568.8, 4128.72
76568.9, 4123.59
76569, 4127.18
76569, 4134.36
76600.6, 4150.26
76600.7, 4162.05
76600.8, 4157.95
76600.8, 4144.1
76631.5, 4130.77
76631.6, 4129.23
76631.7, 4131.28
76631.7, 4134.36
76662.5, 4150.26
76662.6, 4164.1
76662.7, 4162.05
76662.7, 4149.74
76693.5, 4134.87
76693.6, 4126.67
76693.6, 4128.72
76693.7, 4137.44
76725.6, 4152.31
76725.7, 4162.56
76725.7, 4159.49
76725.8, 4146.67
76756.8, 4131.79
76756.9, 4124.1
76756.9, 4129.23
76757, 4139.49
76788, 4151.28
76788.1, 4160.51
76788.2, 4158.97
76788.2, 4146.15
76819.7, 4130.26
76819.8, 4124.62
76819.9, 4129.74
76819.9, 4137.95
76850.6, 4150.26
76850.8, 4163.08
76850.8, 4161.03
76850.9, 4145.13
76881.6, 4132.82
76881.6, 4128.72
76881.7, 4128.72
76881.7, 4133.33
76912.4, 4148.72
76912.5, 4162.56
76912.6, 4156.92
76912.7, 4141.03
76944.8, 4132.31
76944.9, 4129.74
76944.9, 4128.21
76944.9, 4134.87
76975.8, 4152.31
76975.9, 4164.1
76975.9, 4157.95
76976, 4143.08
77006.7, 4132.31
77006.8, 4128.21
77006.8, 4128.72
77006.9, 4136.92
77038.5, 4153.33
77038.7, 4164.62
77038.7, 4156.92
77038.8, 4142.56
77069.7, 4133.85
77069.9, 4128.21
77069.9, 4128.72
77070, 4137.95
77100.5, 4151.79
77100.5, 4158.97
77100.6, 4154.36
77100.6, 4143.59
77131.4, 4133.33
77131.5, 4129.23
77131.5, 4128.21
77131.6, 4134.87
77163.5, 4152.31
77163.5, 4162.56
77163.6, 4156.41
77163.6, 4143.59
77195, 4132.31
77195.1, 4125.13
77195.1, 4128.72
77195.2, 4140
77225.5, 4146.15
77225.6, 4144.62
77225.6, 4145.64
77225.6, 4149.23
77256.7, 4146.15
77256.8, 4141.03
77256.8, 4143.59
77256.9, 4145.64
77288.5, 4144.62
77288.6, 4144.1
77288.7, 4143.59
77288.7, 4142.05
77319.6, 4143.08
77319.7, 4143.59
77319.7, 4143.59
77319.7, 4145.13
77350.5, 4143.08
77350.6, 4142.56
77350.6, 4144.62
77350.6, 4143.59
77382.5, 4141.03
77382.6, 4142.56
77382.6, 4145.13
77382.6, 4142.05
77413.6, 4138.97
77413.7, 4142.05
77413.7, 4145.13
77413.8, 4142.56
77444.5, 4141.03
77444.6, 4143.59
77444.6, 4144.62
77444.6, 4142.56
77475.6, 4142.05
77475.6, 4143.08
77475.7, 4142.05
77475.7, 4143.08
77507.7, 4145.13
77507.8, 4143.08
77507.8, 4144.1
77507.8, 4146.15
77538.6, 4142.56
77538.7, 4141.03
77538.8, 4143.59
77538.8, 4144.1
77569.7, 4142.56
77569.8, 4145.64
77569.9, 4145.64
77569.9, 4141.03
77601.5, 4141.54
77601.6, 4144.1
77601.6, 4143.59
77601.7, 4144.1
77632.5, 4143.08
77632.5, 4141.54
77632.6, 4144.1
77632.6, 4144.62
77663.4, 4141.03
77663.5, 4141.03
77663.6, 4143.08
77663.6, 4143.08
77694.4, 4144.1
77694.5, 4144.62
77694.5, 4142.05
77694.5, 4143.08
77726.6, 4146.15
77726.7, 4143.08
77726.8, 4140.51
77726.8, 4143.08
77757.6, 4145.13
77757.7, 4143.59
77757.8, 4143.08
77757.8, 4143.08
77788.7, 4141.54
77788.8, 4143.08
77788.8, 4143.08
77788.8, 4141.54
77819.9, 4142.56
77820, 4141.54
77820.1, 4139.49
77820.1, 4141.03
77851.4, 4142.05
77851.5, 4143.59
77851.6, 4145.13
77851.7, 4143.59
77882.5, 4141.54
77882.6, 4143.08
77882.6, 4143.08
77882.7, 4144.1
77913.5, 4145.64
77913.6, 4144.62
77913.6, 4142.56
77913.7, 4142.05
77945.5, 4141.54
77945.6, 4142.56
77945.7, 4145.64
77945.7, 4145.13
77976.4, 4142.56
77976.5, 4141.54
77976.5, 4140
77976.6, 4141.03
78007.7, 4142.56
78007.8, 4141.54
78007.8, 4143.08
78007.8, 4143.08
78038.6, 4141.54
78038.7, 4143.59
78038.8, 4144.1
78038.8, 4142.05
78070.8, 4144.62
78070.9, 4146.15
78070.9, 4142.56
78071, 4141.54
78101.5, 4144.62
78101.5, 4144.1
78101.6, 4142.05
78101.6, 4142.05
78132.5, 4143.08
78132.6, 4143.59
78132.6, 4142.56
78132.6, 4143.59
78164.4, 4144.62
78164.5, 4142.05
78164.5, 4142.05
78164.6, 4144.1
78195.5, 4142.05
78195.6, 4142.05
78195.6, 4145.13
78195.7, 4142.56
78226.8, 4139.49
78226.9, 4141.54
78227, 4143.59
78227, 4141.54
78257.7, 4141.03
78257.8, 4141.03
78257.8, 4139.49
78257.8, 4140
78289.5, 4142.05
78289.6, 4143.59
78289.6, 4143.08
78289.6, 4142.05
78320.5, 4144.62
78320.6, 4146.67
78320.6, 4144.62
78320.7, 4142.56
78351.6, 4144.1
78351.7, 4144.62
78351.7, 4143.08
78351.7, 4141.54
78382.5, 4141.03
78382.6, 4141.54
78382.7, 4143.59
78382.7, 4142.05
78414.4, 4140.51
78414.5, 4142.05
78414.5, 4142.56
78414.6, 4142.05
78445.7, 4141.54
78445.9, 4142.05
78446, 4143.59
78446, 4142.56
78476.5, 4140.51
78476.6, 4142.05
78476.7, 4143.59
78476.8, 4142.05
78508.6, 4139.49
78508.7, 4142.05
78508.7, 4145.64
78508.7, 4142.05
78539.9, 4140
78540, 4143.59
78540, 4143.59
78540, 4140.51
78570.6, 4139.49
78570.7, 4142.05
78570.8, 4144.62
78570.8, 4142.05
78601.5, 4137.95
78601.6, 4141.03
78601.7, 4145.64
78601.7, 4144.1
78633.5, 4143.08
78633.6, 4143.59
78633.6, 4142.05
78633.7, 4142.56
78664.5, 4143.59
78664.6, 4142.56
78664.7, 4141.54
78664.7, 4140
78695.4, 4142.05
78695.5, 4144.1
78695.5, 4140
78695.6, 4139.49
78727.6, 4144.1
78727.6, 4143.59
78727.7, 4141.54
78727.7, 4143.08
78758.6, 4142.56
78758.7, 4141.54
78758.7, 4142.05
78758.7, 4144.1
78789.6, 4145.64
78789.7, 4144.1
78789.7, 4142.05
78789.7, 4142.56
78820.6, 4143.59
78820.7, 4141.54
78820.8, 4141.03
78820.8, 4144.1
78852.9, 4145.13
78853, 4143.59
78853, 4144.1
78853, 4144.62
78883.5, 4144.1
78883.6, 4143.59
78883.7, 4143.59
78883.7, 4143.59
78914.6, 4143.08
78914.7, 4142.05
78914.8, 4142.56
78914.8, 4145.13
78945.9, 4144.1
78946, 4143.59
78946, 4145.13
78946, 4142.56
78977.5, 4141.03
78977.6, 4143.59
78977.6, 4145.13
78977.7, 4143.08
79008.6, 4138.97
79008.7, 4140
79008.7, 4143.08
79008.7, 4142.05
79039.8, 4143.08
79039.9, 4144.1
79040, 4143.08
79040, 4143.59
79071.8, 4144.1
79071.9, 4141.54
79071.9, 4141.54
79072, 4143.59
79102.5, 4143.08
79102.6, 4140
79102.7, 4138.97
79102.7, 4139.49
79133.4, 4138.97, estimuli
79134.5, 4137.95
79134.6, 4135.38
79134.6, 4133.33
79164.6, 4135.38
79164.7, 4136.41
79164.7, 4135.38
79164.7, 4137.95
79196.5, 4140.51
79196.6, 4141.54
79196.6, 4142.05
79196.6, 4142.05
79227.5, 4142.05
79227.5, 4142.56
79227.6, 4143.59
79227.6, 4144.1
79258.8, 4146.15
79258.9, 4144.1
79259, 4140.51
79259.1, 4147.69
79290.5, 4157.95
79290.6, 4158.97
79290.6, 4149.23
79290.6, 4133.85
79321.7, 4128.21
79321.8, 4127.69
79321.8, 4129.23
79321.9, 4144.1
79352.6, 4163.08
79352.7, 4165.13
79352.8, 4151.28
79352.8, 4133.85
79383.5, 4125.13
79383.6, 4124.62
79383.6, 4130.77
79383.6, 4147.69
79415.8, 4164.62
79415.9, 4165.13
79415.9, 4151.79
79415.9, 4136.41
79446.7, 4126.67
79446.8, 4125.13
79446.9, 4131.28
79446.9, 4145.64
79477.8, 4162.56
79477.9, 4162.56
79478, 4149.74
79478.1, 4136.41
79508.9, 4127.18
79509, 4126.67
79509.1, 4132.82
79509.2, 4148.21
79540.4, 4164.1
79540.5, 4165.64
79540.5, 4152.31
79540.6, 4137.44
79571.5, 4129.74
79571.6, 4126.15
79571.6, 4131.28
79571.6, 4148.72
79602.4, 4164.62
79602.5, 4161.54
79602.6, 4147.69
79602.6, 4135.9
79634.6, 4127.69
79634.7, 4125.13
79634.8, 4128.21
79634.8, 4144.1
79666, 4164.62
79666.1, 4165.13
79666.2, 4145.13
79666.2, 4130.77
79696.8, 4127.69
79696.9, 4125.64
79697, 4127.69
79697, 4144.1
79727.5, 4157.95
79727.6, 4155.38
79727.7, 4146.67
79727.7, 4133.85
79759.4, 4124.1
79759.5, 4124.1
79759.5, 4128.72
79759.6, 4140.51
79790.5, 4156.92
79790.6, 4162.56
79790.6, 4149.23
79790.6, 4132.82
79821.6, 4124.62
79821.7, 4128.21
79821.8, 4137.95
79821.8, 4149.74
79853.8, 4162.56
79853.9, 4163.59
79853.9, 4148.72
79854, 4135.38
79884.8, 4130.77
79885, 4126.67
79885, 4131.28
79885.1, 4150.26
79915.5, 4165.13
79915.6, 4160
79915.6, 4146.15
79915.7, 4137.95
79946.5, 4130.77
79946.6, 4126.67
79946.6, 4130.77
79946.7, 4148.72
79978.6, 4163.08
79978.7, 4158.46
79978.7, 4144.62
79978.8, 4135.38
80009.5, 4129.74
80009.6, 4125.64
80009.7, 4131.79
80009.7, 4149.74
80040.6, 4162.56
80040.7, 4160.51
80040.7, 4149.74
80040.8, 4137.95
80071.6, 4128.72
80071.7, 4125.13
80071.7, 4132.31
80071.8, 4150.77
80103.6, 4165.13
80103.7, 4159.49
80103.7, 4145.13
80103.7, 4133.85
80134.4, 4128.72
80134.5, 4129.74
80134.5, 4132.31
80134.6, 4144.1
80165.5, 4161.03
80165.6, 4159.49
80165.6, 4144.1
80165.6, 4134.87
80197.4, 4130.26
80197.5, 4126.67
80197.5, 4132.82
80197.6, 4148.21
80228.4, 4158.97
80228.5, 4159.49
80228.5, 4151.28
80228.6, 4137.44
80259.8, 4124.62
80259.9, 4125.64
80259.9, 4136.92
80260, 4144.62
80291, 4145.13
80291.1, 4144.1
80291.2, 4144.62
80291.2, 4146.15
80322.6, 4142.56
80322.6, 4140
80322.7, 4142.56
80322.7, 4144.1
80353.8, 4142.56
80353.9, 4144.1
80354, 4144.62
80354, 4143.08
80384.6, 4144.1
80384.6, 4145.64
80384.7, 4144.1
80384.7, 4142.05
80416.6, 4143.08
80416.7, 4145.13
80416.8, 4145.13
80416.8, 4144.1
80447.6, 4142.56
80447.7, 4142.05
80447.7, 4143.59
80447.8, 4142.56
80478.5, 4141.03
80478.6, 4141.54
80478.6, 4142.56
80478.6, 4143.08
80509.8, 4142.56
80509.9, 4143.08
80510, 4145.64
80510.1, 4145.13
80541.7, 4143.59
80541.9, 4144.1
80541.9, 4145.64
80542, 4143.59
80572.4, 4141.54
80572.5, 4144.1
80572.6, 4144.62
80572.6, 4143.08
80603.7, 4143.59
80603.8, 4144.1
80603.8, 4143.08
80603.9, 4141.54
80635.6, 4141.03
80635.7, 4141.03
80635.8, 4141.54
80635.8, 4143.59
80666.5, 4143.59
80666.6, 4142.05
80666.6, 4142.56
80666.7, 4144.1
80698, 4143.59
80698.2, 4143.08
80698.3, 4143.59
80698.4, 4143.08
80728.8, 4142.05
80728.9, 4142.56
80729, 4143.59
80729, 4144.1
80760.7, 4145.13
80760.8, 4144.1
80760.9, 4142.05
80760.9, 4143.59
80791.4, 4143.59
80791.5, 4142.56
80791.5, 4143.08
80791.6, 4141.54
80822.6, 4141.03
80822.6, 4143.59
80822.7, 4144.1
80822.7, 4140
80853.7, 4142.56
80853.7, 4146.67
80853.8, 4143.08
80853.8, 4141.54
80885.6, 4143.59
80885.7, 4144.62
80885.8, 4142.56
80885.8, 4142.56
80916.9, 4144.1
80917, 4141.03
80917.1, 4139.49
80917.2, 4142.05
80947.5, 4142.56
80947.6, 4142.05
80947.7, 4142.56
80947.8, 4143.08
80979.5, 4142.56
80979.6, 4141.54
80979.7, 4141.03
80979.7, 4142.05
81010.6, 4141.54
81010.7, 4142.05
81010.8, 4144.1
81010.8, 4142.05
81041.8, 4142.05
81041.9, 4143.59
81041.9, 4141.03
81041.9, 4141.54
81072.5, 4144.62
81072.6, 4145.13
81072.6, 4143.59
81072.6, 4143.08
81104.8, 4141.54
81104.9, 4140.51
81104.9, 4143.08
81104.9, 4144.1
81135.6, 4143.08
81135.7, 4143.08
81135.8, 4143.59
81135.8, 4143.08
81166.7, 4142.56
81166.8, 4145.64
81166.8, 4144.62
81166.9, 4140.51
81197.3, 4143.08
81197.4, 4144.62
81197.4, 4141.03
81197.5, 4141.03
81229.4, 4144.1
81229.5, 4142.05
81229.6, 4141.03
81229.6, 4144.1
81260.6, 4142.56
81260.7, 4139.49
81260.8, 4142.05
81260.8, 4143.59
81291.4, 4141.03
81291.5, 4140.51
81291.5, 4142.05
81291.5, 4143.08
81323.9, 4141.54
81324, 4140
81324.1, 4143.59
81324.1, 4144.62
81354.9, 4142.56
81355, 4143.59
81355, 4144.1
81355.1, 4143.08
81385.4, 4144.1
81385.5, 4145.13
81385.6, 4144.62
81385.6, 4142.56
81416.6, 4142.56
81416.7, 4144.62
81416.8, 4144.1
81416.8, 4142.05
81448.5, 4140.51
81448.6, 4141.54
81448.6, 4142.05
81448.7, 4141.54
81479.5, 4143.59
81479.6, 4144.62
81479.7, 4142.05
81479.7, 4143.08
81510.5, 4144.1
81510.6, 4141.03
81510.7, 4140.51
81510.7, 4142.56
81543.1, 4142.05
81543.2, 4143.08
81543.2, 4145.13
81543.2, 4142.05
81573.6, 4141.03
81573.7, 4144.1
81573.7, 4144.1
81573.7, 4142.05
81604.9, 4141.03
81605, 4142.05
81605, 4143.59
81605.1, 4143.59
81635.6, 4143.08
81635.7, 4143.08
81635.8, 4143.59
81635.8, 4143.08
81667.6, 4143.08
81667.6, 4144.62
81667.7, 4144.62
81667.7, 4142.05
81698.7, 4142.56
81698.8, 4143.08
81698.8, 4142.05
81698.9, 4141.03
81729.7, 4141.03
81729.8, 4143.08
81729.8, 4142.56
81729.8, 4142.05
81761.7, 4143.08
81761.9, 4143.08
81762, 4142.56
81762, 4142.05
81792.7, 4141.54
81792.8, 4141.03
81792.8, 4142.56
81792.9, 4144.1
81823.5, 4144.62
81823.6, 4143.59
81823.6, 4143.59
81823.7, 4143.08
81854.5, 4142.05
81854.6, 4142.05
81854.6, 4141.54
81854.6, 4136.92
81886.6, 4133.33
81886.7, 4138.46
81886.8, 4138.46
81886.8, 4134.87
81917.4, 4138.97
81917.5, 4141.03
81917.5, 4137.44
81917.5, 4138.46
81948.9, 4139.49
81949, 4136.92
81949.1, 4140.51
81949.1, 4143.59
81979.7, 4142.05
81979.8, 4140.51
81979.9, 4142.56
81979.9, 4144.1
82011.9, 4144.1
82012.2, 4144.62
82012.4, 4144.1
82013.2, 4143.59
82042.6, 4144.62
82042.8, 4143.59
82042.8, 4144.1
82042.9, 4145.13
82073.8, 4142.56
82073.9, 4142.56
82074, 4145.64
82074, 4144.62
82105.5, 4141.54
82105.5, 4142.05
82105.6, 4144.62
82105.6, 4145.64
82136.7, 4144.1
82136.8, 4142.05
82136.9, 4141.54
82137, 4143.08
82167.6, 4143.08
82167.7, 4144.1
82167.8, 4144.62
82167.8, 4142.56
82198.4, 4143.59
82198.5, 4144.1
82198.5, 4142.56
82198.5, 4144.1
82230.5, 4145.64
82230.6, 4144.62
82230.6, 4142.05
82230.6, 4141.03
82261.6, 4142.05
82261.7, 4143.08
82261.7, 4142.05
82261.7, 4140
82292.7, 4141.54
82292.8, 4143.08
82292.8, 4143.08
82292.9, 4144.1
82323.6, 4144.62
82323.6, 4143.59
82323.7, 4143.08
82323.7, 4143.59
82355.6, 4143.59
82355.6, 4143.08
82355.7, 4142.56
82355.7, 4142.05
82386.7, 4142.56
82386.8, 4143.08
82386.9, 4143.08
82386.9, 4142.56
82417.5, 4143.08
82417.6, 4142.05
82417.6, 4142.05
82417.7, 4144.62
82449.5, 4145.13
82449.6, 4144.62
82449.6, 4143.59
82449.6, 4142.05
82480.4, 4143.59
82480.5, 4143.08
82480.6, 4140.51
82480.6, 4139.49
82511.5, 4140, estimuli
82512.8, 4136.41
82512.9, 4133.85
82512.9, 4133.85
82542.6, 4132.31
82542.6, 4135.38
82542.7, 4140
82542.7, 4136.92
82575, 4135.38
82575.3, 4139.49
82575.4, 4139.49
82575.5, 4138.97
82605.8, 4142.05
82605.8, 4142.05
82605.9, 4141.03
82605.9, 4140.51
82637.1, 4142.05
82637.1, 4142.56
82637.2, 4143.08
82637.2, 4148.21
82668.8, 4157.95
82668.9, 4161.03
82669, 4151.28
82669, 4135.38
82699.7, 4126.67
82699.8, 4126.15
82699.8, 4128.21
82699.8, 4138.46
82730.7, 4154.87
82730.8, 4166.15
82730.8, 4158.97
82730.9, 4137.95
82761.6, 4124.62
82761.6, 4124.62
82761.7, 4129.23
82761.7, 4138.97
82793.9, 4156.92
82794, 4167.18
82794.1, 4158.97
82794.1, 4141.03
82824.9, 4127.18
82825, 4125.13
82825.1, 4129.23
82825.1, 4142.05
82855.7, 4160.51
82855.8, 4164.62
82855.9, 4152.82
82855.9, 4138.46
82887, 4128.72
82887.1, 4124.62
82887.1, 4130.77
82887.2, 4147.69
82918.8, 4163.08
82918.9, 4163.59
82918.9, 4152.31
82918.9, 4138.46
82949.7, 4127.18
82949.8, 4124.62
82949.9, 4126.67
82949.9, 4140.51
82980.6, 4160.51
82980.7, 4163.59
82980.7, 4149.74
82980.7, 4134.87
83012.7, 4128.21
83012.8, 4125.64
83012.8, 4128.21
83012.9, 4141.54
83043.5, 4158.97
83043.6, 4164.62
83043.6, 4156.92
83043.7, 4141.54
83074.6, 4127.69
83074.8, 4125.64
83074.8, 4132.82
83074.9, 4144.62
83105.6, 4156.41
83105.7, 4161.54
83105.7, 4154.36
83105.8, 4138.46
83137.9, 4128.72
83138, 4126.15
83138, 4129.23
83138.1, 4143.59
83168.8, 4159.49
83168.9, 4161.54
83169, 4150.26
83169.1, 4136.41
83200.2, 4127.69
83200.4, 4127.69
83200.5, 4130.77
83200.5, 4141.03
83231.5, 4157.95
83231.6, 4162.56
83231.6, 4151.28
83231.6, 4138.97
83262.6, 4130.77
83262.8, 4126.67
83262.8, 4129.23
83262.9, 4142.56
83293.4, 4159.49
83293.5, 4162.56
83293.5, 4153.33
83293.5, 4141.54
83324.4, 4129.74
83324.5, 4123.59
83324.5, 4130.77
83324.5, 4146.15
83356.6, 4158.46
83356.7, 4160.51
83356.7, 4152.82
83356.8, 4140
83387.8, 4128.21
83387.9, 4126.67
83387.9, 4132.31
83388, 4141.03
83418.8, 4155.38
83418.9, 4161.03
83418.9, 4150.77
83419, 4137.44
83450.7, 4131.28
83450.8, 4128.72
83450.9, 4128.72
83450.9, 4141.03
83481.9, 4158.46
83482.1, 4161.03
83482.2, 4149.23
83482.2, 4138.46
83512.8, 4131.28
83512.9, 4126.15
83513, 4130.26
83513, 4146.15
83543.8, 4158.97
83543.9, 4161.03
83544, 4152.82
83544, 4141.03
83575.9, 4128.72
83576, 4125.13
83576.1, 4134.36
83576.1, 4148.21
83606.8, 4157.44
83606.9, 4161.03
83607, 4155.38
83607, 4138.97
83638, 4127.69
83638.1, 4127.69
83638.2, 4131.28
83638.3, 4138.97
83669, 4146.67
83669.5, 4146.67
83669.7, 4145.13
83669.8, 4146.67
83700.8, 4145.13
83701, 4143.59
83701, 4145.13
83701, 4145.13
83732, 4144.1
83732.1, 4143.59
83732.1, 4144.1
83732.1, 4143.59
83762.8, 4143.59
83762.9, 4146.15
83763, 4145.64
83763, 4142.56
83794.7, 4145.13
83794.8, 4145.64
83794.9, 4143.08
83794.9, 4142.56
83826, 4142.05
83826.7, 4141.54
83826.7, 4142.56
83826.8, 4141.03
83857, 4140
83857.1, 4141.54
83857.2, 4143.08
83857.2, 4143.08
83887.9, 4142.56
83888, 4141.54
83888, 4140.51
83888.1, 4140.51
83919.9, 4142.05
83920.1, 4142.56
83920.1, 4143.08
83920.2, 4144.1
83950.9, 4144.1
83951, 4144.62
83951.1, 4145.13
83951.1, 4145.13
83981.9, 4145.13
83982, 4143.08
83982.1, 4141.03
83982.1, 4139.49
84013.9, 4142.56
84014, 4145.13
84014.1, 4142.05
84014.1, 4141.54
84044.9, 4143.59
84045.1, 4143.59
84045.1, 4142.56
84045.4, 4145.13
84075.9, 4145.13
84076, 4141.03
84076, 4141.54
84076, 4143.59
84106.9, 4143.59
84107, 4143.59
84107.1, 4142.56
84107.1, 4141.03
84138.9, 4144.62
84139, 4144.62
84139.1, 4140
84139.1, 4139.49
84170, 4143.08
84170.1, 4142.56
84170.2, 4141.03
84170.2, 4142.05
84201, 4144.1
84201.1, 4144.1
84201.2, 4142.56
84201.2, 4140.51
84231.5, 4142.56
84231.6, 4144.62
84231.6, 4142.05
84231.7, 4140
84264, 4140.51
84264.1, 4141.03
84264.2, 4143.59
84264.5, 4145.64
84294.8, 4143.59
84294.9, 4142.05
84294.9, 4143.59
84294.9, 4144.1
84325.7, 4142.56
84325.8, 4142.56
84325.9, 4144.1
84325.9, 4143.08
84357.5, 4142.56
84357.6, 4144.1
84357.6, 4144.1
84357.6, 4142.05
84388.7, 4141.03
84388.8, 4142.56
84388.8, 4143.59
84388.9, 4145.13
84419.6, 4144.1
84419.6, 4141.54
84419.7, 4144.1
84419.7, 4145.13
84450.6, 4142.56
84450.7, 4143.08
84450.8, 4142.56
84450.8, 4142.05
84482.8, 4145.13
84482.9, 4145.13
84483, 4140.51
84483.1, 4140.51
84513.6, 4143.59
84513.7, 4143.59
84513.8, 4144.1
84513.8, 4143.59
84544.6, 4140.51
84544.7, 4141.54
84544.7, 4143.08
84544.8, 4139.49
84576.8, 4138.97
84576.9, 4142.56
84576.9, 4144.62
84577, 4143.59
84607.6, 4142.05
84607.8, 4143.59
84607.8, 4144.62
84607.9, 4143.59
84638.7, 4142.56
84638.8, 4143.59
84638.9, 4144.62
84638.9, 4143.08
84669.9, 4142.05
84669.9, 4142.56
84670, 4143.08
84670, 4142.56
84701.9, 4142.56
84702.1, 4143.59
84702.1, 4144.62
84702.1, 4144.1
84732.6, 4143.08
84732.7, 4144.1
84732.7, 4144.1
84732.8, 4142.56
84763.4, 4141.03
84763.5, 4142.05
84763.5, 4143.08
84763.5, 4143.59
84794.4, 4143.59
84794.5, 4141.54
84794.5, 4141.03
84794.5, 4141.54
84826.6, 4141.03
84826.7, 4143.08
84826.8, 4143.08
84826.8, 4142.56
84857.6, 4144.62
84857.7, 4145.13
84857.7, 4142.56
84857.7, 4141.03
84888.6, 4142.05
84888.7, 4144.1
84888.7, 4143.08
84888.7, 4140.51
84920.8, 4140
84921, 4142.56
84921, 4144.1
84921.1, 4141.54
84951.5, 4142.05
84951.5, 4144.1
84951.6, 4143.59
84951.6, 4142.05
84982.6, 4140.51
84982.6, 4141.54
84982.7, 4143.08
84982.7, 4144.1
85013.6, 4143.59
85013.7, 4142.05
85013.7, 4143.08
85013.7, 4144.1
85045.6, 4141.54
85045.7, 4140
85045.7, 4143.59
85045.8, 4145.13
85076.5, 4142.56
85076.6, 4142.56
85076.6, 4143.59
85076.7, 4142.56
85107.9, 4142.56
85108.1, 4143.08
85108.1, 4141.03
85108.2, 4141.03
85139.7, 4141.03
85139.8, 4139.49
85139.9, 4140.51
85139.9, 4143.59
85170.8, 4144.1
85170.9, 4145.13
85170.9, 4143.08
85170.9, 4140.51
85201.6, 4143.08
85201.7, 4145.13
85201.9, 4143.59
85202, 4144.62
85232.6, 4145.13
85232.7, 4139.49
85232.7, 4137.95
85232.8, 4137.95
85264.7, 4133.33
85264.8, 4133.85
85264.8, 4136.92
85264.8, 4133.85
85295.5, 4133.33
85295.6, 4137.44
85295.7, 4138.46
85295.7, 4138.97
85326.8, 4141.03
85326.9, 4141.54
85327, 4141.03
85327.1, 4141.54
85357.7, 4141.03
85357.8, 4138.97
85357.9, 4140.51
85357.9, 4141.54
85389.5, 4141.03
85389.6, 4143.08
85389.6, 4144.1
85389.7, 4143.59
85420.6, 4145.13
85420.7, 4146.67
85420.7, 4144.1
85420.8, 4143.59
85451.5, 4145.13
85451.6, 4143.08
85451.6, 4143.08
85451.7, 4145.64
85483.5, 4144.1
85483.6, 4143.08
85483.7, 4146.15
85483.7, 4145.13
85514.9, 4143.59
85515, 4146.15
85515.1, 4146.15
85515.1, 4144.1
85545.9, 4143.08
85546, 4143.59
85546.1, 4145.64
85546.1, 4146.15
85576.7, 4144.62
85576.8, 4143.08
85576.9, 4144.62
85576.9, 4145.64
85608.8, 4145.64
85608.9, 4144.62
85608.9, 4143.08
85609, 4144.1
85639.6, 4143.59
85639.7, 4140
85639.8, 4142.05
85639.8, 4145.13
85670.6, 4144.62
85670.7, 4142.05
85670.8, 4141.54
85670.9, 4143.59
85702.5, 4144.1
85702.6, 4142.56
85702.6, 4142.56
85702.7, 4144.1
85733.9, 4143.59
85734.1, 4140.51
85734.1, 4140
85734.2, 4142.05
85764.5, 4142.56
85764.5, 4143.59
85764.6, 4143.08
85764.6, 4143.08
85795.5, 4143.59
85795.5, 4142.05
85795.6, 4144.1
85795.6, 4145.13
85827.5, 4142.05
85827.6, 4141.54
85827.6, 4143.59
85827.7, 4144.1
85858.5, 4142.56
85858.6, 4141.54
85858.6, 4143.59
85858.6, 4143.59
85889.5, 4142.56
85889.6, 4143.59
85889.6, 4143.59
85889.6, 4140
85920.7, 4140
85920.8, 4142.56
85920.9, 4142.56
85920.9, 4143.59
85952.7, 4144.62
85952.8, 4142.05
85952.8, 4142.56
85952.9, 4145.13
85983.5, 4142.56
85983.5, 4140.51
85983.6, 4143.08
85983.6, 4143.08
86014.5, 4141.03
86014.6, 4141.54
86014.6, 4142.56
86014.7, 4141.03
86046.5, 4142.56
86046.6, 4144.62
86046.7, 4141.54
86046.7, 4142.05
86077.6, 4145.64
86077.7, 4143.59
86077.7, 4141.54
86077.8, 4143.59
86108.6, 4145.64
86108.7, 4143.08
86108.7, 4140.51
86108.8, 4138.46
86139.8, 4136.92, estimuli
86141.5, 4136.92
86141.6, 4134.36
86141.6, 4132.82
86171.6, 4136.92
86171.7, 4137.95
86171.7, 4133.33
86171.8, 4135.9
86202.8, 4140
86203, 4137.44
86203, 4135.9
86203.1, 4138.97
86233.5, 4143.59
86233.6, 4143.59
86233.7, 4141.54
86233.7, 4142.56
86265.7, 4144.1
86265.8, 4144.62
86265.8, 4143.08
86265.9, 4144.62
86296.6, 4155.38
86296.6, 4161.03
86296.7, 4152.31
86296.7, 4137.95
86327.5, 4130.26
86327.6, 4127.69
86327.6, 4125.64
86327.7, 4134.87
86358.9, 4154.87
86359, 4165.13
86359.1, 4157.95
86359.1, 4141.54
86390.5, 4127.69
86390.6, 4122.56
86390.6, 4125.64
86390.6, 4140.51
86421.6, 4160.51
86421.7, 4167.18
86421.7, 4156.92
86421.8, 4142.05
86452.5, 4130.26
86452.6, 4124.62
86452.6, 4127.69
86452.7, 4135.9
86483.4, 4149.23
86483.5, 4163.08
86483.6, 4160.51
86483.6, 4142.05
86515.5, 4126.67
86515.5, 4123.59
86515.6, 4126.15
86515.6, 4136.41
86546.4, 4154.87
86546.5, 4162.56
86546.6, 4152.31
86546.6, 4140
86577.8, 4130.77
86577.9, 4125.64
86577.9, 4128.72
86577.9, 4140.51
86609.6, 4155.9
86609.6, 4164.62
86609.7, 4157.95
86609.7, 4142.56
86640.6, 4128.72
86640.7, 4124.1
86640.7, 4129.23
86640.7, 4140.51
86671.7, 4156.41
86671.8, 4163.59
86671.8, 4156.92
86671.9, 4142.56
86702.7, 4127.69
86702.8, 4124.62
86702.8, 4128.72
86702.9, 4137.44
86734.5, 4155.38
86734.5, 4164.62
86734.6, 4154.87
86734.6, 4140
86765.6, 4131.79
86765.7, 4128.21
86765.8, 4129.74
86765.8, 4140
86796.8, 4156.92
86796.9, 4163.59
86797, 4153.85
86797, 4139.49
86828.7, 4129.23
86828.8, 4125.13
86828.8, 4126.67
86828.8, 4135.38
86859.6, 4150.77
86859.7, 4164.1
86859.8, 4159.49
86859.8, 4141.03
86890.5, 4129.74
86890.6, 4128.21
86890.6, 4128.72
86890.7, 4137.95
86921.5, 4154.87
86921.6, 4162.56
86921.6, 4155.38
86921.7, 4140.51
86953.7, 4128.21
86953.8, 4127.18
86953.8, 4131.79
86953.8, 4134.87
86984.8, 4151.28
86984.9, 4165.13
86985, 4154.36
86985.1, 4134.36
87015.5, 4128.21
87015.6, 4129.23
87015.6, 4129.23
87015.6, 4136.41
87046.4, 4154.36
87046.5, 4163.08
87046.6, 4152.31
87046.6, 4140
87078.5, 4131.79
87078.6, 4125.13
87078.7, 4129.23
87078.7, 4140.51
87109.6, 4152.82
87109.6, 4160
87109.7, 4153.85
87109.7, 4138.97
87140.5, 4126.15
87140.5, 4124.62
87140.6, 4130.77
87140.6, 4138.97
87172.6, 4151.28
87172.6, 4160
87172.7, 4153.33
87172.7, 4136.92
87203.9, 4128.72
87204, 4130.26
87204.1, 4130.26
87204.1, 4137.44
87234.6, 4156.41
87234.6, 4163.08
87234.7, 4153.33
87234.7, 4142.05
87265.5, 4133.85
87265.6, 4127.69
87265.7, 4129.23
87265.7, 4140
87297.7, 4146.67
87297.8, 4145.64
87297.8, 4144.62
87297.9, 4146.67
87328.7, 4145.64
87328.8, 4141.03
87328.8, 4141.03
87328.9, 4144.1
87359.6, 4144.1
87359.8, 4143.08
87359.9, 4145.13
87359.9, 4144.62
87391.5, 4142.05
87391.6, 4142.05
87391.7, 4144.62
87391.7, 4145.13
87422.8, 4142.56
87422.9, 4142.05
87423, 4144.1
87423, 4145.64
87453.7, 4145.13
87453.8, 4142.56
87453.9, 4142.56
87453.9, 4141.54
87484.4, 4141.54
87484.5, 4144.1
87484.5, 4144.1
87484.6, 4142.56
87516.5, 4143.08
87516.6, 4144.1
87516.6, 4142.05
87516.7, 4140
87547.4, 4143.59
87547.5, 4145.13
87547.6, 4143.08
87547.6, 4144.62
87578.6, 4143.59
87578.7, 4140
87578.7, 4143.59
87578.7, 4144.62
87609.8, 4138.97
87610.1, 4140
87610.1, 4146.15
87610.2, 4145.64
87641.7, 4142.05
87641.8, 4144.1
87641.8, 4146.15
87641.9, 4146.15
87672.5, 4145.13
87672.6, 4144.62
87672.6, 4145.64
87672.6, 4146.15
87703.7, 4146.15
87703.8, 4146.15
87703.8, 4145.64
87703.8, 4145.13
87735.4, 4144.62
87735.5, 4142.05
87735.6, 4141.03
87735.6, 4143.08
87766.6, 4144.1
87766.7, 4144.62
87766.7, 4144.62
87766.7, 4145.13
87797.3, 4145.13
87797.4, 4145.64
87797.5, 4145.64
87797.5, 4143.59
87828.6, 4141.03
87828.8, 4141.54
87828.9, 4143.59
87828.9, 4145.13
87860.7, 4143.59
87860.8, 4142.56
87860.9, 4144.62
87860.9, 4144.62
87891.6, 4140.51
87891.7, 4138.97
87891.7, 4143.59
87891.8, 4143.59
87922.7, 4141.03
87922.8, 4144.62
87922.8, 4146.15
87922.9, 4142.56
87954.8, 4139.49
87954.9, 4141.03
87955, 4143.59
87955, 4141.03
87985.5, 4141.54
87985.6, 4142.56
87985.6, 4140
87985.6, 4137.95
88016.8, 4138.97
88016.9, 4142.56
88016.9, 4144.1
88017, 4142.05
88047.6, 4144.1
88047.7, 4149.74
88047.8, 4149.23
88047.8, 4145.64
88079.6, 4144.62
88079.7, 4143.08
88079.8, 4144.62
88079.8, 4147.18
88110.6, 4148.21
88110.7, 4148.72
88110.7, 4149.74
88110.7, 4148.72
88141.7, 4148.21
88141.8, 4149.23
88141.8, 4147.18
88141.9, 4144.62
88172.6, 4145.13
88172.7, 4145.64
88172.7, 4146.15
88172.8, 4144.62
88204.6, 4143.08
88204.7, 4145.13
88204.8, 4145.13
88204.8, 4144.1
88235.9, 4143.08
88236, 4141.03
88236.1, 4141.03
88236.1, 4141.54
88266.5, 4140
88266.7, 4140
88266.7, 4142.05
88266.8, 4143.59
88298.5, 4143.08
88298.5, 4143.08
88298.6, 4142.56
88298.6, 4143.59
88329.8, 4144.62
88329.9, 4141.54
88329.9, 4141.54
88330, 4144.1
88360.8, 4144.62
88360.9, 4143.08
88360.9, 4141.54
88361, 4142.56
88391.6, 4141.54
88391.7, 4140
88391.7, 4141.54
88391.8, 4142.56
88423.6, 4141.03
88423.6, 4143.08
88423.7, 4144.1
88423.8, 4143.08
88455.1, 4142.56
88455.2, 4142.05
88455.2, 4142.56
88455.3, 4143.08
88485.9, 4142.05
88486, 4143.59
88486, 4144.62
88486.1, 4143.59
88517.6, 4143.08
88517.7, 4143.08
88517.7, 4143.59
88517.8, 4145.64
88548.5, 4147.18
88548.5, 4146.15
88548.6, 4145.64
88548.6, 4147.18
88579.5, 4146.67
88579.6, 4147.69
88579.6, 4148.72
88579.7, 4149.74
88610.6, 4151.79
88610.7, 4152.82
88610.7, 4151.79
88610.8, 4148.72
88642.9, 4150.26
88642.9, 4155.9
88643, 4157.44
88643, 4157.44
88673.8, 4157.44
88673.9, 4157.95
88673.9, 4156.92
88674, 4155.9
88704.8, 4155.9
88704.9, 4152.31
88705, 4151.28
88705, 4153.33
88736.7, 4151.79
88736.8, 4149.23
88736.8, 4149.23
88736.8, 4151.28
88767.5, 4153.85
88767.6, 4152.31
88767.6, 4148.72
88767.6, 4149.74
88798.4, 4151.79
88798.5, 4150.77
88798.5, 4150.77
88798.6, 4148.72
88830.1, 4148.72
88830.2, 4151.79
88830.3, 4151.79
88830.3, 4149.23
88862.7, 4148.21
88862.9, 4150.26
88863, 4150.77
88863, 4148.72
88892.7, 4149.74
88892.8, 4151.79
88892.8, 4150.77
88892.9, 4150.26
88923.7, 4150.77
88923.8, 4149.23
88923.8, 4149.23
88923.9, 4150.77
88954.4, 4149.74
88954.5, 4148.72
88954.6, 4151.28
88954.6, 4149.23
88986.4, 4148.21
88986.5, 4151.28
88986.5, 4151.28
88986.6, 4150.77
89017.7, 4151.79
89017.8, 4152.82
89017.9, 4150.77
89018, 4148.21
89048.6, 4149.23
89048.7, 4150.26
89048.8, 4149.74
89048.8, 4149.74
89080.6, 4148.72
89080.7, 4148.72
89080.7, 4150.77
89080.7, 4149.74
89111.5, 4146.15
89111.6, 4145.64
89111.7, 4147.18
89111.8, 4146.67
89142.8, 4145.13
89142.9, 4146.15
89143, 4149.23
89143, 4149.74
89173.5, 4144.62
89173.6, 4144.1
89173.6, 4149.23
89173.7, 4148.21
89205.7, 4144.1
89205.8, 4145.13
89205.8, 4147.18
89205.9, 4146.15
89236.8, 4145.13
89236.9, 4145.64
89236.9, 4146.67
89237, 4147.69
89268, 4145.64
89268.1, 4144.1
89268.2, 4146.15
89268.2, 4147.69
89299.6, 4145.13
89299.7, 4144.62
89299.8, 4145.64
89299.8, 4144.1
89330.7, 4143.08
89330.8, 4143.59
89330.9, 4143.08
89330.9, 4141.03
89361.9, 4142.56
89362, 4145.64
89362.1, 4144.1
89362.1, 4143.08
89392.4, 4143.59
89392.5, 4143.08
89392.5, 4142.56
89392.6, 4143.08
89424.4, 4143.08
89424.5, 4142.56
89424.6, 4143.59
89424.6, 4142.56
89455.4, 4140.51
89455.5, 4141.03
89455.5, 4143.59
89455.6, 4143.08
89487.4, 4138.97
89487.5, 4138.97
89487.6, 4142.05
89487.6, 4143.08
89518.7, 4142.56
89518.9, 4142.56
89518.9, 4140
89519, 4138.97
89549.6, 4139.49
89549.6, 4137.44
89549.7, 4136.92
89549.7, 4136.41
89580.7, 4136.92
89580.9, 4142.56
89580.9, 4144.62
89581, 4139.49
89611.8, 4137.95
89611.9, 4141.03
89611.9, 4142.56
89612, 4141.03
89643.8, 4140
89643.9, 4142.56
89644, 4141.03
89644, 4137.95
89674.7, 4137.44
89674.8, 4141.03
89674.9, 4142.05
89674.9, 4138.46
89705.9, 4137.95
89706, 4142.05
89706.1, 4141.03
89706.2, 4138.97
89736.6, 4141.54
89736.8, 4142.05
89736.8, 4139.49
89736.8, 4137.44
89768.7, 4137.95
89768.9, 4138.97
89768.9, 4139.49
89769, 4140.51
89799.5, 4141.03
89799.6, 4141.03
89799.6, 4139.49
89799.7, 4140.51
89830.7, 4141.03
89830.8, 4139.49
89830.8, 4139.49
89830.8, 4139.49
89862.7, 4139.49
89862.8, 4139.49
89862.9, 4138.97
89862.9, 4138.97
89893.5, 4140
89893.6, 4141.03
89893.6, 4138.97
89893.7, 4138.97
89924.9, 4140
89925, 4138.46
89925.1, 4137.95
89925.1, 4142.05
89955.6, 4141.03
89955.7, 4139.49
89955.8, 4140
89955.9, 4138.97
89987.7, 4139.49
89987.8, 4141.03
89987.9, 4140
89987.9, 4140.51
90018.6, 4141.54
90018.9, 4141.03
90018.9, 4138.97
90019, 4139.49
90049.6, 4141.54
90049.7, 4140
90049.8, 4138.46
90049.8, 4138.46
90081.7, 4138.46
90081.8, 4139.49
90081.9, 4142.05
90081.9, 4143.08
90112.8, 4140
90112.9, 4139.49
90112.9, 4143.59
90113, 4145.64
90143.6, 4142.56
90143.8, 4142.05
90143.8, 4143.08
90143.9, 4141.54
90174.6, 4140.51
90174.7, 4141.54
90174.7, 4141.54
90174.7, 4142.05
90206.5, 4142.56
90206.5, 4140.51
90206.6, 4141.03
90206.6, 4143.08
90237.6, 4143.08
90237.7, 4140
90237.7, 4136.92
90237.7, 4140
90268.9, 4143.08
90269, 4140.51
90269.1, 4140.51
90269.1, 4142.05
90299.6, 4139.49
90299.7, 4140.51
90299.8, 4143.59
90299.8, 4142.56
90332, 4141.03
90332.5, 4140
90332.6, 4140.51
90332.7, 4140.51
90362.8, 4138.46
90363, 4137.44
90363, 4139.49
90363.1, 4142.05
90393.7, 4141.03
90393.8, 4141.03
90393.8, 4143.59
90393.9, 4145.13
90425.8, 4143.08
90425.9, 4141.54
90426, 4143.08
90426, 4144.62
90456.9, 4144.1
90457, 4142.56
90457, 4142.56
90457.1, 4143.08
90487.6, 4142.56
90487.7, 4140
90487.7, 4140
90487.8, 4140.51
