0.0001, 3995.38
0.4429, 3990.77
0.4998, 3987.18
0.5427, 3991.28
31.6075, 3993.33
31.7502, 3991.79
31.8101, 3996.41
31.8587, 4000
61.8279, 3990.26
61.9188, 3980.51
61.9604, 3989.23
62.0005, 4006.67
94.0244, 4012.82
94.1225, 4001.54
94.174, 3996.41
94.2237, 4003.59
124.994, 3988.72
125.086, 3967.69
125.162, 3973.85
125.248, 3992.31
155.919, 4006.67
156.017, 4007.18
156.068, 4000
156.115, 3994.36
188.079, 3979.49
188.195, 3964.62
188.236, 3972.82
188.275, 3988.21
219.062, 4000.51
219.177, 4008.21
219.23, 4001.03
219.279, 3990.77
250.064, 3980.51
250.179, 3969.74
250.24, 3973.85
250.298, 3987.18
281.07, 4000
281.188, 4007.18
281.264, 4001.03
281.344, 3990.26
311.863, 3981.03
312.309, 3969.23
312.399, 3973.85
312.455, 3991.79
344.387, 4006.15
344.483, 4008.21
344.524, 4004.1
344.563, 4000
374.916, 3985.13
375.036, 3968.21
375.092, 3974.87
375.162, 3992.31
405.922, 4000.51
406.042, 4005.13
406.106, 4004.62
406.16, 3994.87
437.935, 3979.49
438.029, 3969.74
438.07, 3977.44
438.11, 3989.74
469.388, 3999.49
469.502, 4004.62
469.553, 3996.92
469.598, 3988.72
500.01, 3981.03
500.12, 3967.69
500.173, 3970.26
500.227, 3986.67
530.925, 4000.51
531.054, 4004.1
531.116, 3998.97
531.172, 3991.28
563.066, 3978.97
563.214, 3967.69
563.291, 3974.36
563.377, 3992.31
594.09, 4005.13
594.205, 4005.64
594.255, 4001.03
594.304, 3998.46
625.108, 3984.62
625.21, 3967.69
625.269, 3972.31
625.328, 3989.74
657.028, 4001.54
657.128, 4001.03
657.186, 3993.85
657.234, 3991.79
688.297, 3982.05
688.496, 3966.15
688.55, 3970.77
688.6, 3987.69
719.019, 3996.92
719.142, 4000
719.203, 3996.41
719.253, 3987.18
749.98, 3976.41
750.082, 3966.67
750.136, 3970.77
750.195, 3985.13
781.991, 3996.92
782.13, 4003.08
782.192, 3998.46
782.243, 3988.21
813.147, 3976.41
813.427, 3965.64
813.484, 3971.79
813.53, 3989.74
845.644, 4003.59
845.755, 4005.64
845.812, 3996.92
845.862, 3989.74
875.104, 3979.49
875.206, 3968.72
875.254, 3973.85
876.684, 3988.21
907.041, 3996.92
907.134, 3998.97
907.175, 3995.9
907.214, 3991.28
937.779, 3976.92
937.872, 3963.59
937.918, 3972.82
937.959, 3989.74
969.233, 3997.44
969.332, 4002.05
969.376, 3996.41
969.415, 3986.15
1001.16, 3977.44
1001.28, 3967.18
1001.33, 3971.28
1001.39, 3989.23
1033.3, 4002.05
1034.02, 4002.05
1034.07, 3994.87
1034.12, 3989.23
1063.1, 3980.51
1063.24, 3975.9
1063.32, 3983.59
1063.47, 3984.1
1094.04, 3977.95
1094.15, 3986.67
1094.2, 3992.31
1094.25, 3983.59
1125.96, 3982.05
1126.06, 3987.69
1126.11, 3988.72
1126.16, 3986.67
1157.12, 3985.64
1157.24, 3986.15
1157.3, 3986.15
1157.46, 3984.1
1188.03, 3983.59
1188.15, 3984.1
1188.2, 3983.08
1188.26, 3982.56
1220.18, 3983.08
1220.31, 3984.1
1220.37, 3984.62
1220.42, 3985.13
1251.2, 3986.67
1251.37, 3985.13
1251.45, 3981.54
1251.5, 3982.05
1282.08, 3983.59
1282.18, 3982.56
1282.23, 3981.54
1282.28, 3982.05
1313.17, 3983.08
1313.48, 3983.59
1313.57, 3985.64
1313.65, 3987.18
1344.91, 3984.62
1345.06, 3983.59
1345.11, 3985.64
1345.16, 3985.13
1375.99, 3983.59
1376.12, 3982.56
1376.22, 3982.56
1376.28, 3984.1
1407.25, 3984.62
1407.38, 3981.54
1407.44, 3980.51
1407.49, 3983.08
1438.11, 3986.67
1438.24, 3988.21
1438.29, 3987.69
1438.35, 3985.13
1470.12, 3983.08
1470.24, 3983.59
1470.3, 3982.56
1470.43, 3981.54
1501.15, 3981.54
1501.23, 3984.1
1501.27, 3987.18
1501.3, 3985.13
1532.19, 3983.08
1532.31, 3984.1
1532.48, 3985.13
1532.53, 3983.08
1571.35, 3980.51
1571.43, 3982.56
1571.47, 3984.1
1571.51, 3984.62
1595.16, 3985.13
1595.26, 3985.13
1595.31, 3985.64
1595.37, 3985.64
1626.25, 3985.64
1626.37, 3985.64
1626.42, 3984.1
1626.48, 3982.05
1657.03, 3984.62
1657.13, 3986.15
1657.18, 3987.18
1657.23, 3991.28
1689.36, 3991.28
1689.64, 3987.18
1689.7, 3987.18
1689.76, 3988.21
1719.93, 3986.67
1720.04, 3984.1
1720.11, 3985.64
1720.17, 3985.64
1750.92, 3985.13
1751.08, 3986.15
1751.17, 3986.15
1751.23, 3986.15
1783.25, 3986.67
1783.38, 3987.18
1783.44, 3987.69
1783.59, 3986.15
1814.2, 3984.62
1814.31, 3986.67
1814.5, 3988.21
1814.57, 3984.62
1844.9, 3983.08
1845, 3987.69
1845.05, 3990.26
1845.1, 3988.72
1876.02, 3988.72
1876.15, 3989.23
1876.19, 3989.23
1876.22, 3990.77
1907.91, 3990.77
1908.02, 3988.21
1908.07, 3988.21
1908.12, 3995.38
1938.99, 3996.41
1939.13, 3991.79
1939.19, 3993.33
1939.23, 3993.85
1971.65, 3990.26
1971.94, 3989.74
1972.07, 3991.28
1972.12, 3993.85
2001.14, 3996.92
2001.28, 3993.85
2001.38, 3989.23
2001.43, 3989.74
2033.05, 3991.79
2033.12, 3994.87
2033.15, 3997.44
2033.18, 3994.36
2063.68, 3990.77
2063.78, 3990.77
2063.83, 3990.26
2063.89, 3990.77
2094.77, 3992.82
2094.86, 3995.38
2094.9, 3996.92
2094.94, 3993.33
2126.76, 3990.77
2126.85, 3994.87
2126.88, 3997.95
2126.91, 3998.97
2157.94, 3999.49
2158.06, 3996.92
2158.11, 3995.9
2158.16, 3995.9
2188.69, 3993.85
2188.77, 3991.28
2188.8, 3987.69
2188.83, 3988.72
2220.05, 3995.38
2220.14, 3996.92
2220.17, 3993.33
2220.2, 3993.33
2251.76, 3995.9
2251.84, 3997.44
2251.87, 3997.44
2251.9, 3995.38
2282.9, 3991.79
2282.99, 3991.28
2283.02, 3995.38
2283.05, 3996.92
2313.79, 3991.28
2313.88, 3988.72
2313.93, 3994.36
2313.96, 3994.36
2345.64, 3990.77
2345.74, 3994.36
2345.79, 3994.36
2345.84, 3987.18
2377.09, 3989.23
2377.24, 3995.38
2377.42, 3996.41
2377.5, 3995.38
2407.7, 3993.85
2407.79, 3994.87
2407.83, 3995.9
2407.87, 3992.82
2438.93, 3989.74
2439.03, 3990.26
2439.08, 3990.26
2439.12, 3990.26
2470.77, 3991.79
2470.87, 3989.74
2470.92, 3987.69
2470.97, 3993.85
2501.85, 3995.9
2501.93, 3992.31
2501.96, 3989.74
2501.99, 3987.69
2532.88, 3989.74
2532.98, 3991.79
2533.03, 3990.26
2533.08, 3991.28
2563.78, 3994.36
2563.88, 3991.28
2563.94, 3989.23
2563.98, 3991.28
2596.1, 3991.79
2596.19, 3989.23
2596.24, 3989.23
2596.28, 3990.77
2626.78, 3990.26
2626.89, 3990.26
2626.93, 3990.77
2626.97, 3989.74
2657.77, 3990.26
2657.87, 3991.79
2657.92, 3989.23
2657.97, 3990.26
2689.8, 3997.95
2689.9, 3995.9
2689.95, 3987.69
2690, 3988.72
2720.99, 3991.28
2721.11, 3989.74
2721.18, 3992.31
2721.24, 3994.87
2751.94, 3992.31
2752.04, 3990.77
2752.08, 3992.82
2752.12, 3993.85
2782.87, 3994.36
2782.97, 3996.92
2783.02, 3995.38
2783.06, 3991.79
2815.05, 3992.82
2815.18, 3994.36
2815.24, 3994.36
2815.3, 3996.92
2845.62, 3996.92
2845.71, 3995.38
2845.75, 3994.87
2845.79, 3992.82
2876.65, 3990.77
2876.73, 3988.21
2876.77, 3987.18
2876.81, 3990.26
2908.84, 3997.44
2908.93, 4004.62
2908.96, 4007.69
2908.99, 4002.05
2939.65, 3989.23
2939.78, 3979.49
2939.82, 3969.74
2939.85, 3949.23
2970.79, 3928.72
2970.88, 3917.95
2970.93, 3910.77
2970.97, 3900
3002.05, 3894.87, estimuli
3002.15, 3895.9
3002.2, 3897.95
3002.25, 3904.1
3033.93, 3905.64
3034.03, 3895.38
3034.08, 3900
3034.13, 3919.49
3064.92, 3915.38
3065, 3903.08
3065.03, 3909.23
3065.06, 3918.97
3095.75, 3920
3095.85, 3918.46
3095.9, 3924.1
3095.94, 3933.33
3127.91, 3933.33
3127.98, 3930.26
3128.02, 3934.87
3128.05, 3934.36
3158.76, 3927.18
3158.86, 3927.69
3158.91, 3937.95
3158.96, 3949.74
3190.31, 3955.9
3190.53, 3950.77
3190.6, 3947.18
3190.67, 3937.95
3221.02, 3917.95
3221.13, 3911.79
3221.2, 3926.15
3221.26, 3948.21
3252.91, 3961.54
3253, 3961.54
3253.06, 3955.9
3253.14, 3943.59
3283.75, 3924.1
3283.85, 3919.49
3283.89, 3933.33
3283.93, 3950.26
3314.81, 3964.62
3314.92, 3965.64
3314.97, 3960.51
3315.02, 3950.77
3345.72, 3931.79
3345.83, 3930.26
3345.88, 3946.67
3345.92, 3957.95
3377.75, 3961.03
3377.84, 3957.95
3377.89, 3956.41
3377.94, 3948.72
3409.08, 3927.69
3409.19, 3927.18
3409.24, 3947.69
3409.29, 3962.05
3439.81, 3967.18
3439.91, 3968.21
3439.96, 3963.08
3440.01, 3949.23
3471.86, 3931.79
3471.95, 3933.33
3471.99, 3948.72
3472.03, 3960
3502.91, 3967.18
3502.99, 3970.26
3503.02, 3967.18
3503.05, 3952.31
3534.26, 3930.26
3534.39, 3927.18
3534.44, 3945.13
3534.49, 3960.51
3565, 3966.15
3565.13, 3966.67
3565.19, 3963.08
3565.25, 3951.79
3596.99, 3933.33
3597.1, 3932.31
3597.19, 3948.21
3597.26, 3959.49
3627.94, 3966.67
3628.03, 3967.18
3628.08, 3960.51
3628.12, 3949.74
3658.76, 3932.82
3658.84, 3929.23
3658.87, 3943.59
3658.9, 3957.44
3689.67, 3965.13
3689.8, 3964.62
3689.85, 3959.49
3689.91, 3949.74
3721.9, 3930.77
3721.98, 3925.13
3722.01, 3943.59
3722.04, 3962.05
3752.96, 3964.62
3753.07, 3960.51
3753.12, 3957.44
3753.17, 3949.74
3783.67, 3931.79
3783.76, 3928.21
3783.81, 3944.1
3783.84, 3961.03
3815.82, 3969.23
3815.92, 3963.59
3815.99, 3956.41
3816.04, 3952.31
3846.81, 3937.95
3846.9, 3931.79
3846.94, 3943.08
3846.98, 3957.95
3877.77, 3966.67
3877.86, 3962.56
3877.91, 3952.82
3877.95, 3944.62
3908.71, 3936.41
3908.82, 3935.38
3908.88, 3944.1
3908.93, 3956.92
3940.7, 3964.62
3940.78, 3960
3940.81, 3952.31
3940.84, 3945.13
3971.78, 3933.33
3971.88, 3928.72
3971.93, 3941.03
3971.98, 3955.9
4002.91, 3963.59
4003.01, 3961.03
4003.06, 3953.85
4003.11, 3945.13
4035.05, 3933.33
4035.24, 3929.23
4035.33, 3938.97
4035.4, 3956.92
4065.82, 3964.1
4065.92, 3959.49
4065.97, 3954.36
4066.02, 3944.1
4096.81, 3928.21
4096.89, 3929.74
4096.92, 3947.69
4096.95, 3958.97
4127.78, 3963.59
4127.87, 3962.56
4127.92, 3953.85
4127.96, 3943.08
4159.68, 3937.44
4159.75, 3947.18
4159.78, 3952.82
4159.81, 3942.56
4190.7, 3945.64
4190.8, 3954.87
4190.84, 3948.72
4190.89, 3945.13
4221.79, 3947.18
4221.89, 3946.15
4221.94, 3950.77
4221.98, 3951.28
4253.04, 3945.64
4253.19, 3945.13
4253.27, 3950.26
4253.34, 3951.79
4284.96, 3947.69
4285.06, 3945.13
4285.11, 3946.15
4285.16, 3950.26
4315.98, 3951.79
4316.08, 3950.26
4316.13, 3951.79
4316.18, 3952.82
4346.87, 3953.33
4346.95, 3953.33
4346.98, 3952.82
4347.01, 3952.82
4378.86, 3951.79
4378.94, 3949.74
4378.97, 3952.82
4379, 3959.49
4409.53, 3958.97
4409.61, 3954.36
4409.64, 3952.82
4409.67, 3955.38
4440.68, 3958.46
4440.78, 3958.46
4440.83, 3953.85
4440.88, 3952.31
4472.14, 3957.95
4472.27, 3956.92
4472.34, 3950.77
4472.39, 3955.9
4503.84, 3960.51
4503.93, 3957.95
4503.97, 3955.9
4504.01, 3955.38
4534.85, 3953.85
4534.94, 3952.31
4534.99, 3953.33
4535.04, 3953.85
4565.67, 3953.85
4565.76, 3955.38
4565.81, 3955.38
4565.85, 3955.38
4597.7, 3956.92
4597.83, 3955.9
4597.88, 3953.85
4597.92, 3956.41
4628.65, 3960.51
4628.75, 3957.95
4628.8, 3953.33
4628.85, 3956.41
4659.72, 3959.49
4659.79, 3957.95
4659.82, 3954.87
4659.85, 3952.82
4690.85, 3955.38
4690.94, 3957.44
4690.97, 3955.9
4691, 3960
4722.7, 3966.15
4722.81, 3964.62
4722.86, 3958.46
4722.91, 3955.9
4754.9, 3960.51
4754.97, 3962.05
4755.01, 3957.95
4755.04, 3957.44
4784.86, 3958.97
4784.93, 3959.49
4784.96, 3961.03
4784.99, 3961.54
4816.93, 3958.97
4817.02, 3959.49
4817.07, 3959.49
4817.13, 3953.85
4847.86, 3953.33
4847.97, 3957.95
4848.02, 3957.44
4848.07, 3954.87
4879.15, 3957.44
4879.29, 3961.03
4879.33, 3959.49
4879.36, 3955.38
4909.6, 3954.87
4909.69, 3956.92
4909.72, 3956.92
4909.75, 3957.44
4941.76, 3958.97
4941.84, 3960.51
4941.87, 3958.46
4941.9, 3955.9
4972.75, 3955.9
4972.84, 3954.36
4972.88, 3954.87
4972.92, 3958.46
5003.9, 3957.95
5004, 3958.46
5004.04, 3960.51
5004.08, 3958.46
5034.78, 3958.46
5034.86, 3961.03
5034.89, 3957.95
5034.92, 3957.44
5066.69, 3960.51
5066.78, 3958.97
5066.82, 3955.38
5066.86, 3955.9
5098.09, 3955.38
5098.28, 3954.36
5098.36, 3956.92
5098.43, 3956.92
5128.77, 3955.38
5128.85, 3957.44
5128.88, 3958.97
5128.91, 3956.92
5160.85, 3955.9
5160.92, 3958.97
5160.95, 3960.51
5160.98, 3957.44
5191.67, 3954.87
5191.78, 3953.85
5191.83, 3954.87
5191.88, 3958.46
5222.83, 3957.95
5222.9, 3955.9
5222.93, 3955.9
5222.96, 3955.9
5253.86, 3956.92
5253.96, 3955.9
5254.01, 3954.36
5254.06, 3956.41
5285.76, 3957.95
5285.83, 3956.41
5285.87, 3956.41
5285.9, 3957.44
5317.17, 3958.46
5317.27, 3960.51
5317.31, 3958.46
5317.34, 3955.9
5347.98, 3958.97
5348.08, 3961.03
5348.12, 3955.9
5348.16, 3954.36
5379.8, 3956.92
5380.02, 3956.92
5380.09, 3958.46
5380.14, 3961.54
5411.09, 3959.49
5411.22, 3955.9
5411.26, 3957.44
5411.3, 3960.51
5441.7, 3960.51
5441.79, 3960.51
5441.82, 3958.46
5441.85, 3955.9
5472.94, 3957.95
5473.03, 3957.44
5473.06, 3955.38
5473.09, 3957.95
5505.13, 3957.44
5505.29, 3955.38
5505.38, 3957.95
5505.43, 3959.49
5535.94, 3958.97
5536.02, 3958.46
5536.05, 3959.49
5536.08, 3962.05
5566.89, 3960
5566.99, 3958.97
5567.04, 3963.08
5567.09, 3963.59
5597.98, 3958.97
5598.08, 3958.97
5598.12, 3961.54
5598.17, 3961.54
5629.71, 3963.08
5629.83, 3962.05
5629.88, 3957.44
5629.93, 3958.46
5660.77, 3962.56
5660.86, 3964.1
5660.9, 3961.54
5660.94, 3959.49
5691.78, 3962.56
5691.88, 3963.08
5691.93, 3960.51
5691.98, 3960.51
5724.24, 3959.49
5724.36, 3958.46
5724.41, 3960
5724.45, 3961.54
5754.9, 3962.56
5755, 3961.03
5755.07, 3958.46
5755.13, 3962.05
5785.91, 3965.13
5786, 3963.08
5786.05, 3963.08
5786.1, 3963.08
5817.03, 3960.51
5817.15, 3959.49
5817.2, 3962.56
5817.27, 3962.56
5849.04, 3962.05
5849.13, 3961.54
5849.19, 3963.08
5849.24, 3968.21
5879.83, 3967.69
5879.99, 3960.51
5880.07, 3959.49
5880.12, 3963.08
5910.84, 3963.08
5910.93, 3961.54
5910.98, 3965.13
5911.02, 3966.67
5942.83, 3963.08
5942.92, 3962.05
5942.96, 3964.62
5943, 3966.67
5974.02, 3970.26
5974.13, 3971.28
5974.17, 3971.79
5974.22, 3971.28
6004.7, 3969.23
6004.77, 3968.72
6004.81, 3969.74
6004.84, 3971.28
6035.69, 3971.28
6035.79, 3970.77
6035.83, 3969.74
6035.89, 3968.21
6067.61, 3968.21
6067.71, 3969.74
6067.76, 3969.74
6067.81, 3968.72
6098.8, 3968.72
6098.89, 3969.23
6098.93, 3968.21
6098.97, 3967.69
6130.1, 3968.21
6130.22, 3967.69
6130.27, 3966.67
6130.31, 3967.18
6161.82, 3967.18
6161.92, 3967.18
6161.97, 3967.18
6162.02, 3967.18
6192.74, 3968.72
6192.81, 3969.74
6192.85, 3969.23
6192.88, 3968.72
6223.67, 3968.21
6223.75, 3967.18
6223.78, 3966.67
6223.81, 3969.74
6254.8, 3969.74
6254.88, 3965.13
6254.92, 3964.1
6254.95, 3967.18
6287.06, 3968.72
6287.15, 3968.72
6287.19, 3966.15
6287.24, 3968.21
6317.85, 3972.82
6317.94, 3966.67
6317.98, 3963.08
6318.02, 3966.67
6349.29, 3962.56
6349.4, 3959.49
6349.45, 3965.64
6349.5, 3969.74
6379.67, 3966.67
6379.77, 3966.15
6379.82, 3967.18
6379.87, 3967.18
6411.86, 3969.23
6411.93, 3967.69
6411.97, 3962.05
6412, 3961.54
6442.7, 3966.15
6442.8, 3968.72
6442.85, 3966.15
6442.9, 3966.67
6473.67, 3970.26
6473.75, 3970.26
6473.78, 3969.23
6473.81, 3968.72
6505.84, 3969.74
6505.92, 3970.77
6505.95, 3967.69
6505.98, 3967.69
6537.05, 3969.23
6537.15, 3966.15
6537.2, 3966.15
6537.26, 3966.67
6567.94, 3967.18
6568.04, 3968.72
6568.09, 3967.69
6568.13, 3967.18
6598.9, 3970.26
6598.97, 3970.77
6599.01, 3970.26
6599.04, 3970.26
6630.82, 3968.21
6630.91, 3971.28
6630.94, 3978.46
6630.97, 3982.05
6661.85, 3979.49
6661.94, 3973.85
6661.99, 3970.77
6662.03, 3971.79
6692.7, 3971.28
6692.8, 3965.64
6692.85, 3966.67
6692.9, 3972.31
6724.65, 3972.31
6724.75, 3970.77
6724.8, 3971.79
6724.84, 3970.77
6756.15, 3968.21
6756.32, 3969.74
6756.36, 3969.23
6756.51, 3966.67
6786.75, 3965.13
6786.87, 3965.64
6786.92, 3965.64
6786.97, 3969.74
6817.81, 3978.97
6817.89, 3981.54
6817.92, 3981.03
6817.95, 3977.44
6849.81, 3972.82
6849.92, 3975.9
6849.96, 3976.92
6850, 3970.26
6880.7, 3966.15
6880.81, 3957.44
6880.86, 3936.92
6880.91, 3933.85
6911.72, 3942.05, estimuli
6911.8, 3930.77
6911.83, 3929.74
6911.86, 3949.23
6942.67, 3951.79
6942.75, 3941.54
6942.78, 3947.69
6942.81, 3958.46
6975.18, 3957.95
6975.25, 3954.87
6975.29, 3954.87
6975.32, 3952.82
7005.83, 3953.33
7005.9, 3955.9
7005.94, 3956.92
7005.97, 3960
7036.76, 3961.03
7036.87, 3955.38
7036.92, 3957.95
7036.97, 3956.92
7068.77, 3943.08
7068.87, 3940
7068.92, 3952.31
7068.97, 3964.62
7099.73, 3966.15
7099.82, 3962.05
7099.86, 3962.56
7099.9, 3955.9
7130.73, 3937.95
7130.83, 3930.26
7130.87, 3943.59
7130.91, 3968.72
7161.98, 3978.46
7162.1, 3967.18
7162.15, 3963.08
7162.23, 3955.38
7193.68, 3931.79
7193.77, 3927.69
7193.8, 3945.64
7193.88, 3955.9
7224.85, 3967.18
7224.95, 3973.85
7225, 3965.64
7225.04, 3952.31
7255.82, 3935.38
7255.9, 3932.31
7255.93, 3948.21
7255.96, 3965.13
7287.94, 3972.82
7288.02, 3970.26
7288.06, 3965.13
7288.1, 3955.9
7318.95, 3935.9
7319.04, 3930.26
7319.09, 3950.26
7319.15, 3969.23
7349.74, 3973.85
7349.81, 3967.18
7349.85, 3960
7349.88, 3955.38
7381.15, 3940
7382.56, 3931.28
7382.74, 3942.05
7382.79, 3958.97
7412.9, 3971.28
7413.02, 3970.26
7413.07, 3965.13
7413.12, 3955.9
7443.71, 3936.92
7443.83, 3933.33
7443.88, 3947.69
7443.93, 3962.05
7474.73, 3973.33
7474.85, 3972.82
7474.89, 3963.08
7474.94, 3951.79
7505.86, 3934.87
7505.93, 3932.31
7505.96, 3949.23
7505.99, 3964.1
7537.85, 3968.21
7537.94, 3965.64
7537.97, 3964.1
7538, 3955.9
7568.8, 3938.97
7568.9, 3934.87
7568.95, 3948.72
7569, 3966.15
7600.2, 3974.87
7600.31, 3970.26
7600.43, 3961.54
7600.49, 3953.33
7631.92, 3938.97
7632.03, 3934.87
7632.08, 3947.18
7632.13, 3962.05
7662.71, 3970.26
7662.82, 3966.67
7662.86, 3960.51
7662.92, 3953.85
7693.78, 3939.49
7693.87, 3936.92
7693.92, 3953.85
7693.97, 3966.15
7724.74, 3969.74
7724.83, 3969.23
7724.86, 3963.08
7724.89, 3952.31
7756.91, 3939.49
7757.01, 3938.46
7757.06, 3949.23
7757.11, 3962.05
7788.22, 3972.31
7788.32, 3971.28
7788.36, 3966.67
7788.39, 3959.49
7819.31, 3942.56
7819.42, 3938.46
7819.47, 3956.41
7819.5, 3969.74
7851.32, 3971.79
7851.43, 3970.26
7851.48, 3969.23
7851.52, 3960.51
7882.07, 3941.54
7882.15, 3936.92
7882.18, 3951.28
7882.21, 3964.62
7913.04, 3971.79
7913.14, 3973.85
7913.19, 3970.77
7913.26, 3959.49
7944.28, 3940
7944.37, 3935.9
7944.41, 3950.77
7944.44, 3967.18
7975.92, 3974.36
7976, 3971.79
7976.03, 3969.23
7976.06, 3960.51
8007.15, 3940
8007.38, 3936.41
8007.46, 3952.82
8007.5, 3969.23
8038.09, 3976.92
8038.21, 3972.82
8038.26, 3964.1
8038.31, 3952.82
8070.04, 3943.08
8070.12, 3952.31
8070.15, 3960.51
8070.18, 3950.77
8100.91, 3952.82
8101.02, 3964.62
8101.06, 3956.92
8101.11, 3948.72
8131.9, 3958.46
8131.98, 3961.03
8132.02, 3955.9
8132.05, 3960
8163.03, 3965.13
8163.11, 3960.51
8163.14, 3955.9
8163.17, 3957.95
8194.91, 3960
8194.99, 3956.92
8195.02, 3955.9
8195.05, 3957.95
8226.08, 3958.46
8226.24, 3955.9
8226.38, 3955.38
8226.59, 3959.49
8256.92, 3960
8257.02, 3957.44
8257.07, 3956.41
8257.12, 3957.44
8287.81, 3958.97
8287.89, 3958.97
8287.92, 3960
8287.95, 3960.51
8319.83, 3958.46
8319.93, 3958.46
8319.98, 3963.59
8320.03, 3965.64
8350.96, 3965.13
8351.09, 3964.1
8351.16, 3960.51
8351.19, 3958.46
8382.12, 3961.54
8382.2, 3963.59
8382.26, 3961.03
8382.29, 3962.56
8414.04, 3964.62
8414.14, 3958.97
8414.19, 3958.46
8414.24, 3964.1
8445.1, 3966.15
8445.2, 3965.64
8445.25, 3964.1
8445.29, 3962.56
8475.64, 3962.56
8475.74, 3962.05
8475.77, 3960
8475.8, 3957.95
8506.64, 3957.44
8506.74, 3961.54
8506.79, 3962.05
8506.84, 3959.49
8538.93, 3961.54
8539.04, 3962.05
8539.09, 3961.54
8539.14, 3965.13
8569.89, 3968.21
8569.96, 3963.59
8570, 3961.03
8570.04, 3962.05
8600.91, 3963.59
8600.98, 3964.1
8601.02, 3963.59
8601.05, 3966.15
8632.82, 3969.23
8632.92, 3966.67
8632.97, 3963.59
8633.02, 3964.1
8663.75, 3964.1
8663.84, 3965.13
8663.87, 3965.64
8663.9, 3962.05
8694.64, 3960.51
8694.75, 3961.54
8694.8, 3962.05
8694.85, 3962.56
8725.69, 3962.56
8725.78, 3962.56
8725.82, 3960
8725.86, 3957.95
8757.8, 3960
8757.9, 3962.05
8757.95, 3962.05
8758, 3961.54
8789.02, 3960.51
8789.09, 3960.51
8789.12, 3963.59
8789.15, 3966.15
8819.97, 3962.05
8820.08, 3958.97
8820.12, 3961.54
8820.15, 3964.1
8851.02, 3963.59
8851.14, 3964.62
8851.19, 3964.1
8851.26, 3960.51
8883.21, 3958.97
8883.37, 3964.1
8883.42, 3966.67
8883.5, 3961.54
8914.2, 3958.97
8914.45, 3961.54
8914.5, 3963.08
8914.56, 3961.54
8945.04, 3960.51
8945.16, 3962.05
8945.21, 3962.05
8945.26, 3963.08
8977.02, 3965.64
8977.1, 3967.69
8977.13, 3965.64
8977.16, 3964.1
9008.11, 3967.18
9008.23, 3969.23
9008.28, 3970.26
9008.44, 3968.72
9038.87, 3964.1
9038.99, 3966.15
9039.06, 3969.23
9039.12, 3965.13
9069.94, 3963.08
9070.06, 3965.64
9070.12, 3965.13
9070.17, 3963.59
9102.23, 3963.59
9102.33, 3965.13
9102.38, 3966.67
9102.43, 3965.13
9133.05, 3965.64
9133.19, 3964.62
9133.27, 3961.54
9133.33, 3963.59
9163.99, 3967.18
9164.08, 3965.13
9164.13, 3963.08
9164.17, 3967.18
9196.08, 3969.23
9196.23, 3967.18
9196.31, 3968.72
9196.38, 3966.67
9227.15, 3966.15
9227.39, 3967.18
9227.46, 3967.69
9227.6, 3968.21
9258.09, 3969.23
9258.19, 3969.74
9258.27, 3969.23
9258.32, 3967.69
9289.07, 3967.18
9289.18, 3969.23
9289.29, 3969.74
9289.34, 3968.21
9321.33, 3966.67
9321.41, 3966.67
9321.45, 3965.13
9321.48, 3963.08
9352.06, 3964.1
9352.19, 3963.59
9352.25, 3960
9352.3, 3964.1
9383.07, 3970.77
9383.18, 3968.21
9383.24, 3966.67
9383.3, 3972.31
9414.41, 3973.33
9414.51, 3967.69
9414.56, 3968.21
9414.6, 3976.41
9446.08, 3986.67
9446.18, 3990.26
9446.24, 3977.44
9446.3, 3963.59
9477.37, 3965.64
9477.5, 3960
9477.56, 3940.51
9477.6, 3940
9508.26, 3954.87
9508.37, 3954.87
9508.48, 3950.26
9508.55, 3954.87
9540.05, 3952.82
9540.15, 3951.79
9540.21, 3961.03
9540.27, 3964.1
9571.34, 3960.51
9571.47, 3957.95
9571.52, 3958.46
9571.57, 3961.03
9602.07, 3957.95
9602.17, 3956.41
9602.22, 3961.54
9602.27, 3960.51
9633.23, 3957.95
9633.34, 3962.56
9633.39, 3964.1
9633.44, 3959.49
9665.18, 3962.05
9665.3, 3967.18
9665.33, 3965.13
9665.36, 3963.59
9696.33, 3962.56
9696.43, 3962.05
9696.47, 3966.15
9696.51, 3966.67
9727.12, 3961.03
9727.27, 3961.03
9727.33, 3965.13
9727.38, 3964.1
9759.12, 3961.03
9759.23, 3961.03
9759.31, 3963.08
9759.38, 3963.08
9789.96, 3960
9790.09, 3956.92
9790.14, 3959.49
9790.18, 3963.59
9821.1, 3961.54
9821.22, 3961.03
9821.28, 3962.56
9821.33, 3963.08
9851.82, 3965.13
9851.92, 3963.08
9851.97, 3957.95
9852.02, 3958.97
9883.9, 3964.1
9883.99, 3962.56
9884.03, 3957.95
9884.07, 3960
9915.16, 3960.51
9915.3, 3956.41
9915.34, 3957.44
9915.38, 3960.51
9946.04, 3958.46
9946.14, 3955.9
9946.2, 3956.41
9946.28, 3958.46
9976.99, 3960
9977.11, 3957.95
9977.15, 3959.49
9977.19, 3963.59
10008.7, 3962.05
10008.7, 3960
10008.8, 3960.51
10008.8, 3958.46
10039.6, 3955.38
10039.7, 3958.46
10039.7, 3960
10039.7, 3958.46
10070.8, 3959.49
10070.9, 3960.51
10070.9, 3960.51
10070.9, 3960.51
10102.8, 3957.95
10102.9, 3958.97
10102.9, 3962.56
10103, 3961.03
10134.1, 3960
10134.2, 3962.05
10134.2, 3960.51
10134.3, 3956.92
10164.6, 3960.51
10164.7, 3961.54
10164.8, 3955.9
10164.8, 3955.9
10195.6, 3957.44
10195.7, 3955.38
10195.7, 3952.31
10195.8, 3948.72
10227.7, 3951.28, estimuli
10227.8, 3958.97
10227.8, 3961.54
10227.8, 3964.62
10258.6, 3967.18
10258.7, 3963.59
10258.8, 3971.28
10258.8, 3981.54
10289.8, 3976.41
10289.9, 3966.15
10289.9, 3964.1
10290, 3966.15
10321.9, 3963.59
10322, 3960
10322.1, 3963.08
10322.1, 3966.15
10352.9, 3956.92
10353, 3955.38
10353.1, 3963.08
10353.1, 3949.23
10383.8, 3936.92
10383.9, 3951.28
10383.9, 3966.67
10383.9, 3973.85
10415, 3972.82
10415.1, 3971.79
10415.2, 3969.23
10415.3, 3949.74
10446.9, 3933.33
10447, 3945.13
10447, 3970.26
10447.1, 3986.67
10478.2, 3983.59
10478.3, 3975.9
10478.3, 3969.23
10478.4, 3951.79
10508.8, 3940.51
10508.9, 3956.41
10508.9, 3971.79
10509, 3972.82
10541.2, 3968.72
10541.4, 3967.18
10541.5, 3960.51
10541.5, 3940.51
10571.8, 3930.77
10571.9, 3943.08
10571.9, 3958.46
10571.9, 3972.31
10602.9, 3976.41
10603, 3969.23
10603, 3959.49
10603.1, 3945.64
10633.7, 3935.9
10633.8, 3943.59
10633.8, 3963.08
10633.8, 3978.97
10666, 3978.46
10666.1, 3972.31
10666.1, 3963.59
10666.2, 3943.08
10696.8, 3931.79
10696.9, 3946.15
10697, 3966.67
10697, 3979.49
10727.8, 3978.97
10727.9, 3972.82
10727.9, 3969.74
10727.9, 3950.26
10758.7, 3933.33
10758.8, 3945.64
10758.9, 3964.1
10758.9, 3973.33
10790.8, 3974.36
10790.9, 3968.21
10791, 3962.05
10791, 3949.23
10821.9, 3936.92
10822, 3946.67
10822, 3965.64
10822.1, 3977.95
10852.9, 3980
10853, 3973.33
10853, 3966.15
10853.1, 3950.77
10884.8, 3937.44
10884.8, 3948.21
10884.9, 3971.28
10884.9, 3985.13
10915.8, 3980
10916, 3972.31
10916, 3969.74
10916.1, 3953.33
10948.2, 3940
10948.3, 3955.9
10948.4, 3971.79
10948.4, 3975.38
10978.1, 3974.36
10978.2, 3969.23
10978.2, 3958.46
10978.3, 3942.05
11009.9, 3935.38
11010, 3947.18
11010, 3964.62
11010.1, 3973.33
11040.8, 3971.79
11040.9, 3969.74
11040.9, 3968.21
11041, 3951.79
11072, 3939.49
11072.1, 3951.28
11072.1, 3969.23
11072.1, 3980
11102.9, 3980.51
11102.9, 3974.36
11103, 3967.18
11103, 3953.85
11134.8, 3945.64
11135, 3956.92
11135, 3974.36
11135, 3981.54
11166.1, 3978.46
11166.2, 3976.41
11166.3, 3969.74
11166.3, 3950.77
11197, 3938.97
11197.1, 3949.74
11197.2, 3968.72
11197.2, 3979.49
11228.8, 3977.44
11228.8, 3970.77
11228.9, 3963.08
11228.9, 3947.69
11259.8, 3936.92
11259.9, 3950.77
11259.9, 3971.79
11259.9, 3978.46
11290.9, 3973.85
11291, 3970.77
11291, 3969.74
11291.1, 3954.36
11322, 3942.05
11322.1, 3955.38
11322.1, 3973.33
11322.1, 3980
11353.8, 3978.46
11353.9, 3972.31
11353.9, 3965.13
11354, 3954.87
11384.9, 3958.97
11385, 3969.23
11385.1, 3963.08
11385.1, 3962.05
11415.9, 3973.33
11416, 3968.72
11416.1, 3958.46
11416.1, 3965.13
11447.9, 3970.77
11448.1, 3968.21
11448.1, 3968.21
11448.2, 3969.23
11478.8, 3969.23
11478.9, 3969.74
11478.9, 3969.23
11478.9, 3966.67
11510, 3967.18
11510.1, 3967.69
11510.1, 3964.62
11510.2, 3963.59
11540.7, 3966.67
11540.8, 3966.67
11540.8, 3963.59
11540.9, 3964.62
11573.2, 3967.69
11573.3, 3967.18
11573.4, 3967.69
11573.4, 3968.21
11603.8, 3968.72
11603.8, 3968.72
11603.9, 3966.15
11603.9, 3966.15
11634.8, 3967.69
11634.9, 3966.67
11635, 3969.23
11635, 3970.26
11666.9, 3964.62
11667, 3964.1
11667, 3967.18
11667.1, 3967.69
11698, 3969.23
11698.1, 3968.21
11698.1, 3965.64
11698.1, 3964.1
11728.7, 3967.18
11728.8, 3967.18
11728.8, 3964.62
11728.9, 3971.28
11759.7, 3975.9
11759.8, 3970.77
11759.9, 3967.18
11759.9, 3970.77
11792, 3970.77
11792.1, 3967.18
11792.1, 3969.23
11792.1, 3970.26
11822.8, 3968.21
11822.9, 3968.72
11823, 3969.23
11823, 3969.23
11853.9, 3968.21
11854, 3968.72
11854, 3969.23
11854.1, 3966.67
11884.9, 3966.15
11885, 3969.23
11885, 3968.72
11885, 3968.21
11916.7, 3970.77
11916.8, 3970.77
11916.8, 3967.18
11916.9, 3966.15
11947.8, 3968.72
11947.8, 3969.74
11947.9, 3968.21
11947.9, 3968.21
11980.9, 3966.67
11981.4, 3963.08
11981.4, 3963.59
11981.5, 3966.15
12010.8, 3968.72
12010.9, 3970.26
12010.9, 3970.26
12010.9, 3968.72
12042, 3969.74
12042.1, 3971.79
12042.1, 3968.72
12042.1, 3966.15
12072.8, 3966.67
12072.8, 3966.67
12072.9, 3968.21
12072.9, 3973.33
12103.8, 3972.31
12103.9, 3968.21
12103.9, 3967.69
12103.9, 3968.21
12135.7, 3969.74
12135.8, 3970.26
12135.8, 3970.26
12135.9, 3973.33
12166.8, 3977.95
12166.9, 3980
12166.9, 3975.9
12166.9, 3977.95
12198.1, 3980
12198.2, 3974.36
12198.2, 3974.36
12198.3, 3978.97
12229.6, 3978.97
12229.7, 3976.41
12229.8, 3976.41
12229.8, 3977.95
12260.6, 3975.38
12260.7, 3973.33
12260.8, 3975.38
12260.8, 3977.44
12291.7, 3975.9
12291.8, 3972.82
12291.9, 3972.31
12291.9, 3974.36
12322.7, 3975.38
12322.8, 3973.33
12322.8, 3971.79
12322.9, 3973.85
12354.9, 3976.92
12354.9, 3977.44
12355, 3977.44
12355, 3977.44
12385.9, 3976.92
12386, 3973.33
12386, 3972.31
12386.1, 3974.87
12417.1, 3973.85
12417.2, 3971.28
12417.2, 3975.9
12417.3, 3978.46
12447.8, 3975.38
12447.9, 3975.38
12448, 3977.44
12448, 3978.97
12479.8, 3977.95
12479.9, 3974.87
12479.9, 3973.85
12480, 3974.87
12510.7, 3974.87
12510.8, 3974.36
12510.8, 3976.41
12510.8, 3974.87
12542.1, 3970.77
12542.2, 3973.33
12542.2, 3973.85
12542.3, 3971.79
12573.8, 3974.36
12573.9, 3975.9
12574, 3974.87
12574, 3978.46
12605, 3980
12605.2, 3976.41
12605.2, 3975.9
12605.3, 3978.97
12635.9, 3977.95
12636, 3973.85
12636, 3972.82
12636.1, 3974.36
12666.9, 3973.85
12667, 3974.36
12667.1, 3976.41
12667.1, 3974.87
12698.9, 3970.77
12699.1, 3974.87
12699.1, 3979.49
12699.2, 3974.36
12729.6, 3972.31
12729.7, 3977.44
12729.7, 3977.95
12729.8, 3976.41
12760.6, 3976.92
12760.7, 3977.44
12760.8, 3976.41
12760.8, 3977.44
12791.6, 3977.95
12791.7, 3972.82
12791.8, 3970.26
12791.8, 3975.38
12823.7, 3977.44
12823.8, 3974.87
12823.8, 3974.87
12823.8, 3976.41
12854.9, 3977.44
12855, 3976.92
12855.1, 3975.9
12855.1, 3975.38
12885.9, 3976.41
12886, 3976.41
12886.1, 3975.9
12886.1, 3978.97
12917.9, 3978.97
12918, 3976.92
12918, 3976.92
12918.1, 3976.41
12948.8, 3975.9
12948.9, 3977.95
12949, 3979.49
12949, 3978.46
12979.9, 3978.97
12980, 3980.51
12980, 3980
12980.1, 3978.46
13011.3, 3977.95
13011.6, 3976.41
13011.7, 3975.38
13011.7, 3976.41
13043, 3978.46
13043.1, 3979.49
13043.2, 3977.44
13043.2, 3975.9
13073.7, 3979.49
13073.8, 3978.97
13073.8, 3975.9
13073.8, 3977.95
13104.8, 3982.56
13104.9, 3982.56
13104.9, 3978.97
13105, 3978.97
13137.1, 3979.49
13137.2, 3978.46
13137.3, 3975.9
13137.3, 3977.44
13167.9, 3983.08
13168, 3981.54
13168, 3975.9
13168.1, 3976.41
13198.9, 3977.44
13198.9, 3976.41
13199, 3973.85
13199, 3973.85
13229.8, 3975.9
13229.9, 3976.41
13229.9, 3976.41
13230, 3977.44
13261.8, 3975.38
13261.9, 3973.85
13261.9, 3977.44
13261.9, 3977.95
13293.1, 3975.38
13293.2, 3975.9
13293.2, 3976.92
13293.2, 3976.41
13323.9, 3976.41
13324, 3977.44
13324, 3977.44
13324.1, 3977.44
13355.8, 3974.87
13355.9, 3977.44
13355.9, 3983.59
13356, 3980.51
13386.6, 3976.92
13386.7, 3978.46
13386.7, 3977.95
13386.8, 3976.92
13418.1, 3975.9
13418.2, 3973.85
13418.2, 3975.9
13418.3, 3980
13448.9, 3976.41
13449, 3975.9
13449.1, 3983.08
13449.1, 3987.18
13480.7, 3990.77
13480.8, 3992.82
13480.9, 3993.85
13480.9, 4000
13511.9, 4005.64
13512, 4000.51
13512, 3993.85
13512.1, 3994.87
13542.7, 3993.33
13542.8, 3984.62
13542.8, 3977.44
13542.9, 3974.87
13574, 3975.38
13574.2, 3976.41
13574.2, 3976.41
13574.3, 3971.28
13605.8, 3971.79
13606, 3977.44
13606, 3972.31
13606, 3965.64
13637.2, 3962.05
13637.3, 3961.54
13637.4, 3965.64
13637.4, 3968.21
13668.3, 3966.15
13668.4, 3962.05
13668.4, 3966.15
13668.5, 3970.77
13700, 3969.23
13700.1, 3970.26
13700.1, 3971.79
13700.2, 3971.28
13730.8, 3972.82
13730.9, 3972.82
13730.9, 3972.31
13731, 3970.77
13761.6, 3967.18
13761.7, 3967.69
13761.8, 3972.31
13761.8, 3971.79
13792.9, 3968.21
13793, 3970.26
13793, 3974.36
13793.1, 3970.77
13826.1, 3968.21
13826.2, 3973.33
13826.3, 3974.36
13826.3, 3971.28
13855.8, 3973.33
13855.9, 3974.87
13855.9, 3974.87
13856, 3974.36
13886.8, 3972.31
13886.9, 3973.33
13887, 3975.38
13887, 3976.41
13918.9, 3976.41
13919, 3975.38
13919.1, 3975.38
13919.1, 3975.38
13949.9, 3972.31
13950, 3970.77
13950.1, 3974.36
13950.1, 3973.85
13980.9, 3970.77
13981, 3970.77
13981.1, 3971.28
13981.1, 3973.33
14011.8, 3973.85
14011.9, 3970.77
14011.9, 3971.28
14012, 3976.41
14044.1, 3977.44
14044.2, 3974.36
14044.2, 3970.77
14044.3, 3969.74
14074.9, 3971.28
14075, 3972.31
14075.1, 3972.82
14075.1, 3972.31
14106.1, 3972.82
14106.1, 3972.31
14106.2, 3971.79
14106.2, 3974.87
14136.9, 3974.36
14136.9, 3971.79
14137, 3972.82
14137, 3972.31
14168.7, 3971.79
14168.8, 3975.9
14168.8, 3975.38
14168.8, 3971.28
14200, 3970.26
14200, 3972.82
14200.1, 3974.36
14200.1, 3973.85
14231.1, 3974.36
14231.3, 3973.33
14231.4, 3971.79
14231.4, 3973.85
14263.2, 3975.9
14263.3, 3971.79
14263.3, 3968.21
14263.3, 3972.82
14293.8, 3976.41
14293.8, 3975.38
14293.9, 3975.38
14293.9, 3973.85
14324.6, 3972.82
14324.7, 3974.36
14324.7, 3973.85
14324.8, 3970.26
14355.6, 3966.67
14355.7, 3969.23
14355.8, 3975.38
14355.8, 3977.44
14387.7, 3978.97
14387.8, 3982.05
14387.8, 3982.05
14387.8, 3985.64
14418.8, 3991.79
14418.9, 3996.41
14418.9, 3998.97
14419, 3992.31
14450.1, 3987.18
14450.3, 3991.79
14450.4, 3986.15
14450.4, 3973.85
14481.9, 3975.9
14482.1, 3980.51
14482.2, 3972.82
14482.2, 3967.69
14512.6, 3966.67
14512.7, 3964.62
14512.7, 3965.64
14512.8, 3963.59
14543.9, 3962.05
14544, 3969.23
14544.1, 3975.9
14544.1, 3972.31
14574.6, 3967.18
14574.7, 3970.26
14574.8, 3976.92
14574.8, 3978.46
14606.9, 3973.85
14607, 3972.82
14607.1, 3974.36
14607.1, 3973.85
14637.9, 3970.77
14638, 3972.82
14638.1, 3978.46
14638.2, 3976.41
14668.9, 3973.33
14669, 3975.9
14669, 3977.44
14669.1, 3974.87
14699.9, 3972.82
14700, 3973.85
14700, 3975.9
14700.1, 3976.41
14731.9, 3977.44
14731.9, 3975.9
14732, 3974.36
14732, 3974.87
14762.8, 3975.9
14762.9, 3975.9
14762.9, 3977.44
14763, 3979.49
14793.7, 3978.97
14793.8, 3975.9
14793.8, 3973.85
14793.8, 3974.87
14825.8, 3977.44
14825.9, 3977.95
14825.9, 3975.9
14826, 3976.41
14857.2, 3977.44
14857.4, 3976.41
14857.6, 3976.41
14857.6, 3976.41
14887.8, 3976.92
14887.9, 3976.92
14887.9, 3976.41
14888, 3976.41
14918.8, 3977.44
14918.9, 3977.95
14918.9, 3976.92
14918.9, 3978.46
14950.9, 3980.51
14951.1, 3976.41
14951.1, 3974.36
14951.2, 3977.95
14981.9, 3979.49
14982, 3978.97
14982.1, 3976.92
14982.1, 3977.44
15012.7, 3980.51
15012.8, 3978.97
15012.8, 3976.92
15012.9, 3978.97
15044.7, 3979.49
15044.8, 3976.92
15044.9, 3976.41
15045, 3978.97
15076.1, 3979.49
15076.2, 3978.46
15076.3, 3976.92
15076.3, 3976.41
15107, 3978.46
15107.1, 3979.49
15107.1, 3975.9
15107.2, 3974.87
15137.8, 3977.95
15137.9, 3980
15138, 3979.49
15138, 3976.41
15169.7, 3975.9
15169.8, 3977.95
15169.8, 3975.9
15169.8, 3974.87
15200.8, 3978.46
15200.9, 3976.92
15200.9, 3974.36
15200.9, 3983.59
15231.9, 3988.21
15232, 3983.08
15232, 3985.13
15232, 3990.77
15263.1, 3988.21
15263.3, 3991.28
15263.3, 4002.56
15263.4, 4007.69
15295.1, 4006.67
15295.2, 4007.69
15295.2, 4005.13
15295.3, 4000
15325.8, 4000.51
15325.8, 4000.51
15325.9, 3992.31
15325.9, 3987.18
15356.7, 3989.23
15356.8, 3990.77
15356.8, 3985.64
15356.9, 3981.03
15388.8, 3982.56
15388.9, 3981.54
15389, 3975.38
15389, 3974.36
15419.9, 3979.49
15420, 3980
15420, 3976.41
15420.1, 3980.51
15450.8, 3983.59
15451, 3980
15451, 3981.03
15451.1, 3983.59
15482.1, 3982.56
15482.2, 3984.1
15482.2, 3980.51
15482.2, 3973.33
15513.8, 3975.9
15514, 3977.95
15514.1, 3973.33
15514.1, 3975.9
15544.7, 3982.05
15544.8, 3981.03
15544.8, 3978.46
15544.9, 3981.54
15575.8, 3983.59
15575.9, 3981.03
15575.9, 3979.49
15576, 3979.49
15607.8, 3979.49
15607.9, 3979.49
15607.9, 3981.03
15608, 3983.08
15638.9, 3981.54
15639, 3981.54
15639, 3980.51
15639.1, 3977.95
15669.9, 3984.1
15670, 3990.77
15670.1, 3988.72
15670.2, 3985.64
15701.3, 3988.21
15701.4, 3988.72
15701.4, 3983.59
15701.4, 3981.03
15732.9, 3983.08
15733, 3984.62
15733.1, 3983.59
15733.1, 3982.05
15763.6, 3984.1
15763.7, 3987.69
15763.8, 3986.67
15763.8, 3985.64
15794.8, 3990.26
15795, 3991.79
15795, 3986.67
15795.1, 3983.59
15826.8, 3987.18
15826.9, 3987.18
15827, 3984.62
15827.1, 3986.67
15857.7, 3988.72
15857.7, 3988.21
15857.8, 3986.15
15857.8, 3985.64
15888.9, 3990.77
15889, 3992.82
15889.1, 3986.67
15889.1, 3987.69
15919.8, 3992.31
15919.9, 3991.28
15920, 3990.77
15920, 3989.23
15951.8, 3988.72
15951.9, 3991.79
15951.9, 3993.85
15951.9, 3989.74
15983.1, 3988.72
15983.2, 3991.28
15983.3, 3993.33
15983.3, 3991.79
16013.7, 3985.13
16013.8, 3984.62
16013.9, 3991.28
16013.9, 3990.26
16044.8, 3986.15
16044.9, 3990.26
16044.9, 3992.82
16045, 3988.21
16076.9, 3987.69
16077, 3990.77
16077, 3988.21
16077, 3984.62
16108, 3986.67
16108.1, 3986.67
16108.1, 3985.13
16108.2, 3987.69
16139, 3988.21
16139.1, 3989.23
16139.2, 3993.33
16139.2, 3992.82
16170.8, 3991.79
16170.9, 3992.82
16170.9, 3989.74
16171, 3989.74
16201.8, 3992.82
16201.9, 3991.79
16201.9, 3988.21
16202, 3989.23
16233, 3991.79
16233.1, 3990.77
16233.1, 3991.79
16233.2, 3993.85
16264.9, 3992.31
16265, 3992.31
16265.1, 3991.79
16265.1, 3989.23
16296, 3989.23
16296.1, 3991.79
16296.1, 3991.28
16296.2, 3988.72
16327.1, 3990.77
16327.3, 3994.36
16327.3, 3992.31
16327.4, 3989.74
16357.8, 3990.77
16357.9, 3991.79
16357.9, 3990.77
16358, 3989.74
16389.7, 3990.77
16389.7, 3991.28
16389.8, 3992.31
16389.8, 3992.31
16420.9, 3989.74
16421, 3990.77
16421, 3994.36
16421.1, 3994.36
16452, 3993.85
16452.1, 3994.36
16452.1, 3994.87
16452.2, 3992.82
16483, 3991.79
16483.1, 3993.33
16483.1, 3992.82
16483.2, 3991.79
16515.3, 3992.31
16515.4, 3992.82
16515.4, 3992.82
16515.5, 3989.23
16545.8, 3988.72
16545.9, 3993.85
16546, 3995.9
16546, 3993.33
16576.9, 3992.31
16577, 3993.85
16577.1, 3992.82
16577.1, 3991.28
16608.7, 3992.31
16608.8, 3992.82
16608.9, 3990.77
16609, 3991.28
16639.7, 3994.36
16639.8, 3995.38
16639.8, 3993.85
16639.9, 3992.31
16671.1, 3991.28
16671.2, 3994.36
16671.3, 3997.44
16671.3, 3995.9
16701.8, 3994.87
16701.8, 3992.31
16701.9, 3989.74
16701.9, 3996.41
16738, 4000
16738.1, 3995.38
16738.2, 3995.9
16738.2, 4002.56
16764.7, 4009.23
16764.8, 4013.85
16764.9, 4014.87
16764.9, 4018.46
16795.6, 4026.15
16795.7, 4027.18
16795.8, 4024.62
16795.8, 4025.64
16827.6, 4029.74
16827.7, 4026.67
16827.7, 4012.31
16827.7, 4004.62
16858.7, 4008.72
16858.8, 4008.72
16858.8, 3996.92
16858.8, 3990.77
16889.8, 3993.85
16890, 3989.74
16890, 3984.62
16890, 3985.13
16920.9, 3983.59
16921, 3980
16921.1, 3980
16921.1, 3982.05
16953.1, 3979.49
16953.2, 3977.95
16953.3, 3986.67
16953.3, 3993.85
16984.2, 3989.23
16984.3, 3988.72
16984.3, 3991.79
16984.4, 3989.23
17015, 3986.67
17015.1, 3989.74
17015.1, 3992.82
17015.2, 3989.74
17045.8, 3987.69
17045.8, 3988.21
17045.9, 3988.21
17045.9, 3990.77
17078, 3991.79
17078, 3989.23
17078.1, 3985.13
17078.1, 3986.15
17108.6, 3991.28
17108.7, 3992.31
17108.7, 3990.26
17108.8, 3989.74
17140, 3990.77
17140.1, 3989.74
17140.2, 3986.67
17140.3, 3987.18
17172, 3986.67
17172.1, 3982.56
17172.2, 3983.08
17172.2, 3987.18
17202.8, 3987.69
17202.9, 3986.67
17202.9, 3985.13
17203, 3983.59
17233.9, 3988.21
17234.1, 3989.74
17234.1, 3987.69
17234.2, 3989.74
17265, 3990.77
17265.1, 3990.77
17265.1, 3992.82
17265.2, 3992.31
17296.8, 3989.74
17296.9, 3987.18
17296.9, 3984.62
17297, 3985.64
17327.8, 3988.72
17327.9, 3988.21
17328, 3987.69
17328, 3990.26
17359.2, 3991.79
17359.3, 3992.82
17359.3, 3991.28
17359.4, 3988.21
17391, 3990.26
17391.1, 3990.26
17391.1, 3988.21
17391.1, 3989.23
17422.2, 3991.79
17422.3, 3994.87
17422.4, 3995.38
17422.4, 3992.31
17452.9, 3990.77
17453, 3991.79
17453, 3992.31
17453.1, 3991.28
17484, 3990.77
17484.1, 3990.77
17484.1, 3989.74
17484.2, 3989.23
17515.8, 3991.28
17515.9, 3991.28
17515.9, 3990.77
17516, 3992.31
17546.7, 3992.82
17546.8, 3987.69
17546.9, 3985.13
17547, 3989.23
17578.1, 3991.28
17578.2, 3991.79
17578.3, 3992.31
17578.3, 3990.77
17609.6, 3990.77
17609.7, 3992.82
17609.8, 3992.82
17609.8, 3990.77
17640.7, 3990.77
17640.8, 3992.31
17640.8, 3991.28
17640.9, 3991.28
17671.7, 3991.79
17671.8, 3991.28
17671.9, 3992.82
17671.9, 3991.28
17702.9, 3987.69
17703, 3992.31
17703.1, 3997.44
17703.2, 3993.33
17734.8, 3990.77
17734.9, 3994.36
17734.9, 3993.33
17735, 3987.69
17766, 3989.23
17766.1, 3994.36
17766.2, 3991.79
17766.2, 3990.77
17796.8, 3994.36
17796.9, 3993.33
17797, 3991.79
17797, 3995.9
17827.8, 3996.41
17827.9, 3992.82
17827.9, 3995.38
17828, 3996.92
17860, 3991.28
17860.1, 3989.23
17860.2, 3991.28
17860.2, 3989.74
17890.8, 3986.15
17890.9, 3987.69
17891, 3998.97
17891, 4003.59
17921.8, 3998.97
17921.9, 4002.05
17922, 4007.69
17922, 4008.72
17953.7, 4010.26
17953.8, 4016.92
17953.9, 4028.72
17954, 4032.82
17985, 4026.15
17985.1, 4024.1
17985.1, 4029.23
17985.2, 4024.1
18016.2, 4015.38
18016.3, 4015.9
18016.4, 4015.9
18016.4, 4009.23
18046.8, 4004.1
18046.9, 3998.97
18046.9, 3994.87
18046.9, 3996.92
18079, 4002.56
18079.1, 4002.56
18079.1, 4000
18079.2, 4002.05
18109.8, 4005.64
18110, 4006.67
18110, 4007.69
18110.1, 4009.74
18140.9, 4007.18
18141, 4003.08
18141.1, 4003.08
18141.1, 4004.62
18171.9, 4007.18
18172, 4007.69
18172.1, 4009.23
18172.1, 4012.31
18204.3, 4011.28
18204.4, 4008.72
18204.4, 4005.64
18204.5, 4005.13
18234.8, 4008.72
18234.9, 4008.72
18234.9, 4007.18
18235.1, 4007.18
18265.9, 4007.18
18266, 4005.64
18266, 4004.62
18266.1, 4004.62
18297.7, 4003.59
18297.8, 4005.13
18297.8, 4007.69
18297.9, 4007.18
18328.8, 4008.21
18328.9, 4010.26
18328.9, 4010.26
18329, 4008.72
18359.8, 4007.69
18360, 4008.72
18360, 4010.26
18360, 4008.21
18390.7, 4005.64
18390.9, 4005.64
18390.9, 4005.13
18391, 4004.1
18422.8, 4007.69
18422.9, 4012.31
18422.9, 4010.26
18422.9, 4006.67
18453.8, 4007.69
18453.9, 4007.69
18453.9, 4007.18
18453.9, 4008.72
18484.8, 4010.26
18484.9, 4008.21
18484.9, 4005.64
18485, 4007.18
18516.8, 4010.77
18516.9, 4010.26
18517, 4007.69
18517, 4007.69
18547.9, 4010.26
18548, 4009.23
18548, 4006.67
18548, 4008.21
18578.8, 4008.72
18578.9, 4006.67
18578.9, 4009.74
18579, 4011.79
18610.1, 4009.23
18610.3, 4006.67
18610.3, 4006.67
18610.4, 4007.18
18641.7, 4006.67
18641.8, 4006.15
18641.9, 4007.18
18641.9, 4009.74
18672.9, 4009.23
18673, 4006.67
18673.1, 4007.18
18673.1, 4008.72
18703.8, 4009.23
18703.9, 4007.69
18703.9, 4006.67
18704, 4009.23
18735.9, 4009.74
18736, 4009.74
18736, 4012.31
18736.1, 4011.79
18766.9, 4011.28
18767, 4011.79
18767.1, 4009.74
18767.1, 4010.26
18797.8, 4011.79
18797.9, 4010.26
18797.9, 4008.21
18798, 4008.21
18829.1, 4010.77
18829.1, 4011.28
18829.2, 4010.26
18829.2, 4011.28
18860.8, 4012.82
18860.9, 4011.79
18860.9, 4010.26
18860.9, 4010.26
18891.9, 4011.79
18892, 4012.82
18892, 4012.82
18892.1, 4010.26
18922.8, 4009.74
18922.8, 4011.28
18922.9, 4012.31
18923, 4014.36
18953.7, 4015.38
18953.7, 4015.38
18953.8, 4016.92
18953.8, 4016.41
18985.9, 4013.33
18985.9, 4010.26
18986, 4011.79
18986, 4014.87
19017.1, 4012.82
19017.2, 4012.82
19017.3, 4016.41
19017.3, 4016.92
19048.1, 4017.95
19048.2, 4017.95
19048.3, 4015.38
19048.3, 4014.87
19080, 4013.85
19080.1, 4009.23
19080.1, 4006.67
19080.2, 4011.79
19110.9, 4016.41
19111, 4012.82
19111.1, 4008.72
19111.1, 4012.31
19142, 4015.38
19142.1, 4012.82
19142.1, 4011.79
19142.2, 4014.36
19173.6, 4013.33
19173.7, 4010.77
19173.7, 4011.28
19173.8, 4012.82
19205.1, 4014.87
19205.2, 4015.9
19205.2, 4012.82
19205.2, 4011.79
19236.2, 4013.33
19236.4, 4012.31
19236.5, 4011.79
19236.6, 4012.82
19267, 4014.87
19267.1, 4014.87
19267.2, 4012.82
19267.2, 4012.82
19297.9, 4013.33
19298.2, 4014.36
19298.3, 4012.82
19298.3, 4013.85
19330.2, 4015.9
19330.3, 4013.85
19330.4, 4012.31
19330.4, 4014.36
19361.2, 4015.38
19361.2, 4014.36
19361.3, 4015.38
19361.3, 4016.92
19392.1, 4014.36
19392.2, 4013.85
19392.3, 4015.9
19392.3, 4014.87
19424.1, 4014.36
19424.2, 4017.44
19424.3, 4014.36
19424.3, 4008.21
19455.2, 4009.74
19455.3, 4014.87
19455.4, 4014.36
19455.4, 4012.31
19486, 4014.87
19486.1, 4017.44
19486.2, 4015.38
19486.2, 4015.9
19517.1, 4016.41
19517.3, 4014.36
19517.4, 4015.9
19517.4, 4017.44
19549, 4017.44
19549.2, 4019.49
19549.2, 4020
19549.2, 4015.9
19580.1, 4013.85
19580.3, 4015.9
19580.3, 4016.92
19580.4, 4015.38
19611.1, 4014.36
19611.2, 4015.38
19611.2, 4017.44
19611.2, 4016.41
19643.2, 4016.41
19643.3, 4017.95
19643.4, 4017.95
19643.4, 4017.95
19674.1, 4018.46
19674.2, 4016.92
19674.3, 4017.95
19674.3, 4018.46
19704.9, 4017.95
19705.1, 4017.95
19705.1, 4018.97
19705.1, 4018.97
19736.2, 4017.95
19736.3, 4017.44
19736.4, 4017.44
19736.4, 4016.41
19768.2, 4017.95
19768.3, 4019.49
19768.3, 4017.44
19768.4, 4013.85
19799.5, 4014.36
19799.6, 4017.95
19799.6, 4016.92
19799.7, 4014.87
19830.2, 4017.44
19830.3, 4017.95
19830.4, 4015.38
19830.4, 4016.92
19861.2, 4017.95
19861.4, 4017.95
19861.5, 4019.49
19861.6, 4020
19893, 4018.97
19893.1, 4015.38
19893.1, 4014.36
19893.2, 4021.03
19924.2, 4023.59
19924.3, 4022.05
19924.4, 4024.1
19924.4, 4025.13
19955.1, 4021.54
19955.2, 4025.64
19955.2, 4040.51
19955.3, 4048.21
19987.1, 4049.74
19987.2, 4056.41
19987.3, 4068.21
19987.3, 4070.77
20017.9, 4060
20018, 4057.95
20018.1, 4066.15
20018.1, 4061.54
20048.8, 4050.77
20048.9, 4052.82
20049, 4060.51
20049, 4057.95
20079.9, 4045.13
20080, 4036.41
20080, 4033.85
20080.1, 4030.77
20111.7, 4028.21
20111.8, 4024.1
20111.9, 4016.92
20111.9, 4011.79
20142.6, 4015.38
20142.7, 4019.49
20142.8, 4021.03
20142.8, 4023.59
20173.8, 4026.67
20174, 4031.28
20174, 4034.87
20174.1, 4033.85
20205.9, 4032.31
20206, 4030.77
20206, 4030.77
20206.1, 4033.85
20237, 4034.36
20237.1, 4034.36
20237.1, 4034.36
20237.2, 4030.77
20268.2, 4029.74
20268.2, 4032.82
20268.3, 4033.33
20268.3, 4032.31
20299.1, 4031.79
20299.2, 4033.85
20299.3, 4036.41
20299.4, 4036.41
20330.7, 4038.46
20330.9, 4038.46
20331, 4034.36
20331.1, 4033.33
20361.8, 4036.41
20361.9, 4036.92
20361.9, 4033.85
20361.9, 4035.9
20392.6, 4036.92
20392.7, 4036.41
20392.7, 4035.9
20392.8, 4033.85
20423.7, 4032.31
20423.8, 4034.36
20423.8, 4034.36
20423.9, 4033.85
20455.8, 4035.38
20455.8, 4036.41
20455.9, 4037.95
20455.9, 4040
20486.8, 4037.95
20486.9, 4033.85
20486.9, 4032.82
20487, 4035.9
20518, 4035.9
20518.1, 4034.87
20518.1, 4036.41
20518.1, 4036.92
20550, 4032.82
20550.1, 4030.77
20550.1, 4033.85
20550.2, 4033.85
20580.9, 4032.31
20581, 4034.36
20581.1, 4035.9
20581.1, 4033.33
20611.9, 4032.31
20612, 4033.33
20612, 4034.87
20612.1, 4035.9
20642.7, 4036.41
20642.8, 4040
20642.8, 4039.49
20642.8, 4035.9
20675, 4038.46
20675.1, 4040.51
20675.1, 4037.95
20675.2, 4036.92
20705.8, 4039.49
20705.9, 4035.9
20705.9, 4031.79
20706, 4037.44
20736.8, 4041.03
20736.8, 4037.44
20736.9, 4036.41
20736.9, 4037.95
20768.8, 4039.49
20768.9, 4038.97
20768.9, 4038.97
20769, 4041.03
20800.1, 4042.56
20800.2, 4041.54
20800.2, 4033.85
20800.3, 4031.28
20830.8, 4038.97
20830.9, 4041.03
20831, 4038.97
20831, 4041.03
20861.9, 4041.54
20861.9, 4038.97
20862, 4040.51
20862, 4042.05
20894.2, 4042.05
20894.3, 4041.03
20894.4, 4040.51
20894.4, 4041.03
20924.7, 4040.51
20924.8, 4039.49
20924.9, 4038.97
20924.9, 4038.46
20955.8, 4037.44
20956, 4037.44
20956, 4037.44
20956.1, 4037.44
20987.9, 4040
20988, 4041.54
20988.1, 4041.03
20988.1, 4041.54
21018.8, 4041.03
21018.9, 4039.49
21018.9, 4038.46
21019, 4038.97
21050, 4040.51
21050.1, 4039.49
21050.1, 4040
21050.2, 4042.56
21081.1, 4041.03
21081.2, 4037.44
21081.2, 4037.44
21081.3, 4039.49
21112.8, 4041.54
21112.9, 4040
21113, 4036.41
21113, 4037.95
21143.8, 4039.49
21143.9, 4037.44
21144, 4035.9
21144, 4038.46
21174.7, 4041.03
21174.8, 4041.03
21174.8, 4039.49
21174.9, 4040
21206.1, 4044.1
21206.3, 4043.08
21206.3, 4038.97
21206.4, 4037.95
21238, 4040
21238.1, 4041.03
21238.2, 4038.97
21238.2, 4038.97
21268.7, 4044.62
21268.8, 4044.62
21268.8, 4042.05
21268.8, 4042.05
21300, 4038.97
21300.2, 4038.46
21300.2, 4041.03
21300.3, 4042.05
21331.9, 4043.08
21332, 4042.05
21332.1, 4038.46
21332.3, 4036.92
21362.8, 4041.03
21362.9, 4043.59
21362.9, 4041.54
21363, 4040.51
21393.8, 4040
21393.8, 4038.97
21393.9, 4040.51
21393.9, 4040.51
21424.8, 4037.95
21424.9, 4039.49
21424.9, 4042.56
21424.9, 4042.56
21456.9, 4042.05
21457, 4045.13
21457, 4046.15
21457, 4043.08
21487.9, 4042.56
21488, 4042.05
21488, 4043.08
21488.1, 4047.18
21519, 4046.67
21519.2, 4043.08
21519.2, 4040.51
21519.2, 4041.54
21551.1, 4043.08
21551.2, 4042.05
21551.2, 4038.97
21551.3, 4037.95
21582.3, 4043.08
21582.4, 4048.72
21582.4, 4046.67
21582.5, 4046.15
21612.8, 4047.18
21612.9, 4044.62
21612.9, 4044.1
21612.9, 4047.18
21644.1, 4049.23
21644.2, 4047.69
21644.2, 4045.64
21644.3, 4047.18
21675.7, 4050.26
21675.8, 4046.67
21675.8, 4043.59
21675.9, 4047.18
21706.9, 4047.69
21707.1, 4044.1
21707.1, 4048.21
21707.2, 4051.28
21737.7, 4047.18
21737.8, 4047.18
21737.9, 4047.69
21737.9, 4047.18
21769, 4051.79
21769, 4052.31
21769.1, 4046.67
21769.1, 4047.69
21800.7, 4049.23
21800.8, 4044.1
21800.8, 4041.03
21800.9, 4045.64
21832.1, 4054.87
21832.1, 4057.44
21832.2, 4056.41
21832.2, 4060.51
21862.7, 4067.18
21862.8, 4074.87
21862.8, 4084.62
21862.8, 4101.03
21894.6, 4116.92
21894.7, 4116.92
21894.8, 4115.9
21894.8, 4113.33
21926.1, 4101.03
21926.2, 4092.31
21926.2, 4092.82
21926.3, 4090.26
21956.7, 4081.54
21956.8, 4076.41
21956.9, 4072.82
21956.9, 4068.21
21987.9, 4063.59
21988, 4057.44
21988.1, 4052.31
21988.1, 4037.95
22019.8, 4027.18
22019.9, 4032.31
22019.9, 4034.87
22020, 4032.82
22050.8, 4036.92, estimuli
22050.9, 4039.49
22051, 4038.97
22051, 4042.56
22081.9, 4046.15
22082, 4043.59
22082, 4041.54
22082, 4044.62
22113.8, 4046.67
22113.9, 4046.15
22114, 4047.18
22114, 4047.18
22145.1, 4045.13
22145.3, 4045.13
22145.3, 4050.77
22145.4, 4053.33
22175.9, 4046.67
22176, 4045.13
22176, 4054.36
22176.1, 4051.28
22206.6, 4036.92
22206.7, 4035.38
22206.7, 4040.51
22206.8, 4049.23
22238.7, 4062.56
22238.8, 4062.56
22238.9, 4059.49
22238.9, 4056.92
22269.9, 4037.44
22270, 4022.05
22270.1, 4029.74
22270.1, 4050.77
22300.8, 4070.77
22300.9, 4072.31
22301, 4064.62
22301, 4059.49
22333.2, 4041.54
22333.3, 4026.67
22333.4, 4038.97
22333.4, 4057.44
22363.8, 4069.74
22363.9, 4071.28
22364, 4064.1
22364, 4057.44
22394.8, 4038.46
22394.9, 4023.59
22394.9, 4033.85
22395, 4050.77
22425.7, 4064.62
22425.7, 4068.72
22425.8, 4062.56
22425.8, 4053.33
22457.7, 4033.85
22457.8, 4021.03
22457.8, 4030.77
22457.9, 4048.72
22489, 4065.64
22489, 4070.77
22489.1, 4068.21
22489.1, 4060
22519.7, 4034.36
22519.8, 4018.97
22519.8, 4032.82
22519.8, 4052.31
22552, 4067.18
22552.2, 4069.23
22552.3, 4064.1
22552.3, 4058.97
22583, 4037.44
22583.1, 4019.49
22583.2, 4033.33
22583.2, 4056.41
22613.8, 4069.23
22613.9, 4072.31
22613.9, 4067.69
22614, 4057.95
22644.7, 4039.49
22644.8, 4026.67
22644.9, 4037.44
22644.9, 4058.46
22676.8, 4072.31
22676.8, 4069.23
22676.9, 4060
22676.9, 4054.36
22707.9, 4040.51
22708, 4028.21
22708, 4037.44
22708.1, 4057.95
22738.9, 4069.74
22739, 4067.69
22739.1, 4061.54
22739.1, 4058.97
22770.1, 4043.59
22770.2, 4026.67
22770.3, 4035.38
22770.3, 4056.92
22801.9, 4070.77
22802, 4070.77
22802, 4066.15
22802.1, 4061.03
22833, 4041.03
22833.1, 4027.69
22833.1, 4043.08
22833.1, 4061.03
22864, 4068.72
22864, 4071.28
22864.1, 4068.72
22864.1, 4060
22895.9, 4043.59
22896, 4031.79
22896, 4042.05
22896, 4062.05
22927, 4073.85
22927.1, 4072.31
22927.1, 4068.21
22927.2, 4063.59
22958.2, 4042.05
22958.3, 4026.15
22958.4, 4038.97
22958.4, 4058.97
22989, 4068.72
22989.1, 4069.23
22989.2, 4068.21
22989.2, 4062.05
23020.9, 4041.54
23021, 4030.77
23021, 4045.64
23021.1, 4064.1
23051.8, 4073.85
23051.9, 4073.33
23051.9, 4070.77
23052, 4062.05
23083.1, 4042.56
23083.2, 4033.33
23083.2, 4043.59
23083.3, 4060.51
23114.8, 4073.33
23115, 4075.38
23115, 4071.28
23115.1, 4063.59
23145.7, 4045.13
23145.8, 4030.77
23145.9, 4042.05
23145.9, 4062.05
23177.4, 4075.38
23177.5, 4077.44
23177.5, 4070.26
23177.6, 4059.49
23208, 4048.72
23208.1, 4051.79
23208.1, 4060.51
23208.2, 4051.28
23239.6, 4045.13
23239.7, 4059.49
23239.7, 4063.08
23239.8, 4051.79
23270.9, 4051.28
23271, 4053.85
23271, 4053.33
23271.1, 4054.87
23301.8, 4056.41
23301.9, 4057.95
23301.9, 4056.92
23302, 4054.36
23332.8, 4055.38
23332.9, 4057.44
23332.9, 4057.95
23332.9, 4055.9
23365, 4055.38
23365.1, 4056.41
23365.2, 4056.92
23365.2, 4057.44
23396, 4058.46
23396.1, 4058.46
23396.1, 4056.41
23396.1, 4055.9
23426.7, 4056.41
23426.8, 4055.38
23426.8, 4055.9
23426.9, 4059.49
23458.6, 4058.97
23458.7, 4055.38
23458.7, 4054.87
23458.7, 4056.41
23489.8, 4059.49
23489.9, 4060
23489.9, 4057.44
23490, 4055.9
23521, 4057.95
23521.1, 4058.46
23521.1, 4056.41
23521.2, 4057.95
23551.9, 4060.51
23552, 4058.97
23552.1, 4057.44
23552.1, 4054.87
23584.2, 4054.36
23584.3, 4058.97
23584.4, 4061.03
23584.4, 4058.97
23614.8, 4057.95
23614.9, 4057.44
23615, 4056.92
23615, 4058.97
23645.7, 4058.97
23645.8, 4054.87
23645.8, 4058.46
23645.8, 4064.62
23677.7, 4061.03
23677.8, 4058.97
23677.8, 4062.05
23677.9, 4060
23708.8, 4057.44
23708.9, 4060.51
23709, 4059.49
23709, 4055.9
23739.9, 4058.46
23740, 4061.54
23740, 4057.95
23740, 4055.9
23770.9, 4057.95
23771, 4055.9
23771.1, 4057.95
23771.1, 4062.05
23802.9, 4058.97
23803, 4055.9
23803, 4058.97
23803.1, 4061.03
23834, 4058.46
23834.1, 4057.44
23834.2, 4058.46
23834.3, 4058.46
23864.8, 4057.95
23864.9, 4058.97
23864.9, 4058.97
23865, 4057.95
23896.9, 4059.49
23897, 4061.54
23897, 4060.51
23897.1, 4057.44
23927.8, 4058.46
23927.9, 4060.51
23928, 4060
23928, 4058.97
23958.8, 4057.95
23958.9, 4057.44
23959, 4057.95
23959, 4058.46
23990, 4058.97
23990.1, 4060
23990.1, 4059.49
23990.2, 4058.97
24021.8, 4060.51
24021.9, 4060
24021.9, 4057.44
24022, 4058.97
24052.6, 4061.03
24052.7, 4058.97
24052.7, 4058.97
24052.7, 4062.05
24083.7, 4065.13
24083.8, 4063.59
24083.8, 4058.97
24083.9, 4058.46
24114.7, 4060
24114.8, 4055.9
24114.8, 4053.33
24114.8, 4056.41
24146.7, 4061.03
24146.8, 4060.51
24146.8, 4059.49
24146.9, 4063.08
24177.7, 4060.51
24177.8, 4054.87
24177.9, 4059.49
24178, 4064.1
24209.1, 4057.95
24209.3, 4058.97
24209.3, 4068.72
24209.4, 4071.28
24241, 4069.23
24241, 4068.72
24241.1, 4069.74
24241.1, 4070.26
24272, 4069.74
24272.1, 4063.08
24272.1, 4056.92
24272.2, 4063.08
24302.8, 4069.23
24302.9, 4068.21
24303, 4073.33
24303, 4082.56
24333.7, 4079.49
24333.8, 4071.79
24333.9, 4071.79
24333.9, 4073.33
24365.9, 4072.31
24366, 4071.28
24366.1, 4068.21
24366.1, 4068.72
24397.2, 4070.26
24397.3, 4068.72
24397.3, 4070.77
24397.4, 4070.26
24428.2, 4069.23
24428.3, 4070.77
24428.3, 4064.1
24428.4, 4063.08
24459.6, 4070.77
24459.7, 4071.28
24459.7, 4068.21
24459.7, 4068.21
24490.8, 4071.28
24490.9, 4070.77
24491, 4064.62
24491, 4065.13
24521.8, 4067.69
24521.8, 4064.1
24521.9, 4061.54
24521.9, 4063.08
24552.8, 4066.15
24553, 4064.62
24553, 4062.05
24553.1, 4064.1
24584.7, 4063.59
24584.9, 4062.05
24584.9, 4062.56
24585, 4063.59
24616.2, 4062.56
24616.4, 4060.51
24616.5, 4061.54
24616.6, 4063.08
24646.8, 4064.1
24646.8, 4064.62
24646.9, 4064.62
24646.9, 4067.18
24678, 4066.15
24678, 4065.64
24678.1, 4067.69
24678.1, 4068.72
24709.8, 4068.72
24709.9, 4065.64
24710, 4064.62
24710, 4066.15
24741, 4066.67
24741.1, 4066.67
24741.2, 4066.67
24741.2, 4065.64
24771.8, 4066.67
24771.9, 4067.18
24771.9, 4065.13
24771.9, 4064.62
24803.7, 4066.15
24803.8, 4067.18
24803.8, 4067.18
24803.9, 4066.67
24834.9, 4065.64
24835, 4065.13
24835, 4064.62
24835, 4064.1
24866.1, 4064.62
24866.2, 4061.03
24866.3, 4058.46
24866.4, 4065.64
24896.8, 4069.23
24896.9, 4065.13
24896.9, 4066.15
24896.9, 4068.21
24929, 4068.72
24929.2, 4071.28
24929.2, 4073.33
24929.3, 4071.79
24959.8, 4070.77
24959.8, 4068.21
24959.9, 4067.69
24959.9, 4072.82
24990.9, 4073.85
24991, 4070.26
24991.1, 4071.28
24991.1, 4073.33
25022.8, 4070.77
25023, 4065.64
25023, 4069.23
25023.1, 4077.44
25053.8, 4077.44
25053.9, 4072.31
25054, 4072.82
25054, 4073.33
25085.1, 4072.31
25085.2, 4073.33
25085.3, 4074.36
25085.4, 4075.38
25115.9, 4073.85
25116, 4072.31
25116.1, 4073.33
25116.1, 4073.85
25147.8, 4078.46
25147.9, 4080
25147.9, 4071.79
25148, 4069.23
25178.6, 4075.38
25178.7, 4077.44
25178.8, 4075.9
25178.8, 4077.44
25209.6, 4076.92
25209.7, 4073.33
25209.7, 4074.36
25209.7, 4074.36
25242.2, 4072.31
25242.4, 4074.87
25242.5, 4078.97
25242.5, 4077.95
25272.7, 4076.92
25272.7, 4074.36
25272.8, 4070.77
25272.8, 4070.77
25303.7, 4075.9
25303.8, 4074.87
25303.9, 4067.69
25303.9, 4067.18
25334.7, 4069.23
25334.8, 4068.72
25334.8, 4071.28
25334.8, 4072.82
25366.9, 4071.28
25367.1, 4071.79
25367.2, 4074.87
25367.2, 4076.41
25398, 4074.36
25398, 4073.85
25398.1, 4076.92
25398.1, 4077.95
25428.8, 4076.92
25428.8, 4076.92
25428.9, 4079.49
25428.9, 4081.54
25460, 4080
25460.2, 4077.44
25460.4, 4076.92
25460.4, 4077.95
25492.1, 4081.54
25492.3, 4080.51
25492.4, 4077.95
25492.5, 4076.41
25522.9, 4077.95
25523, 4080
25523, 4078.46
25523.1, 4075.9
25553.8, 4074.87
25553.9, 4075.9
25553.9, 4077.95
25554, 4080
25585.8, 4080
25585.9, 4078.97
25585.9, 4078.97
25586, 4077.95
25616.9, 4076.92
25617, 4077.44
25617, 4076.92
25617, 4076.41
25647.7, 4079.49
25647.8, 4078.46
25647.8, 4072.31
25647.9, 4073.85
25678.9, 4077.95
25679, 4076.41
25679, 4074.87
25679.1, 4078.97
25710.7, 4082.56
25710.8, 4078.97
25710.8, 4075.9
25710.9, 4075.9
25741.7, 4076.41
25741.8, 4078.97
25741.8, 4076.92
25741.9, 4074.36
25772.8, 4075.9
25772.9, 4075.9
25772.9, 4073.85
25772.9, 4075.9
25804.8, 4077.95
25804.9, 4075.38
25805, 4074.87
25805, 4077.44
25836, 4076.92
25836.1, 4076.41
25836.1, 4075.9
25836.1, 4074.36
25867.1, 4074.36
25867.2, 4073.85
25867.3, 4074.36
25867.3, 4077.95
25900.6, 4078.97
25900.7, 4078.97
25900.8, 4077.95
25900.8, 4076.41
25929.7, 4078.46
25929.8, 4078.46
25929.8, 4075.38
25929.8, 4079.49
25961.1, 4082.05
25961.1, 4077.44
25961.2, 4073.85
25961.2, 4076.41
25992, 4077.95
25992.1, 4075.9
25992.1, 4077.95
25992.2, 4080
26023.8, 4078.46
26023.9, 4076.41
26024, 4075.38
26024.3, 4073.33
26058.8, 4072.31
26058.9, 4077.95
26058.9, 4080.51
26058.9, 4076.41
26086.1, 4077.44
26086.2, 4077.95
26086.3, 4075.38
26086.3, 4075.38
26116.8, 4073.85
26116.9, 4076.41
26117, 4076.92
26117, 4076.92
26148.8, 4080
26148.9, 4077.44
26149, 4076.41
26149, 4075.38
26179.7, 4073.33
26179.8, 4076.41
26179.8, 4076.92
26179.9, 4072.82
26210.7, 4074.36
26210.8, 4077.44
26210.8, 4077.95
26210.9, 4075.38
26242.6, 4075.9
26242.7, 4076.92
26242.7, 4074.87
26242.8, 4076.92
26273.7, 4082.56
26273.8, 4083.08
26273.9, 4079.49
26273.9, 4076.41
26304.9, 4077.44
26305, 4075.9
26305, 4073.33
26305.1, 4076.41
26335.8, 4077.95
26335.9, 4076.92
26335.9, 4076.92
26336, 4077.44
26367.7, 4077.95
26367.8, 4077.44
26367.9, 4077.44
26367.9, 4074.36
26398.8, 4072.82
26398.9, 4076.41
26399, 4075.38
26399, 4071.79
26429.8, 4073.33
26429.9, 4078.46
26429.9, 4078.97
26430, 4075.38
26462, 4074.87
26462.2, 4074.87
26462.2, 4074.87
26462.3, 4077.95
26493.1, 4078.97
26493.2, 4079.49
26493.3, 4080
26493.4, 4080.51
26523.9, 4084.1
26523.9, 4082.56
26524, 4079.49
26524, 4083.59
26554.8, 4083.59
26554.9, 4078.46
26554.9, 4079.49
26554.9, 4081.54
26586.9, 4081.03
26587, 4082.05
26587.1, 4082.05
26587.1, 4081.54
26618.8, 4080
26618.9, 4078.46
26619, 4076.41
26619, 4075.9
26648.6, 4080
26648.7, 4082.05
26648.7, 4084.1
26648.8, 4083.59
26679.7, 4080.51
26679.8, 4081.54
26679.8, 4084.1
26679.9, 4082.56
26711.9, 4079.49
26712, 4080
26712, 4081.03
26712, 4077.95
26742.7, 4076.41
26742.8, 4079.49
26742.8, 4081.03
26742.9, 4082.05
26773.9, 4085.13
26774, 4088.21
26774, 4084.62
26774.1, 4078.97
26805.8, 4081.54
26805.9, 4082.56
26805.9, 4078.97
26806, 4080.51
26836.9, 4079.49
26837, 4080
26837, 4084.1
26837.1, 4080
26867.8, 4076.92
26867.9, 4082.56
26868, 4084.62
26868, 4082.56
26899.8, 4084.1
26899.9, 4085.13
26900, 4080.51
26900, 4078.97
26930.9, 4081.54
26931.2, 4083.59
26931.3, 4084.62
26931.5, 4084.62
26961.8, 4083.59
26961.8, 4082.56
26961.9, 4084.62
26961.9, 4086.15
26993, 4083.59
26993.1, 4082.56
26993.2, 4084.1
26993.2, 4082.56
27024.9, 4083.59
27025, 4085.64
27025.1, 4082.05
27025.1, 4080.51
27055.8, 4082.56
27055.9, 4084.62
27055.9, 4083.08
27056, 4081.03
27087, 4082.05
27087.1, 4085.64
27087.1, 4086.67
27087.2, 4084.1
27118.1, 4081.03
27118.2, 4082.56
27118.2, 4086.67
27118.3, 4086.67
27150, 4084.62
27150.1, 4084.1
27150.2, 4084.1
27150.2, 4084.1
27180.7, 4084.62
27180.8, 4085.13
27180.8, 4082.56
27180.8, 4080
27211.7, 4081.54
27211.8, 4083.08
27211.9, 4081.03
27211.9, 4082.05
27243.7, 4086.67
27243.8, 4085.64
27243.8, 4082.05
27243.8, 4081.54
27274.8, 4081.03
27274.8, 4081.03
27274.9, 4083.08
27274.9, 4081.54
27305.8, 4083.08
27305.9, 4086.67
27306, 4086.15
27306, 4084.1
27336.7, 4083.08
27336.8, 4082.56
27336.9, 4082.05
27336.9, 4082.05
27368.8, 4083.59
27368.9, 4082.05
27368.9, 4081.03
27368.9, 4084.1
27399.8, 4084.62
27399.9, 4081.54
27399.9, 4083.59
27400, 4086.67
27430.9, 4085.13
27430.9, 4080
27431, 4079.49
27431, 4082.05
27462.9, 4081.03
27463, 4078.46
27463, 4078.46
27463.1, 4081.03
27494, 4082.05
27494.1, 4079.49
27494.1, 4076.92
27494.2, 4077.44
27525, 4078.97
27525.2, 4076.41
27525.2, 4077.44
27525.3, 4083.08
27555.8, 4081.03
27555.9, 4076.92
27556, 4079.49
27556, 4081.03
27587.8, 4078.97
27587.9, 4078.97
27587.9, 4079.49
27587.9, 4077.95
27618.9, 4077.44
27618.9, 4076.41
27619, 4075.9
27619, 4076.92
27649.9, 4079.49
27649.9, 4080
27650, 4081.03
27650, 4082.05
27680.8, 4079.49
27680.9, 4077.95
27681, 4076.41
27681, 4074.36
27712.9, 4077.44
27713, 4083.59
27713.1, 4082.56
27713.1, 4080
27744.2, 4084.1
27744.3, 4083.08
27744.3, 4079.49
27744.4, 4084.62
27775, 4088.72
27775.1, 4085.13
27775.1, 4084.1
27775.1, 4085.64
27806.6, 4085.13
27806.7, 4078.97
27806.8, 4076.41
27806.8, 4081.54
27837.8, 4084.1
27837.9, 4083.08
27837.9, 4084.1
27838, 4086.15
27868.8, 4085.13
27868.9, 4080.51
27869, 4080
27869, 4083.59
27900, 4083.59
27900.1, 4082.05
27900.1, 4084.1
27900.2, 4083.08
27931.9, 4080
27932, 4083.08
27932.1, 4087.18
27932.2, 4084.1
27963, 4080
27963.1, 4083.08
27963.2, 4086.15
27963.2, 4085.13
27994.1, 4082.05
27994.2, 4081.54
27994.3, 4082.56
27994.3, 4080
28025.9, 4081.03
28026, 4085.64
28026, 4084.62
28026.1, 4078.97
28056.9, 4077.44
28057, 4083.08
28057, 4084.62
28057.1, 4080.51
28087.8, 4079.49
28087.9, 4081.54
28087.9, 4080.51
28088, 4079.49
28118.7, 4081.54
28118.7, 4084.62
28118.8, 4085.13
28118.8, 4085.13
28150.9, 4086.15
28151, 4082.56
28151, 4078.97
28151.1, 4079.49
28182, 4080
28182.1, 4078.97
28182.2, 4081.54
28182.2, 4085.13
28212.7, 4085.13
28212.8, 4082.05
28212.8, 4078.97
28212.9, 4081.03
28244.8, 4083.59
28244.9, 4082.05
28244.9, 4082.56
28244.9, 4084.1
28275.8, 4082.05
28275.9, 4083.59
28275.9, 4085.64
28276, 4082.05
28306.8, 4085.13
28306.9, 4089.23
28306.9, 4083.59
28307, 4079.49
28337.9, 4082.56
28338, 4085.13
28338.1, 4084.62
28338.1, 4084.1
28369.9, 4085.13
28370, 4087.18
28370, 4085.13
28370, 4082.56
28401.1, 4085.13
28401.2, 4087.18
28401.3, 4084.1
28401.3, 4082.56
28432, 4086.15
28432.1, 4086.67
28432.2, 4087.69
28432.2, 4090.77
28463, 4088.21
28463.1, 4085.13
28463.1, 4084.62
28463.2, 4085.64
28494.9, 4086.15
28495, 4087.18
28495.1, 4090.26
28495.1, 4089.23
28526.1, 4087.69
28526.2, 4088.21
28526.2, 4089.23
28526.3, 4090.26
28556.6, 4089.23
28556.7, 4087.69
28556.8, 4085.64
28556.8, 4086.15
28589.2, 4087.18
28589.4, 4085.64
28589.4, 4086.15
28589.5, 4088.72
28620, 4088.21
28620.1, 4086.67
28620.1, 4086.15
28620.2, 4086.15
28651, 4087.69
28651.1, 4089.23
28651.1, 4087.18
28651.2, 4086.15
28681.9, 4088.72
28682.2, 4091.28
28682.2, 4090.26
28682.3, 4087.18
28713.6, 4087.18
28713.7, 4089.23
28713.8, 4089.23
28713.8, 4088.21
28744.8, 4091.79
28744.8, 4095.38
28744.9, 4094.87
28744.9, 4095.38
28776, 4094.87
28776.1, 4091.79
28776.1, 4092.31
28776.2, 4094.87
28807.1, 4096.41
28807.2, 4094.36
28807.3, 4093.33
28807.3, 4096.41
28838.8, 4096.41
28838.9, 4095.38
28838.9, 4095.9
28839, 4095.9
28869.8, 4095.38
28869.8, 4096.92
28869.9, 4098.46
28869.9, 4099.49
28900.9, 4096.41
28901, 4091.79
28901, 4094.36
28901.1, 4098.97
28932.9, 4095.38
28932.9, 4093.85
28933, 4096.41
28933, 4094.36
28963.8, 4096.41
28963.9, 4100
28963.9, 4100
28964, 4100
28994.9, 4101.03
28995, 4103.59
28995.1, 4104.1
28995.1, 4100.51
29026.2, 4100
29026.4, 4102.56
29026.4, 4101.03
29026.5, 4100
29058, 4103.08
29058.2, 4105.13
29058.3, 4101.54
29058.3, 4097.95
29088.8, 4098.97
29088.9, 4101.03
29089, 4098.97
29089, 4098.46
29119.8, 4099.49
29119.9, 4102.56
29119.9, 4102.05
29120, 4097.95
29151.8, 4097.44
29151.9, 4101.03
29152, 4102.56
29152, 4102.05
29182.9, 4102.05
29183, 4103.59
29183, 4102.05
29183.1, 4102.05
29214.1, 4103.08
29214.3, 4103.59
29214.4, 4102.56
29214.4, 4100.51
29244.7, 4102.56
29244.7, 4105.64
29244.8, 4103.59
29244.8, 4101.54
29276.7, 4102.56
29276.7, 4105.64
29276.8, 4104.62
29276.8, 4101.03
29308, 4101.03
29308, 4102.05
29308.1, 4102.05
29308.1, 4099.49
29339, 4098.97
29339.2, 4100.51
29339.4, 4100
29339.5, 4098.97
29370, 4099.49
29370.1, 4100
29370.1, 4101.03
29370.2, 4102.05
29402.1, 4101.03
29402.2, 4101.54
29402.3, 4101.03
29402.3, 4101.03
29433.4, 4101.03
29433.5, 4100.51
29433.5, 4098.97
29433.6, 4098.97
29464.1, 4100
29464.2, 4098.97
29464.3, 4097.44
29464.3, 4099.49
29496.2, 4103.08
29496.3, 4103.08
29496.3, 4099.49
29496.4, 4097.95
29527.1, 4103.08
29527.2, 4106.15
29527.2, 4103.59
29527.3, 4100
29558.4, 4101.54
29558.5, 4104.1
29558.5, 4101.03
29558.6, 4098.46
29589.2, 4100
29589.3, 4100.51
29589.3, 4101.03
29589.4, 4102.56
29621, 4099.49
29621.1, 4101.54
29621.2, 4108.72
29621.2, 4105.64
29652.2, 4098.97
29652.3, 4100
29652.4, 4103.59
29652.4, 4101.03
29683.3, 4099.49
29683.4, 4104.62
29683.5, 4104.1
29683.5, 4100.51
29715.1, 4101.54
29715.2, 4103.59
29715.3, 4103.59
29715.4, 4103.08
29746.2, 4102.56
29746.3, 4103.59
29746.3, 4106.15
29746.4, 4103.59
29777.2, 4101.54
29777.3, 4105.13
29777.3, 4106.15
29777.4, 4102.56
29808.3, 4102.56
29808.4, 4102.05
29808.5, 4102.05
29808.5, 4105.13
29840.4, 4104.1
29840.7, 4104.1
29840.9, 4104.62
29841, 4104.62
29871, 4104.62
29871.2, 4107.18
29871.2, 4106.67
29871.3, 4102.56
29903.1, 4103.08
29903.3, 4107.69
29903.3, 4106.67
29903.4, 4102.56
29934.1, 4103.59
29934.3, 4106.67
29934.4, 4107.69
29934.4, 4106.15
29965.1, 4105.13
29965.3, 4105.64
29965.3, 4105.64
29965.4, 4106.67
29996.2, 4107.69
29996.3, 4105.64
29996.3, 4104.62
29996.4, 4106.15
30027, 4104.62
30027.2, 4101.54
30027.2, 4104.1
30027.3, 4104.62
30059.2, 4101.03
30059.4, 4103.08
30059.5, 4108.21
30059.6, 4105.64
30090.2, 4102.05
30090.4, 4103.59
30090.5, 4104.62
30090.6, 4105.13
30122.1, 4106.15
30122.2, 4107.18
30122.2, 4107.18
30122.2, 4107.69
30152.2, 4106.67
30152.4, 4107.69
30152.5, 4109.74
30152.5, 4105.64
30184.1, 4105.64
30184.2, 4111.79
30184.2, 4110.26
30184.3, 4106.67
30215, 4108.21
30215.1, 4110.77
30215.1, 4111.28
30215.1, 4111.28
30245.9, 4110.77
30246.1, 4108.21
30246.2, 4106.67
30246.4, 4108.21
30278, 4109.74
30278.1, 4109.74
30278.2, 4109.23
30278.2, 4108.21
30308.7, 4109.23
30308.8, 4112.31
30308.9, 4109.74
30308.9, 4105.13
30339.8, 4104.1
30339.9, 4100.51
30339.9, 4099.49
30340, 4113.85
30371.1, 4126.15
30371.2, 4118.97
30371.2, 4116.92
30371.3, 4130.26
30403, 4140.51
30403.1, 4142.56
30403.1, 4152.82
30403.1, 4164.1
30433.9, 4167.18
30434, 4176.41
30434, 4184.62
30434.1, 4172.31
30465.1, 4155.9
30465.2, 4150.77
30465.2, 4145.13
30465.3, 4132.82
30495.6, 4118.46
30495.7, 4110.26
30495.8, 4105.64
30495.9, 4091.28
30527.9, 4074.87
30527.9, 4070.26
30528, 4072.31
30528, 4072.31
30558.7, 4073.33, estimuli
30558.8, 4081.54
30558.9, 4089.23
30558.9, 4089.23
30589.9, 4088.72
30590.1, 4090.77
30590.1, 4091.79
30590.1, 4089.74
30621.8, 4087.69
30621.9, 4087.18
30622, 4085.13
30622, 4085.13
30652.8, 4089.23
30652.9, 4089.74
30653, 4088.21
30653, 4087.69
30684.2, 4086.67
30684.3, 4090.26
30684.3, 4090.77
30684.3, 4078.46
30715.9, 4065.13
30716, 4069.23
30716, 4086.67
30716, 4096.92
30746.6, 4092.31
30746.7, 4095.9
30746.7, 4098.46
30746.8, 4071.79
30778.7, 4051.79
30778.8, 4063.59
30778.8, 4084.62
30778.8, 4100.51
30808.6, 4105.64
30808.7, 4107.18
30808.7, 4101.54
30808.8, 4080
30841, 4066.67
30841.1, 4076.92
30841.2, 4089.74
30841.2, 4103.59
30872.2, 4109.74
30872.3, 4106.67
30872.4, 4103.59
30872.4, 4082.05
30902.7, 4063.59
30902.8, 4075.9
30902.9, 4095.9
30902.9, 4111.28
30934, 4112.82
30934.1, 4107.18
30934.2, 4105.64
30934.2, 4084.62
30966.1, 4061.03
30966.1, 4070.77
30966.2, 4094.36
30966.2, 4109.23
30996.9, 4111.79
30997, 4109.74
30997.1, 4105.64
30997.1, 4082.05
31027.9, 4061.54
31028, 4072.82
31028, 4094.36
31028.1, 4107.18
31059.7, 4108.21
31059.8, 4107.69
31059.9, 4107.18
31059.9, 4085.13
31091, 4063.59
31091.1, 4074.36
31091.2, 4094.87
31091.3, 4107.18
31122, 4111.28
31122.2, 4109.23
31122.2, 4103.59
31122.3, 4082.56
31152.8, 4065.64
31152.9, 4077.95
31153, 4095.9
31153, 4102.05
31184.9, 4104.62
31185, 4108.21
31185.1, 4101.03
31185.1, 4076.41
31215.9, 4061.03
31216, 4075.9
31216, 4095.9
31216.1, 4105.64
31246.7, 4108.21
31246.8, 4107.18
31246.8, 4102.56
31246.8, 4085.64
31277.7, 4072.31
31277.9, 4080
31277.9, 4095.9
31278, 4112.31
31310.1, 4117.95
31310.2, 4109.74
31310.3, 4103.08
31310.3, 4087.18
31340.8, 4069.23
31340.9, 4076.41
31340.9, 4097.44
31341, 4109.23
31372, 4109.74
31372.1, 4110.26
31372.1, 4106.67
31372.2, 4083.59
31403.8, 4064.62
31403.9, 4075.9
31403.9, 4096.92
31404, 4109.23
31434.9, 4111.79
31435, 4113.85
31435.1, 4110.77
31435.1, 4084.62
31465.9, 4065.64
31466.1, 4077.95
31466.1, 4094.36
31466.1, 4102.56
31497.1, 4104.62
31497.3, 4106.67
31497.4, 4103.59
31497.5, 4080.51
31528.8, 4068.21
31528.8, 4086.15
31528.9, 4102.05
31528.9, 4104.62
31559.6, 4107.69
31559.7, 4111.79
31559.8, 4105.64
31559.8, 4081.54
31593.5, 4067.18
31593.7, 4078.46
31593.7, 4094.87
31593.8, 4106.15
31622.8, 4110.26
31622.9, 4109.74
31622.9, 4108.72
31623, 4092.31
31653.9, 4074.87
31654, 4083.08
31654, 4101.54
31654.1, 4112.82
31684.8, 4114.87
31684.9, 4112.31
31685, 4103.08
31685, 4086.15
31716.2, 4089.74
31716.4, 4109.74
31716.4, 4096.92
31716.4, 4087.18
31747.7, 4120.51
31747.8, 4139.49
31747.8, 4131.28
31747.9, 4136.41
31778.8, 4141.03
31778.8, 4138.97
31778.9, 4142.56
31778.9, 4136.41
31809.9, 4116.92
31810, 4108.72
31810, 4110.26
31810.1, 4109.23
31841, 4112.82
31841.1, 4117.95
31841.1, 4114.87
31841.2, 4115.9
31872.7, 4119.49
31872.8, 4116.92
31872.9, 4117.95
31873, 4121.03
31904.1, 4119.49
31904.2, 4117.95
31904.3, 4118.97
31904.3, 4118.46
31934.9, 4117.44
31935, 4118.97
31935.1, 4118.46
31935.1, 4114.36
31966.9, 4117.95
31967, 4120.51
31967.1, 4112.82
31967.1, 4111.28
31998.2, 4118.97
31998.3, 4120.51
31998.4, 4117.44
31998.4, 4116.92
32028.8, 4118.46
32028.9, 4118.46
32028.9, 4116.41
32029, 4115.9
32059.6, 4118.97
32059.7, 4119.49
32059.8, 4117.95
32059.8, 4118.46
32091.8, 4120.51
32091.9, 4123.08
32091.9, 4126.67
32091.9, 4129.23
32123.1, 4131.28
32123.2, 4133.85
32123.2, 4130.77
32123.2, 4127.18
32154, 4129.74
32154.1, 4132.31
32154.2, 4130.26
32154.2, 4127.18
32185.8, 4130.77
32185.9, 4133.33
32185.9, 4129.74
32185.9, 4128.21
32217, 4130.26
32217.1, 4131.28
32217.1, 4130.77
32217.2, 4133.33
32247.8, 4133.85
32247.9, 4131.79
32247.9, 4134.36
32248, 4136.92
32278.6, 4135.9
32278.7, 4134.87
32278.8, 4134.87
32278.8, 4135.38
32310.7, 4134.87
32310.8, 4133.33
32310.9, 4133.33
32310.9, 4132.82
32342.1, 4131.28
32342.1, 4130.26
32342.2, 4131.79
32342.2, 4134.36
32372.9, 4136.92
32373, 4137.95
32373.1, 4135.38
32373.1, 4131.28
32404.7, 4133.33
32404.8, 4137.44
32404.8, 4135.9
32404.8, 4135.38
32436, 4137.95
32436.1, 4136.92
32436.1, 4134.87
32436.2, 4136.92
32467, 4141.03
32467.1, 4142.05
32467.2, 4145.13
32467.2, 4149.74
32497.7, 4150.26
32497.8, 4149.74
32497.8, 4149.74
32497.8, 4146.15
32530.1, 4138.97
32530.3, 4135.38
32530.3, 4140.51
32530.4, 4146.15
32560.8, 4142.05
32560.9, 4141.03
32560.9, 4145.64
32561, 4142.05
32591.9, 4136.41
32592, 4138.46
32592, 4144.1
32592, 4142.05
32622.9, 4140.51
32623, 4145.13
32623.1, 4146.15
32623.1, 4142.56
32654.8, 4145.13
32654.9, 4148.72
32654.9, 4147.18
32654.9, 4146.15
32685.8, 4147.69
32685.9, 4146.15
32685.9, 4145.64
32686, 4147.18
32716.8, 4148.72
32716.9, 4153.33
32716.9, 4154.36
32716.9, 4148.21
32748.8, 4144.1
32749, 4149.74
32749.1, 4154.36
32749.1, 4150.77
32779.6, 4147.69
32779.7, 4147.69
32779.8, 4146.15
32779.8, 4147.18
32810.6, 4151.28
32810.7, 4150.26
32810.7, 4146.67
32810.8, 4146.67
32841.7, 4151.79
32841.8, 4155.38
32841.8, 4151.79
32841.8, 4150.77
32873.7, 4154.36
32873.8, 4153.85
32873.9, 4152.31
32873.9, 4155.9
32904.8, 4156.92
32904.8, 4153.33
32904.9, 4155.38
32904.9, 4156.92
32936.1, 4153.85
32936.3, 4153.33
32936.3, 4153.33
32936.4, 4152.82
32968, 4155.9
32968.1, 4154.36
32968.2, 4153.33
32968.2, 4157.95
32998.9, 4156.41
32999, 4151.79
32999, 4152.31
32999.1, 4150.26
33029.7, 4151.28
33029.8, 4155.38
33029.8, 4153.85
33029.9, 4154.87
33060.9, 4158.97
33061, 4158.97
33061, 4155.38
33061.1, 4154.36
33092.7, 4152.82
33092.8, 4152.31
33092.9, 4153.85
33093, 4152.82
33123.9, 4155.38
33124, 4158.97
33124, 4155.38
33124.1, 4154.36
33155.2, 4157.44
33155.3, 4159.49
33155.3, 4159.49
33155.4, 4157.44
33186, 4156.92
33186.1, 4159.49
33186.1, 4160.51
33186.2, 4158.46
33217.8, 4155.9
33217.9, 4159.49
33218, 4164.62
33218, 4161.03
33248.8, 4158.46
33248.9, 4161.03
33249, 4160.51
33249, 4158.97
33279.7, 4161.03
33279.8, 4161.54
33279.8, 4159.49
33279.8, 4159.49
33311.8, 4158.46
33311.8, 4158.46
33311.9, 4160
33311.9, 4158.46
33343, 4158.97
33343.1, 4162.56
33343.2, 4158.97
33343.2, 4153.33
33373.9, 4155.38
33374, 4160
33374.1, 4156.41
33374.1, 4154.36
33404.9, 4158.97
33405, 4155.9
33405, 4150.77
33405.1, 4157.44
33436.8, 4161.54
33436.9, 4158.46
33436.9, 4160
33437, 4161.54
33467.9, 4158.46
33468, 4157.95
33468.1, 4160.51
33468.1, 4156.92
33498.7, 4154.36
33498.8, 4157.44
33498.8, 4155.38
33498.9, 4151.79
33530.9, 4155.38
33531, 4157.44
33531, 4153.85
33531.1, 4153.33
33562.1, 4155.38
33562.2, 4153.85
33562.3, 4152.82
33562.4, 4154.36
33593.3, 4156.92
33593.4, 4156.41
33593.5, 4156.92
33593.5, 4158.46
33624, 4159.49
33624.1, 4161.03
33624.2, 4158.97
33624.3, 4157.44
33655.8, 4157.44
33655.9, 4157.95
33655.9, 4157.95
33656, 4157.44
33686.9, 4161.03
33687, 4162.05
33687.1, 4157.95
33687.1, 4156.92
33717.8, 4158.97
33718, 4160
33718, 4158.46
33718.1, 4158.46
33748.7, 4160.51
33748.8, 4160
33748.8, 4159.49
33748.9, 4158.97
33781.1, 4159.49
33781.2, 4160.51
33781.3, 4160
33781.4, 4158.97
33811.8, 4159.49
33811.9, 4161.54
33811.9, 4159.49
33811.9, 4154.36
33842.7, 4155.9
33842.7, 4157.44
33842.8, 4153.33
33842.8, 4153.33
33874.8, 4155.9
33874.9, 4153.85
33874.9, 4154.87
33875, 4156.92
33905.7, 4156.41
33905.7, 4157.44
33905.8, 4156.92
33905.8, 4156.41
33936.7, 4157.95
33936.8, 4160.51
33936.9, 4160.51
33936.9, 4158.97
33968.2, 4154.87
33968.3, 4154.36
33968.4, 4160.51
33968.4, 4160
34000.1, 4155.38
34000.3, 4157.95
34000.3, 4160
34000.4, 4158.46
34030.9, 4157.95
34030.9, 4158.46
34031, 4156.92
34031, 4155.9
34061.7, 4156.41
34061.8, 4157.95
34061.8, 4159.49
34061.9, 4158.97
34093.8, 4157.95
34093.9, 4155.9
34093.9, 4155.9
34093.9, 4158.46
34124.7, 4158.97
34124.8, 4154.87
34124.8, 4154.36
34124.9, 4157.95
34155.8, 4157.95
34155.8, 4157.95
34155.9, 4160
34156, 4159.49
34187, 4156.41
34187.1, 4156.92
34187.1, 4158.97
34187.2, 4158.46
34218.8, 4156.92
34218.8, 4155.38
34218.9, 4152.82
34218.9, 4153.33
34250, 4156.41
34250.1, 4157.95
34250.1, 4157.95
34250.2, 4156.41
34280.7, 4154.87
34280.8, 4158.46
34280.9, 4160
34280.9, 4157.95
34312.9, 4157.44
34313, 4157.95
34313.1, 4158.46
34313.1, 4159.49
34343.7, 4161.54
34343.8, 4161.03
34343.8, 4160.51
34343.9, 4161.54
34375.2, 4160.51
34375.3, 4160
34375.4, 4161.03
34375.5, 4159.49
34405.9, 4160
34406, 4162.05
34406.1, 4159.49
34406.1, 4154.36
34437.9, 4155.9
34438, 4157.95
34438, 4153.33
34438.1, 4150.77
34468.8, 4155.9
34468.9, 4158.97
34468.9, 4156.41
34469, 4156.92
34499.9, 4158.97
34500, 4156.41
34500, 4152.31
34500.1, 4154.36
34530.6, 4157.44
34530.7, 4155.38
34530.7, 4154.36
34530.8, 4155.38
34562.8, 4156.41
34562.9, 4154.87
34563, 4154.36
34563, 4154.87
34594.2, 4156.41
34594.3, 4158.97
34594.4, 4158.46
34594.4, 4156.41
34624.7, 4157.44
34624.8, 4158.46
34624.8, 4155.9
34624.9, 4156.92
34656.9, 4157.95
34657, 4156.41
34657, 4157.44
34657.1, 4160
34687.9, 4158.97
34688, 4156.41
34688, 4157.44
34688.1, 4156.92
34718.9, 4154.36
34719, 4157.44
34719.1, 4159.49
34719.1, 4155.38
34749.9, 4156.41
34750, 4160
34750.1, 4159.49
34750.1, 4159.49
34781.8, 4160
34781.9, 4157.95
34782, 4155.38
34782.1, 4157.44
34812.8, 4159.49
34812.9, 4158.97
34812.9, 4160.51
34812.9, 4163.08
34843.6, 4162.56
34843.7, 4161.54
34843.8, 4160.51
34843.8, 4160.51
34875.8, 4161.03
34875.9, 4160
34876.1, 4159.49
34876.1, 4159.49
34906.9, 4160
34907, 4161.03
34907, 4161.54
34907, 4157.95
34937.8, 4154.87
34937.9, 4157.95
34938, 4161.54
34938, 4163.59
34968.7, 4164.62
34968.8, 4163.59
34968.9, 4162.56
34968.9, 4162.05
35001.7, 4164.1
35001.8, 4165.64
35001.9, 4161.54
35002, 4157.44
35031.8, 4159.49
35031.9, 4159.49
35031.9, 4158.97
35032, 4159.49
35062.9, 4159.49
35063, 4161.03
35063, 4162.56
35063.1, 4161.54
35093.7, 4158.97
35093.7, 4156.92
35093.8, 4158.97
35093.8, 4160.51
35125.7, 4158.46
35125.8, 4157.95
35125.8, 4159.49
35125.9, 4159.49
35156.8, 4157.95
35156.9, 4158.46
35157, 4160.51
35157, 4162.05
35187.6, 4162.05
35187.7, 4162.05
35187.8, 4161.54
35187.8, 4160
35219.7, 4160
35219.8, 4159.49
35219.9, 4156.92
35219.9, 4156.41
35251.1, 4161.03
35251.2, 4163.59
35251.2, 4161.54
35251.3, 4159.49
35281.8, 4160
35281.9, 4162.05
35282, 4159.49
35282, 4156.92
35312.8, 4160
35312.9, 4161.54
35312.9, 4159.49
35313, 4160.51
35344.6, 4165.13
35344.7, 4163.59
35344.7, 4158.97
35344.8, 4160
35375.7, 4159.49
35375.8, 4157.44
35375.8, 4160.51
35375.8, 4160.51
35407.2, 4157.44
35407.3, 4157.44
35407.3, 4159.49
35407.4, 4159.49
35438.9, 4159.49
35439, 4157.44
35439.1, 4151.28
35439.1, 4150.77
35469.8, 4157.44
35469.9, 4160
35469.9, 4162.56
35470, 4165.64
35500.9, 4168.72
35501, 4177.95
35501, 4189.74
35501.1, 4203.59
35531.6, 4217.95
35531.8, 4225.13
35531.8, 4223.08
35531.9, 4223.08
35563.6, 4230.26
35563.7, 4232.82
35563.8, 4229.23
35563.8, 4221.54
35594.7, 4210.77
35594.8, 4201.54
35594.8, 4189.23
35594.9, 4176.41
35626.1, 4169.23
35626.2, 4155.38
35626.2, 4132.82
35626.3, 4121.03
35656.8, 4114.87, estimuli
35656.9, 4108.72
35656.9, 4114.87
35657, 4122.56
35689, 4116.41
35689.1, 4112.31
35689.2, 4118.46
35689.2, 4120
35719.9, 4118.46
35720.1, 4121.03
35720.1, 4120.51
35720.2, 4118.97
35750.9, 4120.51
35751, 4122.05
35751, 4125.64
35751.1, 4127.18
35782.7, 4123.59
35782.8, 4129.23
35782.8, 4137.95
35782.9, 4124.62
35813.7, 4106.67
35813.8, 4113.85
35813.9, 4131.28
35813.9, 4138.97
35844.8, 4140.51
35844.9, 4146.15
35844.9, 4148.72
35844.9, 4127.18
35875.6, 4104.1
35875.7, 4106.15
35875.8, 4122.05
35875.8, 4143.59
35907.7, 4152.82
35907.8, 4149.23
35907.8, 4144.62
35907.9, 4128.72
35938.7, 4108.21
35938.8, 4110.26
35938.9, 4127.18
35938.9, 4140.51
35969.7, 4142.05
35969.8, 4138.46
35969.9, 4140.51
35969.9, 4123.59
36002, 4101.54
36002.1, 4109.74
36002.2, 4125.64
36002.2, 4138.97
36033.3, 4151.79
36033.5, 4153.33
36033.6, 4148.72
36033.6, 4130.26
36063.8, 4111.28
36063.8, 4114.36
36063.9, 4126.15
36063.9, 4141.54
36094.8, 4151.79
36094.9, 4151.28
36095, 4148.21
36095, 4129.74
36126.7, 4105.64
36126.7, 4110.77
36126.8, 4129.23
36126.8, 4143.08
36157.7, 4149.74
36157.8, 4149.23
36157.8, 4148.72
36157.9, 4130.77
36188.6, 4107.18
36188.7, 4109.74
36188.8, 4127.69
36188.8, 4146.67
36219.7, 4155.38
36219.8, 4151.79
36219.9, 4146.67
36219.9, 4134.36
36251.9, 4115.38
36252.1, 4115.38
36252.1, 4132.31
36252.1, 4148.72
36282.8, 4156.41
36283, 4154.87
36283, 4151.79
36283.1, 4134.36
36313.6, 4113.33
36313.8, 4119.49
36313.8, 4136.92
36313.9, 4148.21
36345.9, 4154.36
36346, 4152.82
36346, 4146.67
36346.1, 4134.36
36377.1, 4117.95
36377.2, 4116.92
36377.3, 4134.36
36377.3, 4152.82
36407.9, 4156.92
36408, 4152.31
36408, 4151.28
36408.1, 4138.97
36439.2, 4118.97
36439.3, 4121.03
36439.4, 4137.95
36439.4, 4152.31
36470.8, 4155.38
36470.8, 4151.79
36470.9, 4152.31
36470.9, 4137.95
36501.8, 4114.87
36501.9, 4117.44
36501.9, 4136.92
36502, 4153.33
36533.1, 4155.9
36533.2, 4151.28
36533.3, 4149.23
36533.3, 4134.36
36564.8, 4115.38
36564.9, 4120.51
36564.9, 4135.38
36565, 4146.15
36595.7, 4152.31
36595.8, 4151.28
36595.8, 4147.18
36595.8, 4133.85
36626.7, 4116.41
36626.8, 4115.9
36626.9, 4130.77
36626.9, 4147.18
36657.9, 4153.85
36658.1, 4151.79
36658.1, 4149.23
36658.2, 4133.85
36689.8, 4115.9
36689.9, 4118.46
36690, 4136.41
36690, 4153.85
36721, 4156.41
36721.1, 4152.82
36721.1, 4151.28
36721.2, 4134.36
36751.9, 4113.33
36752.1, 4117.95
36752.1, 4135.9
36752.2, 4149.74
36782.7, 4154.87
36782.8, 4150.26
36782.9, 4145.64
36783, 4132.31
36814.8, 4125.13
36814.9, 4138.97
36814.9, 4138.46
36815, 4126.67
36845.7, 4137.44
36845.8, 4143.59
36845.8, 4134.36
36845.8, 4135.38
36876.7, 4137.95
36876.8, 4136.92
36876.8, 4139.49
36876.8, 4137.44
36908.8, 4135.38
36908.9, 4136.41
36908.9, 4136.41
36909, 4135.9
36940, 4137.44
36940.1, 4138.46
36940.1, 4137.44
36940.2, 4136.92
36970.9, 4138.46
36971, 4140.51
36971.1, 4138.97
36971.1, 4136.41
37001.8, 4137.95
37001.9, 4139.49
37001.9, 4137.44
37002, 4137.44
37034, 4138.97
37034.1, 4137.44
37034.2, 4136.41
37034.2, 4137.95
37065.1, 4138.97
37065.3, 4137.44
37065.4, 4134.87
37065.5, 4137.95
37095.6, 4141.03
37095.7, 4138.97
37095.8, 4135.9
37095.8, 4138.46
37127.7, 4141.54
37127.7, 4137.44
37127.8, 4135.38
37127.8, 4137.95
37158.6, 4138.97
37158.8, 4139.49
37158.8, 4139.49
37158.9, 4137.95
37189.8, 4138.46
37189.9, 4139.49
37189.9, 4135.9
37189.9, 4136.92
37220.9, 4142.05
37221, 4141.03
37221.1, 4137.44
37221.1, 4137.44
37252.7, 4140.51
37252.8, 4142.05
37252.9, 4142.56
37252.9, 4142.05
37284, 4141.03
37284.1, 4140
37284.1, 4137.44
37284.1, 4138.97
37314.8, 4143.08
37314.9, 4141.03
37314.9, 4138.46
37315, 4138.97
37345.8, 4140.51
37345.9, 4142.56
37345.9, 4142.05
37346, 4139.49
37377.7, 4140
37377.8, 4141.03
37377.9, 4138.46
37377.9, 4138.46
37408.7, 4145.64
37408.8, 4146.67
37408.9, 4138.97
37408.9, 4136.92
37439.9, 4141.03
37440, 4136.92
37440, 4133.85
37440.1, 4138.46
37472.2, 4143.08
37472.3, 4141.03
37472.4, 4140
37472.4, 4141.54
37502.8, 4143.08
37502.9, 4141.03
37502.9, 4136.41
37503, 4140.51
37534, 4144.62
37534.1, 4140.51
37534.1, 4139.49
37534.2, 4141.54
37564.7, 4142.05
37564.8, 4139.49
37564.8, 4138.46
37564.9, 4141.03
37596.8, 4142.05
37596.9, 4142.05
37597, 4142.56
37597, 4141.54
37627.7, 4139.49
37627.9, 4142.05
37627.9, 4145.64
37628, 4143.08
37658.7, 4137.44
37658.8, 4137.95
37658.9, 4141.03
37658.9, 4140.51
37691.1, 4141.03
37691.2, 4141.03
37691.2, 4137.95
37691.3, 4137.95
37721.8, 4141.03
37721.9, 4138.46
37721.9, 4134.36
37722, 4137.44
37753.1, 4138.46
37753.2, 4137.44
37753.2, 4137.44
37753.2, 4137.44
37784, 4137.44
37784.1, 4137.44
37784.1, 4135.38
37784.2, 4134.87
37816, 4139.49
37816.1, 4140.51
37816.2, 4135.38
37816.2, 4134.36
37847.1, 4136.92
37847.2, 4138.97
37847.2, 4138.46
37847.3, 4139.49
37877.8, 4139.49
37878.1, 4138.97
37878.2, 4141.03
37878.3, 4140
37908.7, 4138.46
37908.8, 4139.49
37908.8, 4141.54
37908.8, 4144.62
37940.8, 4143.08
37940.9, 4141.54
37941, 4143.59
37941, 4144.1
37972, 4140
37972.1, 4137.95
37972.2, 4140.51
37972.2, 4141.54
38002.8, 4143.08
38002.9, 4141.54
38002.9, 4138.46
38003.1, 4138.97
38034.6, 4140.51
38034.7, 4138.97
38034.8, 4139.49
38034.8, 4143.08
38065.7, 4140.51
38065.8, 4136.92
38065.9, 4142.05
38065.9, 4141.03
38097.1, 4135.38
38097.2, 4140
38097.3, 4144.1
38097.3, 4137.44
38127.6, 4137.44
38127.7, 4143.08
38127.8, 4141.03
38127.8, 4136.92
38159.7, 4137.44
38159.8, 4138.46
38159.8, 4137.44
38159.8, 4136.92
38190.8, 4138.97
38190.9, 4136.92
38191, 4136.92
38191, 4141.54
38221.8, 4141.03
38221.9, 4137.95
38222, 4139.49
38222, 4138.46
38253.7, 4138.46
38253.8, 4140.51
38253.8, 4140
38253.9, 4135.9
38284.8, 4135.38
38284.9, 4139.49
38284.9, 4141.54
38285, 4137.95
38316.1, 4135.38
38316.3, 4138.46
38316.3, 4137.95
38316.3, 4136.41
38346.9, 4137.95
38347, 4136.92
38347.1, 4137.95
38347.1, 4138.97
38379, 4135.38
38379, 4134.87
38379.1, 4136.92
38379.1, 4136.92
38409.8, 4135.38
38409.9, 4135.38
38409.9, 4136.92
38410, 4135.9
38440.9, 4132.82
38441, 4133.85
38441, 4135.9
38441.1, 4134.87
38472.7, 4136.41
38472.8, 4137.95
38472.8, 4135.38
38472.9, 4135.38
38503.8, 4135.9
38503.9, 4133.33
38503.9, 4132.82
38504, 4136.92
38535.5, 4138.97
38535.6, 4134.87
38535.7, 4134.87
38535.7, 4140
38565.7, 4139.49
38565.8, 4135.38
38565.8, 4135.9
38565.9, 4140.51
38597.9, 4138.97
38597.9, 4135.38
38598, 4134.36
38598, 4134.87
38628.7, 4134.87
38628.8, 4135.9
38628.8, 4141.03
38628.8, 4141.03
38659.7, 4133.85
38659.8, 4133.85
38659.8, 4138.97
38659.9, 4138.46
38690.8, 4137.44
38690.9, 4137.44
38691, 4135.9
38691, 4136.41
38722.8, 4140
38722.9, 4138.97
38723, 4135.9
38723, 4138.46
38754.1, 4141.03
38754.2, 4136.92
38754.2, 4136.41
38754.3, 4139.49
38785.2, 4140.51
38785.3, 4138.97
38785.3, 4136.92
38785.4, 4137.44
38816.9, 4138.97
38817, 4136.41
38817.1, 4134.87
38817.1, 4137.44
38847.8, 4138.97
38847.9, 4141.03
38848, 4140.51
38848.1, 4136.92
38878.7, 4134.36
38878.7, 4135.9
38878.8, 4136.41
38878.8, 4135.9
38909.9, 4135.38
38910, 4135.9
38910.1, 4137.44
38910.1, 4136.41
38941.9, 4134.87
38941.9, 4138.46
38942, 4137.95
38942, 4133.85
38973.1, 4136.92
38973.2, 4140.51
38973.2, 4137.95
38973.3, 4136.92
39004, 4136.92
39004.1, 4135.38
39004.1, 4135.9
39004.2, 4135.9
39034.7, 4134.36
39034.8, 4136.41
39034.9, 4138.97
39034.9, 4138.97
39066.9, 4138.97
39067, 4138.46
39067, 4137.44
39067, 4138.46
39097.7, 4139.49
39097.8, 4136.92
39097.8, 4135.38
39097.8, 4135.38
39128.6, 4135.9
39128.7, 4136.92
39128.7, 4135.9
39128.8, 4134.36
39160.8, 4136.41
39160.9, 4140.51
39161, 4137.44
39161, 4129.74
39191.9, 4130.26
39192, 4134.36
39192, 4132.82
39192, 4129.74
39222.7, 4132.31
39222.8, 4135.9
39222.9, 4133.33
39222.9, 4132.31
39253.6, 4132.82
39253.7, 4134.36
39253.7, 4133.33
39253.8, 4129.23
39285.8, 4131.28
39285.9, 4133.85
39285.9, 4128.72
39286, 4126.15
39316.9, 4130.26
39317, 4130.26
39317.1, 4130.26
39317.1, 4128.72
39347.9, 4121.54
39348, 4126.67
39348.1, 4138.97
39348.2, 4138.97
39380, 4138.97
39380.1, 4147.18
39380.2, 4152.31
39380.2, 4158.97
39410.9, 4174.36
39411, 4189.74
39411, 4205.13
39411.1, 4220
39441.9, 4225.64
39442, 4225.64
39442, 4228.21
39442.1, 4228.72
39472.8, 4213.33
39472.9, 4193.85
39472.9, 4190.26
39472.9, 4187.18
39504.9, 4169.23
39505, 4148.72
39505, 4129.74
39505, 4109.74
39536, 4091.28, estimuli
39536.1, 4075.9
39536.1, 4066.67
39536.1, 4068.72
39567, 4074.87
39567.2, 4076.41
39567.2, 4077.95
39567.3, 4083.08
39598, 4083.08
39598.1, 4075.38
39598.1, 4075.9
39598.2, 4085.13
39629.8, 4088.21
39630, 4085.13
39630, 4086.15
39630.1, 4088.21
39661.3, 4085.13
39661.3, 4090.77
39661.4, 4100
39661.4, 4094.87
39692, 4083.59
39692.1, 4084.62
39692.1, 4092.31
39692.2, 4104.1
39724.2, 4112.31
39724.3, 4114.87
39724.4, 4118.97
39724.5, 4105.64
39755.3, 4081.54
39755.4, 4074.87
39755.5, 4085.64
39755.5, 4109.23
39786.2, 4126.15
39786.3, 4123.08
39786.4, 4117.95
39786.4, 4107.18
39817.3, 4082.05
39817.4, 4075.9
39817.4, 4091.28
39817.4, 4109.74
39849, 4125.13
39849.2, 4125.13
39849.2, 4118.97
39849.3, 4105.13
39880.3, 4081.54
39880.4, 4080
39880.9, 4095.9
39880.9, 4109.74
39911.4, 4119.49
39911.5, 4120.51
39911.6, 4116.92
39911.6, 4102.56
39943.2, 4079.49
39943.2, 4075.9
39943.3, 4091.79
39943.4, 4109.74
39973.9, 4119.49
39974, 4120
39974, 4116.41
39974.1, 4100.51
40005.1, 4077.95
40005.2, 4078.46
40005.3, 4093.33
40005.3, 4109.23
40036.2, 4123.08
40036.3, 4125.13
40036.4, 4123.08
40036.4, 4110.77
40068.1, 4085.64
40068.2, 4083.08
40068.3, 4098.97
40068.3, 4114.36
40098.9, 4122.56
40099.1, 4123.08
40099.1, 4121.03
40099.1, 4110.77
40130.1, 4087.18
40130.3, 4080
40130.3, 4099.49
40130.4, 4121.03
40161.1, 4128.21
40161.2, 4125.64
40161.3, 4122.05
40161.3, 4106.15
40193.2, 4084.62
40193.3, 4085.64
40193.4, 4103.08
40193.4, 4120
40224, 4126.15
40224.1, 4122.56
40224.2, 4122.05
40224.2, 4114.36
40255.1, 4090.26
40255.3, 4084.1
40255.3, 4101.03
40255.4, 4116.92
40287.2, 4122.56
40287.3, 4122.56
40287.4, 4123.59
40287.4, 4113.33
40318.1, 4091.28
40318.2, 4087.18
40318.3, 4102.56
40318.3, 4117.44
40349, 4123.59
40349.1, 4122.56
40349.2, 4123.59
40349.2, 4114.36
40380.1, 4089.74
40380.3, 4084.1
40380.3, 4100.51
40380.4, 4116.92
40412.1, 4124.1
40412.2, 4125.13
40412.3, 4125.13
40412.3, 4114.36
40443.1, 4091.28
40443.3, 4084.62
40443.3, 4100
40443.3, 4117.95
40474.3, 4127.69
40474.5, 4127.69
40474.5, 4126.67
40474.5, 4112.82
40506, 4090.26
40506.1, 4087.69
40506.2, 4102.56
40506.2, 4121.54
40536.6, 4130.77
40536.7, 4123.59
40536.7, 4118.97
40536.8, 4111.79
40567.7, 4093.33
40567.8, 4089.74
40567.8, 4104.1
40567.9, 4119.49
40599.1, 4126.15
40599.2, 4124.1
40599.3, 4124.1
40599.3, 4113.85
40631.1, 4092.31
40631.2, 4090.26
40631.2, 4104.62
40631.3, 4117.95
40662, 4128.72
40662.1, 4129.23
40662.1, 4123.08
40662.1, 4110.77
40692.8, 4101.54
40692.9, 4111.79
40693, 4115.38
40693, 4104.62
40724.9, 4115.38
40724.9, 4126.15
40725, 4113.33
40725, 4109.23
40755.7, 4115.9
40755.8, 4113.85
40755.9, 4111.79
40755.9, 4112.82
40786.9, 4114.87
40787, 4113.85
40787.1, 4110.77
40787.1, 4112.82
40818, 4114.36
40818.1, 4111.28
40818.1, 4110.77
40818.2, 4113.33
40850.1, 4112.82
40850.2, 4111.28
40850.2, 4112.82
40850.3, 4114.36
40881.1, 4113.33
40881.2, 4112.31
40881.3, 4111.79
40881.3, 4110.77
40912.2, 4113.85
40912.3, 4114.87
40912.3, 4110.26
40912.4, 4111.79
40942.8, 4115.9
40942.9, 4110.77
40943, 4107.18
40943, 4114.36
40974.7, 4115.9
40974.8, 4112.31
40974.9, 4114.87
40974.9, 4118.46
41005.7, 4119.49
41005.8, 4116.41
41005.8, 4111.28
41005.8, 4110.77
41036.7, 4112.82
41036.8, 4112.31
41036.8, 4112.31
41036.9, 4112.31
41069, 4110.77
41069.1, 4110.26
41069.2, 4109.74
41069.2, 4112.82
41546, 4116.41
41546.1, 4115.38
41546.1, 4114.36
41546.1, 4118.97
41546.2, 4123.08
41546.2, 4118.46
41546.3, 4111.79
41546.4, 4112.82
41546.4, 4118.46
41546.4, 4117.95
41546.5, 4113.85
41546.6, 4112.31
41546.6, 4114.87
41546.6, 4116.92
41546.7, 4116.41
41546.7, 4116.41
41546.8, 4116.92
41546.8, 4115.9
41546.9, 4114.87
41546.9, 4114.36
41547, 4112.31
41547, 4111.79
41547.1, 4114.36
41547.1, 4115.38
41547.1, 4116.92
41547.2, 4118.97
41547.2, 4119.49
41547.2, 4117.44
41547.3, 4114.36
41547.3, 4115.38
41547.3, 4117.95
41547.3, 4117.44
41547.4, 4114.36
41547.4, 4112.31
41547.4, 4112.82
41547.5, 4113.33
41547.5, 4111.79
41547.5, 4110.77
41547.6, 4111.79
41547.6, 4109.23
41547.6, 4108.72
41547.6, 4111.28
41547.7, 4114.87
41547.7, 4115.38
41547.7, 4114.36
41547.8, 4115.9
41547.8, 4114.36
41547.8, 4111.28
41547.9, 4112.82
41547.9, 4114.87
41547.9, 4114.36
41548, 4115.9
41548, 4118.46
41548.1, 4115.9
41548.1, 4114.36
41548.1, 4116.41
41548.2, 4118.46
41548.2, 4116.92
41548.2, 4113.33
41548.3, 4111.79
41569.1, 4112.82
41569.2, 4112.31
41569.2, 4111.28
41569.3, 4111.28
41600, 4111.28
41600.1, 4112.82
41600.2, 4112.82
41600.2, 4109.74
41632.1, 4111.79
41632.2, 4112.82
41632.3, 4110.26
41632.3, 4111.28
41662.8, 4110.77
41662.9, 4109.74
41663, 4111.28
41663, 4110.26
41694.3, 4106.15
41694.4, 4108.72
41694.4, 4114.36
41694.5, 4114.36
41724.7, 4109.74
41724.7, 4109.74
41724.8, 4113.33
41724.8, 4113.33
41756.8, 4112.31
41756.9, 4113.33
41756.9, 4113.33
41756.9, 4112.82
41787.8, 4115.9
41787.9, 4113.33
41787.9, 4108.21
41787.9, 4111.79
41819, 4117.44
41819.1, 4117.44
41819.1, 4114.36
41819.1, 4114.36
41850.9, 4115.38
41851, 4114.36
41851.1, 4112.82
41851.1, 4112.82
41882.1, 4112.82
41882.3, 4113.33
41882.4, 4113.33
41882.5, 4109.74
41912.9, 4109.23
41913, 4113.85
41913.1, 4114.36
41913.1, 4110.26
41943.9, 4110.77
41944, 4113.33
41944, 4111.28
41944.1, 4111.79
41975.8, 4113.33
41975.9, 4108.72
41975.9, 4108.72
41975.9, 4113.85
42006.9, 4113.85
42007, 4111.79
42007.1, 4113.33
42007.1, 4112.31
42037.8, 4111.28
42037.9, 4114.87
42038, 4114.36
42038, 4111.28
42068.7, 4110.26
42068.8, 4110.77
42068.9, 4110.77
42068.9, 4110.77
42101.1, 4110.26
42101.2, 4110.26
42101.2, 4111.28
42101.3, 4111.28
42132.1, 4112.31
42132.2, 4111.79
42132.3, 4110.77
42132.3, 4111.28
42162.8, 4112.82
42162.8, 4112.31
42162.9, 4111.28
42162.9, 4111.79
42194.9, 4113.33
42195, 4114.36
42195, 4114.36
42195, 4112.31
42225.7, 4111.28
42225.8, 4111.79
42225.8, 4112.31
42225.9, 4112.31
42256.6, 4112.31
42256.7, 4112.31
42256.8, 4113.33
42256.8, 4110.26
42287.6, 4108.21
42287.7, 4110.77
42287.8, 4110.77
42287.8, 4109.74
42320, 4113.85
42320.1, 4115.38
42320.1, 4111.28
42320.2, 4110.26
42351, 4110.26
42351.1, 4109.74
42351.1, 4112.31
42351.1, 4109.23
42382, 4105.13
42382.1, 4106.15
42382.2, 4105.64
42382.3, 4104.1
42413.9, 4104.62
42414, 4104.1
42414.1, 4103.08
42414.1, 4101.54
42445, 4097.44
42445.1, 4100
42445.2, 4102.56
42445.2, 4097.95
42475.7, 4097.44
42475.8, 4100
42475.8, 4099.49
42475.9, 4099.49
42507.4, 4102.56
42507.6, 4104.1
42507.7, 4103.59
42507.8, 4102.56
42539.1, 4100.51
42539.2, 4101.03
42539.3, 4101.54
42539.3, 4098.97
42569.9, 4097.44
42570, 4098.97
42570.1, 4098.46
42570.1, 4096.92
42600.9, 4097.95
42601, 4097.95
42601, 4095.9
42601.1, 4095.38
42632.8, 4098.46
42632.9, 4099.49
42632.9, 4098.46
42633, 4096.92
42663.9, 4094.87
42664, 4095.38
42664, 4096.92
42664.1, 4098.97
42694.8, 4100.51
42695, 4099.49
42695, 4097.95
42695.1, 4096.92
42726, 4100.51
42726.1, 4104.1
42726.1, 4100.51
42726.2, 4096.41
42757.8, 4098.46
42757.9, 4102.56
42757.9, 4103.08
42758, 4103.59
42824.6, 4106.15
42824.7, 4106.15
42824.7, 4104.1
42824.8, 4105.13
42824.8, 4106.67
42824.8, 4106.67
42824.9, 4107.69
42824.9, 4108.21
42851, 4109.23
42851.1, 4109.23
42851.2, 4106.67
42851.2, 4107.18
42882.9, 4106.67
42883, 4106.67
42883, 4109.74
42883.1, 4110.26
42914, 4109.23
42914.1, 4109.74
42914.1, 4109.23
42914.2, 4105.13
42944.9, 4102.05
42945, 4103.08
42945.1, 4105.64
42945.1, 4104.62
42976.7, 4102.56
42976.8, 4106.67
42976.8, 4108.21
42976.9, 4106.15
43007.8, 4106.67
43007.9, 4105.64
43007.9, 4106.15
43008, 4108.72
43038.8, 4106.15
43038.8, 4103.59
43038.9, 4109.23
43038.9, 4112.31
43069.7, 4106.15
43069.8, 4104.1
43069.8, 4108.21
43069.8, 4108.21
43102, 4103.08
43102.1, 4101.54
43102.1, 4103.08
43102.2, 4104.1
43133.1, 4105.64
43133.4, 4106.15
43133.4, 4106.67
43133.5, 4105.64
43164, 4105.13
43164, 4106.15
43164.1, 4105.13
43164.1, 4104.1
43195.8, 4104.62
43195.9, 4104.1
43196, 4104.62
43196, 4105.64
43226.9, 4104.62
43227, 4107.18
43227, 4107.69
43227.1, 4105.13
43257.8, 4107.69
43257.8, 4109.74
43257.9, 4108.72
43257.9, 4108.21
43288.7, 4107.18
43288.8, 4105.13
43288.8, 4104.62
43288.9, 4107.69
43320.8, 4110.77
43320.9, 4109.23
43321, 4106.67
43321, 4109.23
43352, 4111.79
43352.1, 4107.18
43352.2, 4107.18
43352.2, 4112.82
43383, 4111.79
43383.1, 4108.21
43383.1, 4106.67
43383.2, 4106.15
43414.7, 4108.21
43414.8, 4109.23
43414.8, 4107.18
43414.9, 4105.64
43445.7, 4107.18
43445.8, 4108.72
43445.8, 4107.69
43445.8, 4108.21
43477, 4111.28
43477.1, 4113.33
43477.1, 4109.74
43477.1, 4105.13
43507.7, 4106.15
43507.8, 4110.77
43507.8, 4112.82
43507.8, 4109.74
43540.5, 4108.72
43540.7, 4112.31
43540.7, 4111.79
43540.8, 4109.23
43570.8, 4112.31
43570.9, 4113.85
43570.9, 4113.33
43570.9, 4116.41
43601.9, 4115.9
43602, 4111.79
43602.1, 4109.23
43602.1, 4110.26
43632.7, 4113.33
43632.9, 4113.85
43632.9, 4111.79
43632.9, 4111.79
43664.7, 4112.82
43664.7, 4111.79
43664.8, 4113.85
43664.8, 4116.92
43695.8, 4112.82
43695.9, 4108.72
43695.9, 4112.82
43696, 4114.36
43727, 4111.79
43727.1, 4112.31
43727.2, 4113.85
43727.2, 4115.9
43758.8, 4113.85
43758.9, 4108.72
43759, 4110.26
43759, 4115.38
43789.8, 4114.36
43789.9, 4110.77
43790, 4111.79
43790, 4112.82
43820.7, 4112.82
43820.8, 4115.38
43820.8, 4115.38
43820.9, 4110.26
43851.9, 4110.26
43852, 4115.38
43852.1, 4117.44
43852.1, 4116.92
43884, 4115.38
43884.1, 4111.79
43884.2, 4111.79
43884.2, 4114.36
43914.7, 4114.87
43914.9, 4113.33
43914.9, 4112.82
43914.9, 4114.36
43946.4, 4114.87
43946.5, 4114.36
43946.5, 4117.44
43946.6, 4120
43977.1, 4116.41
43977.2, 4113.33
43977.3, 4111.79
43977.3, 4110.77
44008.9, 4112.82
44009, 4113.33
44009, 4110.77
44009, 4112.31
44039.8, 4112.82
44039.9, 4109.74
44039.9, 4110.26
44039.9, 4113.33
44070.7, 4118.97
44070.8, 4118.46
44070.8, 4112.82
44070.8, 4114.87
44103, 4117.44
44103.1, 4112.82
44103.1, 4113.85
44103.1, 4120.51
44133.9, 4117.44
44134, 4112.82
44134.1, 4115.38
44134.1, 4114.87
44164.7, 4114.87
44164.8, 4116.41
44164.9, 4113.85
44164.9, 4110.26
44195.9, 4112.82
44196, 4115.38
44196, 4113.33
44196.1, 4111.28
44227.7, 4111.28
44227.8, 4113.85
44227.9, 4114.36
44227.9, 4114.36
44258.7, 4113.85
44258.8, 4110.77
44258.8, 4109.23
44258.9, 4111.28
44289.8, 4114.36
44289.9, 4115.38
44290, 4113.85
44290, 4111.28
44321.9, 4111.79
44322, 4114.87
44322.1, 4113.85
44322.1, 4112.82
44353, 4112.31
44353.1, 4112.31
44353.1, 4112.82
44353.1, 4114.87
44384.1, 4115.9
44384.2, 4113.33
44384.2, 4114.36
44384.3, 4118.46
44414.9, 4115.38
44415, 4110.26
44415, 4115.9
44415, 4119.49
44446.9, 4114.36
44447, 4112.31
44447, 4112.31
44447.1, 4113.33
44477.9, 4113.85
44478, 4113.33
44478.1, 4114.36
44478.1, 4115.9
44509.1, 4113.33
44509.2, 4112.82
44509.2, 4115.9
44509.3, 4115.9
44540.3, 4112.82
44540.4, 4112.82
44540.4, 4115.38
44540.5, 4116.41
44572.2, 4115.38
44572.3, 4114.36
44572.4, 4115.9
44572.5, 4115.9
44603.4, 4113.33
44603.5, 4113.85
44603.5, 4115.38
44603.6, 4115.38
44634.1, 4115.38
44634.2, 4113.85
44634.3, 4113.33
44634.3, 4113.33
44666.2, 4109.74
44666.3, 4109.23
44666.3, 4117.44
44666.4, 4123.08
44696.9, 4118.97
44697, 4117.95
44697, 4128.72
44697.1, 4137.44
44727.7, 4137.44
44727.8, 4145.13
44727.8, 4167.69
44727.8, 4180
44758.6, 4182.56
44758.7, 4198.97
44758.7, 4209.74
44758.8, 4200
44790.9, 4198.46
44791.1, 4196.92
44791.1, 4172.31
44791.2, 4147.69
44822, 4141.03
44822.1, 4131.28
44822.1, 4118.46
44822.2, 4111.28
44853, 4102.05
44853, 4090.77
44853.1, 4086.15
44853.1, 4087.69
44885.1, 4088.72, estimuli
44885.2, 4090.26
44885.2, 4092.31
44885.3, 4093.33
44916, 4096.41
44916.1, 4100.51
44916.2, 4101.54
44916.2, 4101.54
44947, 4104.1
44947.1, 4103.08
44947.1, 4101.54
44947.2, 4106.15
44977.9, 4107.69
44978, 4105.64
44978, 4112.31
44978, 4119.49
45010.4, 4113.85
45010.5, 4113.33
45010.5, 4121.54
45010.8, 4114.87
45041.1, 4100
45041.2, 4100.51
45041.3, 4110.26
45041.3, 4121.54
45072, 4128.21
45072.1, 4126.15
45072.2, 4133.85
45072.2, 4130.26
45103, 4098.97
45103.1, 4082.05
45103.1, 4095.38
45103.2, 4121.54
45135, 4134.87
45135.1, 4134.36
45135.1, 4135.9
45135.2, 4126.67
45165.9, 4099.49
45166.1, 4090.26
45166.1, 4102.56
45166.2, 4120.51
45196.8, 4138.97
45196.9, 4138.46
45197, 4130.77
45197, 4125.13
45229.1, 4105.64
45229.3, 4096.92
45229.3, 4109.23
45229.4, 4127.18
45260.2, 4140
45260.3, 4139.49
45260.3, 4136.92
45260.4, 4129.74
45291.1, 4106.67
45291.2, 4093.85
45291.2, 4105.13
45291.3, 4127.69
45321.9, 4144.1
45321.9, 4143.08
45322, 4136.92
45322, 4128.21
45354.1, 4105.64
45354.2, 4094.87
45354.2, 4108.21
45354.3, 4128.21
45384.8, 4142.05
45384.9, 4143.08
45384.9, 4139.49
45384.9, 4127.18
45415.7, 4102.56
45415.8, 4096.41
45415.8, 4110.26
45415.9, 4126.15
45447.7, 4142.05
45447.8, 4147.18
45447.9, 4141.54
45447.9, 4128.72
45479.1, 4107.18
45479.2, 4099.49
45479.2, 4109.74
45479.2, 4127.69
45509.7, 4141.03
45509.7, 4140.51
45509.8, 4137.95
45509.8, 4133.85
45541, 4110.77
45541.1, 4097.44
45541.1, 4113.33
45541.1, 4130.77
45572.9, 4136.92
45573, 4136.41
45573.1, 4137.95
45573.1, 4132.82
45603.9, 4108.21
45604, 4096.41
45604, 4111.28
45604.1, 4131.79
45635, 4140.51
45635.1, 4138.97
45635.1, 4141.03
45635.1, 4133.33
45666.8, 4105.64
45667, 4097.44
45667, 4113.33
45667.1, 4127.69
45697.8, 4137.44
45697.9, 4141.54
45698, 4141.03
45698, 4132.82
45728.9, 4110.77
45729, 4099.49
45729, 4111.79
45729.1, 4130.77
45759.7, 4138.97
45759.8, 4136.41
45759.8, 4138.46
45759.9, 4130.77
45791.8, 4105.64
45791.9, 4098.97
45791.9, 4116.41
45791.9, 4128.21
45823, 4135.9
45823.1, 4140.51
45823.1, 4136.41
45823.2, 4125.64
45854.1, 4109.23
45854.3, 4103.08
45854.4, 4115.38
45854.4, 4134.36
45885.3, 4143.08
45885.4, 4138.46
45885.5, 4135.9
45885.5, 4132.31
45917.1, 4111.28
45917.2, 4098.46
45917.3, 4112.31
45917.3, 4135.9
45947.8, 4145.64
45947.9, 4139.49
45947.9, 4137.44
45948, 4131.28
45979, 4109.23
45979.1, 4100.51
45979.2, 4115.9
45979.2, 4132.31
46011.1, 4141.03
46011.2, 4144.62
46011.3, 4141.03
46011.3, 4124.62
46041.9, 4108.21
46042.1, 4118.46
46042.1, 4128.21
46042.2, 4117.44
46073.1, 4123.08
46073.3, 4137.95
46073.3, 4127.18
46073.4, 4119.49
46103.7, 4129.23
46103.8, 4129.74
46103.8, 4125.64
46103.8, 4128.72
46135.9, 4131.28
46136, 4130.26
46136, 4131.79
46136.1, 4128.72
46166.9, 4123.59
46167, 4126.67
46167.1, 4127.18
46167.1, 4124.62
46197.7, 4125.64
46197.8, 4125.64
46197.9, 4127.18
46197.9, 4129.23
46230, 4129.74
46230.1, 4129.74
46230.1, 4128.72
46230.1, 4126.67
46261, 4126.15
46261.1, 4127.69
46261.2, 4126.67
46261.2, 4125.64
46291.8, 4124.62
46291.9, 4124.62
46291.9, 4125.64
46292, 4127.18
46322.8, 4128.21
46322.9, 4129.74
46322.9, 4128.72
46323, 4125.64
46354.8, 4124.1
46354.9, 4125.13
46354.9, 4129.23
46354.9, 4131.79
46386, 4129.23
46386.1, 4129.23
46386.2, 4131.28
46386.2, 4131.28
46417, 4130.26
46417.1, 4128.72
46417.1, 4127.18
46417.1, 4127.69
46447.8, 4126.15
46447.9, 4125.64
46448, 4130.26
46448, 4130.26
46480.1, 4126.15
46480.2, 4128.21
46480.2, 4131.28
46480.3, 4129.74
46510.9, 4129.23
46511, 4131.79
46511.1, 4131.79
46511.1, 4130.77
46541.9, 4128.21
46542, 4128.72
46542.1, 4131.28
46542.1, 4130.26
46574.2, 4128.21
46574.3, 4128.72
46574.4, 4129.74
46574.4, 4129.23
46605, 4130.26
46605.1, 4132.31
46605.2, 4130.77
46605.2, 4129.23
46635.9, 4129.23
46636, 4128.72
46636.1, 4128.72
46636.1, 4128.21
46666.9, 4126.15
46667, 4128.72
46667.1, 4133.33
46667.1, 4131.79
46698.9, 4128.21
46699.4, 4128.72
46699.4, 4130.26
46699.5, 4129.23
46729.8, 4127.18
46729.9, 4127.69
46730, 4130.26
46730, 4129.23
46761.1, 4128.21
46761.2, 4130.77
46761.2, 4128.21
46761.2, 4125.13
46793, 4131.79
46793, 4136.41
46793.1, 4131.79
46793.1, 4129.74
46823.6, 4131.79
46823.7, 4131.79
46823.8, 4128.21
46823.8, 4126.15
46854.9, 4128.72
46855, 4128.72
46855, 4128.21
46855.1, 4129.23
46886.4, 4127.69
46886.5, 4127.69
46886.6, 4129.74
46886.6, 4127.18
46918, 4125.13
46918.1, 4128.72
46918.2, 4131.28
46918.2, 4128.72
46948.8, 4126.67
46948.9, 4128.21
46949, 4132.31
46949.1, 4131.79
46980, 4126.67
46980.1, 4126.67
46980.1, 4129.74
46980.2, 4129.74
47010.7, 4128.72
47010.8, 4129.23
47010.8, 4128.21
47010.8, 4125.64
47042.9, 4125.64
47043, 4129.23
47043, 4129.23
47043.1, 4123.59
47074, 4123.59
47074.2, 4129.23
47074.2, 4126.67
47074.3, 4123.59
47104.9, 4131.28
47105, 4135.9
47105.1, 4131.28
47105.1, 4131.79
47136.8, 4135.38
47136.9, 4130.26
47137, 4127.18
47137, 4132.31
47168, 4132.82
47168.1, 4129.23
47168.2, 4128.21
47168.2, 4132.31
47199.3, 4132.82
47199.4, 4130.77
47199.4, 4130.26
47199.5, 4130.77
47570.2, 4130.77
47570.3, 4132.31
47570.4, 4132.31
47570.4, 4128.72
47570.5, 4127.18
47570.5, 4131.28
47570.5, 4133.33
47570.6, 4131.79
47570.6, 4133.33
47570.7, 4133.85
47570.7, 4132.82
47570.7, 4130.26
47570.8, 4126.67
47570.8, 4125.13
47570.8, 4124.62
47570.9, 4128.21
47570.9, 4136.41
47570.9, 4142.05
47571, 4144.62
47571, 4148.21
47571, 4149.74
47571.1, 4154.36
47571.1, 4171.79
47571.1, 4187.69
47571.1, 4197.95
47571.2, 4211.79
47571.2, 4220
47571.2, 4225.13
47571.3, 4224.1
47571.3, 4212.82
47571.3, 4207.18
47571.4, 4202.05
47571.4, 4177.95
47571.4, 4154.87
47571.4, 4146.67
47571.5, 4134.36
47571.5, 4118.46
47571.5, 4112.82
47571.6, 4110.77
47571.6, 4106.15
47571.6, 4105.13
47571.6, 4110.77
47571.7, 4112.82
47571.7, 4113.33
47597.8, 4117.44
47598, 4116.92
47598.1, 4114.87
47598.1, 4117.95
47629, 4122.05
47629.2, 4122.56
47629.2, 4120.51
47629.3, 4122.05
47660.1, 4126.67
47660.2, 4124.62
47660.2, 4123.08
47660.3, 4126.67
47691.9, 4125.13
47692, 4123.59
47692, 4124.62
47692.1, 4124.1
47722.8, 4123.59
47723, 4124.62
47723, 4125.64
47723.1, 4125.13
47753.9, 4125.64
47754, 4125.13
47754, 4125.64
47754.1, 4128.21
47785.8, 4128.72
47785.8, 4126.15
47785.9, 4126.67
47785.9, 4129.23
47816.8, 4130.77
47816.9, 4130.26
47816.9, 4129.23
47817, 4128.72
47847.8, 4130.26
47847.9, 4129.23
47848, 4128.21
47848, 4129.74
47880.9, 4132.31
47881.1, 4132.82
47881.2, 4134.87
47881.2, 4136.41
47910.9, 4135.9
47911, 4132.82
47911, 4129.74
47911, 4132.31
47941.8, 4134.36
47941.9, 4133.85
47942, 4134.87
47942, 4133.85
47972.9, 4132.82
47973, 4135.38
47973, 4134.36
47973.1, 4131.79
48004.8, 4135.38
48004.9, 4134.87
48004.9, 4130.26
48005, 4132.31
48036, 4133.33
48036.1, 4131.28
48036.2, 4132.82
48036.2, 4134.87
48066.8, 4132.82
48066.9, 4131.79
48067, 4133.33
48067, 4135.38
48097.8, 4135.9
48097.9, 4133.85
48097.9, 4133.33
48098, 4134.87
48130.5, 4136.41
48130.7, 4136.41
48130.8, 4133.33
48131, 4132.82
48160.9, 4136.41
48161, 4135.38
48161, 4131.28
48161.1, 4132.31
48191.9, 4134.36
48192, 4133.33
48192, 4133.33
48192, 4136.41
48222.7, 4135.9
48222.8, 4133.85
48222.9, 4134.36
48222.9, 4137.44
48254.9, 4136.41
48255, 4131.79
48255, 4132.31
48255, 4136.92
48285.9, 4136.41
48286, 4133.85
48286.1, 4134.87
48286.1, 4136.92
48316.9, 4136.92
48317, 4136.92
48317, 4133.85
48317.1, 4133.33
48348.9, 4136.41
48349.1, 4137.95
48349.1, 4135.38
48349.2, 4134.87
48379.8, 4137.95
48379.9, 4135.9
48379.9, 4134.87
48380, 4139.49
48442.3, 4140.51
48442.4, 4137.44
48442.4, 4134.36
48442.4, 4136.41
48442.5, 4141.03
48442.5, 4140.51
48442.5, 4137.44
48442.6, 4137.44
48473.7, 4138.97
48473.8, 4138.46
48473.9, 4139.49
48473.9, 4139.49
48505, 4135.9
48505.1, 4135.9
48505.1, 4136.41
48505.1, 4136.41
48536, 4136.41
48536.1, 4135.38
48536.2, 4136.41
48536.2, 4138.46
48568.5, 4137.95
48568.6, 4137.44
48568.6, 4137.95
48568.7, 4128.72
48598.8, 4120
48599, 4128.72
48599.1, 4141.03
48599.2, 4144.62
48630, 4147.18
48630.1, 4153.85
48630.1, 4155.38
48630.1, 4157.95
48660.7, 4173.85
48660.8, 4195.38
48660.8, 4208.21
48660.9, 4216.41
48692.9, 4233.33
48693, 4241.54
48693.1, 4229.74
48693.1, 4226.15
48724.1, 4224.62
48724.1, 4197.44
48724.2, 4170.26
48724.2, 4166.15
48755, 4157.95
48755.1, 4141.03
48755.2, 4131.28
48755.3, 4127.18
48786.7, 4124.62
48786.8, 4122.05
48786.8, 4116.92
48786.8, 4118.97
48818, 4129.23, estimuli
48818.1, 4130.26
48818.2, 4123.59
48818.2, 4124.1
48848.9, 4131.28
48849, 4132.31
48849.1, 4130.26
48849.1, 4129.74
48879.7, 4130.26
48879.8, 4130.26
48879.9, 4130.77
48879.9, 4132.31
48912, 4133.85
48912.1, 4133.33
48912.1, 4131.79
48912.1, 4133.33
48943, 4133.85
48943.1, 4135.38
48943.1, 4137.44
48943.2, 4134.87
48974.2, 4138.46
48974.3, 4143.59
48974.3, 4132.31
48974.3, 4116.92
49004.9, 4122.05
49005, 4137.44
49005.1, 4149.23
49005.1, 4150.77
49037, 4152.31
49037.1, 4155.38
49037.2, 4136.92
49037.2, 4113.85
49068, 4111.28
49068.2, 4126.15
49068.2, 4148.72
49068.2, 4158.46
49098.8, 4157.95
49098.9, 4155.38
49098.9, 4136.41
49099, 4112.82
49131, 4115.38
49131.1, 4131.28
49131.2, 4148.72
49131.2, 4160.51
49162.1, 4158.97
49162.2, 4151.79
49162.3, 4133.85
49162.4, 4113.33
49192.8, 4116.92
49192.9, 4132.31
49193, 4148.21
49193, 4157.44
49224.2, 4154.36
49224.6, 4150.77
49224.7, 4136.41
49224.7, 4115.38
49256, 4116.92
49256.2, 4134.87
49256.2, 4151.28
49256.3, 4158.97
49286.9, 4160.51
49287, 4158.97
49287.1, 4138.97
49287.2, 4113.85
49318.2, 4116.92
49318.3, 4134.87
49318.4, 4151.79
49318.4, 4158.97
49349.7, 4156.92
49349.8, 4152.82
49349.8, 4136.41
49349.9, 4116.92
49381, 4121.03
49381.1, 4135.9
49381.1, 4149.74
49381.2, 4157.44
49412, 4156.92
49412.1, 4155.9
49412.2, 4139.49
49412.2, 4116.92
49443, 4121.54
49443.1, 4138.97
49443.1, 4152.31
49443.1, 4160.51
49474.8, 4164.1
49474.9, 4162.05
49474.9, 4142.05
49475, 4118.46
49505.8, 4121.03
49505.9, 4138.97
49505.9, 4152.82
49506, 4156.41
49536.9, 4156.92
49537, 4157.44
49537, 4140.51
49537.1, 4117.44
49567.9, 4121.03
49568, 4140.51
49568.1, 4156.41
49568.1, 4162.56
49600, 4161.03
49600.2, 4158.97
49600.3, 4144.1
49600.3, 4122.05
49630.6, 4122.05
49630.7, 4138.97
49630.8, 4153.85
49630.8, 4160
49661.7, 4158.46
49661.7, 4155.9
49661.8, 4142.05
49661.8, 4118.97
49693.7, 4116.92
49693.8, 4136.92
49693.8, 4155.38
49693.8, 4161.03
49725, 4159.49
49725, 4157.44
49725.1, 4139.49
49725.1, 4118.46
49756, 4122.05
49756.1, 4138.97
49756.1, 4152.31
49756.2, 4161.03
49787.9, 4160.51
49788.2, 4154.87
49788.2, 4141.03
49788.3, 4123.08
49819.1, 4123.59
49819.2, 4138.46
49819.3, 4153.85
49819.3, 4162.56
49850.1, 4162.56
49850.2, 4157.95
49850.3, 4141.03
49850.3, 4122.56
49881.5, 4125.13
49881.5, 4140
49881.6, 4155.9
49881.6, 4163.08
49911.9, 4161.54
49912.1, 4157.95
49912.1, 4143.08
49912.2, 4124.1
49943.9, 4128.72
49944, 4144.1
49944.1, 4154.87
49944.1, 4161.03
49975.1, 4163.08
49975.2, 4158.97
49975.3, 4142.05
49975.3, 4135.9
50006.1, 4148.72
50006.5, 4144.1
50006.5, 4133.85
50006.6, 4149.74
50038.1, 4153.33
50038.2, 4135.9
50038.2, 4138.46
50038.3, 4148.21
50069.2, 4143.59
50069.3, 4143.59
50069.4, 4147.69
50069.4, 4148.21
50100.1, 4147.18
50100.3, 4146.67
50100.3, 4145.13
50100.4, 4145.13
50131, 4146.67
50131.1, 4144.1
50131.2, 4141.03
50131.2, 4143.08
50163.1, 4144.62
50163.2, 4144.62
50163.2, 4144.1
50163.3, 4143.08
50194.1, 4141.54
50194.2, 4142.56
50194.3, 4143.08
50194.3, 4144.1
50225.1, 4147.69
50225.3, 4146.67
50225.3, 4144.1
50225.4, 4145.13
50257.2, 4146.67
50257.3, 4146.15
50257.3, 4146.15
50257.4, 4148.21
50288.2, 4145.64
50288.3, 4142.56
50288.4, 4147.69
50288.4, 4153.85
50319.1, 4151.28
50319.2, 4147.69
50319.2, 4149.74
50319.2, 4149.74
50350.2, 4146.15
50350.3, 4147.18
50350.4, 4147.69
50350.4, 4144.1
50382, 4146.15
50382.1, 4150.26
50382.2, 4149.74
50382.2, 4147.69
50413.1, 4148.72
50413.3, 4148.21
50413.4, 4144.62
50413.4, 4144.62
50444.2, 4147.69
50444.3, 4147.18
50444.3, 4147.18
50444.4, 4148.21
50476.2, 4148.72
50476.3, 4150.26
50476.3, 4149.23
50476.4, 4146.15
50507.1, 4147.18
50507.2, 4149.74
50507.3, 4149.74
50507.3, 4149.23
50538, 4148.21
50538.1, 4147.18
50538.2, 4147.18
50538.2, 4146.67
50569.3, 4148.21
50569.4, 4148.72
50569.5, 4147.18
50569.5, 4150.77
50601.3, 4151.79
50601.4, 4146.15
50601.5, 4145.13
50601.5, 4149.74
50632.2, 4149.23
50632.3, 4147.18
50633.5, 4148.72
50633.6, 4150.77
50663.3, 4148.21
50663.4, 4145.13
50663.4, 4146.67
50663.5, 4146.67
50694.1, 4145.13
50694.2, 4147.18
50694.2, 4146.67
50694.2, 4147.18
50726, 4149.23
50726.1, 4146.15
50726.2, 4143.59
50726.2, 4145.13
50757, 4146.67
50757.1, 4146.67
50757.2, 4147.69
50757.2, 4150.26
50787.9, 4150.26
50788, 4147.18
50788.1, 4145.13
50788.1, 4146.15
50819.6, 4147.69
50819.7, 4147.69
50819.8, 4148.72
50819.8, 4149.23
50851.1, 4146.15
50851.3, 4144.62
50851.3, 4148.72
50851.4, 4152.82
50881.9, 4149.74
50882, 4145.64
50882.1, 4148.21
50882.1, 4151.28
50912.6, 4149.23
50912.7, 4146.67
50912.8, 4148.21
50912.8, 4150.26
50944.9, 4146.15
50945, 4141.54
50945.1, 4143.59
50945.1, 4146.15
50976.4, 4145.13
50976.5, 4144.62
50976.6, 4146.15
50976.7, 4147.18
51006.9, 4145.64
51007, 4145.64
51007.1, 4148.21
51007.2, 4148.21
51038.2, 4147.69
51038.3, 4148.72
51038.3, 4148.72
51038.4, 4148.21
51070.1, 4147.69
51070.2, 4146.67
51070.3, 4147.18
51070.3, 4147.69
51101, 4148.21
51101.1, 4147.69
51101.2, 4148.21
51101.2, 4147.69
51131.8, 4147.18
51131.9, 4148.72
51131.9, 4149.74
51132, 4149.74
51163.8, 4147.69
51163.9, 4144.62
51163.9, 4147.69
51164, 4149.74
51194.7, 4146.15
51194.8, 4145.13
51194.9, 4149.23
51194.9, 4149.23
51226.1, 4147.18
51226.2, 4147.69
51226.2, 4147.69
51226.3, 4151.28
51257.1, 4153.85
51257.3, 4148.72
51257.3, 4146.15
51257.4, 4148.72
51289.2, 4148.21
51289.3, 4144.62
51289.3, 4145.64
51289.4, 4149.74
51319.9, 4150.77
51320, 4145.64
51320, 4145.13
51320.1, 4150.77
51350.8, 4149.23
51350.9, 4142.56
51351, 4144.62
51351, 4147.69
51382.9, 4144.62
51383, 4146.67
51383, 4153.85
51383.1, 4156.92
51413.8, 4156.92
51413.9, 4161.54
51414, 4166.67
51414, 4171.79
51444.8, 4184.1
51444.9, 4198.97
51445, 4212.82
51445, 4225.64
51476.6, 4236.41
51476.7, 4238.97
51476.8, 4239.49
51476.8, 4240
51508, 4233.33
51508.1, 4228.72
51508.2, 4222.05
51508.3, 4201.54
51539.2, 4184.62
51539.3, 4177.44
51539.4, 4155.38
51539.4, 4127.18
51569.9, 4121.03
51570.1, 4127.18
51570.1, 4123.59
51570.2, 4122.05
51602, 4123.08
51602.1, 4122.05
51602.2, 4126.67
51602.2, 4130.77
51633.2, 4129.74
51633.4, 4129.23
51633.4, 4131.28
51633.5, 4132.31
51665, 4133.85
51665.1, 4134.87
51665.2, 4136.41
51665.3, 4139.49
51695.2, 4140
51695.3, 4135.9
51695.4, 4133.33
51695.4, 4137.44
51727, 4142.56
51727.1, 4141.03
51727.2, 4140
51727.2, 4141.54
51758.1, 4140
51758.7, 4136.92
51758.8, 4137.44
51758.9, 4139.49
51789, 4140.51
51789.2, 4140.51
51789.2, 4142.05
51789.3, 4144.62
51820.2, 4146.15
51820.5, 4144.62
51820.5, 4145.64
51820.6, 4146.15
51852.1, 4142.56
51852.2, 4141.03
51852.3, 4143.59
51852.3, 4145.64
51883.2, 4144.62
51883.6, 4142.05
51883.7, 4142.56
51883.8, 4145.13
51914.1, 4147.18
51914.2, 4148.21
51914.2, 4147.18
51914.3, 4146.15
51946.9, 4146.15
51947, 4147.69
51947.1, 4147.69
51947.1, 4148.21
51977.4, 4149.23
51977.6, 4145.13
51977.6, 4143.08
51977.7, 4147.18
52008, 4148.21
52008.1, 4145.13
52008.1, 4143.59
52008.2, 4147.69
52039, 4151.28
52039.1, 4150.77
52039.2, 4149.74
52039.2, 4149.74
52071.5, 4149.23
52071.6, 4149.74
52071.6, 4149.74
52071.7, 4147.18
52102.1, 4147.18
52102.2, 4152.31
52102.3, 4152.31
52102.4, 4148.72
52133, 4150.77
52133.2, 4154.36
52133.2, 4154.36
52133.3, 4152.31
52165, 4149.74
52165.2, 4151.28
52165.2, 4153.85
52165.3, 4152.31
52196, 4152.31
52196.1, 4153.85
52196.2, 4152.31
52196.3, 4154.87
52227.1, 4157.95
52227.2, 4153.33
52227.3, 4149.23
52227.3, 4150.77
52258.1, 4155.38
52258.2, 4155.38
52258.2, 4152.31
52258.2, 4151.79
52290.1, 4153.85
52290.2, 4151.79
52290.2, 4150.26
52290.3, 4152.82
52321, 4152.31
52321.2, 4149.23
52321.2, 4151.28
52321.3, 4152.31
52352.4, 4148.21
52352.5, 4147.69
52352.6, 4152.31
52352.6, 4153.85
52383, 4150.77
52383.1, 4149.23
52383.2, 4151.28
52383.2, 4154.36
52414.9, 4154.36
52415, 4150.77
52415.1, 4148.72
52415.2, 4150.26
52446, 4153.85
52446.2, 4154.87
52446.3, 4154.36
52446.4, 4154.87
52477, 4153.85
52477.2, 4150.77
52477.2, 4149.74
52477.3, 4152.31
52509, 4154.36
52509.1, 4153.85
52509.2, 4152.82
52509.2, 4153.85
52540.1, 4152.82
52540.2, 4148.72
52540.2, 4150.26
52540.3, 4154.87
52571.1, 4153.33
52571.3, 4153.85
52571.3, 4156.41
52571.4, 4153.33
52602.2, 4149.74
52602.2, 4152.82
52602.3, 4155.38
52602.3, 4155.38
52634.4, 4155.38
52634.5, 4153.33
52634.6, 4151.28
52634.6, 4151.28
52664.8, 4152.82
52664.9, 4155.9
52664.9, 4156.41
52665.1, 4152.82
52695.8, 4154.36
52695.9, 4155.9
52695.9, 4148.21
52695.9, 4148.72
52728, 4158.46
52728.1, 4158.46
52728.1, 4150.26
52728.1, 4150.26
52758.9, 4154.36
52759, 4152.82
52759.1, 4150.77
52759.1, 4152.31
52789.9, 4153.33
52790, 4151.79
52790, 4150.77
52790.1, 4152.31
52820.9, 4155.38
52821, 4155.9
52821, 4154.36
52821.1, 4151.79
52852.8, 4152.82
52852.9, 4153.33
52852.9, 4150.77
52853, 4151.79
52883.9, 4157.44
52884, 4157.44
52884.1, 4151.28
52884.1, 4151.79
52914.9, 4155.38
52915, 4152.31
52915, 4150.26
52915.1, 4157.44
52945.6, 4163.08
52945.7, 4162.05
52945.8, 4164.1
52945.8, 4165.13
52978, 4165.13
52978.1, 4172.82
52978.1, 4185.13
52978.2, 4196.92
53008.8, 4208.72
53008.9, 4221.54
53009, 4232.31
53009, 4232.31
53040, 4223.08
53040.1, 4221.54
53040.1, 4222.05
53040.2, 4204.62
53072, 4178.97
53072.1, 4166.67
53072.1, 4162.56
53072.2, 4152.31
53102.8, 4140
53102.8, 4132.31
53102.9, 4135.9
53102.9, 4145.64
53134, 4152.82
53134.1, 4157.44
53134.1, 4157.95
53134.2, 4151.28
53164.8, 4147.69
53164.9, 4151.79
53164.9, 4155.9
53165, 4156.41
53197, 4157.44
53197.1, 4155.38
53197.1, 4152.31
53197.2, 4154.87
53227.7, 4154.87
53227.8, 4151.28
53227.8, 4152.82
53227.8, 4153.85
53259, 4153.33
53259.1, 4156.41
53259.1, 4158.46
53259.2, 4156.92
53290.8, 4156.41
53290.9, 4157.95
53290.9, 4158.46
53290.9, 4156.92
53321.9, 4155.9
53322, 4154.36
53322, 4156.41
53322.1, 4159.49
53352.8, 4157.95
53352.9, 4156.41
53353, 4157.95
53353, 4159.49
53537.5, 4158.97
53537.6, 4159.49
53537.6, 4160
53537.7, 4158.46
53537.8, 4157.95
53537.8, 4158.97
53537.9, 4157.44
53537.9, 4156.92
53538, 4156.92
53538, 4153.85
53538.1, 4153.33
53538.1, 4155.9
53538.2, 4156.41
53538.2, 4155.38
53538.3, 4156.92
53538.3, 4158.97
53538.4, 4160.51
53538.4, 4161.03
53538.5, 4161.54
53538.5, 4162.05
53538.6, 4162.05
53538.6, 4162.05
53538.6, 4160
53538.7, 4159.49
53564.3, 4163.08
53564.5, 4161.03
53564.6, 4155.38
53564.7, 4156.92
53596.1, 4160.51
53596.3, 4158.46
53596.3, 4158.46
53596.3, 4161.03
53627.1, 4158.97
53627.2, 4158.46
53627.2, 4160
53627.3, 4161.03
53658, 4158.46
53658.1, 4156.41
53658.1, 4158.97
53658.1, 4159.49
53688.8, 4157.95
53688.9, 4158.46
53688.9, 4157.44
53689, 4155.9
53720.9, 4157.95
53721, 4160
53721.1, 4157.95
53721.1, 4156.41
53752, 4157.44
53752.1, 4156.41
53752.1, 4154.87
53752.1, 4156.41
53782.8, 4156.92
53782.9, 4156.41
53782.9, 4154.87
53782.9, 4156.41
53814.2, 4159.49
53814.3, 4157.95
53814.3, 4155.9
53814.4, 4158.97
53845.8, 4159.49
53845.9, 4157.95
53845.9, 4160.51
53846, 4161.03
53876.9, 4158.46
53876.9, 4158.97
53877, 4160.51
53877, 4159.49
53907.9, 4157.95
53908, 4158.46
53908, 4155.38
53908.1, 4153.33
53939.9, 4157.44
53940, 4158.97
53940.1, 4158.46
53940.1, 4161.03
53971, 4162.56
53971.1, 4157.95
53971.1, 4157.44
53971.1, 4160.51
54002.2, 4158.97
54002.3, 4159.49
54002.4, 4161.03
54002.4, 4159.49
54054.3, 4159.49
54054.4, 4158.97
54054.4, 4155.9
54054.5, 4157.95
54054.5, 4161.03
54054.6, 4158.46
54054.6, 4156.92
54054.7, 4161.03
54080, 4163.08
54080.1, 4157.44
54080.1, 4154.36
54080.2, 4155.38
54112, 4157.44
54112.1, 4158.97
54112.1, 4158.97
54112.2, 4158.46
54142.8, 4159.49
54142.8, 4160
54142.9, 4157.95
54142.9, 4156.41
54173.7, 4158.46
54173.8, 4160
54173.8, 4160.51
54173.8, 4160
54204.7, 4161.03
54204.8, 4160.51
54204.8, 4157.95
54204.8, 4157.95
54236.9, 4161.54
54237.1, 4158.97
54237.2, 4155.9
54237.2, 4159.49
54268.1, 4160.51
54268.1, 4159.49
54268.2, 4158.46
54268.2, 4156.92
54298.8, 4156.92
54298.9, 4158.46
54299, 4158.97
54299, 4158.97
54330.8, 4157.95
54330.9, 4155.38
54331, 4155.38
54331, 4158.97
54361.8, 4157.44
54361.9, 4149.74
54362, 4148.72
54362, 4154.87
54392.7, 4160.51
54392.8, 4167.18
54392.9, 4172.82
54392.9, 4174.87
54423.7, 4178.46
54423.8, 4189.74
54423.9, 4204.62
54424, 4211.28
54455.8, 4214.87
54455.9, 4229.23
54455.9, 4235.9
54456, 4228.21
54486.7, 4223.59
54486.7, 4216.92
54486.8, 4196.92
54486.8, 4183.08
54518.2, 4179.49
54518.3, 4169.23
54518.4, 4152.31
54518.4, 4141.03
54549.9, 4141.03, estimuli
54550, 4145.64
54550, 4142.56
54550.1, 4140.51
54580.9, 4143.59
54581, 4146.15
54581.1, 4146.67
54581.1, 4145.64
54612, 4150.77
54612, 4154.87
54612.1, 4150.26
54612.1, 4146.15
54643.1, 4150.26
54643.2, 4154.36
54643.2, 4155.38
54643.3, 4152.82
54675, 4152.82
54675.1, 4160.51
54675.1, 4162.05
54675.1, 4150.26
54705.6, 4141.03
54705.7, 4146.15
54705.8, 4160.51
54705.8, 4173.33
54736.8, 4173.33
54736.9, 4171.79
54737, 4169.74
54737, 4147.69
54768, 4126.15
54768.1, 4129.74
54768.1, 4151.28
54768.2, 4172.31
54799.8, 4176.92
54799.9, 4174.87
54800, 4170.77
54800, 4148.21
54830.7, 4128.21
54830.8, 4134.87
54830.8, 4150.77
54830.9, 4168.21
54861.8, 4175.9
54861.9, 4174.87
54861.9, 4172.31
54861.9, 4151.28
54893.8, 4130.77
54893.9, 4135.9
54893.9, 4152.82
54894, 4171.79
54924.8, 4179.49
54924.9, 4176.92
54925, 4173.85
54925, 4151.79
54955.9, 4130.77
54956, 4138.97
54956.1, 4158.46
54956.1, 4173.33
54987.1, 4178.97
54987.2, 4181.03
54987.3, 4175.9
54987.3, 4150.26
55018.9, 4132.31
55019, 4141.54
55019, 4158.97
55019.1, 4175.9
55050, 4182.56
55050.1, 4180.51
55050.1, 4177.44
55050.1, 4156.92
55081.2, 4134.87
55081.2, 4141.03
55081.3, 4159.49
55081.3, 4173.85
55112.6, 4180
55112.7, 4178.46
55112.8, 4171.79
55112.8, 4152.82
55143.9, 4133.33
55144, 4138.97
55144.1, 4158.97
55144.1, 4174.87
55174.9, 4177.44
55175, 4176.92
55175.1, 4174.36
55175.1, 4153.85
55205.9, 4134.36
55206, 4141.54
55206, 4160.51
55206, 4173.85
55237.8, 4177.95
55237.9, 4175.9
55237.9, 4170.77
55238, 4153.33
55269.2, 4136.92
55269.3, 4142.56
55269.4, 4158.46
55269.4, 4173.85
55299.8, 4178.46
55299.9, 4175.9
55300, 4173.33
55300, 4154.36
55330.9, 4136.41
55331, 4145.64
55331, 4164.62
55331, 4177.44
55362.8, 4180
55362.9, 4178.46
55363, 4173.85
55363, 4152.82
55393.8, 4135.9
55393.9, 4143.59
55393.9, 4163.08
55394, 4178.46
55425, 4181.03
55425.1, 4180
55425.1, 4176.92
55425.1, 4154.87
55456.8, 4135.38
55456.9, 4142.56
55457, 4157.95
55457, 4172.82
55488, 4178.97
55488.2, 4176.92
55488.3, 4172.31
55488.3, 4152.82
55519, 4134.87
55519.1, 4142.05
55519.2, 4160
55519.2, 4172.31
55550.1, 4174.36
55550.2, 4177.95
55550.3, 4177.44
55550.3, 4154.87
55582, 4133.33
55582.2, 4143.08
55582.2, 4162.56
55582.2, 4172.82
55612.8, 4175.38
55612.9, 4177.95
55612.9, 4176.41
55613, 4156.41
55643.8, 4135.9
55644, 4144.62
55644.1, 4161.54
55644.2, 4171.28
55676, 4175.9
55676.1, 4175.9
55676.2, 4168.72
55676.2, 4153.85
55706.8, 4150.77
55706.9, 4162.56
55706.9, 4160.51
55706.9, 4157.44
55737.7, 4170.77
55737.8, 4169.23
55737.8, 4157.95
55737.9, 4161.54
55769, 4165.64
55769.1, 4163.59
55769.1, 4161.54
55769.2, 4162.05
55800.9, 4162.56
55801, 4161.54
55801.1, 4160.51
55801.1, 4160.51
55831.9, 4161.03
55832, 4162.56
55832.1, 4162.56
55832.1, 4160
55862.8, 4158.97
55862.9, 4162.05
55862.9, 4164.1
55862.9, 4160.51
55894.9, 4160.51
55894.9, 4164.1
55895, 4163.59
55895, 4159.49
55925.8, 4159.49
55925.9, 4164.62
55925.9, 4164.62
55925.9, 4160.51
55956.8, 4162.05
55956.9, 4165.64
55956.9, 4164.1
55957, 4162.05
55988, 4162.05
55988.1, 4161.54
55988.2, 4161.54
55988.2, 4161.03
56019.9, 4161.54
56020, 4164.1
56020.1, 4162.56
56020.1, 4161.03
56050.9, 4165.64
56051, 4167.69
56051, 4163.08
56051.1, 4164.1
56081.7, 4167.18
56081.8, 4163.08
56081.8, 4160.51
56081.8, 4161.54
56113.1, 4163.59
56113.3, 4163.59
56113.3, 4160.51
56113.4, 4160
56144.7, 4164.1
56144.8, 4165.13
56144.8, 4163.59
56144.9, 4162.56
56175.7, 4161.54
56175.8, 4159.49
56175.9, 4159.49
56176, 4162.05
56207.1, 4162.05
56207.2, 4162.56
56207.3, 4162.56
56207.3, 4159.49
56239, 4159.49
56239.1, 4162.05
56239.1, 4162.56
56239.1, 4163.08
56269.9, 4166.67
56270, 4164.62
56270, 4158.97
56270, 4160.51
56301.3, 4165.13
56301.4, 4162.56
56301.5, 4158.46
56301.5, 4161.03
56332.4, 4163.59
56332.5, 4160.51
56332.5, 4160.51
56332.5, 4166.15
56364.2, 4165.13
56364.2, 4159.49
56364.3, 4159.49
56364.3, 4161.54
56395.1, 4160
56395.2, 4161.03
56395.2, 4161.54
56395.3, 4160
56425.8, 4161.03
56425.9, 4162.05
56425.9, 4160
56425.9, 4160.51
56457.8, 4161.54
56457.9, 4158.97
56457.9, 4158.97
56458, 4161.03
56488.9, 4161.03
56489, 4160
56489, 4160
56489.1, 4160
56520.1, 4160.51
56520.2, 4160
56520.3, 4158.46
56520.3, 4158.46
56552.4, 4158.46
56552.6, 4159.49
56552.6, 4163.08
56552.6, 4163.08
56582.9, 4161.03
56583.1, 4163.59
56583.1, 4166.15
56583.2, 4162.56
56613.8, 4160
56613.9, 4162.05
56613.9, 4162.56
56614, 4161.03
56644.9, 4158.46
56645, 4160
56645, 4162.56
56645.1, 4162.05
56675.7, 4162.56
56675.8, 4162.56
56675.9, 4160.51
56675.9, 4161.03
56708, 4161.03
56708.1, 4157.95
56708.1, 4156.92
56708.2, 4160
56739.1, 4162.05
56739.2, 4160.51
56739.2, 4160
56739.3, 4160.51
56770.2, 4157.44
56770.3, 4156.92
56770.3, 4157.95
56770.3, 4156.92
56802.2, 4156.92
56802.3, 4160.51
56802.3, 4161.54
56802.3, 4158.46
56833.1, 4157.95
56833.2, 4161.54
56833.2, 4162.56
56833.3, 4159.49
56864, 4157.44
56864.1, 4158.46
56864.2, 4157.44
56864.2, 4156.92
56894.9, 4159.49
56895, 4158.46
56895, 4153.85
56895.1, 4154.87
56927.1, 4156.41
56927.2, 4156.41
56927.3, 4154.87
56927.3, 4156.92
56957.9, 4160.51
56958, 4157.95
56958, 4157.44
56958.1, 4160
56988.9, 4160
56989, 4162.56
56989, 4163.59
56989, 4159.49
57020.8, 4158.97
57020.9, 4159.49
57021, 4155.38
57021, 4156.92
57051.9, 4161.03
57052, 4157.95
57052.1, 4155.9
57052.1, 4158.46
57082.9, 4158.97
57083.1, 4157.95
57083.1, 4156.92
57083.1, 4155.38
57113.9, 4156.41
57114, 4157.44
57114, 4156.41
57114.1, 4155.38
57146, 4158.46
57146.1, 4160
57146.2, 4158.46
57146.2, 4157.44
57176.9, 4158.97
57177, 4156.41
57177.1, 4154.36
57177.1, 4158.97
57208, 4161.03
57208.1, 4156.92
57208.2, 4152.31
57208.2, 4154.36
57238.8, 4157.44
57238.9, 4155.9
57239, 4154.87
57239, 4155.9
57270.7, 4158.46
57270.8, 4162.05
57270.8, 4162.05
57270.9, 4158.46
57301.9, 4156.92
57302, 4156.92
57302.1, 4150.77
57302.1, 4147.18
57333.3, 4154.87
57333.4, 4164.62
57333.4, 4164.62
57333.5, 4166.15
57364.8, 4172.82
57364.9, 4177.95
57364.9, 4180
57365, 4188.21
57395.8, 4204.62
57395.9, 4215.9
57396, 4214.87
57396, 4211.79
57426.8, 4206.15
57426.9, 4198.97
57426.9, 4194.36
57426.9, 4182.05
57457.9, 4167.18
57458, 4165.13
57458.1, 4161.54
57458.1, 4148.21
57489.9, 4144.1
57490, 4148.72
57490.1, 4144.62
57490.1, 4141.54
57520.8, 4147.18
57520.8, 4150.77
57520.9, 4151.79
57520.9, 4151.79
57552, 4152.31, estimuli
57552.2, 4151.28
57552.2, 4149.74
57552.3, 4152.31
57582.9, 4157.44
57583.2, 4158.46
57583.2, 4154.36
57583.3, 4153.33
57614.9, 4154.87
57615, 4157.44
57615.1, 4158.97
57615.1, 4156.92
57645.8, 4156.92
57645.9, 4160.51
57646, 4158.46
57646, 4153.33
57677.1, 4157.44
57677.2, 4158.46
57677.3, 4157.95
57677.3, 4160.51
57708.9, 4149.23
57709, 4135.9
57709, 4143.59
57709.1, 4162.05
57740, 4172.82
57740.1, 4170.77
57740.2, 4175.38
57740.2, 4176.41
57771, 4153.33
57771.2, 4132.31
57771.2, 4132.82
57771.3, 4151.28
57803.2, 4171.79
57803.3, 4177.95
57803.3, 4178.46
57803.4, 4170.77
57833.9, 4147.69
57834, 4131.28
57834.1, 4137.95
57834.1, 4154.36
57864.8, 4173.85
57864.9, 4181.03
57864.9, 4178.46
57864.9, 4171.79
57895.9, 4147.69
57896, 4131.28
57896.1, 4138.97
57896.1, 4154.87
57927.8, 4174.87
57927.9, 4181.03
57928, 4175.9
57928, 4171.28
57958.9, 4152.31
57959, 4133.33
57959, 4138.46
57959, 4154.36
57990, 4171.79
57990.1, 4181.03
57990.1, 4177.95
57990.2, 4171.79
58020.9, 4151.79
58021, 4132.82
58021, 4138.46
58021.1, 4155.38
58052.8, 4172.82
58052.9, 4180.51
58052.9, 4180.51
58053, 4177.44
58083.7, 4152.31
58083.8, 4130.26
58083.8, 4139.49
58083.9, 4160
58114.9, 4174.87
58115, 4180.51
58115, 4181.54
58115, 4176.92
58145.7, 4150.77
58145.8, 4130.26
58145.8, 4144.1
58145.9, 4165.64
58178, 4178.97
58178.1, 4182.56
58178.1, 4178.97
58178.2, 4173.33
58208.8, 4154.87
58208.9, 4136.92
58208.9, 4141.03
58209, 4158.46
58240, 4173.33
58240.1, 4176.92
58240.1, 4178.46
58240.2, 4174.87
58272.2, 4151.28
58272.3, 4132.31
58272.4, 4140
58272.4, 4158.46
58302.7, 4172.82
58302.7, 4176.92
58302.8, 4177.44
58302.8, 4173.85
58333.7, 4153.85
58333.8, 4135.38
58333.9, 4142.56
58333.9, 4162.56
58364.7, 4176.92
58364.8, 4177.44
58364.8, 4175.9
58365, 4176.92
58397, 4158.46
58397.1, 4135.38
58397.2, 4141.54
58397.3, 4164.62
58428, 4177.95
58428.1, 4177.95
58428.2, 4178.46
58428.2, 4175.38
58458.8, 4153.85
58458.9, 4136.92
58458.9, 4143.59
58459, 4160
58490.9, 4172.82
58491.1, 4176.41
58491.1, 4176.41
58491.2, 4171.28
58521.9, 4149.23
58522.1, 4131.28
58522.2, 4138.97
58522.2, 4157.44
58552.8, 4173.33
58553, 4177.44
58553, 4173.33
58553, 4172.82
58583.8, 4157.95
58583.8, 4137.95
58583.9, 4142.05
58583.9, 4163.08
58615.8, 4176.92
58615.9, 4175.9
58615.9, 4176.41
58615.9, 4177.44
58646.7, 4154.87
58646.8, 4132.82
58646.8, 4141.54
58646.8, 4157.95
58677.8, 4169.74
58677.8, 4175.9
58677.9, 4174.36
58677.9, 4164.62
58708.8, 4147.69
58708.9, 4148.21
58708.9, 4162.05
58709, 4156.41
58740.9, 4153.85
58741, 4169.74
58741, 4168.21
58741.1, 4155.38
58772, 4158.46
58772.1, 4162.56
58772.2, 4160
58772.3, 4159.49
58803.2, 4161.54
58803.3, 4161.03
58803.4, 4161.03
58803.4, 4160
58835, 4158.97
58835.1, 4160.51
58835.2, 4163.08
58835.2, 4162.05
58865.6, 4161.03
58865.7, 4162.05
58865.7, 4162.05
58865.7, 4162.56
58896.7, 4163.59
58896.8, 4161.54
58896.8, 4160.51
58896.8, 4162.05
58927.8, 4161.03
58927.8, 4161.54
58927.9, 4162.05
58927.9, 4158.97
58959.6, 4158.46
58959.7, 4158.97
58959.8, 4157.44
58959.8, 4160
58991.1, 4162.05
58991.1, 4159.49
58991.2, 4158.46
58991.2, 4162.05
59022.2, 4161.03
59022.4, 4159.49
59022.4, 4162.56
59022.4, 4161.54
59053.7, 4157.95
59053.8, 4160.51
59053.8, 4161.54
59053.8, 4158.97
59085, 4159.49
59085.1, 4160.51
59085.2, 4160
59085.2, 4162.05
59115.8, 4164.62
59115.9, 4162.56
59116, 4161.03
59116, 4164.1
59146.8, 4162.56
59147, 4156.92
59147, 4156.41
59147, 4161.03
59178.9, 4163.08
59179, 4160
59179, 4158.46
59179.1, 4163.59
59210.1, 4164.62
59210.2, 4158.97
59210.2, 4157.95
59210.2, 4161.03
59240.9, 4158.97
59241, 4157.95
59241, 4162.05
59241.1, 4161.54
59273, 4158.97
59273.1, 4162.05
59273.2, 4162.05
59273.2, 4160.51
59303.8, 4162.56
59303.8, 4163.08
59303.9, 4161.03
59303.9, 4158.97
59334.9, 4161.54
59335, 4164.1
59335, 4161.03
59335.1, 4156.41
59365.7, 4158.46
59365.8, 4161.03
59365.8, 4157.44
59365.9, 4156.92
59397.8, 4160.51
59397.9, 4160.51
59397.9, 4159.49
59398, 4160
59429.3, 4158.46
59429.4, 4159.49
59429.4, 4161.54
59429.5, 4160
59459.7, 4159.49
59459.8, 4161.03
59459.9, 4162.05
59459.9, 4159.49
59491.9, 4158.97
59492, 4161.03
59492.1, 4160
59492.1, 4157.44
59522.7, 4158.97
59522.8, 4159.49
59522.8, 4156.92
59522.9, 4157.44
59553.8, 4160
59553.9, 4160
59553.9, 4156.41
59554, 4156.41
59585.2, 4157.95
59585.3, 4156.92
59585.3, 4157.44
59585.4, 4158.97
59617, 4160
59617.2, 4159.49
59617.2, 4156.92
59617.2, 4157.44
59647.8, 4161.54
59647.9, 4161.54
59647.9, 4156.41
59648, 4155.38
59678.8, 4157.44
59678.9, 4156.41
59679, 4158.97
59679, 4162.56
59709.9, 4157.44
59710.1, 4152.31
59710.1, 4153.33
59710.2, 4157.95
59742.2, 4160.51
59742.3, 4155.9
59742.3, 4155.38
59742.4, 4160.51
59773, 4161.54
59773.1, 4156.92
59773.2, 4155.38
59773.3, 4160.51
59803.8, 4162.56
59803.8, 4161.03
59803.9, 4159.49
59803.9, 4157.95
59836.1, 4157.44
59836.3, 4157.44
59836.3, 4155.9
59836.4, 4157.44
59866.8, 4162.56
59867, 4162.05
59867.1, 4158.97
59867.1, 4158.97
59897.8, 4159.49
59897.9, 4158.46
59897.9, 4157.95
59897.9, 4157.95
59928.7, 4158.46
59928.8, 4158.97
59928.8, 4157.44
59928.9, 4155.9
59960.7, 4155.9
59960.8, 4155.38
59960.8, 4156.92
59960.9, 4156.92
59991.9, 4155.9
59992, 4156.92
59992.1, 4156.41
59992.1, 4155.38
60023, 4155.38
60023, 4156.41
60023.1, 4158.97
60023.1, 4160.51
60055.3, 4160
60055.7, 4157.95
60055.8, 4154.36
60055.9, 4153.85
60085.9, 4157.44
60086, 4158.46
60086.1, 4156.92
60086.1, 4157.95
60117, 4160
60117.1, 4157.44
60117.1, 4156.41
60117.2, 4158.97
60148.8, 4158.97
60148.9, 4156.92
60149, 4154.87
60149, 4154.87
60180, 4156.92
60180.1, 4158.97
60180.2, 4158.97
60180.2, 4160
60211, 4158.46
60211.2, 4156.92
60211.3, 4157.95
60211.3, 4157.44
60243.1, 4157.44
60243.2, 4157.95
60243.3, 4158.46
60243.3, 4158.46
60274.1, 4159.49
60274.3, 4161.54
60274.3, 4159.49
60274.4, 4156.41
60305.2, 4155.9
60305.3, 4155.9
60305.4, 4155.38
60305.5, 4157.44
60336.2, 4161.03
60336.3, 4158.46
60336.3, 4156.41
60336.4, 4158.46
60367.2, 4157.44
60367.4, 4156.92
60367.4, 4158.97
60367.5, 4155.9
60399.1, 4153.33
60399.2, 4156.41
60399.3, 4157.95
60399.3, 4157.95
60430.1, 4157.95
60430.2, 4158.46
60430.3, 4158.46
60430.4, 4156.92
60461.1, 4157.95
60461.2, 4158.97
60461.3, 4157.95
60461.3, 4155.9
60492.2, 4155.38
60492.3, 4157.95
60492.4, 4156.92
60492.4, 4153.85
60524.2, 4155.9
60524.3, 4158.97
60524.3, 4157.95
60524.4, 4156.92
60555.2, 4158.97
60555.3, 4158.46
60555.3, 4157.44
60555.4, 4156.41
60586.1, 4154.36
60586.4, 4155.9
60586.5, 4157.95
60586.5, 4156.41
60618.1, 4157.44
60618.3, 4159.49
60618.3, 4156.92
60618.4, 4155.38
60649.1, 4157.95
60649.3, 4156.92
60649.3, 4156.92
60649.4, 4156.92
60680.3, 4155.9
60680.4, 4156.92
60680.5, 4158.97
60680.5, 4158.97
60711.1, 4154.87
60711.2, 4154.87
60711.3, 4157.95
60711.4, 4160
60743, 4158.46
60743.1, 4156.41
60743.2, 4156.41
60743.2, 4155.9
61272, 4155.38
61272.2, 4154.36
61272.2, 4157.44
61272.3, 4162.05
61272.4, 4159.49
61272.4, 4155.38
61272.5, 4157.95
61272.6, 4160
61272.6, 4159.49
61272.7, 4159.49
61272.7, 4161.03
61272.9, 4158.46
61272.9, 4155.38
61273, 4157.44
61273.2, 4159.49
61273.2, 4157.95
61273.3, 4155.9
61273.3, 4152.31
61273.4, 4151.28
61273.4, 4156.92
61273.4, 4163.08
61273.5, 4166.67
61273.5, 4167.18
61273.6, 4167.18
61273.6, 4173.33
61273.7, 4180
61273.7, 4182.56
61273.8, 4185.13
61273.8, 4196.92
61273.9, 4213.85
61273.9, 4221.54
61273.9, 4217.95
61274, 4213.85
61274, 4221.03
61274.1, 4222.05
61274.1, 4204.1
61274.2, 4191.28
61274.2, 4186.67
61274.3, 4168.72
61274.3, 4149.23
61274.3, 4142.05
61274.4, 4136.92
61274.4, 4131.28
61274.5, 4131.28
61274.5, 4134.36
61274.6, 4136.41
61274.6, 4136.92
61274.7, 4138.97
61274.7, 4140.51
61274.7, 4141.54
61274.8, 4143.59
61274.8, 4142.56
61274.8, 4143.59
61274.9, 4147.18
61274.9, 4147.18
61274.9, 4147.18
61275, 4149.74
61275, 4151.28
61275, 4152.82
61275.1, 4154.87
61275.1, 4152.31
61275.1, 4152.31
61275.1, 4154.87
61275.2, 4153.85
61298, 4153.85
61298.1, 4158.46
61298.2, 4158.97
61298.2, 4153.85
61329.1, 4156.41, estimuli
61329.2, 4160.51
61329.3, 4158.46
61329.3, 4155.38
61360.9, 4154.87
61361, 4155.9
61361.1, 4158.46
61361.1, 4160.51
61391.9, 4155.9
61392.1, 4155.38
61392.2, 4159.49
61392.2, 4158.46
61423, 4156.41
61423.1, 4157.44
61423.2, 4158.97
61423.2, 4160
61453.8, 4157.95
61453.9, 4157.44
61454, 4156.92
61454, 4156.41
61485.8, 4162.05
61485.9, 4167.69
61486, 4157.95
61486, 4142.56
61516.9, 4143.59
61517, 4161.54
61517.1, 4176.92
61517.2, 4174.87
61548.3, 4176.92
61548.4, 4180.51
61548.5, 4158.46
61548.5, 4133.85
61579.8, 4134.87
61579.9, 4155.38
61579.9, 4177.44
61580, 4181.54
62123.1, 4180
62123.2, 4177.44
62123.2, 4155.38
62123.2, 4133.85
62123.3, 4140
62123.3, 4154.36
62123.3, 4171.79
62123.4, 4183.59
62123.4, 4183.08
62123.4, 4178.46
62123.5, 4155.38
62123.5, 4132.82
62123.5, 4138.97
62123.5, 4157.95
62123.6, 4175.9
62123.6, 4182.05
62123.6, 4181.03
62123.7, 4180
62123.7, 4155.9
62123.7, 4131.28
62123.8, 4142.05
62123.8, 4161.54
62123.8, 4174.36
62123.8, 4179.49
62123.9, 4177.95
62123.9, 4174.36
62123.9, 4154.36
62124, 4133.33
62124, 4138.46
62124, 4158.46
62124.1, 4174.36
62124.1, 4178.46
62124.2, 4177.95
62124.2, 4175.9
62124.2, 4155.38
62124.3, 4131.79
62124.3, 4138.46
62124.3, 4160.51
62124.4, 4174.36
62124.4, 4178.97
62124.4, 4180.51
62124.4, 4176.41
62124.5, 4154.87
62124.5, 4136.92
62124.5, 4145.64
62124.6, 4163.59
62124.6, 4175.9
62124.6, 4177.95
62124.6, 4179.49
62124.7, 4178.46
62124.7, 4160
62124.7, 4139.49
62124.8, 4141.03
62124.8, 4157.95
62124.8, 4174.36
62124.8, 4178.46
62124.9, 4177.95
62124.9, 4176.41
62125, 4156.92
62125, 4133.85
62125.1, 4136.92
62125.2, 4156.92
62125.2, 4172.82
62125.3, 4176.41
62125.3, 4174.87
62125.4, 4178.46
62125.4, 4161.03
62125.5, 4134.87
62125.5, 4141.03
62125.6, 4160
62125.6, 4172.31
62125.7, 4180
62150, 4182.05
62150.1, 4173.85
62150.2, 4152.31
62150.2, 4137.44
62182.1, 4144.62
62182.3, 4161.03
62182.3, 4175.38
62182.4, 4180
62213.2, 4181.54
62213.3, 4179.49
62213.3, 4155.9
62213.4, 4133.33
62243.8, 4143.59
62244, 4164.1
62244, 4175.38
62244.1, 4178.97
62274.7, 4182.05
62274.8, 4179.49
62274.8, 4155.38
62274.9, 4134.87
62306.8, 4144.62
62306.9, 4166.15
62307, 4176.41
62307, 4176.41
62337.7, 4180
62337.8, 4182.05
62337.8, 4159.49
62337.9, 4135.9
62369.1, 4144.62
62369.2, 4165.64
62369.2, 4175.9
62369.3, 4176.92
62401.1, 4181.03
62401.3, 4178.97
62401.3, 4154.87
62401.4, 4136.41
62431.8, 4147.18
62431.9, 4160
62431.9, 4170.77
62431.9, 4180.51
62462.9, 4180
62463, 4170.26
62463, 4155.9
62463.1, 4154.36
62493.9, 4168.21
62494, 4163.08
62494, 4153.33
62494.1, 4168.72
62526, 4172.31
62526.1, 4158.97
62526.1, 4161.03
62526.2, 4165.13
62556.7, 4164.1
62556.8, 4163.59
62556.9, 4162.56
62556.9, 4163.59
62588.1, 4165.13
62588.2, 4164.62
62588.2, 4165.13
62588.3, 4165.64
63271.1, 4164.62
63271.2, 4163.59
63271.2, 4162.56
63271.3, 4161.03
63271.3, 4163.08
63271.4, 4166.67
63271.4, 4163.59
63271.5, 4162.05
63271.5, 4165.13
63271.5, 4165.13
63271.6, 4162.05
63271.6, 4164.1
63271.7, 4166.67
63271.7, 4164.62
63271.8, 4162.56
63271.8, 4163.08
63271.9, 4162.56
63271.9, 4161.54
63272, 4161.54
63272.1, 4161.54
63272.1, 4160
63272.2, 4160
63272.2, 4161.03
63272.3, 4163.08
63272.3, 4163.08
63272.4, 4163.59
63272.4, 4165.64
63272.4, 4166.67
63272.5, 4163.59
63272.5, 4159.49
63272.6, 4157.44
63272.6, 4156.41
63272.7, 4157.44
63272.7, 4161.54
63272.8, 4162.56
63272.8, 4162.05
63272.9, 4161.54
63272.9, 4160.51
63273, 4166.15
63273.1, 4169.74
63273.1, 4165.13
63273.2, 4163.08
63273.2, 4164.1
63273.2, 4161.54
63273.3, 4161.03
63273.3, 4161.03
63273.4, 4161.54
63273.4, 4165.13
63273.5, 4164.62
63273.5, 4161.54
63273.6, 4163.08
63273.6, 4167.18
63273.6, 4166.67
63273.7, 4163.59
63273.7, 4162.05
63273.8, 4162.56
63274.1, 4163.59
63274.9, 4163.59
63275, 4167.69
63275, 4171.28
63275, 4167.18
63275.1, 4162.56
63275.2, 4163.08
63275.2, 4164.1
63275.3, 4163.08
63275.3, 4162.56
63275.4, 4165.13
63275.4, 4166.15
63275.5, 4164.62
63275.5, 4165.13
63275.6, 4164.62
63275.6, 4164.1
63275.7, 4165.13
63275.7, 4163.08
63275.8, 4162.05
63275.8, 4163.08
63275.9, 4162.56
63275.9, 4161.54
63276, 4162.56
63276, 4162.05
63276.1, 4160.51
63276.1, 4162.56
63276.2, 4161.54
63276.2, 4159.49
63292, 4161.54
63292.1, 4165.13
63292.1, 4164.62
63292.1, 4163.59
63323, 4163.08
63323.1, 4163.08
63323.2, 4161.03
63323.2, 4160
63354.9, 4161.03
63355, 4162.05
63355.1, 4163.59
63355.1, 4164.62
63386.1, 4162.56
63386.2, 4161.03
63386.2, 4161.54
63386.2, 4163.08
63417.2, 4165.13
63417.3, 4163.08
63417.4, 4161.54
63417.4, 4166.15
63447.9, 4167.18
63448, 4164.1
63448.1, 4162.05
63448.1, 4163.08
63479.9, 4164.62
63480, 4164.1
63480, 4164.1
63480.1, 4164.62
63510.8, 4165.64
63510.9, 4160.51
63511, 4157.95
63511, 4162.05
63541.8, 4163.59
63541.9, 4164.1
63541.9, 4166.15
63541.9, 4165.13
63573.2, 4162.56
63573.3, 4163.59
63573.4, 4164.1
63573.4, 4162.05
63605, 4160.51
63605.1, 4163.08
63605.1, 4162.56
63605.2, 4159.49
63636.7, 4162.05
63636.8, 4162.56
63636.9, 4159.49
63637, 4159.49
63666.9, 4162.05
63667, 4162.56
63667.1, 4160.51
63667.1, 4161.54
63698.8, 4162.56
63698.9, 4160.51
63698.9, 4160
63698.9, 4163.59
64159.6, 4164.1
64159.7, 4158.97
64159.7, 4158.46
64159.9, 4163.59
64160, 4163.59
64160, 4158.97
64160.1, 4158.97
64160.1, 4164.1
64160.2, 4166.67
64160.2, 4162.56
64160.3, 4159.49
64160.3, 4163.59
64160.4, 4164.62
64160.4, 4160.51
64160.5, 4161.54
64160.6, 4163.08
64160.6, 4161.54
64160.7, 4164.1
64160.7, 4164.62
64160.8, 4161.54
64160.8, 4162.56
64160.9, 4164.1
64160.9, 4163.08
64161, 4162.05
64161, 4161.54
64161.1, 4160.51
64161.1, 4161.03
64161.2, 4159.49
64161.2, 4161.54
64161.3, 4166.67
64161.3, 4162.05
64161.4, 4157.44
64161.4, 4162.05
64161.5, 4161.54
64161.5, 4157.95
64161.6, 4163.59
64161.6, 4166.67
64161.7, 4161.03
64161.7, 4160
64161.8, 4163.08
64161.8, 4161.54
64161.9, 4161.54
64161.9, 4165.13
64162, 4162.56
64162, 4160.51
64162.1, 4164.62
64162.1, 4166.15
64162.2, 4165.13
64162.2, 4164.62
64162.3, 4166.15
64162.3, 4164.62
64162.4, 4158.97
64162.4, 4160
64162.5, 4165.64
64162.5, 4163.08
64162.6, 4157.44
64162.6, 4158.97
64162.7, 4162.05
64162.7, 4160.51
64162.8, 4161.03
64183.1, 4160.51
64183.2, 4158.97
64183.3, 4160
64183.3, 4159.49
64215.2, 4159.49
64215.2, 4162.05
64215.3, 4162.05
64215.3, 4162.05
64245.7, 4162.56
64245.8, 4162.05
64245.9, 4162.05
64245.9, 4160.51
64277, 4160.51
64277.1, 4162.56
64277.1, 4163.08
64277.2, 4163.59
64308.8, 4164.1
64308.9, 4164.62
64309, 4165.64
64309, 4165.64
64339.9, 4163.59
64340, 4164.62
64340, 4165.13
64340.1, 4162.56
64371, 4161.54
64371.1, 4164.62
64371.1, 4163.08
64371.2, 4158.46
64402, 4161.03
64402, 4163.59
64402.1, 4161.03
64402.1, 4162.05
64434, 4167.18
64434.1, 4166.15
64434.2, 4162.05
64434.2, 4162.05
64465.1, 4162.05
64465.2, 4163.59
64465.3, 4165.64
64465.4, 4161.54
64495.8, 4160
64495.9, 4161.03
64495.9, 4158.97
64496, 4162.05
64527.8, 4164.1
64527.9, 4162.05
64527.9, 4165.13
64528, 4168.21
65014.2, 4163.08
65014.3, 4160.51
65014.3, 4165.64
65014.3, 4164.62
65014.4, 4158.46
65014.4, 4160.51
65014.5, 4164.62
65014.5, 4163.59
65014.6, 4162.05
65014.6, 4162.05
65014.6, 4163.59
65014.7, 4165.64
65014.7, 4165.64
65014.8, 4163.08
65014.8, 4161.54
65014.8, 4162.05
65014.9, 4164.62
65014.9, 4166.15
65015, 4164.1
65015, 4162.56
65015, 4162.05
65015.1, 4163.59
65015.1, 4163.59
65015.2, 4161.03
65015.2, 4158.97
65015.2, 4160
65015.3, 4163.59
65015.3, 4163.08
65015.4, 4162.05
65015.4, 4163.59
65015.4, 4163.08
65015.5, 4161.03
65015.5, 4161.03
65015.5, 4162.56
65015.6, 4162.56
65015.6, 4162.05
65015.7, 4163.08
65015.7, 4162.56
65015.7, 4162.05
65015.8, 4163.08
65015.8, 4162.56
65015.9, 4161.03
65015.9, 4160
65015.9, 4160.51
65016, 4160.51
65016, 4160.51
65016.1, 4162.05
65016.1, 4160.51
65016.1, 4159.49
65016.2, 4159.49
65016.2, 4158.97
65016.2, 4160
65016.3, 4160
65016.3, 4157.95
65016.4, 4160
65016.4, 4164.62
65016.4, 4164.1
65016.6, 4160.51
65016.6, 4159.49
65016.6, 4159.49
65043.9, 4161.03
65044, 4162.05
65044, 4158.97
65044, 4160
65075, 4164.1
65075.1, 4162.05
65075.1, 4160
65075.2, 4162.56
65106.2, 4162.56
65106.5, 4163.08
65106.6, 4165.64
65106.6, 4164.62
65137.2, 4160.51
65137.3, 4162.56
65137.4, 4166.67
65137.4, 4162.56
65169, 4156.92
65169.1, 4159.49
65169.1, 4164.1
65169.1, 4163.08
65202.8, 4157.95
65203, 4156.41
65203, 4161.54
65203.1, 4164.1
65231, 4160.51
65231.1, 4159.49
65231.1, 4162.05
65231.1, 4163.59
65262.8, 4163.08
65262.8, 4161.54
65262.9, 4160
65262.9, 4160
65293.7, 4161.54
65293.8, 4162.56
65293.8, 4161.54
65293.9, 4159.49
65325.1, 4158.46
65325.2, 4160
65325.3, 4161.54
65325.4, 4160.51
65355.8, 4161.03
65355.9, 4163.08
65355.9, 4163.59
65356, 4163.08
65387.8, 4162.05
65387.9, 4161.54
65387.9, 4162.56
65388, 4164.62
65418.9, 4165.13
65419, 4162.05
65419, 4160.51
65419.1, 4161.54
65450.1, 4162.05
65450.3, 4160.51
65450.3, 4158.97
65450.4, 4161.03
65480.6, 4163.08
65480.8, 4165.13
65480.8, 4166.15
65480.8, 4166.15
65512.7, 4165.64
65512.8, 4162.56
65512.8, 4160
65512.9, 4163.08
65544, 4165.13
65544.2, 4161.03
65544.2, 4160
65544.3, 4160.51
65574.7, 4160
65574.8, 4161.03
65574.8, 4162.05
65574.9, 4160.51
65606.9, 4158.97
65607, 4160.51
65607.1, 4161.03
65607.1, 4161.03
65637.8, 4162.56
65637.9, 4162.56
65637.9, 4161.03
65638, 4162.56
65668.9, 4164.1
65669, 4161.03
65669.1, 4158.46
65669.1, 4162.56
65699.7, 4162.56
65699.8, 4157.95
65699.9, 4159.49
65700.1, 4160.51
65731.8, 4158.46
65731.9, 4160.51
65731.9, 4162.56
65732, 4161.03
65763.2, 4158.46
65763.3, 4157.95
65763.4, 4157.44
65763.4, 4157.95
65793.9, 4160
65794, 4160
65794, 4157.95
65794.1, 4160
65825.9, 4159.49
65826, 4156.41
65826, 4158.46
65826, 4162.05
65856.9, 4159.49
65857, 4158.46
65857, 4161.54
65857, 4160.51
65887.8, 4158.46
65887.8, 4160.51
65887.9, 4159.49
65887.9, 4156.92
65919, 4158.46
65919.1, 4161.03
65919.1, 4161.54
65919.1, 4162.05
65950.9, 4161.54
65951, 4158.97
65951, 4158.46
65951.1, 4162.05
65982.8, 4160
65983, 4157.95
65983.2, 4159.49
65983.9, 4160
66013, 4159.49
66013.1, 4160
66013.2, 4158.46
66013.2, 4157.44
66043.8, 4158.46
66043.9, 4160
66044, 4160
66044, 4160.51
66075.8, 4162.05
66075.9, 4159.49
66076, 4156.41
66076, 4158.97
66106.9, 4161.54
66107, 4160.51
66107, 4157.44
66107.1, 4157.44
66137.7, 4160
66137.8, 4160
66137.8, 4157.44
66137.8, 4156.41
66170, 4158.46
66170.2, 4160
66170.2, 4158.46
66170.3, 4155.9
66200.9, 4155.38
66201, 4156.92
66201.1, 4157.44
66201.1, 4155.38
66231.7, 4156.41
66231.8, 4158.97
66231.9, 4157.95
66231.9, 4156.92
66262.7, 4158.46
66262.8, 4161.54
66262.9, 4159.49
66262.9, 4153.85
66294.7, 4156.41
66294.8, 4158.97
66294.8, 4154.36
66294.8, 4155.9
66325.8, 4161.54
66325.9, 4157.95
66326, 4154.87
66326.1, 4160
66356.9, 4160
66357, 4156.41
66357, 4160
66357.1, 4163.59
66389, 4159.49
66389.2, 4156.41
66389.2, 4156.41
66389.3, 4156.92
66420.2, 4158.97
66420.3, 4160.51
66420.4, 4161.03
66420.4, 4158.97
66450.8, 4156.41
66450.9, 4157.44
66450.9, 4159.49
66451, 4160
66482, 4159.49
66482.1, 4160
66482.1, 4156.41
66482.2, 4153.85
66513.7, 4160
66513.8, 4161.03
66513.9, 4155.9
66513.9, 4157.44
66544.9, 4158.46
66544.9, 4156.41
66545.1, 4158.46
66545.1, 4161.03
66576, 4158.46
66576.1, 4157.44
66576.2, 4158.97
66576.3, 4158.46
66608, 4155.38
66608.1, 4153.33
66608.1, 4155.9
66608.2, 4157.95
66638.8, 4157.44
66638.8, 4154.87
66638.9, 4155.38
66638.9, 4157.44
66669.9, 4155.9
66670, 4153.85
66670, 4157.44
66670.1, 4160
66700.7, 4155.38
66700.8, 4153.85
66700.9, 4157.44
66701, 4155.9
66732.6, 4157.95
66732.7, 4161.03
66732.7, 4155.9
66732.8, 4155.9
66763.6, 4158.97
66763.7, 4155.38
66763.7, 4153.33
66763.8, 4156.41
66795, 4153.33
66795.2, 4152.82
66795.2, 4160
66795.3, 4160.51
66825.8, 4162.56
66825.9, 4172.31
66826, 4171.28
66826.1, 4167.18
66857.8, 4172.31
66857.9, 4173.33
66858, 4173.33
66858, 4189.74
66888.8, 4211.28
66888.9, 4213.85
66889, 4205.64
66889, 4206.15
66919.8, 4204.1
66919.9, 4181.03
66920, 4156.92
66920.1, 4150.26
66952.1, 4145.64
66952.2, 4128.72
66952.3, 4112.82
66952.3, 4115.9
66982.9, 4124.62, estimuli
66983.1, 4122.05
66983.1, 4120
66983.2, 4125.13
67013.9, 4126.67
67014, 4125.64
67014.2, 4128.72
67014.2, 4134.87
67045, 4137.44
67045.1, 4138.97
67045.1, 4141.54
67045.2, 4142.56
67077.4, 4144.1
67078.9, 4143.59
67079, 4144.1
67079.1, 4144.1
67107.8, 4141.03
67107.9, 4145.64
67108, 4150.77
67108, 4147.18
67138.8, 4149.23
67138.9, 4154.87
67139, 4144.1
67139, 4129.23
67170.8, 4133.33
67171, 4151.79
67171, 4164.1
67171, 4161.54
67202, 4166.67
67202.1, 4168.72
67202.1, 4142.05
67202.2, 4121.54
67232.9, 4126.67
67233, 4145.13
67233, 4165.64
67233.1, 4174.36
67263.6, 4170.77
67263.7, 4164.62
67263.8, 4141.54
67263.8, 4118.46
67295.8, 4125.13
67295.9, 4146.67
67296, 4166.67
67296, 4173.85
67326.8, 4172.82
67326.8, 4165.64
67326.9, 4140
67326.9, 4123.59
67357.8, 4131.79
67357.8, 4150.26
67357.9, 4170.26
67357.9, 4175.38
67401.5, 4169.74
67401.5, 4165.13
67401.6, 4143.59
67401.6, 4126.67
67421.2, 4135.38
67421.3, 4150.77
67421.4, 4167.69
67421.5, 4176.92
67452, 4177.44
67452.2, 4172.31
67452.2, 4146.15
67452.3, 4126.67
67482.7, 4136.92
67482.8, 4154.87
67482.9, 4168.21
67482.9, 4174.87
67514.8, 4174.87
67514.9, 4165.64
67514.9, 4141.54
67515, 4125.64
67546, 4132.82
67546.1, 4148.72
67546.1, 4166.67
67546.1, 4176.41
67577, 4173.33
67577.1, 4164.62
67577.1, 4144.62
67577.1, 4128.21
67607.8, 4133.33
67607.8, 4150.77
67607.9, 4166.15
67607.9, 4171.28
67640, 4171.28
67640.1, 4167.69
67640.2, 4145.64
67640.2, 4126.67
67670.8, 4134.87
67670.8, 4155.38
67670.9, 4170.77
67670.9, 4172.82
67702, 4168.72
67702.1, 4163.59
67702.1, 4143.08
67702.2, 4127.18
67733.7, 4137.95
67733.8, 4156.41
67733.8, 4169.74
67733.9, 4173.33
67764.8, 4170.26
67764.8, 4166.15
67764.9, 4147.18
67764.9, 4129.23
67795.6, 4134.87
67795.7, 4150.77
67795.7, 4161.03
67795.8, 4162.56
67827, 4173.33
67827.1, 4179.49
67827.1, 4149.74
67827.1, 4123.08
67858.9, 4131.79
67859, 4147.69
67859, 4160
67859.1, 4166.15
67890, 4171.28
67890, 4175.38
67890.1, 4154.36
67890.1, 4127.18
67920.7, 4128.21
67920.8, 4146.67
67920.9, 4166.15
67921, 4172.31
67952, 4174.87
67952.1, 4177.44
67952.1, 4154.36
67952.1, 4127.18
67983.9, 4130.77
67984.1, 4150.26
67984.1, 4167.69
67984.1, 4173.33
68015, 4179.49
68015, 4181.03
68015.1, 4153.85
68015.1, 4129.23
68046.1, 4135.9
68046.2, 4154.36
68046.2, 4168.72
68046.3, 4172.82
68078, 4177.44
68078.1, 4179.49
68078.2, 4155.9
68078.2, 4132.31
68109, 4137.95
68109.1, 4154.36
68109.2, 4169.74
68109.3, 4178.46
68139.8, 4180.51
68140, 4171.79
68140.1, 4146.15
68140.1, 4144.62
68170.7, 4168.72
68170.8, 4156.92
68170.8, 4144.62
68170.8, 4170.26
68203.2, 4170.26
68203.3, 4151.79
68203.3, 4157.44
68203.4, 4161.03
68235, 4156.41
68235.1, 4156.92
68235.2, 4157.95
68235.3, 4157.95
68264.9, 4157.95
68265.1, 4155.9
68265.1, 4157.95
68265.2, 4160.51
68296.9, 4159.49
68297.1, 4157.95
68297.2, 4159.49
68297.2, 4161.03
68328, 4159.49
68328.1, 4156.92
68328.1, 4156.41
68328.2, 4159.49
68359.1, 4160.51
68359.3, 4159.49
68359.4, 4159.49
68359.4, 4157.95
68390, 4156.41
68390.1, 4156.92
68390.1, 4156.92
68390.2, 4159.49
68422, 4160.51
68422.1, 4156.41
68422.1, 4155.9
68422.2, 4158.46
68453.2, 4157.44
68453.3, 4155.9
68453.3, 4157.44
68453.4, 4158.97
68484, 4158.46
68484.4, 4156.92
68484.5, 4158.46
68484.5, 4157.44
68515.1, 4153.85
68515.2, 4155.38
68515.3, 4158.46
68515.3, 4155.9
68547.4, 4155.38
68548.1, 4160.51
68548.2, 4160.51
68548.3, 4156.92
68578.9, 4156.92
68579, 4155.9
68579.1, 4154.87
68579.1, 4157.44
68609, 4157.95
68609.1, 4152.31
68609.2, 4151.79
68609.2, 4158.46
68641, 4157.95
68641.1, 4154.36
68641.1, 4157.95
68641.2, 4158.46
68673, 4154.36
68673.1, 4155.9
68673.2, 4158.46
68673.2, 4155.9
68703.1, 4154.87
68703.2, 4155.9
68703.3, 4156.92
68703.3, 4156.92
68733.9, 4157.44
68734, 4157.44
68734.1, 4156.41
68734.1, 4155.9
68765.9, 4157.44
68766, 4157.44
68766, 4154.87
68766.1, 4156.92
68796.8, 4160
68796.9, 4157.95
68797, 4157.95
68797, 4158.46
68827.9, 4156.92
68828, 4159.49
68828.1, 4161.54
68828.1, 4159.49
68859.9, 4159.49
68860, 4158.97
68860.1, 4157.44
68860.1, 4157.95
68891, 4158.97
68891.1, 4158.46
68891.2, 4156.92
68891.3, 4158.46
68922.1, 4158.97
68922.2, 4155.38
68922.3, 4156.41
68922.3, 4158.97
68952.9, 4157.95
68953, 4155.9
68953, 4157.44
68953, 4157.95
68985, 4156.92
68985.1, 4157.95
68985.1, 4160.51
68985.2, 4160.51
69015.7, 4156.92
69015.8, 4156.41
69015.9, 4157.95
69015.9, 4156.41
69046.9, 4154.87
69047.1, 4155.9
69047.1, 4156.92
69047.1, 4158.46
69078, 4158.97
69078.1, 4154.36
69078.2, 4155.9
69078.3, 4159.49
69109.9, 4156.41
69110, 4154.36
69110, 4155.38
69110.1, 4156.41
69140.8, 4156.41
69140.9, 4156.41
69140.9, 4157.95
69141, 4158.46
69172.6, 4157.44
69172.7, 4157.44
69172.7, 4157.95
69172.8, 4155.9
69204, 4154.87
69204.1, 4158.97
69204.1, 4158.46
69204.2, 4156.92
69235.2, 4157.95
69235.3, 4155.9
69235.4, 4156.41
69235.4, 4159.49
69266, 4156.92
69266.1, 4155.38
69266.1, 4157.44
69266.2, 4157.44
69296.9, 4156.41
69297, 4155.38
69297, 4155.38
69297.1, 4158.97
69328.9, 4158.97
69329, 4154.87
69329.1, 4156.41
69329.1, 4156.41
69359.7, 4153.33
69359.8, 4156.41
69359.8, 4158.46
69359.8, 4153.33
69390.8, 4154.36
69390.9, 4158.46
69391, 4155.9
69391, 4154.87
69422.9, 4155.38
69423, 4154.36
69423, 4155.9
69423.1, 4156.92
69453.8, 4157.44
69453.9, 4158.46
69453.9, 4156.92
69454, 4156.92
69484.9, 4157.44
69485, 4156.41
69485.1, 4156.92
69485.2, 4157.44
69516.1, 4156.41
69516.2, 4156.41
69516.4, 4156.92
69516.4, 4155.9
69547.7, 4155.9
69547.8, 4157.95
69547.9, 4157.95
69548, 4155.9
69578.9, 4156.41
69579, 4157.44
69579, 4156.41
69579.1, 4156.41
69609.7, 4159.49
69609.8, 4160
69609.8, 4157.95
69609.8, 4159.49
69641.8, 4160
69641.9, 4156.92
69641.9, 4157.44
69642, 4157.95
69672.9, 4156.92
69673, 4155.9
69673, 4157.95
69673.1, 4160.51
69703.7, 4156.92
69703.8, 4155.38
69703.8, 4159.49
69703.9, 4158.46
69735.2, 4157.44
69735.4, 4158.97
69735.4, 4157.95
69735.5, 4156.41
69767, 4157.44
69767.1, 4158.97
69767.2, 4160.51
69767.3, 4160
69797.8, 4156.41
69797.9, 4156.41
69797.9, 4160
69797.9, 4160
69829.1, 4158.46
69829.3, 4157.95
69829.4, 4157.44
69829.4, 4156.41
69860.4, 4159.49
69860.5, 4159.49
69860.5, 4156.41
69860.6, 4156.92
69892.2, 4159.49
69892.3, 4157.95
69892.3, 4157.95
69892.4, 4161.54
69922.9, 4155.9
69923, 4152.82
69923.1, 4162.05
69923.1, 4162.56
69954.8, 4154.87
69955, 4155.38
69955, 4162.05
69955.1, 4160
69986.4, 4154.36
69986.7, 4155.9
69986.7, 4157.44
69986.8, 4156.92
70017.3, 4157.44
70017.6, 4156.41
70017.7, 4156.92
70017.7, 4158.97
