1166, 4350.77
1174, 4349.23
1182, 4342.56
1190, 4343.59
1197, 4353.85
1205, 4359.49
1211, 4338.97
1221, 4394.87
1229, 4532.82
1237, 4481.54
1245, 4238.97
1252, 4134.87
1260, 4190.26
1267, 4219.49
1274, 4266.15
1283, 4432.82
1291, 4604.1
1299, 4614.36
1306, 4462.05
1314, 4233.85
1323, 4076.41
1331, 4110.77
1338, 4270.26
1346, 4448.21
1354, 4586.15
1362, 4607.18
1368, 4463.59
1377, 4230.26
1385, 4078.46
1393, 4106.67
1401, 4262.05
1408, 4447.69
1417, 4587.69
1424, 4607.69
1431, 4463.08
1440, 4231.79
1448, 4080
1456, 4107.18
1463, 4267.69
1470, 4445.13
1479, 4586.15
1487, 4622.05
1494, 4465.64
1503, 4220.51
1509, 4078.97
1518, 4112.82
1526, 4268.21
1534, 4442.05
1542, 4583.59
1550, 4617.95
1557, 4462.56
1565, 4223.08
1573, 4074.87
1581, 4104.62
1589, 4270.77
1596, 4451.28
1604, 4588.21
1612, 4611.79
1620, 4456.41
1628, 4223.08
1636, 4075.9
1643, 4107.18
1651, 4267.18
1659, 4450.26
1667, 4598.46
1675, 4614.36
1681, 4448.72
1690, 4218.46
1697, 4075.38
1706, 4111.79
1714, 4271.28
1722, 4449.23
1729, 4596.41
1737, 4611.79
1744, 4451.28
1753, 4216.92
1761, 4070.26
1769, 4107.69
1776, 4266.67
1784, 4451.79
1792, 4595.9
1800, 4603.08
1808, 4446.15
1815, 4218.97
1823, 4074.36
1831, 4110.77
1839, 4276.41
1847, 4460.51
1855, 4594.36
1862, 4608.21
1871, 4455.38
1878, 4219.49
1886, 4076.92
1894, 4113.33
1901, 4274.36
1909, 4463.59
1917, 4600.51
1925, 4608.21
1933, 4447.69
1941, 4212.31
1948, 4073.33
1956, 4111.28
1964, 4277.95
1972, 4461.03
1980, 4591.79
1987, 4608.72
1995, 4448.21
2002, 4211.28
2010, 4072.31
2019, 4109.74
2026, 4279.49
2033, 4465.13
2041, 4602.56
2050, 4614.36
2058, 4444.62
2066, 4208.72
2073, 4070.77
2080, 4114.87
2089, 4284.62
2097, 4462.56
2105, 4605.13
2113, 4617.44
2120, 4436.92
2128, 4202.05
2136, 4073.33
2144, 4114.87
2152, 4275.9
2160, 4460
2167, 4604.1
2175, 4608.72
2182, 4438.46
2191, 4205.13
2199, 4066.67
2206, 4109.23
2214, 4271.79
2222, 4463.08
2230, 4549.74
2238, 4446.15
2246, 4331.28
2253, 4342.56
2261, 4363.59
2269, 4340
2277, 4339.49
2285, 4350.77
2292, 4344.1
2300, 4345.13
2308, 4357.95
2316, 4356.92
2324, 4345.64
2332, 4348.21
2339, 4352.31
2347, 4349.74
2355, 4342.56
2363, 4344.1
2371, 4353.33
2378, 4346.67
2386, 4342.05
2396, 4344.62
2402, 4345.13
2410, 4346.15
2418, 4346.15
2425, 4353.85
2433, 4354.87
2441, 4344.1
2449, 4344.62
2457, 4354.87
2463, 4359.49
2472, 4345.13
2480, 4340.51
2488, 4359.49
2496, 4357.44
2504, 4345.64
2511, 4351.28
2519, 4351.79
2527, 4349.74
2535, 4349.74
2543, 4347.69
2551, 4350.26
2558, 4349.74
2566, 4348.21
2574, 4347.18
2582, 4349.23
2590, 4350.77
2597, 4342.05
2605, 4345.64
2613, 4353.33
2620, 4348.21
2629, 4348.21
2637, 4350.26
2644, 4352.31
2652, 4349.74
2660, 4345.64
2668, 4351.79
2675, 4351.79
2683, 4350.26
2691, 4353.85
2699, 4350.77
2707, 4352.82
2715, 4353.33
2722, 4349.74
2730, 4347.18
2737, 4344.1
2746, 4349.23
2754, 4350.26
2762, 4344.62
2769, 4348.21
2777, 4345.13
2785, 4345.64
2793, 4350.26
2801, 4345.64
2809, 4348.21
2816, 4347.69
2824, 4344.1
2832, 4346.67
2840, 4349.74
2848, 4348.72
2855, 4344.1
2863, 4351.79
2871, 4355.9
2878, 4345.13
2887, 4348.72
2895, 4354.87
2902, 4349.74
2910, 4344.62
2918, 4345.64
2926, 4355.9
2935, 4355.38
2941, 4343.59
2949, 4344.62
2957, 4347.18
2965, 4351.28
2973, 4350.26
2981, 4344.1
2987, 4352.82
2996, 4356.92
3004, 4348.72
3012, 4342.05
3020, 4350.26
3026, 4357.95
3035, 4342.05
3043, 4338.46
3051, 4352.82
3058, 4352.31
3067, 4348.72
3073, 4349.74
3082, 4354.87
3089, 4355.38
3098, 4338.97
3106, 4340.51
3113, 4354.87
3121, 4348.72
3129, 4341.03
3137, 4345.13
3144, 4352.31
3153, 4354.87
3160, 4354.87
3168, 4352.82
3175, 4339.49
3184, 4341.54
3192, 4354.87
3200, 4345.64
3207, 4337.44
3215, 4340
3223, 4348.21
3229, 4354.87
3239, 4350.77
3245, 4352.31
3254, 4352.31
3262, 4348.72
3269, 4350.77
3278, 4349.74
3285, 4350.77
3293, 4350.26
3301, 4350.77
3308, 4353.85
3316, 4348.72
3325, 4348.72
3332, 4350.26
3340, 4344.62
3348, 4349.23
3356, 4355.9
3364, 4354.87
3371, 4345.64
3378, 4344.1
3387, 4352.82
3394, 4349.74
3403, 4351.28
3410, 4358.46
3417, 4350.26
3425, 4347.18
3434, 4349.74
3440, 4349.74
3450, 4351.79
3458, 4350.77
3465, 4354.36
3473, 4348.72
3480, 4340
3488, 4352.31
3496, 4356.41
3503, 4350.26
3512, 4348.21
3519, 4351.28
3527, 4355.38
3536, 4347.69
3544, 4344.62
3551, 4348.21
3559, 4342.56
3566, 4343.59
3575, 4350.26
3583, 4350.26
3590, 4344.62
3597, 4346.15
3606, 4359.49
3614, 4357.44
3621, 4351.79
3630, 4354.36
3635, 4347.69
3645, 4344.62
3652, 4346.67
3661, 4348.21
3669, 4353.85
3675, 4349.74
3684, 4348.21
3692, 4353.85
3700, 4353.33
3709, 4353.85
3716, 4351.28
3723, 4351.28
3731, 4351.79
3739, 4344.62
3747, 4346.67
3755, 4347.69
3762, 4346.15
3770, 4350.77
3778, 4350.77
3785, 4345.64
3793, 4343.08
3802, 4350.26
3809, 4352.82
3817, 4343.08
3825, 4349.23
3833, 4352.82
3841, 4345.13
3849, 4349.74
3856, 4352.82
3863, 4350.26
3872, 4348.21
3879, 4348.72
3888, 4353.33
3895, 4350.77
3903, 4349.74
3911, 4348.72
3919, 4345.64
3927, 4353.33
3935, 4349.23
3942, 4341.54
3950, 4347.18
3958, 4349.74
3966, 4349.74
3974, 4344.1
3981, 4344.1
3988, 4353.33
3996, 4347.69
4004, 4347.69
4013, 4356.92
4020, 4355.38
4027, 4351.79
4036, 4350.77
4044, 4352.31
4052, 4349.74
4060, 4345.64
4067, 4344.62
4075, 4345.64
4082, 4355.38
4090, 4355.9
4099, 4348.21
4107, 4356.92
4114, 4358.97
4122, 4349.23
4130, 4340.51
4138, 4337.95
4146, 4350.26
4153, 4351.79
4161, 4342.56
4169, 4347.69
4177, 4352.31
4185, 4350.26
4193, 4345.13
4200, 4349.74
4208, 4355.9
4216, 4343.59
4223, 4343.08
4232, 4352.31
4240, 4356.92
4247, 4363.08
4255, 4346.15
4263, 4335.38
4270, 4353.33
4279, 4355.38
4286, 4344.1
4294, 4345.64
4301, 4351.79
4310, 4348.72
4317, 4341.03
4326, 4346.15
4333, 4352.31
4341, 4347.18
4349, 4341.03
4356, 4345.13
4365, 4356.92
4372, 4353.33
4380, 4343.08
4388, 4350.26
4395, 4349.74
4403, 4344.62
4412, 4348.21
4418, 4349.23
4426, 4350.26
4434, 4346.15
4443, 4351.79
4450, 4362.56
4458, 4355.38
4466, 4345.64
4474, 4338.46
4482, 4346.67
4490, 4357.95
4497, 4351.28
4505, 4347.69
4513, 4350.26
4520, 4350.77
4528, 4351.28
4537, 4347.18
4543, 4347.18
4552, 4345.64
4560, 4343.59
4568, 4346.15
4576, 4344.1
4584, 4351.79
4591, 4358.97
4599, 4349.23
4607, 4347.18
4615, 4348.72
4623, 4350.77
4629, 4356.41
4638, 4353.85
4645, 4350.77
4654, 4349.74
4662, 4350.77
4670, 4350.77
4676, 4348.21
4685, 4354.36
4693, 4351.79
4701, 4347.18
4709, 4352.31
4716, 4347.69
4724, 4345.64
4732, 4348.21
4739, 4345.64
4748, 4348.21
4756, 4349.23
4763, 4349.74
4771, 4351.79
4779, 4348.72
4786, 4351.28
4795, 4352.31
4802, 4349.74
4810, 4347.69
4818, 4347.69
4826, 4353.85
4834, 4347.18
4842, 4338.46
4849, 4343.59
4857, 4346.15
4865, 4352.82
4873, 4352.31
4881, 4347.69
4889, 4350.26
4896, 4349.74
4904, 4350.77
4912, 4342.56
4919, 4342.56
4928, 4355.38
4935, 4350.77
4943, 4342.56
4951, 4346.15
4959, 4350.77
4967, 4350.26
4975, 4337.95
4982, 4338.97
4990, 4355.38
4997, 4352.31
5006, 4345.64
5014, 4350.77
5021, 4358.97
5029, 4357.44
5037, 4341.03
5045, 4341.54
5052, 4349.74
5060, 4350.77
5068, 4348.21
5075, 4346.15
5084, 4359.49
5091, 4357.44
5100, 4335.9
5107, 4338.97
5115, 4350.77
5123, 4345.64
5130, 4340
5139, 4348.72
5146, 4358.97
5153, 4344.1
5161, 4333.33
5170, 4346.67
5178, 4352.31
5185, 4347.18
5192, 4344.1
5201, 4354.36
5209, 4361.03
5217, 4349.23
5225, 4344.1
5233, 4350.77
5240, 4356.41
5248, 4351.79
5256, 4341.54
5264, 4349.23
5271, 4360
5279, 4358.97
5286, 4352.31
5294, 4341.03
5302, 4347.69
5310, 4358.46
5319, 4344.62
5325, 4341.54
5334, 4349.23
5342, 4345.64
5349, 4343.59
5357, 4349.23
5366, 4354.36
5372, 4348.21
5381, 4345.64
5389, 4349.74
5397, 4346.67
5404, 4353.33
5412, 4353.33
5420, 4345.64
5428, 4349.74
5436, 4350.77
5444, 4349.74
5452, 4345.64
5459, 4349.23
5467, 4360
5475, 4352.82
5482, 4352.82
5490, 4358.46
5497, 4350.26
5506, 4343.08
5514, 4340
5522, 4343.59
5530, 4349.74
5538, 4346.67
5544, 4348.72
5553, 4349.23
5561, 4341.03
5568, 4340.51
5577, 4347.18
5583, 4352.82
5592, 4348.21
5599, 4347.69
5607, 4356.41
5616, 4350.26
5624, 4345.64
5631, 4347.18
5639, 4346.67
5647, 4350.26
5655, 4349.74
5663, 4347.69
5670, 4349.23
5678, 4347.18
5685, 4349.23
5694, 4352.82
5702, 4356.92
5710, 4353.33
5717, 4344.62
5725, 4344.62
5733, 4343.59
5741, 4343.08
5749, 4348.21
5756, 4342.56
5764, 4344.1
5772, 4352.31
5780, 4352.82
5789, 4352.31
5796, 4347.69
5803, 4350.77
5811, 4352.31
5819, 4347.18
5826, 4349.74
5835, 4349.23
5843, 4349.74
5850, 4348.21
5858, 4346.15
5866, 4351.28
5874, 4347.18
5882, 4349.23
5889, 4356.41
5897, 4351.28
5905, 4350.77
5913, 4351.79
5921, 4347.18
5929, 4349.74
5936, 4347.69
5944, 4344.62
5952, 4345.13
5960, 4347.69
5968, 4352.31
5975, 4346.15
5983, 4345.64
5991, 4349.23
5999, 4346.67
6006, 4348.72
6015, 4349.74
6022, 4351.79
6029, 4348.72
6036, 4343.08
6046, 4352.31
6054, 4353.85
6061, 4349.23
6069, 4349.74
6077, 4348.72
6085, 4352.31
6091, 4350.26
6101, 4342.56
6108, 4344.1
6116, 4349.23
6124, 4357.44
6131, 4348.72
6139, 4336.92
6147, 4344.1
6155, 4341.03
6161, 4337.95
6171, 4352.82
6178, 4358.46
6187, 4344.1
6193, 4335.9
6201, 4350.77
6210, 4356.41
6218, 4346.67
6225, 4347.69
6233, 4351.28
6241, 4351.28
6248, 4347.18
6257, 4342.05
6265, 4349.74
6273, 4352.82
6280, 4349.23
6287, 4348.21
6295, 4344.1
6303, 4347.69
6311, 4348.72
6318, 4343.08
6326, 4343.59
6335, 4350.77
6343, 4361.54
6350, 4351.28
6358, 4332.31
6366, 4342.56
6374, 4349.74
6382, 4347.18
6389, 4351.79
6397, 4352.31
6405, 4352.82
6413, 4350.77
6421, 4352.31
6428, 4349.23
6436, 4337.95
6444, 4345.64
6452, 4353.85
6460, 4350.77
6467, 4354.36
6476, 4353.33
6483, 4351.28
6492, 4351.79
6499, 4351.79
6506, 4345.64
6515, 4340.51
6523, 4349.23
6531, 4351.28
6538, 4348.21
6546, 4357.95
6554, 4355.9
6562, 4341.03
6570, 4333.85
6578, 4343.08
6585, 4356.92
6593, 4345.64
6601, 4341.54
6609, 4358.97
6617, 4356.41
6623, 4347.18
6632, 4346.15
6640, 4348.21
6647, 4347.69
6656, 4344.1
6664, 4349.74
6670, 4353.85
6679, 4351.79
6687, 4353.33
6695, 4349.23
6703, 4347.69
6710, 4349.23
6718, 4347.18
6726, 4349.74
6734, 4347.18
6742, 4346.67
6750, 4348.72
6757, 4345.13
6765, 4350.26
6773, 4348.21
6780, 4342.56
6789, 4348.21
6797, 4349.23
6804, 4348.72
6812, 4347.69
6820, 4348.21
6828, 4351.28
6835, 4350.77
6843, 4352.82
6851, 4350.77
6859, 4350.26
6867, 4354.87
6875, 4350.26
6883, 4350.77
6890, 4351.79
6898, 4348.72
6906, 4353.33
6914, 4349.74
6922, 4346.67
6929, 4348.21
6937, 4344.1
6945, 4347.69
6953, 4346.67
6961, 4343.59
6968, 4345.64
6976, 4341.03
6984, 4343.08
6992, 4346.67
7000, 4348.72
7008, 4349.23
7015, 4343.59
7023, 4347.69
7031, 4350.26
7038, 4346.15
7047, 4350.26
7055, 4350.77
7062, 4350.77
7070, 4350.26
7078, 4349.74
7086, 4353.85
7094, 4349.74
7101, 4345.13
7109, 4344.1
7118, 4342.05
7125, 4348.21
7133, 4345.13
7141, 4340
7148, 4345.13
7156, 4344.62
7164, 4344.62
7171, 4346.67
7179, 4351.28
7186, 4355.38
7193, 4347.18
7202, 4343.59
7211, 4342.56
7219, 4338.46
7227, 4345.13
7234, 4352.31
7240, 4352.31
7250, 4345.64
7257, 4344.62
7265, 4352.31
7273, 4349.23
7281, 4346.15
7288, 4350.77
7297, 4351.28
7305, 4352.82
7313, 4348.21
7320, 4349.74
7328, 4352.82
7335, 4342.56
7343, 4348.21
7351, 4355.9
7358, 4350.77
7367, 4350.77
7374, 4348.72
7383, 4352.82
7391, 4352.31
7399, 4338.46
7406, 4336.92
7413, 4346.15
7421, 4353.33
7429, 4350.77
7437, 4346.15
7445, 4348.21
7453, 4345.64
7461, 4348.72
7468, 4350.26
7476, 4347.18
7484, 4353.85
7491, 4353.33
7500, 4350.26
7508, 4351.28
7516, 4347.18
7524, 4355.38
7532, 4359.49
7539, 4344.1
7547, 4338.97
7554, 4346.15
7562, 4351.28
7571, 4342.56
7577, 4337.95
7586, 4355.38
7593, 4361.54
7601, 4349.23
7610, 4338.46
7617, 4343.08
7625, 4348.72
7632, 4342.56
7641, 4347.18
7649, 4352.31
7657, 4345.13
7664, 4346.67
7672, 4350.77
7680, 4349.74
7688, 4350.77
7695, 4349.23
7704, 4352.82
7711, 4353.33
7719, 4351.28
7727, 4353.85
7735, 4348.21
7743, 4348.72
7750, 4348.21
7758, 4340
7766, 4346.15
7774, 4351.79
7782, 4348.72
7790, 4346.67
7797, 4349.23
7805, 4353.85
7813, 4349.74
7821, 4348.21
7829, 4350.77
7836, 4347.69
7844, 4349.74
7852, 4351.28
7860, 4352.31
7869, 4351.28
7879, 4345.64
7883, 4349.74
7890, 4350.26
7899, 4349.23
7907, 4353.85
7915, 4348.21
7922, 4345.13
7930, 4346.15
7938, 4344.62
7946, 4346.67
7954, 4347.18
7962, 4350.77
7969, 4347.18
7977, 4338.97
7985, 4349.23
7993, 4352.31
8001, 4345.13
8007, 4346.15
8016, 4347.18
8024, 4346.15
8032, 4342.56
8040, 4345.64
8048, 4352.31
8055, 4349.23
8063, 4349.74
8071, 4349.23
8079, 4351.79
8087, 4358.46
8095, 4349.74
8102, 4345.13
8110, 4352.31
8118, 4354.87
8126, 4350.77
8134, 4343.08
8141, 4345.64
8149, 4349.23
8157, 4347.18
8165, 4349.23
8173, 4343.08
8180, 4342.05
8187, 4348.21
8195, 4346.15
8204, 4351.79
8212, 4354.36
8220, 4342.05
8226, 4342.56
8235, 4351.28
8243, 4349.74
8251, 4338.97
8259, 4340.51
8267, 4355.9
8273, 4353.33
8282, 4346.15
8290, 4347.69
8297, 4352.31
8306, 4355.9
8313, 4343.59
8321, 4341.03
8328, 4347.18
8337, 4348.72
8345, 4351.28
8353, 4346.15
8360, 4344.1
8367, 4345.64
8376, 4343.08
8384, 4348.72
8392, 4348.72
8399, 4346.67
8406, 4356.92
8414, 4355.38
8423, 4344.62
8431, 4343.08
8439, 4347.69
8445, 4346.67
8454, 4344.1
8461, 4352.82
8469, 4352.82
8477, 4345.64
8485, 4353.85
8492, 4354.87
8501, 4347.69
8508, 4348.72
8517, 4350.26
8524, 4350.26
8530, 4343.59
8540, 4346.67
8548, 4351.28
8556, 4343.08
8563, 4345.64
8571, 4348.72
8579, 4348.21
8587, 4351.79
8595, 4345.13
8603, 4345.13
8610, 4355.38
8618, 4356.41
8626, 4346.15
8634, 4336.92
8642, 4344.62
8650, 4347.69
8657, 4346.15
8665, 4352.31
8673, 4350.77
8681, 4355.9
8689, 4355.38
8696, 4342.56
8704, 4355.9
8712, 4363.08
8720, 4342.56
8728, 4342.05
8736, 4352.82
8743, 4350.26
8751, 4348.72
8759, 4351.28
8767, 4344.62
8775, 4337.44
8784, 4347.18
8790, 4354.87
8797, 4347.69
8805, 4337.95
8814, 4337.44
8822, 4352.82
8830, 4352.82
8837, 4345.64
8845, 4354.87
8853, 4351.28
8861, 4346.15
8869, 4351.28
8876, 4349.74
8884, 4349.23
8893, 4346.67
8900, 4347.69
8907, 4350.26
8916, 4346.15
8922, 4349.23
8931, 4351.28
8939, 4350.77
8947, 4349.23
8955, 4346.15
8962, 4350.77
8970, 4349.23
8978, 4345.64
8986, 4348.21
8994, 4343.59
9002, 4343.59
9009, 4346.15
9017, 4343.08
9025, 4349.23
9033, 4350.26
9041, 4347.69
9048, 4347.69
9056, 4347.69
9064, 4350.26
9072, 4347.18
9080, 4348.21
9088, 4353.33
9095, 4346.67
9103, 4343.08
9112, 4347.69
9119, 4351.79
9127, 4353.85
9134, 4348.72
9142, 4349.23
9151, 4352.31
9158, 4349.74
9166, 4347.69
9174, 4345.13
9181, 4344.1
9189, 4343.08
9197, 4344.1
9204, 4351.28
9212, 4344.1
9221, 4340
9227, 4347.69
9236, 4348.72
9244, 4351.79
9252, 4349.23
9259, 4344.62
9267, 4348.72
9275, 4347.69
9283, 4348.21
9289, 4341.54
9299, 4341.54
9307, 4351.79
9314, 4348.72
9321, 4347.18
9330, 4347.18
9337, 4344.62
9346, 4348.72
9352, 4347.18
9361, 4346.15
9369, 4347.69
9376, 4344.62
9385, 4343.59
9393, 4345.64
9400, 4352.31
9407, 4349.74
9416, 4342.05
9424, 4348.72
9432, 4346.67
9439, 4336.92
9447, 4342.56
9455, 4359.49
9462, 4364.1
9470, 4338.97
9479, 4330.26
9485, 4349.74
9493, 4350.77
9502, 4349.23
9510, 4348.72
9518, 4346.67
9526, 4358.46
9533, 4361.54
9541, 4352.82
9548, 4349.74
9557, 4350.77
9565, 4348.72
9572, 4343.59
9580, 4348.72
9586, 4350.77
9596, 4338.46
9604, 4341.54
9612, 4351.79
9620, 4351.79
9626, 4347.69
9636, 4344.1
9643, 4346.15
9652, 4348.21
9659, 4351.28
9665, 4351.79
9674, 4348.72
9682, 4354.36
9690, 4352.82
9697, 4349.23
9705, 4348.72
9713, 4345.13
9721, 4349.74
9729, 4351.79
9737, 4349.23
9744, 4352.82
9752, 4350.77
9760, 4349.23
9768, 4350.26
9776, 4346.67
9784, 4348.21
9791, 4347.18
9799, 4345.13
9807, 4347.69
9815, 4342.05
9822, 4345.64
9830, 4348.21
9838, 4342.05
9846, 4345.13
9854, 4348.21
9862, 4347.18
9870, 4344.1
9877, 4347.69
9885, 4351.28
9893, 4344.1
9901, 4349.23
9909, 4353.33
9915, 4343.59
9924, 4345.13
9932, 4349.23
9940, 4351.28
9948, 4355.9
9956, 4349.74
9963, 4346.15
9971, 4351.28
9979, 4352.31
9986, 4346.67
9995, 4342.05
10002, 4352.82
10010, 4351.79
10018, 4344.1
10025, 4350.77
10034, 4345.64
10042, 4340
10049, 4342.56
10057, 4345.64
10064, 4354.87
10073, 4353.33
10081, 4345.13
10090, 4344.62
10096, 4352.82
10104, 4354.36
10112, 4341.54
10119, 4344.62
10128, 4355.9
10134, 4352.82
10143, 4352.82
10151, 4352.31
10159, 4351.28
10166, 4352.31
10174, 4346.67
10182, 4345.13
10190, 4343.08
10198, 4342.56
10205, 4351.28
10214, 4348.21
10220, 4340
10229, 4337.95
10237, 4346.15
10245, 4355.9
10253, 4346.15
10260, 4340
10268, 4352.31
10276, 4355.9
10284, 4346.67
10292, 4341.54
10300, 4349.74
10307, 4354.36
10315, 4352.31
10323, 4353.33
10331, 4344.1
10339, 4343.59
10347, 4357.95
10354, 4352.82
10362, 4344.1
10370, 4349.23
10377, 4355.38
10386, 4351.28
10392, 4342.56
10401, 4346.67
10409, 4351.79
10416, 4347.18
10425, 4346.15
10432, 4342.05
10439, 4340
10446, 4345.13
10456, 4342.56
10464, 4337.95
10472, 4341.03
10479, 4357.44
10487, 4354.36
10495, 4336.41
10503, 4350.77
10511, 4353.33
10519, 4340.51
10526, 4354.36
10534, 4361.03
10541, 4347.69
10550, 4340.51
10558, 4355.38
10564, 4358.97
10573, 4338.97
10582, 4341.54
10589, 4353.85
10596, 4349.74
10605, 4350.26
10611, 4350.26
10620, 4343.08
10628, 4337.44
10636, 4342.56
10642, 4356.41
10651, 4352.31
10659, 4342.05
10667, 4345.64
10675, 4346.67
10683, 4349.74
10690, 4353.33
10698, 4342.05
10705, 4330.77
10713, 4342.56
10722, 4362.05
10728, 4356.41
10737, 4348.21
10745, 4346.15
10752, 4343.08
10760, 4350.77
10769, 4344.62
10776, 4335.38
10784, 4349.23
10792, 4349.74
10799, 4344.1
10808, 4346.67
10814, 4343.59
10823, 4347.18
10831, 4348.72
10839, 4346.15
10847, 4351.28
10854, 4351.28
10863, 4343.08
10870, 4342.56
10878, 4349.74
10886, 4346.67
10894, 4339.49
10901, 4347.18
10909, 4348.72
10917, 4343.59
10923, 4352.31
10933, 4352.82
10941, 4350.77
10949, 4352.82
10956, 4353.33
10964, 4352.31
10972, 4341.03
10980, 4342.05
10987, 4352.82
10996, 4352.31
11003, 4352.82
11010, 4346.15
11018, 4345.13
11026, 4353.33
11035, 4354.36
11042, 4353.33
11050, 4350.26
11058, 4348.21
11066, 4349.23
11075, 4346.15
11082, 4348.72
11089, 4349.74
11097, 4347.18
11105, 4351.28
11113, 4351.79
11121, 4350.26
11129, 4348.21
11136, 4348.21
11144, 4350.77
11152, 4343.59
11159, 4346.67
11168, 4354.36
11175, 4352.31
11182, 4353.33
11191, 4348.72
11199, 4345.64
11207, 4349.23
11214, 4346.67
11222, 4348.72
11230, 4350.26
11238, 4349.74
11246, 4348.21
11254, 4342.56
11261, 4346.15
11268, 4348.21
11277, 4343.08
11285, 4346.15
11292, 4345.64
11301, 4345.64
11308, 4347.69
11316, 4347.18
11324, 4349.74
11332, 4348.72
11340, 4349.74
11347, 4350.77
11355, 4349.23
11362, 4352.82
11371, 4351.28
11379, 4351.28
11387, 4351.79
11392, 4345.13
11401, 4344.62
11409, 4348.21
11417, 4349.74
11425, 4348.72
11433, 4346.67
11441, 4350.77
11449, 4352.31
11457, 4346.67
11465, 4344.1
11473, 4342.05
11479, 4346.67
11488, 4348.21
11496, 4342.56
11504, 4345.64
11512, 4345.64
11518, 4347.18
11527, 4350.77
11534, 4350.77
11542, 4353.33
11550, 4344.62
11559, 4344.1
11566, 4358.46
11573, 4353.33
11581, 4340.51
11590, 4343.59
11598, 4352.82
11605, 4352.31
11612, 4346.15
11620, 4353.85
11629, 4356.92
11636, 4347.69
11645, 4345.13
11652, 4346.67
11659, 4352.31
11668, 4347.69
11675, 4343.59
11684, 4354.87
11690, 4350.77
11698, 4340
11707, 4346.15
11715, 4353.85
11723, 4351.79
11731, 4340.51
11738, 4342.56
11745, 4354.87
11753, 4351.79
11760, 4344.62
11769, 4343.59
11776, 4352.82
11785, 4358.46
11792, 4349.23
11800, 4348.21
11809, 4350.77
11817, 4347.69
11824, 4351.79
11832, 4353.33
11840, 4350.26
11848, 4347.69
11855, 4346.15
11863, 4349.74
11871, 4346.15
11878, 4345.64
11887, 4351.79
11893, 4346.67
11902, 4347.69
11910, 4347.69
11918, 4338.46
11926, 4337.44
11934, 4346.67
11940, 4353.33
11950, 4348.72
11957, 4350.26
11964, 4353.85
11972, 4346.15
11981, 4351.28
11989, 4357.44
11996, 4351.79
12004, 4350.77
12012, 4349.74
12020, 4351.28
12028, 4353.33
12036, 4352.31
12042, 4352.31
12051, 4348.72
12059, 4349.74
12067, 4351.79
12075, 4350.26
12081, 4352.82
12090, 4347.18
12098, 4345.13
12106, 4348.72
12113, 4343.59
12122, 4346.15
12129, 4347.69
12137, 4345.64
12145, 4350.26
12152, 4347.18
12161, 4351.28
12168, 4354.36
12176, 4342.56
12183, 4342.05
12192, 4349.23
12200, 4353.85
12208, 4352.31
12215, 4350.26
12223, 4352.31
12231, 4347.18
12239, 4347.69
12246, 4349.74
12255, 4344.62
12262, 4346.67
12270, 4347.18
12277, 4346.15
12285, 4345.13
12293, 4341.54
12300, 4348.21
12308, 4350.26
12317, 4345.13
12325, 4344.1
12333, 4344.62
12341, 4350.26
12348, 4347.69
12356, 4343.08
12364, 4354.87
12372, 4353.33
12380, 4346.67
12387, 4352.31
12395, 4350.77
12403, 4345.64
12410, 4348.21
12419, 4356.92
12426, 4351.79
12434, 4337.95
12442, 4344.62
12449, 4352.31
12458, 4350.77
12466, 4351.28
12472, 4348.21
12480, 4349.23
12489, 4351.79
12496, 4350.26
12504, 4341.03
12512, 4332.82
12520, 4343.59
12527, 4346.67
12535, 4343.59
12544, 4350.77
12552, 4346.67
12558, 4342.05
12566, 4349.23
12575, 4350.26
12583, 4348.72
12590, 4346.15
12598, 4349.23
12606, 4358.97
12614, 4357.44
12622, 4348.72
12629, 4345.13
12637, 4349.74
12644, 4349.74
12652, 4347.18
12661, 4356.41
12669, 4353.33
12677, 4345.64
12684, 4349.23
12691, 4346.67
12700, 4345.64
12708, 4346.67
12715, 4347.69
12722, 4352.31
12732, 4348.21
12739, 4348.21
12747, 4351.28
12755, 4345.13
12763, 4348.21
12771, 4352.31
12778, 4350.26
12785, 4348.21
12794, 4345.64
12801, 4349.74
12810, 4349.23
12817, 4352.31
12825, 4357.44
12832, 4351.28
12841, 4352.31
12849, 4350.77
12857, 4341.03
12862, 4343.08
12872, 4350.77
12880, 4354.87
12888, 4350.77
12896, 4347.69
12904, 4352.82
12911, 4350.26
12918, 4348.21
12927, 4348.72
12935, 4347.18
12943, 4355.38
12950, 4353.33
12958, 4338.46
12966, 4338.46
12974, 4351.79
12982, 4359.49
12989, 4350.77
12997, 4347.18
13005, 4353.33
13013, 4350.77
13021, 4349.23
13029, 4348.21
13036, 4351.79
13044, 4355.38
13052, 4342.56
13060, 4345.13
13067, 4357.44
13076, 4353.33
13084, 4348.72
13091, 4346.67
13099, 4349.23
13106, 4349.23
13115, 4345.13
13122, 4349.74
13129, 4350.26
13138, 4348.72
13146, 4351.28
13154, 4346.15
13162, 4340.51
13169, 4340.51
13177, 4346.67
13185, 4349.74
13192, 4342.56
13201, 4346.67
13208, 4350.77
13216, 4347.18
13224, 4349.74
13232, 4350.26
13240, 4352.82
13248, 4350.77
13255, 4347.18
13262, 4348.72
13271, 4344.62
13279, 4346.15
13287, 4349.23
13294, 4348.21
13302, 4350.26
13310, 4348.21
13318, 4349.23
13326, 4350.77
13334, 4343.08
13341, 4346.67
13349, 4352.31
13357, 4348.21
13365, 4347.18
13373, 4348.21
13380, 4351.28
13388, 4348.72
13396, 4345.13
13404, 4351.28
13412, 4350.77
13420, 4350.26
13427, 4347.18
13435, 4344.1
13442, 4353.85
13451, 4355.9
13459, 4349.74
13466, 4345.64
13474, 4344.1
13482, 4347.18
13490, 4347.18
13498, 4349.74
13506, 4347.69
13513, 4343.59
13521, 4353.85
13529, 4353.33
13536, 4344.62
13543, 4345.64
13553, 4343.59
13560, 4348.21
13567, 4348.72
13576, 4344.62
13584, 4347.18
13592, 4344.1
13599, 4347.18
13607, 4353.33
13614, 4345.64
13623, 4344.1
13630, 4350.77
13639, 4350.26
13646, 4343.08
13654, 4351.79
13661, 4366.67
13669, 4350.77
13678, 4335.9
13685, 4347.69
13693, 4353.85
13701, 4356.92
13709, 4354.87
13717, 4349.74
13725, 4354.36
13732, 4353.85
13740, 4349.23
13748, 4348.72
13756, 4352.82
13764, 4352.82
13771, 4342.05
13779, 4346.67
13787, 4354.36
13795, 4349.74
13803, 4346.67
13811, 4342.56
13818, 4344.1
13826, 4349.23
13835, 4345.64
13842, 4344.62
13850, 4349.74
13857, 4356.41
13865, 4353.85
13873, 4349.23
13881, 4355.38
13889, 4351.28
13897, 4343.08
13904, 4346.15
13912, 4348.21
13920, 4351.28
13928, 4347.69
13936, 4346.67
13943, 4354.87
13951, 4351.28
13958, 4350.77
13967, 4352.31
13974, 4347.18
13983, 4350.26
13990, 4345.13
13997, 4344.62
14006, 4356.41
14014, 4350.26
14022, 4337.95
14030, 4340.51
14037, 4349.23
14045, 4348.72
14053, 4348.21
14061, 4351.28
14068, 4345.13
14075, 4348.72
14084, 4357.95
14092, 4350.26
14100, 4347.18
14108, 4351.79
14116, 4350.77
14123, 4352.31
14131, 4349.23
14138, 4350.77
14147, 4354.87
14155, 4349.74
14162, 4346.15
14171, 4344.62
14177, 4350.26
14187, 4351.28
14194, 4345.64
14202, 4349.23
14208, 4346.67
14217, 4344.62
14225, 4350.26
14233, 4345.13
14241, 4345.13
14248, 4350.26
14256, 4345.64
14264, 4344.62
14272, 4349.23
14281, 4349.23
14288, 4344.1
14295, 4346.15
14303, 4351.28
14311, 4347.18
14319, 4350.26
14326, 4351.28
14334, 4347.18
14342, 4355.38
14350, 4351.28
14358, 4348.72
14365, 4356.41
14374, 4347.18
14380, 4339.49
14388, 4341.03
14397, 4343.59
14405, 4346.15
14412, 4349.23
14420, 4353.33
14428, 4344.1
14436, 4340
14444, 4348.21
14452, 4343.59
14460, 4341.03
14467, 4348.21
14475, 4353.85
14483, 4354.36
14491, 4346.15
14499, 4347.18
14505, 4356.41
14512, 4352.82
14522, 4342.05
14530, 4340.51
14538, 4352.82
14545, 4351.79
14553, 4340
14561, 4346.15
14569, 4353.33
14577, 4348.72
14585, 4347.18
14592, 4351.28
14600, 4354.87
14607, 4342.56
14616, 4337.95
14623, 4355.9
14632, 4356.41
14639, 4348.21
14647, 4346.15
14655, 4342.56
14663, 4350.77
14671, 4356.92
14679, 4348.21
14686, 4341.03
14694, 4351.79
14701, 4361.03
14710, 4347.69
14718, 4353.85
14724, 4364.1
14732, 4344.62
14741, 4336.92
14749, 4346.15
14756, 4350.77
14765, 4351.28
14771, 4348.72
14780, 4351.28
14788, 4353.85
14796, 4350.26
14804, 4349.23
14811, 4353.33
14819, 4357.44
14827, 4348.21
14834, 4342.56
14843, 4353.85
14850, 4353.33
14857, 4347.18
14866, 4345.64
14874, 4344.1
14882, 4347.18
14889, 4346.15
14897, 4346.67
14905, 4348.72
14913, 4347.69
14921, 4350.26
14929, 4349.23
14937, 4355.9
14944, 4361.03
14951, 4342.56
14959, 4340.51
14968, 4355.9
14976, 4353.85
14983, 4347.69
14991, 4348.21
14999, 4351.79
15007, 4350.77
15015, 4351.28
15023, 4352.82
15030, 4346.15
15038, 4347.18
15046, 4347.69
15054, 4342.56
15062, 4351.28
15070, 4353.33
15077, 4348.72
15085, 4350.77
15093, 4347.18
15100, 4350.26
15109, 4352.31
15114, 4349.23
15124, 4350.26
15131, 4353.85
15140, 4358.46
15146, 4354.87
15156, 4347.69
15163, 4350.77
15171, 4350.26
15178, 4351.28
15188, 4350.77
15194, 4347.18
15202, 4351.28
15210, 4349.23
15218, 4346.67
15225, 4349.74
15234, 4349.23
15242, 4352.31
15249, 4351.79
15257, 4349.23
15265, 4347.18
15272, 4344.62
15281, 4348.72
15288, 4348.21
15296, 4347.69
15304, 4349.74
15312, 4343.59
15320, 4346.67
15328, 4352.31
15335, 4351.28
15343, 4352.31
15350, 4350.26
15359, 4351.28
15367, 4348.21
15374, 4346.15
15381, 4351.28
15390, 4348.21
15398, 4350.77
15406, 4356.41
15414, 4350.77
15421, 4349.74
15428, 4346.67
15437, 4345.64
15444, 4353.85
15453, 4355.9
15460, 4351.79
15468, 4344.62
15476, 4347.18
15484, 4351.79
15492, 4339.49
15500, 4341.54
15507, 4352.82
15515, 4348.72
15523, 4346.15
15531, 4348.72
15538, 4351.28
15545, 4350.77
15554, 4352.31
15562, 4352.31
15570, 4341.54
15578, 4344.62
15586, 4353.33
15593, 4349.23
15600, 4349.23
15609, 4351.28
15617, 4348.21
15625, 4347.18
15631, 4352.31
15640, 4356.41
15648, 4348.72
15656, 4350.26
15663, 4356.41
15672, 4345.64
15679, 4340.51
15687, 4341.03
15696, 4340.51
15702, 4346.67
15711, 4345.13
15718, 4347.18
15726, 4349.74
15733, 4344.62
15742, 4349.74
15750, 4349.23
15758, 4351.79
15764, 4363.08
15773, 4357.95
15781, 4348.21
15789, 4342.56
15797, 4341.54
15804, 4346.15
15812, 4354.87
15820, 4361.54
15827, 4351.28
15835, 4343.59
15843, 4354.36
15850, 4356.41
15858, 4348.72
15866, 4345.64
15874, 4348.72
15882, 4351.28
15891, 4342.05
15897, 4340.51
15906, 4345.64
15914, 4347.69
15922, 4350.26
15931, 4345.13
15936, 4349.23
15945, 4360
15953, 4356.92
15961, 4349.23
15969, 4344.62
15977, 4349.74
15985, 4356.41
15991, 4354.87
16000, 4351.28
16008, 4341.54
16016, 4343.08
16023, 4354.87
16031, 4351.28
16039, 4348.21
16047, 4352.31
16055, 4348.72
16063, 4341.03
16070, 4341.03
16077, 4356.92
16086, 4356.41
16094, 4343.08
16102, 4346.15
16109, 4343.59
16117, 4343.59
16125, 4351.28
16133, 4348.72
16141, 4347.18
16149, 4346.67
16156, 4349.23
16164, 4352.82
16172, 4348.72
16180, 4353.85
16188, 4358.97
16195, 4352.82
16203, 4347.18
16211, 4347.18
16219, 4351.79
16226, 4348.72
16234, 4348.21
16242, 4353.85
16250, 4350.26
16257, 4350.77
16266, 4352.82
16274, 4349.74
16281, 4357.44
16289, 4355.38
16296, 4344.1
16305, 4343.08
16313, 4349.74
16320, 4354.87
16328, 4346.67
16336, 4343.08
16344, 4352.31
16352, 4352.82
16360, 4350.77
16368, 4349.74
16375, 4350.77
16383, 4352.82
16391, 4349.23
16399, 4352.82
16407, 4354.87
16414, 4351.79
16422, 4349.74
16430, 4344.62
16438, 4348.21
16445, 4353.85
16454, 4350.77
16461, 4350.77
16469, 4350.26
16476, 4351.79
16485, 4349.74
16493, 4343.59
16500, 4348.21
16508, 4347.69
16516, 4345.64
16524, 4351.79
16532, 4349.74
16540, 4348.72
16547, 4350.26
16555, 4349.74
16563, 4345.64
16571, 4341.03
16578, 4347.69
16586, 4348.21
16593, 4344.62
16602, 4356.41
16610, 4361.03
16618, 4348.21
16625, 4344.62
16633, 4354.87
16640, 4353.85
16648, 4341.54
16657, 4347.18
16665, 4355.38
16673, 4348.21
16679, 4347.69
16687, 4348.21
16696, 4352.82
16704, 4356.92
16711, 4346.15
16719, 4347.18
16727, 4347.18
16736, 4343.59
16743, 4352.31
16752, 4352.82
16759, 4347.69
16766, 4344.62
16774, 4344.62
16782, 4357.95
16790, 4361.03
16798, 4355.38
16805, 4350.26
16813, 4347.18
16821, 4351.28
16829, 4350.26
16836, 4346.67
16845, 4349.74
16851, 4354.36
16860, 4348.21
16867, 4340.51
16876, 4350.77
16884, 4361.03
16889, 4355.9
16898, 4351.79
16906, 4344.1
16914, 4344.1
16923, 4352.31
16930, 4343.59
16938, 4343.08
16946, 4348.72
16954, 4344.62
16962, 4347.18
16970, 4348.21
16977, 4348.72
16985, 4349.74
16992, 4348.21
17001, 4353.85
17009, 4355.9
17017, 4353.33
17023, 4353.33
17032, 4350.26
17040, 4345.64
17048, 4338.46
17056, 4348.21
17063, 4355.9
17070, 4350.26
17079, 4363.59
17086, 4363.08
17095, 4343.08
17103, 4344.1
17109, 4350.77
17117, 4350.26
17126, 4347.69
17134, 4347.69
17142, 4347.18
17150, 4343.59
17157, 4348.72
17165, 4349.74
17172, 4343.08
17181, 4351.79
17189, 4357.95
17196, 4350.77
17204, 4346.15
17212, 4346.67
17220, 4353.85
17228, 4352.82
17235, 4350.26
17243, 4351.79
17251, 4349.74
17259, 4353.85
17267, 4355.9
17275, 4351.79
17282, 4350.26
17290, 4346.15
17297, 4347.69
17306, 4345.64
17314, 4345.13
17322, 4355.9
17329, 4351.79
17336, 4340.51
17345, 4344.62
17353, 4350.26
17361, 4349.23
17368, 4344.62
17376, 4347.18
17384, 4350.77
17391, 4348.72
17400, 4349.23
17408, 4348.21
17414, 4350.77
17423, 4352.82
17430, 4346.67
17439, 4353.33
17447, 4354.87
17454, 4347.69
17462, 4350.77
17470, 4349.23
17478, 4350.26
17486, 4352.82
17494, 4351.28
17500, 4352.82
17509, 4349.23
17516, 4351.28
17523, 4350.77
17533, 4342.56
17540, 4349.74
17548, 4348.21
17555, 4337.44
17564, 4343.59
17571, 4349.23
17580, 4348.72
17587, 4347.18
17595, 4352.31
17603, 4353.85
17610, 4345.13
17619, 4349.74
17627, 4354.36
17633, 4352.31
17642, 4353.85
17650, 4348.72
17658, 4348.72
17666, 4353.85
17672, 4351.79
17680, 4346.15
17689, 4346.15
17697, 4357.44
17705, 4354.36
17713, 4342.05
17719, 4349.23
17728, 4349.23
17736, 4341.03
17744, 4345.64
17752, 4351.28
17759, 4360
17767, 4358.97
17775, 4350.77
17783, 4352.31
17791, 4351.28
17799, 4346.67
17806, 4348.72
17814, 4357.44
17822, 4352.31
17830, 4337.44
17838, 4350.77
17844, 4367.69
17853, 4358.97
17860, 4348.21
17869, 4346.15
17876, 4353.33
17884, 4354.36
17891, 4342.05
17900, 4342.05
17906, 4348.21
17916, 4352.31
17923, 4350.26
17929, 4344.62
17938, 4350.77
17947, 4350.26
17955, 4345.64
17961, 4346.67
17971, 4343.59
17977, 4348.21
17986, 4351.79
17994, 4349.23
18001, 4351.79
18009, 4351.28
18017, 4353.33
18024, 4349.23
18033, 4342.05
18041, 4351.28
18049, 4357.44
18056, 4358.46
18064, 4353.33
18072, 4343.59
18080, 4348.72
18088, 4353.33
18096, 4347.69
18104, 4341.54
18110, 4345.13
18119, 4356.41
18127, 4353.33
18135, 4348.72
18143, 4349.74
18150, 4342.56
18158, 4345.13
18166, 4352.82
18174, 4348.72
18182, 4350.26
18190, 4353.85
18197, 4353.85
18205, 4349.74
18212, 4348.21
18221, 4351.79
18229, 4348.21
18236, 4350.77
18244, 4353.33
18252, 4347.18
18259, 4350.26
18268, 4352.31
18276, 4352.31
18283, 4352.31
18291, 4348.21
18299, 4353.33
18307, 4349.74
18315, 4345.13
18322, 4352.31
18330, 4349.74
18338, 4347.69
18346, 4347.18
18354, 4344.62
18362, 4347.69
18369, 4346.67
18377, 4347.69
18384, 4351.28
18393, 4350.77
18401, 4348.72
18408, 4345.13
18416, 4349.74
18424, 4350.77
18432, 4344.62
18440, 4352.31
18447, 4355.38
18455, 4351.28
18463, 4354.87
18471, 4355.9
18477, 4352.31
18487, 4346.15
18494, 4347.69
18501, 4350.77
18510, 4348.72
18518, 4352.31
18525, 4348.72
18534, 4347.18
18540, 4353.85
18549, 4344.62
18556, 4341.03
18565, 4349.74
18572, 4343.08
18581, 4339.49
18588, 4347.69
18596, 4353.85
18603, 4345.64
18612, 4338.97
18619, 4354.36
18626, 4356.41
18635, 4348.72
18643, 4352.31
18651, 4351.28
18659, 4352.82
18666, 4359.49
18674, 4358.46
18681, 4349.23
18690, 4342.56
18697, 4348.21
18706, 4346.15
18713, 4342.56
18721, 4350.26
18729, 4346.67
18737, 4345.64
18745, 4350.26
18753, 4346.15
18759, 4349.74
18768, 4355.9
18776, 4354.36
18784, 4350.26
18792, 4353.33
18799, 4354.36
18807, 4341.54
18815, 4346.15
18822, 4354.36
18831, 4345.13
18838, 4344.62
18846, 4348.21
18854, 4348.21
18861, 4355.9
18869, 4363.59
18878, 4365.64
18884, 4350.77
18893, 4339.49
18900, 4348.21
18908, 4349.23
18916, 4346.15
18924, 4346.15
18931, 4345.64
18939, 4355.38
18947, 4354.87
18956, 4346.67
18964, 4347.18
18970, 4349.74
18979, 4353.85
18987, 4347.18
18995, 4344.62
19003, 4354.36
19011, 4351.79
19018, 4350.77
19026, 4354.36
19034, 4352.31
19042, 4350.77
19050, 4350.77
19056, 4354.36
19065, 4349.74
19072, 4347.18
19080, 4354.36
19089, 4354.36
19097, 4356.41
19103, 4351.28
19111, 4343.59
19120, 4352.82
19128, 4351.79
19135, 4347.69
19143, 4352.31
19151, 4348.21
19159, 4345.64
19167, 4348.21
19175, 4349.23
19183, 4346.15
19190, 4346.67
19198, 4356.41
19207, 4355.9
19214, 4349.23
19222, 4351.79
19230, 4351.28
19237, 4351.79
19245, 4351.79
19253, 4352.31
19261, 4353.33
19269, 4348.72
19276, 4352.31
19284, 4354.36
19292, 4349.23
19300, 4351.79
19307, 4347.69
19316, 4346.15
19323, 4350.77
19330, 4347.69
19339, 4346.15
19347, 4344.62
19355, 4346.15
19362, 4349.74
19370, 4345.13
19378, 4348.72
19386, 4350.26
19394, 4345.64
19402, 4349.74
19409, 4354.36
19417, 4353.33
19425, 4344.1
19433, 4346.67
19441, 4357.44
19448, 4349.23
19456, 4348.72
19464, 4353.85
19472, 4349.74
19480, 4351.79
19488, 4353.85
19494, 4356.92
19503, 4353.33
19511, 4349.74
19519, 4356.41
19526, 4349.23
19534, 4340
19542, 4348.21
19550, 4346.67
19557, 4340
19566, 4343.59
19574, 4347.69
19581, 4349.74
19588, 4348.72
19597, 4354.36
19604, 4351.28
19612, 4340
19619, 4344.62
19627, 4350.26
19636, 4352.31
19644, 4353.85
19652, 4353.33
19660, 4352.82
19667, 4346.15
19675, 4348.21
19683, 4353.85
19689, 4352.82
19699, 4350.77
19707, 4340.51
19714, 4350.77
19720, 4369.23
19728, 4351.28
19737, 4338.97
19745, 4356.92
19753, 4364.62
19761, 4351.79
19769, 4341.03
19777, 4348.21
19785, 4353.33
19793, 4350.26
19800, 4351.28
19810, 4348.72
19816, 4351.28
19825, 4353.85
19832, 4349.23
19840, 4350.77
19847, 4352.31
19856, 4352.82
19863, 4351.28
19872, 4349.23
19878, 4353.85
19886, 4351.79
19894, 4349.74
19903, 4355.38
19910, 4348.72
19917, 4343.08
19925, 4343.08
19932, 4348.72
19941, 4351.28
19948, 4342.56
19958, 4347.69
19964, 4351.28
19973, 4342.05
19979, 4346.67
19988, 4350.77
19995, 4349.74
20004, 4350.77
20010, 4352.31
20019, 4353.33
20027, 4348.21
20035, 4353.85
20042, 4355.9
20051, 4344.62
20057, 4348.21
20065, 4356.41
20073, 4353.85
20081, 4348.72
20089, 4347.18
20096, 4351.28
20104, 4346.15
20112, 4343.59
20120, 4350.26
20128, 4346.67
20136, 4344.62
20143, 4347.69
20151, 4345.64
20159, 4349.74
20167, 4348.72
20175, 4346.15
20182, 4346.67
20190, 4348.21
20198, 4351.28
20206, 4346.67
20214, 4350.77
20222, 4356.41
20229, 4349.23
20237, 4348.72
20245, 4350.77
20253, 4354.87
20261, 4356.41
20269, 4350.77
20276, 4353.85
20284, 4351.28
20292, 4344.1
20300, 4348.72
20308, 4352.31
20315, 4354.36
20323, 4349.23
20331, 4345.64
20339, 4355.38
20347, 4352.82
20355, 4349.23
20362, 4350.77
20372, 4348.21
20378, 4350.77
20386, 4349.23
20394, 4347.18
20402, 4350.77
20409, 4356.92
20417, 4357.95
20425, 4348.72
20433, 4353.85
20441, 4357.44
20448, 4347.69
20456, 4351.28
20464, 4355.9
20472, 4352.31
20480, 4353.33
20487, 4349.74
20495, 4350.77
20503, 4351.79
20511, 4349.23
20519, 4353.33
20527, 4350.26
20534, 4349.23
20542, 4351.28
20550, 4347.18
20558, 4354.87
20566, 4357.95
20573, 4355.38
20581, 4356.41
20589, 4355.38
20597, 4358.46
20605, 4352.82
20613, 4346.15
20620, 4352.82
20628, 4355.9
20636, 4355.9
20644, 4351.79
20652, 4354.36
20659, 4361.54
20667, 4357.44
20675, 4355.9
20683, 4353.85
20691, 4352.31
20699, 4356.92
20706, 4353.33
20714, 4351.79
20722, 4355.9
20730, 4355.38
20738, 4356.41
20746, 4353.33
20753, 4349.74
20761, 4352.82
20769, 4354.36
20777, 4355.38
20785, 4347.18
20792, 4344.1
20800, 4347.69
20808, 4344.1
20816, 4348.72
20824, 4356.41
20831, 4357.44
20839, 4350.77
20847, 4345.64
20855, 4355.9
20863, 4354.87
20871, 4350.26
20878, 4358.97
20886, 4353.85
20894, 4344.1
20902, 4344.62
20910, 4349.74
20918, 4357.95
20925, 4348.21
20933, 4337.44
20941, 4347.18
20949, 4353.85
20957, 4352.31
20964, 4348.21
20972, 4357.44
20980, 4367.18
20988, 4347.69
20996, 4338.97
21004, 4353.33
21011, 4362.05
21019, 4360
21027, 4349.23
21035, 4352.31
21043, 4361.54
21050, 4358.46
21058, 4354.36
21066, 4351.79
21074, 4355.38
21082, 4358.46
21090, 4355.38
21097, 4348.21
21105, 4342.05
21113, 4352.82
21121, 4355.38
21129, 4343.59
21137, 4348.72
21144, 4353.33
21152, 4349.23
21160, 4348.72
21168, 4348.21
21176, 4351.28
21183, 4350.26
21191, 4358.97
21199, 4364.62
21207, 4342.05
21215, 4336.92
21222, 4354.87
21230, 4355.38
21238, 4350.77
21246, 4356.92
21254, 4360
21262, 4351.79
21269, 4350.26
21277, 4361.03
21285, 4354.87
21293, 4343.59
21301, 4345.64
21309, 4351.79
21316, 4353.85
21324, 4344.62
21332, 4345.64
21340, 4356.92
21348, 4352.31
21355, 4350.26
21363, 4350.77
21371, 4351.28
21379, 4353.33
21387, 4350.26
21395, 4351.79
21402, 4352.82
21411, 4350.77
21418, 4352.82
21426, 4352.31
21434, 4352.31
21441, 4349.74
21449, 4349.23
21457, 4352.31
21465, 4346.67
21473, 4351.28
21481, 4354.87
21488, 4343.59
21496, 4347.69
21504, 4353.85
21512, 4349.74
21520, 4348.21
21528, 4346.67
21535, 4350.26
21543, 4352.31
21551, 4348.72
21559, 4351.79
21567, 4351.28
21574, 4351.79
21582, 4350.77
21590, 4352.31
21598, 4357.95
21606, 4350.77
21613, 4351.28
21621, 4360.51
21629, 4356.41
21637, 4353.33
21645, 4350.77
21653, 4349.23
21660, 4353.85
21668, 4354.36
21676, 4348.72
21684, 4343.08
21692, 4350.77
21700, 4354.36
21707, 4342.56
21715, 4351.79
21723, 4360
21731, 4345.64
21739, 4345.64
21746, 4355.38
21754, 4353.85
21762, 4347.18
21770, 4349.23
21778, 4355.38
21786, 4347.18
21793, 4344.62
21801, 4352.31
21809, 4352.31
21817, 4353.85
21825, 4360.51
21832, 4362.56
21840, 4350.77
21848, 4345.13
21856, 4352.82
21864, 4350.26
21872, 4349.23
21879, 4354.87
21887, 4350.77
21895, 4355.38
21903, 4353.33
21911, 4341.54
21918, 4346.15
21926, 4348.72
21934, 4350.77
21942, 4353.85
21950, 4346.67
21958, 4347.18
21965, 4349.74
21973, 4352.31
21981, 4349.23
21989, 4344.1
21997, 4356.41
22004, 4362.56
22012, 4352.82
22020, 4350.26
22028, 4361.03
22036, 4364.1
22044, 4344.62, estimuli
22051, 4340
22059, 4356.41
22067, 4357.95
22075, 4352.31
22083, 4349.23
22090, 4348.21
22098, 4348.21
22106, 4344.1
22114, 4349.23
22122, 4357.95
22130, 4352.31
22137, 4347.69
22145, 4345.13
22153, 4347.18
22161, 4347.69
22169, 4357.44
22177, 4362.56
22184, 4366.67
22192, 4461.54
22200, 4539.49
22208, 4390.77
22216, 4131.79
22223, 4053.33
22231, 4182.56
22239, 4354.87
22247, 4521.03
22255, 4637.44
22262, 4582.56
22270, 4366.15
22278, 4141.54
22286, 4052.82
22294, 4150.77
22302, 4343.59
22309, 4523.08
22317, 4637.44
22325, 4583.08
22333, 4366.15
22341, 4142.05
22349, 4060
22357, 4156.92
22364, 4341.03
22372, 4529.74
22380, 4647.18
22388, 4579.49
22395, 4357.95
22403, 4136.41
22411, 4061.03
22419, 4162.05
22427, 4345.64
22435, 4535.9
22442, 4647.69
22450, 4578.46
22458, 4359.49
22466, 4133.33
22474, 4055.38
22481, 4154.36
22489, 4336.92
22497, 4532.31
22505, 4645.64
22513, 4573.33
22521, 4352.31
22528, 4134.36
22536, 4062.05
22544, 4158.97
22552, 4347.69
22560, 4535.9
22567, 4642.56
22575, 4576.92
22584, 4351.79
22591, 4131.28
22599, 4062.05
22607, 4158.97
22614, 4350.26
22622, 4540.51
22630, 4645.64
22638, 4581.54
22646, 4359.49
22654, 4135.38
22661, 4057.44
22669, 4153.33
22677, 4343.59
22685, 4536.41
22693, 4649.23
22700, 4575.9
22708, 4345.13
22716, 4129.23
22724, 4056.92
22732, 4156.92
22739, 4348.21
22747, 4535.9
22755, 4648.72
22763, 4576.41
22771, 4344.62
22779, 4121.03
22786, 4046.15
22794, 4167.69
22802, 4367.69
22810, 4539.49
22818, 4642.56
22826, 4572.31
22833, 4345.13
22841, 4124.1
22849, 4052.82
22857, 4162.56
22865, 4362.05
22872, 4554.36
22880, 4645.64
22888, 4554.36
22896, 4335.9
22904, 4129.74
22912, 4061.03
22919, 4161.03
22927, 4351.79
22935, 4550.77
22943, 4650.26
22951, 4563.08
22958, 4345.13
22966, 4133.33
22974, 4061.54
22982, 4162.05
22990, 4359.49
22998, 4552.31
23005, 4640
23013, 4563.08
23021, 4353.33
23029, 4128.21
23037, 4050.77
23044, 4169.74
23052, 4374.87
23060, 4550.77
23068, 4639.49
23076, 4570.77
23084, 4341.03
23091, 4113.33
23099, 4051.28
23107, 4163.59
23115, 4355.9
23123, 4535.9
23130, 4634.87
23138, 4566.15
23146, 4344.62
23154, 4127.69
23162, 4062.05
23170, 4161.54
23177, 4357.44
23185, 4529.23
23193, 4526.15
23201, 4383.59
23209, 4326.67
23216, 4374.36
23224, 4352.82
23232, 4317.44
23240, 4344.62
23248, 4356.41
23256, 4353.33
23263, 4344.1
23271, 4345.13
23279, 4357.95
23287, 4350.77
23295, 4347.69
23303, 4346.67
23310, 4345.13
23318, 4351.28
23326, 4348.72
23334, 4346.67
23342, 4349.23
23349, 4349.23
23357, 4354.36
23365, 4359.49
23374, 4358.97
23381, 4352.31
23389, 4348.72
23396, 4349.74
23404, 4347.69
23412, 4353.33
23420, 4356.92
23428, 4347.69
23435, 4350.77
23443, 4357.44
23451, 4353.33
23459, 4346.67
23467, 4347.18
23475, 4356.41
23482, 4353.85
23490, 4346.67
23498, 4349.23
23506, 4346.15
23514, 4347.18
23521, 4351.28
23529, 4349.74
23537, 4350.77
23545, 4349.23
23553, 4352.31
23561, 4351.28
23568, 4346.15
23576, 4354.36
23584, 4354.87
23592, 4350.77
23600, 4353.33
23608, 4353.85
23615, 4355.38
23623, 4350.77
23631, 4347.69
23639, 4350.77
23647, 4349.74
23654, 4352.31
23662, 4354.36
23670, 4355.38
23678, 4360
23686, 4354.36
23693, 4349.23
23701, 4350.77
23709, 4350.26
23717, 4349.74
23725, 4347.18
23733, 4351.28
23740, 4353.33
23748, 4349.23
23756, 4351.28
23764, 4349.74
23772, 4350.26
23780, 4350.26
23787, 4345.64
23795, 4350.26
23803, 4348.72
23811, 4346.15
23819, 4356.41
23826, 4357.95
23834, 4351.28
23842, 4346.67
23850, 4349.74
23858, 4352.82
23865, 4347.69
23873, 4351.28
23881, 4351.28
23889, 4341.54
23897, 4345.64
23905, 4357.95
23912, 4361.03
23920, 4352.82
23928, 4344.1
23936, 4346.67
23944, 4348.72
23952, 4351.79
23959, 4353.85
23967, 4348.72
23975, 4353.85
23983, 4353.33
23991, 4347.18
23998, 4349.74
24006, 4350.77
24014, 4353.85
24022, 4356.92
24030, 4355.9
24038, 4351.28
24045, 4345.64
24053, 4352.31, estimuli
24061, 4352.82
24069, 4348.21
24077, 4356.41
24084, 4347.69
24092, 4343.08
24100, 4354.87
24108, 4349.74
24116, 4343.08
24124, 4353.85
24131, 4358.97
24139, 4344.1
24147, 4336.41
24155, 4349.74
24163, 4348.72
24170, 4344.62
24178, 4359.49
24186, 4361.03
24194, 4365.13
24202, 4449.74
24210, 4531.79
24217, 4413.33
24225, 4144.1
24234, 4036.41
24241, 4162.56
24249, 4343.08
24257, 4515.9
24264, 4631.79
24272, 4587.18
24280, 4376.41
24288, 4140
24296, 4055.9
24303, 4150.26
24311, 4333.85
24319, 4519.49
24327, 4640
24335, 4596.41
24343, 4377.95
24350, 4142.05
24358, 4050.77
24366, 4142.05
24374, 4337.95
24382, 4527.69
24389, 4644.1
24397, 4595.9
24405, 4375.9
24413, 4140.51
24421, 4048.21
24429, 4142.56
24436, 4337.95
24444, 4528.72
24452, 4654.87
24460, 4596.92
24468, 4361.54
24475, 4132.31
24483, 4043.59
24491, 4134.87
24499, 4335.9
24507, 4535.9
24515, 4657.95
24522, 4593.85
24530, 4365.13
24538, 4133.85
24546, 4042.05
24554, 4141.54
24561, 4342.56
24569, 4539.49
24577, 4657.44
24585, 4589.23
24593, 4363.08
24601, 4135.38
24608, 4049.23
24616, 4147.18
24624, 4340.51
24632, 4541.54
24640, 4661.03
24647, 4585.13
24656, 4355.9
24663, 4129.74
24671, 4044.62
24679, 4139.49
24687, 4338.46
24694, 4546.15
24702, 4655.9
24710, 4580
24718, 4360
24726, 4132.82
24734, 4046.15
24741, 4145.13
24749, 4346.67
24757, 4549.23
24765, 4654.36
24773, 4585.13
24780, 4367.18
24788, 4126.15
24796, 4033.33
24804, 4148.72
24812, 4352.82
24820, 4535.38
24827, 4652.82
24835, 4597.44
24843, 4358.97
24851, 4122.05
24859, 4040.51
24866, 4142.56
24874, 4352.31
24882, 4547.18
24890, 4652.82
24898, 4591.28
24905, 4360
24913, 4123.59
24921, 4043.08
24929, 4147.18
24937, 4345.13
24946, 4543.08
24953, 4663.08
24961, 4589.74
24969, 4360.51
24977, 4137.95
24985, 4040
24993, 4138.46
25000, 4357.44
25008, 4552.82
25016, 4661.03
25024, 4588.72
25032, 4353.85
25039, 4126.15
25047, 4048.21
25055, 4152.82
25063, 4350.77
25071, 4558.46
25078, 4675.38
25085, 4579.49
25094, 4340
25102, 4124.1
25109, 4049.74
25124, 4150.77
25126, 4355.9
25133, 4564.1
25141, 4666.15
25148, 4582.56
25157, 4362.56
25164, 4141.03
25172, 4062.05
25180, 4151.28
25188, 4360.51
25195, 4566.15
25212, 4554.36
25213, 4384.1
25218, 4329.74
25232, 4382.05
25244, 4366.15
25245, 4327.69
25251, 4349.23
25258, 4358.46
25266, 4345.13
25279, 4351.79
25282, 4356.92
25290, 4351.79
25298, 4354.87
25312, 4357.95
25313, 4362.05
25327, 4364.1
25329, 4359.49
25337, 4358.46
25343, 4355.9
25351, 4360.51
25360, 4362.56
25368, 4357.44
25376, 4362.05
25385, 4360
25391, 4352.82
25399, 4353.85
25408, 4353.33
25415, 4353.33
25429, 4350.77
25431, 4349.23
25438, 4350.26
25446, 4348.72
25454, 4354.36
25462, 4350.77
25470, 4342.05
25477, 4353.85
25485, 4355.38
25493, 4346.67
25501, 4350.77
25512, 4348.72
25517, 4349.74
25531, 4355.9
25533, 4356.92
25540, 4357.44
25548, 4352.82
25556, 4355.38
25563, 4354.36
25571, 4345.64
25585, 4349.23
25587, 4352.31
25595, 4353.85
25607, 4352.82
25619, 4350.77
25620, 4354.36
25626, 4347.69
25634, 4347.69
25642, 4353.85
25650, 4344.1
25656, 4347.69
25665, 4352.82
25673, 4347.18
25681, 4340
25689, 4337.44
25696, 4350.26
25709, 4353.33
25721, 4347.18
25722, 4347.69
25728, 4348.72
25736, 4353.85
25743, 4348.21
25750, 4342.05
25758, 4351.28
25766, 4352.82
25774, 4344.62
25782, 4335.9
25789, 4343.59
25797, 4363.59
25805, 4353.33
25813, 4338.97
25821, 4351.28
25828, 4356.92
25838, 4345.64
25845, 4335.9
25852, 4343.08
25860, 4346.15
25869, 4340.51
25875, 4348.21
25883, 4349.74
25891, 4346.67
25899, 4349.23
25913, 4350.26
25914, 4358.97
25922, 4350.77
25930, 4341.54
25946, 4353.33
25947, 4349.23
25954, 4346.67
25961, 4349.74
25969, 4343.59
25978, 4346.15
25985, 4347.18
25993, 4350.26
26002, 4346.15
26008, 4340
26016, 4344.62
26024, 4346.67
26032, 4351.79
26040, 4346.15
26047, 4337.44
26055, 4345.64
26063, 4344.1
26071, 4346.67, estimuli
26079, 4362.05
26087, 4355.9
26094, 4347.18
26102, 4348.72
26110, 4349.74
26118, 4347.18
26126, 4343.59
26133, 4350.77
26141, 4351.79
26149, 4348.21
26157, 4352.82
26165, 4350.26
26173, 4347.69
26180, 4342.56
26188, 4337.44
26196, 4352.31
26204, 4358.97
26212, 4349.74
26219, 4421.03
26227, 4544.1
26235, 4480.51
26243, 4198.46
26251, 4024.1
26259, 4098.97
26266, 4267.69
26274, 4468.72
26282, 4642.56
26290, 4649.23
26298, 4464.1
26305, 4197.44
26313, 4036.92
26321, 4081.54
26329, 4268.72
26337, 4481.03
26345, 4641.54
26352, 4653.85
26360, 4456.41
26368, 4187.18
26376, 4039.49
26384, 4082.56
26391, 4268.72
26399, 4478.97
26407, 4639.49
26415, 4658.97
26423, 4461.03
26436, 4183.59
26439, 4032.31
26447, 4089.74
26454, 4282.56
26462, 4489.23
26470, 4650.77
26478, 4654.87
26485, 4450.26
26493, 4187.18
26502, 4031.79
26509, 4081.54
26517, 4282.05
26526, 4483.59
26534, 4645.64
26540, 4656.41
26552, 4444.1
26556, 4175.9
26564, 4032.82
26571, 4092.31
26579, 4284.1
26587, 4495.38
26595, 4659.49
26603, 4651.79
26611, 4448.21
26619, 4182.56
26626, 4028.21
26639, 4090.77
26642, 4284.1
26651, 4499.49
26658, 4667.18
26665, 4650.77
26673, 4444.1
26681, 4189.23
26689, 4042.56
26697, 4094.87
26709, 4288.72
26712, 4517.95
26720, 4681.03
26728, 4658.97
26740, 4447.18
26744, 4188.21
26758, 4055.9
26759, 4109.74
26767, 4296.41
26775, 4524.1
26783, 4686.15
26790, 4674.87
26798, 4469.74
26806, 4200.51
26814, 4051.79
26822, 4105.64
26830, 4301.54
26837, 4516.92
26845, 4660
26853, 4648.72
26861, 4443.59
26869, 4181.03
26876, 4052.31
26884, 4101.54
26892, 4288.21
26900, 4516.92
26908, 4671.79
26916, 4660
26923, 4453.85
26932, 4181.54
26939, 4028.72
26947, 4091.79
26955, 4300.51
26963, 4513.85
26970, 4660
26978, 4634.87
26986, 4415.38
26994, 4154.87
27002, 4008.21
27009, 4067.18
27017, 4277.95
27025, 4497.44
27033, 4652.31
27041, 4632.82
27048, 4407.69
27056, 4134.87
27065, 3994.87
27072, 4076.41
27080, 4279.49
27088, 4487.69
27095, 4646.67
27103, 4619.49
27111, 4393.85
27119, 4138.46
27127, 4014.36
27135, 4086.15
27142, 4283.08
27150, 4508.21
27158, 4664.1
27172, 4632.31
27174, 4420.51
27181, 4161.54
27189, 4024.1
27197, 4077.95
27205, 4270.26
27213, 4506.15
27221, 4575.9
27228, 4421.03
27236, 4308.72
27248, 4349.23
27253, 4367.69
27260, 4325.13
27268, 4333.85
27276, 4359.49
27284, 4349.74
27291, 4348.72
27299, 4349.23
27307, 4342.05
27314, 4344.1
27322, 4345.64
27330, 4350.77
27338, 4353.33
27346, 4349.74
27354, 4355.9
27361, 4351.79
27370, 4347.18
27377, 4349.23
27386, 4343.08
27393, 4350.26
27401, 4355.38
27408, 4350.26
27416, 4350.26
27424, 4349.74
27432, 4350.77
27440, 4343.59
27447, 4337.95
27456, 4348.21
27463, 4347.69
27472, 4343.59
27479, 4344.62
27486, 4346.67
27494, 4354.36
27502, 4350.26
27510, 4346.15
27518, 4349.23
27526, 4346.67
27534, 4351.79
27541, 4353.85
27549, 4352.82
27561, 4353.85
27565, 4347.18
27577, 4349.23
27580, 4351.79
27588, 4349.23
27596, 4351.79
27604, 4350.26
27612, 4352.82
27619, 4344.62
27627, 4337.44
27635, 4349.74
27643, 4345.64
27652, 4343.08
27660, 4350.26
27666, 4350.77
27679, 4352.82
27682, 4346.15
27690, 4350.26
27698, 4360.51
27705, 4357.44
27713, 4353.33
27721, 4343.08
27735, 4343.59
27737, 4351.79
27745, 4343.59
27753, 4344.62
27763, 4347.69
27768, 4344.62
27776, 4349.23
27784, 4351.28
27792, 4351.28
27799, 4346.67
27807, 4347.18
27815, 4353.33
27823, 4341.54
27831, 4344.62
27838, 4360
27846, 4353.33
27854, 4347.18
27866, 4351.28
27870, 4359.49
27878, 4358.46
27885, 4348.72
27893, 4347.69
27901, 4351.28
27909, 4359.49
27917, 4356.92
27925, 4337.44
27937, 4342.56
27940, 4351.79
27954, 4350.26
27961, 4351.79
27964, 4347.69
27971, 4350.77
27985, 4348.72
27987, 4344.62
27995, 4350.26
28003, 4342.05
28011, 4342.56
28018, 4355.38
28026, 4355.38
28034, 4353.33
28042, 4346.15
28050, 4345.13
28057, 4352.82
28065, 4349.74
28073, 4352.31
28081, 4361.03
28089, 4358.97
28097, 4345.13, estimuli
28104, 4348.72
28112, 4370.26
28120, 4350.77
28128, 4328.21
28136, 4349.74
28143, 4358.97
28151, 4350.26
28159, 4351.79
28167, 4351.79
28175, 4345.64
28183, 4341.03
28190, 4345.64
28198, 4345.64
28206, 4348.21
28214, 4366.15
28222, 4368.72
28229, 4346.67
28237, 4393.33
28245, 4529.74
28253, 4536.92
28261, 4278.97
28269, 4023.08
28276, 4040
28285, 4220.51
28292, 4426.67
28301, 4617.44
28308, 4683.59
28316, 4537.44
28323, 4251.79
28331, 4046.15
28339, 4043.08
28347, 4207.18
28355, 4431.28
28362, 4617.44
28372, 4677.44
28378, 4526.67
28386, 4252.31
28394, 4053.33
28402, 4042.56
28409, 4209.23
28417, 4434.36
28425, 4616.92
28433, 4681.03
28441, 4527.69
28448, 4244.62
28456, 4040.51
28464, 4041.54
28472, 4221.54
28480, 4436.92
28488, 4612.82
28495, 4678.97
28503, 4522.56
28511, 4241.03
28519, 4044.62
28527, 4045.64
28535, 4214.87
28542, 4427.18
28551, 4615.9
28558, 4683.08
28566, 4515.38
28574, 4237.44
28581, 4044.1
28589, 4041.54
28597, 4212.82
28605, 4434.87
28613, 4626.15
28621, 4675.9
28628, 4509.23
28636, 4243.59
28644, 4047.18
28652, 4043.08
28660, 4211.28
28668, 4431.79
28675, 4625.64
28684, 4671.79
28691, 4505.13
28699, 4244.1
28706, 4053.33
28714, 4043.59
28722, 4203.08
28730, 4434.36
28738, 4624.62
28746, 4670.77
28753, 4514.36
28761, 4235.38
28769, 4034.36
28777, 4041.54
28785, 4209.23
28793, 4435.9
28800, 4626.67
28808, 4672.31
28816, 4515.38
28824, 4238.97
28832, 4040.51
28839, 4044.62
28847, 4213.33
28855, 4442.05
28863, 4619.49
28871, 4655.9
28879, 4502.56
28886, 4240.51
28894, 4043.59
28903, 4037.95
28910, 4217.95
28918, 4442.56
28925, 4617.44
28933, 4662.05
28941, 4491.79
28949, 4231.79
28957, 4056.41
28965, 4042.05
28972, 4203.59
28980, 4434.36
28988, 4615.38
28996, 4659.49
29004, 4497.95
29011, 4233.33
29019, 4048.21
29027, 4050.26
29035, 4218.46
29043, 4436.41
29051, 4621.03
29058, 4660
29066, 4484.62
29074, 4230.26
29082, 4055.9
29090, 4055.9
29098, 4215.9
29105, 4433.85
29113, 4618.97
29121, 4648.21
29129, 4481.03
29137, 4229.23
29144, 4047.18
29152, 4059.49
29160, 4224.62
29168, 4433.33
29176, 4613.33
29184, 4643.59
29191, 4476.92
29199, 4230.77
29207, 4058.46
29215, 4059.49
29223, 4211.79
29230, 4448.21
29238, 4584.1
29246, 4482.05
29254, 4340
29262, 4345.13
29270, 4382.05
29277, 4347.18
29285, 4334.36
29293, 4361.03
29301, 4357.95
29309, 4354.87
29316, 4357.95
29324, 4353.33
29332, 4355.9
29340, 4355.38
29348, 4352.82
29356, 4354.36
29363, 4351.28
29371, 4354.36
29379, 4355.9
29387, 4351.79
29395, 4352.82
29402, 4352.31
29410, 4355.9
29418, 4354.36
29426, 4347.69
29434, 4355.9
29442, 4353.33
29449, 4348.21
29457, 4354.36
29465, 4354.36
29473, 4353.33
29481, 4351.28
29488, 4356.92
29496, 4361.03
29504, 4350.77
29512, 4353.85
29520, 4353.85
29528, 4347.69
29535, 4354.87
29543, 4352.31
29551, 4348.72
29559, 4350.26
29567, 4350.26
29574, 4354.87
29582, 4351.79
29590, 4351.28
29598, 4351.28
29606, 4350.26
29614, 4355.38
29621, 4348.21
29629, 4347.69
29637, 4354.87
29645, 4353.85
29653, 4356.92
29661, 4352.82
29668, 4352.82
29676, 4354.87
29685, 4345.13
29692, 4346.67
29701, 4350.26
29707, 4348.72
29715, 4346.67
29723, 4345.64
29731, 4353.33
29739, 4348.21
29747, 4349.74
29754, 4364.1
29762, 4349.23
29770, 4341.54
29778, 4349.74
29786, 4343.08
29793, 4355.9
29801, 4368.72
29809, 4354.36
29817, 4340.51
29825, 4343.59
29833, 4355.9
29840, 4354.87
29848, 4352.82
29856, 4354.36
29864, 4353.85
29872, 4363.08
29879, 4356.92
29887, 4346.67
29895, 4355.38
29903, 4352.31
29911, 4348.72
29919, 4356.92
29926, 4361.54
29934, 4352.82
29942, 4337.95
29950, 4349.74
29958, 4360
29965, 4347.18
29973, 4353.33
29981, 4358.97
29989, 4356.41
29997, 4360
30005, 4360.51
30012, 4358.46
30020, 4352.31
30028, 4354.87
30036, 4354.36
30044, 4345.64
30051, 4356.92
30059, 4359.49
30067, 4348.21
30075, 4352.82
30083, 4354.36
30091, 4350.26
30098, 4350.26
30106, 4356.92
30114, 4358.97
30122, 4345.64
30130, 4347.69, estimuli
30138, 4352.31
30145, 4342.56
30153, 4347.69
30161, 4348.72
30169, 4348.21
30177, 4351.79
30184, 4348.21
30192, 4351.28
30200, 4348.21
30208, 4349.23
30216, 4356.41
30223, 4351.28
30231, 4348.21
30239, 4342.56
30247, 4355.9
30255, 4368.21
30263, 4351.28
30270, 4434.36
30278, 4555.38
30286, 4454.36
30294, 4163.59
30302, 4009.74
30310, 4121.03
30317, 4305.13
30325, 4487.18
30337, 4653.33
30341, 4639.49
30349, 4423.08
30356, 4162.05
30364, 4030.77
30372, 4106.67
30380, 4295.38
30388, 4497.95
30396, 4654.36
30403, 4629.74
30411, 4414.36
30419, 4161.03
30427, 4036.41
30435, 4106.67
30442, 4293.85
30450, 4504.62
30458, 4652.82
30467, 4630.26
30474, 4424.62
30482, 4163.08
30489, 4034.36
30497, 4106.15
30505, 4297.95
30513, 4508.72
30521, 4648.21
30528, 4627.18
30536, 4421.54
30544, 4158.46
30552, 4034.36
30560, 4104.1
30568, 4296.92
30575, 4509.23
30583, 4649.23
30591, 4627.69
30599, 4418.46
30607, 4161.03
30614, 4033.33
30622, 4100
30630, 4303.59
30638, 4515.9
30646, 4656.92
30654, 4629.74
30661, 4407.69
30669, 4156.92
30677, 4036.92
30685, 4099.49
30693, 4295.9
30701, 4508.21
30708, 4657.44
30717, 4631.28
30724, 4400.51
30732, 4144.62
30740, 4030.26
30747, 4107.18
30755, 4297.95
30763, 4499.49
30771, 4660
30779, 4638.97
30787, 4409.74
30794, 4152.31
30802, 4031.28
30810, 4110.26
30819, 4298.97
30826, 4507.69
30833, 4672.31
30841, 4633.85
30849, 4397.44
30857, 4149.74
30865, 4036.41
30872, 4104.62
30880, 4289.74
30888, 4512.31
30896, 4662.05
30904, 4613.85
30912, 4396.92
30919, 4152.31
30927, 4032.31
30935, 4102.56
30943, 4292.82
30951, 4520.51
30959, 4666.67
30966, 4610.77
30974, 4389.74
30982, 4147.18
30990, 4040
30998, 4108.72
31005, 4297.44
31013, 4525.13
31021, 4665.64
31029, 4613.85
31037, 4388.72
31045, 4148.72
31052, 4042.05
31060, 4106.15
31068, 4305.64
31076, 4529.74
31084, 4671.28
31091, 4631.28
31099, 4399.49
31107, 4147.69
31115, 4036.41
31123, 4099.49
31131, 4298.46
31145, 4523.08
31146, 4663.59
31154, 4618.97
31162, 4393.33
31170, 4154.36
31177, 4041.54
31185, 4112.31
31193, 4314.36
31201, 4524.62
31209, 4665.64
31217, 4621.03
31224, 4387.69
31232, 4146.15
31240, 4040
31248, 4110.77
31256, 4306.67
31263, 4515.38
31271, 4569.23
31279, 4417.95
31287, 4309.23
31295, 4353.33
31303, 4364.62
31310, 4340
31318, 4352.31
31326, 4344.1
31334, 4335.9
31342, 4346.67
31350, 4351.28
31357, 4344.62
31365, 4345.13
31373, 4359.49
31381, 4354.87
31389, 4351.28
31396, 4347.69
31404, 4340.51
31412, 4352.31
31420, 4356.41
31428, 4352.82
31436, 4354.87
31443, 4352.31
31451, 4354.87
31459, 4351.79
31467, 4350.77
31475, 4352.82
31483, 4346.67
31490, 4350.77
31498, 4352.31
31506, 4348.21
31514, 4351.28
31522, 4347.69
31529, 4350.77
31537, 4349.23
31545, 4343.59
31553, 4348.72
31561, 4342.05
31568, 4342.56
31576, 4354.36
31584, 4354.36
31592, 4351.28
31600, 4347.18
31608, 4348.21
31615, 4348.72
31623, 4346.67
31631, 4353.85
31639, 4350.77
31647, 4347.18
31654, 4350.26
31662, 4346.15
31670, 4352.31
31678, 4352.31
31686, 4344.1
31694, 4346.67
31701, 4345.13
31709, 4351.79
31717, 4353.33
31725, 4343.59
31734, 4351.28
31740, 4355.38
31748, 4350.26
31756, 4343.59
31764, 4342.05
31772, 4354.36
31780, 4350.77
31787, 4343.59
31795, 4351.79
31803, 4355.38
31811, 4351.79
31819, 4341.03
31827, 4351.28
31835, 4364.62
31842, 4344.62
31850, 4338.97
31858, 4349.23
31866, 4353.33
31873, 4354.36
31881, 4345.64
31889, 4347.69
31897, 4353.85
31905, 4347.18
31912, 4347.69
31920, 4352.31
31928, 4351.79
31936, 4348.72
31944, 4352.31
31952, 4358.97
31959, 4342.05
31967, 4340.51
31975, 4359.49
31983, 4353.33
31991, 4345.64
31999, 4346.15
32006, 4353.33
32014, 4360
32022, 4351.28
32030, 4347.69
32038, 4348.21
32045, 4348.72
32053, 4354.87
32061, 4350.77
32069, 4350.77
32077, 4356.41
32085, 4357.44
32092, 4353.33
32100, 4342.56
32108, 4350.26
32116, 4357.95
32124, 4348.21
32131, 4347.18
32139, 4348.72
32147, 4360
32155, 4366.15
32163, 4346.67
32171, 4342.56, estimuli
32178, 4348.21
32186, 4346.67
32194, 4348.72
32202, 4349.23
32210, 4351.28
32217, 4347.69
32225, 4347.18
32233, 4354.36
32241, 4347.69
32249, 4351.79
32257, 4357.44
32264, 4349.23
32272, 4347.18
32280, 4343.08
32288, 4360
32296, 4366.67
32303, 4352.31
32311, 4446.15
32319, 4551.28
32327, 4427.69
32335, 4135.9
32343, 4003.08
32350, 4137.95
32358, 4340.51
32366, 4527.18
32374, 4657.44
32382, 4619.49
32390, 4401.03
32397, 4126.15
32405, 4015.38
32417, 4135.38
32421, 4332.82
32429, 4524.1
32436, 4665.13
32444, 4623.59
32452, 4395.9
32460, 4133.33
32468, 4019.49
32476, 4118.46
32483, 4324.62
32491, 4531.28
32499, 4661.03
32507, 4620
32517, 4394.36
32522, 4127.69
32530, 4018.97
32538, 4115.38
32546, 4322.05
32554, 4531.79
32562, 4658.46
32569, 4614.87
32577, 4392.82
32585, 4139.49
32593, 4029.23
32601, 4115.38
32608, 4328.21
32616, 4531.28
32624, 4654.36
32632, 4617.44
32640, 4386.15
32648, 4132.31
32658, 4029.74
32666, 4114.87
32671, 4325.64
32679, 4536.92
32687, 4664.1
32694, 4614.36
32702, 4384.62
32710, 4134.87
32718, 4026.67
32726, 4120.51
32734, 4326.15
32741, 4521.54
32749, 4658.46
32757, 4614.36
32765, 4381.54
32773, 4140
32780, 4035.38
32788, 4123.08
32796, 4324.1
32804, 4533.33
32812, 4669.23
32820, 4603.08
32827, 4373.33
32835, 4138.46
32843, 4032.82
32851, 4124.1
32859, 4326.67
32866, 4536.41
32874, 4668.72
32882, 4603.59
32890, 4372.31
32898, 4128.21
32906, 4028.72
32913, 4122.05
32921, 4323.59
32929, 4545.64
32937, 4668.72
32945, 4590.77
32953, 4370.26
32960, 4133.33
32968, 4028.21
32976, 4121.03
32984, 4335.9
32992, 4560
32999, 4673.85
33007, 4591.28
33015, 4361.03
33023, 4130.26
33031, 4033.85
33039, 4116.41
33046, 4331.79
33054, 4553.85
33062, 4663.59
33070, 4598.46
33078, 4376.41
33085, 4132.82
33093, 4026.15
33101, 4115.9
33109, 4338.46
33117, 4546.67
33125, 4658.97
33132, 4604.1
33140, 4370.26
33148, 4126.15
33156, 4030.77
33164, 4123.59
33171, 4341.03
33179, 4550.26
33187, 4667.18
33195, 4606.67
33204, 4375.9
33211, 4129.23
33218, 4019.49
33226, 4115.9
33234, 4338.97
33242, 4553.33
33250, 4676.41
33257, 4603.08
33265, 4368.21
33273, 4132.31
33281, 4032.31
33289, 4122.05
33297, 4329.74
33304, 4534.87
33312, 4562.56
33320, 4392.82
33328, 4307.18
33336, 4363.59
33343, 4364.1
33351, 4327.69
33359, 4339.49
33367, 4354.36
33375, 4355.9
33383, 4353.33
33390, 4354.87
33398, 4352.82
33406, 4354.87
33414, 4356.41
33422, 4340.51
33430, 4346.15
33437, 4359.49
33445, 4354.87
33453, 4352.31
33461, 4351.28
33469, 4353.33
33476, 4347.18
33484, 4344.1
33492, 4355.9
33500, 4350.77
33508, 4343.08
33516, 4347.18
33523, 4349.23
33531, 4351.79
33539, 4347.18
33547, 4347.69
33555, 4350.26
33562, 4345.13
33570, 4349.23
33578, 4351.28
33586, 4350.77
33594, 4349.74
33602, 4346.15
33609, 4354.36
33617, 4354.36
33625, 4348.72
33633, 4353.33
33641, 4351.28
33648, 4351.79
33656, 4348.72
33664, 4343.59
33672, 4350.77
33680, 4348.72
33688, 4348.72
33695, 4348.21
33703, 4345.13
33711, 4351.79
33719, 4344.62
33727, 4340
33734, 4348.72
33742, 4349.23
33751, 4350.26
33758, 4344.62
33766, 4345.64
33775, 4355.38
33781, 4349.23
33789, 4346.15
33797, 4350.26
33805, 4355.38
33813, 4355.38
33820, 4344.62
33828, 4347.18
33836, 4351.79
33844, 4354.36
33852, 4356.41
33860, 4345.64
33867, 4346.67
33875, 4347.18
33883, 4338.46
33891, 4344.1
33899, 4343.59
33906, 4341.54
33914, 4345.64
33922, 4347.69
33930, 4357.44
33938, 4352.82
33946, 4342.05
33953, 4349.23
33961, 4354.36
33969, 4354.36
33977, 4346.15
33985, 4348.72
33993, 4361.03
34000, 4351.28
34008, 4344.1
34016, 4352.31
34024, 4362.56
34032, 4361.54
34039, 4341.54
34047, 4342.05
34055, 4358.97
34063, 4360
34071, 4350.26
34079, 4341.03
34086, 4348.72
34094, 4351.79
34102, 4336.41
34110, 4345.13
34118, 4353.85
34125, 4348.72
34133, 4349.74
34141, 4350.77
34149, 4352.82
34157, 4345.64
34165, 4345.13
34172, 4353.85
34180, 4346.15
34188, 4346.67
34196, 4348.21
34204, 4347.18
34211, 4358.46
34219, 4352.82, estimuli
34227, 4346.67
34235, 4352.31
34243, 4349.23
34251, 4347.18
34258, 4351.28
34266, 4363.08
34274, 4357.44
34282, 4336.92
34290, 4341.54
34297, 4347.69
34305, 4344.1
34313, 4345.64
34321, 4341.54
34329, 4342.56
34337, 4357.95
34344, 4363.08
34352, 4351.79
34360, 4426.15
34368, 4555.9
34376, 4471.28
34383, 4174.87
34391, 4016.41
34399, 4109.23
34407, 4294.36
34415, 4488.21
34423, 4647.18
34430, 4651.28
34438, 4446.15
34446, 4174.36
34454, 4031.79
34462, 4092.31
34469, 4287.18
34477, 4491.28
34485, 4647.69
34493, 4645.13
34501, 4430.26
34509, 4170.77
34516, 4029.74
34524, 4085.13
34532, 4285.64
34540, 4497.44
34548, 4656.92
34555, 4644.1
34563, 4425.13
34571, 4169.74
34579, 4036.92
34587, 4099.49
34595, 4287.18
34602, 4494.87
34610, 4658.97
34618, 4640
34626, 4426.67
34634, 4167.18
34642, 4026.15
34649, 4096.41
34657, 4291.79
34665, 4500
34673, 4656.92
34681, 4639.49
34688, 4426.15
34696, 4164.1
34704, 4034.36
34712, 4100.51
34720, 4280
34728, 4497.44
34735, 4656.92
34743, 4632.31
34751, 4424.62
34759, 4167.18
34767, 4031.79
34774, 4088.72
34782, 4278.46
34790, 4502.56
34798, 4650.77
34806, 4627.69
34814, 4425.13
34821, 4168.72
34829, 4034.36
34837, 4096.41
34845, 4295.38
34853, 4506.15
34860, 4644.1
34869, 4632.31
34876, 4427.18
34885, 4168.21
34892, 4036.41
34900, 4093.33
34907, 4289.74
34915, 4500
34923, 4644.1
34931, 4636.41
34939, 4421.03
34946, 4152.82
34954, 4027.18
34962, 4098.46
34970, 4295.9
34978, 4503.59
34986, 4653.33
34993, 4632.31
35001, 4414.87
35009, 4166.67
35017, 4040
35025, 4106.67
35033, 4298.46
35040, 4503.08
35048, 4658.97
35056, 4636.92
35064, 4411.79
35072, 4154.36
35079, 4035.38
35087, 4116.41
35095, 4303.59
35103, 4504.62
35111, 4654.36
35119, 4612.31
35126, 4394.36
35134, 4160.51
35142, 4037.44
35150, 4100
35158, 4291.28
35165, 4515.9
35173, 4668.21
35181, 4621.54
35189, 4405.13
35197, 4160
35205, 4037.95
35212, 4107.18
35220, 4298.46
35228, 4520
35237, 4662.05
35244, 4617.44
35251, 4405.64
35259, 4158.97
35267, 4037.44
35275, 4098.97
35283, 4292.82
35291, 4529.23
35298, 4674.87
35306, 4618.46
35314, 4398.46
35322, 4156.92
35330, 4035.9
35337, 4085.13
35345, 4284.1
35353, 4521.03
35361, 4580.51
35369, 4430.26
35377, 4310.26
35384, 4350.26
35392, 4374.87
35400, 4327.69
35408, 4342.05
35416, 4356.92
35423, 4342.05
35431, 4343.59
35439, 4342.56
35447, 4347.69
35455, 4352.31
35463, 4352.82
35470, 4357.95
35478, 4350.26
35486, 4343.59
35494, 4345.64
35502, 4346.67
35510, 4351.28
35517, 4346.15
35525, 4344.62
35533, 4347.18
35541, 4342.56
35549, 4355.38
35556, 4359.49
35564, 4349.74
35572, 4349.23
35580, 4349.23
35588, 4353.33
35595, 4348.72
35603, 4347.69
35611, 4358.97
35619, 4352.31
35627, 4349.74
35635, 4354.87
35642, 4348.72
35650, 4343.08
35658, 4342.56
35666, 4350.77
35674, 4350.26
35681, 4341.54
35689, 4347.69
35697, 4347.18
35705, 4348.21
35713, 4353.85
35721, 4343.59
35728, 4343.08
35736, 4347.69
35744, 4349.74
35752, 4350.77
35760, 4343.08
35768, 4347.69
35775, 4352.31
35784, 4348.72
35791, 4351.28
35799, 4347.69
35807, 4347.69
35814, 4351.28
35822, 4354.36
35830, 4358.46
35838, 4350.26
35846, 4351.79
35854, 4357.44
35861, 4348.72
35869, 4349.23
35877, 4353.33
35885, 4354.36
35893, 4349.74
35901, 4343.08
35908, 4349.23
35916, 4347.18
35924, 4345.13
35932, 4355.38
35940, 4350.77
35947, 4350.26
35955, 4353.33
35963, 4350.26
35971, 4351.28
35979, 4348.21
35986, 4352.31
35994, 4351.79
36002, 4348.72
36010, 4355.38
36018, 4350.77
36026, 4350.77
36033, 4348.21
36041, 4337.44
36049, 4348.72
36057, 4355.38
36065, 4346.67
36073, 4344.1
36080, 4348.72
36088, 4354.87
36096, 4344.62
36104, 4338.97
36112, 4357.44
36119, 4354.36
36127, 4341.54
36135, 4344.62
36143, 4353.85
36151, 4357.95
36159, 4345.13
36166, 4345.64
36174, 4354.87
36182, 4352.82
36190, 4348.21
36198, 4343.59
36205, 4353.85
36213, 4357.95
36221, 4346.67, estimuli
36229, 4349.23
36237, 4355.38
36245, 4358.46
36252, 4351.79
36260, 4341.03
36268, 4353.85
36276, 4356.92
36284, 4345.13
36291, 4349.74
36299, 4353.85
36307, 4353.85
36315, 4345.13
36323, 4334.87
36331, 4340.51
36338, 4359.49
36346, 4364.1
36354, 4358.46
36362, 4458.97
36370, 4569.74
36377, 4416.92
36385, 4107.18
36393, 4005.13
36401, 4147.18
36409, 4338.97
36417, 4527.18
36424, 4677.95
36432, 4635.38
36440, 4377.95
36448, 4110.77
36456, 4018.46
36463, 4125.64
36471, 4331.79
36479, 4530.77
36487, 4679.49
36495, 4631.79
36503, 4369.23
36510, 4106.15
36519, 4016.41
36526, 4128.72
36535, 4330.26
36542, 4532.31
36549, 4677.95
36557, 4617.95
36565, 4370.26
36573, 4109.74
36581, 4006.67
36589, 4125.64
36596, 4335.38
36604, 4540.51
36612, 4687.18
36620, 4623.08
36628, 4363.08
36635, 4106.67
36643, 4025.13
36651, 4131.79
36659, 4327.69
36667, 4551.28
36675, 4693.33
36682, 4607.69
36690, 4350.77
36698, 4108.72
36706, 4027.69
36714, 4126.67
36722, 4331.28
36729, 4554.36
36737, 4678.97
36745, 4606.15
36753, 4363.08
36761, 4115.9
36768, 4030.77
36776, 4123.59
36784, 4329.23
36792, 4554.36
36800, 4679.49
36808, 4606.67
36815, 4361.54
36823, 4113.85
36831, 4024.1
36839, 4124.1
36847, 4344.1
36854, 4559.49
36862, 4678.46
36870, 4620.51
36878, 4373.33
36886, 4102.56
36894, 4001.54
36901, 4118.46
36909, 4345.64
36917, 4557.95
36925, 4684.1
36933, 4608.72
36940, 4352.31
36948, 4107.69
36956, 4014.87
36964, 4125.13
36972, 4351.79
36980, 4558.46
36987, 4678.97
36995, 4607.18
37003, 4354.87
37011, 4105.64
37019, 4018.46
37026, 4133.33
37034, 4340
37042, 4553.85
37050, 4696.92
37058, 4611.79
37066, 4342.05
37073, 4095.9
37081, 4020
37089, 4132.82
37097, 4337.44
37105, 4558.97
37112, 4693.33
37120, 4600.51
37128, 4339.49
37136, 4092.31
37144, 4017.95
37152, 4136.92
37159, 4341.03
37167, 4565.13
37175, 4702.05
37183, 4609.23
37191, 4340
37198, 4092.31
37206, 4023.08
37214, 4135.9
37222, 4346.67
37230, 4565.13
37238, 4682.56
37245, 4607.69
37253, 4357.95
37261, 4101.54
37269, 4020.51
37277, 4124.62
37285, 4340
37292, 4570.26
37300, 4687.18
37308, 4597.44
37316, 4343.08
37324, 4103.59
37331, 4025.64
37339, 4115.9
37347, 4337.95
37355, 4552.82
37363, 4556.92
37371, 4390.77
37378, 4313.33
37386, 4371.79
37394, 4373.33
37402, 4328.21
37410, 4341.54
37417, 4345.64
37425, 4343.08
37433, 4351.79
37441, 4353.85
37449, 4358.46
37457, 4353.33
37464, 4350.26
37472, 4343.59
37480, 4336.41
37488, 4347.18
37496, 4347.69
37503, 4344.62
37511, 4349.74
37519, 4352.31
37527, 4356.41
37535, 4348.21
37543, 4349.74
37550, 4359.49
37558, 4340
37566, 4336.41
37574, 4355.9
37582, 4356.41
37589, 4352.31
37597, 4355.38
37605, 4360.51
37613, 4352.31
37621, 4343.08
37629, 4350.26
37636, 4347.18
37644, 4345.64
37652, 4353.33
37660, 4348.21
37668, 4346.67
37675, 4348.21
37683, 4348.21
37691, 4351.79
37699, 4350.77
37707, 4353.33
37717, 4348.72
37722, 4343.59
37730, 4349.23
37739, 4347.18
37747, 4349.74
37754, 4350.77
37762, 4348.21
37770, 4352.82
37777, 4351.28
37785, 4348.72
37793, 4345.13
37801, 4348.72
37808, 4360.51
37816, 4351.79
37824, 4344.62
37832, 4350.26
37840, 4347.69
37848, 4350.77
37855, 4348.72
37863, 4348.21
37871, 4354.36
37879, 4346.67
37887, 4345.64
37894, 4345.64
37902, 4344.1
37910, 4352.31
37918, 4348.21
37926, 4344.62
37935, 4349.74
37941, 4351.79
37949, 4349.23
37957, 4345.64
37965, 4354.87
37973, 4350.77
37980, 4340
37988, 4355.38
37996, 4359.49
38004, 4348.21
38012, 4347.18
38020, 4351.28
38027, 4358.97
38035, 4348.21
38043, 4342.05
38051, 4349.74
38059, 4343.59
38066, 4344.1
38074, 4348.21
38082, 4350.77
38090, 4358.46
38098, 4348.21
38106, 4340
38113, 4347.18
38121, 4352.31
38129, 4347.18
38137, 4344.62
38145, 4358.46
38152, 4353.85
38160, 4336.41
38168, 4349.74
38176, 4357.44
38184, 4347.69
38192, 4349.74
38199, 4355.9
38207, 4357.95
38215, 4351.79
38223, 4354.87
38231, 4358.97, estimuli
38239, 4344.1
38246, 4341.03
38254, 4341.54
38262, 4346.67
38270, 4359.49
38278, 4351.79
38285, 4344.62
38293, 4346.15
38301, 4345.13
38309, 4347.69
38317, 4343.59
38324, 4349.74
38332, 4355.9
38340, 4343.08
38348, 4342.56
38356, 4360.51
38364, 4373.85
38371, 4355.9
38379, 4411.28
38387, 4553.33
38395, 4503.59
38403, 4204.62
38411, 3998.97
38418, 4081.54
38426, 4283.08
38434, 4471.28
38442, 4640.51
38450, 4669.74
38457, 4473.85
38465, 4190.26
38473, 4015.9
38481, 4059.49
38489, 4263.59
38497, 4477.44
38504, 4645.13
38512, 4667.18
38520, 4465.64
38528, 4184.1
38536, 4015.38
38543, 4065.64
38551, 4264.62
38559, 4474.36
38567, 4649.23
38575, 4663.59
38583, 4458.46
38590, 4187.69
38598, 4024.62
38606, 4069.74
38614, 4263.08
38622, 4484.1
38629, 4655.9
38637, 4662.56
38645, 4471.79
38653, 4193.85
38661, 4014.87
38669, 4061.03
38676, 4256.92
38684, 4482.56
38692, 4657.95
38700, 4662.05
38708, 4459.49
38715, 4184.1
38723, 4024.1
38731, 4066.15
38739, 4259.49
38747, 4493.85
38755, 4656.41
38762, 4656.41
38770, 4463.59
38778, 4186.67
38786, 4021.03
38794, 4061.54
38801, 4263.08
38809, 4502.56
38817, 4660
38825, 4654.87
38833, 4462.05
38841, 4187.18
38848, 4019.49
38856, 4067.18
38864, 4280.51
38872, 4500
38880, 4642.05
38888, 4652.31
38895, 4460.51
38903, 4177.95
38911, 4009.23
38919, 4054.87
38927, 4266.67
38934, 4498.46
38942, 4662.56
38950, 4661.03
38958, 4450.26
38966, 4177.44
38974, 4018.46
38981, 4065.64
38989, 4268.72
38997, 4493.33
39005, 4662.05
39013, 4660.51
39020, 4455.9
39028, 4186.15
39036, 4013.33
39044, 4060.51
39052, 4271.79
39060, 4499.49
39067, 4672.82
39075, 4667.69
39083, 4445.64
39091, 4165.13
39099, 4010.77
39106, 4071.28
39114, 4267.69
39122, 4492.31
39130, 4665.64
39138, 4651.28
39146, 4444.1
39153, 4183.08
39161, 4020.51
39169, 4068.21
39177, 4273.85
39185, 4507.18
39192, 4663.59
39200, 4648.21
39208, 4444.62
39216, 4170.77
39224, 4015.38
39232, 4072.31
39239, 4272.82
39247, 4505.13
39255, 4664.1
39263, 4651.79
39271, 4446.67
39279, 4170.26
39286, 4019.49
39294, 4075.9
39302, 4277.44
39310, 4504.1
39318, 4653.85
39325, 4643.59
39333, 4443.08
39341, 4172.82
39350, 4023.59
39357, 4064.62
39365, 4262.05
39372, 4502.56
39380, 4582.56
39388, 4444.62
39396, 4315.38
39404, 4349.23
39411, 4375.38
39419, 4332.31
39427, 4343.59
39435, 4355.38
39443, 4343.59
39450, 4350.26
39458, 4348.21
39466, 4347.69
39474, 4344.1
39482, 4347.69
39490, 4357.95
39497, 4348.72
39505, 4341.54
39513, 4342.05
39521, 4346.15
39529, 4352.31
39537, 4342.56
39544, 4343.59
39552, 4350.26
39560, 4347.18
39568, 4353.33
39576, 4350.77
39583, 4350.26
39591, 4354.87
39599, 4346.67
39607, 4345.64
39615, 4353.85
39623, 4355.9
39630, 4349.74
39638, 4347.18
39646, 4355.38
39654, 4346.15
39662, 4336.92
39669, 4350.26
39677, 4353.85
39685, 4351.79
39693, 4351.28
39701, 4360.51
39709, 4367.69
39716, 4346.15
39724, 4335.38
39732, 4346.15
39740, 4352.31
39748, 4351.79
39756, 4342.56
39763, 4347.18
39771, 4357.95
39779, 4349.74
39787, 4348.21
39795, 4349.74
39802, 4350.26
39810, 4352.31
39818, 4347.18
39826, 4351.79
39834, 4347.69
39841, 4343.59
39849, 4351.28
39857, 4354.87
39865, 4361.03
39873, 4351.79
39881, 4342.56
39888, 4354.36
39896, 4352.31
39904, 4353.33
39912, 4357.95
39920, 4341.54
39928, 4335.9
39935, 4347.18
39943, 4350.77
39951, 4347.69
39959, 4349.74
39967, 4352.31
39974, 4341.03
39982, 4340
39990, 4350.77
39998, 4345.64
40006, 4348.72
40014, 4353.33
40021, 4349.74
40029, 4351.28
40037, 4350.77
40045, 4355.38
40053, 4353.33
40060, 4349.23
40068, 4356.41
40076, 4355.9
40084, 4354.36
40092, 4345.64
40100, 4335.9
40107, 4353.33
40115, 4362.05
40123, 4354.87
40131, 4345.13
40139, 4337.44
40146, 4347.69
40154, 4348.72
40162, 4344.1
40170, 4352.31
40178, 4353.33
40186, 4352.82
40193, 4350.26
40201, 4354.87
40209, 4363.08
40217, 4353.85
40225, 4351.28
40232, 4351.79
40240, 4351.28
40248, 4355.9, estimuli
40256, 4349.23
40264, 4354.36
40272, 4360
40279, 4345.64
40287, 4342.05
40295, 4347.69
40303, 4353.33
40311, 4351.79
40318, 4347.18
40326, 4355.38
40334, 4350.26
40342, 4343.08
40350, 4343.59
40358, 4337.44
40365, 4360.51
40373, 4376.41
40381, 4349.23
40389, 4410.26
40397, 4548.72
40404, 4508.21
40412, 4215.38
40420, 4001.54
40428, 4077.44
40436, 4261.03
40444, 4459.49
40451, 4649.23
40459, 4677.44
40467, 4487.69
40475, 4201.03
40483, 4026.67
40490, 4064.1
40498, 4249.23
40506, 4471.28
40514, 4642.56
40522, 4668.21
40530, 4486.15
40537, 4200
40545, 4020.51
40553, 4053.85
40561, 4246.15
40569, 4473.85
40577, 4646.67
40584, 4672.82
40592, 4480
40600, 4195.38
40608, 4027.18
40616, 4055.9
40623, 4241.03
40631, 4469.74
40639, 4650.77
40647, 4675.38
40655, 4477.44
40663, 4200.51
40670, 4031.79
40678, 4059.49
40686, 4251.28
40694, 4473.33
40702, 4649.74
40709, 4675.9
40717, 4473.85
40725, 4198.46
40733, 4029.23
40741, 4056.92
40749, 4247.69
40756, 4471.28
40765, 4653.85
40772, 4671.79
40780, 4467.69
40788, 4195.9
40795, 4027.18
40803, 4064.1
40811, 4255.9
40820, 4479.49
40827, 4658.97
40835, 4665.13
40842, 4461.03
40850, 4189.74
40858, 4025.64
40866, 4066.15
40874, 4252.82
40881, 4483.08
40889, 4662.05
40897, 4662.56
40905, 4466.15
40913, 4193.85
40921, 4024.1
40928, 4065.64
40936, 4256.92
40944, 4485.64
40952, 4650.77
40960, 4652.31
40968, 4465.64
40975, 4189.23
40983, 4015.38
40991, 4056.92
40999, 4255.38
41007, 4487.18
41014, 4654.87
41022, 4664.1
41030, 4469.23
41038, 4189.74
41046, 4024.62
41054, 4065.13
41061, 4265.64
41069, 4494.36
41077, 4656.92
41086, 4671.28
41093, 4469.23
41100, 4178.97
41108, 4015.38
41116, 4058.97
41124, 4258.46
41132, 4485.13
41140, 4654.87
41147, 4671.28
41155, 4456.92
41163, 4171.79
41171, 4018.97
41179, 4060
41186, 4256.92
41194, 4487.18
41202, 4659.49
41210, 4665.13
41218, 4457.44
41226, 4183.08
41233, 4020.51
41241, 4071.79
41249, 4272.31
41257, 4487.18
41265, 4658.46
41272, 4665.64
41280, 4453.33
41288, 4176.92
41296, 4021.54
41304, 4073.85
41312, 4263.59
41319, 4482.56
41327, 4657.95
41335, 4657.44
41343, 4460
41351, 4190.77
41358, 4022.56
41366, 4067.69
41374, 4252.31
41382, 4478.97
41390, 4586.15
41398, 4462.56
41405, 4328.21
41413, 4350.26
41421, 4373.85
41429, 4333.33
41437, 4339.49
41444, 4363.08
41452, 4349.23
41460, 4348.72
41468, 4356.92
41476, 4347.69
41484, 4350.77
41491, 4355.38
41499, 4336.92
41507, 4334.36
41515, 4347.18
41523, 4351.28
41531, 4346.67
41538, 4347.69
41546, 4353.33
41554, 4349.23
41562, 4358.46
41570, 4363.08
41577, 4339.49
41585, 4340
41593, 4353.85
41601, 4350.77
41609, 4348.21
41617, 4351.28
41624, 4355.9
41632, 4348.72
41640, 4345.13
41648, 4351.79
41656, 4344.1
41663, 4346.15
41671, 4350.77
41679, 4343.08
41687, 4346.67
41695, 4350.77
41703, 4357.95
41710, 4360
41718, 4350.26
41726, 4351.28
41734, 4352.31
41742, 4350.77
41749, 4340
41757, 4335.9
41765, 4366.15
41773, 4365.64
41781, 4333.85
41789, 4337.44
41796, 4352.82
41804, 4353.33
41812, 4349.23
41820, 4348.72
41828, 4350.77
41835, 4348.21
41843, 4353.33
41851, 4351.28
41859, 4347.18
41867, 4353.33
41875, 4351.28
41882, 4358.97
41890, 4364.1
41898, 4352.82
41906, 4353.33
41914, 4344.1
41922, 4335.9
41929, 4346.67
41937, 4347.69
41945, 4346.15
41953, 4351.28
41963, 4352.82
41968, 4349.74
41976, 4349.74
41984, 4364.62
41992, 4357.44
42000, 4336.41
42007, 4340.51
42015, 4352.31
42023, 4359.49
42031, 4351.28
42039, 4341.03
42047, 4352.82
42054, 4355.38
42062, 4348.72
42070, 4346.67
42078, 4350.77
42086, 4358.46
42094, 4347.18
42101, 4342.56
42109, 4355.38
42117, 4353.33
42125, 4351.79
42133, 4353.33
42140, 4352.82
42148, 4353.33
42156, 4345.64
42164, 4346.15
42172, 4351.28
42180, 4361.03
42187, 4368.72
42195, 4346.67
42203, 4338.97
42211, 4353.85
42219, 4351.28
42226, 4345.64
42235, 4350.26
42242, 4361.03
42251, 4352.82
42258, 4343.08
42266, 4358.46
42273, 4356.41, estimuli
42281, 4345.64
42289, 4350.77
42297, 4350.77
42305, 4351.28
42312, 4352.82
42320, 4350.77
42328, 4350.26
42336, 4347.18
42344, 4351.28
42352, 4349.23
42359, 4347.69
42368, 4354.87
42375, 4347.69
42383, 4343.08
42391, 4346.15
42398, 4364.1
42406, 4367.69
42414, 4357.44
42422, 4465.13
42430, 4570.26
42438, 4405.64
42445, 4100
42453, 4002.05
42461, 4150.77
42469, 4341.54
42477, 4525.13
42485, 4679.49
42492, 4629.74
42500, 4365.13
42508, 4101.03
42516, 4015.38
42524, 4130.77
42531, 4333.85
42539, 4540
42547, 4681.54
42555, 4613.33
42563, 4367.18
42570, 4112.82
42578, 4008.72
42587, 4124.1
42594, 4340.51
42602, 4550.77
42610, 4685.13
42618, 4616.41
42625, 4363.59
42633, 4107.18
42641, 4018.97
42649, 4126.67
42657, 4336.92
42664, 4562.56
42672, 4687.69
42680, 4608.21
42688, 4365.13
42696, 4107.18
42703, 4010.26
42711, 4120.51
42719, 4338.46
42727, 4556.41
42735, 4675.38
42743, 4607.18
42750, 4364.1
42758, 4100.51
42766, 4010.26
42774, 4125.64
42782, 4347.18
42789, 4561.54
42797, 4676.41
42805, 4612.82
42813, 4373.33
42821, 4112.82
42829, 4013.85
42836, 4122.05
42844, 4340
42852, 4548.21
42860, 4677.44
42868, 4622.56
42875, 4378.97
42883, 4121.54
42891, 4013.85
42899, 4120
42907, 4348.21
42915, 4551.79
42922, 4675.38
42930, 4609.23
42938, 4355.38
42946, 4103.59
42954, 4009.23
42961, 4121.03
42969, 4344.62
42977, 4556.41
42985, 4680
42993, 4600
43001, 4350.77
43008, 4109.74
43016, 4019.49
43024, 4138.46
43032, 4357.44
43040, 4567.69
43048, 4688.21
43055, 4595.38
43063, 4347.18
43071, 4103.59
43079, 4015.38
43087, 4135.38
43094, 4351.28
43102, 4564.62
43110, 4681.54
43118, 4596.92
43126, 4355.9
43133, 4106.15
43141, 4014.36
43149, 4131.28
43157, 4350.77
43165, 4568.21
43173, 4685.13
43180, 4601.54
43188, 4351.79
43196, 4102.05
43204, 4017.44
43212, 4125.13
43220, 4345.64
43227, 4574.87
43235, 4695.9
43243, 4610.26
43251, 4345.13
43259, 4087.69
43266, 4017.95
43274, 4134.36
43282, 4351.79
43290, 4570.26
43298, 4683.59
43306, 4603.59
43313, 4350.26
43321, 4094.87
43329, 4002.56
43337, 4123.08
43345, 4364.1
43352, 4576.92
43360, 4687.18
43368, 4603.59
43376, 4346.67
43384, 4106.15
43392, 4025.64
43399, 4123.08
43407, 4345.13
43415, 4553.33
43423, 4563.59
43431, 4385.13
43438, 4299.49
43446, 4370.77
43454, 4373.33
43462, 4332.82
43470, 4339.49
43478, 4338.97
43485, 4348.72
43493, 4348.21
43501, 4342.56
43509, 4356.41
43517, 4358.46
43524, 4352.82
43532, 4344.1
43540, 4345.64
43548, 4350.77
43556, 4344.62
43564, 4349.23
43571, 4350.77
43579, 4347.69
43587, 4350.26
43595, 4350.77
43603, 4362.05
43610, 4356.92
43618, 4343.08
43626, 4352.31
43634, 4348.72
43642, 4343.59
43650, 4355.9
43657, 4360
43665, 4350.26
43673, 4338.46
43681, 4341.54
43689, 4348.72
43697, 4348.72
43704, 4353.33
43712, 4343.59
43720, 4343.08
43728, 4355.38
43736, 4346.15
43743, 4346.15
43751, 4351.28
43759, 4349.23
43768, 4352.31
43775, 4353.85
43783, 4360.51
43790, 4352.82
43798, 4342.56
43806, 4353.33
43814, 4354.36
43822, 4349.23
43829, 4352.31
43837, 4356.92
43845, 4358.46
43853, 4349.74
43861, 4348.21
43869, 4349.74
43877, 4342.56
43884, 4347.18
43892, 4345.13
43900, 4343.08
43908, 4348.72
43915, 4345.13
43923, 4350.77
43931, 4353.33
43939, 4354.36
43947, 4353.85
43955, 4342.56
43962, 4347.69
43970, 4350.77
43978, 4346.67
43986, 4353.33
43994, 4350.26
44002, 4349.74
44009, 4353.33
44018, 4352.31
44025, 4357.44
44033, 4349.23
44041, 4344.62
44048, 4352.82
44056, 4347.69
44064, 4344.62
44072, 4345.64
44080, 4352.82
44088, 4355.9
44095, 4347.69
44103, 4353.33
44111, 4351.79
44119, 4344.1
44127, 4347.69
44134, 4345.64
44142, 4353.33
44150, 4358.46
44158, 4351.79
44166, 4349.23
44174, 4346.67
44181, 4356.41
44189, 4358.97
44197, 4348.72
44205, 4352.31
44213, 4349.23
44220, 4349.23
44228, 4350.26
44236, 4342.56
44244, 4348.21
44252, 4349.23
44259, 4349.74
44267, 4356.41
44275, 4348.21
44283, 4348.21
44291, 4360.51
44299, 4362.05
44306, 4349.74, estimuli
44314, 4342.05
44322, 4355.38
44330, 4354.36
44338, 4347.69
44346, 4358.46
44353, 4351.79
44361, 4351.79
44369, 4355.38
44377, 4348.21
44385, 4356.41
44392, 4355.9
44400, 4347.69
44408, 4347.69
44416, 4340
44424, 4342.05
44432, 4358.97
44439, 4364.62
44447, 4402.05
44455, 4515.9
44463, 4539.49
44471, 4297.44
44478, 4022.05
44486, 4028.72
44494, 4223.08
44502, 4439.49
44510, 4621.03
44518, 4675.9
44525, 4536.41
44533, 4256.41
44541, 4050.26
44549, 4049.74
44557, 4203.08
44564, 4421.03
44572, 4614.36
44580, 4684.1
44588, 4536.92
44596, 4258.97
44604, 4049.23
44611, 4027.69
44619, 4196.41
44627, 4427.18
44635, 4611.28
44643, 4681.54
44650, 4537.95
44658, 4263.08
44666, 4055.38
44674, 4033.33
44682, 4203.08
44690, 4431.79
44697, 4618.97
44705, 4686.15
44713, 4537.44
44721, 4261.54
44729, 4042.05
44736, 4025.13
44744, 4208.72
44752, 4427.69
44760, 4615.38
44768, 4687.69
44776, 4523.08
44783, 4244.62
44791, 4049.23
44799, 4041.54
44807, 4202.05
44815, 4425.13
44823, 4629.23
44830, 4680
44838, 4513.85
44846, 4252.31
44854, 4049.23
44862, 4035.9
44869, 4203.59
44877, 4435.38
44885, 4634.36
44893, 4681.54
44901, 4520
44909, 4249.74
44916, 4058.46
44924, 4058.46
44932, 4198.97
44940, 4413.85
44948, 4621.03
44955, 4674.87
44963, 4520
44971, 4248.21
44979, 4041.54
44987, 4038.46
44995, 4208.21
45002, 4441.54
45010, 4632.31
45018, 4681.54
45026, 4523.08
45034, 4245.64
45041, 4048.21
45049, 4042.56
45057, 4211.79
45065, 4444.62
45073, 4625.64
45081, 4679.49
45088, 4523.59
45096, 4238.46
45104, 4040.51
45112, 4037.44
45121, 4216.41
45127, 4452.82
45135, 4623.59
45143, 4664.1
45151, 4513.85
45159, 4249.74
45167, 4044.1
45174, 4032.31
45182, 4219.49
45190, 4449.74
45198, 4630.26
45206, 4685.13
45213, 4522.05
45221, 4246.15
45229, 4043.08
45237, 4040
45245, 4221.54
45253, 4442.56
45260, 4632.31
45268, 4685.64
45276, 4511.79
45284, 4238.97
45292, 4044.1
45300, 4049.23
45307, 4221.54
45315, 4438.46
45323, 4636.92
45331, 4684.62
45339, 4507.18
45346, 4232.31
45354, 4039.49
45362, 4047.69
45370, 4218.46
45378, 4447.18
45387, 4641.03
45393, 4671.28
45401, 4503.59
45409, 4242.56
45417, 4052.31
45425, 4047.18
45432, 4197.95
45440, 4444.62
45448, 4594.36
45456, 4485.13
45464, 4323.08
45473, 4327.69
45479, 4379.49
45487, 4340.51
45495, 4320.51
45503, 4357.95
45511, 4356.92
45518, 4344.1
45526, 4350.26
45535, 4354.87
45542, 4358.46
45550, 4353.33
45558, 4347.69
45565, 4350.77
45573, 4351.79
45581, 4356.92
45589, 4354.87
45597, 4350.26
45604, 4351.28
45612, 4343.59
45620, 4350.77
45628, 4354.36
45636, 4343.08
45644, 4349.74
45652, 4350.26
45659, 4347.18
45668, 4350.77
45675, 4346.15
45683, 4352.82
45690, 4352.31
45698, 4347.69
45706, 4353.33
45714, 4352.31
45722, 4352.31
45730, 4350.77
45737, 4349.74
45745, 4351.79
45753, 4348.21
45761, 4358.97
45769, 4358.46
45777, 4343.08
45784, 4347.18
45792, 4348.21
45800, 4350.26
45808, 4350.77
45816, 4340.51
45823, 4347.18
45831, 4349.74
45839, 4346.15
45847, 4346.15
45855, 4351.28
45863, 4361.03
45870, 4349.74
45878, 4348.21
45886, 4360.51
45894, 4352.82
45902, 4348.21
45909, 4346.67
45917, 4352.31
45925, 4359.49
45933, 4347.69
45941, 4349.74
45949, 4356.41
45956, 4351.28
45964, 4350.26
45972, 4349.23
45980, 4362.56
45988, 4356.41
45995, 4332.31
46003, 4341.03
46011, 4352.31
46019, 4355.38
46027, 4356.41
46035, 4348.21
46042, 4352.31
46050, 4350.26
46058, 4347.69
46066, 4352.31
46074, 4353.33
46081, 4356.41
46089, 4350.26
46097, 4348.21
46105, 4355.9
46113, 4351.28
46121, 4355.9
46128, 4353.85
46136, 4345.64
46144, 4355.38
46152, 4350.26
46160, 4344.62
46167, 4347.18
46175, 4346.15
46183, 4357.95
46191, 4355.9
46199, 4343.59
46207, 4339.49
46214, 4346.15
46222, 4357.95
46230, 4346.15
46238, 4339.49
46246, 4356.41
46254, 4355.38
46261, 4350.77
46269, 4350.77
46277, 4355.38
46285, 4358.46
46293, 4347.18
46300, 4355.9
46308, 4363.59
46316, 4352.31
46324, 4353.85
46332, 4350.77
46340, 4348.72
46347, 4348.72, estimuli
46355, 4345.13
46363, 4350.77
46371, 4349.23
46379, 4349.74
46386, 4355.38
46394, 4352.31
46402, 4349.23
46410, 4344.62
46418, 4356.41
46426, 4359.49
46433, 4341.54
46441, 4346.15
46449, 4344.62
46457, 4331.79
46465, 4347.18
46472, 4365.64
46480, 4355.38
46488, 4397.44
46496, 4532.82
46504, 4528.21
46512, 4246.15
46519, 4006.67
46527, 4054.87
46535, 4242.05
46543, 4442.56
46551, 4621.03
46558, 4675.38
46566, 4517.95
46574, 4232.82
46582, 4038.46
46590, 4043.59
46598, 4225.64
46605, 4461.54
46613, 4636.92
46621, 4680.51
46629, 4509.23
46637, 4220
46644, 4025.64
46652, 4042.56
46660, 4232.82
46668, 4447.69
46676, 4625.13
46684, 4683.59
46691, 4510.77
46699, 4226.67
46707, 4027.69
46715, 4039.49
46723, 4236.92
46730, 4456.92
46738, 4637.44
46746, 4686.15
46754, 4506.15
46762, 4225.13
46770, 4032.31
46777, 4049.23
46785, 4229.23
46793, 4443.08
46801, 4638.97
46809, 4685.13
46816, 4500
46824, 4223.59
46832, 4035.9
46840, 4051.79
46848, 4225.64
46856, 4452.31
46863, 4646.67
46871, 4672.82
46879, 4493.33
46887, 4221.03
46895, 4027.69
46903, 4047.69
46910, 4234.87
46918, 4468.72
46926, 4645.13
46934, 4663.08
46942, 4500.51
46949, 4233.33
46957, 4035.9
46965, 4045.13
46973, 4224.62
46981, 4464.62
46989, 4645.13
46996, 4670.26
47004, 4498.46
47012, 4221.54
47020, 4036.41
47028, 4050.77
47035, 4235.38
47043, 4464.62
47051, 4628.21
47059, 4663.08
47067, 4499.49
47075, 4223.08
47082, 4035.9
47090, 4047.69
47098, 4238.97
47107, 4470.77
47114, 4636.92
47121, 4674.87
47129, 4500.51
47137, 4215.9
47145, 4030.26
47153, 4045.64
47161, 4235.9
47168, 4463.08
47176, 4641.54
47184, 4676.92
47192, 4489.23
47200, 4210.77
47207, 4025.64
47215, 4047.69
47223, 4246.15
47231, 4477.44
47239, 4658.97
47247, 4675.9
47254, 4478.97
47262, 4206.67
47270, 4026.15
47278, 4056.41
47286, 4246.15
47293, 4465.64
47301, 4651.79
47309, 4669.74
47317, 4475.9
47325, 4205.13
47333, 4019.49
47340, 4051.28
47348, 4242.05
47356, 4471.28
47364, 4658.46
47372, 4673.85
47379, 4482.05
47387, 4205.64
47395, 4031.28
47403, 4061.54
47411, 4237.95
47419, 4467.18
47426, 4646.15
47434, 4668.21
47442, 4495.9
47450, 4215.38
47458, 4027.69
47466, 4040.51
47473, 4221.03
47481, 4483.59
47489, 4592.82
47497, 4456.92
47505, 4321.54
47512, 4345.64
47520, 4384.62
47528, 4342.56
47536, 4333.85
47544, 4343.59
47552, 4327.18
47559, 4346.67
47567, 4357.95
47575, 4347.69
47583, 4352.31
47591, 4354.36
47598, 4355.9
47606, 4352.31
47614, 4347.18
47622, 4351.28
47630, 4346.67
47638, 4362.05
47645, 4367.69
47653, 4334.87
47661, 4334.87
47669, 4353.33
47677, 4348.72
47684, 4340.51
47692, 4345.64
47700, 4356.92
47708, 4349.23
47716, 4350.26
47724, 4358.97
47731, 4348.72
47739, 4348.21
47747, 4349.74
47755, 4351.28
47763, 4356.92
47770, 4347.69
47778, 4351.79
47786, 4355.38
47794, 4346.67
47802, 4347.18
47810, 4343.08
47817, 4348.21
47825, 4353.33
47833, 4342.56
47841, 4359.49
47849, 4370.77
47857, 4350.26
47864, 4335.38
47872, 4346.67
47880, 4361.03
47888, 4349.23
47896, 4351.79
47903, 4365.13
47911, 4347.69
47919, 4346.67
47927, 4355.9
47935, 4352.31
47942, 4350.77
47950, 4344.1
47958, 4350.77
47966, 4353.85
47974, 4346.15
47982, 4348.72
47989, 4341.03
47997, 4345.64
48005, 4356.41
48013, 4354.87
48021, 4360
48029, 4351.28
48036, 4346.15
48044, 4357.44
48052, 4359.49
48060, 4357.44
48068, 4348.21
48075, 4352.82
48083, 4362.05
48091, 4343.59
48099, 4338.97
48107, 4348.72
48115, 4349.23
48122, 4348.72
48130, 4346.67
48138, 4355.38
48146, 4351.28
48154, 4341.03
48161, 4353.85
48169, 4353.33
48177, 4348.21
48185, 4349.74
48193, 4350.77
48201, 4357.95
48208, 4348.21
48216, 4351.28
48224, 4364.1
48232, 4352.82
48240, 4351.28
48247, 4358.46
48255, 4363.59
48263, 4360.51
48271, 4345.64
48279, 4346.67
48287, 4348.21
48294, 4348.72
48302, 4350.26
48310, 4340
48318, 4349.74
48326, 4353.33
48333, 4340
48341, 4350.77
48349, 4357.44
48357, 4353.85
48365, 4350.26
48373, 4346.67
48380, 4354.87
48388, 4351.28
48396, 4350.77, estimuli
48404, 4355.9
48412, 4350.77
48420, 4354.87
48427, 4348.21
48435, 4344.62
48443, 4362.05
48451, 4354.87
48459, 4343.08
48466, 4355.9
48474, 4365.13
48482, 4350.26
48490, 4341.03
48498, 4360.51
48505, 4346.15
48513, 4327.18
48521, 4359.49
48529, 4362.56
48537, 4397.44
48545, 4523.59
48552, 4534.36
48560, 4301.54
48568, 4036.92
48576, 4033.33
48584, 4212.31
48592, 4407.18
48599, 4610.26
48607, 4685.13
48615, 4540
48623, 4276.41
48631, 4052.82
48638, 4029.23
48646, 4191.79
48654, 4412.31
48662, 4611.28
48670, 4686.15
48678, 4556.41
48685, 4284.1
48693, 4050.26
48701, 4021.54
48709, 4182.05
48717, 4418.97
48724, 4616.41
48732, 4679.49
48740, 4546.67
48748, 4273.85
48756, 4054.87
48764, 4030.77
48771, 4189.23
48779, 4423.59
48787, 4611.28
48795, 4674.36
48803, 4543.59
48810, 4271.79
48818, 4055.9
48826, 4030.26
48834, 4190.77
48842, 4419.49
48850, 4607.18
48857, 4688.21
48865, 4545.13
48873, 4262.56
48881, 4064.1
48889, 4042.56
48896, 4196.41
48904, 4420.51
48912, 4611.79
48920, 4688.72
48928, 4545.64
48936, 4268.72
48943, 4043.59
48951, 4021.54
48959, 4204.62
48967, 4421.54
48975, 4606.15
48982, 4689.74
48990, 4538.46
48998, 4259.49
49006, 4053.85
49014, 4036.41
49022, 4198.46
49029, 4420
49037, 4619.49
49045, 4683.59
49053, 4531.79
49061, 4266.67
49069, 4046.15
49076, 4031.79
49084, 4208.72
49092, 4433.33
49100, 4623.59
49108, 4672.31
49115, 4522.05
49123, 4262.05
49131, 4052.82
49139, 4036.41
49147, 4195.38
49155, 4428.72
49162, 4634.87
49170, 4684.1
49178, 4530.26
49186, 4263.08
49194, 4053.85
49201, 4034.87
49209, 4203.08
49217, 4448.21
49225, 4629.23
49233, 4669.74
49241, 4529.23
49248, 4254.87
49256, 4043.08
49264, 4034.36
49272, 4197.44
49280, 4425.64
49287, 4620.51
49295, 4694.36
49303, 4535.9
49311, 4241.03
49319, 4051.28
49327, 4046.67
49334, 4198.46
49342, 4427.69
49350, 4622.56
49358, 4686.67
49366, 4529.23
49373, 4251.28
49381, 4049.74
49389, 4031.79
49397, 4198.97
49405, 4432.31
49413, 4626.67
49420, 4684.1
49428, 4516.92
49436, 4251.28
49444, 4053.85
49452, 4031.79
49459, 4202.56
49468, 4433.85
49475, 4628.72
49483, 4684.62
49491, 4527.69
49499, 4269.23
49506, 4061.54
49514, 4035.38
49522, 4189.74
49530, 4427.69
49538, 4590.26
49546, 4498.97
49553, 4326.67
49561, 4331.28
49569, 4377.44
49577, 4344.62
49585, 4329.23
49592, 4348.72
49600, 4353.85
49608, 4344.62
49616, 4347.18
49624, 4353.85
49632, 4350.26
49639, 4350.77
49648, 4344.1
49655, 4350.77
49663, 4361.03
49671, 4352.82
49678, 4355.38
49686, 4350.77
49694, 4350.77
49702, 4366.15
49710, 4348.72
49718, 4333.85
49725, 4346.67
49733, 4357.44
49741, 4349.23
49749, 4339.49
49757, 4352.82
49764, 4353.33
49772, 4348.21
49780, 4353.85
49788, 4346.67
49796, 4351.79
49804, 4352.82
49811, 4346.67
49819, 4358.97
49827, 4360
49835, 4357.44
49843, 4358.46
49851, 4350.26
49858, 4350.26
49866, 4343.59
49874, 4344.1
49882, 4361.03
49890, 4360
49897, 4353.85
49905, 4348.72
49913, 4348.72
49921, 4350.26
49929, 4344.1
49936, 4356.92
49944, 4356.92
49952, 4347.69
49960, 4353.85
49968, 4349.23
49976, 4348.72
49983, 4347.69
49991, 4346.67
49999, 4360
50007, 4353.33
50015, 4348.72
50023, 4349.23
50030, 4345.64
50038, 4360
50046, 4349.23
50054, 4331.28
50062, 4345.13
50069, 4349.23
50077, 4346.67
50085, 4347.69
50093, 4353.85
50101, 4354.36
50109, 4340.51
50116, 4351.28
50124, 4366.67
50132, 4357.95
50140, 4343.59
50148, 4336.41
50155, 4355.38
50163, 4356.92
50171, 4339.49
50179, 4351.79
50188, 4357.44
50195, 4352.82
50202, 4351.79
50210, 4347.18
50218, 4350.77
50226, 4348.72
50234, 4349.74
50241, 4341.54
50249, 4335.38
50257, 4356.41
50265, 4354.87
50273, 4345.13
50281, 4357.95
50288, 4362.05
50296, 4355.9
50304, 4344.1
50312, 4346.15
50320, 4359.49
50327, 4345.13
50335, 4346.15
50343, 4365.13
50351, 4354.36
50359, 4336.92
50367, 4333.33
50374, 4352.31
50382, 4356.41
50390, 4338.46
50398, 4349.23, estimuli
50406, 4363.08
50414, 4361.54
50421, 4353.85
50429, 4349.74
50437, 4361.54
50445, 4354.36
50453, 4348.72
50460, 4357.44
50468, 4348.21
50476, 4349.74
50484, 4353.85
50492, 4347.69
50499, 4348.21
50507, 4336.92
50515, 4346.67
50523, 4366.15
50531, 4355.9
50539, 4420
50546, 4547.69
50555, 4508.72
50562, 4224.1
50570, 4003.59
50578, 4073.85
50586, 4257.44
50593, 4457.95
50601, 4648.21
50609, 4672.82
50617, 4492.31
50625, 4210.77
50632, 4026.15
50640, 4059.49
50648, 4241.54
50656, 4466.15
50664, 4642.05
50672, 4667.69
50679, 4486.67
50687, 4202.05
50695, 4029.74
50703, 4063.59
50711, 4240.51
50718, 4466.67
50726, 4644.1
50734, 4673.33
50742, 4489.23
50750, 4209.23
50758, 4037.44
50765, 4058.97
50773, 4243.59
50781, 4470.26
50789, 4641.54
50797, 4673.33
50804, 4486.67
50812, 4204.1
50820, 4026.15
50828, 4046.67
50836, 4235.9
50844, 4458.46
50851, 4638.46
50859, 4680
50867, 4483.59
50875, 4202.56
50883, 4032.31
50891, 4058.46
50898, 4247.69
50906, 4466.67
50914, 4651.28
50922, 4680
50930, 4478.46
50937, 4204.62
50945, 4026.67
50953, 4053.33
50961, 4246.67
50969, 4473.85
50976, 4658.46
50984, 4666.67
50992, 4460.51
51000, 4192.31
51008, 4020.51
51016, 4057.95
51023, 4249.23
51031, 4476.41
51039, 4657.44
51047, 4664.62
51055, 4470.77
51063, 4198.97
51070, 4029.74
51078, 4068.72
51086, 4253.33
51094, 4479.49
51102, 4651.79
51109, 4663.59
51117, 4478.97
51125, 4200.51
51133, 4023.59
51141, 4053.85
51149, 4238.46
51156, 4479.49
51164, 4652.31
51172, 4659.49
51180, 4486.15
51188, 4216.92
51195, 4032.31
51203, 4050.26
51211, 4246.15
51219, 4488.72
51227, 4653.33
51235, 4666.67
51242, 4475.38
51250, 4191.79
51258, 4019.49
51266, 4053.85
51274, 4259.49
51281, 4489.23
51289, 4651.28
51297, 4672.31
51305, 4470.77
51313, 4187.18
51321, 4022.56
51328, 4057.95
51336, 4255.38
51344, 4481.03
51352, 4653.85
51360, 4668.72
51367, 4465.13
51375, 4192.82
51383, 4026.67
51391, 4070.77
51399, 4263.08
51407, 4473.33
51414, 4662.05
51422, 4676.92
51430, 4451.79
51438, 4182.05
51446, 4026.67
51453, 4064.62
51461, 4254.87
51469, 4481.54
51477, 4662.05
51485, 4663.59
51493, 4461.03
51506, 4196.92
51508, 4034.87
51516, 4066.67
51524, 4241.54
51532, 4485.13
51539, 4600.51
51547, 4458.97
51555, 4316.41
51563, 4343.08
51571, 4377.44
51579, 4347.18
51586, 4348.72
51594, 4371.28
51602, 4354.87
51610, 4339.49
51618, 4344.62
51626, 4343.59
51633, 4345.13
51641, 4347.69
51649, 4346.67
51657, 4357.44
51665, 4353.33
51672, 4350.26
51680, 4353.33
51688, 4347.18
51696, 4349.74
51704, 4343.08
51712, 4347.69
51719, 4365.64
51727, 4358.97
51735, 4352.31
51743, 4344.62
51751, 4345.64
51758, 4356.92
51766, 4347.18
51774, 4348.21
51782, 4353.33
51790, 4347.18
51798, 4351.28
51805, 4349.23
51813, 4353.33
51821, 4361.03
51829, 4355.9
51837, 4351.79
51844, 4345.64
51852, 4348.72
51860, 4347.69
51868, 4346.67
51876, 4365.64
51884, 4354.36
51891, 4337.95
51899, 4352.31
51907, 4357.95
51915, 4352.31
51923, 4340.51
51930, 4344.1
51938, 4358.46
51946, 4351.79
51954, 4351.28
51962, 4349.23
51970, 4346.67
51977, 4357.95
51985, 4349.74
51993, 4348.72
52001, 4352.82
52009, 4347.18
52016, 4356.41
52024, 4355.38
52032, 4350.77
52040, 4358.46
52048, 4362.56
52056, 4358.97
52063, 4342.05
52071, 4342.56
52079, 4352.31
52087, 4345.64
52095, 4350.77
52103, 4345.13
52110, 4336.41
52118, 4349.74
52126, 4355.38
52134, 4353.33
52142, 4343.59
52149, 4345.13
52157, 4360
52165, 4348.72
52173, 4347.18
52181, 4361.03
52188, 4362.05
52196, 4362.05
52204, 4353.85
52212, 4353.33
52220, 4353.85
52228, 4344.62
52235, 4349.74
52243, 4348.21
52251, 4349.23
52259, 4354.87
52267, 4346.15
52275, 4342.56
52282, 4340.51
52290, 4350.77
52298, 4357.44
52306, 4340.51
52314, 4347.18
52321, 4356.41
52329, 4351.28
52337, 4355.9
52345, 4354.36
52353, 4356.41
52361, 4354.87
52368, 4346.15
52376, 4351.79
52384, 4350.77
52392, 4350.26
52400, 4349.74
52407, 4347.18, estimuli
52415, 4355.38
52423, 4348.72
52431, 4344.62
52439, 4354.87
52447, 4356.92
52454, 4363.08
52462, 4350.77
52470, 4338.46
52478, 4350.77
52486, 4348.21
52494, 4348.72
52502, 4352.31
52509, 4347.18
52517, 4344.62
52525, 4347.69
52533, 4367.69
52540, 4357.44
52548, 4401.03
52556, 4543.08
52564, 4517.95
52572, 4235.38
52579, 4003.08
52587, 4055.9
52595, 4262.05
52603, 4452.82
52611, 4628.72
52619, 4685.13
52626, 4514.87
52634, 4225.13
52648, 4015.38
52651, 4050.26
52658, 4260.51
52666, 4457.44
52673, 4626.15
52681, 4678.97
52689, 4500
52697, 4213.85
52705, 4026.67
52712, 4058.46
52720, 4236.92
52728, 4452.31
52736, 4646.67
52744, 4676.92
52752, 4491.79
52759, 4222.56
52767, 4035.38
52775, 4052.82
52783, 4230.77
52791, 4460
52798, 4642.56
52806, 4665.64
52814, 4501.54
52822, 4228.21
52830, 4028.72
52838, 4050.77
52845, 4237.95
52853, 4465.64
52861, 4645.13
52869, 4676.41
52877, 4495.38
52884, 4209.23
52892, 4031.28
52900, 4051.28
52908, 4227.18
52916, 4465.13
52924, 4644.1
52931, 4671.28
52939, 4496.92
52947, 4223.59
52955, 4039.49
52963, 4043.08
52970, 4236.41
52978, 4476.92
52986, 4637.95
52994, 4671.28
53002, 4502.05
53010, 4219.49
53017, 4032.82
53025, 4049.74
53033, 4239.49
53041, 4464.1
53049, 4641.54
53057, 4677.95
53064, 4494.36
53072, 4221.03
53080, 4030.77
53088, 4043.59
53096, 4242.05
53103, 4467.18
53111, 4646.15
53119, 4674.87
53127, 4484.62
53135, 4211.28
53143, 4024.62
53150, 4054.36
53158, 4252.31
53166, 4470.26
53174, 4646.67
53182, 4671.28
53189, 4489.23
53197, 4215.38
53205, 4024.62
53213, 4051.28
53221, 4239.49
53229, 4468.21
53236, 4658.97
53244, 4675.38
53252, 4481.03
53260, 4203.08
53268, 4027.18
53275, 4068.21
53283, 4252.31
53291, 4470.77
53299, 4642.56
53307, 4653.85
53315, 4476.41
53322, 4210.77
53330, 4034.36
53338, 4055.9
53346, 4239.49
53354, 4482.05
53362, 4652.82
53369, 4662.05
53377, 4483.59
53385, 4207.69
53393, 4026.67
53401, 4050.77
53408, 4250.77
53416, 4488.21
53424, 4643.08
53432, 4659.49
53440, 4483.59
53447, 4207.18
53455, 4026.15
53463, 4048.21
53471, 4252.82
53479, 4493.85
53487, 4658.46
53494, 4673.33
53502, 4473.33
53510, 4194.36
53518, 4033.33
53526, 4054.87
53533, 4238.97
53541, 4473.85
53549, 4575.38
53557, 4457.95
53565, 4322.05
53573, 4352.31
53580, 4378.97
53588, 4335.38
53596, 4344.1
53604, 4356.41
53612, 4353.33
53620, 4356.41
53627, 4347.18
53635, 4352.31
53643, 4355.38
53651, 4354.87
53659, 4347.69
53666, 4340
53674, 4345.64
53682, 4346.15
53690, 4364.1
53698, 4365.64
53706, 4334.36
53713, 4345.64
53721, 4359.49
53729, 4347.69
53737, 4346.67
53745, 4348.72
53752, 4352.82
53760, 4351.28
53768, 4353.85
53776, 4363.08
53784, 4355.38
53792, 4353.85
53799, 4351.28
53807, 4341.54
53815, 4347.69
53823, 4348.72
53831, 4348.21
53838, 4348.72
53846, 4347.18
53854, 4353.33
53862, 4346.67
53870, 4348.72
53878, 4356.41
53885, 4352.31
53893, 4354.36
53901, 4356.92
53909, 4369.23
53917, 4360
53924, 4328.72
53932, 4344.1
53940, 4363.08
53948, 4354.87
53956, 4352.82
53964, 4346.15
53971, 4353.85
53979, 4357.95
53987, 4344.62
53995, 4348.72
54003, 4353.85
54011, 4355.38
54018, 4355.38
54026, 4356.92
54034, 4362.05
54042, 4350.26
54050, 4346.67
54057, 4352.82
54065, 4352.31
54073, 4357.95
54081, 4356.92
54089, 4354.87
54097, 4354.36
54104, 4351.28
54112, 4368.72
54120, 4356.41
54128, 4327.69
54137, 4340
54143, 4354.36
54151, 4352.31
54160, 4343.08
54167, 4352.82
54175, 4367.69
54183, 4352.82
54190, 4347.18
54198, 4353.33
54206, 4349.23
54214, 4347.69
54222, 4348.21
54229, 4363.08
54237, 4357.95
54245, 4332.82
54253, 4350.26
54261, 4361.54
54269, 4345.64
54276, 4343.08
54284, 4349.23
54292, 4357.95
54300, 4349.23
54308, 4351.28
54315, 4370.26
54323, 4353.85
54331, 4337.95
54339, 4344.62
54347, 4348.72
54355, 4344.62
54362, 4338.97
54370, 4352.82
54378, 4358.46
54386, 4347.69
54394, 4352.82
54401, 4349.74
54409, 4353.85
54417, 4361.03
54425, 4347.69, estimuli
54433, 4346.67
54441, 4350.26
54448, 4351.28
54456, 4347.69
54464, 4341.54
54472, 4353.33
54480, 4350.26
54487, 4345.64
54495, 4353.33
54503, 4344.62
54511, 4352.31
54519, 4367.18
54527, 4356.41
54534, 4341.03
54542, 4340.51
54550, 4369.23
54558, 4369.23
54566, 4380
54574, 4503.08
54581, 4552.82
54589, 4347.69
54597, 4061.54
54605, 4012.82
54613, 4188.72
54620, 4375.38
54628, 4570.26
54636, 4690.26
54644, 4581.54
54652, 4322.56
54660, 4083.08
54667, 4025.13
54675, 4169.23
54683, 4378.97
54691, 4582.56
54699, 4688.72
54706, 4577.44
54714, 4314.36
54722, 4077.44
54730, 4035.38
54738, 4170.26
54746, 4370.26
54753, 4586.15
54761, 4687.69
54769, 4568.72
54777, 4308.72
54785, 4073.33
54792, 4018.46
54800, 4156.92
54808, 4386.67
54816, 4596.92
54824, 4685.64
54832, 4576.41
54839, 4311.28
54847, 4074.87
54855, 4020
54863, 4153.85
54871, 4390.77
54878, 4601.03
54886, 4684.1
54894, 4570.77
54902, 4309.74
54910, 4080.51
54918, 4017.44
54925, 4155.9
54933, 4407.69
54941, 4608.72
54949, 4681.03
54957, 4564.62
54964, 4302.05
54972, 4073.85
54980, 4016.92
54988, 4163.08
54996, 4391.28
55004, 4590.77
55011, 4695.9
55019, 4575.9
55027, 4300
55035, 4073.33
55043, 4023.59
55050, 4168.21
55058, 4388.72
55066, 4596.92
55074, 4702.05
55082, 4565.64
55090, 4285.64
55097, 4066.15
55105, 4023.59
55113, 4170.26
55121, 4394.36
55129, 4607.69
55137, 4698.97
55144, 4564.62
55152, 4298.97
55160, 4064.1
55168, 4015.38
55176, 4170.77
55183, 4402.05
55191, 4612.82
55199, 4684.62
55207, 4553.85
55215, 4299.49
55223, 4076.41
55230, 4037.95
55238, 4167.69
55246, 4381.03
55254, 4605.13
55262, 4688.72
55269, 4553.85
55277, 4295.9
55285, 4070.77
55293, 4019.49
55301, 4160.51
55309, 4400
55316, 4613.33
55324, 4689.23
55332, 4565.13
55340, 4293.85
55348, 4071.28
55355, 4039.49
55363, 4182.05
55371, 4405.64
55379, 4598.46
55387, 4683.59
55395, 4565.64
55402, 4285.64
55410, 4061.03
55418, 4024.62
55426, 4172.31
55434, 4402.56
55441, 4599.49
55449, 4688.72
55457, 4568.72
55465, 4292.82
55473, 4063.08
55481, 4017.44
55488, 4174.87
55496, 4408.21
55504, 4606.67
55512, 4693.33
55520, 4557.95
55528, 4291.79
55535, 4082.05
55543, 4030.77
55551, 4163.59
55559, 4406.15
55567, 4591.79
55574, 4531.28
55582, 4338.97
55590, 4318.46
55598, 4380.51
55606, 4345.13
55613, 4325.13
55621, 4351.79
55629, 4355.9
55637, 4348.72
55645, 4345.64
55653, 4353.33
55660, 4354.36
55668, 4359.49
55676, 4356.92
55684, 4345.13
55692, 4358.97
55699, 4364.62
55707, 4354.87
55715, 4345.13
55723, 4340.51
55731, 4353.33
55739, 4348.21
55746, 4342.56
55754, 4352.82
55762, 4344.1
55770, 4352.31
55778, 4367.18
55786, 4352.31
55793, 4339.49
55801, 4345.64
55809, 4358.46
55817, 4351.28
55825, 4345.13
55832, 4353.33
55840, 4346.67
55848, 4354.87
55856, 4359.49
55864, 4344.62
55872, 4354.36
55879, 4363.59
55887, 4360
55895, 4356.41
55903, 4352.31
55911, 4355.9
55918, 4344.62
55926, 4338.97
55935, 4351.79
55942, 4349.74
55950, 4349.23
55958, 4351.79
55965, 4356.41
55973, 4362.56
55981, 4355.38
55989, 4362.05
55997, 4358.46
56004, 4341.03
56012, 4349.23
56020, 4353.85
56028, 4354.36
56036, 4349.74
56044, 4342.56
56051, 4352.31
56059, 4350.77
56067, 4347.69
56075, 4352.31
56083, 4349.74
56090, 4357.44
56098, 4354.36
56106, 4353.33
56114, 4360
56122, 4352.82
56130, 4354.87
56137, 4351.79
56145, 4347.69
56153, 4354.36
56161, 4349.23
56169, 4354.36
56177, 4355.38
56184, 4353.33
56192, 4364.1
56200, 4350.26
56208, 4337.44
56216, 4348.72
56223, 4352.31
56231, 4346.67
56239, 4340.51
56247, 4353.33
56255, 4358.46
56263, 4341.03
56270, 4347.18
56278, 4356.41
56286, 4356.41
56294, 4360
56302, 4355.9
56309, 4355.9
56317, 4347.69
56325, 4346.67
56333, 4353.33
56341, 4345.64
56349, 4354.36
56356, 4359.49
56364, 4348.72
56372, 4350.77
56380, 4351.28
56388, 4352.82
56395, 4351.79
56403, 4357.44
56411, 4367.18
56419, 4347.18
56427, 4340.51
56435, 4354.36
56442, 4352.31
56450, 4355.9, estimuli
56458, 4348.72
56466, 4342.05
56474, 4352.82
56481, 4353.33
56489, 4355.9
56497, 4351.28
56505, 4353.33
56513, 4365.13
56521, 4347.18
56528, 4342.56
56536, 4355.38
56544, 4352.31
56552, 4345.13
56560, 4335.38
56567, 4356.41
56575, 4369.74
56583, 4354.36
56591, 4440
56599, 4560
56607, 4458.97
56614, 4143.59
56622, 3981.54
56630, 4124.1
56638, 4326.67
56646, 4512.82
56653, 4674.87
56661, 4644.62
56669, 4411.28
56677, 4138.97
56685, 4024.1
56693, 4117.44
56700, 4306.67
56708, 4516.92
56716, 4672.31
56724, 4637.95
56732, 4409.74
56739, 4138.46
56747, 4015.38
56755, 4099.49
56763, 4307.18
56771, 4529.23
56779, 4668.72
56786, 4643.59
56794, 4423.08
56802, 4141.03
56810, 4013.33
56818, 4101.03
56826, 4316.41
56833, 4529.23
56841, 4666.67
56849, 4645.13
56857, 4407.69
56865, 4127.18
56872, 4015.9
56880, 4101.03
56888, 4313.85
56896, 4534.87
56904, 4670.77
56912, 4636.92
56919, 4406.67
56927, 4134.87
56935, 4011.79
56943, 4100.51
56951, 4318.46
56958, 4531.79
56966, 4681.03
56974, 4645.13
56982, 4397.44
56990, 4130.77
56998, 4015.38
57005, 4102.05
57013, 4305.13
57021, 4525.64
57029, 4697.44
57037, 4643.59
57044, 4379.49
57052, 4126.15
57060, 4018.46
57068, 4104.62
57076, 4312.31
57084, 4536.41
57091, 4687.18
57099, 4633.33
57107, 4396.41
57115, 4128.72
57123, 4003.59
57130, 4105.64
57138, 4318.97
57146, 4540.51
57154, 4691.28
57162, 4631.79
57170, 4390.26
57177, 4125.13
57185, 4008.72
57193, 4101.54
57201, 4310.26
57209, 4544.1
57217, 4686.67
57224, 4623.59
57232, 4387.69
57240, 4125.64
57248, 4011.28
57256, 4100.51
57263, 4321.03
57271, 4542.05
57279, 4666.15
57287, 4627.18
57295, 4396.92
57303, 4122.05
57310, 4015.38
57318, 4109.23
57326, 4324.1
57334, 4546.67
57342, 4677.44
57350, 4629.74
57357, 4385.64
57365, 4117.44
57373, 4013.33
57381, 4108.72
57389, 4325.64
57396, 4541.54
57404, 4680
57412, 4634.87
57420, 4385.13
57428, 4123.59
57435, 4024.1
57443, 4119.49
57451, 4326.15
57459, 4534.36
57467, 4682.56
57475, 4632.82
57482, 4386.67
57490, 4128.21
57498, 4002.56
57506, 4100.51
57514, 4329.23
57521, 4544.1
57529, 4683.59
57537, 4621.54
57545, 4374.36
57553, 4125.13
57561, 4021.54
57568, 4104.62
57576, 4316.92
57584, 4548.72
57592, 4585.64
57600, 4398.97
57607, 4300.51
57615, 4358.97
57623, 4368.21
57632, 4336.41
57639, 4351.28
57647, 4365.13
57654, 4347.18
57662, 4335.9
57670, 4351.28
57678, 4347.69
57686, 4342.05
57694, 4353.85
57701, 4349.23
57709, 4345.64
57717, 4348.72
57725, 4353.85
57733, 4351.79
57740, 4344.62
57748, 4356.41
57756, 4354.87
57764, 4352.82
57772, 4361.54
57779, 4352.82
57787, 4351.28
57795, 4348.72
57803, 4346.67
57811, 4359.49
57819, 4355.38
57826, 4347.69
57834, 4349.74
57842, 4354.87
57850, 4350.77
57858, 4336.92
57866, 4356.92
57873, 4371.28
57881, 4350.77
57889, 4347.18
57897, 4346.67
57905, 4344.62
57912, 4350.26
57920, 4345.13
57928, 4349.74
57936, 4354.87
57944, 4357.44
57952, 4357.44
57959, 4343.08
57967, 4349.74
57975, 4358.97
57983, 4349.74
57991, 4349.23
57998, 4347.18
58006, 4350.26
58014, 4352.31
58022, 4351.28
58030, 4353.85
58038, 4343.08
58045, 4349.74
58053, 4361.54
58061, 4353.85
58069, 4351.28
58077, 4343.08
58084, 4342.56
58092, 4355.38
58100, 4357.44
58108, 4355.9
58116, 4345.64
58124, 4350.77
58132, 4366.15
58139, 4356.92
58147, 4355.38
58155, 4355.9
58163, 4344.1
58170, 4341.54
58178, 4340
58186, 4348.72
58194, 4353.85
58202, 4354.36
58210, 4357.44
58217, 4343.08
58225, 4347.69
58233, 4356.92
58241, 4346.15
58249, 4352.82
58256, 4358.97
58264, 4362.56
58272, 4362.05
58280, 4348.72
58288, 4346.67
58296, 4346.15
58303, 4348.21
58311, 4356.92
58319, 4352.82
58327, 4349.23
58335, 4349.23
58342, 4354.87
58350, 4356.92
58358, 4339.49
58366, 4344.1
58374, 4357.44
58382, 4351.28
58389, 4349.74
58397, 4344.62
58405, 4353.33
58413, 4362.05
58421, 4348.21
58429, 4346.67
58436, 4352.82
58444, 4363.08
58452, 4360.51
58460, 4344.1
58468, 4359.49
58475, 4369.23
58483, 4348.72, estimuli
58491, 4337.95
58499, 4345.64
58507, 4359.49
58515, 4352.82
58522, 4347.69
58530, 4362.05
58538, 4355.38
58546, 4345.64
58554, 4350.26
58561, 4350.26
58569, 4347.69
58577, 4341.03
58585, 4346.15
58593, 4347.69
58601, 4342.05
58608, 4364.62
58616, 4357.95
58624, 4355.9
58632, 4470.77
58640, 4562.05
58647, 4408.21
58655, 4105.13
58663, 4007.69
58671, 4147.69
58679, 4328.21
58687, 4549.23
58694, 4696.41
58702, 4606.67
58710, 4357.95
58718, 4115.38
58726, 4025.13
58733, 4123.08
58741, 4329.23
58749, 4549.74
58757, 4682.05
58765, 4618.46
58773, 4371.28
58780, 4113.33
58788, 4020
58796, 4121.03
58804, 4338.46
58812, 4554.87
58820, 4673.33
58827, 4615.9
58838, 4372.82
58846, 4110.77
58854, 4013.33
58859, 4112.82
58866, 4332.31
58874, 4552.31
58882, 4684.62
58890, 4623.08
58898, 4375.9
58906, 4125.64
58913, 4018.46
58921, 4111.28
58929, 4333.85
58937, 4549.74
58945, 4687.69
58952, 4623.59
58960, 4361.54
58968, 4109.23
58976, 4015.9
58984, 4124.1
58992, 4341.54
58999, 4550.77
59007, 4688.72
59015, 4621.54
59023, 4367.69
59031, 4110.26
59038, 4007.69
59046, 4124.62
59054, 4341.54
59062, 4548.21
59070, 4687.69
59078, 4624.1
59085, 4376.41
59093, 4116.41
59101, 4013.85
59109, 4126.67
59117, 4344.62
59125, 4565.13
59132, 4688.72
59140, 4603.08
59148, 4357.44
59156, 4102.05
59164, 4010.26
59171, 4124.62
59179, 4339.49
59187, 4567.69
59195, 4688.72
59203, 4601.54
59210, 4356.41
59218, 4103.59
59226, 4016.41
59234, 4128.21
59242, 4344.62
59250, 4566.15
59257, 4685.64
59265, 4605.64
59273, 4354.36
59281, 4106.67
59289, 4022.56
59297, 4123.08
59304, 4349.23
59312, 4583.08
59320, 4694.87
59328, 4602.05
59336, 4345.13
59343, 4102.56
59351, 4013.85
59359, 4118.97
59367, 4353.85
59375, 4569.23
59383, 4684.62
59390, 4611.79
59398, 4350.26
59406, 4098.97
59414, 4014.36
59422, 4127.18
59429, 4354.87
59437, 4568.21
59445, 4691.79
59453, 4611.28
59461, 4351.79
59469, 4105.64
59476, 4014.36
59484, 4130.77
59492, 4353.85
59500, 4562.05
59508, 4689.23
59515, 4612.82
59523, 4352.82
59531, 4090.77
59539, 3998.46
59547, 4126.15
59555, 4346.15
59562, 4566.67
59570, 4703.59
59578, 4611.28
59586, 4348.21
59594, 4103.59
59601, 4019.49
59609, 4111.79
59617, 4331.28
59625, 4572.31
59633, 4577.95
59641, 4382.56
59648, 4318.97
59656, 4376.41
59664, 4366.67
59672, 4330.26
59680, 4338.46
59687, 4350.26
59695, 4348.72
59703, 4350.77
59711, 4352.82
59719, 4347.69
59727, 4351.28
59734, 4355.9
59742, 4354.87
59750, 4345.64
59758, 4333.33
59766, 4347.69
59773, 4356.92
59781, 4354.36
59789, 4352.82
59797, 4342.05
59805, 4347.18
59813, 4353.33
59820, 4353.85
59828, 4362.56
59836, 4356.41
59844, 4352.31
59852, 4351.28
59859, 4344.62
59867, 4350.77
59875, 4352.82
59883, 4353.33
59891, 4349.23
59899, 4338.97
59906, 4350.26
59914, 4351.28
59922, 4345.64
59930, 4351.28
59938, 4351.79
59946, 4362.05
59953, 4363.59
59961, 4350.77
59969, 4345.13
59977, 4343.59
59985, 4355.9
59992, 4358.97
60000, 4350.77
60008, 4354.36
60016, 4352.82
60024, 4354.36
60032, 4352.82
60039, 4345.13
60047, 4346.15
60055, 4346.15
60063, 4353.85
60071, 4356.92
60078, 4352.31
60086, 4358.97
60094, 4351.28
60102, 4349.23
60110, 4358.46
60118, 4348.21
60125, 4350.77
60133, 4356.41
60141, 4349.23
60149, 4349.74
60157, 4355.38
60164, 4366.15
60172, 4358.46
60180, 4345.13
60188, 4350.77
60196, 4344.1
60204, 4345.64
60211, 4351.79
60219, 4343.59
60227, 4345.13
60235, 4344.1
60243, 4345.13
60250, 4353.85
60258, 4353.33
60266, 4353.85
60274, 4348.21
60282, 4353.85
60290, 4362.05
60297, 4349.23
60305, 4347.69
60313, 4350.26
60321, 4352.82
60329, 4356.92
60336, 4348.72
60344, 4356.41
60352, 4365.13
60360, 4360
60368, 4354.87
60376, 4339.49
60383, 4343.59
60391, 4357.95
60399, 4350.77
60407, 4350.77
60415, 4353.33
60422, 4350.77
60430, 4347.18
60438, 4346.67
60446, 4358.46
60454, 4355.38
60462, 4351.79
60469, 4355.9
60477, 4348.72
60485, 4354.36
60493, 4352.31
60501, 4350.77
60509, 4358.46
60516, 4346.67
60524, 4346.67, estimuli
60532, 4353.33
60540, 4349.23
60548, 4349.23
60555, 4347.18
60563, 4358.97
60571, 4362.56
60579, 4341.54
60587, 4336.41
60595, 4342.05
60602, 4353.85
60610, 4358.46
60618, 4350.26
60626, 4355.38
60634, 4344.1
60641, 4342.05
60649, 4380.51
60657, 4377.95
60665, 4372.82
60673, 4483.59
60681, 4567.69
60688, 4384.1
60696, 4072.31
60704, 4005.64
60712, 4165.13
60720, 4357.44
60727, 4564.1
60735, 4682.05
60743, 4599.49
60751, 4351.79
60759, 4094.36
60767, 4015.38
60774, 4140.51
60782, 4363.59
60790, 4569.23
60799, 4681.03
60809, 4604.62
60816, 4342.05
60824, 4090.26
60829, 4018.97
60837, 4139.49
60847, 4367.18
60854, 4577.95
60860, 4685.64
60868, 4603.08
60876, 4346.15
60884, 4096.92
60892, 4013.33
60899, 4135.38
60907, 4365.13
60915, 4567.18
60923, 4684.1
60931, 4599.49
60939, 4330.26
60946, 4086.67
60954, 4016.92
60962, 4144.62
60970, 4360
60978, 4569.23
60986, 4702.05
60993, 4602.56
61001, 4326.67
61009, 4088.21
61017, 4016.41
61025, 4146.67
61032, 4371.28
61040, 4581.54
61048, 4692.82
61056, 4592.31
61064, 4334.36
61072, 4083.08
61079, 4007.18
61087, 4149.23
61095, 4369.74
61103, 4580
61111, 4693.33
61118, 4587.69
61126, 4329.23
61134, 4086.67
61142, 4014.87
61150, 4136.92
61158, 4361.03
61165, 4598.46
61173, 4699.49
61181, 4576.92
61189, 4328.21
61197, 4092.31
61204, 4017.44
61212, 4152.31
61220, 4384.1
61228, 4584.62
61236, 4673.85
61244, 4582.56
61251, 4330.26
61259, 4088.72
61267, 4022.56
61275, 4141.54
61283, 4374.36
61290, 4594.36
61298, 4681.54
61306, 4580.51
61314, 4328.72
61322, 4085.13
61330, 4010.77
61337, 4142.56
61345, 4381.54
61353, 4593.33
61361, 4696.41
61369, 4588.72
61376, 4311.79
61384, 4079.49
61392, 4013.33
61400, 4140
61408, 4375.9
61416, 4583.59
61423, 4691.28
61431, 4600
61439, 4327.18
61447, 4069.23
61455, 4006.67
61462, 4162.05
61470, 4385.64
61478, 4585.13
61486, 4695.9
61494, 4581.03
61502, 4311.28
61509, 4079.49
61517, 4018.46
61525, 4158.97
61533, 4379.49
61541, 4591.79
61549, 4699.49
61556, 4578.97
61564, 4315.38
61572, 4079.49
61580, 4013.33
61588, 4152.82
61595, 4377.95
61604, 4592.82
61611, 4690.77
61619, 4571.28
61627, 4317.44
61636, 4093.33
61642, 4033.33
61650, 4134.36
61658, 4360.51
61666, 4581.03
61674, 4543.59
61681, 4357.44
61689, 4323.59
61697, 4378.46
61705, 4354.36
61713, 4321.54
61721, 4349.23
61728, 4356.41
61736, 4344.62
61744, 4349.74
61752, 4346.15
61760, 4346.67
61767, 4354.87
61775, 4348.72
61783, 4356.41
61791, 4359.49
61799, 4347.69
61807, 4349.74
61814, 4350.77
61822, 4358.46
61830, 4362.56
61838, 4352.31
61846, 4354.36
61853, 4354.36
61861, 4352.31
61869, 4352.31
61877, 4346.67
61885, 4353.33
61893, 4356.41
61900, 4354.87
61908, 4354.87
61916, 4345.64
61924, 4346.67
61932, 4350.77
61940, 4348.72
61947, 4337.44
61955, 4331.79
61963, 4356.41
61971, 4359.49
61979, 4348.21
61986, 4358.97
61994, 4354.36
62002, 4346.15
62010, 4348.72
62018, 4353.85
62025, 4360.51
62033, 4345.13
62041, 4340
62049, 4356.41
62057, 4363.08
62065, 4354.87
62072, 4341.03
62080, 4352.82
62088, 4360.51
62096, 4344.1
62104, 4351.28
62111, 4353.33
62119, 4342.56
62127, 4350.77
62135, 4349.74
62143, 4354.87
62151, 4359.49
62158, 4344.1
62166, 4345.64
62174, 4361.54
62182, 4365.64
62190, 4348.72
62198, 4342.05
62205, 4354.36
62213, 4345.13
62221, 4345.64
62229, 4360
62237, 4354.87
62244, 4354.87
62252, 4357.95
62260, 4356.92
62268, 4357.95
62276, 4361.03
62284, 4362.05
62291, 4338.46
62299, 4337.44
62307, 4358.46
62315, 4344.1
62323, 4341.54
62330, 4356.92
62338, 4355.38
62346, 4348.72
62354, 4343.08
62362, 4348.72
62370, 4350.77
62377, 4345.13
62385, 4351.79
62393, 4351.28
62401, 4352.82
62409, 4358.97
62416, 4353.33
62424, 4351.28
62432, 4344.62
62440, 4346.15
62448, 4357.95
62456, 4355.9
62463, 4355.38
62471, 4352.82
62479, 4357.44
62487, 4361.03
62495, 4336.41
62503, 4340.51
62510, 4361.54
62518, 4352.82
62526, 4345.13
62534, 4352.82
62542, 4364.1
62549, 4355.38
62557, 4347.69
62565, 4355.38
62573, 4350.77, estimuli
62581, 4352.31
62588, 4359.49
62596, 4355.9
62604, 4356.92
62612, 4348.21
62620, 4345.64
62628, 4354.87
62635, 4350.26
62643, 4349.23
62651, 4349.23
62659, 4349.23
62667, 4351.79
62675, 4350.26
62682, 4361.03
62690, 4348.21
62698, 4348.72
62706, 4365.13
62714, 4352.31
62721, 4448.72
62729, 4573.33
62737, 4432.82
62745, 4116.41
62753, 3992.31
62761, 4136.92
62768, 4333.85
62776, 4527.18
62784, 4682.56
62792, 4635.38
62800, 4392.82
62807, 4129.74
62815, 4009.74
62823, 4110.77
62831, 4325.13
62839, 4534.87
62847, 4686.15
62854, 4641.03
62862, 4394.36
62870, 4118.97
62878, 4012.31
62886, 4126.15
62893, 4327.18
62901, 4535.9
62909, 4677.95
62917, 4625.13
62925, 4392.31
62933, 4123.59
62940, 4004.1
62948, 4105.13
62956, 4326.67
62964, 4544.62
62972, 4671.79
62979, 4629.74
62987, 4400
62995, 4122.56
63003, 4012.31
63011, 4109.23
63019, 4325.64
63026, 4555.9
63034, 4684.62
63042, 4625.64
63050, 4383.59
63058, 4114.36
63065, 4006.15
63073, 4105.13
63081, 4335.38
63089, 4566.15
63097, 4688.21
63105, 4615.38
63112, 4378.46
63120, 4128.72
63128, 4008.21
63136, 4102.05
63144, 4333.85
63151, 4544.62
63159, 4678.97
63167, 4634.36
63175, 4380.51
63183, 4115.9
63191, 4007.18
63198, 4106.67
63207, 4330.26
63214, 4545.13
63222, 4690.77
63230, 4629.23
63238, 4368.72
63245, 4117.44
63253, 4016.92
63261, 4112.82
63270, 4326.67
63277, 4553.33
63284, 4696.92
63292, 4625.64
63300, 4385.64
63308, 4127.69
63316, 4001.03
63324, 4104.1
63331, 4332.82
63339, 4554.36
63347, 4682.05
63355, 4608.72
63363, 4373.33
63370, 4117.95
63378, 4011.28
63386, 4123.08
63394, 4342.56
63402, 4560
63410, 4686.15
63417, 4616.41
63425, 4371.79
63433, 4103.59
63441, 4007.69
63449, 4120
63456, 4336.41
63464, 4559.49
63472, 4678.46
63480, 4610.77
63488, 4371.28
63496, 4112.31
63503, 4027.18
63511, 4129.23
63519, 4329.23
63527, 4548.21
63535, 4681.54
63542, 4617.95
63550, 4369.74
63558, 4112.31
63566, 4013.33
63574, 4115.9
63582, 4345.64
63589, 4567.69
63597, 4683.59
63605, 4609.74
63613, 4365.13
63621, 4117.95
63628, 4013.85
63636, 4116.41
63644, 4346.67
63652, 4558.46
63660, 4686.15
63668, 4618.97
63675, 4357.44
63683, 4112.31
63691, 4025.64
63699, 4117.44
63707, 4340
63715, 4552.82
63722, 4567.69
63730, 4396.92
63738, 4313.85
63746, 4367.69
63754, 4359.49
63761, 4325.64
63769, 4343.08
63777, 4351.28
63785, 4349.23
63793, 4344.62
63801, 4353.85
63808, 4354.36
63816, 4339.49
63824, 4351.79
63832, 4355.9
63840, 4348.72
63847, 4349.74
63855, 4351.79
63863, 4353.85
63871, 4350.77
63879, 4365.64
63887, 4371.28
63894, 4345.64
63902, 4344.62
63910, 4354.36
63918, 4350.26
63926, 4351.79
63933, 4350.26
63941, 4354.87
63949, 4352.82
63957, 4346.67
63965, 4354.36
63973, 4351.28
63980, 4350.26
63988, 4353.85
63996, 4350.77
64004, 4351.79
64012, 4348.72
64019, 4351.28
64027, 4348.21
64035, 4343.08
64043, 4357.95
64051, 4349.74
64059, 4333.85
64066, 4340
64074, 4342.56
64082, 4353.85
64090, 4355.9
64098, 4344.1
64105, 4342.05
64113, 4348.21
64121, 4365.13
64129, 4361.03
64137, 4349.23
64145, 4353.85
64152, 4346.15
64160, 4340.51
64168, 4352.31
64176, 4364.62
64184, 4354.87
64191, 4336.41
64199, 4350.77
64207, 4353.85
64215, 4337.95
64223, 4357.95
64231, 4364.1
64238, 4347.69
64246, 4352.31
64254, 4353.85
64262, 4351.28
64270, 4349.74
64278, 4352.31
64285, 4356.41
64293, 4348.21
64301, 4352.82
64309, 4352.82
64317, 4346.15
64324, 4359.49
64332, 4365.64
64340, 4356.41
64348, 4338.97
64356, 4338.97
64364, 4355.9
64371, 4346.67
64379, 4346.15
64387, 4357.95
64395, 4347.18
64403, 4347.18
64410, 4351.28
64418, 4351.28
64426, 4352.82
64434, 4349.74
64442, 4352.31
64450, 4349.23
64457, 4353.33
64465, 4359.49
64473, 4349.74
64481, 4353.85
64489, 4356.92
64496, 4350.77
64504, 4349.74
64512, 4347.18
64520, 4355.9
64528, 4354.36
64536, 4342.56
64543, 4358.46
64551, 4365.13
64559, 4348.72
64567, 4333.33
64575, 4337.44, estimuli
64582, 4359.49
64590, 4355.9
64598, 4347.18
64606, 4351.79
64614, 4352.31
64622, 4355.38
64629, 4348.72
64637, 4351.79
64645, 4362.56
64653, 4350.26
64661, 4348.21
64668, 4355.38
64676, 4349.23
64684, 4340
64692, 4338.46
64700, 4372.31
64708, 4370.26
64715, 4366.15
64723, 4497.95
64731, 4563.59
64739, 4355.38
64747, 4072.82
64755, 4019.49
64762, 4172.31
64770, 4362.56
64778, 4578.46
64786, 4701.54
64794, 4588.21
64801, 4326.15
64809, 4081.54
64817, 4015.9
64825, 4156.41
64833, 4376.41
64841, 4588.72
64848, 4693.85
64856, 4586.67
64864, 4327.69
64872, 4077.44
64880, 4016.41
64887, 4163.08
64895, 4382.56
64903, 4587.18
64911, 4682.05
64919, 4576.41
64927, 4321.54
64934, 4080.51
64942, 4019.49
64950, 4154.36
64958, 4384.1
64966, 4595.38
64973, 4688.72
64981, 4585.13
64989, 4320
64997, 4082.56
65005, 4025.13
65013, 4151.79
65020, 4383.59
65028, 4593.85
65036, 4686.67
65044, 4584.62
65052, 4318.97
65059, 4078.46
65067, 4011.79
65075, 4148.21
65083, 4385.13
65091, 4582.56
65099, 4680
65106, 4591.28
65114, 4330.26
65122, 4078.97
65130, 4001.03
65138, 4149.23
65145, 4391.79
65153, 4591.79
65161, 4700
65169, 4591.28
65177, 4303.59
65185, 4065.13
65192, 4014.87
65200, 4158.46
65208, 4382.56
65216, 4593.33
65224, 4697.95
65231, 4576.92
65239, 4309.23
65247, 4072.31
65255, 4012.31
65263, 4158.97
65271, 4383.08
65278, 4597.44
65286, 4698.46
65294, 4575.38
65302, 4310.26
65310, 4072.82
65318, 4020.51
65325, 4162.56
65333, 4380.51
65341, 4601.03
65349, 4694.87
65357, 4568.21
65364, 4316.41
65372, 4086.15
65380, 4019.49
65388, 4152.31
65396, 4386.67
65404, 4602.56
65411, 4686.67
65419, 4573.33
65427, 4306.15
65435, 4061.54
65443, 4014.87
65450, 4163.08
65458, 4396.92
65466, 4600.51
65474, 4682.05
65482, 4576.41
65490, 4310.26
65497, 4067.69
65505, 4013.33
65513, 4163.08
65521, 4408.21
65529, 4604.62
65536, 4681.54
65544, 4573.85
65553, 4308.21
65560, 4067.18
65568, 4012.31
65576, 4172.82
65583, 4407.18
65591, 4588.21
65599, 4682.05
65607, 4576.41
65615, 4294.87
65622, 4061.03
65630, 4015.9
65638, 4169.74
65646, 4401.54
65654, 4601.54
65662, 4698.97
65669, 4574.36
65677, 4298.97
65685, 4072.82
65693, 4018.97
65701, 4150.77
65708, 4391.79
65716, 4584.62
65724, 4540
65732, 4358.97
65741, 4325.64
65748, 4373.85
65755, 4345.64
65763, 4331.28
65771, 4354.36
65779, 4358.46
65787, 4345.13
65795, 4337.95
65802, 4353.33
65810, 4347.69
65818, 4340.51
65826, 4356.92
65834, 4358.46
65841, 4351.79
65849, 4343.59
65857, 4347.18
65865, 4356.92
65873, 4352.82
65880, 4353.33
65888, 4353.85
65896, 4354.36
65904, 4356.41
65912, 4349.74
65920, 4356.41
65927, 4357.95
65935, 4353.33
65943, 4354.36
65951, 4346.15
65959, 4353.33
65967, 4355.38
65974, 4346.15
65982, 4357.95
65990, 4356.41
65998, 4346.67
66006, 4340
66013, 4339.49
66021, 4360
66029, 4361.03
66037, 4347.69
66045, 4348.21
66053, 4351.79
66060, 4355.9
66068, 4349.23
66076, 4354.36
66084, 4363.59
66092, 4348.21
66099, 4345.13
66107, 4349.74
66115, 4348.21
66123, 4351.28
66131, 4342.56
66139, 4344.62
66146, 4352.82
66154, 4353.33
66162, 4354.36
66170, 4351.79
66178, 4354.87
66185, 4347.69
66193, 4344.1
66201, 4362.56
66209, 4352.82
66217, 4342.05
66225, 4349.23
66232, 4349.23
66240, 4355.9
66248, 4356.41
66256, 4347.69
66264, 4344.1
66271, 4342.56
66279, 4353.33
66287, 4352.31
66295, 4346.67
66303, 4352.31
66311, 4351.79
66318, 4357.44
66326, 4355.38
66334, 4345.13
66342, 4353.85
66350, 4349.23
66358, 4346.67
66365, 4354.36
66373, 4357.44
66381, 4357.44
66389, 4344.62
66397, 4353.33
66404, 4369.23
66414, 4352.31
66423, 4348.21
66428, 4350.77
66436, 4343.08
66444, 4342.56
66451, 4348.72
66459, 4355.9
66467, 4346.15
66475, 4342.56
66483, 4360.51
66490, 4357.44
66498, 4346.67
66506, 4341.54
66514, 4343.59
66522, 4357.95
66530, 4354.87
66537, 4346.67
66545, 4347.18
66553, 4350.77
66561, 4358.46
66569, 4348.72
66576, 4351.28
66584, 4363.08, estimuli
66592, 4354.36
66600, 4353.85
66608, 4354.87
66616, 4354.87
66623, 4358.46
66631, 4348.72
66639, 4346.15
66647, 4341.54
66655, 4341.54
66662, 4355.38
66670, 4352.31
66678, 4348.72
66686, 4348.21
66694, 4341.03
66702, 4350.26
66709, 4368.21
66717, 4356.92
66725, 4362.05
66733, 4488.21
66741, 4573.33
66749, 4371.28
66756, 4072.31
66764, 4013.85
66772, 4166.67
66780, 4366.15
66788, 4562.56
66795, 4686.67
66803, 4607.18
66811, 4338.46
66819, 4088.72
66827, 4017.44
66834, 4152.82
66842, 4377.44
66850, 4561.03
66858, 4680
66866, 4610.26
66874, 4341.03
66881, 4088.21
66889, 4015.38
66897, 4146.15
66905, 4362.56
66913, 4568.21
66920, 4700
66928, 4606.67
66936, 4334.87
66944, 4094.87
66952, 4023.59
66960, 4146.15
66967, 4362.05
66975, 4580.51
66983, 4700.51
66991, 4592.31
66999, 4326.15
67006, 4075.38
67014, 4006.15
67022, 4151.79
67030, 4372.82
67038, 4578.46
67046, 4694.36
67053, 4608.21
67061, 4346.67
67069, 4075.38
67078, 4000.51
67085, 4144.1
67093, 4367.69
67100, 4584.1
67108, 4691.28
67116, 4591.28
67124, 4332.82
67132, 4082.56
67139, 4017.44
67147, 4147.69
67155, 4368.72
67163, 4580.51
67171, 4681.03
67179, 4587.69
67186, 4330.26
67194, 4084.62
67202, 4019.49
67210, 4144.62
67218, 4372.31
67225, 4585.13
67233, 4690.77
67241, 4596.92
67249, 4325.64
67257, 4088.21
67265, 4032.31
67272, 4147.69
67280, 4365.13
67288, 4578.97
67296, 4690.26
67304, 4590.26
67311, 4321.03
67319, 4084.62
67327, 4017.95
67335, 4151.79
67343, 4378.97
67351, 4581.54
67358, 4693.33
67366, 4590.26
67374, 4318.46
67382, 4081.54
67390, 4016.92
67397, 4152.82
67405, 4377.44
67413, 4587.69
67421, 4697.95
67429, 4585.13
67437, 4320
67444, 4080.51
67452, 4016.41
67460, 4171.79
67468, 4393.85
67476, 4581.03
67484, 4678.97
67491, 4574.87
67499, 4314.87
67507, 4071.28
67515, 4014.87
67523, 4161.03
67530, 4378.46
67538, 4591.79
67546, 4693.33
67554, 4576.92
67562, 4312.31
67570, 4073.33
67577, 4023.08
67585, 4160
67594, 4385.13
67601, 4602.56
67609, 4686.67
67616, 4571.79
67624, 4313.33
67632, 4074.36
67640, 4025.13
67648, 4155.38
67656, 4382.05
67663, 4612.31
67671, 4700
67679, 4572.31
67687, 4308.72
67695, 4085.13
67702, 4029.74
67710, 4139.49
67718, 4375.9
67726, 4568.21
67734, 4533.85
67742, 4372.82
67749, 4323.08
67757, 4372.82
67766, 4355.38
67773, 4329.23
67781, 4352.82
67788, 4343.59
67796, 4345.13
67804, 4360.51
67812, 4354.36
67820, 4352.31
67828, 4346.15
67835, 4346.67
67843, 4348.72
67851, 4344.1
67859, 4356.41
67867, 4361.03
67875, 4358.46
67882, 4355.38
67890, 4351.79
67898, 4355.38
67906, 4335.38
67914, 4331.79
67921, 4364.1
67929, 4363.08
67937, 4352.31
67945, 4357.95
67953, 4357.44
67961, 4353.33
67968, 4347.69
67976, 4345.13
67984, 4342.56
67992, 4343.59
68000, 4353.33
68007, 4345.64
68015, 4353.33
68023, 4370.26
68031, 4347.69
68039, 4334.36
68047, 4348.21
68054, 4358.97
68062, 4351.79
68070, 4346.15
68078, 4369.74
68086, 4364.1
68093, 4335.38
68101, 4338.46
68109, 4350.77
68117, 4356.92
68125, 4349.74
68133, 4346.67
68141, 4357.95
68148, 4351.79
68156, 4347.18
68164, 4350.26
68172, 4347.18
68179, 4350.26
68187, 4349.23
68195, 4358.46
68203, 4363.59
68211, 4348.72
68219, 4353.33
68226, 4357.95
68234, 4352.82
68242, 4352.82
68250, 4348.72
68258, 4354.87
68266, 4353.33
68273, 4352.31
68281, 4368.21
68289, 4361.54
68297, 4347.69
68305, 4345.64
68312, 4349.74
68320, 4354.36
68328, 4349.74
68336, 4356.41
68344, 4354.36
68351, 4344.62
68359, 4353.33
68367, 4346.15
68375, 4342.05
68383, 4353.85
68391, 4355.38
68398, 4358.46
68406, 4355.9
68414, 4353.85
68422, 4355.38
68430, 4349.74
68438, 4353.85
68445, 4352.31
68453, 4349.74
68461, 4356.92
68469, 4345.13
68477, 4345.13
68484, 4362.05
68492, 4364.62
68500, 4353.33
68508, 4332.82
68516, 4341.54
68524, 4358.46
68531, 4351.28
68539, 4352.82
68547, 4355.9
68555, 4354.36
68563, 4352.31
68570, 4346.15
68578, 4356.92
68586, 4354.36
68594, 4345.13
68602, 4352.82, estimuli
68610, 4358.46
68617, 4361.54
68625, 4350.77
68633, 4348.21
68641, 4365.13
68650, 4357.95
68656, 4346.15
68664, 4343.08
68672, 4345.64
68680, 4357.44
68688, 4349.23
68696, 4347.69
68703, 4364.1
68711, 4355.9
68719, 4339.49
68727, 4350.77
68735, 4369.23
68743, 4361.54
68750, 4434.36
68758, 4565.13
68766, 4468.21
68774, 4149.23
68782, 3983.08
68789, 4100.51
68797, 4304.62
68805, 4492.31
68813, 4652.31
68821, 4655.38
68829, 4435.38
68836, 4158.46
68844, 4014.87
68853, 4084.1
68860, 4297.95
68868, 4506.67
68875, 4667.18
68883, 4665.64
68891, 4431.28
68899, 4155.38
68907, 4028.72
68914, 4103.59
68922, 4297.44
68930, 4505.64
68938, 4674.87
68946, 4654.36
68954, 4419.49
68961, 4156.92
68969, 4020.51
68977, 4087.18
68985, 4287.18
68993, 4513.85
69001, 4676.41
69008, 4644.62
69016, 4438.97
69024, 4171.79
69032, 4002.56
69040, 4078.97
69047, 4305.13
69055, 4528.21
69063, 4666.67
69071, 4636.41
69079, 4434.36
69087, 4164.62
69094, 4012.31
69102, 4081.54
69110, 4302.56
69118, 4542.56
69126, 4674.87
69133, 4634.87
69141, 4429.23
69149, 4157.44
69157, 4011.79
69165, 4083.59
69173, 4303.08
69180, 4531.28
69188, 4664.62
69196, 4646.15
69204, 4434.87
69212, 4150.26
69219, 4011.79
69227, 4091.28
69235, 4305.64
69243, 4520.51
69251, 4666.67
69259, 4653.33
69266, 4426.15
69274, 4152.31
69282, 4018.97
69291, 4092.82
69298, 4306.15
69305, 4517.95
69313, 4667.18
69321, 4653.85
69329, 4427.69
69337, 4157.95
69345, 4017.44
69352, 4086.67
69360, 4302.56
69368, 4517.95
69376, 4669.74
69384, 4640.51
69392, 4413.33
69399, 4153.85
69407, 4015.38
69415, 4095.38
69423, 4308.21
69431, 4527.69
69438, 4684.62
69446, 4640.51
69454, 4408.21
69462, 4152.31
69470, 4016.41
69477, 4091.79
69485, 4303.08
69493, 4532.31
69501, 4683.08
69509, 4634.87
69517, 4409.74
69524, 4145.13
69532, 4021.54
69540, 4110.26
69548, 4309.23
69556, 4532.31
69564, 4674.87
69571, 4627.18
69579, 4412.82
69587, 4154.36
69595, 4018.97
69603, 4087.18
69610, 4300
69618, 4542.56
69626, 4682.56
69634, 4631.28
69642, 4409.74
69650, 4145.64
69657, 4017.44
69665, 4090.77
69673, 4306.67
69681, 4542.05
69689, 4676.41
69696, 4633.85
69704, 4405.13
69712, 4144.62
69720, 4025.13
69728, 4082.56
69736, 4304.62
69743, 4544.1
69751, 4573.33
69759, 4409.23
69767, 4315.38
69775, 4369.74
69782, 4374.36
69790, 4333.33
69798, 4355.38
69806, 4356.92
69814, 4348.21
69822, 4356.41
69829, 4346.67
69837, 4349.74
69845, 4348.21
69853, 4346.67
69861, 4353.33
69869, 4349.74
69876, 4352.82
69884, 4351.79
69892, 4356.92
69900, 4359.49
69908, 4340
69915, 4349.23
69923, 4360.51
69931, 4348.72
69939, 4349.74
69947, 4353.85
69955, 4355.9
69962, 4349.74
69970, 4341.54
69978, 4349.74
69986, 4355.9
69994, 4362.56
70001, 4353.85
70009, 4340
70017, 4358.46
70025, 4357.44
70033, 4345.64
70041, 4354.36
70048, 4351.79
70056, 4349.23
70064, 4349.74
70072, 4355.38
70080, 4360.51
70087, 4348.72
70095, 4349.74
70103, 4354.36
70111, 4353.33
70119, 4360.51
70127, 4352.82
70134, 4351.28
70142, 4359.49
70150, 4363.08
70158, 4363.59
70166, 4344.1
70173, 4338.97
70181, 4355.38
70189, 4356.41
70197, 4358.97
70205, 4354.87
70213, 4349.74
70220, 4352.31
70228, 4349.74
70236, 4359.49
70244, 4363.08
70252, 4355.38
70259, 4354.87
70267, 4351.28
70275, 4356.92
70283, 4353.33
70291, 4351.79
70299, 4364.1
70306, 4355.9
70314, 4356.92
70322, 4364.62
70330, 4358.46
70338, 4357.95
70345, 4347.18
70353, 4354.87
70361, 4370.77
70370, 4347.69
70377, 4337.44
70385, 4354.36
70393, 4361.54
70400, 4354.36
70408, 4351.28
70416, 4362.05
70425, 4356.92
70431, 4349.23
70439, 4354.36
70447, 4349.23
70455, 4354.36
70463, 4355.38
70471, 4351.28
70478, 4355.9
70486, 4346.15
70494, 4350.77
70502, 4362.56
70510, 4351.28
70518, 4351.79
70525, 4351.79
70533, 4350.77
70541, 4352.82
70549, 4348.21
70557, 4353.85
70564, 4357.95
70572, 4354.87
70580, 4348.21
70588, 4343.59
70596, 4351.79
70603, 4349.23
70611, 4352.31
70619, 4358.46
70627, 4347.18, estimuli
70635, 4354.36
70643, 4358.97
70650, 4351.28
70658, 4354.36
70666, 4347.69
70674, 4351.79
70682, 4353.33
70690, 4341.03
70697, 4350.26
70705, 4353.33
70713, 4349.74
70721, 4346.15
70729, 4337.44
70736, 4343.08
70744, 4353.85
70752, 4365.64
70760, 4354.87
70768, 4405.13
70776, 4563.08
70783, 4547.18
70791, 4245.64
70799, 3994.36
70807, 4029.74
70815, 4226.67
70822, 4438.46
70830, 4640
70838, 4711.28
70846, 4541.03
70854, 4247.18
70862, 4032.82
70869, 4033.85
70877, 4221.54
70885, 4440
70893, 4637.95
70901, 4707.18
70908, 4524.62
70916, 4230.26
70924, 4020.51
70932, 4026.15
70940, 4215.38
70948, 4443.59
70955, 4650.26
70963, 4704.62
70971, 4521.03
70979, 4231.28
70987, 4023.08
70994, 4032.82
71002, 4213.33
71010, 4445.64
71018, 4655.38
71026, 4695.38
71034, 4509.23
71041, 4222.05
71049, 4022.56
71057, 4031.79
71065, 4203.59
71073, 4448.72
71080, 4663.59
71088, 4702.05
71096, 4518.97
71104, 4226.15
71112, 4023.59
71120, 4030.26
71127, 4207.69
71135, 4455.9
71143, 4656.92
71151, 4701.03
71159, 4521.03
71167, 4220
71174, 4018.97
71182, 4025.64
71190, 4209.23
71198, 4457.95
71206, 4651.79
71213, 4700
71221, 4519.49
71229, 4214.36
71237, 4014.87
71245, 4023.08
71253, 4212.31
71260, 4456.92
71268, 4654.87
71276, 4708.72
71284, 4514.87
71292, 4213.85
71299, 4021.03
71307, 4027.69
71315, 4216.41
71323, 4454.87
71331, 4656.41
71339, 4708.21
71346, 4512.31
71354, 4216.41
71362, 4013.33
71370, 4023.08
71378, 4214.36
71385, 4445.13
71393, 4664.1
71401, 4717.95
71409, 4502.56
71417, 4208.21
71425, 4020
71432, 4030.77
71440, 4211.79
71448, 4452.82
71456, 4659.49
71464, 4688.21
71471, 4496.92
71479, 4213.85
71487, 4021.54
71495, 4041.54
71503, 4217.95
71511, 4458.46
71518, 4666.67
71526, 4684.1
71534, 4489.23
71542, 4214.87
71550, 4025.13
71557, 4036.41
71565, 4221.54
71573, 4473.33
71581, 4656.92
71589, 4670.26
71597, 4498.97
71604, 4225.13
71612, 4031.79
71620, 4034.36
71628, 4208.21
71636, 4461.03
71644, 4656.92
71651, 4687.18
71659, 4499.49
71667, 4209.23
71675, 4032.82
71683, 4050.77
71690, 4229.74
71698, 4465.13
71707, 4645.13
71714, 4680
71722, 4494.87
71730, 4212.82
71737, 4032.82
71745, 4033.85
71753, 4214.87
71761, 4468.21
71769, 4596.92
71776, 4492.82
71784, 4329.23
71792, 4341.54
71800, 4392.31
71808, 4356.41
71816, 4356.92
71823, 4357.44
71831, 4344.1
71839, 4356.92
71847, 4351.28
71855, 4358.46
71862, 4362.05
71870, 4353.33
71878, 4353.33
71886, 4348.21
71894, 4351.79
71902, 4349.23
71909, 4344.1
71917, 4350.77
71925, 4353.85
71933, 4360.51
71941, 4352.31
71948, 4348.21
71956, 4357.95
71964, 4347.18
71972, 4354.36
71980, 4361.54
71988, 4345.64
71995, 4352.82
72003, 4355.9
72014, 4351.79
72019, 4359.49
72027, 4365.64
72035, 4357.95
72042, 4335.38
72050, 4342.05
72058, 4359.49
72066, 4344.62
72074, 4345.64
72081, 4358.46
72089, 4355.38
72097, 4345.64
72105, 4341.03
72113, 4356.41
72122, 4355.38
72128, 4346.15
72136, 4356.41
72144, 4353.85
72152, 4355.9
72160, 4354.87
72167, 4346.67
72175, 4355.9
72183, 4350.77
72191, 4348.72
72199, 4358.46
72207, 4353.85
72214, 4350.77
72222, 4350.77
72230, 4366.15
72238, 4364.62
72246, 4333.33
72253, 4342.56
72261, 4363.59
72269, 4355.38
72277, 4349.74
72285, 4350.77
72293, 4360
72300, 4353.33
72308, 4343.59
72316, 4355.9
72324, 4356.41
72332, 4354.36
72339, 4352.82
72347, 4347.18
72355, 4356.41
72363, 4352.31
72371, 4348.72
72379, 4354.36
72386, 4349.23
72394, 4351.79
72402, 4349.23
72410, 4350.77
72418, 4356.41
72426, 4357.44
72433, 4368.72
72441, 4355.9
72449, 4339.49
72457, 4350.26
72465, 4351.28
72472, 4352.31
72480, 4355.38
72488, 4356.41
72496, 4361.54
72504, 4352.31
72512, 4355.38
72519, 4364.62
72527, 4352.31
72535, 4343.59
72543, 4341.54
72551, 4348.21
72558, 4354.36
72566, 4351.28
72574, 4360
72582, 4358.97
72590, 4351.79
72598, 4354.87
72605, 4351.79
72613, 4351.79
72622, 4352.82
72629, 4353.33
72638, 4355.38
72644, 4358.46
72652, 4371.28
72660, 4356.41, estimuli
72668, 4342.56
72676, 4358.97
72684, 4352.31
72691, 4345.13
72699, 4355.9
72707, 4354.36
72715, 4351.79
72723, 4348.21
72730, 4352.82
72738, 4359.49
72746, 4349.74
72754, 4349.23
72762, 4345.64
72770, 4344.62
72777, 4367.18
72785, 4366.67
72793, 4362.05
72801, 4449.23
72809, 4561.03
72816, 4452.31
72824, 4142.05
72832, 4002.56
72840, 4123.59
72848, 4321.54
72856, 4535.38
72863, 4674.36
72871, 4632.31
72879, 4412.82
72887, 4141.03
72895, 4017.44
72902, 4101.54
72910, 4303.59
72918, 4521.54
72926, 4674.87
72934, 4648.72
72942, 4417.95
72949, 4151.28
72957, 4017.95
72965, 4088.72
72973, 4309.74
72981, 4529.74
72988, 4676.92
72996, 4654.87
73004, 4416.41
73012, 4148.21
73020, 4023.59
73028, 4094.87
73035, 4306.15
73043, 4521.03
73051, 4673.33
73059, 4650.26
73067, 4411.79
73075, 4140.51
73082, 4009.23
73090, 4090.77
73098, 4308.21
73106, 4537.44
73114, 4689.74
73121, 4635.9
73129, 4398.46
73137, 4144.62
73145, 4019.49
73153, 4100.51
73161, 4304.1
73168, 4536.92
73176, 4698.97
73184, 4631.79
73192, 4392.31
73200, 4145.64
73207, 4021.54
73215, 4102.05
73223, 4310.77
73231, 4539.49
73239, 4685.13
73247, 4629.23
73254, 4399.49
73262, 4146.15
73270, 4035.9
73278, 4109.23
73286, 4298.97
73293, 4536.92
73301, 4687.18
73309, 4627.69
73317, 4396.41
73325, 4138.46
73333, 4021.03
73340, 4101.03
73348, 4314.36
73356, 4548.21
73364, 4683.59
73372, 4630.77
73380, 4397.95
73387, 4136.41
73395, 4018.97
73403, 4098.97
73411, 4319.49
73419, 4544.1
73426, 4673.33
73434, 4628.72
73442, 4392.82
73450, 4134.87
73458, 4024.1
73466, 4107.69
73473, 4333.85
73481, 4558.97
73489, 4678.46
73497, 4621.03
73505, 4390.26
73512, 4132.82
73520, 4011.79
73528, 4110.77
73536, 4333.33
73544, 4541.03
73551, 4688.21
73560, 4639.49
73567, 4383.59
73575, 4123.59
73584, 4010.77
73591, 4108.21
73598, 4324.1
73606, 4542.05
73614, 4691.28
73622, 4629.23
73630, 4382.56
73638, 4130.26
73645, 4014.36
73653, 4105.64
73661, 4322.05
73669, 4552.31
73677, 4694.36
73684, 4630.26
73692, 4397.95
73700, 4133.85
73708, 4007.69
73716, 4107.69
73724, 4326.15
73731, 4548.72
73739, 4678.97
73747, 4618.46
73755, 4390.26
73763, 4129.23
73770, 4020.51
73778, 4101.54
73786, 4308.21
73794, 4544.1
73802, 4573.85
73810, 4402.05
73817, 4312.82
73825, 4364.62
73833, 4377.44
73841, 4336.92
73849, 4351.28
73856, 4363.59
73864, 4351.79
73872, 4358.97
73880, 4354.87
73888, 4352.31
73896, 4359.49
73903, 4347.18
73911, 4343.59
73919, 4348.72
73927, 4345.13
73935, 4349.23
73942, 4348.21
73950, 4357.44
73958, 4361.03
73966, 4347.18
73974, 4348.72
73982, 4351.28
73989, 4355.9
73997, 4353.85
74005, 4346.67
74013, 4361.54
74021, 4364.62
74029, 4351.79
74037, 4346.15
74044, 4348.72
74052, 4357.44
74060, 4347.69
74068, 4344.62
74075, 4358.97
74084, 4352.82
74091, 4351.28
74099, 4353.85
74107, 4355.38
74114, 4365.13
74122, 4353.85
74130, 4338.97
74138, 4342.05
74146, 4356.92
74154, 4364.1
74161, 4346.15
74169, 4350.26
74177, 4365.13
74185, 4353.85
74193, 4350.77
74201, 4353.33
74208, 4356.41
74216, 4357.95
74224, 4348.21
74232, 4352.82
74240, 4354.87
74247, 4352.82
74255, 4352.82
74263, 4344.1
74271, 4357.95
74279, 4367.18
74288, 4359.49
74294, 4356.41
74302, 4350.26
74310, 4365.13
74318, 4363.59
74326, 4340
74333, 4354.36
74341, 4361.54
74349, 4348.21
74357, 4350.77
74365, 4356.92
74373, 4354.36
74380, 4347.69
74388, 4361.03
74396, 4368.72
74404, 4347.69
74412, 4344.1
74419, 4351.28
74427, 4350.26
74435, 4347.69
74443, 4347.18
74451, 4360
74459, 4361.03
74466, 4349.74
74474, 4351.79
74482, 4353.33
74490, 4363.08
74498, 4362.05
74505, 4352.82
74513, 4367.69
74521, 4362.05
74529, 4348.21
74537, 4350.26
74545, 4347.69
74552, 4349.23
74560, 4348.21
74568, 4350.77
74576, 4350.77
74584, 4346.15
74592, 4360
74599, 4361.54
74607, 4351.28
74615, 4352.82
74623, 4352.82
74631, 4355.9
74638, 4348.72
74646, 4343.08
74654, 4355.38
74662, 4355.9
74670, 4357.44
74678, 4357.95
74685, 4351.28
74693, 4353.33
74701, 4353.33, estimuli
74709, 4357.95
74717, 4354.87
74725, 4349.74
74732, 4372.31
74740, 4367.18
74748, 4341.54
74756, 4340.51
74764, 4348.21
74771, 4357.44
74779, 4350.77
74787, 4347.18
74795, 4360
74803, 4352.82
74810, 4340.51
74818, 4337.95
74826, 4363.08
74834, 4382.05
74842, 4354.36
74850, 4426.15
74857, 4562.05
74865, 4490.77
74873, 4198.97
74881, 3999.49
74889, 4084.62
74896, 4284.1
74904, 4477.44
74912, 4656.92
74920, 4667.69
74928, 4466.67
74936, 4196.41
74943, 4026.67
74951, 4071.79
74959, 4268.21
74968, 4490.26
74975, 4661.03
74982, 4663.08
74990, 4462.56
74998, 4184.62
75006, 4024.1
75014, 4083.08
75022, 4273.85
75029, 4489.74
75037, 4653.85
75045, 4655.9
75053, 4461.54
75061, 4177.44
75069, 4018.46
75076, 4084.1
75084, 4276.92
75092, 4493.33
75100, 4651.79
75108, 4658.97
75115, 4465.64
75123, 4179.49
75131, 4027.69
75139, 4092.31
75147, 4291.28
75155, 4497.44
75162, 4642.05
75170, 4660
75178, 4469.23
75186, 4177.44
75194, 4012.82
75201, 4070.26
75209, 4282.05
75217, 4503.08
75225, 4658.46
75233, 4662.05
75241, 4451.28
75248, 4174.87
75256, 4017.44
75264, 4067.69
75272, 4283.08
75280, 4505.13
75287, 4662.56
75295, 4667.69
75303, 4452.31
75311, 4170.26
75319, 4015.38
75327, 4084.1
75334, 4295.9
75342, 4508.21
75350, 4673.33
75358, 4668.72
75366, 4438.97
75373, 4160
75381, 4014.87
75389, 4079.49
75397, 4277.44
75405, 4503.08
75413, 4680.51
75421, 4661.03
75428, 4435.9
75436, 4168.21
75444, 4018.97
75452, 4077.44
75459, 4273.33
75467, 4510.77
75475, 4677.44
75483, 4648.21
75491, 4445.64
75499, 4181.54
75506, 4021.03
75514, 4081.03
75522, 4287.69
75530, 4515.9
75538, 4668.72
75545, 4658.46
75553, 4456.92
75561, 4163.59
75569, 3998.97
75577, 4072.82
75585, 4290.26
75592, 4518.97
75600, 4662.56
75608, 4647.18
75616, 4447.69
75624, 4174.87
75631, 4020
75639, 4074.36
75647, 4288.72
75655, 4521.03
75663, 4664.1
75671, 4651.28
75678, 4444.62
75686, 4171.79
75694, 4021.03
75703, 4078.97
75710, 4296.41
75718, 4514.87
75725, 4662.05
75733, 4663.59
75741, 4447.18
75749, 4161.03
75757, 4016.41
75764, 4091.28
75772, 4296.41
75780, 4502.56
75788, 4668.21
75796, 4657.44
75804, 4420
75811, 4157.95
75819, 4029.74
75827, 4082.05
75835, 4282.05
75843, 4514.36
75850, 4588.21
75858, 4436.41
75866, 4320.51
75874, 4366.15
75882, 4373.33
75890, 4336.92
75897, 4348.21
75905, 4353.85
75913, 4349.23
75921, 4351.28
75929, 4353.85
75936, 4352.31
75944, 4349.23
75952, 4355.38
75960, 4357.44
75968, 4364.1
75976, 4354.36
75983, 4339.49
75991, 4357.44
75999, 4355.9
76007, 4342.56
76015, 4357.95
76022, 4362.05
76030, 4351.79
76038, 4345.13
76046, 4354.87
76054, 4363.59
76062, 4349.74
76069, 4348.72
76077, 4357.44
76085, 4356.41
76093, 4351.79
76101, 4344.1
76108, 4355.38
76116, 4355.9
76124, 4342.56
76132, 4349.74
76140, 4352.31
76148, 4358.97
76155, 4365.64
76163, 4351.28
76171, 4348.72
76179, 4355.9
76187, 4360.51
76194, 4351.79
76202, 4343.08
76210, 4361.03
76218, 4362.05
76226, 4347.69
76234, 4349.74
76241, 4355.9
76249, 4361.03
76257, 4348.21
76265, 4343.08
76273, 4358.97
76281, 4350.26
76288, 4343.08
76296, 4352.31
76304, 4355.38
76312, 4359.49
76320, 4354.36
76327, 4354.87
76335, 4355.38
76343, 4348.72
76351, 4354.87
76359, 4352.82
76367, 4354.36
76374, 4354.87
76382, 4351.28
76390, 4369.23
76398, 4360.51
76406, 4338.97
76413, 4347.18
76421, 4354.87
76429, 4355.38
76437, 4349.23
76445, 4347.69
76453, 4357.95
76460, 4351.79
76468, 4350.77
76476, 4353.33
76484, 4353.33
76492, 4363.08
76499, 4356.92
76507, 4349.23
76515, 4348.72
76523, 4350.26
76531, 4361.03
76539, 4356.41
76546, 4355.9
76554, 4355.9
76562, 4343.59
76570, 4353.33
76578, 4361.03
76585, 4351.79
76593, 4348.72
76601, 4352.31
76609, 4363.59
76617, 4352.31
76625, 4336.92
76632, 4347.18
76640, 4351.28
76648, 4352.82
76656, 4351.79
76664, 4352.31
76672, 4361.54
76679, 4353.85
76687, 4354.87
76695, 4358.97
76703, 4351.28
76711, 4365.13
76718, 4364.1
76726, 4347.69
76734, 4354.87
76742, 4363.08
76750, 4362.56, estimuli
76757, 4350.77
76765, 4348.72
76773, 4356.41
76781, 4351.79
76789, 4350.77
76797, 4347.18
76804, 4351.79
76812, 4368.21
76820, 4360.51
76828, 4350.26
76836, 4344.1
76844, 4341.54
76851, 4345.64
76859, 4341.54
76867, 4363.59
76875, 4373.85
76883, 4356.92
76890, 4450.77
76898, 4567.69
76906, 4451.79
76914, 4146.15
76922, 3994.36
76930, 4115.9
76937, 4298.97
76945, 4492.82
76953, 4672.31
76961, 4649.74
76969, 4426.67
76976, 4158.97
76984, 4024.62
76992, 4097.95
77000, 4288.72
77008, 4518.46
77016, 4685.64
77023, 4648.21
77031, 4418.46
77039, 4151.79
77047, 4023.08
77055, 4095.9
77062, 4296.41
77070, 4520.51
77078, 4672.31
77086, 4648.72
77094, 4428.21
77102, 4155.9
77109, 4026.67
77117, 4088.21
77125, 4284.1
77133, 4514.36
77141, 4666.67
77148, 4646.15
77156, 4425.64
77164, 4152.31
77172, 4020.51
77180, 4094.87
77188, 4305.13
77195, 4516.92
77203, 4670.77
77211, 4661.03
77219, 4423.59
77227, 4150.26
77234, 4025.13
77242, 4090.26
77250, 4293.33
77258, 4512.31
77266, 4673.33
77274, 4656.41
77281, 4418.46
77289, 4145.64
77298, 4016.41
77305, 4096.41
77313, 4301.54
77321, 4511.79
77328, 4675.9
77336, 4650.26
77344, 4411.79
77352, 4141.54
77360, 4008.72
77367, 4097.95
77375, 4308.21
77383, 4525.64
77391, 4684.62
77399, 4641.03
77407, 4409.74
77414, 4149.74
77422, 4015.38
77430, 4103.08
77438, 4312.31
77446, 4521.03
77453, 4666.15
77461, 4630.77
77469, 4407.69
77477, 4139.49
77485, 4016.92
77493, 4103.08
77500, 4303.59
77508, 4527.18
77516, 4677.95
77524, 4641.54
77532, 4416.41
77539, 4146.67
77547, 4021.54
77555, 4095.9
77563, 4311.28
77571, 4554.87
77579, 4686.67
77586, 4626.67
77594, 4401.54
77602, 4145.13
77610, 4029.23
77618, 4101.03
77625, 4296.92
77633, 4515.9
77641, 4668.72
77649, 4650.77
77657, 4413.33
77665, 4132.82
77672, 4010.26
77680, 4092.82
77688, 4313.33
77696, 4530.26
77704, 4677.44
77711, 4658.97
77719, 4417.44
77727, 4137.95
77735, 4016.92
77743, 4104.1
77751, 4316.92
77758, 4534.87
77766, 4680.51
77774, 4632.31
77782, 4387.18
77790, 4130.26
77797, 4016.92
77805, 4105.13
77813, 4314.87
77821, 4533.33
77829, 4685.64
77837, 4630.26
77844, 4391.79
77852, 4152.31
77860, 4027.69
77868, 4082.05
77876, 4298.97
77884, 4554.87
77891, 4602.56
77899, 4412.82
77907, 4313.33
77915, 4366.15
77923, 4366.15
77930, 4334.87
77938, 4346.15
77946, 4354.36
77954, 4349.23
77962, 4343.59
77970, 4349.74
77977, 4349.74
77985, 4341.54
77993, 4342.56
78001, 4346.67
78009, 4355.38
78016, 4354.36
78024, 4352.82
78032, 4353.85
78040, 4351.79
78048, 4365.64
78056, 4367.18
78063, 4354.87
78071, 4344.1
78079, 4341.03
78087, 4357.95
78095, 4349.74
78102, 4336.41
78110, 4354.36
78118, 4350.77
78126, 4347.18
78134, 4355.9
78142, 4349.23
78149, 4353.33
78157, 4353.85
78165, 4350.77
78173, 4352.31
78181, 4349.74
78188, 4354.36
78196, 4349.23
78204, 4353.33
78212, 4364.62
78220, 4353.85
78228, 4353.85
78235, 4356.41
78243, 4352.31
78251, 4356.41
78259, 4351.28
78267, 4358.97
78274, 4366.15
78282, 4346.67
78290, 4337.44
78298, 4349.23
78306, 4361.03
78314, 4349.23
78321, 4342.56
78329, 4360
78337, 4357.44
78345, 4352.82
78353, 4355.9
78360, 4349.74
78368, 4351.79
78376, 4345.64
78384, 4345.64
78392, 4356.41
78400, 4353.85
78407, 4355.9
78415, 4353.85
78423, 4350.77
78431, 4355.38
78439, 4347.69
78447, 4352.31
78454, 4356.92
78462, 4351.79
78470, 4350.77
78478, 4345.13
78486, 4359.49
78493, 4366.67
78501, 4346.67
78509, 4340.51
78517, 4348.21
78525, 4365.13
78533, 4362.05
78540, 4341.54
78548, 4353.85
78556, 4360
78564, 4345.13
78572, 4348.72
78579, 4358.97
78587, 4358.46
78595, 4346.15
78603, 4349.23
78611, 4362.56
78619, 4354.87
78626, 4354.36
78634, 4350.26
78642, 4344.1
78650, 4358.46
78658, 4353.85
78665, 4349.74
78673, 4356.92
78681, 4352.82
78689, 4351.79
78697, 4352.31
78705, 4359.49
78712, 4357.44
78720, 4347.69
78728, 4354.36
78736, 4351.28
78744, 4352.31
78751, 4365.13, estimuli
78759, 4355.9
78767, 4349.23
78775, 4350.77
78783, 4349.23
78791, 4346.67
78798, 4341.54
78806, 4350.77
78814, 4352.31
78822, 4352.82
78830, 4365.64
78838, 4353.33
78845, 4347.18
78853, 4356.92
78861, 4360
78869, 4364.1
78877, 4363.08
78884, 4365.64
78892, 4366.15
78900, 4441.54
78908, 4564.62
78916, 4474.36
78923, 4174.36
78931, 3998.46
78939, 4084.1
78947, 4284.1
78955, 4486.15
78963, 4657.95
78970, 4669.74
78978, 4448.72
78986, 4160
78994, 4014.87
79002, 4085.64
79010, 4288.21
79017, 4496.41
79025, 4665.64
79033, 4660.51
79041, 4433.33
79049, 4163.59
79056, 4018.97
79064, 4085.64
79072, 4292.31
79080, 4510.77
79088, 4676.92
79096, 4656.41
79103, 4431.79
79111, 4162.05
79119, 4021.03
79127, 4097.44
79135, 4287.69
79142, 4493.33
79150, 4664.62
79158, 4649.74
79166, 4433.33
79174, 4161.54
79182, 4014.36
79189, 4085.13
79197, 4285.64
79205, 4514.36
79213, 4673.85
79221, 4649.23
79228, 4439.49
79236, 4170.26
79244, 4024.62
79252, 4087.18
79260, 4285.13
79268, 4516.92
79275, 4675.38
79283, 4648.21
79291, 4431.28
79299, 4163.59
79307, 4019.49
79314, 4075.38
79322, 4289.23
79330, 4527.69
79338, 4674.36
79346, 4660
79354, 4436.92
79361, 4146.15
79369, 4012.31
79377, 4088.21
79385, 4298.97
79393, 4518.97
79401, 4666.15
79408, 4657.95
79416, 4439.49
79425, 4158.97
79432, 4016.92
79440, 4083.08
79447, 4291.28
79455, 4504.62
79463, 4664.62
79471, 4655.38
79479, 4422.56
79487, 4153.85
79494, 4019.49
79502, 4083.59
79510, 4291.28
79518, 4512.82
79526, 4677.95
79533, 4655.9
79541, 4418.97
79549, 4154.36
79557, 4031.79
79565, 4106.15
79573, 4293.33
79580, 4507.69
79588, 4678.46
79596, 4648.72
79604, 4418.46
79612, 4152.82
79619, 4015.9
79627, 4093.85
79635, 4295.38
79643, 4522.56
79651, 4681.03
79659, 4637.44
79666, 4416.41
79674, 4153.33
79682, 4015.38
79690, 4091.28
79698, 4301.03
79705, 4538.97
79713, 4684.62
79721, 4632.31
79729, 4413.85
79737, 4153.33
79745, 4018.46
79752, 4093.85
79760, 4313.85
79768, 4538.97
79776, 4658.97
79784, 4626.15
79791, 4421.54
79799, 4153.33
79807, 4021.54
79815, 4091.28
79823, 4297.44
79831, 4524.62
79838, 4667.69
79846, 4642.56
79854, 4418.97
79862, 4150.26
79870, 4022.56
79878, 4080.51
79885, 4294.87
79893, 4526.67
79901, 4576.41
79909, 4437.44
79917, 4328.72
79924, 4356.41
79932, 4360
79940, 4327.69
79948, 4351.79
79956, 4358.46
79963, 4360.51
79971, 4367.18
79979, 4343.08
79987, 4340.51
79995, 4347.18
80003, 4347.69
80010, 4351.28
80018, 4349.23
80026, 4352.31
80034, 4350.77
80042, 4352.82
80050, 4357.44
80057, 4347.18
80065, 4352.31
80073, 4358.97
80081, 4356.92
80089, 4355.9
80096, 4345.64
80104, 4349.23
80112, 4354.87
80120, 4353.85
80128, 4355.38
80136, 4344.62
80143, 4356.41
80151, 4366.15
80159, 4344.1
80167, 4351.79
80175, 4366.15
80182, 4357.44
80190, 4351.79
80198, 4354.87
80206, 4356.41
80214, 4339.49
80222, 4338.46
80229, 4356.92
80237, 4355.38
80245, 4354.87
80253, 4354.36
80261, 4353.85
80268, 4361.03
80276, 4349.74
80284, 4343.08
80292, 4347.18
80300, 4349.23
80308, 4353.85
80315, 4344.62
80323, 4347.18
80331, 4352.31
80339, 4347.69
80347, 4355.38
80354, 4353.85
80362, 4355.38
80370, 4365.64
80378, 4365.13
80386, 4361.03
80394, 4345.13
80401, 4344.62
80409, 4362.56
80417, 4358.97
80425, 4352.82
80433, 4349.23
80441, 4352.31
80448, 4365.64
80456, 4354.36
80464, 4351.28
80472, 4358.46
80480, 4356.41
80487, 4358.97
80495, 4351.28
80503, 4351.79
80511, 4355.38
80519, 4344.62
80526, 4349.23
80534, 4352.82
80542, 4355.38
80550, 4360
80558, 4350.77
80566, 4348.21
80573, 4356.92
80581, 4368.72
80589, 4367.69
80597, 4348.72
80605, 4349.23
80613, 4351.79
80620, 4349.74
80628, 4356.92
80636, 4355.9
80644, 4358.46
80652, 4353.33
80659, 4348.72
80667, 4357.44
80675, 4348.21
80683, 4354.87
80691, 4365.64
80699, 4351.28
80706, 4353.33
80714, 4357.44
80722, 4347.69
80730, 4345.64
80738, 4356.92
80745, 4365.13
80753, 4348.72
80761, 4343.59, estimuli
80770, 4355.9
80777, 4354.87
80785, 4366.15
80792, 4368.72
80800, 4351.79
80808, 4345.64
80816, 4343.08
80824, 4355.9
80831, 4358.97
80839, 4347.69
80847, 4353.85
80855, 4351.79
80863, 4347.69
80871, 4347.18
80878, 4338.46
80886, 4354.87
80894, 4368.72
80902, 4362.05
80910, 4434.36
80917, 4554.87
80925, 4489.23
80933, 4192.31
80941, 4007.69
80949, 4100
80957, 4276.41
80964, 4483.59
80972, 4666.67
80980, 4667.18
80988, 4465.13
80996, 4186.67
81004, 4030.26
81011, 4079.49
81019, 4267.69
81027, 4489.23
81035, 4649.74
81043, 4653.85
81050, 4455.38
81058, 4175.38
81066, 4024.1
81074, 4085.64
81082, 4282.56
81090, 4498.46
81097, 4664.1
81105, 4674.36
81113, 4455.9
81121, 4173.33
81129, 4028.72
81136, 4076.41
81144, 4274.87
81152, 4494.36
81160, 4656.92
81168, 4662.05
81175, 4442.05
81183, 4170.26
81191, 4028.72
81199, 4080.51
81207, 4280.51
81215, 4497.95
81222, 4665.64
81230, 4665.13
81238, 4448.72
81246, 4180
81254, 4025.64
81262, 4080
81269, 4278.97
81277, 4497.44
81285, 4673.33
81293, 4665.64
81301, 4445.64
81308, 4173.85
81316, 4016.92
81324, 4077.95
81332, 4275.9
81340, 4497.95
81348, 4674.87
81355, 4657.95
81363, 4437.44
81371, 4171.79
81379, 4023.08
81387, 4076.92
81394, 4277.95
81402, 4518.97
81410, 4675.38
81418, 4644.1
81426, 4441.03
81434, 4172.82
81441, 4019.49
81449, 4081.54
81457, 4278.97
81465, 4511.28
81473, 4671.28
81480, 4647.69
81488, 4433.33
81496, 4162.05
81504, 4022.05
81512, 4080
81520, 4280.51
81527, 4517.95
81535, 4675.38
81543, 4656.92
81551, 4441.03
81559, 4168.72
81567, 4030.77
81574, 4087.18
81582, 4280
81590, 4500.51
81598, 4672.82
81606, 4673.33
81613, 4430.77
81621, 4145.13
81629, 4023.08
81637, 4088.21
81645, 4284.1
81652, 4505.64
81660, 4670.77
81668, 4657.95
81676, 4434.87
81684, 4172.82
81692, 4026.67
81699, 4075.38
81707, 4281.54
81715, 4514.87
81723, 4686.15
81731, 4657.95
81739, 4422.05
81746, 4160
81754, 4014.87
81762, 4083.59
81770, 4295.9
81778, 4515.38
81785, 4686.67
81793, 4663.08
81801, 4429.23
81809, 4164.1
81817, 4014.87
81825, 4071.28
81832, 4284.62
81840, 4526.15
81849, 4677.44
81856, 4634.87
81864, 4421.54
81871, 4164.1
81879, 4027.18
81887, 4079.49
81895, 4273.33
81903, 4524.62
81911, 4592.82
81918, 4425.13
81926, 4315.9
81934, 4358.97
81942, 4372.82
81950, 4333.33
81958, 4343.59
81965, 4363.08
81973, 4350.26
81981, 4356.41
81989, 4357.44
81997, 4340
82004, 4353.85
82012, 4371.79
82020, 4362.05
82028, 4344.1
82036, 4338.97
82043, 4352.31
82051, 4349.74
82059, 4347.69
82067, 4358.97
82075, 4354.87
82083, 4356.41
82090, 4356.41
82098, 4348.72
82106, 4354.87
82114, 4349.23
82122, 4347.69
82130, 4358.46
82137, 4356.41
82145, 4353.33
82153, 4349.74
82161, 4355.9
82169, 4354.87
82176, 4343.59
82184, 4352.82
82192, 4357.44
82200, 4350.77
82208, 4352.31
82215, 4360
82223, 4362.05
82231, 4344.1
82239, 4341.54
82247, 4356.41
82255, 4344.62
82262, 4347.18
82270, 4361.03
82278, 4357.95
82286, 4359.49
82294, 4356.92
82302, 4360
82309, 4358.46
82317, 4349.74
82325, 4360.51
82333, 4354.36
82342, 4345.13
82348, 4350.26
82356, 4342.56
82364, 4344.62
82372, 4355.9
82380, 4358.97
82388, 4353.85
82395, 4345.64
82403, 4355.38
82411, 4358.97
82419, 4361.03
82434, 4369.23
82435, 4352.31
82442, 4345.64
82450, 4352.31
82458, 4353.85
82466, 4356.41
82474, 4348.72
82481, 4353.85
82489, 4357.44
82498, 4347.18
82505, 4352.82
82513, 4350.77
82520, 4343.59
82529, 4348.72
82537, 4353.33
82544, 4361.54
82552, 4352.31
82560, 4348.21
82567, 4360
82575, 4354.36
82583, 4352.82
82591, 4354.36
82599, 4356.92
82607, 4357.44
82614, 4347.69
82625, 4362.05
82636, 4368.21
82643, 4355.38
82646, 4351.79
82653, 4343.08
82661, 4349.23
82669, 4353.33
82677, 4344.1
82685, 4357.44
82693, 4361.54
82700, 4357.44
82708, 4355.9
82716, 4348.21
82724, 4358.46
82736, 4354.87
82740, 4346.15
82747, 4354.87
82755, 4352.82
82763, 4353.85
82771, 4350.26
82779, 4348.21, estimuli
82786, 4358.46
82794, 4346.15
82802, 4341.54
82810, 4356.41
82818, 4362.05
82826, 4353.33
82833, 4347.69
82841, 4364.62
82849, 4359.49
82857, 4338.97
82865, 4344.62
82872, 4348.72
82880, 4352.82
82888, 4346.67
82896, 4345.13
82904, 4370.77
82912, 4361.03
82919, 4422.56
82927, 4561.54
82935, 4493.33
82943, 4197.95
82951, 4001.54
82958, 4082.56
82966, 4282.05
82974, 4468.72
82982, 4650.26
82990, 4677.44
82998, 4471.79
83005, 4188.72
83013, 4026.67
83021, 4081.54
83029, 4265.64
83037, 4481.03
83044, 4675.9
83052, 4680
83060, 4454.36
83068, 4176.92
83076, 4026.67
83084, 4076.92
83091, 4261.54
83099, 4484.1
83107, 4663.08
83115, 4668.72
83123, 4467.69
83130, 4187.69
83138, 4027.69
83146, 4076.92
83154, 4257.95
83162, 4490.26
83170, 4667.69
83177, 4654.87
83185, 4454.87
83193, 4189.74
83201, 4027.69
83209, 4065.64
83217, 4264.1
83224, 4503.59
83232, 4660.51
83240, 4661.03
83248, 4476.92
83256, 4196.92
83263, 4017.44
83271, 4057.44
83279, 4273.85
83287, 4504.62
83295, 4654.36
83303, 4663.59
83310, 4462.56
83318, 4177.44
83326, 4018.97
83334, 4066.15
83342, 4271.79
83349, 4498.46
83357, 4664.62
83365, 4670.77
83373, 4452.31
83381, 4175.38
83389, 4023.59
83396, 4068.72
83404, 4273.85
83412, 4503.59
83420, 4672.82
83428, 4667.18
83435, 4446.15
83443, 4179.49
83451, 4029.74
83459, 4076.92
83467, 4272.31
83475, 4492.82
83482, 4666.15
83490, 4657.44
83498, 4440.51
83506, 4174.87
83514, 4020
83521, 4073.85
83529, 4272.82
83537, 4505.13
83545, 4680
83553, 4654.87
83561, 4441.03
83568, 4180
83576, 4020.51
83584, 4070.77
83592, 4274.87
83600, 4514.36
83607, 4671.79
83615, 4642.56
83623, 4446.67
83631, 4183.59
83639, 4022.05
83647, 4072.31
83654, 4277.44
83662, 4522.05
83670, 4677.95
83678, 4649.23
83686, 4443.59
83693, 4170.77
83701, 4018.46
83710, 4073.85
83717, 4273.85
83725, 4507.69
83733, 4666.67
83740, 4649.74
83748, 4437.44
83756, 4173.85
83764, 4028.21
83772, 4080
83780, 4295.9
83787, 4515.38
83795, 4651.28
83803, 4656.41
83811, 4454.87
83819, 4172.31
83827, 4025.13
83834, 4082.05
83842, 4287.18
83850, 4508.72
83858, 4661.54
83866, 4654.87
83873, 4447.69
83881, 4184.62
83889, 4025.13
83897, 4057.44
83905, 4264.62
83912, 4507.69
83920, 4586.67
83928, 4440.51
83936, 4317.95
83944, 4357.95
83952, 4373.33
83959, 4338.97
83967, 4351.28
83975, 4355.38
83983, 4351.28
83991, 4349.23
83998, 4343.08
84006, 4352.31
84014, 4360.51
84022, 4363.08
84030, 4346.67
84038, 4345.13
84045, 4365.13
84053, 4359.49
84061, 4353.85
84069, 4352.82
84077, 4357.44
84084, 4359.49
84092, 4337.95
84100, 4343.59
84108, 4361.54
84116, 4351.28
84124, 4351.79
84131, 4356.41
84139, 4354.87
84147, 4352.82
84155, 4351.79
84163, 4356.41
84170, 4351.28
84178, 4350.77
84186, 4354.36
84194, 4346.67
84202, 4353.33
84211, 4354.87
84217, 4351.28
84225, 4356.41
84233, 4347.18
84241, 4348.21
84249, 4357.44
84257, 4353.33
84264, 4346.67
84272, 4348.21
84281, 4370.26
84288, 4366.67
84296, 4340.51
84303, 4344.62
84311, 4353.85
84319, 4353.85
84327, 4350.77
84335, 4350.26
84343, 4360.51
84350, 4353.85
84358, 4347.18
84366, 4351.28
84374, 4347.18
84382, 4356.41
84389, 4360.51
84397, 4353.33
84405, 4351.28
84413, 4352.82
84421, 4360.51
84429, 4353.33
84436, 4348.72
84444, 4361.03
84452, 4355.9
84460, 4355.9
84468, 4358.46
84475, 4351.79
84483, 4362.56
84491, 4362.56
84499, 4355.9
84507, 4353.85
84515, 4345.64
84522, 4346.15
84530, 4347.18
84538, 4354.87
84546, 4355.9
84554, 4341.03
84561, 4351.28
84569, 4358.46
84577, 4350.26
84585, 4352.82
84593, 4353.33
84601, 4353.85
84608, 4349.23
84616, 4348.21
84624, 4356.41
84632, 4357.44
84640, 4361.54
84647, 4357.44
84655, 4358.46
84663, 4369.74
84671, 4356.41
84679, 4355.38
84687, 4366.15
84694, 4350.26
84702, 4344.1
84710, 4347.18
84718, 4349.74
84726, 4348.21
84734, 4340.51
84741, 4360.51
84749, 4368.72
84757, 4354.36
84765, 4350.26
84773, 4344.62
84780, 4349.23
84788, 4353.85
84796, 4348.72
84804, 4351.79, estimuli
84812, 4353.85
84819, 4356.41
84827, 4349.23
84835, 4343.59
84843, 4356.41
84851, 4354.87
84859, 4348.21
84866, 4353.33
84874, 4365.64
84882, 4373.33
84890, 4349.23
84898, 4343.08
84906, 4359.49
84913, 4348.21
84921, 4345.13
84929, 4367.69
84937, 4364.1
84945, 4363.08
84952, 4470.26
84960, 4569.23
84968, 4402.05
84976, 4091.28
84984, 4002.56
84992, 4157.44
84999, 4361.03
85007, 4542.56
85015, 4668.21
85023, 4623.08
85031, 4363.59
85038, 4091.28
85046, 4012.31
85054, 4133.33
85062, 4358.46
85070, 4563.59
85078, 4686.15
85085, 4619.49
85093, 4351.28
85101, 4097.95
85109, 4025.13
85117, 4140
85124, 4351.28
85132, 4562.05
85140, 4694.36
85148, 4612.31
85156, 4353.33
85164, 4103.08
85171, 4010.26
85179, 4136.41
85187, 4360.51
85195, 4568.21
85203, 4694.36
85210, 4603.08
85218, 4342.56
85226, 4095.9
85234, 4009.74
85242, 4137.44
85250, 4357.95
85258, 4566.67
85265, 4690.77
85273, 4607.69
85281, 4354.87
85289, 4099.49
85297, 4015.38
85304, 4142.56
85312, 4365.13
85320, 4582.56
85328, 4684.62
85336, 4587.18
85343, 4346.67
85351, 4094.87
85359, 4008.72
85367, 4134.36
85375, 4361.54
85383, 4584.1
85390, 4687.69
85398, 4592.82
85406, 4349.74
85414, 4102.56
85422, 4017.95
85429, 4137.44
85437, 4369.74
85445, 4583.59
85453, 4683.59
85461, 4597.44
85469, 4339.49
85476, 4089.23
85484, 4017.95
85492, 4138.46
85500, 4370.26
85508, 4583.08
85515, 4689.74
85523, 4606.67
85531, 4339.49
85539, 4085.13
85547, 4015.9
85555, 4147.69
85562, 4372.82
85570, 4570.26
85578, 4686.15
85586, 4606.15
85594, 4344.1
85601, 4096.92
85609, 4004.62
85617, 4125.64
85625, 4371.79
85633, 4591.79
85641, 4697.95
85648, 4595.38
85656, 4336.92
85664, 4091.28
85672, 4012.31
85680, 4148.72
85687, 4367.18
85695, 4573.33
85703, 4697.44
85711, 4592.82
85719, 4328.21
85727, 4101.54
85734, 4032.31
85742, 4142.56
85750, 4358.46
85758, 4590.26
85766, 4694.87
85773, 4574.87
85781, 4332.82
85789, 4099.49
85797, 4021.03
85805, 4152.31
85813, 4377.44
85820, 4593.33
85828, 4692.31
85836, 4584.62
85844, 4327.69
85852, 4085.64
85859, 4022.05
85867, 4148.21
85875, 4375.9
85883, 4602.05
85891, 4691.79
85899, 4578.97
85906, 4329.74
85914, 4094.36
85922, 4018.97
85930, 4130.77
85938, 4381.54
85946, 4581.54
85953, 4533.33
85961, 4367.69
85969, 4326.15
85977, 4376.92
85985, 4362.56
85992, 4330.77
86000, 4351.79
86008, 4352.31
86016, 4351.28
86024, 4355.9
86032, 4345.13
86039, 4353.85
86047, 4356.41
86055, 4349.74
86063, 4356.41
86071, 4356.92
86078, 4355.9
86086, 4351.28
86094, 4346.15
86102, 4352.31
86110, 4345.64
86118, 4348.72
86125, 4355.9
86133, 4354.87
86141, 4366.15
86149, 4356.92
86157, 4344.62
86164, 4353.33
86172, 4350.77
86180, 4352.82
86188, 4361.54
86196, 4361.54
86204, 4354.87
86211, 4347.69
86219, 4359.49
86227, 4364.62
86235, 4354.36
86243, 4350.26
86251, 4346.15
86258, 4352.82
86266, 4350.77
86274, 4346.67
86282, 4358.97
86290, 4352.82
86297, 4347.18
86305, 4352.82
86313, 4351.28
86321, 4352.82
86329, 4350.26
86336, 4360
86344, 4373.33
86352, 4361.54
86360, 4350.26
86368, 4344.1
86376, 4352.82
86383, 4362.05
86391, 4348.72
86399, 4346.67
86407, 4349.74
86415, 4345.64
86423, 4350.77
86430, 4351.28
86438, 4356.41
86446, 4362.05
86454, 4356.92
86462, 4354.36
86469, 4345.64
86477, 4350.26
86485, 4360.51
86493, 4356.92
86501, 4358.46
86509, 4347.69
86516, 4346.15
86524, 4359.49
86532, 4352.82
86540, 4353.85
86548, 4361.03
86555, 4361.54
86563, 4358.46
86571, 4352.31
86579, 4357.44
86587, 4349.23
86595, 4343.08
86602, 4354.87
86610, 4351.28
86618, 4350.26
86626, 4355.9
86634, 4355.38
86641, 4356.92
86649, 4346.67
86657, 4350.26
86665, 4360.51
86673, 4349.74
86681, 4346.67
86688, 4346.15
86696, 4350.77
86704, 4352.82
86712, 4347.69
86720, 4362.05
86727, 4361.54
86735, 4349.74
86743, 4350.77
86751, 4358.46
86760, 4372.31
86767, 4360
86774, 4337.95
86782, 4347.69
86790, 4353.33
86798, 4350.77
86806, 4349.23
86813, 4349.23
86821, 4354.87
86829, 4347.69
86837, 4349.74, estimuli
86845, 4356.92
86853, 4351.28
86861, 4357.95
86868, 4354.36
86876, 4354.87
86884, 4363.08
86892, 4353.33
86899, 4352.31
86907, 4353.33
86915, 4350.26
86923, 4350.26
86931, 4350.26
86939, 4357.95
86946, 4350.77
86954, 4350.77
86962, 4383.59
86970, 4376.92
86978, 4403.08
86985, 4520.51
86994, 4518.46
87001, 4264.62
87009, 4013.33
87018, 4053.33
87025, 4244.1
87032, 4425.64
87040, 4624.1
87048, 4690.77
87056, 4522.56
87064, 4241.54
87072, 4047.18
87079, 4058.46
87087, 4217.95
87095, 4436.41
87103, 4636.92
87112, 4683.08
87118, 4520
87126, 4247.69
87134, 4044.62
87142, 4045.64
87150, 4215.38
87158, 4444.62
87165, 4637.44
87173, 4687.18
87181, 4525.64
87189, 4236.41
87197, 4030.77
87204, 4035.9
87212, 4216.92
87220, 4454.36
87228, 4634.36
87236, 4681.54
87244, 4522.56
87251, 4240
87259, 4039.49
87267, 4038.46
87275, 4221.54
87283, 4459.49
87290, 4635.9
87298, 4684.62
87306, 4521.54
87314, 4235.38
87322, 4037.44
87330, 4038.97
87337, 4223.08
87345, 4454.87
87353, 4640
87361, 4688.72
87369, 4513.85
87376, 4242.56
87384, 4046.67
87392, 4037.44
87400, 4221.54
87408, 4454.36
87416, 4642.56
87423, 4689.23
87431, 4512.82
87439, 4236.41
87447, 4037.95
87455, 4037.95
87463, 4221.03
87470, 4452.82
87478, 4649.23
87486, 4691.79
87494, 4508.21
87502, 4228.21
87509, 4032.31
87517, 4048.21
87525, 4226.67
87533, 4451.28
87541, 4651.79
87549, 4684.62
87556, 4500
87564, 4229.74
87572, 4045.64
87580, 4061.03
87588, 4232.31
87595, 4456.92
87603, 4641.54
87611, 4675.9
87619, 4507.69
87627, 4228.21
87635, 4036.41
87642, 4052.31
87650, 4230.26
87658, 4462.56
87666, 4637.95
87674, 4667.18
87681, 4504.1
87689, 4226.67
87697, 4041.54
87705, 4056.41
87713, 4222.56
87721, 4450.26
87728, 4635.38
87736, 4673.85
87744, 4503.08
87752, 4224.62
87760, 4041.03
87767, 4056.92
87775, 4235.9
87783, 4458.46
87791, 4645.13
87799, 4699.49
87807, 4509.74
87814, 4210.26
87822, 4028.21
87830, 4049.23
87838, 4237.95
87846, 4467.69
87854, 4645.64
87861, 4677.95
87869, 4493.33
87877, 4226.15
87885, 4042.56
87893, 4045.13
87900, 4233.33
87908, 4468.21
87916, 4654.87
87924, 4684.62
87932, 4497.95
87940, 4231.79
87947, 4045.13
87955, 4048.72
87963, 4223.08
87971, 4463.59
87979, 4598.97
87986, 4486.67
87994, 4332.82
88002, 4354.87
88010, 4386.67
88018, 4337.95
88025, 4329.23
88033, 4353.33
88041, 4351.79
88049, 4348.72
88057, 4358.97
88065, 4357.95
88072, 4347.69
88080, 4355.38
88088, 4351.28
88096, 4346.67
88104, 4355.38
88112, 4354.87
88119, 4354.87
88127, 4351.79
88135, 4354.36
88143, 4355.9
88151, 4346.15
88158, 4355.38
88166, 4358.46
88174, 4353.33
88182, 4356.92
88190, 4350.26
88198, 4356.92
88205, 4365.13
88213, 4357.44
88221, 4349.23
88229, 4341.54
88237, 4350.26
88244, 4357.95
88252, 4356.92
88260, 4362.56
88268, 4355.38
88276, 4350.77
88284, 4352.82
88291, 4348.21
88299, 4350.77
88307, 4354.87
88315, 4360.51
88323, 4358.97
88330, 4351.28
88338, 4356.92
88346, 4353.85
88354, 4354.87
88362, 4363.59
88370, 4351.79
88377, 4352.82
88385, 4358.97
88393, 4350.26
88401, 4349.23
88409, 4361.03
88416, 4373.85
88424, 4349.74
88432, 4331.28
88440, 4355.38
88448, 4354.87
88456, 4347.69
88463, 4360
88471, 4358.97
88479, 4354.87
88487, 4354.36
88495, 4356.41
88503, 4353.33
88510, 4351.28
88518, 4361.03
88526, 4356.41
88534, 4353.33
88542, 4360
88549, 4354.36
88557, 4358.46
88565, 4355.38
88573, 4346.67
88581, 4362.56
88589, 4363.59
88596, 4348.21
88604, 4342.56
88612, 4348.21
88620, 4360.51
88628, 4358.97
88635, 4356.41
88643, 4352.82
88651, 4344.62
88659, 4353.85
88667, 4357.95
88675, 4353.85
88682, 4355.38
88690, 4358.97
88698, 4358.97
88706, 4338.46
88714, 4342.56
88721, 4366.67
88729, 4357.44
88737, 4350.26
88745, 4353.33
88753, 4356.41
88761, 4355.9
88768, 4343.08
88776, 4349.74
88784, 4358.46
88792, 4348.72
88800, 4349.23
88807, 4351.79
88815, 4356.92
88823, 4357.44
88831, 4350.26
88839, 4361.54
88847, 4367.69
88854, 4362.56
88862, 4347.18
88870, 4335.38
88878, 4355.38, estimuli
88886, 4359.49
88894, 4348.21
88901, 4352.31
88909, 4355.38
88917, 4362.05
88925, 4360.51
88933, 4353.33
88940, 4353.85
88948, 4348.21
88956, 4352.31
88964, 4353.33
88972, 4348.72
88979, 4357.95
88987, 4347.69
88995, 4349.74
89003, 4370.77
89011, 4366.67
89019, 4429.74
89026, 4549.23
89034, 4505.64
89042, 4224.1
89050, 3997.95
89058, 4077.44
89066, 4273.85
89073, 4453.85
89081, 4638.46
89089, 4680
89097, 4495.9
89105, 4205.13
89112, 4027.18
89120, 4062.56
89128, 4238.97
89136, 4467.69
89144, 4648.72
89152, 4671.28
89159, 4496.92
89167, 4221.54
89175, 4032.31
89183, 4053.85
89191, 4244.62
89198, 4478.46
89206, 4650.26
89214, 4674.87
89222, 4496.41
89230, 4210.77
89238, 4029.23
89245, 4057.44
89253, 4252.82
89261, 4476.92
89269, 4637.44
89277, 4682.56
89284, 4513.33
89292, 4207.69
89300, 4009.74
89308, 4048.72
89316, 4253.85
89324, 4472.82
89331, 4643.59
89339, 4680
89347, 4491.79
89355, 4210.77
89363, 4027.69
89370, 4054.36
89378, 4254.87
89386, 4471.79
89394, 4650.77
89402, 4690.26
89410, 4492.82
89417, 4205.64
89425, 4026.15
89433, 4060.51
89441, 4256.41
89449, 4473.85
89457, 4653.85
89464, 4678.46
89472, 4479.49
89480, 4201.54
89488, 4027.18
89496, 4072.82
89503, 4266.67
89511, 4470.26
89519, 4649.74
89527, 4680
89536, 4480.51
89542, 4193.85
89550, 4025.64
89558, 4069.74
89566, 4251.79
89574, 4486.15
89582, 4668.21
89589, 4665.13
89597, 4475.9
89605, 4207.69
89613, 4026.67
89621, 4060
89629, 4256.92
89636, 4488.72
89644, 4648.21
89652, 4657.44
89660, 4482.05
89668, 4201.03
89675, 4021.03
89683, 4065.64
89691, 4269.74
89699, 4487.18
89707, 4640
89715, 4675.38
89722, 4495.9
89730, 4190.77
89738, 4010.77
89746, 4058.97
89755, 4263.08
89761, 4490.26
89769, 4654.87
89777, 4671.28
89785, 4475.9
89793, 4194.87
89801, 4023.08
89808, 4062.56
89816, 4267.18
89824, 4484.62
89832, 4647.18
89840, 4674.87
89848, 4480.51
89855, 4195.38
89863, 4016.92
89871, 4054.36
89879, 4265.64
89887, 4491.79
89894, 4657.95
89902, 4664.62
89910, 4466.15
89918, 4205.64
89926, 4032.82
89933, 4060
89941, 4254.87
89949, 4485.64
89957, 4667.18
89965, 4670.77
89973, 4463.08
89980, 4195.38
89988, 4035.38
89996, 4067.69
90004, 4242.05
90012, 4481.03
90020, 4599.49
90027, 4463.08
90035, 4321.03
90043, 4348.72
90051, 4372.82
90059, 4338.97
90066, 4344.62
90075, 4363.59
90082, 4350.77
90090, 4347.69
90098, 4358.97
90106, 4353.33
90113, 4347.18
90121, 4350.26
90129, 4353.33
90137, 4369.74
90145, 4363.59
90152, 4346.15
90160, 4351.28
90168, 4349.23
90176, 4348.72
90184, 4353.33
90192, 4356.92
90199, 4353.33
90207, 4340.51
90215, 4352.82
90223, 4361.54
90231, 4346.67
90238, 4347.69
90246, 4353.33
90254, 4354.87
90262, 4354.87
90270, 4357.95
90278, 4362.56
90285, 4347.18
90293, 4343.59
90301, 4356.92
90309, 4361.03
90317, 4363.08
90324, 4348.72
90332, 4343.59
90340, 4366.67
90348, 4369.74
90356, 4351.28
90364, 4336.41
90371, 4345.64
90379, 4361.03
90387, 4352.31
90395, 4350.77
90403, 4352.82
90410, 4351.28
90418, 4360
90426, 4351.28
90434, 4346.15
90442, 4355.9
90450, 4354.87
90457, 4352.82
90465, 4349.74
90473, 4357.44
90481, 4362.05
90489, 4347.18
90496, 4351.28
90504, 4361.03
90512, 4355.38
90520, 4350.77
90528, 4351.79
90536, 4358.46
90543, 4349.23
90551, 4350.77
90559, 4370.26
90567, 4358.46
90575, 4350.77
90583, 4355.38
90590, 4349.23
90598, 4349.74
90606, 4348.72
90614, 4350.26
90622, 4351.79
90629, 4352.31
90637, 4358.46
90645, 4342.05
90653, 4336.92
90661, 4353.33
90669, 4352.31
90676, 4358.97
90684, 4362.05
90692, 4348.72
90700, 4344.62
90708, 4346.15
90715, 4353.33
90723, 4354.36
90731, 4352.82
90739, 4353.33
90747, 4348.72
90755, 4358.46
90762, 4367.18
90770, 4353.85
90778, 4340
90786, 4342.56
90794, 4359.49
90801, 4355.38
90809, 4343.08
90817, 4354.87
90825, 4353.33
90833, 4345.13
90841, 4353.33
90848, 4355.9
90856, 4358.46
90864, 4348.72
90872, 4346.15
90880, 4365.64
90887, 4366.15
90895, 4357.95
90903, 4352.31
90911, 4349.74
90919, 4358.46
90927, 4349.74, estimuli
90934, 4345.64
90942, 4353.33
90950, 4349.74
90958, 4344.62
90966, 4347.18
90974, 4360
90981, 4351.28
90989, 4335.9
90997, 4352.82
91005, 4356.41
91013, 4354.36
91020, 4355.38
91028, 4341.54
91036, 4341.54
91044, 4352.82
91052, 4370.26
91059, 4366.15
91067, 4395.38
91075, 4537.95
91083, 4554.87
91091, 4283.59
91099, 4014.87
91106, 4035.38
91114, 4229.23
91122, 4417.44
91130, 4610.26
91138, 4703.08
91146, 4542.05
91153, 4248.72
91161, 4046.67
91169, 4037.95
91177, 4206.67
91185, 4435.9
91192, 4629.74
91200, 4684.1
91208, 4518.97
91216, 4252.31
91224, 4044.1
91232, 4031.79
91239, 4213.33
91247, 4441.54
91255, 4636.41
91263, 4690.77
91271, 4527.18
91278, 4255.9
91286, 4043.59
91294, 4034.87
91302, 4209.23
91310, 4439.49
91318, 4642.56
91325, 4688.21
91333, 4522.56
91341, 4256.92
91349, 4051.28
91357, 4041.03
91364, 4208.21
91372, 4441.54
91380, 4637.95
91388, 4686.15
91396, 4527.18
91404, 4247.18
91411, 4044.62
91419, 4041.54
91427, 4205.64
91435, 4443.08
91443, 4635.38
91450, 4676.41
91458, 4522.05
91466, 4252.31
91474, 4050.26
91482, 4035.9
91490, 4204.1
91497, 4444.62
91505, 4629.74
91513, 4680
91521, 4525.64
91529, 4245.64
91536, 4044.1
91544, 4036.92
91552, 4212.31
91560, 4449.23
91568, 4635.38
91576, 4690.26
91583, 4524.62
91591, 4242.56
91599, 4044.62
91607, 4037.44
91615, 4214.36
91623, 4443.08
91630, 4631.79
91638, 4688.21
91646, 4515.9
91654, 4237.95
91662, 4041.03
91669, 4037.44
91677, 4212.82
91685, 4438.97
91693, 4636.92
91701, 4685.64
91709, 4508.21
91716, 4240
91724, 4035.9
91732, 4028.72
91740, 4214.36
91748, 4447.18
91755, 4644.62
91763, 4689.23
91771, 4512.31
91779, 4238.97
91787, 4037.95
91795, 4037.95
91802, 4216.41
91811, 4451.79
91818, 4649.23
91826, 4690.26
91834, 4516.92
91841, 4228.72
91849, 4025.64
91857, 4038.97
91865, 4215.38
91873, 4451.28
91881, 4655.38
91888, 4695.38
91896, 4518.97
91904, 4235.38
91912, 4037.95
91920, 4044.1
91927, 4214.87
91935, 4448.21
91943, 4636.41
91951, 4676.41
91959, 4509.23
91967, 4229.23
91974, 4040
91982, 4041.03
91990, 4217.44
91998, 4463.59
92006, 4647.69
92013, 4685.13
92021, 4513.85
92029, 4232.82
92037, 4049.74
92045, 4044.62
92053, 4198.97
92060, 4440.51
92068, 4581.03
92076, 4493.85
92084, 4333.85
92092, 4328.21
92099, 4376.41
92107, 4343.59
92115, 4335.38
92123, 4356.92
92131, 4357.95
92139, 4356.41
92146, 4347.69
92154, 4356.41
92162, 4355.38
92170, 4345.64
92178, 4350.77
92186, 4349.23
92193, 4354.36
92201, 4353.85
92209, 4346.15
92217, 4358.97
92225, 4358.97
92232, 4350.26
92240, 4351.28
92248, 4355.9
92256, 4361.54
92264, 4352.82
92272, 4347.18
92279, 4346.15
92287, 4340
92295, 4350.26
92303, 4350.77
92311, 4348.72
92318, 4357.95
92326, 4349.74
92335, 4348.21
92342, 4354.87
92350, 4354.87
92358, 4353.33
92365, 4351.79
92373, 4366.15
92381, 4363.08
92389, 4343.08
92397, 4349.23
92404, 4352.31
92412, 4349.23
92420, 4346.67
92428, 4342.05
92436, 4353.33
92444, 4355.38
92451, 4348.72
92459, 4348.21
92467, 4356.41
92475, 4364.1
92483, 4348.21
92490, 4343.59
92498, 4358.97
92506, 4353.85
92514, 4347.69
92522, 4348.72
92530, 4349.74
92537, 4354.36
92545, 4347.18
92553, 4353.85
92561, 4368.21
92569, 4356.92
92577, 4346.67
92584, 4347.69
92592, 4358.97
92600, 4358.97
92608, 4344.62
92616, 4349.23
92623, 4351.79
92631, 4348.21
92639, 4345.64
92647, 4347.69
92655, 4364.62
92663, 4359.49
92670, 4343.59
92678, 4350.26
92686, 4361.54
92694, 4360
92702, 4343.59
92709, 4345.13
92717, 4360.51
92725, 4352.82
92733, 4353.85
92741, 4358.97
92749, 4356.41
92756, 4361.03
92764, 4353.33
92772, 4351.79
92780, 4355.38
92788, 4348.72
92795, 4350.26
92803, 4347.18
92811, 4351.79
92819, 4362.05
92827, 4348.21
92835, 4346.67
92842, 4354.87
92850, 4349.74
92858, 4345.64
92866, 4346.15
92874, 4353.85
92881, 4357.44
92889, 4362.05
92897, 4362.05
92905, 4345.13
92913, 4351.79
92921, 4357.95
92929, 4347.18, estimuli
92936, 4354.87
92944, 4358.97
92952, 4350.77
92960, 4347.69
92967, 4354.36
92975, 4361.03
92983, 4345.64
92991, 4344.62
92999, 4358.97
93007, 4349.23
93014, 4344.62
93022, 4346.15
93030, 4344.62
93038, 4346.15
93046, 4350.77
93053, 4368.72
93061, 4368.21
93069, 4435.38
93077, 4566.67
93085, 4497.95
93093, 4206.67
93100, 4008.72
93108, 4074.87
93116, 4261.03
93124, 4462.56
93132, 4654.36
93139, 4677.95
93147, 4473.33
93155, 4192.82
93163, 4022.05
93171, 4068.21
93179, 4262.05
93186, 4477.95
93194, 4661.03
93202, 4669.23
93210, 4460
93218, 4195.38
93226, 4027.18
93233, 4061.54
93241, 4254.87
93249, 4485.13
93257, 4665.13
93265, 4671.28
93272, 4474.87
93280, 4197.44
93288, 4022.05
93296, 4073.33
93304, 4271.79
93313, 4492.82
93319, 4661.54
93327, 4658.97
93335, 4462.05
93343, 4194.36
93351, 4028.21
93358, 4062.56
93366, 4252.31
93374, 4488.72
93382, 4657.95
93390, 4660
93398, 4463.59
93406, 4188.72
93413, 4034.87
93421, 4072.82
93429, 4255.9
93437, 4489.74
93444, 4660
93452, 4662.56
93460, 4464.1
93468, 4190.26
93476, 4027.18
93484, 4063.59
93491, 4257.95
93499, 4491.79
93507, 4673.33
93515, 4687.69
93523, 4465.64
93530, 4177.95
93538, 4025.13
93546, 4063.08
93554, 4261.54
93562, 4493.33
93570, 4659.49
93577, 4662.56
93585, 4457.44
93593, 4188.72
93601, 4020
93609, 4054.36
93616, 4263.08
93624, 4500.51
93632, 4673.33
93640, 4664.62
93648, 4448.72
93656, 4187.18
93663, 4025.13
93671, 4065.64
93679, 4274.36
93687, 4502.56
93695, 4661.54
93702, 4651.79
93710, 4459.49
93718, 4198.46
93726, 4017.95
93734, 4055.38
93742, 4263.08
93749, 4503.59
93757, 4670.77
93765, 4652.31
93773, 4449.23
93781, 4180.51
93789, 4017.95
93796, 4069.23
93804, 4267.69
93812, 4507.69
93820, 4675.38
93830, 4653.33
93835, 4450.26
93843, 4186.15
93851, 4026.67
93859, 4070.26
93867, 4267.69
93875, 4505.13
93882, 4668.72
93890, 4661.03
93898, 4458.46
93906, 4175.9
93914, 4022.56
93921, 4075.9
93929, 4261.54
93937, 4493.33
93945, 4669.23
93953, 4661.03
93961, 4439.49
93968, 4168.72
93976, 4018.46
93984, 4063.59
93992, 4275.9
94000, 4506.67
94007, 4666.67
94015, 4670.26
94023, 4454.36
94031, 4171.28
94039, 4020.51
94047, 4065.64
94054, 4264.1
94062, 4499.49
94070, 4590.26
94078, 4456.92
94086, 4317.44
94093, 4351.28
94101, 4375.38
94109, 4331.28
94117, 4351.28
94125, 4370.77
94133, 4352.31
94140, 4343.59
94148, 4343.08
94156, 4348.21
94164, 4346.15
94172, 4352.82
94180, 4351.79
94187, 4341.03
94195, 4350.26
94203, 4357.44
94211, 4350.77
94219, 4345.13
94227, 4348.21
94234, 4357.95
94242, 4348.72
94250, 4349.74
94258, 4362.56
94265, 4352.82
94273, 4350.77
94281, 4354.36
94289, 4354.36
94297, 4354.87
94305, 4347.69
94312, 4356.41
94320, 4363.08
94328, 4355.9
94336, 4350.26
94344, 4341.54
94351, 4348.21
94359, 4351.28
94367, 4347.69
94375, 4357.95
94383, 4349.23
94391, 4338.46
94398, 4349.23
94406, 4353.85
94414, 4351.79
94422, 4350.26
94430, 4357.44
94438, 4361.54
94445, 4351.79
94453, 4352.82
94461, 4353.33
94469, 4353.33
94477, 4360.51
94484, 4353.85
94492, 4351.79
94500, 4353.85
94508, 4351.28
94516, 4351.79
94524, 4352.31
94531, 4364.62
94539, 4362.05
94547, 4344.62
94555, 4350.77
94563, 4349.23
94570, 4347.18
94578, 4356.92
94586, 4354.36
94594, 4358.46
94602, 4354.87
94610, 4343.59
94617, 4351.28
94625, 4363.59
94633, 4364.62
94641, 4352.31
94649, 4354.87
94656, 4358.46
94664, 4342.56
94672, 4349.23
94680, 4360
94688, 4352.82
94696, 4354.87
94703, 4352.82
94711, 4349.74
94719, 4348.72
94727, 4349.23
94735, 4366.67
94743, 4361.03
94750, 4342.56
94758, 4346.15
94766, 4350.26
94774, 4350.26
94782, 4350.77
94789, 4355.9
94797, 4352.82
94805, 4346.15
94813, 4355.9
94821, 4356.92
94829, 4355.38
94836, 4358.97
94844, 4349.23
94852, 4352.31
94860, 4353.85
94868, 4346.67
94875, 4355.38
94883, 4356.41
94891, 4350.77
94899, 4350.77
94907, 4353.85
94915, 4362.05
94922, 4346.15
94930, 4339.49
94938, 4360, estimuli
94946, 4350.26
94954, 4337.44
94961, 4357.44
94969, 4367.18
94977, 4345.13
94985, 4335.38
94993, 4350.26
95001, 4348.21
95008, 4349.23
95016, 4360.51
95024, 4351.28
95032, 4350.77
95040, 4351.79
95047, 4340.51
95055, 4352.82
95063, 4370.77
95071, 4364.1
95079, 4414.87
95087, 4536.41
95094, 4513.85
95102, 4230.77
95110, 3998.97
95118, 4065.64
95126, 4263.08
95133, 4465.13
95141, 4640
95149, 4671.28
95157, 4502.56
95165, 4219.49
95173, 4023.59
95180, 4048.72
95188, 4244.62
95196, 4473.85
95204, 4656.41
95212, 4695.38
95219, 4488.72
95227, 4186.67
95235, 4023.08
95243, 4056.41
95251, 4244.1
95259, 4477.44
95266, 4651.79
95274, 4677.95
95282, 4487.18
95290, 4201.03
95298, 4020.51
95305, 4048.21
95313, 4249.74
95321, 4477.44
95329, 4650.77
95337, 4680.51
95345, 4485.13
95352, 4201.54
95360, 4028.72
95368, 4063.08
95376, 4247.18
95384, 4465.64
95391, 4655.38
95399, 4682.05
95407, 4481.03
95415, 4207.18
95423, 4022.05
95431, 4048.21
95438, 4256.92
95446, 4487.18
95454, 4667.69
95462, 4682.56
95470, 4472.31
95478, 4195.9
95485, 4024.62
95493, 4060.51
95501, 4255.38
95509, 4485.64
95517, 4667.69
95524, 4678.46
95532, 4480.51
95540, 4207.18
95548, 4031.79
95556, 4058.46
95564, 4251.28
95571, 4502.56
95580, 4681.03
95587, 4676.41
95595, 4485.64
95603, 4201.54
95611, 4010.26
95618, 4047.69
95626, 4251.79
95634, 4497.95
95642, 4677.44
95650, 4677.95
95657, 4480.51
95665, 4194.36
95673, 4007.18
95681, 4045.13
95689, 4258.46
95696, 4496.92
95704, 4665.64
95712, 4684.62
95720, 4484.1
95728, 4187.18
95736, 4011.79
95743, 4040
95751, 4245.13
95759, 4494.36
95767, 4671.79
95775, 4693.33
95782, 4492.31
95790, 4187.18
95798, 3990.77
95806, 4029.23
95814, 4251.79
95822, 4491.79
95829, 4669.74
95838, 4688.21
95845, 4472.82
95853, 4176.41
95861, 3997.95
95869, 4035.9
95876, 4250.26
95884, 4508.21
95892, 4705.13
95900, 4687.18
95908, 4442.56
95915, 4165.64
95923, 3998.46
95931, 4035.9
95939, 4252.82
95947, 4504.62
95954, 4693.85
95962, 4689.74
95970, 4460.51
95978, 4171.28
95986, 4001.54
95994, 4044.1
96001, 4242.05
96009, 4490.77
96017, 4693.85
96025, 4689.74
96033, 4461.03
96041, 4168.21
96048, 3999.49
96056, 4039.49
96064, 4230.77
96072, 4500
96080, 4623.08
96087, 4465.64
96095, 4309.23
96103, 4339.49
96111, 4380.51
96119, 4334.87
96127, 4329.23
96134, 4361.54
96142, 4351.28
96150, 4342.05
96158, 4346.67
96166, 4345.64
96173, 4348.21
96181, 4353.33
96189, 4361.54
96197, 4365.64
96205, 4351.79
96213, 4347.69
96221, 4340.51
96228, 4334.87
96236, 4351.79
96244, 4351.28
96252, 4345.13
96259, 4346.67
96267, 4352.31
96275, 4363.08
96283, 4352.31
96291, 4342.05
96299, 4348.72
96306, 4353.85
96314, 4355.9
96322, 4351.28
96330, 4353.85
96338, 4354.36
96345, 4342.56
96353, 4350.77
96361, 4355.38
96369, 4350.26
96377, 4349.23
96385, 4349.23
96392, 4365.64
96400, 4360.51
96408, 4336.92
96416, 4347.69
96424, 4361.03
96431, 4353.33
96439, 4345.13
96447, 4352.31
96455, 4357.95
96463, 4342.05
96471, 4350.77
96478, 4364.1
96486, 4352.82
96494, 4345.64
96502, 4334.87
96510, 4347.69
96518, 4367.69
96525, 4348.72
96533, 4336.92
96541, 4353.85
96549, 4363.59
96557, 4350.77
96564, 4342.56
96572, 4352.31
96581, 4348.72
96588, 4353.33
96596, 4367.18
96604, 4350.26
96611, 4344.1
96619, 4351.79
96627, 4348.72
96635, 4351.28
96643, 4348.72
96650, 4351.79
96658, 4352.82
96666, 4347.69
96674, 4357.44
96682, 4359.49
96690, 4360
96697, 4359.49
96705, 4346.15
96713, 4351.28
96721, 4358.97
96729, 4357.95
96736, 4356.41
96744, 4351.79
96752, 4352.82
96760, 4345.13
96768, 4347.18
96776, 4357.95
96783, 4348.21
96791, 4348.72
96799, 4351.79
96807, 4351.79
96815, 4368.72
96822, 4361.54
96830, 4346.15
96838, 4349.23
96846, 4353.33
96854, 4349.23
96862, 4342.05
96869, 4346.15
96877, 4355.9
96885, 4368.72
96893, 4371.79
96901, 4342.56
96908, 4337.44
96916, 4357.95
96925, 4349.23
96932, 4346.15
96940, 4352.82
96948, 4349.74
96955, 4354.36, estimuli
96963, 4355.9
96971, 4353.85
96979, 4347.18
96987, 4345.64
96995, 4348.72
97002, 4347.18
97010, 4364.62
97018, 4368.72
97026, 4354.87
97034, 4361.03
97041, 4352.82
97049, 4337.95
97057, 4337.44
97065, 4332.82
97073, 4346.67
97081, 4377.44
97088, 4367.69
97096, 4382.05
97104, 4518.97
97112, 4583.59
97120, 4330.26
97127, 4003.59
97135, 3983.08
97143, 4181.54
97151, 4407.18
97159, 4621.54
97167, 4728.72
97174, 4608.21
97182, 4291.28
97190, 4018.97
97198, 3983.08
97206, 4156.41
97213, 4403.08
97221, 4621.03
97229, 4741.54
97237, 4614.87
97245, 4276.41
97253, 4009.23
97260, 3982.05
97268, 4157.95
97276, 4403.08
97284, 4626.67
97292, 4741.54
97299, 4602.56
97307, 4285.64
97315, 4027.18
97323, 3979.49
97331, 4155.38
97339, 4411.28
97346, 4633.33
97354, 4736.41
97362, 4591.79
97370, 4281.03
97378, 4025.64
97385, 3983.59
97393, 4155.9
97401, 4401.03
97409, 4644.62
97417, 4751.28
97425, 4583.59
97432, 4280
97440, 4033.85
97448, 3983.08
97456, 4152.31
97464, 4401.54
97471, 4632.31
97479, 4732.82
97487, 4582.05
97495, 4270.77
97503, 4021.03
97511, 4001.03
97518, 4168.72
97526, 4401.54
97534, 4630.77
97542, 4728.21
97550, 4586.15
97558, 4285.64
97565, 4033.33
97573, 3990.26
97581, 4151.79
97589, 4411.28
97597, 4640
97604, 4712.82
97612, 4574.87
97620, 4291.79
97628, 4037.44
97636, 3990.77
97644, 4168.72
97651, 4432.31
97659, 4638.97
97668, 4707.18
97675, 4566.15
97683, 4265.64
97690, 4027.18
97698, 3992.82
97706, 4151.79
97714, 4413.85
97722, 4644.62
97730, 4730.26
97737, 4577.95
97745, 4268.72
97753, 4023.59
97761, 3986.67
97769, 4166.15
97776, 4422.05
97784, 4636.92
97792, 4732.31
97800, 4586.67
97808, 4273.85
97817, 4018.46
97823, 3982.56
97831, 4170.26
97839, 4426.15
97847, 4649.23
97855, 4737.95
97862, 4561.03
97870, 4244.1
97878, 4017.44
97886, 3997.44
97894, 4173.33
97902, 4423.08
97909, 4652.82
97917, 4733.85
97925, 4565.13
97933, 4264.62
97941, 4020
97949, 3992.82
97956, 4177.95
97964, 4426.15
97972, 4654.87
97980, 4733.85
97988, 4569.23
97995, 4273.33
98003, 4023.59
98011, 3988.72
98019, 4176.41
98027, 4436.92
98034, 4651.79
98042, 4716.92
98050, 4566.67
98058, 4278.97
98066, 4033.33
98074, 3986.67
98081, 4146.15
98089, 4428.72
98097, 4613.33
98105, 4521.54
98113, 4348.21
98121, 4331.28
98128, 4374.36
98136, 4340
98144, 4324.62
98152, 4356.92
98160, 4345.64
98167, 4346.15
98175, 4364.1
98183, 4354.36
98191, 4348.21
98199, 4347.69
98207, 4351.28
98214, 4355.38
98222, 4344.62
98230, 4350.77
98238, 4360.51
98246, 4349.23
98253, 4348.21
98261, 4354.36
98269, 4363.59
98277, 4364.1
98285, 4345.64
98293, 4344.62
98300, 4348.72
98308, 4349.23
98316, 4350.77
98324, 4346.67
98332, 4354.36
98339, 4357.44
98347, 4348.21
98355, 4346.67
98363, 4352.31
98371, 4356.92
98379, 4347.18
98386, 4348.72
98394, 4361.54
98402, 4350.77
98410, 4350.26
98418, 4359.49
98425, 4354.87
98433, 4348.72
98441, 4339.49
98449, 4351.79
98457, 4364.62
98465, 4347.69
98472, 4342.56
98480, 4350.26
98488, 4360.51
98496, 4364.1
98504, 4347.18
98511, 4341.03
98519, 4351.28
98527, 4356.41
98535, 4346.67
98543, 4337.95
98551, 4351.79
98558, 4351.79
98566, 4343.08
98574, 4358.97
98582, 4362.05
98590, 4355.9
98597, 4352.31
98605, 4348.21
98613, 4356.92
98621, 4356.92
98629, 4349.74
98637, 4350.77
98644, 4354.36
98652, 4355.9
98660, 4345.64
98668, 4345.64
98676, 4355.9
98683, 4354.36
98691, 4349.23
98699, 4351.28
98707, 4365.13
98715, 4366.15
98723, 4338.97
98730, 4338.97
98738, 4353.33
98746, 4350.26
98754, 4348.21
98762, 4346.15
98770, 4353.33
98777, 4354.87
98785, 4346.15
98793, 4354.36
98801, 4350.77
98809, 4346.15
98816, 4351.79
98824, 4350.26
98832, 4362.56
98840, 4363.08
98848, 4346.15
98856, 4346.67
98863, 4352.82
98871, 4355.38
98879, 4352.82
98887, 4354.36
98895, 4361.54
98902, 4356.92
98910, 4351.28
98918, 4356.92
98926, 4362.56
98934, 4354.87
98942, 4335.9
98949, 4341.54
98957, 4351.28
98965, 4343.08
98973, 4346.67
98981, 4347.69, estimuli
98988, 4351.28
98996, 4356.41
99004, 4345.64
99012, 4354.87
99020, 4361.03
99028, 4349.74
99035, 4346.67
99043, 4350.77
99051, 4356.41
99059, 4355.38
99067, 4352.82
99074, 4353.33
99082, 4346.67
99090, 4344.1
99098, 4360.51
99106, 4367.18
99114, 4366.15
99121, 4471.28
99129, 4599.49
99137, 4447.18
99145, 4094.36
99153, 3964.1
99161, 4102.05
99168, 4318.97
99176, 4561.54
99184, 4719.49
99192, 4655.9
99200, 4391.28
99207, 4099.49
99215, 3974.87
99223, 4081.03
99231, 4323.08
99239, 4554.36
99247, 4711.28
99254, 4674.87
99262, 4396.92
99270, 4097.44
99278, 3983.59
99286, 4084.62
99293, 4316.41
99301, 4557.95
99309, 4720
99317, 4663.59
99325, 4394.87
99333, 4116.41
99340, 3982.05
99348, 4068.72
99356, 4309.74
99364, 4562.56
99372, 4731.79
99379, 4673.33
99387, 4393.85
99395, 4101.03
99403, 3975.9
99411, 4083.08
99419, 4326.67
99426, 4572.31
99434, 4717.95
99442, 4643.59
99450, 4378.97
99458, 4095.9
99465, 3972.82
99473, 4086.15
99481, 4326.67
99489, 4575.38
99497, 4721.03
99505, 4643.08
99512, 4383.08
99520, 4101.54
99528, 3991.28
99536, 4105.13
99544, 4328.72
99552, 4570.26
99559, 4716.92
99567, 4637.95
99575, 4373.33
99583, 4093.85
99591, 3980
99598, 4089.23
99606, 4326.67
99614, 4575.9
99622, 4720.51
99630, 4647.69
99638, 4377.95
99645, 4094.87
99653, 3981.54
99661, 4084.62
99669, 4334.87
99677, 4585.13
99684, 4715.9
99692, 4645.13
99700, 4378.46
99708, 4091.79
99716, 3971.28
99724, 4079.49
99731, 4343.59
99739, 4590.77
99747, 4715.38
99755, 4641.54
99763, 4373.33
99770, 4091.79
99778, 3976.41
99786, 4087.69
99794, 4336.41
99802, 4581.54
99810, 4726.15
99817, 4648.72
99825, 4375.38
99833, 4094.87
99841, 3972.82
99849, 4086.67
99856, 4344.1
99864, 4591.28
99872, 4731.79
99880, 4643.59
99888, 4366.67
99896, 4085.64
99903, 3968.21
99911, 4094.36
99919, 4343.59
99927, 4586.15
99935, 4739.49
99942, 4653.85
99950, 4360.51
99958, 4071.79
99966, 3971.79
99974, 4094.87
99982, 4332.82
99989, 4589.23
99997, 4735.38
100005, 4636.92
100013, 4364.62
100021, 4089.74
100028, 3975.38
100036, 4086.15
100044, 4337.95
100052, 4597.95
100060, 4727.69
100068, 4632.31
100075, 4367.18
100083, 4095.38
100091, 3989.23
100099, 4075.9
100107, 4319.49
100115, 4578.97
100122, 4589.74
100130, 4397.95
100139, 4311.79
100146, 4371.28
100154, 4380.51
100161, 4331.79
100169, 4337.95
100177, 4344.1
100185, 4340.51
100193, 4354.87
100200, 4358.46
100208, 4357.44
100216, 4350.77
100224, 4346.67
100232, 4355.38
100240, 4353.33
100247, 4342.05
100255, 4341.03
100263, 4350.77
100271, 4363.59
100279, 4354.87
100287, 4347.18
100294, 4360
100302, 4354.87
100310, 4349.74
100318, 4351.28
100326, 4351.28
100333, 4361.54
100341, 4356.41
100349, 4351.79
100357, 4362.56
100365, 4361.54
100373, 4343.08
100380, 4330.26
100388, 4350.77
100396, 4358.46
100404, 4345.13
100412, 4353.85
100419, 4357.44
100427, 4344.62
100435, 4341.03
100443, 4351.28
100451, 4363.08
100459, 4347.69
100466, 4335.9
100474, 4354.36
100482, 4362.56
100490, 4353.85
100498, 4341.54
100505, 4343.08
100513, 4359.49
100521, 4353.33
100529, 4346.67
100537, 4358.46
100545, 4356.92
100552, 4354.36
100560, 4358.97
100571, 4365.64
100576, 4354.87
100584, 4337.44
100591, 4348.72
100600, 4348.72
100608, 4343.59
100615, 4358.97
100623, 4361.54
100631, 4353.85
100638, 4351.28
100646, 4352.31
100654, 4353.33
100662, 4348.21
100670, 4354.87
100677, 4354.87
100685, 4348.21
100693, 4356.41
100701, 4355.9
100709, 4350.26
100717, 4352.82
100724, 4349.23
100732, 4348.72
100740, 4353.85
100748, 4363.59
100756, 4360.51
100764, 4346.15
100771, 4355.9
100779, 4363.08
100787, 4348.72
100795, 4345.13
100803, 4343.59
100810, 4341.54
100818, 4343.59
100826, 4361.03
100834, 4367.18
100842, 4346.67
100850, 4349.23
100857, 4353.33
100865, 4344.62
100873, 4347.69
100881, 4349.23
100889, 4358.46
100896, 4359.49
100904, 4344.62
100912, 4348.72
100920, 4355.38
100928, 4355.38
100936, 4353.85
100943, 4346.67
100951, 4357.44
100959, 4360
100967, 4349.23
100975, 4352.31
100982, 4356.92
100990, 4362.05
100998, 4365.13
101006, 4353.85
101014, 4338.97, estimuli
101022, 4343.08
101029, 4362.56
101037, 4354.36
101045, 4343.59
101053, 4356.92
101061, 4354.36
101068, 4349.23
101076, 4353.85
101084, 4352.31
101092, 4353.33
101100, 4344.62
101108, 4347.18
101115, 4359.49
101123, 4343.59
101131, 4336.41
101139, 4366.15
101147, 4374.36
101154, 4372.31
101162, 4479.49
101170, 4586.67
101178, 4409.74
101186, 4066.67
101194, 3967.69
101201, 4142.56
101209, 4366.67
101217, 4568.72
101225, 4705.64
101233, 4651.28
101241, 4372.82
101248, 4071.79
101256, 3973.85
101264, 4110.26
101272, 4359.49
101280, 4587.18
101287, 4722.56
101295, 4647.18
101303, 4361.54
101311, 4075.38
101319, 3976.41
101327, 4108.21
101334, 4351.28
101342, 4584.1
101350, 4732.31
101358, 4646.67
101366, 4355.38
101373, 4072.31
101381, 3969.74
101389, 4111.28
101397, 4358.97
101405, 4575.9
101413, 4716.92
101420, 4644.1
101428, 4354.36
101436, 4062.56
101444, 3975.9
101452, 4126.67
101459, 4362.05
101467, 4583.59
101475, 4720
101483, 4628.21
101491, 4348.72
101499, 4072.82
101506, 3977.95
101514, 4116.41
101522, 4364.62
101530, 4600.51
101538, 4726.15
101545, 4634.87
101553, 4358.97
101561, 4068.21
101569, 3975.9
101577, 4119.49
101585, 4356.92
101592, 4594.36
101600, 4724.1
101608, 4623.59
101616, 4341.54
101624, 4069.74
101632, 3983.08
101639, 4113.33
101647, 4361.03
101655, 4603.59
101663, 4718.97
101671, 4622.56
101678, 4353.33
101686, 4076.41
101694, 3977.44
101702, 4109.23
101710, 4367.18
101717, 4603.08
101725, 4717.44
101733, 4628.21
101741, 4353.85
101749, 4070.26
101757, 3973.33
101764, 4114.87
101772, 4375.9
101780, 4603.59
101788, 4720
101796, 4630.77
101804, 4342.05
101811, 4062.05
101819, 3976.41
101827, 4115.38
101835, 4367.69
101843, 4600
101850, 4728.72
101858, 4631.28
101866, 4336.92
101874, 4058.46
101882, 3970.77
101890, 4116.41
101897, 4371.28
101905, 4607.18
101913, 4735.38
101921, 4627.69
101929, 4335.9
101936, 4057.44
101944, 3965.64
101952, 4117.44
101960, 4370.26
101968, 4603.59
101976, 4736.41
101983, 4627.69
101991, 4329.23
101999, 4058.46
102007, 3983.08
102015, 4126.15
102022, 4369.74
102030, 4607.18
102038, 4726.15
102046, 4613.85
102054, 4335.38
102062, 4065.64
102069, 3974.36
102078, 4110.26
102086, 4369.74
102093, 4614.36
102101, 4721.03
102108, 4613.85
102116, 4335.9
102124, 4061.54
102132, 3982.56
102140, 4105.64
102148, 4361.54
102155, 4597.95
102163, 4573.33
102171, 4379.49
102179, 4319.49
102187, 4373.85
102195, 4357.44
102202, 4323.59
102210, 4351.79
102218, 4359.49
102226, 4348.72
102234, 4350.77
102241, 4352.82
102249, 4356.92
102257, 4344.62
102265, 4342.05
102273, 4367.18
102281, 4364.1
102288, 4341.54
102296, 4341.03
102304, 4351.79
102312, 4362.56
102320, 4355.38
102327, 4348.21
102335, 4356.92
102343, 4362.05
102351, 4366.67
102359, 4358.46
102367, 4348.72
102374, 4346.67
102382, 4339.49
102390, 4347.69
102398, 4351.28
102406, 4350.77
102413, 4366.67
102421, 4358.97
102429, 4343.08
102437, 4346.67
102445, 4350.77
102452, 4354.36
102460, 4346.15
102468, 4343.59
102476, 4365.64
102484, 4369.74
102492, 4345.13
102499, 4334.36
102507, 4351.79
102515, 4354.36
102523, 4340.51
102531, 4347.18
102539, 4348.72
102546, 4345.64
102554, 4349.74
102562, 4348.21
102570, 4359.49
102578, 4359.49
102585, 4348.21
102593, 4352.31
102601, 4342.05
102609, 4341.54
102617, 4351.28
102625, 4352.31
102632, 4349.74
102640, 4340.51
102648, 4351.79
102656, 4351.79
102664, 4335.9
102671, 4349.74
102679, 4364.62
102687, 4362.05
102695, 4342.05
102703, 4335.38
102711, 4358.46
102719, 4355.9
102726, 4344.62
102734, 4350.77
102742, 4347.69
102750, 4348.21
102758, 4345.64
102765, 4350.77
102773, 4357.44
102781, 4342.56
102790, 4353.85
102797, 4361.03
102804, 4345.13
102812, 4349.23
102820, 4351.28
102828, 4355.38
102836, 4351.28
102844, 4342.56
102851, 4352.31
102859, 4350.26
102867, 4353.33
102875, 4357.44
102883, 4353.33
102890, 4368.21
102898, 4366.15
102907, 4349.23
102914, 4349.23
102922, 4352.31
102930, 4351.79
102937, 4338.97
102945, 4345.13
102953, 4367.18
102961, 4357.44
102969, 4346.67
102976, 4346.67
102984, 4350.77
102992, 4361.03
103000, 4348.21
103008, 4341.03
103016, 4354.87
103023, 4360.51
103031, 4355.9
103039, 4344.1
103048, 4351.79
103055, 4361.54, estimuli
103062, 4347.18
103070, 4351.79
103078, 4362.05
103086, 4354.36
103094, 4355.9
103102, 4361.54
103109, 4358.97
103117, 4343.59
103125, 4341.54
103133, 4356.92
103141, 4350.26
103148, 4349.74
103156, 4353.85
103164, 4341.03
103172, 4351.79
103180, 4382.05
103188, 4374.36
103195, 4374.36
103203, 4497.44
103211, 4585.64
103219, 4361.03
103227, 4022.56
103235, 3975.9
103242, 4170.26
103250, 4381.54
103258, 4583.08
103266, 4718.46
103274, 4630.26
103281, 4320.51
103289, 4044.1
103297, 4006.15
103305, 4164.62
103313, 4382.56
103321, 4593.85
103328, 4725.13
103336, 4618.97
103344, 4322.05
103352, 4055.38
103360, 3980
103367, 4135.9
103375, 4383.08
103383, 4598.97
103391, 4736.92
103399, 4628.72
103407, 4313.85
103414, 4047.69
103422, 3980.51
103430, 4129.23
103438, 4378.46
103446, 4615.38
103453, 4732.82
103461, 4604.62
103469, 4307.18
103477, 4046.15
103485, 3982.56
103493, 4134.36
103500, 4383.08
103508, 4631.79
103516, 4750.77
103524, 4601.54
103532, 4294.87
103539, 4045.64
103547, 3987.18
103555, 4136.92
103563, 4385.64
103571, 4624.1
103579, 4732.31
103586, 4605.13
103594, 4311.79
103602, 4045.13
103610, 3988.21
103618, 4142.05
103625, 4384.1
103633, 4621.54
103641, 4731.28
103649, 4604.62
103657, 4308.72
103665, 4044.62
103672, 3986.15
103680, 4135.9
103688, 4385.64
103696, 4623.08
103704, 4726.15
103711, 4604.62
103719, 4315.9
103727, 4044.62
103735, 3977.95
103743, 4136.41
103751, 4388.72
103758, 4614.36
103766, 4724.1
103774, 4607.18
103782, 4305.13
103790, 4040.51
103798, 3986.15
103805, 4140
103813, 4392.82
103821, 4623.08
103829, 4729.74
103837, 4604.62
103844, 4296.92
103852, 4036.92
103860, 3991.79
103868, 4153.33
103876, 4395.38
103884, 4615.9
103891, 4731.79
103899, 4603.59
103907, 4293.33
103915, 4051.79
103923, 4004.1
103930, 4146.15
103938, 4390.26
103946, 4627.69
103954, 4735.9
103962, 4586.67
103970, 4283.08
103977, 4045.13
103985, 3990.77
103993, 4138.97
104001, 4384.62
104009, 4628.72
104016, 4748.21
104024, 4593.85
104032, 4279.49
104040, 4034.36
104048, 3986.67
104056, 4151.28
104063, 4403.08
104071, 4634.87
104079, 4740.51
104087, 4593.33
104095, 4282.56
104102, 4024.62
104110, 3985.13
104118, 4157.44
104126, 4407.69
104134, 4640.51
104142, 4728.21
104149, 4581.54
104157, 4292.82
104165, 4037.95
104173, 3984.62
104181, 4131.28
104189, 4392.31
104196, 4607.18
104204, 4553.33
104212, 4363.59
104220, 4323.59
104228, 4371.28
104235, 4353.85
104243, 4329.23
104252, 4348.21
104259, 4353.85
104267, 4353.85
104275, 4356.41
104282, 4346.15
104290, 4352.31
104298, 4366.67
104306, 4352.31
104314, 4340
104321, 4356.41
104329, 4372.82
104337, 4361.54
104345, 4345.64
104353, 4357.44
104361, 4359.49
104368, 4344.1
104376, 4343.08
104384, 4340.51
104392, 4348.21
104400, 4361.03
104407, 4361.03
104415, 4353.85
104423, 4337.95
104431, 4343.08
104439, 4351.28
104447, 4346.67
104454, 4355.9
104462, 4355.38
104470, 4351.28
104478, 4352.82
104486, 4357.44
104493, 4363.59
104501, 4355.38
104509, 4354.36
104517, 4362.56
104525, 4358.46
104533, 4360
104540, 4356.92
104548, 4348.21
104557, 4347.18
104564, 4349.23
104573, 4355.9
104579, 4349.74
104587, 4345.64
104595, 4355.38
104603, 4354.87
104611, 4357.95
104619, 4363.08
104626, 4360
104634, 4349.23
104642, 4343.08
104650, 4354.36
104658, 4352.31
104665, 4350.26
104673, 4354.87
104681, 4343.08
104690, 4351.79
104697, 4363.59
104705, 4356.92
104712, 4352.82
104720, 4341.03
104728, 4343.08
104736, 4349.74
104744, 4361.03
104752, 4373.33
104759, 4350.77
104767, 4349.74
104775, 4367.69
104783, 4349.23
104791, 4336.41
104798, 4349.23
104806, 4357.95
104814, 4350.77
104823, 4350.77
104830, 4363.59
104837, 4356.41
104845, 4347.18
104853, 4356.92
104861, 4356.41
104869, 4352.31
104877, 4350.77
104884, 4351.28
104892, 4363.08
104900, 4354.87
104908, 4342.56
104916, 4347.18
104923, 4356.92
104931, 4361.03
104939, 4344.62
104947, 4354.87
104955, 4375.9
104963, 4355.38
104970, 4343.08
104978, 4343.08
104986, 4344.62
104994, 4357.44
105002, 4354.87
105010, 4347.69
105017, 4353.85
105025, 4362.56
105033, 4357.95
105041, 4341.54
105050, 4351.28
105056, 4363.59
105064, 4350.26
105072, 4344.1
105080, 4345.13
105088, 4349.74
105096, 4353.33
105103, 4349.74, estimuli
105111, 4355.9
105119, 4353.33
105127, 4346.67
105135, 4348.72
105142, 4347.18
105151, 4362.56
105159, 4366.15
105166, 4348.21
105174, 4346.67
105182, 4350.26
105189, 4352.31
105197, 4347.69
105205, 4342.05
105213, 4344.1
105221, 4348.21
105228, 4372.82
105236, 4362.56
105244, 4356.92
105252, 4494.87
105260, 4597.44
105268, 4412.31
105275, 4073.33
105283, 3953.33
105291, 4120
105299, 4344.62
105307, 4566.15
105314, 4727.69
105322, 4661.03
105330, 4384.62
105338, 4075.9
105346, 3961.54
105354, 4100.51
105361, 4338.46
105369, 4583.59
105377, 4735.9
105385, 4640.51
105393, 4360.51
105401, 4087.69
105408, 3982.56
105416, 4098.97
105424, 4341.03
105432, 4587.18
105440, 4721.54
105447, 4643.08
105455, 4378.46
105463, 4085.64
105471, 3969.74
105479, 4092.82
105487, 4345.64
105494, 4584.1
105502, 4712.82
105510, 4650.77
105518, 4384.62
105526, 4087.69
105533, 3975.38
105541, 4092.82
105549, 4348.21
105557, 4594.87
105565, 4723.59
105573, 4652.31
105580, 4380.51
105588, 4082.56
105596, 3965.64
105604, 4089.74
105612, 4341.54
105619, 4577.44
105627, 4721.54
105635, 4647.69
105643, 4361.54
105651, 4082.56
105659, 3978.46
105666, 4098.46
105674, 4342.05
105682, 4573.85
105690, 4725.13
105698, 4651.28
105705, 4367.69
105713, 4082.05
105721, 3969.74
105729, 4104.62
105737, 4359.49
105745, 4591.28
105752, 4728.21
105760, 4640
105768, 4361.03
105776, 4076.92
105784, 3968.21
105791, 4112.82
105799, 4370.77
105807, 4592.82
105815, 4711.79
105823, 4627.69
105831, 4360.51
105838, 4071.79
105847, 3965.64
105854, 4101.03
105862, 4347.18
105870, 4599.49
105878, 4730.77
105885, 4622.05
105893, 4355.38
105901, 4087.18
105909, 3983.08
105917, 4106.15
105924, 4352.82
105932, 4595.38
105940, 4723.59
105948, 4636.92
105956, 4353.85
105964, 4066.67
105971, 3974.36
105979, 4100.51
105987, 4356.92
105995, 4607.69
106003, 4726.67
106010, 4641.54
106018, 4367.18
106026, 4070.26
106034, 3969.23
106042, 4103.59
106050, 4354.36
106057, 4589.23
106065, 4718.46
106073, 4634.36
106081, 4354.87
106089, 4079.49
106096, 3973.85
106105, 4096.92
106112, 4362.56
106120, 4601.03
106128, 4722.05
106136, 4629.23
106143, 4346.15
106151, 4067.18
106159, 3965.13
106167, 4107.69
106175, 4367.18
106182, 4595.38
106190, 4730.26
106198, 4632.82
106206, 4344.1
106214, 4090.26
106222, 3995.38
106229, 4090.77
106237, 4342.05
106245, 4586.15
106253, 4582.05
106261, 4384.1
106269, 4318.46
106276, 4374.36
106284, 4348.72
106292, 4320
106300, 4345.64
106308, 4352.82
106315, 4352.82
106323, 4356.92
106331, 4362.05
106339, 4349.74
106347, 4337.95
106354, 4347.69
106362, 4351.79
106370, 4355.38
106378, 4348.72
106386, 4347.69
106394, 4356.92
106401, 4348.21
106409, 4354.36
106417, 4360.51
106425, 4352.82
106433, 4361.54
106440, 4356.92
106448, 4344.1
106456, 4348.21
106464, 4354.36
106472, 4352.82
106480, 4349.74
106487, 4360
106495, 4357.95
106503, 4341.54
106511, 4348.72
106519, 4354.36
106527, 4348.21
106534, 4346.15
106542, 4349.74
106550, 4363.08
106558, 4353.33
106566, 4341.03
106573, 4355.38
106581, 4358.46
106589, 4355.38
106597, 4351.28
106605, 4352.31
106613, 4362.05
106620, 4351.79
106628, 4351.28
106636, 4364.1
106644, 4358.97
106652, 4351.28
106659, 4343.59
106667, 4344.62
106675, 4353.85
106683, 4356.41
106691, 4352.31
106699, 4341.54
106706, 4350.26
106714, 4356.41
106722, 4345.64
106730, 4357.44
106738, 4359.49
106745, 4349.23
106753, 4353.85
106761, 4352.31
106769, 4351.28
106777, 4348.21
106785, 4345.13
106792, 4358.46
106800, 4358.46
106808, 4348.72
106816, 4348.72
106824, 4351.79
106831, 4360
106839, 4357.44
106847, 4349.74
106855, 4347.18
106863, 4349.23
106871, 4357.95
106878, 4346.67
106886, 4344.62
106894, 4360
106902, 4349.23
106910, 4344.1
106918, 4349.23
106925, 4353.33
106933, 4363.59
106941, 4361.03
106949, 4359.49
106957, 4356.92
106964, 4348.21
106972, 4346.15
106980, 4343.08
106988, 4353.85
106996, 4360.51
107003, 4346.15
107011, 4351.28
107019, 4358.97
107027, 4352.82
107035, 4346.15
107043, 4340
107050, 4358.97
107058, 4371.28
107066, 4353.33
107074, 4346.15
107082, 4355.38
107090, 4357.44
107097, 4345.13
107105, 4348.72, estimuli
107113, 4355.9
107121, 4342.56
107129, 4350.77
107136, 4357.95
107144, 4351.28
107152, 4358.97
107160, 4354.87
107168, 4349.23
107176, 4353.85
107183, 4351.79
107191, 4349.74
107199, 4345.64
107207, 4347.18
107215, 4347.69
107222, 4342.05
107230, 4365.64
107238, 4366.15
107246, 4390.77
107254, 4527.18
107262, 4566.15
107269, 4334.36
107277, 4033.33
107285, 3983.59
107293, 4162.05
107301, 4383.59
107308, 4616.41
107316, 4728.72
107324, 4596.41
107332, 4309.74
107340, 4041.54
107348, 3983.59
107355, 4153.85
107363, 4400
107371, 4625.64
107379, 4726.67
107387, 4595.38
107394, 4302.56
107402, 4038.46
107410, 3986.67
107418, 4151.79
107426, 4400.51
107434, 4622.05
107441, 4714.87
107449, 4596.41
107457, 4304.62
107465, 4030.77
107473, 3981.03
107480, 4160.51
107488, 4418.97
107496, 4630.26
107504, 4715.9
107512, 4589.23
107520, 4293.85
107528, 4040
107535, 3985.13
107543, 4141.54
107551, 4410.26
107559, 4635.38
107566, 4724.62
107574, 4602.05
107582, 4298.97
107590, 4027.18
107598, 3976.41
107606, 4158.97
107613, 4415.38
107621, 4619.49
107629, 4723.59
107637, 4604.62
107645, 4298.97
107653, 4033.85
107660, 3980
107668, 4152.31
107676, 4409.74
107684, 4642.05
107692, 4749.23
107699, 4593.85
107707, 4277.44
107715, 4028.21
107723, 3983.08
107731, 4152.31
107739, 4403.08
107746, 4632.31
107754, 4733.85
107762, 4590.26
107770, 4298.97
107778, 4038.46
107785, 3974.36
107793, 4147.69
107801, 4404.62
107809, 4638.97
107817, 4736.92
107825, 4588.21
107832, 4285.64
107840, 4022.56
107848, 3981.54
107856, 4161.03
107864, 4414.36
107872, 4645.13
107879, 4729.74
107887, 4584.1
107895, 4294.87
107903, 4028.21
107911, 3970.26
107918, 4148.21
107926, 4417.95
107934, 4643.08
107942, 4720
107950, 4578.97
107957, 4282.05
107965, 4032.31
107973, 3989.74
107981, 4150.26
107990, 4416.92
107997, 4649.23
108004, 4720.51
108012, 4575.38
108020, 4284.1
108028, 4033.85
108036, 3983.08
108044, 4151.79
108051, 4422.56
108059, 4649.74
108067, 4730.26
108075, 4575.9
108083, 4275.38
108090, 4042.05
108098, 3994.36
108106, 4161.03
108114, 4428.21
108122, 4640.51
108130, 4718.97
108137, 4569.74
108145, 4264.1
108153, 4017.95
108161, 3982.05
108169, 4170.77
108176, 4425.13
108184, 4632.82
108192, 4725.13
108200, 4576.41
108208, 4270.77
108216, 4035.9
108223, 4000.51
108231, 4147.69
108239, 4404.1
108247, 4612.82
108255, 4549.23
108262, 4343.08
108270, 4323.59
108278, 4382.05
108286, 4342.05
108294, 4330.77
108302, 4361.03
108309, 4354.87
108317, 4347.69
108325, 4361.54
108333, 4368.72
108341, 4340.51
108348, 4334.87
108356, 4356.41
108364, 4355.9
108372, 4353.33
108380, 4350.77
108388, 4350.77
108395, 4345.64
108403, 4336.92
108411, 4350.77
108419, 4355.9
108427, 4347.69
108434, 4344.1
108443, 4347.69
108450, 4359.49
108458, 4353.33
108466, 4346.67
108474, 4351.28
108481, 4345.13
108489, 4349.23
108497, 4356.92
108505, 4354.36
108513, 4349.23
108521, 4349.74
108528, 4372.31
108536, 4371.79
108544, 4342.56
108552, 4341.03
108560, 4346.67
108567, 4350.77
108575, 4358.97
108583, 4354.36
108591, 4350.77
108599, 4349.74
108607, 4355.9
108614, 4353.33
108622, 4343.08
108630, 4352.31
108638, 4354.87
108646, 4351.28
108653, 4350.77
108661, 4343.59
108669, 4354.87
108677, 4358.46
108685, 4344.62
108693, 4353.85
108700, 4364.62
108708, 4364.62
108717, 4351.79
108724, 4344.62
108732, 4364.62
108739, 4358.46
108747, 4342.56
108758, 4348.21
108763, 4353.85
108771, 4356.41
108779, 4350.77
108786, 4356.92
108794, 4360.51
108802, 4346.67
108810, 4346.15
108818, 4346.67
108825, 4350.77
108833, 4358.46
108841, 4352.31
108849, 4351.28
108857, 4351.28
108865, 4353.85
108872, 4355.9
108880, 4343.08
108888, 4349.74
108896, 4356.92
108904, 4347.18
108911, 4350.26
108919, 4353.33
108927, 4361.03
108935, 4358.46
108944, 4342.56
108951, 4357.44
108958, 4361.54
108966, 4346.15
108974, 4341.54
108982, 4345.13
108990, 4360.51
108998, 4359.49
109005, 4343.08
109013, 4348.72
109021, 4365.13
109029, 4360.51
109037, 4340.51
109044, 4354.36
109052, 4373.85
109060, 4346.67
109068, 4336.41
109076, 4358.46
109083, 4359.49
109091, 4348.72
109099, 4338.97
109107, 4345.64
109115, 4354.87, estimuli
109123, 4353.33
109130, 4354.87
109138, 4346.15
109146, 4354.87
109154, 4371.28
109162, 4353.85
109169, 4346.15
109177, 4346.67
109185, 4343.59
109193, 4349.23
109201, 4356.41
109209, 4361.54
109216, 4349.23
109224, 4338.46
109232, 4351.28
109240, 4368.21
109248, 4360.51
109256, 4373.85
109263, 4507.69
109271, 4594.36
109279, 4367.18
109287, 4029.74
109295, 3975.38
109302, 4162.56
109310, 4384.62
109318, 4596.41
109326, 4726.15
109334, 4622.56
109342, 4311.28
109349, 4043.08
109357, 3998.46
109365, 4152.82
109373, 4379.49
109381, 4594.36
109388, 4727.69
109396, 4616.92
109404, 4314.87
109412, 4055.38
109420, 3985.64
109428, 4136.41
109435, 4380
109443, 4606.15
109451, 4740
109459, 4620
109467, 4311.28
109474, 4045.64
109482, 3983.59
109490, 4145.64
109498, 4385.64
109506, 4608.72
109514, 4733.33
109521, 4611.79
109529, 4310.77
109537, 4042.05
109545, 3983.59
109553, 4147.18
109560, 4380.51
109568, 4609.23
109576, 4738.97
109584, 4616.92
109592, 4310.77
109600, 4045.13
109607, 3991.28
109615, 4138.97
109623, 4379.49
109631, 4620.51
109640, 4725.64
109646, 4602.56
109654, 4313.85
109662, 4041.54
109670, 3981.03
109678, 4135.9
109686, 4384.1
109693, 4620.51
109701, 4725.13
109709, 4602.05
109717, 4307.18
109725, 4043.08
109733, 3987.69
109740, 4140.51
109748, 4395.38
109756, 4622.56
109764, 4713.33
109772, 4595.9
109779, 4319.49
109787, 4064.1
109795, 3986.15
109803, 4134.87
109811, 4404.1
109819, 4625.64
109826, 4717.95
109834, 4596.92
109842, 4303.59
109850, 4048.72
109858, 3987.18
109865, 4141.03
109873, 4398.97
109881, 4624.1
109889, 4725.64
109897, 4594.36
109905, 4296.41
109912, 4041.03
109920, 3983.59
109928, 4154.36
109936, 4405.64
109944, 4618.97
109951, 4726.15
109959, 4591.79
109967, 4287.18
109975, 4034.87
109983, 3986.15
109991, 4155.38
109999, 4408.72
110006, 4630.77
110014, 4720.51
110022, 4582.56
110030, 4294.87
110037, 4037.95
110045, 3992.31
110053, 4166.15
110061, 4405.13
110069, 4629.23
110077, 4727.69
110084, 4587.69
110092, 4293.85
110100, 4030.77
110108, 3981.03
110116, 4151.79
110123, 4411.79
110131, 4641.54
110139, 4714.36
110147, 4575.9
110155, 4302.05
110163, 4041.54
110170, 3983.08
110178, 4152.31
110186, 4409.74
110194, 4635.38
110202, 4728.72
110209, 4594.36
110217, 4284.1
110225, 4030.77
110234, 3995.38
110241, 4131.28
110249, 4394.36
110256, 4604.1
110264, 4543.08
110272, 4363.08
110280, 4324.1
110288, 4373.33
110296, 4350.77
110303, 4331.28
110311, 4356.92
110319, 4350.26
110327, 4355.38
110335, 4362.05
110342, 4346.15
110350, 4352.31
110358, 4357.95
110366, 4351.79
110374, 4351.28
110382, 4349.74
110389, 4350.77
110397, 4345.64
110405, 4354.36
110413, 4374.36
110421, 4354.87
110428, 4337.95
110436, 4344.62
110444, 4349.74
110452, 4352.31
110460, 4352.31
110468, 4361.03
110475, 4357.44
110483, 4350.77
110491, 4355.9
110499, 4347.69
110507, 4346.67
110514, 4354.87
110522, 4350.26
110530, 4352.82
110538, 4353.33
110546, 4355.38
110554, 4358.46
110561, 4348.72
110569, 4358.97
110577, 4367.69
110585, 4354.87
110593, 4350.77
110600, 4348.21
110608, 4351.79
110616, 4352.82
110624, 4355.38
110632, 4367.69
110640, 4362.05
110647, 4347.69
110655, 4335.9
110664, 4339.49
110671, 4357.44
110679, 4352.82
110687, 4348.72
110694, 4352.82
110702, 4348.21
110710, 4352.31
110718, 4347.69
110726, 4347.69
110733, 4358.46
110741, 4352.31
110749, 4352.82
110757, 4352.31
110765, 4349.74
110772, 4356.92
110780, 4350.26
110788, 4347.69
110796, 4350.26
110804, 4351.28
110812, 4357.44
110819, 4354.36
110827, 4354.36
110835, 4354.36
110843, 4357.44
110851, 4369.23
110859, 4349.74
110866, 4335.9
110874, 4351.28
110882, 4353.85
110890, 4352.31
110898, 4350.26
110905, 4350.26
110913, 4354.36
110921, 4346.67
110929, 4351.28
110937, 4353.33
110945, 4348.21
110952, 4348.72
110960, 4350.26
110968, 4358.46
110976, 4344.62
110984, 4338.46
110991, 4363.59
110999, 4358.97
111007, 4347.18
111015, 4361.03
111023, 4370.77
111031, 4361.03
111038, 4344.62
111046, 4358.97
111054, 4371.79
111062, 4350.26
111070, 4343.08
111077, 4350.77
111085, 4355.9
111093, 4353.33
111101, 4346.67
111109, 4357.95
111117, 4354.36
111124, 4341.03
111132, 4347.69, estimuli
111140, 4345.64
111148, 4349.74
111156, 4354.36
111163, 4350.77
111171, 4362.05
111179, 4359.49
111187, 4344.1
111195, 4339.49
111203, 4349.74
111210, 4362.05
111218, 4351.28
111226, 4351.79
111234, 4362.56
111242, 4350.26
111249, 4341.54
111257, 4360
111265, 4379.49
111273, 4370.77
111281, 4443.59
111289, 4580
111296, 4467.69
111304, 4119.49
111312, 3958.97
111320, 4093.85
111328, 4313.85
111336, 4532.82
111343, 4700.51
111351, 4676.92
111359, 4432.31
111367, 4134.36
111375, 3983.08
111382, 4066.15
111390, 4305.13
111398, 4539.49
111406, 4706.67
111414, 4687.69
111422, 4427.18
111429, 4118.97
111437, 3975.9
111445, 4081.03
111453, 4313.85
111461, 4534.87
111468, 4718.46
111476, 4690.26
111484, 4406.15
111492, 4109.74
111500, 3985.64
111508, 4076.41
111515, 4302.05
111523, 4547.69
111531, 4722.05
111539, 4674.36
111547, 4408.72
111554, 4108.72
111562, 3970.26
111570, 4076.41
111578, 4302.05
111586, 4550.77
111594, 4734.36
111601, 4674.36
111609, 4397.95
111617, 4110.26
111625, 3987.69
111633, 4076.92
111640, 4302.05
111648, 4557.44
111656, 4713.33
111664, 4660.51
111672, 4409.74
111680, 4118.46
111687, 3995.38
111695, 4081.54
111703, 4294.36
111711, 4553.85
111719, 4715.9
111727, 4655.38
111734, 4404.1
111742, 4119.49
111750, 3984.62
111758, 4073.33
111766, 4318.46
111773, 4570.26
111781, 4713.85
111789, 4665.64
111797, 4408.21
111805, 4111.28
111813, 3978.46
111820, 4069.74
111828, 4312.82
111836, 4555.9
111844, 4709.23
111852, 4669.74
111859, 4406.67
111867, 4109.74
111875, 3972.82
111883, 4071.79
111891, 4321.03
111899, 4558.97
111906, 4713.85
111914, 4671.79
111922, 4405.13
111930, 4105.13
111938, 3972.31
111945, 4080
111953, 4320
111961, 4553.85
111969, 4717.95
111977, 4663.08
111985, 4390.77
111992, 4106.67
112000, 3979.49
112008, 4083.08
112016, 4316.92
112024, 4559.49
112031, 4723.59
112039, 4658.46
112047, 4395.38
112055, 4112.82
112063, 3977.44
112071, 4075.38
112078, 4316.41
112086, 4571.79
112094, 4715.9
112102, 4642.05
112110, 4396.92
112117, 4116.92
112125, 3978.97
112133, 4075.9
112141, 4314.87
112149, 4571.28
112157, 4720.51
112164, 4649.23
112172, 4388.21
112180, 4098.97
112188, 3976.92
112196, 4080
112204, 4326.67
112211, 4577.95
112220, 4701.03
112227, 4635.38
112235, 4396.41
112243, 4116.92
112250, 3986.67
112258, 4066.67
112266, 4311.79
112274, 4561.03
112282, 4593.85
112289, 4422.05
112297, 4310.77
112305, 4360
112313, 4382.56
112321, 4336.92
112329, 4346.67
112336, 4356.41
112344, 4342.56
112352, 4342.05
112360, 4348.21
112368, 4364.62
112376, 4348.72
112383, 4334.36
112391, 4355.9
112399, 4361.54
112407, 4366.67
112415, 4360.51
112422, 4339.49
112430, 4346.67
112438, 4358.46
112446, 4358.46
112454, 4351.79
112462, 4351.28
112469, 4365.64
112477, 4359.49
112485, 4351.79
112493, 4358.46
112501, 4348.72
112508, 4347.69
112516, 4354.36
112524, 4357.95
112532, 4360
112540, 4351.28
112548, 4356.92
112555, 4358.46
112563, 4343.08
112571, 4342.05
112579, 4344.62
112587, 4352.82
112594, 4352.82
112602, 4349.74
112610, 4355.9
112618, 4347.18
112626, 4352.31
112634, 4364.62
112641, 4354.36
112649, 4351.28
112657, 4352.82
112665, 4354.36
112673, 4357.95
112680, 4354.87
112688, 4351.79
112696, 4342.56
112704, 4345.64
112712, 4352.82
112720, 4345.64
112727, 4358.97
112735, 4364.1
112743, 4348.72
112751, 4349.74
112759, 4348.21
112766, 4351.79
112774, 4360.51
112782, 4349.23
112790, 4342.05
112798, 4348.21
112806, 4357.95
112813, 4352.31
112821, 4345.64
112829, 4362.56
112837, 4354.36
112845, 4343.59
112853, 4354.36
112860, 4348.72
112868, 4348.72
112876, 4355.38
112884, 4355.9
112892, 4357.95
112899, 4354.36
112907, 4358.46
112915, 4356.92
112923, 4347.69
112931, 4354.36
112939, 4358.97
112946, 4359.49
112954, 4356.41
112962, 4350.26
112970, 4352.82
112978, 4350.26
112985, 4356.41
112993, 4356.41
113001, 4346.15
113009, 4354.36
113017, 4353.85
113025, 4351.28
113032, 4352.31
113040, 4345.64
113048, 4354.87
113056, 4352.82
113064, 4345.13
113072, 4354.87
113079, 4352.31
113087, 4352.82
113095, 4357.95
113103, 4351.28
113111, 4350.77
113118, 4346.67
113126, 4350.26
113134, 4355.38
113142, 4353.85
113150, 4358.46
113157, 4348.72, estimuli
113165, 4349.23
113173, 4360
113181, 4353.33
113189, 4353.85
113197, 4351.79
113204, 4349.74
113212, 4355.9
113220, 4349.74
113228, 4355.38
113236, 4360
113243, 4354.36
113251, 4354.87
113259, 4344.1
113267, 4341.03
113275, 4350.77
113283, 4361.03
113290, 4362.05
113298, 4416.92
113306, 4558.46
113314, 4540.51
113322, 4238.46
113330, 3984.1
113337, 4031.28
113345, 4241.54
113353, 4454.87
113361, 4649.23
113369, 4716.41
113376, 4531.28
113384, 4209.74
113392, 4001.54
113400, 4027.69
113408, 4233.33
113415, 4462.05
113423, 4654.87
113431, 4718.97
113439, 4522.05
113447, 4206.67
113455, 4002.05
113462, 4018.46
113470, 4220.51
113478, 4463.59
113486, 4667.69
113494, 4713.33
113502, 4517.44
113509, 4216.41
113517, 4001.54
113526, 4020.51
113534, 4228.21
113542, 4468.21
113548, 4681.54
113556, 4717.95
113565, 4501.54
113573, 4201.54
113581, 4003.59
113589, 4024.1
113596, 4222.56
113604, 4474.87
113612, 4681.03
113619, 4701.54
113627, 4501.54
113634, 4202.05
113642, 3996.92
113650, 4023.59
113658, 4218.97
113666, 4472.31
113674, 4681.03
113681, 4704.1
113689, 4506.15
113697, 4207.69
113705, 4001.03
113713, 4016.92
113720, 4223.08
113729, 4480.51
113737, 4671.28
113744, 4708.72
113753, 4522.05
113761, 4200
113768, 3990.26
113776, 4017.95
113784, 4221.54
113792, 4478.97
113800, 4678.46
113807, 4712.31
113814, 4511.28
113822, 4203.59
113830, 4007.18
113838, 4020.51
113846, 4222.05
113853, 4476.41
113861, 4675.9
113869, 4718.97
113877, 4512.31
113885, 4198.97
113892, 3993.33
113900, 4008.21
113908, 4228.72
113916, 4485.13
113924, 4673.33
113933, 4710.26
113940, 4511.28
113947, 4203.08
113955, 3998.97
113964, 4029.74
113971, 4243.08
113979, 4480
113987, 4681.03
113995, 4715.9
114003, 4495.38
114011, 4188.72
114018, 3997.95
114025, 4028.72
114033, 4227.69
114041, 4478.97
114049, 4685.64
114057, 4696.92
114064, 4491.28
114072, 4204.1
114080, 3996.92
114088, 4017.44
114096, 4225.13
114104, 4484.62
114111, 4692.82
114119, 4703.59
114128, 4488.72
114135, 4192.82
114144, 3995.9
114152, 4026.15
114159, 4240
114167, 4501.03
114174, 4685.64
114182, 4689.23
114191, 4491.79
114197, 4190.77
114206, 3996.92
114214, 4032.31
114222, 4235.9
114229, 4499.49
114237, 4690.26
114244, 4691.79
114252, 4488.21
114260, 4198.97
114268, 4007.18
114276, 4012.31
114283, 4213.85
114291, 4495.9
114299, 4610.26
114307, 4478.46
114315, 4322.05
114323, 4334.87
114330, 4391.28
114338, 4352.31
114346, 4334.87
114354, 4348.72
114362, 4351.28
114369, 4362.05
114377, 4339.49
114385, 4332.82
114393, 4353.33
114401, 4355.9
114409, 4358.97
114416, 4356.92
114424, 4353.33
114432, 4351.28
114440, 4344.62
114448, 4352.31
114455, 4353.85
114463, 4354.36
114471, 4358.97
114479, 4348.72
114487, 4351.79
114495, 4352.31
114502, 4344.1
114510, 4345.13
114518, 4337.95
114526, 4346.15
114534, 4359.49
114541, 4353.33
114549, 4350.26
114557, 4349.23
114565, 4354.36
114573, 4353.33
114581, 4354.87
114588, 4363.59
114596, 4343.08
114604, 4335.9
114612, 4355.9
114620, 4356.41
114628, 4354.87
114635, 4353.33
114643, 4356.41
114651, 4359.49
114659, 4341.03
114667, 4344.62
114674, 4355.9
114682, 4355.9
114690, 4364.62
114698, 4353.33
114706, 4344.62
114714, 4349.74
114721, 4346.67
114729, 4351.28
114737, 4349.74
114745, 4349.74
114753, 4354.36
114760, 4352.31
114768, 4353.85
114776, 4350.77
114784, 4353.33
114792, 4357.44
114800, 4357.44
114807, 4364.62
114815, 4348.21
114823, 4344.62
114831, 4369.23
114839, 4358.97
114846, 4341.54
114854, 4349.23
114862, 4361.54
114870, 4356.92
114878, 4339.49
114886, 4347.18
114893, 4361.54
114901, 4351.79
114909, 4344.62
114917, 4347.69
114925, 4358.46
114932, 4356.41
114940, 4344.62
114948, 4358.97
114956, 4358.46
114964, 4349.74
114972, 4358.46
114979, 4351.28
114987, 4349.23
114995, 4357.95
115003, 4365.13
115011, 4360
115019, 4342.56
115026, 4353.33
115034, 4356.41
115042, 4344.1
115050, 4352.82
115058, 4352.82
115065, 4351.79
115073, 4354.36
115081, 4346.15
115089, 4347.18
115097, 4349.74
115105, 4352.31
115112, 4348.21
115120, 4344.62
115128, 4357.95
115136, 4353.33
115144, 4349.23
115151, 4356.41
115159, 4350.77
115167, 4359.49
115175, 4358.97
115183, 4348.21
115190, 4352.31, estimuli
115198, 4348.21
115206, 4355.9
115214, 4363.08
115222, 4348.21
115230, 4346.67
115237, 4353.85
115245, 4352.82
115253, 4342.56
115261, 4345.64
115269, 4359.49
115277, 4348.21
115284, 4343.08
115292, 4347.18
115300, 4335.38
115308, 4358.46
115316, 4362.56
115323, 4358.46
115331, 4476.41
115339, 4586.67
115347, 4435.9
115355, 4094.87
115363, 3955.38
115370, 4108.21
115378, 4323.08
115386, 4553.33
115394, 4717.95
115402, 4667.69
115409, 4420
115417, 4112.82
115425, 3974.36
115433, 4084.1
115441, 4312.82
115449, 4551.79
115456, 4712.82
115464, 4665.64
115472, 4405.13
115480, 4105.64
115488, 3973.33
115495, 4074.36
115503, 4324.62
115511, 4567.18
115519, 4701.03
115527, 4659.49
115535, 4410.26
115542, 4107.69
115550, 3973.85
115558, 4077.44
115566, 4324.1
115574, 4562.56
115582, 4714.36
115589, 4666.67
115597, 4389.23
115605, 4097.44
115613, 3985.64
115621, 4089.74
115628, 4321.03
115636, 4553.85
115644, 4717.44
115652, 4668.21
115660, 4392.31
115668, 4107.69
115675, 3978.46
115683, 4071.28
115691, 4317.95
115699, 4567.69
115707, 4725.64
115714, 4658.97
115722, 4387.18
115730, 4103.59
115738, 3971.79
115746, 4086.67
115754, 4331.28
115761, 4565.64
115769, 4724.1
115777, 4656.92
115785, 4386.15
115793, 4101.54
115800, 3980
115808, 4091.28
115816, 4320.51
115824, 4569.23
115832, 4734.87
115840, 4658.97
115847, 4385.13
115855, 4096.92
115863, 3975.9
115871, 4082.05
115879, 4319.49
115886, 4576.41
115894, 4720
115902, 4645.64
115910, 4391.79
115918, 4098.46
115926, 3967.18
115933, 4076.92
115941, 4327.18
115949, 4582.56
115957, 4717.95
115965, 4645.64
115972, 4387.18
115980, 4099.49
115988, 3979.49
115996, 4087.69
116004, 4335.38
116012, 4579.49
116019, 4712.82
116027, 4654.87
116035, 4393.85
116043, 4094.36
116051, 3969.74
116059, 4086.15
116066, 4341.03
116074, 4582.05
116082, 4723.08
116090, 4654.36
116098, 4370.26
116105, 4091.79
116113, 3983.59
116121, 4086.67
116129, 4329.23
116137, 4567.18
116144, 4716.41
116152, 4654.36
116160, 4380.51
116168, 4093.33
116176, 3967.69
116184, 4089.23
116191, 4346.15
116199, 4577.44
116207, 4721.03
116215, 4649.74
116223, 4369.74
116231, 4083.08
116238, 3978.97
116246, 4115.9
116254, 4347.69
116262, 4571.79
116270, 4726.67
116277, 4646.15
116285, 4365.13
116293, 4091.79
116301, 3983.59
116309, 4082.05
116317, 4325.64
116324, 4579.49
116332, 4596.41
116340, 4392.31
116348, 4309.23
116356, 4369.23
116363, 4357.95
116371, 4320.51
116379, 4347.18
116387, 4365.13
116396, 4346.15
116403, 4348.72
116410, 4363.08
116418, 4355.38
116426, 4349.23
116434, 4346.67
116442, 4352.82
116449, 4370.77
116457, 4353.33
116465, 4341.03
116473, 4350.77
116481, 4350.26
116489, 4347.69
116496, 4346.67
116504, 4352.31
116512, 4354.87
116520, 4347.18
116528, 4351.28
116535, 4349.23
116543, 4348.21
116551, 4349.74
116559, 4345.13
116567, 4354.87
116575, 4354.36
116582, 4345.64
116590, 4352.82
116598, 4354.36
116606, 4357.95
116614, 4349.74
116621, 4340
116629, 4349.23
116637, 4349.23
116645, 4351.28
116653, 4358.97
116661, 4362.05
116668, 4361.03
116676, 4340
116684, 4344.1
116692, 4357.95
116700, 4348.21
116707, 4349.23
116715, 4351.28
116723, 4355.38
116731, 4356.41
116739, 4344.1
116747, 4354.87
116754, 4357.95
116762, 4347.69
116770, 4350.26
116778, 4348.72
116786, 4353.85
116794, 4358.97
116801, 4357.95
116809, 4361.03
116817, 4350.26
116825, 4346.15
116833, 4350.77
116840, 4350.26
116848, 4356.41
116856, 4358.97
116864, 4362.05
116872, 4352.82
116880, 4342.05
116887, 4353.85
116895, 4348.72
116903, 4345.13
116911, 4354.87
116919, 4346.15
116926, 4348.72
116934, 4353.85
116942, 4355.9
116950, 4360
116958, 4347.18
116966, 4349.23
116973, 4354.87
116981, 4344.62
116989, 4350.77
116997, 4363.08
117005, 4365.13
117013, 4350.77
117020, 4344.62
117028, 4354.36
117036, 4344.1
117044, 4348.21
117052, 4362.56
117059, 4352.31
117067, 4355.9
117075, 4364.62
117083, 4358.46
117091, 4342.56
117098, 4333.85
117106, 4354.87
117114, 4356.92
117122, 4350.77
117130, 4364.62
117138, 4357.44
117145, 4351.28
117153, 4354.87
117161, 4354.36
117169, 4351.28
117177, 4338.97
117184, 4347.69
117192, 4357.44
117200, 4351.79
117208, 4357.95
117216, 4358.97
117224, 4355.9
117231, 4349.23, estimuli
117239, 4343.59
117247, 4356.41
117255, 4356.41
117263, 4351.28
117271, 4354.36
117278, 4360.51
117286, 4373.33
117294, 4351.28
117302, 4331.79
117310, 4356.41
117317, 4356.92
117325, 4339.49
117333, 4340.51
117341, 4353.33
117349, 4373.33
117357, 4358.46
117364, 4361.03
117372, 4487.69
117380, 4586.67
117388, 4403.59
117396, 4056.92
117403, 3961.03
117411, 4141.03
117419, 4350.26
117427, 4568.21
117435, 4716.92
117443, 4644.1
117450, 4370.77
117458, 4078.46
117466, 3980.51
117474, 4105.64
117482, 4353.85
117489, 4594.36
117497, 4709.23
117505, 4636.41
117513, 4370.77
117521, 4076.41
117529, 3987.18
117536, 4123.08
117544, 4354.87
117552, 4575.9
117560, 4711.79
117568, 4643.08
117575, 4363.08
117583, 4078.97
117591, 3975.38
117599, 4104.62
117607, 4357.44
117615, 4573.85
117622, 4701.54
117630, 4637.95
117638, 4358.46
117646, 4063.59
117654, 3963.08
117662, 4111.28
117669, 4367.18
117677, 4586.67
117685, 4726.67
117693, 4652.82
117701, 4358.46
117708, 4065.64
117716, 3962.56
117724, 4106.67
117732, 4360.51
117740, 4589.23
117748, 4731.79
117755, 4635.38
117763, 4345.13
117771, 4071.79
117779, 3975.38
117787, 4111.28
117794, 4356.92
117802, 4598.97
117810, 4739.49
117818, 4634.87
117826, 4347.18
117834, 4071.79
117841, 3982.56
117849, 4115.38
117857, 4354.36
117865, 4604.1
117873, 4737.44
117880, 4624.1
117888, 4338.46
117896, 4075.9
117904, 3996.41
117912, 4109.23
117920, 4342.05
117927, 4598.46
117935, 4720
117943, 4615.9
117951, 4347.69
117959, 4074.87
117966, 3987.69
117974, 4116.41
117982, 4356.41
117990, 4594.36
117998, 4718.97
118006, 4630.77
118013, 4350.26
118021, 4071.28
118029, 3982.05
118037, 4110.77
118045, 4365.13
118052, 4598.97
118060, 4717.44
118068, 4632.82
118076, 4353.33
118084, 4073.85
118092, 3975.9
118099, 4111.79
118107, 4378.97
118115, 4597.44
118123, 4706.15
118131, 4624.1
118138, 4342.56
118146, 4062.56
118154, 3974.87
118162, 4121.03
118170, 4370.77
118178, 4592.31
118185, 4723.08
118193, 4625.64
118201, 4337.95
118209, 4073.85
118217, 3986.15
118225, 4122.05
118232, 4367.18
118240, 4600.51
118248, 4727.18
118256, 4612.82
118264, 4329.23
118271, 4064.62
118279, 3976.92
118287, 4124.1
118295, 4369.23
118303, 4605.13
118311, 4741.54
118318, 4628.72
118326, 4327.69
118334, 4055.9
118342, 3989.74
118350, 4112.31
118357, 4347.69
118365, 4589.74
118373, 4589.23
118381, 4387.69
118389, 4307.69
118397, 4357.95
118404, 4360.51
118412, 4335.9
118420, 4346.67
118428, 4348.72
118436, 4350.26
118443, 4364.1
118451, 4354.36
118459, 4344.62
118467, 4355.9
118475, 4352.31
118483, 4352.82
118490, 4360
118498, 4351.28
118506, 4355.9
118514, 4363.08
118522, 4357.44
118529, 4344.62
118537, 4336.41
118545, 4351.79
118553, 4349.74
118561, 4343.59
118569, 4358.97
118576, 4350.77
118584, 4345.64
118592, 4352.82
118600, 4350.77
118608, 4353.33
118615, 4349.23
118623, 4355.9
118631, 4363.08
118639, 4355.38
118647, 4353.85
118655, 4350.77
118662, 4348.21
118670, 4346.67
118678, 4344.1
118686, 4360
118694, 4359.49
118701, 4349.74
118709, 4355.9
118717, 4350.26
118725, 4354.87
118733, 4365.13
118741, 4358.97
118748, 4355.38
118756, 4353.33
118764, 4356.41
118772, 4348.72
118780, 4350.77
118788, 4367.18
118795, 4347.18
118803, 4338.46
118811, 4360.51
118819, 4365.13
118827, 4358.46
118834, 4344.62
118842, 4343.08
118850, 4350.26
118858, 4345.64
118866, 4349.23
118874, 4349.23
118881, 4354.87
118889, 4356.92
118897, 4342.56
118905, 4355.9
118913, 4367.18
118920, 4347.18
118928, 4341.54
118936, 4359.49
118944, 4374.87
118952, 4358.46
118960, 4340
118967, 4354.36
118975, 4357.95
118983, 4349.74
118991, 4346.67
118999, 4348.21
119006, 4357.44
119014, 4351.79
119022, 4353.85
119030, 4360
119038, 4349.23
119046, 4354.87
119053, 4357.44
119061, 4348.21
119069, 4348.21
119077, 4349.23
119085, 4357.95
119092, 4357.44
119100, 4349.74
119108, 4356.41
119116, 4350.77
119124, 4351.28
119132, 4357.44
119139, 4352.82
119147, 4358.46
119155, 4361.54
119163, 4365.64
119171, 4356.41
119178, 4335.38
119186, 4345.13
119194, 4350.26
119202, 4349.23
119210, 4354.36
119218, 4349.74
119225, 4353.33
119233, 4353.85
119241, 4350.26
119249, 4354.36
119257, 4352.31
119264, 4358.46
119272, 4358.97
119280, 4354.36, estimuli
119288, 4358.97
119296, 4353.33
119304, 4355.9
119311, 4357.44
119319, 4343.08
119327, 4349.23
119335, 4357.95
119343, 4356.92
119351, 4350.26
119358, 4356.41
119366, 4374.87
119374, 4354.87
119382, 4337.44
119390, 4346.67
119397, 4342.56
119405, 4361.03
119413, 4377.44
119421, 4351.28
119429, 4416.92
119437, 4571.28
119444, 4531.79
119452, 4201.03
119460, 3958.46
119468, 4046.67
119476, 4254.87
119483, 4474.36
119491, 4683.08
119499, 4716.41
119507, 4506.67
119515, 4184.1
119523, 3992.82
119530, 4042.05
119538, 4244.62
119546, 4482.56
119554, 4668.72
119562, 4718.97
119569, 4525.64
119577, 4176.92
119585, 3977.44
119593, 4040.51
119601, 4244.62
119609, 4475.9
119616, 4672.82
119624, 4715.9
119632, 4509.74
119640, 4187.69
119648, 3987.69
119655, 4027.69
119663, 4245.64
119671, 4486.15
119679, 4676.41
119688, 4717.44
119695, 4503.59
119702, 4184.62
119710, 3986.15
119718, 4023.59
119726, 4246.67
119734, 4486.67
119741, 4678.46
119749, 4716.41
119757, 4499.49
119765, 4188.21
119773, 3995.9
119781, 4038.97
119788, 4251.79
119796, 4486.15
119804, 4690.26
119812, 4718.46
119820, 4488.21
119828, 4176.92
119835, 3983.08
119843, 4028.72
119851, 4242.56
119859, 4483.59
119867, 4683.59
119874, 4705.64
119882, 4494.36
119890, 4182.05
119898, 3977.95
119906, 4029.74
119914, 4252.82
119921, 4503.59
119929, 4693.85
119937, 4701.54
119945, 4492.31
119953, 4186.15
119960, 3989.23
119968, 4030.77
119976, 4245.13
119984, 4513.85
119992, 4706.15
120000, 4697.44
120007, 4476.41
120015, 4172.31
120023, 3984.62
120031, 4020
120039, 4235.9
120046, 4506.67
120054, 4695.38
120062, 4702.05
120070, 4490.26
120078, 4179.49
120086, 3984.62
120093, 4018.97
120101, 4243.59
120109, 4507.18
120117, 4689.23
120125, 4705.13
120132, 4489.74
120140, 4175.9
120148, 3984.1
120156, 4023.08
120164, 4254.36
120172, 4508.72
120179, 4691.79
120187, 4718.46
120195, 4497.44
120203, 4172.31
120211, 3972.82
120218, 4018.97
120226, 4248.72
120234, 4495.38
120242, 4691.28
120250, 4712.82
120258, 4476.92
120265, 4162.56
120273, 3984.62
120281, 4042.05
120289, 4257.95
120297, 4498.97
120304, 4698.97
120312, 4707.18
120320, 4475.38
120328, 4170.77
120336, 3989.74
120344, 4047.69
120351, 4258.97
120359, 4505.64
120367, 4705.64
120375, 4695.38
120383, 4464.1
120390, 4169.74
120398, 3992.82
120406, 4040.51
120414, 4246.67
120422, 4505.13
120430, 4612.31
120437, 4466.15
120445, 4324.62
120453, 4344.62
120461, 4369.23
120469, 4334.87
120477, 4336.92
120484, 4355.38
120492, 4345.13
120500, 4351.79
120508, 4360.51
120516, 4347.69
120523, 4347.69
120531, 4352.82
120539, 4350.26
120547, 4353.85
120555, 4353.33
120563, 4362.05
120570, 4363.59
120578, 4350.26
120586, 4352.82
120594, 4350.26
120602, 4347.18
120609, 4353.33
120617, 4357.95
120625, 4361.54
120633, 4343.59
120641, 4337.44
120649, 4353.33
120656, 4352.82
120664, 4357.44
120672, 4356.41
120680, 4348.21
120688, 4355.38
120695, 4353.85
120703, 4345.13
120711, 4342.56
120720, 4354.87
120727, 4365.64
120735, 4348.21
120742, 4355.9
120750, 4374.36
120758, 4357.44
120766, 4348.72
120774, 4352.82
120781, 4353.33
120789, 4353.33
120797, 4355.38
120805, 4357.44
120813, 4344.62
120821, 4346.67
120828, 4364.1
120836, 4357.44
120844, 4344.1
120852, 4337.95
120860, 4350.26
120867, 4360
120875, 4345.64
120883, 4352.82
120891, 4360
120899, 4350.77
120907, 4351.79
120914, 4344.62
120922, 4346.15
120930, 4350.26
120938, 4347.69
120946, 4358.46
120954, 4355.9
120961, 4348.72
120969, 4354.36
120977, 4352.82
120985, 4354.87
120993, 4348.21
121000, 4348.72
121008, 4362.56
121016, 4357.95
121024, 4355.38
121032, 4351.79
121040, 4350.26
121047, 4357.95
121055, 4352.82
121063, 4355.38
121071, 4353.33
121079, 4345.64
121086, 4353.33
121094, 4351.28
121102, 4348.21
121110, 4350.26
121118, 4354.87
121126, 4361.03
121133, 4345.64
121141, 4344.1
121149, 4361.54
121157, 4355.38
121165, 4351.79
121172, 4353.85
121180, 4354.87
121188, 4353.85
121196, 4346.67
121204, 4356.92
121212, 4357.95
121219, 4349.74
121227, 4358.97
121235, 4356.92
121243, 4357.95
121251, 4361.03
121258, 4353.85
121266, 4353.33
121274, 4347.69
121282, 4343.08, estimuli
121290, 4343.08
121298, 4345.64
121305, 4355.9
121313, 4353.33
121321, 4351.28
121329, 4352.82
121337, 4347.69
121344, 4355.38
121352, 4355.38
121360, 4352.82
121368, 4358.97
121376, 4355.38
121384, 4354.36
121391, 4345.64
121399, 4343.08
121407, 4372.82
121415, 4376.92
121423, 4361.03
121431, 4450.77
121438, 4578.97
121446, 4473.33
121454, 4135.38
121462, 3961.54
121470, 4083.08
121477, 4291.79
121485, 4524.62
121493, 4704.1
121501, 4680.51
121509, 4438.46
121517, 4126.67
121524, 3974.36
121532, 4058.97
121540, 4292.31
121548, 4534.87
121556, 4696.41
121563, 4690.26
121571, 4450.77
121579, 4130.26
121587, 3979.49
121595, 4067.18
121603, 4292.31
121610, 4528.21
121618, 4702.05
121626, 4688.72
121634, 4433.33
121642, 4129.23
121649, 3981.54
121657, 4058.97
121665, 4304.1
121673, 4551.28
121681, 4706.67
121689, 4674.36
121696, 4419.49
121704, 4123.08
121712, 3972.82
121720, 4060.51
121728, 4305.13
121735, 4544.1
121743, 4716.92
121751, 4684.62
121759, 4418.97
121767, 4122.56
121775, 3980.51
121782, 4069.23
121790, 4297.44
121798, 4537.44
121806, 4707.18
121814, 4674.87
121821, 4426.67
121829, 4121.54
121837, 3978.97
121845, 4084.1
121853, 4300
121861, 4533.85
121868, 4718.46
121876, 4683.59
121884, 4427.18
121892, 4121.54
121900, 3972.31
121907, 4068.72
121915, 4297.95
121923, 4546.15
121931, 4709.74
121939, 4663.59
121947, 4422.05
121954, 4125.64
121962, 3973.85
121970, 4066.15
121978, 4310.77
121986, 4562.56
121993, 4715.9
122001, 4676.92
122009, 4425.13
122017, 4117.95
122025, 3980
122033, 4067.69
122040, 4304.62
122048, 4561.03
122056, 4710.77
122064, 4667.18
122072, 4415.9
122080, 4112.82
122087, 3971.79
122095, 4066.67
122103, 4312.31
122111, 4553.85
122119, 4707.18
122126, 4674.36
122134, 4413.85
122142, 4108.21
122150, 3970.77
122158, 4070.77
122166, 4313.33
122173, 4550.26
122181, 4715.9
122189, 4680
122197, 4408.72
122205, 4109.23
122212, 3973.33
122220, 4074.87
122228, 4314.87
122236, 4551.28
122244, 4721.54
122252, 4676.41
122259, 4406.15
122267, 4110.26
122275, 3972.31
122283, 4075.9
122291, 4313.85
122298, 4554.87
122306, 4724.1
122314, 4669.23
122322, 4400
122330, 4107.69
122338, 3977.44
122345, 4077.44
122353, 4307.69
122361, 4561.54
122369, 4725.13
122377, 4655.38
122384, 4394.36
122392, 4106.67
122400, 3978.46
122408, 4071.79
122416, 4302.56
122424, 4551.28
122431, 4595.38
122439, 4425.64
122447, 4323.59
122455, 4362.05
122463, 4367.18
122470, 4331.79
122478, 4351.79
122486, 4362.05
122494, 4344.62
122502, 4353.85
122510, 4361.54
122517, 4353.85
122525, 4348.21
122533, 4340
122541, 4341.54
122549, 4346.67
122557, 4346.15
122564, 4359.49
122572, 4350.77
122580, 4341.54
122588, 4356.41
122596, 4354.36
122603, 4345.64
122611, 4343.08
122619, 4350.26
122627, 4362.56
122635, 4356.92
122643, 4351.28
122650, 4345.13
122658, 4347.69
122666, 4360.51
122674, 4351.79
122682, 4351.79
122689, 4362.05
122697, 4357.44
122705, 4360
122713, 4355.38
122721, 4349.74
122729, 4357.95
122736, 4357.44
122744, 4352.31
122752, 4347.18
122760, 4348.72
122768, 4346.67
122775, 4337.95
122783, 4356.41
122791, 4360.51
122799, 4349.23
122807, 4364.1
122815, 4363.59
122822, 4344.62
122830, 4337.44
122838, 4354.36
122846, 4365.13
122854, 4349.23
122861, 4355.9
122869, 4358.46
122877, 4346.67
122885, 4357.44
122893, 4353.85
122901, 4347.69
122908, 4359.49
122916, 4355.9
122924, 4350.26
122932, 4356.41
122940, 4370.77
122947, 4358.46
122955, 4333.33
122963, 4349.74
122971, 4358.46
122979, 4344.62
122987, 4350.77
122994, 4354.36
123002, 4354.87
123010, 4357.95
123018, 4360.51
123026, 4358.97
123033, 4348.72
123041, 4353.85
123049, 4349.74
123057, 4338.46
123065, 4354.36
123073, 4361.54
123080, 4359.49
123088, 4356.92
123096, 4348.21
123104, 4350.77
123112, 4349.23
123120, 4349.23
123127, 4358.46
123135, 4351.28
123143, 4348.72
123151, 4359.49
123159, 4372.31
123166, 4365.13
123174, 4336.41
123182, 4342.05
123190, 4356.41
123198, 4349.74
123206, 4352.31
123213, 4355.38
123221, 4357.44
123229, 4352.82
123237, 4344.1
123245, 4354.36
123252, 4358.97
123260, 4353.85
123268, 4349.74
123276, 4354.36
123284, 4369.23
123292, 4358.97, estimuli
123299, 4347.69
123307, 4354.87
123315, 4351.28
123323, 4349.74
123331, 4349.74
123338, 4353.33
123346, 4360
123354, 4354.36
123362, 4362.05
123370, 4359.49
123378, 4343.08
123385, 4351.79
123393, 4355.9
123401, 4348.21
123409, 4342.05
123417, 4351.28
123424, 4374.36
123432, 4368.21
123440, 4452.82
123448, 4589.23
123456, 4482.05
123464, 4143.08
123471, 3951.79
123479, 4077.95
123487, 4298.46
123495, 4507.18
123503, 4705.64
123511, 4699.49
123518, 4446.15
123526, 4146.15
123534, 3992.82
123542, 4069.23
123550, 4281.03
123557, 4520
123565, 4717.44
123573, 4695.38
123581, 4435.38
123589, 4133.85
123596, 3980.51
123604, 4065.13
123612, 4283.08
123620, 4518.46
123628, 4705.64
123636, 4688.72
123643, 4441.54
123651, 4140.51
123659, 3990.26
123667, 4064.62
123675, 4278.46
123682, 4527.69
123690, 4709.23
123698, 4690.26
123706, 4449.23
123714, 4137.95
123722, 3983.08
123729, 4061.03
123737, 4283.08
123745, 4536.41
123753, 4704.62
123761, 4672.82
123769, 4428.72
123776, 4142.05
123784, 4004.1
123792, 4057.95
123800, 4271.28
123808, 4535.9
123815, 4711.79
123823, 4685.64
123831, 4437.44
123839, 4136.92
123847, 3985.64
123855, 4054.87
123862, 4285.13
123870, 4535.9
123878, 4708.21
123886, 4682.05
123894, 4429.23
123901, 4134.87
123909, 3986.15
123917, 4059.49
123925, 4293.33
123933, 4534.36
123941, 4707.18
123948, 4684.62
123956, 4425.13
123964, 4133.85
123972, 3992.82
123980, 4066.15
123987, 4285.64
123995, 4543.59
124003, 4737.44
124011, 4686.67
124019, 4415.38
124027, 4130.26
124034, 3982.56
124042, 4063.08
124050, 4292.82
124058, 4535.9
124066, 4712.82
124073, 4683.08
124081, 4431.28
124089, 4130.77
124097, 3974.36
124105, 4064.1
124113, 4297.95
124120, 4543.08
124128, 4714.36
124136, 4675.38
124144, 4422.05
124152, 4123.59
124159, 3984.1
124167, 4069.74
124175, 4288.21
124183, 4546.67
124191, 4720
124199, 4672.82
124206, 4425.64
124214, 4144.62
124222, 3996.92
124230, 4054.87
124238, 4288.21
124246, 4561.03
124253, 4713.85
124261, 4661.03
124269, 4416.92
124277, 4123.08
124285, 3981.03
124292, 4065.64
124300, 4300.51
124308, 4547.18
124316, 4705.13
124324, 4678.97
124332, 4423.59
124339, 4116.92
124347, 3981.54
124355, 4067.69
124363, 4296.92
124371, 4545.13
124378, 4716.41
124386, 4678.97
124394, 4413.33
124402, 4126.15
124410, 3995.9
124418, 4068.72
124425, 4288.21
124433, 4528.21
124441, 4604.1
124449, 4445.13
124457, 4306.67
124464, 4356.41
124472, 4382.05
124480, 4339.49
124488, 4346.15
124496, 4347.69
124504, 4343.59
124511, 4349.74
124519, 4347.18
124527, 4352.31
124535, 4354.36
124543, 4358.97
124551, 4351.79
124558, 4349.23
124566, 4369.23
124574, 4358.46
124582, 4340
124590, 4347.69
124597, 4356.41
124605, 4356.41
124613, 4345.64
124621, 4352.31
124629, 4374.36
124636, 4371.79
124644, 4351.79
124652, 4339.49
124660, 4349.23
124668, 4358.46
124676, 4358.97
124683, 4361.54
124691, 4352.82
124699, 4354.36
124707, 4362.56
124715, 4353.33
124722, 4352.82
124730, 4346.15
124738, 4342.56
124746, 4357.95
124754, 4353.85
124762, 4353.33
124769, 4354.87
124777, 4344.1
124785, 4350.77
124793, 4352.31
124801, 4347.69
124808, 4350.26
124816, 4361.03
124824, 4367.69
124832, 4352.82
124840, 4355.9
124848, 4370.77
124855, 4356.41
124863, 4342.56
124871, 4342.05
124879, 4348.72
124887, 4357.95
124895, 4353.85
124902, 4357.95
124910, 4361.03
124918, 4355.9
124926, 4354.87
124934, 4346.67
124941, 4356.92
124949, 4364.62
124957, 4350.26
124965, 4350.77
124973, 4353.33
124981, 4352.82
124988, 4349.23
124996, 4347.18
125004, 4355.38
125012, 4348.72
125020, 4352.82
125027, 4363.59
125035, 4348.72
125043, 4355.38
125051, 4369.23
125059, 4354.87
125067, 4343.59
125074, 4351.28
125082, 4362.56
125090, 4352.82
125098, 4347.69
125112, 4358.46
125113, 4348.72
125121, 4348.72
125129, 4359.49
125137, 4357.44
125145, 4357.95
125153, 4357.44
125160, 4361.03
125168, 4356.41
125176, 4344.62
125184, 4350.26
125192, 4350.77
125200, 4349.74
125207, 4352.82
125215, 4350.77
125223, 4358.97
125231, 4356.41
125239, 4347.69
125246, 4356.41
125254, 4364.1
125262, 4362.56
125270, 4346.15
125278, 4342.56
125285, 4358.46
125293, 4352.82
125301, 4350.26
125309, 4355.9, estimuli
125317, 4352.82
125325, 4351.28
125332, 4340
125340, 4353.85
125348, 4375.38
125356, 4353.33
125364, 4333.33
125372, 4349.23
125379, 4369.23
125387, 4357.95
125395, 4340
125403, 4356.92
125411, 4358.46
125418, 4338.46
125426, 4351.79
125434, 4371.28
125442, 4370.26
125450, 4443.08
125458, 4566.67
125465, 4495.38
125473, 4182.05
125481, 3972.82
125489, 4049.74
125497, 4268.72
125504, 4517.95
125512, 4696.41
125520, 4687.18
125528, 4467.18
125536, 4157.95
125544, 3982.56
125551, 4042.56
125559, 4272.82
125567, 4524.62
125575, 4696.92
125583, 4696.41
125590, 4470.77
125598, 4165.13
125606, 3983.08
125614, 4029.23
125622, 4265.13
125630, 4520.51
125637, 4699.49
125645, 4698.97
125653, 4457.95
125661, 4158.46
125669, 3992.82
125677, 4046.15
125684, 4277.44
125692, 4524.62
125700, 4700.51
125708, 4694.36
125716, 4458.97
125723, 4160
125731, 3983.59
125739, 4035.38
125747, 4259.49
125755, 4509.23
125763, 4708.72
125770, 4706.15
125778, 4457.95
125786, 4148.72
125794, 3976.41
125802, 4049.23
125809, 4275.38
125817, 4522.56
125825, 4708.72
125833, 4686.67
125841, 4451.28
125848, 4162.56
125856, 3990.26
125864, 4045.13
125872, 4265.64
125880, 4534.87
125888, 4722.05
125895, 4680.51
125903, 4440
125911, 4152.31
125919, 3987.69
125927, 4045.64
125935, 4269.23
125942, 4532.31
125950, 4704.1
125958, 4678.46
125966, 4454.87
125974, 4165.64
125981, 3995.38
125989, 4044.62
125997, 4273.85
126005, 4536.41
126013, 4702.56
126021, 4683.08
126028, 4446.15
126036, 4141.54
126044, 3985.13
126052, 4047.18
126060, 4279.49
126067, 4534.87
126075, 4700
126083, 4696.41
126091, 4462.05
126099, 4140
126107, 3969.23
126114, 4046.15
126122, 4289.23
126130, 4532.82
126138, 4696.92
126146, 4684.62
126153, 4445.64
126161, 4145.13
126169, 3980.51
126177, 4051.79
126185, 4290.26
126193, 4536.92
126200, 4714.36
126208, 4685.64
126216, 4430.77
126224, 4143.59
126232, 3988.21
126239, 4059.49
126247, 4294.36
126255, 4536.92
126263, 4709.74
126271, 4684.1
126279, 4433.33
126286, 4137.44
126294, 3983.59
126302, 4050.77
126310, 4271.28
126318, 4538.46
126326, 4724.1
126333, 4674.36
126341, 4428.21
126349, 4142.56
126357, 3980
126365, 4053.85
126372, 4289.74
126380, 4549.74
126388, 4715.38
126396, 4669.23
126404, 4434.36
126412, 4148.72
126419, 3995.9
126427, 4051.28
126435, 4263.08
126443, 4535.9
126451, 4614.36
126458, 4441.54
126466, 4320.51
126474, 4361.54
126482, 4376.41
126490, 4338.46
126498, 4357.95
126505, 4362.05
126513, 4331.28
126521, 4344.1
126529, 4356.41
126537, 4351.79
126544, 4355.38
126552, 4348.72
126560, 4348.72
126568, 4356.92
126576, 4349.74
126584, 4348.21
126591, 4356.41
126599, 4361.54
126607, 4350.26
126615, 4344.1
126623, 4363.59
126630, 4353.33
126638, 4340
126646, 4362.05
126654, 4370.77
126662, 4359.49
126670, 4348.21
126677, 4347.18
126685, 4355.9
126693, 4357.44
126701, 4358.97
126709, 4349.74
126716, 4349.74
126724, 4358.97
126732, 4342.05
126740, 4342.56
126748, 4355.9
126756, 4351.28
126763, 4354.87
126771, 4351.28
126779, 4348.72
126787, 4357.44
126795, 4358.46
126802, 4361.54
126810, 4354.36
126818, 4348.72
126826, 4350.77
126834, 4342.56
126842, 4349.74
126849, 4355.9
126857, 4350.26
126865, 4352.82
126873, 4356.41
126881, 4359.49
126889, 4351.79
126896, 4350.77
126904, 4369.23
126912, 4362.05
126920, 4352.82
126928, 4357.95
126935, 4346.15
126943, 4340.51
126951, 4343.08
126959, 4345.64
126967, 4349.74
126975, 4352.31
126982, 4356.92
126990, 4350.26
126998, 4348.72
127006, 4355.38
127014, 4349.74
127021, 4354.36
127029, 4357.44
127037, 4351.79
127045, 4349.23
127053, 4345.13
127061, 4354.87
127068, 4358.97
127076, 4352.31
127084, 4358.97
127092, 4353.85
127100, 4348.72
127107, 4352.82
127115, 4360.51
127123, 4369.23
127131, 4346.67
127139, 4334.87
127147, 4352.82
127154, 4352.31
127162, 4353.33
127170, 4354.36
127178, 4346.67
127186, 4353.85
127193, 4358.97
127201, 4357.95
127209, 4354.36
127217, 4354.87
127225, 4359.49
127233, 4346.67
127240, 4347.69
127248, 4357.95
127256, 4355.38
127264, 4356.92
127272, 4354.87
127279, 4356.41
127287, 4355.9
127295, 4349.23
127303, 4355.38
127311, 4353.33
127319, 4362.56
127326, 4375.38
127334, 4352.31, estimuli
127342, 4345.13
127350, 4354.36
127358, 4348.21
127366, 4342.05
127373, 4349.74
127381, 4364.62
127389, 4358.46
127397, 4347.69
127405, 4359.49
127412, 4355.38
127420, 4344.1
127428, 4348.21
127436, 4354.36
127444, 4350.26
127452, 4338.97
127459, 4365.64
127467, 4371.79
127475, 4369.23
127483, 4502.56
127491, 4587.69
127498, 4375.38
127506, 4043.08
127514, 3966.15
127522, 4156.41
127530, 4381.03
127538, 4595.9
127545, 4733.33
127553, 4631.28
127561, 4341.54
127569, 4063.08
127577, 3981.03
127584, 4127.69
127592, 4366.15
127600, 4602.05
127608, 4732.31
127616, 4622.56
127624, 4338.97
127631, 4063.08
127639, 3981.03
127647, 4125.64
127655, 4370.77
127663, 4614.87
127670, 4734.87
127678, 4617.95
127686, 4335.9
127694, 4062.05
127702, 3976.41
127710, 4119.49
127717, 4374.36
127725, 4615.38
127733, 4734.87
127741, 4625.64
127749, 4326.67
127756, 4059.49
127764, 3996.41
127772, 4117.44
127780, 4356.92
127788, 4608.72
127796, 4730.26
127803, 4622.56
127811, 4330.77
127819, 4060
127827, 3982.05
127835, 4116.41
127843, 4371.28
127850, 4614.36
127858, 4741.54
127866, 4632.31
127874, 4328.72
127882, 4054.87
127889, 3968.72
127897, 4110.26
127905, 4376.41
127913, 4607.18
127921, 4725.13
127929, 4625.64
127936, 4334.36
127944, 4067.18
127952, 3991.28
127960, 4132.82
127968, 4375.38
127975, 4609.74
127983, 4733.85
127991, 4608.72
127999, 4316.92
128007, 4058.46
128014, 3986.67
128022, 4135.38
128030, 4373.33
128038, 4612.82
128046, 4742.05
128054, 4609.74
128061, 4314.36
128069, 4051.28
128077, 3977.95
128085, 4135.38
128093, 4383.08
128101, 4618.46
128108, 4734.87
128116, 4606.67
128124, 4314.87
128132, 4051.79
128140, 3987.69
128147, 4132.82
128155, 4377.44
128163, 4639.49
128171, 4750.77
128179, 4592.82
128187, 4298.97
128194, 4056.41
128202, 3985.64
128210, 4120.51
128218, 4387.18
128226, 4633.33
128233, 4726.15
128241, 4607.69
128249, 4321.54
128257, 4051.28
128265, 3978.97
128273, 4122.56
128280, 4388.72
128288, 4631.28
128296, 4728.21
128304, 4605.13
128312, 4314.87
128319, 4050.26
128327, 3973.85
128335, 4124.62
128343, 4399.49
128351, 4628.21
128359, 4722.05
128366, 4609.23
128374, 4322.56
128382, 4054.36
128390, 3974.36
128398, 4125.13
128405, 4390.26
128413, 4622.56
128421, 4732.31
128429, 4600.51
128437, 4304.62
128445, 4062.56
128452, 3992.82
128460, 4115.38
128468, 4374.87
128476, 4603.08
128484, 4575.9
128492, 4368.21
128499, 4314.87
128507, 4382.05
128515, 4356.92
128523, 4323.08
128531, 4338.97
128538, 4350.26
128546, 4358.46
128554, 4348.21
128562, 4349.23
128570, 4358.97
128578, 4361.54
128585, 4355.9
128593, 4345.13
128601, 4354.87
128609, 4349.74
128617, 4345.13
128624, 4367.18
128632, 4363.59
128640, 4353.85
128648, 4351.28
128656, 4348.21
128664, 4357.44
128671, 4357.44
128679, 4352.31
128687, 4347.69
128695, 4344.1
128703, 4351.28
128710, 4347.69
128718, 4348.21
128726, 4361.54
128734, 4359.49
128742, 4349.23
128750, 4343.08
128757, 4353.85
128765, 4360.51
128773, 4348.21
128781, 4360.51
128789, 4362.56
128796, 4344.1
128804, 4346.15
128812, 4347.18
128820, 4352.31
128828, 4354.36
128836, 4350.26
128843, 4359.49
128851, 4358.97
128859, 4356.41
128867, 4352.82
128875, 4349.23
128882, 4356.41
128890, 4351.79
128898, 4355.38
128906, 4365.64
128914, 4357.95
128922, 4353.85
128929, 4345.64
128937, 4344.62
128945, 4353.85
128953, 4348.21
128961, 4350.77
128968, 4350.26
128976, 4347.69
128984, 4368.21
128992, 4366.15
129000, 4343.59
129008, 4338.97
129015, 4354.36
129023, 4361.54
129031, 4348.21
129039, 4357.44
129047, 4361.54
129055, 4344.62
129062, 4352.31
129070, 4356.92
129078, 4355.9
129086, 4352.82
129094, 4347.18
129101, 4360
129109, 4355.9
129117, 4343.08
129125, 4350.26
129133, 4345.64
129141, 4343.08
129148, 4349.23
129156, 4354.36
129164, 4357.95
129172, 4351.79
129180, 4360
129187, 4368.21
129195, 4362.05
129203, 4356.41
129211, 4338.97
129219, 4343.59
129227, 4360.51
129234, 4351.79
129242, 4349.74
129250, 4354.36
129258, 4357.44
129266, 4357.95
129273, 4350.26
129281, 4356.92
129289, 4360.51
129297, 4352.31
129305, 4346.15
129313, 4348.21
129320, 4366.67
129328, 4356.92
129336, 4338.97
129344, 4357.95
129352, 4361.03
129359, 4349.74
129367, 4350.77, estimuli
129375, 4361.54
129383, 4365.13
129391, 4347.18
129399, 4354.87
129406, 4369.74
129414, 4350.26
129422, 4343.08
129430, 4349.23
129438, 4355.9
129446, 4363.59
129453, 4357.44
129461, 4351.79
129469, 4346.67
129477, 4346.67
129485, 4358.46
129492, 4361.03
129500, 4351.79
129508, 4411.79
129516, 4559.49
129524, 4543.59
129531, 4236.41
129539, 3982.05
129547, 4030.26
129555, 4229.74
129563, 4456.92
129571, 4661.54
129578, 4720
129586, 4535.9
129594, 4215.9
129602, 4012.82
129610, 4036.41
129618, 4218.97
129625, 4449.74
129633, 4654.36
129641, 4717.44
129649, 4528.72
129657, 4218.46
129664, 4004.62
129672, 4012.31
129680, 4222.56
129688, 4465.13
129696, 4657.44
129704, 4724.1
129711, 4534.87
129719, 4213.33
129727, 3994.87
129735, 4006.67
129743, 4220.51
129750, 4470.26
129758, 4672.31
129766, 4717.44
129774, 4510.26
129782, 4207.69
129790, 4006.15
129797, 4014.36
129805, 4217.44
129813, 4480.51
129821, 4689.23
129829, 4710.26
129836, 4507.18
129844, 4217.44
129852, 4001.03
129860, 4015.38
129868, 4222.05
129876, 4470.26
129883, 4677.95
129891, 4707.69
129899, 4511.79
129907, 4214.87
129915, 4004.62
129922, 4021.54
129930, 4218.46
129938, 4473.85
129946, 4683.59
129954, 4710.26
129962, 4512.31
129969, 4209.74
129977, 4001.54
129985, 4019.49
129993, 4221.54
130001, 4486.15
130009, 4681.03
130016, 4701.03
130024, 4518.46
130032, 4218.46
130040, 3993.33
130048, 3998.46
130055, 4220
130063, 4488.72
130071, 4673.85
130079, 4711.79
130087, 4520.51
130094, 4200
130102, 3993.85
130110, 4016.92
130118, 4227.69
130126, 4487.18
130134, 4681.54
130141, 4717.95
130149, 4510.77
130157, 4195.38
130165, 3992.31
130173, 4008.21
130181, 4224.62
130188, 4487.18
130196, 4683.08
130204, 4715.9
130212, 4509.74
130220, 4198.46
130227, 3989.74
130235, 4023.08
130243, 4244.62
130251, 4476.92
130259, 4675.38
130267, 4720.51
130274, 4501.54
130282, 4188.21
130290, 3990.26
130298, 4019.49
130306, 4233.33
130313, 4490.26
130321, 4696.41
130329, 4712.31
130337, 4495.9
130345, 4198.97
130353, 3991.79
130360, 4015.38
130368, 4228.72
130376, 4484.1
130384, 4688.72
130392, 4708.21
130399, 4496.92
130407, 4191.79
130415, 3994.36
130423, 4021.54
130431, 4224.62
130439, 4502.05
130446, 4706.15
130454, 4696.92
130462, 4481.54
130470, 4192.31
130478, 4010.26
130485, 4022.05
130493, 4202.05
130501, 4489.74
130509, 4632.82
130517, 4492.31
130525, 4328.21
130532, 4341.03
130540, 4386.67
130548, 4342.56
130556, 4329.74
130564, 4355.9
130571, 4349.23
130579, 4359.49
130587, 4368.21
130595, 4358.97
130603, 4354.36
130611, 4349.23
130618, 4353.85
130626, 4361.54
130634, 4355.9
130642, 4347.18
130650, 4340.51
130658, 4357.95
130665, 4366.67
130673, 4345.64
130681, 4345.13
130689, 4349.74
130697, 4346.15
130704, 4352.31
130712, 4349.74
130720, 4352.82
130728, 4360.51
130736, 4362.05
130744, 4357.44
130751, 4345.13
130759, 4349.74
130767, 4351.79
130775, 4346.67
130783, 4358.97
130790, 4361.54
130798, 4357.44
130806, 4351.28
130814, 4344.62
130822, 4351.79
130830, 4348.21
130837, 4349.74
130845, 4357.44
130853, 4350.26
130861, 4361.54
130869, 4360
130876, 4343.59
130884, 4344.62
130892, 4350.77
130900, 4361.03
130908, 4354.36
130916, 4342.56
130923, 4350.26
130931, 4351.79
130939, 4355.9
130947, 4358.97
130955, 4355.38
130962, 4356.41
130970, 4352.31
130978, 4352.82
130986, 4353.33
130994, 4351.28
131002, 4363.59
131009, 4354.87
131017, 4346.67
131025, 4355.9
131033, 4358.97
131041, 4360
131048, 4345.64
131056, 4349.23
131064, 4372.82
131072, 4363.08
131080, 4349.23
131088, 4344.62
131095, 4345.13
131103, 4356.41
131111, 4353.33
131119, 4351.28
131127, 4353.85
131135, 4353.85
131142, 4356.41
131150, 4347.69
131158, 4352.31
131166, 4358.46
131174, 4347.18
131181, 4352.82
131189, 4351.28
131197, 4346.67
131205, 4359.49
131213, 4360.51
131221, 4358.46
131228, 4353.33
131236, 4352.31
131244, 4351.28
131252, 4338.97
131260, 4352.82
131267, 4371.79
131275, 4362.05
131283, 4348.72
131291, 4345.64
131299, 4355.9
131307, 4350.26
131314, 4343.08
131322, 4357.95
131330, 4354.36
131338, 4351.79
131346, 4358.97
131353, 4354.87
131361, 4358.46
131369, 4354.36
131377, 4353.85
131385, 4360
131393, 4349.23
131400, 4351.28
131408, 4359.49, estimuli
131416, 4360
131424, 4352.82
131432, 4343.59
131439, 4351.28
131447, 4350.77
131455, 4350.26
131463, 4360.51
131471, 4357.95
131479, 4363.59
131486, 4357.95
131494, 4343.08
131502, 4352.82
131510, 4347.69
131518, 4342.56
131525, 4364.1
131533, 4371.28
131541, 4355.38
131549, 4419.49
131557, 4574.36
131565, 4537.95
131572, 4209.23
131580, 3968.21
131588, 4047.18
131596, 4267.69
131604, 4488.21
131611, 4672.82
131619, 4713.33
131627, 4509.23
131635, 4179.49
131643, 3973.33
131651, 4019.49
131658, 4256.41
131666, 4499.49
131674, 4673.33
131682, 4709.23
131690, 4509.74
131698, 4196.41
131705, 3982.56
131713, 4009.23
131721, 4245.64
131729, 4504.1
131737, 4693.85
131744, 4718.46
131752, 4496.41
131760, 4186.67
131768, 3988.72
131776, 4023.59
131783, 4247.69
131791, 4495.38
131799, 4691.79
131807, 4710.77
131815, 4486.15
131823, 4176.92
131830, 3982.05
131838, 4030.77
131846, 4250.26
131854, 4497.44
131862, 4698.46
131870, 4707.18
131877, 4481.03
131885, 4171.79
131893, 3987.18
131901, 4052.31
131909, 4258.97
131916, 4488.72
131924, 4689.23
131932, 4708.21
131940, 4482.56
131948, 4170.77
131956, 3994.36
131963, 4042.05
131971, 4241.54
131979, 4503.59
131987, 4701.54
131995, 4698.97
132002, 4478.46
132010, 4176.92
132019, 3997.44
132026, 4030.26
132034, 4235.9
132042, 4508.21
132049, 4700
132057, 4696.41
132065, 4476.41
132073, 4173.33
132081, 3990.77
132088, 4028.72
132096, 4248.21
132104, 4512.31
132112, 4705.64
132120, 4721.03
132128, 4481.03
132135, 4153.33
132143, 3981.03
132151, 4035.9
132159, 4260.51
132167, 4511.28
132174, 4689.23
132182, 4697.95
132190, 4478.97
132198, 4180.51
132206, 3990.77
132214, 4029.74
132221, 4265.64
132229, 4517.95
132237, 4700.51
132245, 4706.67
132253, 4471.79
132261, 4166.67
132268, 3985.13
132276, 4030.77
132284, 4251.28
132292, 4502.56
132300, 4700.51
132307, 4702.56
132315, 4467.69
132323, 4162.56
132331, 3981.03
132339, 4043.59
132347, 4261.54
132354, 4506.15
132362, 4708.72
132370, 4705.64
132378, 4466.67
132386, 4161.54
132393, 3986.15
132401, 4048.21
132409, 4263.08
132417, 4518.46
132425, 4709.74
132433, 4692.31
132440, 4461.54
132448, 4166.15
132456, 3991.79
132464, 4041.54
132472, 4255.38
132479, 4517.95
132492, 4703.08
132498, 4688.72
132505, 4463.59
132511, 4166.15
132519, 4000.51
132529, 4035.38
132536, 4235.9
132546, 4521.54
132551, 4628.21
132558, 4466.67
132565, 4318.46
132573, 4350.26
132581, 4388.21
132589, 4340
132597, 4335.38
132605, 4354.36
132612, 4348.21
132620, 4352.82
132628, 4345.13
132636, 4349.74
132644, 4363.59
132651, 4352.31
132659, 4352.31
132667, 4360
132675, 4355.38
132683, 4353.33
132691, 4346.15
132698, 4347.69
132706, 4350.77
132714, 4348.21
132722, 4349.74
132730, 4343.08
132738, 4349.74
132745, 4355.38
132753, 4347.18
132761, 4357.44
132769, 4363.59
132777, 4366.15
132784, 4365.13
132792, 4349.23
132800, 4348.72
132808, 4346.15
132816, 4342.56
132824, 4353.85
132831, 4352.31
132839, 4353.85
132847, 4357.95
132855, 4357.44
132863, 4357.95
132870, 4352.31
132878, 4353.85
132886, 4346.67
132894, 4342.05
132902, 4362.05
132910, 4357.44
132917, 4344.62
132925, 4352.82
132933, 4353.85
132941, 4350.77
132949, 4347.18
132956, 4348.21
132964, 4352.82
132972, 4357.95
132980, 4367.18
132988, 4352.31
132996, 4345.64
133003, 4356.92
133011, 4353.33
133019, 4358.97
133027, 4354.87
133035, 4340.51
133042, 4351.79
133050, 4357.44
133058, 4360
133066, 4353.85
133074, 4345.64
133082, 4363.08
133089, 4362.05
133097, 4345.64
133105, 4343.59
133113, 4349.74
133121, 4360
133128, 4352.82
133136, 4352.31
133144, 4360.51
133152, 4353.85
133160, 4353.33
133168, 4353.33
133175, 4349.23
133183, 4357.95
133191, 4366.15
133199, 4365.13
133207, 4346.67
133214, 4344.1
133222, 4363.08
133230, 4353.33
133238, 4346.67
133246, 4352.31
133254, 4348.21
133261, 4353.33
133269, 4354.87
133277, 4361.03
133285, 4358.97
133293, 4345.64
133300, 4354.36
133308, 4356.41
133316, 4351.79
133324, 4352.31
133332, 4347.18
133340, 4359.49
133347, 4363.08
133355, 4352.82
133363, 4350.77
133371, 4345.13
133379, 4347.18
133387, 4353.85
133394, 4366.15
133402, 4372.31
133410, 4347.69
133418, 4343.08
133426, 4354.36
133433, 4348.72
133441, 4347.69
133449, 4350.26
133457, 4356.41, estimuli
133465, 4354.36
133473, 4347.69
133480, 4361.03
133488, 4361.03
133496, 4353.33
133504, 4350.77
133512, 4348.21
133519, 4355.9
133527, 4348.21
133535, 4343.59
133543, 4363.08
133551, 4358.97
133559, 4348.72
133566, 4344.1
133574, 4351.79
133582, 4376.41
133590, 4371.79
133598, 4428.72
133605, 4569.23
133613, 4545.13
133621, 4247.18
133629, 3968.21
133637, 4011.79
133645, 4226.15
133652, 4436.92
133660, 4654.87
133668, 4727.18
133676, 4552.31
133684, 4237.95
133692, 3993.33
133699, 4004.62
133707, 4207.18
133715, 4451.79
133723, 4665.13
133731, 4722.56
133738, 4543.08
133746, 4231.79
133754, 4005.13
133762, 4011.28
133770, 4201.54
133777, 4458.46
133785, 4667.18
133793, 4711.79
133801, 4546.67
133809, 4246.67
133817, 4007.18
133824, 3997.44
133832, 4197.95
133840, 4459.49
133848, 4657.95
133856, 4715.38
133864, 4545.13
133871, 4229.74
133879, 4006.15
133887, 4006.67
133895, 4207.18
133903, 4466.67
133910, 4661.03
133918, 4720
133926, 4547.69
133934, 4229.23
133942, 4001.54
133950, 4002.05
133957, 4208.72
133965, 4463.08
133973, 4662.56
133981, 4726.67
133989, 4541.54
133996, 4217.95
134004, 3997.95
134012, 4020
134020, 4221.03
134028, 4452.31
134035, 4670.77
134043, 4736.41
134051, 4529.23
134059, 4222.05
134067, 4006.67
134075, 4006.15
134082, 4212.31
134090, 4470.26
134098, 4685.64
134106, 4727.69
134114, 4522.56
134122, 4212.31
134129, 3993.33
134137, 4009.23
134145, 4210.26
134153, 4462.56
134161, 4680.51
134168, 4718.97
134176, 4530.26
134184, 4226.67
134192, 3990.26
134200, 4000
134208, 4214.36
134215, 4485.64
134223, 4693.33
134231, 4711.79
134239, 4514.87
134247, 4213.85
134254, 3997.44
134262, 4007.18
134270, 4212.82
134278, 4481.54
134286, 4683.08
134294, 4708.72
134301, 4520
134309, 4219.49
134317, 4006.15
134325, 4008.72
134333, 4207.18
134340, 4477.44
134348, 4681.03
134356, 4716.41
134364, 4522.05
134372, 4210.77
134380, 4002.56
134387, 4011.79
134395, 4214.87
134403, 4474.36
134411, 4672.82
134419, 4724.1
134427, 4530.26
134434, 4205.13
134442, 3987.69
134450, 4007.18
134458, 4226.15
134466, 4476.41
134473, 4672.31
134481, 4719.49
134489, 4517.95
134497, 4210.26
134505, 4000
134513, 4014.87
134520, 4228.21
134528, 4476.92
134536, 4681.03
134544, 4718.46
134552, 4511.79
134559, 4220
134567, 4021.03
134575, 4014.87
134583, 4197.44
134591, 4468.21
134599, 4626.67
134606, 4503.59
134614, 4322.05
134622, 4341.03
134630, 4385.64
134638, 4339.49
134645, 4323.08
134653, 4349.23
134661, 4367.69
134669, 4363.08
134677, 4343.59
134685, 4336.41
134692, 4343.59
134700, 4355.38
134708, 4353.85
134716, 4354.87
134724, 4355.9
134731, 4353.33
134739, 4359.49
134747, 4349.74
134755, 4346.67
134763, 4356.41
134771, 4355.9
134778, 4361.54
134786, 4352.31
134794, 4346.15
134802, 4362.56
134810, 4358.46
134817, 4350.77
134826, 4352.31
134833, 4358.97
134842, 4364.62
134849, 4348.21
134857, 4342.56
134864, 4346.67
134872, 4346.67
134880, 4355.9
134888, 4356.41
134896, 4355.9
134903, 4360.51
134911, 4353.85
134919, 4353.33
134927, 4354.87
134935, 4356.92
134943, 4357.44
134950, 4351.79
134958, 4358.46
134966, 4353.33
134974, 4345.13
134982, 4361.03
134990, 4358.46
134997, 4347.69
135005, 4346.67
135013, 4356.92
135021, 4364.1
135029, 4347.18
135036, 4356.41
135044, 4371.28
135052, 4349.23
135060, 4341.54
135068, 4347.69
135076, 4352.82
135083, 4354.36
135091, 4349.23
135099, 4352.31
135107, 4352.82
135115, 4357.44
135122, 4359.49
135130, 4347.18
135138, 4356.41
135146, 4364.1
135154, 4351.28
135162, 4347.69
135169, 4353.85
135177, 4360
135185, 4351.28
135193, 4343.59
135201, 4355.9
135208, 4355.38
135216, 4354.87
135224, 4354.36
135232, 4348.21
135240, 4367.18
135248, 4374.87
135255, 4349.74
135263, 4335.9
135271, 4350.26
135279, 4364.62
135287, 4349.74
135294, 4347.69
135302, 4358.97
135310, 4348.72
135318, 4349.74
135326, 4357.95
135334, 4360.51
135341, 4362.56
135349, 4351.79
135357, 4353.33
135365, 4358.97
135373, 4350.26
135380, 4345.64
135388, 4348.72
135396, 4364.1
135404, 4365.13
135412, 4348.72
135420, 4358.46
135427, 4357.95
135435, 4348.72
135443, 4357.95
135451, 4361.03
135459, 4364.1, estimuli
135467, 4357.44
135474, 4347.69
135482, 4350.77
135490, 4353.85
135498, 4365.13
135506, 4358.46
135513, 4343.08
135521, 4348.21
135529, 4349.74
135537, 4353.33
135545, 4358.46
135553, 4355.9
135560, 4355.38
135568, 4346.15
135576, 4366.15
135584, 4382.56
135592, 4354.36
135599, 4433.33
135607, 4580
135615, 4506.67
135623, 4178.97
135631, 3958.46
135639, 4061.03
135646, 4272.31
135654, 4492.82
135662, 4711.79
135670, 4719.49
135678, 4469.23
135685, 4154.87
135693, 3983.59
135701, 4043.08
135709, 4254.87
135717, 4505.64
135725, 4695.38
135732, 4699.49
135740, 4483.08
135748, 4172.31
135756, 3986.15
135764, 4038.97
135771, 4259.49
135779, 4515.38
135787, 4695.9
135795, 4696.92
135803, 4474.87
135811, 4164.62
135818, 3988.72
135826, 4041.03
135834, 4260
135842, 4515.9
135850, 4693.85
135857, 4695.38
135865, 4478.46
135873, 4177.44
135881, 4000.51
135889, 4043.59
135897, 4260.51
135904, 4503.08
135912, 4684.1
135920, 4702.56
135928, 4467.69
135936, 4150.77
135943, 3983.59
135951, 4044.62
135959, 4271.79
135967, 4513.33
135975, 4701.03
135983, 4712.82
135990, 4466.67
135998, 4147.69
136006, 3974.36
136014, 4045.13
136022, 4278.46
136030, 4515.38
136037, 4699.49
136045, 4705.13
136053, 4467.69
136061, 4149.74
136069, 3969.23
136076, 4054.36
136084, 4293.33
136092, 4516.92
136100, 4690.77
136108, 4690.77
136116, 4453.85
136123, 4147.69
136131, 3980.51
136139, 4050.26
136147, 4268.72
136155, 4521.03
136162, 4711.79
136171, 4691.28
136178, 4458.46
136186, 4157.95
136194, 3980.51
136202, 4047.69
136209, 4270.26
136217, 4523.08
136225, 4706.67
136233, 4689.23
136241, 4461.03
136248, 4158.46
136256, 3978.46
136264, 4036.92
136272, 4275.9
136280, 4550.26
136288, 4722.56
136295, 4690.26
136303, 4447.18
136311, 4143.59
136319, 3979.49
136327, 4039.49
136334, 4269.23
136342, 4529.23
136350, 4705.13
136358, 4700
136366, 4457.95
136374, 4137.44
136381, 3975.9
136389, 4047.18
136397, 4276.41
136405, 4526.67
136413, 4710.26
136421, 4704.62
136428, 4457.44
136436, 4152.82
136444, 3982.05
136452, 4043.59
136460, 4285.13
136467, 4522.56
136475, 4696.92
136483, 4708.21
136491, 4462.56
136499, 4144.1
136506, 3974.87
136514, 4048.21
136522, 4285.13
136530, 4522.05
136538, 4704.62
136546, 4699.49
136553, 4448.72
136561, 4142.56
136569, 3978.97
136577, 4038.46
136585, 4262.05
136593, 4530.26
136600, 4623.59
136608, 4457.95
136616, 4318.97
136624, 4352.31
136632, 4370.77
136639, 4338.97
136647, 4347.18
136655, 4358.97
136663, 4351.79
136671, 4350.26
136679, 4357.44
136686, 4349.23
136694, 4344.1
136702, 4369.74
136710, 4371.79
136718, 4347.69
136725, 4335.9
136733, 4348.21
136741, 4359.49
136749, 4349.23
136757, 4351.79
136765, 4359.49
136772, 4355.9
136780, 4352.31
136788, 4345.13
136796, 4356.41
136804, 4361.03
136811, 4348.72
136819, 4353.33
136827, 4354.87
136835, 4353.85
136843, 4350.77
136851, 4343.08
136858, 4353.85
136866, 4356.92
136874, 4353.33
136882, 4353.33
136890, 4349.74
136897, 4361.54
136905, 4356.92
136913, 4350.26
136921, 4365.64
136929, 4350.77
136937, 4338.97
136944, 4350.77
136952, 4358.46
136960, 4359.49
136968, 4350.77
136976, 4360
136984, 4364.62
136991, 4348.21
136999, 4348.21
137007, 4350.26
137015, 4352.82
137023, 4357.95
137030, 4351.79
137038, 4352.82
137046, 4352.82
137054, 4352.31
137062, 4354.36
137070, 4348.21
137077, 4355.38
137085, 4356.92
137093, 4350.77
137101, 4353.33
137109, 4354.36
137116, 4360.51
137124, 4357.44
137132, 4361.54
137140, 4373.85
137148, 4353.85
137156, 4342.05
137163, 4342.05
137171, 4341.03
137179, 4362.05
137187, 4362.05
137195, 4345.13
137202, 4349.74
137210, 4356.41
137218, 4361.03
137226, 4355.9
137234, 4355.9
137242, 4358.97
137249, 4348.72
137257, 4351.28
137265, 4356.41
137273, 4356.41
137281, 4355.9
137288, 4346.67
137296, 4352.82
137304, 4356.92
137312, 4356.41
137320, 4364.1
137328, 4352.82
137335, 4352.31
137343, 4364.62
137351, 4356.41
137359, 4348.72
137367, 4345.64
137374, 4351.28
137382, 4357.95
137390, 4353.85
137398, 4355.38
137406, 4349.74
137414, 4353.85
137421, 4365.13
137429, 4347.18
137437, 4349.23
137445, 4362.56
137453, 4352.82
137461, 4353.33
137468, 4360, estimuli
137476, 4361.54
137485, 4353.85
137492, 4352.82
137500, 4361.54
137507, 4355.38
137515, 4353.85
137523, 4346.15
137531, 4334.87
137539, 4358.97
137547, 4375.38
137554, 4357.95
137562, 4341.03
137570, 4341.03
137578, 4354.87
137586, 4360
137593, 4368.21
137601, 4369.74
137609, 4435.38
137617, 4577.95
137625, 4517.44
137633, 4187.69
137640, 3963.59
137648, 4046.67
137656, 4267.18
137664, 4490.26
137672, 4687.69
137679, 4717.95
137687, 4492.82
137695, 4176.92
137703, 3992.82
137711, 4034.87
137719, 4251.28
137726, 4491.79
137734, 4688.72
137742, 4721.03
137750, 4490.26
137758, 4177.95
137765, 3996.92
137773, 4037.44
137781, 4243.59
137789, 4487.69
137797, 4703.59
137805, 4725.13
137812, 4478.97
137820, 4165.64
137828, 3990.77
137836, 4040.51
137844, 4247.69
137852, 4500
137859, 4710.26
137867, 4711.28
137875, 4475.38
137883, 4169.74
137891, 3981.03
137898, 4031.28
137906, 4247.18
137914, 4501.03
137922, 4706.67
137930, 4714.36
137938, 4486.15
137945, 4169.23
137953, 3980
137961, 4037.44
137969, 4261.54
137977, 4514.36
137984, 4689.74
137992, 4692.31
138000, 4484.62
138008, 4172.82
138016, 3988.72
138024, 4041.03
138031, 4249.74
138039, 4507.69
138047, 4701.03
138055, 4702.05
138063, 4477.44
138070, 4171.79
138078, 3993.33
138089, 4032.82
138099, 4247.69
138106, 4509.74
138110, 4702.05
138117, 4709.74
138125, 4474.36
138133, 4158.46
138141, 3987.18
138149, 4042.56
138156, 4269.74
138164, 4514.36
138172, 4695.9
138180, 4716.92
138188, 4481.54
138196, 4152.82
138203, 3974.36
138211, 4045.64
138219, 4277.44
138227, 4509.74
138235, 4693.85
138242, 4706.15
138250, 4462.05
138258, 4151.28
138266, 3985.13
138274, 4043.59
138282, 4260
138289, 4507.18
138297, 4708.21
138305, 4708.72
138313, 4463.08
138321, 4157.44
138329, 3985.13
138336, 4045.13
138344, 4260.51
138352, 4512.82
138360, 4719.49
138368, 4707.18
138375, 4458.46
138383, 4163.59
138391, 3998.97
138399, 4049.23
138407, 4256.92
138414, 4517.95
138422, 4713.33
138430, 4697.95
138438, 4467.18
138446, 4159.49
138454, 3978.97
138461, 4039.49
138469, 4263.59
138477, 4526.15
138485, 4707.69
138493, 4688.21
138500, 4453.85
138508, 4148.21
138516, 3986.15
138524, 4043.59
138532, 4265.13
138540, 4541.03
138547, 4717.95
138555, 4686.67
138563, 4452.31
138571, 4156.92
138579, 3994.36
138586, 4031.28
138594, 4249.74
138602, 4540
138610, 4634.36
138618, 4457.95
138626, 4302.05
138633, 4347.18
138641, 4387.18
138649, 4335.38
138657, 4340
138665, 4357.44
138673, 4353.33
138680, 4358.46
138688, 4344.1
138696, 4349.74
138704, 4358.46
138712, 4351.28
138719, 4356.41
138727, 4357.44
138735, 4355.9
138743, 4352.31
138751, 4344.1
138759, 4350.77
138766, 4351.79
138774, 4353.33
138782, 4355.9
138790, 4345.13
138798, 4352.82
138805, 4365.64
138813, 4364.1
138821, 4354.36
138829, 4344.1
138837, 4352.82
138845, 4353.33
138852, 4352.82
138860, 4362.05
138868, 4348.21
138876, 4344.1
138884, 4353.85
138891, 4356.92
138899, 4357.44
138907, 4347.69
138915, 4351.79
138923, 4361.03
138931, 4350.77
138938, 4352.31
138946, 4350.26
138954, 4349.74
138962, 4361.03
138970, 4357.44
138977, 4346.15
138985, 4343.08
138993, 4358.46
139001, 4366.67
139009, 4356.41
139017, 4370.77
139024, 4369.23
139032, 4336.92
139040, 4337.95
139048, 4356.92
139056, 4361.54
139063, 4351.28
139071, 4355.38
139079, 4371.79
139087, 4354.87
139095, 4346.67
139103, 4354.36
139110, 4348.72
139118, 4353.33
139126, 4354.87
139134, 4352.82
139142, 4357.44
139150, 4357.44
139157, 4353.85
139165, 4342.56
139173, 4348.21
139181, 4362.05
139189, 4352.82
139196, 4355.9
139204, 4361.54
139212, 4359.49
139220, 4368.72
139228, 4354.36
139236, 4338.46
139243, 4346.67
139251, 4352.82
139259, 4353.85
139267, 4354.87
139275, 4363.08
139282, 4355.38
139290, 4346.15
139298, 4358.46
139306, 4353.33
139314, 4345.13
139322, 4354.87
139329, 4357.95
139337, 4358.46
139345, 4353.85
139353, 4356.41
139361, 4363.08
139368, 4353.33
139376, 4355.38
139384, 4355.9
139392, 4348.72
139400, 4353.33
139409, 4351.79
139415, 4357.95
139423, 4362.56
139431, 4356.41
139439, 4360
139447, 4349.23
139454, 4345.64
139462, 4353.85
139470, 4349.74
139478, 4354.36
139486, 4354.36, estimuli
139494, 4349.23
139501, 4348.21
139509, 4342.05
139517, 4352.31
139525, 4366.15
139533, 4365.13
139540, 4350.26
139548, 4339.49
139556, 4357.95
139564, 4357.95
139572, 4344.62
139580, 4355.38
139587, 4351.28
139595, 4349.74
139603, 4363.08
139611, 4376.41
139619, 4366.67
139627, 4388.72
139634, 4539.49
139642, 4591.28
139650, 4310.26
139658, 3985.13
139666, 3977.95
139673, 4193.85
139681, 4417.95
139689, 4628.21
139697, 4736.92
139705, 4593.85
139713, 4278.46
139720, 4023.59
139728, 3988.21
139736, 4174.36
139744, 4421.03
139752, 4633.85
139759, 4738.46
139767, 4589.23
139775, 4274.36
139783, 4020
139791, 3987.18
139799, 4175.9
139806, 4422.56
139814, 4645.13
139822, 4743.08
139831, 4581.54
139838, 4274.36
139845, 4030.77
139853, 3997.95
139861, 4166.15
139869, 4410.77
139877, 4648.72
139885, 4732.31
139892, 4571.28
139900, 4277.44
139908, 4025.13
139916, 3984.1
139924, 4165.64
139931, 4426.67
139939, 4651.79
139947, 4729.23
139955, 4581.54
139963, 4273.85
139971, 4018.46
139978, 4003.08
139986, 4178.97
139994, 4423.08
140002, 4646.15
140010, 4722.05
140017, 4574.87
140025, 4275.9
140033, 4023.08
140041, 3987.69
140049, 4175.38
140057, 4445.13
140064, 4638.46
140072, 4706.15
140080, 4581.54
140088, 4273.85
140096, 4010.77
140104, 3987.18
140111, 4175.9
140119, 4428.21
140127, 4648.21
140135, 4742.56
140143, 4583.08
140150, 4261.54
140158, 4018.46
140166, 3991.28
140174, 4178.46
140182, 4436.41
140190, 4647.18
140197, 4737.95
140205, 4580.51
140213, 4260.51
140221, 4013.33
140229, 3985.64
140236, 4181.03
140244, 4435.9
140252, 4645.64
140260, 4733.33
140268, 4575.38
140276, 4260.51
140283, 4003.08
140291, 3977.44
140299, 4188.21
140307, 4450.26
140315, 4656.92
140322, 4719.49
140330, 4555.9
140338, 4260.51
140346, 4012.82
140354, 3993.33
140362, 4189.23
140369, 4440
140377, 4663.59
140385, 4730.77
140393, 4555.38
140401, 4254.36
140408, 4020.51
140416, 4004.62
140424, 4183.59
140432, 4447.69
140440, 4676.92
140448, 4720
140455, 4544.62
140464, 4261.54
140471, 4024.62
140479, 3993.85
140487, 4176.92
140494, 4443.08
140502, 4657.95
140510, 4712.31
140518, 4553.33
140526, 4258.46
140534, 4022.56
140541, 3992.31
140549, 4171.28
140557, 4444.62
140565, 4659.49
140573, 4722.05
140580, 4568.72
140588, 4264.1
140596, 4023.08
140604, 3990.26
140612, 4162.56
140620, 4448.21
140627, 4617.44
140635, 4526.15
140643, 4350.26
140651, 4329.23
140659, 4383.59
140667, 4355.38
140674, 4345.13
140682, 4361.03
140690, 4342.56
140698, 4349.23
140706, 4353.33
140713, 4349.23
140721, 4347.69
140729, 4344.1
140737, 4361.03
140745, 4358.97
140753, 4346.15
140760, 4353.33
140768, 4356.41
140776, 4355.9
140784, 4349.74
140792, 4350.26
140799, 4360
140807, 4349.74
140815, 4346.67
140823, 4352.82
140831, 4358.46
140839, 4363.08
140846, 4349.74
140854, 4353.85
140862, 4365.64
140870, 4352.31
140878, 4349.74
140885, 4360.51
140893, 4370.26
140901, 4356.92
140909, 4332.82
140917, 4345.13
140925, 4357.95
140932, 4352.82
140940, 4350.77
140948, 4346.67
140956, 4357.44
140964, 4361.03
140971, 4353.33
140979, 4357.95
140987, 4354.87
140995, 4354.87
141003, 4352.31
141011, 4348.72
141018, 4364.1
141026, 4360.51
141034, 4345.13
141042, 4341.03
141050, 4350.77
141057, 4365.13
141065, 4357.95
141073, 4351.28
141081, 4359.49
141089, 4365.64
141097, 4364.62
141104, 4346.67
141112, 4346.15
141120, 4360.51
141128, 4350.77
141136, 4353.33
141143, 4358.97
141151, 4348.72
141159, 4349.23
141167, 4348.72
141175, 4355.38
141183, 4360
141190, 4354.36
141198, 4363.59
141206, 4357.44
141214, 4347.69
141222, 4353.33
141230, 4350.77
141237, 4352.82
141245, 4354.36
141253, 4357.44
141261, 4360
141269, 4354.36
141276, 4357.95
141284, 4350.26
141292, 4354.87
141300, 4377.95
141308, 4360.51
141316, 4336.92
141323, 4343.59
141331, 4356.92
141339, 4356.41
141347, 4346.15
141355, 4358.97
141362, 4361.54
141370, 4346.15
141378, 4350.77
141386, 4347.69
141394, 4350.26
141402, 4367.69
141409, 4366.67
141417, 4358.97
141425, 4353.33
141433, 4355.38
141441, 4354.87
141448, 4344.62
141456, 4353.33
141464, 4360
141472, 4353.33
141480, 4349.23
141488, 4347.18
141495, 4354.87
141503, 4353.33
141511, 4362.05, estimuli
141519, 4379.49
141527, 4350.77
141534, 4331.79
141542, 4344.62
141550, 4351.28
141558, 4354.87
141566, 4349.23
141574, 4353.85
141581, 4362.56
141589, 4351.79
141597, 4352.31
141605, 4357.95
141613, 4355.9
141621, 4348.21
141628, 4340.51
141636, 4362.56
141644, 4380
141652, 4368.72
141660, 4445.13
141667, 4574.36
141675, 4505.13
141683, 4177.44
141691, 3954.36
141699, 4056.92
141707, 4276.41
141714, 4513.85
141722, 4713.85
141730, 4704.62
141738, 4474.87
141746, 4155.9
141753, 3973.33
141761, 4046.15
141769, 4267.69
141777, 4505.13
141785, 4687.18
141793, 4703.08
141800, 4478.97
141808, 4157.95
141816, 3982.05
141824, 4039.49
141832, 4266.15
141839, 4520
141847, 4689.74
141855, 4699.49
141863, 4485.64
141871, 4165.13
141879, 3972.82
141886, 4036.92
141894, 4283.59
141902, 4527.18
141910, 4692.82
141918, 4713.33
141925, 4484.1
141933, 4151.28
141941, 3971.28
141949, 4042.56
141957, 4273.33
141965, 4507.18
141972, 4694.87
141980, 4710.77
141988, 4466.67
141996, 4151.79
142004, 3975.9
142011, 4037.44
142019, 4274.87
142027, 4525.13
142035, 4702.56
142043, 4697.95
142051, 4465.13
142058, 4152.31
142066, 3971.28
142074, 4048.21
142082, 4278.97
142090, 4518.46
142097, 4706.15
142105, 4696.41
142113, 4457.95
142121, 4150.77
142129, 3969.74
142137, 4049.74
142144, 4290.77
142152, 4533.33
142160, 4704.1
142168, 4684.62
142176, 4453.85
142183, 4149.74
142191, 3975.9
142199, 4045.64
142207, 4273.85
142215, 4532.31
142223, 4708.21
142230, 4690.26
142238, 4458.46
142246, 4149.23
142254, 3987.18
142262, 4055.9
142270, 4275.9
142277, 4535.38
142285, 4706.67
142293, 4680
142301, 4451.79
142309, 4150.77
142316, 3976.41
142324, 4037.44
142333, 4278.46
142341, 4546.67
142348, 4717.44
142356, 4694.36
142363, 4443.59
142371, 4138.97
142379, 3985.64
142387, 4042.56
142395, 4272.31
142402, 4542.05
142410, 4720.51
142418, 4688.21
142426, 4438.97
142434, 4153.85
142442, 3990.26
142449, 4043.59
142457, 4283.08
142465, 4534.36
142473, 4708.21
142481, 4693.85
142488, 4442.05
142496, 4139.49
142504, 3977.44
142512, 4052.31
142520, 4286.67
142528, 4531.79
142535, 4715.9
142543, 4693.85
142551, 4441.54
142559, 4143.59
142567, 3982.56
142574, 4053.33
142582, 4278.46
142590, 4531.28
142598, 4715.9
142606, 4682.56
142614, 4436.92
142621, 4144.1
142629, 3985.13
142637, 4049.74
142645, 4267.18
142653, 4535.38
142660, 4622.56
142668, 4444.1
142676, 4314.87
142684, 4360
142692, 4376.92
142700, 4333.85
142708, 4344.1
142715, 4362.56
142723, 4349.23
142731, 4353.33
142739, 4359.49
142747, 4349.23
142754, 4356.41
142762, 4361.03
142770, 4351.28
142778, 4348.21
142786, 4332.82
142793, 4342.56
142801, 4372.82
142809, 4362.05
142817, 4345.13
142825, 4352.82
142833, 4360
142840, 4348.72
142848, 4345.64
142856, 4360
142864, 4351.28
142872, 4343.08
142879, 4348.72
142887, 4350.77
142895, 4364.1
142903, 4361.03
142911, 4346.67
142919, 4350.77
142926, 4352.82
142934, 4356.41
142942, 4351.28
142950, 4346.15
142958, 4365.64
142965, 4363.59
142973, 4348.72
142981, 4343.08
142989, 4345.13
142997, 4355.9
143005, 4350.26
143012, 4353.33
143020, 4361.03
143028, 4351.28
143036, 4352.82
143044, 4355.9
143051, 4360
143059, 4360
143067, 4347.69
143075, 4358.97
143083, 4365.64
143091, 4350.77
143098, 4345.13
143106, 4348.72
143114, 4359.49
143122, 4352.31
143131, 4340.51
143137, 4354.87
143145, 4362.56
143153, 4356.92
143162, 4351.79
143169, 4362.56
143177, 4370.77
143184, 4348.21
143193, 4345.64
143201, 4363.08
143208, 4361.03
143216, 4358.46
143223, 4348.72
143231, 4345.64
143239, 4356.41
143247, 4352.31
143255, 4354.36
143263, 4357.44
143270, 4356.92
143278, 4360.51
143286, 4348.21
143294, 4349.23
143302, 4357.44
143309, 4351.79
143317, 4353.33
143325, 4359.49
143333, 4364.1
143341, 4356.41
143349, 4347.69
143356, 4357.44
143364, 4356.92
143372, 4359.49
143380, 4366.67
143388, 4357.95
143396, 4360
143403, 4355.38
143411, 4351.28
143419, 4361.54
143427, 4355.38
143435, 4351.28
143442, 4349.23
143450, 4346.15
143458, 4353.33
143466, 4348.21
143474, 4347.69
143482, 4352.31
143489, 4348.72
143497, 4349.74
143505, 4346.67
143513, 4353.33
143521, 4358.97
143528, 4353.33
143536, 4359.49
143544, 4354.87, estimuli
143552, 4352.82
143560, 4357.44
143568, 4350.77
143575, 4358.46
143583, 4369.74
143591, 4364.62
143599, 4348.21
143607, 4340
143614, 4358.97
143622, 4360.51
143630, 4347.18
143638, 4355.38
143646, 4351.28
143654, 4343.59
143661, 4353.33
143669, 4373.85
143677, 4370.26
143685, 4368.21
143693, 4491.79
143700, 4590.77
143708, 4398.97
143716, 4063.08
143724, 3965.64
143732, 4151.28
143740, 4375.9
143747, 4577.95
143755, 4731.28
143763, 4641.54
143771, 4324.1
143779, 4048.21
143787, 3999.49
143794, 4153.85
143802, 4364.62
143810, 4572.31
143818, 4719.49
143826, 4631.28
143833, 4351.79
143841, 4079.49
143849, 3985.64
143857, 4134.87
143865, 4375.38
143873, 4589.23
143880, 4715.38
143888, 4621.54
143896, 4342.05
143904, 4064.62
143912, 3983.59
143919, 4129.23
143927, 4365.64
143935, 4600
143943, 4727.18
143951, 4622.05
143959, 4341.03
143966, 4068.21
143974, 3984.1
143982, 4123.59
143990, 4381.03
143998, 4623.08
144005, 4720.51
144013, 4612.31
144021, 4344.62
144029, 4066.67
144037, 3975.9
144045, 4119.49
144052, 4378.46
144060, 4610.26
144068, 4716.92
144076, 4623.59
144084, 4345.13
144091, 4069.23
144099, 3987.69
144107, 4128.72
144115, 4379.49
144123, 4601.03
144131, 4713.85
144138, 4625.64
144146, 4342.05
144154, 4065.64
144162, 3982.05
144170, 4125.13
144177, 4376.92
144185, 4601.03
144193, 4728.21
144201, 4634.36
144209, 4336.92
144217, 4063.59
144224, 3977.95
144232, 4117.44
144240, 4372.31
144248, 4602.05
144256, 4722.56
144263, 4617.95
144271, 4332.82
144279, 4062.05
144287, 3981.54
144295, 4135.38
144303, 4378.46
144310, 4603.59
144318, 4729.23
144326, 4612.31
144334, 4323.08
144342, 4062.56
144349, 3991.79
144357, 4145.64
144365, 4384.1
144373, 4611.79
144381, 4731.28
144389, 4604.62
144396, 4320
144404, 4068.72
144412, 3994.87
144420, 4133.33
144428, 4378.46
144436, 4618.97
144443, 4723.59
144451, 4597.44
144459, 4321.54
144467, 4061.03
144475, 3985.13
144482, 4126.15
144490, 4379.49
144498, 4624.1
144506, 4721.03
144514, 4603.59
144522, 4328.21
144529, 4051.79
144537, 3976.92
144545, 4136.92
144553, 4397.44
144561, 4619.49
144568, 4713.33
144576, 4613.85
144584, 4335.38
144592, 4054.87
144600, 3980
144608, 4138.46
144615, 4401.54
144623, 4618.46
144631, 4711.28
144639, 4609.74
144647, 4321.03
144654, 4061.03
144662, 4000
144670, 4121.54
144678, 4380.51
144686, 4601.54
144694, 4575.38
144701, 4391.28
144709, 4315.9
144717, 4360
144725, 4343.08
144733, 4329.23
144740, 4365.64
144748, 4351.28
144756, 4349.74
144764, 4361.03
144772, 4351.79
144780, 4351.79
144787, 4346.15
144795, 4355.38
144803, 4361.03
144811, 4357.44
144819, 4364.1
144827, 4353.33
144834, 4352.82
144842, 4355.9
144850, 4344.1
144858, 4353.85
144866, 4355.38
144873, 4348.21
144881, 4355.9
144889, 4357.44
144897, 4361.03
144905, 4354.36
144912, 4347.18
144920, 4355.9
144928, 4349.74
144936, 4353.85
144944, 4362.56
144952, 4358.97
144959, 4355.9
144967, 4342.56
144975, 4354.36
144983, 4363.08
144991, 4342.05
144999, 4341.54
145006, 4348.72
145014, 4360.51
145022, 4364.1
145030, 4360
145038, 4368.72
145045, 4346.15
145053, 4334.87
145061, 4353.85
145069, 4356.92
145077, 4364.1
145085, 4357.95
145092, 4345.13
145100, 4349.74
145108, 4350.77
145116, 4357.44
145124, 4355.38
145131, 4347.18
145139, 4360
145147, 4360.51
145155, 4356.41
145163, 4352.31
145171, 4347.69
145178, 4355.9
145186, 4344.62
145194, 4343.08
145202, 4357.44
145210, 4355.38
145217, 4355.9
145225, 4351.28
145233, 4368.21
145241, 4374.36
145249, 4340
145257, 4338.46
145264, 4347.69
145272, 4348.21
145280, 4358.97
145288, 4356.92
145296, 4358.97
145303, 4359.49
145311, 4358.46
145319, 4363.59
145327, 4355.9
145335, 4356.92
145343, 4350.26
145350, 4343.59
145358, 4365.64
145366, 4357.44
145374, 4340.51
145382, 4343.59
145389, 4347.18
145397, 4358.97
145405, 4356.41
145413, 4352.82
145421, 4358.46
145429, 4358.97
145436, 4358.46
145444, 4346.67
145452, 4358.46
145460, 4369.23
145468, 4337.95
145476, 4342.05
145483, 4363.08
145491, 4355.9
145499, 4352.82
145507, 4351.79
145515, 4354.87
145522, 4348.72
145530, 4347.18
145538, 4356.41
145546, 4344.62
145554, 4353.33
145562, 4365.13
145569, 4353.85
145577, 4358.46
145585, 4355.38, estimuli
145593, 4350.77
145601, 4350.77
145608, 4347.18
145616, 4356.92
145624, 4352.82
145632, 4350.77
145640, 4358.97
145648, 4348.72
145655, 4356.41
145663, 4357.44
145671, 4349.74
145679, 4352.82
145687, 4345.13
145694, 4349.23
145702, 4353.85
145710, 4366.67
145718, 4370.77
145726, 4390.26
145734, 4545.64
145741, 4622.05
145749, 4343.59
145757, 3976.92
145765, 3932.31
145773, 4151.79
145781, 4394.36
145788, 4635.9
145796, 4789.74
145804, 4648.72
145812, 4293.33
145820, 3996.92
145827, 3936.92
145835, 4126.67
145843, 4397.44
145851, 4652.82
145859, 4802.05
145867, 4646.15
145874, 4284.1
145882, 3989.74
145890, 3938.46
145898, 4122.56
145906, 4389.23
145913, 4658.46
145921, 4792.82
145929, 4635.38
145937, 4296.92
145945, 3998.97
145952, 3939.49
145960, 4117.95
145968, 4395.9
145976, 4676.92
145984, 4789.74
145992, 4616.92
145999, 4275.9
146007, 3993.33
146015, 3948.21
146023, 4115.38
146031, 4395.38
146038, 4667.69
146046, 4774.36
146054, 4627.69
146062, 4289.74
146070, 3995.9
146078, 3951.79
146085, 4126.15
146093, 4398.46
146101, 4651.79
146109, 4773.85
146117, 4634.36
146125, 4283.08
146132, 3988.72
146140, 3931.28
146148, 4121.03
146156, 4420
146164, 4662.56
146171, 4779.49
146179, 4641.03
146187, 4285.13
146195, 3988.72
146203, 3930.26
146211, 4122.56
146218, 4415.38
146226, 4658.46
146234, 4781.54
146242, 4635.38
146250, 4280.51
146257, 3987.69
146265, 3931.28
146273, 4125.13
146281, 4410.26
146289, 4673.85
146297, 4803.08
146304, 4628.72
146312, 4276.41
146320, 3996.92
146328, 3934.36
146336, 4119.49
146343, 4403.08
146351, 4669.23
146359, 4795.38
146367, 4626.67
146375, 4271.28
146383, 3971.79
146390, 3930.26
146398, 4134.36
146406, 4412.82
146414, 4680.51
146422, 4788.21
146430, 4608.21
146437, 4269.74
146445, 3991.28
146453, 3947.69
146461, 4128.72
146469, 4407.69
146476, 4667.69
146484, 4765.13
146492, 4619.49
146500, 4292.82
146508, 3989.23
146516, 3937.95
146523, 4131.28
146531, 4420
146539, 4669.23
146547, 4763.08
146555, 4611.28
146562, 4276.41
146570, 3997.44
146578, 3948.21
146586, 4129.23
146594, 4420
146602, 4658.97
146609, 4753.33
146617, 4604.62
146625, 4267.18
146633, 3994.36
146641, 3955.38
146648, 4144.62
146656, 4427.69
146664, 4663.59
146672, 4766.15
146680, 4607.18
146688, 4263.08
146695, 4004.1
146703, 3967.69
146711, 4132.31
146719, 4406.67
146727, 4611.79
146734, 4560
146742, 4356.41
146750, 4317.95
146758, 4383.08
146766, 4351.79
146774, 4336.92
146781, 4352.82
146789, 4338.97
146797, 4345.13
146805, 4341.03
146813, 4346.67
146820, 4359.49
146828, 4356.92
146836, 4357.44
146844, 4345.13
146852, 4351.79
146860, 4353.33
146867, 4340.51
146875, 4348.21
146883, 4349.23
146891, 4354.36
146899, 4356.41
146906, 4347.69
146914, 4364.1
146923, 4360.51
146930, 4339.49
146938, 4340.51
146946, 4347.18
146953, 4351.28
146961, 4342.05
146969, 4347.18
146977, 4360.51
146985, 4345.13
146993, 4348.72
147000, 4349.23
147008, 4339.49
147016, 4355.38
147024, 4355.38
147032, 4353.33
147039, 4356.92
147047, 4352.31
147055, 4356.92
147063, 4348.72
147071, 4348.21
147079, 4357.95
147086, 4349.23
147094, 4352.82
147102, 4352.31
147110, 4348.21
147118, 4349.23
147125, 4350.26
147133, 4370.26
147141, 4358.97
147149, 4332.31
147157, 4343.08
147165, 4352.82
147172, 4355.9
147180, 4351.79
147188, 4355.38
147196, 4362.56
147204, 4338.97
147211, 4339.49
147219, 4354.36
147227, 4349.23
147235, 4363.08
147243, 4363.08
147251, 4352.31
147258, 4350.77
147266, 4345.64
147274, 4355.9
147282, 4356.41
147290, 4345.64
147297, 4343.59
147305, 4345.64
147313, 4363.08
147321, 4359.49
147329, 4347.18
147337, 4358.46
147344, 4354.87
147352, 4351.79
147360, 4350.26
147368, 4343.08
147376, 4350.77
147383, 4343.59
147391, 4342.56
147399, 4350.26
147407, 4352.82
147415, 4363.59
147423, 4345.64
147430, 4337.44
147438, 4353.85
147446, 4348.21
147454, 4353.33
147462, 4356.92
147469, 4350.26
147477, 4353.33
147485, 4348.21
147493, 4354.36
147501, 4357.95
147509, 4352.82
147516, 4357.95
147524, 4351.79
147532, 4353.33
147540, 4353.33
147548, 4351.79
147556, 4367.69
147563, 4355.9
147571, 4344.62
147579, 4349.23
147587, 4347.18
147595, 4365.13
147602, 4366.15
147610, 4355.38
147618, 4354.87
147626, 4346.15
147634, 4349.23, estimuli
147642, 4345.64
147649, 4343.59
147657, 4355.9
147665, 4348.21
147673, 4348.21
147681, 4353.85
147688, 4353.33
147696, 4352.82
147704, 4339.49
147712, 4349.23
147720, 4361.03
147728, 4348.72
147735, 4346.67
147743, 4341.03
147751, 4341.54
147759, 4363.08
147767, 4369.74
147774, 4391.79
147782, 4502.56
147790, 4587.69
147798, 4397.44
147806, 4035.38
147814, 3928.21
147821, 4107.18
147829, 4346.15
147837, 4592.31
147845, 4746.67
147853, 4670.26
147860, 4366.67
147868, 4051.79
147876, 3956.92
147884, 4085.64
147892, 4340
147900, 4597.95
147907, 4750.26
147915, 4669.74
147923, 4359.49
147931, 4057.95
147939, 3954.87
147946, 4080
147954, 4350.26
147962, 4601.54
147970, 4748.72
147978, 4677.95
147986, 4367.18
147993, 4049.74
148001, 3942.56
148009, 4095.38
148017, 4363.08
148025, 4593.33
148033, 4746.15
148040, 4665.13
148048, 4359.49
148056, 4062.05
148064, 3944.62
148072, 4087.69
148079, 4360
148087, 4603.08
148095, 4748.21
148103, 4654.87
148111, 4356.41
148118, 4050.77
148126, 3940.51
148134, 4101.54
148142, 4363.08
148150, 4607.18
148158, 4757.95
148165, 4649.74
148173, 4343.08
148181, 4055.9
148189, 3968.21
148197, 4098.97
148205, 4343.59
148212, 4623.59
148220, 4766.67
148228, 4634.87
148236, 4337.44
148244, 4048.21
148251, 3953.85
148259, 4092.31
148267, 4348.72
148275, 4620
148283, 4751.79
148290, 4637.95
148298, 4351.79
148306, 4061.03
148314, 3954.36
148322, 4091.79
148330, 4371.79
148337, 4630.26
148345, 4746.15
148353, 4649.74
148361, 4346.15
148369, 4039.49
148377, 3949.23
148384, 4091.28
148392, 4372.31
148400, 4640.51
148408, 4764.62
148416, 4642.05
148423, 4321.03
148431, 4033.85
148439, 3945.64
148447, 4088.21
148455, 4370.26
148463, 4620.51
148470, 4753.85
148478, 4655.9
148486, 4334.87
148494, 4035.9
148502, 3946.67
148509, 4101.03
148517, 4371.79
148525, 4624.1
148533, 4774.87
148541, 4652.31
148549, 4325.64
148556, 4044.1
148564, 3951.28
148572, 4103.59
148580, 4373.33
148588, 4613.85
148595, 4746.67
148603, 4642.05
148611, 4343.59
148619, 4037.95
148627, 3933.85
148635, 4101.03
148642, 4369.23
148650, 4627.69
148658, 4766.67
148666, 4636.41
148674, 4329.23
148681, 4041.03
148689, 3955.38
148697, 4106.67
148705, 4363.59
148713, 4631.28
148721, 4759.49
148728, 4624.62
148736, 4327.69
148744, 4051.28
148752, 3964.1
148760, 4082.05
148768, 4350.77
148775, 4613.85
148783, 4587.18
148791, 4376.92
148799, 4315.38
148807, 4377.44
148814, 4371.28
148822, 4328.21
148830, 4342.56
148838, 4345.13
148846, 4337.95
148854, 4351.79
148861, 4346.15
148869, 4351.79
148877, 4363.08
148885, 4341.03
148893, 4342.56
148900, 4357.44
148908, 4350.26
148916, 4350.26
148924, 4352.31
148932, 4358.46
148940, 4351.28
148947, 4347.18
148955, 4360.51
148963, 4350.77
148971, 4345.64
148979, 4346.15
148986, 4344.62
148994, 4359.49
149002, 4349.74
149010, 4347.18
149018, 4371.28
149026, 4365.13
149033, 4342.56
149041, 4330.26
149049, 4342.05
149057, 4357.95
149065, 4349.23
149072, 4357.95
149080, 4360.51
149088, 4349.74
149096, 4354.87
149104, 4346.15
149112, 4348.72
149119, 4352.82
149127, 4342.56
149135, 4348.72
149143, 4352.82
149151, 4357.44
149158, 4351.28
149166, 4341.54
149174, 4353.85
149182, 4349.23
149190, 4348.21
149198, 4360.51
149205, 4354.36
149213, 4355.9
149221, 4356.92
149229, 4354.87
149237, 4356.41
149246, 4341.54
149252, 4339.49
149260, 4343.08
149268, 4345.64
149276, 4352.82
149284, 4354.87
149291, 4372.31
149299, 4356.92
149307, 4331.28
149315, 4356.92
149323, 4360.51
149331, 4348.72
149338, 4351.79
149346, 4350.26
149354, 4357.44
149362, 4348.72
149370, 4344.1
149377, 4352.82
149385, 4348.21
149393, 4354.87
149401, 4357.44
149409, 4354.87
149417, 4353.85
149424, 4346.15
149432, 4362.56
149440, 4361.03
149448, 4334.87
149456, 4336.41
149463, 4347.69
149471, 4355.9
149479, 4351.79
149487, 4348.72
149495, 4357.44
149503, 4345.64
149510, 4347.69
149518, 4358.97
149526, 4351.79
149534, 4353.85
149542, 4349.23
149549, 4352.31
149557, 4360
149565, 4349.74
149573, 4351.79
149581, 4348.72
149589, 4354.87
149596, 4367.69
149604, 4346.67
149612, 4338.97
149620, 4341.03
149628, 4349.74
149635, 4371.79, estimuli
149643, 4357.44
149651, 4346.15
149659, 4351.79
149667, 4345.64
149675, 4340.51
149682, 4337.44
149690, 4354.87
149698, 4360.51
149706, 4345.13
149714, 4355.9
149721, 4357.95
149729, 4354.36
149737, 4352.31
149745, 4335.38
149753, 4347.18
149761, 4375.38
149768, 4364.1
149776, 4389.23
149784, 4532.82
149792, 4590.26
149800, 4315.9
149808, 3971.28
149815, 3961.03
149823, 4172.31
149831, 4405.64
149839, 4646.67
149847, 4770.26
149854, 4623.59
149862, 4277.95
149870, 4010.77
149878, 3963.08
149886, 4126.15
149894, 4411.28
149901, 4650.26
149909, 4751.28
149917, 4617.95
149925, 4285.64
149933, 4005.64
149940, 3955.38
149948, 4139.49
149956, 4413.33
149964, 4648.21
149972, 4763.08
149980, 4612.31
149987, 4272.82
149995, 4002.05
150003, 3952.31
150011, 4135.9
150019, 4417.95
150026, 4664.62
150034, 4761.54
150042, 4596.92
150050, 4291.28
150058, 4020.51
150066, 3940.51
150073, 4137.95
150081, 4420
150089, 4652.82
150097, 4756.41
150105, 4603.08
150112, 4285.64
150120, 4002.05
150128, 3956.41
150136, 4152.82
150144, 4411.28
150152, 4661.03
150159, 4763.59
150167, 4590.77
150175, 4268.21
150183, 4002.56
150191, 3966.67
150199, 4149.74
150206, 4417.44
150214, 4668.21
150222, 4752.82
150230, 4589.74
150238, 4272.31
150246, 4005.13
150253, 3974.87
150261, 4154.87
150269, 4422.56
150277, 4666.67
150285, 4749.23
150292, 4591.28
150300, 4262.05
150308, 3996.41
150316, 3971.28
150324, 4146.67
150331, 4413.85
150339, 4661.03
150347, 4761.54
150355, 4596.41
150363, 4249.23
150370, 3994.87
150378, 3965.64
150386, 4153.33
150394, 4443.08
150402, 4662.05
150410, 4745.13
150417, 4597.95
150425, 4258.46
150433, 3990.77
150441, 3963.08
150449, 4165.13
150457, 4441.03
150464, 4667.18
150472, 4757.44
150480, 4579.49
150488, 4247.69
150496, 3997.44
150503, 3962.56
150511, 4159.49
150519, 4432.31
150527, 4673.85
150535, 4773.33
150543, 4585.13
150550, 4241.54
150558, 3987.69
150566, 3968.21
150574, 4167.69
150582, 4424.62
150589, 4668.21
150597, 4766.67
150605, 4578.97
150613, 4248.21
150621, 3989.74
150629, 3966.67
150636, 4163.59
150644, 4428.21
150652, 4677.44
150660, 4757.95
150668, 4581.54
150675, 4265.64
150683, 3994.87
150691, 3960
150699, 4151.28
150707, 4428.72
150715, 4679.49
150722, 4749.74
150730, 4573.33
150738, 4255.9
150746, 4006.15
150754, 3974.87
150761, 4131.79
150769, 4426.15
150777, 4641.54
150785, 4546.67
150793, 4347.69
150801, 4324.62
150808, 4387.18
150816, 4356.92
150824, 4323.08
150832, 4354.87
150840, 4351.79
150848, 4341.03
150855, 4346.67
150863, 4354.87
150871, 4366.15
150879, 4349.74
150887, 4347.69
150894, 4370.77
150902, 4349.23
150910, 4329.23
150918, 4343.08
150926, 4353.85
150934, 4359.49
150941, 4349.23
150949, 4349.74
150957, 4353.33
150965, 4344.1
150973, 4354.87
150980, 4350.26
150988, 4340.51
150996, 4347.18
151005, 4349.74
151012, 4359.49
151020, 4357.44
151027, 4353.33
151035, 4350.77
151043, 4336.92
151051, 4353.33
151059, 4361.54
151066, 4349.23
151074, 4360
151082, 4355.38
151090, 4355.9
151098, 4366.15
151106, 4349.74
151113, 4335.9
151121, 4336.92
151129, 4359.49
151137, 4359.49
151145, 4340
151152, 4354.36
151160, 4356.92
151168, 4347.69
151176, 4349.74
151184, 4346.15
151192, 4353.85
151199, 4350.77
151207, 4345.64
151215, 4354.87
151223, 4350.77
151231, 4352.82
151238, 4346.67
151246, 4344.62
151254, 4361.54
151262, 4350.77
151270, 4353.33
151278, 4364.1
151285, 4351.28
151293, 4356.92
151301, 4362.05
151309, 4357.44
151317, 4346.15
151325, 4337.95
151332, 4352.82
151340, 4356.41
151348, 4356.41
151356, 4349.23
151364, 4335.9
151371, 4358.46
151379, 4357.95
151387, 4332.82
151395, 4338.46
151403, 4349.74
151410, 4358.46
151418, 4352.82
151426, 4346.15
151434, 4357.95
151442, 4355.38
151450, 4351.79
151457, 4346.15
151465, 4344.1
151473, 4364.1
151481, 4358.46
151489, 4349.74
151497, 4351.28
151504, 4345.64
151512, 4365.64
151520, 4362.05
151528, 4335.9
151536, 4343.59
151543, 4354.87
151551, 4350.77
151559, 4342.05
151567, 4351.79
151575, 4364.62
151583, 4349.74
151590, 4350.26
151598, 4355.9
151606, 4344.62
151614, 4344.62
151622, 4347.69
151629, 4359.49
151637, 4357.95
151645, 4345.64, estimuli
151653, 4353.33
151661, 4349.74
151669, 4351.79
151676, 4353.33
151684, 4342.56
151692, 4355.38
151700, 4356.41
151708, 4351.28
151715, 4355.9
151723, 4352.82
151731, 4367.18
151739, 4357.95
151747, 4329.23
151755, 4331.28
151762, 4343.59
151770, 4375.38
151778, 4366.67
151786, 4380
151794, 4537.44
151801, 4589.74
151809, 4326.67
151817, 3992.31
151825, 3952.82
151833, 4163.08
151841, 4391.79
151848, 4633.33
151856, 4765.13
151864, 4620
151872, 4303.59
151880, 4014.87
151888, 3952.31
151895, 4136.41
151903, 4398.97
151911, 4644.1
151919, 4749.23
151927, 4605.64
151934, 4305.64
151942, 4025.13
151950, 3956.92
151958, 4125.64
151966, 4394.36
151974, 4644.1
151981, 4742.05
151989, 4611.28
151997, 4307.18
152005, 4012.31
152013, 3946.67
152020, 4126.67
152028, 4411.28
152036, 4652.31
152044, 4743.59
152052, 4613.85
152060, 4298.97
152067, 4014.36
152075, 3955.38
152083, 4123.59
152091, 4408.72
152099, 4651.79
152106, 4744.62
152114, 4611.79
152122, 4297.44
152130, 4017.95
152138, 3948.21
152146, 4130.77
152153, 4427.18
152161, 4653.33
152169, 4745.64
152177, 4604.62
152185, 4283.08
152192, 4017.44
152200, 3951.79
152208, 4123.08
152216, 4408.72
152224, 4654.36
152232, 4765.64
152239, 4616.41
152247, 4289.74
152255, 4013.85
152263, 3949.23
152271, 4134.36
152278, 4408.72
152286, 4651.28
152294, 4766.15
152302, 4605.64
152310, 4278.97
152318, 4005.13
152325, 3951.28
152333, 4138.97
152341, 4408.21
152349, 4666.15
152357, 4769.74
152364, 4597.44
152372, 4283.59
152380, 4004.1
152388, 3942.05
152396, 4134.36
152404, 4416.41
152411, 4671.28
152419, 4762.56
152427, 4593.33
152435, 4271.79
152443, 4000.51
152451, 3955.9
152458, 4130.26
152466, 4411.79
152474, 4669.23
152482, 4745.64
152490, 4588.21
152497, 4280.51
152505, 4010.77
152513, 3963.59
152521, 4134.36
152529, 4414.36
152537, 4666.15
152544, 4752.31
152552, 4595.38
152560, 4268.21
152568, 4009.23
152576, 3976.92
152583, 4140
152591, 4413.33
152599, 4662.56
152607, 4752.31
152615, 4590.26
152623, 4268.21
152630, 4009.23
152638, 3953.33
152646, 4137.95
152654, 4433.33
152662, 4670.26
152669, 4768.72
152677, 4606.67
152685, 4264.62
152693, 4000.51
152701, 3957.44
152709, 4148.72
152716, 4427.69
152724, 4660.51
152732, 4755.38
152740, 4584.62
152748, 4263.08
152755, 4010.77
152763, 3957.95
152771, 4126.15
152779, 4408.72
152787, 4629.23
152795, 4576.92
152802, 4354.87
152810, 4314.36
152818, 4382.05
152826, 4351.79
152834, 4326.67
152841, 4346.15
152849, 4353.85
152857, 4349.23
152865, 4346.15
152873, 4360
152881, 4352.31
152888, 4345.13
152896, 4347.18
152904, 4343.08
152912, 4353.33
152920, 4349.23
152927, 4349.74
152935, 4357.95
152943, 4348.21
152951, 4348.21
152959, 4343.59
152967, 4349.23
152974, 4352.82
152982, 4334.87
152990, 4347.69
152998, 4361.03
153006, 4354.87
153014, 4350.77
153021, 4340
153029, 4352.82
153037, 4353.33
153045, 4333.33
153053, 4341.54
153060, 4355.38
153068, 4361.54
153076, 4356.92
153084, 4347.69
153092, 4349.74
153100, 4340
153107, 4344.1
153115, 4352.31
153123, 4345.13
153131, 4356.92
153139, 4353.85
153146, 4343.59
153154, 4349.74
153162, 4345.64
153170, 4349.23
153178, 4346.15
153186, 4345.13
153193, 4360.51
153201, 4359.49
153209, 4358.46
153217, 4345.64
153225, 4341.03
153232, 4361.54
153240, 4354.36
153248, 4349.23
153256, 4352.31
153264, 4344.62
153272, 4351.79
153279, 4351.28
153287, 4351.28
153295, 4351.79
153303, 4338.46
153311, 4348.21
153318, 4351.79
153326, 4345.13
153334, 4348.72
153342, 4349.74
153350, 4354.87
153358, 4345.64
153365, 4344.62
153373, 4360.51
153381, 4350.77
153389, 4347.18
153397, 4345.13
153404, 4349.74
153412, 4371.79
153420, 4351.79
153428, 4334.36
153436, 4348.21
153444, 4352.31
153451, 4351.28
153459, 4344.1
153467, 4354.87
153475, 4371.28
153483, 4360
153491, 4351.28
153498, 4346.67
153506, 4350.26
153514, 4349.74
153522, 4334.87
153530, 4348.72
153537, 4356.41
153545, 4346.15
153553, 4350.26
153561, 4347.18
153569, 4357.44
153577, 4364.1
153584, 4346.15
153592, 4344.62
153600, 4350.26
153608, 4350.26
153616, 4345.13
153623, 4354.36
153631, 4367.69
153639, 4340
153647, 4334.36
153655, 4356.41
153663, 4348.21, estimuli
153670, 4349.23
153678, 4350.77
153686, 4351.28
153694, 4357.95
153702, 4347.18
153709, 4346.67
153717, 4348.21
153725, 4348.72
153733, 4351.79
153741, 4341.03
153749, 4353.33
153756, 4359.49
153764, 4344.1
153772, 4342.56
153780, 4336.41
153788, 4357.44
153795, 4373.33
153803, 4366.15
153811, 4485.13
153819, 4607.18
153827, 4444.1
153835, 4087.18
153842, 3941.03
153850, 4096.41
153858, 4303.08
153866, 4538.97
153874, 4746.15
153881, 4693.33
153889, 4411.28
153897, 4087.69
153905, 3944.62
153913, 4065.64
153921, 4303.08
153928, 4559.49
153936, 4748.72
153944, 4699.49
153952, 4412.31
153960, 4080
153967, 3942.56
153975, 4052.82
153983, 4297.44
153991, 4572.82
153999, 4745.13
154007, 4683.08
154014, 4410.77
154022, 4099.49
154030, 3952.82
154038, 4043.59
154046, 4315.38
154054, 4596.41
154061, 4726.67
154069, 4663.08
154077, 4414.36
154085, 4095.38
154093, 3936.41
154100, 4049.74
154108, 4326.67
154116, 4576.41
154124, 4728.72
154132, 4689.23
154140, 4403.08
154147, 4078.46
154155, 3946.15
154163, 4065.13
154171, 4329.23
154179, 4568.21
154186, 4731.28
154194, 4697.44
154202, 4405.13
154210, 4081.54
154218, 3950.26
154226, 4066.67
154233, 4317.95
154241, 4565.64
154249, 4745.64
154257, 4692.82
154265, 4401.03
154272, 4081.54
154280, 3934.36
154288, 4066.15
154296, 4325.13
154304, 4567.69
154312, 4748.72
154319, 4692.31
154327, 4397.95
154335, 4074.87
154343, 3930.77
154351, 4060
154358, 4322.56
154366, 4583.59
154374, 4754.87
154382, 4677.44
154390, 4387.18
154398, 4076.41
154405, 3954.87
154413, 4081.54
154421, 4317.44
154429, 4575.9
154437, 4746.67
154444, 4671.79
154452, 4388.72
154460, 4074.36
154468, 3938.46
154476, 4065.64
154484, 4339.49
154491, 4596.92
154499, 4731.79
154507, 4673.85
154515, 4401.03
154523, 4065.13
154530, 3936.92
154538, 4070.77
154546, 4333.33
154554, 4587.18
154562, 4735.9
154570, 4683.59
154577, 4394.87
154585, 4065.13
154593, 3948.21
154601, 4075.38
154609, 4332.31
154616, 4583.59
154624, 4742.56
154632, 4680.51
154640, 4380.51
154648, 4069.74
154656, 3946.15
154663, 4068.21
154671, 4336.92
154679, 4582.56
154687, 4753.85
154695, 4702.05
154703, 4379.49
154710, 4052.31
154718, 3935.38
154726, 4069.74
154734, 4336.92
154742, 4587.69
154749, 4750.26
154757, 4674.87
154765, 4375.38
154773, 4074.36
154781, 3951.79
154789, 4063.08
154796, 4319.49
154804, 4577.95
154812, 4621.03
154820, 4418.97
154828, 4306.15
154835, 4363.08
154843, 4368.21
154851, 4336.41
154859, 4343.08
154867, 4352.82
154875, 4354.87
154882, 4343.08
154893, 4346.67
154898, 4358.97
154906, 4358.97
154914, 4348.72
154921, 4334.87
154929, 4348.21
154937, 4352.82
154945, 4348.21
154953, 4351.28
154961, 4343.59
154968, 4354.36
154976, 4354.87
154984, 4345.64
154992, 4355.38
155000, 4349.74
155008, 4350.26
155015, 4355.9
155023, 4346.67
155031, 4348.21
155039, 4343.59
155047, 4346.15
155054, 4353.85
155062, 4350.26
155070, 4361.54
155078, 4359.49
155086, 4344.62
155093, 4345.64
155101, 4353.33
155109, 4363.59
155117, 4344.62
155125, 4335.9
155133, 4357.44
155140, 4355.38
155148, 4350.77
155156, 4349.74
155164, 4355.9
155172, 4366.15
155180, 4340.51
155187, 4336.92
155195, 4356.92
155203, 4354.36
155211, 4353.85
155219, 4345.13
155226, 4341.03
155234, 4348.72
155242, 4346.15
155250, 4354.36
155258, 4353.33
155266, 4350.77
155273, 4351.79
155281, 4347.18
155289, 4358.46
155297, 4352.31
155305, 4344.62
155312, 4365.13
155320, 4360
155328, 4344.62
155336, 4336.92
155344, 4342.56
155352, 4357.44
155359, 4343.59
155367, 4340
155375, 4349.23
155383, 4347.18
155391, 4350.26
155398, 4346.15
155406, 4356.41
155414, 4362.56
155422, 4345.64
155430, 4351.79
155438, 4356.92
155445, 4351.79
155453, 4350.77
155461, 4344.62
155469, 4355.9
155477, 4355.38
155484, 4347.69
155492, 4352.31
155500, 4345.64
155508, 4351.79
155516, 4350.26
155524, 4341.03
155531, 4357.44
155539, 4362.05
155547, 4354.87
155555, 4347.18
155563, 4344.1
155570, 4351.28
155578, 4341.03
155586, 4343.08
155594, 4355.9
155602, 4353.33
155610, 4359.49
155617, 4353.85
155625, 4351.79
155633, 4357.44
155641, 4345.13
155649, 4341.54
155657, 4340.51
155664, 4353.33
155672, 4363.08
155680, 4343.08
155688, 4349.74, estimuli
155696, 4358.97
155703, 4346.15
155711, 4346.67
155719, 4350.26
155727, 4350.77
155735, 4342.56
155743, 4346.15
155750, 4373.85
155758, 4355.38
155766, 4335.9
155774, 4356.92
155782, 4355.38
155789, 4338.97
155797, 4321.03
155805, 4345.64
155813, 4384.1
155821, 4354.87
155829, 4412.82
155836, 4577.95
155844, 4547.18
155852, 4205.13
155860, 3928.72
155868, 4018.46
155875, 4241.03
155883, 4478.46
155891, 4729.23
155899, 4754.36
155907, 4511.79
155915, 4185.13
155922, 3969.23
155930, 3998.46
155938, 4212.31
155946, 4484.62
155954, 4707.69
155961, 4732.31
155969, 4514.87
155977, 4184.1
155985, 3964.62
155993, 3995.38
156001, 4211.79
156008, 4491.79
156016, 4706.67
156024, 4733.85
156032, 4521.54
156040, 4184.62
156048, 3967.18
156055, 3996.41
156063, 4221.03
156071, 4496.41
156079, 4697.44
156087, 4732.82
156094, 4521.03
156102, 4184.1
156110, 3970.77
156118, 3992.82
156126, 4220
156134, 4492.82
156141, 4691.79
156149, 4737.44
156157, 4521.54
156165, 4178.97
156173, 3962.56
156180, 3991.28
156188, 4226.67
156196, 4492.31
156204, 4700.51
156212, 4737.95
156220, 4507.18
156227, 4179.49
156235, 3958.46
156243, 3983.08
156251, 4235.9
156259, 4508.72
156266, 4701.03
156274, 4721.54
156282, 4505.13
156290, 4185.13
156298, 3957.95
156306, 3993.33
156313, 4233.85
156322, 4498.97
156329, 4711.28
156337, 4728.72
156345, 4498.46
156352, 4175.38
156360, 3963.08
156368, 4015.38
156376, 4239.49
156384, 4487.18
156392, 4701.54
156399, 4728.72
156407, 4509.23
156415, 4180.51
156423, 3955.9
156431, 3994.36
156438, 4235.38
156446, 4514.87
156458, 4712.31
156462, 4725.64
156470, 4504.1
156478, 4162.56
156485, 3955.9
156493, 4005.13
156501, 4230.26
156509, 4513.33
156517, 4709.23
156524, 4714.87
156532, 4500.51
156540, 4167.18
156548, 3957.44
156556, 3996.92
156564, 4231.79
156571, 4525.13
156579, 4721.03
156587, 4713.85
156595, 4486.67
156603, 4169.74
156610, 3963.08
156618, 3993.85
156626, 4240.51
156634, 4515.9
156642, 4708.21
156650, 4734.36
156657, 4497.44
156665, 4163.59
156673, 3967.69
156681, 4009.23
156689, 4244.62
156696, 4504.62
156704, 4710.77
156712, 4740.51
156720, 4489.74
156728, 4149.74
156736, 3952.82
156743, 4002.05
156751, 4244.1
156759, 4510.77
156767, 4712.82
156775, 4731.28
156783, 4502.05
156790, 4169.74
156798, 3949.74
156806, 3989.74
156814, 4223.59
156822, 4509.74
156829, 4641.54
156837, 4477.44
156845, 4314.87
156853, 4351.28
156861, 4365.64
156869, 4331.79
156876, 4349.23
156884, 4354.36
156892, 4343.08
156900, 4348.72
156908, 4354.36
156915, 4349.23
156923, 4346.67
156932, 4353.33
156939, 4348.72
156947, 4348.72
156955, 4347.69
156962, 4342.05
156971, 4351.79
156978, 4353.33
156986, 4362.05
156994, 4364.62
157001, 4337.95
157009, 4336.92
157017, 4347.18
157025, 4347.69
157033, 4346.15
157041, 4347.18
157048, 4360.51
157056, 4349.74
157064, 4346.67
157072, 4363.59
157080, 4350.77
157087, 4346.15
157095, 4350.77
157103, 4349.23
157112, 4352.82
157119, 4344.62
157127, 4353.33
157134, 4354.36
157142, 4341.54
157150, 4364.1
157158, 4368.72
157166, 4347.18
157174, 4341.54
157181, 4346.67
157189, 4357.95
157197, 4357.44
157205, 4362.05
157213, 4362.05
157220, 4343.08
157228, 4347.69
157236, 4351.79
157244, 4347.69
157252, 4352.82
157259, 4349.74
157267, 4347.69
157275, 4336.92
157283, 4341.54
157291, 4360
157299, 4345.64
157306, 4344.1
157314, 4354.36
157322, 4347.69
157330, 4352.82
157338, 4350.26
157346, 4354.36
157353, 4358.46
157361, 4342.05
157369, 4347.18
157378, 4351.79
157385, 4348.21
157392, 4349.23
157400, 4351.79
157408, 4372.82
157416, 4364.1
157424, 4337.95
157432, 4340
157439, 4343.59
157447, 4351.28
157455, 4353.33
157463, 4350.77
157471, 4355.38
157478, 4353.33
157486, 4361.54
157494, 4353.33
157502, 4334.87
157510, 4350.77
157518, 4353.33
157525, 4345.64
157533, 4349.74
157541, 4348.21
157549, 4347.69
157557, 4342.05
157564, 4352.31
157572, 4360
157580, 4341.54
157588, 4348.72
157596, 4352.82
157604, 4350.26
157611, 4366.67
157619, 4357.95
157627, 4339.49
157635, 4335.38
157643, 4346.15
157650, 4354.87
157658, 4347.69
157666, 4361.03
157674, 4360
157682, 4342.56
157690, 4354.87
157697, 4349.74
157705, 4339.49
157713, 4348.72
157721, 4351.28, estimuli
157729, 4354.87
157736, 4349.74
157744, 4353.33
157752, 4360.51
157760, 4342.56
157768, 4341.54
157776, 4345.13
157783, 4347.18
157791, 4349.74
157799, 4337.95
157807, 4349.23
157815, 4357.95
157822, 4351.28
157830, 4356.92
157838, 4360.51
157846, 4358.97
157854, 4364.62
157862, 4486.15
157869, 4613.33
157877, 4432.31
157885, 4062.05
157893, 3925.64
157901, 4088.21
157909, 4333.33
157916, 4567.69
157924, 4740.51
157932, 4689.74
157940, 4392.31
157948, 4073.33
157955, 3944.1
157963, 4066.67
157971, 4332.31
157979, 4577.44
157987, 4742.56
157995, 4685.13
158002, 4386.67
158010, 4069.23
158018, 3938.97
158026, 4074.36
158034, 4333.33
158041, 4586.15
158049, 4762.56
158057, 4682.05
158065, 4374.36
158073, 4062.56
158081, 3935.9
158088, 4070.77
158096, 4326.15
158104, 4583.59
158112, 4756.92
158120, 4673.33
158127, 4374.87
158135, 4063.59
158143, 3949.74
158151, 4085.13
158159, 4328.72
158167, 4593.33
158174, 4755.9
158182, 4662.05
158190, 4368.21
158198, 4060
158206, 3936.92
158213, 4058.97
158221, 4328.21
158229, 4608.21
158237, 4750.77
158245, 4674.87
158253, 4398.97
158260, 4065.13
158268, 3927.18
158276, 4066.15
158284, 4340.51
158292, 4595.9
158300, 4739.49
158307, 4669.74
158315, 4374.87
158323, 4062.05
158331, 3943.59
158339, 4062.05
158346, 4336.41
158354, 4601.54
158362, 4746.15
158370, 4675.9
158378, 4373.85
158385, 4058.46
158393, 3937.44
158401, 4062.56
158409, 4338.97
158417, 4596.92
158425, 4752.31
158432, 4675.9
158440, 4365.13
158448, 4064.62
158456, 3954.36
158464, 4082.05
158473, 4338.46
158479, 4585.13
158487, 4749.23
158495, 4670.26
158503, 4370.77
158511, 4066.67
158518, 3948.72
158526, 4088.21
158534, 4333.85
158542, 4584.62
158550, 4759.49
158558, 4667.18
158565, 4361.54
158573, 4059.49
158581, 3940
158589, 4083.59
158597, 4347.18
158604, 4596.92
158612, 4745.13
158620, 4657.95
158628, 4370.77
158636, 4060.51
158644, 3942.05
158651, 4083.59
158659, 4355.38
158667, 4625.13
158675, 4745.64
158683, 4635.9
158690, 4362.05
158698, 4061.54
158706, 3943.08
158714, 4075.9
158722, 4347.18
158730, 4616.41
158737, 4748.21
158745, 4651.79
158753, 4359.49
158761, 4054.87
158769, 3943.08
158776, 4075.38
158784, 4352.31
158792, 4614.87
158800, 4746.15
158808, 4661.54
158816, 4361.54
158823, 4056.92
158831, 3952.82
158839, 4065.13
158847, 4343.59
158855, 4596.41
158862, 4598.46
158870, 4414.87
158878, 4312.31
158886, 4357.44
158894, 4356.41
158902, 4327.18
158909, 4357.44
158917, 4352.82
158925, 4344.62
158933, 4349.74
158941, 4343.08
158948, 4351.28
158957, 4345.13
158964, 4350.77
158973, 4362.05
158980, 4345.13
158988, 4345.64
158995, 4355.9
159003, 4355.9
159011, 4350.26
159019, 4338.97
159027, 4346.67
159035, 4346.67
159042, 4346.15
159050, 4353.33
159058, 4344.62
159066, 4358.46
159074, 4369.23
159081, 4350.77
159089, 4339.49
159097, 4339.49
159105, 4356.41
159113, 4354.36
159121, 4339.49
159128, 4358.97
159136, 4363.59
159144, 4355.38
159152, 4354.36
159160, 4345.64
159167, 4350.77
159175, 4349.23
159183, 4349.74
159191, 4351.28
159199, 4338.46
159207, 4341.03
159214, 4339.49
159222, 4345.13
159230, 4361.03
159238, 4352.31
159246, 4360
159254, 4361.54
159261, 4337.95
159269, 4343.59
159277, 4361.54
159285, 4364.1
159293, 4343.59
159300, 4329.74
159308, 4355.9
159316, 4358.46
159324, 4345.13
159332, 4351.79
159339, 4351.79
159347, 4354.36
159355, 4348.21
159363, 4347.18
159371, 4355.9
159379, 4345.64
159386, 4345.64
159394, 4347.18
159402, 4346.67
159410, 4351.28
159418, 4346.67
159426, 4352.82
159433, 4348.21
159441, 4344.1
159449, 4359.49
159457, 4348.72
159465, 4341.03
159472, 4352.82
159480, 4359.49
159488, 4361.03
159496, 4346.15
159504, 4349.74
159512, 4358.97
159519, 4345.64
159527, 4349.23
159535, 4351.79
159543, 4350.26
159551, 4358.97
159558, 4346.67
159566, 4343.08
159574, 4344.62
159582, 4345.13
159590, 4361.03
159598, 4358.97
159605, 4352.31
159613, 4343.08
159621, 4340.51
159629, 4360
159637, 4355.38
159644, 4346.15
159652, 4350.77
159660, 4357.44
159668, 4362.05
159676, 4341.54
159684, 4349.23
159691, 4370.77
159699, 4346.67
159707, 4340
159715, 4353.85
159723, 4354.36
159731, 4350.26
159738, 4344.62
159746, 4353.85
159754, 4354.87
159762, 4345.64, estimuli
159770, 4346.67
159777, 4345.64
159785, 4354.36
159793, 4354.87
159801, 4337.95
159809, 4345.64
159817, 4353.33
159824, 4350.77
159832, 4341.54
159840, 4344.1
159848, 4368.21
159856, 4356.41
159863, 4348.21
159871, 4357.95
159879, 4341.03
159887, 4356.92
159895, 4376.41
159902, 4362.05
159910, 4453.85
159918, 4592.31
159926, 4479.49
159934, 4115.38
159942, 3930.77
159949, 4074.87
159957, 4284.1
159965, 4519.49
159973, 4729.23
159981, 4704.1
159988, 4445.13
159996, 4122.56
160004, 3956.92
160012, 4032.82
160020, 4271.79
160028, 4545.13
160035, 4722.56
160043, 4698.46
160051, 4445.13
160059, 4115.38
160067, 3955.9
160075, 4045.64
160082, 4284.1
160090, 4544.62
160098, 4728.21
160106, 4710.77
160114, 4448.72
160121, 4126.15
160129, 3958.97
160137, 4023.08
160145, 4277.95
160153, 4550.77
160161, 4722.56
160168, 4699.49
160176, 4427.69
160184, 4109.23
160192, 3953.33
160200, 4030.77
160207, 4288.21
160215, 4546.67
160223, 4723.59
160231, 4704.62
160239, 4433.85
160247, 4112.82
160254, 3949.23
160262, 4037.44
160270, 4289.23
160278, 4545.13
160286, 4734.36
160293, 4701.03
160301, 4422.05
160309, 4112.82
160317, 3962.56
160325, 4055.38
160333, 4285.13
160340, 4536.41
160348, 4741.03
160356, 4702.56
160364, 4422.05
160372, 4110.26
160379, 3956.92
160387, 4049.23
160395, 4284.1
160403, 4556.92
160411, 4755.38
160419, 4697.95
160426, 4415.38
160434, 4100
160442, 3952.31
160450, 4049.74
160459, 4287.18
160466, 4560.51
160473, 4743.59
160482, 4686.15
160490, 4414.87
160497, 4107.69
160505, 3958.97
160512, 4048.21
160520, 4298.97
160528, 4568.21
160536, 4725.64
160544, 4681.54
160551, 4422.05
160559, 4104.1
160567, 3954.87
160575, 4040.51
160583, 4297.44
160591, 4569.74
160598, 4723.59
160606, 4690.77
160614, 4428.21
160622, 4098.46
160630, 3947.18
160638, 4043.59
160645, 4299.49
160653, 4564.1
160661, 4737.95
160669, 4699.49
160677, 4414.87
160684, 4097.95
160692, 3951.79
160700, 4041.54
160708, 4299.49
160716, 4559.49
160724, 4734.87
160731, 4705.64
160739, 4425.13
160747, 4100
160755, 3945.64
160763, 4050.26
160770, 4304.1
160778, 4554.36
160786, 4740.51
160794, 4691.79
160802, 4403.08
160810, 4096.41
160817, 3950.26
160825, 4053.33
160833, 4301.54
160841, 4567.18
160849, 4748.72
160856, 4678.97
160864, 4402.05
160872, 4109.23
160880, 3967.18
160888, 4042.05
160896, 4272.82
160903, 4558.97
160911, 4632.82
160919, 4428.72
160927, 4305.64
160935, 4372.82
160942, 4391.28
160950, 4335.38
160958, 4329.74
160966, 4350.77
160974, 4347.69
160982, 4345.64
160989, 4352.31
160997, 4347.18
161005, 4351.28
161013, 4355.9
161021, 4347.18
161028, 4347.69
161036, 4346.15
161044, 4352.31
161052, 4351.79
161060, 4344.1
161068, 4357.44
161075, 4362.05
161083, 4355.9
161091, 4348.21
161099, 4343.08
161107, 4350.77
161115, 4341.54
161122, 4349.23
161130, 4364.62
161138, 4350.26
161146, 4356.41
161154, 4362.56
161161, 4350.77
161169, 4343.59
161177, 4336.92
161185, 4357.44
161193, 4364.1
161201, 4345.64
161208, 4345.13
161216, 4348.21
161224, 4358.46
161232, 4353.85
161240, 4337.44
161247, 4349.23
161255, 4352.82
161263, 4349.23
161271, 4349.74
161279, 4349.74
161287, 4357.95
161294, 4349.74
161302, 4345.64
161310, 4353.33
161318, 4346.67
161326, 4348.21
161333, 4349.23
161341, 4350.77
161349, 4363.59
161357, 4363.08
161366, 4361.54
161373, 4348.21
161380, 4337.95
161388, 4350.26
161396, 4342.05
161404, 4346.15
161412, 4359.49
161419, 4352.31
161427, 4351.28
161435, 4343.08
161443, 4351.28
161451, 4360
161459, 4340.51
161466, 4346.15
161474, 4361.54
161482, 4362.05
161490, 4354.87
161498, 4347.18
161505, 4352.31
161513, 4347.18
161521, 4343.08
161529, 4352.31
161537, 4351.28
161546, 4353.85
161552, 4350.26
161560, 4357.44
161568, 4372.31
161576, 4349.23
161584, 4335.9
161592, 4343.08
161599, 4346.67
161607, 4360
161615, 4351.79
161623, 4345.13
161632, 4353.85
161638, 4345.64
161646, 4349.74
161654, 4353.33
161662, 4353.33
161670, 4352.31
161678, 4342.05
161685, 4354.36
161693, 4354.36
161701, 4344.62
161709, 4351.28
161717, 4349.74
161724, 4350.26
161732, 4347.18
161740, 4347.18
161748, 4355.9
161756, 4345.13
161764, 4355.38
161771, 4370.26
161779, 4347.69
161787, 4339.49
161795, 4345.64
161803, 4349.74
161810, 4348.21, estimuli
161818, 4345.64
161826, 4357.95
161834, 4353.33
161842, 4349.23
161850, 4358.46
161857, 4347.18
161865, 4343.59
161873, 4351.28
161881, 4356.41
161889, 4352.31
161896, 4344.62
161904, 4360.51
161912, 4355.38
161920, 4334.87
161929, 4340.51
161936, 4355.38
161943, 4371.28
161951, 4350.77
161959, 4416.92
161967, 4592.31
161975, 4545.13
161982, 4202.56
161990, 3937.95
161998, 4002.56
162006, 4254.36
162014, 4501.03
162022, 4700
162029, 4731.79
162038, 4504.62
162045, 4167.18
162053, 3953.85
162061, 4010.26
162069, 4257.44
162076, 4505.13
162084, 4701.03
162092, 4728.21
162100, 4495.9
162108, 4170.77
162115, 3967.18
162123, 4015.9
162131, 4234.87
162139, 4487.18
162147, 4713.33
162155, 4731.28
162162, 4488.21
162170, 4169.74
162179, 3967.18
162186, 4009.74
162194, 4240.51
162201, 4516.41
162209, 4712.82
162217, 4705.13
162225, 4490.77
162233, 4173.85
162241, 3955.9
162248, 4007.18
162256, 4243.08
162264, 4511.28
162272, 4706.15
162280, 4710.26
162287, 4491.79
162295, 4167.18
162303, 3964.62
162311, 4014.87
162319, 4242.56
162327, 4512.82
162334, 4707.69
162342, 4720
162350, 4490.77
162358, 4155.38
162366, 3966.67
162373, 4017.44
162382, 4244.1
162389, 4512.31
162397, 4708.21
162405, 4735.9
162413, 4501.54
162420, 4151.28
162428, 3952.82
162436, 4008.72
162444, 4251.28
162452, 4517.44
162459, 4710.26
162467, 4724.1
162475, 4482.05
162483, 4153.33
162491, 3960.51
162499, 4009.23
162506, 4253.85
162514, 4518.46
162522, 4710.26
162530, 4722.56
162538, 4484.1
162546, 4161.03
162553, 3961.03
162561, 4011.79
162569, 4255.9
162577, 4514.87
162585, 4715.38
162592, 4716.41
162600, 4473.85
162608, 4164.1
162616, 3958.46
162624, 4004.1
162631, 4252.31
162639, 4533.33
162647, 4736.41
162656, 4713.85
162663, 4461.54
162671, 4145.64
162678, 3953.85
162686, 4014.36
162694, 4250.77
162702, 4524.62
162710, 4726.67
162718, 4712.82
162725, 4469.23
162733, 4144.62
162741, 3961.03
162749, 4028.21
162757, 4248.21
162764, 4520
162772, 4725.13
162780, 4712.31
162788, 4474.87
162796, 4149.23
162804, 3958.46
162811, 4027.69
162819, 4269.74
162827, 4527.69
162835, 4700
162843, 4705.13
162850, 4477.95
162858, 4138.97
162866, 3956.92
162874, 4039.49
162882, 4282.05
162890, 4532.82
162897, 4708.21
162905, 4713.85
162913, 4469.23
162921, 4142.56
162929, 3972.82
162936, 4011.28
162944, 4238.97
162952, 4529.23
162960, 4630.26
162968, 4468.72
162976, 4311.79
162983, 4351.28
162991, 4378.97
162999, 4325.64
163007, 4339.49
163015, 4351.79
163022, 4345.13
163030, 4353.85
163038, 4348.21
163046, 4355.38
163054, 4353.33
163062, 4350.77
163069, 4356.41
163077, 4348.21
163085, 4350.77
163093, 4349.23
163101, 4348.72
163108, 4347.18
163116, 4327.69
163124, 4342.05
163132, 4360.51
163140, 4351.79
163148, 4348.21
163155, 4346.67
163163, 4357.95
163171, 4355.9
163179, 4340.51
163187, 4350.26
163195, 4355.9
163203, 4354.36
163210, 4348.72
163218, 4346.15
163226, 4356.92
163234, 4345.13
163241, 4339.49
163249, 4358.97
163257, 4356.41
163265, 4348.21
163273, 4343.08
163281, 4349.23
163288, 4360
163296, 4343.08
163304, 4342.05
163312, 4352.82
163320, 4353.33
163327, 4352.31
163335, 4335.9
163343, 4345.13
163351, 4361.03
163359, 4346.15
163367, 4341.54
163374, 4346.15
163382, 4357.95
163390, 4355.9
163398, 4338.97
163406, 4353.33
163413, 4361.03
163421, 4348.21
163429, 4341.54
163437, 4343.59
163445, 4361.03
163453, 4360.51
163460, 4350.77
163469, 4349.23
163476, 4343.08
163484, 4350.26
163493, 4346.15
163500, 4343.08
163507, 4355.9
163515, 4346.67
163523, 4343.08
163531, 4352.31
163540, 4352.82
163547, 4355.9
163555, 4346.67
163563, 4351.28
163571, 4357.44
163578, 4344.1
163585, 4354.36
163594, 4358.97
163602, 4353.33
163610, 4354.36
163618, 4348.21
163626, 4356.41
163632, 4349.74
163641, 4339.49
163649, 4351.79
163657, 4349.23
163665, 4353.85
163673, 4364.1
163680, 4352.82
163688, 4340.51
163696, 4334.87
163703, 4350.26
163712, 4353.85
163719, 4344.1
163727, 4353.85
163735, 4347.69
163742, 4345.64
163751, 4354.87
163758, 4351.28
163766, 4354.36
163773, 4346.15
163782, 4342.56
163789, 4351.28
163798, 4348.21
163805, 4351.28
163813, 4350.77, estimuli
163821, 4352.82
163829, 4357.95
163837, 4345.64
163845, 4349.74
163852, 4348.72
163860, 4341.54
163867, 4356.41
163876, 4354.36
163884, 4357.95
163890, 4368.21
163899, 4350.26
163907, 4344.1
163915, 4343.08
163922, 4333.85
163931, 4331.28
163938, 4364.62
163946, 4385.64
163954, 4355.9
163962, 4459.49
163970, 4614.87
163977, 4467.18
163985, 4095.9
163993, 3922.05
164001, 4074.36
164009, 4315.38
164017, 4540
164023, 4740
164032, 4711.28
164040, 4418.46
164047, 4096.41
164056, 3946.67
164063, 4052.31
164071, 4298.97
164079, 4557.95
164087, 4752.31
164094, 4698.97
164102, 4418.97
164110, 4115.38
164118, 3952.31
164126, 4041.03
164133, 4287.18
164142, 4551.79
164148, 4743.08
164157, 4697.44
164165, 4418.97
164172, 4095.38
164180, 3941.03
164189, 4051.79
164195, 4307.69
164204, 4572.31
164212, 4732.31
164220, 4677.44
164227, 4424.1
164235, 4112.31
164243, 3959.49
164251, 4053.85
164259, 4299.49
164266, 4567.18
164275, 4727.18
164282, 4681.03
164290, 4420.51
164298, 4096.92
164305, 3955.9
164314, 4059.49
164322, 4307.69
164329, 4564.62
164336, 4715.38
164345, 4673.33
164353, 4415.38
164360, 4097.95
164367, 3949.23
164376, 4054.36
164384, 4321.03
164391, 4571.79
164399, 4724.62
164408, 4690.77
164415, 4414.36
164423, 4089.74
164431, 3946.15
164439, 4057.44
164446, 4323.08
164454, 4567.69
164462, 4731.79
164470, 4694.36
164477, 4405.13
164486, 4090.26
164494, 3950.77
164501, 4054.36
164509, 4321.03
164517, 4583.59
164525, 4738.46
164533, 4674.87
164540, 4398.97
164548, 4084.1
164556, 3932.31
164564, 4059.49
164572, 4322.05
164580, 4572.31
164586, 4748.72
164595, 4683.59
164602, 4400.51
164611, 4090.77
164618, 3941.54
164626, 4060
164634, 4322.05
164648, 4583.08
164649, 4746.67
164658, 4678.97
164665, 4404.62
164673, 4089.23
164681, 3942.56
164689, 4063.59
164697, 4323.59
164704, 4592.82
164712, 4756.92
164719, 4679.49
164727, 4389.23
164736, 4071.79
164743, 3941.03
164751, 4051.28
164758, 4306.15
164766, 4581.54
164775, 4739.49
164782, 4678.46
164790, 4400
164799, 4074.36
164806, 3948.21
164814, 4063.59
164821, 4320.51
164830, 4590.26
164837, 4738.97
164845, 4672.82
164853, 4395.38
164861, 4083.08
164869, 3950.26
164877, 4057.44
164884, 4325.64
164892, 4589.74
164900, 4741.54
164908, 4680.51
164916, 4400
164924, 4104.1
164931, 3957.44
164939, 4026.15
164947, 4306.15
164955, 4585.13
164962, 4610.26
164971, 4415.9
164978, 4297.95
164985, 4363.08
164994, 4377.95
165002, 4327.69
165010, 4347.18
165016, 4358.46
165025, 4354.36
165033, 4348.21
165041, 4338.46
165049, 4349.74
165057, 4348.21
165064, 4358.46
165071, 4364.1
165080, 4343.59
165088, 4347.18
165096, 4358.46
165103, 4359.49
165111, 4349.23
165118, 4342.05
165127, 4363.59
165135, 4357.95
165143, 4343.08
165150, 4351.79
165157, 4339.49
165165, 4335.38
165173, 4344.1
165182, 4351.28
165189, 4355.9
165197, 4345.13
165205, 4361.54
165213, 4362.56
165220, 4333.33
165229, 4344.62
165236, 4359.49
165244, 4356.41
165252, 4350.77
165260, 4346.67
165268, 4354.87
165276, 4344.62
165283, 4344.1
165291, 4355.9
165299, 4342.56
165306, 4346.15
165315, 4351.28
165321, 4352.31
165329, 4368.72
165338, 4353.33
165346, 4341.03
165353, 4347.69
165362, 4350.77
165368, 4352.31
165377, 4340
165384, 4350.26
165393, 4359.49
165400, 4343.59
165408, 4350.77
165416, 4355.38
165424, 4353.33
165432, 4352.31
165439, 4345.13
165448, 4355.9
165455, 4350.77
165463, 4348.72
165471, 4364.1
165479, 4349.74
165487, 4343.59
165494, 4343.08
165501, 4345.64
165510, 4354.36
165517, 4341.03
165526, 4351.79
165534, 4370.77
165541, 4363.08
165549, 4350.26
165557, 4335.38
165565, 4347.18
165573, 4350.77
165580, 4344.1
165588, 4361.54
165596, 4352.82
165604, 4344.1
165612, 4351.28
165620, 4350.26
165627, 4350.77
165635, 4344.1
165643, 4354.36
165651, 4355.9
165659, 4343.08
165666, 4357.95
165674, 4352.82
165682, 4344.62
165689, 4355.9
165697, 4347.18
165705, 4348.21
165712, 4346.15
165720, 4350.77
165728, 4371.28
165737, 4353.85
165745, 4347.69
165752, 4362.56
165760, 4355.9
165767, 4346.15
165775, 4334.36
165783, 4345.64
165792, 4356.41
165799, 4350.26
165806, 4358.46
165815, 4350.26
165823, 4352.82, estimuli
165831, 4357.44
165838, 4339.49
165846, 4351.28
165853, 4355.38
165861, 4347.18
165869, 4351.79
165878, 4351.79
165885, 4361.03
165893, 4349.74
165901, 4341.54
165909, 4355.9
165917, 4345.64
165924, 4351.79
165932, 4352.31
165940, 4331.28
165948, 4361.03
165956, 4381.03
165964, 4363.08
165971, 4455.38
165978, 4607.69
165987, 4497.44
165995, 4092.82
166003, 3887.69
166011, 4043.08
166018, 4285.64
166026, 4563.08
166034, 4776.92
166042, 4734.87
166050, 4441.03
166056, 4077.95
166065, 3916.41
166073, 4020
166081, 4280.51
166088, 4562.56
166097, 4752.31
166104, 4736.92
166112, 4450.26
166120, 4086.15
166128, 3917.44
166136, 4010.26
166142, 4286.15
166151, 4562.56
166159, 4742.05
166166, 4747.18
166175, 4469.23
166183, 4082.05
166190, 3894.36
166198, 4006.67
166205, 4292.31
166214, 4563.59
166222, 4762.56
166229, 4742.56
166236, 4437.44
166245, 4090.77
166252, 3910.26
166261, 4002.05
166268, 4290.26
166276, 4570.77
166284, 4776.92
166292, 4744.1
166299, 4430.77
166308, 4081.03
166316, 3903.08
166323, 4010.26
166330, 4284.1
166339, 4563.08
166347, 4779.49
166355, 4736.41
166362, 4428.72
166370, 4078.97
166378, 3915.9
166385, 4033.85
166394, 4280.51
166402, 4561.54
166409, 4787.18
166416, 4737.95
166425, 4430.26
166433, 4070.77
166440, 3896.41
166448, 4015.38
166456, 4288.21
166463, 4584.62
166471, 4780.51
166480, 4724.62
166488, 4429.23
166495, 4072.31
166503, 3909.23
166511, 4010.26
166519, 4281.03
166527, 4599.49
166534, 4785.13
166542, 4724.1
166550, 4429.23
166558, 4069.23
166566, 3896.92
166574, 4000.51
166580, 4298.46
166589, 4612.82
166596, 4782.05
166604, 4720.51
166613, 4413.33
166620, 4060
166627, 3900
166635, 4005.13
166644, 4296.92
166651, 4586.67
166659, 4775.38
166666, 4738.46
166675, 4416.41
166683, 4061.54
166691, 3901.54
166699, 4016.41
166706, 4303.59
166713, 4575.38
166722, 4775.38
166730, 4741.03
166738, 4422.05
166745, 4068.21
166752, 3900
166761, 4024.62
166769, 4309.23
166777, 4573.33
166785, 4783.59
166792, 4751.79
166799, 4424.1
166807, 4050.26
166816, 3885.13
166824, 4024.1
166832, 4305.64
166838, 4596.92
166846, 4796.92
166855, 4718.46
166863, 4403.59
166871, 4052.82
166879, 3897.44
166886, 4027.18
166894, 4297.44
166902, 4603.08
166910, 4800
166917, 4718.97
166925, 4416.41
166933, 4068.21
166941, 3911.28
166948, 4011.79
166957, 4272.82
166965, 4586.67
166971, 4651.79
166979, 4433.85
166988, 4303.08
166996, 4364.62
167003, 4391.28
167011, 4327.18
167019, 4329.74
167026, 4356.41
167034, 4333.33
167042, 4335.9
167050, 4351.79
167057, 4357.44
167066, 4351.79
167073, 4339.49
167081, 4360.51
167089, 4358.46
167096, 4334.87
167104, 4354.87
167112, 4354.36
167121, 4341.54
167129, 4348.72
167137, 4345.64
167144, 4353.85
167151, 4345.13
167159, 4335.38
167168, 4346.67
167176, 4348.72
167183, 4355.9
167191, 4349.23
167199, 4357.44
167207, 4380
167214, 4354.87
167223, 4346.15
167230, 4356.41
167237, 4344.62
167245, 4337.95
167254, 4334.87
167262, 4353.85
167269, 4358.46
167277, 4339.49
167285, 4349.23
167292, 4349.74
167300, 4351.28
167308, 4355.38
167316, 4340
167324, 4352.82
167332, 4359.49
167340, 4347.18
167347, 4344.62
167356, 4350.26
167363, 4366.67
167371, 4354.36
167379, 4348.72
167387, 4358.46
167395, 4332.31
167402, 4341.54
167410, 4370.77
167418, 4354.87
167426, 4337.44
167434, 4338.97
167442, 4357.95
167448, 4355.38
167457, 4341.54
167465, 4353.33
167473, 4344.62
167481, 4347.69
167488, 4355.38
167496, 4338.97
167504, 4356.41
167512, 4359.49
167519, 4343.59
167527, 4348.21
167535, 4344.1
167543, 4350.77
167550, 4356.41
167559, 4356.41
167567, 4356.41
167573, 4340
167582, 4354.36
167590, 4362.05
167598, 4336.41
167606, 4347.69
167614, 4370.26
167620, 4368.72
167628, 4341.03
167637, 4330.77
167645, 4358.46
167652, 4351.79
167660, 4344.62
167668, 4351.28
167676, 4344.1
167684, 4357.44
167692, 4351.28
167700, 4346.15
167707, 4361.54
167715, 4348.21
167722, 4346.67
167730, 4350.26
167739, 4349.23
167746, 4357.44
167754, 4350.77
167762, 4354.36
167769, 4348.72
167778, 4343.08
167785, 4367.69
167793, 4355.9
167801, 4340
167809, 4353.85
167817, 4361.54
167825, 4360
167832, 4340
167840, 4337.44, estimuli
167848, 4352.82
167855, 4352.31
167864, 4353.85
167872, 4348.21
167879, 4362.56
167887, 4375.9
167894, 4344.1
167903, 4349.23
167911, 4362.56
167918, 4336.92
167926, 4337.44
167934, 4345.64
167942, 4347.18
167950, 4340
167957, 4350.77
167965, 4374.87
167973, 4356.41
167981, 4463.59
167989, 4631.79
167996, 4503.08
168004, 4106.67
168012, 3879.49
168020, 4035.38
168027, 4297.44
168036, 4525.13
168043, 4758.97
168051, 4764.1
168059, 4463.08
168067, 4097.44
168075, 3905.13
168083, 4001.03
168090, 4262.05
168098, 4541.54
168106, 4773.85
168114, 4759.49
168122, 4468.21
168130, 4103.08
168136, 3904.1
168145, 3999.49
168153, 4256.41
168161, 4551.79
168169, 4783.59
168177, 4753.33
168184, 4458.46
168192, 4095.9
168200, 3911.28
168208, 3997.44
168216, 4255.38
168222, 4574.87
168231, 4786.67
168239, 4739.49
168247, 4451.28
168255, 4094.36
168263, 3912.82
168270, 3996.41
168277, 4263.08
168285, 4562.56
168294, 4758.97
168302, 4741.54
168309, 4459.49
168317, 4094.36
168325, 3906.67
168333, 3986.15
168340, 4271.28
168348, 4574.36
168355, 4763.59
168363, 4744.62
168372, 4458.97
168380, 4097.44
168388, 3905.13
168396, 3985.64
168402, 4267.69
168410, 4560
168419, 4777.44
168427, 4760
168434, 4448.21
168442, 4098.97
168450, 3913.85
168458, 3992.82
168466, 4268.21
168473, 4547.18
168481, 4760
168489, 4743.08
168497, 4449.23
168505, 4093.33
168513, 3902.05
168520, 4008.21
168528, 4278.46
168535, 4557.44
168543, 4770.77
168552, 4733.33
168560, 4446.15
168568, 4087.69
168575, 3903.08
168583, 4022.56
168591, 4282.05
168598, 4565.13
168607, 4761.54
168614, 4716.92
168622, 4449.23
168630, 4094.87
168637, 3919.49
168646, 4018.97
168654, 4274.87
168661, 4581.03
168668, 4758.97
168677, 4699.49
168684, 4427.18
168693, 4088.21
168699, 3937.44
168708, 4023.08
168716, 4273.33
168723, 4570.77
168732, 4748.72
168740, 4708.21
168747, 4424.1
168755, 4093.33
168762, 3946.67
168770, 4026.67
168778, 4297.44
168785, 4572.31
168793, 4733.33
168801, 4710.77
168810, 4429.74
168818, 4105.64
168826, 3949.74
168832, 4020.51
168841, 4291.79
168849, 4559.49
168857, 4736.92
168865, 4716.92
168872, 4431.79
168879, 4106.15
168887, 3940
168895, 4035.9
168903, 4303.59
168911, 4548.21
168918, 4737.95
168926, 4708.72
168935, 4419.49
168942, 4115.38
168950, 3965.13
168958, 4040
168966, 4287.18
168973, 4560.51
168982, 4625.13
168989, 4418.46
168998, 4300.51
169005, 4365.13
169013, 4365.13
169021, 4336.92
169028, 4348.21
169037, 4345.13
169044, 4345.64
169051, 4349.23
169060, 4354.36
169067, 4347.18
169076, 4353.33
169083, 4375.9
169091, 4351.28
169099, 4338.97
169106, 4356.41
169114, 4353.85
169123, 4349.74
169130, 4340
169137, 4348.72
169146, 4359.49
169153, 4348.21
169162, 4352.82
169170, 4353.85
169177, 4353.85
169185, 4354.36
169193, 4341.54
169201, 4354.36
169209, 4357.44
169217, 4352.82
169224, 4358.97
169231, 4349.74
169240, 4350.77
169248, 4345.13
169256, 4340.51
169263, 4358.46
169271, 4358.46
169279, 4355.9
169287, 4351.79
169295, 4354.87
169303, 4374.36
169310, 4357.44
169318, 4338.97
169325, 4349.23
169333, 4348.72
169342, 4351.79
169348, 4352.31
169357, 4354.87
169364, 4360.51
169373, 4351.79
169381, 4357.95
169388, 4356.92
169396, 4346.67
169403, 4354.87
169412, 4353.85
169420, 4352.82
169428, 4352.31
169435, 4348.72
169442, 4355.9
169451, 4353.85
169459, 4357.44
169467, 4354.87
169475, 4345.64
169481, 4363.08
169490, 4362.56
169498, 4357.44
169505, 4367.18
169514, 4352.31
169522, 4344.1
169529, 4348.21
169537, 4349.74
169545, 4355.38
169552, 4356.41
169560, 4357.44
169568, 4351.79
169576, 4356.92
169584, 4369.23
169592, 4349.23
169599, 4345.13
169607, 4362.56
169615, 4353.33
169623, 4346.67
169631, 4350.77
169639, 4356.92
169647, 4356.92
169654, 4347.18
169662, 4349.74
169670, 4353.33
169678, 4361.03
169686, 4360.51
169693, 4348.21
169701, 4356.41
169708, 4356.41
169717, 4357.95
169725, 4369.74
169733, 4349.23
169739, 4341.03
169748, 4356.92
169756, 4354.87
169764, 4349.74
169771, 4351.28
169779, 4358.46
169787, 4352.82
169795, 4345.13
169803, 4351.79
169811, 4346.15
169819, 4352.31
169825, 4368.21
169833, 4360
169842, 4367.18
169850, 4364.1
169858, 4346.67
169866, 4353.85, estimuli
169872, 4353.85
169880, 4354.87
169888, 4365.64
169897, 4365.13
169905, 4357.95
169911, 4353.33
169919, 4357.44
169927, 4350.77
169935, 4344.62
169943, 4358.97
169952, 4359.49
169959, 4353.85
169966, 4352.82
169974, 4346.67
169983, 4351.79
169991, 4366.67
169998, 4362.56
170006, 4382.05
170014, 4506.15
170022, 4584.1
170030, 4367.18
170038, 4039.49
170045, 3983.08
170053, 4158.97
170061, 4377.95
170068, 4595.9
170077, 4722.05
170083, 4628.72
170091, 4327.69
170099, 4041.03
170107, 3978.46
170116, 4142.05
170123, 4395.38
170131, 4604.1
170139, 4711.28
170147, 4615.38
170154, 4331.28
170162, 4061.54
170170, 3984.1
170177, 4138.97
170186, 4386.15
170194, 4597.44
170202, 4723.59
170210, 4621.54
170217, 4317.95
170225, 4050.26
170232, 3991.28
170240, 4147.18
170248, 4381.03
170257, 4602.05
170264, 4731.28
170272, 4614.36
170280, 4320
170288, 4057.44
170295, 3988.21
170302, 4147.69
170311, 4387.69
170319, 4610.77
170327, 4736.41
170335, 4623.59
170343, 4323.08
170350, 4042.05
170358, 3983.08
170366, 4151.79
170373, 4385.64
170382, 4616.41
170389, 4731.28
170397, 4597.44
170404, 4311.79
170412, 4053.33
170421, 3983.59
170428, 4139.49
170435, 4394.36
170443, 4622.05
170451, 4721.03
170460, 4607.18
170468, 4315.38
170474, 4042.56
170482, 3990.26
170490, 4144.62
170498, 4391.79
170506, 4627.69
170515, 4726.15
170522, 4602.56
170529, 4317.95
170538, 4056.41
170545, 3989.23
170553, 4138.97
170560, 4391.28
170569, 4615.38
170577, 4724.62
170585, 4615.38
170593, 4312.82
170601, 4042.05
170607, 3980.51
170615, 4135.38
170624, 4396.92
170632, 4617.95
170640, 4721.03
170648, 4608.72
170655, 4308.72
170662, 4048.21
170671, 3989.74
170678, 4144.62
170687, 4392.31
170694, 4616.41
170702, 4736.41
170710, 4611.28
170717, 4299.49
170726, 4044.1
170734, 3991.28
170741, 4148.72
170749, 4404.62
170756, 4639.49
170765, 4735.38
170773, 4587.18
170779, 4298.97
170787, 4047.18
170796, 3977.44
170804, 4144.1
170812, 4398.97
170820, 4630.26
170827, 4736.41
170834, 4591.79
170843, 4297.95
170851, 4041.03
170859, 3989.23
170865, 4165.13
170874, 4411.79
170881, 4637.44
170889, 4729.74
170898, 4582.05
170906, 4297.44
170913, 4044.1
170921, 3986.15
170928, 4147.18
170936, 4393.33
170944, 4634.36
170951, 4735.38
170960, 4592.82
170967, 4311.79
170975, 4058.97
170984, 3980.51
170992, 4106.67
170999, 4389.74
171006, 4616.92
171015, 4553.85
171022, 4366.15
171030, 4323.08
171037, 4370.26
171045, 4355.38
171054, 4331.28
171062, 4358.46
171069, 4355.38
171077, 4350.77
171085, 4371.79
171093, 4357.95
171101, 4346.15
171109, 4362.05
171117, 4358.97
171123, 4351.79
171131, 4346.15
171140, 4353.85
171148, 4367.69
171156, 4350.77
171164, 4351.28
171171, 4368.72
171179, 4369.23
171187, 4358.97
171195, 4336.92
171203, 4348.21
171211, 4359.49
171218, 4345.64
171226, 4352.82
171234, 4351.79
171242, 4353.85
171250, 4357.44
171256, 4344.62
171265, 4354.87
171273, 4354.87
171281, 4347.69
171289, 4351.28
171297, 4349.23
171304, 4362.05
171312, 4350.26
171320, 4340.51
171327, 4363.59
171336, 4359.49
171343, 4355.38
171351, 4354.87
171359, 4353.33
171367, 4364.62
171375, 4355.38
171383, 4358.46
171389, 4360.51
171397, 4343.59
171405, 4353.33
171414, 4352.82
171422, 4353.33
171429, 4357.95
171437, 4343.08
171445, 4355.9
171453, 4354.87
171461, 4351.79
171468, 4368.72
171476, 4352.82
171484, 4352.31
171492, 4354.87
171500, 4344.62
171508, 4349.23
171515, 4346.15
171523, 4361.54
171531, 4361.03
171539, 4348.72
171547, 4364.62
171554, 4354.87
171562, 4350.26
171569, 4351.79
171578, 4349.74
171586, 4368.21
171594, 4358.46
171601, 4353.33
171609, 4355.9
171616, 4341.54
171624, 4351.79
171633, 4347.69
171641, 4346.67
171648, 4355.38
171656, 4338.97
171664, 4351.28
171672, 4355.38
171679, 4346.15
171687, 4355.9
171695, 4348.21
171703, 4353.85
171711, 4352.82
171719, 4343.59
171727, 4354.87
171734, 4348.72
171741, 4358.97
171750, 4363.59
171757, 4348.21
171765, 4358.97
171773, 4352.31
171781, 4347.69
171788, 4350.77
171797, 4356.41
171805, 4388.21
171813, 4364.1
171820, 4335.9
171828, 4349.23
171836, 4337.95
171844, 4346.15
171852, 4356.92
171860, 4350.77
171866, 4352.31
171875, 4349.74
171883, 4360
171891, 4353.85
171898, 4356.92, estimuli
171905, 4373.85
171913, 4345.13
171922, 4340
171929, 4350.26
171938, 4335.9
171946, 4349.74
171953, 4360.51
171961, 4357.44
171969, 4344.1
171977, 4336.92
171985, 4352.82
171992, 4342.05
172000, 4346.15
172008, 4351.28
172016, 4363.08
172024, 4401.54
172032, 4349.23
172038, 4395.38
172047, 4607.69
172055, 4575.9
172062, 4188.72
172070, 3875.9
172077, 3957.95
172085, 4213.33
172093, 4469.23
172101, 4752.31
172110, 4820
172118, 4560
172125, 4168.21
172132, 3900.51
172141, 3947.18
172148, 4203.59
172157, 4500.51
172164, 4754.36
172172, 4798.97
172180, 4559.49
172188, 4164.1
172196, 3892.31
172204, 3940
172211, 4195.9
172218, 4499.49
172227, 4749.23
172235, 4808.72
172243, 4571.28
172251, 4151.79
172258, 3892.82
172266, 3938.97
172274, 4191.28
172281, 4508.72
172289, 4747.69
172297, 4798.46
172305, 4556.41
172313, 4159.49
172321, 3911.28
172329, 3929.23
172336, 4191.28
172344, 4513.85
172352, 4745.64
172360, 4798.46
172368, 4540
172376, 4152.82
172383, 3913.85
172390, 3933.33
172398, 4201.03
172407, 4502.56
172415, 4742.05
172423, 4797.95
172430, 4530.77
172438, 4169.74
172446, 3932.31
172453, 3943.08
172462, 4194.87
172469, 4492.31
172477, 4747.69
172485, 4781.54
172493, 4526.15
172501, 4177.44
172509, 3914.87
172516, 3951.28
172524, 4214.87
172532, 4502.05
172540, 4757.44
172548, 4780
172555, 4526.67
172562, 4170.26
172572, 3914.36
172579, 3961.03
172587, 4208.21
172595, 4509.74
172602, 4754.87
172610, 4761.54
172617, 4524.1
172626, 4155.9
172633, 3920.51
172642, 3992.31
172649, 4230.26
172657, 4526.67
172665, 4743.08
172673, 4741.54
172681, 4528.21
172687, 4174.36
172695, 3931.79
172704, 3965.13
172712, 4209.23
172719, 4525.64
172727, 4732.82
172734, 4740
172742, 4516.92
172750, 4170.77
172758, 3949.74
172766, 3972.82
172773, 4219.49
172781, 4525.64
172789, 4727.18
172797, 4750.77
172805, 4508.21
172814, 4154.36
172823, 3950.77
172828, 3985.13
172836, 4242.05
172844, 4531.28
172852, 4724.1
172859, 4748.21
172867, 4502.05
172875, 4161.03
172883, 3949.74
172891, 3982.05
172899, 4238.97
172906, 4512.82
172914, 4718.97
172922, 4740.51
172930, 4486.15
172938, 4162.05
172945, 3961.03
172953, 3996.92
172961, 4230.77
172969, 4497.95
172977, 4729.23
172985, 4746.67
172992, 4489.74
173000, 4165.13
173008, 3964.62
173016, 4009.74
173024, 4231.28
173032, 4500.51
173039, 4643.08
173047, 4495.9
173055, 4320.51
173063, 4351.79
173071, 4386.67
173078, 4343.59
173086, 4336.41
173094, 4352.31
173102, 4355.38
173110, 4354.87
173118, 4360
173125, 4358.46
173133, 4356.92
173141, 4362.05
173149, 4348.72
173157, 4351.79
173164, 4355.38
173172, 4347.18
173180, 4358.46
173188, 4353.85
173196, 4351.79
173204, 4354.87
173211, 4344.1
173219, 4348.72
173227, 4348.72
173235, 4349.74
173243, 4355.38
173250, 4346.67
173258, 4353.85
173266, 4354.87
173274, 4349.23
173282, 4358.46
173290, 4354.87
173297, 4355.38
173305, 4353.85
173313, 4348.21
173321, 4356.41
173329, 4353.33
173336, 4355.9
173344, 4356.92
173352, 4348.72
173360, 4356.92
173368, 4352.31
173376, 4348.72
173383, 4355.38
173391, 4349.74
173399, 4353.33
173407, 4353.33
173415, 4354.36
173422, 4358.46
173430, 4346.67
173438, 4352.31
173446, 4356.92
173454, 4349.74
173462, 4353.85
173469, 4350.77
173477, 4357.44
173485, 4362.05
173493, 4350.26
173501, 4351.79
173508, 4352.31
173516, 4355.9
173524, 4356.41
173532, 4348.72
173540, 4362.05
173548, 4362.56
173555, 4351.28
173563, 4353.33
173571, 4352.82
173579, 4354.36
173587, 4346.67
173595, 4348.21
173602, 4359.49
173610, 4349.74
173618, 4351.79
173626, 4353.85
173634, 4348.72
173641, 4354.36
173649, 4348.72
173657, 4350.77
173665, 4351.79
173673, 4349.74
173680, 4368.72
173688, 4360.51
173696, 4340.51
173704, 4351.79
173712, 4359.49
173720, 4351.79
173727, 4348.21
173735, 4367.18
173743, 4366.15
173751, 4342.56
173759, 4355.9
173767, 4364.1
173774, 4348.72
173782, 4351.79
173790, 4350.77
173798, 4344.1
173806, 4341.54
173813, 4351.28
173821, 4367.69
173829, 4363.59
173837, 4358.46
173845, 4353.33
173853, 4348.72
173860, 4362.56
173868, 4362.05
173876, 4357.44
173884, 4360.51
173892, 4355.38
173899, 4350.26
173907, 4342.05
173915, 4351.79
173923, 4364.62
173931, 4356.92
173939, 4362.05, estimuli
173946, 4353.33
173954, 4342.05
173962, 4356.92
173970, 4355.9
173978, 4347.69
173985, 4348.72
173993, 4357.95
174001, 4357.95
174009, 4340.51
174017, 4357.44
174025, 4372.82
174032, 4348.72
174040, 4342.05
174048, 4341.54
174056, 4357.44
174064, 4375.9
174071, 4352.82
174079, 4435.38
174087, 4587.18
174095, 4503.59
174103, 4169.74
174111, 3971.28
174118, 4075.38
174126, 4257.95
174134, 4474.36
174142, 4701.03
174150, 4705.13
174158, 4464.1
174165, 4162.05
174173, 3995.9
174181, 4053.33
174189, 4250.77
174197, 4495.38
174204, 4692.31
174212, 4692.82
174220, 4470.77
174228, 4170.77
174236, 3998.46
174243, 4049.23
174251, 4255.9
174259, 4506.67
174267, 4694.87
174275, 4701.54
174283, 4484.1
174290, 4180
174298, 3998.97
174306, 4040.51
174314, 4263.08
174322, 4515.38
174330, 4682.05
174337, 4693.85
174345, 4477.44
174353, 4162.56
174361, 3990.77
174369, 4041.54
174376, 4254.36
174384, 4507.69
174392, 4704.1
174400, 4714.36
174408, 4471.28
174416, 4155.9
174423, 3982.05
174431, 4038.97
174439, 4268.72
174447, 4509.74
174455, 4696.41
174462, 4715.38
174470, 4470.77
174478, 4148.21
174486, 3981.54
174494, 4056.92
174502, 4274.87
174509, 4510.77
174517, 4718.46
174525, 4714.36
174533, 4444.1
174541, 4140
174548, 3986.15
174556, 4048.21
174564, 4261.03
174572, 4508.21
174580, 4708.72
174588, 4702.56
174595, 4455.9
174603, 4152.31
174611, 3984.62
174619, 4048.21
174627, 4262.56
174634, 4514.36
174642, 4712.82
174650, 4702.56
174658, 4463.08
174666, 4153.85
174674, 3979.49
174681, 4041.54
174689, 4257.95
174697, 4524.62
174705, 4718.46
174713, 4695.9
174721, 4470.26
174728, 4166.15
174736, 3974.36
174744, 4029.74
174752, 4259.49
174760, 4525.64
174767, 4711.79
174775, 4696.92
174783, 4458.46
174791, 4148.72
174799, 3977.95
174807, 4032.82
174814, 4266.67
174822, 4537.44
174830, 4713.85
174838, 4708.21
174846, 4472.82
174853, 4147.18
174861, 3970.26
174869, 4036.92
174877, 4274.87
174885, 4527.69
174893, 4698.46
174900, 4705.64
174908, 4476.41
174916, 4138.46
174924, 3949.74
174932, 4035.38
174939, 4293.85
174947, 4536.41
174955, 4705.13
174963, 4704.62
174971, 4455.38
174979, 4131.28
174986, 3962.05
174994, 4044.1
175002, 4279.49
175010, 4527.18
175018, 4729.74
175025, 4717.95
175033, 4443.59
175041, 4127.69
175049, 3975.9
175057, 4046.15
175065, 4255.38
175072, 4526.67
175080, 4647.18
175088, 4468.21
175096, 4307.69
175104, 4350.26
175111, 4383.59
175119, 4341.54
175127, 4328.21
175135, 4352.31
175143, 4369.23
175151, 4369.23
175158, 4348.72
175166, 4330.77
175174, 4352.82
175182, 4357.95
175190, 4337.44
175198, 4361.03
175205, 4368.72
175213, 4353.33
175221, 4353.85
175229, 4343.08
175237, 4346.67
175244, 4352.31
175252, 4354.87
175260, 4357.44
175268, 4349.23
175276, 4361.54
175283, 4353.85
175291, 4339.49
175299, 4362.56
175307, 4359.49
175315, 4346.15
175323, 4349.74
175330, 4356.92
175338, 4362.56
175346, 4346.15
175354, 4361.03
175362, 4377.44
175370, 4342.05
175377, 4341.03
175385, 4360.51
175393, 4358.97
175401, 4353.85
175409, 4343.59
175416, 4354.36
175424, 4363.08
175432, 4353.85
175440, 4349.23
175448, 4346.67
175456, 4358.46
175463, 4356.41
175471, 4342.05
175479, 4354.87
175487, 4354.36
175495, 4353.85
175502, 4362.05
175510, 4350.26
175518, 4351.79
175526, 4356.41
175534, 4356.92
175542, 4357.95
175549, 4346.67
175557, 4356.41
175565, 4370.77
175573, 4360.51
175581, 4346.15
175588, 4342.56
175596, 4357.44
175604, 4356.92
175612, 4350.77
175620, 4359.49
175628, 4353.33
175635, 4356.92
175643, 4362.05
175651, 4353.33
175659, 4358.97
175667, 4352.82
175674, 4350.77
175682, 4357.95
175690, 4351.28
175698, 4355.38
175706, 4356.41
175714, 4355.9
175721, 4357.44
175729, 4345.13
175737, 4353.85
175745, 4362.05
175753, 4350.77
175760, 4352.82
175768, 4360
175776, 4368.21
175784, 4361.03
175792, 4348.72
175800, 4359.49
175807, 4358.46
175815, 4354.36
175823, 4356.92
175831, 4354.87
175839, 4358.97
175847, 4351.79
175854, 4346.15
175862, 4347.69
175870, 4340.51
175878, 4350.26
175886, 4364.62
175893, 4362.56
175901, 4340.51
175909, 4330.26
175917, 4363.59
175925, 4369.23
175933, 4347.18
175940, 4350.77
175948, 4354.36
175956, 4358.97
175964, 4354.36
175972, 4346.67
175979, 4364.62
175987, 4366.67, estimuli
175995, 4351.28
176003, 4345.64
176011, 4351.79
176019, 4368.21
176026, 4360.51
176034, 4351.28
176042, 4352.82
176050, 4348.21
176058, 4352.31
176065, 4347.69
176073, 4354.87
176081, 4366.15
176089, 4346.15
176097, 4336.92
176105, 4358.46
176112, 4382.05
176120, 4360
176128, 4397.44
176136, 4556.92
176144, 4550.77
176151, 4242.05
176159, 3974.87
176167, 4018.97
176175, 4242.05
176183, 4475.9
176191, 4674.87
176198, 4718.97
176206, 4522.05
176214, 4217.44
176222, 4003.08
176230, 4008.21
176238, 4218.97
176245, 4465.64
176253, 4665.13
176261, 4727.69
176269, 4533.85
176277, 4212.31
176284, 3989.23
176292, 4013.33
176300, 4230.77
176308, 4466.15
176316, 4672.82
176324, 4731.28
176331, 4528.72
176339, 4214.87
176347, 3995.9
176355, 4008.21
176363, 4222.05
176370, 4477.44
176378, 4684.1
176386, 4736.41
176394, 4539.49
176402, 4205.64
176410, 3976.92
176417, 4010.77
176425, 4226.67
176433, 4474.36
176441, 4688.21
176449, 4732.31
176456, 4529.23
176464, 4208.21
176472, 3990.77
176480, 4010.77
176488, 4209.23
176496, 4474.36
176503, 4694.36
176511, 4724.62
176519, 4522.56
176527, 4207.69
176535, 3986.15
176542, 4004.62
176550, 4214.87
176558, 4482.56
176566, 4693.85
176574, 4721.54
176582, 4521.03
176589, 4210.26
176597, 3994.87
176605, 4002.05
176613, 4201.03
176621, 4473.85
176628, 4690.26
176636, 4729.74
176644, 4528.21
176652, 4197.95
176660, 3976.92
176668, 3996.92
176675, 4213.33
176683, 4488.21
176691, 4693.85
176699, 4727.69
176707, 4523.59
176715, 4198.46
176722, 3977.95
176730, 3990.77
176738, 4216.41
176746, 4488.72
176754, 4693.33
176761, 4741.54
176769, 4525.13
176777, 4184.62
176785, 3973.85
176793, 4005.64
176801, 4235.9
176808, 4498.97
176816, 4700.51
176824, 4737.44
176832, 4515.38
176840, 4189.23
176847, 3971.28
176855, 4000.51
176863, 4240
176871, 4492.82
176879, 4704.62
176887, 4753.85
176894, 4522.05
176902, 4185.64
176910, 3969.23
176918, 4001.03
176926, 4222.05
176933, 4489.74
176941, 4718.97
176949, 4737.95
176957, 4502.05
176965, 4181.03
176973, 3964.62
176980, 3997.44
176988, 4220.51
176996, 4497.44
177004, 4723.08
177012, 4732.31
177019, 4512.82
177027, 4184.62
177035, 3945.13
177043, 3987.18
177051, 4226.67
177059, 4507.18
177066, 4714.87
177074, 4731.79
177082, 4530.26
177090, 4183.08
177098, 3949.23
177105, 3983.59
177113, 4197.95
177121, 4510.26
177129, 4649.23
177137, 4493.33
177145, 4335.38
177152, 4342.05
177160, 4380.51
177168, 4333.85
177176, 4327.69
177184, 4368.21
177191, 4344.1
177199, 4363.08
177207, 4382.05
177215, 4347.69
177223, 4345.64
177231, 4341.54
177238, 4351.79
177246, 4364.1
177254, 4347.69
177262, 4360
177270, 4359.49
177278, 4354.87
177285, 4356.92
177293, 4344.62
177301, 4357.95
177309, 4355.38
177317, 4351.28
177324, 4361.03
177332, 4356.92
177340, 4369.74
177348, 4362.56
177356, 4351.28
177364, 4358.46
177371, 4342.56
177379, 4350.26
177387, 4358.46
177395, 4351.79
177403, 4365.64
177410, 4365.13
177418, 4360.51
177426, 4348.72
177434, 4345.64
177442, 4357.95
177450, 4350.26
177457, 4362.05
177465, 4362.05
177473, 4346.67
177481, 4358.97
177489, 4353.85
177496, 4352.31
177504, 4356.41
177512, 4350.77
177520, 4363.59
177528, 4360
177536, 4356.41
177543, 4360
177551, 4353.85
177559, 4357.44
177567, 4341.54
177575, 4340.51
177582, 4363.08
177590, 4358.97
177598, 4357.44
177606, 4355.38
177614, 4365.64
177622, 4375.9
177629, 4342.05
177637, 4336.92
177645, 4354.36
177653, 4355.38
177661, 4360
177668, 4353.85
177676, 4358.97
177684, 4356.41
177692, 4343.08
177700, 4356.92
177708, 4352.82
177715, 4348.21
177724, 4352.31
177731, 4350.26
177739, 4362.05
177747, 4354.36
177754, 4349.23
177762, 4357.95
177770, 4353.33
177778, 4354.87
177786, 4349.23
177794, 4362.56
177801, 4375.9
177809, 4352.31
177817, 4353.85
177825, 4354.87
177833, 4344.1
177840, 4351.79
177848, 4347.18
177856, 4350.77
177864, 4342.56
177872, 4336.41
177880, 4360.51
177887, 4358.46
177895, 4353.85
177903, 4349.23
177911, 4346.15
177919, 4355.9
177927, 4345.13
177934, 4357.44
177942, 4367.69
177950, 4348.21
177958, 4347.69
177966, 4341.03
177973, 4343.08
177981, 4352.31
177989, 4344.62, estimuli
177997, 4354.36
178005, 4348.72
178013, 4347.69
178020, 4366.15
178028, 4358.46
178036, 4350.77
178044, 4344.62
178052, 4353.85
178059, 4365.13
178067, 4347.18
178075, 4357.95
178083, 4357.44
178091, 4334.36
178099, 4333.85
178106, 4346.15
178114, 4373.33
178122, 4356.92
178130, 4434.36
178138, 4616.92
178145, 4520.51
178153, 4136.92
178161, 3896.92
178169, 4011.28
178177, 4281.54
178185, 4526.15
178192, 4739.49
178200, 4752.82
178208, 4482.56
178216, 4138.46
178224, 3930.26
178231, 4004.1
178239, 4271.28
178247, 4518.97
178255, 4731.28
178263, 4752.31
178271, 4474.36
178278, 4118.97
178286, 3927.18
178294, 4017.44
178302, 4264.62
178310, 4527.18
178317, 4750.26
178325, 4741.54
178333, 4469.74
178341, 4127.18
178349, 3930.77
178357, 4012.31
178364, 4260
178372, 4545.64
178380, 4755.9
178388, 4729.23
178396, 4467.69
178404, 4120.51
178411, 3933.33
178419, 4023.59
178427, 4263.59
178435, 4543.59
178443, 4744.62
178450, 4732.31
178458, 4470.26
178466, 4106.67
178474, 3935.38
178482, 4026.67
178490, 4267.18
178497, 4546.15
178505, 4729.23
178513, 4715.9
178521, 4461.03
178529, 4122.05
178536, 3947.69
178544, 4012.82
178552, 4273.33
178560, 4561.03
178568, 4731.28
178576, 4718.97
178583, 4459.49
178591, 4120.51
178599, 3948.21
178607, 4015.9
178615, 4276.92
178622, 4553.33
178630, 4728.21
178638, 4713.85
178646, 4449.23
178654, 4115.9
178662, 3948.21
178669, 4041.03
178677, 4291.79
178685, 4536.41
178693, 4725.64
178701, 4716.41
178708, 4449.23
178717, 4120
178724, 3932.31
178732, 4029.74
178740, 4294.36
178748, 4536.92
178755, 4735.38
178763, 4720.51
178771, 4447.18
178779, 4124.62
178787, 3944.1
178794, 4036.41
178802, 4288.72
178810, 4547.18
178818, 4744.62
178826, 4714.36
178834, 4445.13
178841, 4120
178849, 3949.23
178857, 4040.51
178865, 4277.44
178873, 4541.54
178880, 4738.46
178888, 4711.79
178896, 4443.08
178904, 4104.62
178912, 3946.15
178920, 4045.64
178927, 4279.49
178935, 4547.18
178943, 4726.67
178951, 4690.77
178959, 4440.51
178967, 4120.51
178974, 3955.9
178982, 4036.41
178990, 4289.23
178998, 4566.15
179006, 4722.05
179013, 4689.23
179021, 4444.1
179029, 4121.03
179037, 3958.97
179045, 4041.54
179053, 4297.44
179060, 4553.85
179068, 4713.85
179076, 4702.56
179084, 4444.1
179092, 4129.74
179099, 3986.67
179107, 4046.15
179115, 4277.95
179123, 4538.97
179131, 4607.18
179139, 4440
179146, 4311.28
179154, 4365.64
179162, 4366.15
179170, 4323.59
179178, 4361.03
179185, 4354.87
179193, 4342.05
179201, 4351.28
179209, 4348.21
179217, 4360.51
179225, 4350.77
179232, 4354.36
179240, 4358.46
179248, 4349.74
179256, 4358.46
179264, 4351.28
179271, 4361.03
179279, 4365.64
179287, 4346.15
179295, 4356.41
179303, 4359.49
179311, 4362.56
179318, 4355.38
179326, 4331.79
179334, 4351.28
179342, 4354.87
179350, 4346.15
179357, 4360.51
179365, 4353.85
179373, 4357.95
179381, 4357.44
179389, 4356.41
179397, 4368.72
179404, 4348.21
179412, 4348.21
179420, 4361.54
179428, 4360.51
179436, 4364.62
179444, 4349.74
179451, 4355.9
179460, 4363.08
179467, 4346.67
179475, 4353.33
179483, 4353.85
179490, 4359.49
179498, 4367.69
179506, 4362.05
179514, 4379.49
179522, 4362.56
179530, 4333.85
179537, 4347.69
179545, 4354.87
179553, 4361.03
179561, 4355.9
179569, 4346.67
179576, 4362.56
179584, 4360
179592, 4355.38
179600, 4354.36
179608, 4350.77
179616, 4363.08
179623, 4356.41
179631, 4349.74
179639, 4358.46
179647, 4364.62
179655, 4370.26
179662, 4353.33
179670, 4354.87
179678, 4366.67
179686, 4348.72
179694, 4352.31
179702, 4358.97
179709, 4356.92
179717, 4369.74
179725, 4364.62
179733, 4355.9
179741, 4350.77
179748, 4346.67
179756, 4358.97
179764, 4365.13
179772, 4370.77
179780, 4364.62
179788, 4348.72
179795, 4362.05
179803, 4367.69
179811, 4362.05
179819, 4356.92
179827, 4349.74
179834, 4355.38
179842, 4349.74
179850, 4352.31
179858, 4361.03
179866, 4358.46
179874, 4368.72
179881, 4355.9
179889, 4348.21
179897, 4370.26
179905, 4361.54
179913, 4357.95
179921, 4372.82
179928, 4362.56
179936, 4348.72
179944, 4347.69
179952, 4355.9
179960, 4357.44
179967, 4356.41
179975, 4362.05
179983, 4354.87
179991, 4355.9
179999, 4358.97, estimuli
180007, 4352.82
180014, 4365.64
180022, 4365.13
180030, 4354.87
180038, 4355.9
180046, 4354.87
180053, 4364.62
180061, 4362.05
180069, 4354.87
180077, 4367.18
180085, 4366.67
180093, 4360.51
180101, 4348.21
180108, 4343.08
180116, 4372.82
180124, 4377.95
180132, 4358.46
180139, 4444.62
180147, 4579.49
180155, 4495.38
180163, 4171.28
180171, 3981.54
180179, 4092.82
180186, 4291.28
180194, 4491.28
180202, 4670.77
180210, 4685.64
180218, 4473.33
180225, 4168.72
180233, 4008.21
180241, 4069.74
180249, 4271.79
180257, 4505.13
180266, 4675.38
180272, 4682.56
180280, 4475.9
180288, 4181.03
180296, 4012.31
180304, 4066.15
180312, 4280
180320, 4510.77
180327, 4674.36
180335, 4688.21
180343, 4483.59
180351, 4183.59
180358, 4001.03
180366, 4048.21
180374, 4268.72
180382, 4505.13
180390, 4683.59
180397, 4698.97
180405, 4470.26
180413, 4166.67
180421, 4005.64
180430, 4064.62
180437, 4274.87
180444, 4498.97
180452, 4681.03
180460, 4696.92
180468, 4462.56
180476, 4163.59
180484, 4010.26
180491, 4070.77
180499, 4274.87
180507, 4509.74
180515, 4699.49
180523, 4690.26
180530, 4452.82
180538, 4162.56
180546, 4002.05
180554, 4075.9
180562, 4291.28
180570, 4510.77
180577, 4686.15
180585, 4682.05
180593, 4454.36
180601, 4165.64
180609, 4004.1
180616, 4062.56
180624, 4270.77
180632, 4510.77
180640, 4690.77
180648, 4677.44
180656, 4456.92
180663, 4171.79
180671, 4002.56
180679, 4058.46
180687, 4274.36
180695, 4520.51
180702, 4693.85
180710, 4684.1
180718, 4457.95
180726, 4160
180734, 4007.18
180742, 4072.31
180749, 4281.03
180757, 4524.1
180765, 4694.36
180773, 4678.46
180781, 4451.79
180788, 4161.03
180796, 4006.67
180804, 4067.69
180812, 4278.46
180820, 4511.79
180828, 4681.54
180835, 4678.97
180843, 4448.72
180852, 4165.64
180859, 4019.49
180867, 4064.1
180874, 4269.74
180882, 4513.33
180890, 4691.28
180898, 4683.59
180906, 4443.59
180914, 4148.72
180921, 4000
180929, 4069.23
180938, 4287.69
180945, 4521.54
180953, 4692.82
180960, 4679.49
180968, 4447.69
180976, 4154.87
180990, 3988.21
180992, 4061.03
181000, 4293.85
181007, 4527.69
181015, 4700
181023, 4684.62
181031, 4440
181039, 4141.54
181046, 3990.26
181054, 4072.82
181062, 4286.67
181070, 4520.51
181078, 4704.1
181086, 4678.97
181093, 4434.36
181101, 4149.23
181109, 4010.77
181117, 4070.26
181126, 4267.69
181132, 4524.1
181140, 4614.87
181148, 4449.23
181156, 4314.87
181164, 4359.49
181172, 4394.87
181179, 4347.18
181187, 4330.77
181195, 4347.18
181203, 4351.28
181211, 4356.41
181219, 4355.38
181226, 4350.26
181234, 4358.97
181242, 4359.49
181250, 4350.77
181258, 4353.33
181265, 4354.87
181273, 4357.44
181281, 4351.79
181289, 4344.62
181297, 4356.92
181305, 4361.54
181312, 4356.41
181320, 4352.31
181328, 4351.28
181336, 4358.46
181344, 4356.41
181351, 4356.41
181359, 4357.44
181367, 4355.9
181375, 4371.28
181383, 4372.31
181391, 4357.95
181398, 4350.26
181406, 4344.62
181414, 4353.33
181422, 4360.51
181430, 4359.49
181437, 4358.46
181445, 4353.33
181453, 4355.38
181461, 4354.36
181469, 4353.33
181477, 4361.54
181484, 4354.87
181492, 4356.41
181500, 4363.59
181508, 4352.82
181516, 4354.36
181523, 4360
181531, 4354.36
181539, 4353.33
181547, 4355.9
181555, 4358.46
181563, 4354.36
181570, 4358.46
181578, 4370.77
181586, 4368.72
181594, 4357.95
181602, 4341.54
181610, 4345.13
181617, 4364.1
181625, 4352.31
181633, 4344.1
181641, 4360
181649, 4365.13
181656, 4354.87
181664, 4344.62
181672, 4358.46
181680, 4368.72
181688, 4358.97
181695, 4356.41
181703, 4352.82
181711, 4352.82
181719, 4354.87
181727, 4348.21
181735, 4355.9
181742, 4360.51
181750, 4354.36
181758, 4356.92
181766, 4366.67
181774, 4373.33
181782, 4362.56
181789, 4355.9
181797, 4362.56
181805, 4354.36
181813, 4355.38
181821, 4364.1
181828, 4350.77
181836, 4341.03
181844, 4348.21
181852, 4357.44
181860, 4350.77
181868, 4349.74
181875, 4363.08
181883, 4358.46
181891, 4358.97
181899, 4362.05
181907, 4346.67
181914, 4351.28
181922, 4355.9
181930, 4351.79
181938, 4356.92
181946, 4354.87
181954, 4357.44
181961, 4361.03
181969, 4353.85
181977, 4349.23
181985, 4358.46
181993, 4382.05
182000, 4368.21
182008, 4336.41
182016, 4353.85, estimuli
182024, 4370.26
182032, 4354.36
182040, 4348.21
182047, 4358.46
182055, 4361.54
182063, 4353.85
182071, 4359.49
182079, 4364.1
182087, 4353.33
182094, 4355.38
182102, 4356.41
182110, 4356.92
182118, 4362.56
182127, 4345.13
182134, 4341.54
182141, 4371.79
182150, 4374.36
182157, 4400
182165, 4524.1
182172, 4560.51
182181, 4307.69
182188, 4015.9
182196, 4032.31
182205, 4233.85
182212, 4428.72
182219, 4613.33
182228, 4693.85
182236, 4565.64
182243, 4282.05
182252, 4046.15
182259, 4023.08
182267, 4195.38
182274, 4438.97
182282, 4633.85
182290, 4695.38
182298, 4557.95
182305, 4276.41
182314, 4041.03
182321, 4011.28
182329, 4192.82
182338, 4440
182346, 4631.28
182353, 4706.67
182361, 4561.54
182368, 4260
182377, 4033.33
182384, 4021.54
182392, 4200.51
182400, 4437.95
182407, 4642.56
182416, 4713.85
182423, 4549.74
182431, 4262.05
182438, 4041.54
182447, 4013.33
182454, 4191.79
182463, 4432.82
182471, 4638.46
182478, 4714.87
182486, 4552.82
182494, 4261.03
182501, 4036.41
182510, 4015.9
182518, 4200
182524, 4436.41
182533, 4636.41
182540, 4704.62
182548, 4544.62
182556, 4262.05
182565, 4041.03
182571, 4025.13
182580, 4203.08
182588, 4431.79
182596, 4637.95
182603, 4709.74
182611, 4547.18
182618, 4261.54
182626, 4048.72
182634, 4028.72
182643, 4185.13
182650, 4430.26
182658, 4648.21
182666, 4701.54
182674, 4543.59
182681, 4261.54
182690, 4033.33
182696, 4017.95
182704, 4200
182712, 4446.15
182720, 4644.62
182729, 4703.59
182736, 4545.13
182744, 4251.28
182751, 4046.15
182759, 4037.44
182768, 4185.13
182775, 4433.33
182782, 4659.49
182790, 4706.15
182798, 4533.85
182806, 4255.9
182814, 4035.9
182822, 4012.31
182830, 4208.21
182837, 4462.05
182845, 4643.59
182853, 4704.1
182861, 4551.79
182869, 4251.28
182877, 4022.56
182884, 4014.36
182893, 4206.67
182901, 4446.67
182909, 4643.08
182915, 4711.79
182924, 4544.62
182932, 4248.72
182940, 4033.33
182948, 4023.08
182954, 4208.72
182963, 4447.69
182970, 4649.74
182978, 4711.79
182986, 4533.33
182995, 4241.03
183002, 4030.77
183010, 4029.23
183017, 4218.97
183026, 4451.79
183033, 4648.21
183041, 4709.74
183048, 4544.62
183056, 4249.23
183065, 4024.1
183072, 4025.64
183081, 4215.38
183088, 4451.28
183096, 4653.85
183104, 4698.97
183111, 4524.1
183119, 4248.72
183127, 4049.23
183134, 4037.95
183142, 4189.23
183151, 4437.95
183158, 4606.15
183166, 4508.21
183174, 4334.87
183182, 4333.85
183189, 4386.67
183198, 4352.31
183205, 4331.28
183213, 4354.87
183221, 4357.95
183229, 4357.44
183237, 4364.62
183244, 4362.56
183252, 4359.49
183260, 4354.87
183267, 4343.59
183275, 4351.79
183283, 4362.05
183292, 4356.92
183300, 4355.38
183306, 4353.85
183314, 4362.05
183322, 4362.56
183330, 4350.77
183338, 4357.44
183345, 4364.62
183353, 4362.05
183361, 4358.46
183369, 4352.31
183377, 4354.87
183386, 4353.33
183393, 4352.82
183400, 4358.46
183408, 4353.33
183417, 4356.41
183424, 4355.9
183432, 4349.23
183440, 4353.85
183448, 4348.72
183456, 4352.31
183464, 4366.15
183472, 4363.59
183478, 4357.44
183487, 4353.33
183494, 4357.44
183502, 4358.97
183511, 4353.85
183517, 4360
183525, 4357.95
183534, 4357.44
183541, 4360.51
183550, 4351.79
183557, 4358.97
183564, 4361.54
183573, 4352.82
183581, 4355.9
183589, 4351.28
183596, 4355.38
183604, 4363.08
183611, 4358.46
183620, 4355.38
183627, 4355.38
183636, 4361.03
183644, 4355.9
183651, 4350.77
183659, 4365.64
183667, 4363.59
183674, 4357.44
183682, 4355.9
183690, 4349.23
183697, 4357.95
183706, 4361.54
183713, 4356.92
183722, 4355.38
183729, 4355.38
183736, 4363.59
183744, 4358.46
183752, 4356.41
183761, 4358.46
183768, 4346.15
183775, 4346.15
183783, 4352.82
183791, 4355.9
183799, 4357.95
183807, 4345.64
183815, 4345.64
183822, 4353.33
183831, 4351.79
183838, 4357.95
183846, 4352.82
183854, 4348.21
183862, 4355.9
183869, 4349.23
183877, 4349.23
183885, 4364.1
183894, 4372.31
183901, 4361.54
183908, 4347.69
183916, 4358.46
183924, 4356.41
183932, 4350.26
183941, 4358.46
183948, 4350.26
183956, 4354.87
183963, 4358.97
183972, 4346.67
183979, 4351.28
183987, 4352.31
183994, 4351.79
184003, 4355.9
184010, 4354.36
184019, 4360
184026, 4352.82
184034, 4350.26
184042, 4355.38, estimuli
184049, 4345.64
184057, 4350.26
184065, 4344.1
184073, 4347.18
184080, 4366.15
184088, 4342.05
184097, 4338.97
184104, 4364.1
184112, 4349.74
184120, 4339.49
184128, 4345.64
184135, 4360.51
184143, 4357.95
184152, 4329.74
184160, 4333.33
184166, 4360
184174, 4373.33
184182, 4359.49
184190, 4441.03
184198, 4616.92
184207, 4512.82
184213, 4115.38
184221, 3906.15
184230, 4037.44
184237, 4286.15
184246, 4524.62
184253, 4731.79
184260, 4753.33
184269, 4475.9
184277, 4114.87
184284, 3924.62
184292, 4010.77
184299, 4287.69
184307, 4536.41
184315, 4727.18
184323, 4746.15
184331, 4470.26
184339, 4116.41
184346, 3930.77
184354, 4015.9
184362, 4272.31
184370, 4537.95
184378, 4751.79
184385, 4742.05
184393, 4461.03
184402, 4114.87
184409, 3925.13
184417, 4013.85
184425, 4274.36
184432, 4553.33
184440, 4756.41
184448, 4728.72
184456, 4463.59
184464, 4117.95
184472, 3921.54
184480, 4015.9
184487, 4285.64
184495, 4569.74
184503, 4755.9
184511, 4734.87
184518, 4478.46
184526, 4112.82
184535, 3907.18
184542, 3990.26
184551, 4261.54
184557, 4566.67
184566, 4768.21
184574, 4744.1
184582, 4462.05
184589, 4107.69
184598, 3929.74
184604, 4009.74
184613, 4277.44
184621, 4566.67
184629, 4758.46
184636, 4742.05
184643, 4462.05
184651, 4109.74
184660, 3921.54
184667, 3999.49
184675, 4278.97
184683, 4565.64
184690, 4763.08
184698, 4751.28
184706, 4460
184714, 4105.64
184722, 3928.72
184730, 4011.28
184737, 4268.21
184746, 4554.87
184754, 4779.49
184761, 4751.28
184769, 4440
184777, 4086.15
184784, 3906.67
184792, 4014.36
184800, 4288.72
184808, 4561.54
184816, 4773.85
184824, 4745.13
184832, 4446.15
184839, 4096.92
184847, 3914.87
184855, 4010.77
184862, 4277.44
184871, 4573.33
184878, 4787.69
184886, 4741.54
184894, 4444.1
184902, 4090.26
184909, 3905.64
184918, 4009.23
184926, 4285.64
184933, 4589.74
184942, 4786.15
184949, 4727.18
184956, 4440
184964, 4093.33
184973, 3912.82
184981, 4005.13
184988, 4273.33
184996, 4582.56
185003, 4783.08
185011, 4738.97
185019, 4443.59
185027, 4083.08
185035, 3918.97
185043, 4017.44
185051, 4283.08
185058, 4582.56
185066, 4775.9
185075, 4740.51
185082, 4443.08
185090, 4080.51
185098, 3911.79
185106, 4009.23
185114, 4283.08
185121, 4576.92
185129, 4783.08
185136, 4762.05
185145, 4444.62
185153, 4071.79
185161, 3914.36
185168, 4004.1
185176, 4268.72
185184, 4571.28
185191, 4657.44
185200, 4458.46
185207, 4298.97
185215, 4358.97
185223, 4383.08
185230, 4331.79
185239, 4345.64
185247, 4354.36
185254, 4353.33
185262, 4354.87
185270, 4346.67
185278, 4351.28
185285, 4352.31
185293, 4370.26
185300, 4368.72
185308, 4345.13
185317, 4353.33
185325, 4352.82
185333, 4349.74
185339, 4357.95
185347, 4360.51
185355, 4361.03
185363, 4341.03
185371, 4341.54
185379, 4353.85
185386, 4343.08
185395, 4352.82
185403, 4363.08
185411, 4356.41
185418, 4353.33
185426, 4354.87
185433, 4359.49
185442, 4343.08
185449, 4343.08
185458, 4364.62
185465, 4351.28
185473, 4350.26
185480, 4364.62
185489, 4356.41
185497, 4355.9
185505, 4352.82
185511, 4347.69
185519, 4348.72
185528, 4349.23
185536, 4355.9
185543, 4356.41
185551, 4370.77
185558, 4371.28
185566, 4338.46
185575, 4346.15
185583, 4361.54
185591, 4349.74
185598, 4348.72
185605, 4355.38
185614, 4361.03
185621, 4347.69
185629, 4347.18
185637, 4364.62
185645, 4354.36
185653, 4362.05
185660, 4369.23
185668, 4351.28
185676, 4351.79
185683, 4351.79
185692, 4354.36
185699, 4359.49
185707, 4347.69
185716, 4351.28
185724, 4351.28
185730, 4347.18
185738, 4355.9
185747, 4357.44
185754, 4362.05
185763, 4366.67
185769, 4363.59
185777, 4348.72
185786, 4332.82
185794, 4352.31
185802, 4359.49
185810, 4348.72
185816, 4360.51
185825, 4357.95
185833, 4353.85
185841, 4354.36
185849, 4351.79
185856, 4354.87
185864, 4344.1
185871, 4354.87
185880, 4366.15
185887, 4345.64
185896, 4351.79
185903, 4360.51
185910, 4354.36
185918, 4351.79
185926, 4347.69
185935, 4358.46
185943, 4358.97
185949, 4351.28
185958, 4350.77
185965, 4355.38
185974, 4373.33
185981, 4352.82
185989, 4328.21
185996, 4350.77
186005, 4360
186012, 4360.51
186021, 4362.56
186028, 4355.38
186036, 4355.38
186044, 4342.56
186052, 4344.1
186060, 4360
186067, 4353.85
186074, 4356.41, estimuli
186083, 4355.9
186091, 4351.28
186099, 4356.41
186107, 4357.95
186115, 4360
186121, 4349.74
186129, 4349.23
186137, 4362.05
186146, 4355.38
186154, 4353.33
186160, 4349.23
186168, 4358.46
186176, 4373.85
186185, 4339.49
186192, 4323.59
186200, 4365.13
186207, 4378.46
186215, 4396.41
186224, 4538.46
186232, 4633.85
186239, 4381.03
186247, 3974.36
186254, 3897.95
186263, 4116.92
186271, 4381.03
186279, 4648.21
186286, 4793.33
186293, 4678.46
186302, 4335.38
186309, 3999.49
186317, 3920.51
186326, 4092.31
186333, 4374.36
186340, 4644.1
186349, 4798.97
186356, 4684.1
186365, 4319.49
186372, 3995.9
186380, 3920.51
186388, 4093.85
186396, 4380.51
186404, 4640
186411, 4794.36
186419, 4681.54
186426, 4322.56
186435, 3998.97
186443, 3908.72
186451, 4086.15
186459, 4384.1
186466, 4649.23
186473, 4804.62
186482, 4675.9
186490, 4316.92
186498, 4002.05
186506, 3908.72
186513, 4082.05
186521, 4377.44
186529, 4659.49
186536, 4815.9
186544, 4667.69
186552, 4304.62
186560, 3989.23
186568, 3914.87
186576, 4100
186584, 4374.36
186591, 4658.46
186599, 4823.59
186606, 4667.69
186614, 4298.46
186623, 3978.46
186630, 3907.69
186638, 4101.54
186646, 4402.05
186653, 4685.64
186662, 4804.1
186670, 4648.21
186678, 4308.21
186685, 3989.74
186693, 3913.85
186701, 4095.38
186709, 4389.74
186717, 4675.9
186724, 4795.38
186731, 4642.05
186740, 4298.46
186748, 3993.85
186756, 3932.31
186764, 4102.56
186770, 4389.23
186779, 4668.21
186787, 4791.28
186795, 4649.23
186803, 4309.74
186810, 4006.15
186818, 3915.9
186826, 4075.9
186833, 4392.31
186841, 4677.95
186850, 4800.51
186857, 4648.21
186864, 4285.13
186872, 3992.82
186880, 3925.13
186888, 4091.79
186897, 4402.56
186903, 4679.49
186911, 4800.51
186919, 4654.87
186928, 4297.44
186936, 3982.05
186943, 3906.15
186951, 4103.59
186959, 4409.74
186967, 4673.33
186974, 4803.59
186983, 4652.82
186990, 4297.95
186997, 3987.18
187006, 3909.74
187013, 4111.79
187021, 4406.15
187029, 4660
187036, 4795.9
187045, 4646.67
187052, 4289.23
187061, 3983.08
187068, 3921.54
187076, 4112.82
187083, 4398.46
187091, 4686.15
187099, 4818.46
187107, 4636.41
187114, 4277.44
187122, 3973.33
187130, 3914.87
187139, 4111.28
187146, 4406.15
187154, 4691.28
187162, 4805.13
187170, 4631.79
187178, 4290.26
187186, 4004.1
187194, 3935.9
187201, 4074.87
187208, 4388.21
187216, 4673.33
187224, 4603.08
187232, 4352.31
187240, 4302.56
187247, 4381.03
187256, 4366.67
187263, 4327.69
187271, 4349.74
187279, 4354.36
187287, 4348.21
187294, 4355.9
187302, 4353.33
187311, 4360.51
187318, 4358.97
187326, 4346.67
187333, 4360
187341, 4358.46
187349, 4347.18
187357, 4349.23
187366, 4345.64
187373, 4352.82
187381, 4354.36
187389, 4350.77
187396, 4357.95
187405, 4346.15
187412, 4346.67
187420, 4367.69
187428, 4364.1
187436, 4346.15
187444, 4338.97
187452, 4356.41
187458, 4357.95
187466, 4343.08
187475, 4355.38
187483, 4353.33
187491, 4347.18
187499, 4357.95
187506, 4355.38
187514, 4357.95
187521, 4352.82
187529, 4350.77
187538, 4358.46
187545, 4349.74
187553, 4351.28
187560, 4351.79
187568, 4353.33
187576, 4364.1
187584, 4352.82
187592, 4354.87
187600, 4362.56
187608, 4350.26
187615, 4351.28
187624, 4360.51
187631, 4370.77
187638, 4361.03
187646, 4343.08
187654, 4357.95
187662, 4357.44
187670, 4353.33
187677, 4364.1
187685, 4356.41
187693, 4348.72
187701, 4341.54
187709, 4350.26
187717, 4369.23
187724, 4357.95
187733, 4352.31
187740, 4353.85
187748, 4346.67
187756, 4352.31
187763, 4354.36
187771, 4356.41
187779, 4355.9
187788, 4352.82
187795, 4355.9
187803, 4349.23
187810, 4355.38
187818, 4356.92
187827, 4348.72
187834, 4368.72
187842, 4359.49
187849, 4337.95
187858, 4352.31
187865, 4351.79
187873, 4351.28
187881, 4355.38
187890, 4355.38
187897, 4364.62
187904, 4358.97
187913, 4353.85
187920, 4350.26
187929, 4342.05
187935, 4348.21
187944, 4352.82
187951, 4358.46
187960, 4351.79
187967, 4344.1
187975, 4357.95
187983, 4355.38
187990, 4351.28
187999, 4355.38
188007, 4350.77
188015, 4359.49
188022, 4354.36
188029, 4353.85
188037, 4372.31
188045, 4358.97
188054, 4343.59
188061, 4349.23
188068, 4360
188076, 4359.49
188085, 4340.51
188092, 4347.18
188100, 4355.38
188108, 4351.28
188116, 4357.44, estimuli
188124, 4352.82
188132, 4354.36
188139, 4355.38
188148, 4346.67
188154, 4352.82
188162, 4354.36
188171, 4356.41
188178, 4353.85
188186, 4345.64
188194, 4364.62
188201, 4362.56
188210, 4345.64
188218, 4350.77
188225, 4341.54
188233, 4353.33
188240, 4390.26
188248, 4368.21
188256, 4376.41
188264, 4545.13
188272, 4627.18
188280, 4324.1
188287, 3933.33
188295, 3912.82
188303, 4144.62
188311, 4411.28
188319, 4678.97
188326, 4795.9
188334, 4640.51
188343, 4284.62
188351, 3976.41
188359, 3921.03
188366, 4113.85
188373, 4421.54
188381, 4682.56
188389, 4793.85
188398, 4645.13
188405, 4281.03
188412, 3963.08
188420, 3908.72
188428, 4122.05
188436, 4421.54
188444, 4679.49
188452, 4815.9
188460, 4644.1
188468, 4265.13
188476, 3978.97
188483, 3916.92
188491, 4103.59
188499, 4414.87
188506, 4686.67
188514, 4807.69
188522, 4637.44
188530, 4275.38
188539, 3974.36
188545, 3911.79
188553, 4120.51
188561, 4428.21
188569, 4693.85
188578, 4806.67
188586, 4627.18
188593, 4272.31
188600, 3970.77
188609, 3911.28
188616, 4121.54
188624, 4431.28
188632, 4707.69
188640, 4803.59
188647, 4618.97
188656, 4278.46
188664, 3974.36
188672, 3910.26
188678, 4112.82
188686, 4423.08
188694, 4706.67
188702, 4795.38
188710, 4602.56
188717, 4267.69
188726, 3982.05
188733, 3912.82
188741, 4099.49
188749, 4429.23
188757, 4719.49
188765, 4797.95
188772, 4617.44
188780, 4269.23
188788, 3968.21
188796, 3923.08
188803, 4120
188811, 4432.31
188820, 4707.69
188827, 4796.41
188835, 4619.49
188844, 4258.97
188850, 3969.23
188858, 3933.33
188866, 4128.21
188874, 4430.77
188882, 4692.31
188889, 4792.31
188897, 4623.59
188905, 4264.62
188913, 3966.67
188921, 3910.26
188929, 4121.54
188936, 4441.54
188944, 4698.97
188952, 4803.59
188960, 4630.77
188968, 4262.56
188976, 3956.92
188984, 3905.13
188991, 4127.69
188999, 4441.03
189007, 4703.59
189015, 4813.33
189022, 4624.1
189030, 4253.85
189038, 3960
189046, 3915.9
189054, 4142.56
189061, 4453.33
189069, 4708.72
189078, 4797.44
189085, 4606.15
189094, 4256.41
189101, 3955.38
189108, 3908.21
189116, 4131.28
189124, 4435.9
189133, 4710.26
189141, 4805.13
189148, 4607.69
189155, 4252.31
189164, 3964.62
189171, 3928.72
189183, 4134.36
189187, 4437.95
189195, 4715.38
189203, 4797.44
189211, 4598.97
189218, 4249.74
189227, 3971.79
189234, 3934.87
189241, 4114.36
189249, 4437.95
189257, 4677.95
189265, 4581.54
189274, 4360
189281, 4317.44
189288, 4369.74
189296, 4352.82
189304, 4334.87
189312, 4357.44
189320, 4345.13
189328, 4341.54
189335, 4356.92
189344, 4352.31
189351, 4348.21
189360, 4348.72
189366, 4350.77
189374, 4358.97
189383, 4350.77
189390, 4355.38
189398, 4361.54
189407, 4345.13
189413, 4353.85
189422, 4356.92
189430, 4345.13
189438, 4350.77
189446, 4354.36
189452, 4350.26
189460, 4343.08
189468, 4361.03
189477, 4380.51
189485, 4358.97
189492, 4342.05
189499, 4341.54
189508, 4349.74
189515, 4358.97
189524, 4347.18
189532, 4350.77
189538, 4354.36
189547, 4346.67
189554, 4357.44
189562, 4356.92
189571, 4355.38
189578, 4357.44
189585, 4350.77
189594, 4357.44
189601, 4360
189610, 4359.49
189618, 4356.92
189624, 4351.79
189632, 4362.56
189640, 4358.97
189649, 4348.21
189656, 4351.28
189664, 4349.23
189671, 4361.03
189679, 4359.49
189687, 4345.13
189695, 4349.74
189704, 4336.92
189712, 4342.56
189718, 4365.13
189727, 4354.87
189734, 4343.59
189743, 4345.64
189751, 4359.49
189757, 4357.95
189765, 4346.67
189773, 4357.44
189782, 4354.87
189789, 4353.33
189797, 4353.85
189804, 4347.18
189813, 4356.92
189821, 4349.23
189828, 4347.69
189836, 4367.18
189843, 4357.44
189851, 4352.31
189860, 4353.33
189867, 4345.13
189875, 4356.41
189883, 4365.13
189890, 4360.51
189898, 4350.26
189906, 4347.18
189914, 4360.51
189922, 4354.87
189930, 4345.13
189937, 4351.28
189945, 4351.79
189953, 4354.87
189961, 4350.77
189969, 4356.92
189976, 4361.54
189984, 4341.54
189992, 4346.15
190001, 4361.03
190008, 4363.08
190016, 4364.1
190023, 4354.36
190031, 4353.33
190039, 4350.26
190047, 4344.1
190055, 4353.85
190062, 4352.82
190070, 4354.87
190078, 4361.03
190086, 4358.97
190094, 4367.18
190101, 4361.03
190109, 4352.31
190117, 4351.79
190125, 4349.74
190133, 4361.54
190141, 4356.41
190148, 4351.79
190156, 4363.08
190164, 4348.72, estimuli
190172, 4344.1
190180, 4357.44
190187, 4355.9
190195, 4344.62
190203, 4339.49
190211, 4355.38
190220, 4355.9
190227, 4350.26
190234, 4360.51
190242, 4352.82
190250, 4356.41
190258, 4360.51
190266, 4341.54
190274, 4340
190281, 4351.28
190289, 4382.56
190297, 4370.77
190305, 4356.41
190313, 4525.13
190320, 4648.21
190328, 4393.85
190336, 3987.69
190344, 3892.82
190352, 4112.82
190360, 4366.67
190367, 4627.69
190375, 4815.38
190383, 4694.36
190391, 4338.97
190399, 4018.46
190406, 3923.59
190414, 4082.05
190422, 4349.74
190430, 4630.77
190438, 4806.67
190446, 4685.64
190453, 4338.97
190461, 4008.21
190469, 3915.38
190477, 4089.23
190485, 4366.15
190492, 4641.54
190500, 4809.23
190508, 4701.54
190516, 4341.54
190524, 3994.87
190532, 3914.36
190539, 4082.56
190547, 4356.41
190555, 4642.05
190563, 4802.05
190571, 4685.64
190579, 4341.54
190586, 4013.33
190594, 3924.1
190602, 4084.1
190610, 4372.82
190618, 4646.15
190625, 4776.92
190633, 4665.13
190641, 4336.41
190649, 4015.38
190657, 3916.92
190665, 4077.95
190672, 4382.05
190680, 4651.79
190688, 4783.59
190696, 4671.28
190704, 4330.26
190711, 4005.64
190719, 3919.49
190727, 4089.23
190735, 4368.21
190743, 4629.74
190751, 4793.85
190758, 4682.05
190766, 4324.1
190774, 4003.59
190782, 3914.36
190790, 4085.13
190797, 4377.44
190805, 4652.31
190813, 4804.62
190821, 4669.74
190829, 4323.59
190837, 4007.69
190844, 3911.28
190852, 4091.28
190860, 4376.41
190868, 4654.36
190876, 4828.72
190883, 4687.69
190891, 4318.46
190899, 4001.54
190907, 3916.41
190915, 4084.62
190923, 4372.82
190930, 4660
190938, 4799.49
190946, 4658.97
190954, 4317.44
190962, 3990.26
190969, 3907.18
190977, 4089.74
190985, 4377.44
190993, 4662.05
191001, 4796.92
191009, 4653.33
191016, 4322.05
191024, 4011.79
191032, 3924.1
191040, 4086.67
191048, 4379.49
191055, 4665.13
191063, 4791.28
191071, 4653.85
191079, 4320.51
191087, 4012.31
191095, 3926.67
191102, 4083.59
191110, 4379.49
191118, 4658.46
191126, 4784.62
191134, 4657.95
191141, 4329.74
191149, 4020
191157, 3920.51
191165, 4084.62
191173, 4394.36
191181, 4657.44
191188, 4779.49
191196, 4660
191204, 4318.46
191212, 4003.08
191220, 3919.49
191228, 4095.9
191235, 4396.41
191243, 4658.97
191251, 4791.28
191259, 4653.33
191267, 4306.67
191274, 4014.36
191282, 3937.44
191290, 4087.69
191298, 4383.08
191306, 4633.85
191313, 4607.69
191321, 4377.44
191329, 4308.21
191337, 4383.08
191345, 4357.95
191353, 4333.33
191360, 4365.64
191368, 4361.54
191376, 4350.77
191384, 4337.44
191392, 4342.56
191400, 4354.36
191407, 4354.87
191415, 4355.38
191423, 4344.62
191431, 4352.31
191439, 4362.05
191446, 4356.92
191454, 4356.41
191462, 4347.18
191470, 4351.28
191478, 4357.44
191486, 4344.62
191493, 4349.74
191501, 4359.49
191509, 4356.92
191517, 4351.28
191525, 4343.08
191532, 4350.77
191540, 4358.46
191548, 4356.92
191556, 4358.46
191564, 4364.1
191572, 4367.69
191579, 4350.26
191587, 4345.13
191595, 4363.08
191603, 4352.31
191611, 4342.05
191618, 4346.15
191626, 4349.23
191634, 4360.51
191642, 4353.85
191650, 4350.77
191658, 4358.46
191665, 4346.15
191673, 4344.62
191681, 4349.23
191689, 4354.87
191697, 4357.95
191704, 4347.18
191712, 4354.87
191720, 4357.95
191728, 4345.13
191736, 4347.18
191744, 4351.79
191751, 4365.64
191759, 4367.69
191767, 4353.33
191775, 4358.46
191783, 4365.64
191791, 4364.1
191798, 4347.18
191806, 4333.85
191814, 4350.26
191822, 4354.87
191830, 4353.33
191837, 4357.95
191845, 4352.82
191853, 4356.41
191861, 4352.82
191869, 4349.23
191876, 4357.95
191884, 4358.46
191892, 4369.23
191900, 4365.64
191908, 4347.18
191916, 4344.62
191923, 4339.49
191931, 4349.74
191939, 4358.46
191947, 4345.64
191955, 4343.08
191963, 4350.77
191970, 4365.13
191978, 4367.69
191986, 4364.1
191994, 4367.18
192002, 4344.62
192009, 4342.56
192017, 4357.95
192025, 4349.23
192033, 4346.15
192041, 4348.72
192049, 4352.82
192056, 4354.87
192064, 4350.26
192072, 4354.87
192080, 4349.74
192088, 4350.26
192095, 4360
192103, 4351.79
192111, 4352.82
192119, 4356.41
192127, 4354.36
192135, 4356.41
192142, 4347.18
192150, 4353.85
192158, 4357.44
192166, 4349.23, estimuli
192174, 4357.44
192181, 4354.87
192189, 4353.33
192197, 4364.1
192205, 4363.59
192213, 4350.77
192221, 4337.44
192228, 4348.21
192236, 4360.51
192244, 4349.23
192252, 4354.87
192260, 4357.44
192267, 4349.23
192275, 4345.13
192283, 4346.15
192291, 4373.33
192299, 4352.82
192307, 4382.56
192314, 4577.95
192322, 4614.87
192330, 4287.18
192338, 3934.36
192346, 3938.46
192354, 4178.46
192361, 4417.95
192369, 4673.85
192377, 4804.62
192385, 4620.51
192393, 4254.36
192400, 3975.9
192408, 3959.49
192416, 4149.74
192424, 4408.21
192432, 4681.03
192440, 4795.38
192447, 4606.67
192455, 4263.59
192463, 3986.67
192471, 3943.59
192479, 4136.41
192486, 4426.67
192494, 4697.44
192502, 4789.74
192510, 4608.21
192518, 4260
192526, 3975.9
192533, 3953.85
192541, 4153.85
192549, 4432.82
192557, 4692.82
192565, 4785.64
192572, 4602.05
192580, 4250.77
192588, 3976.41
192596, 3933.85
192604, 4134.36
192612, 4460.51
192619, 4709.74
192627, 4770.77
192635, 4600.51
192643, 4260.51
192651, 3972.31
192658, 3925.64
192666, 4139.49
192674, 4447.18
192682, 4688.21
192690, 4784.62
192698, 4610.77
192705, 4248.21
192713, 3967.18
192721, 3933.85
192729, 4147.69
192737, 4446.67
192744, 4692.82
192752, 4790.26
192760, 4606.67
192768, 4247.18
192776, 3964.1
192784, 3931.79
192791, 4153.85
192799, 4447.69
192807, 4700.51
192815, 4794.87
192823, 4604.62
192830, 4260
192838, 3970.26
192846, 3925.64
192854, 4146.15
192862, 4436.41
192870, 4695.9
192877, 4798.46
192885, 4592.31
192893, 4230.77
192901, 3965.13
192909, 3942.56
192916, 4147.18
192924, 4443.08
192932, 4714.87
192940, 4792.82
192948, 4585.13
192956, 4236.41
192963, 3967.18
192971, 3949.23
192979, 4153.33
192987, 4444.1
192995, 4711.79
193003, 4785.64
193010, 4591.28
193018, 4242.56
193026, 3961.54
193034, 3950.26
193042, 4173.33
193049, 4461.54
193057, 4694.36
193065, 4769.23
193073, 4595.38
193081, 4239.49
193089, 3961.03
193096, 3941.03
193104, 4152.31
193112, 4454.36
193120, 4697.95
193128, 4776.41
193135, 4596.92
193143, 4240.51
193151, 3966.67
193159, 3944.1
193167, 4160.51
193175, 4462.05
193182, 4702.05
193190, 4780.51
193198, 4592.31
193206, 4235.38
193214, 3967.69
193221, 3947.69
193229, 4164.62
193237, 4457.44
193245, 4709.23
193253, 4797.95
193261, 4580
193268, 4215.38
193276, 3969.23
193284, 3949.74
193292, 4147.18
193300, 4454.36
193307, 4655.38
193315, 4554.87
193323, 4334.36
193331, 4322.05
193339, 4390.77
193347, 4353.85
193354, 4334.87
193362, 4350.26
193370, 4355.38
193378, 4358.46
193386, 4348.21
193394, 4350.26
193401, 4350.77
193409, 4354.36
193417, 4354.87
193425, 4347.18
193433, 4354.36
193440, 4353.33
193448, 4360.51
193456, 4370.26
193464, 4348.72
193472, 4337.44
193480, 4350.26
193487, 4364.62
193495, 4355.38
193503, 4343.59
193511, 4366.67
193519, 4366.67
193526, 4343.59
193534, 4346.67
193542, 4357.44
193550, 4366.15
193558, 4356.41
193566, 4355.9
193573, 4372.31
193581, 4357.95
193589, 4350.26
193597, 4355.9
193605, 4351.28
193612, 4355.9
193620, 4352.31
193628, 4354.87
193636, 4357.95
193644, 4350.77
193652, 4358.97
193659, 4355.9
193667, 4350.77
193675, 4355.38
193683, 4349.74
193691, 4357.44
193698, 4358.97
193706, 4356.92
193714, 4358.97
193722, 4349.23
193730, 4355.38
193738, 4352.82
193745, 4346.67
193753, 4363.08
193761, 4360.51
193769, 4356.92
193777, 4360
193785, 4355.9
193792, 4356.41
193800, 4347.69
193808, 4352.31
193816, 4358.46
193824, 4352.82
193831, 4355.9
193839, 4350.77
193847, 4351.79
193855, 4356.41
193863, 4348.72
193870, 4357.44
193878, 4357.95
193886, 4353.85
193894, 4356.92
193902, 4347.69
193910, 4355.9
193917, 4358.97
193925, 4348.21
193933, 4349.23
193941, 4350.77
193949, 4359.49
193957, 4349.74
193964, 4343.08
193972, 4366.15
193980, 4359.49
193988, 4347.18
193996, 4352.82
194003, 4353.85
194011, 4360.51
194019, 4357.44
194027, 4355.9
194035, 4358.97
194043, 4352.82
194050, 4360.51
194058, 4356.41
194066, 4343.59
194074, 4356.41
194082, 4367.69
194089, 4365.13
194097, 4347.18
194105, 4345.64
194113, 4360
194121, 4350.77
194129, 4354.36
194136, 4359.49
194144, 4355.9
194152, 4365.64
194160, 4356.92
194168, 4354.36
194175, 4360.51, estimuli
194183, 4351.28
194191, 4350.26
194199, 4352.31
194207, 4357.95
194215, 4354.36
194222, 4346.15
194230, 4364.1
194238, 4362.05
194246, 4350.26
194254, 4359.49
194261, 4354.36
194269, 4349.74
194277, 4348.21
194285, 4358.97
194293, 4369.23
194301, 4358.97
194308, 4361.54
194316, 4408.21
194324, 4535.38
194332, 4581.54
194340, 4328.72
194347, 4007.69
194355, 3975.38
194363, 4173.33
194371, 4418.46
194379, 4642.56
194387, 4748.21
194394, 4611.28
194402, 4291.79
194410, 4031.79
194418, 3983.08
194426, 4155.9
194434, 4421.54
194441, 4641.03
194449, 4742.05
194457, 4600
194465, 4286.67
194473, 4031.28
194480, 3986.15
194488, 4174.87
194496, 4426.67
194504, 4631.79
194512, 4740.51
194520, 4598.46
194527, 4283.08
194535, 4034.87
194543, 3993.33
194551, 4163.08
194559, 4407.69
194566, 4637.44
194574, 4735.9
194582, 4572.82
194590, 4279.49
194598, 4043.08
194606, 3999.49
194613, 4165.64
194621, 4412.82
194629, 4654.36
194637, 4743.59
194645, 4573.33
194652, 4275.9
194660, 4041.54
194668, 4007.18
194676, 4172.82
194684, 4421.03
194692, 4646.67
194699, 4729.23
194707, 4583.08
194715, 4288.72
194723, 4034.87
194731, 3993.85
194738, 4157.44
194746, 4409.23
194754, 4639.49
194762, 4720
194770, 4575.38
194778, 4279.49
194785, 4037.44
194793, 4003.08
194801, 4165.13
194809, 4424.62
194817, 4642.05
194824, 4710.77
194832, 4572.31
194840, 4280.51
194848, 4040.51
194856, 4007.18
194864, 4173.85
194871, 4426.67
194879, 4637.44
194887, 4714.87
194895, 4574.36
194903, 4282.05
194911, 4043.59
194918, 4008.72
194926, 4185.64
194934, 4430.26
194942, 4627.69
194950, 4714.87
194957, 4571.28
194965, 4270.77
194973, 4043.59
194981, 4009.74
194989, 4176.41
194996, 4427.18
195004, 4637.44
195012, 4720
195020, 4568.21
195028, 4271.28
195036, 4037.95
195043, 4008.21
195051, 4184.62
195059, 4427.18
195067, 4642.05
195075, 4724.1
195083, 4562.05
195090, 4266.15
195098, 4038.46
195106, 4017.95
195114, 4189.23
195122, 4420
195129, 4641.03
195137, 4728.72
195145, 4562.05
195153, 4261.03
195161, 4036.41
195169, 4020
195176, 4186.67
195184, 4425.13
195192, 4645.64
195200, 4713.85
195208, 4555.38
195215, 4271.79
195223, 4040.51
195231, 4020
195239, 4187.18
195247, 4426.67
195255, 4644.1
195262, 4703.08
195270, 4540
195278, 4268.72
195286, 4062.05
195294, 4025.13
195301, 4162.56
195309, 4428.72
195317, 4612.31
195325, 4522.05
195333, 4341.54
195341, 4334.36
195348, 4400.51
195356, 4356.92
195364, 4318.46
195373, 4353.33
195380, 4356.92
195387, 4348.72
195395, 4353.33
195403, 4356.92
195411, 4361.54
195419, 4355.9
195427, 4353.33
195434, 4356.92
195442, 4358.46
195450, 4367.69
195458, 4359.49
195466, 4341.03
195473, 4356.92
195481, 4364.1
195489, 4349.74
195497, 4349.23
195505, 4358.97
195513, 4358.97
195520, 4346.15
195528, 4350.26
195536, 4362.56
195544, 4355.38
195552, 4351.79
195560, 4361.54
195567, 4368.72
195575, 4361.54
195583, 4345.64
195591, 4346.67
195599, 4356.92
195606, 4364.1
195614, 4362.05
195622, 4350.26
195630, 4361.03
195638, 4365.13
195646, 4346.67
195653, 4351.79
195661, 4360.51
195669, 4356.92
195677, 4354.87
195685, 4349.23
195692, 4351.79
195700, 4356.41
195708, 4351.79
195716, 4352.82
195724, 4351.28
195732, 4355.38
195739, 4362.56
195747, 4356.41
195755, 4356.92
195763, 4364.1
195771, 4366.15
195778, 4352.82
195786, 4341.54
195794, 4355.9
195802, 4350.26
195810, 4341.54
195818, 4358.97
195825, 4351.79
195833, 4343.59
195841, 4357.95
195849, 4363.59
195857, 4356.41
195864, 4345.64
195872, 4352.82
195880, 4356.41
195888, 4343.59
195896, 4351.28
195904, 4363.08
195911, 4358.97
195919, 4349.23
195927, 4347.18
195935, 4353.85
195943, 4351.79
195950, 4353.85
195958, 4357.95
195966, 4350.77
195974, 4358.46
195982, 4367.69
195990, 4358.97
195997, 4346.15
196005, 4346.67
196013, 4357.95
196021, 4353.33
196029, 4349.74
196036, 4352.82
196044, 4342.56
196052, 4351.79
196060, 4363.59
196068, 4355.38
196076, 4357.44
196083, 4353.85
196091, 4351.79
196099, 4359.49
196107, 4354.36
196115, 4348.72
196122, 4352.82
196130, 4363.59
196138, 4357.95
196146, 4346.67
196154, 4354.87
196162, 4356.92
196169, 4356.41
196177, 4355.38
196185, 4363.59
196193, 4376.41, estimuli
196201, 4354.36
196209, 4336.41
196216, 4352.31
196224, 4355.9
196232, 4352.82
196240, 4355.38
196248, 4361.54
196255, 4362.56
196263, 4350.77
196271, 4350.77
196279, 4359.49
196287, 4360
196295, 4356.41
196302, 4345.13
196310, 4350.77
196318, 4377.44
196326, 4370.77
196334, 4358.46
196341, 4467.69
196349, 4594.36
196357, 4436.41
196365, 4090.77
196373, 3980.51
196381, 4132.31
196388, 4340
196396, 4564.62
196404, 4715.9
196412, 4648.72
196420, 4386.67
196427, 4109.23
196435, 3997.44
196443, 4106.15
196451, 4342.56
196459, 4564.62
196467, 4710.26
196474, 4660
196482, 4385.13
196490, 4103.59
196498, 3998.46
196506, 4103.08
196513, 4333.33
196521, 4557.44
196529, 4714.36
196537, 4668.21
196545, 4392.82
196553, 4105.13
196560, 3987.69
196568, 4091.28
196576, 4324.62
196584, 4562.56
196592, 4724.1
196599, 4668.21
196607, 4397.95
196615, 4100.51
196623, 3973.85
196631, 4094.87
196639, 4332.82
196646, 4563.59
196654, 4721.03
196662, 4654.87
196670, 4383.59
196678, 4102.05
196685, 3989.23
196693, 4108.72
196701, 4339.49
196709, 4570.77
196717, 4718.46
196725, 4647.18
196732, 4380.51
196740, 4101.03
196748, 3994.87
196756, 4105.13
196764, 4333.85
196772, 4581.03
196779, 4719.49
196787, 4640.51
196795, 4385.64
196803, 4114.87
196811, 4006.15
196818, 4105.64
196826, 4330.77
196834, 4571.28
196842, 4707.69
196850, 4644.1
196858, 4386.15
196865, 4092.82
196873, 3981.03
196881, 4102.05
196889, 4343.08
196897, 4574.87
196904, 4712.31
196912, 4651.28
196920, 4384.1
196928, 4100
196936, 3990.77
196944, 4104.62
196951, 4348.21
196959, 4575.9
196967, 4713.33
196975, 4651.28
196983, 4374.36
196991, 4091.79
196998, 3992.31
197006, 4112.82
197014, 4353.85
197022, 4585.13
197030, 4722.05
197037, 4636.92
197045, 4359.49
197053, 4093.33
197061, 3992.31
197069, 4109.23
197076, 4346.15
197084, 4574.36
197092, 4722.05
197100, 4646.15
197108, 4364.1
197116, 4082.05
197123, 3983.08
197131, 4114.36
197139, 4342.05
197147, 4576.92
197155, 4731.79
197163, 4639.49
197170, 4357.44
197178, 4090.26
197186, 3993.85
197194, 4111.79
197202, 4347.18
197209, 4586.67
197217, 4716.92
197225, 4638.46
197233, 4385.13
197241, 4098.97
197249, 3980.51
197256, 4104.62
197264, 4352.31
197272, 4592.82
197280, 4718.97
197288, 4633.85
197295, 4370.26
197303, 4096.92
197311, 3998.97
197319, 4092.31
197327, 4331.79
197335, 4583.59
197348, 4589.23
197350, 4405.13
197358, 4322.56
197366, 4368.21
197374, 4367.69
197381, 4334.87
197389, 4359.49
197397, 4360
197405, 4351.28
197413, 4366.67
197421, 4357.95
197428, 4361.03
197436, 4370.77
197444, 4356.92
197452, 4349.23
197460, 4352.31
197468, 4358.46
197475, 4356.41
197483, 4353.33
197491, 4361.03
197499, 4353.85
197507, 4351.79
197514, 4357.95
197522, 4347.18
197530, 4354.87
197538, 4365.64
197546, 4350.77
197554, 4345.13
197561, 4356.41
197569, 4366.15
197577, 4352.82
197585, 4342.56
197593, 4356.92
197600, 4354.87
197608, 4348.21
197616, 4351.79
197624, 4351.79
197632, 4360.51
197640, 4363.59
197647, 4357.44
197655, 4349.74
197663, 4349.74
197671, 4360
197679, 4352.31
197686, 4352.82
197694, 4365.64
197702, 4354.36
197710, 4350.77
197718, 4354.36
197726, 4355.38
197733, 4363.59
197741, 4356.92
197749, 4354.87
197757, 4357.44
197765, 4352.31
197772, 4353.33
197780, 4352.82
197788, 4357.44
197796, 4358.46
197804, 4348.72
197812, 4358.46
197819, 4366.15
197827, 4356.41
197835, 4346.67
197843, 4357.95
197851, 4376.92
197858, 4351.79
197866, 4341.54
197874, 4379.49
197882, 4382.56
197890, 4358.46
197898, 4353.33
197905, 4356.92
197913, 4356.41
197921, 4351.79
197929, 4358.46
197937, 4360
197945, 4348.21
197952, 4342.56
197960, 4340.51
197968, 4352.31
197976, 4356.92
197984, 4348.21
197991, 4356.41
197999, 4358.97
198007, 4356.92
198015, 4360
198023, 4357.95
198031, 4358.97
198038, 4353.33
198046, 4357.95
198054, 4368.21
198062, 4350.77
198070, 4347.69
198077, 4360
198085, 4357.44
198093, 4355.9
198101, 4353.33
198109, 4353.85
198117, 4354.87
198124, 4356.41
198132, 4362.56
198140, 4356.92
198148, 4358.46
198156, 4362.05
198163, 4352.31
198171, 4352.31
198179, 4351.79
198187, 4351.79
198195, 4355.9
198203, 4351.79
198210, 4356.92
198218, 4353.33, estimuli
198226, 4350.77
198234, 4363.08
198242, 4352.82
198249, 4351.28
198257, 4366.15
198265, 4363.59
198273, 4349.74
198281, 4346.67
198289, 4359.49
198296, 4355.38
198304, 4346.15
198312, 4360
198320, 4357.95
198328, 4346.15
198335, 4360.51
198343, 4375.9
198351, 4363.08
198359, 4423.59
198367, 4570.26
198375, 4527.18
198382, 4207.69
198390, 3978.97
198398, 4054.87
198406, 4268.72
198414, 4488.21
198422, 4666.67
198429, 4701.54
198437, 4508.72
198445, 4191.79
198453, 3995.38
198461, 4046.67
198468, 4265.13
198477, 4489.23
198484, 4666.15
198492, 4706.67
198500, 4491.28
198507, 4175.38
198515, 3997.44
198523, 4042.05
198531, 4253.85
198539, 4494.87
198547, 4687.69
198554, 4709.74
198562, 4481.03
198570, 4179.49
198578, 4007.69
198586, 4045.64
198594, 4250.26
198601, 4496.41
198609, 4691.79
198617, 4694.87
198625, 4469.23
198633, 4183.59
198640, 4004.62
198648, 4043.59
198656, 4252.31
198664, 4498.46
198672, 4702.05
198680, 4700
198687, 4463.08
198695, 4174.36
198703, 4005.13
198711, 4049.23
198719, 4250.77
198726, 4495.9
198734, 4694.36
198742, 4700
198750, 4480.51
198758, 4185.13
198766, 4004.62
198773, 4047.69
198781, 4258.46
198789, 4508.72
198797, 4682.56
198805, 4680.51
198813, 4482.05
198820, 4191.79
198828, 4005.13
198836, 4043.59
198844, 4254.36
198852, 4508.72
198859, 4684.62
198867, 4688.72
198875, 4489.23
198883, 4188.21
198891, 3996.41
198899, 4034.87
198906, 4259.49
198914, 4516.41
198922, 4682.56
198930, 4685.13
198938, 4477.95
198945, 4180.51
198953, 4002.56
198961, 4046.67
198969, 4266.67
198977, 4512.82
198985, 4684.62
198992, 4688.72
199000, 4466.67
199008, 4173.33
199016, 4006.67
199024, 4050.26
199031, 4261.54
199039, 4503.59
199047, 4687.18
199055, 4696.41
199063, 4467.18
199071, 4171.79
199078, 4009.74
199086, 4055.9
199094, 4255.38
199102, 4496.92
199110, 4694.87
199117, 4688.72
199125, 4449.74
199133, 4162.05
199141, 3994.87
199149, 4055.38
199157, 4269.23
199164, 4503.59
199172, 4697.44
199180, 4697.95
199188, 4463.08
199196, 4168.72
199203, 4001.54
199211, 4051.79
199219, 4263.08
199227, 4520.51
199235, 4695.9
199243, 4673.85
199250, 4464.1
199258, 4175.38
199266, 3998.46
199274, 4056.41
199282, 4267.18
199289, 4523.08
199297, 4711.79
199305, 4687.18
199313, 4451.79
199321, 4167.18
199329, 4014.36
199336, 4048.72
199344, 4243.59
199352, 4517.44
199360, 4614.36
199368, 4456.41
199375, 4319.49
199383, 4352.31
199391, 4378.97
199399, 4331.79
199407, 4345.13
199415, 4373.33
199422, 4352.82
199430, 4353.33
199438, 4362.05
199446, 4357.44
199454, 4351.28
199462, 4348.21
199469, 4361.54
199477, 4360.51
199485, 4347.69
199493, 4356.92
199501, 4365.13
199508, 4356.41
199516, 4345.13
199524, 4348.72
199532, 4355.9
199540, 4350.26
199548, 4357.44
199555, 4354.87
199563, 4340
199571, 4353.85
199579, 4358.97
199587, 4351.79
199594, 4360
199602, 4358.97
199610, 4355.9
199618, 4350.26
199626, 4350.77
199634, 4365.64
199641, 4360.51
199649, 4353.85
199657, 4352.82
199665, 4354.36
199673, 4358.97
199680, 4346.67
199691, 4351.28
199699, 4361.03
199708, 4354.36
199716, 4361.03
199720, 4371.28
199727, 4363.08
199735, 4350.26
199743, 4347.18
199751, 4354.87
199759, 4354.87
199766, 4356.41
199774, 4357.95
199782, 4350.26
199790, 4352.82
199798, 4350.26
199806, 4352.31
199813, 4360.51
199821, 4346.67
199829, 4356.41
199837, 4368.21
199845, 4351.79
199852, 4351.28
199860, 4360.51
199868, 4365.13
199876, 4358.46
199884, 4350.77
199892, 4356.41
199899, 4353.85
199907, 4356.41
199915, 4364.62
199923, 4364.1
199931, 4363.59
199938, 4353.33
199946, 4349.74
199954, 4356.41
199962, 4351.79
199970, 4353.33
199978, 4354.87
199985, 4356.41
199993, 4362.05
200001, 4354.36
200009, 4355.9
200017, 4356.92
200024, 4354.36
200032, 4360.51
200040, 4352.82
200048, 4352.31
200056, 4357.44
200064, 4349.74
200071, 4353.85
200079, 4357.95
200087, 4354.87
200095, 4351.79
200103, 4350.26
200111, 4362.56
200118, 4367.18
200126, 4368.21
200134, 4365.13
200142, 4351.28
200150, 4355.38
200157, 4355.38
200165, 4352.31
200173, 4364.1
200181, 4363.59
200189, 4351.79
200197, 4341.54
200204, 4346.15
200212, 4358.46
200220, 4349.74
200228, 4351.79
200236, 4361.54
200243, 4352.82
200251, 4354.87, estimuli
200259, 4357.95
200267, 4356.41
200275, 4357.44
200283, 4355.38
200290, 4359.49
200298, 4352.31
200306, 4347.69
200314, 4354.87
200322, 4357.44
200329, 4368.72
200337, 4363.59
200345, 4345.13
200353, 4348.21
200361, 4352.31
200369, 4354.87
200376, 4364.62
200384, 4370.77
200392, 4362.05
200400, 4439.49
200408, 4590.77
200415, 4509.23
200423, 4168.21
200431, 3970.26
200439, 4070.77
200447, 4287.18
200455, 4512.31
200462, 4691.28
200470, 4689.23
200478, 4457.44
200486, 4153.33
200494, 3988.72
200502, 4050.26
200509, 4284.1
200517, 4524.1
200525, 4681.54
200533, 4685.13
200541, 4466.67
200548, 4167.69
200556, 3996.41
200564, 4056.92
200572, 4283.08
200580, 4515.9
200588, 4689.23
200595, 4690.26
200603, 4458.46
200611, 4160.51
200619, 3992.31
200627, 4052.31
200634, 4276.92
200642, 4524.62
200650, 4702.56
200658, 4681.03
200666, 4454.87
200674, 4166.67
200681, 3982.05
200689, 4046.67
200697, 4283.59
200705, 4529.23
200713, 4701.03
200720, 4674.87
200728, 4444.62
200736, 4159.49
200744, 3997.44
200752, 4066.15
200760, 4294.36
200767, 4540
200775, 4693.85
200783, 4664.1
200791, 4446.67
200799, 4155.9
200806, 3995.38
200814, 4069.23
200822, 4286.15
200830, 4531.28
200838, 4700.51
200846, 4672.82
200853, 4441.03
200861, 4153.33
200869, 4005.64
200877, 4068.21
200885, 4282.56
200892, 4533.85
200900, 4695.38
200908, 4673.33
200916, 4445.64
200924, 4150.26
200932, 3991.28
200939, 4058.97
200947, 4294.87
200955, 4540.51
200963, 4689.74
200971, 4673.85
200978, 4452.31
200986, 4158.97
200994, 3991.28
201002, 4053.85
201010, 4293.33
201018, 4541.54
201025, 4701.54
201033, 4679.49
201041, 4441.54
201049, 4147.69
201057, 3989.23
201065, 4063.08
201072, 4294.36
201080, 4535.38
201088, 4712.31
201096, 4686.15
201104, 4430.77
201111, 4142.05
201119, 3990.26
201127, 4063.08
201135, 4289.23
201143, 4529.74
201151, 4707.18
201158, 4678.46
201166, 4429.74
201174, 4144.62
201182, 4002.05
201190, 4082.56
201197, 4290.77
201205, 4524.1
201213, 4706.67
201221, 4676.41
201229, 4430.26
201237, 4145.13
201244, 4002.56
201252, 4073.85
201260, 4284.1
201268, 4543.59
201276, 4722.05
201283, 4673.85
201291, 4430.26
201300, 4147.18
201307, 4001.03
201315, 4073.33
201323, 4291.79
201330, 4539.49
201338, 4703.08
201346, 4666.67
201354, 4425.64
201362, 4141.54
201369, 4005.64
201377, 4057.44
201385, 4269.74
201393, 4547.18
201401, 4623.59
201409, 4454.87
201416, 4323.59
201424, 4356.41
201432, 4383.59
201440, 4337.95
201448, 4343.08
201455, 4364.1
201463, 4352.82
201471, 4354.36
201479, 4355.38
201487, 4357.95
201495, 4349.74
201502, 4347.18
201510, 4366.67
201518, 4361.54
201526, 4348.72
201534, 4351.79
201542, 4348.72
201549, 4353.85
201557, 4356.41
201565, 4354.36
201573, 4361.03
201581, 4355.38
201588, 4349.74
201596, 4358.97
201604, 4367.69
201612, 4365.13
201620, 4351.28
201628, 4352.31
201635, 4358.46
201643, 4350.26
201651, 4352.82
201659, 4356.41
201667, 4358.46
201674, 4356.92
201682, 4349.74
201690, 4360
201698, 4360
201706, 4352.82
201714, 4356.92
201721, 4353.33
201729, 4357.95
201738, 4355.9
201745, 4351.79
201753, 4358.97
201760, 4355.9
201768, 4358.46
201776, 4356.41
201784, 4344.62
201792, 4353.85
201800, 4360.51
201807, 4354.87
201815, 4352.82
201823, 4363.08
201831, 4367.69
201839, 4347.18
201846, 4343.59
201854, 4358.97
201862, 4353.33
201870, 4354.36
201878, 4360.51
201886, 4361.03
201893, 4362.05
201901, 4356.41
201909, 4360.51
201917, 4357.95
201925, 4353.33
201932, 4361.54
201940, 4353.33
201948, 4350.26
201956, 4357.44
201964, 4355.38
201972, 4353.85
201979, 4354.36
201987, 4364.1
201995, 4359.49
202003, 4347.18
202011, 4360
202018, 4362.56
202026, 4362.05
202034, 4363.08
202042, 4344.62
202050, 4350.26
202058, 4363.08
202065, 4351.79
202073, 4348.21
202081, 4355.38
202089, 4356.41
202097, 4352.31
202105, 4356.92
202112, 4354.36
202120, 4346.67
202128, 4362.05
202136, 4365.13
202144, 4351.28
202151, 4356.41
202159, 4356.92
202167, 4361.03
202175, 4365.64
202183, 4350.26
202191, 4352.82
202198, 4361.03
202206, 4360.51
202214, 4356.41
202222, 4346.15
202230, 4359.49
202237, 4372.82
202245, 4363.59
202253, 4349.23
202261, 4338.97
202269, 4355.9
202277, 4363.59
202284, 4351.28
202292, 4353.33, estimuli
202300, 4360.51
202308, 4365.64
202316, 4360
202323, 4355.38
202331, 4364.1
202339, 4357.44
202347, 4357.95
202355, 4365.64
202363, 4357.44
202370, 4355.9
202378, 4351.79
202386, 4353.33
202394, 4360
202402, 4351.79
202409, 4353.85
202417, 4365.13
202425, 4364.62
202433, 4364.1
202441, 4465.13
202449, 4593.33
202456, 4465.64
202464, 4126.67
202472, 3966.67
202480, 4097.44
202488, 4314.87
202495, 4525.64
202503, 4698.97
202511, 4682.05
202519, 4425.64
202527, 4126.15
202535, 3990.26
202542, 4076.92
202550, 4313.33
202558, 4543.08
202566, 4697.44
202574, 4676.92
202582, 4427.69
202589, 4130.77
202597, 3985.64
202605, 4077.44
202613, 4314.36
202621, 4541.03
202628, 4702.05
202636, 4672.31
202644, 4422.56
202652, 4134.36
202660, 3986.15
202667, 4074.87
202675, 4306.15
202683, 4543.59
202691, 4718.97
202699, 4678.46
202707, 4411.79
202714, 4121.03
202722, 3993.85
202730, 4091.79
202738, 4312.31
202746, 4544.1
202754, 4698.97
202761, 4652.82
202769, 4415.38
202777, 4130.77
202785, 3986.67
202794, 4078.97
202800, 4311.79
202808, 4562.05
202816, 4714.87
202824, 4660.51
202832, 4416.41
202840, 4125.13
202847, 3995.38
202855, 4098.97
202863, 4318.97
202871, 4546.67
202879, 4700
202886, 4664.62
202894, 4414.36
202902, 4117.44
202910, 3991.28
202918, 4085.13
202926, 4314.87
202933, 4555.9
202941, 4705.13
202949, 4665.13
202957, 4415.38
202965, 4124.1
202972, 3989.23
202980, 4077.95
202988, 4319.49
202996, 4561.03
203004, 4704.62
203012, 4664.62
203019, 4413.33
203027, 4121.54
203035, 3987.18
203043, 4084.62
203051, 4328.72
203058, 4564.62
203066, 4714.87
203074, 4663.08
203082, 4395.9
203090, 4110.77
203098, 3981.54
203105, 4083.08
203113, 4321.03
203121, 4550.77
203129, 4706.67
203137, 4654.36
203144, 4397.44
203152, 4121.54
203160, 3990.77
203168, 4089.74
203176, 4322.56
203184, 4557.95
203191, 4713.85
203199, 4654.87
203207, 4400
203215, 4122.05
203223, 3996.92
203230, 4097.44
203238, 4321.03
203246, 4564.62
203254, 4720.51
203262, 4648.72
203270, 4398.46
203277, 4121.54
203285, 3985.64
203293, 4084.62
203301, 4324.62
203309, 4572.82
203316, 4713.33
203324, 4643.08
203332, 4389.23
203340, 4108.21
203348, 3993.85
203356, 4093.85
203363, 4324.62
203371, 4580
203379, 4718.46
203387, 4641.03
203395, 4391.79
203403, 4129.74
203410, 4009.74
203418, 4078.97
203426, 4317.44
203434, 4564.62
203442, 4584.1
203449, 4410.26
203457, 4309.23
203465, 4366.67
203473, 4387.18
203481, 4341.03
203489, 4350.77
203496, 4354.36
203504, 4343.08
203512, 4355.9
203520, 4355.9
203528, 4354.36
203535, 4351.79
203543, 4352.31
203551, 4360
203559, 4355.38
203567, 4354.87
203575, 4354.36
203582, 4349.74
203590, 4356.92
203598, 4352.31
203606, 4347.69
203614, 4354.87
203621, 4355.9
203629, 4355.38
203637, 4350.26
203645, 4356.92
203653, 4369.74
203661, 4360.51
203668, 4354.36
203676, 4359.49
203684, 4363.59
203692, 4354.87
203700, 4335.9
203707, 4347.18
203715, 4355.9
203723, 4348.72
203731, 4357.44
203739, 4354.87
203747, 4355.38
203754, 4365.13
203762, 4360
203770, 4357.44
203778, 4353.33
203786, 4356.41
203793, 4363.59
203801, 4355.9
203809, 4354.87
203817, 4352.31
203825, 4354.87
203833, 4362.56
203840, 4356.41
203848, 4356.41
203856, 4356.41
203864, 4351.28
203872, 4347.18
203880, 4344.62
203887, 4361.54
203895, 4362.56
203903, 4348.72
203911, 4358.46
203919, 4358.97
203926, 4350.26
203934, 4349.23
203942, 4349.74
203950, 4357.44
203958, 4354.87
203966, 4352.82
203973, 4357.44
203981, 4357.95
203989, 4362.05
203997, 4350.26
204005, 4350.26
204012, 4366.15
204020, 4355.9
204028, 4350.26
204036, 4355.38
204044, 4357.95
204052, 4361.54
204059, 4354.36
204067, 4355.38
204075, 4358.97
204083, 4352.82
204091, 4355.38
204098, 4354.36
204106, 4358.46
204114, 4363.08
204122, 4357.44
204130, 4361.54
204138, 4359.49
204145, 4354.87
204153, 4355.38
204161, 4351.79
204169, 4358.97
204177, 4357.95
204185, 4352.31
204192, 4352.31
204200, 4349.74
204208, 4360.51
204216, 4352.82
204224, 4338.46
204231, 4355.38
204239, 4362.05
204247, 4355.9
204255, 4353.85
204263, 4352.82
204270, 4357.44
204278, 4358.97
204286, 4365.64
204294, 4360.51
204302, 4349.23
204310, 4364.62
204317, 4363.08
204325, 4349.74
204333, 4350.77
204341, 4353.85, estimuli
204349, 4366.15
204356, 4363.59
204364, 4353.33
204372, 4357.44
204380, 4350.26
204388, 4348.72
204396, 4352.82
204403, 4351.28
204411, 4349.74
204424, 4343.08
204427, 4349.23
204435, 4355.38
204443, 4345.64
204450, 4347.69
204458, 4354.36
204466, 4374.36
204474, 4378.97
204482, 4357.44
204489, 4441.03
204497, 4572.82
204505, 4487.69
204513, 4173.85
204521, 3978.97
204529, 4085.13
204536, 4280
204544, 4485.64
204552, 4684.62
204560, 4685.64
204568, 4466.67
204575, 4179.49
204583, 4002.05
204591, 4053.33
204599, 4263.59
204607, 4506.67
204615, 4687.18
204622, 4687.18
204630, 4470.77
204638, 4169.74
204646, 3994.87
204654, 4047.69
204661, 4263.08
204669, 4518.97
204677, 4693.85
204685, 4685.13
204693, 4469.74
204701, 4171.79
204708, 4001.03
204716, 4053.33
204724, 4264.1
204732, 4509.74
204740, 4693.33
204747, 4704.62
204755, 4470.26
204763, 4154.87
204771, 3997.95
204779, 4060.51
204787, 4266.15
204794, 4498.46
204802, 4686.67
204810, 4704.1
204818, 4465.64
204826, 4162.05
204834, 4004.62
204841, 4055.9
204849, 4268.21
204857, 4512.31
204865, 4695.9
204873, 4691.28
204880, 4465.13
204888, 4183.59
204896, 4007.69
204904, 4050.77
204912, 4273.85
204920, 4514.36
204927, 4695.9
204935, 4695.38
204943, 4458.46
204951, 4163.59
204959, 3996.92
204966, 4059.49
204974, 4278.46
204982, 4516.92
204990, 4702.56
204998, 4689.23
205006, 4451.79
205013, 4162.56
205021, 3998.46
205029, 4059.49
205037, 4270.26
205045, 4514.36
205052, 4701.54
205060, 4685.13
205068, 4452.82
205076, 4158.46
205084, 3992.31
205092, 4055.38
205099, 4272.82
205107, 4526.15
205115, 4701.03
205123, 4679.49
205131, 4453.33
205138, 4156.92
205146, 3994.36
205154, 4057.95
205162, 4272.82
205170, 4523.59
205178, 4697.44
205185, 4681.03
205193, 4447.69
205201, 4148.72
205209, 3993.85
205217, 4052.82
205224, 4274.87
205232, 4533.85
205240, 4704.1
205248, 4686.15
205256, 4446.15
205264, 4147.18
205271, 4001.54
205279, 4065.64
205287, 4278.46
205295, 4521.54
205303, 4700
205310, 4688.72
205318, 4438.97
205326, 4146.67
205334, 4002.05
205342, 4071.28
205350, 4289.74
205357, 4520
205365, 4705.13
205373, 4704.1
205381, 4444.1
205389, 4140
205396, 3994.36
205404, 4067.18
205412, 4286.15
205420, 4526.15
205428, 4704.62
205436, 4681.03
205443, 4433.33
205451, 4147.18
205459, 3997.95
205467, 4056.41
205475, 4265.64
205483, 4518.46
205490, 4616.41
205498, 4458.97
205506, 4317.44
205514, 4352.31
205522, 4376.41
205529, 4341.03
205537, 4340
205545, 4356.41
205553, 4358.97
205561, 4352.31
205569, 4351.79
205576, 4356.92
205584, 4364.1
205592, 4363.08
205600, 4347.69
205608, 4348.21
205615, 4351.28
205623, 4352.82
205631, 4357.95
205639, 4353.85
205647, 4364.1
205655, 4364.1
205662, 4350.77
205670, 4357.95
205678, 4354.87
205686, 4344.1
205694, 4344.1
205701, 4354.87
205709, 4366.15
205717, 4351.79
205725, 4345.64
205733, 4354.36
205741, 4351.28
205748, 4357.44
205756, 4356.92
205764, 4353.85
205772, 4359.49
205780, 4355.9
205787, 4361.03
205795, 4362.56
205803, 4357.44
205811, 4355.9
205819, 4349.23
205827, 4351.79
205834, 4350.26
205842, 4350.77
205850, 4364.62
205858, 4354.36
205866, 4349.74
205874, 4360.51
205881, 4354.36
205889, 4354.36
205897, 4356.92
205905, 4355.9
205913, 4355.38
205920, 4354.87
205928, 4360.51
205936, 4351.28
205944, 4348.21
205952, 4357.95
205959, 4355.38
205967, 4354.36
205975, 4349.23
205983, 4354.36
205991, 4371.79
205999, 4361.54
206006, 4349.23
206014, 4352.82
206022, 4356.41
206030, 4351.79
206038, 4340
206046, 4354.87
206053, 4364.62
206061, 4353.33
206069, 4364.1
206077, 4365.64
206085, 4357.44
206092, 4357.44
206100, 4349.23
206108, 4353.33
206116, 4359.49
206124, 4356.41
206132, 4349.74
206139, 4347.69
206147, 4358.46
206155, 4352.31
206163, 4348.21
206171, 4358.46
206178, 4345.64
206186, 4349.23
206194, 4371.28
206202, 4366.67
206210, 4350.77
206218, 4349.23
206225, 4366.15
206233, 4364.1
206241, 4344.62
206249, 4353.85
206257, 4359.49
206264, 4356.92
206272, 4359.49
206280, 4353.85
206288, 4356.41
206296, 4352.31
206304, 4351.79
206311, 4362.56
206319, 4356.92
206327, 4359.49
206335, 4363.59
206343, 4362.05, estimuli
206350, 4360.51
206358, 4347.69
206366, 4350.26
206374, 4356.41
206382, 4348.21
206390, 4352.31
206397, 4362.05
206405, 4367.69
206413, 4359.49
206421, 4349.74
206429, 4359.49
206437, 4357.95
206444, 4349.23
206452, 4348.72
206460, 4349.74
206468, 4373.85
206476, 4367.18
206483, 4359.49
206491, 4478.97
206499, 4582.56
206507, 4426.67
206515, 4103.59
206523, 3980.51
206530, 4130.26
206538, 4327.18
206546, 4542.05
206554, 4710.77
206562, 4655.38
206569, 4399.49
206577, 4111.79
206585, 3993.33
206593, 4099.49
206601, 4318.46
206609, 4555.38
206616, 4715.38
206624, 4664.1
206632, 4397.95
206640, 4105.13
206648, 3993.85
206655, 4096.41
206663, 4324.1
206671, 4561.03
206679, 4705.13
206687, 4660.51
206695, 4406.15
206702, 4109.23
206710, 3987.69
206718, 4089.23
206726, 4323.08
206734, 4560
206741, 4703.59
206749, 4657.44
206757, 4400
206765, 4110.26
206773, 3986.67
206781, 4086.67
206788, 4324.1
206796, 4557.95
206804, 4709.23
206812, 4656.92
206820, 4387.18
206827, 4113.85
206835, 4005.13
206843, 4100
206851, 4322.05
206859, 4552.31
206867, 4717.44
206874, 4665.13
206882, 4387.69
206890, 4104.62
206898, 3991.79
206906, 4101.54
206913, 4331.28
206921, 4563.59
206929, 4719.49
206937, 4652.31
206945, 4387.18
206953, 4111.28
206960, 3987.69
206968, 4094.87
206976, 4328.72
206984, 4568.21
206992, 4716.92
207000, 4641.54
207007, 4384.62
207015, 4113.33
207023, 3994.87
207031, 4100
207039, 4333.33
207046, 4580.51
207054, 4719.49
207062, 4642.56
207070, 4386.67
207078, 4108.21
207086, 3995.9
207093, 4098.46
207101, 4328.72
207109, 4579.49
207117, 4717.95
207125, 4639.49
207132, 4378.46
207140, 4102.56
207148, 3995.9
207156, 4100.51
207164, 4336.41
207172, 4578.46
207179, 4708.72
207187, 4640
207195, 4379.49
207203, 4098.97
207211, 3992.31
207218, 4098.46
207226, 4341.54
207234, 4580.51
207242, 4706.67
207250, 4648.21
207258, 4393.85
207265, 4106.67
207273, 3987.69
207281, 4099.49
207289, 4337.44
207297, 4564.62
207304, 4712.31
207312, 4645.64
207320, 4369.74
207328, 4099.49
207336, 3992.31
207344, 4102.05
207351, 4341.03
207359, 4573.33
207367, 4722.56
207375, 4647.18
207383, 4366.15
207391, 4093.85
207398, 3988.21
207406, 4104.1
207414, 4342.56
207422, 4578.46
207430, 4725.64
207437, 4643.08
207445, 4367.18
207453, 4098.46
207461, 4007.18
207469, 4108.72
207476, 4318.97
207484, 4563.08
207492, 4606.67
207500, 4409.74
207508, 4314.36
207516, 4372.31
207523, 4366.15
207531, 4329.74
207539, 4350.26
207547, 4362.56
207555, 4352.31
207563, 4350.77
207570, 4355.38
207578, 4349.74
207586, 4352.82
207594, 4356.41
207602, 4349.23
207609, 4352.82
207617, 4350.26
207625, 4351.28
207633, 4357.44
207641, 4353.33
207649, 4357.44
207656, 4353.33
207664, 4350.77
207672, 4358.97
207680, 4363.08
207688, 4364.1
207695, 4347.69
207703, 4343.59
207711, 4360
207719, 4357.95
207727, 4352.82
207735, 4350.26
207742, 4356.41
207750, 4363.08
207758, 4349.23
207766, 4350.77
207774, 4358.97
207781, 4352.31
207789, 4354.36
207797, 4353.85
207805, 4354.36
207813, 4352.82
207821, 4351.28
207828, 4364.1
207836, 4356.92
207844, 4351.28
207852, 4361.03
207860, 4358.97
207867, 4357.44
207875, 4352.82
207883, 4353.85
207891, 4362.56
207899, 4350.26
207907, 4346.15
207914, 4353.85
207922, 4354.87
207930, 4352.31
207938, 4346.67
207946, 4357.44
207953, 4361.03
207961, 4353.85
207969, 4360
207977, 4354.87
207985, 4354.87
207993, 4362.05
208000, 4357.44
208008, 4356.92
208016, 4355.9
208024, 4355.38
208032, 4357.44
208040, 4357.95
208047, 4364.62
208055, 4355.38
208063, 4346.67
208071, 4353.85
208079, 4352.31
208086, 4357.44
208094, 4355.9
208102, 4352.82
208110, 4361.03
208118, 4350.77
208125, 4349.74
208133, 4351.28
208141, 4348.21
208149, 4362.05
208157, 4361.03
208165, 4355.38
208172, 4354.87
208180, 4353.85
208188, 4358.46
208196, 4348.72
208204, 4346.67
208212, 4358.46
208219, 4354.87
208227, 4353.33
208235, 4357.95
208243, 4360.51
208251, 4357.95
208258, 4346.15
208266, 4352.31
208274, 4353.33
208282, 4346.67
208290, 4357.95
208298, 4363.59
208305, 4360
208313, 4345.13
208321, 4342.56
208329, 4358.46
208337, 4350.26
208344, 4349.74
208352, 4360, estimuli
208360, 4353.33
208368, 4354.36
208376, 4355.9
208384, 4357.44
208391, 4361.54
208399, 4355.38
208407, 4353.33
208415, 4350.26
208423, 4354.36
208430, 4361.54
208438, 4355.38
208446, 4358.97
208454, 4354.87
208462, 4345.13
208470, 4350.26
208477, 4361.54
208485, 4366.67
208493, 4361.54
208501, 4463.08
208509, 4591.28
208517, 4452.31
208524, 4123.59
208532, 3973.85
208540, 4100.51
208548, 4322.05
208556, 4534.36
208563, 4696.92
208571, 4674.36
208579, 4425.13
208587, 4129.23
208595, 3992.82
208603, 4087.18
208610, 4313.33
208618, 4537.44
208626, 4709.23
208634, 4676.41
208642, 4411.79
208649, 4124.1
208657, 3993.33
208665, 4093.85
208673, 4314.87
208681, 4540
208689, 4711.79
208696, 4670.77
208704, 4416.41
208712, 4130.77
208720, 3989.23
208728, 4080.51
208735, 4305.64
208743, 4545.64
208751, 4712.31
208759, 4660.51
208767, 4404.62
208775, 4122.56
208782, 3993.85
208790, 4087.18
208798, 4312.31
208806, 4555.9
208814, 4710.26
208821, 4662.56
208829, 4416.41
208837, 4124.62
208845, 3994.36
208853, 4083.08
208861, 4307.18
208868, 4560.51
208876, 4708.21
208884, 4651.79
208892, 4412.31
208900, 4132.31
208907, 3997.44
208915, 4085.13
208923, 4323.08
208931, 4556.41
208939, 4689.23
208947, 4653.85
208954, 4413.33
208962, 4122.05
208970, 3992.82
208978, 4088.21
208986, 4324.62
208993, 4558.46
209001, 4699.49
209009, 4656.41
209017, 4410.77
209025, 4125.64
209033, 3987.18
209040, 4086.15
209048, 4335.38
209056, 4560.51
209064, 4702.05
209072, 4658.46
209079, 4398.97
209087, 4118.97
209095, 3989.74
209103, 4082.05
209111, 4321.54
209119, 4556.92
209126, 4710.77
209134, 4661.03
209142, 4401.54
209150, 4113.85
209158, 3981.54
209165, 4089.23
209173, 4322.05
209181, 4556.41
209189, 4718.46
209197, 4656.92
209205, 4393.33
209212, 4115.9
209220, 3992.31
209228, 4094.36
209236, 4323.59
209244, 4568.72
209252, 4721.03
209259, 4647.69
209267, 4391.28
209275, 4117.44
209283, 3994.87
209291, 4092.82
209298, 4325.13
209306, 4574.87
209314, 4712.82
209322, 4637.44
209330, 4392.82
209338, 4125.13
209345, 4000.51
209353, 4084.1
209361, 4318.46
209369, 4575.9
209377, 4710.26
209384, 4639.49
209392, 4392.82
209400, 4115.9
209408, 3997.44
209416, 4093.33
209424, 4328.72
209431, 4571.79
209439, 4705.13
209447, 4645.13
209455, 4393.85
209463, 4122.05
209470, 4007.18
209478, 4081.03
209486, 4317.95
209494, 4564.62
209502, 4588.72
209510, 4411.28
209517, 4312.82
209525, 4370.26
209533, 4372.31
209541, 4326.15
209549, 4355.9
209556, 4368.21
209564, 4350.77
209572, 4345.64
209580, 4346.15
209588, 4359.49
209596, 4356.92
209603, 4354.87
209611, 4355.38
209619, 4346.15
209627, 4354.87
209635, 4356.92
209643, 4350.77
209650, 4354.87
209658, 4353.85
209666, 4358.46
209674, 4360.51
209682, 4358.97
209689, 4360
209697, 4353.85
209705, 4353.33
209713, 4349.74
209721, 4346.67
209729, 4360.51
209736, 4360
209744, 4355.9
209752, 4355.9
209760, 4357.95
209768, 4363.59
209775, 4346.15
209783, 4346.15
209791, 4366.15
209799, 4358.46
209807, 4352.82
209815, 4351.79
209822, 4351.79
209830, 4357.44
209838, 4351.28
209846, 4352.82
209854, 4359.49
209861, 4361.03
209869, 4360
209877, 4351.79
209885, 4360.51
209893, 4363.08
209901, 4350.77
209908, 4356.41
209916, 4358.46
209924, 4356.41
209932, 4356.41
209940, 4353.85
209947, 4354.36
209955, 4349.23
209963, 4360.51
209971, 4365.13
209979, 4343.08
209987, 4348.72
209994, 4363.08
210002, 4356.41
210010, 4353.33
210018, 4355.9
210026, 4357.95
210033, 4358.46
210041, 4363.08
210049, 4362.05
210057, 4350.77
210065, 4358.97
210073, 4360
210080, 4348.21
210088, 4357.95
210096, 4355.38
210104, 4348.72
210112, 4354.36
210119, 4353.85
210127, 4358.97
210135, 4350.77
210143, 4352.31
210151, 4368.21
210159, 4357.95
210166, 4346.15
210174, 4350.77
210182, 4364.1
210190, 4366.67
210198, 4351.79
210205, 4354.36
210213, 4356.92
210221, 4353.85
210229, 4360.51
210237, 4349.23
210245, 4345.13
210252, 4354.36
210260, 4353.85
210268, 4357.44
210276, 4357.95
210284, 4357.44
210292, 4355.9
210299, 4354.36
210307, 4362.05
210315, 4355.9
210323, 4354.87
210331, 4362.56
210338, 4356.41
210346, 4356.41
210354, 4353.85
210362, 4355.38
210370, 4358.46, estimuli
210378, 4348.21
210385, 4363.59
210393, 4373.85
210401, 4351.79
210409, 4344.1
210417, 4352.82
210424, 4356.41
210432, 4347.69
210440, 4347.18
210448, 4360
210456, 4352.82
210464, 4350.77
210471, 4351.28
210479, 4341.54
210487, 4367.69
210495, 4375.38
210503, 4356.41
210510, 4452.82
210518, 4584.1
210526, 4471.28
210534, 4135.9
210542, 3972.31
210550, 4101.03
210557, 4303.59
210565, 4524.62
210573, 4703.08
210581, 4675.9
210589, 4440
210596, 4144.1
210604, 4001.54
210612, 4076.41
210620, 4285.13
210628, 4531.28
210636, 4700.51
210643, 4673.85
210651, 4438.46
210659, 4142.05
210667, 3991.79
210675, 4070.26
210682, 4300.51
210690, 4544.1
210698, 4706.15
210706, 4682.05
210714, 4433.33
210722, 4134.36
210729, 3994.87
210737, 4075.9
210745, 4311.28
210753, 4552.82
210761, 4704.62
210769, 4676.41
210776, 4432.31
210784, 4136.41
210792, 3997.95
210800, 4089.74
210808, 4318.97
210815, 4539.49
210823, 4704.1
210831, 4696.41
210839, 4437.44
210847, 4129.23
210855, 3988.72
210862, 4076.41
210870, 4315.38
210878, 4562.56
210886, 4734.87
210894, 4701.03
210901, 4435.38
210909, 4137.44
210917, 3988.72
210925, 4072.82
210933, 4308.21
210941, 4552.31
210948, 4732.82
210956, 4692.31
210964, 4414.36
210972, 4111.28
210980, 3962.05
210987, 4057.95
210995, 4306.67
211003, 4566.67
211011, 4747.69
211019, 4690.77
211027, 4418.97
211034, 4122.56
211042, 3974.87
211050, 4070.26
211058, 4308.21
211066, 4570.26
211073, 4747.69
211081, 4685.64
211089, 4412.31
211097, 4096.92
211105, 3942.05
211113, 4041.03
211120, 4284.1
211128, 4556.41
211136, 4738.97
211144, 4687.18
211152, 4413.85
211160, 4088.72
211167, 3944.62
211175, 4044.62
211183, 4287.69
211191, 4564.62
211199, 4741.03
211206, 4705.13
211214, 4426.15
211222, 4074.87
211230, 3929.23
211238, 4040.51
211245, 4296.92
211253, 4573.33
211261, 4751.28
211269, 4705.64
211277, 4409.23
211285, 4078.97
211292, 3938.46
211300, 4033.33
211308, 4295.9
211316, 4575.9
211324, 4760.51
211332, 4714.36
211339, 4409.23
211347, 4081.54
211355, 3931.79
211363, 4035.38
211371, 4309.23
211378, 4578.46
211386, 4768.72
211394, 4723.08
211402, 4409.23
211410, 4070.26
211418, 3918.46
211425, 4047.18
211433, 4324.62
211441, 4582.05
211449, 4772.31
211457, 4716.41
211464, 4405.64
211472, 4077.95
211480, 3920.51
211488, 4019.49
211496, 4301.54
211504, 4596.41
211511, 4649.23
211519, 4433.33
211527, 4305.64
211535, 4357.44
211543, 4369.74
211550, 4339.49
211558, 4341.54
211566, 4354.87
211574, 4364.1
211582, 4362.05
211590, 4361.03
211597, 4351.28
211605, 4348.21
211613, 4356.92
211621, 4360
211629, 4370.77
211636, 4355.38
211644, 4346.15
211652, 4354.87
211660, 4345.13
211668, 4353.85
211676, 4358.46
211683, 4348.72
211691, 4349.23
211699, 4351.79
211707, 4363.08
211715, 4353.33
211723, 4345.64
211730, 4358.46
211738, 4353.85
211746, 4351.79
211754, 4351.28
211762, 4360
211769, 4371.28
211777, 4348.21
211785, 4346.67
211793, 4360
211801, 4352.82
211809, 4347.18
211816, 4344.1
211824, 4356.92
211832, 4352.82
211840, 4344.1
211848, 4371.28
211855, 4363.08
211863, 4336.92
211871, 4354.87
211879, 4372.31
211887, 4364.1
211895, 4345.13
211902, 4352.31
211910, 4360.51
211918, 4345.13
211926, 4355.38
211934, 4356.41
211941, 4345.13
211949, 4352.31
211957, 4348.72
211965, 4356.41
211973, 4362.56
211981, 4357.95
211988, 4360.51
211996, 4349.23
212004, 4350.26
212012, 4354.87
212020, 4348.72
212027, 4351.79
212035, 4345.64
212043, 4350.26
212051, 4359.49
212059, 4350.77
212067, 4353.33
212074, 4349.74
212082, 4355.38
212090, 4364.1
212098, 4346.15
212106, 4350.26
212113, 4361.03
212121, 4356.41
212129, 4348.21
212137, 4341.03
212145, 4354.36
212153, 4353.85
212160, 4348.21
212168, 4356.41
212176, 4341.54
212184, 4342.05
212192, 4355.9
212200, 4354.36
212207, 4357.95
212215, 4352.31
212223, 4348.21
212231, 4351.79
212239, 4353.85
212246, 4361.54
212254, 4353.33
212262, 4360
212270, 4371.79
212278, 4347.69
212285, 4340
212293, 4345.64
212301, 4350.77
212309, 4360
212317, 4348.21
212325, 4357.44
212332, 4372.31
212340, 4356.92
212348, 4348.21
212356, 4347.18
212364, 4360.51
212372, 4363.59
212379, 4350.26
212387, 4362.56
212395, 4362.56, estimuli
212403, 4350.26
212411, 4347.18
212418, 4345.13
212426, 4354.36
212434, 4353.85
212442, 4354.36
212450, 4358.97
212458, 4351.79
212465, 4371.79
212473, 4368.21
212481, 4338.46
212489, 4351.79
212497, 4353.33
212504, 4335.38
212512, 4343.08
212520, 4379.49
212528, 4378.97
212536, 4386.15
212544, 4558.46
212551, 4642.05
212559, 4335.9
212567, 3943.08
212575, 3898.97
212583, 4142.05
212590, 4409.74
212598, 4658.46
212606, 4810.26
212614, 4671.28
212622, 4300
212630, 3971.28
212637, 3895.9
212645, 4107.69
212653, 4411.28
212661, 4675.38
212669, 4829.23
212676, 4684.62
212684, 4305.64
212692, 3961.03
212700, 3882.05
212708, 4094.87
212716, 4396.41
212723, 4678.97
212731, 4826.15
212739, 4663.08
212747, 4289.74
212755, 3964.1
212762, 3898.97
212770, 4096.92
212778, 4391.79
212786, 4688.72
212794, 4827.18
212802, 4659.49
212809, 4292.82
212817, 3965.13
212825, 3904.62
212833, 4103.59
212841, 4403.59
212848, 4692.82
212856, 4817.44
212864, 4656.92
212872, 4296.41
212880, 3980
212888, 3913.85
212895, 4093.85
212903, 4401.03
212911, 4686.15
212919, 4807.18
212927, 4658.46
212935, 4286.67
212942, 3962.05
212950, 3905.13
212958, 4098.46
212966, 4411.79
212974, 4692.31
212981, 4813.85
212989, 4656.41
212997, 4284.62
213005, 3968.21
213013, 3904.1
213021, 4108.21
213028, 4426.15
213036, 4692.31
213044, 4817.44
213052, 4655.38
213060, 4277.44
213067, 3969.23
213075, 3903.59
213083, 4112.82
213091, 4433.85
213099, 4692.82
213107, 4807.69
213114, 4639.49
213122, 4274.87
213130, 3959.49
213138, 3888.21
213146, 4113.85
213153, 4436.92
213161, 4700
213169, 4809.23
213177, 4637.95
213185, 4278.46
213193, 3956.41
213200, 3897.44
213208, 4118.46
213216, 4421.54
213224, 4703.59
213232, 4824.62
213239, 4639.49
213247, 4272.31
213255, 3951.28
213263, 3901.03
213271, 4122.56
213279, 4420
213286, 4703.59
213294, 4833.33
213302, 4650.77
213310, 4260.51
213318, 3943.59
213325, 3912.82
213333, 4114.36
213341, 4417.95
213349, 4712.31
213357, 4817.95
213365, 4634.36
213372, 4264.1
213380, 3956.92
213388, 3906.67
213396, 4108.21
213404, 4433.33
213412, 4711.28
213419, 4813.85
213427, 4645.64
213435, 4265.64
213443, 3949.23
213451, 3899.49
213458, 4107.69
213466, 4435.9
213474, 4708.72
213482, 4811.79
213490, 4640.51
213498, 4273.85
213505, 3976.92
213513, 3903.08
213521, 4082.05
213529, 4425.64
213537, 4664.62
213544, 4595.9
213552, 4362.05
213560, 4311.28
213568, 4388.72
213576, 4352.31
213584, 4330.26
213591, 4357.44
213599, 4342.05
213607, 4348.72
213615, 4353.33
213623, 4355.9
213630, 4360.51
213638, 4355.38
213646, 4364.1
213654, 4345.64
213662, 4333.33
213670, 4355.9
213677, 4360.51
213685, 4351.79
213693, 4345.13
213701, 4364.1
213709, 4371.79
213716, 4335.38
213724, 4332.31
213732, 4351.79
213740, 4349.74
213748, 4349.23
213756, 4348.21
213763, 4355.9
213771, 4357.95
213779, 4347.69
213787, 4349.23
213795, 4347.18
213802, 4353.85
213810, 4357.44
213818, 4347.18
213826, 4356.92
213834, 4356.41
213842, 4351.28
213849, 4353.85
213857, 4349.74
213865, 4358.97
213873, 4354.36
213881, 4346.67
213888, 4358.46
213896, 4356.92
213904, 4352.82
213912, 4347.69
213920, 4358.97
213928, 4382.05
213935, 4355.38
213943, 4335.9
213951, 4351.28
213959, 4360
213967, 4365.64
213975, 4354.36
213982, 4355.38
213990, 4358.97
213998, 4347.18
214006, 4354.36
214014, 4357.44
214021, 4359.49
214029, 4357.95
214037, 4344.1
214045, 4355.38
214053, 4363.08
214061, 4357.95
214068, 4355.9
214076, 4346.67
214084, 4355.38
214092, 4359.49
214100, 4350.77
214107, 4356.92
214115, 4355.38
214123, 4357.44
214131, 4353.33
214139, 4343.59
214147, 4354.87
214154, 4347.18
214162, 4347.69
214170, 4364.1
214178, 4356.92
214186, 4356.41
214193, 4352.82
214201, 4351.79
214209, 4356.41
214217, 4350.77
214225, 4355.38
214233, 4354.36
214240, 4350.77
214248, 4355.38
214256, 4348.72
214264, 4357.44
214272, 4360
214279, 4348.72
214287, 4355.9
214295, 4354.87
214303, 4351.79
214311, 4349.74
214319, 4348.72
214326, 4364.1
214334, 4361.03
214342, 4356.41
214350, 4356.92
214358, 4347.18
214366, 4354.36
214373, 4351.79
214381, 4347.69
214389, 4356.41
214397, 4352.31
214405, 4353.85
214412, 4348.72
214420, 4345.64
214428, 4353.33, estimuli
214436, 4341.54
214444, 4347.69
214451, 4363.59
214459, 4362.56
214467, 4360
214475, 4347.69
214483, 4349.74
214491, 4355.38
214498, 4346.15
214506, 4353.33
214514, 4355.9
214522, 4356.41
214530, 4357.44
214537, 4342.05
214545, 4354.87
214553, 4374.87
214561, 4367.69
214569, 4443.08
214577, 4601.03
214584, 4556.92
214592, 4173.85
214600, 3872.31
214608, 3975.38
214616, 4232.82
214624, 4499.49
214631, 4747.69
214639, 4783.08
214647, 4543.59
214655, 4164.62
214663, 3915.9
214670, 3957.95
214678, 4215.38
214686, 4521.54
214694, 4745.13
214702, 4781.54
214710, 4541.54
214717, 4155.9
214725, 3910.26
214733, 3947.18
214741, 4220.51
214749, 4537.44
214756, 4752.31
214764, 4793.85
214772, 4544.62
214780, 4137.44
214788, 3901.03
214796, 3963.59
214803, 4221.03
214811, 4514.87
214819, 4757.44
214827, 4799.49
214835, 4526.67
214843, 4143.08
214850, 3910.77
214858, 3950.77
214866, 4221.03
214874, 4525.64
214882, 4762.05
214889, 4793.33
214897, 4521.03
214905, 4137.95
214913, 3900
214921, 3957.95
214929, 4229.23
214936, 4519.49
214944, 4770.26
214952, 4804.1
214960, 4519.49
214968, 4145.64
214975, 3917.95
214983, 3960
214991, 4217.44
214999, 4535.38
215007, 4781.03
215014, 4780
215022, 4511.79
215030, 4141.54
215038, 3896.92
215046, 3946.15
215054, 4210.26
215061, 4540.51
215069, 4787.69
215077, 4772.82
215085, 4502.56
215093, 4138.46
215101, 3898.46
215108, 3947.69
215116, 4214.87
215124, 4531.79
215132, 4770.77
215140, 4784.62
215147, 4515.38
215155, 4130.26
215163, 3909.23
215171, 3962.56
215179, 4222.05
215187, 4555.38
215194, 4785.13
215202, 4777.44
215210, 4504.1
215218, 4126.67
215226, 3904.1
215233, 3954.87
215241, 4228.72
215249, 4546.67
215257, 4765.64
215265, 4783.08
215273, 4513.85
215280, 4129.23
215288, 3904.62
215296, 3958.46
215304, 4231.28
215312, 4536.41
215319, 4761.03
215327, 4785.13
215335, 4511.28
215343, 4128.21
215351, 3900.51
215359, 3964.1
215366, 4242.56
215374, 4535.38
215382, 4772.31
215390, 4801.54
215398, 4512.82
215406, 4122.05
215413, 3893.85
215421, 3968.21
215429, 4244.62
215437, 4532.82
215445, 4770.26
215452, 4784.62
215460, 4498.97
215468, 4127.18
215476, 3904.1
215484, 3970.26
215491, 4244.1
215499, 4558.97
215507, 4787.69
215515, 4764.62
215523, 4488.21
215531, 4129.23
215538, 3914.36
215546, 3972.82
215554, 4217.44
215562, 4543.08
215570, 4689.74
215578, 4496.41
215585, 4304.1
215593, 4344.1
215601, 4390.26
215609, 4336.41
215617, 4328.21
215624, 4361.54
215632, 4353.85
215640, 4350.77
215648, 4352.82
215656, 4338.46
215664, 4348.72
215671, 4358.97
215679, 4353.33
215687, 4358.97
215695, 4355.9
215703, 4355.38
215710, 4356.92
215718, 4352.31
215726, 4350.26
215734, 4342.05
215742, 4350.77
215750, 4362.05
215757, 4352.31
215765, 4359.49
215773, 4357.44
215781, 4354.87
215789, 4356.92
215796, 4340
215804, 4351.28
215812, 4370.26
215820, 4361.54
215828, 4347.69
215836, 4339.49
215843, 4354.87
215851, 4355.9
215859, 4342.56
215867, 4358.46
215875, 4373.85
215882, 4373.85
215890, 4355.9
215898, 4348.21
215906, 4360.51
215914, 4345.13
215922, 4343.08
215929, 4359.49
215937, 4353.85
215945, 4345.13
215953, 4340
215961, 4354.36
215969, 4361.03
215976, 4351.79
215984, 4367.69
215992, 4359.49
216000, 4336.41
216008, 4348.21
216015, 4353.85
216023, 4361.54
216031, 4365.64
216039, 4350.26
216047, 4348.21
216054, 4349.23
216062, 4355.9
216070, 4357.44
216078, 4350.77
216086, 4355.9
216094, 4351.79
216101, 4363.08
216109, 4366.15
216117, 4344.1
216125, 4352.31
216133, 4350.26
216141, 4334.87
216148, 4348.72
216156, 4360.51
216164, 4360.51
216172, 4350.77
216180, 4350.26
216187, 4357.44
216195, 4346.15
216203, 4350.26
216211, 4355.38
216219, 4346.67
216227, 4351.79
216234, 4357.95
216242, 4368.72
216250, 4354.36
216258, 4331.79
216266, 4356.41
216273, 4364.1
216281, 4347.69
216289, 4347.69
216297, 4353.85
216305, 4361.03
216313, 4351.28
216320, 4351.28
216328, 4362.56
216336, 4358.46
216344, 4363.08
216352, 4354.36
216359, 4337.95
216367, 4348.21
216375, 4356.41
216383, 4361.03
216391, 4357.95
216399, 4355.38
216406, 4358.46
216414, 4345.13
216422, 4354.36
216430, 4363.08
216438, 4353.85
216445, 4367.69
216453, 4363.08
216461, 4342.56
216469, 4343.59, estimuli
216477, 4348.72
216485, 4358.46
216492, 4357.95
216500, 4352.31
216508, 4347.69
216516, 4348.21
216524, 4371.28
216531, 4362.56
216539, 4344.62
216547, 4358.46
216555, 4352.82
216563, 4348.21
216571, 4350.77
216578, 4339.49
216586, 4361.03
216594, 4385.13
216602, 4373.85
216610, 4455.9
216617, 4616.41
216625, 4536.41
216633, 4132.31
216641, 3878.97
216649, 4020.51
216657, 4271.28
216664, 4523.59
216672, 4752.31
216680, 4766.15
216688, 4492.31
216696, 4111.28
216704, 3914.87
216711, 3990.77
216719, 4246.67
216727, 4547.69
216735, 4768.72
216743, 4774.87
216750, 4492.82
216758, 4109.74
216766, 3908.72
216774, 3985.64
216782, 4255.38
216790, 4546.67
216797, 4767.18
216805, 4783.59
216813, 4489.23
216821, 4106.15
216829, 3908.21
216836, 3974.36
216844, 4249.23
216852, 4562.05
216860, 4788.21
216868, 4771.28
216876, 4469.23
216883, 4121.54
216891, 3925.13
216899, 3983.59
216907, 4251.79
216915, 4546.67
216922, 4779.49
216930, 4780.51
216938, 4472.31
216946, 4098.97
216954, 3907.18
216962, 3988.21
216969, 4247.69
216977, 4538.97
216985, 4779.49
216993, 4779.49
217001, 4483.08
217008, 4097.44
217016, 3892.82
217024, 3996.92
217032, 4260.51
217040, 4549.23
217048, 4783.08
217055, 4761.54
217063, 4474.87
217071, 4117.44
217079, 3903.59
217087, 3978.97
217094, 4252.82
217102, 4560
217110, 4776.92
217118, 4751.28
217126, 4472.31
217134, 4107.69
217141, 3914.36
217149, 4005.13
217157, 4265.64
217165, 4568.21
217173, 4776.92
217181, 4741.54
217188, 4456.41
217196, 4103.59
217204, 3912.31
217212, 3982.05
217220, 4263.59
217227, 4578.97
217235, 4772.82
217243, 4749.74
217251, 4464.62
217259, 4099.49
217267, 3926.67
217274, 4010.26
217282, 4265.13
217290, 4560.51
217298, 4773.33
217306, 4750.77
217313, 4451.79
217321, 4094.87
217329, 3908.21
217337, 3989.23
217345, 4274.36
217353, 4570.26
217360, 4775.9
217368, 4760.51
217376, 4461.03
217384, 4095.9
217392, 3902.56
217399, 3989.74
217407, 4275.38
217415, 4572.82
217423, 4788.72
217431, 4760
217439, 4454.87
217446, 4091.79
217454, 3891.28
217462, 3995.38
217470, 4292.31
217479, 4577.44
217485, 4782.05
217493, 4756.41
217501, 4456.41
217509, 4085.13
217517, 3890.26
217525, 3998.97
217532, 4279.49
217540, 4578.97
217548, 4788.72
217556, 4742.56
217564, 4452.82
217571, 4100.51
217579, 3909.23
217587, 3987.18
217595, 4256.41
217603, 4581.54
217611, 4672.82
217618, 4460
217626, 4311.28
217634, 4357.44
217642, 4377.44
217650, 4335.38
217657, 4342.05
217665, 4358.46
217673, 4348.72
217681, 4360.51
217689, 4368.72
217697, 4348.21
217704, 4342.05
217712, 4347.69
217720, 4349.23
217728, 4358.97
217736, 4350.77
217743, 4347.69
217751, 4358.97
217759, 4357.95
217767, 4358.46
217775, 4348.21
217783, 4343.08
217790, 4352.31
217798, 4353.85
217806, 4354.36
217814, 4346.15
217822, 4354.87
217830, 4367.18
217837, 4346.67
217845, 4347.69
217853, 4355.38
217861, 4353.33
217869, 4363.08
217876, 4357.44
217884, 4362.56
217892, 4370.26
217900, 4354.87
217908, 4351.79
217916, 4349.74
217923, 4349.23
217931, 4350.26
217939, 4349.23
217947, 4353.85
217955, 4343.08
217962, 4343.08
217970, 4357.44
217978, 4357.95
217986, 4360.51
217994, 4352.82
218002, 4344.1
218009, 4349.23
218017, 4352.31
218025, 4361.03
218033, 4351.28
218041, 4345.13
218048, 4361.54
218056, 4349.23
218064, 4347.18
218072, 4357.44
218080, 4349.23
218088, 4367.18
218095, 4375.38
218103, 4360.51
218111, 4351.28
218119, 4349.74
218127, 4352.82
218134, 4331.79
218142, 4333.33
218150, 4360
218158, 4356.92
218166, 4351.79
218174, 4349.23
218181, 4357.95
218189, 4365.64
218197, 4347.69
218205, 4352.82
218213, 4358.97
218221, 4345.13
218228, 4346.15
218236, 4349.74
218244, 4358.46
218252, 4350.26
218260, 4334.36
218267, 4350.77
218275, 4354.36
218283, 4356.41
218291, 4355.9
218299, 4346.67
218307, 4363.59
218314, 4365.13
218322, 4352.31
218330, 4345.64
218338, 4340
218346, 4349.23
218353, 4348.21
218361, 4349.74
218369, 4355.38
218377, 4347.69
218385, 4360.51
218393, 4358.97
218400, 4348.72
218408, 4349.74
218416, 4335.38
218424, 4347.69
218432, 4362.56
218439, 4355.9
218447, 4357.95
218455, 4354.36
218463, 4357.44
218471, 4356.41
218479, 4348.72
218486, 4356.92
218494, 4351.79
218502, 4350.77
218510, 4360
218518, 4364.1, estimuli
218525, 4371.28
218533, 4348.72
218541, 4332.82
218549, 4341.03
218557, 4343.08
218565, 4353.85
218572, 4352.31
218580, 4351.28
218588, 4353.85
218596, 4347.18
218604, 4361.03
218611, 4353.33
218619, 4333.85
218627, 4337.95
218635, 4352.31
218643, 4379.49
218651, 4360
218658, 4428.21
218666, 4634.36
218674, 4587.18
218682, 4178.97
218690, 3864.62
218697, 3944.1
218705, 4217.44
218713, 4501.03
218721, 4777.44
218729, 4824.1
218737, 4541.54
218744, 4164.62
218752, 3906.15
218760, 3921.03
218768, 4189.23
218776, 4502.05
218784, 4763.08
218791, 4817.95
218799, 4552.82
218807, 4154.87
218815, 3890.77
218823, 3937.95
218830, 4197.44
218838, 4496.92
218846, 4770.77
218854, 4821.54
218862, 4554.36
218870, 4155.9
218877, 3897.44
218885, 3945.64
218893, 4198.46
218901, 4499.49
218909, 4758.46
218916, 4810.26
218924, 4565.13
218932, 4167.18
218940, 3902.05
218948, 3934.36
218956, 4185.13
218963, 4504.1
218971, 4755.38
218979, 4800
218987, 4558.97
218995, 4164.1
219002, 3906.67
219010, 3927.18
219018, 4180
219026, 4516.92
219034, 4761.03
219042, 4797.95
219049, 4553.85
219057, 4157.44
219065, 3898.46
219073, 3932.31
219081, 4203.59
219088, 4514.87
219096, 4755.9
219104, 4814.87
219112, 4551.79
219120, 4145.64
219128, 3900
219135, 3932.82
219143, 4208.21
219151, 4538.46
219159, 4776.41
219167, 4797.95
219174, 4520.51
219182, 4137.95
219190, 3891.28
219198, 3930.26
219206, 4213.33
219214, 4527.69
219221, 4776.92
219229, 4804.62
219237, 4516.41
219245, 4133.85
219253, 3896.41
219260, 3942.05
219268, 4211.79
219276, 4527.18
219284, 4781.54
219292, 4796.92
219300, 4522.56
219307, 4144.1
219315, 3888.72
219323, 3938.97
219331, 4207.69
219339, 4522.56
219347, 4785.64
219354, 4808.21
219362, 4527.69
219370, 4127.69
219379, 3882.56
219386, 3947.69
219393, 4210.77
219401, 4528.72
219409, 4783.08
219417, 4794.87
219425, 4523.08
219432, 4132.31
219440, 3891.28
219448, 3941.03
219456, 4202.05
219464, 4537.95
219472, 4786.15
219479, 4790.26
219487, 4523.59
219495, 4141.03
219503, 3896.41
219512, 3934.87
219519, 4213.33
219526, 4546.15
219534, 4775.9
219542, 4803.59
219550, 4534.36
219558, 4122.56
219565, 3891.79
219573, 3962.56
219581, 4226.15
219589, 4518.46
219597, 4762.05
219605, 4810.26
219612, 4526.15
219620, 4130.77
219628, 3907.18
219636, 3935.38
219644, 4191.28
219651, 4528.72
219659, 4685.13
219667, 4524.1
219675, 4313.85
219683, 4341.03
219691, 4386.67
219698, 4327.69
219706, 4331.79
219714, 4350.77
219722, 4356.92
219730, 4361.03
219737, 4340.51
219745, 4354.36
219753, 4357.95
219761, 4345.64
219769, 4350.26
219777, 4361.03
219784, 4357.95
219792, 4327.69
219800, 4340
219808, 4376.41
219816, 4365.13
219823, 4353.33
219831, 4350.26
219839, 4348.21
219847, 4352.31
219855, 4335.9
219863, 4340
219870, 4362.05
219878, 4360.51
219886, 4355.38
219894, 4349.23
219902, 4351.28
219910, 4346.67
219917, 4345.64
219925, 4366.67
219933, 4354.36
219941, 4340
219949, 4346.15
219956, 4344.62
219964, 4347.69
219972, 4352.82
219980, 4374.36
219988, 4369.74
219996, 4327.18
220003, 4335.9
220011, 4361.03
220019, 4355.38
220027, 4342.56
220035, 4337.44
220042, 4358.97
220050, 4359.49
220058, 4341.03
220066, 4354.87
220074, 4360.51
220082, 4348.21
220089, 4344.1
220097, 4353.85
220105, 4370.26
220113, 4353.33
220121, 4338.97
220128, 4344.62
220136, 4343.59
220144, 4354.36
220152, 4352.31
220160, 4355.9
220168, 4362.56
220175, 4340
220183, 4352.82
220191, 4371.79
220199, 4353.33
220207, 4341.54
220214, 4338.97
220222, 4347.69
220230, 4356.41
220238, 4361.54
220246, 4355.9
220254, 4331.28
220261, 4342.05
220269, 4358.97
220277, 4349.23
220285, 4356.41
220293, 4352.82
220300, 4348.72
220308, 4355.38
220316, 4351.28
220324, 4354.87
220332, 4350.77
220340, 4351.79
220347, 4360
220355, 4345.13
220363, 4353.33
220371, 4360
220379, 4346.15
220386, 4350.26
220394, 4352.82
220402, 4360.51
220410, 4353.33
220418, 4336.41
220426, 4344.62
220433, 4346.67
220441, 4351.79
220449, 4354.36
220457, 4348.72
220465, 4358.46
220473, 4353.85
220480, 4350.77
220488, 4354.87
220496, 4351.79
220504, 4360
220512, 4354.36
220519, 4344.62, estimuli
220527, 4349.74
220535, 4347.18
220543, 4358.97
220551, 4356.92
220559, 4345.13
220566, 4358.46
220574, 4352.82
220582, 4344.1
220590, 4350.77
220598, 4363.59
220605, 4369.23
220613, 4341.03
220621, 4336.41
220629, 4346.15
220637, 4357.95
220645, 4377.95
220652, 4359.49
220660, 4467.69
220668, 4645.64
220676, 4511.28
220684, 4093.85
220691, 3856.41
220699, 4003.08
220707, 4276.41
220715, 4546.67
220723, 4798.97
220731, 4788.72
220738, 4465.13
220746, 4084.1
220754, 3889.23
220762, 3991.28
220770, 4269.23
220777, 4565.13
220785, 4798.97
220793, 4768.21
220801, 4449.74
220809, 4078.97
220817, 3894.87
220824, 4000
220832, 4258.46
220840, 4562.05
220848, 4809.74
220856, 4769.23
220863, 4449.74
220871, 4087.69
220879, 3898.97
220887, 3986.15
220895, 4263.59
220903, 4584.62
220910, 4796.41
220918, 4758.46
220926, 4460
220934, 4073.85
220942, 3883.59
220950, 3979.49
220957, 4250.26
220965, 4578.97
220973, 4806.67
220981, 4764.62
220989, 4450.77
220996, 4074.36
221004, 3886.67
221012, 3980.51
221020, 4275.38
221028, 4592.31
221036, 4801.54
221043, 4776.41
221051, 4451.28
221059, 4056.41
221067, 3876.41
221075, 3985.13
221082, 4280
221090, 4580
221098, 4796.92
221106, 4780
221114, 4446.67
221122, 4063.59
221129, 3885.64
221137, 3982.56
221145, 4277.44
221153, 4587.18
221161, 4805.13
221168, 4771.79
221176, 4446.67
221184, 4073.33
221192, 3877.95
221200, 3980.51
221208, 4280
221215, 4584.1
221223, 4806.67
221231, 4764.62
221239, 4436.92
221247, 4071.79
221254, 3892.31
221262, 3997.95
221270, 4271.79
221278, 4578.46
221286, 4803.59
221294, 4748.72
221301, 4435.9
221309, 4069.74
221317, 3882.05
221325, 3999.49
221333, 4282.56
221341, 4592.82
221348, 4809.23
221356, 4748.21
221364, 4432.82
221372, 4070.26
221380, 3891.79
221387, 3991.79
221395, 4278.97
221403, 4607.69
221411, 4805.64
221419, 4741.54
221426, 4437.44
221434, 4071.79
221442, 3890.26
221450, 3986.67
221458, 4288.72
221473, 4625.13
221474, 4802.05
221481, 4730.77
221489, 4431.28
221497, 4068.21
221505, 3888.72
221513, 3993.33
221520, 4293.33
221528, 4601.03
221536, 4791.79
221544, 4754.87
221552, 4435.38
221559, 4056.41
221567, 3892.31
221575, 4003.08
221583, 4288.72
221591, 4594.87
221599, 4806.15
221606, 4755.9
221614, 4423.08
221622, 4069.23
221630, 3900.51
221638, 3984.1
221645, 4274.36
221653, 4582.05
221661, 4669.23
221669, 4466.15
221677, 4288.21
221685, 4346.67
221692, 4383.59
221700, 4330.26
221708, 4332.82
221716, 4351.28
221724, 4361.54
221731, 4349.74
221739, 4337.95
221747, 4353.33
221755, 4354.36
221763, 4357.44
221771, 4350.77
221778, 4350.26
221786, 4357.95
221794, 4344.1
221802, 4349.74
221810, 4356.92
221817, 4352.31
221825, 4356.41
221833, 4348.72
221841, 4359.49
221849, 4376.41
221857, 4361.03
221864, 4348.72
221872, 4348.21
221880, 4354.36
221888, 4343.08
221896, 4329.74
221904, 4366.67
221911, 4375.38
221919, 4345.13
221927, 4338.97
221935, 4341.54
221943, 4354.87
221950, 4357.44
221958, 4349.74
221966, 4351.79
221974, 4346.15
221982, 4351.79
221989, 4347.69
221997, 4343.59
222005, 4357.95
222013, 4350.26
222021, 4348.72
222029, 4352.82
222036, 4345.13
222044, 4356.41
222052, 4353.33
222060, 4350.26
222068, 4361.03
222076, 4361.03
222083, 4367.18
222091, 4353.85
222099, 4336.41
222107, 4342.05
222115, 4346.15
222122, 4357.44
222130, 4353.33
222138, 4346.15
222146, 4362.05
222154, 4356.92
222162, 4350.77
222169, 4354.87
222177, 4350.77
222185, 4351.79
222193, 4350.77
222201, 4356.92
222208, 4351.79
222216, 4340
222224, 4350.26
222232, 4346.67
222240, 4349.23
222248, 4363.59
222255, 4356.92
222263, 4357.44
222271, 4353.33
222279, 4354.87
222287, 4370.26
222294, 4354.36
222302, 4339.49
222310, 4344.1
222318, 4351.79
222326, 4357.44
222334, 4346.15
222341, 4351.79
222349, 4356.92
222357, 4347.69
222365, 4352.31
222373, 4349.23
222380, 4355.9
222388, 4358.97
222396, 4341.03
222404, 4348.72
222412, 4354.87
222420, 4350.77
222427, 4347.69
222435, 4343.08
222443, 4355.38
222451, 4352.31
222459, 4350.26
222466, 4360.51
222474, 4349.23
222482, 4356.41
222490, 4362.56
222498, 4345.64
222506, 4340.51
222513, 4340
222521, 4351.28
222529, 4354.87, estimuli
222537, 4343.08
222545, 4351.28
222552, 4346.15
222560, 4345.13
222568, 4358.97
222576, 4351.28
222584, 4349.74
222592, 4356.92
222599, 4362.56
222607, 4352.31
222615, 4336.41
222623, 4353.33
222631, 4348.21
222639, 4327.18
222646, 4357.44
222654, 4380
222662, 4365.13
222670, 4462.56
222678, 4643.08
222685, 4542.56
222693, 4108.21
222701, 3867.18
222709, 4010.26
222717, 4254.36
222725, 4533.33
222732, 4780
222740, 4778.97
222748, 4488.21
222756, 4104.1
222764, 3897.44
222771, 3964.1
222779, 4242.05
222787, 4566.67
222795, 4784.1
222803, 4775.38
222811, 4485.64
222818, 4103.08
222826, 3890.26
222834, 3961.03
222842, 4258.46
222850, 4571.28
222857, 4773.33
222865, 4769.23
222873, 4492.31
222881, 4115.9
222889, 3873.33
222897, 3942.56
222904, 4272.82
222912, 4578.46
222920, 4775.9
222928, 4780.51
222936, 4482.05
222944, 4086.67
222951, 3877.95
222959, 3973.85
222967, 4260.51
222975, 4562.05
222983, 4796.92
222990, 4784.62
222998, 4480
223006, 4099.49
223014, 3891.28
223022, 3983.59
223030, 4251.28
223037, 4549.74
223045, 4794.87
223053, 4773.85
223061, 4466.15
223069, 4096.41
223076, 3896.92
223084, 3979.49
223092, 4247.18
223100, 4572.82
223108, 4811.79
223115, 4766.67
223123, 4461.54
223131, 4089.74
223139, 3888.21
223147, 3974.87
223155, 4251.28
223162, 4577.44
223170, 4793.85
223178, 4752.82
223186, 4457.95
223194, 4089.23
223202, 3894.87
223209, 3976.92
223217, 4257.95
223225, 4582.56
223233, 4791.28
223241, 4757.95
223248, 4458.97
223256, 4084.62
223264, 3894.36
223272, 3974.36
223280, 4265.13
223288, 4588.21
223295, 4784.1
223303, 4759.49
223311, 4476.92
223319, 4104.1
223327, 3894.87
223334, 3967.18
223342, 4261.54
223350, 4579.49
223358, 4790.26
223366, 4764.1
223374, 4449.74
223381, 4080.51
223389, 3885.64
223397, 3969.23
223405, 4273.85
223413, 4589.23
223420, 4801.03
223428, 4767.69
223436, 4450.77
223444, 4081.03
223452, 3882.56
223460, 3977.95
223467, 4275.9
223475, 4581.03
223483, 4805.13
223491, 4771.79
223499, 4451.28
223506, 4073.33
223514, 3877.95
223522, 3995.9
223530, 4281.54
223538, 4571.28
223546, 4800
223553, 4768.72
223561, 4451.28
223569, 4074.87
223577, 3874.36
223585, 3976.41
223592, 4274.87
223600, 4599.49
223608, 4807.69
223616, 4756.41
223624, 4458.46
223632, 4084.1
223639, 3893.85
223647, 3974.36
223655, 4236.92
223663, 4582.56
223671, 4685.13
223678, 4455.9
223686, 4303.08
223694, 4365.13
223702, 4386.67
223710, 4320.51
223718, 4332.31
223725, 4373.85
223733, 4358.97
223741, 4344.62
223749, 4344.62
223757, 4348.21
223765, 4352.31
223772, 4343.08
223780, 4350.77
223788, 4352.31
223796, 4342.56
223804, 4368.21
223811, 4368.21
223819, 4346.67
223827, 4348.72
223835, 4348.72
223843, 4361.03
223851, 4363.59
223858, 4354.87
223866, 4353.33
223874, 4342.56
223882, 4347.69
223890, 4350.26
223897, 4346.15
223905, 4357.95
223913, 4350.26
223921, 4351.79
223929, 4362.56
223937, 4354.36
223944, 4350.77
223952, 4344.1
223960, 4348.72
223968, 4352.82
223976, 4349.74
223983, 4352.31
223991, 4335.9
223999, 4346.67
224007, 4369.23
224015, 4354.36
224023, 4353.85
224030, 4351.79
224038, 4342.56
224046, 4358.97
224054, 4365.13
224062, 4357.44
224070, 4345.13
224077, 4349.23
224085, 4362.56
224093, 4345.13
224101, 4344.1
224109, 4354.36
224116, 4346.67
224124, 4354.87
224132, 4361.54
224140, 4362.56
224148, 4345.64
224156, 4335.38
224163, 4361.54
224171, 4357.44
224179, 4346.15
224187, 4354.36
224195, 4346.67
224202, 4355.38
224210, 4351.79
224218, 4341.03
224226, 4363.08
224234, 4368.72
224242, 4354.36
224249, 4346.67
224257, 4356.41
224265, 4362.56
224273, 4341.54
224281, 4347.69
224288, 4359.49
224296, 4352.31
224304, 4350.77
224312, 4341.03
224320, 4349.23
224328, 4356.41
224335, 4346.15
224343, 4357.44
224351, 4356.92
224359, 4349.74
224367, 4355.38
224374, 4350.26
224382, 4354.36
224390, 4354.36
224398, 4347.69
224406, 4349.23
224414, 4342.05
224421, 4350.26
224429, 4352.31
224437, 4346.67
224445, 4356.41
224453, 4347.18
224460, 4350.26
224468, 4358.46
224476, 4349.23
224484, 4351.79
224492, 4345.64
224500, 4351.28
224507, 4355.38
224515, 4344.1
224523, 4357.95
224531, 4356.41
224539, 4349.74
224546, 4360, estimuli
224554, 4356.41
224562, 4356.41
224570, 4352.82
224578, 4350.77
224586, 4356.92
224593, 4346.67
224601, 4352.82
224609, 4355.38
224617, 4343.08
224625, 4348.72
224633, 4349.74
224640, 4351.79
224648, 4339.49
224656, 4320
224664, 4346.15
224672, 4384.62
224679, 4374.87
224687, 4415.9
224695, 4584.1
224703, 4610.26
224711, 4251.79
224719, 3882.05
224726, 3912.82
224734, 4164.1
224742, 4454.87
224750, 4740.51
224758, 4825.64
224765, 4597.95
224773, 4209.74
224781, 3932.31
224789, 3905.64
224797, 4129.74
224805, 4466.15
224812, 4734.36
224820, 4826.15
224828, 4617.44
224836, 4212.82
224844, 3924.62
224851, 3903.59
224859, 4133.33
224867, 4459.49
224875, 4733.85
224883, 4830.26
224891, 4605.13
224898, 4206.67
224906, 3914.36
224914, 3897.44
224922, 4155.38
224930, 4473.85
224937, 4728.21
224945, 4821.03
224953, 4607.69
224961, 4220.51
224969, 3914.36
224977, 3896.41
224984, 4155.38
224992, 4468.72
225000, 4740.51
225008, 4831.79
225016, 4595.9
225023, 4205.13
225031, 3916.41
225039, 3905.64
225047, 4148.72
225055, 4466.15
225063, 4749.74
225070, 4825.13
225078, 4594.36
225086, 4209.23
225094, 3904.62
225102, 3899.49
225109, 4149.74
225117, 4470.26
225125, 4751.28
225133, 4824.62
225141, 4594.87
225149, 4204.1
225156, 3920
225164, 3916.92
225172, 4140
225180, 4466.15
225188, 4748.21
225196, 4813.33
225203, 4592.31
225211, 4203.59
225219, 3912.82
225227, 3907.69
225235, 4147.69
225242, 4485.13
225250, 4754.36
225258, 4813.33
225266, 4589.74
225274, 4200
225282, 3916.92
225289, 3902.56
225297, 4144.1
225305, 4485.13
225313, 4744.62
225321, 4815.38
225328, 4592.31
225336, 4195.38
225344, 3917.95
225352, 3905.13
225360, 4153.33
225368, 4496.41
225375, 4758.97
225383, 4815.38
225391, 4576.41
225399, 4201.03
225407, 3923.08
225414, 3901.03
225422, 4152.82
225430, 4478.97
225438, 4749.23
225446, 4831.79
225454, 4586.67
225461, 4187.69
225469, 3911.79
225477, 3917.95
225485, 4166.15
225493, 4482.05
225500, 4770.26
225508, 4834.87
225516, 4563.08
225524, 4176.41
225532, 3906.67
225540, 3913.85
225547, 4169.74
225555, 4487.69
225563, 4764.62
225571, 4830.77
225579, 4583.08
225586, 4178.97
225594, 3893.85
225602, 3918.46
225610, 4164.1
225618, 4481.03
225626, 4767.18
225633, 4823.08
225641, 4563.59
225649, 4171.79
225658, 3918.97
225665, 3926.15
225672, 4137.95
225680, 4490.77
225688, 4701.54
225696, 4551.28
225704, 4332.31
225712, 4313.33
225719, 4371.79
225727, 4361.03
225735, 4341.03
225743, 4349.74
225751, 4344.1
225758, 4352.82
225766, 4358.46
225774, 4355.9
225782, 4370.77
225790, 4358.46
225798, 4328.72
225805, 4332.82
225813, 4354.36
225821, 4364.1
225829, 4348.21
225837, 4347.69
225845, 4362.05
225852, 4343.08
225860, 4337.95
225868, 4344.1
225876, 4350.77
225884, 4376.41
225891, 4357.44
225899, 4334.87
225907, 4353.33
225915, 4361.54
225923, 4352.82
225931, 4342.05
225938, 4356.92
225946, 4363.59
225954, 4339.49
225962, 4347.69
225970, 4360
225977, 4349.23
225985, 4349.74
225993, 4359.49
226001, 4366.15
226009, 4342.05
226017, 4334.36
226024, 4361.03
226032, 4349.23
226040, 4346.67
226048, 4357.44
226056, 4347.18
226063, 4350.26
226071, 4353.33
226079, 4355.38
226087, 4348.21
226095, 4339.49
226103, 4358.46
226110, 4355.38
226118, 4346.67
226126, 4357.44
226134, 4352.31
226142, 4349.23
226149, 4345.64
226157, 4351.79
226165, 4361.54
226173, 4346.15
226181, 4347.69
226189, 4355.38
226196, 4357.95
226204, 4366.67
226212, 4349.23
226220, 4338.46
226228, 4346.67
226235, 4351.79
226243, 4355.38
226251, 4343.08
226259, 4346.67
226267, 4352.31
226275, 4344.62
226282, 4359.49
226290, 4356.41
226298, 4348.21
226306, 4356.92
226314, 4352.31
226322, 4353.85
226329, 4353.33
226337, 4354.36
226345, 4359.49
226353, 4343.59
226361, 4342.56
226368, 4352.82
226376, 4365.13
226384, 4370.77
226392, 4345.64
226400, 4348.72
226408, 4367.69
226415, 4359.49
226423, 4353.85
226431, 4350.77
226439, 4358.97
226447, 4350.77
226454, 4335.38
226462, 4357.44
226470, 4357.44
226478, 4339.49
226486, 4341.54
226494, 4347.18
226501, 4358.46
226509, 4354.36
226517, 4354.87
226525, 4363.59
226533, 4342.56
226540, 4345.13
226548, 4365.13
226556, 4362.56
226564, 4362.56
226572, 4351.28, estimuli
226580, 4348.72
226587, 4349.23
226595, 4333.33
226603, 4343.08
226611, 4361.03
226619, 4369.23
226626, 4355.9
226634, 4338.97
226642, 4348.72
226650, 4347.18
226658, 4352.31
226666, 4358.97
226673, 4340
226681, 4346.15
226689, 4347.69
226697, 4359.49
226705, 4376.41
226712, 4353.33
226720, 4480
226728, 4655.38
226736, 4495.9
226744, 4075.9
226752, 3855.9
226759, 4012.31
226767, 4293.85
226775, 4572.82
226783, 4800.51
226791, 4771.28
226799, 4465.13
226806, 4080.51
226814, 3882.56
226822, 4002.05
226830, 4268.21
226838, 4549.74
226845, 4794.36
226853, 4777.95
226861, 4454.87
226869, 4069.23
226877, 3893.33
226885, 4006.15
226892, 4265.64
226900, 4567.69
226908, 4799.49
226916, 4761.54
226924, 4449.23
226931, 4073.33
226939, 3886.67
226947, 3978.97
226955, 4255.38
226963, 4583.59
226971, 4807.18
226978, 4772.82
226986, 4460.51
226994, 4071.79
227002, 3888.72
227010, 3991.28
227017, 4275.9
227025, 4585.64
227033, 4802.56
227041, 4785.13
227049, 4456.41
227057, 4057.44
227064, 3878.46
227072, 3979.49
227080, 4280
227088, 4597.44
227096, 4792.31
227103, 4757.44
227111, 4450.26
227119, 4073.85
227127, 3877.95
227135, 3978.46
227143, 4284.62
227150, 4585.13
227158, 4793.85
227166, 4767.69
227174, 4442.56
227182, 4066.67
227189, 3883.59
227197, 3986.15
227205, 4274.36
227213, 4573.85
227221, 4803.59
227229, 4776.41
227236, 4440.51
227244, 4062.05
227252, 3897.95
227260, 4020
227268, 4283.59
227275, 4575.9
227283, 4813.33
227291, 4760.51
227299, 4428.21
227307, 4060.51
227315, 3876.41
227322, 3992.31
227330, 4281.54
227338, 4591.79
227346, 4810.77
227354, 4752.82
227362, 4426.67
227369, 4060.51
227377, 3895.9
227385, 4005.64
227393, 4277.44
227401, 4596.92
227408, 4809.74
227416, 4738.46
227424, 4424.62
227432, 4066.67
227440, 3888.72
227448, 3995.9
227455, 4297.95
227463, 4620.51
227471, 4795.38
227479, 4732.82
227487, 4434.36
227494, 4057.44
227502, 3877.44
227510, 3994.36
227518, 4294.36
227526, 4610.26
227534, 4813.33
227541, 4768.21
227549, 4434.87
227557, 4044.62
227565, 3877.95
227573, 3998.97
227580, 4304.1
227588, 4612.31
227596, 4800.51
227604, 4753.33
227612, 4432.82
227620, 4055.38
227627, 3871.28
227635, 3985.64
227643, 4302.05
227651, 4601.54
227659, 4799.49
227666, 4759.49
227674, 4430.77
227682, 4058.46
227690, 3880.51
227698, 3975.9
227706, 4278.46
227713, 4597.44
227721, 4672.82
227729, 4452.82
227737, 4298.97
227745, 4360.51
227753, 4376.41
227760, 4333.85
227768, 4342.56
227776, 4350.26
227784, 4362.56
227792, 4351.28
227799, 4341.03
227807, 4361.03
227815, 4354.87
227823, 4347.69
227831, 4345.64
227838, 4346.15
227846, 4350.26
227854, 4346.67
227862, 4351.79
227870, 4354.87
227878, 4368.21
227885, 4372.31
227893, 4333.33
227901, 4330.26
227909, 4353.85
227917, 4349.23
227924, 4347.18
227932, 4349.23
227940, 4357.44
227948, 4355.38
227956, 4343.08
227964, 4354.87
227971, 4355.9
227979, 4350.77
227987, 4352.31
227995, 4347.18
228003, 4355.38
228011, 4355.38
228018, 4353.85
228026, 4354.87
228034, 4342.56
228042, 4353.33
228050, 4358.46
228057, 4351.28
228065, 4357.95
228073, 4352.31
228081, 4365.64
228089, 4367.69
228097, 4334.87
228104, 4337.95
228112, 4345.64
228120, 4341.54
228128, 4349.23
228136, 4352.31
228143, 4359.49
228151, 4352.82
228159, 4350.26
228167, 4355.9
228175, 4344.62
228183, 4349.74
228190, 4356.41
228198, 4361.03
228206, 4369.74
228214, 4355.38
228222, 4352.31
228229, 4344.62
228237, 4331.79
228245, 4358.97
228253, 4368.21
228261, 4351.28
228269, 4345.13
228276, 4351.79
228284, 4362.56
228292, 4352.31
228300, 4358.97
228308, 4363.59
228315, 4334.36
228323, 4335.38
228331, 4347.69
228339, 4355.38
228347, 4362.56
228355, 4353.85
228362, 4356.92
228370, 4344.62
228378, 4337.95
228386, 4351.28
228394, 4341.03
228402, 4353.33
228409, 4367.18
228417, 4353.85
228425, 4349.74
228433, 4347.18
228441, 4355.9
228448, 4353.33
228456, 4337.95
228464, 4350.77
228472, 4354.36
228480, 4352.31
228487, 4351.79
228495, 4353.85
228503, 4372.31
228511, 4345.64
228519, 4319.49
228527, 4343.59
228534, 4351.79
228542, 4351.28
228550, 4350.26
228558, 4347.18
228566, 4357.44
228574, 4364.1
228581, 4363.08
228589, 4343.08
228597, 4340.51
228605, 4366.67, estimuli
228613, 4352.31
228620, 4341.54
228628, 4352.82
228636, 4351.28
228644, 4352.82
228652, 4344.1
228660, 4353.85
228667, 4358.46
228675, 4338.46
228683, 4345.64
228691, 4351.28
228699, 4356.92
228706, 4351.28
228714, 4329.74
228722, 4362.56
228730, 4390.77
228738, 4343.08
228746, 4370.77
228753, 4576.41
228761, 4671.28
228769, 4350.26
228777, 3910.26
228785, 3850.26
228792, 4090.77
228800, 4388.21
228808, 4689.23
228816, 4857.95
228824, 4718.46
228832, 4303.59
228839, 3933.33
228847, 3850.26
228855, 4052.31
228863, 4400
228871, 4704.62
228878, 4858.46
228886, 4714.87
228894, 4301.03
228902, 3928.72
228910, 3838.97
228918, 4057.95
228925, 4396.92
228933, 4702.56
228941, 4887.69
228949, 4711.79
228957, 4268.72
228965, 3926.67
228972, 3852.82
228980, 4061.03
228988, 4395.38
228996, 4706.15
229004, 4870.26
229011, 4697.44
229019, 4294.36
229027, 3933.85
229035, 3837.95
229043, 4066.67
229051, 4402.56
229058, 4711.79
229066, 4874.36
229074, 4697.44
229082, 4290.77
229090, 3922.56
229097, 3843.08
229105, 4074.87
229113, 4406.15
229121, 4723.08
229129, 4868.72
229137, 4689.23
229144, 4294.87
229152, 3924.1
229160, 3837.44
229168, 4055.9
229176, 4403.08
229183, 4735.9
229191, 4868.72
229199, 4684.1
229207, 4285.64
229215, 3923.08
229223, 3843.08
229230, 4058.97
229238, 4409.74
229246, 4728.21
229254, 4867.69
229262, 4704.62
229269, 4285.13
229277, 3916.92
229285, 3849.23
229293, 4056.41
229301, 4407.18
229309, 4730.77
229316, 4868.72
229324, 4688.21
229332, 4257.44
229340, 3916.41
229348, 3866.15
229355, 4066.67
229363, 4410.26
229371, 4742.56
229379, 4883.59
229387, 4679.49
229395, 4262.56
229402, 3922.05
229410, 3835.9
229418, 4064.1
229426, 4425.64
229434, 4730.77
229441, 4875.38
229449, 4682.05
229457, 4258.97
229465, 3913.33
229473, 3841.03
229481, 4071.79
229488, 4416.92
229496, 4738.97
229504, 4887.18
229512, 4674.36
229520, 4265.64
229528, 3922.05
229535, 3830.26
229543, 4069.23
229551, 4441.54
229559, 4764.1
229567, 4880.51
229574, 4658.97
229582, 4255.9
229590, 3920
229598, 3849.74
229606, 4067.69
229614, 4417.44
229621, 4754.87
229629, 4863.08
229637, 4649.23
229645, 4264.1
229653, 3921.54
229660, 3850.77
229668, 4067.18
229676, 4416.41
229684, 4750.77
229692, 4872.82
229700, 4664.62
229707, 4251.79
229715, 3924.1
229723, 3871.79
229731, 4046.67
229739, 4407.69
229746, 4709.74
229754, 4617.95
229762, 4356.41
229770, 4321.54
229778, 4405.64
229786, 4354.87
229793, 4310.26
229801, 4360.51
229809, 4348.21
229817, 4339.49
229825, 4360
229832, 4346.15
229840, 4351.79
229848, 4358.46
229856, 4350.77
229864, 4352.82
229872, 4343.08
229879, 4353.33
229887, 4358.97
229895, 4343.08
229903, 4352.31
229911, 4355.38
229918, 4356.92
229926, 4358.97
229934, 4353.85
229942, 4356.92
229950, 4342.56
229958, 4343.59
229965, 4353.85
229973, 4342.56
229981, 4357.95
229989, 4368.21
229997, 4352.31
230005, 4344.62
230012, 4341.54
230020, 4349.74
230028, 4341.03
230036, 4336.41
230044, 4356.41
230051, 4350.26
230059, 4353.33
230067, 4356.41
230075, 4346.15
230083, 4356.92
230090, 4351.28
230098, 4345.64
230106, 4352.31
230114, 4347.18
230122, 4355.9
230130, 4356.41
230137, 4352.82
230145, 4352.82
230153, 4343.59
230161, 4353.85
230169, 4351.28
230177, 4346.67
230184, 4360
230192, 4354.36
230200, 4364.62
230208, 4361.03
230216, 4343.08
230223, 4350.77
230231, 4338.46
230239, 4334.36
230247, 4348.21
230255, 4351.79
230263, 4353.33
230270, 4344.1
230278, 4350.26
230286, 4354.36
230294, 4341.54
230302, 4351.79
230309, 4353.85
230317, 4353.33
230325, 4362.56
230333, 4348.21
230341, 4350.26
230349, 4352.82
230356, 4343.08
230364, 4346.15
230372, 4347.18
230380, 4360.51
230388, 4357.44
230395, 4344.1
230403, 4353.85
230411, 4352.31
230419, 4363.59
230427, 4363.08
230435, 4343.08
230442, 4351.28
230450, 4342.05
230458, 4337.95
230466, 4360.51
230474, 4357.44
230481, 4346.67
230489, 4346.67
230497, 4360.51
230505, 4354.36
230513, 4332.82
230521, 4354.87
230528, 4359.49
230536, 4347.18
230544, 4368.72
230552, 4361.03
230560, 4345.64
230567, 4347.69
230575, 4353.33
230583, 4353.33
230591, 4341.54
230599, 4361.54
230607, 4358.46
230614, 4326.67
230622, 4354.36
230630, 4364.1
230638, 4341.54
230646, 4345.64, estimuli
230654, 4358.46
230661, 4360.51
230669, 4333.85
230677, 4319.49
230685, 4331.79
230693, 4347.69
230700, 4374.87
230708, 4362.56
230716, 4345.13
230724, 4360.51
230732, 4354.36
230740, 4343.08
230747, 4342.05
230755, 4341.54
230763, 4349.74
230771, 4359.49
230779, 4354.87
230786, 4407.69
230794, 4599.49
230802, 4661.03
230810, 4296.41
230818, 3869.74
230826, 3861.03
230833, 4137.44
230841, 4448.21
230849, 4722.05
230857, 4844.1
230865, 4672.31
230872, 4259.49
230880, 3906.15
230888, 3848.72
230896, 4093.85
230904, 4446.15
230912, 4733.85
230919, 4868.21
230927, 4673.85
230935, 4245.64
230943, 3910.77
230951, 3851.79
230958, 4087.69
230966, 4434.87
230974, 4732.31
230982, 4873.33
230990, 4671.28
230998, 4245.64
231005, 3904.1
231013, 3852.82
231021, 4106.15
231029, 4430.77
231037, 4728.72
231044, 4889.74
231052, 4670.77
231060, 4224.1
231068, 3891.79
231076, 3866.67
231084, 4098.97
231091, 4422.05
231099, 4751.79
231107, 4882.56
231115, 4650.77
231123, 4236.41
231130, 3906.67
231138, 3864.1
231146, 4096.92
231154, 4438.97
231162, 4755.9
231170, 4854.87
231177, 4640.51
231185, 4244.62
231193, 3913.85
231201, 3869.23
231209, 4091.28
231217, 4443.08
231224, 4768.21
231232, 4852.31
231240, 4629.74
231248, 4253.33
231256, 3939.49
231263, 3862.05
231271, 4073.85
231279, 4456.92
231287, 4762.56
231295, 4838.97
231303, 4637.44
231310, 4236.92
231318, 3914.87
231326, 3872.31
231334, 4101.54
231342, 4460.51
231349, 4751.28
231357, 4844.62
231365, 4637.95
231373, 4224.62
231381, 3906.67
231389, 3865.13
231396, 4104.62
231404, 4461.03
231413, 4752.31
231420, 4856.92
231428, 4636.41
231435, 4226.15
231443, 3907.69
231451, 3863.08
231459, 4125.13
231467, 4466.67
231475, 4738.97
231482, 4857.44
231490, 4639.49
231498, 4215.9
231506, 3899.49
231514, 3869.74
231521, 4119.49
231529, 4461.03
231537, 4769.23
231545, 4877.44
231553, 4622.05
231561, 4204.62
231568, 3902.56
231576, 3874.87
231584, 4112.31
231592, 4455.9
231600, 4780
231607, 4869.74
231615, 4617.95
231623, 4212.31
231631, 3897.95
231639, 3870.77
231647, 4103.08
231654, 4455.9
231662, 4793.85
231670, 4870.77
231678, 4609.74
231686, 4205.13
231694, 3892.82
231701, 3875.9
231709, 4116.41
231717, 4457.44
231725, 4767.18
231733, 4851.79
231740, 4623.59
231748, 4216.41
231756, 3905.64
231764, 3872.82
231772, 4079.49
231780, 4454.36
231787, 4707.18
231795, 4578.97
231803, 4335.9
231811, 4318.97
231819, 4397.95
231826, 4347.69
231834, 4311.79
231842, 4359.49
231850, 4350.77
231858, 4341.54
231866, 4360
231873, 4369.23
231881, 4360
231889, 4330.77
231897, 4342.05
231905, 4365.13
231912, 4343.59
231920, 4339.49
231928, 4342.05
231936, 4348.72
231944, 4364.1
231952, 4349.23
231959, 4346.15
231967, 4350.77
231975, 4343.59
231983, 4347.69
231991, 4341.54
231998, 4353.33
232006, 4363.08
232014, 4348.72
232022, 4353.85
232030, 4354.36
232038, 4350.26
232045, 4346.15
232053, 4347.18
232061, 4365.64
232069, 4358.46
232077, 4360.51
232084, 4368.72
232092, 4344.1
232100, 4344.62
232108, 4347.69
232116, 4331.28
232124, 4343.59
232131, 4352.82
232139, 4353.85
232147, 4346.67
232155, 4345.13
232163, 4363.08
232171, 4350.26
232178, 4344.1
232186, 4361.54
232194, 4360.51
232202, 4350.77
232210, 4336.92
232217, 4348.72
232225, 4355.9
232233, 4342.05
232241, 4352.82
232249, 4353.33
232257, 4350.77
232264, 4353.85
232272, 4346.15
232280, 4363.59
232288, 4366.67
232296, 4345.13
232303, 4340.51
232311, 4340.51
232319, 4348.21
232327, 4344.62
232335, 4343.08
232343, 4362.05
232350, 4353.85
232358, 4351.79
232366, 4355.38
232374, 4347.18
232382, 4360
232389, 4348.21
232397, 4335.9
232405, 4355.9
232413, 4363.08
232421, 4357.44
232429, 4342.56
232436, 4350.26
232444, 4362.05
232452, 4340.51
232460, 4346.67
232468, 4355.9
232475, 4343.59
232483, 4361.54
232491, 4369.74
232499, 4357.95
232507, 4347.69
232515, 4333.85
232522, 4336.41
232530, 4353.33
232538, 4374.36
232546, 4363.08
232554, 4349.74
232561, 4369.23
232569, 4354.87
232577, 4336.41
232585, 4342.56
232593, 4356.41
232601, 4380.51
232608, 4349.74
232616, 4319.49
232624, 4351.79
232632, 4362.05
232640, 4356.92
232648, 4349.23
232655, 4340
232663, 4349.74
232671, 4348.72
232679, 4352.82
232687, 4358.97
232694, 4365.13, estimuli
232702, 4367.18
232710, 4337.95
232718, 4340
232726, 4358.46
232734, 4349.23
232741, 4356.41
232749, 4355.9
232757, 4352.31
232765, 4363.08
232773, 4357.95
232780, 4353.33
232788, 4345.64
232796, 4346.67
232804, 4344.1
232812, 4334.36
232819, 4378.97
232827, 4376.41
232835, 4377.44
232843, 4570.26
232851, 4669.74
232859, 4365.13
232866, 3923.59
232874, 3835.9
232882, 4085.13
232890, 4380
232898, 4704.1
232906, 4878.97
232913, 4695.38
232921, 4316.41
232929, 3960.51
232937, 3845.64
232945, 4044.62
232952, 4378.97
232960, 4695.9
232968, 4858.46
232976, 4716.41
232984, 4327.69
232992, 3947.69
232999, 3847.69
233007, 4044.62
233015, 4377.95
233023, 4707.18
233031, 4860.51
233038, 4709.74
233046, 4316.92
233054, 3943.59
233062, 3850.77
233070, 4045.64
233079, 4386.15
233085, 4700.51
233093, 4847.69
233101, 4718.97
233109, 4337.95
233117, 3951.79
233124, 3837.44
233132, 4046.15
233140, 4398.97
233148, 4694.36
233156, 4839.49
233164, 4700.51
233171, 4308.21
233179, 3955.38
233187, 3851.79
233195, 4038.46
233203, 4383.59
233211, 4692.82
233218, 4862.05
233226, 4717.44
233234, 4303.59
233242, 3943.08
233250, 3852.31
233257, 4048.21
233265, 4374.87
233273, 4694.87
233281, 4873.85
233289, 4700.51
233297, 4295.38
233304, 3950.26
233312, 3854.36
233320, 4069.23
233328, 4395.38
233336, 4689.74
233343, 4860.51
233351, 4694.36
233359, 4294.87
233367, 3952.31
233375, 3856.92
233383, 4054.87
233390, 4390.26
233398, 4715.38
233406, 4864.62
233414, 4687.69
233422, 4289.23
233429, 3932.82
233437, 3857.44
233445, 4057.95
233453, 4384.1
233462, 4723.08
233469, 4862.56
233476, 4672.31
233484, 4286.15
233492, 3941.54
233500, 3858.97
233508, 4050.26
233515, 4394.36
233523, 4734.87
233531, 4861.03
233539, 4682.05
233547, 4296.92
233555, 3942.56
233562, 3850.77
233570, 4049.23
233578, 4406.15
233586, 4724.62
233594, 4844.62
233601, 4672.31
233609, 4283.59
233617, 3940.51
233625, 3852.82
233633, 4057.95
233641, 4410.77
233648, 4703.08
233656, 4842.05
233664, 4693.33
233672, 4289.74
233680, 3942.05
233687, 3858.97
233696, 4059.49
233703, 4401.03
233711, 4709.23
233719, 4854.36
233727, 4675.9
233734, 4277.95
233742, 3945.13
233750, 3862.56
233758, 4077.95
233766, 4409.23
233774, 4697.95
233781, 4852.31
233789, 4680.51
233797, 4281.03
233805, 3951.28
233813, 3864.62
233820, 4047.69
233828, 4391.79
233836, 4680
233844, 4631.28
233852, 4364.1
233859, 4311.28
233867, 4387.69
233875, 4347.69
233883, 4325.13
233891, 4356.41
233899, 4350.26
233906, 4339.49
233914, 4349.74
233922, 4354.87
233930, 4338.46
233938, 4348.72
233946, 4361.54
233953, 4346.67
233961, 4349.23
233969, 4353.85
233977, 4353.85
233985, 4346.67
233992, 4333.33
234000, 4352.31
234008, 4355.9
234016, 4348.21
234024, 4353.33
234032, 4342.56
234039, 4348.21
234047, 4351.79
234055, 4347.18
234063, 4359.49
234071, 4360.51
234078, 4361.54
234086, 4349.74
234094, 4344.1
234102, 4357.95
234110, 4345.64
234118, 4344.1
234125, 4354.87
234133, 4352.31
234141, 4360.51
234149, 4352.82
234157, 4346.67
234164, 4352.31
234172, 4349.23
234180, 4359.49
234188, 4349.23
234196, 4339.49
234204, 4357.95
234211, 4355.9
234219, 4355.38
234227, 4355.38
234235, 4349.74
234243, 4348.72
234250, 4343.08
234258, 4361.54
234266, 4358.46
234274, 4337.95
234282, 4360
234290, 4361.54
234297, 4340.51
234305, 4341.54
234313, 4353.33
234321, 4361.03
234329, 4345.64
234336, 4352.82
234344, 4367.18
234352, 4346.15
234360, 4344.1
234368, 4353.33
234376, 4355.38
234383, 4353.33
234391, 4347.69
234399, 4361.03
234407, 4354.36
234415, 4335.9
234422, 4346.67
234430, 4351.79
234438, 4360
234446, 4358.97
234454, 4347.69
234462, 4352.82
234469, 4348.21
234477, 4352.82
234485, 4356.41
234493, 4348.21
234501, 4356.92
234509, 4351.28
234516, 4346.67
234524, 4352.31
234532, 4343.59
234540, 4351.79
234548, 4354.36
234555, 4351.28
234563, 4357.95
234571, 4348.72
234579, 4352.31
234587, 4352.31
234595, 4345.13
234602, 4350.26
234610, 4347.69
234618, 4358.97
234626, 4360
234634, 4346.15
234641, 4351.79
234649, 4346.67
234657, 4346.67
234665, 4351.28
234673, 4345.64
234681, 4353.85
234688, 4352.31
234696, 4351.28, estimuli
234704, 4353.33
234712, 4342.56
234720, 4344.62
234727, 4341.54
234735, 4347.69
234743, 4356.41
234751, 4341.03
234759, 4352.82
234767, 4357.44
234774, 4340.51
234782, 4351.28
234790, 4353.85
234798, 4346.15
234806, 4336.41
234813, 4346.67
234821, 4383.08
234829, 4355.38
234837, 4400.51
234845, 4604.1
234853, 4626.15
234860, 4268.21
234868, 3881.03
234876, 3891.28
234884, 4152.82
234892, 4437.95
234899, 4741.54
234907, 4839.49
234915, 4615.38
234923, 4235.9
234931, 3917.44
234939, 3885.64
234946, 4129.74
234954, 4452.82
234962, 4737.95
234970, 4841.03
234978, 4632.31
234986, 4223.08
234993, 3904.1
235001, 3891.28
235009, 4131.79
235017, 4463.08
235025, 4747.69
235032, 4830.26
235040, 4618.46
235048, 4217.95
235056, 3907.69
235064, 3886.67
235072, 4117.44
235079, 4465.13
235087, 4751.79
235095, 4829.74
235103, 4620.51
235111, 4225.13
235118, 3922.05
235126, 3885.13
235134, 4112.82
235142, 4469.74
235150, 4748.72
235158, 4820
235165, 4610.26
235173, 4222.05
235181, 3921.03
235189, 3886.67
235197, 4124.62
235204, 4462.56
235213, 4744.62
235220, 4844.1
235228, 4614.36
235236, 4209.74
235244, 3915.9
235251, 3883.59
235259, 4126.67
235267, 4461.54
235275, 4746.15
235283, 4842.56
235290, 4608.21
235298, 4214.87
235306, 3913.33
235314, 3879.49
235322, 4131.28
235330, 4465.13
235337, 4751.79
235346, 4840
235353, 4599.49
235361, 4208.72
235369, 3915.9
235377, 3891.79
235384, 4131.79
235392, 4464.62
235400, 4763.08
235408, 4841.54
235416, 4596.41
235423, 4202.56
235431, 3914.36
235439, 3904.62
235447, 4125.13
235455, 4455.9
235463, 4774.87
235470, 4843.59
235478, 4589.23
235486, 4201.54
235494, 3916.41
235502, 3895.38
235509, 4124.1
235517, 4475.38
235525, 4760.51
235533, 4815.38
235541, 4595.38
235549, 4203.08
235556, 3892.31
235564, 3884.62
235572, 4145.64
235580, 4487.18
235588, 4747.69
235595, 4823.59
235603, 4609.74
235611, 4205.64
235619, 3908.72
235627, 3889.74
235635, 4145.64
235642, 4498.97
235650, 4749.74
235658, 4815.9
235666, 4600
235674, 4195.9
235681, 3895.38
235689, 3886.67
235697, 4149.74
235705, 4483.59
235713, 4745.64
235721, 4830.77
235728, 4597.95
235736, 4189.23
235744, 3902.05
235752, 3895.9
235760, 4155.9
235767, 4480.51
235775, 4747.69
235783, 4837.95
235791, 4602.56
235799, 4201.03
235807, 3904.1
235814, 3889.74
235822, 4137.44
235830, 4480.51
235838, 4702.05
235846, 4583.08
235853, 4334.36
235861, 4325.64
235869, 4387.69
235877, 4337.95
235885, 4321.03
235893, 4344.1
235900, 4349.74
235908, 4345.64
235916, 4340.51
235924, 4350.77
235932, 4350.77
235940, 4354.36
235947, 4356.92
235955, 4353.33
235963, 4349.74
235971, 4336.92
235979, 4352.82
235986, 4360
235994, 4346.67
236002, 4352.31
236010, 4345.64
236018, 4346.15
236026, 4350.26
236033, 4343.08
236041, 4348.72
236049, 4354.87
236057, 4370.77
236065, 4358.46
236072, 4336.41
236080, 4358.46
236088, 4354.87
236096, 4343.59
236104, 4350.26
236112, 4341.03
236119, 4344.1
236127, 4352.31
236135, 4354.87
236143, 4354.36
236151, 4345.64
236158, 4352.31
236166, 4353.33
236174, 4347.18
236182, 4353.33
236190, 4344.62
236198, 4345.13
236205, 4352.82
236213, 4351.79
236221, 4350.77
236229, 4344.62
236237, 4356.92
236244, 4354.87
236252, 4347.69
236260, 4368.21
236268, 4350.77
236276, 4332.82
236284, 4355.38
236291, 4358.46
236299, 4350.77
236307, 4342.56
236315, 4345.64
236323, 4356.41
236330, 4345.64
236338, 4350.26
236346, 4354.87
236354, 4349.23
236362, 4361.03
236370, 4355.9
236377, 4353.33
236385, 4352.82
236393, 4350.26
236401, 4358.97
236409, 4343.59
236416, 4341.03
236424, 4360
236432, 4358.97
236440, 4353.85
236448, 4344.62
236456, 4360
236463, 4378.46
236471, 4347.18
236479, 4336.41
236487, 4353.85
236495, 4354.36
236503, 4352.31
236510, 4350.77
236518, 4350.77
236526, 4341.03
236534, 4338.97
236542, 4349.23
236549, 4341.03
236557, 4359.49
236565, 4372.82
236573, 4347.69
236581, 4346.15
236589, 4348.72
236596, 4344.62
236604, 4342.05
236612, 4343.59
236620, 4360
236628, 4352.31
236635, 4348.21
236643, 4358.46
236651, 4349.74
236659, 4352.31
236667, 4353.85
236675, 4360.51
236682, 4367.18
236690, 4339.49
236698, 4335.38
236706, 4348.21, estimuli
236714, 4345.64
236721, 4346.67
236729, 4345.13
236737, 4356.92
236745, 4355.38
236753, 4338.46
236761, 4349.74
236768, 4350.77
236776, 4348.21
236784, 4353.85
236792, 4347.69
236800, 4351.28
236807, 4345.13
236815, 4335.38
236823, 4349.74
236831, 4371.79
236839, 4361.03
236847, 4389.74
236854, 4577.44
236862, 4646.15
236870, 4293.33
236878, 3884.62
236886, 3882.05
236893, 4163.59
236901, 4451.28
236909, 4689.23
236917, 4817.95
236925, 4658.97
236933, 4248.72
236940, 3916.41
236948, 3877.44
236956, 4115.9
236964, 4440.51
236972, 4708.21
236979, 4838.97
236987, 4654.36
236995, 4247.18
237003, 3924.1
237011, 3883.59
237019, 4125.13
237026, 4438.97
237034, 4711.79
237042, 4836.92
237050, 4636.92
237058, 4245.13
237065, 3929.74
237073, 3885.13
237081, 4119.49
237089, 4434.87
237097, 4732.31
237105, 4852.31
237112, 4624.1
237120, 4225.13
237128, 3919.49
237136, 3887.69
237144, 4118.97
237152, 4440
237159, 4738.46
237168, 4840
237175, 4627.18
237183, 4242.05
237191, 3923.59
237198, 3885.64
237206, 4113.85
237214, 4446.67
237222, 4742.56
237230, 4826.67
237238, 4625.13
237245, 4243.08
237253, 3920.51
237261, 3886.15
237269, 4114.36
237277, 4451.79
237284, 4737.44
237292, 4826.67
237300, 4642.05
237308, 4246.67
237316, 3911.79
237324, 3868.72
237331, 4103.08
237339, 4456.92
237347, 4735.9
237355, 4816.92
237363, 4625.64
237370, 4241.03
237378, 3924.62
237386, 3878.97
237394, 4119.49
237402, 4464.1
237410, 4728.72
237417, 4829.23
237425, 4634.87
237433, 4233.33
237441, 3930.77
237449, 3894.87
237457, 4124.1
237464, 4452.82
237472, 4725.13
237480, 4832.31
237488, 4629.23
237496, 4231.79
237503, 3921.54
237511, 3888.72
237519, 4129.23
237527, 4443.08
237535, 4722.05
237543, 4837.95
237550, 4620
237558, 4218.97
237566, 3908.72
237574, 3884.62
237582, 4129.74
237589, 4452.82
237597, 4752.31
237605, 4845.64
237613, 4604.1
237621, 4213.85
237629, 3913.33
237636, 3895.38
237644, 4143.08
237652, 4465.13
237660, 4743.59
237668, 4823.08
237675, 4607.18
237683, 4221.54
237691, 3910.77
237699, 3898.46
237707, 4144.62
237715, 4481.03
237722, 4752.82
237730, 4802.56
237738, 4591.79
237746, 4216.92
237754, 3916.92
237761, 3908.21
237769, 4139.49
237777, 4465.13
237785, 4743.59
237793, 4818.46
237801, 4601.03
237808, 4212.31
237816, 3929.23
237824, 3901.03
237832, 4109.74
237840, 4473.85
237847, 4689.23
237855, 4557.44
237863, 4336.41
237871, 4315.9
237879, 4383.59
237887, 4347.69
237894, 4326.67
237902, 4355.38
237910, 4346.15
237918, 4352.82
237926, 4358.97
237933, 4359.49
237941, 4351.79
237949, 4328.72
237957, 4353.85
237965, 4366.67
237973, 4336.92
237980, 4346.67
237988, 4357.44
237996, 4349.74
238004, 4341.54
238012, 4340
238020, 4361.03
238027, 4355.38
238035, 4338.97
238043, 4351.28
238051, 4357.44
238059, 4357.95
238066, 4344.1
238074, 4344.62
238082, 4365.64
238090, 4350.77
238098, 4337.44
238106, 4348.21
238113, 4357.95
238121, 4361.54
238129, 4342.56
238137, 4346.15
238145, 4366.67
238152, 4360
238160, 4344.62
238168, 4336.92
238176, 4350.77
238184, 4354.36
238192, 4341.54
238199, 4355.9
238207, 4350.77
238215, 4340.51
238223, 4352.82
238231, 4352.31
238238, 4358.46
238246, 4351.79
238255, 4338.46
238262, 4351.79
238270, 4351.79
238278, 4354.36
238285, 4351.79
238293, 4346.15
238301, 4360.51
238309, 4353.85
238317, 4349.23
238325, 4356.92
238332, 4350.26
238340, 4348.72
238348, 4347.69
238356, 4364.62
238364, 4370.26
238371, 4337.95
238379, 4338.97
238387, 4352.31
238395, 4350.26
238403, 4352.82
238410, 4344.62
238418, 4351.28
238426, 4355.9
238434, 4347.69
238442, 4350.26
238450, 4345.64
238457, 4351.79
238465, 4353.33
238473, 4341.03
238481, 4344.62
238489, 4349.23
238496, 4366.15
238504, 4371.28
238512, 4353.33
238520, 4353.33
238528, 4349.23
238536, 4348.21
238543, 4351.28
238551, 4339.49
238559, 4353.85
238567, 4361.03
238575, 4343.59
238583, 4338.46
238590, 4341.03
238598, 4354.36
238606, 4357.95
238614, 4354.36
238622, 4350.26
238629, 4332.82
238637, 4346.15
238645, 4357.44
238653, 4348.72
238661, 4353.33
238668, 4349.23
238676, 4353.33
238684, 4350.26
238692, 4338.46
238700, 4354.36
238708, 4350.77
238715, 4342.05
238723, 4350.26, estimuli
238731, 4352.31
238739, 4358.46
238747, 4345.64
238755, 4340.51
238762, 4366.67
238770, 4370.77
238778, 4353.33
238786, 4330.77
238794, 4343.59
238801, 4368.21
238809, 4344.1
238817, 4335.9
238825, 4347.18
238833, 4338.46
238841, 4339.49
238848, 4359.49
238856, 4370.26
238864, 4372.31
238872, 4504.62
238880, 4652.31
238887, 4440.51
238895, 4001.03
238903, 3847.69
238911, 4047.69
238919, 4350.26
238927, 4629.74
238934, 4806.67
238942, 4734.36
238950, 4390.26
238958, 4018.97
238966, 3867.18
238974, 4018.97
238981, 4351.79
238989, 4650.77
238997, 4825.13
239005, 4722.56
239013, 4362.05
239020, 4014.36
239028, 3872.82
239036, 4021.03
239044, 4335.9
239052, 4639.49
239060, 4836.41
239067, 4735.38
239075, 4372.82
239083, 4002.56
239091, 3853.33
239099, 4020.51
239106, 4330.77
239114, 4640.51
239122, 4841.03
239130, 4721.54
239138, 4358.97
239146, 4011.28
239153, 3869.74
239161, 4016.41
239169, 4334.36
239177, 4660.51
239185, 4840
239192, 4726.15
239200, 4370.77
239208, 3995.38
239216, 3865.13
239224, 4021.03
239232, 4321.54
239239, 4650.26
239247, 4832.82
239255, 4725.13
239263, 4376.92
239271, 3998.97
239278, 3859.49
239286, 4015.38
239294, 4337.44
239302, 4660
239310, 4821.03
239318, 4714.87
239325, 4367.69
239333, 4005.64
239341, 3874.87
239349, 4024.1
239357, 4348.21
239364, 4656.41
239372, 4813.85
239380, 4717.44
239388, 4363.59
239396, 3999.49
239404, 3877.44
239411, 4041.03
239419, 4342.05
239427, 4626.15
239435, 4822.05
239443, 4740
239451, 4367.69
239458, 4000.51
239466, 3865.64
239474, 4026.15
239482, 4348.72
239490, 4643.08
239497, 4822.56
239505, 4711.79
239513, 4341.03
239521, 3995.38
239529, 3874.36
239537, 4049.74
239544, 4362.56
239552, 4638.46
239560, 4821.03
239568, 4726.67
239576, 4361.54
239583, 3990.77
239591, 3868.21
239599, 4048.21
239607, 4349.74
239615, 4661.03
239622, 4844.62
239630, 4692.31
239638, 4325.13
239646, 3997.95
239654, 3880.51
239662, 4037.44
239669, 4350.26
239677, 4675.38
239685, 4835.9
239693, 4695.38
239701, 4349.23
239709, 3990.26
239716, 3866.15
239724, 4040
239732, 4351.79
239740, 4671.28
239748, 4831.28
239755, 4697.44
239763, 4343.59
239771, 3990.77
239779, 3871.28
239787, 4031.79
239795, 4362.56
239802, 4674.36
239810, 4815.9
239818, 4720.51
239826, 4376.92
239834, 3990.77
239841, 3856.92
239849, 4010.77
239857, 4349.23
239865, 4649.74
239873, 4637.95
239881, 4401.03
239888, 4298.46
239896, 4372.31
239904, 4361.03
239912, 4312.82
239920, 4358.97
239927, 4357.95
239935, 4336.41
239943, 4348.72
239951, 4355.9
239959, 4358.46
239967, 4335.9
239974, 4335.38
239982, 4354.36
239990, 4350.26
239998, 4360.51
240006, 4353.33
240013, 4345.64
240021, 4372.31
240029, 4366.15
240037, 4343.59
240045, 4330.77
240053, 4335.9
240060, 4357.44
240068, 4348.21
240076, 4352.31
240084, 4356.92
240092, 4338.97
240100, 4349.23
240107, 4351.28
240115, 4345.64
240123, 4348.21
240131, 4345.64
240139, 4352.31
240146, 4347.69
240154, 4345.64
240162, 4345.13
240170, 4338.46
240178, 4358.97
240186, 4360
240193, 4341.54
240201, 4352.82
240209, 4347.69
240217, 4335.38
240225, 4346.15
240232, 4368.72
240240, 4366.15
240248, 4326.15
240256, 4332.31
240264, 4357.44
240272, 4349.74
240279, 4354.36
240287, 4346.67
240295, 4344.62
240303, 4356.92
240311, 4347.18
240318, 4347.69
240326, 4347.69
240334, 4351.28
240342, 4359.49
240350, 4347.18
240358, 4352.82
240365, 4349.74
240373, 4341.03
240381, 4348.72
240389, 4343.08
240397, 4355.38
240404, 4357.44
240412, 4347.18
240420, 4366.15
240428, 4362.56
240436, 4356.41
240444, 4350.26
240451, 4330.77
240459, 4353.85
240467, 4364.62
240475, 4345.13
240483, 4351.28
240490, 4354.87
240498, 4342.05
240506, 4327.18
240514, 4338.97
240522, 4362.56
240530, 4355.38
240537, 4353.33
240545, 4351.79
240553, 4348.72
240561, 4353.33
240569, 4341.54
240577, 4352.31
240584, 4357.95
240592, 4342.56
240600, 4345.64
240608, 4342.05
240616, 4350.77
240623, 4358.46
240631, 4352.82
240639, 4369.23
240647, 4358.97
240655, 4342.56
240663, 4345.13
240670, 4343.08
240678, 4357.44
240686, 4352.31
240694, 4341.54
240702, 4351.79
240709, 4346.15
240717, 4347.18
240725, 4344.1
240733, 4343.08
240741, 4354.87
240749, 4344.62, estimuli
240756, 4350.26
240764, 4357.44
240772, 4346.15
240780, 4356.92
240788, 4354.36
240795, 4344.62
240803, 4346.67
240811, 4360.51
240819, 4377.44
240827, 4343.08
240835, 4332.31
240842, 4370.26
240850, 4358.97
240858, 4332.31
240866, 4344.62
240874, 4372.82
240881, 4361.03
240889, 4441.03
240897, 4646.67
240905, 4567.69
240913, 4120
240921, 3828.21
240928, 3947.18
240936, 4243.08
240944, 4532.82
240952, 4774.87
240960, 4809.23
240967, 4519.49
240975, 4109.23
240983, 3875.38
240991, 3943.08
240999, 4228.21
241007, 4527.69
241014, 4781.03
241022, 4821.03
241030, 4510.77
241038, 4105.13
241046, 3872.31
241054, 3940
241061, 4234.36
241069, 4544.62
241077, 4795.9
241085, 4807.69
241093, 4498.46
241100, 4103.08
241108, 3867.18
241116, 3942.56
241124, 4233.33
241132, 4548.21
241139, 4796.92
241147, 4794.87
241155, 4494.36
241163, 4109.23
241171, 3884.1
241179, 3952.82
241186, 4222.56
241194, 4551.79
241202, 4798.97
241210, 4777.95
241218, 4492.31
241226, 4108.21
241233, 3879.49
241241, 3951.79
241249, 4209.74
241257, 4537.44
241265, 4809.23
241272, 4815.38
241280, 4497.95
241288, 4082.05
241296, 3875.9
241304, 3953.33
241312, 4225.13
241319, 4562.56
241327, 4791.79
241335, 4783.59
241343, 4497.44
241351, 4095.38
241358, 3873.85
241366, 3942.56
241374, 4224.62
241382, 4555.9
241390, 4792.31
241398, 4806.15
241405, 4506.67
241413, 4090.77
241421, 3868.72
241430, 3950.26
241437, 4238.46
241444, 4550.26
241452, 4800.51
241460, 4812.82
241468, 4485.64
241476, 4092.82
241484, 3875.38
241491, 3938.46
241499, 4238.46
241507, 4557.44
241515, 4794.87
241523, 4795.38
241530, 4476.92
241538, 4087.18
241546, 3867.69
241554, 3948.21
241562, 4246.15
241570, 4561.03
241577, 4805.13
241585, 4795.38
241593, 4480
241601, 4090.77
241609, 3869.74
241616, 3958.46
241624, 4242.56
241632, 4561.54
241640, 4812.31
241648, 4788.72
241656, 4479.49
241663, 4087.18
241671, 3866.15
241679, 3965.64
241687, 4258.46
241695, 4586.15
241703, 4812.82
241710, 4773.33
241718, 4467.18
241726, 4075.38
241734, 3872.31
241742, 3962.56
241749, 4228.72
241757, 4563.59
241765, 4809.74
241773, 4782.56
241781, 4471.28
241789, 4078.97
241796, 3881.54
241804, 3959.49
241812, 4241.54
241820, 4578.46
241828, 4791.79
241835, 4767.69
241843, 4476.92
241851, 4096.41
241859, 3895.9
241867, 3949.23
241875, 4226.15
241882, 4576.92
241890, 4679.49
241898, 4481.03
241906, 4306.15
241914, 4344.62
241921, 4372.82
241929, 4318.46
241937, 4343.59
241945, 4352.82
241953, 4337.95
241961, 4359.49
241968, 4348.21
241976, 4343.59
241984, 4347.18
241992, 4350.26
242000, 4360
242007, 4341.03
242015, 4346.67
242023, 4357.95
242031, 4339.49
242039, 4342.05
242047, 4346.15
242054, 4357.44
242062, 4359.49
242070, 4343.59
242078, 4352.31
242086, 4342.56
242093, 4334.87
242101, 4348.72
242109, 4355.9
242117, 4371.79
242125, 4358.46
242133, 4333.85
242140, 4343.08
242148, 4346.67
242156, 4345.64
242164, 4340
242172, 4351.28
242179, 4370.26
242187, 4346.67
242195, 4345.13
242203, 4356.92
242211, 4346.67
242219, 4354.87
242226, 4349.23
242234, 4346.67
242242, 4358.46
242250, 4349.74
242258, 4347.69
242265, 4348.21
242273, 4354.87
242281, 4352.82
242289, 4335.38
242297, 4350.26
242305, 4350.77
242312, 4338.97
242320, 4351.79
242328, 4364.1
242336, 4370.77
242344, 4341.54
242352, 4321.54
242359, 4354.87
242367, 4355.38
242375, 4340.51
242383, 4349.74
242391, 4362.56
242398, 4373.85
242406, 4346.15
242414, 4336.92
242422, 4356.92
242430, 4349.23
242438, 4349.74
242445, 4345.13
242453, 4341.03
242461, 4345.13
242469, 4343.59
242477, 4354.87
242484, 4351.28
242492, 4356.41
242500, 4357.95
242508, 4328.21
242516, 4340.51
242524, 4361.54
242531, 4356.41
242539, 4361.03
242547, 4349.74
242555, 4343.59
242563, 4342.05
242570, 4336.41
242578, 4352.31
242586, 4348.72
242594, 4345.64
242602, 4348.21
242610, 4346.67
242617, 4368.72
242624, 4357.95
242633, 4340.51
242641, 4351.79
242649, 4345.64
242656, 4345.64
242664, 4346.67
242672, 4349.74
242680, 4358.46
242688, 4341.03
242696, 4339.49
242703, 4345.64
242711, 4347.18
242719, 4356.92
242727, 4344.62
242735, 4346.67
242743, 4360.51
242750, 4362.05
242758, 4358.46
242766, 4336.41
242774, 4347.69
242782, 4363.59, estimuli
242789, 4342.05
242797, 4349.23
242805, 4349.23
242813, 4343.08
242821, 4354.36
242828, 4344.62
242836, 4352.82
242844, 4350.77
242852, 4335.38
242860, 4350.77
242868, 4356.41
242875, 4358.46
242883, 4355.38
242891, 4348.21
242899, 4349.23
242907, 4349.74
242915, 4363.08
242922, 4363.59
242930, 4470.77
242938, 4656.41
242946, 4525.64
242954, 4083.08
242961, 3848.21
242969, 4008.72
242977, 4286.67
242985, 4538.46
242993, 4777.44
243001, 4792.31
243008, 4468.72
243016, 4083.08
243024, 3889.23
243032, 3975.38
243040, 4263.59
243047, 4564.62
243055, 4802.56
243063, 4787.18
243071, 4461.03
243079, 4083.08
243087, 3875.38
243094, 3971.79
243102, 4264.62
243110, 4569.74
243118, 4810.26
243126, 4780
243133, 4451.28
243141, 4077.44
243149, 3876.41
243157, 3969.23
243165, 4269.23
243173, 4604.62
243180, 4814.87
243188, 4745.13
243196, 4448.21
243204, 4079.49
243212, 3869.23
243220, 3973.85
243227, 4260.51
243235, 4587.69
243243, 4814.87
243251, 4761.03
243259, 4447.69
243266, 4072.82
243274, 3882.56
243282, 3978.46
243290, 4262.05
243298, 4594.36
243306, 4805.13
243313, 4763.08
243321, 4461.03
243329, 4070.77
243337, 3871.28
243345, 3960.51
243352, 4259.49
243360, 4594.87
243368, 4810.77
243376, 4792.31
243384, 4466.67
243392, 4056.41
243399, 3871.79
243407, 3970.26
243415, 4269.74
243423, 4598.46
243431, 4808.21
243438, 4767.69
243446, 4437.95
243454, 4054.36
243462, 3864.62
243470, 3961.03
243478, 4272.82
243485, 4595.38
243493, 4809.74
243501, 4761.54
243509, 4431.28
243517, 4067.18
243524, 3872.82
243532, 3972.82
243540, 4274.87
243548, 4575.38
243556, 4810.77
243564, 4773.85
243571, 4429.74
243579, 4067.69
243587, 3888.21
243595, 3982.56
243603, 4258.97
243610, 4580
243618, 4823.08
243626, 4761.54
243634, 4428.21
243642, 4059.49
243650, 3872.82
243657, 3989.23
243665, 4277.44
243673, 4598.46
243681, 4819.49
243689, 4750.77
243696, 4431.28
243704, 4061.54
243712, 3874.36
243720, 3981.54
243728, 4271.79
243736, 4608.72
243743, 4815.38
243751, 4737.95
243759, 4424.62
243767, 4056.41
243775, 3874.87
243782, 3977.44
243790, 4282.56
243798, 4628.72
243806, 4813.85
243814, 4742.05
243822, 4425.64
243829, 4043.08
243837, 3869.74
243845, 3979.49
243853, 4285.64
243861, 4616.92
243869, 4809.23
243876, 4749.74
243884, 4427.69
243892, 4061.03
243900, 3884.62
243908, 3960.51
243915, 4267.69
243923, 4606.67
243931, 4670.26
243939, 4449.23
243947, 4295.38
243955, 4366.15
243962, 4385.64
243970, 4318.46
243978, 4345.64
243986, 4357.95
243994, 4347.18
244001, 4355.38
244009, 4351.28
244017, 4356.92
244025, 4330.26
244033, 4328.72
244041, 4353.85
244048, 4343.08
244056, 4353.33
244064, 4356.41
244072, 4351.28
244080, 4360
244087, 4342.05
244095, 4338.97
244103, 4344.62
244111, 4346.15
244119, 4360.51
244127, 4351.28
244134, 4351.28
244142, 4356.92
244150, 4349.74
244158, 4347.69
244166, 4338.46
244173, 4352.31
244181, 4358.97
244189, 4341.54
244197, 4354.87
244205, 4358.46
244213, 4350.26
244220, 4353.85
244228, 4354.87
244236, 4357.44
244244, 4336.41
244252, 4332.82
244259, 4350.26
244267, 4346.15
244275, 4356.41
244283, 4348.72
244291, 4338.97
244299, 4354.87
244306, 4343.59
244314, 4344.1
244322, 4352.31
244330, 4348.72
244338, 4355.38
244346, 4343.08
244353, 4347.18
244361, 4357.95
244369, 4354.36
244377, 4364.1
244385, 4348.72
244392, 4342.05
244400, 4355.9
244408, 4347.69
244416, 4355.38
244424, 4355.38
244432, 4351.28
244439, 4349.23
244447, 4326.15
244455, 4346.15
244463, 4362.05
244471, 4341.54
244478, 4340
244486, 4348.72
244494, 4363.59
244502, 4350.77
244510, 4335.38
244518, 4354.36
244525, 4349.23
244533, 4346.67
244541, 4354.36
244549, 4347.69
244557, 4348.21
244564, 4337.44
244572, 4348.72
244580, 4357.95
244588, 4333.33
244596, 4346.67
244604, 4357.95
244611, 4350.77
244619, 4352.82
244627, 4344.62
244635, 4361.03
244643, 4364.62
244650, 4343.59
244658, 4345.64
244666, 4352.31
244674, 4365.64
244682, 4355.9
244690, 4337.44
244697, 4352.82
244705, 4348.72
244713, 4345.64
244721, 4347.18
244729, 4342.05
244736, 4358.46
244744, 4348.72
244752, 4344.1
244760, 4355.9
244768, 4343.59
244776, 4345.13
244783, 4343.59
244791, 4347.69
244799, 4360.51
244807, 4342.05
244815, 4345.13
244822, 4352.31, estimuli
244830, 4348.21
244838, 4352.82
244846, 4345.13
244854, 4358.46
244862, 4360
244869, 4341.03
244877, 4352.31
244885, 4352.31
244893, 4350.77
244901, 4352.31
244908, 4343.08
244916, 4350.26
244924, 4341.54
244932, 4337.44
244940, 4344.62
244948, 4356.92
244955, 4381.03
244963, 4375.9
244971, 4494.87
244979, 4656.41
244987, 4473.85
244994, 4040.51
245002, 3841.54
245010, 4023.59
245018, 4318.97
245026, 4585.64
245034, 4808.72
245041, 4762.05
245049, 4420.51
245057, 4048.21
245065, 3855.9
245073, 3984.1
245081, 4308.21
245088, 4605.64
245096, 4812.82
245104, 4757.44
245113, 4417.44
245120, 4033.85
245127, 3864.62
245135, 4012.31
245143, 4302.05
245151, 4603.59
245159, 4824.1
245167, 4750.77
245174, 4414.36
245182, 4034.36
245190, 3861.54
245198, 4003.59
245206, 4296.92
245213, 4615.38
245221, 4821.54
245229, 4734.36
245237, 4408.21
245245, 4041.03
245253, 3869.74
245260, 3990.77
245268, 4304.1
245276, 4646.15
245284, 4815.38
245292, 4715.9
245299, 4403.08
245307, 4043.59
245315, 3873.85
245323, 3985.13
245331, 4300.51
245339, 4633.33
245346, 4810.26
245354, 4746.15
245362, 4428.21
245370, 4044.62
245378, 3870.26
245385, 3992.82
245393, 4309.23
245401, 4617.95
245409, 4803.08
245417, 4749.74
245425, 4413.33
245432, 4037.95
245440, 3865.64
245448, 3987.69
245456, 4314.36
245464, 4612.31
245472, 4801.03
245479, 4761.54
245487, 4422.05
245495, 4026.67
245503, 3844.62
245511, 3994.36
245518, 4324.62
245526, 4615.38
245534, 4815.9
245542, 4749.74
245550, 4396.41
245558, 4033.85
245565, 3870.26
245573, 4010.77
245581, 4324.62
245589, 4622.56
245597, 4824.1
245604, 4735.9
245613, 4384.1
245620, 4021.54
245628, 3871.28
245636, 4020.51
245644, 4318.97
245651, 4632.82
245659, 4829.23
245667, 4725.13
245675, 4386.67
245683, 4027.69
245690, 3885.64
245698, 4024.62
245706, 4301.03
245714, 4625.13
245722, 4823.59
245730, 4714.87
245737, 4382.05
245745, 4027.18
245753, 3881.54
245761, 4013.85
245769, 4314.87
245776, 4646.67
245784, 4819.49
245792, 4716.41
245800, 4383.59
245808, 4023.08
245816, 3877.95
245823, 4003.08
245831, 4321.54
245839, 4652.82
245848, 4813.33
245855, 4718.97
245863, 4386.15
245870, 4020.51
245878, 3861.54
245886, 4007.18
245894, 4351.79
245902, 4645.13
245909, 4800.51
245917, 4731.28
245925, 4381.54
245933, 4019.49
245941, 3889.74
245948, 4011.28
245956, 4322.56
245964, 4620.51
245972, 4649.23
245980, 4424.1
245988, 4295.38
245995, 4377.44
246003, 4371.79
246011, 4303.08
246019, 4331.28
246027, 4346.15
246035, 4348.72
246042, 4346.67
246050, 4348.21
246058, 4355.38
246066, 4331.28
246074, 4345.13
246081, 4353.33
246089, 4345.13
246097, 4370.26
246105, 4365.13
246113, 4349.74
246121, 4340
246128, 4328.72
246136, 4340
246144, 4346.15
246152, 4357.44
246160, 4353.33
246167, 4341.54
246175, 4362.05
246183, 4358.97
246191, 4345.13
246199, 4342.56
246207, 4338.46
246214, 4357.44
246222, 4347.69
246230, 4335.38
246238, 4356.92
246246, 4352.31
246253, 4350.77
246261, 4351.79
246269, 4349.23
246277, 4356.92
246285, 4335.38
246293, 4345.64
246300, 4367.18
246308, 4351.79
246316, 4343.59
246324, 4343.08
246332, 4354.36
246339, 4354.36
246347, 4346.15
246355, 4360
246363, 4345.64
246371, 4342.05
246379, 4361.54
246386, 4351.28
246394, 4347.69
246402, 4346.67
246410, 4349.23
246418, 4346.67
246425, 4324.1
246433, 4349.74
246441, 4364.62
246449, 4344.62
246457, 4345.64
246465, 4338.97
246472, 4348.72
246480, 4353.85
246488, 4346.67
246496, 4362.56
246504, 4363.08
246511, 4360.51
246519, 4348.72
246527, 4336.41
246535, 4350.77
246543, 4346.67
246551, 4348.72
246558, 4355.38
246566, 4335.9
246574, 4338.97
246582, 4351.79
246590, 4364.62
246598, 4360
246605, 4331.79
246613, 4350.26
246621, 4357.44
246629, 4339.49
246637, 4347.18
246644, 4349.23
246652, 4356.92
246660, 4351.28
246668, 4345.64
246676, 4357.95
246684, 4343.08
246691, 4340
246699, 4346.15
246707, 4352.82
246715, 4364.62
246723, 4331.28
246730, 4329.74
246738, 4358.97
246746, 4350.77
246754, 4345.64
246762, 4338.46
246770, 4349.23
246777, 4359.49
246785, 4342.05
246793, 4351.79
246801, 4354.87
246809, 4347.18
246816, 4343.08
246824, 4338.97
246832, 4362.05
246840, 4351.79
246848, 4328.21
246856, 4347.18
246863, 4352.82
246871, 4355.38, estimuli
246879, 4346.67
246887, 4344.62
246895, 4362.56
246902, 4341.03
246910, 4348.72
246918, 4370.77
246926, 4354.36
246934, 4341.54
246942, 4329.23
246949, 4350.26
246957, 4360.51
246965, 4336.41
246973, 4338.97
246981, 4331.28
246988, 4339.49
246996, 4374.36
247004, 4362.05
247012, 4349.74
247020, 4462.56
247028, 4625.64
247035, 4509.23
247043, 4105.64
247051, 3901.03
247059, 4027.69
247067, 4261.03
247074, 4532.82
247082, 4747.18
247090, 4746.15
247098, 4462.56
247106, 4101.03
247114, 3938.97
247121, 4016.41
247129, 4268.21
247137, 4528.21
247145, 4720.51
247153, 4751.79
247161, 4472.82
247168, 4107.69
247176, 3934.87
247184, 4012.31
247192, 4274.36
247200, 4538.97
247207, 4739.49
247215, 4741.03
247223, 4452.82
247231, 4123.59
247239, 3949.23
247247, 4016.92
247254, 4266.67
247262, 4521.03
247270, 4729.74
247278, 4726.15
247286, 4453.85
247293, 4128.72
247301, 3940.51
247309, 4016.41
247317, 4266.67
247325, 4536.41
247333, 4751.28
247340, 4725.13
247348, 4456.92
247356, 4133.85
247364, 3945.64
247372, 4022.05
247379, 4254.36
247387, 4535.38
247395, 4746.67
247403, 4703.08
247411, 4447.69
247419, 4129.23
247426, 3955.9
247434, 4035.9
247442, 4263.59
247450, 4548.21
247458, 4729.74
247465, 4679.49
247473, 4443.59
247481, 4136.92
247489, 3975.9
247497, 4046.15
247505, 4269.74
247512, 4541.54
247520, 4714.87
247528, 4704.1
247536, 4470.77
247544, 4147.69
247552, 3983.59
247559, 4040.51
247567, 4277.44
247575, 4546.67
247583, 4706.67
247591, 4695.38
247598, 4448.72
247606, 4138.97
247614, 3989.74
247622, 4048.21
247630, 4286.67
247637, 4540.51
247645, 4707.69
247653, 4692.31
247661, 4434.36
247669, 4146.67
247677, 3998.97
247684, 4062.05
247692, 4300
247700, 4536.92
247708, 4710.77
247716, 4690.26
247724, 4428.21
247731, 4152.31
247739, 4014.87
247747, 4076.41
247755, 4283.08
247763, 4522.05
247770, 4718.46
247778, 4686.15
247786, 4424.62
247794, 4147.18
247802, 4002.05
247810, 4078.97
247817, 4297.95
247825, 4536.41
247833, 4713.85
247841, 4673.85
247849, 4427.69
247856, 4147.18
247864, 4005.13
247872, 4083.59
247880, 4287.69
247888, 4533.85
247896, 4716.41
247903, 4667.18
247911, 4421.54
247919, 4148.21
247927, 4007.18
247935, 4076.92
247942, 4297.44
247950, 4561.03
247958, 4720
247966, 4655.9
247974, 4412.82
247982, 4146.15
247989, 4022.05
247997, 4074.87
248005, 4264.62
248013, 4527.18
248021, 4611.28
248028, 4442.05
248036, 4314.36
248044, 4362.05
248052, 4393.85
248060, 4338.97
248068, 4338.97
248075, 4367.18
248083, 4360.51
248091, 4357.95
248099, 4353.33
248107, 4362.56
248115, 4374.36
248122, 4361.03
248130, 4354.87
248138, 4358.46
248146, 4362.56
248154, 4359.49
248161, 4351.28
248169, 4368.21
248177, 4375.38
248185, 4353.33
248193, 4347.69
248200, 4349.74
248208, 4350.77
248216, 4352.82
248224, 4350.26
248232, 4361.54
248240, 4364.1
248247, 4354.36
248255, 4353.33
248263, 4352.82
248271, 4360
248279, 4359.49
248287, 4354.87
248294, 4363.08
248302, 4355.9
248310, 4350.77
248318, 4362.56
248326, 4367.69
248333, 4364.1
248341, 4351.28
248349, 4351.28
248357, 4362.56
248365, 4361.03
248373, 4355.9
248380, 4353.33
248388, 4361.03
248396, 4356.41
248404, 4342.56
248412, 4355.38
248419, 4359.49
248427, 4358.46
248435, 4365.13
248443, 4354.36
248451, 4355.38
248459, 4363.59
248466, 4355.9
248474, 4353.85
248482, 4359.49
248490, 4364.62
248498, 4360.51
248506, 4351.28
248513, 4356.41
248521, 4356.92
248529, 4354.36
248537, 4354.87
248545, 4351.79
248552, 4359.49
248560, 4360.51
248568, 4354.36
248576, 4357.95
248584, 4358.97
248591, 4363.59
248599, 4361.54
248607, 4352.31
248615, 4349.23
248623, 4349.74
248631, 4356.92
248638, 4359.49
248646, 4362.56
248654, 4369.23
248662, 4356.41
248670, 4353.33
248677, 4360.51
248685, 4352.31
248693, 4347.69
248701, 4353.85
248709, 4364.1
248717, 4360
248724, 4350.26
248732, 4358.46
248740, 4354.87
248748, 4347.18
248756, 4348.21
248764, 4350.77
248771, 4364.1
248779, 4357.95
248787, 4347.18
248795, 4368.72
248803, 4372.31
248810, 4354.36
248818, 4347.69
248826, 4352.31
248834, 4358.46
248842, 4355.38
248850, 4354.87
248857, 4356.41
248865, 4356.92
248873, 4360, estimuli
248881, 4354.87
248889, 4357.44
248896, 4360
248904, 4350.26
248912, 4353.33
248920, 4354.87
248928, 4353.33
248936, 4354.36
248943, 4349.23
248951, 4353.85
248959, 4359.49
248967, 4360.51
248975, 4360
248982, 4349.23
248990, 4349.74
248998, 4370.26
249006, 4375.38
249014, 4374.36
249022, 4467.69
249029, 4571.79
249037, 4428.21
249045, 4113.33
249053, 4009.74
249061, 4149.23
249068, 4331.79
249076, 4535.38
249084, 4686.67
249092, 4632.82
249100, 4386.15
249108, 4134.87
249115, 4035.38
249123, 4119.49
249131, 4330.26
249139, 4541.03
249147, 4677.44
249155, 4640
249162, 4389.23
249170, 4115.38
249178, 4018.97
249186, 4130.77
249194, 4343.59
249201, 4550.26
249209, 4693.33
249217, 4644.1
249225, 4386.67
249233, 4113.85
249240, 4003.08
249248, 4114.87
249256, 4335.9
249264, 4548.21
249272, 4698.97
249280, 4633.85
249287, 4371.79
249295, 4115.38
249303, 4014.87
249311, 4125.13
249319, 4339.49
249327, 4557.95
249334, 4700.51
249342, 4624.62
249350, 4371.28
249358, 4116.92
249366, 4014.87
249373, 4127.18
249381, 4341.54
249389, 4557.44
249397, 4701.03
249405, 4629.74
249413, 4372.31
249420, 4116.92
249428, 4023.08
249436, 4123.59
249444, 4335.38
249452, 4564.62
249459, 4687.69
249467, 4610.26
249475, 4371.28
249483, 4116.92
249491, 4018.97
249499, 4120
249506, 4337.44
249514, 4567.69
249522, 4694.87
249530, 4617.95
249538, 4367.18
249545, 4112.82
249553, 4017.44
249561, 4118.97
249569, 4343.59
249577, 4569.23
249585, 4695.9
249592, 4626.15
249600, 4367.69
249608, 4110.26
249616, 4015.38
249624, 4111.79
249632, 4335.38
249639, 4570.26
249647, 4704.1
249655, 4618.97
249663, 4351.79
249671, 4109.23
249678, 4023.08
249686, 4123.08
249694, 4341.54
249702, 4564.62
249710, 4704.62
249718, 4627.18
249725, 4360.51
249733, 4110.26
249741, 4014.87
249749, 4118.46
249757, 4333.85
249764, 4560
249772, 4705.64
249780, 4616.92
249788, 4347.69
249796, 4108.72
249804, 4023.59
249811, 4126.15
249819, 4343.08
249827, 4571.28
249835, 4700.51
249843, 4619.49
249850, 4373.33
249858, 4109.23
249866, 4000
249874, 4122.56
249882, 4350.26
249890, 4570.26
249897, 4694.87
249905, 4607.69
249913, 4355.9
249921, 4105.64
249929, 4021.54
249936, 4132.82
249944, 4349.74
249952, 4580.51
249960, 4692.82
249968, 4595.9
249976, 4353.85
249983, 4117.44
249991, 4026.15
249999, 4105.64
250007, 4329.74
250015, 4567.18
250022, 4572.31
250030, 4388.72
250038, 4310.26
250046, 4370.77
250054, 4373.85
250062, 4336.92
250070, 4360.51
250077, 4358.97
250085, 4340
250093, 4348.21
250101, 4348.21
250109, 4354.36
250116, 4355.9
250124, 4348.21
250132, 4355.9
250140, 4358.97
250148, 4356.92
250155, 4355.38
250163, 4347.69
250171, 4355.38
250179, 4362.56
250187, 4360.51
250194, 4353.85
250202, 4343.59
250210, 4350.26
250218, 4350.26
250226, 4346.15
250234, 4356.41
250241, 4360
250249, 4360
250257, 4352.82
250265, 4355.38
250273, 4367.69
250281, 4358.46
250288, 4355.38
250296, 4355.38
250304, 4344.62
250312, 4351.28
250320, 4353.85
250327, 4348.72
250335, 4345.13
250343, 4345.13
250351, 4356.41
250359, 4356.92
250367, 4352.31
250374, 4351.79
250382, 4347.18
250390, 4355.38
250398, 4357.95
250406, 4354.87
250413, 4355.38
250421, 4349.74
250429, 4354.36
250437, 4354.36
250445, 4348.21
250453, 4357.44
250460, 4357.95
250468, 4349.74
250476, 4351.28
250484, 4364.62
250492, 4371.28
250499, 4349.74
250507, 4338.46
250515, 4347.69
250523, 4353.85
250531, 4354.87
250539, 4345.64
250546, 4355.38
250554, 4363.59
250562, 4347.18
250570, 4348.72
250578, 4355.9
250585, 4362.05
250593, 4362.56
250601, 4350.26
250609, 4356.92
250617, 4362.05
250625, 4356.41
250632, 4355.38
250640, 4353.85
250648, 4360
250656, 4357.44
250664, 4355.9
250672, 4363.08
250679, 4357.95
250687, 4366.15
250695, 4367.69
250703, 4351.28
250711, 4351.28
250718, 4352.82
250726, 4360.51
250734, 4362.56
250742, 4360
250750, 4366.15
250758, 4348.21
250765, 4351.28
250773, 4364.1
250781, 4353.33
250789, 4357.44
250797, 4357.44
250805, 4361.54
250812, 4361.03
250820, 4351.28
250828, 4368.21
250836, 4362.05
250844, 4349.23
250851, 4357.95
250859, 4353.85
250867, 4361.03
250875, 4358.97
250883, 4352.31, estimuli
250890, 4372.31
250898, 4373.33
250911, 4357.44
250923, 4350.77
250925, 4353.33
250930, 4360.51
250937, 4350.77
250945, 4350.26
250953, 4359.49
250961, 4352.31
250969, 4353.85
250976, 4355.9
250984, 4352.82
250998, 4357.95
251000, 4357.95
251008, 4372.31
251016, 4376.92
251023, 4367.69
251031, 4446.15
251039, 4536.41
251047, 4427.18
251055, 4156.92
251062, 4036.41
251070, 4160
251078, 4332.82
251086, 4507.69
251098, 4649.23
251102, 4604.1
251109, 4393.85
251117, 4171.79
251125, 4067.18
251133, 4133.33
251141, 4313.85
251149, 4511.28
251156, 4635.38
251164, 4600
251172, 4400.51
251180, 4161.54
251188, 4058.97
251200, 4146.15
251204, 4335.38
251211, 4530.77
251219, 4649.74
251227, 4606.67
251235, 4398.46
251242, 4161.54
251250, 4071.28
251258, 4156.41
251266, 4334.87
251274, 4524.62
251281, 4651.79
251289, 4609.74
251297, 4386.67
251305, 4150.26
251313, 4066.15
251321, 4152.82
251328, 4331.28
251336, 4517.95
251344, 4644.62
251352, 4597.95
251360, 4377.95
251368, 4150.77
251375, 4054.36
251383, 4135.38
251391, 4333.85
251399, 4531.79
251407, 4651.79
251414, 4600.51
251422, 4378.97
251430, 4149.74
251438, 4053.85
251446, 4139.49
251454, 4335.9
251461, 4528.72
251469, 4647.18
251477, 4591.28
251485, 4378.97
251493, 4155.38
251500, 4052.31
251508, 4142.56
251516, 4339.49
251530, 4533.85
251534, 4658.46
251540, 4593.85
251547, 4368.21
251555, 4144.62
251563, 4057.44
251571, 4149.23
251579, 4337.44
251586, 4530.77
251594, 4653.33
251602, 4592.31
251610, 4371.28
251618, 4144.1
251626, 4061.54
251633, 4154.87
251641, 4334.36
251649, 4530.26
251657, 4655.38
251665, 4592.82
251672, 4371.79
251680, 4147.69
251688, 4061.03
251696, 4146.67
251704, 4342.56
251712, 4540
251719, 4636.41
251727, 4581.03
251735, 4390.77
251743, 4163.59
251751, 4056.41
251758, 4141.03
251766, 4342.05
251774, 4535.38
251782, 4642.56
251790, 4589.74
251798, 4375.38
251805, 4145.64
251814, 4062.05
251821, 4158.46
251836, 4352.31
251837, 4533.85
251845, 4641.03
251852, 4591.79
251860, 4377.95
251868, 4147.69
251876, 4050.26
251884, 4146.67
251891, 4352.82
251899, 4533.33
251907, 4637.95
251915, 4585.64
251923, 4367.18
251935, 4146.67
251939, 4068.72
251946, 4159.49
251954, 4343.59
251962, 4531.79
251970, 4651.28
251977, 4586.67
251985, 4364.62
251993, 4146.67
252001, 4067.18
252010, 4154.87
252017, 4340.51
252024, 4527.69
252032, 4548.21
252045, 4393.85
252048, 4322.05
252056, 4371.79
252063, 4364.62
252071, 4333.85
252079, 4352.31
252087, 4355.38
252095, 4351.28
252103, 4362.56
252110, 4365.64
252123, 4354.87
252126, 4353.33
252140, 4355.9
252147, 4347.69
252150, 4360
252162, 4371.79
252165, 4358.97
252173, 4346.15
252181, 4349.74
252189, 4367.18
252197, 4359.49
252204, 4349.74
252212, 4361.54
252226, 4357.95
252228, 4347.69
252236, 4349.23
252243, 4359.49
252251, 4368.72
252259, 4358.46
252267, 4355.38
252275, 4359.49
252283, 4358.46
252290, 4358.97
252298, 4349.23
252306, 4354.36
252314, 4363.08
252328, 4349.74
252330, 4354.36
252337, 4357.44
252345, 4352.82
252353, 4357.95
252361, 4356.92
252369, 4361.03
252376, 4366.15
252384, 4354.87
252392, 4344.1
252400, 4346.67
252408, 4356.41
252416, 4357.95
252423, 4354.36
252431, 4356.92
252439, 4358.46
252447, 4360.51
252455, 4358.97
252462, 4355.9
252470, 4359.49
252478, 4353.33
252486, 4353.85
252494, 4361.03
252502, 4357.95
252509, 4358.97
252517, 4355.9
252525, 4351.28
252533, 4356.41
252541, 4357.95
252548, 4357.44
252556, 4354.36
252564, 4355.38
252572, 4366.15
252580, 4364.62
252588, 4351.28
252595, 4344.1
252603, 4347.18
252611, 4356.92
252619, 4354.87
252627, 4351.79
252634, 4355.38
252642, 4362.05
252650, 4367.18
252658, 4356.41
252666, 4353.85
252674, 4356.41
252681, 4349.23
252689, 4353.33
252697, 4356.92
252705, 4356.92
252713, 4357.95
252721, 4351.28
252728, 4353.33
252736, 4353.33
252744, 4343.59
252758, 4349.74
252760, 4354.87
252767, 4349.74
252775, 4351.79
252783, 4360
252791, 4355.9
252799, 4337.95
252807, 4344.1
252814, 4355.9
252822, 4344.1
252830, 4345.13
252838, 4355.9
252846, 4354.87
252860, 4346.67
252862, 4340.51
252869, 4348.72
252877, 4352.31
252885, 4349.23
252893, 4352.31
252900, 4348.21, estimuli
252908, 4357.44
252916, 4369.23
252924, 4356.41
252932, 4350.77
252939, 4352.82
252947, 4350.26
252956, 4347.69
252963, 4344.62
252971, 4347.69
252979, 4348.72
252986, 4357.95
252994, 4367.69
253002, 4358.46
253010, 4346.15
253018, 4340.51
253026, 4355.9
253033, 4370.77
253041, 4351.79
253049, 4406.67
253057, 4520
253065, 4471.28
253072, 4235.38
253080, 4066.15
253088, 4121.03
253096, 4281.03
253104, 4448.21
253112, 4600.51
253119, 4618.97
253127, 4455.38
253135, 4224.62
253143, 4083.08
253151, 4118.46
253163, 4269.74
253167, 4441.54
253174, 4586.67
253182, 4602.05
253190, 4444.1
253198, 4228.21
253205, 4100.51
253213, 4121.03
253221, 4263.08
253229, 4447.69
253243, 4575.38
253245, 4588.21
253252, 4456.92
253266, 4231.28
253270, 4086.67
253276, 4125.13
253284, 4277.44
253291, 4450.26
253299, 4588.21
253307, 4605.64
253315, 4446.67
253323, 4212.82
253331, 4084.62
253345, 4134.36
253352, 4291.79
253354, 4451.79
253362, 4577.95
253374, 4602.05
253378, 4447.69
253385, 4221.54
253393, 4089.23
253401, 4126.67
253409, 4294.36
253417, 4468.21
253424, 4588.21
253432, 4594.87
253440, 4440.51
253454, 4234.87
253456, 4103.59
253464, 4127.18
253471, 4287.18
253479, 4461.03
253487, 4590.26
253495, 4593.33
253503, 4430.77
253511, 4219.49
253518, 4094.36
253526, 4131.28
253534, 4284.1
253542, 4457.44
253550, 4597.95
253557, 4597.95
253565, 4434.87
253573, 4229.23
253581, 4104.62
253589, 4135.38
253597, 4284.62
253604, 4461.54
253612, 4590.77
253620, 4592.82
253628, 4451.28
253636, 4231.28
253643, 4086.15
253651, 4130.26
253659, 4289.23
253667, 4460.51
253675, 4589.74
253683, 4590.77
253690, 4439.49
253698, 4230.26
253706, 4104.62
253714, 4135.9
253722, 4286.15
253729, 4466.67
253737, 4593.33
253745, 4588.72
253753, 4435.9
253761, 4228.72
253769, 4108.21
253776, 4137.44
253784, 4288.72
253792, 4468.72
253800, 4585.64
253808, 4587.69
253815, 4443.59
253823, 4234.87
253831, 4116.92
253839, 4147.69
253847, 4289.23
253855, 4460.51
253862, 4587.69
253870, 4589.74
253878, 4433.33
253886, 4229.23
253894, 4108.72
253901, 4138.97
253909, 4291.28
253917, 4464.1
253925, 4591.28
253933, 4586.67
253941, 4427.18
253948, 4232.31
253956, 4114.87
253964, 4147.18
253972, 4303.08
253980, 4471.79
253987, 4592.31
253995, 4586.67
254003, 4430.77
254011, 4231.28
254019, 4112.31
254027, 4140.51
254034, 4287.69
254042, 4469.23
254050, 4532.82
254058, 4421.54
254066, 4333.85
254074, 4363.59
254082, 4372.31
254089, 4345.64
254097, 4348.21
254105, 4356.92
254113, 4358.46
254120, 4355.9
254128, 4354.87
254136, 4358.97
254144, 4362.05
254152, 4358.46
254160, 4352.82
254174, 4360.51
254176, 4357.95
254185, 4352.31
254191, 4358.46
254199, 4353.33
254207, 4354.36
254214, 4359.49
254222, 4359.49
254230, 4361.54
254238, 4352.82
254246, 4360
254253, 4377.44
254274, 4363.59
254276, 4345.64
254277, 4347.18
254293, 4356.41
254294, 4356.41
254300, 4350.26
254308, 4360.51
254316, 4358.97
254324, 4348.72
254332, 4354.36
254339, 4356.41
254347, 4356.41
254355, 4354.36
254363, 4356.92
254375, 4365.13
254379, 4359.49
254391, 4357.95
254394, 4360
254402, 4360.51
254410, 4363.59
254418, 4353.85
254425, 4351.79
254433, 4360.51
254441, 4358.46
254449, 4361.03
254457, 4360
254465, 4357.95
254477, 4364.62
254480, 4359.49
254488, 4351.79
254496, 4351.79
254504, 4358.46
254511, 4364.62
254519, 4361.54
254527, 4360
254535, 4355.38
254543, 4355.38
254551, 4355.9
254558, 4348.72
254566, 4357.44
254574, 4359.49
254582, 4350.77
254590, 4358.46
254606, 4360
254607, 4355.38
254613, 4354.87
254621, 4354.87
254629, 4362.05
254637, 4359.49
254644, 4354.87
254652, 4355.9
254660, 4348.21
254668, 4357.44
254676, 4365.13
254684, 4356.92
254691, 4353.85
254699, 4351.79
254707, 4359.49
254715, 4363.59
254723, 4361.54
254730, 4360
254738, 4353.33
254746, 4358.46
254754, 4356.92
254762, 4351.28
254776, 4358.46
254777, 4356.92
254785, 4360
254793, 4363.08
254807, 4352.82
254809, 4355.9
254817, 4354.87
254824, 4353.33
254832, 4359.49
254840, 4353.85
254848, 4355.9
254856, 4357.44
254864, 4353.85
254871, 4360.51
254879, 4367.18
254887, 4369.23
254895, 4357.44
254903, 4352.82
254910, 4362.05
254918, 4357.44
254926, 4357.95, estimuli
254934, 4364.1
254942, 4359.49
254950, 4359.49
254957, 4357.44
254965, 4354.87
254973, 4352.31
254981, 4351.28
254989, 4357.44
254996, 4356.41
255004, 4357.44
255012, 4363.08
255020, 4356.92
255028, 4353.85
255035, 4350.26
255043, 4354.36
255051, 4372.31
255063, 4358.97
255067, 4376.92
255075, 4474.87
255082, 4495.9
255090, 4324.1
255098, 4129.23
255106, 4132.31
255114, 4251.79
255122, 4385.13
255129, 4536.92
255137, 4598.46
255145, 4500.51
255153, 4310.26
255161, 4150.26
255168, 4132.82
255176, 4241.54
255184, 4395.9
255192, 4538.46
255200, 4594.87
255208, 4502.05
255215, 4303.59
255223, 4143.59
255231, 4129.23
255239, 4233.85
255247, 4394.87
255254, 4543.59
255262, 4596.92
255270, 4501.03
255278, 4307.69
255286, 4147.18
255300, 4117.95
255302, 4226.67
255310, 4402.56
255317, 4553.85
255325, 4606.15
255333, 4498.97
255341, 4300
255348, 4153.85
255356, 4130.77
255364, 4239.49
255372, 4406.15
255380, 4542.56
255387, 4596.92
255401, 4497.44
255403, 4302.05
255415, 4153.85
255419, 4132.82
255427, 4243.59
255434, 4400
255442, 4535.9
255450, 4596.92
255458, 4500.51
255466, 4305.64
255474, 4149.74
255481, 4132.31
255489, 4245.13
255501, 4395.9
255505, 4541.54
255513, 4594.87
255520, 4485.64
255528, 4309.23
255536, 4168.21
255544, 4135.9
255552, 4233.33
255560, 4395.9
255567, 4545.64
255575, 4586.67
255583, 4483.59
255591, 4305.13
255605, 4152.82
255606, 4134.36
255614, 4242.56
255622, 4401.54
255630, 4549.74
255638, 4589.23
255646, 4480.51
255653, 4296.41
255661, 4148.72
255669, 4134.87
255677, 4242.56
255685, 4407.69
255693, 4554.87
255700, 4592.31
255708, 4485.13
255716, 4293.33
255724, 4147.18
255732, 4132.31
255739, 4241.03
255747, 4418.97
255755, 4561.54
255763, 4587.18
255771, 4475.9
255779, 4289.23
255786, 4149.23
255794, 4135.9
255802, 4246.15
255810, 4411.28
255818, 4549.74
255827, 4592.31
255833, 4485.64
255841, 4290.77
255849, 4144.62
255857, 4130.77
255865, 4250.26
255872, 4413.33
255880, 4546.15
255888, 4592.82
255896, 4482.56
255904, 4287.69
255918, 4150.77
255919, 4141.03
255927, 4252.31
255935, 4408.21
255943, 4549.23
255951, 4602.56
255958, 4489.23
255966, 4286.67
255974, 4135.38
255982, 4132.31
255990, 4262.05
255998, 4414.87
256005, 4549.74
256018, 4598.97
256021, 4481.54
256035, 4284.62
256037, 4149.74
256044, 4145.64
256052, 4243.59
256060, 4404.62
256068, 4523.59
256076, 4465.13
256084, 4353.85
256091, 4350.26
256105, 4372.31
256107, 4354.87
256115, 4350.26
256123, 4358.46
256130, 4356.92
256138, 4358.97
256146, 4362.05
256154, 4358.46
256162, 4355.9
256170, 4356.92
256177, 4347.18
256190, 4351.28
256193, 4358.46
256201, 4350.77
256209, 4351.79
256217, 4352.31
256224, 4356.41
256238, 4356.41
256241, 4354.87
256248, 4363.59
256256, 4358.97
256263, 4356.92
256271, 4361.54
256279, 4356.92
256287, 4362.56
256295, 4365.64
256303, 4357.95
256310, 4356.92
256318, 4351.79
256326, 4351.79
256334, 4357.95
256342, 4356.92
256349, 4354.87
256357, 4357.95
256365, 4367.69
256373, 4360.51
256381, 4344.62
256389, 4354.36
256396, 4363.08
256404, 4357.95
256412, 4353.85
256424, 4350.77
256428, 4351.79
256440, 4354.87
256443, 4361.54
256451, 4361.03
256459, 4354.36
256467, 4362.56
256475, 4361.54
256482, 4353.85
256490, 4359.49
256498, 4358.97
256506, 4357.95
256514, 4353.85
256522, 4351.79
256529, 4360
256537, 4353.85
256545, 4349.74
256553, 4355.38
256561, 4354.36
256568, 4355.38
256576, 4361.03
256584, 4366.67
256592, 4356.92
256600, 4350.77
256608, 4363.08
256615, 4357.44
256629, 4351.28
256631, 4357.95
256645, 4354.87
256647, 4360
256654, 4366.67
256662, 4360.51
256670, 4357.44
256678, 4355.38
256686, 4355.9
256694, 4356.41
256701, 4352.82
256709, 4355.38
256717, 4356.92
256725, 4361.03
256733, 4356.92
256741, 4349.74
256748, 4358.97
256756, 4361.54
256764, 4359.49
256772, 4357.95
256780, 4352.31
256787, 4363.08
256795, 4368.72
256803, 4359.49
256811, 4351.28
256819, 4353.33
256827, 4362.05
256834, 4354.36
256842, 4352.31
256850, 4363.08
256858, 4361.03
256866, 4362.56
256873, 4363.59
256881, 4363.59
256889, 4368.21
256897, 4360
256905, 4361.03
256912, 4368.72
256920, 4367.18
256928, 4365.64
256936, 4364.62
256944, 4375.9
256952, 4375.9
256959, 4364.62, estimuli
256967, 4373.33
256975, 4372.31
256983, 4364.62
256991, 4371.28
256999, 4381.54
257006, 4383.59
257014, 4365.13
257022, 4361.03
257030, 4373.33
257038, 4367.18
257045, 4366.15
257053, 4370.77
257061, 4371.79
257069, 4369.74
257077, 4371.28
257085, 4383.08
257092, 4378.46
257100, 4429.23
257108, 4522.56
257116, 4457.95
257124, 4246.15
257131, 4124.62
257139, 4184.1
257147, 4323.59
257155, 4464.1
257163, 4582.56
257171, 4592.31
257178, 4443.08
257186, 4237.95
257194, 4121.03
257202, 4170.77
257210, 4325.13
257217, 4467.69
257225, 4576.92
257233, 4583.08
257241, 4428.72
257249, 4224.1
257257, 4120
257264, 4175.38
257272, 4315.38
257280, 4468.21
257288, 4595.38
257296, 4584.1
257303, 4423.08
257311, 4228.21
257319, 4117.95
257327, 4163.59
257335, 4312.82
257343, 4477.44
257350, 4593.85
257358, 4573.33
257366, 4417.44
257374, 4221.54
257382, 4112.31
257390, 4162.56
257397, 4311.79
257405, 4479.49
257413, 4596.92
257421, 4581.03
257429, 4420.51
257436, 4214.36
257449, 4110.26
257452, 4161.03
257460, 4310.26
257468, 4477.44
257476, 4587.18
257483, 4576.92
257491, 4425.64
257499, 4220.51
257507, 4113.85
257519, 4161.54
257522, 4309.74
257530, 4473.33
257538, 4583.08
257552, 4574.87
257554, 4419.49
257568, 4218.46
257569, 4117.95
257577, 4161.54
257585, 4305.64
257593, 4471.28
257601, 4590.77
257608, 4581.03
257616, 4421.03
257624, 4225.13
257632, 4111.28
257640, 4153.33
257654, 4317.44
257655, 4478.46
257669, 4585.64
257671, 4575.9
257679, 4413.33
257687, 4216.41
257695, 4118.46
257702, 4167.69
257710, 4315.9
257718, 4481.54
257726, 4601.03
257734, 4571.79
257741, 4399.49
257749, 4212.82
257758, 4112.82
257765, 4160
257773, 4309.74
257781, 4478.46
257788, 4601.03
257796, 4575.38
257804, 4406.67
257812, 4215.38
257820, 4121.03
257827, 4180
257835, 4325.13
257843, 4481.03
257857, 4590.77
257859, 4568.21
257867, 4408.72
257874, 4214.87
257882, 4117.44
257890, 4171.79
257898, 4317.44
257906, 4484.62
257913, 4599.49
257921, 4577.95
257929, 4411.28
257937, 4207.18
257945, 4117.95
257953, 4173.85
257960, 4317.44
257968, 4489.23
257976, 4598.46
257984, 4566.67
257992, 4400.51
258000, 4213.33
258007, 4126.67
258015, 4172.31
258023, 4325.13
258031, 4498.97
258039, 4599.49
258046, 4560.51
258054, 4389.23
258062, 4206.15
258070, 4128.72
258078, 4168.21
258086, 4306.67
258108, 4477.95
258109, 4521.03
258110, 4411.79
258117, 4335.9
258125, 4367.69
258132, 4373.85
258140, 4343.59
258154, 4355.38
258156, 4359.49
258164, 4353.33
258172, 4355.38
258186, 4352.82
258187, 4356.92
258195, 4358.97
258203, 4359.49
258211, 4356.92
258218, 4355.38
258226, 4363.59
258234, 4359.49
258242, 4357.95
258254, 4363.08
258258, 4350.77
258265, 4352.82
258273, 4360.51
258281, 4355.9
258289, 4359.49
258297, 4356.92
258305, 4351.79
258312, 4352.82
258320, 4356.92
258328, 4361.54
258336, 4353.85
258344, 4354.36
258351, 4362.56
258359, 4357.44
258367, 4353.85
258375, 4356.41
258383, 4358.97
258391, 4353.85
258398, 4351.28
258406, 4365.13
258414, 4362.05
258422, 4353.85
258430, 4358.46
258437, 4352.82
258445, 4355.9
258453, 4366.15
258461, 4361.03
258475, 4355.38
258477, 4352.31
258484, 4353.85
258492, 4353.33
258500, 4352.82
258508, 4357.44
258516, 4353.85
258524, 4354.36
258531, 4355.9
258539, 4357.95
258547, 4360.51
258555, 4350.77
258563, 4356.92
258575, 4364.62
258578, 4356.41
258586, 4358.97
258594, 4360.51
258602, 4360
258610, 4364.1
258617, 4360
258625, 4362.05
258633, 4358.46
258645, 4351.28
258649, 4357.95
258656, 4360
258664, 4358.97
258678, 4364.1
258680, 4363.08
258688, 4360
258696, 4360.51
258703, 4358.46
258711, 4346.15
258719, 4345.13
258727, 4362.56
258735, 4356.92
258743, 4351.79
258750, 4364.1
258758, 4361.54
258766, 4356.92
258774, 4356.41
258782, 4361.54
258789, 4364.62
258797, 4355.9
258805, 4359.49
258813, 4364.1
258821, 4360.51
258829, 4357.95
258836, 4354.36
258844, 4356.92
258852, 4355.9
258860, 4353.33
258868, 4360
258875, 4361.03
258883, 4366.15
258891, 4365.13
258899, 4347.18
258907, 4350.26
258915, 4361.54
258922, 4356.41
258930, 4350.77
258938, 4356.41
258946, 4360.51
258954, 4350.26
258961, 4353.33
258969, 4362.56
258977, 4356.41
258985, 4361.54
258993, 4362.56
259001, 4354.87
259008, 4358.46
259016, 4361.03
259024, 4361.03
259032, 4353.33
259040, 4350.26
259047, 4361.03
259055, 4353.33
259063, 4346.67
259071, 4362.05
259079, 4368.72
259087, 4358.46
259094, 4353.85
259102, 4365.13
259110, 4366.67
259118, 4349.23
259126, 4347.69
259134, 4357.95
259141, 4361.03
259149, 4356.41
259157, 4353.85
259165, 4361.54
259173, 4356.92
259180, 4355.38
259188, 4360
259196, 4351.79
259204, 4360
259212, 4365.13
259220, 4350.77
259227, 4349.74
259235, 4352.82
259243, 4351.28
259251, 4350.26
259259, 4351.79
259266, 4359.49
259274, 4360
259282, 4358.46
259290, 4357.95
259298, 4352.31
259306, 4355.9
259313, 4361.54
259321, 4357.95
259329, 4347.18
259337, 4343.59
259345, 4352.82
259352, 4352.31
259360, 4348.21
259368, 4345.64
259376, 4341.03
259384, 4345.64
259392, 4345.64
259399, 4341.03
259407, 4342.56
259415, 4342.56
259423, 4343.59
259431, 4339.49
259438, 4338.97
259446, 4340.51
259454, 4333.85
259462, 4337.95
259470, 4341.54
259478, 4333.85
259485, 4327.69
259493, 4327.69
259501, 4334.36
259509, 4327.69
259517, 4321.03
259525, 4331.79
259532, 4332.82
259540, 4329.23
259548, 4326.67
259556, 4322.56
259564, 4330.26
259571, 4333.85
259579, 4335.9
259587, 4337.44
259595, 4338.46
259603, 4348.21
259611, 4347.18
259618, 4343.08
259626, 4351.79
259634, 4354.36
259642, 4350.26
259650, 4349.23
259657, 4354.87
259665, 4359.49
259673, 4353.85
259681, 4353.33
259689, 4362.56
259697, 4362.05
259704, 4360
259712, 4356.41
259720, 4354.87
259728, 4368.21
259736, 4374.87
259743, 4362.05
259751, 4345.13
259759, 4346.67
259767, 4360
259775, 4356.41
259783, 4356.41
259790, 4360.51
259798, 4359.49
259806, 4361.54
259814, 4359.49
259822, 4357.95
259829, 4357.44
259837, 4352.31
259845, 4355.9
259853, 4360
259861, 4358.97
259869, 4359.49
259876, 4355.9
259884, 4354.87
259893, 4356.41
259900, 4356.92
259908, 4356.41
259916, 4348.21
259923, 4349.23
259931, 4356.92
259939, 4365.13
259947, 4367.18
259955, 4351.28
259962, 4348.72
259970, 4350.26
259978, 4348.72
259986, 4363.08
259994, 4364.1
260002, 4352.82
260009, 4357.95
260017, 4363.08
260025, 4358.46
260033, 4356.41
260041, 4357.95
260048, 4361.54
260056, 4360
260064, 4360
260072, 4358.97
260080, 4356.41
260087, 4354.87
260095, 4356.92
260103, 4369.74
260111, 4368.21
260119, 4352.31
260127, 4354.87
260134, 4365.64
260142, 4370.77
260150, 4366.15
260158, 4356.92
260166, 4355.9
260174, 4351.79
260181, 4347.69
260189, 4355.38
260197, 4365.13
260205, 4369.23
260213, 4355.38
260220, 4352.82
260228, 4368.21
260236, 4361.54
260244, 4353.33
260252, 4360
260260, 4365.64
260267, 4366.15
260275, 4355.9
260283, 4360
260291, 4367.69
260299, 4355.9
260306, 4353.33
260314, 4358.97
260322, 4356.92
260330, 4356.41
260338, 4358.97
260346, 4362.05
260353, 4364.62
260361, 4367.69
260369, 4355.9
260377, 4341.54
260385, 4353.85
260392, 4363.59
260400, 4362.05
260408, 4366.67
260416, 4364.62
260424, 4360.51
260432, 4358.97
260439, 4357.95
260447, 4359.49
260455, 4355.38
260463, 4362.56
260471, 4365.13
260478, 4354.87
260486, 4360
260494, 4363.08
260502, 4356.92
260510, 4356.92
260518, 4357.95
260525, 4359.49
260533, 4357.95
260541, 4356.41
260549, 4357.95
260557, 4359.49
260565, 4364.1
260572, 4365.13
260580, 4355.38
260588, 4349.74
260596, 4352.82
260604, 4362.05
260611, 4360.51
260619, 4352.82
260627, 4358.97
260635, 4360.51
260643, 4359.49
260651, 4360.51
260658, 4357.44
260666, 4358.46
260674, 4356.92
260682, 4357.44
260690, 4363.08
260697, 4360
260705, 4360
260713, 4360.51
260721, 4358.46
260729, 4356.92
260737, 4351.28
260744, 4355.9
260752, 4361.54
260760, 4357.95
260768, 4362.56
260776, 4368.72
260783, 4362.56
260791, 4347.69
260799, 4345.13
260807, 4354.87
260815, 4357.95
260823, 4364.1
260830, 4366.15
260838, 4358.97
260846, 4362.05
260854, 4363.08
260862, 4360.51
260869, 4362.05
260877, 4367.18
260885, 4367.18
260893, 4350.77
260901, 4352.82
260909, 4370.26
260916, 4363.59
260924, 4356.92
260932, 4361.54
260940, 4360.51
260948, 4359.49
260955, 4358.97
260963, 4363.59
260971, 4366.15
260979, 4364.62
260987, 4368.21
260995, 4360.51
261002, 4354.36
261010, 4361.03
261018, 4362.56
261026, 4365.64
261034, 4367.69
261042, 4369.74
261049, 4368.21
261057, 4366.67
261065, 4372.82
261073, 4367.18
261081, 4365.13
261088, 4375.9
261096, 4374.36
261104, 4369.23
261112, 4367.69
261120, 4369.74
261127, 4372.31
261135, 4368.21
261143, 4370.77
261151, 4372.82
261159, 4368.21
261167, 4369.74
261174, 4366.67
261182, 4373.33
261190, 4380.51
261198, 4368.21
261206, 4365.64
261214, 4366.67
261221, 4364.62
261229, 4365.64
261237, 4366.15
261245, 4372.82
261253, 4370.77
261260, 4363.08
261268, 4366.15
261276, 4369.23
261284, 4374.36
261292, 4372.31
261300, 4364.1
261307, 4368.21
261315, 4368.72
261323, 4362.05
261331, 4358.46
261339, 4360.51
261346, 4364.1
261354, 4360
261362, 4359.49
261370, 4357.95
261378, 4354.36
261386, 4365.13
261393, 4362.05
261401, 4352.31
261409, 4357.95
261417, 4354.87
261425, 4348.21
261432, 4352.82
261440, 4361.54
261448, 4357.44
261456, 4350.26
261464, 4365.64
261472, 4369.74
261479, 4355.9
261487, 4356.41
261495, 4361.54
261503, 4358.97
261511, 4349.23
261518, 4345.64
261526, 4357.95
261534, 4362.05
261542, 4355.38
261550, 4351.79
261558, 4356.41
261565, 4363.59
261573, 4356.92
261581, 4350.26
261589, 4358.97
261597, 4364.1
261605, 4358.46
261612, 4343.59
261620, 4344.62
261628, 4356.92
261636, 4354.87
261644, 4356.41
261651, 4356.41
261659, 4353.33
261667, 4358.46
261675, 4353.33
261683, 4347.69
261691, 4355.38
261698, 4361.03
261706, 4359.49
261714, 4354.87
261722, 4359.49
261730, 4360.51
261737, 4353.33
261745, 4353.33
261753, 4352.82
261761, 4354.87
261769, 4357.95
261777, 4354.36
261784, 4355.9
261792, 4358.46
261800, 4361.54
261808, 4361.03
261816, 4351.79
261823, 4350.77
261831, 4352.31
261839, 4353.85
261847, 4361.03
261855, 4354.36
261863, 4349.74
261870, 4360.51
261878, 4361.54
261886, 4355.9
261894, 4357.44
261902, 4365.13
261909, 4357.44
261917, 4353.85
261925, 4367.69
261933, 4358.46
261941, 4349.74
261949, 4359.49
261956, 4357.44
261964, 4361.03
261972, 4366.67
261980, 4363.08
261988, 4362.05
261995, 4361.54
262003, 4363.59
262011, 4366.15
262019, 4355.38
262027, 4347.18
262035, 4349.74
262042, 4356.41
262050, 4353.33
262058, 4353.85
262066, 4367.69
262074, 4367.69
262082, 4361.03
262089, 4358.46
262097, 4360
262105, 4364.62
262113, 4355.38
262121, 4355.38
262128, 4358.46
262136, 4346.15
262144, 4349.74
262152, 4360.51
262160, 4353.85
262168, 4357.95
262175, 4369.23
262183, 4360
262191, 4347.18
262199, 4356.92
262207, 4365.64
262214, 4357.44
262222, 4364.62
262230, 4371.28
262238, 4351.79
262246, 4345.13
262253, 4353.85
262261, 4361.54
262269, 4361.54
262277, 4350.26
262285, 4351.28
262293, 4355.38
262300, 4353.85
262308, 4353.85
262316, 4354.36
262324, 4357.95
262332, 4351.79
262340, 4351.28
262347, 4361.03
262355, 4358.97
262363, 4353.33
262371, 4351.28
262379, 4356.41
262386, 4360.51
262394, 4350.77
262402, 4348.21
262410, 4354.87
262418, 4352.31
262426, 4346.15
262433, 4350.77
262441, 4367.18
262449, 4361.03
262457, 4339.49
262465, 4345.64
262472, 4354.36
262480, 4345.64
262488, 4343.59
262496, 4353.33
262504, 4355.38
262512, 4346.15
262519, 4349.74
262527, 4357.95
262535, 4349.23
262543, 4347.69
262551, 4351.79
262558, 4349.74
262566, 4348.72
262574, 4347.69
262582, 4356.41
262590, 4363.08
262598, 4356.41
262605, 4349.74
262613, 4350.26
262621, 4357.95
262629, 4355.9
262637, 4355.38
262644, 4366.15
262652, 4357.44
262660, 4349.74
262668, 4351.79
262676, 4344.1
262684, 4347.69
262691, 4360.51
262699, 4360.51
262707, 4351.28
262715, 4352.82
262723, 4366.15
262731, 4362.56
262738, 4354.36
262746, 4366.15
262754, 4367.69
262762, 4357.44
262770, 4352.31
262779, 4355.38
262785, 4360.51
262793, 4354.87
262801, 4350.77
262809, 4353.85
262817, 4357.95
262824, 4362.05
262832, 4353.33
262840, 4352.82
262848, 4366.15
262856, 4362.56
262863, 4348.72
262871, 4349.23
262879, 4357.95
262887, 4355.38
262895, 4349.74
262903, 4360.51
262910, 4360
262918, 4351.28
262926, 4355.38
262934, 4359.49
262942, 4364.1
262949, 4361.03
262957, 4353.33
262965, 4360.51
262973, 4362.05
262981, 4357.44
262989, 4357.95
262996, 4359.49
263004, 4362.05
263012, 4358.46
263020, 4354.87
263028, 4357.95
263035, 4356.92
263043, 4357.44
263051, 4362.56
263059, 4366.67
263067, 4358.97
263075, 4346.15
263082, 4357.44
263090, 4367.69
263098, 4354.36
263106, 4350.77
263114, 4353.33
263122, 4353.33
263129, 4358.46
263137, 4357.95
263145, 4352.82
263153, 4352.82
263161, 4356.41
263168, 4351.79
263176, 4349.23
263184, 4362.05
263192, 4360.51
263200, 4353.85
263207, 4361.54
263215, 4365.64
263223, 4364.1
263231, 4355.38
263239, 4350.26
263247, 4357.44
263254, 4361.54
263262, 4365.64
263270, 4356.92
263278, 4347.18
263286, 4358.46
263294, 4360.51
263301, 4351.79
263309, 4352.31
263317, 4356.92
263325, 4359.49
263333, 4355.9
263340, 4356.92
263348, 4361.54
263356, 4360
263364, 4358.97
263372, 4355.38
263380, 4355.9
263387, 4360
263395, 4354.87
263403, 4354.36
263411, 4357.95
263419, 4357.95
263426, 4357.44
263434, 4357.44
263442, 4363.59
263450, 4356.92
263458, 4350.77
263466, 4368.21
263473, 4366.67
263481, 4348.21
263489, 4347.69
263497, 4356.92
263505, 4360.51
263512, 4355.38
263520, 4352.31
263528, 4353.33
263536, 4356.92
263544, 4360
263552, 4353.85
263559, 4356.92
263567, 4360
263575, 4352.82
263583, 4358.97
263591, 4362.56
263598, 4355.9
263606, 4358.46
263614, 4359.49
263622, 4356.41
263630, 4355.38
263638, 4357.95
263645, 4363.08
263653, 4357.95
263661, 4353.85
263669, 4362.05
263677, 4367.18
263685, 4364.62
263692, 4355.9
263700, 4355.9
263708, 4360.51
263716, 4355.38
263724, 4356.92
263731, 4355.38
263739, 4354.87
263747, 4358.97
263755, 4354.87
263763, 4361.03
263770, 4366.15
263778, 4359.49
263786, 4357.44
263794, 4360
263802, 4362.05
263810, 4355.9
263817, 4353.33
263825, 4360
263833, 4354.87
263841, 4354.36
263849, 4358.46
263856, 4354.36
263864, 4356.92
263872, 4358.97
263880, 4361.03
263888, 4362.56
263896, 4361.03
263903, 4362.56
263911, 4352.82
263919, 4345.64
263927, 4355.9
263935, 4356.92
263943, 4354.36
263950, 4359.49
263958, 4359.49
263966, 4356.41
263974, 4356.92
263982, 4359.49
263989, 4353.85
263997, 4351.79
264005, 4357.95
264013, 4353.85
264021, 4356.41
264029, 4363.08
264036, 4353.33
264044, 4350.26
264052, 4356.41
264060, 4362.56
264068, 4360
264075, 4358.97
264083, 4371.28
264091, 4361.54
264099, 4348.72
264107, 4363.59
264115, 4366.15
264122, 4355.9
264130, 4354.36
264138, 4357.44
264146, 4357.95
264154, 4354.36
264161, 4350.77
264169, 4346.15
264177, 4350.26
264185, 4361.03
264193, 4356.41
264201, 4355.38
264208, 4361.54
264216, 4360
264224, 4361.54
264232, 4356.41
264240, 4349.74
264248, 4355.38
264255, 4359.49
264263, 4360.51
264271, 4356.41
264279, 4356.92
264287, 4360.51
264294, 4352.31
264302, 4353.85
264310, 4368.72
264318, 4370.26
264326, 4355.38
264333, 4345.13
264341, 4355.38
264349, 4358.46
264357, 4346.15
264365, 4350.77
264373, 4358.97
264380, 4357.95
264388, 4357.95
264396, 4358.46
264404, 4360
264412, 4360
264420, 4362.05
264427, 4358.46
264435, 4353.33
264443, 4362.05
264451, 4357.95
264459, 4349.74
264466, 4361.54
264474, 4361.54
264482, 4353.85
264490, 4360
264498, 4362.56
264506, 4356.92
264513, 4356.92
264521, 4367.69
264529, 4364.62
264537, 4347.69
264545, 4344.62
264552, 4351.28
264560, 4362.56
264568, 4362.05
264576, 4347.18
264584, 4350.26
264592, 4358.97
264599, 4358.97
264607, 4351.79
264615, 4350.77
264623, 4367.18
264631, 4368.72
264638, 4356.92
264646, 4356.92
264654, 4356.41
264662, 4355.9
264670, 4357.44
264678, 4358.97
264685, 4357.44
264693, 4352.82
264701, 4356.92
264709, 4361.54
264717, 4364.62
264724, 4368.72
264732, 4356.41
264740, 4347.18
264748, 4354.87
264756, 4357.44
264764, 4357.95
264771, 4351.28
264779, 4353.33
264787, 4366.67
264795, 4362.05
264803, 4356.41
264811, 4358.46
264818, 4362.05
264826, 4360.51
264834, 4354.87
264842, 4360
264850, 4361.03
264857, 4357.44
264865, 4363.08
264873, 4362.56
264881, 4362.56
264889, 4364.62
264896, 4362.05
264904, 4362.05
264912, 4358.97
264920, 4357.95
264928, 4364.1
264936, 4367.18
264943, 4369.74
264951, 4358.46
264959, 4347.69
264967, 4357.44
264975, 4357.95
264983, 4349.74
264990, 4351.28
264998, 4352.82
265006, 4352.82
265014, 4354.87
265022, 4359.49
265029, 4360
265037, 4360
265045, 4362.05
265053, 4356.41
265061, 4351.28
265069, 4348.72
265076, 4351.79
265084, 4361.03
265092, 4360.51
265100, 4358.46
265108, 4356.92
265115, 4351.79
265123, 4364.1
265131, 4370.26
265139, 4356.92
265147, 4353.33
265155, 4356.92
265162, 4358.46
265170, 4355.38
265178, 4354.36
265186, 4360
265194, 4355.9
265201, 4352.31
265209, 4354.87
265217, 4352.31
265225, 4354.87
265233, 4353.33
265241, 4352.82
265248, 4353.85
265256, 4351.28
265264, 4358.46
265272, 4358.46
265280, 4355.9
265288, 4358.46
265295, 4356.41
265303, 4358.46
265311, 4355.9
265319, 4354.36
265327, 4356.92
265334, 4353.85
265342, 4354.87
265350, 4357.95
265358, 4358.97
265366, 4357.44
265374, 4352.82
265381, 4353.85
265389, 4353.85
265397, 4348.72
265405, 4353.33
265413, 4357.95
265420, 4360.51
265428, 4361.03
265436, 4354.36
265444, 4357.44
265452, 4356.92
265460, 4354.36
265467, 4358.46
265475, 4356.41
265483, 4356.41
265491, 4360
265499, 4365.13
265506, 4361.54
265514, 4351.79
265522, 4350.77
265530, 4348.72
265538, 4351.79
265546, 4358.46
265553, 4353.85
265561, 4362.05
265569, 4366.15
265577, 4351.28
265585, 4348.21
265592, 4348.72
265600, 4351.28
265608, 4353.85
265616, 4349.74
265624, 4358.46
265632, 4363.59
265639, 4357.95
265647, 4354.87
265655, 4360
265663, 4365.13
265671, 4355.9
265678, 4351.28
265686, 4358.97
265694, 4360
265702, 4360
265710, 4353.33
265718, 4352.31
265725, 4362.05
265733, 4360
265741, 4355.38
265749, 4355.38
265757, 4355.38
265764, 4355.9
265772, 4355.38
265780, 4365.64
265788, 4364.1
265796, 4349.23
265804, 4350.26
265811, 4354.87
265819, 4356.41
265827, 4356.92
265835, 4348.21
265843, 4353.33
265850, 4358.97
265858, 4351.79
265866, 4351.28
265874, 4355.38
265882, 4362.05
265890, 4359.49
265897, 4352.82
265905, 4358.97
265913, 4361.54
265921, 4360
265929, 4355.9
265937, 4358.97
265944, 4364.1
265952, 4352.31
265960, 4351.79
265968, 4362.56
265976, 4359.49
265983, 4358.46
265991, 4355.9
265999, 4349.23
266007, 4347.18
266015, 4350.77
266023, 4359.49
266030, 4360.51
266038, 4359.49
266046, 4359.49
266054, 4354.36
266062, 4355.38
266069, 4358.97
266077, 4360.51
266085, 4361.54
266093, 4355.38
266101, 4352.82
266108, 4352.82
266116, 4351.28
266124, 4354.87
266132, 4360
266140, 4368.21
266148, 4360.51
266155, 4343.59
266163, 4351.28
266171, 4361.03
266179, 4357.95
266187, 4353.33
266195, 4352.82
266202, 4365.64
266210, 4362.05
266218, 4344.62
266226, 4346.15
266234, 4353.33
266241, 4357.95
266249, 4357.44
266257, 4357.44
266265, 4359.49
266273, 4351.28
266281, 4351.28
266288, 4358.97
266296, 4361.54
266304, 4360.51
266312, 4355.38
266320, 4357.44
266327, 4357.95
266335, 4354.87
266343, 4360.51
266351, 4354.36
266359, 4352.31
266367, 4361.54
266374, 4353.33
266382, 4353.85
266390, 4361.54
266398, 4357.44
266406, 4359.49
266413, 4360
266421, 4345.64
266429, 4334.87
266437, 4349.23
266445, 4363.08
266453, 4352.82
266460, 4353.85
266468, 4363.08
266476, 4356.92
266484, 4353.33
266492, 4354.87
266500, 4358.46
266507, 4356.92
266515, 4352.82
266523, 4360
266531, 4359.49
266539, 4355.38
266546, 4355.38
266554, 4352.31
266562, 4359.49
266570, 4362.05
266578, 4355.38
266586, 4353.85
266593, 4355.9
266601, 4360.51
266609, 4354.36
266617, 4357.95
266625, 4373.33
266632, 4355.9
266640, 4338.97
266648, 4350.77
266656, 4360
266664, 4358.97
266672, 4356.41
266682, 4362.56
266687, 4360
266695, 4351.28
266703, 4354.87
266711, 4355.9
266718, 4355.9
266726, 4356.41
266734, 4353.33
266742, 4359.49
266750, 4362.05
266758, 4355.38
266765, 4352.82
266773, 4351.28
266781, 4358.46
266789, 4362.56
266797, 4355.9
266804, 4355.9
266812, 4353.33
266820, 4355.9
266828, 4360
266836, 4360
266844, 4358.46
266851, 4344.62
266859, 4346.15
266867, 4359.49
266875, 4357.95
266883, 4353.85
266890, 4353.33
266898, 4356.92
266906, 4358.46
266914, 4353.85
266922, 4354.36
266930, 4355.38
266937, 4356.92
266945, 4358.46
266953, 4350.26
266961, 4351.28
266969, 4358.97
266976, 4358.46
266984, 4354.87
266992, 4350.77
267000, 4357.44
267008, 4358.46
267016, 4351.28
267023, 4355.9
267031, 4354.87
267039, 4355.9
267047, 4360
267055, 4348.72
267062, 4345.13
267070, 4353.85
267078, 4358.97
267086, 4352.82
267094, 4349.74
267102, 4358.97
267109, 4352.82
267117, 4346.67
267125, 4355.38
267133, 4356.92
267141, 4358.97
267149, 4356.41
267156, 4351.79
267164, 4361.03
267172, 4358.46
267180, 4352.31
267188, 4354.36
267195, 4352.31
267203, 4355.9
267211, 4359.49
267219, 4360
267227, 4357.44
267235, 4357.44
267242, 4364.62
267250, 4352.82
267258, 4344.1
267266, 4355.9
267274, 4358.97
267281, 4353.85
267289, 4350.77
267297, 4352.31
267305, 4354.87
267313, 4352.82
267321, 4355.9
267328, 4356.92
267336, 4362.56
267344, 4369.23
267352, 4357.44
267360, 4350.77
267367, 4357.44
267375, 4357.95
267383, 4355.38
267391, 4352.31
267399, 4354.87
267407, 4354.36
267414, 4352.31
267422, 4360.51
267430, 4360
267438, 4364.1
267446, 4370.26
267453, 4352.31
267461, 4344.1
267469, 4352.31
267477, 4352.31
267485, 4354.36
267493, 4361.03
267500, 4359.49
267508, 4352.31
267516, 4354.87
267524, 4358.97
267532, 4353.33
267540, 4359.49
267547, 4358.97
267555, 4348.72
267563, 4360.51
267571, 4366.15
267579, 4355.38
267586, 4352.31
267594, 4357.44
267602, 4358.97
267610, 4352.31
267618, 4353.85
267626, 4349.74
267634, 4340
267641, 4361.54
267649, 4370.26
267657, 4350.77
267665, 4348.21
267672, 4353.33
267680, 4358.97
267688, 4358.97
267696, 4355.38
267704, 4362.05
267712, 4366.15
