0, 4338.46
1, 4338.97
2, 4339.49
3, 4338.97
4, 4337.44
5, 4342.05
6, 4346.15
7, 4342.05
8, 4337.95
9, 4341.54
10, 4346.67
11, 4341.54
12, 4336.92
13, 4337.44
14, 4331.79
15, 4333.33
16, 4335.9
17, 4333.33
18, 4338.46
19, 4341.03
20, 4338.46
21, 4335.38
22, 4335.38
23, 4341.54
24, 4341.54
25, 4337.95
26, 4336.41
27, 4334.87
28, 4335.9
29, 4335.9
30, 4334.87
31, 4334.87
32, 4329.74
33, 4328.72
34, 4329.74
35, 4330.77
36, 4333.33
37, 4333.85
38, 4336.92
39, 4341.03
40, 4344.1
41, 4343.59
42, 4336.92
43, 4336.92
44, 4341.54
45, 4340
46, 4336.92
47, 4334.87
48, 4337.44
49, 4337.44
50, 4333.85
51, 4340.51
52, 4342.05
53, 4335.9
54, 4335.9
55, 4339.49
56, 4341.54
57, 4338.46
58, 4336.92
59, 4341.03
60, 4340.51
61, 4340.51
62, 4341.54
63, 4341.03
64, 4337.95
65, 4332.82
66, 4337.44
67, 4341.03
68, 4336.92
69, 4335.38
70, 4335.38
71, 4333.85
72, 4332.31
73, 4329.23
74, 4329.23
75, 4332.31
76, 4335.9
77, 4337.44
78, 4335.9
79, 4337.95
80, 4336.41
81, 4337.44
82, 4342.05
83, 4340.51
84, 4340
85, 4340
86, 4337.44
87, 4337.44
88, 4340
89, 4344.1
90, 4342.05
91, 4340.51
92, 4344.62
93, 4340
94, 4338.97
95, 4343.08
96, 4338.46
97, 4333.85
98, 4333.85
99, 4334.36
100, 4332.82
101, 4330.26
102, 4332.82
103, 4337.44
104, 4342.05
105, 4341.54
106, 4335.9
107, 4336.92
108, 4335.9
109, 4334.87
110, 4340
111, 4337.95
112, 4334.87
113, 4339.49
114, 4339.49
115, 4334.87
116, 4329.74
117, 4332.82
118, 4334.36
119, 4328.21
120, 4330.26
121, 4334.36
122, 4331.28
123, 4332.31
124, 4339.49
125, 4344.1
126, 4342.05
127, 4343.59
128, 4349.74
129, 4348.72
130, 4346.67
131, 4346.15
132, 4344.1
133, 4342.56
134, 4341.54
135, 4344.1
136, 4343.59
137, 4341.54
138, 4343.08
139, 4342.05
140, 4346.15
141, 4348.21
142, 4342.56
143, 4344.62
144, 4346.67
145, 4344.1
146, 4342.56
147, 4341.03
148, 4343.59
149, 4344.1
150, 4343.59
151, 4344.62
152, 4341.54
153, 4341.54
154, 4341.54
155, 4337.95
156, 4338.46
157, 4338.97
158, 4341.03
159, 4339.49
160, 4337.95
161, 4343.08
162, 4343.59
163, 4342.56
164, 4342.56
165, 4341.54
166, 4344.1
167, 4342.56
168, 4341.54
169, 4343.59
170, 4343.08
171, 4345.64
172, 4344.62
173, 4340
174, 4340.51
175, 4337.95
176, 4337.44
177, 4341.03
178, 4340.51
179, 4337.95
180, 4335.9
181, 4336.41
182, 4335.38
183, 4335.9
184, 4343.59
185, 4345.64
186, 4342.56
187, 4341.03
188, 4338.46
189, 4337.44
190, 4336.41
191, 4338.97
192, 4341.54
193, 4342.56
194, 4347.69
195, 4343.59
196, 4339.49
197, 4345.13
198, 4345.64
199, 4343.08
200, 4341.03
201, 4338.46
202, 4336.92
203, 4334.36
204, 4335.9
205, 4336.41
206, 4338.97
207, 4347.69
208, 4347.18
209, 4342.56
210, 4343.08
211, 4342.05
212, 4345.13
213, 4346.15
214, 4345.13
215, 4347.18
216, 4347.69
217, 4349.23
218, 4349.74
219, 4348.72
220, 4348.21
221, 4347.18
222, 4348.72
223, 4345.64
224, 4343.59
225, 4344.1
226, 4340.51
227, 4341.54
228, 4343.08
229, 4341.54
230, 4346.67
231, 4345.64
232, 4341.03
233, 4343.08
234, 4345.13
235, 4345.13
236, 4340
237, 4337.44
238, 4340.51
239, 4339.49
240, 4342.05
241, 4346.15
242, 4348.72
243, 4350.77
244, 4347.69
245, 4342.05
246, 4338.97
247, 4340.51
248, 4342.05
249, 4337.95
250, 4341.03
251, 4344.62
252, 4344.1
253, 4346.15
254, 4345.13
255, 4345.64
256, 4344.1
257, 4339.49
258, 4341.54
259, 4341.54
260, 4340.51
261, 4340.51
262, 4337.44
263, 4338.97
264, 4338.46
265, 4334.87
266, 4334.36
267, 4333.85
268, 4336.92
269, 4341.54
270, 4343.08
271, 4343.08
272, 4339.49
273, 4338.97
274, 4340
275, 4343.08
276, 4347.18
277, 4343.08
278, 4344.1
279, 4348.72
280, 4343.59
281, 4339.49
282, 4340
283, 4340.51
284, 4342.56
285, 4344.62
286, 4345.64
287, 4345.13
288, 4348.72
289, 4354.36
290, 4351.28
291, 4347.69
292, 4343.59
293, 4345.64
294, 4351.28
295, 4345.64
296, 4344.62
297, 4350.77
298, 4346.67
299, 4341.03
300, 4342.05
301, 4349.23
302, 4352.82
303, 4350.26
304, 4352.31
305, 4351.28
306, 4344.1
307, 4341.54
308, 4347.69
309, 4353.85
310, 4345.64
311, 4340.51
312, 4348.72
313, 4349.74
314, 4344.1
315, 4342.56
316, 4347.18
317, 4354.87
318, 4355.9
319, 4352.82
320, 4350.26
321, 4352.82
322, 4356.92
323, 4353.33
324, 4354.87
325, 4357.44
326, 4353.33
327, 4353.33
328, 4352.31
329, 4351.28
330, 4352.82
331, 4350.26
332, 4351.79
333, 4352.82
334, 4352.82
335, 4354.36
336, 4355.9
337, 4358.97
338, 4354.36
339, 4347.18
340, 4347.69
341, 4351.79
342, 4355.9
343, 4355.38
344, 4353.33
345, 4356.41
346, 4352.31
347, 4345.64
348, 4345.64
349, 4348.72
350, 4352.31
351, 4346.67
352, 4340.51
353, 4346.67
354, 4352.31
355, 4349.74
356, 4345.64
357, 4351.79
358, 4354.87
359, 4344.1
360, 4347.18
361, 4360
362, 4359.49
363, 4353.85
364, 4353.33
365, 4358.46
366, 4356.41
367, 4348.21
368, 4349.74
369, 4356.41
370, 4359.49
371, 4352.82
372, 4346.15
373, 4350.77
374, 4350.77
375, 4348.72
376, 4351.28
377, 4351.79
378, 4353.33
379, 4350.26
380, 4343.59
381, 4347.18
382, 4354.87
383, 4353.33
384, 4346.67
385, 4350.77
386, 4354.87
387, 4347.69
388, 4349.23
389, 4352.82
390, 4349.23
391, 4346.67
392, 4344.1
393, 4348.21
394, 4351.28
395, 4348.21
396, 4351.28
397, 4354.36
398, 4351.79
399, 4350.26
400, 4351.79
401, 4354.87
402, 4349.23
403, 4343.08
404, 4348.72
405, 4353.33
406, 4352.31
407, 4348.21
408, 4347.18
409, 4354.87
410, 4356.92
411, 4355.9
412, 4355.9
413, 4355.9
414, 4356.41
415, 4351.28
416, 4348.21
417, 4350.26
418, 4351.28
419, 4352.31
420, 4353.85
421, 4356.92
422, 4355.9
423, 4348.72
424, 4350.26
425, 4354.36
426, 4350.26
427, 4347.18
428, 4345.64
429, 4346.15
430, 4346.67
431, 4352.31
432, 4357.44
433, 4349.23
434, 4348.72
435, 4352.31
436, 4349.74
437, 4350.77
438, 4348.72
439, 4345.64
440, 4346.67
441, 4349.23
442, 4354.87
443, 4357.44
444, 4358.97
445, 4357.44
446, 4351.28
447, 4350.26
448, 4350.77
449, 4351.79
450, 4353.33
451, 4351.28
452, 4352.82
453, 4355.38
454, 4355.38
455, 4356.41
456, 4358.46
457, 4363.08
458, 4361.03
459, 4354.87
460, 4355.9
461, 4352.82
462, 4354.87
463, 4361.03
464, 4360
465, 4359.49
466, 4354.87
467, 4350.26
468, 4357.44
469, 4364.1
470, 4364.62
471, 4360.51
472, 4358.97
473, 4358.97
474, 4353.85
475, 4352.82
476, 4356.41
477, 4356.92
478, 4356.41
479, 4360
480, 4364.62
481, 4357.44
482, 4351.79
483, 4356.92
484, 4358.46
485, 4357.44
486, 4353.85
487, 4349.74
488, 4351.28
489, 4348.72
490, 4348.21
491, 4350.77
492, 4346.67
493, 4346.67
494, 4349.23
495, 4351.79
496, 4356.41
497, 4356.41
498, 4357.95
499, 4356.92
500, 4353.85
501, 4355.38
502, 4353.85
503, 4352.31
504, 4350.77
505, 4349.74
506, 4354.36
507, 4355.9
508, 4356.41
509, 4359.49
510, 4360.51
511, 4354.87
512, 4348.21
513, 4351.28
514, 4350.77
515, 4346.15
516, 4350.77
517, 4353.85
518, 4353.33
519, 4354.87
520, 4349.23
521, 4350.26
522, 4357.44
523, 4357.95
524, 4352.31
525, 4350.26
526, 4355.9
527, 4355.38
528, 4349.74
529, 4348.21
530, 4342.56
531, 4342.05
532, 4349.74
533, 4350.77
534, 4346.67
535, 4344.1
536, 4347.69
537, 4348.72
538, 4344.1
539, 4346.67
540, 4351.79
541, 4356.41
542, 4357.95
543, 4351.79
544, 4347.18
545, 4345.64
546, 4346.15
547, 4350.77
548, 4351.79
549, 4350.77
550, 4350.26
551, 4353.33
552, 4356.41
553, 4348.72
554, 4347.18
555, 4349.23
556, 4343.08
557, 4343.08
558, 4346.67
559, 4347.18
560, 4345.64
561, 4342.05
562, 4347.18
563, 4356.41
564, 4356.92
565, 4348.72
566, 4344.62
567, 4350.26
568, 4350.77
569, 4350.77
570, 4353.33
571, 4348.72
572, 4347.69
573, 4347.18
574, 4344.62
575, 4346.15
576, 4341.54
577, 4339.49
578, 4345.64
579, 4347.18
580, 4347.18
581, 4348.21
582, 4348.72
583, 4347.18
584, 4344.62
585, 4345.13
586, 4345.64
587, 4347.69
588, 4348.21
589, 4346.15
590, 4349.74
591, 4348.21
592, 4342.56
593, 4345.64
594, 4345.13
595, 4342.05
596, 4342.05
597, 4343.08
598, 4344.1
599, 4340.51
600, 4340.51
601, 4342.05
602, 4341.03
603, 4344.62
604, 4345.13
605, 4343.59
606, 4342.05
607, 4341.03
608, 4343.08
609, 4345.64
610, 4351.79
611, 4352.82
612, 4347.69
613, 4350.77
614, 4354.87
615, 4354.87
616, 4355.38
617, 4349.74
618, 4345.13
619, 4346.15
620, 4348.72
621, 4350.77
622, 4347.18
623, 4348.72
624, 4352.82
625, 4351.28
626, 4353.85
627, 4352.31
628, 4348.72
629, 4348.21
630, 4348.72
631, 4353.33
632, 4351.28
633, 4344.1
634, 4346.67
635, 4352.82
636, 4350.77
637, 4340.51
638, 4341.54
639, 4351.28
640, 4350.77
641, 4348.21
642, 4351.79
643, 4360.51
644, 4362.56
645, 4350.26
646, 4346.67
647, 4350.77
648, 4346.67
649, 4345.64
650, 4346.15
651, 4345.64
652, 4346.15
653, 4347.69
654, 4351.28
655, 4349.23
656, 4350.77
657, 4355.38
658, 4352.31
659, 4350.26
660, 4352.82
661, 4354.36
662, 4355.9
663, 4356.41
664, 4358.46
665, 4357.44
666, 4352.31
667, 4350.26
668, 4349.74
669, 4354.87
670, 4358.97
671, 4355.38
672, 4353.85
673, 4351.79
674, 4346.67
675, 4344.62
676, 4349.23
677, 4355.38
678, 4350.77
679, 4347.18
680, 4350.26
681, 4350.77
682, 4349.74
683, 4346.15
684, 4345.13
685, 4348.21
686, 4348.21
687, 4352.82
688, 4356.92
689, 4356.41
690, 4356.41
691, 4352.82
692, 4353.33
693, 4356.92
694, 4355.38
695, 4353.85
696, 4351.79
697, 4352.82
698, 4352.82
699, 4347.18
700, 4347.69
701, 4347.69
702, 4345.64
703, 4350.26
704, 4352.82
705, 4351.28
706, 4346.67
707, 4345.13
708, 4349.23
709, 4351.79
710, 4355.38
711, 4357.44
712, 4354.87
713, 4355.9
714, 4356.41
715, 4355.38
716, 4349.74
717, 4345.64
718, 4347.69
719, 4347.18
720, 4349.74
721, 4351.79
722, 4348.21
723, 4351.79
724, 4356.41
725, 4357.44
726, 4356.92
727, 4352.82
728, 4356.41
729, 4356.92
730, 4356.92
731, 4407.69
732, 4455.9
733, 4424.62
734, 4359.49
735, 4318.97
736, 4327.18
737, 4346.67
738, 4323.08
739, 4278.46
740, 4272.31
741, 4282.05
742, 4268.72
743, 4276.41
744, 4292.82
745, 4304.1
746, 4327.18
747, 4340.51
748, 4347.18
749, 4351.28
750, 4353.85
751, 4357.44
752, 4354.36
753, 4356.41
754, 4361.03
755, 4350.77
756, 4345.64
757, 4357.95
758, 4371.28
759, 4370.26
760, 4355.9
761, 4356.92
762, 4366.67
763, 4363.59
764, 4364.62
765, 4378.46
766, 4388.21
767, 4386.67
768, 4390.77
769, 4405.13
770, 4411.28
771, 4417.44
772, 4432.31
773, 4443.08
774, 4447.18
775, 4443.08
776, 4433.33
777, 4432.82
778, 4441.54
779, 4446.15
780, 4439.49
781, 4435.9
782, 4431.79
783, 4420
784, 4417.95
785, 4418.97
786, 4415.38
787, 4417.95
788, 4417.95
789, 4416.92
790, 4418.97
791, 4417.95
792, 4416.92
793, 4412.31
794, 4404.1
795, 4404.1
796, 4405.64
797, 4403.59
798, 4399.49
799, 4399.49
800, 4397.95
801, 4393.33
802, 4396.92
803, 4396.41
804, 4388.21
805, 4394.36
806, 4400.51
807, 4394.36
808, 4391.79
809, 4395.38
810, 4391.28
811, 4380
812, 4383.59
813, 4387.18
814, 4382.56
815, 4385.13
816, 4383.59
817, 4383.59
818, 4392.31
819, 4392.82
820, 4388.72
821, 4385.64
822, 4384.1
823, 4385.64
824, 4384.62
825, 4382.56
826, 4379.49
827, 4378.97
828, 4380
829, 4374.36
830, 4374.36
831, 4376.41
832, 4369.23
833, 4368.21
834, 4370.26
835, 4369.23
836, 4370.26
837, 4371.28
838, 4372.31
839, 4369.74
840, 4369.23
841, 4368.21
842, 4365.64
843, 4371.28
844, 4373.33
845, 4370.26
846, 4372.31
847, 4370.77
848, 4372.31
849, 4372.82
850, 4367.69
851, 4368.21
852, 4374.87
853, 4375.38
854, 4365.13
855, 4361.03
856, 4367.18
857, 4367.18
858, 4368.72
859, 4370.26
860, 4368.21
861, 4372.82
862, 4376.92
863, 4377.44
864, 4374.36
865, 4362.56
866, 4361.03
867, 4367.18
868, 4368.21
869, 4367.69
870, 4366.15
871, 4370.26
872, 4374.87
873, 4372.82
874, 4367.69
875, 4365.13
876, 4370.77
877, 4369.74
878, 4364.1
879, 4367.18
880, 4366.67
881, 4365.64
882, 4367.18
883, 4365.64
884, 4366.15
885, 4363.08
886, 4359.49
887, 4363.08
888, 4365.13
889, 4365.13
890, 4363.59
891, 4363.59
892, 4359.49
893, 4355.9
894, 4368.21
895, 4372.82
896, 4360
897, 4355.9
898, 4356.41
899, 4357.44
900, 4358.46
901, 4360
902, 4362.05
903, 4357.95
904, 4360
905, 4366.15
906, 4361.54
907, 4356.92
908, 4359.49
909, 4364.62
910, 4364.62
911, 4363.59
912, 4368.72
913, 4368.72
914, 4365.13
915, 4367.69
916, 4371.79
917, 4377.95
918, 4376.41
919, 4367.18
920, 4364.62
921, 4365.64
922, 4367.18
923, 4365.13
924, 4361.03
925, 4364.1
926, 4365.13
927, 4364.62
928, 4364.62
929, 4365.13
930, 4368.21
931, 4367.69
932, 4369.74
933, 4372.31
934, 4368.21
935, 4368.72
936, 4368.72
937, 4365.64
938, 4368.72
939, 4372.31
940, 4370.77
941, 4366.15
942, 4367.69
943, 4369.74
944, 4368.72
945, 4373.85
946, 4373.85
947, 4366.15
948, 4369.23
949, 4370.26
950, 4369.74
951, 4374.36
952, 4372.31
953, 4371.28
954, 4374.36
955, 4374.87
956, 4368.21
957, 4365.64
958, 4371.79
959, 4367.18
960, 4365.64
961, 4373.85
962, 4369.23
963, 4361.54
964, 4363.59
965, 4367.18
966, 4365.64
967, 4361.54
968, 4364.1
969, 4365.13
970, 4362.56
971, 4366.67
972, 4370.26
973, 4373.33
974, 4370.26
975, 4362.05
976, 4364.62
977, 4367.18
978, 4365.64
979, 4367.18
980, 4366.15
981, 4365.13
982, 4369.74
983, 4373.85
984, 4371.79
985, 4373.33
986, 4381.03
987, 4376.92
988, 4370.77
989, 4376.92
990, 4375.38
991, 4366.15
992, 4365.13
993, 4370.26
994, 4373.85
995, 4370.77
996, 4370.77
997, 4371.79
998, 4367.18
999, 4370.26
1000, 4373.85
1001, 4375.9
1002, 4372.31
1003, 4364.62
1004, 4365.64
1005, 4365.13
1006, 4360.51
1007, 4362.05
1008, 4367.18
1009, 4371.28
1010, 4366.67
1011, 4362.05
1012, 4364.1
1013, 4367.69
1014, 4370.26
1015, 4364.1
1016, 4356.92
1017, 4367.18
1018, 4373.33
1019, 4365.64
1020, 4361.03
1021, 4366.15
1022, 4373.85
1023, 4371.79
1024, 4369.23
1025, 4369.74
1026, 4366.15
1027, 4367.69
1028, 4371.28
1029, 4370.26
1030, 4367.18
1031, 4362.05
1032, 4359.49
1033, 4360
1034, 4362.56
1035, 4365.64
1036, 4366.15
1037, 4370.26
1038, 4366.67
1039, 4363.08
1040, 4369.74
1041, 4366.15
1042, 4364.1
1043, 4369.23
1044, 4368.72
1045, 4366.67
1046, 4366.15
1047, 4369.23
1048, 4368.72
1049, 4361.03
1050, 4361.03
1051, 4368.72
1052, 4372.82
1053, 4373.33
1054, 4374.36
1055, 4377.44
1056, 4370.77
1057, 4362.56
1058, 4363.59
1059, 4365.13
1060, 4367.18
1061, 4366.67
1062, 4366.67
1063, 4373.33
1064, 4369.23
1065, 4363.59
1066, 4371.28
1067, 4374.87
1068, 4373.85
1069, 4374.87
1070, 4380
1071, 4378.97
1072, 4371.28
1073, 4370.77
1074, 4366.67
1075, 4362.05
1076, 4364.62
1077, 4367.18
1078, 4366.67
1079, 4363.08
1080, 4364.62
1081, 4370.77
1082, 4365.13
1083, 4360.51
1084, 4363.08
1085, 4366.15
1086, 4368.72
1087, 4365.13
1088, 4360.51
1089, 4357.95
1090, 4357.44
1091, 4359.49
1092, 4357.95
1093, 4356.92
1094, 4358.97
1095, 4357.44
1096, 4356.41
1097, 4353.85
1098, 4352.82
1099, 4355.9
1100, 4356.41
1101, 4357.44
1102, 4355.38
1103, 4356.41
1104, 4361.03
1105, 4354.87
1106, 4351.28
1107, 4354.36
1108, 4354.36
1109, 4354.87
1110, 4354.87
1111, 4356.92
1112, 4355.9
1113, 4352.31
1114, 4352.31
1115, 4348.72
1116, 4351.79
1117, 4358.97
1118, 4358.97
1119, 4361.54
1120, 4364.62
1121, 4362.56
1122, 4359.49
1123, 4355.9
1124, 4359.49
1125, 4363.08
1126, 4361.03
1127, 4360
1128, 4360.51
1129, 4362.56
1130, 4359.49
1131, 4356.92
1132, 4365.64
1133, 4373.33
1134, 4372.82
1135, 4364.62
1136, 4360.51
1137, 4364.1
1138, 4360
1139, 4355.9
1140, 4357.95
1141, 4357.95
1142, 4357.95
1143, 4356.92
1144, 4357.44
1145, 4360
1146, 4360
1147, 4360
1148, 4357.95
1149, 4355.9
1150, 4357.44
1151, 4355.9
1152, 4357.95
1153, 4361.03
1154, 4358.46
1155, 4358.46
1156, 4355.38
1157, 4356.41
1158, 4360
1159, 4352.82
1160, 4351.28
1161, 4358.46
1162, 4361.54
1163, 4354.36
1164, 4350.26
1165, 4357.95
1166, 4360.51
1167, 4358.46
1168, 4358.46
1169, 4355.9
1170, 4356.41
1171, 4353.33
1172, 4348.21
1173, 4352.82
1174, 4355.38
1175, 4352.82
1176, 4349.23
1177, 4347.69
1178, 4347.69
1179, 4349.23
1180, 4352.82
1181, 4351.28
1182, 4348.72
1183, 4357.44
1184, 4358.97
1185, 4354.36
1186, 4348.72
1187, 4343.08
1188, 4349.74
1189, 4351.28
1190, 4342.05
1191, 4342.05
1192, 4349.23
1193, 4350.26
1194, 4350.26
1195, 4361.03
1196, 4366.15
1197, 4360
1198, 4360.51
1199, 4386.15
1200, 4437.44
1201, 4440.51
1202, 4376.41
1203, 4321.03
1204, 4303.08
1205, 4304.62
1206, 4310.77
1207, 4292.31
1208, 4258.97
1209, 4250.26
1210, 4253.85
1211, 4267.18
1212, 4283.59
1213, 4299.49
1214, 4327.69
1215, 4336.92
1216, 4334.87
1217, 4342.56
1218, 4348.21
1219, 4340.51
1220, 4327.18
1221, 4320.51
1222, 4311.79
1223, 4305.13
1224, 4306.67
1225, 4303.08
1226, 4304.62
1227, 4306.67
1228, 4301.54
1229, 4302.05
1230, 4304.62
1231, 4307.69
1232, 4307.18
1233, 4300
1234, 4298.46
1235, 4304.62
1236, 4312.82
1237, 4311.28
1238, 4306.15
1239, 4314.87
1240, 4323.59
1241, 4325.64
1242, 4329.74
1243, 4329.23
1244, 4333.33
1245, 4344.1
1246, 4350.26
1247, 4354.36
1248, 4352.82
1249, 4354.87
1250, 4360.51
1251, 4362.56
1252, 4363.59
1253, 4360.51
1254, 4360.51
1255, 4363.08
1256, 4360
1257, 4361.03
1258, 4362.05
1259, 4363.08
1260, 4364.1
1261, 4364.1
1262, 4364.1
1263, 4357.95
1264, 4355.9
1265, 4358.97
1266, 4355.9
1267, 4356.41
1268, 4357.95
1269, 4356.92
1270, 4357.95
1271, 4358.46
1272, 4361.03
1273, 4360
1274, 4357.95
1275, 4363.59
1276, 4361.03
1277, 4354.87
1278, 4356.92
1279, 4356.92
1280, 4358.97
1281, 4363.08
1282, 4365.13
1283, 4363.08
1284, 4357.44
1285, 4361.54
1286, 4366.67
1287, 4363.08
1288, 4360.51
1289, 4361.03
1290, 4361.03
1291, 4355.9
1292, 4355.38
1293, 4363.59
1294, 4363.08
1295, 4357.95
1296, 4354.87
1297, 4353.85
1298, 4355.9
1299, 4353.85
1300, 4354.87
1301, 4356.92
1302, 4355.9
1303, 4358.97
1304, 4357.44
1305, 4351.79
1306, 4349.74
1307, 4349.23
1308, 4350.26
1309, 4351.28
1310, 4353.33
1311, 4353.85
1312, 4349.23
1313, 4352.82
1314, 4358.97
1315, 4357.44
1316, 4351.79
1317, 4346.15
1318, 4351.28
1319, 4354.87
1320, 4350.77
1321, 4355.9
1322, 4356.92
1323, 4352.82
1324, 4353.85
1325, 4354.87
1326, 4353.85
1327, 4350.77
1328, 4351.79
1329, 4352.31
1330, 4349.74
1331, 4352.82
1332, 4352.31
1333, 4351.28
1334, 4352.82
1335, 4347.69
1336, 4348.72
1337, 4355.38
1338, 4355.38
1339, 4352.82
1340, 4348.72
1341, 4348.21
1342, 4347.18
1343, 4346.15
1344, 4349.23
1345, 4347.18
1346, 4345.13
1347, 4346.15
1348, 4347.18
1349, 4352.82
1350, 4353.33
1351, 4349.74
1352, 4349.23
1353, 4344.1
1354, 4342.05
1355, 4341.54
1356, 4340
1357, 4340
1358, 4338.46
1359, 4343.08
1360, 4345.64
1361, 4341.54
1362, 4342.56
1363, 4345.64
1364, 4346.15
1365, 4344.62
1366, 4348.21
1367, 4353.33
1368, 4349.23
1369, 4347.18
1370, 4347.18
1371, 4346.15
1372, 4351.28
1373, 4349.23
1374, 4347.18
1375, 4352.31
1376, 4351.79
1377, 4349.23
1378, 4346.15
1379, 4349.74
1380, 4354.87
1381, 4351.28
1382, 4348.21
1383, 4348.72
1384, 4350.26
1385, 4353.33
1386, 4351.28
1387, 4349.74
1388, 4347.69
1389, 4344.1
1390, 4345.13
1391, 4342.05
1392, 4339.49
1393, 4342.05
1394, 4341.03
1395, 4337.95
1396, 4332.31
1397, 4335.38
1398, 4342.56
1399, 4338.46
1400, 4337.95
1401, 4343.59
1402, 4344.1
1403, 4337.95
1404, 4333.33
1405, 4338.97
1406, 4341.03
1407, 4340.51
1408, 4344.1
1409, 4344.1
1410, 4343.08
1411, 4341.54
1412, 4337.44
1413, 4342.56
1414, 4345.64
1415, 4342.56
1416, 4343.08
1417, 4344.1
1418, 4345.13
1419, 4343.08
1420, 4344.1
1421, 4344.62
1422, 4340
1423, 4344.62
1424, 4344.62
1425, 4336.41
1426, 4335.9
1427, 4342.56
1428, 4345.64
1429, 4340
1430, 4341.03
1431, 4348.21
1432, 4344.1
1433, 4340.51
1434, 4338.97
1435, 4340
1436, 4346.67
1437, 4342.56
1438, 4333.85
1439, 4335.38
1440, 4341.03
1441, 4342.56
1442, 4339.49
1443, 4338.97
1444, 4344.62
1445, 4350.26
1446, 4351.28
1447, 4348.72
1448, 4350.26
1449, 4352.31
1450, 4347.69
1451, 4347.18
1452, 4345.64
1453, 4344.1
1454, 4347.69
1455, 4341.54
1456, 4338.97
1457, 4343.59
1458, 4343.59
1459, 4344.1
1460, 4343.59
1461, 4346.15
1462, 4347.18
1463, 4348.72
1464, 4353.33
1465, 4348.72
1466, 4344.1
1467, 4347.69
1468, 4348.72
1469, 4348.72
1470, 4349.74
1471, 4351.79
1472, 4350.26
1473, 4346.67
1474, 4349.74
1475, 4349.74
1476, 4348.72
1477, 4353.33
1478, 4352.31
1479, 4353.33
1480, 4353.85
1481, 4346.15
1482, 4341.03
1483, 4340
1484, 4344.62
1485, 4346.67
1486, 4345.64
1487, 4350.77
1488, 4349.74
1489, 4346.15
1490, 4348.72
1491, 4352.82
1492, 4356.41
1493, 4354.36
1494, 4352.82
1495, 4353.85
1496, 4348.72
1497, 4348.21
1498, 4352.82
1499, 4352.82
1500, 4353.33
1501, 4356.41
1502, 4360.51
1503, 4358.97
1504, 4354.87
1505, 4355.38
1506, 4354.87
1507, 4353.85
1508, 4349.23
1509, 4344.1
1510, 4346.67
1511, 4344.1
1512, 4340
1513, 4341.03
1514, 4343.59
1515, 4347.69
1516, 4346.15
1517, 4343.59
1518, 4345.13
1519, 4346.15
1520, 4348.72
1521, 4348.21
1522, 4347.69
1523, 4348.21
1524, 4344.62
1525, 4346.15
1526, 4344.62
1527, 4342.05
1528, 4348.72
1529, 4349.74
1530, 4349.23
1531, 4350.26
1532, 4348.21
1533, 4350.77
1534, 4349.74
1535, 4346.67
1536, 4346.15
1537, 4347.69
1538, 4353.33
1539, 4351.79
1540, 4348.72
1541, 4352.31
1542, 4353.85
1543, 4354.36
1544, 4349.23
1545, 4346.67
1546, 4357.95
1547, 4357.95
1548, 4366.15
1549, 4425.13
1550, 4461.54
1551, 4406.67
1552, 4325.13
1553, 4319.49
1554, 4362.56
1555, 4362.05
1556, 4317.44
1557, 4281.03
1558, 4276.41
1559, 4271.28
1560, 4272.31
1561, 4304.1
1562, 4332.31
1563, 4349.74
1564, 4367.18
1565, 4384.1
1566, 4391.79
1567, 4389.23
1568, 4396.41
1569, 4405.13
1570, 4393.33
1571, 4385.64
1572, 4387.69
1573, 4386.15
1574, 4387.18
1575, 4401.54
1576, 4430.77
1577, 4453.85
1578, 4461.54
1579, 4473.33
1580, 4477.95
1581, 4461.54
1582, 4441.54
1583, 4439.49
1584, 4452.31
1585, 4452.82
1586, 4451.28
1587, 4463.08
1588, 4471.28
1589, 4470.26
1590, 4466.15
1591, 4467.69
1592, 4471.28
1593, 4467.69
1594, 4468.21
1595, 4468.21
1596, 4467.69
1597, 4470.77
1598, 4469.23
1599, 4465.13
1600, 4462.56
1601, 4465.64
1602, 4469.74
1603, 4457.44
1604, 4452.31
1605, 4463.59
1606, 4461.03
1607, 4452.31
1608, 4454.87
1609, 4462.05
1610, 4462.56
1611, 4455.9
1612, 4457.95
1613, 4464.1
1614, 4462.05
1615, 4453.33
1616, 4446.67
1617, 4455.38
1618, 4462.05
1619, 4449.74
1620, 4451.28
1621, 4468.72
1622, 4465.64
1623, 4443.59
1624, 4439.49
1625, 4450.77
1626, 4449.74
1627, 4444.62
1628, 4443.08
1629, 4443.08
1630, 4453.85
1631, 4456.92
1632, 4452.31
1633, 4446.67
1634, 4442.05
1635, 4447.18
1636, 4449.74
1637, 4449.23
1638, 4448.72
1639, 4441.03
1640, 4443.08
1641, 4443.59
1642, 4433.33
1643, 4429.23
1644, 4434.87
1645, 4438.97
1646, 4433.33
1647, 4429.74
1648, 4435.38
1649, 4429.23
1650, 4424.1
1651, 4426.15
1652, 4424.62
1653, 4426.15
1654, 4426.15
1655, 4422.56
1656, 4421.54
1657, 4420.51
1658, 4419.49
1659, 4417.95
1660, 4420
1661, 4421.54
1662, 4416.41
1663, 4416.41
1664, 4415.9
1665, 4413.33
1666, 4413.85
1667, 4414.87
1668, 4418.97
1669, 4414.87
1670, 4408.72
1671, 4413.85
1672, 4411.79
1673, 4408.72
1674, 4411.28
1675, 4406.15
1676, 4406.15
1677, 4411.79
1678, 4412.31
1679, 4410.26
1680, 4409.74
1681, 4410.77
1682, 4406.67
1683, 4403.59
1684, 4408.21
1685, 4411.28
1686, 4409.74
1687, 4403.59
1688, 4403.08
1689, 4409.74
1690, 4407.18
1691, 4401.54
1692, 4398.97
1693, 4400
1694, 4405.13
1695, 4405.64
1696, 4407.69
1697, 4407.18
1698, 4404.1
1699, 4409.23
1700, 4408.72
1701, 4406.67
1702, 4409.74
1703, 4407.18
1704, 4406.15
1705, 4408.21
1706, 4408.21
1707, 4406.15
1708, 4404.62
1709, 4408.72
1710, 4408.21
1711, 4404.1
1712, 4405.13
1713, 4401.54
1714, 4398.46
1715, 4397.95
1716, 4396.92
1717, 4396.41
1718, 4393.85
1719, 4394.87
1720, 4398.46
1721, 4402.56
1722, 4405.64
1723, 4397.95
1724, 4397.95
1725, 4404.1
1726, 4402.05
1727, 4400
1728, 4398.46
1729, 4400
1730, 4401.54
1731, 4391.79
1732, 4390.77
1733, 4401.54
1734, 4405.64
1735, 4403.08
1736, 4400
1737, 4403.59
1738, 4404.1
1739, 4399.49
1740, 4403.59
1741, 4403.59
1742, 4399.49
1743, 4397.95
1744, 4394.87
1745, 4391.28
1746, 4388.21
1747, 4390.77
1748, 4392.82
1749, 4390.77
1750, 4394.36
1751, 4392.31
1752, 4384.1
1753, 4382.05
1754, 4383.08
1755, 4382.05
1756, 4380
1757, 4385.13
1758, 4392.82
1759, 4389.23
1760, 4389.74
1761, 4393.33
1762, 4390.26
1763, 4388.21
1764, 4388.21
1765, 4388.72
1766, 4389.23
1767, 4391.79
1768, 4392.31
1769, 4385.13
1770, 4390.26
1771, 4394.87
1772, 4386.15
1773, 4388.21
1774, 4391.79
1775, 4387.18
1776, 4391.28
1777, 4394.87
1778, 4389.74
1779, 4382.56
1780, 4383.08
1781, 4391.28
1782, 4394.87
1783, 4392.31
1784, 4387.18
1785, 4387.18
1786, 4391.79
1787, 4387.69
1788, 4386.15
1789, 4390.77
1790, 4391.79
1791, 4389.23
1792, 4383.59
1793, 4382.05
1794, 4384.62
1795, 4382.05
1796, 4383.08
1797, 4388.72
1798, 4388.72
1799, 4380.51
1800, 4376.41
1801, 4383.59
1802, 4382.05
1803, 4376.41
1804, 4382.05
1805, 4384.1
1806, 4383.59
1807, 4381.03
1808, 4378.46
1809, 4379.49
1810, 4376.92
1811, 4381.03
1812, 4386.15
1813, 4381.03
1814, 4414.87
1815, 4478.46
1816, 4467.18
1817, 4377.44
1818, 4336.92
1819, 4359.49
1820, 4349.74
1821, 4321.54
1822, 4307.69
1823, 4271.28
1824, 4244.62
1825, 4249.74
1826, 4248.21
1827, 4275.9
1828, 4341.03, estimuli
1829, 4371.79
1830, 4361.54
1831, 4372.82
1832, 4393.33
1833, 4389.74
1834, 4388.72
1835, 4384.62
1836, 4367.69
1837, 4359.49
1838, 4353.85
1839, 4353.85
1840, 4356.41
1841, 4356.41
1842, 4350.26
1843, 4338.46
1844, 4341.03
1845, 4355.38
1846, 4358.97
1847, 4363.59
1848, 4374.36
1849, 4389.74
1850, 4403.59
1851, 4403.08
1852, 4403.08
1853, 4409.74
1854, 4417.95
1855, 4422.05
1856, 4413.85
1857, 4414.87
1858, 4421.54
1859, 4411.79
1860, 4410.26
1861, 4419.49
1862, 4412.31
1863, 4400
1864, 4400
1865, 4412.31
1866, 4418.97
1867, 4409.74
1868, 4395.9
1869, 4391.79
1870, 4404.62
1871, 4414.36
1872, 4409.74
1873, 4401.03
1874, 4394.36
1875, 4403.59
1876, 4409.74
1877, 4395.38
1878, 4394.87
1879, 4407.69
1880, 4400
1881, 4377.44
1882, 4370.26
1883, 4389.23
1884, 4405.64
1885, 4397.44
1886, 4372.82
1887, 4362.05
1888, 4387.18
1889, 4405.64
1890, 4387.69
1891, 4364.62
1892, 4367.69
1893, 4392.31
1894, 4400.51
1895, 4384.62
1896, 4375.9
1897, 4385.13
1898, 4404.1
1899, 4404.62
1900, 4391.28
1901, 4398.46
1902, 4411.28
1903, 4400
1904, 4374.36
1905, 4373.85
1906, 4396.41
1907, 4406.15
1908, 4402.05
1909, 4387.69
1910, 4378.46
1911, 4396.41
1912, 4414.36
1913, 4406.15
1914, 4384.1
1915, 4378.46
1916, 4398.46
1917, 4409.74
1918, 4403.59
1919, 4392.82
1920, 4388.21
1921, 4400
1922, 4397.44
1923, 4386.67
1924, 4390.26
1925, 4390.77
1926, 4391.28
1927, 4397.95
1928, 4396.92
1929, 4423.59
1930, 4446.67
1931, 4384.1
1932, 4305.64
1933, 4326.15
1934, 4388.72
1935, 4406.67
1936, 4417.44
1937, 4425.13
1938, 4412.31
1939, 4395.38
1940, 4343.08
1941, 4311.28
1942, 4337.44
1943, 4365.64
1944, 4408.21
1945, 4449.74
1946, 4432.82
1947, 4381.03
1948, 4337.44
1949, 4321.54
1950, 4336.41
1951, 4367.18
1952, 4411.28
1953, 4445.13
1954, 4431.28
1955, 4382.05
1956, 4344.1
1957, 4329.74
1958, 4334.36
1959, 4366.15
1960, 4408.21
1961, 4430.77
1962, 4421.03
1963, 4383.08
1964, 4340
1965, 4317.44
1966, 4331.28
1967, 4370.77
1968, 4407.18
1969, 4427.69
1970, 4418.97
1971, 4376.92
1972, 4338.97
1973, 4318.46
1974, 4324.62
1975, 4364.1
1976, 4404.62
1977, 4424.62
1978, 4411.79
1979, 4372.82
1980, 4335.9
1981, 4316.92
1982, 4328.21
1983, 4362.56
1984, 4400.51
1985, 4426.15
1986, 4412.82
1987, 4373.85
1988, 4337.44
1989, 4315.38
1990, 4325.64
1991, 4358.97
1992, 4391.79
1993, 4409.23
1994, 4397.44
1995, 4366.15
1996, 4326.67
1997, 4301.03
1998, 4316.92
1999, 4354.87
2000, 4393.33
2001, 4412.82
2002, 4398.46
2003, 4364.1
2004, 4328.21
2005, 4312.31
2006, 4323.08
2007, 4352.82
2008, 4390.77
2009, 4406.15
2010, 4394.36
2011, 4366.67
2012, 4329.23
2013, 4314.36
2014, 4330.26
2015, 4358.46
2016, 4393.85
2017, 4414.87
2018, 4403.59
2019, 4368.72
2020, 4334.87
2021, 4319.49
2022, 4328.21
2023, 4361.03
2024, 4397.44
2025, 4413.33
2026, 4405.64
2027, 4370.77
2028, 4333.33
2029, 4322.56
2030, 4331.28
2031, 4356.92
2032, 4393.85
2033, 4421.54
2034, 4408.72
2035, 4366.15
2036, 4342.56
2037, 4333.33
2038, 4336.41
2039, 4365.64
2040, 4403.59
2041, 4423.08
2042, 4408.72
2043, 4373.33
2044, 4337.44
2045, 4317.95
2046, 4332.82
2047, 4368.72
2048, 4402.05
2049, 4421.54
2050, 4406.15
2051, 4369.74
2052, 4340
2053, 4320
2054, 4327.18
2055, 4360.51
2056, 4389.23
2057, 4385.13
2058, 4364.1
2059, 4366.67
2060, 4372.31
2061, 4364.1
2062, 4364.1
2063, 4368.72
2064, 4370.77
2065, 4365.64
2066, 4359.49
2067, 4362.05
2068, 4365.64
2069, 4368.21
2070, 4368.21
2071, 4366.15
2072, 4367.18
2073, 4369.23
2074, 4371.79
2075, 4372.82
2076, 4372.31
2077, 4372.82
2078, 4363.08
2079, 4355.9
2080, 4363.59
2081, 4364.1
2082, 4364.1
2083, 4366.15
2084, 4365.13
2085, 4363.59
2086, 4360.51
2087, 4363.08
2088, 4366.15
2089, 4361.03
2090, 4358.46
2091, 4360.51
2092, 4362.05
2093, 4359.49
2094, 4360
2095, 4365.13
2096, 4366.67
2097, 4371.79
2098, 4372.31
2099, 4365.13
2100, 4366.15
2101, 4368.21
2102, 4368.21
2103, 4371.28
2104, 4370.26
2105, 4367.18
2106, 4364.62
2107, 4366.67
2108, 4369.23
2109, 4366.15
2110, 4368.21
2111, 4369.74
2112, 4363.59
2113, 4361.54
2114, 4358.97
2115, 4359.49
2116, 4359.49
2117, 4353.33
2118, 4355.38
2119, 4357.44
2120, 4356.41
2121, 4356.92
2122, 4360
2123, 4363.08
2124, 4357.44
2125, 4353.85
2126, 4359.49
2127, 4360
2128, 4357.44
2129, 4355.38
2130, 4360
2131, 4371.28
2132, 4369.74
2133, 4363.08
2134, 4361.03
2135, 4360
2136, 4359.49
2137, 4357.44
2138, 4362.05
2139, 4364.62
2140, 4360
2141, 4358.46
2142, 4356.92
2143, 4357.95
2144, 4356.41
2145, 4351.79
2146, 4352.82
2147, 4351.28
2148, 4353.33
2149, 4360.51
2150, 4357.95
2151, 4356.41
2152, 4357.44
2153, 4358.97
2154, 4359.49
2155, 4354.87
2156, 4357.95
2157, 4358.46
2158, 4356.92
2159, 4367.18
2160, 4369.74
2161, 4360
2162, 4355.38
2163, 4355.38
2164, 4354.87
2165, 4355.38
2166, 4363.59
2167, 4366.67
2168, 4360
2169, 4359.49
2170, 4357.95
2171, 4358.46
2172, 4363.08
2173, 4361.03
2174, 4362.05
2175, 4364.1
2176, 4366.15
2177, 4369.74
2178, 4367.18
2179, 4364.62
2180, 4362.05
2181, 4360
2182, 4360
2183, 4354.87
2184, 4355.38
2185, 4363.08
2186, 4367.69
2187, 4369.23
2188, 4366.67
2189, 4367.18
2190, 4364.62
2191, 4356.92
2192, 4360
2193, 4358.46
2194, 4353.33
2195, 4354.87
2196, 4356.41
2197, 4356.92
2198, 4356.92
2199, 4357.95
2200, 4360
2201, 4360.51
2202, 4363.59
2203, 4363.08
2204, 4360
2205, 4359.49
2206, 4358.46
2207, 4358.97
2208, 4358.46
2209, 4357.95
2210, 4362.56
2211, 4362.56
2212, 4366.15
2213, 4368.21
2214, 4361.54
2215, 4359.49
2216, 4360
2217, 4360.51
2218, 4363.59
2219, 4363.08
2220, 4362.56
2221, 4362.05
2222, 4366.67
2223, 4369.74
2224, 4364.1
2225, 4364.62
2226, 4364.1
2227, 4358.97
2228, 4360.51
2229, 4359.49
2230, 4358.97
2231, 4361.54
2232, 4357.44
2233, 4353.33
2234, 4352.82
2235, 4353.85
2236, 4353.33
2237, 4350.26
2238, 4349.74
2239, 4346.15
2240, 4350.77
2241, 4356.92
2242, 4351.79
2243, 4351.79
2244, 4354.36
2245, 4352.82
2246, 4349.74
2247, 4347.18
2248, 4348.72
2249, 4350.26
2250, 4357.95
2251, 4363.08
2252, 4377.95
2253, 4435.9
2254, 4452.31
2255, 4375.38
2256, 4311.28
2257, 4323.59
2258, 4341.54
2259, 4303.08
2260, 4270.77
2261, 4286.67
2262, 4274.87
2263, 4229.74
2264, 4232.31, estimuli
2265, 4275.9
2266, 4308.21
2267, 4327.69
2268, 4343.08
2269, 4360.51
2270, 4381.54
2271, 4397.44
2272, 4399.49
2273, 4395.9
2274, 4391.79
2275, 4378.97
2276, 4367.69
2277, 4360.51
2278, 4355.38
2279, 4359.49
2280, 4361.03
2281, 4357.44
2282, 4355.9
2283, 4356.92
2284, 4358.46
2285, 4357.95
2286, 4355.9
2287, 4344.62
2288, 4329.74
2289, 4326.15
2290, 4322.56
2291, 4319.49
2292, 4323.59
2293, 4326.15
2294, 4330.77
2295, 4331.28
2296, 4327.69
2297, 4328.72
2298, 4325.64
2299, 4326.67
2300, 4333.33
2301, 4333.33
2302, 4332.82
2303, 4333.33
2304, 4335.38
2305, 4335.38
2306, 4336.41
2307, 4340.51
2308, 4333.85
2309, 4325.64
2310, 4327.69
2311, 4331.28
2312, 4330.77
2313, 4326.67
2314, 4327.69
2315, 4334.36
2316, 4334.87
2317, 4332.82
2318, 4335.38
2319, 4341.03
2320, 4341.54
2321, 4333.33
2322, 4333.33
2323, 4330.77
2324, 4321.03
2325, 4323.08
2326, 4326.67
2327, 4329.74
2328, 4332.82
2329, 4326.67
2330, 4321.03
2331, 4329.23
2332, 4349.23
2333, 4349.74
2334, 4321.03
2335, 4293.85
2336, 4281.03
2337, 4292.82
2338, 4326.67
2339, 4355.9
2340, 4370.26
2341, 4364.62
2342, 4353.33
2343, 4328.21
2344, 4278.97
2345, 4266.15
2346, 4296.92
2347, 4332.31
2348, 4373.33
2349, 4392.82
2350, 4370.26
2351, 4321.03
2352, 4274.36
2353, 4264.62
2354, 4286.67
2355, 4325.13
2356, 4371.79
2357, 4391.28
2358, 4364.62
2359, 4314.87
2360, 4277.95
2361, 4271.79
2362, 4291.79
2363, 4326.15
2364, 4367.18
2365, 4391.79
2366, 4372.82
2367, 4326.67
2368, 4288.72
2369, 4275.9
2370, 4300
2371, 4339.49
2372, 4367.18
2373, 4388.21
2374, 4377.95
2375, 4331.79
2376, 4292.31
2377, 4284.62
2378, 4308.21
2379, 4340.51
2380, 4367.69
2381, 4384.1
2382, 4370.26
2383, 4335.9
2384, 4300.51
2385, 4281.03
2386, 4302.05
2387, 4345.13
2388, 4378.97
2389, 4387.18
2390, 4362.05
2391, 4326.67
2392, 4293.33
2393, 4281.03
2394, 4305.64
2395, 4343.08
2396, 4378.46
2397, 4392.82
2398, 4372.31
2399, 4334.87
2400, 4298.46
2401, 4288.72
2402, 4312.82
2403, 4348.72
2404, 4383.59
2405, 4397.95
2406, 4378.46
2407, 4332.31
2408, 4293.33
2409, 4288.72
2410, 4309.74
2411, 4346.67
2412, 4382.05
2413, 4388.21
2414, 4367.69
2415, 4334.87
2416, 4300
2417, 4286.15
2418, 4300.51
2419, 4335.38
2420, 4368.72
2421, 4375.9
2422, 4360
2423, 4327.18
2424, 4293.33
2425, 4282.05
2426, 4304.1
2427, 4343.08
2428, 4371.28
2429, 4383.59
2430, 4368.72
2431, 4330.26
2432, 4302.56
2433, 4293.85
2434, 4308.72
2435, 4345.13
2436, 4374.36
2437, 4381.54
2438, 4362.05
2439, 4326.67
2440, 4294.36
2441, 4283.59
2442, 4308.21
2443, 4343.59
2444, 4367.69
2445, 4377.44
2446, 4364.62
2447, 4334.87
2448, 4298.97
2449, 4285.13
2450, 4315.38
2451, 4354.87
2452, 4380
2453, 4386.67
2454, 4365.13
2455, 4333.85
2456, 4305.13
2457, 4293.33
2458, 4317.95
2459, 4352.31
2460, 4368.21
2461, 4356.92
2462, 4343.08
2463, 4345.13
2464, 4345.13
2465, 4340.51
2466, 4340
2467, 4341.54
2468, 4344.62
2469, 4340
2470, 4340
2471, 4346.15
2472, 4345.64
2473, 4343.59
2474, 4341.03
2475, 4338.97
2476, 4338.97
2477, 4339.49
2478, 4342.05
2479, 4337.95
2480, 4337.95
2481, 4348.21
2482, 4350.77
2483, 4351.28
2484, 4352.31
2485, 4350.77
2486, 4347.18
2487, 4337.44
2488, 4333.85
2489, 4334.87
2490, 4332.31
2491, 4331.79
2492, 4331.28
2493, 4335.9
2494, 4341.54
2495, 4340
2496, 4340
2497, 4339.49
2498, 4338.46
2499, 4336.92
2500, 4334.36
2501, 4337.44
2502, 4338.97
2503, 4337.95
2504, 4335.38
2505, 4329.74
2506, 4331.28
2507, 4330.77
2508, 4326.15
2509, 4324.62
2510, 4323.08
2511, 4326.15
2512, 4330.26
2513, 4327.18
2514, 4323.59
2515, 4320.51
2516, 4324.62
2517, 4327.18
2518, 4323.08
2519, 4328.21
2520, 4332.31
2521, 4331.28
2522, 4331.79
2523, 4329.74
2524, 4331.28
2525, 4331.28
2526, 4327.69
2527, 4326.67
2528, 4330.26
2529, 4335.38
2530, 4333.85
2531, 4336.92
2532, 4340.51
2533, 4329.23
2534, 4327.69
2535, 4334.87
2536, 4330.77
2537, 4329.74
2538, 4333.85
2539, 4338.97
2540, 4340.51
2541, 4339.49
2542, 4338.97
2543, 4333.33
2544, 4337.44
2545, 4345.13
2546, 4342.56
2547, 4341.54
2548, 4339.49
2549, 4337.44
2550, 4340.51
2551, 4341.54
2552, 4343.08
2553, 4340.51
2554, 4335.9
2555, 4338.46
2556, 4341.54
2557, 4342.56
2558, 4341.54
2559, 4340.51
2560, 4344.62
2561, 4345.13
2562, 4342.05
2563, 4337.95
2564, 4339.49
2565, 4344.1
2566, 4335.9
2567, 4334.36
2568, 4342.56
2569, 4337.95
2570, 4335.9
2571, 4338.97
2572, 4340
2573, 4340.51
2574, 4339.49
2575, 4340.51
2576, 4336.41
2577, 4333.85
2578, 4338.97
2579, 4340
2580, 4338.46
2581, 4341.03
2582, 4344.62
2583, 4345.13
2584, 4338.46
2585, 4338.97
2586, 4343.59
2587, 4342.56
2588, 4341.03
2589, 4337.44
2590, 4336.41
2591, 4335.9
2592, 4335.9
2593, 4346.67
2594, 4349.23
2595, 4338.97
2596, 4337.44
2597, 4341.03
2598, 4342.05
2599, 4340
2600, 4346.15
2601, 4351.28
2602, 4341.54
2603, 4338.46
2604, 4344.1
2605, 4342.56
2606, 4338.97
2607, 4340.51
2608, 4345.13
2609, 4344.62
2610, 4338.97
2611, 4342.05
2612, 4345.13
2613, 4347.18
2614, 4348.21
2615, 4347.69
2616, 4349.23
2617, 4346.15
2618, 4344.1
2619, 4345.64
2620, 4345.13
2621, 4349.74
2622, 4350.26
2623, 4343.08
2624, 4342.05
2625, 4349.23
2626, 4352.31
2627, 4343.59
2628, 4338.97
2629, 4345.64
2630, 4342.56
2631, 4337.95
2632, 4341.54
2633, 4344.1
2634, 4347.18
2635, 4345.64
2636, 4343.59
2637, 4345.13
2638, 4347.69
2639, 4346.67
2640, 4341.54
2641, 4351.79
2642, 4355.38
2643, 4350.77
2644, 4403.08
2645, 4455.9
2646, 4406.15
2647, 4314.87
2648, 4309.74
2649, 4356.41
2650, 4348.21
2651, 4317.95
2652, 4310.26
2653, 4294.87
2654, 4281.54
2655, 4293.85
2656, 4308.72
2657, 4325.64
2658, 4356.41
2659, 4387.69
2660, 4410.26
2661, 4418.46
2662, 4424.62
2663, 4426.67
2664, 4428.21
2665, 4428.72
2666, 4417.95
2667, 4408.72
2668, 4403.08
2669, 4396.41
2670, 4393.33
2671, 4393.33
2672, 4397.95
2673, 4396.92
2674, 4399.49
2675, 4411.28
2676, 4407.69
2677, 4392.31
2678, 4380.51
2679, 4376.92
2680, 4380.51
2681, 4383.59
2682, 4386.15
2683, 4389.23
2684, 4392.82
2685, 4392.31
2686, 4382.56
2687, 4380.51
2688, 4386.15
2689, 4384.62
2690, 4384.62
2691, 4383.59
2692, 4385.13
2693, 4388.72
2694, 4379.49
2695, 4369.74
2696, 4366.67
2697, 4362.56
2698, 4361.54
2699, 4356.92
2700, 4351.28
2701, 4349.23
2702, 4346.15
2703, 4340.51
2704, 4333.85
2705, 4336.92
2706, 4341.54
2707, 4335.9
2708, 4335.9
2709, 4341.54
2710, 4342.56
2711, 4337.95
2712, 4332.31
2713, 4338.46
2714, 4337.44
2715, 4326.67
2716, 4325.13
2717, 4317.44
2718, 4295.9
2719, 4283.08
2720, 4288.21
2721, 4291.28
2722, 4283.08
2723, 4285.13
2724, 4287.18
2725, 4287.18
2726, 4295.38
2727, 4295.38
2728, 4291.28
2729, 4295.38
2730, 4298.46
2731, 4294.87
2732, 4288.72
2733, 4291.79
2734, 4296.41
2735, 4289.74
2736, 4288.21
2737, 4290.77
2738, 4291.28
2739, 4291.79
2740, 4290.77
2741, 4296.41
2742, 4300
2743, 4295.9
2744, 4296.41
2745, 4295.38
2746, 4292.31
2747, 4288.21
2748, 4281.54
2749, 4279.49
2750, 4282.56
2751, 4286.15
2752, 4285.13
2753, 4285.13
2754, 4290.26
2755, 4288.21
2756, 4288.21
2757, 4291.28
2758, 4289.23
2759, 4288.21
2760, 4286.15
2761, 4286.67
2762, 4292.31
2763, 4292.31
2764, 4296.41
2765, 4301.03
2766, 4303.08
2767, 4303.59
2768, 4300.51
2769, 4304.62
2770, 4305.64
2771, 4298.46
2772, 4300
2773, 4301.03
2774, 4297.44
2775, 4296.41
2776, 4292.31
2777, 4289.23
2778, 4289.74
2779, 4292.31
2780, 4291.28
2781, 4289.23
2782, 4296.92
2783, 4300
2784, 4295.38
2785, 4292.31
2786, 4288.72
2787, 4286.67
2788, 4284.1
2789, 4284.1
2790, 4289.23
2791, 4289.74
2792, 4295.38
2793, 4300
2794, 4294.87
2795, 4294.87
2796, 4299.49
2797, 4296.92
2798, 4289.23
2799, 4286.15
2800, 4293.33
2801, 4295.9
2802, 4298.97
2803, 4302.05
2804, 4300
2805, 4305.13
2806, 4308.21
2807, 4304.62
2808, 4306.15
2809, 4307.18
2810, 4309.74
2811, 4311.28
2812, 4309.23
2813, 4308.21
2814, 4306.67
2815, 4308.21
2816, 4308.21
2817, 4309.23
2818, 4310.26
2819, 4306.15
2820, 4309.74
2821, 4314.87
2822, 4313.33
2823, 4318.97
2824, 4323.59
2825, 4323.08
2826, 4321.54
2827, 4320.51
2828, 4326.15
2829, 4327.18
2830, 4325.64
2831, 4327.69
2832, 4325.13
2833, 4327.69
2834, 4330.77
2835, 4331.79
2836, 4334.87
2837, 4331.79
2838, 4328.21
2839, 4328.21
2840, 4330.26
2841, 4333.33
2842, 4332.82
2843, 4334.87
2844, 4334.87
2845, 4332.31
2846, 4335.9
2847, 4340
2848, 4343.59
2849, 4343.08
2850, 4338.46
2851, 4340.51
2852, 4342.05
2853, 4337.95
2854, 4334.87
2855, 4335.38
2856, 4338.46
2857, 4331.79
2858, 4328.72
2859, 4336.41
2860, 4334.87
2861, 4332.82
2862, 4335.38
2863, 4336.92
2864, 4345.13
2865, 4345.64
2866, 4342.56
2867, 4347.69
2868, 4352.82
2869, 4351.28
2870, 4346.67
2871, 4347.69
2872, 4348.21
2873, 4346.67
2874, 4349.74
2875, 4347.69
2876, 4348.21
2877, 4351.79
2878, 4348.72
2879, 4350.77
2880, 4353.33
2881, 4348.21
2882, 4344.62
2883, 4342.05
2884, 4342.56
2885, 4344.62
2886, 4344.62
2887, 4345.13
2888, 4343.08
2889, 4345.64
2890, 4352.31
2891, 4352.82
2892, 4349.23
2893, 4345.64
2894, 4351.28
2895, 4357.44
2896, 4352.31
2897, 4349.23
2898, 4347.18
2899, 4349.23
2900, 4355.9
2901, 4353.33
2902, 4350.26
2903, 4351.79
2904, 4354.87
2905, 4354.87
2906, 4350.26
2907, 4355.38
2908, 4362.56
2909, 4358.46
2910, 4356.41
2911, 4354.87
2912, 4353.33
2913, 4350.77
2914, 4351.28
2915, 4356.41
2916, 4355.9
2917, 4357.95
2918, 4364.1
2919, 4360.51
2920, 4351.79
2921, 4348.72
2922, 4356.92
2923, 4357.95
2924, 4347.69
2925, 4349.74
2926, 4357.95
2927, 4360
2928, 4364.1
2929, 4365.64
2930, 4366.67
2931, 4366.15
2932, 4363.08
2933, 4359.49
2934, 4355.9
2935, 4359.49
2936, 4362.56
2937, 4359.49
2938, 4361.03
2939, 4360
2940, 4360
2941, 4364.1
2942, 4365.64
2943, 4367.18
2944, 4365.64
2945, 4370.77
2946, 4376.41
2947, 4371.79
2948, 4371.79
2949, 4370.77
2950, 4364.62
2951, 4366.67
2952, 4367.69
2953, 4360
2954, 4360.51
2955, 4371.79
2956, 4373.85
2957, 4367.18
2958, 4373.85
2959, 4376.41
2960, 4366.15
2961, 4368.72
2962, 4375.38
2963, 4376.41
2964, 4376.92
2965, 4376.92
2966, 4376.41
2967, 4371.28
2968, 4374.87
2969, 4381.54
2970, 4376.41
2971, 4370.77
2972, 4370.77
2973, 4376.92
2974, 4382.05
2975, 4375.9
2976, 4372.31
2977, 4374.87
2978, 4377.95
2979, 4378.46
2980, 4370.26
2981, 4366.67
2982, 4372.31
2983, 4373.85
2984, 4371.28
2985, 4369.23
2986, 4371.79
2987, 4371.28
2988, 4369.23
2989, 4373.33
2990, 4371.79
2991, 4368.21
2992, 4372.31
2993, 4375.38
2994, 4376.41
2995, 4369.74
2996, 4365.64
2997, 4370.77
2998, 4373.85
2999, 4376.92
3000, 4375.9
3001, 4372.31
3002, 4375.38
3003, 4373.33
3004, 4366.67
3005, 4366.15
3006, 4371.28
3007, 4376.41
3008, 4370.77
3009, 4368.72
3010, 4373.33
3011, 4372.82
3012, 4374.87
3013, 4374.87
3014, 4374.87
3015, 4379.49
3016, 4378.97
3017, 4373.33
3018, 4369.23
3019, 4373.85
3020, 4380.51
3021, 4378.46
3022, 4377.95
3023, 4375.9
3024, 4371.79
3025, 4376.41
3026, 4378.46
3027, 4378.97
3028, 4382.05
3029, 4382.56
3030, 4380
3031, 4375.9
3032, 4376.92
3033, 4376.41
3034, 4375.38
3035, 4379.49
3036, 4375.38
3037, 4368.72
3038, 4371.28
3039, 4371.79
3040, 4372.82
3041, 4373.33
3042, 4371.28
3043, 4370.77
3044, 4371.28
3045, 4374.87
3046, 4373.85
3047, 4371.28
3048, 4372.82
3049, 4368.72
3050, 4367.69
3051, 4369.23
3052, 4370.77
3053, 4375.38
3054, 4374.87
3055, 4372.82
3056, 4372.31
3057, 4368.72
3058, 4368.72
3059, 4369.23
3060, 4369.23
3061, 4373.33
3062, 4377.95
3063, 4380
3064, 4374.87
3065, 4373.33
3066, 4376.92
3067, 4374.36
3068, 4374.36
3069, 4374.36
3070, 4372.82
3071, 4373.33
3072, 4372.31
3073, 4375.38
3074, 4376.92
3075, 4375.9
3076, 4382.56
3077, 4382.56
3078, 4374.87
3079, 4370.77
3080, 4371.79
3081, 4377.95
3082, 4377.44
3083, 4371.79
3084, 4369.74
3085, 4371.28
3086, 4376.41
3087, 4374.36
3088, 4370.77
3089, 4373.33
3090, 4373.85
3091, 4373.33
3092, 4369.23
3093, 4369.74
3094, 4380.51
3095, 4379.49
3096, 4371.28
3097, 4371.28
3098, 4373.85
3099, 4375.9
3100, 4372.31
3101, 4365.64
3102, 4363.08
3103, 4367.18
3104, 4375.38
3105, 4371.28
3106, 4366.67
3107, 4370.77
3108, 4376.41
3109, 4376.92
3110, 4371.28
3111, 4370.26
3112, 4371.28
3113, 4368.21
3114, 4371.79
3115, 4376.92
3116, 4378.46
3117, 4380
3118, 4377.44
3119, 4378.46
3120, 4379.49
3121, 4378.46
3122, 4380.51
3123, 4376.92
3124, 4374.36
3125, 4374.87
3126, 4371.79
3127, 4372.31
3128, 4369.74
3129, 4368.21
3130, 4371.28
3131, 4370.26
3132, 4369.23
3133, 4367.69
3134, 4370.77
3135, 4375.38
3136, 4372.82
3137, 4371.28
3138, 4369.23
3139, 4367.69
3140, 4370.26
3141, 4370.77
3142, 4371.79
3143, 4371.28
3144, 4369.23
3145, 4374.36
3146, 4375.38
3147, 4373.33
3148, 4375.9
3149, 4372.82
3150, 4395.38
3151, 4450.26
3152, 4462.56
3153, 4416.41
3154, 4377.44
3155, 4371.79
3156, 4370.26
3157, 4365.64
3158, 4347.69
3159, 4321.54
3160, 4304.62
3161, 4271.79
3162, 4251.28
3163, 4272.31
3164, 4291.79
3165, 4313.33
3166, 4348.72
3167, 4370.77
3168, 4376.92
3169, 4382.56
3170, 4393.33
3171, 4393.33
3172, 4374.36
3173, 4357.95
3174, 4348.72
3175, 4340.51
3176, 4334.36
3177, 4331.28
3178, 4334.36
3179, 4334.36
3180, 4335.9
3181, 4338.97
3182, 4336.92
3183, 4343.59
3184, 4343.59
3185, 4325.13
3186, 4310.26
3187, 4307.69
3188, 4312.31
3189, 4312.82
3190, 4312.31
3191, 4315.38
3192, 4316.41
3193, 4317.44
3194, 4311.28
3195, 4301.03
3196, 4298.97
3197, 4296.41
3198, 4295.38
3199, 4298.46
3200, 4298.97
3201, 4305.64
3202, 4307.18
3203, 4304.62
3204, 4304.1
3205, 4301.03
3206, 4305.13
3207, 4309.23
3208, 4310.26
3209, 4311.79
3210, 4307.69
3211, 4306.67
3212, 4309.74
3213, 4310.77
3214, 4311.28
3215, 4310.77
3216, 4311.79
3217, 4312.31
3218, 4306.15
3219, 4303.08
3220, 4312.31
3221, 4325.64
3222, 4323.59
3223, 4315.38
3224, 4321.03
3225, 4319.49
3226, 4311.79
3227, 4313.33
3228, 4316.41
3229, 4324.1
3230, 4326.67
3231, 4318.97
3232, 4316.41
3233, 4317.95
3234, 4321.54
3235, 4319.49
3236, 4314.87
3237, 4317.44
3238, 4320.51
3239, 4324.62
3240, 4327.18
3241, 4326.15
3242, 4328.72
3243, 4328.72
3244, 4331.28
3245, 4333.33
3246, 4324.62
3247, 4318.46
3248, 4317.95
3249, 4316.92
3250, 4315.38
3251, 4319.49
3252, 4329.23
3253, 4326.15
3254, 4316.92
3255, 4321.03
3256, 4325.13
3257, 4327.18
3258, 4328.72
3259, 4327.69
3260, 4324.1
3261, 4321.03
3262, 4327.18
3263, 4329.23
3264, 4325.64
3265, 4332.82
3266, 4335.9
3267, 4334.36
3268, 4337.95
3269, 4341.03
3270, 4340.51
3271, 4338.46
3272, 4343.59
3273, 4350.26
3274, 4343.59
3275, 4337.44
3276, 4338.46
3277, 4343.08
3278, 4346.67
3279, 4345.13
3280, 4347.69
3281, 4349.23
3282, 4345.64
3283, 4349.23
3284, 4352.82
3285, 4352.31
3286, 4347.69
3287, 4341.03
3288, 4332.82
3289, 4317.95
3290, 4316.41
3291, 4325.64
3292, 4325.13
3293, 4326.67
3294, 4329.74
3295, 4327.69
3296, 4325.13
3297, 4327.18
3298, 4335.9
3299, 4335.9
3300, 4331.79
3301, 4333.85
3302, 4329.23
3303, 4326.15
3304, 4331.28
3305, 4332.31
3306, 4326.15
3307, 4323.59
3308, 4328.72
3309, 4326.67
3310, 4323.08
3311, 4332.31
3312, 4334.36
3313, 4332.31
3314, 4333.33
3315, 4332.31
3316, 4331.79
3317, 4328.21
3318, 4332.82
3319, 4338.97
3320, 4325.13
3321, 4318.97
3322, 4326.15
3323, 4327.18
3324, 4327.18
3325, 4333.33
3326, 4337.44
3327, 4330.26
3328, 4330.26
3329, 4340.51
3330, 4336.92
3331, 4332.82
3332, 4335.9
3333, 4335.38
3334, 4335.9
3335, 4340
3336, 4342.56
3337, 4342.56
3338, 4341.03
3339, 4341.54
3340, 4338.46
3341, 4336.41
3342, 4338.97
3343, 4334.36
3344, 4329.74
3345, 4331.28
3346, 4337.44
3347, 4337.95
3348, 4333.33
3349, 4336.41
3350, 4333.33
3351, 4328.21
3352, 4336.41
3353, 4341.54
3354, 4338.46
3355, 4336.41
3356, 4337.95
3357, 4340.51
3358, 4340
3359, 4349.74
3360, 4357.44
3361, 4352.82
3362, 4383.08
3363, 4423.08
3364, 4404.62
3365, 4354.87
3366, 4331.79
3367, 4356.41
3368, 4369.23
3369, 4334.87
3370, 4316.92
3371, 4325.64
3372, 4308.21
3373, 4283.59
3374, 4300
3375, 4316.41
3376, 4322.56
3377, 4354.36
3378, 4376.92
3379, 4389.74
3380, 4411.79
3381, 4410.77
3382, 4395.9
3383, 4393.33
3384, 4388.72
3385, 4373.33
3386, 4360.51
3387, 4365.13
3388, 4368.21
3389, 4356.92
3390, 4356.92
3391, 4359.49
3392, 4348.72
3393, 4340
3394, 4342.56
3395, 4347.69
3396, 4348.72
3397, 4352.31
3398, 4360
3399, 4360
3400, 4360
3401, 4363.08
3402, 4367.69
3403, 4376.41
3404, 4381.54
3405, 4385.13
3406, 4384.62
3407, 4380.51
3408, 4380.51
3409, 4375.38
3410, 4375.38
3411, 4382.05
3412, 4381.03
3413, 4379.49
3414, 4384.1
3415, 4391.28
3416, 4395.38
3417, 4395.9
3418, 4398.97
3419, 4393.85
3420, 4389.23
3421, 4401.54
3422, 4406.67
3423, 4404.62
3424, 4406.15
3425, 4409.74
3426, 4413.85
3427, 4410.77
3428, 4406.67
3429, 4404.62
3430, 4403.08
3431, 4403.59
3432, 4409.23
3433, 4421.03
3434, 4421.03
3435, 4406.67
3436, 4403.08
3437, 4409.23
3438, 4414.87
3439, 4418.97
3440, 4414.36
3441, 4411.28
3442, 4409.74
3443, 4405.64
3444, 4405.64
3445, 4408.21
3446, 4412.31
3447, 4411.28
3448, 4408.72
3449, 4411.79
3450, 4409.23
3451, 4409.23
3452, 4411.79
3453, 4411.28
3454, 4412.82
3455, 4411.28
3456, 4412.31
3457, 4416.41
3458, 4410.77
3459, 4408.21
3460, 4414.87
3461, 4419.49
3462, 4412.31
3463, 4402.05
3464, 4404.62
3465, 4408.21
3466, 4407.69
3467, 4413.33
3468, 4414.87
3469, 4416.41
3470, 4415.9
3471, 4408.21
3472, 4405.64
3473, 4406.67
3474, 4410.26
3475, 4410.26
3476, 4404.1
3477, 4404.62
3478, 4409.74
3479, 4410.77
3480, 4407.18
3481, 4406.15
3482, 4409.23
3483, 4403.08
3484, 4398.46
3485, 4403.08
3486, 4406.15
3487, 4412.31
3488, 4411.79
3489, 4406.15
3490, 4407.18
3491, 4404.62
3492, 4401.03
3493, 4400.51
3494, 4402.56
3495, 4406.67
3496, 4406.67
3497, 4407.69
3498, 4405.64
3499, 4402.05
3500, 4403.59
3501, 4400
3502, 4396.92
3503, 4399.49
3504, 4400.51
3505, 4401.54
3506, 4397.95
3507, 4399.49
3508, 4405.64
3509, 4402.05
3510, 4399.49
3511, 4398.97
3512, 4392.82
3513, 4392.31
3514, 4395.38
3515, 4394.87
3516, 4389.23
3517, 4387.69
3518, 4390.26
3519, 4384.62
3520, 4384.1
3521, 4386.15
3522, 4379.49
3523, 4381.03
3524, 4384.62
3525, 4381.03
3526, 4375.9
3527, 4374.36
3528, 4377.95
3529, 4376.41
3530, 4376.92
3531, 4379.49
3532, 4379.49
3533, 4380
3534, 4378.97
3535, 4378.46
3536, 4383.08
3537, 4385.13
3538, 4386.67
3539, 4386.67
3540, 4388.72
3541, 4398.97
3542, 4400
3543, 4395.9
3544, 4398.46
3545, 4401.54
3546, 4402.05
3547, 4401.54
3548, 4404.62
3549, 4406.15
3550, 4402.56
3551, 4404.1
3552, 4404.1
3553, 4403.59
3554, 4403.59
3555, 4396.41
3556, 4393.85
3557, 4396.41
3558, 4396.92
3559, 4394.36
3560, 4387.69
3561, 4393.85
3562, 4399.49
3563, 4395.38
3564, 4393.33
3565, 4393.33
3566, 4397.44
3567, 4400
3568, 4395.9
3569, 4395.9
3570, 4393.33
3571, 4389.74
3572, 4392.31
3573, 4394.36
3574, 4395.38
3575, 4396.41
3576, 4396.41
3577, 4395.38
3578, 4394.87
3579, 4400
3580, 4396.92
3581, 4390.26
3582, 4392.31
3583, 4390.26
3584, 4391.28
3585, 4391.79
3586, 4386.67
3587, 4386.67
3588, 4390.26
3589, 4388.21
3590, 4377.95
3591, 4375.9
3592, 4387.69
3593, 4392.31
3594, 4394.36
3595, 4394.36
3596, 4384.1
3597, 4384.62
3598, 4391.79
3599, 4391.28
3600, 4386.67
3601, 4382.56
3602, 4386.67
3603, 4385.64
3604, 4376.92
3605, 4375.38
3606, 4375.38
3607, 4376.92
3608, 4375.9
3609, 4374.36
3610, 4373.85
3611, 4371.28
3612, 4374.36
3613, 4377.95
3614, 4376.92
3615, 4376.41
3616, 4376.92
3617, 4382.56
3618, 4382.56
3619, 4375.9
3620, 4382.05
3621, 4386.67
3622, 4381.54
3623, 4376.41
3624, 4375.38
3625, 4381.54
3626, 4384.1
3627, 4384.1
3628, 4388.72
3629, 4385.64
3630, 4380.51
3631, 4381.54
3632, 4383.59
3633, 4383.59
3634, 4382.05
3635, 4386.67
3636, 4390.26
3637, 4390.77
3638, 4391.28
3639, 4387.18
3640, 4388.72
3641, 4391.28
3642, 4386.15
3643, 4385.13
3644, 4385.13
3645, 4386.67
3646, 4387.69
3647, 4386.15
3648, 4390.26
3649, 4391.28
3650, 4386.67
3651, 4384.62
3652, 4379.49
3653, 4380.51
3654, 4387.18
3655, 4387.18
3656, 4381.03
3657, 4376.92
3658, 4381.54
3659, 4383.59
3660, 4382.05
3661, 4386.67
3662, 4386.67
3663, 4385.13
3664, 4388.21
3665, 4389.23
3666, 4391.79
3667, 4392.82
3668, 4393.33
3669, 4393.85
3670, 4387.18
3671, 4382.56
3672, 4383.08
3673, 4388.72
3674, 4391.79
3675, 4386.67
3676, 4390.77
3677, 4392.31
3678, 4384.62
3679, 4378.97
3680, 4371.28
3681, 4370.77
3682, 4374.87
3683, 4374.36
3684, 4374.36
3685, 4371.28
3686, 4370.77
3687, 4370.77
3688, 4368.21
3689, 4369.74
3690, 4372.31
3691, 4375.9
3692, 4373.85
3693, 4364.62
3694, 4364.1
3695, 4364.62
3696, 4361.54
3697, 4363.08
3698, 4363.08
3699, 4366.15
3700, 4368.21
3701, 4366.67
3702, 4368.72
3703, 4370.26
3704, 4372.82
3705, 4374.36
3706, 4371.28
3707, 4366.67
3708, 4359.49
3709, 4363.08
3710, 4367.69
3711, 4358.46
3712, 4355.38
3713, 4361.03
3714, 4364.62
3715, 4365.64
3716, 4363.59
3717, 4363.08
3718, 4361.54
3719, 4362.05
3720, 4363.59
3721, 4361.03
3722, 4364.1
3723, 4365.64
3724, 4362.56
3725, 4365.13
3726, 4366.15
3727, 4364.1
3728, 4359.49
3729, 4358.46
3730, 4367.18
3731, 4370.26
3732, 4367.69
3733, 4368.21
3734, 4369.74
3735, 4368.21
3736, 4361.54
3737, 4362.56
3738, 4367.69
3739, 4366.67
3740, 4370.26
3741, 4372.31
3742, 4371.28
3743, 4372.31
3744, 4371.28
3745, 4371.28
3746, 4368.21
3747, 4365.64
3748, 4369.74
3749, 4369.74
3750, 4367.69
3751, 4366.67
3752, 4369.74
3753, 4372.82
3754, 4367.18
3755, 4368.72
3756, 4375.9
3757, 4373.85
3758, 4375.9
3759, 4380
3760, 4377.95
3761, 4374.87
3762, 4374.36
3763, 4376.92
3764, 4375.38
3765, 4375.38
3766, 4376.92
3767, 4372.31
3768, 4371.28
3769, 4370.77
3770, 4370.77
3771, 4374.36
3772, 4370.77
3773, 4369.23
3774, 4374.36
3775, 4375.9
3776, 4376.92
3777, 4375.38
3778, 4375.9
3779, 4376.41
3780, 4373.85
3781, 4378.46
3782, 4380.51
3783, 4377.44
3784, 4378.46
3785, 4381.03
3786, 4381.54
3787, 4375.38
3788, 4375.38
3789, 4381.54
3790, 4380.51
3791, 4379.49
3792, 4377.44
3793, 4378.97
3794, 4382.56
3795, 4379.49
3796, 4381.54
3797, 4383.59
3798, 4378.97
3799, 4379.49
3800, 4380
3801, 4382.56
3802, 4385.64
3803, 4382.05
3804, 4378.97
3805, 4376.41
3806, 4376.41
3807, 4375.38
3808, 4373.85
3809, 4382.05
3810, 4386.15
3811, 4382.05
3812, 4380
3813, 4376.92
3814, 4375.38
3815, 4374.36
3816, 4374.36
3817, 4379.49
3818, 4380.51
3819, 4380
3820, 4381.54
3821, 4383.59
3822, 4385.64
3823, 4383.59
3824, 4384.62
3825, 4388.21
3826, 4387.69
3827, 4386.67
3828, 4386.67
3829, 4387.18
3830, 4383.08
3831, 4379.49
3832, 4388.21
3833, 4389.23
3834, 4387.69
3835, 4390.77
3836, 4387.18
3837, 4388.72
3838, 4392.82
3839, 4386.67
3840, 4380.51
3841, 4377.95
3842, 4376.92
3843, 4376.41
3844, 4380.51
3845, 4384.1
3846, 4376.92
3847, 4374.36
3848, 4377.44
3849, 4376.92
3850, 4380.51
3851, 4378.97
3852, 4375.38
3853, 4378.97
3854, 4377.44
3855, 4370.26
3856, 4365.64
3857, 4371.28
3858, 4376.92
3859, 4373.85
3860, 4374.87
3861, 4374.87
3862, 4373.33
3863, 4373.85
3864, 4369.74
3865, 4371.79
3866, 4372.31
3867, 4366.15
3868, 4369.74
3869, 4373.33
3870, 4375.38
3871, 4375.9
3872, 4374.36
3873, 4381.03
3874, 4385.13
3875, 4380.51
3876, 4376.41
3877, 4376.41
3878, 4381.03
3879, 4379.49
3880, 4377.44
3881, 4377.44
3882, 4375.9
3883, 4375.38
3884, 4371.28
3885, 4372.82
3886, 4378.46
3887, 4375.9
3888, 4375.9
3889, 4375.38
3890, 4373.33
3891, 4376.41
3892, 4376.41
3893, 4372.82
3894, 4369.23
3895, 4368.72
3896, 4373.85
3897, 4375.38
3898, 4374.36
3899, 4374.36
3900, 4373.33
3901, 4376.92
3902, 4378.97
3903, 4377.95
3904, 4373.85
3905, 4369.74
3906, 4374.87
3907, 4372.31
3908, 4365.64
3909, 4370.77
3910, 4373.33
3911, 4372.31
3912, 4371.28
3913, 4370.26
3914, 4373.33
3915, 4373.33
3916, 4375.9
3917, 4376.41
3918, 4370.77
3919, 4369.23
3920, 4370.77
3921, 4373.85
3922, 4368.72
3923, 4361.03
3924, 4369.23
3925, 4370.26
3926, 4360
3927, 4360
3928, 4360.51
3929, 4359.49
3930, 4362.05
3931, 4368.21
3932, 4372.31
3933, 4368.72
3934, 4367.69
3935, 4366.67
3936, 4364.1
3937, 4365.64
3938, 4364.1
3939, 4361.03
3940, 4361.03
3941, 4361.03
3942, 4358.46
3943, 4356.92
3944, 4363.59
3945, 4363.08
3946, 4352.82
3947, 4356.92
3948, 4363.08
3949, 4360.51
3950, 4360.51
3951, 4361.03
3952, 4361.54
3953, 4357.95
3954, 4355.9
3955, 4358.97
3956, 4358.46
3957, 4356.92
3958, 4356.92
3959, 4359.49
3960, 4362.05
3961, 4355.38
3962, 4355.38
3963, 4361.54
3964, 4358.46
3965, 4351.28
3966, 4349.74
3967, 4355.38
3968, 4356.41
3969, 4355.38
3970, 4362.05
3971, 4358.46
3972, 4352.31
3973, 4352.82
3974, 4350.77
3975, 4349.74
3976, 4353.85
3977, 4357.95
3978, 4350.26
3979, 4387.18
3980, 4468.21
3981, 4448.21
3982, 4362.05
3983, 4339.49
3984, 4349.23
3985, 4345.13
3986, 4346.15
3987, 4335.38
3988, 4313.33
3989, 4298.97
3990, 4285.64
3991, 4285.13
3992, 4293.33
3993, 4307.18
3994, 4335.38
3995, 4355.9
3996, 4372.31
3997, 4387.18
3998, 4397.44
3999, 4396.92
4000, 4397.44
4001, 4397.95
4002, 4385.64
4003, 4374.87
4004, 4371.28
4005, 4381.03
4006, 4392.31
4007, 4386.67
4008, 4388.21
4009, 4402.05
4010, 4407.18
4011, 4405.13
4012, 4402.56
4013, 4406.15
4014, 4412.82
4015, 4416.92
4016, 4416.41
4017, 4404.62
4018, 4402.05
4019, 4409.23
4020, 4405.13
4021, 4403.08
4022, 4405.64
4023, 4406.67
4024, 4402.56
4025, 4396.92
4026, 4401.03
4027, 4406.15
4028, 4404.62
4029, 4404.1
4030, 4404.62
4031, 4408.72
4032, 4412.31
4033, 4413.33
4034, 4415.9
4035, 4418.97
4036, 4426.67
4037, 4429.74
4038, 4424.62
4039, 4424.62
4040, 4423.08
4041, 4423.08
4042, 4426.15
4043, 4427.18
4044, 4431.79
4045, 4431.28
4046, 4426.15
4047, 4423.08
4048, 4420.51
4049, 4425.64
4050, 4429.23
4051, 4426.67
4052, 4427.69
4053, 4426.15
4054, 4423.59
4055, 4417.95
4056, 4413.33
4057, 4420
4058, 4421.03
4059, 4420
4060, 4423.08
4061, 4420.51
4062, 4413.85
4063, 4411.79
4064, 4417.44
4065, 4417.95
4066, 4412.82
4067, 4414.87
4068, 4416.92
4069, 4417.95
4070, 4420.51
4071, 4420.51
4072, 4424.1
4073, 4422.05
4074, 4417.44
4075, 4427.18
4076, 4435.38
4077, 4437.44
4078, 4435.9
4079, 4433.85
4080, 4433.33
4081, 4431.28
4082, 4434.87
4083, 4436.92
4084, 4433.85
4085, 4437.44
4086, 4440
4087, 4437.95
4088, 4437.95
4089, 4438.97
4090, 4440
4091, 4438.46
4092, 4440
4093, 4441.54
4094, 4435.9
4095, 4434.36
4096, 4435.38
4097, 4435.9
4098, 4437.44
4099, 4435.9
4100, 4438.97
4101, 4438.46
4102, 4433.33
4103, 4436.92
4104, 4438.46
4105, 4438.46
4106, 4434.36
4107, 4425.13
4108, 4428.72
4109, 4432.31
4110, 4427.69
4111, 4425.64
4112, 4425.64
4113, 4427.18
4114, 4426.15
4115, 4424.62
4116, 4426.15
4117, 4425.13
4118, 4423.59
4119, 4420
4120, 4420
4121, 4422.56
4122, 4420
4123, 4419.49
4124, 4417.44
4125, 4414.36
4126, 4415.9
4127, 4416.92
4128, 4418.97
4129, 4417.95
4130, 4412.31
4131, 4413.33
4132, 4415.9
4133, 4414.87
4134, 4409.74
4135, 4406.15
4136, 4409.23
4137, 4409.23
4138, 4407.69
4139, 4407.69
4140, 4404.62
4141, 4406.15
4142, 4405.13
4143, 4401.54
4144, 4403.08
4145, 4401.03
4146, 4398.97
4147, 4395.38
4148, 4390.77
4149, 4393.33
4150, 4391.79
4151, 4390.77
4152, 4393.85
4153, 4394.36
4154, 4394.87
4155, 4393.33
4156, 4394.36
4157, 4393.33
4158, 4386.67
4159, 4389.74
4160, 4394.87
4161, 4392.31
4162, 4387.18
4163, 4385.13
4164, 4388.72
4165, 4388.21
4166, 4386.67
4167, 4385.64
4168, 4382.05
4169, 4384.62
4170, 4387.18
4171, 4385.64
4172, 4387.18
4173, 4385.64
4174, 4387.69
4175, 4388.21
4176, 4387.18
4177, 4389.23
4178, 4382.56
4179, 4380.51
4180, 4385.64
4181, 4381.54
4182, 4382.56
4183, 4387.69
4184, 4386.15
4185, 4382.05
4186, 4382.56
4187, 4385.64
4188, 4383.08
4189, 4378.97
4190, 4380
4191, 4381.03
4192, 4384.1
4193, 4383.08
4194, 4380.51
4195, 4383.59
4196, 4382.56
4197, 4380.51
4198, 4381.54
4199, 4378.97
4200, 4375.38
4201, 4369.74
4202, 4369.23
4203, 4371.79
4204, 4368.21
4205, 4368.72
4206, 4372.31
4207, 4375.38
4208, 4374.36
4209, 4368.21
4210, 4367.69
4211, 4364.62
4212, 4364.1
4213, 4368.72
4214, 4362.05
4215, 4358.46
4216, 4363.59
4217, 4366.15
4218, 4365.13
4219, 4361.03
4220, 4363.08
4221, 4364.1
4222, 4355.9
4223, 4353.33
4224, 4358.97
4225, 4364.1
4226, 4358.46
4227, 4352.31
4228, 4357.44
4229, 4354.87
4230, 4351.28
4231, 4364.1
4232, 4364.1
4233, 4370.77
4234, 4430.77
4235, 4468.72
4236, 4414.36
4237, 4341.54
4238, 4338.97
4239, 4363.59
4240, 4356.41
4241, 4331.79
4242, 4308.21
4243, 4297.95
4244, 4285.13
4245, 4280
4246, 4302.56
4247, 4327.69
4248, 4355.38
4249, 4379.49
4250, 4389.23
4251, 4398.46
4252, 4398.97
4253, 4393.85
4254, 4384.62
4255, 4369.23
4256, 4365.64
4257, 4365.13
4258, 4361.54
4259, 4357.95
4260, 4358.46
4261, 4360.51
4262, 4343.08
4263, 4320
4264, 4313.85
4265, 4312.82
4266, 4314.36
4267, 4312.31
4268, 4309.23, estimuli
4269, 4316.92
4270, 4321.03
4271, 4312.31
4272, 4307.18
4273, 4316.41
4274, 4327.69
4275, 4321.54
4276, 4315.9
4277, 4320.51
4278, 4316.41
4279, 4311.28
4280, 4313.85
4281, 4319.49
4282, 4317.95
4283, 4309.23
4284, 4307.18
4285, 4305.13
4286, 4302.56
4287, 4304.62
4288, 4301.54
4289, 4304.1
4290, 4310.77
4291, 4309.23
4292, 4310.77
4293, 4313.85
4294, 4319.49
4295, 4326.67
4296, 4327.18
4297, 4324.62
4298, 4321.54
4299, 4323.59
4300, 4327.18
4301, 4324.1
4302, 4324.62
4303, 4326.15
4304, 4326.67
4305, 4328.21
4306, 4329.23
4307, 4332.31
4308, 4331.28
4309, 4330.26
4310, 4333.33
4311, 4334.87
4312, 4339.49
4313, 4337.95
4314, 4332.31
4315, 4336.41
4316, 4335.38
4317, 4331.79
4318, 4331.28
4319, 4330.26
4320, 4328.21
4321, 4323.08
4322, 4325.64
4323, 4332.82
4324, 4329.23
4325, 4328.21
4326, 4329.74
4327, 4325.13
4328, 4321.03
4329, 4320.51
4330, 4323.59
4331, 4319.49
4332, 4314.87
4333, 4314.36
4334, 4309.74
4335, 4309.23
4336, 4311.79
4337, 4308.72
4338, 4309.23
4339, 4312.31
4340, 4311.79
4341, 4304.1
4342, 4299.49
4343, 4304.62
4344, 4303.59
4345, 4303.59
4346, 4303.59
4347, 4294.36
4348, 4295.9
4349, 4300.51
4350, 4297.44
4351, 4293.85
4352, 4292.82
4353, 4299.49
4354, 4298.97
4355, 4297.95
4356, 4312.82
4357, 4319.49
4358, 4301.03
4359, 4269.23
4360, 4250.26
4361, 4257.95
4362, 4283.08
4363, 4318.46
4364, 4340
4365, 4333.33
4366, 4321.54
4367, 4302.56
4368, 4258.97
4369, 4230.77
4370, 4249.23
4371, 4288.21
4372, 4331.28
4373, 4364.1
4374, 4350.77
4375, 4300.51
4376, 4262.56
4377, 4246.15
4378, 4257.44
4379, 4293.85
4380, 4336.92
4381, 4369.74
4382, 4356.41
4383, 4311.28
4384, 4274.36
4385, 4247.69
4386, 4252.82
4387, 4290.77
4388, 4335.9
4389, 4367.69
4390, 4354.36
4391, 4312.82
4392, 4273.85
4393, 4247.69
4394, 4255.9
4395, 4292.31
4396, 4332.31
4397, 4361.03
4398, 4354.36
4399, 4317.95
4400, 4274.87
4401, 4252.31
4402, 4266.67
4403, 4297.95
4404, 4336.41
4405, 4360
4406, 4349.74
4407, 4316.92
4408, 4278.97
4409, 4261.54
4410, 4273.33
4411, 4302.05
4412, 4337.95
4413, 4358.46
4414, 4348.72
4415, 4314.87
4416, 4273.85
4417, 4256.92
4418, 4267.18
4419, 4297.95
4420, 4336.92
4421, 4357.95
4422, 4349.74
4423, 4316.92
4424, 4280.51
4425, 4262.05
4426, 4268.72
4427, 4301.54
4428, 4336.41
4429, 4353.33
4430, 4345.13
4431, 4310.77
4432, 4273.33
4433, 4255.38
4434, 4265.64
4435, 4300
4436, 4336.92
4437, 4362.05
4438, 4352.82
4439, 4311.28
4440, 4275.38
4441, 4256.92
4442, 4265.64
4443, 4302.05
4444, 4338.97
4445, 4364.62
4446, 4357.44
4447, 4316.92
4448, 4278.46
4449, 4261.03
4450, 4272.82
4451, 4307.18
4452, 4347.18
4453, 4366.67
4454, 4351.28
4455, 4320.51
4456, 4282.05
4457, 4256.41
4458, 4271.28
4459, 4303.59
4460, 4335.38
4461, 4356.92
4462, 4349.74
4463, 4322.05
4464, 4285.13
4465, 4265.64
4466, 4281.03
4467, 4309.74
4468, 4343.59
4469, 4365.64
4470, 4358.97
4471, 4324.62
4472, 4284.62
4473, 4271.28
4474, 4284.1
4475, 4308.72
4476, 4342.05
4477, 4361.03
4478, 4352.82
4479, 4326.15
4480, 4293.33
4481, 4271.79
4482, 4277.44
4483, 4311.28
4484, 4337.95
4485, 4333.85
4486, 4320.51
4487, 4315.9
4488, 4320
4489, 4320
4490, 4314.87
4491, 4318.97
4492, 4321.54
4493, 4321.54
4494, 4322.05
4495, 4315.38
4496, 4315.38
4497, 4318.97
4498, 4318.46
4499, 4321.54
4500, 4324.1
4501, 4325.64
4502, 4322.56
4503, 4318.97
4504, 4323.59
4505, 4325.64
4506, 4328.21
4507, 4328.21
4508, 4326.15
4509, 4328.72
4510, 4327.18
4511, 4326.15
4512, 4328.21
4513, 4331.28
4514, 4336.41
4515, 4333.33
4516, 4332.31
4517, 4340.51
4518, 4336.41
4519, 4332.31
4520, 4339.49
4521, 4345.64
4522, 4349.23
4523, 4344.62
4524, 4346.67
4525, 4358.46
4526, 4360
4527, 4352.82
4528, 4351.79
4529, 4360.51
4530, 4360
4531, 4353.85
4532, 4355.38
4533, 4355.9
4534, 4356.41
4535, 4353.33
4536, 4346.15
4537, 4347.69
4538, 4350.26
4539, 4350.77
4540, 4353.85
4541, 4352.82
4542, 4355.9
4543, 4356.41
4544, 4354.36
4545, 4358.46
4546, 4358.97
4547, 4358.46
4548, 4356.41
4549, 4354.87
4550, 4356.41
4551, 4349.23
4552, 4344.62
4553, 4353.33
4554, 4357.44
4555, 4355.9
4556, 4354.87
4557, 4355.38
4558, 4353.85
4559, 4350.26
4560, 4352.82
4561, 4354.36
4562, 4358.97
4563, 4361.03
4564, 4352.31
4565, 4353.85
4566, 4353.85
4567, 4345.64
4568, 4347.18
4569, 4349.23
4570, 4353.33
4571, 4356.92
4572, 4354.87
4573, 4354.36
4574, 4356.41
4575, 4358.46
4576, 4356.41
4577, 4356.92
4578, 4361.03
4579, 4353.33
4580, 4348.21
4581, 4353.85
4582, 4353.33
4583, 4350.77
4584, 4348.72
4585, 4349.23
4586, 4353.85
4587, 4350.77
4588, 4349.74
4589, 4352.82
4590, 4356.41
4591, 4359.49
4592, 4356.41
4593, 4356.92
4594, 4357.44
4595, 4357.44
4596, 4357.95
4597, 4351.79
4598, 4349.23
4599, 4352.31
4600, 4352.31
4601, 4350.77
4602, 4349.74
4603, 4352.82
4604, 4351.79
4605, 4349.23
4606, 4360.51
4607, 4364.62
4608, 4360
4609, 4363.59
4610, 4364.1
4611, 4360
4612, 4355.9
4613, 4354.36
4614, 4355.38
4615, 4354.87
4616, 4360.51
4617, 4357.44
4618, 4346.67
4619, 4349.23
4620, 4350.77
4621, 4345.64
4622, 4343.59
4623, 4350.26
4624, 4354.87
4625, 4346.67
4626, 4344.1
4627, 4352.31
4628, 4352.31
4629, 4345.13
4630, 4340
4631, 4342.05
4632, 4345.64
4633, 4345.13
4634, 4346.67
4635, 4341.03
4636, 4341.54
4637, 4348.72
4638, 4341.54
4639, 4336.41
4640, 4342.56
4641, 4350.77
4642, 4356.41
4643, 4351.28
4644, 4344.62
4645, 4343.59
4646, 4343.59
4647, 4347.18
4648, 4346.15
4649, 4338.97
4650, 4337.95
4651, 4338.97
4652, 4338.97
4653, 4336.92
4654, 4341.03
4655, 4343.08
4656, 4340
4657, 4344.62
4658, 4343.59
4659, 4338.46
4660, 4342.05
4661, 4342.56
4662, 4341.54
4663, 4340
4664, 4341.03
4665, 4344.62
4666, 4344.62
4667, 4350.77
4668, 4352.82
4669, 4346.67
4670, 4347.69
4671, 4350.77
4672, 4353.85
4673, 4354.87
4674, 4347.18
4675, 4342.05
4676, 4345.64
4677, 4351.79
4678, 4352.31
4679, 4348.21
4680, 4350.77
4681, 4352.31
4682, 4350.26
4683, 4350.77
4684, 4346.67
4685, 4348.72
4686, 4348.72
4687, 4343.08
4688, 4348.72
4689, 4349.74
4690, 4344.62
4691, 4344.1
4692, 4347.69
4693, 4353.85
4694, 4353.85
4695, 4352.82
4696, 4349.74
4697, 4342.56
4698, 4345.13
4699, 4351.28
4700, 4353.33
4701, 4353.33
4702, 4350.26
4703, 4353.85
4704, 4356.41
4705, 4353.33
4706, 4348.72
4707, 4346.67
4708, 4350.26
4709, 4350.77
4710, 4351.28
4711, 4354.87
4712, 4353.33
4713, 4353.85
4714, 4354.87
4715, 4351.79
4716, 4349.23
4717, 4347.69
4718, 4348.72
4719, 4347.18
4720, 4346.67
4721, 4355.38
4722, 4356.92
4723, 4356.92
4724, 4357.95
4725, 4350.26
4726, 4351.28
4727, 4357.95
4728, 4358.97
4729, 4355.9
4730, 4353.33
4731, 4358.97
4732, 4360
4733, 4354.87
4734, 4353.85
4735, 4352.31
4736, 4353.85
4737, 4354.87
4738, 4355.38
4739, 4358.97
4740, 4354.36
4741, 4352.31
4742, 4356.41
4743, 4355.38
4744, 4354.87
4745, 4353.85
4746, 4351.79
4747, 4353.33
4748, 4356.92
4749, 4372.31
4750, 4409.23
4751, 4432.31
4752, 4403.08
4753, 4357.44
4754, 4354.87
4755, 4369.23
4756, 4356.41
4757, 4327.69
4758, 4300.51
4759, 4289.23
4760, 4287.69, estimuli
4761, 4287.18
4762, 4297.44
4763, 4310.26
4764, 4324.1
4765, 4330.26
4766, 4326.67
4767, 4333.33
4768, 4334.36
4769, 4323.59
4770, 4314.36
4771, 4311.79
4772, 4314.36
4773, 4305.13
4774, 4297.44
4775, 4297.44
4776, 4290.26
4777, 4287.18
4778, 4290.26
4779, 4293.33
4780, 4289.23
4781, 4270.26
4782, 4257.44
4783, 4256.92
4784, 4258.97
4785, 4263.08
4786, 4261.54
4787, 4255.9
4788, 4248.21
4789, 4239.49
4790, 4243.59
4791, 4243.59
4792, 4232.82
4793, 4231.28
4794, 4240
4795, 4246.15
4796, 4236.92
4797, 4234.87
4798, 4244.62
4799, 4241.54
4800, 4236.41
4801, 4236.41
4802, 4240
4803, 4240
4804, 4233.85
4805, 4237.95
4806, 4242.56
4807, 4234.87
4808, 4231.79
4809, 4236.41
4810, 4236.41
4811, 4231.28
4812, 4229.74
4813, 4233.33
4814, 4231.79
4815, 4228.72
4816, 4227.69
4817, 4229.23
4818, 4234.87
4819, 4229.23
4820, 4224.62
4821, 4231.79
4822, 4233.85
4823, 4232.82
4824, 4242.56
4825, 4262.56
4826, 4265.13
4827, 4230.77
4828, 4200
4829, 4195.38
4830, 4206.15
4831, 4238.46
4832, 4274.87
4833, 4293.85
4834, 4283.59
4835, 4269.23
4836, 4250.26
4837, 4202.05
4838, 4185.64
4839, 4218.46
4840, 4253.33
4841, 4297.95
4842, 4324.1
4843, 4301.03
4844, 4259.49
4845, 4222.56
4846, 4211.28
4847, 4234.87
4848, 4274.36
4849, 4315.38
4850, 4335.38
4851, 4317.44
4852, 4270.77
4853, 4228.21
4854, 4220.51
4855, 4239.49
4856, 4272.82
4857, 4317.44
4858, 4341.54
4859, 4318.46
4860, 4272.31
4861, 4236.92
4862, 4221.54
4863, 4233.85
4864, 4274.87
4865, 4314.87
4866, 4333.85
4867, 4315.9
4868, 4270.77
4869, 4235.38
4870, 4224.1
4871, 4246.67
4872, 4290.26
4873, 4327.18
4874, 4343.59
4875, 4324.62
4876, 4288.21
4877, 4259.49
4878, 4242.05
4879, 4260
4880, 4306.15
4881, 4341.54
4882, 4351.28
4883, 4331.79
4884, 4297.95
4885, 4264.62
4886, 4247.69
4887, 4267.18
4888, 4304.62
4889, 4342.56
4890, 4359.49
4891, 4336.92
4892, 4303.08
4893, 4273.33
4894, 4259.49
4895, 4274.87
4896, 4309.23
4897, 4348.72
4898, 4363.59
4899, 4344.1
4900, 4309.74
4901, 4270.77
4902, 4253.33
4903, 4270.26
4904, 4307.69
4905, 4346.15
4906, 4356.41
4907, 4335.38
4908, 4301.54
4909, 4271.28
4910, 4263.59
4911, 4280.51
4912, 4316.92
4913, 4353.33
4914, 4360
4915, 4344.1
4916, 4314.36
4917, 4278.97
4918, 4264.1
4919, 4280
4920, 4319.49
4921, 4352.82
4922, 4361.03
4923, 4346.15
4924, 4312.31
4925, 4280
4926, 4270.77
4927, 4293.33
4928, 4331.28
4929, 4356.92
4930, 4367.18
4931, 4353.33
4932, 4314.36
4933, 4285.13
4934, 4277.95
4935, 4295.9
4936, 4331.79
4937, 4368.21
4938, 4383.08
4939, 4360.51
4940, 4325.64
4941, 4299.49
4942, 4285.64
4943, 4297.95
4944, 4329.23
4945, 4363.59
4946, 4382.05
4947, 4364.62
4948, 4333.85
4949, 4305.13
4950, 4287.69
4951, 4305.13
4952, 4343.08
4953, 4362.05
4954, 4349.74
4955, 4333.33
4956, 4333.85
4957, 4329.74
4958, 4328.72
4959, 4336.92
4960, 4337.44
4961, 4338.46
4962, 4339.49
4963, 4337.95
4964, 4339.49
4965, 4343.08
4966, 4346.67
4967, 4342.05
4968, 4339.49
4969, 4345.64
4970, 4344.62
4971, 4340
4972, 4338.46
4973, 4339.49
4974, 4343.59
4975, 4341.03
4976, 4340.51
4977, 4344.62
4978, 4343.08
4979, 4343.08
4980, 4341.03
4981, 4338.97
4982, 4342.56
4983, 4344.62
4984, 4342.56
4985, 4336.92
4986, 4341.54
4987, 4346.67
4988, 4341.54
4989, 4343.08
4990, 4346.15
4991, 4343.59
4992, 4338.97
4993, 4330.26
4994, 4330.77
4995, 4329.74
4996, 4322.56
4997, 4327.69
4998, 4333.33
4999, 4332.31
5000, 4330.26
5001, 4328.72
5002, 4331.28
5003, 4333.33
5004, 4336.41
5005, 4333.33
5006, 4327.69
5007, 4333.85
5008, 4336.92
5009, 4335.9
5010, 4337.44
5011, 4336.41
5012, 4339.49
5013, 4338.46
5014, 4331.28
5015, 4332.82
5016, 4332.82
5017, 4329.74
5018, 4330.77
5019, 4332.31
5020, 4334.36
5021, 4332.31
5022, 4330.77
5023, 4331.28
5024, 4332.82
5025, 4336.92
5026, 4332.82
5027, 4330.77
5028, 4335.38
5029, 4337.44
5030, 4339.49
5031, 4337.95
5032, 4337.95
5033, 4339.49
5034, 4333.85
5035, 4332.31
5036, 4333.33
5037, 4334.87
5038, 4339.49
5039, 4336.92
5040, 4333.85
5041, 4332.31
5042, 4336.92
5043, 4344.1
5044, 4337.95
5045, 4337.44
5046, 4347.69
5047, 4344.62
5048, 4333.85
5049, 4331.28
5050, 4340
5051, 4346.15
5052, 4343.08
5053, 4342.56
5054, 4338.97
5055, 4335.9
5056, 4338.97
5057, 4341.03
5058, 4344.62
5059, 4337.95
5060, 4333.85
5061, 4340.51
5062, 4338.97
5063, 4337.44
5064, 4338.97
5065, 4338.46
5066, 4341.03
5067, 4343.08
5068, 4345.13
5069, 4346.15
5070, 4345.64
5071, 4347.69
5072, 4345.64
5073, 4344.62
5074, 4346.15
5075, 4345.13
5076, 4344.1
5077, 4340
5078, 4341.54
5079, 4347.18
5080, 4346.15
5081, 4347.18
5082, 4344.62
5083, 4341.54
5084, 4345.64
5085, 4347.69
5086, 4351.79
5087, 4353.85
5088, 4355.38
5089, 4361.03
5090, 4363.08
5091, 4366.67
5092, 4367.18
5093, 4364.1
5094, 4367.18
5095, 4364.62
5096, 4358.97
5097, 4358.97
5098, 4361.54
5099, 4364.62
5100, 4360
5101, 4356.92
5102, 4360.51
5103, 4354.36
5104, 4347.69
5105, 4347.69
5106, 4352.31
5107, 4356.41
5108, 4352.82
5109, 4354.87
5110, 4354.87
5111, 4350.26
5112, 4354.36
5113, 4356.41
5114, 4354.87
5115, 4358.46
5116, 4364.1
5117, 4358.46
5118, 4347.18
5119, 4356.41
5120, 4363.08
5121, 4350.77
5122, 4349.23
5123, 4352.82
5124, 4351.28
5125, 4354.36
5126, 4357.44
5127, 4357.95
5128, 4356.92
5129, 4356.92
5130, 4356.41
5131, 4352.31
5132, 4355.38
5133, 4358.46
5134, 4355.38
5135, 4350.77
5136, 4347.69
5137, 4352.31
5138, 4354.36
5139, 4352.31
5140, 4354.87
5141, 4349.74
5142, 4348.72
5143, 4352.82
5144, 4350.26
5145, 4351.79
5146, 4353.85
5147, 4355.9
5148, 4352.82
5149, 4345.64
5150, 4351.28
5151, 4356.92
5152, 4351.79
5153, 4350.26
5154, 4351.79
5155, 4352.31
5156, 4348.21
5157, 4346.15
5158, 4349.23
5159, 4350.26
5160, 4352.82
5161, 4350.77
5162, 4344.1
5163, 4344.62
5164, 4344.62
5165, 4345.13
5166, 4345.13
5167, 4341.03
5168, 4343.59
5169, 4344.62
5170, 4343.59
5171, 4345.13
5172, 4344.62
5173, 4344.62
5174, 4343.08
5175, 4346.15
5176, 4350.77
5177, 4347.18
5178, 4348.72
5179, 4349.23
5180, 4343.08
5181, 4344.62
5182, 4346.15
5183, 4345.13
5184, 4344.1
5185, 4343.59
5186, 4345.13
5187, 4343.59
5188, 4347.18
5189, 4344.62
5190, 4335.38
5191, 4340.51
5192, 4345.64
5193, 4345.64
5194, 4345.13
5195, 4342.56
5196, 4347.69
5197, 4348.21
5198, 4343.08
5199, 4344.62
5200, 4348.21
5201, 4350.26
5202, 4350.26
5203, 4349.74
5204, 4347.18
5205, 4341.03
5206, 4344.1
5207, 4346.67
5208, 4343.08
5209, 4343.59
5210, 4343.08
5211, 4347.18
5212, 4350.77
5213, 4344.1
5214, 4341.03
5215, 4342.05
5216, 4343.59
5217, 4343.08
5218, 4337.95
5219, 4340.51
5220, 4343.59
5221, 4343.59
5222, 4343.59
5223, 4342.56
5224, 4344.62
5225, 4346.67
5226, 4349.74
5227, 4346.15
5228, 4338.46
5229, 4347.69
5230, 4356.92
5231, 4352.31
5232, 4350.77
5233, 4349.74
5234, 4349.23
5235, 4348.72
5236, 4344.1
5237, 4347.18
5238, 4350.77
5239, 4348.21
5240, 4345.13
5241, 4346.67
5242, 4352.31
5243, 4349.74
5244, 4348.21
5245, 4345.13
5246, 4337.44
5247, 4342.05
5248, 4346.67
5249, 4346.15
5250, 4346.15
5251, 4343.59
5252, 4346.67
5253, 4345.13
5254, 4337.44
5255, 4341.03
5256, 4346.67
5257, 4347.69
5258, 4346.67
5259, 4348.21
5260, 4351.28
5261, 4348.21
5262, 4349.23
5263, 4350.26
5264, 4344.1
5265, 4345.64
5266, 4344.1
5267, 4336.92
5268, 4341.54
5269, 4352.82
5270, 4355.38
5271, 4348.21
5272, 4346.15
5273, 4350.77
5274, 4346.67
5275, 4346.15
5276, 4346.15
5277, 4344.1
5278, 4347.18
5279, 4346.67
5280, 4347.69
5281, 4348.21
5282, 4343.08
5283, 4343.59
5284, 4347.18
5285, 4351.79
5286, 4351.28
5287, 4351.28
5288, 4358.46
5289, 4357.95
5290, 4354.36
5291, 4353.85
5292, 4347.69
5293, 4347.18
5294, 4349.23
5295, 4350.77
5296, 4355.9
5297, 4355.9
5298, 4355.9
5299, 4355.38
5300, 4350.77
5301, 4352.31
5302, 4356.41
5303, 4356.92
5304, 4354.36
5305, 4354.36
5306, 4352.82
5307, 4348.72
5308, 4353.33
5309, 4357.44
5310, 4355.38
5311, 4359.49
5312, 4355.9
5313, 4353.85
5314, 4356.92
5315, 4353.33
5316, 4354.87
5317, 4355.9
5318, 4353.85
5319, 4354.87
5320, 4351.79
5321, 4352.31
5322, 4357.95
5323, 4362.05
5324, 4361.03
5325, 4353.33
5326, 4353.85
5327, 4357.44
5328, 4356.41
5329, 4361.03
5330, 4360.51
5331, 4357.44
5332, 4355.38
5333, 4354.36
5334, 4355.9
5335, 4352.82
5336, 4353.33
5337, 4354.36
5338, 4349.23
5339, 4349.74
5340, 4352.31
5341, 4352.82
5342, 4353.33
5343, 4353.33
5344, 4360
5345, 4361.03
5346, 4353.85
5347, 4352.31
5348, 4353.85
5349, 4358.46
5350, 4358.46
5351, 4354.36
5352, 4353.85
5353, 4352.31
5354, 4354.36
5355, 4356.92
5356, 4354.87
5357, 4361.03
5358, 4367.18
5359, 4360.51
5360, 4350.77
5361, 4355.9
5362, 4371.79
5363, 4364.1
5364, 4350.26
5365, 4356.41
5366, 4362.05
5367, 4360
5368, 4356.41
5369, 4355.38
5370, 4355.9
5371, 4355.9
5372, 4358.46
5373, 4356.41
5374, 4354.36
5375, 4360.51
5376, 4360
5377, 4352.82
5378, 4350.77
5379, 4351.79
5380, 4354.87
5381, 4352.31
5382, 4353.33
5383, 4354.36
5384, 4349.74
5385, 4350.26
5386, 4350.26
5387, 4351.79
5388, 4358.46
5389, 4356.92
5390, 4355.9
5391, 4356.92
5392, 4356.92
5393, 4357.44
5394, 4356.92
5395, 4362.56
5396, 4365.13
5397, 4357.95
5398, 4355.38
5399, 4358.97
5400, 4366.67
5401, 4367.69
5402, 4366.15
5403, 4373.33
5404, 4369.74
5405, 4359.49
5406, 4355.38
5407, 4352.82
5408, 4357.95
5409, 4363.59
5410, 4363.08
5411, 4359.49
5412, 4355.38
5413, 4355.38
5414, 4354.36
5415, 4354.87
5416, 4361.54
5417, 4360.51
5418, 4355.38
5419, 4351.79
5420, 4351.79
5421, 4356.92
5422, 4357.95
5423, 4362.56
5424, 4365.13
5425, 4361.54
5426, 4363.08
5427, 4362.05
5428, 4365.13
5429, 4370.77
5430, 4367.69
5431, 4365.13
5432, 4362.56
5433, 4363.08
5434, 4361.03
5435, 4353.33
5436, 4356.41
5437, 4357.95
5438, 4355.38
5439, 4357.95
5440, 4357.95
5441, 4362.05
5442, 4365.64
5443, 4362.05
5444, 4360.51
5445, 4358.97
5446, 4357.95
5447, 4356.92
5448, 4355.9
5449, 4357.95
5450, 4355.9
5451, 4353.85
5452, 4353.85
5453, 4352.82
5454, 4354.36
5455, 4354.87
5456, 4357.95
5457, 4356.92
5458, 4348.72
5459, 4353.85
5460, 4357.95
5461, 4352.82
5462, 4350.77
5463, 4348.21
5464, 4349.23
5465, 4349.74
5466, 4350.77
5467, 4352.82
5468, 4349.23
5469, 4348.72
5470, 4348.72
5471, 4345.13
5472, 4347.18
5473, 4346.67
5474, 4345.64
5475, 4344.1
5476, 4344.62
5477, 4358.97
5478, 4357.44
5479, 4357.95
5480, 4425.13
5481, 4468.21
5482, 4402.56
5483, 4338.97
5484, 4329.23
5485, 4311.79
5486, 4302.56
5487, 4312.31
5488, 4287.18
5489, 4278.97
5490, 4323.59
5491, 4346.67
5492, 4357.95
5493, 4379.49
5494, 4390.77
5495, 4399.49
5496, 4402.56
5497, 4404.62
5498, 4406.15
5499, 4404.62
5500, 4401.54
5501, 4389.23
5502, 4381.03
5503, 4376.92
5504, 4366.67
5505, 4364.62
5506, 4365.64
5507, 4361.54
5508, 4357.44
5509, 4354.87
5510, 4355.9
5511, 4349.23
5512, 4334.36
5513, 4323.08
5514, 4317.95
5515, 4320
5516, 4320
5517, 4315.38
5518, 4313.85
5519, 4311.79
5520, 4315.38
5521, 4318.46
5522, 4319.49
5523, 4321.03
5524, 4312.31
5525, 4306.67
5526, 4309.23
5527, 4308.72
5528, 4313.33
5529, 4313.85
5530, 4308.72
5531, 4305.64
5532, 4300
5533, 4301.03
5534, 4303.08
5535, 4299.49
5536, 4298.46
5537, 4298.46
5538, 4301.54
5539, 4298.97
5540, 4295.38
5541, 4301.03
5542, 4304.62
5543, 4298.46
5544, 4288.72
5545, 4288.72
5546, 4294.87
5547, 4288.72
5548, 4285.64
5549, 4288.21
5550, 4286.15
5551, 4288.21
5552, 4289.23
5553, 4287.69
5554, 4288.21
5555, 4287.18
5556, 4289.23
5557, 4285.13
5558, 4275.38
5559, 4272.82
5560, 4273.85
5561, 4275.9
5562, 4272.31
5563, 4270.77
5564, 4279.49
5565, 4274.36
5566, 4267.18
5567, 4274.87
5568, 4278.46
5569, 4278.97
5570, 4280
5571, 4280
5572, 4273.85
5573, 4268.21
5574, 4273.33
5575, 4272.82
5576, 4272.82
5577, 4277.95
5578, 4275.9
5579, 4276.92
5580, 4277.95
5581, 4273.33
5582, 4273.33
5583, 4275.38
5584, 4276.41
5585, 4272.82
5586, 4270.77
5587, 4271.79
5588, 4267.18
5589, 4268.72
5590, 4274.87
5591, 4276.92
5592, 4280
5593, 4274.87
5594, 4271.28
5595, 4272.31
5596, 4270.26
5597, 4275.38
5598, 4278.46
5599, 4273.85
5600, 4271.28
5601, 4274.36
5602, 4281.03
5603, 4282.05
5604, 4282.56
5605, 4286.67
5606, 4284.62
5607, 4282.56
5608, 4283.59
5609, 4286.67
5610, 4288.72
5611, 4285.64
5612, 4290.77
5613, 4295.9
5614, 4292.82
5615, 4294.36
5616, 4297.44
5617, 4298.46
5618, 4297.95
5619, 4295.9
5620, 4296.41
5621, 4292.31
5622, 4293.33
5623, 4298.97
5624, 4295.9
5625, 4296.41
5626, 4297.44
5627, 4298.46
5628, 4298.46
5629, 4291.28
5630, 4291.28
5631, 4292.82
5632, 4291.79
5633, 4298.46
5634, 4303.08
5635, 4304.1
5636, 4303.59
5637, 4304.62
5638, 4306.15
5639, 4303.59
5640, 4302.56
5641, 4303.08
5642, 4301.54
5643, 4305.64
5644, 4303.08
5645, 4300
5646, 4306.67
5647, 4310.77
5648, 4310.77
5649, 4306.67
5650, 4309.23
5651, 4315.38
5652, 4312.82
5653, 4316.92
5654, 4322.05
5655, 4330.26
5656, 4350.77
5657, 4360
5658, 4358.97
5659, 4360
5660, 4361.54
5661, 4363.08
5662, 4363.08
5663, 4364.1
5664, 4366.15
5665, 4366.67
5666, 4367.69
5667, 4365.13
5668, 4368.21
5669, 4370.77
5670, 4362.05
5671, 4360.51
5672, 4364.62
5673, 4364.62
5674, 4364.62
5675, 4361.54
5676, 4360
5677, 4362.05
5678, 4364.1
5679, 4360
5680, 4352.31
5681, 4357.44
5682, 4363.08
5683, 4360.51
5684, 4362.56
5685, 4363.08
5686, 4365.64
5687, 4367.69
5688, 4365.13
5689, 4367.69
5690, 4366.15
5691, 4365.64
5692, 4369.23
5693, 4368.21
5694, 4365.13
5695, 4361.03
5696, 4363.59
5697, 4371.28
5698, 4370.26
5699, 4370.77
5700, 4371.28
5701, 4369.74
5702, 4372.31
5703, 4373.33
5704, 4372.82
5705, 4368.72
5706, 4367.18
5707, 4375.38
5708, 4372.82
5709, 4363.08
5710, 4360.51
5711, 4366.15
5712, 4368.21
5713, 4361.54
5714, 4367.69
5715, 4378.46
5716, 4371.28
5717, 4366.15
5718, 4367.18
5719, 4368.21
5720, 4371.28
5721, 4373.33
5722, 4372.31
5723, 4367.69
5724, 4369.74
5725, 4374.87
5726, 4370.77
5727, 4371.79
5728, 4373.85
5729, 4367.69
5730, 4366.67
5731, 4368.72
5732, 4371.79
5733, 4371.28
5734, 4368.72
5735, 4371.79
5736, 4369.74
5737, 4372.31
5738, 4378.46
5739, 4373.33
5740, 4370.26
5741, 4370.26
5742, 4369.74
5743, 4367.69
5744, 4364.1
5745, 4368.72
5746, 4369.74
5747, 4366.67
5748, 4369.74
5749, 4368.72
5750, 4366.15
5751, 4367.18
5752, 4369.23
5753, 4370.77
5754, 4366.67
5755, 4370.26
5756, 4375.38
5757, 4368.21
5758, 4363.08
5759, 4366.67
5760, 4373.85
5761, 4376.41
5762, 4377.44
5763, 4380.51
5764, 4377.44
5765, 4380
5766, 4387.18
5767, 4381.03
5768, 4377.44
5769, 4381.03
5770, 4382.56
5771, 4384.1
5772, 4385.64
5773, 4389.74
5774, 4384.62
5775, 4379.49
5776, 4385.64
5777, 4386.67
5778, 4382.56
5779, 4383.08
5780, 4382.05
5781, 4380
5782, 4378.46
5783, 4380
5784, 4376.41
5785, 4371.28
5786, 4374.36
5787, 4374.87
5788, 4372.82
5789, 4372.31
5790, 4368.21
5791, 4371.28
5792, 4372.31
5793, 4373.85
5794, 4377.95
5795, 4372.82
5796, 4372.31
5797, 4376.92
5798, 4377.44
5799, 4378.97
5800, 4377.95
5801, 4377.95
5802, 4376.41
5803, 4371.28
5804, 4371.79
5805, 4369.74
5806, 4369.23
5807, 4375.9
5808, 4381.03
5809, 4380
5810, 4369.23
5811, 4368.21
5812, 4377.44
5813, 4372.31
5814, 4365.64
5815, 4370.77
5816, 4380
5817, 4380
5818, 4376.92
5819, 4381.03
5820, 4380.51
5821, 4374.87
5822, 4378.46
5823, 4378.97
5824, 4377.95
5825, 4376.92
5826, 4375.9
5827, 4382.05
5828, 4384.62
5829, 4382.05
5830, 4376.92
5831, 4374.87
5832, 4379.49
5833, 4377.44
5834, 4375.9
5835, 4377.44
5836, 4375.9
5837, 4376.41
5838, 4373.85
5839, 4370.26
5840, 4372.31
5841, 4373.85
5842, 4375.9
5843, 4374.36
5844, 4369.74
5845, 4366.67
5846, 4358.97
5847, 4360
5848, 4366.15
5849, 4367.18
5850, 4369.74
5851, 4365.13
5852, 4361.03
5853, 4362.56
5854, 4366.67
5855, 4369.23
5856, 4360
5857, 4360.51
5858, 4369.74
5859, 4366.67
5860, 4365.13
5861, 4368.72
5862, 4370.26
5863, 4371.79
5864, 4370.77
5865, 4370.26
5866, 4368.72
5867, 4367.69
5868, 4366.67
5869, 4365.13
5870, 4365.13
5871, 4358.46
5872, 4356.92
5873, 4366.15
5874, 4361.03
5875, 4352.31
5876, 4356.92
5877, 4363.59
5878, 4364.62
5879, 4357.95
5880, 4355.9
5881, 4360
5882, 4357.95
5883, 4360
5884, 4360
5885, 4354.36
5886, 4356.92
5887, 4357.95
5888, 4353.85
5889, 4350.26
5890, 4352.82
5891, 4355.38
5892, 4350.77
5893, 4353.33
5894, 4353.85
5895, 4348.21
5896, 4353.33
5897, 4357.95
5898, 4354.87
5899, 4351.79
5900, 4354.36
5901, 4355.38
5902, 4347.18
5903, 4348.21
5904, 4356.41
5905, 4355.38
5906, 4356.92
5907, 4354.87
5908, 4348.72
5909, 4348.21
5910, 4347.18
5911, 4347.69
5912, 4349.74
5913, 4354.36
5914, 4358.97
5915, 4351.28
5916, 4348.72
5917, 4354.87
5918, 4358.46
5919, 4354.36
5920, 4350.26
5921, 4356.41
5922, 4355.38
5923, 4347.69
5924, 4351.79
5925, 4354.87
5926, 4352.31
5927, 4352.31
5928, 4354.87
5929, 4358.97
5930, 4355.9
5931, 4352.82
5932, 4356.41
5933, 4358.46
5934, 4364.62
5935, 4364.62
5936, 4357.95
5937, 4360.51
5938, 4363.08
5939, 4362.56
5940, 4361.54
5941, 4359.49
5942, 4360
5943, 4358.97
5944, 4360
5945, 4362.05
5946, 4366.67
5947, 4369.74
5948, 4356.92
5949, 4350.26
5950, 4357.95
5951, 4356.92
5952, 4355.9
5953, 4358.97
5954, 4361.54
5955, 4362.05
5956, 4363.08
5957, 4370.26
5958, 4366.67
5959, 4358.97
5960, 4363.59
5961, 4362.05
5962, 4354.36
5963, 4353.85
5964, 4354.87
5965, 4350.26
5966, 4343.59
5967, 4346.15
5968, 4350.77
5969, 4353.85
5970, 4359.49
5971, 4354.36
5972, 4349.74
5973, 4353.85
5974, 4352.82
5975, 4350.77
5976, 4346.15
5977, 4340
5978, 4344.62
5979, 4352.82
5980, 4348.72
5981, 4376.92
5982, 4453.85
5983, 4451.79
5984, 4353.33
5985, 4317.95
5986, 4343.59
5987, 4331.28
5988, 4300.51
5989, 4285.13
5990, 4293.85
5991, 4330.77
5992, 4368.21
5993, 4396.92
5994, 4423.08
5995, 4447.69
5996, 4469.74
5997, 4481.54
5998, 4483.08
5999, 4470.26
6000, 4458.97
6001, 4458.46
6002, 4452.82
6003, 4446.67
6004, 4443.08
6005, 4437.95
6006, 4436.41
6007, 4433.85
6008, 4431.28
6009, 4425.64
6010, 4422.05
6011, 4424.62
6012, 4421.03
6013, 4416.92
6014, 4410.77
6015, 4401.54
6016, 4396.92
6017, 4393.33
6018, 4392.31
6019, 4384.1
6020, 4371.79
6021, 4380
6022, 4387.69
6023, 4371.79
6024, 4357.95
6025, 4362.56
6026, 4369.74
6027, 4365.64
6028, 4365.64
6029, 4369.74
6030, 4366.67
6031, 4364.1
6032, 4356.92
6033, 4354.87
6034, 4363.08
6035, 4362.05
6036, 4355.9
6037, 4351.28
6038, 4348.72
6039, 4353.85
6040, 4353.33
6041, 4348.72
6042, 4347.18
6043, 4347.69
6044, 4352.31
6045, 4350.26
6046, 4347.18
6047, 4348.72
6048, 4343.08
6049, 4338.97
6050, 4338.97
6051, 4340
6052, 4340.51
6053, 4339.49
6054, 4342.56
6055, 4339.49
6056, 4333.33
6057, 4338.97
6058, 4341.54
6059, 4339.49
6060, 4332.31
6061, 4330.77
6062, 4338.97
6063, 4337.44
6064, 4337.95
6065, 4343.08
6066, 4338.97
6067, 4337.44
6068, 4341.54
6069, 4337.44
6070, 4330.26
6071, 4333.33
6072, 4344.1
6073, 4344.62
6074, 4341.03
6075, 4341.03
6076, 4340
6077, 4343.59
6078, 4340
6079, 4330.26
6080, 4335.38
6081, 4338.97
6082, 4338.97
6083, 4343.08
6084, 4346.67
6085, 4344.62
6086, 4338.97
6087, 4342.56
6088, 4348.21
6089, 4344.1
6090, 4343.59
6091, 4345.13
6092, 4344.1
6093, 4342.05
6094, 4341.54
6095, 4348.72
6096, 4348.72
6097, 4343.59
6098, 4342.56
6099, 4338.97
6100, 4342.05
6101, 4345.64
6102, 4343.59
6103, 4339.49
6104, 4335.9
6105, 4339.49
6106, 4341.03
6107, 4339.49
6108, 4344.1
6109, 4343.59
6110, 4341.03
6111, 4344.1
6112, 4349.74
6113, 4348.72
6114, 4335.9
6115, 4332.31
6116, 4340
6117, 4338.97
6118, 4336.92
6119, 4336.41
6120, 4335.38
6121, 4333.33
6122, 4331.28
6123, 4334.87
6124, 4334.87
6125, 4332.31
6126, 4331.28
6127, 4329.74
6128, 4335.38
6129, 4337.95
6130, 4332.31
6131, 4334.36
6132, 4336.92
6133, 4335.38
6134, 4333.33
6135, 4333.85
6136, 4335.9
6137, 4332.82
6138, 4337.44
6139, 4343.59
6140, 4337.44
6141, 4334.36
6142, 4332.31
6143, 4330.26
6144, 4334.36
6145, 4336.41
6146, 4339.49
6147, 4339.49
6148, 4337.95
6149, 4341.03
6150, 4344.62
6151, 4350.77
6152, 4351.79
6153, 4347.18
6154, 4347.69
6155, 4341.03
6156, 4337.95
6157, 4338.97
6158, 4335.9
6159, 4338.97
6160, 4343.59
6161, 4341.54
6162, 4336.41
6163, 4334.87
6164, 4341.54
6165, 4341.03
6166, 4335.9
6167, 4338.97
6168, 4342.05
6169, 4340.51
6170, 4335.38
6171, 4335.38
6172, 4338.97
6173, 4335.9
6174, 4336.41
6175, 4337.44
6176, 4338.97
6177, 4342.05
6178, 4336.92
6179, 4336.92
6180, 4340.51
6181, 4339.49
6182, 4342.56
6183, 4343.59
6184, 4342.56
6185, 4342.56
6186, 4338.97
6187, 4341.54
6188, 4347.18
6189, 4349.74
6190, 4349.74
6191, 4348.72
6192, 4351.79
6193, 4348.72
6194, 4347.69
6195, 4352.31
6196, 4346.67
6197, 4338.97
6198, 4335.9
6199, 4336.92
6200, 4344.1
6201, 4347.69
6202, 4346.67
6203, 4345.13
6204, 4344.62
6205, 4345.13
6206, 4340
6207, 4339.49
6208, 4343.08
6209, 4340
6210, 4338.97
6211, 4338.97
6212, 4339.49
6213, 4341.54
6214, 4338.46
6215, 4340
6216, 4343.59
6217, 4345.64
6218, 4350.26
6219, 4352.31
6220, 4352.31
6221, 4350.26
6222, 4354.36
6223, 4360
6224, 4350.77
6225, 4349.23
6226, 4355.38
6227, 4353.33
6228, 4354.36
6229, 4353.85
6230, 4350.77
6231, 4353.33
6232, 4355.38
6233, 4353.85
6234, 4348.72
6235, 4349.74
6236, 4359.49
6237, 4361.03
6238, 4351.79
6239, 4393.33
6240, 4470.77
6241, 4442.56
6242, 4334.87
6243, 4322.05
6244, 4352.31
6245, 4326.67
6246, 4311.79
6247, 4312.82
6248, 4303.59
6249, 4328.72
6250, 4380.51
6251, 4415.9
6252, 4443.08
6253, 4481.03
6254, 4501.03
6255, 4504.1
6256, 4518.46
6257, 4525.13
6258, 4517.95
6259, 4513.85
6260, 4507.69
6261, 4500
6262, 4497.44
6263, 4496.92
6264, 4498.46
6265, 4498.97
6266, 4497.95
6267, 4493.85
6268, 4489.74
6269, 4485.13
6270, 4479.49
6271, 4484.1
6272, 4487.18
6273, 4485.64
6274, 4487.18
6275, 4477.95
6276, 4470.77
6277, 4469.74
6278, 4462.05
6279, 4460.51
6280, 4464.1
6281, 4460.51
6282, 4453.33
6283, 4449.74
6284, 4450.26
6285, 4444.62
6286, 4439.49
6287, 4440
6288, 4436.41
6289, 4436.41
6290, 4431.79
6291, 4425.64
6292, 4426.67
6293, 4421.03
6294, 4418.97
6295, 4421.54
6296, 4414.36
6297, 4407.18
6298, 4406.67
6299, 4408.21
6300, 4405.13
6301, 4403.59
6302, 4407.18
6303, 4400.51
6304, 4393.85
6305, 4396.92
6306, 4394.36
6307, 4390.77
6308, 4388.72
6309, 4389.74
6310, 4391.28
6311, 4387.18
6312, 4385.64
6313, 4385.64
6314, 4386.15
6315, 4386.67
6316, 4378.97
6317, 4377.95
6318, 4379.49
6319, 4377.95
6320, 4381.54
6321, 4380.51
6322, 4379.49
6323, 4384.62
6324, 4385.13
6325, 4383.08
6326, 4378.97
6327, 4376.92
6328, 4377.95
6329, 4378.46
6330, 4375.9
6331, 4368.72
6332, 4368.21
6333, 4372.31
6334, 4369.74
6335, 4369.23
6336, 4370.26
6337, 4369.23
6338, 4367.69
6339, 4357.95
6340, 4356.41
6341, 4363.08
6342, 4361.03
6343, 4358.97
6344, 4358.46
6345, 4361.03
6346, 4362.56
6347, 4361.03
6348, 4363.08
6349, 4352.82
6350, 4342.05
6351, 4345.64
6352, 4348.72
6353, 4347.18
6354, 4341.03
6355, 4339.49
6356, 4341.54
6357, 4334.87
6358, 4329.74
6359, 4326.15
6360, 4327.18
6361, 4328.72
6362, 4326.15
6363, 4333.33
6364, 4338.97
6365, 4333.85
6366, 4331.28
6367, 4330.26
6368, 4328.72
6369, 4324.62
6370, 4321.54
6371, 4327.69
6372, 4328.21
6373, 4323.59
6374, 4322.56
6375, 4320
6376, 4320
6377, 4317.44
6378, 4315.9
6379, 4317.44
6380, 4316.41
6381, 4318.97
6382, 4320.51
6383, 4320.51
6384, 4325.13
6385, 4321.03
6386, 4315.38
6387, 4314.36
6388, 4312.82
6389, 4313.85
6390, 4311.79
6391, 4312.31
6392, 4313.85
6393, 4310.26
6394, 4308.72
6395, 4307.69
6396, 4308.72
6397, 4306.67
6398, 4303.08
6399, 4307.69
6400, 4309.74
6401, 4310.26
6402, 4310.77
6403, 4307.18
6404, 4307.69
6405, 4304.62
6406, 4298.97
6407, 4303.08
6408, 4306.15
6409, 4304.62
6410, 4302.56
6411, 4299.49
6412, 4300
6413, 4296.92
6414, 4291.79
6415, 4289.23
6416, 4291.79
6417, 4300.51
6418, 4297.44
6419, 4289.23
6420, 4286.67
6421, 4286.67
6422, 4289.74
6423, 4293.85
6424, 4292.31, estimuli
6425, 4292.82
6426, 4342.05
6427, 4398.97
6428, 4361.54
6429, 4290.77
6430, 4280.51
6431, 4293.85
6432, 4293.85
6433, 4286.15
6434, 4277.95
6435, 4287.69
6436, 4305.64
6437, 4331.28
6438, 4367.69
6439, 4390.77
6440, 4406.67
6441, 4417.44
6442, 4420
6443, 4418.97
6444, 4412.82
6445, 4408.72
6446, 4402.56
6447, 4396.41
6448, 4395.38
6449, 4393.85
6450, 4391.28
6451, 4384.1
6452, 4384.62
6453, 4393.85
6454, 4392.31
6455, 4383.59
6456, 4374.87
6457, 4372.31
6458, 4373.85
6459, 4363.59
6460, 4356.92
6461, 4356.41
6462, 4352.82
6463, 4354.36
6464, 4354.87
6465, 4348.72
6466, 4338.97
6467, 4332.31
6468, 4336.41
6469, 4340
6470, 4337.44
6471, 4335.38
6472, 4331.79
6473, 4328.21
6474, 4322.56
6475, 4321.54
6476, 4323.59
6477, 4320.51
6478, 4323.08
6479, 4325.64
6480, 4323.08
6481, 4321.54
6482, 4318.97
6483, 4320
6484, 4317.95
6485, 4311.79
6486, 4309.23
6487, 4301.03
6488, 4295.9
6489, 4296.41
6490, 4292.82
6491, 4292.31
6492, 4291.28
6493, 4288.72
6494, 4289.23
6495, 4288.72
6496, 4288.21
6497, 4284.1
6498, 4284.1
6499, 4288.21
6500, 4283.59
6501, 4282.56
6502, 4282.56
6503, 4278.46
6504, 4280.51
6505, 4281.54
6506, 4283.59
6507, 4283.08
6508, 4275.38
6509, 4273.85
6510, 4272.82
6511, 4272.82
6512, 4285.64
6513, 4304.62
6514, 4303.08
6515, 4268.21
6516, 4239.49
6517, 4237.95
6518, 4250.26
6519, 4278.46
6520, 4305.64
6521, 4312.82
6522, 4299.49
6523, 4283.59
6524, 4258.97
6525, 4214.87
6526, 4207.18
6527, 4243.08
6528, 4282.05
6529, 4321.03
6530, 4332.31
6531, 4299.49
6532, 4257.44
6533, 4223.08
6534, 4213.85
6535, 4238.97
6536, 4276.41
6537, 4319.49
6538, 4332.82
6539, 4300
6540, 4252.31
6541, 4213.33
6542, 4213.33
6543, 4246.15
6544, 4287.18
6545, 4327.69
6546, 4333.33
6547, 4296.92
6548, 4249.23
6549, 4211.79
6550, 4208.21
6551, 4234.87
6552, 4271.79
6553, 4307.18
6554, 4317.95
6555, 4288.21
6556, 4238.97
6557, 4208.21
6558, 4205.13
6559, 4232.82
6560, 4280
6561, 4313.33
6562, 4318.97
6563, 4295.9
6564, 4252.31
6565, 4218.46
6566, 4214.36
6567, 4240
6568, 4277.95
6569, 4306.67
6570, 4314.87
6571, 4287.18
6572, 4243.08
6573, 4217.95
6574, 4218.46
6575, 4243.08
6576, 4279.49
6577, 4308.72
6578, 4318.46
6579, 4290.26
6580, 4247.18
6581, 4218.97
6582, 4217.95
6583, 4249.74
6584, 4290.77
6585, 4325.13
6586, 4330.26
6587, 4297.44
6588, 4261.03
6589, 4236.92
6590, 4234.87
6591, 4258.46
6592, 4292.31
6593, 4327.18
6594, 4334.36
6595, 4305.64
6596, 4269.23
6597, 4241.54
6598, 4239.49
6599, 4264.1
6600, 4302.56
6601, 4333.85
6602, 4329.74
6603, 4302.05
6604, 4268.72
6605, 4239.49
6606, 4235.9
6607, 4258.46
6608, 4296.92
6609, 4326.15
6610, 4321.54
6611, 4298.46
6612, 4265.64
6613, 4234.36
6614, 4229.23
6615, 4254.87
6616, 4295.9
6617, 4324.62
6618, 4328.21
6619, 4309.23
6620, 4268.72
6621, 4236.92
6622, 4237.44
6623, 4264.62
6624, 4301.03
6625, 4326.67
6626, 4333.85
6627, 4309.23
6628, 4265.64
6629, 4235.38
6630, 4229.74
6631, 4256.92
6632, 4298.97
6633, 4323.59
6634, 4323.08
6635, 4297.95
6636, 4266.15
6637, 4243.08
6638, 4233.85
6639, 4255.9
6640, 4291.28
6641, 4309.74
6642, 4306.67
6643, 4290.26
6644, 4287.18
6645, 4289.23
6646, 4283.59
6647, 4284.1
6648, 4283.08
6649, 4279.49
6650, 4276.92
6651, 4274.87
6652, 4278.97
6653, 4280.51
6654, 4280.51
6655, 4275.9
6656, 4269.74
6657, 4274.36
6658, 4269.23
6659, 4253.33
6660, 4251.28
6661, 4251.79
6662, 4249.74
6663, 4251.79
6664, 4254.87
6665, 4253.33
6666, 4252.82
6667, 4256.41
6668, 4251.79
6669, 4250.26
6670, 4258.97
6671, 4260
6672, 4260
6673, 4257.44
6674, 4249.23
6675, 4249.74
6676, 4252.82
6677, 4257.95
6678, 4262.05
6679, 4260
6680, 4263.59
6681, 4261.54
6682, 4254.87
6683, 4257.95
6684, 4263.08
6685, 4265.64
6686, 4262.05
6687, 4260
6688, 4261.03
6689, 4258.97
6690, 4260.51
6691, 4257.44
6692, 4254.36
6693, 4259.49
6694, 4260
6695, 4257.95
6696, 4258.97
6697, 4260
6698, 4259.49
6699, 4256.41
6700, 4261.03
6701, 4265.13
6702, 4259.49
6703, 4260.51
6704, 4260
6705, 4257.44
6706, 4262.56
6707, 4260.51
6708, 4259.49
6709, 4261.54
6710, 4262.56
6711, 4266.15
6712, 4266.15
6713, 4266.15
6714, 4264.62
6715, 4262.05
6716, 4261.54
6717, 4257.95
6718, 4259.49
6719, 4263.08
6720, 4265.13
6721, 4269.23
6722, 4266.15
6723, 4263.08
6724, 4261.54
6725, 4260.51
6726, 4263.08
6727, 4261.54
6728, 4264.62
6729, 4271.79
6730, 4270.26
6731, 4272.31
6732, 4273.85
6733, 4267.69
6734, 4263.08
6735, 4258.46
6736, 4256.41
6737, 4254.87
6738, 4255.9
6739, 4260
6740, 4258.97
6741, 4259.49
6742, 4255.9
6743, 4251.79
6744, 4257.95
6745, 4261.03
6746, 4260
6747, 4257.95
6748, 4255.38
6749, 4256.41
6750, 4251.79
6751, 4249.23
6752, 4253.33
6753, 4251.28
6754, 4250.77
6755, 4250.26
6756, 4247.18
6757, 4247.69
6758, 4248.21
6759, 4251.28
6760, 4252.82
6761, 4253.85
6762, 4254.36
6763, 4250.26
6764, 4255.38
6765, 4260
6766, 4253.33
6767, 4251.28
6768, 4254.36
6769, 4256.41
6770, 4255.9
6771, 4256.41
6772, 4260
6773, 4253.33
6774, 4251.28
6775, 4257.44
6776, 4255.9
6777, 4251.79
6778, 4252.82
6779, 4260
6780, 4264.1
6781, 4262.05
6782, 4265.13
6783, 4262.05
6784, 4260.51
6785, 4273.33
6786, 4274.87
6787, 4264.62
6788, 4258.97
6789, 4257.44
6790, 4262.05
6791, 4263.08
6792, 4262.56
6793, 4261.54
6794, 4263.59
6795, 4270.77
6796, 4267.69
6797, 4262.05
6798, 4265.64
6799, 4268.21
6800, 4268.21
6801, 4265.13
6802, 4264.62
6803, 4264.1
6804, 4258.46
6805, 4262.56
6806, 4263.59
6807, 4256.41
6808, 4260, estimuli
6809, 4263.59
6810, 4263.08
6811, 4266.15
6812, 4272.31
6813, 4271.28
6814, 4261.54
6815, 4259.49
6816, 4262.56
6817, 4268.21
6818, 4276.92
6819, 4269.74
6820, 4264.1
6821, 4270.26
6822, 4271.79
6823, 4271.79
6824, 4271.79
6825, 4272.82
6826, 4274.87
6827, 4270.77
6828, 4271.28
6829, 4273.33
6830, 4276.41
6831, 4280
6832, 4277.44
6833, 4280
6834, 4282.05
6835, 4278.46
6836, 4278.46
6837, 4277.95
6838, 4280.51
6839, 4281.54
6840, 4281.54
6841, 4282.56
6842, 4274.87
6843, 4274.36
6844, 4281.54
6845, 4280
6846, 4282.56
6847, 4285.64
6848, 4285.64
6849, 4287.69
6850, 4289.74
6851, 4290.77
6852, 4284.62
6853, 4282.56
6854, 4291.28
6855, 4291.79
6856, 4288.72
6857, 4290.26
6858, 4291.79
6859, 4295.38
6860, 4295.38
6861, 4295.38
6862, 4294.36
6863, 4288.72
6864, 4291.28
6865, 4298.97
6866, 4302.56
6867, 4301.54
6868, 4309.74
6869, 4327.18
6870, 4316.41
6871, 4280.51
6872, 4257.95
6873, 4255.38
6874, 4273.85
6875, 4305.13
6876, 4332.31
6877, 4341.03
6878, 4331.28
6879, 4323.08
6880, 4288.21
6881, 4241.03
6882, 4245.13
6883, 4277.95
6884, 4320.51
6885, 4365.13
6886, 4370.26
6887, 4332.31
6888, 4279.49
6889, 4244.1
6890, 4246.67
6891, 4277.44
6892, 4322.05
6893, 4363.59
6894, 4367.69
6895, 4329.74
6896, 4284.62
6897, 4256.92
6898, 4256.92
6899, 4288.72
6900, 4334.36
6901, 4369.23
6902, 4373.85
6903, 4336.41
6904, 4288.21
6905, 4263.59
6906, 4264.1
6907, 4296.92
6908, 4348.72
6909, 4381.03
6910, 4397.95
6911, 4425.64
6912, 4404.1
6913, 4313.33
6914, 4286.15
6915, 4324.1
6916, 4325.64
6917, 4347.18
6918, 4373.33
6919, 4313.85
6920, 4262.56
6921, 4280.51
6922, 4337.44
6923, 4433.85
6924, 4533.33
6925, 4599.49
6926, 4617.95
6927, 4583.08
6928, 4528.72
6929, 4487.18
6930, 4476.92
6931, 4491.79
6932, 4523.08
6933, 4561.03
6934, 4576.41
6935, 4563.08
6936, 4533.85
6937, 4509.74
6938, 4514.87
6939, 4538.46
6940, 4563.59
6941, 4580.51
6942, 4574.87
6943, 4542.05
6944, 4490.26
6945, 4454.36
6946, 4450.77
6947, 4464.62
6948, 4493.85
6949, 4516.92
6950, 4509.74
6951, 4478.46
6952, 4434.36
6953, 4403.59
6954, 4401.54
6955, 4424.62
6956, 4456.92
6957, 4469.23
6958, 4464.1
6959, 4439.49
6960, 4392.82
6961, 4362.05
6962, 4361.03
6963, 4382.05
6964, 4416.92
6965, 4445.13
6966, 4443.59
6967, 4406.67
6968, 4360
6969, 4330.77
6970, 4328.72
6971, 4354.36
6972, 4383.08
6973, 4405.13
6974, 4409.74
6975, 4367.69
6976, 4304.62
6977, 4263.59
6978, 4260.51
6979, 4286.67
6980, 4321.03
6981, 4352.31
6982, 4351.79
6983, 4314.36
6984, 4275.38
6985, 4246.67
6986, 4250.26
6987, 4284.62
6988, 4315.38
6989, 4333.85
6990, 4329.74
6991, 4300
6992, 4264.1
6993, 4238.46
6994, 4242.56
6995, 4274.87
6996, 4311.28
6997, 4322.56
6998, 4302.56
6999, 4289.74
7000, 4292.82
7001, 4289.23
7002, 4282.05
7003, 4281.54
7004, 4291.28
7005, 4290.26
7006, 4280
7007, 4280
7008, 4281.03
7009, 4281.54
7010, 4283.59
7011, 4284.1
7012, 4283.59
7013, 4276.92
7014, 4278.97
7015, 4285.64
7016, 4280
7017, 4279.49
7018, 4282.56
7019, 4283.08
7020, 4286.67
7021, 4286.67
7022, 4283.59
7023, 4278.46
7024, 4278.46
7025, 4285.13
7026, 4280
7027, 4274.87
7028, 4277.44
7029, 4274.87
7030, 4273.33
7031, 4270.77
7032, 4268.21
7033, 4273.85
7034, 4273.85
7035, 4268.21
7036, 4261.03
7037, 4264.62
7038, 4275.9
7039, 4274.36
7040, 4271.79
7041, 4272.31
7042, 4268.72
7043, 4260.51
7044, 4257.44
7045, 4265.13
7046, 4263.59
7047, 4263.59
7048, 4269.74
7049, 4262.56
7050, 4260.51
7051, 4262.56
7052, 4257.44
7053, 4258.97
7054, 4260.51
7055, 4261.03
7056, 4264.1
7057, 4263.59
7058, 4264.1
7059, 4262.56
7060, 4261.54
7061, 4261.54
7062, 4258.97
7063, 4261.54
7064, 4264.1
7065, 4262.05
7066, 4263.08
7067, 4263.08
7068, 4262.05
7069, 4256.41
7070, 4256.92
7071, 4264.62
7072, 4263.08
7073, 4265.13
7074, 4269.23
7075, 4264.62
7076, 4262.05
7077, 4261.54
7078, 4266.67
7079, 4271.28
7080, 4269.23
7081, 4273.85
7082, 4277.95
7083, 4271.79
7084, 4261.54
7085, 4261.54
7086, 4273.33
7087, 4271.79
7088, 4267.18
7089, 4271.28
7090, 4266.15
7091, 4264.1
7092, 4269.23
7093, 4270.77
7094, 4270.77
7095, 4270.77
7096, 4273.85
7097, 4274.36
7098, 4274.36
7099, 4277.44
7100, 4272.31
7101, 4273.33
7102, 4281.54
7103, 4281.03
7104, 4282.05
7105, 4283.08
7106, 4281.03
7107, 4274.87
7108, 4269.23
7109, 4276.41
7110, 4280.51
7111, 4276.92
7112, 4278.46
7113, 4276.92
7114, 4274.87
7115, 4274.36
7116, 4274.36
7117, 4271.79
7118, 4267.18
7119, 4273.33
7120, 4277.44
7121, 4274.87
7122, 4277.95
7123, 4278.97
7124, 4279.49
7125, 4281.54
7126, 4280
7127, 4281.54
7128, 4281.54
7129, 4282.56
7130, 4285.13
7131, 4285.64
7132, 4287.69
7133, 4285.64
7134, 4287.69
7135, 4292.31
7136, 4289.74
7137, 4292.82
7138, 4291.28
7139, 4283.08
7140, 4281.03
7141, 4276.92
7142, 4277.95
7143, 4286.15
7144, 4291.28
7145, 4291.79
7146, 4287.18
7147, 4289.23
7148, 4289.74
7149, 4280.51
7150, 4276.92
7151, 4277.44
7152, 4280
7153, 4283.08
7154, 4278.46
7155, 4273.85
7156, 4273.33
7157, 4277.44
7158, 4277.95
7159, 4272.82
7160, 4282.05
7161, 4287.69
7162, 4279.49
7163, 4275.9
7164, 4278.46
7165, 4286.67
7166, 4285.13
7167, 4276.41
7168, 4276.92
7169, 4277.44
7170, 4275.9
7171, 4276.92
7172, 4283.08
7173, 4289.74
7174, 4285.64
7175, 4286.15
7176, 4291.79
7177, 4290.77
7178, 4298.97
7179, 4302.05
7180, 4293.33
7181, 4291.79
7182, 4294.36
7183, 4295.9
7184, 4294.36
7185, 4293.33
7186, 4292.82
7187, 4287.69
7188, 4290.77
7189, 4294.36
7190, 4293.85
7191, 4294.36
7192, 4291.28
7193, 4294.36
7194, 4297.95
7195, 4292.82
7196, 4291.79
7197, 4292.31
7198, 4292.82
7199, 4296.41
7200, 4293.85
7201, 4293.85
7202, 4294.36
7203, 4294.36
7204, 4293.85
7205, 4290.77
7206, 4294.36
7207, 4293.85
7208, 4291.28
7209, 4291.79
7210, 4289.74
7211, 4291.28
7212, 4292.31
7213, 4292.82
7214, 4298.97
7215, 4296.92
7216, 4295.9
7217, 4297.44
7218, 4297.44
7219, 4297.95
7220, 4294.36
7221, 4296.92
7222, 4300
7223, 4290.77
7224, 4288.21
7225, 4295.9
7226, 4300
7227, 4296.41
7228, 4293.85
7229, 4297.95
7230, 4295.38
7231, 4292.82
7232, 4296.92
7233, 4294.36
7234, 4294.36
7235, 4297.95
7236, 4296.92
7237, 4294.87
7238, 4290.77
7239, 4295.9
7240, 4299.49
7241, 4293.33
7242, 4292.31
7243, 4291.79
7244, 4289.23
7245, 4288.72
7246, 4290.26
7247, 4293.85
7248, 4295.9
7249, 4304.1
7250, 4308.72
7251, 4301.03
7252, 4293.85
7253, 4287.69
7254, 4288.72
7255, 4294.87
7256, 4295.9
7257, 4301.03
7258, 4302.56
7259, 4299.49
7260, 4303.08
7261, 4305.13
7262, 4305.64
7263, 4302.05
7264, 4296.92
7265, 4300
7266, 4299.49
7267, 4300
7268, 4303.59
7269, 4303.59
7270, 4306.15
7271, 4304.62
7272, 4305.13
7273, 4305.64
7274, 4301.54
7275, 4307.18
7276, 4307.18
7277, 4295.9
7278, 4289.74
7279, 4287.18
7280, 4290.26
7281, 4293.33
7282, 4293.85
7283, 4295.38
7284, 4294.87
7285, 4294.87
7286, 4292.82
7287, 4292.82
7288, 4297.95
7289, 4298.97
7290, 4303.59
7291, 4303.59
7292, 4291.28
7293, 4291.28
7294, 4295.38
7295, 4294.36
7296, 4296.41
7297, 4295.9
7298, 4287.69
7299, 4280
7300, 4287.69
7301, 4294.36
7302, 4291.79
7303, 4300.51
7304, 4304.62
7305, 4294.87
7306, 4290.77
7307, 4287.69
7308, 4287.69
7309, 4290.26
7310, 4291.28
7311, 4293.85
7312, 4293.85
7313, 4294.87
7314, 4295.38
7315, 4293.85
7316, 4291.79
7317, 4283.08
7318, 4281.54
7319, 4284.1
7320, 4283.59
7321, 4287.69
7322, 4286.67
7323, 4285.13
7324, 4286.67
7325, 4284.62
7326, 4287.69
7327, 4287.18
7328, 4286.67
7329, 4295.38
7330, 4294.87
7331, 4289.74
7332, 4290.77
7333, 4292.31
7334, 4293.33
7335, 4289.23
7336, 4290.26
7337, 4293.33
7338, 4292.82
7339, 4295.38
7340, 4295.9
7341, 4296.92
7342, 4297.44
7343, 4295.38
7344, 4298.46
7345, 4294.87
7346, 4293.85
7347, 4299.49
7348, 4296.92
7349, 4295.9
7350, 4296.41
7351, 4294.87
7352, 4295.38
7353, 4295.38
7354, 4297.44
7355, 4292.82
7356, 4289.74
7357, 4298.46
7358, 4300.51
7359, 4298.46
7360, 4300.51
7361, 4302.56
7362, 4305.13
7363, 4303.08
7364, 4303.59
7365, 4304.1
7366, 4302.56
7367, 4308.72
7368, 4309.23
7369, 4309.23
7370, 4310.77
7371, 4305.64
7372, 4305.13
7373, 4308.21
7374, 4308.72
7375, 4307.69
7376, 4303.08
7377, 4302.56
7378, 4303.08
7379, 4301.03
7380, 4301.03
7381, 4302.05
7382, 4305.13
7383, 4304.62
7384, 4304.1
7385, 4312.31
7386, 4309.74
7387, 4304.62
7388, 4310.26
7389, 4312.31
7390, 4309.74
7391, 4307.18
7392, 4309.23
7393, 4313.85
7394, 4313.33
7395, 4314.36
7396, 4310.77
7397, 4311.28
7398, 4315.9
7399, 4315.9
7400, 4320.51
7401, 4321.03
7402, 4314.36
7403, 4315.38
7404, 4314.87
7405, 4313.33
7406, 4313.33
7407, 4311.79
7408, 4313.33
7409, 4313.33
7410, 4313.85
7411, 4313.85
7412, 4313.33
7413, 4316.41
7414, 4313.85
7415, 4315.9
7416, 4321.54
7417, 4317.44
7418, 4318.46
7419, 4321.54
7420, 4323.08
7421, 4326.67
7422, 4322.05
7423, 4322.05
7424, 4327.18
7425, 4327.69
7426, 4323.08
7427, 4317.95
7428, 4321.03
7429, 4320.51
7430, 4321.03
7431, 4328.72
7432, 4326.15
7433, 4323.59
7434, 4329.74
7435, 4332.31
7436, 4332.31
7437, 4329.74
7438, 4329.23
7439, 4330.77
7440, 4329.23
7441, 4330.77
7442, 4327.69
7443, 4330.26
7444, 4335.9
7445, 4332.82
7446, 4382.05
7447, 4435.9
7448, 4380
7449, 4303.08
7450, 4302.05
7451, 4295.9
7452, 4250.26
7453, 4255.38
7454, 4286.67
7455, 4276.92
7456, 4295.38
7457, 4377.95
7458, 4478.46
7459, 4558.97
7460, 4604.1
7461, 4633.85
7462, 4657.44
7463, 4658.97
7464, 4640
7465, 4614.36
7466, 4600
7467, 4586.67
7468, 4563.59
7469, 4548.72
7470, 4545.13
7471, 4544.1
7472, 4543.08
7473, 4534.87
7474, 4523.59
7475, 4516.92
7476, 4508.72
7477, 4494.36
7478, 4480
7479, 4476.92
7480, 4471.28
7481, 4459.49
7482, 4461.03
7483, 4458.46
7484, 4449.23
7485, 4444.1
7486, 4440
7487, 4440.51
7488, 4441.03
7489, 4442.56
7490, 4438.46
7491, 4426.67
7492, 4425.64
7493, 4425.13
7494, 4420
7495, 4415.38
7496, 4407.18
7497, 4405.64
7498, 4403.08
7499, 4394.36
7500, 4392.82
7501, 4390.26
7502, 4379.49
7503, 4370.77
7504, 4372.82
7505, 4378.46
7506, 4367.69
7507, 4360
7508, 4363.08
7509, 4361.03
7510, 4357.95
7511, 4355.9
7512, 4354.87
7513, 4354.87
7514, 4353.33
7515, 4352.31
7516, 4345.64
7517, 4342.56
7518, 4347.69
7519, 4347.18
7520, 4346.15
7521, 4343.59
7522, 4338.97
7523, 4335.9
7524, 4330.26
7525, 4334.36
7526, 4335.9
7527, 4330.77
7528, 4334.87
7529, 4331.28
7530, 4321.03
7531, 4321.03
7532, 4326.15
7533, 4324.62
7534, 4320
7535, 4325.64
7536, 4330.26
7537, 4324.1
7538, 4326.67
7539, 4329.23
7540, 4328.72
7541, 4333.33
7542, 4331.28
7543, 4330.26
7544, 4332.82
7545, 4329.23
7546, 4327.18
7547, 4326.67
7548, 4326.67
7549, 4322.56
7550, 4317.95
7551, 4319.49
7552, 4319.49
7553, 4321.54
7554, 4317.44
7555, 4309.23
7556, 4316.92
7557, 4321.54
7558, 4314.36
7559, 4311.79
7560, 4315.9
7561, 4322.56
7562, 4318.97
7563, 4312.82
7564, 4316.41
7565, 4318.46
7566, 4318.97
7567, 4318.46
7568, 4321.54
7569, 4325.64
7570, 4321.54
7571, 4321.03
7572, 4320.51
7573, 4315.9
7574, 4315.9
7575, 4316.92
7576, 4318.97
7577, 4317.95
7578, 4311.79
7579, 4316.41
7580, 4322.56
7581, 4324.1
7582, 4329.74
7583, 4331.28
7584, 4324.62
7585, 4315.9
7586, 4317.95
7587, 4322.05
7588, 4317.95
7589, 4319.49
7590, 4320
7591, 4318.97
7592, 4322.05
7593, 4319.49
7594, 4321.03
7595, 4324.62
7596, 4324.1
7597, 4323.08
7598, 4316.41
7599, 4317.44
7600, 4321.54
7601, 4317.44
7602, 4324.62
7603, 4332.82
7604, 4327.69
7605, 4322.05
7606, 4325.64
7607, 4331.79
7608, 4328.72
7609, 4327.18
7610, 4330.26
7611, 4329.74
7612, 4330.26
7613, 4324.62
7614, 4321.54
7615, 4328.21
7616, 4327.69
7617, 4328.21
7618, 4329.23
7619, 4323.59
7620, 4323.59
7621, 4326.67
7622, 4329.74
7623, 4328.72
7624, 4326.15
7625, 4330.77
7626, 4330.26
7627, 4326.15
7628, 4326.15
7629, 4327.69
7630, 4326.67
7631, 4321.03
7632, 4322.56
7633, 4326.67
7634, 4320
7635, 4320.51
7636, 4323.08
7637, 4322.56
7638, 4327.69
7639, 4329.23
7640, 4328.72
7641, 4331.28
7642, 4332.82
7643, 4333.85
7644, 4329.23
7645, 4328.72
7646, 4329.23
7647, 4327.18
7648, 4328.21
7649, 4327.69
7650, 4330.26
7651, 4331.79
7652, 4329.74
7653, 4334.87
7654, 4335.9
7655, 4336.92
7656, 4337.95
7657, 4329.74
7658, 4326.67
7659, 4328.72
7660, 4331.28
7661, 4333.33
7662, 4330.26
7663, 4329.74
7664, 4331.79
7665, 4332.82
7666, 4334.87
7667, 4333.33
7668, 4338.97
7669, 4342.05
7670, 4333.85
7671, 4332.82
7672, 4335.9
7673, 4338.46
7674, 4338.97
7675, 4335.38
7676, 4336.92
7677, 4337.44
7678, 4336.92
7679, 4337.95
7680, 4337.44
7681, 4338.46
7682, 4338.97
7683, 4342.05
7684, 4343.08
7685, 4335.38
7686, 4339.49
7687, 4348.72
7688, 4345.13
7689, 4342.56
7690, 4343.08
7691, 4341.03
7692, 4333.85
7693, 4333.33
7694, 4340.51
7695, 4337.44
7696, 4337.95
7697, 4342.56
7698, 4336.92
7699, 4335.38
7700, 4335.38
7701, 4335.38
7702, 4337.44
7703, 4332.82
7704, 4328.21
7705, 4329.23
7706, 4332.82
7707, 4337.44
7708, 4340.51
7709, 4346.67
7710, 4344.1
7711, 4335.9
7712, 4337.95
7713, 4340.51
7714, 4342.56
7715, 4339.49
7716, 4336.92
7717, 4341.54
7718, 4337.95
7719, 4334.36
7720, 4334.87
7721, 4335.9
7722, 4339.49
7723, 4335.9
7724, 4333.33
7725, 4335.9
7726, 4333.33
7727, 4334.87
7728, 4334.87
7729, 4332.31
7730, 4336.41
7731, 4337.44
7732, 4336.92
7733, 4330.77
7734, 4327.69
7735, 4332.82
7736, 4331.79
7737, 4326.67
7738, 4327.18
7739, 4329.74
7740, 4329.23
7741, 4323.08
7742, 4321.54
7743, 4324.1
7744, 4325.64
7745, 4326.67
7746, 4321.54
7747, 4318.97
7748, 4323.08
7749, 4320.51
7750, 4320.51
7751, 4323.08
7752, 4324.1
7753, 4326.15
7754, 4321.54
7755, 4322.05
7756, 4327.18
7757, 4330.26
7758, 4332.82
7759, 4331.28
7760, 4333.85
7761, 4333.33
7762, 4329.74
7763, 4333.33
7764, 4328.72
7765, 4325.13
7766, 4327.18
7767, 4325.64
7768, 4326.67
7769, 4326.67
7770, 4329.74
7771, 4329.74
7772, 4323.59
7773, 4325.64
7774, 4326.15
7775, 4326.15
7776, 4331.79
7777, 4328.72
7778, 4326.67
7779, 4331.28
7780, 4334.36
7781, 4331.28
7782, 4325.64
7783, 4329.74
7784, 4328.72
7785, 4322.56
7786, 4324.62
7787, 4321.03
7788, 4320
7789, 4325.13
7790, 4322.56
7791, 4324.1
7792, 4334.36
7793, 4341.03
7794, 4337.95
7795, 4332.82
7796, 4331.79
7797, 4325.64
7798, 4325.64
7799, 4331.28
7800, 4330.26
7801, 4331.79
7802, 4331.79
7803, 4332.82
7804, 4337.95
7805, 4336.41
7806, 4337.95
7807, 4343.08
7808, 4343.59
7809, 4343.59
7810, 4337.44
7811, 4337.95
7812, 4347.18
7813, 4348.72
7814, 4346.15
7815, 4341.54
7816, 4342.05
7817, 4342.56
7818, 4338.97
7819, 4340
7820, 4337.44
7821, 4337.95
7822, 4344.62
7823, 4343.59
7824, 4337.44
7825, 4332.31
7826, 4334.87
7827, 4335.38
7828, 4324.62
7829, 4324.62
7830, 4330.77
7831, 4328.21
7832, 4327.69
7833, 4332.82
7834, 4336.41
7835, 4332.31
7836, 4328.72
7837, 4330.77
7838, 4323.59
7839, 4320
7840, 4325.13
7841, 4325.64
7842, 4326.67
7843, 4323.59
7844, 4324.1
7845, 4329.74
7846, 4324.62
7847, 4317.44
7848, 4315.38
7849, 4318.97
7850, 4325.13
7851, 4326.15
7852, 4326.67
7853, 4335.9
7854, 4379.49
7855, 4401.03
7856, 4346.67
7857, 4296.41
7858, 4295.38
7859, 4293.85
7860, 4277.95
7861, 4267.18
7862, 4270.77
7863, 4286.67
7864, 4311.28, estimuli
7865, 4353.85
7866, 4402.05
7867, 4443.08
7868, 4481.03
7869, 4503.59
7870, 4511.28
7871, 4509.23
7872, 4505.64
7873, 4505.13
7874, 4492.31
7875, 4481.03
7876, 4480.51
7877, 4479.49
7878, 4475.9
7879, 4470.77
7880, 4467.18
7881, 4461.54
7882, 4455.9
7883, 4458.46
7884, 4460
7885, 4463.59
7886, 4464.62
7887, 4458.46
7888, 4460.51
7889, 4464.1
7890, 4465.64
7891, 4461.54
7892, 4453.85
7893, 4456.41
7894, 4456.41
7895, 4452.82
7896, 4453.33
7897, 4451.79
7898, 4453.33
7899, 4453.85
7900, 4449.74
7901, 4445.13
7902, 4441.54
7903, 4442.05
7904, 4440
7905, 4442.56
7906, 4451.79
7907, 4447.69
7908, 4441.03
7909, 4442.56
7910, 4444.1
7911, 4448.72
7912, 4444.1
7913, 4436.92
7914, 4442.56
7915, 4449.23
7916, 4450.26
7917, 4443.08
7918, 4443.08
7919, 4450.26
7920, 4447.18
7921, 4446.15
7922, 4444.1
7923, 4443.08
7924, 4449.74
7925, 4447.18
7926, 4442.05
7927, 4442.05
7928, 4442.56
7929, 4443.08
7930, 4439.49
7931, 4440.51
7932, 4442.56
7933, 4441.03
7934, 4444.1
7935, 4445.64
7936, 4442.05
7937, 4439.49
7938, 4440
7939, 4441.54
7940, 4433.85
7941, 4433.33
7942, 4437.44
7943, 4431.79
7944, 4432.82
7945, 4436.41
7946, 4430.26
7947, 4424.62
7948, 4422.05
7949, 4427.18
7950, 4427.69
7951, 4421.54
7952, 4432.31
7953, 4450.26
7954, 4448.72
7955, 4419.49
7956, 4387.69
7957, 4380
7958, 4387.18
7959, 4409.74
7960, 4443.59
7961, 4464.1
7962, 4462.05
7963, 4444.62
7964, 4417.95
7965, 4374.36
7966, 4348.72
7967, 4370.77
7968, 4403.08
7969, 4441.54
7970, 4469.23
7971, 4444.1
7972, 4394.36
7973, 4352.82
7974, 4333.33
7975, 4353.33
7976, 4392.82
7977, 4440
7978, 4469.74
7979, 4451.79
7980, 4408.72
7981, 4357.44
7982, 4329.74
7983, 4351.79
7984, 4394.87
7985, 4441.03
7986, 4466.67
7987, 4450.77
7988, 4407.18
7989, 4359.49
7990, 4340
7991, 4358.46
7992, 4395.38
7993, 4435.38
7994, 4458.46
7995, 4441.54
7996, 4395.9
7997, 4358.97
7998, 4344.1
7999, 4353.85
8000, 4396.92
8001, 4440.51
8002, 4451.79
8003, 4437.44
8004, 4402.56
8005, 4364.1
8006, 4346.67
8007, 4365.13
8008, 4403.59
8009, 4432.31
8010, 4447.18
8011, 4435.9
8012, 4397.44
8013, 4361.54
8014, 4347.18
8015, 4365.13
8016, 4406.67
8017, 4443.08
8018, 4457.95
8019, 4435.38
8020, 4390.77
8021, 4358.46
8022, 4346.15
8023, 4364.62
8024, 4397.95
8025, 4427.18
8026, 4449.23
8027, 4433.85
8028, 4387.69
8029, 4347.18
8030, 4333.85
8031, 4353.85
8032, 4384.62
8033, 4415.38
8034, 4434.36
8035, 4415.38
8036, 4374.87
8037, 4343.08
8038, 4335.9
8039, 4351.79
8040, 4383.08
8041, 4422.56
8042, 4437.95
8043, 4418.46
8044, 4386.15
8045, 4353.33
8046, 4341.03
8047, 4351.79
8048, 4378.97
8049, 4416.92
8050, 4428.21
8051, 4409.23
8052, 4380.51
8053, 4350.26
8054, 4333.85
8055, 4345.64
8056, 4383.59
8057, 4417.44
8058, 4425.13
8059, 4412.31
8060, 4380
8061, 4343.08
8062, 4331.28
8063, 4348.72
8064, 4384.62
8065, 4417.95
8066, 4429.74
8067, 4413.33
8068, 4375.38
8069, 4340.51
8070, 4326.67
8071, 4341.54
8072, 4376.92
8073, 4406.15
8074, 4420.51
8075, 4405.64
8076, 4368.21
8077, 4343.08
8078, 4328.21
8079, 4338.46
8080, 4380
8081, 4407.18
8082, 4399.49
8083, 4380.51
8084, 4375.38
8085, 4378.46
8086, 4378.46
8087, 4384.62
8088, 4385.13
8089, 4381.54
8090, 4381.54
8091, 4382.56
8092, 4390.26
8093, 4389.23
8094, 4381.03
8095, 4385.64
8096, 4389.23
8097, 4387.69
8098, 4387.69
8099, 4387.69
8100, 4390.26
8101, 4390.26
8102, 4392.82
8103, 4392.31
8104, 4385.13
8105, 4386.67
8106, 4391.28
8107, 4389.74
8108, 4388.21
8109, 4387.18
8110, 4386.15
8111, 4381.03
8112, 4382.56
8113, 4390.77
8114, 4387.69
8115, 4382.05
8116, 4380
8117, 4374.87
8118, 4375.38
8119, 4377.44
8120, 4379.49
8121, 4378.46
8122, 4372.82
8123, 4375.38
8124, 4375.9
8125, 4376.41
8126, 4379.49
8127, 4377.44
8128, 4376.92
8129, 4376.41
8130, 4379.49
8131, 4379.49
8132, 4372.82
8133, 4373.33
8134, 4372.31
8135, 4370.26
8136, 4373.85
8137, 4370.77
8138, 4369.23
8139, 4370.77
8140, 4369.74
8141, 4370.77
8142, 4370.77
8143, 4373.85
8144, 4373.85
8145, 4370.26
8146, 4371.79
8147, 4368.72
8148, 4368.72
8149, 4372.31
8150, 4369.74
8151, 4370.77
8152, 4372.82
8153, 4371.79
8154, 4370.26
8155, 4368.21
8156, 4369.74
8157, 4370.26
8158, 4371.28
8159, 4372.82
8160, 4366.67
8161, 4363.08
8162, 4361.03
8163, 4360
8164, 4361.54
8165, 4357.44
8166, 4360
8167, 4369.74
8168, 4369.23
8169, 4363.59
8170, 4362.05
8171, 4369.23
8172, 4370.26
8173, 4364.1
8174, 4366.67
8175, 4366.15
8176, 4364.62
8177, 4368.72
8178, 4366.67
8179, 4364.1
8180, 4361.54
8181, 4357.95
8182, 4359.49
8183, 4361.03
8184, 4362.56
8185, 4360.51
8186, 4356.92
8187, 4357.95
8188, 4354.87
8189, 4354.36
8190, 4358.46
8191, 4360
8192, 4360.51
8193, 4354.36
8194, 4354.36
8195, 4357.95
8196, 4355.9
8197, 4355.9
8198, 4356.41
8199, 4356.92
8200, 4358.97
8201, 4358.97
8202, 4362.56
8203, 4360
8204, 4354.36
8205, 4356.92
8206, 4360
8207, 4364.1
8208, 4364.1
8209, 4361.03
8210, 4364.1
8211, 4362.56
8212, 4359.49
8213, 4363.08
8214, 4366.15
8215, 4366.15
8216, 4361.54
8217, 4360.51
8218, 4358.97
8219, 4355.38
8220, 4365.13
8221, 4370.77
8222, 4362.56
8223, 4356.41
8224, 4358.97
8225, 4366.67
8226, 4362.56
8227, 4358.97
8228, 4364.62
8229, 4362.56
8230, 4360
8231, 4358.46
8232, 4358.97
8233, 4365.13
8234, 4367.18
8235, 4369.74
8236, 4372.82
8237, 4374.36
8238, 4377.95
8239, 4374.87
8240, 4373.85
8241, 4378.46
8242, 4379.49
8243, 4380
8244, 4378.46
8245, 4378.46
8246, 4379.49
8247, 4375.9
8248, 4375.9
8249, 4371.79
8250, 4367.18
8251, 4369.23
8252, 4371.79
8253, 4373.85
8254, 4370.26
8255, 4369.23
8256, 4375.9
8257, 4373.33
8258, 4366.15
8259, 4365.13
8260, 4370.26
8261, 4373.85
8262, 4367.69
8263, 4368.21
8264, 4375.38
8265, 4374.87
8266, 4375.9
8267, 4372.82
8268, 4367.18
8269, 4369.74
8270, 4372.31
8271, 4371.79
8272, 4370.77
8273, 4374.36
8274, 4374.87
8275, 4369.74
8276, 4377.44
8277, 4381.03
8278, 4371.28
8279, 4371.28
8280, 4375.38
8281, 4374.87
8282, 4370.77
8283, 4370.26
8284, 4374.36
8285, 4370.26
8286, 4370.26
8287, 4371.79
8288, 4368.21
8289, 4371.28
8290, 4367.69
8291, 4360
8292, 4360
8293, 4360.51
8294, 4363.59
8295, 4366.15
8296, 4364.1
8297, 4364.1
8298, 4370.77
8299, 4378.97
8300, 4375.9
8301, 4370.77
8302, 4376.92
8303, 4377.95
8304, 4374.87
8305, 4373.33
8306, 4371.28
8307, 4372.31
8308, 4373.85
8309, 4376.41
8310, 4376.41
8311, 4376.41
8312, 4380
8313, 4376.41
8314, 4373.85
8315, 4373.85
8316, 4372.31
8317, 4377.44
8318, 4376.92
8319, 4376.41
8320, 4379.49
8321, 4373.33
8322, 4370.26
8323, 4373.85
8324, 4376.41
8325, 4382.05
8326, 4382.56
8327, 4380.51
8328, 4382.05
8329, 4383.08
8330, 4381.03
8331, 4374.36
8332, 4373.85
8333, 4376.41
8334, 4373.85
8335, 4375.38
8336, 4374.36
8337, 4372.31
8338, 4371.79
8339, 4368.21
8340, 4369.23
8341, 4369.74
8342, 4371.28
8343, 4374.87
8344, 4374.36
8345, 4377.44
8346, 4375.38
8347, 4370.26
8348, 4375.9
8349, 4380.51
8350, 4379.49
8351, 4372.82
8352, 4373.85
8353, 4378.97
8354, 4369.74
8355, 4367.18
8356, 4381.03
8357, 4385.13
8358, 4377.95
8359, 4371.79
8360, 4375.9
8361, 4380
8362, 4376.41
8363, 4378.46
8364, 4378.97
8365, 4376.41
8366, 4378.46
8367, 4380.51
8368, 4382.56
8369, 4381.03
8370, 4375.9
8371, 4377.44
8372, 4376.92
8373, 4377.95
8374, 4378.46
8375, 4377.44
8376, 4375.9
8377, 4371.79
8378, 4372.82
8379, 4372.82
8380, 4373.33
8381, 4377.44
8382, 4374.87
8383, 4373.85
8384, 4374.36
8385, 4371.28
8386, 4371.28
8387, 4370.77
8388, 4371.28
8389, 4372.82
8390, 4371.28
8391, 4373.85
8392, 4373.33
8393, 4371.79
8394, 4374.36
8395, 4371.79
8396, 4372.82
8397, 4371.79
8398, 4366.15
8399, 4372.31
8400, 4374.87
8401, 4370.26
8402, 4366.15
8403, 4364.62
8404, 4367.69
8405, 4367.69
8406, 4368.72
8407, 4370.26
8408, 4370.26
8409, 4370.26
8410, 4365.13
8411, 4364.62
8412, 4369.74
8413, 4369.23
8414, 4367.69
8415, 4369.23
8416, 4371.79
8417, 4372.82
8418, 4371.28
8419, 4375.38
8420, 4374.87
8421, 4370.26
8422, 4374.36
8423, 4374.87
8424, 4371.28
8425, 4370.26
8426, 4371.28
8427, 4377.95
8428, 4375.38
8429, 4369.74
8430, 4370.26
8431, 4368.72
8432, 4369.74
8433, 4367.69
8434, 4362.56
8435, 4363.59
8436, 4369.74
8437, 4376.41
8438, 4372.31
8439, 4367.69
8440, 4370.77
8441, 4373.33
8442, 4377.44
8443, 4372.31
8444, 4366.15
8445, 4371.28
8446, 4371.28
8447, 4370.77
8448, 4373.33
8449, 4370.77
8450, 4369.23
8451, 4370.26
8452, 4373.33
8453, 4372.31
8454, 4369.23
8455, 4372.31
8456, 4372.31
8457, 4372.82
8458, 4376.41
8459, 4374.87
8460, 4375.38
8461, 4377.44
8462, 4381.54
8463, 4382.05
8464, 4372.31
8465, 4370.77
8466, 4375.38
8467, 4373.85
8468, 4371.79
8469, 4370.77
8470, 4372.82
8471, 4372.31
8472, 4370.26
8473, 4373.85
8474, 4372.82
8475, 4371.79
8476, 4375.9
8477, 4373.85
8478, 4370.26
8479, 4369.74
8480, 4373.33
8481, 4375.38
8482, 4371.28
8483, 4373.33
8484, 4375.9
8485, 4376.92
8486, 4380.51
8487, 4379.49
8488, 4381.54
8489, 4382.56
8490, 4383.08
8491, 4385.13
8492, 4377.44
8493, 4373.33
8494, 4380
8495, 4381.03
8496, 4376.92
8497, 4372.82
8498, 4374.36
8499, 4373.85
8500, 4371.79
8501, 4375.9
8502, 4374.87
8503, 4375.38
8504, 4382.56
8505, 4380.51
8506, 4374.87
8507, 4371.79
8508, 4375.38
8509, 4376.41
8510, 4370.77
8511, 4370.77
8512, 4370.26
8513, 4367.69
8514, 4374.87
8515, 4376.41
8516, 4372.31
8517, 4370.26
8518, 4373.85
8519, 4376.41
8520, 4368.72
8521, 4368.21
8522, 4377.95
8523, 4374.87
8524, 4374.87
8525, 4425.13
8526, 4472.31
8527, 4429.23
8528, 4355.38
8529, 4338.46
8530, 4346.67
8531, 4335.9
8532, 4327.69
8533, 4321.03
8534, 4318.46
8535, 4337.44
8536, 4380
8537, 4432.31
8538, 4469.74
8539, 4506.15
8540, 4525.64
8541, 4525.13
8542, 4537.95
8543, 4541.03
8544, 4529.74
8545, 4524.1
8546, 4524.62
8547, 4520.51
8548, 4510.77
8549, 4510.77
8550, 4511.28
8551, 4503.59
8552, 4503.08
8553, 4499.49
8554, 4491.28
8555, 4491.79
8556, 4490.77
8557, 4483.08
8558, 4480
8559, 4487.18
8560, 4491.79
8561, 4484.62
8562, 4483.08
8563, 4486.67
8564, 4491.28
8565, 4491.79
8566, 4486.15
8567, 4492.82
8568, 4498.97
8569, 4493.85
8570, 4496.41
8571, 4499.49
8572, 4496.41
8573, 4494.36
8574, 4493.85
8575, 4493.33
8576, 4488.21
8577, 4487.69
8578, 4493.33
8579, 4494.36
8580, 4496.41
8581, 4498.46
8582, 4497.44
8583, 4495.38
8584, 4491.28
8585, 4493.85
8586, 4491.79
8587, 4484.62
8588, 4483.08
8589, 4477.44
8590, 4475.38
8591, 4480
8592, 4477.95
8593, 4472.82
8594, 4469.74
8595, 4468.72
8596, 4466.67
8597, 4464.1
8598, 4467.69
8599, 4465.64
8600, 4462.56
8601, 4466.15
8602, 4468.72
8603, 4470.77
8604, 4469.23
8605, 4465.64
8606, 4463.59
8607, 4458.46
8608, 4459.49
8609, 4462.56
8610, 4458.46
8611, 4457.95
8612, 4458.46
8613, 4457.95
8614, 4455.38
8615, 4453.85
8616, 4457.95
8617, 4455.38
8618, 4456.41
8619, 4462.56
8620, 4458.97
8621, 4453.85
8622, 4448.21
8623, 4442.05
8624, 4442.05
8625, 4443.08
8626, 4447.18
8627, 4447.18
8628, 4443.59
8629, 4440.51
8630, 4430.26
8631, 4425.13
8632, 4428.72
8633, 4432.82
8634, 4433.33
8635, 4429.74
8636, 4429.74
8637, 4427.69
8638, 4422.56
8639, 4427.18
8640, 4427.69
8641, 4423.08
8642, 4424.1
8643, 4425.64
8644, 4426.15
8645, 4425.13
8646, 4425.64
8647, 4422.56
8648, 4417.95
8649, 4424.1
8650, 4420
8651, 4408.21
8652, 4410.77
8653, 4416.92
8654, 4418.97
8655, 4417.44
8656, 4415.9
8657, 4415.9
8658, 4410.77
8659, 4405.13
8660, 4405.64
8661, 4410.26
8662, 4414.36
8663, 4406.67
8664, 4401.54
8665, 4403.59
8666, 4398.46
8667, 4396.41
8668, 4396.41
8669, 4393.85
8670, 4395.9
8671, 4400.51
8672, 4400.51
8673, 4395.38
8674, 4395.38
8675, 4400
8676, 4396.92
8677, 4394.36
8678, 4395.9
8679, 4396.41
8680, 4395.38
8681, 4393.33
8682, 4401.03
8683, 4405.64
8684, 4396.92
8685, 4393.33
8686, 4393.85
8687, 4395.9
8688, 4396.41
8689, 4393.85
8690, 4395.9
8691, 4393.33
8692, 4387.69
8693, 4386.15
8694, 4384.1
8695, 4384.1
8696, 4383.08
8697, 4382.56
8698, 4384.1
8699, 4382.56
8700, 4386.15
8701, 4386.15
8702, 4380
8703, 4381.03
8704, 4378.46
8705, 4373.33
8706, 4375.9
8707, 4379.49
8708, 4380
8709, 4376.92
8710, 4378.97
8711, 4380.51
8712, 4372.82
8713, 4369.23
8714, 4369.23
8715, 4369.23
8716, 4368.21
8717, 4369.23
8718, 4375.9
8719, 4371.28
8720, 4361.54
8721, 4365.13
8722, 4371.79
8723, 4376.41
8724, 4373.33
8725, 4369.23
8726, 4372.82
8727, 4369.23
8728, 4366.15
8729, 4368.72
8730, 4369.23
8731, 4372.31
8732, 4370.26
8733, 4365.13
8734, 4362.05
8735, 4363.08
8736, 4369.23
8737, 4364.62
8738, 4354.36
8739, 4351.79
8740, 4354.87
8741, 4361.54
8742, 4362.56
8743, 4362.05
8744, 4364.1
8745, 4363.08
8746, 4364.62
8747, 4361.03
8748, 4354.87
8749, 4353.33
8750, 4350.26
8751, 4350.77
8752, 4351.28
8753, 4355.9
8754, 4369.23
8755, 4374.36
8756, 4384.1
8757, 4420.51
8758, 4429.74
8759, 4375.38
8760, 4323.59
8761, 4317.95
8762, 4327.69
8763, 4323.08
8764, 4311.79
8765, 4293.85
8766, 4295.38
8767, 4327.69
8768, 4343.59
8769, 4351.79
8770, 4377.44
8771, 4404.1
8772, 4410.77
8773, 4405.64
8774, 4407.69
8775, 4399.49
8776, 4389.74
8777, 4395.38
8778, 4403.59
8779, 4409.74
8780, 4413.33
8781, 4415.9
8782, 4422.56
8783, 4425.64
8784, 4425.64
8785, 4422.05
8786, 4419.49
8787, 4424.62
8788, 4416.41
8789, 4404.1
8790, 4411.28
8791, 4417.44
8792, 4413.33
8793, 4407.69
8794, 4406.67
8795, 4408.72
8796, 4408.72
8797, 4415.9
8798, 4424.62
8799, 4428.72
8800, 4430.77
8801, 4426.15
8802, 4428.72
8803, 4435.38
8804, 4430.26
8805, 4429.74
8806, 4433.85
8807, 4434.36
8808, 4431.28
8809, 4432.82
8810, 4442.05
8811, 4444.1
8812, 4443.59
8813, 4447.18
8814, 4446.15
8815, 4445.13
8816, 4442.56
8817, 4440.51
8818, 4445.64
8819, 4447.18
8820, 4443.08
8821, 4438.97
8822, 4442.05
8823, 4450.77
8824, 4450.26
8825, 4447.69
8826, 4449.23
8827, 4449.74
8828, 4449.23
8829, 4444.62
8830, 4445.13
8831, 4448.72
8832, 4441.03
8833, 4437.44
8834, 4441.54
8835, 4441.54
8836, 4438.97
8837, 4437.95
8838, 4440.51
8839, 4439.49
8840, 4441.54
8841, 4449.74
8842, 4449.23
8843, 4446.67
8844, 4447.69
8845, 4452.31
8846, 4455.9
8847, 4448.21
8848, 4446.15
8849, 4447.18
8850, 4441.03
8851, 4439.49
8852, 4444.1
8853, 4451.79
8854, 4455.9
8855, 4449.74
8856, 4451.28
8857, 4452.82
8858, 4446.67
8859, 4443.08
8860, 4439.49
8861, 4439.49
8862, 4443.08
8863, 4443.59
8864, 4440
8865, 4436.41
8866, 4444.1
8867, 4445.13
8868, 4432.82
8869, 4430.77
8870, 4434.36
8871, 4432.82
8872, 4430.77
8873, 4434.36
8874, 4437.95
8875, 4433.33
8876, 4438.97
8877, 4452.82
8878, 4454.87
8879, 4453.85
8880, 4452.82
8881, 4452.82
8882, 4454.36
8883, 4452.82
8884, 4453.33
8885, 4449.74
8886, 4442.05
8887, 4442.56
8888, 4443.59
8889, 4445.64
8890, 4446.67
8891, 4443.59
8892, 4438.97
8893, 4433.33
8894, 4435.38
8895, 4438.46
8896, 4437.95
8897, 4444.62
8898, 4447.69
8899, 4446.67
8900, 4451.28
8901, 4455.38
8902, 4454.36
8903, 4447.18
8904, 4442.56
8905, 4441.03
8906, 4437.95
8907, 4444.1
8908, 4447.18
8909, 4443.59
8910, 4444.62
8911, 4443.08
8912, 4445.64
8913, 4449.23
8914, 4446.67
8915, 4445.13
8916, 4442.05
8917, 4438.97
8918, 4440
8919, 4442.05
8920, 4438.97
8921, 4429.74
8922, 4431.28
8923, 4436.92
8924, 4434.36
8925, 4435.38
8926, 4438.97
8927, 4439.49
8928, 4436.41
8929, 4430.26
8930, 4432.31
8931, 4430.77
8932, 4422.05
8933, 4423.59
8934, 4426.15
8935, 4427.18
8936, 4427.69
8937, 4427.18
8938, 4428.72
8939, 4426.67
8940, 4425.13
8941, 4421.03
8942, 4416.92
8943, 4420.51
8944, 4420
8945, 4419.49
8946, 4423.08
8947, 4424.62
8948, 4428.72
8949, 4427.69
8950, 4420
8951, 4416.92
8952, 4415.38
8953, 4412.31
8954, 4407.69
8955, 4408.21
8956, 4417.44
8957, 4422.05
8958, 4425.13
8959, 4423.08
8960, 4415.9
8961, 4414.36
8962, 4410.77
8963, 4409.74
8964, 4410.77
8965, 4408.21
8966, 4406.67
8967, 4405.64
8968, 4406.67
8969, 4405.13
8970, 4398.97
8971, 4402.05
8972, 4406.15
8973, 4407.18
8974, 4405.13
8975, 4401.54
8976, 4404.1
8977, 4400
8978, 4391.79
8979, 4395.38
8980, 4398.97
8981, 4400
8982, 4398.97
8983, 4400
8984, 4403.59
8985, 4400
8986, 4395.9
8987, 4391.28
8988, 4389.23
8989, 4396.41
8990, 4402.05
8991, 4402.56
8992, 4393.85
8993, 4384.1
8994, 4384.62
8995, 4381.03
8996, 4373.33
8997, 4375.38
8998, 4375.9
8999, 4372.31
9000, 4370.77
9001, 4371.28
9002, 4371.79
9003, 4370.77
9004, 4375.38
9005, 4375.38
9006, 4370.77
9007, 4375.38
9008, 4376.92
9009, 4378.46
9010, 4377.95
9011, 4373.33
9012, 4374.87
9013, 4376.41
9014, 4375.38
9015, 4370.77
9016, 4368.21
9017, 4373.33
9018, 4371.28
9019, 4368.72
9020, 4374.36
9021, 4371.79
9022, 4370.26
9023, 4373.33
9024, 4372.31
9025, 4370.26
9026, 4367.18
9027, 4365.13
9028, 4364.1
9029, 4366.15
9030, 4372.31
9031, 4371.28
9032, 4372.82
9033, 4374.87
9034, 4371.28
9035, 4367.69
9036, 4369.23
9037, 4387.18
9038, 4395.9
9039, 4381.54
9040, 4416.92
9041, 4482.05
9042, 4443.59
9043, 4348.72
9044, 4336.92
9045, 4378.46
9046, 4369.74
9047, 4324.1
9048, 4301.54
9049, 4302.05
9050, 4325.13
9051, 4350.77
9052, 4364.62, estimuli
9053, 4376.92
9054, 4388.21
9055, 4401.54
9056, 4408.21
9057, 4415.38
9058, 4413.33
9059, 4392.31
9060, 4387.69
9061, 4390.26
9062, 4382.05
9063, 4384.62
9064, 4388.21
9065, 4383.08
9066, 4384.62
9067, 4383.08
9068, 4373.85
9069, 4364.1
9070, 4363.08
9071, 4371.28
9072, 4377.95
9073, 4383.08
9074, 4380
9075, 4374.36
9076, 4373.33
9077, 4375.9
9078, 4384.1
9079, 4383.08
9080, 4375.38
9081, 4375.9
9082, 4375.9
9083, 4377.95
9084, 4377.95
9085, 4373.85
9086, 4379.49
9087, 4380
9088, 4371.79
9089, 4373.33
9090, 4373.85
9091, 4368.21
9092, 4362.56
9093, 4365.13
9094, 4363.08
9095, 4351.79
9096, 4352.82
9097, 4359.49
9098, 4354.87
9099, 4351.79
9100, 4352.31
9101, 4356.41
9102, 4360
9103, 4362.56
9104, 4363.08
9105, 4356.41
9106, 4357.44
9107, 4361.54
9108, 4355.9
9109, 4355.38
9110, 4358.46
9111, 4361.03
9112, 4361.54
9113, 4362.05
9114, 4366.15
9115, 4363.08
9116, 4358.97
9117, 4363.08
9118, 4364.62
9119, 4365.64
9120, 4362.56
9121, 4359.49
9122, 4364.1
9123, 4364.1
9124, 4360.51
9125, 4362.05
9126, 4366.15
9127, 4370.77
9128, 4368.72
9129, 4366.15
9130, 4367.18
9131, 4368.21
9132, 4368.21
9133, 4362.56
9134, 4365.13
9135, 4374.36
9136, 4366.15
9137, 4367.18
9138, 4387.69
9139, 4393.85
9140, 4366.67
9141, 4324.62
9142, 4307.18
9143, 4320
9144, 4350.26
9145, 4379.49
9146, 4389.23
9147, 4382.05
9148, 4366.67
9149, 4340.51
9150, 4299.49
9151, 4282.56
9152, 4311.79
9153, 4351.28
9154, 4390.77
9155, 4416.41
9156, 4390.77
9157, 4340
9158, 4305.13
9159, 4293.85
9160, 4315.9
9161, 4354.36
9162, 4396.41
9163, 4418.46
9164, 4390.77
9165, 4345.13
9166, 4302.05
9167, 4283.08
9168, 4311.28
9169, 4350.26
9170, 4387.18
9171, 4414.36
9172, 4394.36
9173, 4343.59
9174, 4310.26
9175, 4310.26
9176, 4329.74
9177, 4365.64
9178, 4411.79
9179, 4428.72
9180, 4405.13
9181, 4364.1
9182, 4321.54
9183, 4305.64
9184, 4326.15
9185, 4367.18
9186, 4411.79
9187, 4427.69
9188, 4404.1
9189, 4363.08
9190, 4327.69
9191, 4312.82
9192, 4327.69
9193, 4367.69
9194, 4401.54
9195, 4409.23
9196, 4393.85
9197, 4360
9198, 4322.05
9199, 4305.64
9200, 4324.62
9201, 4364.1
9202, 4395.38
9203, 4408.72
9204, 4394.36
9205, 4358.97
9206, 4329.23
9207, 4314.36
9208, 4328.72
9209, 4366.67
9210, 4396.41
9211, 4410.77
9212, 4397.44
9213, 4359.49
9214, 4329.23
9215, 4318.46
9216, 4333.33
9217, 4369.74
9218, 4407.69
9219, 4424.1
9220, 4402.56
9221, 4367.18
9222, 4334.87
9223, 4318.97
9224, 4340.51
9225, 4377.44
9226, 4407.18
9227, 4414.36
9228, 4387.69
9229, 4351.28
9230, 4324.1
9231, 4315.9
9232, 4334.87
9233, 4371.28
9234, 4409.74
9235, 4420
9236, 4394.87
9237, 4358.46
9238, 4325.13
9239, 4314.36
9240, 4331.79
9241, 4366.15
9242, 4401.03
9243, 4411.28
9244, 4396.92
9245, 4366.67
9246, 4329.74
9247, 4318.46
9248, 4337.95
9249, 4374.36
9250, 4408.21
9251, 4414.36
9252, 4396.41
9253, 4368.21
9254, 4334.36
9255, 4315.9
9256, 4334.87
9257, 4377.95
9258, 4404.62
9259, 4411.28
9260, 4399.49
9261, 4361.54
9262, 4328.21
9263, 4320
9264, 4337.95
9265, 4375.38
9266, 4397.44
9267, 4390.77
9268, 4375.9
9269, 4371.28
9270, 4373.85
9271, 4370.77
9272, 4372.31
9273, 4375.9
9274, 4372.82
9275, 4373.33
9276, 4368.72
9277, 4365.64
9278, 4374.87
9279, 4377.44
9280, 4369.23
9281, 4363.08
9282, 4370.26
9283, 4374.87
9284, 4366.15
9285, 4368.21
9286, 4372.82
9287, 4369.23
9288, 4372.82
9289, 4374.36
9290, 4369.74
9291, 4366.15
9292, 4363.59
9293, 4368.21
9294, 4370.26
9295, 4369.74
9296, 4367.69
9297, 4365.64
9298, 4372.31
9299, 4374.87
9300, 4372.31
9301, 4375.9
9302, 4375.38
9303, 4374.36
9304, 4377.95
9305, 4382.56
9306, 4381.03
9307, 4371.79
9308, 4373.33
9309, 4380.51
9310, 4376.41
9311, 4372.82
9312, 4374.36
9313, 4374.87
9314, 4369.23
9315, 4369.74
9316, 4377.95
9317, 4377.44
9318, 4376.92
9319, 4378.97
9320, 4373.33
9321, 4373.85
9322, 4378.97
9323, 4378.97
9324, 4375.9
9325, 4376.41
9326, 4382.05
9327, 4380.51
9328, 4378.46
9329, 4383.59
9330, 4384.62
9331, 4386.15
9332, 4384.62
9333, 4377.44
9334, 4374.87
9335, 4373.33
9336, 4378.46
9337, 4384.1
9338, 4384.1
9339, 4385.64
9340, 4381.03
9341, 4380.51
9342, 4389.23
9343, 4387.69
9344, 4376.92
9345, 4371.79
9346, 4377.44
9347, 4382.05
9348, 4377.44
9349, 4378.97
9350, 4384.1
9351, 4384.1
9352, 4382.05
9353, 4382.05
9354, 4383.59
9355, 4379.49
9356, 4380
9357, 4386.67
9358, 4380.51
9359, 4378.46
9360, 4384.62
9361, 4382.56
9362, 4382.56
9363, 4384.62
9364, 4386.15
9365, 4384.62
9366, 4375.9
9367, 4372.82
9368, 4373.85
9369, 4376.92
9370, 4380
9371, 4377.95
9372, 4379.49
9373, 4380
9374, 4379.49
9375, 4380
9376, 4374.36
9377, 4370.26
9378, 4368.72
9379, 4367.69
9380, 4370.26
9381, 4370.77
9382, 4370.77
9383, 4366.67
9384, 4364.62
9385, 4368.72
9386, 4363.08
9387, 4357.95
9388, 4363.59
9389, 4365.64
9390, 4361.54
9391, 4360
9392, 4368.21
9393, 4372.31
9394, 4362.56
9395, 4361.54
9396, 4365.13
9397, 4362.56
9398, 4362.05
9399, 4361.03
9400, 4360.51
9401, 4362.56
9402, 4368.21
9403, 4370.77
9404, 4363.08
9405, 4362.56
9406, 4366.67
9407, 4364.1
9408, 4361.54
9409, 4359.49
9410, 4365.64
9411, 4373.85
9412, 4371.79
9413, 4369.74
9414, 4368.21
9415, 4367.69
9416, 4370.26
9417, 4371.79
9418, 4370.77
9419, 4367.18
9420, 4364.62
9421, 4363.59
9422, 4365.13
9423, 4373.33
9424, 4373.33
9425, 4363.08
9426, 4364.62
9427, 4370.77
9428, 4373.85
9429, 4372.31
9430, 4370.26
9431, 4374.87
9432, 4373.33
9433, 4369.74
9434, 4370.77
9435, 4369.23
9436, 4370.26
9437, 4369.74
9438, 4372.31
9439, 4377.44
9440, 4376.92
9441, 4373.85
9442, 4368.72
9443, 4368.21
9444, 4372.31
9445, 4371.79
9446, 4372.82
9447, 4370.77
9448, 4364.1
9449, 4367.69
9450, 4372.82
9451, 4372.82
9452, 4368.72
9453, 4367.18
9454, 4371.28
9455, 4369.23
9456, 4368.21
9457, 4369.74
9458, 4369.23
9459, 4373.85
9460, 4370.77
9461, 4368.21
9462, 4371.79
9463, 4372.31
9464, 4371.79
9465, 4371.79
9466, 4373.33
9467, 4380.51
9468, 4382.56
9469, 4378.97
9470, 4381.54
9471, 4383.59
9472, 4378.97
9473, 4372.82
9474, 4377.44
9475, 4380.51
9476, 4375.9
9477, 4382.05
9478, 4384.1
9479, 4379.49
9480, 4379.49
9481, 4382.56
9482, 4387.18
9483, 4384.62
9484, 4382.56
9485, 4384.62
9486, 4381.54
9487, 4377.95
9488, 4372.82
9489, 4374.87
9490, 4386.67
9491, 4386.15
9492, 4379.49
9493, 4380.51
9494, 4388.72
9495, 4392.31
9496, 4383.59
9497, 4380
9498, 4385.13
9499, 4387.69
9500, 4390.26
9501, 4391.28
9502, 4393.33
9503, 4392.82
9504, 4391.79
9505, 4398.97
9506, 4402.05
9507, 4397.95
9508, 4392.31
9509, 4388.21
9510, 4390.77
9511, 4390.26
9512, 4389.23
9513, 4393.85
9514, 4393.33
9515, 4393.33
9516, 4391.79
9517, 4389.23
9518, 4392.82
9519, 4392.82
9520, 4391.28
9521, 4393.33
9522, 4395.9
9523, 4395.9
9524, 4387.69
9525, 4387.18
9526, 4394.87
9527, 4396.92
9528, 4398.46
9529, 4398.97
9530, 4398.46
9531, 4397.95
9532, 4398.97
9533, 4405.13
9534, 4405.64
9535, 4401.03
9536, 4401.03
9537, 4405.64
9538, 4409.23
9539, 4400.51
9540, 4396.92
9541, 4405.64
9542, 4404.62
9543, 4402.56
9544, 4407.18
9545, 4411.28
9546, 4416.41
9547, 4416.92
9548, 4420.51
9549, 4423.59
9550, 4414.36
9551, 4409.23
9552, 4410.77
9553, 4413.85
9554, 4414.36
9555, 4412.31
9556, 4413.85
9557, 4414.36
9558, 4414.87
9559, 4418.97
9560, 4419.49
9561, 4418.97
9562, 4417.95
9563, 4415.38
9564, 4411.79
9565, 4407.18
9566, 4409.74
9567, 4409.23
9568, 4404.62
9569, 4411.28
9570, 4415.9
9571, 4411.28
9572, 4408.72
9573, 4408.72
9574, 4410.77
9575, 4413.33
9576, 4418.97
9577, 4418.97
9578, 4416.92
9579, 4424.1
9580, 4424.1
9581, 4420
9582, 4422.05
9583, 4419.49
9584, 4418.46
9585, 4418.97
9586, 4415.38
9587, 4416.41
9588, 4412.31
9589, 4409.23
9590, 4413.85
9591, 4415.38
9592, 4411.79
9593, 4410.26
9594, 4416.41
9595, 4422.05
9596, 4423.08
9597, 4422.56
9598, 4418.97
9599, 4416.41
9600, 4414.36
9601, 4414.36
9602, 4422.05
9603, 4420
9604, 4411.79
9605, 4413.33
9606, 4415.9
9607, 4417.44
9608, 4416.92
9609, 4417.44
9610, 4421.03
9611, 4418.46
9612, 4416.41
9613, 4416.92
9614, 4417.95
9615, 4419.49
9616, 4412.82
9617, 4409.23
9618, 4414.87
9619, 4420
9620, 4421.03
9621, 4418.97
9622, 4420
9623, 4421.54
9624, 4418.46
9625, 4422.05
9626, 4419.49
9627, 4418.97
9628, 4428.72
9629, 4429.74
9630, 4423.59
9631, 4421.03
9632, 4421.54
9633, 4420.51
9634, 4420
9635, 4426.67
9636, 4428.21
9637, 4421.54
9638, 4421.54
9639, 4424.1
9640, 4426.15
9641, 4422.56
9642, 4417.95
9643, 4424.62
9644, 4423.59
9645, 4417.95
9646, 4420
9647, 4421.54
9648, 4422.56
9649, 4424.1
9650, 4422.05
9651, 4417.95
9652, 4413.33
9653, 4414.87
9654, 4418.97
9655, 4421.54
9656, 4420.51
9657, 4418.46
9658, 4420.51
9659, 4416.92
9660, 4413.85
9661, 4420.51
9662, 4418.46
9663, 4416.41
9664, 4415.38
9665, 4409.23
9666, 4414.36
9667, 4417.95
9668, 4415.9
9669, 4417.95
9670, 4415.38
9671, 4411.28
9672, 4409.23
9673, 4410.77
9674, 4409.23
9675, 4407.69
9676, 4414.36
9677, 4416.41
9678, 4414.36
9679, 4417.95
9680, 4415.9
9681, 4411.79
9682, 4407.69
9683, 4402.56
9684, 4403.59
9685, 4409.23
9686, 4413.85
9687, 4409.74
9688, 4406.15
9689, 4415.9
9690, 4420
9691, 4410.77
9692, 4404.1
9693, 4405.13
9694, 4410.77
9695, 4411.79
9696, 4410.26
9697, 4407.69
9698, 4403.59
9699, 4404.62
9700, 4404.1
9701, 4404.1
9702, 4409.23
9703, 4408.21
9704, 4407.18
9705, 4410.77
9706, 4410.77
9707, 4409.74
9708, 4409.23
9709, 4414.87
9710, 4413.33
9711, 4403.59
9712, 4405.13
9713, 4411.79
9714, 4413.33
9715, 4411.79
9716, 4408.72
9717, 4413.85
9718, 4414.36
9719, 4409.23
9720, 4408.21
9721, 4407.69
9722, 4410.77
9723, 4413.33
9724, 4412.31
9725, 4413.85
9726, 4417.44
9727, 4420
9728, 4410.77
9729, 4400
9730, 4405.64
9731, 4412.82
9732, 4410.77
9733, 4403.59
9734, 4401.03
9735, 4408.72
9736, 4408.72
9737, 4406.15
9738, 4409.23
9739, 4408.21
9740, 4404.62
9741, 4403.08
9742, 4409.74
9743, 4414.87
9744, 4411.28
9745, 4410.77
9746, 4405.64
9747, 4403.59
9748, 4409.23
9749, 4401.54
9750, 4393.33
9751, 4398.46
9752, 4403.08
9753, 4400.51
9754, 4396.41
9755, 4398.46
9756, 4398.46
9757, 4394.87
9758, 4395.38
9759, 4395.9
9760, 4396.92
9761, 4396.41
9762, 4392.82
9763, 4394.36
9764, 4392.82
9765, 4390.26
9766, 4392.82
9767, 4394.36
9768, 4395.9
9769, 4394.36
9770, 4393.33
9771, 4394.87
9772, 4393.85
9773, 4397.95
9774, 4400.51
9775, 4397.44
9776, 4399.49
9777, 4399.49
9778, 4398.97
9779, 4400.51
9780, 4398.46
9781, 4400
9782, 4400.51
9783, 4401.03
9784, 4401.03
9785, 4396.92
9786, 4395.9
9787, 4393.85
9788, 4396.41
9789, 4403.08
9790, 4401.03
9791, 4398.97
9792, 4397.44
9793, 4400
9794, 4405.64
9795, 4402.56
9796, 4401.54
9797, 4404.62
9798, 4402.56
9799, 4402.56
9800, 4407.69
9801, 4409.23
9802, 4403.08
9803, 4401.03
9804, 4407.69
9805, 4409.23
9806, 4408.21
9807, 4406.67
9808, 4403.59
9809, 4408.21
9810, 4406.15
9811, 4401.54
9812, 4404.1
9813, 4403.59
9814, 4403.59
9815, 4407.69
9816, 4406.67
9817, 4402.05
9818, 4400
9819, 4405.64
9820, 4408.21
9821, 4408.21
9822, 4411.28
9823, 4410.26
9824, 4412.31
9825, 4414.36
9826, 4408.72
9827, 4408.21
9828, 4408.21
9829, 4408.21
9830, 4408.72
9831, 4408.72
9832, 4408.72
9833, 4405.13
9834, 4404.62
9835, 4407.18
9836, 4404.1
9837, 4403.59
9838, 4403.08
9839, 4401.03
9840, 4398.46
9841, 4396.41
9842, 4404.62
9843, 4410.26
9844, 4405.64
9845, 4402.05
9846, 4398.46
9847, 4397.95
9848, 4400
9849, 4400.51
9850, 4404.1
9851, 4406.67
9852, 4405.64
9853, 4401.03
9854, 4393.85
9855, 4393.85
9856, 4393.85
9857, 4393.33
9858, 4397.95
9859, 4400
9860, 4402.56
9861, 4402.56
9862, 4402.56
9863, 4406.15
9864, 4408.72
9865, 4410.26
9866, 4404.62
9867, 4402.56
9868, 4410.77
9869, 4410.26
9870, 4406.67
9871, 4408.21
9872, 4404.62
9873, 4403.59
9874, 4403.59
9875, 4405.13
9876, 4409.74
9877, 4409.74
9878, 4406.67
9879, 4402.56
9880, 4411.28
9881, 4420.51
9882, 4408.21
9883, 4438.46
9884, 4517.95
9885, 4520
9886, 4442.05
9887, 4392.31
9888, 4401.54
9889, 4415.9
9890, 4401.54
9891, 4383.08
9892, 4360
9893, 4329.23
9894, 4318.46
9895, 4348.72
9896, 4384.62
9897, 4394.87
9898, 4415.9
9899, 4443.59
9900, 4478.46
9901, 4515.9
9902, 4525.13
9903, 4529.74
9904, 4536.41
9905, 4531.79
9906, 4527.18
9907, 4523.08
9908, 4520.51
9909, 4522.05
9910, 4521.54
9911, 4521.54
9912, 4518.46
9913, 4513.33
9914, 4514.87
9915, 4516.41
9916, 4513.33
9917, 4508.72
9918, 4512.31
9919, 4522.56
9920, 4523.08
9921, 4525.13
9922, 4530.26
9923, 4527.18
9924, 4525.13
9925, 4522.05
9926, 4524.1
9927, 4530.77
9928, 4528.72
9929, 4526.67
9930, 4528.21
9931, 4530.77
9932, 4531.28
9933, 4531.28
9934, 4538.46
9935, 4543.59
9936, 4542.05
9937, 4538.46
9938, 4529.23
9939, 4525.64
9940, 4530.26
9941, 4534.87
9942, 4535.9
9943, 4532.31
9944, 4533.85
9945, 4537.44
9946, 4533.33
9947, 4533.33
9948, 4533.33
9949, 4533.33
9950, 4536.92
9951, 4535.9
9952, 4533.33
9953, 4527.69
9954, 4527.18
9955, 4532.82
9956, 4527.18
9957, 4521.03
9958, 4526.15
9959, 4529.23
9960, 4523.08
9961, 4518.46
9962, 4524.62
9963, 4525.13
9964, 4521.03
9965, 4524.1
9966, 4522.05
9967, 4520.51
9968, 4524.1
9969, 4517.95
9970, 4517.44
9971, 4521.54
9972, 4517.95
9973, 4513.33
9974, 4515.38
9975, 4520
9976, 4514.87
9977, 4514.36
9978, 4516.92
9979, 4509.74
9980, 4507.18
9981, 4511.28
9982, 4514.36
9983, 4514.87
9984, 4509.74
9985, 4508.21
9986, 4509.23
9987, 4509.74
9988, 4512.82
9989, 4510.26
9990, 4509.74
9991, 4512.82
9992, 4513.33
9993, 4514.87
9994, 4510.26
9995, 4506.15
9996, 4507.69
9997, 4507.69
9998, 4509.23
9999, 4508.21
10000, 4503.08
10001, 4498.97
10002, 4495.9
10003, 4502.05
10004, 4507.18
10005, 4506.67
10006, 4505.64
10007, 4502.56
10008, 4501.54
10009, 4500.51
10010, 4496.41
10011, 4498.97
10012, 4498.46
10013, 4497.44
10014, 4497.95
10015, 4497.95
10016, 4500
10017, 4498.46
10018, 4494.87
10019, 4495.38
10020, 4493.85
10021, 4493.85
10022, 4490.26
10023, 4486.15
10024, 4488.72
10025, 4488.72
10026, 4488.72
10027, 4487.69
10028, 4485.13
10029, 4487.69
10030, 4488.72
10031, 4492.82
10032, 4497.44
10033, 4498.46
10034, 4498.97
10035, 4493.85
10036, 4486.15
10037, 4483.59
10038, 4485.64
10039, 4485.64
10040, 4484.1
10041, 4488.72
10042, 4481.54
10043, 4463.59
10044, 4468.21
10045, 4474.87
10046, 4466.67
10047, 4461.54
10048, 4458.46
10049, 4456.92
10050, 4453.85
10051, 4450.77
10052, 4455.38
10053, 4457.44
10054, 4458.46
10055, 4460
10056, 4458.46
10057, 4457.95
10058, 4458.46
10059, 4460
10060, 4456.92
10061, 4451.79
10062, 4455.9
10063, 4457.95
10064, 4454.36
10065, 4448.21
10066, 4442.56
10067, 4448.21
10068, 4449.23
10069, 4446.15
10070, 4447.18
10071, 4444.1
10072, 4441.54
10073, 4443.08
10074, 4445.64
10075, 4449.23
10076, 4448.21
10077, 4445.64
10078, 4442.56
10079, 4440
10080, 4442.05
10081, 4443.08
10082, 4443.59
10083, 4442.05
10084, 4436.41
10085, 4437.95
10086, 4441.03
10087, 4441.03
10088, 4437.44
10089, 4432.82
10090, 4437.95
10091, 4438.46
10092, 4434.36
10093, 4434.36
10094, 4433.85
10095, 4435.9
10096, 4435.9
10097, 4436.41
10098, 4441.03
10099, 4434.36
10100, 4428.21
10101, 4432.31
10102, 4434.36
10103, 4434.36
10104, 4432.31
10105, 4428.72
10106, 4426.15
10107, 4428.72
10108, 4428.72
10109, 4424.62
10110, 4430.26
10111, 4431.79
10112, 4423.59
10113, 4425.64
10114, 4425.13
10115, 4421.03
10116, 4427.18
10117, 4429.23
10118, 4429.23
10119, 4429.23
10120, 4424.62
10121, 4421.54
10122, 4417.44
10123, 4415.38
10124, 4412.31
10125, 4414.87
10126, 4424.1
10127, 4422.56
10128, 4418.46
10129, 4417.44
10130, 4416.41
10131, 4425.13
10132, 4424.1
10133, 4425.13
10134, 4480.51
10135, 4521.54
10136, 4467.69
10137, 4393.85
10138, 4387.18
10139, 4405.13
10140, 4397.44
10141, 4388.72
10142, 4362.56
10143, 4307.18
10144, 4310.77, estimuli
10145, 4353.33
10146, 4321.03
10147, 4265.64
10148, 4288.72
10149, 4324.62
10150, 4317.44
10151, 4329.23
10152, 4342.56
10153, 4330.77
10154, 4329.23
10155, 4318.97
10156, 4308.72
10157, 4308.21
10158, 4304.1
10159, 4299.49
10160, 4299.49
10161, 4302.05
10162, 4295.9
10163, 4282.05
10164, 4283.08
10165, 4291.79
10166, 4294.87
10167, 4291.79
10168, 4286.15
10169, 4287.69
10170, 4286.15
10171, 4284.1
10172, 4293.33
10173, 4293.85
10174, 4287.18
10175, 4285.64
10176, 4281.03
10177, 4275.38
10178, 4274.36
10179, 4277.44
10180, 4277.44
10181, 4275.38
10182, 4278.97
10183, 4277.44
10184, 4273.33
10185, 4272.31
10186, 4266.67
10187, 4269.74
10188, 4279.49
10189, 4281.03
10190, 4280.51
10191, 4283.08
10192, 4289.23
10193, 4287.18
10194, 4283.08
10195, 4288.72
10196, 4287.18
10197, 4281.54
10198, 4283.08
10199, 4284.1
10200, 4281.03
10201, 4280.51
10202, 4287.69
10203, 4286.67
10204, 4281.03
10205, 4283.59
10206, 4281.54
10207, 4282.56
10208, 4287.18
10209, 4286.15
10210, 4291.28
10211, 4293.33
10212, 4285.64
10213, 4285.13
10214, 4287.18
10215, 4281.54
10216, 4272.31
10217, 4273.33
10218, 4280
10219, 4276.41
10220, 4274.36
10221, 4277.95
10222, 4275.9
10223, 4271.79
10224, 4267.69
10225, 4269.23
10226, 4271.28
10227, 4264.62
10228, 4265.64
10229, 4267.18
10230, 4267.69
10231, 4283.08
10232, 4293.85
10233, 4279.49
10234, 4247.69
10235, 4229.23
10236, 4229.74
10237, 4250.26
10238, 4292.31
10239, 4318.46
10240, 4314.87
10241, 4305.64
10242, 4292.31
10243, 4256.41
10244, 4218.46
10245, 4223.08
10246, 4261.54
10247, 4305.64
10248, 4341.54
10249, 4337.44
10250, 4299.49
10251, 4262.05
10252, 4232.82
10253, 4238.46
10254, 4277.95
10255, 4315.9
10256, 4350.77
10257, 4356.41
10258, 4316.92
10259, 4268.72
10260, 4242.05
10261, 4254.36
10262, 4284.1
10263, 4322.56
10264, 4365.13
10265, 4364.1
10266, 4322.56
10267, 4280
10268, 4253.85
10269, 4264.1
10270, 4299.49
10271, 4338.46
10272, 4369.74
10273, 4368.72
10274, 4335.38
10275, 4291.28
10276, 4264.1
10277, 4269.23
10278, 4295.9
10279, 4334.36
10280, 4364.62
10281, 4357.44
10282, 4320
10283, 4279.49
10284, 4258.46
10285, 4265.64
10286, 4295.9
10287, 4333.85
10288, 4360.51
10289, 4362.56
10290, 4334.36
10291, 4292.31
10292, 4265.13
10293, 4271.28
10294, 4305.64
10295, 4342.05
10296, 4367.18
10297, 4372.82
10298, 4337.95
10299, 4294.87
10300, 4280.51
10301, 4288.21
10302, 4315.38
10303, 4353.85
10304, 4377.95
10305, 4368.72
10306, 4336.92
10307, 4306.67
10308, 4280.51
10309, 4281.54
10310, 4321.54
10311, 4363.59
10312, 4384.62
10313, 4372.31
10314, 4334.87
10315, 4304.1
10316, 4283.59
10317, 4287.18
10318, 4316.92
10319, 4350.26
10320, 4374.36
10321, 4370.26
10322, 4339.49
10323, 4305.13
10324, 4282.56
10325, 4291.28
10326, 4326.15
10327, 4364.62
10328, 4386.15
10329, 4376.41
10330, 4346.15
10331, 4308.72
10332, 4281.03
10333, 4288.21
10334, 4319.49
10335, 4357.44
10336, 4382.05
10337, 4377.95
10338, 4352.31
10339, 4313.33
10340, 4285.13
10341, 4291.79
10342, 4324.62
10343, 4364.1
10344, 4388.21
10345, 4386.15
10346, 4358.46
10347, 4315.9
10348, 4293.33
10349, 4302.56
10350, 4330.77
10351, 4364.1
10352, 4388.72
10353, 4390.26
10354, 4360.51
10355, 4321.03
10356, 4298.46
10357, 4300.51
10358, 4334.87
10359, 4371.79
10360, 4377.44
10361, 4362.56
10362, 4348.21
10363, 4350.26
10364, 4350.26
10365, 4343.08
10366, 4344.62
10367, 4341.54
10368, 4335.9
10369, 4343.08
10370, 4349.23
10371, 4348.21
10372, 4345.13
10373, 4344.62
10374, 4346.15
10375, 4346.67
10376, 4347.18
10377, 4339.49
10378, 4335.38
10379, 4344.62
10380, 4349.23
10381, 4348.72
10382, 4344.1
10383, 4340.51
10384, 4343.59
10385, 4341.03
10386, 4337.44
10387, 4336.92
10388, 4335.38
10389, 4338.97
10390, 4340.51
10391, 4343.08
10392, 4346.15
10393, 4341.54
10394, 4344.1
10395, 4349.74
10396, 4352.31
10397, 4355.38
10398, 4353.85
10399, 4354.36
10400, 4354.36
10401, 4351.28
10402, 4354.36
10403, 4357.44
10404, 4356.41
10405, 4349.74
10406, 4346.15
10407, 4351.28
10408, 4354.87
10409, 4355.9
10410, 4352.31
10411, 4349.23
10412, 4354.36
10413, 4352.82
10414, 4349.23
10415, 4352.31
10416, 4347.69
10417, 4344.1
10418, 4348.21
10419, 4353.85
10420, 4357.44
10421, 4356.41
10422, 4356.41
10423, 4356.41
10424, 4357.95
10425, 4357.95
10426, 4353.85
10427, 4355.38
10428, 4355.38
10429, 4353.85
10430, 4359.49
10431, 4360
10432, 4362.56
10433, 4365.64
10434, 4365.13
10435, 4368.21
10436, 4371.28
10437, 4368.21
10438, 4363.59
10439, 4364.1
10440, 4373.33
10441, 4366.67
10442, 4353.33
10443, 4358.97
10444, 4367.18
10445, 4369.74
10446, 4370.26
10447, 4369.74
10448, 4370.26
10449, 4365.13
10450, 4361.54
10451, 4364.1
10452, 4367.18
10453, 4370.26
10454, 4369.23
10455, 4369.23
10456, 4370.77
10457, 4369.74
10458, 4371.79
10459, 4371.79
10460, 4370.26
10461, 4371.79
10462, 4373.33
10463, 4377.44
10464, 4372.82
10465, 4367.18
10466, 4372.31
10467, 4376.41
10468, 4376.92
10469, 4370.26
10470, 4368.72
10471, 4374.87
10472, 4369.23
10473, 4364.62
10474, 4367.18
10475, 4367.69
10476, 4368.21
10477, 4365.64
10478, 4365.13
10479, 4369.74
10480, 4375.9
10481, 4376.41
10482, 4367.69
10483, 4367.69
10484, 4374.36
10485, 4369.23
10486, 4366.15
10487, 4366.67
10488, 4367.18
10489, 4370.26
10490, 4372.31
10491, 4372.31
10492, 4365.64
10493, 4364.1
10494, 4369.74
10495, 4370.26
10496, 4372.31
10497, 4373.85
10498, 4368.72
10499, 4366.67
10500, 4370.77
10501, 4371.28
10502, 4367.69
10503, 4370.77
10504, 4376.41
10505, 4368.21
10506, 4363.59
10507, 4371.79
10508, 4371.28
10509, 4371.79
10510, 4374.87
10511, 4372.31
10512, 4369.23
10513, 4364.62
10514, 4367.69
10515, 4374.36
10516, 4378.46
10517, 4379.49
10518, 4372.82
10519, 4374.36
10520, 4377.95
10521, 4375.38
10522, 4374.36
10523, 4374.87
10524, 4375.38
10525, 4373.85
10526, 4372.82
10527, 4375.9
10528, 4373.33
10529, 4369.23
10530, 4371.28
10531, 4370.26
10532, 4370.26
10533, 4371.28
10534, 4370.77
10535, 4372.31
10536, 4371.28
10537, 4374.87
10538, 4375.38
10539, 4371.79
10540, 4373.33
10541, 4374.87
10542, 4376.92
10543, 4375.9
10544, 4376.41
10545, 4379.49
10546, 4374.36
10547, 4372.31
10548, 4377.44
10549, 4376.92
10550, 4374.87
10551, 4375.38
10552, 4379.49
10553, 4377.44
10554, 4370.77
10555, 4372.82
10556, 4379.49
10557, 4385.64
10558, 4387.18
10559, 4379.49
10560, 4381.54
10561, 4386.15
10562, 4382.56
10563, 4385.13
10564, 4385.13
10565, 4382.05
10566, 4382.56
10567, 4386.15
10568, 4389.74
10569, 4384.62
10570, 4382.05
10571, 4388.21
10572, 4392.31
10573, 4389.74
10574, 4385.13
10575, 4386.67
10576, 4386.15
10577, 4380.51
10578, 4387.69
10579, 4400.51
10580, 4393.85
10581, 4403.08
10582, 4472.31
10583, 4500.51
10584, 4421.03
10585, 4364.62
10586, 4383.59
10587, 4371.79
10588, 4347.69
10589, 4355.38
10590, 4334.36
10591, 4310.77
10592, 4311.28
10593, 4307.69
10594, 4307.69
10595, 4326.67
10596, 4346.15
10597, 4347.18
10598, 4352.82
10599, 4357.95
10600, 4351.28
10601, 4346.67
10602, 4338.46
10603, 4332.82
10604, 4337.95
10605, 4345.13
10606, 4351.28
10607, 4353.33
10608, 4355.9
10609, 4362.05
10610, 4361.54
10611, 4357.44
10612, 4351.28
10613, 4344.1
10614, 4340
10615, 4336.92
10616, 4335.38
10617, 4334.87
10618, 4360.51
10619, 4413.85
10620, 4437.95
10621, 4431.79
10622, 4432.82
10623, 4437.44
10624, 4438.97
10625, 4438.97
10626, 4440
10627, 4435.9
10628, 4426.67
10629, 4424.62
10630, 4423.59
10631, 4422.56
10632, 4425.13
10633, 4426.67
10634, 4430.77
10635, 4429.74
10636, 4425.13
10637, 4426.67
10638, 4426.67
10639, 4426.67
10640, 4423.59
10641, 4420.51
10642, 4426.15
10643, 4427.69
10644, 4423.08
10645, 4419.49
10646, 4417.95
10647, 4421.03
10648, 4420
10649, 4417.44
10650, 4420.51
10651, 4417.44
10652, 4411.28
10653, 4410.77
10654, 4413.85
10655, 4412.31
10656, 4406.67
10657, 4408.72
10658, 4409.74
10659, 4405.64
10660, 4407.18
10661, 4406.67
10662, 4409.23
10663, 4414.87
10664, 4412.31
10665, 4409.23
10666, 4405.64
10667, 4407.18
10668, 4412.31
10669, 4409.23
10670, 4407.18
10671, 4409.23
10672, 4409.23
10673, 4407.18
10674, 4406.67
10675, 4408.72
10676, 4407.18
10677, 4407.69
10678, 4409.74
10679, 4405.13
10680, 4406.15
10681, 4407.18
10682, 4400.51
10683, 4400
10684, 4403.08
10685, 4403.08
10686, 4401.54
10687, 4400.51
10688, 4398.46
10689, 4391.28
10690, 4394.87
10691, 4403.08
10692, 4398.46
10693, 4397.44
10694, 4400
10695, 4403.08
10696, 4407.69
10697, 4407.69
10698, 4405.64
10699, 4399.49
10700, 4400
10701, 4407.69
10702, 4408.72
10703, 4404.62
10704, 4397.95
10705, 4395.9
10706, 4402.05
10707, 4402.56
10708, 4401.03
10709, 4398.46
10710, 4392.31
10711, 4399.49
10712, 4408.21
10713, 4400.51
10714, 4393.33
10715, 4401.03
10716, 4409.74
10717, 4404.62
10718, 4403.59
10719, 4409.74
10720, 4407.69
10721, 4405.13
10722, 4404.1
10723, 4403.59
10724, 4405.13
10725, 4403.08
10726, 4404.62
10727, 4404.1
10728, 4401.03
10729, 4401.54
10730, 4401.03
10731, 4403.59
10732, 4405.64
10733, 4406.67
10734, 4409.23
10735, 4404.62
10736, 4403.59
10737, 4406.67
10738, 4404.62
10739, 4408.21
10740, 4411.28
10741, 4409.23
10742, 4410.26
10743, 4409.74
10744, 4409.23
10745, 4407.18
10746, 4405.13
10747, 4409.23
10748, 4408.21
10749, 4404.1
10750, 4402.05
10751, 4401.54
10752, 4398.97
10753, 4396.41
10754, 4405.13
10755, 4407.69
10756, 4398.46
10757, 4400.51
10758, 4406.15
10759, 4404.1
10760, 4402.05
10761, 4403.08
10762, 4403.08
10763, 4395.9
10764, 4391.28
10765, 4396.41
10766, 4402.56
10767, 4405.64
10768, 4398.97
10769, 4392.82
10770, 4398.97
10771, 4403.08
10772, 4401.54
10773, 4396.41
10774, 4394.87
10775, 4401.03
10776, 4399.49
10777, 4392.82
10778, 4391.79
10779, 4394.36
10780, 4395.9
10781, 4394.36
10782, 4400
10783, 4403.08
10784, 4400
10785, 4401.03
10786, 4398.97
10787, 4397.95
10788, 4402.05
10789, 4404.1
10790, 4403.08
10791, 4398.46
10792, 4397.95
10793, 4403.08
10794, 4402.56
10795, 4400.51
10796, 4404.1
10797, 4409.74
10798, 4408.21
10799, 4400.51
10800, 4401.03
10801, 4402.56
10802, 4400.51
10803, 4406.15
10804, 4404.62
10805, 4400.51
10806, 4406.15
10807, 4406.67
10808, 4403.08
10809, 4401.03
10810, 4403.59
10811, 4407.18
10812, 4403.59
10813, 4403.59
10814, 4404.1
10815, 4405.64
10816, 4407.69
10817, 4405.64
10818, 4403.08
10819, 4398.46
10820, 4396.41
10821, 4401.54
10822, 4401.54
10823, 4404.1
10824, 4408.21
10825, 4405.64
10826, 4408.21
10827, 4408.72
10828, 4407.69
10829, 4405.64
10830, 4400.51
10831, 4402.05
10832, 4405.13
10833, 4405.13
10834, 4404.62
10835, 4403.08
10836, 4404.1
10837, 4403.08
10838, 4403.08
10839, 4404.62
10840, 4400
10841, 4397.95
10842, 4400
10843, 4397.44
10844, 4395.38
10845, 4397.95
10846, 4405.64
10847, 4405.64
10848, 4397.95
10849, 4394.87
10850, 4393.85
10851, 4398.46
10852, 4402.56
10853, 4398.97
10854, 4399.49
10855, 4397.44
10856, 4396.92
10857, 4400
10858, 4397.44
10859, 4397.95
10860, 4398.97
10861, 4397.44
10862, 4395.38
10863, 4393.33
10864, 4396.92
10865, 4397.44
10866, 4392.31
10867, 4395.38
10868, 4401.03
10869, 4401.54
10870, 4395.9
10871, 4393.85
10872, 4399.49
10873, 4400
10874, 4401.54
10875, 4403.08
10876, 4397.44
10877, 4396.41
10878, 4396.92
10879, 4397.95
10880, 4397.44
10881, 4393.33
10882, 4395.9
10883, 4399.49
10884, 4399.49
10885, 4401.03
10886, 4402.05
10887, 4405.64
10888, 4402.05
10889, 4393.85
10890, 4396.92
10891, 4401.03
10892, 4397.44
10893, 4392.31
10894, 4388.72
10895, 4391.79
10896, 4394.87
10897, 4392.31
10898, 4390.77
10899, 4393.85
10900, 4397.44
10901, 4394.87
10902, 4397.95
10903, 4397.44
10904, 4385.64
10905, 4385.64
10906, 4389.74
10907, 4388.72
10908, 4391.79
10909, 4392.82
10910, 4393.33
10911, 4392.31
10912, 4391.28
10913, 4394.36
10914, 4392.31
10915, 4388.72
10916, 4387.69
10917, 4387.18
10918, 4388.21
10919, 4385.13
10920, 4385.64
10921, 4389.23
10922, 4390.77
10923, 4393.85
10924, 4389.23
10925, 4382.05
10926, 4382.56
10927, 4384.62
10928, 4384.1
10929, 4379.49
10930, 4377.44
10931, 4376.92
10932, 4371.28
10933, 4373.85
10934, 4376.92
10935, 4374.36
10936, 4376.41
10937, 4377.44
10938, 4374.87
10939, 4372.31
10940, 4373.85
10941, 4377.44
10942, 4375.38
10943, 4377.95
10944, 4380.51
10945, 4375.9
10946, 4377.44
10947, 4382.56
10948, 4389.23
10949, 4387.18
10950, 4377.44
10951, 4383.59
10952, 4387.69
10953, 4380
10954, 4382.05
10955, 4386.15
10956, 4385.64
10957, 4386.15
10958, 4386.67
10959, 4384.62
10960, 4379.49
10961, 4378.97
10962, 4381.03
10963, 4384.1
10964, 4389.74
10965, 4387.69
10966, 4385.13
10967, 4385.64
10968, 4385.64
10969, 4385.13
10970, 4383.08
10971, 4386.67
10972, 4389.23
10973, 4382.56
10974, 4383.59
10975, 4389.23
10976, 4389.23
10977, 4388.72
10978, 4383.59
10979, 4378.46
10980, 4377.44
10981, 4381.03
10982, 4384.62
10983, 4384.62
10984, 4387.18
10985, 4385.64
10986, 4385.64
10987, 4395.38
10988, 4386.67
10989, 4409.74
10990, 4481.54
10991, 4485.64
10992, 4413.33
10993, 4369.23
10994, 4372.31
10995, 4373.85
10996, 4365.13
10997, 4355.9
10998, 4341.03
10999, 4333.85
11000, 4339.49, estimuli
11001, 4358.46
11002, 4381.03
11003, 4393.85
11004, 4408.21
11005, 4423.08
11006, 4426.15
11007, 4432.31
11008, 4436.41
11009, 4431.79
11010, 4430.26
11011, 4434.87
11012, 4446.67
11013, 4446.67
11014, 4440
11015, 4445.64
11016, 4443.59
11017, 4436.92
11018, 4441.54
11019, 4442.56
11020, 4440.51
11021, 4445.13
11022, 4452.31
11023, 4453.33
11024, 4448.21
11025, 4447.18
11026, 4446.67
11027, 4451.28
11028, 4456.92
11029, 4451.28
11030, 4451.79
11031, 4458.46
11032, 4457.95
11033, 4457.44
11034, 4460.51
11035, 4467.69
11036, 4467.69
11037, 4463.59
11038, 4468.21
11039, 4468.72
11040, 4467.69
11041, 4470.26
11042, 4467.18
11043, 4467.18
11044, 4468.72
11045, 4470.77
11046, 4471.79
11047, 4467.18
11048, 4465.13
11049, 4461.03
11050, 4455.9
11051, 4456.41
11052, 4456.92
11053, 4461.03
11054, 4463.08
11055, 4460.51
11056, 4461.03
11057, 4455.9
11058, 4452.82
11059, 4455.38
11060, 4451.28
11061, 4447.18
11062, 4446.15
11063, 4445.13
11064, 4444.1
11065, 4446.67
11066, 4452.31
11067, 4450.26
11068, 4451.79
11069, 4458.97
11070, 4456.92
11071, 4451.28
11072, 4444.62
11073, 4445.64
11074, 4452.31
11075, 4450.26
11076, 4453.85
11077, 4457.95
11078, 4452.31
11079, 4450.26
11080, 4452.82
11081, 4456.41
11082, 4458.46
11083, 4456.41
11084, 4458.97
11085, 4458.97
11086, 4453.85
11087, 4463.59
11088, 4481.03
11089, 4474.87
11090, 4441.03
11091, 4413.33
11092, 4411.79
11093, 4427.18
11094, 4459.49
11095, 4486.15
11096, 4490.26
11097, 4480
11098, 4466.15
11099, 4438.97
11100, 4395.9
11101, 4391.28
11102, 4429.23
11103, 4467.18
11104, 4504.62
11105, 4516.92
11106, 4483.59
11107, 4433.33
11108, 4397.44
11109, 4401.54
11110, 4434.87
11111, 4467.69
11112, 4506.15
11113, 4516.41
11114, 4479.49
11115, 4434.87
11116, 4400
11117, 4393.85
11118, 4420.51
11119, 4461.54
11120, 4501.03
11121, 4510.26
11122, 4480
11123, 4435.9
11124, 4400
11125, 4394.87
11126, 4420.51
11127, 4463.08
11128, 4502.56
11129, 4506.15
11130, 4466.67
11131, 4417.44
11132, 4391.28
11133, 4390.77
11134, 4411.79
11135, 4452.31
11136, 4485.13
11137, 4488.72
11138, 4463.59
11139, 4420.51
11140, 4383.08
11141, 4373.85
11142, 4405.13
11143, 4451.79
11144, 4472.82
11145, 4471.28
11146, 4451.79
11147, 4415.38
11148, 4383.08
11149, 4378.97
11150, 4408.72
11151, 4447.18
11152, 4471.28
11153, 4473.33
11154, 4448.72
11155, 4414.36
11156, 4387.18
11157, 4382.05
11158, 4408.21
11159, 4441.54
11160, 4470.26
11161, 4479.49
11162, 4451.28
11163, 4410.77
11164, 4387.18
11165, 4390.26
11166, 4412.31
11167, 4439.49
11168, 4467.18
11169, 4470.77
11170, 4443.59
11171, 4409.74
11172, 4378.46
11173, 4369.74
11174, 4393.85
11175, 4432.31
11176, 4463.59
11177, 4464.62
11178, 4440.51
11179, 4405.13
11180, 4371.79
11181, 4370.26
11182, 4394.36
11183, 4427.69
11184, 4456.41
11185, 4457.44
11186, 4431.79
11187, 4394.36
11188, 4364.62
11189, 4361.54
11190, 4384.1
11191, 4421.03
11192, 4450.26
11193, 4448.72
11194, 4423.08
11195, 4388.21
11196, 4363.08
11197, 4360
11198, 4381.03
11199, 4416.41
11200, 4442.56
11201, 4448.21
11202, 4425.64
11203, 4385.64
11204, 4361.03
11205, 4360
11206, 4387.69
11207, 4428.72
11208, 4449.74
11209, 4446.15
11210, 4420.51
11211, 4386.67
11212, 4362.56
11213, 4357.95
11214, 4384.1
11215, 4419.49
11216, 4431.79
11217, 4418.46
11218, 4403.59
11219, 4408.21
11220, 4410.77
11221, 4401.54
11222, 4403.08
11223, 4402.56
11224, 4394.36
11225, 4393.85
11226, 4398.97
11227, 4401.03
11228, 4394.87
11229, 4392.31
11230, 4396.92
11231, 4394.87
11232, 4388.72
11233, 4385.64
11234, 4388.21
11235, 4388.21
11236, 4382.05
11237, 4389.23
11238, 4398.97
11239, 4390.26
11240, 4382.05
11241, 4384.1
11242, 4389.74
11243, 4386.67
11244, 4381.54
11245, 4383.08
11246, 4384.1
11247, 4387.18
11248, 4384.62
11249, 4376.92
11250, 4378.97
11251, 4380
11252, 4380.51
11253, 4386.67
11254, 4386.15
11255, 4384.62
11256, 4382.56
11257, 4385.13
11258, 4391.28
11259, 4391.28
11260, 4394.87
11261, 4395.38
11262, 4390.26
11263, 4392.31
11264, 4392.82
11265, 4386.15
11266, 4380.51
11267, 4384.62
11268, 4384.62
11269, 4374.87
11270, 4381.54
11271, 4392.31
11272, 4388.21
11273, 4392.31
11274, 4396.92
11275, 4388.72
11276, 4385.13
11277, 4391.79
11278, 4396.41
11279, 4391.79
11280, 4386.15
11281, 4388.21
11282, 4390.77
11283, 4389.23
11284, 4385.64
11285, 4387.69
11286, 4391.28
11287, 4387.18
11288, 4390.77
11289, 4395.9
11290, 4390.26
11291, 4389.74
11292, 4389.74
11293, 4388.21
11294, 4389.23
11295, 4389.74
11296, 4388.21
11297, 4384.62
11298, 4384.62
11299, 4385.13
11300, 4383.59
11301, 4386.15
11302, 4381.03
11303, 4377.95
11304, 4383.08
11305, 4381.54
11306, 4380
11307, 4379.49
11308, 4378.46
11309, 4382.05
11310, 4381.03
11311, 4378.46
11312, 4379.49
11313, 4378.97
11314, 4376.92
11315, 4376.41
11316, 4376.92
11317, 4376.92
11318, 4376.92
11319, 4380
11320, 4378.46
11321, 4377.95
11322, 4380
11323, 4378.46
11324, 4380.51
11325, 4380
11326, 4381.54
11327, 4389.74
11328, 4387.69
11329, 4382.05
11330, 4378.46
11331, 4379.49
11332, 4385.13
11333, 4385.13
11334, 4386.15
11335, 4384.62
11336, 4376.41
11337, 4375.38
11338, 4378.46
11339, 4379.49
11340, 4377.44
11341, 4378.97
11342, 4386.15
11343, 4381.54
11344, 4372.31
11345, 4376.92
11346, 4382.56
11347, 4383.59
11348, 4379.49
11349, 4377.44
11350, 4381.03
11351, 4382.05
11352, 4384.62
11353, 4385.64
11354, 4386.67
11355, 4390.26
11356, 4384.1
11357, 4378.46
11358, 4376.92
11359, 4375.38
11360, 4377.44
11361, 4376.92
11362, 4377.95
11363, 4382.05
11364, 4383.08
11365, 4383.08
11366, 4379.49
11367, 4382.56
11368, 4391.28
11369, 4387.18
11370, 4377.44
11371, 4370.77
11372, 4371.28
11373, 4373.33
11374, 4373.85
11375, 4378.46
11376, 4376.92
11377, 4373.33
11378, 4374.36
11379, 4371.79
11380, 4371.28
11381, 4372.82
11382, 4373.85
11383, 4379.49
11384, 4376.41
11385, 4368.21
11386, 4367.69
11387, 4369.23
11388, 4374.87
11389, 4379.49
11390, 4378.97
11391, 4372.82
11392, 4367.69
11393, 4373.85
11394, 4372.82
11395, 4367.69
11396, 4367.69
11397, 4367.18
11398, 4369.74
11399, 4370.26
11400, 4366.15
11401, 4366.15
11402, 4370.26
11403, 4375.9
11404, 4375.38
11405, 4373.85
11406, 4374.87
11407, 4369.23
11408, 4367.69
11409, 4372.82
11410, 4375.38
11411, 4376.92
11412, 4371.79
11413, 4368.21
11414, 4375.38
11415, 4376.41
11416, 4373.85
11417, 4372.82
11418, 4374.36
11419, 4372.31
11420, 4367.69
11421, 4372.31
11422, 4373.85
11423, 4371.28
11424, 4372.82
11425, 4370.77
11426, 4371.79
11427, 4378.46
11428, 4377.44
11429, 4370.26
11430, 4368.21
11431, 4375.9
11432, 4375.38
11433, 4365.64
11434, 4368.72
11435, 4374.36
11436, 4374.36
11437, 4373.85
11438, 4372.82
11439, 4375.9
11440, 4374.36
11441, 4369.74
11442, 4370.77
11443, 4371.28
11444, 4372.82
11445, 4373.33
11446, 4372.82
11447, 4373.85
11448, 4370.26
11449, 4374.87
11450, 4380
11451, 4375.38
11452, 4372.31
11453, 4371.28
11454, 4372.31
11455, 4374.87
11456, 4374.87
11457, 4377.95
11458, 4380.51
11459, 4382.05
11460, 4377.95
11461, 4370.77
11462, 4374.36
11463, 4380
11464, 4377.44
11465, 4373.85
11466, 4374.87
11467, 4381.03
11468, 4377.95
11469, 4371.79
11470, 4371.79
11471, 4368.21
11472, 4369.23
11473, 4375.38
11474, 4375.9
11475, 4372.82
11476, 4366.15
11477, 4369.23
11478, 4372.31
11479, 4360
11480, 4351.28
11481, 4358.97
11482, 4369.23
11483, 4367.69
11484, 4360.51
11485, 4361.54
11486, 4362.56
11487, 4363.59
11488, 4367.18
11489, 4366.67
11490, 4368.21
11491, 4368.21
11492, 4371.28
11493, 4376.92
11494, 4368.72
11495, 4357.44
11496, 4358.46
11497, 4363.59
11498, 4364.62
11499, 4360.51
11500, 4364.1
11501, 4367.69
11502, 4363.59
11503, 4362.56
11504, 4360.51
11505, 4360.51
11506, 4362.05
11507, 4356.41
11508, 4355.9
11509, 4358.97
11510, 4361.03
11511, 4362.05
11512, 4361.03
11513, 4366.67
11514, 4368.72
11515, 4364.1
11516, 4363.08
11517, 4361.54
11518, 4360.51
11519, 4358.97
11520, 4361.03
11521, 4368.21
11522, 4363.08
11523, 4358.46
11524, 4363.08
11525, 4368.21
11526, 4370.26
11527, 4368.72
11528, 4368.21
11529, 4369.74
11530, 4371.28
11531, 4374.36
11532, 4367.18
11533, 4362.05
11534, 4369.23
11535, 4371.79
11536, 4365.64
11537, 4363.08
11538, 4367.69
11539, 4366.67
11540, 4361.03
11541, 4368.21
11542, 4373.85
11543, 4366.67
11544, 4363.59
11545, 4359.49
11546, 4359.49
11547, 4368.21
11548, 4374.87
11549, 4373.33
11550, 4362.05
11551, 4358.97
11552, 4365.13
11553, 4368.21
11554, 4367.18
11555, 4366.15
11556, 4371.28
11557, 4374.87
11558, 4369.74
11559, 4367.69
11560, 4362.56
11561, 4360.51
11562, 4367.18
11563, 4362.56
11564, 4356.92
11565, 4362.56
11566, 4365.13
11567, 4362.56
11568, 4358.97
11569, 4362.05
11570, 4366.15
11571, 4366.67
11572, 4368.72
11573, 4363.08
11574, 4359.49
11575, 4363.08
11576, 4364.1
11577, 4364.1
11578, 4361.54
11579, 4359.49
11580, 4360
11581, 4360
11582, 4360.51
11583, 4357.44
11584, 4361.54
11585, 4372.82
11586, 4371.28
11587, 4363.08
11588, 4359.49
11589, 4361.54
11590, 4369.23
11591, 4365.13
11592, 4358.46
11593, 4362.05
11594, 4366.67
11595, 4370.77
11596, 4368.72
11597, 4365.13
11598, 4364.1
11599, 4364.62
11600, 4365.64
11601, 4363.08
11602, 4368.72
11603, 4377.44
11604, 4368.21
11605, 4358.46
11606, 4363.08
11607, 4370.26
11608, 4371.79
11609, 4372.31
11610, 4374.87
11611, 4369.74
11612, 4367.69
11613, 4377.44
11614, 4373.85
11615, 4362.56
11616, 4362.56
11617, 4369.74
11618, 4372.31
11619, 4368.21
11620, 4370.77
11621, 4371.79
11622, 4364.1
11623, 4368.21
11624, 4369.23
11625, 4358.97
11626, 4358.46
11627, 4362.05
11628, 4358.46
11629, 4355.38
11630, 4362.05
11631, 4366.15
11632, 4356.41
11633, 4354.36
11634, 4358.46
11635, 4359.49
11636, 4360.51
11637, 4360
11638, 4363.08
11639, 4363.59
11640, 4358.97
11641, 4361.54
11642, 4365.13
11643, 4364.62
11644, 4361.54
11645, 4358.97
11646, 4357.44
11647, 4351.28
11648, 4349.23
11649, 4352.31
11650, 4351.28
11651, 4354.36
11652, 4356.92
11653, 4356.92
11654, 4358.46
11655, 4354.87
11656, 4353.85
11657, 4353.33
11658, 4349.74
11659, 4352.31
11660, 4354.36
11661, 4355.38
11662, 4351.28
11663, 4347.69
11664, 4353.33
11665, 4355.9
11666, 4356.92
11667, 4357.44
11668, 4352.31
11669, 4351.28
11670, 4353.33
11671, 4357.95
11672, 4360
11673, 4355.9
11674, 4355.9
11675, 4353.33
11676, 4350.77
11677, 4358.46
11678, 4360.51
11679, 4358.97
11680, 4359.49
11681, 4361.03
11682, 4363.08
11683, 4363.08
11684, 4366.67
11685, 4367.69
11686, 4369.74
11687, 4362.56
11688, 4368.72
11689, 4439.49
11690, 4468.21
11691, 4387.18
11692, 4334.87
11693, 4348.72
11694, 4347.18
11695, 4336.41
11696, 4325.64
11697, 4294.87
11698, 4276.41
11699, 4281.03
11700, 4292.31
11701, 4310.77
11702, 4329.23
11703, 4342.05
11704, 4355.38
11705, 4369.74
11706, 4370.26
11707, 4365.64
11708, 4362.05
11709, 4356.92
11710, 4356.92
11711, 4356.41
11712, 4362.05
11713, 4368.72
11714, 4368.72
11715, 4368.72
11716, 4368.21
11717, 4373.85
11718, 4375.38
11719, 4363.59
11720, 4358.46
11721, 4360
11722, 4354.87
11723, 4351.28
11724, 4354.36
11725, 4362.05
11726, 4361.03
11727, 4355.9
11728, 4360
11729, 4365.13
11730, 4370.77
11731, 4371.79
11732, 4367.69
11733, 4368.21
11734, 4369.74
11735, 4371.79
11736, 4370.77
11737, 4369.74
11738, 4378.46
11739, 4383.08
11740, 4382.56
11741, 4382.05
11742, 4376.92
11743, 4376.41
11744, 4377.44
11745, 4381.03
11746, 4383.59
11747, 4379.49
11748, 4383.59
11749, 4389.23
11750, 4384.1
11751, 4378.97
11752, 4380
11753, 4385.13
11754, 4383.08
11755, 4376.92
11756, 4380
11757, 4380
11758, 4378.46
11759, 4377.44
11760, 4372.31
11761, 4370.77
11762, 4370.26
11763, 4371.79
11764, 4373.33
11765, 4373.33
11766, 4376.92
11767, 4374.87
11768, 4370.26
11769, 4371.79
11770, 4372.82
11771, 4370.77
11772, 4369.74
11773, 4373.33
11774, 4376.92
11775, 4372.31
11776, 4373.33
11777, 4375.38
11778, 4374.36
11779, 4381.03
11780, 4380
11781, 4375.9
11782, 4379.49
11783, 4380
11784, 4374.87
11785, 4368.72
11786, 4373.33
11787, 4382.56
11788, 4382.56
11789, 4380
11790, 4380
11791, 4384.62
11792, 4388.72
11793, 4386.15
11794, 4383.59
11795, 4378.46
11796, 4376.92
11797, 4382.05
11798, 4378.46
11799, 4374.87
11800, 4376.92
11801, 4375.38
11802, 4376.41
11803, 4381.03
11804, 4383.08
11805, 4378.46
11806, 4375.9
11807, 4380.51
11808, 4375.38
11809, 4368.72
11810, 4371.79
11811, 4373.33
11812, 4374.87
11813, 4373.33
11814, 4371.28
11815, 4375.38
11816, 4377.95
11817, 4380.51
11818, 4378.97
11819, 4378.46
11820, 4384.62
11821, 4385.13
11822, 4383.08
11823, 4377.44
11824, 4372.82
11825, 4375.9
11826, 4374.36
11827, 4371.79
11828, 4374.87
11829, 4380
11830, 4385.64
11831, 4383.59
11832, 4381.54
11833, 4383.59
11834, 4381.03
11835, 4381.54
11836, 4383.08
11837, 4381.54
11838, 4381.03
11839, 4378.97
11840, 4377.95
11841, 4375.38
11842, 4376.41
11843, 4380
11844, 4375.38
11845, 4377.95
11846, 4382.05
11847, 4378.46
11848, 4377.95
11849, 4372.82
11850, 4364.62
11851, 4366.15
11852, 4373.33
11853, 4375.38
11854, 4370.26
11855, 4371.28
11856, 4375.38
11857, 4374.36
11858, 4377.44
11859, 4376.92
11860, 4376.92
11861, 4380.51
11862, 4379.49
11863, 4375.9
11864, 4372.31
11865, 4373.33
11866, 4374.36
11867, 4364.62
11868, 4361.03
11869, 4365.13
11870, 4366.15
11871, 4367.69
11872, 4368.72
11873, 4373.33
11874, 4375.9
11875, 4370.77
11876, 4368.21
11877, 4363.08
11878, 4359.49
11879, 4361.54
11880, 4358.46
11881, 4354.87
11882, 4357.44
11883, 4364.62
11884, 4364.62
11885, 4360
11886, 4364.1
11887, 4364.62
11888, 4362.05
11889, 4364.1
11890, 4360
11891, 4359.49
11892, 4363.08
11893, 4363.59
11894, 4363.59
11895, 4364.62
11896, 4368.21
11897, 4367.69
11898, 4365.13
11899, 4368.21
11900, 4370.26
11901, 4372.31
11902, 4373.33
11903, 4367.69
11904, 4365.64
11905, 4363.08
11906, 4362.56
11907, 4366.15
11908, 4361.03
11909, 4358.97
11910, 4364.1
11911, 4366.15
11912, 4360.51
11913, 4354.36
11914, 4360.51
11915, 4365.64
11916, 4361.03
11917, 4362.56
11918, 4370.77
11919, 4361.54
11920, 4373.33
11921, 4441.54
11922, 4460.51
11923, 4386.67
11924, 4344.1
11925, 4355.38
11926, 4357.44
11927, 4361.54
11928, 4357.44
11929, 4329.74
11930, 4310.26
11931, 4290.77
11932, 4305.13
11933, 4357.95
11934, 4356.41
11935, 4333.85
11936, 4355.9
11937, 4388.21
11938, 4391.79
11939, 4393.85
11940, 4403.59
11941, 4395.9
11942, 4394.36
11943, 4392.82
11944, 4390.26
11945, 4396.41
11946, 4392.82
11947, 4391.28
11948, 4392.31
11949, 4384.1
11950, 4376.92
11951, 4369.23
11952, 4359.49
11953, 4356.41
11954, 4361.03
11955, 4367.69
11956, 4367.18
11957, 4365.13
11958, 4369.23
11959, 4370.26
11960, 4367.69
11961, 4365.13
11962, 4368.21
11963, 4370.77
11964, 4365.64
11965, 4367.18
11966, 4370.77
11967, 4370.77
11968, 4372.82
11969, 4367.18
11970, 4365.13
11971, 4371.79
11972, 4366.67
11973, 4360.51
11974, 4362.56
11975, 4365.64
11976, 4369.74
11977, 4373.85
11978, 4374.36
11979, 4367.69
11980, 4365.13
11981, 4367.69
11982, 4364.62
11983, 4364.62
11984, 4364.62
11985, 4360
11986, 4356.92
11987, 4353.85
11988, 4353.33
11989, 4347.69
11990, 4343.08
11991, 4344.62
11992, 4336.92
11993, 4330.26
11994, 4318.97
11995, 4286.15
11996, 4263.08
11997, 4260.51
11998, 4260.51
11999, 4258.46
12000, 4255.38
12001, 4257.95
12002, 4262.05
12003, 4263.08
12004, 4262.56, estimuli
12005, 4255.38
12006, 4253.85
12007, 4260.51
12008, 4265.64
12009, 4263.08
12010, 4255.38
12011, 4261.03
12012, 4268.21
12013, 4264.1
12014, 4262.56
12015, 4261.54
12016, 4261.03
12017, 4262.05
12018, 4262.05
12019, 4266.67
12020, 4264.1
12021, 4261.54
12022, 4268.21
12023, 4270.77
12024, 4271.28
12025, 4273.85
12026, 4275.38
12027, 4276.41
12028, 4275.38
12029, 4274.36
12030, 4274.87
12031, 4281.03
12032, 4284.62
12033, 4276.92
12034, 4276.92
12035, 4281.03
12036, 4280
12037, 4286.15
12038, 4284.62
12039, 4280
12040, 4281.54
12041, 4283.59
12042, 4285.13
12043, 4283.59
12044, 4286.67
12045, 4289.74
12046, 4287.69
12047, 4293.85
12048, 4298.46
12049, 4292.82
12050, 4287.69
12051, 4287.69
12052, 4293.33
12053, 4297.95
12054, 4297.44
12055, 4298.46
12056, 4296.41
12057, 4294.36
12058, 4290.77
12059, 4287.69
12060, 4294.36
12061, 4296.41
12062, 4295.9
12063, 4298.46
12064, 4299.49
12065, 4298.97
12066, 4294.87
12067, 4295.9
12068, 4298.97
12069, 4301.54
12070, 4306.15
12071, 4302.56
12072, 4301.54
12073, 4308.21
12074, 4305.64
12075, 4304.1
12076, 4308.21
12077, 4307.69
12078, 4308.21
12079, 4307.69
12080, 4307.18
12081, 4306.15
12082, 4307.18
12083, 4311.79
12084, 4308.72
12085, 4308.21
12086, 4310.77
12087, 4309.23
12088, 4311.79
12089, 4315.9
12090, 4320
12091, 4317.95
12092, 4309.74
12093, 4307.18
12094, 4314.87
12095, 4335.38
12096, 4350.77
12097, 4330.77
12098, 4294.36
12099, 4273.85
12100, 4283.59
12101, 4315.9
12102, 4344.1
12103, 4362.05
12104, 4362.56
12105, 4350.77
12106, 4331.79
12107, 4280.51
12108, 4251.28
12109, 4281.03
12110, 4315.38
12111, 4348.72
12112, 4375.38
12113, 4362.56
12114, 4326.15
12115, 4288.72
12116, 4263.08
12117, 4270.77
12118, 4311.28
12119, 4357.95
12120, 4383.59
12121, 4373.33
12122, 4332.31
12123, 4289.74
12124, 4268.72
12125, 4280
12126, 4318.97
12127, 4357.95
12128, 4385.13
12129, 4380.51
12130, 4335.9
12131, 4293.33
12132, 4275.38
12133, 4285.64
12134, 4322.56
12135, 4363.59
12136, 4390.77
12137, 4380.51
12138, 4337.95
12139, 4301.03
12140, 4280.51
12141, 4288.72
12142, 4328.21
12143, 4366.15
12144, 4385.64
12145, 4373.85
12146, 4337.44
12147, 4300.51
12148, 4276.41
12149, 4288.21
12150, 4326.67
12151, 4365.13
12152, 4388.21
12153, 4374.36
12154, 4333.33
12155, 4295.38
12156, 4280
12157, 4293.85
12158, 4324.62
12159, 4365.13
12160, 4393.85
12161, 4381.54
12162, 4349.23
12163, 4309.74
12164, 4282.56
12165, 4298.97
12166, 4338.97
12167, 4370.77
12168, 4383.59
12169, 4377.95
12170, 4351.79
12171, 4309.74
12172, 4287.18
12173, 4299.49
12174, 4335.9
12175, 4377.95
12176, 4392.82
12177, 4376.41
12178, 4347.18
12179, 4316.41
12180, 4297.95
12181, 4303.59
12182, 4337.95
12183, 4377.95
12184, 4396.41
12185, 4385.13
12186, 4349.74
12187, 4316.41
12188, 4301.54
12189, 4306.67
12190, 4340.51
12191, 4381.03
12192, 4397.44
12193, 4386.15
12194, 4351.28
12195, 4312.82
12196, 4295.38
12197, 4313.33
12198, 4349.23
12199, 4376.41
12200, 4393.85
12201, 4387.18
12202, 4351.79
12203, 4314.87
12204, 4294.36
12205, 4306.15
12206, 4343.59
12207, 4380
12208, 4400
12209, 4388.72
12210, 4357.95
12211, 4320.51
12212, 4294.36
12213, 4312.82
12214, 4348.72
12215, 4374.87
12216, 4395.9
12217, 4387.69
12218, 4353.85
12219, 4321.54
12220, 4304.62
12221, 4312.82
12222, 4345.64
12223, 4377.44
12224, 4379.49
12225, 4368.72
12226, 4369.23
12227, 4362.05
12228, 4351.28
12229, 4355.38
12230, 4357.95
12231, 4352.31
12232, 4345.64
12233, 4348.72
12234, 4353.33
12235, 4353.33
12236, 4356.41
12237, 4355.9
12238, 4353.33
12239, 4357.44
12240, 4353.85
12241, 4350.77
12242, 4355.38
12243, 4355.9
12244, 4353.33
12245, 4351.28
12246, 4351.28
12247, 4351.28
12248, 4350.26
12249, 4354.87
12250, 4355.38
12251, 4357.44
12252, 4361.54
12253, 4359.49
12254, 4360
12255, 4362.05
12256, 4360.51
12257, 4358.97
12258, 4361.03
12259, 4366.15
12260, 4361.03
12261, 4352.82
12262, 4355.38
12263, 4361.03
12264, 4363.59
12265, 4356.92
12266, 4352.82
12267, 4358.97
12268, 4356.41
12269, 4356.92
12270, 4363.59
12271, 4363.08
12272, 4360
12273, 4355.38
12274, 4356.92
12275, 4355.38
12276, 4345.64
12277, 4350.26
12278, 4360.51
12279, 4359.49
12280, 4353.85
12281, 4350.77
12282, 4353.85
12283, 4355.9
12284, 4357.95
12285, 4358.97
12286, 4356.41
12287, 4363.08
12288, 4364.1
12289, 4354.87
12290, 4358.97
12291, 4361.54
12292, 4357.95
12293, 4359.49
12294, 4361.03
12295, 4361.03
12296, 4358.46
12297, 4362.56
12298, 4368.21
12299, 4366.67
12300, 4364.62
12301, 4358.46
12302, 4356.41
12303, 4364.62
12304, 4366.67
12305, 4362.05
12306, 4363.08
12307, 4365.13
12308, 4356.41
12309, 4352.31
12310, 4364.1
12311, 4365.64
12312, 4358.46
12313, 4360
12314, 4355.9
12315, 4353.33
12316, 4356.41
12317, 4354.87
12318, 4358.46
12319, 4361.03
12320, 4360
12321, 4362.05
12322, 4362.05
12323, 4361.54
12324, 4358.97
12325, 4359.49
12326, 4358.97
12327, 4354.36
12328, 4356.92
12329, 4356.41
12330, 4352.82
12331, 4355.38
12332, 4353.85
12333, 4356.41
12334, 4362.05
12335, 4362.05
12336, 4358.97
12337, 4354.36
12338, 4356.41
12339, 4358.46
12340, 4356.92
12341, 4362.05
12342, 4363.59
12343, 4364.1
12344, 4365.64
12345, 4360.51
12346, 4357.44
12347, 4356.92
12348, 4358.97
12349, 4361.03
12350, 4356.92
12351, 4356.41
12352, 4356.41
12353, 4358.97
12354, 4364.62
12355, 4356.92
12356, 4351.79
12357, 4353.33
12358, 4352.82
12359, 4351.79
12360, 4354.36
12361, 4360
12362, 4355.9
12363, 4349.74
12364, 4353.33
12365, 4352.31
12366, 4346.15
12367, 4343.08
12368, 4342.56
12369, 4348.72
12370, 4349.74
12371, 4345.64
12372, 4347.18
12373, 4353.33
12374, 4355.38
12375, 4352.82
12376, 4358.97
12377, 4359.49
12378, 4347.69
12379, 4352.82
12380, 4357.95
12381, 4349.23
12382, 4351.79
12383, 4358.46
12384, 4362.56
12385, 4364.1
12386, 4361.03
12387, 4360.51
12388, 4365.13
12389, 4370.26
12390, 4368.72
12391, 4362.05
12392, 4360.51
12393, 4356.92
12394, 4356.92
12395, 4361.54
12396, 4361.54
12397, 4367.69
12398, 4371.28
12399, 4369.23
12400, 4371.28
12401, 4369.23
12402, 4365.13
12403, 4361.03
12404, 4360
12405, 4358.97
12406, 4353.85
12407, 4355.9
12408, 4357.95
12409, 4355.9
12410, 4361.03
12411, 4362.56
12412, 4362.56
12413, 4362.05
12414, 4358.46
12415, 4361.03
12416, 4362.05
12417, 4360.51
12418, 4357.95
12419, 4352.31
12420, 4352.31
12421, 4353.85
12422, 4358.97
12423, 4364.1
12424, 4360
12425, 4357.44
12426, 4361.03
12427, 4371.79
12428, 4366.67
12429, 4366.67
12430, 4436.41
12431, 4471.79
12432, 4395.9
12433, 4335.9
12434, 4351.28
12435, 4360.51
12436, 4340
12437, 4331.79
12438, 4313.33
12439, 4267.18
12440, 4250.26, estimuli
12441, 4275.38
12442, 4285.13
12443, 4290.26
12444, 4319.49
12445, 4338.46
12446, 4341.03
12447, 4341.03
12448, 4343.08
12449, 4347.69
12450, 4349.23
12451, 4344.1
12452, 4336.41
12453, 4337.95
12454, 4344.62
12455, 4351.28
12456, 4355.38
12457, 4354.36
12458, 4357.95
12459, 4360.51
12460, 4356.41
12461, 4355.9
12462, 4355.38
12463, 4357.95
12464, 4357.44
12465, 4350.77
12466, 4350.77
12467, 4350.77
12468, 4350.26
12469, 4351.79
12470, 4353.33
12471, 4358.46
12472, 4355.38
12473, 4352.82
12474, 4354.87
12475, 4347.69
12476, 4346.15
12477, 4352.31
12478, 4353.33
12479, 4353.33
12480, 4351.28
12481, 4352.82
12482, 4354.87
12483, 4347.69
12484, 4345.64
12485, 4350.77
12486, 4354.36
12487, 4350.26
12488, 4349.23
12489, 4360
12490, 4361.54
12491, 4357.95
12492, 4360.51
12493, 4355.9
12494, 4347.69
12495, 4347.69
12496, 4355.38
12497, 4360.51
12498, 4353.33
12499, 4355.9
12500, 4364.62
12501, 4357.44
12502, 4354.36
12503, 4358.97
12504, 4357.44
12505, 4349.74
12506, 4348.72
12507, 4356.41
12508, 4365.64
12509, 4377.44
12510, 4369.23
12511, 4334.36
12512, 4307.69
12513, 4306.67
12514, 4335.38
12515, 4372.31
12516, 4389.74
12517, 4390.77
12518, 4381.54
12519, 4365.64
12520, 4328.21
12521, 4287.18
12522, 4304.1
12523, 4351.28
12524, 4389.23
12525, 4419.49
12526, 4415.9
12527, 4380.51
12528, 4335.9
12529, 4304.1
12530, 4314.36
12531, 4349.74
12532, 4390.26
12533, 4425.13
12534, 4418.97
12535, 4377.44
12536, 4331.79
12537, 4306.15
12538, 4316.92
12539, 4349.23
12540, 4393.33
12541, 4429.23
12542, 4423.59
12543, 4383.59
12544, 4339.49
12545, 4314.36
12546, 4319.49
12547, 4354.87
12548, 4400.51
12549, 4429.23
12550, 4426.15
12551, 4386.15
12552, 4339.49
12553, 4317.95
12554, 4325.64
12555, 4361.03
12556, 4401.54
12557, 4429.74
12558, 4432.31
12559, 4393.33
12560, 4346.67
12561, 4324.62
12562, 4326.15
12563, 4353.33
12564, 4395.9
12565, 4426.67
12566, 4418.46
12567, 4380.51
12568, 4345.64
12569, 4320.51
12570, 4323.59
12571, 4362.05
12572, 4399.49
12573, 4420.51
12574, 4414.87
12575, 4381.03
12576, 4344.1
12577, 4317.44
12578, 4320.51
12579, 4355.38
12580, 4394.87
12581, 4421.03
12582, 4411.28
12583, 4378.97
12584, 4348.21
12585, 4322.56
12586, 4323.59
12587, 4356.41
12588, 4395.9
12589, 4417.95
12590, 4407.69
12591, 4377.95
12592, 4341.03
12593, 4323.08
12594, 4336.92
12595, 4363.08
12596, 4395.9
12597, 4420
12598, 4412.82
12599, 4382.56
12600, 4345.13
12601, 4323.59
12602, 4332.31
12603, 4363.59
12604, 4399.49
12605, 4415.38
12606, 4405.13
12607, 4375.38
12608, 4334.87
12609, 4312.82
12610, 4322.05
12611, 4352.82
12612, 4387.18
12613, 4406.67
12614, 4402.56
12615, 4371.28
12616, 4334.87
12617, 4315.38
12618, 4317.95
12619, 4348.21
12620, 4386.15
12621, 4407.18
12622, 4401.03
12623, 4367.18
12624, 4331.79
12625, 4310.26
12626, 4310.26
12627, 4343.59
12628, 4385.13
12629, 4409.74
12630, 4405.13
12631, 4370.77
12632, 4335.9
12633, 4314.36
12634, 4318.97
12635, 4354.36
12636, 4387.69
12637, 4394.36
12638, 4378.46
12639, 4365.64
12640, 4367.18
12641, 4368.21
12642, 4371.79
12643, 4371.79
12644, 4366.15
12645, 4369.74
12646, 4371.28
12647, 4364.62
12648, 4357.95
12649, 4356.41
12650, 4363.59
12651, 4362.05
12652, 4358.46
12653, 4360
12654, 4362.56
12655, 4368.21
12656, 4368.72
12657, 4364.1
12658, 4361.03
12659, 4358.97
12660, 4362.56
12661, 4361.03
12662, 4356.92
12663, 4360.51
12664, 4362.56
12665, 4362.56
12666, 4361.54
12667, 4359.49
12668, 4359.49
12669, 4354.87
12670, 4356.92
12671, 4362.56
12672, 4360
12673, 4362.56
12674, 4366.67
12675, 4366.15
12676, 4361.54
12677, 4361.54
12678, 4372.82
12679, 4371.28
12680, 4361.54
12681, 4363.59
12682, 4365.64
12683, 4367.18
12684, 4367.18
12685, 4365.13
12686, 4363.59
12687, 4358.97
12688, 4357.95
12689, 4358.97
12690, 4362.56
12691, 4369.74
12692, 4366.67
12693, 4364.1
12694, 4369.23
12695, 4365.64
12696, 4356.41
12697, 4350.77
12698, 4357.95
12699, 4364.62
12700, 4358.97
12701, 4357.44
12702, 4360
12703, 4362.05
12704, 4363.59
12705, 4361.03
12706, 4363.59
12707, 4364.1
12708, 4362.05
12709, 4365.64
12710, 4366.67
12711, 4361.54
12712, 4353.85
12713, 4353.33
12714, 4362.56
12715, 4361.54
12716, 4357.95
12717, 4357.95
12718, 4356.41
12719, 4360
12720, 4362.56
12721, 4362.56
12722, 4358.46
12723, 4353.33
12724, 4358.46
12725, 4357.95
12726, 4354.87
12727, 4355.9
12728, 4358.97
12729, 4363.08
12730, 4358.97
12731, 4355.9
12732, 4360.51
12733, 4356.41
12734, 4355.9
12735, 4358.97
12736, 4353.85
12737, 4354.87
12738, 4362.56
12739, 4360
12740, 4352.31
12741, 4354.36
12742, 4360
12743, 4353.85
12744, 4355.38
12745, 4363.08
12746, 4361.03
12747, 4361.54
12748, 4364.62
12749, 4367.18
12750, 4369.74
12751, 4362.56
12752, 4358.97
12753, 4361.03
12754, 4364.62
12755, 4364.1
12756, 4357.44
12757, 4361.54
12758, 4368.72
12759, 4365.13
12760, 4362.56
12761, 4361.03
12762, 4362.56
12763, 4364.62
12764, 4364.62
12765, 4362.56
12766, 4357.44
12767, 4362.05
12768, 4367.18
12769, 4364.62
12770, 4369.23
12771, 4370.77
12772, 4368.21
12773, 4368.72
12774, 4368.21
12775, 4369.23
12776, 4368.21
12777, 4366.67
12778, 4369.23
12779, 4366.67
12780, 4366.15
12781, 4369.23
12782, 4367.69
12783, 4364.62
12784, 4359.49
12785, 4360
12786, 4360.51
12787, 4353.33
12788, 4350.26
12789, 4350.77
12790, 4354.36
12791, 4356.41
12792, 4357.44
12793, 4358.46
12794, 4354.36
12795, 4361.54
12796, 4369.74
12797, 4358.97
12798, 4354.87
12799, 4362.05
12800, 4361.54
12801, 4357.95
12802, 4360.51
12803, 4367.18
12804, 4367.69
12805, 4364.62
12806, 4365.13
12807, 4358.46
12808, 4354.87
12809, 4360
12810, 4361.03
12811, 4360.51
12812, 4353.85
12813, 4351.28
12814, 4358.46
12815, 4360.51
12816, 4356.92
12817, 4354.87
12818, 4361.03
12819, 4358.97
12820, 4348.72
12821, 4355.38
12822, 4361.03
12823, 4355.38
12824, 4353.85
12825, 4355.9
12826, 4360.51
12827, 4361.54
12828, 4357.44
12829, 4356.41
12830, 4360
12831, 4365.13
12832, 4365.13
12833, 4364.1
12834, 4365.64
12835, 4361.03
12836, 4361.54
12837, 4365.13
12838, 4360
12839, 4360
12840, 4365.13
12841, 4371.28
12842, 4372.82
12843, 4367.18
12844, 4368.72
12845, 4372.82
12846, 4373.85
12847, 4371.79
12848, 4366.15
12849, 4368.72
12850, 4370.77
12851, 4367.69
12852, 4369.23
12853, 4370.77
12854, 4372.31
12855, 4372.31
12856, 4374.36
12857, 4376.41
12858, 4371.79
12859, 4372.82
12860, 4377.44
12861, 4369.23
12862, 4365.64
12863, 4370.26
12864, 4375.38
12865, 4375.38
12866, 4372.82
12867, 4374.87
12868, 4373.85
12869, 4372.82
12870, 4375.38
12871, 4369.23
12872, 4367.18
12873, 4371.28
12874, 4372.31
12875, 4369.74
12876, 4365.64
12877, 4367.69
12878, 4369.74
12879, 4367.18
12880, 4368.72
12881, 4368.21
12882, 4371.79
12883, 4373.33
12884, 4367.18
12885, 4368.21
12886, 4368.21
12887, 4366.15
12888, 4365.64
12889, 4358.97
12890, 4360
12891, 4360.51
12892, 4356.92
12893, 4356.92
12894, 4357.44
12895, 4358.46
12896, 4360
12897, 4363.08
12898, 4368.72
12899, 4370.77
12900, 4371.79
12901, 4368.72
12902, 4366.15
12903, 4365.13
12904, 4358.46
12905, 4361.03
12906, 4362.56
12907, 4353.85
12908, 4356.41
12909, 4361.03
12910, 4359.49
12911, 4362.05
12912, 4362.05
12913, 4360
12914, 4360.51
12915, 4364.1
12916, 4370.26
12917, 4368.21
12918, 4364.1
12919, 4366.15
12920, 4373.85
12921, 4377.95
12922, 4372.31
12923, 4374.36
12924, 4372.31
12925, 4366.15
12926, 4370.77
12927, 4369.23
12928, 4365.64
12929, 4368.72
12930, 4370.26
12931, 4368.72
12932, 4370.26
12933, 4374.36
12934, 4371.79
12935, 4369.23
12936, 4373.85
12937, 4367.69
12938, 4360.51
12939, 4367.18
12940, 4368.72
12941, 4367.18
12942, 4366.67
12943, 4364.62
12944, 4366.15
12945, 4368.72
12946, 4370.77
12947, 4366.67
12948, 4360.51
12949, 4361.54
12950, 4361.54
12951, 4368.21
12952, 4372.82
12953, 4367.18
12954, 4367.18
12955, 4368.72
12956, 4369.23
12957, 4371.28
12958, 4368.72
12959, 4366.15
12960, 4364.62
12961, 4365.13
12962, 4367.18
12963, 4364.1
12964, 4366.67
12965, 4374.36
12966, 4381.03
12967, 4380
12968, 4372.31
12969, 4406.67
12970, 4443.59
12971, 4400
12972, 4340.51
12973, 4354.36
12974, 4383.08
12975, 4350.26
12976, 4311.28
12977, 4305.13
12978, 4293.33
12979, 4288.72
12980, 4299.49
12981, 4312.31
12982, 4327.18
12983, 4335.9
12984, 4342.05
12985, 4353.85
12986, 4361.03
12987, 4359.49
12988, 4353.33
12989, 4353.85
12990, 4358.46
12991, 4354.36
12992, 4355.9
12993, 4364.62
12994, 4367.69
12995, 4370.26
12996, 4369.74
12997, 4368.72
12998, 4364.1
12999, 4360
13000, 4362.05
13001, 4362.05
13002, 4360
13003, 4357.44
13004, 4354.36
13005, 4357.44
13006, 4348.72
13007, 4340
13008, 4347.69
13009, 4349.74
13010, 4346.15
13011, 4347.69
13012, 4353.33
13013, 4354.87
13014, 4351.79
13015, 4358.46
13016, 4362.05
13017, 4358.97
13018, 4363.08
13019, 4365.64
13020, 4368.72
13021, 4374.87
13022, 4375.9
13023, 4376.41
13024, 4375.9
13025, 4376.92
13026, 4375.38
13027, 4371.79
13028, 4377.95
13029, 4379.49
13030, 4380
13031, 4383.08
13032, 4378.97
13033, 4376.92
13034, 4377.95
13035, 4378.97
13036, 4381.54
13037, 4380.51
13038, 4386.67
13039, 4390.26
13040, 4386.67
13041, 4385.64
13042, 4386.67
13043, 4390.26
13044, 4386.15
13045, 4380
13046, 4384.1
13047, 4386.67
13048, 4390.77
13049, 4393.33
13050, 4394.87
13051, 4400.51
13052, 4395.9
13053, 4385.64
13054, 4385.64
13055, 4386.67
13056, 4387.18
13057, 4387.69
13058, 4390.77
13059, 4389.23
13060, 4380
13061, 4380.51
13062, 4382.05
13063, 4372.82
13064, 4368.21
13065, 4370.77
13066, 4372.82
13067, 4368.72
13068, 4363.08
13069, 4366.67
13070, 4367.18
13071, 4362.56
13072, 4361.54
13073, 4360.51
13074, 4364.62
13075, 4372.31
13076, 4377.44
13077, 4375.9
13078, 4375.38
13079, 4378.46
13080, 4370.26
13081, 4365.13
13082, 4370.26
13083, 4367.69
13084, 4368.72
13085, 4371.79
13086, 4370.26
13087, 4368.72
13088, 4364.62
13089, 4366.67
13090, 4367.18
13091, 4364.1
13092, 4366.67
13093, 4362.56
13094, 4360.51
13095, 4363.08
13096, 4360
13097, 4363.08
13098, 4367.69
13099, 4368.72
13100, 4366.67
13101, 4368.21
13102, 4376.41
13103, 4373.33
13104, 4371.28
13105, 4379.49
13106, 4380
13107, 4373.85
13108, 4370.77
13109, 4369.23
13110, 4366.67
13111, 4367.69
13112, 4374.36
13113, 4372.82
13114, 4366.15
13115, 4367.18
13116, 4363.59
13117, 4362.56
13118, 4366.15
13119, 4367.18
13120, 4369.23
13121, 4368.72
13122, 4368.72
13123, 4367.18
13124, 4363.59
13125, 4369.23
13126, 4374.36
13127, 4374.36
13128, 4374.36
13129, 4372.82
13130, 4374.87
13131, 4375.38
13132, 4371.28
13133, 4370.26
13134, 4369.23
13135, 4372.82
13136, 4374.36
13137, 4370.77
13138, 4371.28
13139, 4369.74
13140, 4372.31
13141, 4377.44
13142, 4377.44
13143, 4378.46
13144, 4373.33
13145, 4369.23
13146, 4376.92
13147, 4378.46
13148, 4372.82
13149, 4371.79
13150, 4379.49
13151, 4381.03
13152, 4376.41
13153, 4380
13154, 4381.54
13155, 4379.49
13156, 4382.05
13157, 4381.54
13158, 4382.56
13159, 4383.08
13160, 4383.59
13161, 4385.13
13162, 4379.49
13163, 4378.97
13164, 4384.62
13165, 4385.13
13166, 4386.67
13167, 4384.1
13168, 4380
13169, 4380
13170, 4382.05
13171, 4385.64
13172, 4380.51
13173, 4377.44
13174, 4380
13175, 4376.92
13176, 4380.51
13177, 4380.51
13178, 4376.41
13179, 4382.56
13180, 4384.1
13181, 4377.95
13182, 4373.85
13183, 4372.82
13184, 4372.31
13185, 4372.31
13186, 4377.44
13187, 4375.38
13188, 4371.28
13189, 4378.97
13190, 4381.54
13191, 4380
13192, 4381.03
13193, 4378.46
13194, 4380.51
13195, 4379.49
13196, 4376.41
13197, 4379.49
13198, 4378.97
13199, 4371.79
13200, 4366.67
13201, 4374.87
13202, 4383.08
13203, 4380.51
13204, 4381.54
13205, 4381.03
13206, 4376.92
13207, 4376.92
13208, 4374.87
13209, 4375.9
13210, 4375.9
13211, 4367.69
13212, 4367.18
13213, 4372.82
13214, 4374.36
13215, 4370.26
13216, 4370.26
13217, 4378.97
13218, 4375.9
13219, 4372.31
13220, 4377.44
13221, 4375.38
13222, 4377.95
13223, 4381.03
13224, 4378.46
13225, 4377.95
13226, 4377.44
13227, 4380
13228, 4378.46
13229, 4373.85
13230, 4376.41
13231, 4377.95
13232, 4377.44
13233, 4376.41
13234, 4377.95
13235, 4381.54
13236, 4378.97
13237, 4385.64
13238, 4392.82
13239, 4384.62
13240, 4380.51
13241, 4383.08
13242, 4384.1
13243, 4383.08
13244, 4382.05
13245, 4384.1
13246, 4380.51
13247, 4380
13248, 4382.05
13249, 4378.46
13250, 4382.05
13251, 4381.03
13252, 4372.82
13253, 4373.85
13254, 4372.31
13255, 4368.21
13256, 4369.74
13257, 4372.82
13258, 4376.41
13259, 4378.97
13260, 4382.56
13261, 4381.03
13262, 4374.87
13263, 4374.87
13264, 4377.44
13265, 4379.49
13266, 4380
13267, 4377.44
13268, 4375.38
13269, 4368.21
13270, 4367.69
13271, 4373.85
13272, 4373.85
13273, 4377.44
13274, 4374.36
13275, 4366.67
13276, 4374.87
13277, 4377.95
13278, 4371.79
13279, 4368.72
13280, 4367.69
13281, 4367.69
13282, 4368.21
13283, 4369.23
13284, 4364.62
13285, 4363.08
13286, 4372.82
13287, 4371.79
13288, 4367.69
13289, 4370.26
13290, 4369.23
13291, 4369.74
13292, 4366.15
13293, 4364.1
13294, 4366.67
13295, 4361.54
13296, 4361.54
13297, 4366.15
13298, 4366.15
13299, 4365.13
13300, 4363.08
13301, 4364.62
13302, 4364.1
13303, 4362.05
13304, 4366.67
13305, 4366.15
13306, 4367.69
13307, 4373.33
13308, 4370.77
13309, 4368.72
13310, 4372.31
13311, 4378.97
13312, 4378.97
13313, 4372.82
13314, 4375.9
13315, 4378.46
13316, 4378.46
13317, 4379.49
13318, 4373.85
13319, 4369.23
13320, 4371.79
13321, 4374.87
13322, 4374.87
13323, 4371.79
13324, 4372.82
13325, 4371.79
13326, 4371.79
13327, 4374.36
13328, 4369.74
13329, 4369.74
13330, 4372.31
13331, 4373.85
13332, 4380.51
13333, 4375.38
13334, 4369.74
13335, 4376.41
13336, 4376.41
13337, 4374.87
13338, 4375.38
13339, 4376.92
13340, 4376.92
13341, 4377.44
13342, 4385.13
13343, 4383.59
13344, 4377.95
13345, 4380.51
13346, 4376.92
13347, 4374.36
13348, 4378.46
13349, 4381.54
13350, 4382.56
13351, 4378.97
13352, 4377.44
13353, 4374.87
13354, 4372.82
13355, 4377.95
13356, 4377.95
13357, 4375.9
13358, 4376.92
13359, 4377.95
13360, 4380
13361, 4372.82
13362, 4368.72
13363, 4373.85
13364, 4371.79
13365, 4372.31
13366, 4372.82
13367, 4371.28
13368, 4376.41
13369, 4380.51
13370, 4378.46
13371, 4370.77
13372, 4366.67
13373, 4369.74
13374, 4367.69
13375, 4370.77
13376, 4373.33
13377, 4368.72
13378, 4369.74
13379, 4368.21
13380, 4367.18
13381, 4372.31
13382, 4373.33
13383, 4372.31
13384, 4369.74
13385, 4373.33
13386, 4380.51
13387, 4382.56
13388, 4383.08
13389, 4375.9
13390, 4369.74
13391, 4373.33
13392, 4373.33
13393, 4373.85
13394, 4376.92
13395, 4376.92
13396, 4375.9
13397, 4375.38
13398, 4377.44
13399, 4376.92
13400, 4383.59
13401, 4386.67
13402, 4382.56
13403, 4424.1
13404, 4466.67
13405, 4427.18
13406, 4368.21
13407, 4348.72
13408, 4351.28
13409, 4354.87
13410, 4335.9
13411, 4311.28
13412, 4313.33
13413, 4322.56
13414, 4326.67
13415, 4339.49
13416, 4356.41
13417, 4362.05
13418, 4373.33
13419, 4385.64
13420, 4380
13421, 4374.87
13422, 4371.79
13423, 4366.67
13424, 4367.69
13425, 4371.79
13426, 4378.97
13427, 4382.05
13428, 4378.97
13429, 4384.62
13430, 4386.15
13431, 4384.1
13432, 4383.08
13433, 4379.49
13434, 4383.08
13435, 4383.59
13436, 4376.41
13437, 4371.28
13438, 4369.74
13439, 4372.31
13440, 4366.67
13441, 4365.64
13442, 4376.41
13443, 4375.38
13444, 4366.67
13445, 4364.62
13446, 4366.67
13447, 4366.67
13448, 4363.59
13449, 4370.77
13450, 4374.87
13451, 4369.74
13452, 4372.82
13453, 4372.31
13454, 4368.72
13455, 4370.77
13456, 4369.74
13457, 4373.85
13458, 4377.44
13459, 4372.31
13460, 4367.69
13461, 4369.74
13462, 4372.31
13463, 4362.56
13464, 4357.44
13465, 4365.13
13466, 4368.21
13467, 4370.26
13468, 4373.33
13469, 4379.49
13470, 4388.21
13471, 4384.1
13472, 4375.9
13473, 4377.44
13474, 4378.97
13475, 4379.49
13476, 4376.41
13477, 4374.36
13478, 4372.31
13479, 4371.79
13480, 4380
13481, 4376.92
13482, 4372.31
13483, 4380
13484, 4379.49
13485, 4377.44
13486, 4379.49
13487, 4377.44
13488, 4373.85
13489, 4372.82
13490, 4380
13491, 4380
13492, 4375.38
13493, 4382.05
13494, 4383.59
13495, 4379.49
13496, 4375.38
13497, 4374.87
13498, 4380.51
13499, 4377.44
13500, 4372.31
13501, 4371.28
13502, 4372.31
13503, 4375.9
13504, 4371.28
13505, 4366.67
13506, 4371.79
13507, 4373.33
13508, 4376.41
13509, 4377.95
13510, 4373.85
13511, 4371.79
13512, 4365.64
13513, 4353.85
13514, 4341.54
13515, 4336.92
13516, 4337.95
13517, 4333.85
13518, 4333.33
13519, 4333.33
13520, 4331.79
13521, 4335.38
13522, 4330.77
13523, 4322.05
13524, 4321.03
13525, 4326.67
13526, 4331.28
13527, 4325.64
13528, 4319.49
13529, 4319.49
13530, 4318.46
13531, 4323.59
13532, 4324.1
13533, 4320
13534, 4325.64
13535, 4329.23
13536, 4329.74
13537, 4327.18
13538, 4323.08
13539, 4325.64
13540, 4321.54
13541, 4315.38
13542, 4318.46
13543, 4323.59
13544, 4324.1, estimuli
13545, 4321.54
13546, 4326.67
13547, 4325.13
13548, 4315.9
13549, 4320.51
13550, 4325.13
13551, 4321.54
13552, 4317.44
13553, 4321.03
13554, 4330.77
13555, 4327.69
13556, 4317.95
13557, 4320.51
13558, 4325.13
13559, 4327.18
13560, 4322.56
13561, 4316.41
13562, 4322.05
13563, 4324.1
13564, 4324.62
13565, 4327.69
13566, 4329.74
13567, 4335.38
13568, 4333.85
13569, 4329.74
13570, 4330.77
13571, 4334.87
13572, 4337.44
13573, 4331.28
13574, 4328.21
13575, 4328.72
13576, 4326.67
13577, 4330.26
13578, 4328.72
13579, 4326.15
13580, 4331.28
13581, 4331.79
13582, 4332.82
13583, 4333.33
13584, 4334.87
13585, 4336.92
13586, 4331.28
13587, 4331.79
13588, 4331.79
13589, 4323.08
13590, 4326.15
13591, 4334.87
13592, 4334.36
13593, 4328.72
13594, 4329.23
13595, 4334.87
13596, 4335.9
13597, 4339.49
13598, 4340.51
13599, 4331.28
13600, 4330.77
13601, 4331.79
13602, 4327.69
13603, 4329.23
13604, 4328.21
13605, 4324.1
13606, 4318.46
13607, 4317.95
13608, 4324.1
13609, 4321.54
13610, 4317.44
13611, 4316.41
13612, 4310.77
13613, 4311.28
13614, 4314.36
13615, 4317.44
13616, 4313.85
13617, 4309.23
13618, 4315.38
13619, 4319.49
13620, 4320.51
13621, 4321.03
13622, 4318.46
13623, 4318.97
13624, 4318.46
13625, 4322.05
13626, 4326.67
13627, 4320.51
13628, 4322.56
13629, 4327.69
13630, 4322.56
13631, 4323.08
13632, 4329.74
13633, 4323.59
13634, 4343.59
13635, 4412.82
13636, 4415.9
13637, 4349.23
13638, 4331.28
13639, 4320
13640, 4287.18
13641, 4284.62
13642, 4251.79
13643, 4221.03
13644, 4327.18
13645, 4314.36
13646, 4296.41
13647, 4545.64
13648, 4508.72
13649, 4114.36
13650, 4084.62
13651, 4339.49
13652, 4337.44
13653, 4312.31
13654, 4424.1
13655, 4404.1
13656, 4354.87
13657, 4317.44
13658, 4283.59
13659, 4304.1
13660, 4334.87
13661, 4374.36
13662, 4412.82
13663, 4412.82
13664, 4374.36
13665, 4330.26
13666, 4304.62
13667, 4311.28
13668, 4344.1
13669, 4388.21
13670, 4421.03
13671, 4416.41
13672, 4376.41
13673, 4328.72
13674, 4302.05
13675, 4310.26
13676, 4350.26
13677, 4394.36
13678, 4421.03
13679, 4420.51
13680, 4374.36
13681, 4321.54
13682, 4307.18
13683, 4316.92
13684, 4346.15
13685, 4388.72
13686, 4417.44
13687, 4416.41
13688, 4379.49
13689, 4333.85
13690, 4311.28
13691, 4325.64
13692, 4365.64
13693, 4397.95
13694, 4418.97
13695, 4420.51
13696, 4389.23
13697, 4348.21
13698, 4324.62
13699, 4337.44
13700, 4372.82
13701, 4407.69
13702, 4436.41
13703, 4428.21
13704, 4387.18
13705, 4352.82
13706, 4334.36
13707, 4342.56
13708, 4373.85
13709, 4412.82
13710, 4443.08
13711, 4434.36
13712, 4398.46
13713, 4366.15
13714, 4345.13
13715, 4348.21
13716, 4377.44
13717, 4421.03
13718, 4449.74
13719, 4442.05
13720, 4411.79
13721, 4371.28
13722, 4346.15
13723, 4358.46
13724, 4386.67
13725, 4424.62
13726, 4452.82
13727, 4444.1
13728, 4408.72
13729, 4368.72
13730, 4349.74
13731, 4361.54
13732, 4392.31
13733, 4427.69
13734, 4447.69
13735, 4443.08
13736, 4414.36
13737, 4375.9
13738, 4356.41
13739, 4362.05
13740, 4395.9
13741, 4439.49
13742, 4459.49
13743, 4449.23
13744, 4414.36
13745, 4376.92
13746, 4357.44
13747, 4363.08
13748, 4397.95
13749, 4435.9
13750, 4455.9
13751, 4448.72
13752, 4412.82
13753, 4380.51
13754, 4364.1
13755, 4367.69
13756, 4395.9
13757, 4431.79
13758, 4456.92
13759, 4447.69
13760, 4410.26
13761, 4380.51
13762, 4362.05
13763, 4366.15
13764, 4398.46
13765, 4427.18
13766, 4429.23
13767, 4410.26
13768, 4400.51
13769, 4405.64
13770, 4404.62
13771, 4405.13
13772, 4405.13
13773, 4398.46
13774, 4398.46
13775, 4402.56
13776, 4407.69
13777, 4402.56
13778, 4390.77
13779, 4391.79
13780, 4393.33
13781, 4390.77
13782, 4391.79
13783, 4393.33
13784, 4396.41
13785, 4393.33
13786, 4396.92
13787, 4403.59
13788, 4398.97
13789, 4395.9
13790, 4395.9
13791, 4396.41
13792, 4397.95
13793, 4395.38
13794, 4393.33
13795, 4388.72
13796, 4385.13
13797, 4390.77
13798, 4394.87
13799, 4393.33
13800, 4387.18
13801, 4387.18
13802, 4392.31
13803, 4391.28
13804, 4390.77
13805, 4388.72
13806, 4386.15
13807, 4390.77
13808, 4387.69
13809, 4385.13
13810, 4390.77
13811, 4391.79
13812, 4392.82
13813, 4388.72
13814, 4386.15
13815, 4388.72
13816, 4387.69
13817, 4389.23
13818, 4392.31
13819, 4393.85
13820, 4389.23
13821, 4376.92
13822, 4379.49
13823, 4386.67
13824, 4383.59
13825, 4383.08
13826, 4384.1
13827, 4382.05
13828, 4383.08
13829, 4385.64
13830, 4385.13
13831, 4378.46
13832, 4380
13833, 4386.67
13834, 4383.59
13835, 4380
13836, 4374.36
13837, 4373.33
13838, 4383.08
13839, 4384.62
13840, 4384.1
13841, 4380.51
13842, 4377.44
13843, 4378.97
13844, 4376.41
13845, 4378.46
13846, 4382.56
13847, 4378.46
13848, 4377.44
13849, 4381.03
13850, 4380.51
13851, 4371.79
13852, 4369.23
13853, 4376.92
13854, 4374.87
13855, 4369.74
13856, 4369.74
13857, 4371.28
13858, 4378.46
13859, 4374.87
13860, 4370.77
13861, 4375.9
13862, 4376.41
13863, 4376.92
13864, 4370.77
13865, 4368.21
13866, 4392.31
13867, 4416.41
13868, 4419.49
13869, 4418.46
13870, 4429.74
13871, 4435.38
13872, 4424.62
13873, 4422.56
13874, 4427.18
13875, 4424.62
13876, 4420.51
13877, 4416.41
13878, 4420
13879, 4428.21
13880, 4428.72
13881, 4427.69
13882, 4426.67
13883, 4424.1
13884, 4422.56
13885, 4422.56
13886, 4425.64
13887, 4420.51
13888, 4414.36
13889, 4415.9
13890, 4415.9
13891, 4419.49
13892, 4418.46
13893, 4411.79
13894, 4410.26
13895, 4408.72
13896, 4410.26
13897, 4408.72
13898, 4407.69
13899, 4418.97
13900, 4421.54
13901, 4414.87
13902, 4416.41
13903, 4418.97
13904, 4413.33
13905, 4402.56
13906, 4404.1
13907, 4410.26
13908, 4409.23
13909, 4411.79
13910, 4412.31
13911, 4411.79
13912, 4415.9
13913, 4412.31
13914, 4411.28
13915, 4409.74
13916, 4404.1
13917, 4408.72
13918, 4410.26
13919, 4408.72
13920, 4409.74
13921, 4411.79
13922, 4412.31
13923, 4407.69
13924, 4407.69
13925, 4407.18
13926, 4404.1
13927, 4406.67
13928, 4401.54
13929, 4397.44
13930, 4403.08
13931, 4405.13
13932, 4399.49
13933, 4396.41
13934, 4402.05
13935, 4403.59
13936, 4395.9
13937, 4397.95
13938, 4396.92
13939, 4390.77
13940, 4397.44
13941, 4403.08
13942, 4401.54
13943, 4397.44
13944, 4395.9
13945, 4400
13946, 4399.49
13947, 4400.51
13948, 4399.49
13949, 4397.95
13950, 4404.1
13951, 4404.1
13952, 4400.51
13953, 4398.46
13954, 4394.36
13955, 4395.38
13956, 4402.56
13957, 4405.64
13958, 4400.51
13959, 4392.82
13960, 4396.92
13961, 4397.95
13962, 4390.77
13963, 4388.72
13964, 4385.64
13965, 4388.21
13966, 4391.28
13967, 4388.72
13968, 4390.26
13969, 4393.85
13970, 4395.38
13971, 4387.69
13972, 4382.56
13973, 4393.33
13974, 4395.38
13975, 4391.79
13976, 4394.87
13977, 4393.85
13978, 4392.82
13979, 4391.28
13980, 4388.21
13981, 4386.15
13982, 4387.18
13983, 4390.77
13984, 4386.15
13985, 4385.13
13986, 4391.79
13987, 4390.26
13988, 4390.77
13989, 4396.92
13990, 4398.46
13991, 4398.97
13992, 4395.9
13993, 4396.41
13994, 4399.49
13995, 4397.44
13996, 4398.46
13997, 4394.87
13998, 4391.79
13999, 4391.79
14000, 4394.36
14001, 4401.03
14002, 4398.46
14003, 4393.33
14004, 4392.82
14005, 4392.31
14006, 4397.44
14007, 4398.46
14008, 4396.92
14009, 4397.95
14010, 4392.31
14011, 4391.79
14012, 4394.87
14013, 4392.82
14014, 4391.28
14015, 4391.28
14016, 4395.38
14017, 4397.44
14018, 4392.31
14019, 4392.82
14020, 4395.38
14021, 4397.95
14022, 4397.44
14023, 4391.79
14024, 4387.69
14025, 4383.59
14026, 4386.67
14027, 4394.36
14028, 4388.21
14029, 4382.05
14030, 4383.59
14031, 4388.21
14032, 4386.15
14033, 4381.03
14034, 4386.67
14035, 4385.64
14036, 4377.95
14037, 4384.1
14038, 4390.77
14039, 4393.33
14040, 4390.77
14041, 4384.62
14042, 4385.13
14043, 4382.56
14044, 4378.46
14045, 4378.46
14046, 4382.56
14047, 4388.72
14048, 4387.69
14049, 4388.21
14050, 4390.77
14051, 4385.64
14052, 4382.56
14053, 4382.56
14054, 4384.1
14055, 4383.08
14056, 4377.95
14057, 4383.08
14058, 4386.15
14059, 4380.51
14060, 4381.54
14061, 4381.54
14062, 4383.59
14063, 4384.62
14064, 4384.1
14065, 4391.79
14066, 4393.85
14067, 4388.21
14068, 4385.64
14069, 4388.21
14070, 4391.79
14071, 4384.1
14072, 4381.54
14073, 4393.33
14074, 4396.92
14075, 4392.82
14076, 4390.26
14077, 4392.31
14078, 4392.31
14079, 4386.15
14080, 4388.72
14081, 4391.28
14082, 4389.23
14083, 4389.74
14084, 4388.21
14085, 4385.64
14086, 4381.03
14087, 4381.54
14088, 4389.74
14089, 4392.31
14090, 4394.87
14091, 4394.87
14092, 4426.67
14093, 4481.03
14094, 4461.03
14095, 4389.74
14096, 4361.54
14097, 4370.77
14098, 4368.72
14099, 4340
14100, 4297.44
14101, 4262.05
14102, 4213.85
14103, 4223.08
14104, 4307.69, estimuli
14105, 4297.44
14106, 4218.46
14107, 4236.92
14108, 4301.54
14109, 4289.74
14110, 4264.1
14111, 4274.36
14112, 4268.21
14113, 4264.62
14114, 4266.15
14115, 4283.08
14116, 4316.41
14117, 4340
14118, 4355.9
14119, 4361.03
14120, 4363.59
14121, 4378.46
14122, 4381.03
14123, 4369.74
14124, 4368.21
14125, 4376.41
14126, 4383.08
14127, 4382.56
14128, 4386.67
14129, 4395.38
14130, 4390.77
14131, 4387.69
14132, 4390.26
14133, 4386.15
14134, 4386.15
14135, 4387.18
14136, 4387.69
14137, 4383.08
14138, 4378.46
14139, 4383.08
14140, 4384.1
14141, 4382.05
14142, 4382.56
14143, 4385.64
14144, 4392.82
14145, 4395.9
14146, 4397.44
14147, 4396.92
14148, 4390.26
14149, 4391.28
14150, 4390.26
14151, 4386.15
14152, 4391.28
14153, 4392.31
14154, 4393.85
14155, 4403.08
14156, 4406.15
14157, 4402.05
14158, 4396.41
14159, 4398.46
14160, 4396.41
14161, 4390.26
14162, 4393.85
14163, 4395.9
14164, 4393.85
14165, 4393.33
14166, 4396.41
14167, 4404.62
14168, 4404.62
14169, 4405.64
14170, 4411.28
14171, 4407.69
14172, 4409.74
14173, 4412.31
14174, 4403.08
14175, 4398.46
14176, 4402.05
14177, 4407.69
14178, 4405.13
14179, 4402.56
14180, 4408.21
14181, 4411.28
14182, 4410.77
14183, 4410.26
14184, 4410.77
14185, 4416.41
14186, 4412.82
14187, 4406.15
14188, 4417.95
14189, 4430.77
14190, 4418.97
14191, 4380.51
14192, 4354.36
14193, 4360
14194, 4385.64
14195, 4421.03
14196, 4443.59
14197, 4446.15
14198, 4436.41
14199, 4420.51
14200, 4389.74
14201, 4349.74
14202, 4357.44
14203, 4402.05
14204, 4436.92
14205, 4472.31
14206, 4481.54
14207, 4448.21
14208, 4407.18
14209, 4374.36
14210, 4371.79
14211, 4404.1
14212, 4446.15
14213, 4481.54
14214, 4480
14215, 4447.69
14216, 4412.31
14217, 4378.97
14218, 4377.95
14219, 4409.74
14220, 4447.18
14221, 4481.54
14222, 4483.08
14223, 4449.74
14224, 4405.13
14225, 4372.31
14226, 4375.9
14227, 4413.85
14228, 4462.05
14229, 4491.28
14230, 4488.21
14231, 4459.49
14232, 4415.9
14233, 4383.59
14234, 4385.13
14235, 4417.95
14236, 4457.95
14237, 4484.1
14238, 4484.1
14239, 4452.82
14240, 4409.23
14241, 4384.1
14242, 4382.56
14243, 4409.23
14244, 4451.79
14245, 4476.92
14246, 4473.85
14247, 4443.59
14248, 4408.21
14249, 4387.18
14250, 4384.1
14251, 4411.79
14252, 4454.36
14253, 4481.54
14254, 4481.54
14255, 4448.72
14256, 4409.23
14257, 4384.1
14258, 4383.59
14259, 4413.33
14260, 4450.77
14261, 4479.49
14262, 4477.44
14263, 4438.97
14264, 4401.03
14265, 4377.44
14266, 4376.41
14267, 4405.13
14268, 4445.13
14269, 4473.33
14270, 4467.69
14271, 4437.44
14272, 4404.1
14273, 4371.28
14274, 4367.18
14275, 4397.44
14276, 4437.44
14277, 4464.62
14278, 4458.97
14279, 4431.28
14280, 4394.36
14281, 4365.64
14282, 4369.74
14283, 4396.92
14284, 4430.26
14285, 4452.82
14286, 4449.23
14287, 4429.23
14288, 4396.41
14289, 4366.15
14290, 4365.13
14291, 4391.79
14292, 4427.69
14293, 4450.26
14294, 4447.18
14295, 4421.03
14296, 4384.1
14297, 4363.08
14298, 4365.13
14299, 4388.21
14300, 4425.13
14301, 4449.23
14302, 4445.64
14303, 4416.41
14304, 4376.92
14305, 4351.28
14306, 4347.69
14307, 4373.33
14308, 4413.85
14309, 4440.51
14310, 4441.03
14311, 4411.28
14312, 4380
14313, 4363.59
14314, 4355.9
14315, 4374.36
14316, 4402.56
14317, 4412.31
14318, 4402.05
14319, 4388.72
14320, 4391.79
14321, 4392.82
14322, 4387.69
14323, 4390.77
14324, 4388.72
14325, 4385.64
14326, 4387.18
14327, 4386.67
14328, 4385.13
14329, 4383.59
14330, 4387.18
14331, 4387.69
14332, 4379.49
14333, 4379.49
14334, 4383.59
14335, 4386.15
14336, 4386.67
14337, 4385.64
14338, 4389.23
14339, 4389.74
14340, 4392.31
14341, 4395.9
14342, 4390.26
14343, 4391.28
14344, 4393.33
14345, 4386.15
14346, 4386.67
14347, 4391.28
14348, 4391.28
14349, 4386.67
14350, 4378.97
14351, 4376.92
14352, 4377.95
14353, 4379.49
14354, 4375.38
14355, 4369.74
14356, 4372.82
14357, 4372.82
14358, 4371.28
14359, 4372.31
14360, 4371.28
14361, 4374.87
14362, 4377.44
14363, 4375.9
14364, 4370.77
14365, 4365.13
14366, 4372.82
14367, 4379.49
14368, 4374.36
14369, 4369.23
14370, 4370.77
14371, 4377.95
14372, 4375.38
14373, 4371.28
14374, 4377.44
14375, 4373.85
14376, 4369.23
14377, 4373.33
14378, 4374.87
14379, 4374.36
14380, 4376.92
14381, 4375.38
14382, 4365.13
14383, 4394.87
14384, 4360
14385, 4290.77
14386, 4383.08
14387, 4412.31
14388, 4345.13
14389, 4371.28
14390, 4377.95
14391, 4365.64
14392, 4367.69
14393, 4365.64
14394, 4370.77
14395, 4366.15
14396, 4366.67
14397, 4370.26
14398, 4368.21
14399, 4370.26
14400, 4369.74
14401, 4364.62
14402, 4362.56
14403, 4362.56
14404, 4362.05
14405, 4362.05
14406, 4362.05
14407, 4364.1
14408, 4366.15
14409, 4364.62
14410, 4362.05
14411, 4359.49
14412, 4355.9
14413, 4357.44
14414, 4360.51
14415, 4359.49
14416, 4360.51
14417, 4363.08
14418, 4357.44
14419, 4349.74
14420, 4347.18
14421, 4345.13
14422, 4342.56
14423, 4342.05
14424, 4345.13
14425, 4346.67
14426, 4346.15
14427, 4348.72
14428, 4344.1
14429, 4340.51
14430, 4353.85
14431, 4362.05
14432, 4354.36
14433, 4350.26
14434, 4353.33
14435, 4354.87
14436, 4356.41
14437, 4357.95
14438, 4357.44
14439, 4358.97
14440, 4361.54
14441, 4360
14442, 4360
14443, 4361.03
14444, 4362.56
14445, 4364.62
14446, 4364.1
14447, 4362.56
14448, 4360.51
14449, 4360
14450, 4355.38
14451, 4348.72
14452, 4349.74
14453, 4356.92
14454, 4356.92
14455, 4351.79
14456, 4350.77
14457, 4352.31
14458, 4357.44
14459, 4357.95
14460, 4350.77
14461, 4352.31
14462, 4360
14463, 4356.41
14464, 4347.69
14465, 4349.23
14466, 4349.23
14467, 4347.69
14468, 4349.23
14469, 4348.21
14470, 4347.18
14471, 4347.18
14472, 4347.69
14473, 4350.77
14474, 4348.72
14475, 4344.62
14476, 4344.62
14477, 4347.18
14478, 4348.21
14479, 4346.67
14480, 4350.77
14481, 4357.44
14482, 4355.38
14483, 4349.74
14484, 4353.33
14485, 4362.05
14486, 4360
14487, 4352.31
14488, 4350.77
14489, 4348.72
14490, 4347.18
14491, 4351.79
14492, 4353.33
14493, 4350.77
14494, 4354.87
14495, 4358.97
14496, 4355.9
14497, 4350.77
14498, 4353.33
14499, 4361.03
14500, 4359.49
14501, 4353.33
14502, 4356.92
14503, 4362.05
14504, 4357.44
14505, 4351.28
14506, 4353.85
14507, 4357.44
14508, 4358.46
14509, 4361.03
14510, 4361.03
14511, 4354.87
14512, 4349.74
14513, 4354.87
14514, 4363.59
14515, 4356.41
14516, 4352.31
14517, 4361.54
14518, 4361.54
14519, 4358.46
14520, 4358.46
14521, 4356.41
14522, 4358.97
14523, 4358.46
14524, 4354.87
14525, 4364.62
14526, 4353.33
14527, 4358.97
14528, 4392.82
14529, 4350.77
14530, 4389.23
14531, 4389.23
14532, 4340.51
14533, 4520
14534, 4438.46
14535, 4283.59
14536, 4457.44
14537, 4430.26
14538, 4414.36
14539, 4526.67
14540, 4339.49
14541, 4173.33
14542, 4333.85
14543, 4282.05
14544, 4153.33
14545, 4334.36
14546, 4344.1
14547, 4282.05
14548, 4334.87
14549, 4314.87
14550, 4320
14551, 4321.54
14552, 4321.03
14553, 4326.15
14554, 4326.15
14555, 4339.49
14556, 4335.38
14557, 4329.74
14558, 4338.97
14559, 4336.92
14560, 4331.28
14561, 4332.82
14562, 4330.26
14563, 4330.77
14564, 4328.21
14565, 4327.18
14566, 4330.77
14567, 4329.23
14568, 4330.26
14569, 4330.26
14570, 4327.18
14571, 4329.74
14572, 4332.31
14573, 4333.33
14574, 4330.26
14575, 4326.15
14576, 4328.21
14577, 4328.72
14578, 4328.72
14579, 4326.15
14580, 4326.15
14581, 4329.23
14582, 4325.64
14583, 4325.64
14584, 4333.33
14585, 4338.97
14586, 4336.92
14587, 4330.77
14588, 4333.33
14589, 4338.97
14590, 4335.9
14591, 4336.92
14592, 4338.46
14593, 4338.97
14594, 4337.44
14595, 4333.85
14596, 4335.38
14597, 4335.9
14598, 4337.95
14599, 4340.51
14600, 4335.9
14601, 4335.38
14602, 4336.92
14603, 4337.95
14604, 4341.03
14605, 4344.62
14606, 4355.38
14607, 4360.51
14608, 4355.9
14609, 4356.41
14610, 4353.33
14611, 4350.26
14612, 4353.33
14613, 4353.85
14614, 4352.31
14615, 4350.26
14616, 4356.92
14617, 4361.54
14618, 4351.79
14619, 4347.69
14620, 4350.77
14621, 4353.33
14622, 4354.36
14623, 4352.31
14624, 4352.82
14625, 4353.85
14626, 4355.9
14627, 4357.44
14628, 4351.79
14629, 4350.77
14630, 4353.33
14631, 4351.28
14632, 4352.31
14633, 4353.33
14634, 4353.85
14635, 4354.36
14636, 4353.85
14637, 4354.87
14638, 4351.28
14639, 4349.74
14640, 4350.26
14641, 4346.67
14642, 4345.64
14643, 4341.54
14644, 4340.51
14645, 4345.64
14646, 4347.69
14647, 4348.72
14648, 4345.64
14649, 4347.18
14650, 4354.36
14651, 4351.28
14652, 4350.26
14653, 4353.33
14654, 4352.82
14655, 4351.28
14656, 4345.13
14657, 4343.59
14658, 4345.13
14659, 4346.15
14660, 4345.64
14661, 4343.08
14662, 4349.23
14663, 4353.33
14664, 4346.15
14665, 4345.64
14666, 4349.23
14667, 4350.26
14668, 4349.23
14669, 4344.1
14670, 4341.03
14671, 4338.97
14672, 4337.44
14673, 4341.03
14674, 4344.1
14675, 4346.67
14676, 4345.64
14677, 4345.64
14678, 4347.69
14679, 4341.54
14680, 4340.51
14681, 4343.59
14682, 4339.49
14683, 4340
14684, 4336.92
14685, 4333.85
14686, 4342.56
14687, 4347.18
14688, 4343.59
14689, 4343.59
14690, 4351.79
14691, 4349.23
14692, 4340
14693, 4345.64
14694, 4350.77
14695, 4347.69
