0, 4396.92
1, 4395.38
2, 4391.79
3, 4402.05
4, 4401.03
5, 4391.79
6, 4393.33
7, 4397.95
8, 4398.46
9, 4395.38
10, 4395.38
11, 4394.87
12, 4395.38
13, 4401.54
14, 4398.97
15, 4396.41
16, 4403.08
17, 4399.49
18, 4393.33
19, 4393.85
20, 4391.79
21, 4394.87
22, 4395.38
23, 4391.79
24, 4395.38
25, 4400
26, 4397.95
27, 4393.85
28, 4395.9
29, 4397.95
30, 4392.82
31, 4392.82
32, 4396.92
33, 4397.95
34, 4393.85
35, 4392.82
36, 4401.54
37, 4401.54
38, 4391.28
39, 4394.87
40, 4399.49
41, 4394.87
42, 4393.33
43, 4395.9
44, 4397.44
45, 4393.33
46, 4395.9
47, 4397.44
48, 4395.9
49, 4401.03
50, 4398.46
51, 4397.44
52, 4401.54
53, 4392.82
54, 4391.28
55, 4398.46
56, 4400
57, 4401.54
58, 4399.49
59, 4391.28
60, 4390.26
61, 4401.54
62, 4405.13
63, 4392.31
64, 4388.21
65, 4395.9
66, 4401.03
67, 4401.03
68, 4395.38
69, 4396.92
70, 4398.46
71, 4395.38
72, 4402.05
73, 4401.54
74, 4392.82
75, 4392.31
76, 4391.28
77, 4395.9
78, 4401.03
79, 4395.9
80, 4390.77
81, 4391.28
82, 4396.41
83, 4396.41
84, 4393.85
85, 4396.92
86, 4397.44
87, 4397.95
88, 4396.92
89, 4392.82
90, 4394.87
91, 4395.38
92, 4392.31
93, 4394.36
94, 4393.85
95, 4395.38
96, 4397.95
97, 4395.9
98, 4395.38
99, 4395.38
100, 4396.92
101, 4396.92
102, 4397.44
103, 4399.49
104, 4397.44
105, 4396.41
106, 4395.38
107, 4393.85
108, 4392.82
109, 4388.72
110, 4393.33
111, 4394.36
112, 4388.21
113, 4393.85
114, 4395.9
115, 4396.41
116, 4399.49
117, 4394.36
118, 4394.36
119, 4397.95
120, 4397.44
121, 4395.38
122, 4392.31
123, 4396.41
124, 4396.92
125, 4390.77
126, 4392.82
127, 4396.92
128, 4397.95
129, 4395.38
130, 4394.87
131, 4396.92
132, 4393.85
133, 4393.85
134, 4393.33
135, 4390.26
136, 4394.36
137, 4392.82
138, 4390.77
139, 4394.36
140, 4392.31
141, 4391.79
142, 4393.33
143, 4394.87
144, 4395.9
145, 4394.87
146, 4397.95
147, 4396.92
148, 4394.87
149, 4397.44
150, 4393.85
151, 4393.85
152, 4393.85
153, 4389.23
154, 4393.33
155, 4397.44
156, 4396.92
157, 4397.44
158, 4396.41
159, 4396.41
160, 4394.87
161, 4395.9
162, 4398.46
163, 4394.87
164, 4392.82
165, 4393.85
166, 4397.95
167, 4399.49
168, 4395.9
169, 4398.46
170, 4397.95
171, 4394.87
172, 4399.49
173, 4397.95
174, 4395.38
175, 4394.36
176, 4394.36
177, 4397.44
178, 4396.41
179, 4395.9
180, 4398.46
181, 4396.92
182, 4397.95
183, 4397.95
184, 4396.41
185, 4397.44
186, 4395.38
187, 4396.41
188, 4397.95
189, 4398.46
190, 4401.54
191, 4398.97
192, 4394.87
193, 4393.33
194, 4393.85
195, 4393.85
196, 4390.77
197, 4393.85
198, 4395.9
199, 4392.82
200, 4394.87
201, 4392.82
202, 4394.36
203, 4399.49
204, 4395.9
205, 4395.38
206, 4397.44
207, 4398.97
208, 4398.97
209, 4395.9
210, 4395.9
211, 4394.36
212, 4393.85
213, 4396.92
214, 4397.95
215, 4396.41
216, 4394.36
217, 4395.9
218, 4398.97
219, 4395.38
220, 4396.41
221, 4397.44
222, 4393.85
223, 4396.41
224, 4396.41
225, 4393.33
226, 4392.82
227, 4392.82
228, 4393.85
229, 4392.31
230, 4392.31
231, 4392.31
232, 4390.77
233, 4396.41
234, 4396.92
235, 4391.79
236, 4392.82
237, 4393.85
238, 4395.9
239, 4395.9
240, 4391.79
241, 4392.82
242, 4392.82
243, 4391.79
244, 4394.36
245, 4396.92
246, 4396.92
247, 4392.82
248, 4393.85
249, 4396.41
250, 4395.38
251, 4398.97
252, 4397.95
253, 4393.85
254, 4392.31
255, 4389.23
256, 4392.82
257, 4392.82
258, 4389.74
259, 4394.87
260, 4393.33
261, 4391.28
262, 4393.85
263, 4393.33
264, 4390.77
265, 4390.77
266, 4397.44
267, 4397.95
268, 4393.85
269, 4396.92
270, 4396.92
271, 4396.92
272, 4398.97
273, 4394.36
274, 4392.82
275, 4393.33
276, 4392.82
277, 4393.85
278, 4393.33
279, 4395.38
280, 4396.41
281, 4394.87
282, 4397.95
283, 4398.97
284, 4399.49
285, 4398.97
286, 4395.9
287, 4395.9
288, 4394.87
289, 4396.92
290, 4395.9
291, 4392.31
292, 4397.95
293, 4397.44
294, 4395.9
295, 4397.95
296, 4394.36
297, 4394.87
298, 4394.87
299, 4394.36
300, 4395.38
301, 4394.87
302, 4396.41
303, 4397.44
304, 4398.46
305, 4398.46
306, 4393.85
307, 4394.87
308, 4396.41
309, 4393.85
310, 4395.38
311, 4395.38
312, 4395.38
313, 4395.9
314, 4391.79
315, 4392.82
316, 4396.41
317, 4395.38
318, 4393.33
319, 4392.31
320, 4395.38
321, 4393.33
322, 4392.31
323, 4394.36
324, 4394.36
325, 4399.49
326, 4397.44
327, 4392.31
328, 4396.41
329, 4396.92
330, 4392.82
331, 4389.74
332, 4393.85
333, 4405.13
334, 4403.08
335, 4394.87
336, 4396.92
337, 4400
338, 4397.44
339, 4392.82
340, 4394.87
341, 4398.46
342, 4396.41
343, 4395.38
344, 4391.28
345, 4390.26
346, 4397.95
347, 4396.41
348, 4393.33
349, 4398.97
350, 4400.51
351, 4391.79
352, 4386.67
353, 4399.49
354, 4401.54
355, 4393.33
356, 4402.56
357, 4404.62
358, 4392.31
359, 4387.69
360, 4392.82
361, 4394.87
362, 4391.79
363, 4396.41
364, 4397.95
365, 4391.28
366, 4399.49
367, 4406.15
368, 4395.38
369, 4395.9
370, 4409.23
371, 4407.18
372, 4386.15
373, 4381.54
374, 4396.41
375, 4401.03
376, 4403.59
377, 4402.56
378, 4394.87
379, 4396.41
380, 4398.46
381, 4393.33
382, 4388.72
383, 4387.69
384, 4394.87
385, 4398.97
386, 4393.85
387, 4391.79
388, 4395.38
389, 4397.44
390, 4392.82
391, 4392.31
392, 4394.36
393, 4394.36
394, 4402.56
395, 4402.56
396, 4390.77
397, 4390.77
398, 4395.9
399, 4398.46
400, 4399.49
401, 4398.97
402, 4397.95
403, 4396.92
404, 4404.62
405, 4399.49
406, 4378.97
407, 4383.08
408, 4397.44
409, 4396.41
410, 4389.23
411, 4390.26
412, 4395.9
413, 4393.85
414, 4391.79
415, 4396.92
416, 4397.95
417, 4397.44
418, 4392.82
419, 4390.26
420, 4402.05
421, 4405.13
422, 4393.33
423, 4387.69
424, 4392.31
425, 4395.9
426, 4396.92
427, 4404.1
428, 4405.64
429, 4394.87
430, 4391.79
431, 4395.38
432, 4399.49
433, 4400
434, 4390.77
435, 4390.77
436, 4397.95
437, 4397.95
438, 4397.44
439, 4396.92
440, 4397.95
441, 4399.49
442, 4397.95
443, 4397.44
444, 4394.36
445, 4398.97
446, 4401.03
447, 4396.92
448, 4401.54
449, 4402.56
450, 4395.38
451, 4390.26
452, 4389.74
453, 4394.36
454, 4396.41
455, 4397.95
456, 4397.44
457, 4397.95
458, 4403.59
459, 4401.54
460, 4398.46
461, 4404.1
462, 4398.97
463, 4388.72
464, 4393.85
465, 4403.59
466, 4400.51
467, 4386.67
468, 4386.67
469, 4396.41
470, 4397.95
471, 4401.03
472, 4401.03
473, 4396.41
474, 4397.95
475, 4406.15
476, 4411.28
477, 4397.95
478, 4388.72
479, 4401.54
480, 4401.03
481, 4385.13
482, 4381.03
483, 4395.9
484, 4405.64
485, 4397.95
486, 4396.92
487, 4400
488, 4393.33
489, 4387.69
490, 4393.85
491, 4405.64
492, 4401.03
493, 4386.15
494, 4389.74
495, 4396.92
496, 4397.44
497, 4398.46
498, 4397.44
499, 4396.41
500, 4392.82
501, 4394.36
502, 4395.38
503, 4388.72
504, 4396.92
505, 4405.64
506, 4393.85
507, 4387.18
508, 4393.33
509, 4394.36
510, 4389.74
511, 4394.36
512, 4403.59
513, 4398.97
514, 4393.85
515, 4394.87
516, 4397.44
517, 4398.97
518, 4388.72
519, 4389.74
520, 4408.72
521, 4413.85
522, 4403.59
523, 4395.9
524, 4398.46
525, 4399.49
526, 4390.77
527, 4391.79
528, 4395.9
529, 4388.21
530, 4385.13
531, 4392.31
532, 4404.62
533, 4405.64
534, 4394.36
535, 4389.23
536, 4391.79
537, 4393.33
538, 4393.33
539, 4394.87
540, 4395.38
541, 4392.82
542, 4397.95
543, 4402.05
544, 4393.85
545, 4393.33
546, 4395.9
547, 4393.85
548, 4400.51
549, 4402.56
550, 4395.9
551, 4394.36
552, 4393.85
553, 4393.33
554, 4398.97
555, 4406.15
556, 4398.97
557, 4392.82
558, 4400.51
559, 4398.46
560, 4398.46
561, 4406.67
562, 4400.51
563, 4388.72
564, 4386.15
565, 4390.26
566, 4392.31
567, 4387.18
568, 4389.74
569, 4393.33
570, 4392.82
571, 4395.9
572, 4396.92
573, 4401.54
574, 4400
575, 4391.28
576, 4393.85
577, 4398.97
578, 4396.92
579, 4392.82
580, 4396.41
581, 4400.51
582, 4393.33
583, 4391.28
584, 4392.82
585, 4393.33
586, 4400.51
587, 4404.1
588, 4398.46
589, 4392.31
590, 4389.23
591, 4391.28
592, 4392.31
593, 4393.33
594, 4395.38
595, 4388.21
596, 4385.13
597, 4391.28
598, 4392.82
599, 4394.36
600, 4393.85
601, 4397.44
602, 4400
603, 4390.77
604, 4387.18
605, 4392.31
606, 4394.36
607, 4389.23
608, 4390.77
609, 4400
610, 4390.77
611, 4388.21
612, 4401.54
613, 4398.97
614, 4393.85
615, 4392.31
616, 4387.18
617, 4387.18
618, 4396.92
619, 4406.67
620, 4395.9
621, 4382.56
622, 4390.77
623, 4398.97
624, 4394.36
625, 4394.87
626, 4396.92
627, 4395.9
628, 4395.38
629, 4396.92
630, 4392.82
631, 4389.23
632, 4396.41
633, 4395.9
634, 4391.79
635, 4394.87
636, 4392.82
637, 4395.38
638, 4402.05
639, 4402.56
640, 4398.97
641, 4394.36
642, 4395.38
643, 4395.9
644, 4390.77
645, 4392.31
646, 4395.38
647, 4395.9
648, 4394.36
649, 4394.87
650, 4398.46
651, 4394.87
652, 4392.82
653, 4396.41
654, 4396.41
655, 4395.9
656, 4397.44
657, 4398.46
658, 4396.92
659, 4393.33
660, 4400
661, 4400
662, 4396.92
663, 4403.59
664, 4397.95
665, 4393.33
666, 4400
667, 4405.13
668, 4402.05
669, 4394.87
670, 4398.97
671, 4402.56
672, 4396.41
673, 4396.41
674, 4396.92
675, 4396.92
676, 4402.05
677, 4396.92
678, 4389.23
679, 4392.82
680, 4396.41
681, 4395.38
682, 4400.51
683, 4409.23
684, 4408.21
685, 4405.64
686, 4406.15
687, 4402.05
688, 4403.08
689, 4400.51
690, 4394.36
691, 4396.92
692, 4395.38
693, 4389.74
694, 4390.77
695, 4389.74
696, 4388.72
697, 4392.82
698, 4402.05
699, 4406.15
700, 4400.51
701, 4398.97
702, 4396.41
703, 4394.87
704, 4405.13
705, 4409.74
706, 4403.08
707, 4391.28
708, 4387.69
709, 4396.92
710, 4401.03
711, 4401.03
712, 4401.54
713, 4402.56
714, 4398.97
715, 4394.36
716, 4401.54
717, 4403.59
718, 4398.97
719, 4405.64
720, 4406.15
721, 4393.33
722, 4387.18
723, 4391.79
724, 4398.97
725, 4396.92
726, 4396.41
727, 4404.62
728, 4398.46
729, 4391.79
730, 4395.9
731, 4398.46
732, 4397.95
733, 4398.97
734, 4398.46
735, 4396.92
736, 4397.44
737, 4398.46
738, 4395.9
739, 4399.49
740, 4406.15
741, 4401.03
742, 4391.79
743, 4389.23
744, 4402.56
745, 4410.26
746, 4398.46
747, 4398.97
748, 4406.67
749, 4401.03
750, 4393.85
751, 4391.79
752, 4398.46
753, 4404.62
754, 4406.15
755, 4400.51
756, 4392.31
757, 4398.46
758, 4402.05
759, 4394.87
760, 4397.95
761, 4402.56
762, 4401.54
763, 4400.51
764, 4397.95
765, 4401.03
766, 4404.62
767, 4397.95
768, 4393.85
769, 4398.46
770, 4400.51
771, 4396.41
772, 4395.38
773, 4396.92
774, 4397.95
775, 4408.21
776, 4409.74
777, 4397.95
778, 4394.36
779, 4393.85
780, 4394.87
781, 4400
782, 4400.51
783, 4396.41
784, 4391.28
785, 4398.46
786, 4401.03
787, 4390.77
788, 4393.33
789, 4397.44
790, 4394.87
791, 4396.41
792, 4396.41
793, 4398.97
794, 4400
795, 4397.44
796, 4400.51
797, 4403.08
798, 4397.44
799, 4394.87
800, 4400.51
801, 4406.15
802, 4400
803, 4392.31
804, 4397.44
805, 4398.97
806, 4393.85
807, 4393.33
808, 4399.49
809, 4401.54
810, 4400
811, 4400
812, 4388.72
813, 4388.21
814, 4401.54
815, 4395.9
816, 4391.28
817, 4397.95
818, 4397.95
819, 4391.79
820, 4395.38
821, 4408.72
822, 4402.56
823, 4389.23
824, 4397.44
825, 4403.08
826, 4393.33
827, 4391.79
828, 4405.64
829, 4412.82
830, 4395.9
831, 4384.1
832, 4393.85
833, 4398.46
834, 4393.33
835, 4392.82
836, 4398.46
837, 4400.51
838, 4399.49
839, 4403.08
840, 4393.85
841, 4387.18
842, 4395.9
843, 4400.51
844, 4400
845, 4400
846, 4400
847, 4402.56
848, 4400
849, 4396.92
850, 4401.03
851, 4402.56
852, 4400
853, 4400.51
854, 4404.62
855, 4402.05
856, 4391.28
857, 4395.38
858, 4400.51
859, 4390.26
860, 4389.23
861, 4398.97
862, 4398.97
863, 4392.82
864, 4399.49
865, 4404.62
866, 4396.41
867, 4401.54
868, 4409.74
869, 4401.54
870, 4397.44
871, 4398.46
872, 4402.56
873, 4404.62
874, 4402.05
875, 4404.1
876, 4399.49
877, 4391.79
878, 4393.33
879, 4398.97
880, 4403.59
881, 4401.54
882, 4395.38
883, 4394.36
884, 4403.59
885, 4414.87
886, 4400.51
887, 4386.15
888, 4400.51
889, 4404.62
890, 4393.85
891, 4392.82
892, 4396.41
893, 4402.56
894, 4402.05
895, 4395.38
896, 4400.51
897, 4409.23
898, 4403.59
899, 4394.87
900, 4401.03
901, 4400
902, 4382.05
903, 4384.1
904, 4399.49
905, 4401.54
906, 4397.44
907, 4399.49
908, 4406.15
909, 4402.05
910, 4391.79
911, 4395.9
912, 4405.13
913, 4407.69
914, 4395.38
915, 4387.18
916, 4399.49
917, 4402.56
918, 4396.41
919, 4400
920, 4402.56
921, 4396.41
922, 4391.28
923, 4396.41
924, 4398.46
925, 4395.38
926, 4402.05
927, 4403.08
928, 4394.87
929, 4396.41
930, 4400
931, 4401.54
932, 4403.08
933, 4405.13
934, 4407.18
935, 4401.03
936, 4393.85
937, 4395.9
938, 4401.03
939, 4403.59
940, 4403.08
941, 4398.46
942, 4385.13
943, 4380
944, 4393.33
945, 4397.95
946, 4396.92
947, 4400.51
948, 4394.87
949, 4397.44
950, 4403.59
951, 4397.44
952, 4394.36
953, 4394.87
954, 4394.87
955, 4396.92
956, 4402.05
957, 4403.08
958, 4396.41
959, 4393.85
960, 4395.9
961, 4397.95
962, 4401.54
963, 4401.03
964, 4396.41
965, 4393.33
966, 4394.36
967, 4406.15
968, 4414.36
969, 4404.1
970, 4389.23
971, 4391.28
972, 4403.59
973, 4403.08
974, 4403.08
975, 4405.13
976, 4395.9
977, 4394.87
978, 4398.46
979, 4393.33
980, 4397.44
981, 4399.49
982, 4392.82
983, 4393.33
984, 4397.95
985, 4400
986, 4396.92
987, 4400
988, 4403.08
989, 4397.95
990, 4397.44
991, 4400
992, 4395.38
993, 4395.38
994, 4400.51
995, 4402.56
996, 4400
997, 4395.9
998, 4393.85
999, 4394.87
1000, 4400.51
1001, 4400.51
1002, 4393.85
1003, 4395.38
1004, 4397.95
1005, 4396.92
1006, 4394.36
1007, 4396.92
1008, 4404.62
1009, 4394.87
1010, 4389.23
1011, 4397.95
1012, 4400
1013, 4401.54
1014, 4400.51
1015, 4398.46
1016, 4402.56
1017, 4402.56
1018, 4396.41
1019, 4395.38
1020, 4402.05
1021, 4402.05
1022, 4392.82
1023, 4396.41
1024, 4404.1
1025, 4398.46
1026, 4393.85
1027, 4396.41
1028, 4405.64
1029, 4407.18
1030, 4389.23
1031, 4384.1
1032, 4395.38
1033, 4400.51
1034, 4398.46
1035, 4393.85
1036, 4394.36
1037, 4395.9
1038, 4397.95
1039, 4394.87
1040, 4390.77
1041, 4398.97
1042, 4401.54
1043, 4397.44
1044, 4401.54
1045, 4403.59
1046, 4403.08
1047, 4407.18
1048, 4408.21
1049, 4401.54
1050, 4391.79
1051, 4390.77
1052, 4396.92
1053, 4396.41
1054, 4394.36
1055, 4395.9
1056, 4398.46
1057, 4399.49
1058, 4396.41
1059, 4401.03
1060, 4406.67
1061, 4405.64
1062, 4402.56
1063, 4400.51
1064, 4402.05
1065, 4402.05
1066, 4399.49
1067, 4395.38
1068, 4392.82
1069, 4402.05
1070, 4401.54
1071, 4394.87
1072, 4402.05
1073, 4400
1074, 4395.9
1075, 4407.69
1076, 4409.23
1077, 4397.95
1078, 4389.23
1079, 4392.31
1080, 4400.51
1081, 4396.41
1082, 4393.33
1083, 4398.46
1084, 4397.95
1085, 4395.9
1086, 4398.46
1087, 4401.03
1088, 4396.41
1089, 4396.41
1090, 4404.62
1091, 4402.05
1092, 4397.44
1093, 4398.97
1094, 4397.95
1095, 4395.9
1096, 4394.87
1097, 4401.03
1098, 4403.08
1099, 4395.9
1100, 4402.05
1101, 4409.74
1102, 4397.44
1103, 4387.69
1104, 4396.41
1105, 4404.62
1106, 4396.92
1107, 4396.41
1108, 4402.56
1109, 4397.44
1110, 4400.51
1111, 4402.56
1112, 4393.85
1113, 4393.85
1114, 4397.95
1115, 4397.95
1116, 4399.49
1117, 4400.51
1118, 4402.56
1119, 4401.54
1120, 4397.44
1121, 4396.92
1122, 4396.92
1123, 4401.03
1124, 4408.21
1125, 4403.59
1126, 4391.28
1127, 4390.77
1128, 4407.69
1129, 4407.18
1130, 4390.77
1131, 4395.9
1132, 4407.18
1133, 4401.03
1134, 4389.23
1135, 4388.72
1136, 4393.85
1137, 4394.36
1138, 4398.97
1139, 4397.44
1140, 4394.36
1141, 4401.03
1142, 4401.54
1143, 4398.46
1144, 4400
1145, 4399.49
1146, 4402.56
1147, 4399.49
1148, 4389.23
1149, 4391.79
1150, 4400
1151, 4399.49
1152, 4395.9
1153, 4403.59
1154, 4409.23
1155, 4400
1156, 4401.54
1157, 4408.72
1158, 4400.51
1159, 4389.74
1160, 4388.72
1161, 4392.82
1162, 4393.33
1163, 4390.26
1164, 4393.85
1165, 4397.95
1166, 4402.05
1167, 4405.13
1168, 4396.41
1169, 4391.28
1170, 4397.95
1171, 4396.41
1172, 4393.85
1173, 4402.56
1174, 4405.64
1175, 4390.77
1176, 4387.18
1177, 4397.44
1178, 4393.33
1179, 4392.82
1180, 4402.56
1181, 4404.1
1182, 4400.51
1183, 4393.33
1184, 4400
1185, 4404.1
1186, 4387.69
1187, 4390.77
1188, 4408.72
1189, 4404.1
1190, 4390.26
1191, 4393.85
1192, 4401.54
1193, 4395.9
1194, 4398.97
1195, 4408.72
1196, 4398.46
1197, 4388.72
1198, 4390.26
1199, 4394.36
1200, 4401.54
1201, 4400
1202, 4393.33
1203, 4397.95
1204, 4407.18
1205, 4402.05
1206, 4388.72
1207, 4394.87
1208, 4410.77
1209, 4406.15
1210, 4389.23
1211, 4388.21
1212, 4404.62
1213, 4405.64
1214, 4391.28
1215, 4398.46
1216, 4408.21
1217, 4389.74
1218, 4378.97
1219, 4388.72
1220, 4398.46
1221, 4393.33
1222, 4387.18
1223, 4394.36
1224, 4397.95
1225, 4396.92
1226, 4396.92
1227, 4394.87
1228, 4396.41
1229, 4396.92
1230, 4401.03
1231, 4400.51
1232, 4394.36
1233, 4398.46
1234, 4406.67
1235, 4405.64
1236, 4395.38
1237, 4388.21
1238, 4395.38
1239, 4398.97
1240, 4396.41
1241, 4398.46
1242, 4397.44
1243, 4398.97
1244, 4403.08
1245, 4400.51
1246, 4397.95
1247, 4396.41
1248, 4395.38
1249, 4395.38
1250, 4393.85
1251, 4398.97
1252, 4402.56
1253, 4394.87
1254, 4390.77
1255, 4396.92
1256, 4399.49
1257, 4396.41
1258, 4405.13
1259, 4408.72
1260, 4388.21
1261, 4387.69
1262, 4407.18
1263, 4398.46
1264, 4374.36
1265, 4369.23
1266, 4371.79
1267, 4362.05
1268, 4355.9
1269, 4357.95
1270, 4351.79
1271, 4358.97
1272, 4367.18
1273, 4358.97
1274, 4362.05
1275, 4369.23
1276, 4372.82
1277, 4379.49
1278, 4382.56
1279, 4383.59
1280, 4387.18
1281, 4387.69
1282, 4382.56
1283, 4379.49
1284, 4387.18
1285, 4392.82
1286, 4391.28
1287, 4392.31
1288, 4389.23
1289, 4396.41
1290, 4410.77
1291, 4394.87
1292, 4373.33
1293, 4382.05
1294, 4393.85
1295, 4383.08
1296, 4379.49
1297, 4390.77
1298, 4389.23
1299, 4389.74
1300, 4396.92
1301, 4391.79
1302, 4388.21
1303, 4390.77
1304, 4393.33
1305, 4392.82
1306, 4390.26
1307, 4391.28
1308, 4390.77
1309, 4394.36
1310, 4400.51
1311, 4398.46
1312, 4400.51
1313, 4400
1314, 4388.72
1315, 4394.36
1316, 4406.67
1317, 4397.44
1318, 4380.51
1319, 4386.15
1320, 4404.62
1321, 4403.08
1322, 4394.87
1323, 4394.36
1324, 4392.82
1325, 4398.97
1326, 4402.56
1327, 4398.46
1328, 4401.03
1329, 4398.97
1330, 4391.79
1331, 4391.79
1332, 4397.44
1333, 4402.56
1334, 4402.56
1335, 4398.97
1336, 4396.41
1337, 4400
1338, 4404.1
1339, 4399.49
1340, 4396.41
1341, 4402.56
1342, 4407.69
1343, 4404.62
1344, 4397.44
1345, 4393.85
1346, 4394.36
1347, 4401.54
1348, 4409.23
1349, 4400
1350, 4395.38
1351, 4409.23
1352, 4403.59
1353, 4383.59
1354, 4381.54
1355, 4393.85
1356, 4400.51
1357, 4395.9
1358, 4392.82
1359, 4395.9
1360, 4399.49
1361, 4401.54
1362, 4395.9
1363, 4393.85
1364, 4396.92
1365, 4398.97
1366, 4401.54
1367, 4398.46
1368, 4399.49
1369, 4405.64
1370, 4395.9
1371, 4385.64
1372, 4389.23
1373, 4396.92
1374, 4396.92
1375, 4393.33
1376, 4399.49
1377, 4401.54
1378, 4394.87
1379, 4400.51
1380, 4404.1
1381, 4394.36
1382, 4389.23
1383, 4396.41
1384, 4403.08
1385, 4398.46
1386, 4389.23
1387, 4385.64
1388, 4388.72
1389, 4395.9
1390, 4394.36
1391, 4391.28
1392, 4391.79
1393, 4394.87
1394, 4402.56
1395, 4401.54
1396, 4387.69
1397, 4388.21
1398, 4394.87
1399, 4394.36
1400, 4391.79
1401, 4389.23
1402, 4391.28
1403, 4393.85
1404, 4392.31
1405, 4390.77
1406, 4397.44
1407, 4398.46
1408, 4384.62
1409, 4391.28
1410, 4412.31
1411, 4405.13
1412, 4386.15
1413, 4385.13
1414, 4391.28
1415, 4393.33
1416, 4392.31
1417, 4395.38
1418, 4393.85
1419, 4393.33
1420, 4396.92
1421, 4394.87
1422, 4398.97
1423, 4401.54
1424, 4392.31
1425, 4391.28
1426, 4392.82
1427, 4390.26
1428, 4392.31
1429, 4398.97
1430, 4401.54
1431, 4393.33
1432, 4391.79
1433, 4395.38
1434, 4390.77
1435, 4389.74
1436, 4396.92
1437, 4398.97
1438, 4394.87
1439, 4395.9
1440, 4400.51
1441, 4388.72
1442, 4377.95
1443, 4382.56
1444, 4370.26
1445, 4348.72
1446, 4348.21
1447, 4356.92
1448, 4356.92
1449, 4348.72
1450, 4353.33
1451, 4364.62
1452, 4363.59
1453, 4370.26
1454, 4385.64
1455, 4387.18
1456, 4382.56
1457, 4380.51
1458, 4377.95
1459, 4377.44
1460, 4384.1
1461, 4390.77
1462, 4390.26
1463, 4391.79
1464, 4396.92
1465, 4397.44
1466, 4395.9
1467, 4394.87
1468, 4402.05
1469, 4405.13
1470, 4397.95
1471, 4396.92
1472, 4399.49
1473, 4405.64
1474, 4408.72
1475, 4408.21
1476, 4420
1477, 4423.08
1478, 4408.72
1479, 4400.51
1480, 4402.56
1481, 4409.74
1482, 4412.82
1483, 4404.1
1484, 4393.85
1485, 4397.95
1486, 4407.18
1487, 4395.38
1488, 4381.03
1489, 4389.74
1490, 4397.44
1491, 4395.9
1492, 4397.95
1493, 4400.51
1494, 4401.03
1495, 4398.97
1496, 4397.95
1497, 4397.95
1498, 4391.79
1499, 4391.28
1500, 4395.38
1501, 4395.38
1502, 4393.85
1503, 4397.44
1504, 4406.67
1505, 4399.49
1506, 4388.21
1507, 4398.46
1508, 4406.15
1509, 4396.92
1510, 4387.18
1511, 4390.77
1512, 4398.97
1513, 4393.85
1514, 4389.74
1515, 4398.97
1516, 4401.54
1517, 4391.79
1518, 4386.67
1519, 4395.38
1520, 4400
1521, 4397.44
1522, 4394.87
1523, 4383.59
1524, 4379.49
1525, 4377.95
1526, 4355.9
1527, 4350.26
1528, 4352.31
1529, 4333.33
1530, 4330.26
1531, 4345.64
1532, 4344.1
1533, 4337.44
1534, 4348.21
1535, 4367.18
1536, 4376.92
1537, 4375.38
1538, 4370.26
1539, 4369.74
1540, 4372.31
1541, 4368.72
1542, 4366.67
1543, 4371.79
1544, 4372.31
1545, 4374.87
1546, 4375.9
1547, 4377.44
1548, 4382.05
1549, 4382.56
1550, 4380.51
1551, 4378.97
1552, 4377.95
1553, 4376.92
1554, 4372.31
1555, 4376.41
1556, 4382.05
1557, 4381.03
1558, 4385.13
1559, 4393.85
1560, 4392.31
1561, 4381.03
1562, 4377.95
1563, 4385.64
1564, 4383.08
1565, 4375.9
1566, 4377.44
1567, 4382.05
1568, 4384.62
1569, 4381.03
1570, 4382.56
1571, 4393.85
1572, 4392.82
1573, 4386.67
1574, 4386.15
1575, 4389.23
1576, 4393.33
1577, 4391.28
1578, 4391.28
1579, 4395.38
1580, 4392.31
1581, 4385.64
1582, 4382.05
1583, 4388.72
1584, 4396.41
1585, 4393.33
1586, 4393.33
1587, 4403.59
1588, 4403.08
1589, 4382.05
1590, 4375.38
1591, 4393.85
1592, 4396.41
1593, 4388.21
1594, 4390.26
1595, 4387.69
1596, 4390.77
1597, 4395.9
1598, 4389.74
1599, 4387.69
1600, 4389.23
1601, 4389.23
1602, 4387.69
1603, 4386.15
1604, 4392.31
1605, 4392.82
1606, 4388.21
1607, 4389.74
1608, 4390.77
1609, 4388.72
1610, 4388.72
1611, 4391.28
1612, 4390.26
1613, 4386.15
1614, 4391.28
1615, 4395.38
1616, 4390.26
1617, 4382.56
1618, 4379.49
1619, 4386.15
1620, 4392.82
1621, 4391.28
1622, 4387.18
1623, 4385.64
1624, 4388.21
1625, 4387.18
1626, 4385.13
1627, 4390.77
1628, 4390.26
1629, 4389.23
1630, 4392.31
1631, 4389.23
1632, 4391.79
1633, 4393.33
1634, 4387.18
1635, 4390.26
1636, 4393.33
1637, 4384.62
1638, 4381.03
1639, 4388.72
1640, 4390.26
1641, 4389.23
1642, 4396.41
1643, 4394.87
1644, 4388.72
1645, 4386.15
1646, 4381.03
1647, 4391.28
1648, 4398.97
1649, 4384.62
1650, 4380
1651, 4389.74
1652, 4391.79
1653, 4387.69
1654, 4388.21
1655, 4395.9
1656, 4396.41
1657, 4387.18
1658, 4387.69
1659, 4391.79
1660, 4392.82
1661, 4395.38
1662, 4391.28
1663, 4383.59
1664, 4383.59
1665, 4394.87
1666, 4393.85
1667, 4386.67
1668, 4390.26
1669, 4389.23
1670, 4398.97
1671, 4405.64
1672, 4388.21
1673, 4379.49
1674, 4388.21
1675, 4391.28
1676, 4389.74
1677, 4390.77
1678, 4386.67
1679, 4384.1
1680, 4392.82
1681, 4392.31
1682, 4378.46
1683, 4381.03
1684, 4390.77
1685, 4385.13
1686, 4382.05
1687, 4384.1
1688, 4388.72
1689, 4392.31
1690, 4387.69
1691, 4388.72
1692, 4396.41
1693, 4397.95
1694, 4392.31
1695, 4389.74
1696, 4396.92
1697, 4395.9
1698, 4382.05
1699, 4378.46
1700, 4391.79
1701, 4405.64
1702, 4406.67
1703, 4405.13
1704, 4408.72
1705, 4408.72
1706, 4406.15
1707, 4404.1
1708, 4405.13
1709, 4400.51
1710, 4384.1
1711, 4383.59
1712, 4392.82
1713, 4385.13
1714, 4374.36
1715, 4374.87
1716, 4383.08
1717, 4385.64
1718, 4384.1
1719, 4390.26
1720, 4387.18
1721, 4377.95
1722, 4381.03
1723, 4380.51
1724, 4380.51
1725, 4388.21
1726, 4375.9
1727, 4349.23
1728, 4343.59
1729, 4353.33
1730, 4353.33
1731, 4347.18
1732, 4337.95, estimuli
1733, 4327.69
1734, 4343.08
1735, 4362.56
1736, 4367.18
1737, 4380.51
1738, 4388.72
1739, 4383.59
1740, 4377.44
1741, 4374.36
1742, 4377.44
1743, 4373.85
1744, 4373.85
1745, 4378.97
1746, 4373.85
1747, 4369.23
1748, 4374.36
1749, 4384.1
1750, 4386.15
1751, 4379.49
1752, 4383.59
1753, 4387.18
1754, 4375.38
1755, 4370.26
1756, 4373.85
1757, 4372.82
1758, 4374.87
1759, 4381.03
1760, 4384.1
1761, 4378.97
1762, 4375.9
1763, 4382.05
1764, 4384.62
1765, 4380.51
1766, 4376.41
1767, 4382.05
1768, 4384.1
1769, 4382.05
1770, 4389.74
1771, 4386.15
1772, 4375.9
1773, 4381.54
1774, 4384.62
1775, 4376.92
1776, 4374.87
1777, 4382.05
1778, 4388.72
1779, 4388.21
1780, 4393.85
1781, 4401.03
1782, 4391.28
1783, 4382.05
1784, 4385.13
1785, 4388.72
1786, 4387.69
1787, 4390.77
1788, 4398.97
1789, 4404.62
1790, 4409.74
1791, 4409.74
1792, 4397.44
1793, 4397.44
1794, 4402.56
1795, 4394.87
1796, 4389.23
1797, 4387.18
1798, 4388.21
1799, 4391.28
1800, 4391.28
1801, 4388.21
1802, 4384.1
1803, 4388.21
1804, 4389.23
1805, 4393.85
1806, 4404.1
1807, 4399.49
1808, 4391.79
1809, 4395.38
1810, 4391.28
1811, 4383.08
1812, 4388.21
1813, 4396.41
1814, 4392.82
1815, 4389.74
1816, 4399.49
1817, 4400
1818, 4385.13
1819, 4383.08
1820, 4390.77
1821, 4396.92
1822, 4391.79
1823, 4381.54
1824, 4386.15
1825, 4393.33
1826, 4392.82
1827, 4394.87
1828, 4396.92
1829, 4392.82
1830, 4392.82
1831, 4402.05
1832, 4398.46
1833, 4390.26
1834, 4392.31
1835, 4400.51
1836, 4430.26
1837, 4447.69
1838, 4394.87
1839, 4318.46
1840, 4290.26
1841, 4315.38
1842, 4385.13
1843, 4462.05
1844, 4496.92
1845, 4476.92
1846, 4441.54
1847, 4398.46
1848, 4292.82
1849, 4231.28
1850, 4300
1851, 4387.18
1852, 4474.87
1853, 4545.64
1854, 4503.59
1855, 4387.18
1856, 4291.28
1857, 4253.85
1858, 4293.33
1859, 4389.23
1860, 4495.38
1861, 4548.72
1862, 4494.87
1863, 4378.97
1864, 4283.59
1865, 4246.67
1866, 4292.82
1867, 4389.74
1868, 4482.05
1869, 4541.03
1870, 4508.21
1871, 4389.74
1872, 4284.62
1873, 4253.85
1874, 4303.08
1875, 4391.28
1876, 4477.44
1877, 4538.46
1878, 4504.62
1879, 4384.62
1880, 4289.23
1881, 4260
1882, 4300.51
1883, 4394.87
1884, 4482.05
1885, 4526.67
1886, 4502.05
1887, 4405.64
1888, 4298.97
1889, 4256.41
1890, 4308.21
1891, 4404.62
1892, 4487.69
1893, 4517.95
1894, 4469.23
1895, 4386.67
1896, 4313.33
1897, 4264.62
1898, 4294.36
1899, 4391.79
1900, 4486.15
1901, 4521.54
1902, 4480.51
1903, 4402.56
1904, 4319.49
1905, 4268.21
1906, 4305.13
1907, 4400.51
1908, 4483.59
1909, 4507.69
1910, 4467.69
1911, 4393.85
1912, 4312.82
1913, 4276.92
1914, 4320.51
1915, 4402.05
1916, 4478.46
1917, 4516.41
1918, 4476.41
1919, 4387.69
1920, 4307.69
1921, 4272.82
1922, 4310.26
1923, 4398.97
1924, 4472.82
1925, 4498.46
1926, 4466.15
1927, 4380
1928, 4297.44
1929, 4272.82
1930, 4311.28
1931, 4397.44
1932, 4483.59
1933, 4513.85
1934, 4472.82
1935, 4384.62
1936, 4300
1937, 4268.21
1938, 4310.26
1939, 4397.95
1940, 4480
1941, 4514.87
1942, 4471.79
1943, 4377.95
1944, 4305.13
1945, 4277.44
1946, 4309.74
1947, 4396.92
1948, 4477.95
1949, 4508.72
1950, 4469.74
1951, 4383.08
1952, 4302.56
1953, 4271.79
1954, 4314.87
1955, 4400.51
1956, 4477.95
1957, 4509.23
1958, 4464.62
1959, 4378.97
1960, 4306.15
1961, 4274.87
1962, 4316.41
1963, 4404.1
1964, 4462.56
1965, 4448.21
1966, 4395.9
1967, 4387.69
1968, 4405.13
1969, 4388.21
1970, 4369.74
1971, 4377.44
1972, 4385.64
1973, 4387.18
1974, 4393.33
1975, 4394.87
1976, 4384.62
1977, 4379.49
1978, 4386.15
1979, 4392.31
1980, 4390.26
1981, 4385.64
1982, 4393.85
1983, 4401.54
1984, 4394.87
1985, 4393.85
1986, 4396.41
1987, 4394.87
1988, 4395.9
1989, 4396.41
1990, 4394.36
1991, 4388.21
1992, 4385.13
1993, 4391.28
1994, 4391.79
1995, 4394.36
1996, 4401.03
1997, 4398.46
1998, 4390.26
1999, 4385.13
2000, 4391.79
2001, 4394.87
2002, 4389.23
2003, 4390.77
2004, 4391.28
2005, 4388.72
2006, 4392.31
2007, 4393.85
2008, 4392.31
2009, 4390.77
2010, 4389.74
2011, 4391.28
2012, 4391.79
2013, 4394.36
2014, 4392.31
2015, 4390.26
2016, 4396.41
2017, 4395.38
2018, 4392.82
2019, 4395.9
2020, 4396.41
2021, 4385.64
2022, 4384.62
2023, 4406.67
2024, 4409.74
2025, 4392.31
2026, 4390.77
2027, 4388.72
2028, 4386.67
2029, 4392.31
2030, 4382.56
2031, 4375.9
2032, 4387.18
2033, 4393.85
2034, 4388.72
2035, 4386.67
2036, 4394.36
2037, 4392.82
2038, 4391.28
2039, 4398.97
2040, 4394.87
2041, 4388.72
2042, 4393.85
2043, 4395.38
2044, 4386.15
2045, 4381.03
2046, 4386.15
2047, 4382.56
2048, 4384.1
2049, 4405.64
2050, 4407.69
2051, 4390.77
2052, 4390.26
2053, 4396.41
2054, 4395.9
2055, 4394.36
2056, 4393.85
2057, 4395.9
2058, 4389.74
2059, 4381.03
2060, 4383.08
2061, 4391.28
2062, 4389.23
2063, 4380
2064, 4388.21
2065, 4395.38
2066, 4387.18
2067, 4391.28
2068, 4398.46
2069, 4395.38
2070, 4389.74
2071, 4392.31
2072, 4396.92
2073, 4389.74
2074, 4384.1
2075, 4384.62
2076, 4387.69
2077, 4395.38
2078, 4391.79
2079, 4385.64
2080, 4390.77
2081, 4391.28
2082, 4388.72
2083, 4394.36
2084, 4396.92
2085, 4386.67
2086, 4381.03
2087, 4389.74
2088, 4389.74
2089, 4388.21
2090, 4392.82
2091, 4386.15
2092, 4380.51
2093, 4387.69
2094, 4389.74
2095, 4389.74
2096, 4388.21
2097, 4386.67
2098, 4390.77
2099, 4392.31
2100, 4391.79
2101, 4391.28
2102, 4392.31
2103, 4397.44
2104, 4397.44
2105, 4392.31
2106, 4386.67
2107, 4387.18
2108, 4390.26
2109, 4388.72
2110, 4388.72
2111, 4390.26
2112, 4392.82
2113, 4398.46
2114, 4392.82
2115, 4381.54
2116, 4385.13
2117, 4393.33
2118, 4395.38
2119, 4392.31
2120, 4393.33
2121, 4392.31
2122, 4386.67
2123, 4389.74
2124, 4389.74
2125, 4388.21
2126, 4390.26
2127, 4391.79
2128, 4401.03
2129, 4402.56
2130, 4389.74
2131, 4388.72
2132, 4398.46
2133, 4397.95
2134, 4388.72
2135, 4380.51
2136, 4380
2137, 4385.13
2138, 4388.72
2139, 4389.23
2140, 4389.23
2141, 4390.77
2142, 4387.18
2143, 4389.23
2144, 4395.38
2145, 4388.21
2146, 4386.67
2147, 4396.92
2148, 4395.9
2149, 4388.21
2150, 4387.69
2151, 4390.26
2152, 4388.21
2153, 4396.92
2154, 4402.56
2155, 4382.05
2156, 4378.97
2157, 4393.33
2158, 4393.85
2159, 4396.92
2160, 4393.85
2161, 4384.62
2162, 4389.74
2163, 4393.85
2164, 4391.28
2165, 4395.9
2166, 4397.44
2167, 4390.26
2168, 4387.69
2169, 4390.77
2170, 4387.18
2171, 4386.15
2172, 4386.15
2173, 4383.59
2174, 4387.18
2175, 4393.33
2176, 4394.87
2177, 4389.23
2178, 4378.97
2179, 4387.18
2180, 4393.33
2181, 4383.59
2182, 4387.18
2183, 4389.23
2184, 4386.67
2185, 4397.95
2186, 4400.51
2187, 4387.18
2188, 4380
2189, 4382.56
2190, 4382.56
2191, 4381.54
2192, 4386.67
2193, 4386.67
2194, 4380.51
2195, 4382.56
2196, 4383.59
2197, 4382.05
2198, 4383.59
2199, 4386.67
2200, 4388.21
2201, 4384.62
2202, 4383.08
2203, 4387.69
2204, 4390.26
2205, 4391.28
2206, 4386.67
2207, 4392.31
2208, 4398.97
2209, 4383.08
2210, 4373.33
2211, 4380
2212, 4387.18
2213, 4390.26
2214, 4388.21
2215, 4388.72
2216, 4386.67
2217, 4387.18
2218, 4390.77
2219, 4380.51
2220, 4374.36
2221, 4386.15
2222, 4388.21
2223, 4376.41
2224, 4374.87
2225, 4383.59
2226, 4386.15
2227, 4387.69
2228, 4389.23
2229, 4384.62
2230, 4384.1
2231, 4388.21
2232, 4390.77
2233, 4390.77
2234, 4383.59
2235, 4385.13
2236, 4393.33
2237, 4380.51
2238, 4370.26
2239, 4385.13
2240, 4397.95
2241, 4389.74
2242, 4377.95
2243, 4383.59
2244, 4385.64
2245, 4377.44
2246, 4382.05
2247, 4386.15
2248, 4383.59
2249, 4384.1
2250, 4386.67
2251, 4388.21
2252, 4385.64
2253, 4386.67
2254, 4389.23
2255, 4387.69
2256, 4387.69
2257, 4386.15
2258, 4384.1
2259, 4385.64
2260, 4383.08
2261, 4385.13
2262, 4388.72
2263, 4384.62
2264, 4383.59
2265, 4384.1
2266, 4386.67
2267, 4389.74
2268, 4389.74
2269, 4389.23
2270, 4380
2271, 4379.49
2272, 4386.15
2273, 4381.03
2274, 4381.54
2275, 4387.69
2276, 4381.54
2277, 4380
2278, 4388.21
2279, 4393.85
2280, 4393.33
2281, 4392.31
2282, 4388.21
2283, 4381.54
2284, 4378.97
2285, 4381.03
2286, 4387.69
2287, 4390.26
2288, 4380.51
2289, 4377.95
2290, 4381.54
2291, 4381.54
2292, 4386.67
2293, 4388.72
2294, 4384.62
2295, 4381.54
2296, 4382.05
2297, 4387.18
2298, 4385.13
2299, 4383.08
2300, 4384.1
2301, 4383.08
2302, 4386.67
2303, 4384.62
2304, 4378.97
2305, 4380.51
2306, 4380
2307, 4384.62
2308, 4388.21
2309, 4383.08
2310, 4383.08
2311, 4385.13
2312, 4383.08
2313, 4383.59
2314, 4384.62
2315, 4385.13
2316, 4383.08
2317, 4381.03
2318, 4383.59
2319, 4386.67
2320, 4387.69
2321, 4382.56
2322, 4376.41
2323, 4377.44
2324, 4379.49
2325, 4382.05
2326, 4381.03
2327, 4375.38
2328, 4375.38
2329, 4380.51
2330, 4385.64
2331, 4382.05
2332, 4382.05
2333, 4391.28
2334, 4382.05
2335, 4376.41
2336, 4387.69
2337, 4384.1
2338, 4378.46
2339, 4386.67
2340, 4388.72
2341, 4379.49
2342, 4374.36
2343, 4380.51
2344, 4383.59
2345, 4382.05
2346, 4382.05
2347, 4386.67
2348, 4390.26
2349, 4381.54
2350, 4373.33
2351, 4375.38
2352, 4375.9
2353, 4376.92
2354, 4378.46
2355, 4378.46
2356, 4381.54
2357, 4379.49
2358, 4377.44
2359, 4380.51
2360, 4380
2361, 4381.03
2362, 4380.51
2363, 4379.49
2364, 4380.51
2365, 4381.03
2366, 4384.62
2367, 4386.15
2368, 4385.13
2369, 4383.08
2370, 4378.97
2371, 4380.51
2372, 4380.51
2373, 4384.1
2374, 4390.77
2375, 4382.05
2376, 4374.36
2377, 4379.49
2378, 4381.54
2379, 4380.51
2380, 4382.56
2381, 4386.15
2382, 4381.54
2383, 4381.03
2384, 4397.44
2385, 4395.9
2386, 4381.03
2387, 4386.15
2388, 4385.64
2389, 4371.28
2390, 4369.74
2391, 4380
2392, 4380
2393, 4378.97
2394, 4387.18
2395, 4387.18
2396, 4381.54
2397, 4382.05
2398, 4382.56
2399, 4385.13
2400, 4388.72
2401, 4388.72
2402, 4386.67
2403, 4382.05
2404, 4383.08
2405, 4384.1
2406, 4377.44
2407, 4379.49
2408, 4384.62
2409, 4387.18
2410, 4388.72
2411, 4380
2412, 4374.36
2413, 4377.44
2414, 4377.95
2415, 4380.51
2416, 4381.03
2417, 4380
2418, 4377.44
2419, 4376.41
2420, 4380.51
2421, 4380
2422, 4379.49
2423, 4381.54
2424, 4383.08
2425, 4380
2426, 4376.92
2427, 4390.77
2428, 4395.9
2429, 4377.44
2430, 4371.79
2431, 4376.92
2432, 4380.51
2433, 4385.13
2434, 4381.03
2435, 4376.92
2436, 4382.05
2437, 4386.15
2438, 4382.56
2439, 4377.44
2440, 4383.59
2441, 4386.15
2442, 4380
2443, 4385.64
2444, 4391.28
2445, 4386.15
2446, 4381.54
2447, 4385.64
2448, 4388.21
2449, 4376.41
2450, 4374.87
2451, 4385.64
2452, 4385.13
2453, 4386.15
2454, 4390.26
2455, 4387.18
2456, 4383.08
2457, 4380.51
2458, 4378.97
2459, 4375.9
2460, 4379.49
2461, 4384.62
2462, 4378.97
2463, 4379.49
2464, 4383.59
2465, 4385.64
2466, 4388.72
2467, 4383.08
2468, 4382.05
2469, 4380.51
2470, 4369.23
2471, 4366.67
2472, 4366.15
2473, 4353.85
2474, 4338.46
2475, 4335.38
2476, 4338.97
2477, 4333.85
2478, 4327.69
2479, 4337.95
2480, 4351.79, estimuli
2481, 4354.87
2482, 4352.31
2483, 4356.92
2484, 4369.23
2485, 4366.67
2486, 4356.92
2487, 4360.51
2488, 4367.18
2489, 4371.79
2490, 4370.77
2491, 4371.79
2492, 4376.92
2493, 4378.97
2494, 4378.97
2495, 4376.41
2496, 4382.56
2497, 4388.21
2498, 4381.03
2499, 4377.95
2500, 4382.56
2501, 4384.1
2502, 4386.15
2503, 4389.74
2504, 4388.72
2505, 4388.72
2506, 4393.85
2507, 4392.82
2508, 4386.15
2509, 4389.23
2510, 4385.13
2511, 4373.33
2512, 4378.97
2513, 4383.59
2514, 4384.62
2515, 4386.67
2516, 4387.18
2517, 4390.77
2518, 4389.23
2519, 4391.28
2520, 4396.41
2521, 4385.13
2522, 4377.44
2523, 4388.72
2524, 4394.36
2525, 4389.74
2526, 4389.74
2527, 4392.31
2528, 4390.26
2529, 4388.21
2530, 4391.79
2531, 4390.77
2532, 4388.72
2533, 4390.77
2534, 4394.36
2535, 4399.49
2536, 4397.44
2537, 4394.36
2538, 4392.82
2539, 4390.26
2540, 4391.79
2541, 4388.21
2542, 4382.56
2543, 4382.05
2544, 4384.62
2545, 4393.33
2546, 4392.82
2547, 4383.08
2548, 4390.26
2549, 4404.62
2550, 4401.03
2551, 4390.77
2552, 4394.87
2553, 4397.95
2554, 4377.95
2555, 4366.67
2556, 4382.05
2557, 4389.74
2558, 4384.1
2559, 4386.67
2560, 4396.92
2561, 4394.87
2562, 4391.28
2563, 4393.85
2564, 4388.21
2565, 4381.03
2566, 4378.46
2567, 4402.05
2568, 4450.26
2569, 4443.59
2570, 4363.59
2571, 4295.38
2572, 4287.18
2573, 4337.44
2574, 4414.36
2575, 4475.38
2576, 4492.82
2577, 4460.51
2578, 4426.67
2579, 4361.03
2580, 4248.21
2581, 4241.03
2582, 4336.41
2583, 4424.62
2584, 4511.28
2585, 4539.49
2586, 4457.95
2587, 4343.59
2588, 4266.15
2589, 4258.97
2590, 4326.67
2591, 4421.54
2592, 4504.1
2593, 4527.69
2594, 4458.46
2595, 4342.56
2596, 4249.74
2597, 4243.08
2598, 4329.23
2599, 4429.74
2600, 4512.31
2601, 4545.64
2602, 4462.56
2603, 4333.85
2604, 4261.54
2605, 4260.51
2606, 4326.67
2607, 4419.49
2608, 4500
2609, 4525.13
2610, 4447.18
2611, 4331.79
2612, 4264.62
2613, 4265.64
2614, 4330.26
2615, 4422.05
2616, 4505.13
2617, 4526.67
2618, 4448.72
2619, 4338.97
2620, 4268.21
2621, 4262.05
2622, 4332.31
2623, 4433.33
2624, 4507.69
2625, 4512.31
2626, 4443.59
2627, 4354.36
2628, 4274.87
2629, 4251.79
2630, 4320
2631, 4425.64
2632, 4503.59
2633, 4508.21
2634, 4435.38
2635, 4343.59
2636, 4278.97
2637, 4271.79
2638, 4330.26
2639, 4424.1
2640, 4495.9
2641, 4496.41
2642, 4437.44
2643, 4354.87
2644, 4281.54
2645, 4266.15
2646, 4327.69
2647, 4426.15
2648, 4497.44
2649, 4501.03
2650, 4442.05
2651, 4350.26
2652, 4278.97
2653, 4278.46
2654, 4342.05
2655, 4426.15
2656, 4492.31
2657, 4507.18
2658, 4445.64
2659, 4340
2660, 4271.28
2661, 4276.92
2662, 4341.03
2663, 4427.18
2664, 4494.36
2665, 4506.67
2666, 4446.67
2667, 4345.64
2668, 4274.87
2669, 4278.46
2670, 4340.51
2671, 4418.97
2672, 4487.18
2673, 4502.56
2674, 4435.9
2675, 4341.54
2676, 4283.59
2677, 4284.1
2678, 4345.13
2679, 4424.1
2680, 4487.69
2681, 4502.56
2682, 4436.41
2683, 4345.13
2684, 4283.08
2685, 4282.05
2686, 4345.64
2687, 4428.72
2688, 4495.38
2689, 4499.49
2690, 4430.77
2691, 4346.15
2692, 4282.56
2693, 4270.77
2694, 4336.92
2695, 4430.77
2696, 4470.77
2697, 4441.54
2698, 4400
2699, 4393.33
2700, 4390.77
2701, 4376.92
2702, 4382.05
2703, 4390.26
2704, 4381.54
2705, 4375.9
2706, 4382.56
2707, 4383.59
2708, 4387.18
2709, 4394.87
2710, 4387.69
2711, 4386.15
2712, 4388.72
2713, 4383.59
2714, 4383.59
2715, 4387.18
2716, 4393.33
2717, 4393.33
2718, 4383.08
2719, 4387.18
2720, 4392.82
2721, 4390.26
2722, 4392.31
2723, 4388.72
2724, 4392.31
2725, 4397.95
2726, 4381.03
2727, 4371.28
2728, 4390.77
2729, 4408.21
2730, 4396.41
2731, 4382.56
2732, 4389.74
2733, 4396.41
2734, 4389.23
2735, 4376.92
2736, 4375.38
2737, 4386.67
2738, 4389.74
2739, 4388.21
2740, 4388.72
2741, 4387.18
2742, 4388.21
2743, 4390.26
2744, 4392.82
2745, 4393.85
2746, 4388.21
2747, 4388.21
2748, 4388.21
2749, 4386.15
2750, 4391.28
2751, 4392.31
2752, 4387.18
2753, 4385.13
2754, 4384.1
2755, 4385.13
2756, 4387.69
2757, 4390.26
2758, 4389.74
2759, 4388.72
2760, 4390.77
2761, 4386.15
2762, 4383.59
2763, 4383.08
2764, 4381.03
2765, 4388.21
2766, 4387.69
2767, 4385.64
2768, 4391.28
2769, 4388.21
2770, 4387.18
2771, 4391.79
2772, 4393.85
2773, 4391.28
2774, 4387.69
2775, 4388.72
2776, 4387.69
2777, 4384.1
2778, 4389.23
2779, 4393.85
2780, 4387.69
2781, 4376.41
2782, 4376.41
2783, 4387.18
2784, 4387.18
2785, 4388.72
2786, 4400
2787, 4396.92
2788, 4391.79
2789, 4390.77
2790, 4391.79
2791, 4397.44
2792, 4392.82
2793, 4384.1
2794, 4382.56
2795, 4384.1
2796, 4384.62
2797, 4388.21
2798, 4391.79
2799, 4388.72
2800, 4389.74
2801, 4394.36
2802, 4389.74
2803, 4387.69
2804, 4394.36
2805, 4396.41
2806, 4391.79
2807, 4381.54
2808, 4382.56
2809, 4391.79
2810, 4388.72
2811, 4386.67
2812, 4389.74
2813, 4389.74
2814, 4387.69
2815, 4386.67
2816, 4392.31
2817, 4394.36
2818, 4391.28
2819, 4390.26
2820, 4386.15
2821, 4393.85
2822, 4402.05
2823, 4387.69
2824, 4375.9
2825, 4381.03
2826, 4389.23
2827, 4391.79
2828, 4388.21
2829, 4388.21
2830, 4390.26
2831, 4394.87
2832, 4397.95
2833, 4388.72
2834, 4380
2835, 4379.49
2836, 4385.13
2837, 4390.26
2838, 4390.26
2839, 4390.26
2840, 4389.74
2841, 4388.72
2842, 4390.77
2843, 4389.23
2844, 4391.79
2845, 4392.82
2846, 4387.18
2847, 4388.21
2848, 4385.64
2849, 4388.72
2850, 4398.97
2851, 4390.77
2852, 4377.95
2853, 4381.03
2854, 4398.46
2855, 4399.49
2856, 4381.03
2857, 4380.51
2858, 4395.38
2859, 4401.54
2860, 4394.36
2861, 4382.05
2862, 4378.97
2863, 4384.62
2864, 4396.92
2865, 4404.62
2866, 4392.82
2867, 4386.15
2868, 4397.95
2869, 4394.36
2870, 4376.41
2871, 4375.9
2872, 4389.23
2873, 4392.82
2874, 4386.15
2875, 4383.59
2876, 4384.62
2877, 4391.79
2878, 4393.33
2879, 4388.72
2880, 4403.08
2881, 4403.59
2882, 4385.13
2883, 4389.74
2884, 4400.51
2885, 4389.74
2886, 4380.51
2887, 4387.69
2888, 4389.74
2889, 4378.46
2890, 4384.62
2891, 4395.38
2892, 4387.69
2893, 4388.72
2894, 4393.85
2895, 4390.77
2896, 4390.77
2897, 4389.74
2898, 4391.28
2899, 4393.85
2900, 4393.85
2901, 4392.31
2902, 4390.26
2903, 4389.74
2904, 4386.67
2905, 4386.67
2906, 4389.74
2907, 4386.67
2908, 4390.26
2909, 4395.9
2910, 4397.95
2911, 4401.03
2912, 4398.46
2913, 4393.33
2914, 4391.79
2915, 4389.23
2916, 4385.64
2917, 4383.59
2918, 4383.59
2919, 4384.1
2920, 4390.26
2921, 4402.56
2922, 4397.95
2923, 4385.13
2924, 4386.67
2925, 4388.21
2926, 4388.21
2927, 4391.79
2928, 4392.82
2929, 4389.74
2930, 4384.62
2931, 4389.23
2932, 4393.85
2933, 4390.26
2934, 4392.82
2935, 4394.36
2936, 4390.77
2937, 4391.28
2938, 4396.41
2939, 4393.33
2940, 4384.62
2941, 4387.69
2942, 4395.38
2943, 4393.33
2944, 4396.92
2945, 4401.03
2946, 4396.92
2947, 4391.28
2948, 4388.21
2949, 4394.36
2950, 4391.28
2951, 4379.49
2952, 4382.05
2953, 4391.79
2954, 4395.9
2955, 4395.38
2956, 4394.36
2957, 4393.85
2958, 4387.69
2959, 4387.69
2960, 4392.31
2961, 4390.77
2962, 4392.31
2963, 4393.33
2964, 4391.79
2965, 4395.38
2966, 4395.38
2967, 4393.85
2968, 4388.21
2969, 4386.15
2970, 4391.79
2971, 4395.38
2972, 4398.46
2973, 4389.23
2974, 4379.49
2975, 4389.74
2976, 4394.36
2977, 4388.21
2978, 4392.82
2979, 4396.41
2980, 4389.23
2981, 4384.62
2982, 4392.82
2983, 4395.9
2984, 4392.31
2985, 4396.41
2986, 4395.9
2987, 4387.69
2988, 4381.54
2989, 4382.05
2990, 4389.74
2991, 4388.72
2992, 4386.67
2993, 4394.36
2994, 4395.38
2995, 4390.26
2996, 4384.62
2997, 4388.72
2998, 4400.51
2999, 4394.87
3000, 4383.08
3001, 4386.67
3002, 4392.31
3003, 4390.77
3004, 4388.21
3005, 4391.79
3006, 4390.26
3007, 4385.13
3008, 4392.82
3009, 4395.38
3010, 4386.67
3011, 4386.67
3012, 4391.79
3013, 4392.31
3014, 4386.67
3015, 4384.1
3016, 4392.31
3017, 4396.92
3018, 4394.36
3019, 4391.79
3020, 4397.95
3021, 4402.56
3022, 4391.28
3023, 4383.08
3024, 4385.64
3025, 4389.74
3026, 4395.38
3027, 4393.33
3028, 4387.18
3029, 4387.69
3030, 4390.77
3031, 4393.85
3032, 4389.23
3033, 4387.18
3034, 4393.33
3035, 4393.33
3036, 4390.77
3037, 4391.28
3038, 4390.26
3039, 4390.77
3040, 4389.74
3041, 4390.26
3042, 4388.72
3043, 4385.13
3044, 4384.62
3045, 4388.72
3046, 4405.13
3047, 4407.18
3048, 4390.26
3049, 4389.74
3050, 4391.28
3051, 4384.1
3052, 4385.64
3053, 4387.69
3054, 4381.54
3055, 4377.44
3056, 4384.62
3057, 4390.77
3058, 4386.15
3059, 4386.67
3060, 4392.31
3061, 4391.28
3062, 4388.72
3063, 4392.31
3064, 4396.41
3065, 4390.26
3066, 4389.74
3067, 4401.03
3068, 4393.85
3069, 4379.49
3070, 4383.08
3071, 4392.31
3072, 4395.9
3073, 4391.79
3074, 4394.87
3075, 4402.56
3076, 4401.03
3077, 4395.9
3078, 4388.21
3079, 4384.1
3080, 4392.31
3081, 4397.95
3082, 4389.74
3083, 4380.51
3084, 4383.59
3085, 4392.31
3086, 4396.41
3087, 4397.95
3088, 4393.33
3089, 4387.69
3090, 4392.82
3091, 4393.85
3092, 4389.74
3093, 4389.74
3094, 4390.77
3095, 4395.38
3096, 4394.36
3097, 4394.87
3098, 4396.92
3099, 4390.77
3100, 4391.28
3101, 4391.79
3102, 4394.36
3103, 4401.03
3104, 4393.33
3105, 4389.23
3106, 4399.49
3107, 4394.87
3108, 4382.05
3109, 4385.64
3110, 4396.92
3111, 4396.41
3112, 4393.33
3113, 4397.95
3114, 4390.77
3115, 4385.64
3116, 4390.77
3117, 4389.23
3118, 4390.77
3119, 4397.44
3120, 4398.46
3121, 4390.77
3122, 4385.64
3123, 4391.79
3124, 4393.33
3125, 4392.31
3126, 4391.79
3127, 4388.72
3128, 4400.51
3129, 4405.64
3130, 4387.18
3131, 4377.44
3132, 4384.62
3133, 4388.72
3134, 4387.18
3135, 4390.26
3136, 4393.85
3137, 4390.26
3138, 4390.26
3139, 4394.36
3140, 4391.79
3141, 4392.82
3142, 4393.33
3143, 4390.26
3144, 4391.79
3145, 4389.23
3146, 4390.77
3147, 4390.77
3148, 4389.74
3149, 4391.28
3150, 4389.74
3151, 4392.82
3152, 4397.95
3153, 4396.41
3154, 4390.77
3155, 4388.21
3156, 4394.87
3157, 4400
3158, 4392.31
3159, 4386.15
3160, 4389.74
3161, 4394.87
3162, 4393.33
3163, 4390.77
3164, 4393.85
3165, 4390.77
3166, 4391.79
3167, 4399.49
3168, 4391.79
3169, 4388.72
3170, 4396.41
3171, 4391.79
3172, 4385.13
3173, 4390.77
3174, 4397.44
3175, 4390.77
3176, 4392.82
3177, 4403.08
3178, 4393.33
3179, 4386.67
3180, 4397.95
3181, 4399.49
3182, 4389.23
3183, 4387.18
3184, 4401.54
3185, 4402.56
3186, 4384.1
3187, 4384.62
3188, 4396.41
3189, 4395.38
3190, 4390.77
3191, 4390.26
3192, 4390.77
3193, 4390.77
3194, 4402.56
3195, 4409.74
3196, 4394.87
3197, 4390.77
3198, 4401.54
3199, 4393.85
3200, 4382.56
3201, 4385.13
3202, 4388.21
3203, 4390.26
3204, 4394.36
3205, 4394.87
3206, 4391.28
3207, 4395.38
3208, 4398.97
3209, 4393.85
3210, 4397.44
3211, 4396.92
3212, 4384.1
3213, 4384.1
3214, 4389.74
3215, 4389.23
3216, 4390.77
3217, 4395.38
3218, 4395.38
3219, 4391.28
3220, 4393.85
3221, 4395.38
3222, 4392.82
3223, 4389.74
3224, 4386.67
3225, 4395.9
3226, 4399.49
3227, 4386.15
3228, 4384.62
3229, 4390.77
3230, 4391.28
3231, 4391.28
3232, 4390.26
3233, 4393.33
3234, 4396.41
3235, 4394.87
3236, 4389.23
3237, 4387.69
3238, 4396.92
3239, 4400
3240, 4392.31
3241, 4388.21
3242, 4383.59
3243, 4387.18
3244, 4393.85
3245, 4390.26
3246, 4389.23
3247, 4395.9
3248, 4402.56
3249, 4398.97
3250, 4394.36
3251, 4395.38
3252, 4386.67
3253, 4388.21
3254, 4407.69
3255, 4403.59
3256, 4388.72
3257, 4393.33
3258, 4397.95
3259, 4386.67
3260, 4381.03
3261, 4394.36
3262, 4394.36
3263, 4388.21
3264, 4396.41
3265, 4397.95
3266, 4397.44
3267, 4393.33
3268, 4382.05
3269, 4386.67
3270, 4393.33
3271, 4392.82
3272, 4393.33
3273, 4393.33
3274, 4394.87
3275, 4393.33
3276, 4391.79
3277, 4392.82
3278, 4391.79
3279, 4391.79
3280, 4387.69
3281, 4386.15
3282, 4391.28
3283, 4391.79
3284, 4393.33
3285, 4402.05
3286, 4405.13
3287, 4396.92
3288, 4390.77
3289, 4401.54
3290, 4404.1
3291, 4387.69
3292, 4381.03
3293, 4389.23
3294, 4402.05
3295, 4397.95
3296, 4382.05
3297, 4388.21
3298, 4396.92
3299, 4385.13
3300, 4381.54
3301, 4400
3302, 4411.28
3303, 4393.85
3304, 4378.46
3305, 4388.21
3306, 4397.95
3307, 4396.92
3308, 4392.31
3309, 4390.26
3310, 4395.38
3311, 4395.9
3312, 4392.82
3313, 4394.36
3314, 4394.36
3315, 4391.79
3316, 4388.72
3317, 4392.31
3318, 4394.87
3319, 4395.38
3320, 4404.62
3321, 4402.56
3322, 4388.72
3323, 4386.67
3324, 4392.31
3325, 4397.44
3326, 4396.92
3327, 4393.85
3328, 4395.38
3329, 4394.36
3330, 4392.82
3331, 4391.28
3332, 4392.31
3333, 4396.41
3334, 4395.38
3335, 4392.31
3336, 4392.82
3337, 4392.31
3338, 4395.38
3339, 4395.9
3340, 4392.31
3341, 4392.31
3342, 4392.82
3343, 4393.85
3344, 4393.85
3345, 4395.38
3346, 4395.9
3347, 4393.33
3348, 4396.92
3349, 4391.79
3350, 4383.59
3351, 4390.26
3352, 4395.38
3353, 4389.23
3354, 4380
3355, 4382.56
3356, 4385.13
3357, 4365.13
3358, 4353.33
3359, 4368.72
3360, 4374.87
3361, 4356.41
3362, 4343.59
3363, 4352.82
3364, 4362.56, estimuli
3365, 4368.72
3366, 4384.1
3367, 4389.74
3368, 4386.67
3369, 4390.77
3370, 4389.74
3371, 4388.72
3372, 4388.21
3373, 4391.28
3374, 4408.21
3375, 4411.79
3376, 4395.9
3377, 4388.72
3378, 4398.46
3379, 4406.67
3380, 4405.64
3381, 4408.21
3382, 4411.28
3383, 4405.64
3384, 4405.13
3385, 4407.69
3386, 4407.69
3387, 4408.72
3388, 4412.82
3389, 4419.49
3390, 4415.38
3391, 4408.72
3392, 4408.72
3393, 4405.13
3394, 4405.13
3395, 4404.1
3396, 4400.51
3397, 4400.51
3398, 4400.51
3399, 4400.51
3400, 4395.9
3401, 4396.41
3402, 4407.69
3403, 4404.62
3404, 4391.79
3405, 4393.85
3406, 4396.92
3407, 4395.9
3408, 4400.51
3409, 4407.69
3410, 4408.21
3411, 4404.62
3412, 4405.64
3413, 4402.56
3414, 4401.03
3415, 4407.18
3416, 4409.23
3417, 4403.08
3418, 4397.95
3419, 4409.23
3420, 4420
3421, 4409.74
3422, 4402.56
3423, 4407.69
3424, 4406.15
3425, 4400.51
3426, 4394.36
3427, 4398.46
3428, 4413.33
3429, 4408.72
3430, 4395.38
3431, 4397.44
3432, 4406.15
3433, 4402.05
3434, 4394.87
3435, 4400
3436, 4399.49
3437, 4396.41
3438, 4404.1
3439, 4404.1
3440, 4391.79
3441, 4387.69
3442, 4400
3443, 4406.67
3444, 4396.92
3445, 4402.56
3446, 4411.79
3447, 4390.77
3448, 4399.49
3449, 4460.51
3450, 4471.28
3451, 4388.72
3452, 4312.31
3453, 4306.67
3454, 4339.49
3455, 4411.28
3456, 4490.26
3457, 4503.59
3458, 4467.18
3459, 4435.38
3460, 4374.87
3461, 4271.28
3462, 4252.82
3463, 4332.31
3464, 4408.72
3465, 4498.97
3466, 4554.87
3467, 4485.13
3468, 4364.1
3469, 4280.51
3470, 4265.13
3471, 4330.26
3472, 4421.54
3473, 4511.79
3474, 4551.79
3475, 4474.87
3476, 4359.49
3477, 4280
3478, 4261.03
3479, 4323.08
3480, 4420.51
3481, 4513.85
3482, 4550.26
3483, 4484.1
3484, 4374.87
3485, 4285.64
3486, 4260.51
3487, 4330.26
3488, 4433.33
3489, 4509.74
3490, 4531.28
3491, 4467.69
3492, 4362.05
3493, 4282.05
3494, 4264.62
3495, 4325.13
3496, 4432.82
3497, 4515.38
3498, 4524.62
3499, 4466.67
3500, 4372.82
3501, 4294.87
3502, 4277.44
3503, 4324.1
3504, 4417.95
3505, 4505.13
3506, 4527.69
3507, 4469.74
3508, 4368.21
3509, 4292.31
3510, 4286.15
3511, 4340
3512, 4422.56
3513, 4500
3514, 4523.59
3515, 4465.13
3516, 4369.23
3517, 4296.92
3518, 4277.44
3519, 4332.82
3520, 4428.72
3521, 4497.95
3522, 4514.36
3523, 4462.05
3524, 4367.69
3525, 4294.87
3526, 4283.08
3527, 4337.95
3528, 4423.59
3529, 4499.49
3530, 4517.44
3531, 4451.79
3532, 4364.1
3533, 4300.51
3534, 4286.15
3535, 4337.44
3536, 4421.03
3537, 4502.05
3538, 4522.56
3539, 4452.31
3540, 4355.38
3541, 4287.69
3542, 4285.64
3543, 4348.72
3544, 4428.72
3545, 4500.51
3546, 4518.46
3547, 4455.38
3548, 4361.54
3549, 4288.72
3550, 4278.97
3551, 4337.44
3552, 4426.15
3553, 4503.59
3554, 4514.87
3555, 4450.77
3556, 4358.46
3557, 4290.77
3558, 4288.72
3559, 4351.28
3560, 4435.9
3561, 4496.92
3562, 4506.67
3563, 4451.28
3564, 4360
3565, 4298.97
3566, 4298.46
3567, 4343.08
3568, 4424.1
3569, 4502.05
3570, 4511.79
3571, 4450.26
3572, 4364.1
3573, 4297.44
3574, 4282.05
3575, 4337.44
3576, 4428.21
3577, 4473.33
3578, 4443.08
3579, 4396.92
3580, 4393.33
3581, 4400
3582, 4394.87
3583, 4407.18
3584, 4410.26
3585, 4389.74
3586, 4390.77
3587, 4406.15
3588, 4404.1
3589, 4395.9
3590, 4391.28
3591, 4393.85
3592, 4397.44
3593, 4398.46
3594, 4398.46
3595, 4394.87
3596, 4396.92
3597, 4396.92
3598, 4392.82
3599, 4395.38
3600, 4399.49
3601, 4396.92
3602, 4391.79
3603, 4392.82
3604, 4397.44
3605, 4392.31
3606, 4393.85
3607, 4400
3608, 4395.38
3609, 4394.87
3610, 4394.87
3611, 4393.85
3612, 4399.49
3613, 4399.49
3614, 4394.87
3615, 4392.82
3616, 4398.46
3617, 4402.05
3618, 4393.33
3619, 4389.23
3620, 4393.85
3621, 4398.46
3622, 4401.03
3623, 4399.49
3624, 4399.49
3625, 4400
3626, 4394.87
3627, 4394.87
3628, 4395.9
3629, 4393.85
3630, 4393.85
3631, 4395.38
3632, 4398.97
3633, 4393.85
3634, 4385.13
3635, 4385.64
3636, 4388.21
3637, 4391.28
3638, 4392.31
3639, 4392.82
3640, 4398.46
3641, 4395.9
3642, 4391.79
3643, 4391.28
3644, 4392.31
3645, 4398.46
3646, 4397.44
3647, 4394.87
3648, 4397.95
3649, 4396.92
3650, 4395.9
3651, 4400
3652, 4402.56
3653, 4393.85
3654, 4388.72
3655, 4399.49
3656, 4399.49
3657, 4390.77
3658, 4388.21
3659, 4391.28
3660, 4406.15
3661, 4406.67
3662, 4393.85
3663, 4398.46
3664, 4405.64
3665, 4393.85
3666, 4381.03
3667, 4390.26
3668, 4403.59
3669, 4402.56
3670, 4401.03
3671, 4402.56
3672, 4395.9
3673, 4392.82
3674, 4400.51
3675, 4408.72
3676, 4400
3677, 4381.54
3678, 4386.15
3679, 4396.92
3680, 4393.85
3681, 4394.87
3682, 4397.95
3683, 4398.46
3684, 4393.33
3685, 4386.67
3686, 4389.74
3687, 4400.51
3688, 4404.62
3689, 4400
3690, 4398.97
3691, 4401.03
3692, 4401.03
3693, 4400.51
3694, 4389.74
3695, 4375.9
3696, 4382.56
3697, 4396.92
3698, 4398.46
3699, 4389.74
3700, 4391.28
3701, 4408.21
3702, 4406.15
3703, 4395.38
3704, 4399.49
3705, 4394.36
3706, 4387.69
3707, 4394.36
3708, 4397.44
3709, 4394.87
3710, 4394.87
3711, 4398.97
3712, 4398.97
3713, 4394.36
3714, 4393.33
3715, 4395.9
3716, 4397.44
3717, 4394.87
3718, 4389.23
3719, 4391.79
3720, 4391.79
3721, 4389.74
3722, 4391.79
3723, 4389.74
3724, 4388.21
3725, 4393.85
3726, 4393.85
3727, 4389.74
3728, 4398.46
3729, 4405.64
3730, 4395.38
3731, 4388.21
3732, 4389.74
3733, 4386.15
3734, 4388.21
3735, 4393.85
3736, 4390.26
3737, 4389.74
3738, 4393.33
3739, 4395.38
3740, 4395.38
3741, 4390.77
3742, 4391.28
3743, 4392.82
3744, 4395.9
3745, 4403.08
3746, 4398.46
3747, 4392.31
3748, 4390.26
3749, 4392.31
3750, 4402.05
3751, 4407.18
3752, 4403.59
3753, 4396.92
3754, 4390.77
3755, 4392.31
3756, 4393.33
3757, 4391.79
3758, 4390.77
3759, 4392.82
3760, 4392.31
3761, 4385.13
3762, 4382.56
3763, 4382.05
3764, 4386.15
3765, 4399.49
3766, 4398.97
3767, 4391.28
3768, 4394.87
3769, 4392.82
3770, 4389.74
3771, 4389.74
3772, 4389.74
3773, 4392.31
3774, 4390.77
3775, 4390.26
3776, 4392.31
3777, 4393.33
3778, 4394.87
3779, 4392.82
3780, 4395.38
3781, 4394.87
3782, 4387.69
3783, 4390.77
3784, 4397.44
3785, 4394.36
3786, 4387.18
3787, 4387.18
3788, 4392.82
3789, 4392.31
3790, 4392.31
3791, 4395.9
3792, 4391.79
3793, 4389.74
3794, 4391.79
3795, 4393.33
3796, 4393.85
3797, 4390.77
3798, 4391.28
3799, 4391.28
3800, 4393.85
3801, 4398.46
3802, 4393.33
3803, 4389.23
3804, 4389.74
3805, 4388.21
3806, 4392.31
3807, 4391.79
3808, 4389.23
3809, 4398.97
3810, 4400.51
3811, 4389.23
3812, 4386.15
3813, 4393.33
3814, 4397.44
3815, 4393.33
3816, 4388.72
3817, 4386.67
3818, 4389.23
3819, 4394.87
3820, 4395.38
3821, 4394.36
3822, 4392.31
3823, 4393.85
3824, 4397.95
3825, 4391.28
3826, 4388.72
3827, 4394.87
3828, 4395.9
3829, 4395.9
3830, 4392.82
3831, 4391.28
3832, 4392.82
3833, 4389.74
3834, 4389.74
3835, 4390.77
3836, 4394.36
3837, 4400.51
3838, 4400
3839, 4398.46
3840, 4395.38
3841, 4391.79
3842, 4394.36
3843, 4396.92
3844, 4396.41
3845, 4396.92
3846, 4394.36
3847, 4390.26
3848, 4390.26
3849, 4395.9
3850, 4395.38
3851, 4394.36
3852, 4401.54
3853, 4397.44
3854, 4386.67
3855, 4394.36
3856, 4404.1
3857, 4399.49
3858, 4389.74
3859, 4396.41
3860, 4405.13
3861, 4389.74
3862, 4374.36
3863, 4383.59
3864, 4405.13
3865, 4411.79
3866, 4390.77
3867, 4380.51
3868, 4393.33
3869, 4395.9
3870, 4396.92
3871, 4407.18
3872, 4406.15
3873, 4392.82
3874, 4391.28
3875, 4396.41
3876, 4386.15
3877, 4384.62
3878, 4398.46
3879, 4398.46
3880, 4387.69
3881, 4388.21
3882, 4396.92
3883, 4397.44
3884, 4391.79
3885, 4395.38
3886, 4396.41
3887, 4391.28
3888, 4393.33
3889, 4394.87
3890, 4391.28
3891, 4392.31
3892, 4398.97
3893, 4402.56
3894, 4394.36
3895, 4390.26
3896, 4391.28
3897, 4390.77
3898, 4395.9
3899, 4393.85
3900, 4389.74
3901, 4396.92
3902, 4396.92
3903, 4394.87
3904, 4394.36
3905, 4393.33
3906, 4398.97
3907, 4398.97
3908, 4391.79
3909, 4390.77
3910, 4393.85
3911, 4393.33
3912, 4390.26
3913, 4393.85
3914, 4397.95
3915, 4395.9
3916, 4398.46
3917, 4402.56
3918, 4403.08
3919, 4399.49
3920, 4396.41
3921, 4402.05
3922, 4401.03
3923, 4393.33
3924, 4392.31
3925, 4392.31
3926, 4389.23
3927, 4390.26
3928, 4400.51
3929, 4404.1
3930, 4397.44
3931, 4398.97
3932, 4401.03
3933, 4403.59
3934, 4411.28
3935, 4410.26
3936, 4409.23
3937, 4414.87
3938, 4404.62
3939, 4389.74
3940, 4391.28
3941, 4402.56
3942, 4413.33
3943, 4414.87
3944, 4404.1
3945, 4394.87
3946, 4406.15
3947, 4413.85
3948, 4395.38
3949, 4390.26
3950, 4400.51
3951, 4402.05
3952, 4401.03
3953, 4401.54
3954, 4405.64
3955, 4404.1
3956, 4397.44
3957, 4400
3958, 4402.05
3959, 4399.49
3960, 4397.44
3961, 4399.49
3962, 4408.21
3963, 4406.67
3964, 4397.44
3965, 4401.54
3966, 4405.64
3967, 4404.1
3968, 4403.08
3969, 4404.1
3970, 4403.08
3971, 4399.49
3972, 4401.03
3973, 4404.1
3974, 4413.85
3975, 4421.54
3976, 4407.18
3977, 4403.59
3978, 4421.54
3979, 4426.15
3980, 4422.05
3981, 4426.15
3982, 4426.15
3983, 4420
3984, 4421.03
3985, 4423.08
3986, 4415.38
3987, 4415.38
3988, 4424.1
3989, 4421.03
3990, 4418.46
3991, 4416.92
3992, 4408.21
3993, 4399.49
3994, 4396.92
3995, 4405.64
3996, 4406.15
3997, 4399.49
3998, 4404.1
3999, 4404.62
4000, 4403.08
4001, 4407.18
4002, 4410.26
4003, 4405.13
4004, 4396.41
4005, 4395.38
4006, 4396.41
4007, 4396.92
4008, 4407.69
4009, 4412.31
4010, 4401.54
4011, 4396.92
4012, 4401.54
4013, 4402.56
4014, 4402.56
4015, 4405.13
4016, 4404.62
4017, 4398.46
4018, 4399.49
4019, 4401.54
4020, 4400.51
4021, 4402.05
4022, 4400
4023, 4399.49
4024, 4400
4025, 4398.46
4026, 4401.54
4027, 4402.05
4028, 4400
4029, 4404.62
4030, 4407.18
4031, 4407.18
4032, 4406.67
4033, 4404.62
4034, 4403.59
4035, 4398.46
4036, 4397.95
4037, 4401.03
4038, 4403.08
4039, 4403.59
4040, 4403.59
4041, 4402.56
4042, 4397.95
4043, 4404.62
4044, 4408.72
4045, 4395.38
4046, 4396.41
4047, 4410.77
4048, 4405.13
4049, 4396.92
4050, 4401.03
4051, 4397.95
4052, 4392.82
4053, 4404.62
4054, 4411.28
4055, 4393.85
4056, 4387.18
4057, 4408.21
4058, 4415.9
4059, 4405.64
4060, 4403.59
4061, 4401.54
4062, 4393.85
4063, 4390.26
4064, 4402.05
4065, 4408.21
4066, 4394.36
4067, 4389.74
4068, 4395.38
4069, 4396.41
4070, 4395.38
4071, 4404.1
4072, 4411.28
4073, 4398.46
4074, 4391.79
4075, 4402.56
4076, 4406.67
4077, 4398.46
4078, 4388.21
4079, 4393.33
4080, 4405.64
4081, 4403.59
4082, 4402.56
4083, 4405.64
4084, 4403.59
4085, 4403.08
4086, 4403.59
4087, 4400.51
4088, 4390.26
4089, 4384.62
4090, 4394.87
4091, 4398.46
4092, 4395.38
4093, 4395.38
4094, 4393.85
4095, 4402.56
4096, 4409.74
4097, 4400
4098, 4394.36
4099, 4394.36
4100, 4392.82
4101, 4394.87
4102, 4399.49
4103, 4400
4104, 4397.44
4105, 4396.41
4106, 4395.38
4107, 4400.51
4108, 4404.62
4109, 4398.46
4110, 4401.54
4111, 4407.69
4112, 4402.56
4113, 4411.28
4114, 4426.67
4115, 4424.62
4116, 4412.31
4117, 4404.62
4118, 4403.59
4119, 4400.51
4120, 4401.03
4121, 4405.13
4122, 4400
4123, 4395.38
4124, 4400.51
4125, 4407.69
4126, 4406.15
4127, 4396.92
4128, 4401.03
4129, 4405.64
4130, 4400
4131, 4398.46
4132, 4402.56
4133, 4409.23
4134, 4407.69
4135, 4397.44
4136, 4396.41
4137, 4401.54
4138, 4400.51
4139, 4397.44
4140, 4395.9
4141, 4402.05
4142, 4409.23
4143, 4400.51
4144, 4389.23
4145, 4395.9
4146, 4405.64
4147, 4399.49
4148, 4394.36
4149, 4398.46
4150, 4396.92
4151, 4392.31
4152, 4392.82
4153, 4398.97
4154, 4403.59
4155, 4398.97
4156, 4397.95
4157, 4400.51
4158, 4398.46
4159, 4401.03
4160, 4398.97
4161, 4392.82
4162, 4394.87
4163, 4400
4164, 4401.03
4165, 4401.03
4166, 4404.62
4167, 4404.1
4168, 4400
4169, 4403.59
4170, 4405.13
4171, 4396.41
4172, 4392.31
4173, 4388.21
4174, 4383.59
4175, 4386.67
4176, 4397.44
4177, 4405.64
4178, 4402.05
4179, 4404.62
4180, 4405.13
4181, 4392.82
4182, 4392.31
4183, 4402.05
4184, 4404.1
4185, 4397.44
4186, 4395.38
4187, 4400.51
4188, 4399.49
4189, 4396.41
4190, 4394.87
4191, 4390.77
4192, 4396.92
4193, 4404.1
4194, 4395.9
4195, 4391.28
4196, 4401.03
4197, 4415.9
4198, 4414.36
4199, 4394.87
4200, 4389.74
4201, 4396.41
4202, 4395.38
4203, 4393.85
4204, 4395.9
4205, 4397.44
4206, 4395.38
4207, 4396.92
4208, 4396.92
4209, 4397.44
4210, 4398.46
4211, 4396.41
4212, 4403.08
4213, 4405.13
4214, 4393.85
4215, 4397.95
4216, 4407.69
4217, 4401.54
4218, 4398.97
4219, 4403.08
4220, 4400.51
4221, 4397.44
4222, 4400.51
4223, 4402.05
4224, 4398.97
4225, 4404.1
4226, 4404.1
4227, 4391.79
4228, 4393.85
4229, 4403.08
4230, 4402.05
4231, 4398.46
4232, 4393.85
4233, 4394.87
4234, 4396.92
4235, 4393.85
4236, 4392.31
4237, 4393.85
4238, 4397.44
4239, 4400.51
4240, 4398.97
4241, 4398.46
4242, 4396.92
4243, 4396.41
4244, 4397.44
4245, 4393.85
4246, 4391.79
4247, 4391.79
4248, 4393.85
4249, 4397.44
4250, 4396.41
4251, 4395.38
4252, 4397.44
4253, 4405.64
4254, 4403.08
4255, 4387.18
4256, 4392.82
4257, 4404.62
4258, 4393.33
4259, 4387.18
4260, 4393.85
4261, 4394.36
4262, 4394.36
4263, 4404.62
4264, 4404.1
4265, 4389.74
4266, 4391.28
4267, 4397.44
4268, 4395.38
4269, 4397.95
4270, 4399.49
4271, 4400.51
4272, 4400
4273, 4391.28
4274, 4391.28
4275, 4398.97
4276, 4397.95
4277, 4397.95
4278, 4398.46
4279, 4395.9
4280, 4399.49
4281, 4405.13
4282, 4399.49
4283, 4390.77
4284, 4395.9
4285, 4403.59
4286, 4398.46
4287, 4394.36
4288, 4397.95
4289, 4401.03
4290, 4398.46
4291, 4400
4292, 4411.79
4293, 4411.28
4294, 4401.03
4295, 4401.54
4296, 4403.08
4297, 4398.97
4298, 4387.69
4299, 4388.21
4300, 4402.05
4301, 4402.56
4302, 4392.82
4303, 4391.79
4304, 4396.41
4305, 4395.38
4306, 4396.41
4307, 4407.69
4308, 4406.15
4309, 4392.82
4310, 4392.31
4311, 4397.95
4312, 4400.51
4313, 4397.95
4314, 4393.33
4315, 4396.41
4316, 4396.92
4317, 4394.87
4318, 4396.92
4319, 4394.87
4320, 4396.41
4321, 4402.56
4322, 4398.46
4323, 4392.82
4324, 4394.36
4325, 4398.46
4326, 4400
4327, 4400
4328, 4404.1
4329, 4407.18
4330, 4400.51
4331, 4387.69
4332, 4387.69
4333, 4398.97
4334, 4405.13
4335, 4408.21
4336, 4401.54
4337, 4390.26
4338, 4393.33
4339, 4392.82
4340, 4392.31
4341, 4400
4342, 4395.38
4343, 4392.31
4344, 4395.9
4345, 4392.31
4346, 4391.79
4347, 4396.41
4348, 4398.46
4349, 4398.46
4350, 4404.62
4351, 4412.31
4352, 4408.21
4353, 4399.49
4354, 4397.44
4355, 4400
4356, 4399.49
4357, 4389.23
4358, 4383.08
4359, 4389.23
4360, 4402.56
4361, 4413.85
4362, 4401.03
4363, 4384.1
4364, 4394.36
4365, 4405.13
4366, 4397.44
4367, 4391.28
4368, 4400
4369, 4406.67
4370, 4395.38
4371, 4388.21
4372, 4391.79
4373, 4394.87
4374, 4397.44
4375, 4395.38
4376, 4395.38
4377, 4397.95
4378, 4395.9
4379, 4396.41
4380, 4396.92
4381, 4398.46
4382, 4398.46
4383, 4398.46
4384, 4405.64
4385, 4403.08
4386, 4394.87
4387, 4403.59
4388, 4403.59
4389, 4390.26
4390, 4391.79
4391, 4401.03
4392, 4395.9
4393, 4388.72
4394, 4394.36
4395, 4395.38
4396, 4395.38
4397, 4403.59
4398, 4400
4399, 4392.31
4400, 4394.87
4401, 4396.92
4402, 4397.44
4403, 4398.46
4404, 4400
4405, 4397.44
4406, 4393.85
4407, 4398.46
4408, 4397.44
4409, 4393.85
4410, 4396.92
4411, 4399.49
4412, 4400
4413, 4397.44
4414, 4398.97
4415, 4407.69
4416, 4401.54
4417, 4391.79
4418, 4395.38
4419, 4398.46
4420, 4399.49
4421, 4400.51
4422, 4395.9
4423, 4392.31
4424, 4395.38
4425, 4396.92
4426, 4391.79
4427, 4390.77
4428, 4393.85
4429, 4392.31
4430, 4391.28
4431, 4396.92
4432, 4398.97
4433, 4394.87
4434, 4395.38
4435, 4400
4436, 4391.79
4437, 4389.23
4438, 4398.97
4439, 4398.46
4440, 4398.46
4441, 4404.1
4442, 4405.64
4443, 4403.59
4444, 4394.87
4445, 4388.72
4446, 4390.77
4447, 4391.79
4448, 4396.92
4449, 4401.54
4450, 4395.9
4451, 4389.23
4452, 4392.31
4453, 4403.08
4454, 4400
4455, 4388.21
4456, 4397.44
4457, 4406.15
4458, 4395.38
4459, 4392.31
4460, 4402.56
4461, 4398.46
4462, 4382.56
4463, 4386.15
4464, 4397.44
4465, 4395.9
4466, 4401.54
4467, 4411.28
4468, 4404.1
4469, 4387.18
4470, 4390.77
4471, 4405.64
4472, 4394.36
4473, 4385.64
4474, 4396.92
4475, 4398.97
4476, 4396.41
4477, 4401.03
4478, 4400.51
4479, 4396.41
4480, 4396.92
4481, 4398.97
4482, 4394.87
4483, 4389.74
4484, 4393.33
4485, 4396.92
4486, 4399.49
4487, 4402.05
4488, 4398.97
4489, 4398.97
4490, 4399.49
4491, 4397.44
4492, 4396.41
4493, 4395.9
4494, 4401.54
4495, 4403.08
4496, 4395.9
4497, 4392.82
4498, 4390.26
4499, 4391.79
4500, 4393.85
4501, 4398.97
4502, 4406.67
4503, 4402.05
4504, 4397.95
4505, 4404.62
4506, 4400
4507, 4389.74
4508, 4392.31
4509, 4403.59
4510, 4403.08
4511, 4396.92
4512, 4406.15
4513, 4409.23
4514, 4396.92
4515, 4392.31
4516, 4406.67
4517, 4409.74
4518, 4386.67
4519, 4380.51
4520, 4390.26
4521, 4384.1
4522, 4377.95
4523, 4380.51
4524, 4379.49
4525, 4366.15
4526, 4346.15
4527, 4345.13
4528, 4362.05
4529, 4362.56
4530, 4361.03
4531, 4378.46
4532, 4391.79
4533, 4390.26
4534, 4387.69
4535, 4389.74
4536, 4391.28
4537, 4395.38
4538, 4393.85
4539, 4387.18
4540, 4394.36
4541, 4398.97
4542, 4393.33
4543, 4403.59
4544, 4418.46
4545, 4417.95
4546, 4409.23
4547, 4406.15
4548, 4407.69
4549, 4403.59
4550, 4401.03
4551, 4400
4552, 4395.38
4553, 4391.28
4554, 4392.31
4555, 4400
4556, 4402.56
4557, 4391.28
4558, 4384.62
4559, 4390.26
4560, 4397.95
4561, 4402.05
4562, 4402.56
4563, 4401.03
4564, 4394.36
4565, 4394.36
4566, 4396.41
4567, 4384.1
4568, 4374.87
4569, 4383.08
4570, 4395.38
4571, 4396.41
4572, 4392.31
4573, 4397.95
4574, 4400.51
4575, 4401.54
4576, 4409.23
4577, 4403.08
4578, 4392.82
4579, 4395.9
4580, 4393.33
4581, 4391.79
4582, 4395.9
4583, 4400
4584, 4407.18
4585, 4406.67
4586, 4394.36
4587, 4390.77
4588, 4401.54
4589, 4405.13
4590, 4398.46
4591, 4401.03
4592, 4404.62
4593, 4402.56
4594, 4403.08
4595, 4399.49
4596, 4399.49
4597, 4403.59
4598, 4398.97
4599, 4395.9
4600, 4397.44
4601, 4403.59
4602, 4408.21
4603, 4405.13
4604, 4400
4605, 4394.87
4606, 4395.38
4607, 4401.03
4608, 4401.54
4609, 4395.9
4610, 4393.85
4611, 4395.9
4612, 4397.95
4613, 4398.97
4614, 4399.49
4615, 4396.92
4616, 4397.44
4617, 4403.59
4618, 4400.51
4619, 4396.41
4620, 4402.56
4621, 4408.21
4622, 4409.23
4623, 4402.05
4624, 4396.41
4625, 4404.1
4626, 4410.77
4627, 4403.59
4628, 4395.38
4629, 4399.49
4630, 4396.92
4631, 4388.21
4632, 4400.51
4633, 4407.18
4634, 4392.82
4635, 4391.28
4636, 4396.41
4637, 4397.44
4638, 4398.46
4639, 4395.9
4640, 4402.56
4641, 4407.18
4642, 4400
4643, 4395.38
4644, 4398.46
4645, 4400.51
4646, 4393.33
4647, 4396.92
4648, 4411.79
4649, 4408.72
4650, 4394.87
4651, 4389.23
4652, 4393.85
4653, 4403.08
4654, 4407.18
4655, 4397.44
4656, 4382.56
4657, 4387.18
4658, 4398.46
4659, 4394.36
4660, 4398.46
4661, 4404.1
4662, 4395.38
4663, 4395.9
4664, 4396.92
4665, 4388.72
4666, 4396.92
4667, 4414.36
4668, 4412.31
4669, 4395.38
4670, 4396.41
4671, 4406.67
4672, 4401.03
4673, 4393.85
4674, 4392.82
4675, 4392.82
4676, 4395.38
4677, 4399.49
4678, 4403.08
4679, 4399.49
4680, 4398.46
4681, 4407.69
4682, 4408.72
4683, 4406.67
4684, 4406.15
4685, 4395.38
4686, 4387.69
4687, 4396.41
4688, 4404.62
4689, 4396.41
4690, 4393.85
4691, 4400.51
4692, 4397.95
4693, 4396.41
4694, 4401.54
4695, 4400.51
4696, 4403.08
4697, 4408.72
4698, 4403.59
4699, 4398.97
4700, 4404.1
4701, 4407.18
4702, 4402.05
4703, 4404.62
4704, 4415.38
4705, 4409.23
4706, 4397.95
4707, 4398.97
4708, 4402.56
4709, 4408.21
4710, 4415.38
4711, 4408.72
4712, 4397.44
4713, 4406.15
4714, 4412.82
4715, 4399.49
4716, 4400
4717, 4410.26
4718, 4399.49
4719, 4390.77
4720, 4397.44
4721, 4397.95
4722, 4397.44
4723, 4400
4724, 4403.59
4725, 4406.15
4726, 4398.97
4727, 4392.82
4728, 4395.38
4729, 4398.46
4730, 4394.87
4731, 4397.44
4732, 4407.69
4733, 4406.15
4734, 4398.46
4735, 4399.49
4736, 4403.08
4737, 4407.69
4738, 4407.69
4739, 4400.51
4740, 4394.36
4741, 4394.87
4742, 4404.1
4743, 4405.64
4744, 4397.95
4745, 4399.49
4746, 4403.59
4747, 4403.59
4748, 4398.46
4749, 4396.92
4750, 4401.03
4751, 4400
4752, 4400
4753, 4402.56
4754, 4400.51
4755, 4400
4756, 4401.03
4757, 4405.64
4758, 4408.72
4759, 4406.15
4760, 4407.69
4761, 4404.1
4762, 4392.82
4763, 4392.31
4764, 4401.54
4765, 4408.72
4766, 4407.18
4767, 4402.56
4768, 4401.54
4769, 4396.92
4770, 4392.31
4771, 4396.41
4772, 4399.49
4773, 4401.03
4774, 4402.56
4775, 4404.62
4776, 4400
4777, 4390.26
4778, 4390.77
4779, 4386.67
4780, 4376.41
4781, 4373.85
4782, 4366.15
4783, 4361.54
4784, 4362.56
4785, 4349.23
4786, 4341.03
4787, 4360.51
4788, 4374.36, estimuli
4789, 4370.26
4790, 4380.51
4791, 4386.15
4792, 4377.95
4793, 4386.67
4794, 4394.36
4795, 4379.49
4796, 4372.31
4797, 4383.59
4798, 4393.85
4799, 4392.82
4800, 4389.23
4801, 4396.92
4802, 4401.03
4803, 4395.38
4804, 4392.31
4805, 4394.87
4806, 4403.59
4807, 4404.1
4808, 4397.44
4809, 4398.97
4810, 4397.44
4811, 4391.79
4812, 4395.9
4813, 4403.08
4814, 4403.08
4815, 4402.56
4816, 4406.67
4817, 4402.05
4818, 4394.36
4819, 4399.49
4820, 4400
4821, 4388.72
4822, 4386.67
4823, 4392.31
4824, 4391.28
4825, 4387.69
4826, 4393.85
4827, 4399.49
4828, 4392.31
4829, 4390.77
4830, 4396.92
4831, 4400
4832, 4402.56
4833, 4400.51
4834, 4397.44
4835, 4396.92
4836, 4397.44
4837, 4400
4838, 4405.13
4839, 4404.62
4840, 4394.36
4841, 4391.79
4842, 4399.49
4843, 4400.51
4844, 4404.1
4845, 4417.44
4846, 4410.77
4847, 4391.79
4848, 4393.33
4849, 4404.1
4850, 4400
4851, 4392.82
4852, 4403.59
4853, 4406.15
4854, 4393.85
4855, 4400.51
4856, 4415.9
4857, 4416.92
4858, 4409.23
4859, 4403.59
4860, 4398.97
4861, 4397.95
4862, 4401.54
4863, 4403.59
4864, 4400
4865, 4398.46
4866, 4399.49
4867, 4403.08
4868, 4404.62
4869, 4400
4870, 4403.08
4871, 4411.79
4872, 4413.33
4873, 4396.92
4874, 4397.95
4875, 4447.18
4876, 4460.51
4877, 4383.08
4878, 4305.64
4879, 4298.97
4880, 4345.64
4881, 4417.95
4882, 4486.67
4883, 4505.64
4884, 4468.21
4885, 4437.95
4886, 4385.64
4887, 4268.72
4888, 4242.05
4889, 4336.92
4890, 4429.23
4891, 4516.41
4892, 4561.03
4893, 4495.38
4894, 4373.85
4895, 4277.44
4896, 4261.54
4897, 4330.77
4898, 4427.69
4899, 4515.38
4900, 4550.77
4901, 4481.54
4902, 4364.1
4903, 4277.44
4904, 4258.46
4905, 4325.13
4906, 4427.69
4907, 4515.38
4908, 4551.79
4909, 4485.13
4910, 4362.56
4911, 4275.38
4912, 4262.05
4913, 4328.72
4914, 4428.72
4915, 4510.26
4916, 4535.9
4917, 4469.74
4918, 4360.51
4919, 4286.15
4920, 4271.79
4921, 4330.77
4922, 4432.31
4923, 4517.44
4924, 4538.46
4925, 4469.23
4926, 4364.1
4927, 4287.18
4928, 4272.82
4929, 4333.85
4930, 4428.72
4931, 4507.69
4932, 4527.69
4933, 4464.1
4934, 4364.1
4935, 4289.23
4936, 4283.59
4937, 4346.15
4938, 4432.31
4939, 4510.26
4940, 4525.13
4941, 4454.87
4942, 4361.54
4943, 4291.79
4944, 4271.79
4945, 4327.69
4946, 4429.23
4947, 4506.15
4948, 4517.44
4949, 4460
4950, 4366.67
4951, 4297.44
4952, 4296.41
4953, 4352.82
4954, 4435.38
4955, 4507.69
4956, 4517.95
4957, 4463.08
4958, 4375.38
4959, 4298.46
4960, 4285.64
4961, 4339.49
4962, 4420.51
4963, 4493.33
4964, 4517.95
4965, 4465.64
4966, 4365.64
4967, 4292.31
4968, 4287.18
4969, 4347.18
4970, 4436.41
4971, 4507.18
4972, 4518.97
4973, 4456.92
4974, 4363.08
4975, 4294.87
4976, 4287.18
4977, 4344.62
4978, 4432.31
4979, 4508.21
4980, 4528.21
4981, 4462.05
4982, 4356.92
4983, 4288.72
4984, 4288.72
4985, 4347.69
4986, 4431.28
4987, 4500.51
4988, 4515.38
4989, 4456.41
4990, 4363.59
4991, 4294.36
4992, 4287.18
4993, 4344.1
4994, 4428.72
4995, 4498.97
4996, 4512.82
4997, 4452.82
4998, 4366.67
4999, 4300
5000, 4280
5001, 4333.85
5002, 4428.72
5003, 4479.49
5004, 4446.67
5005, 4398.46
5006, 4402.56
5007, 4411.28
5008, 4394.87
5009, 4386.67
5010, 4391.79
5011, 4393.85
5012, 4396.92
5013, 4404.1
5014, 4402.56
5015, 4394.87
5016, 4393.33
5017, 4395.38
5018, 4401.54
5019, 4403.08
5020, 4397.95
5021, 4398.46
5022, 4398.46
5023, 4397.95
5024, 4403.59
5025, 4401.54
5026, 4396.41
5027, 4397.95
5028, 4401.03
5029, 4400
5030, 4390.77
5031, 4389.23
5032, 4397.44
5033, 4398.97
5034, 4406.15
5035, 4414.36
5036, 4400
5037, 4390.77
5038, 4403.59
5039, 4404.62
5040, 4397.44
5041, 4401.03
5042, 4400
5043, 4400.51
5044, 4407.69
5045, 4398.97
5046, 4388.72
5047, 4397.44
5048, 4405.13
5049, 4404.62
5050, 4398.97
5051, 4397.95
5052, 4402.56
5053, 4401.03
5054, 4402.56
5055, 4400
5056, 4391.28
5057, 4401.54
5058, 4413.33
5059, 4404.62
5060, 4402.56
5061, 4411.28
5062, 4409.23
5063, 4402.05
5064, 4396.92
5065, 4389.74
5066, 4388.21
5067, 4399.49
5068, 4407.69
5069, 4403.59
5070, 4401.03
5071, 4400.51
5072, 4403.08
5073, 4401.54
5074, 4397.44
5075, 4397.95
5076, 4400
5077, 4399.49
5078, 4398.97
5079, 4400
5080, 4400.51
5081, 4400.51
5082, 4404.62
5083, 4406.67
5084, 4402.05
5085, 4399.49
5086, 4402.56
5087, 4408.72
5088, 4408.21
5089, 4398.46
5090, 4400
5091, 4409.74
5092, 4406.67
5093, 4393.85
5094, 4391.28
5095, 4402.56
5096, 4408.72
5097, 4404.1
5098, 4396.41
5099, 4389.74
5100, 4393.33
5101, 4401.54
5102, 4402.56
5103, 4401.03
5104, 4402.56
5105, 4403.59
5106, 4403.59
5107, 4400.51
5108, 4400
5109, 4401.54
5110, 4405.13
5111, 4406.67
5112, 4398.97
5113, 4396.41
5114, 4401.54
5115, 4398.97
5116, 4395.9
5117, 4404.1
5118, 4411.28
5119, 4406.15
5120, 4399.49
5121, 4400
5122, 4400.51
5123, 4402.56
5124, 4404.62
5125, 4397.44
5126, 4392.31
5127, 4394.87
5128, 4397.44
5129, 4396.92
5130, 4395.38
5131, 4397.44
5132, 4393.85
5133, 4397.44
5134, 4408.21
5135, 4402.56
5136, 4397.44
5137, 4404.62
5138, 4404.62
5139, 4394.36
5140, 4389.23
5141, 4393.85
5142, 4396.41
5143, 4395.9
5144, 4402.05
5145, 4406.67
5146, 4401.03
5147, 4392.31
5148, 4391.79
5149, 4398.46
5150, 4398.46
5151, 4398.46
5152, 4406.67
5153, 4402.56
5154, 4393.33
5155, 4396.41
5156, 4399.49
5157, 4395.38
5158, 4400.51
5159, 4410.26
5160, 4403.59
5161, 4397.44
5162, 4405.13
5163, 4403.59
5164, 4394.87
5165, 4403.08
5166, 4405.13
5167, 4388.21
5168, 4382.56
5169, 4398.97
5170, 4411.79
5171, 4408.21
5172, 4402.05
5173, 4398.97
5174, 4402.56
5175, 4402.05
5176, 4390.77
5177, 4387.18
5178, 4390.77
5179, 4400
5180, 4407.18
5181, 4400
5182, 4396.41
5183, 4402.05
5184, 4398.97
5185, 4392.82
5186, 4392.31
5187, 4396.41
5188, 4401.03
5189, 4403.08
5190, 4404.1
5191, 4398.97
5192, 4397.44
5193, 4401.03
5194, 4397.95
5195, 4394.36
5196, 4396.41
5197, 4402.05
5198, 4401.54
5199, 4396.92
5200, 4394.87
5201, 4395.38
5202, 4400.51
5203, 4402.05
5204, 4397.95
5205, 4397.95
5206, 4398.97
5207, 4396.92
5208, 4400
5209, 4395.9
5210, 4388.21
5211, 4394.87
5212, 4402.05
5213, 4398.97
5214, 4395.38
5215, 4405.13
5216, 4411.28
5217, 4396.92
5218, 4389.23
5219, 4393.85
5220, 4390.26
5221, 4392.31
5222, 4405.13
5223, 4403.59
5224, 4394.87
5225, 4400
5226, 4401.54
5227, 4391.28
5228, 4389.74
5229, 4393.85
5230, 4396.92
5231, 4403.08
5232, 4399.49
5233, 4393.85
5234, 4397.44
5235, 4398.97
5236, 4400.51
5237, 4397.95
5238, 4392.31
5239, 4395.9
5240, 4398.97
5241, 4396.92
5242, 4394.87
5243, 4395.38
5244, 4397.95
5245, 4398.46
5246, 4396.92
5247, 4397.44
5248, 4403.08
5249, 4405.13
5250, 4399.49
5251, 4400.51
5252, 4404.1
5253, 4395.38
5254, 4385.13
5255, 4388.21
5256, 4399.49
5257, 4404.62
5258, 4401.54
5259, 4396.41
5260, 4394.87
5261, 4399.49
5262, 4401.03
5263, 4399.49
5264, 4404.1
5265, 4402.56
5266, 4396.92
5267, 4401.54
5268, 4407.69
5269, 4406.67
5270, 4400
5271, 4393.33
5272, 4401.03
5273, 4406.67
5274, 4394.36
5275, 4386.67
5276, 4397.95
5277, 4408.72
5278, 4404.62
5279, 4405.64
5280, 4409.23
5281, 4392.31
5282, 4384.62
5283, 4403.59
5284, 4413.33
5285, 4403.59
5286, 4397.44
5287, 4402.05
5288, 4408.21
5289, 4401.54
5290, 4384.1
5291, 4384.62
5292, 4399.49
5293, 4398.97
5294, 4394.87
5295, 4402.05
5296, 4406.15
5297, 4408.21
5298, 4411.79
5299, 4403.59
5300, 4397.44
5301, 4402.05
5302, 4402.56
5303, 4391.28
5304, 4380.51
5305, 4392.31
5306, 4411.79
5307, 4412.31
5308, 4397.95
5309, 4388.21
5310, 4390.77
5311, 4398.46
5312, 4401.54
5313, 4397.95
5314, 4395.38
5315, 4402.56
5316, 4407.69
5317, 4402.56
5318, 4398.97
5319, 4401.54
5320, 4406.67
5321, 4403.08
5322, 4393.85
5323, 4396.92
5324, 4401.03
5325, 4401.03
5326, 4401.03
5327, 4394.87
5328, 4395.38
5329, 4400.51
5330, 4399.49
5331, 4397.44
5332, 4398.46
5333, 4402.56
5334, 4406.15
5335, 4404.1
5336, 4399.49
5337, 4394.87
5338, 4395.38
5339, 4398.46
5340, 4398.46
5341, 4395.9
5342, 4394.36
5343, 4398.97
5344, 4407.18
5345, 4404.1
5346, 4393.85
5347, 4394.87
5348, 4404.1
5349, 4403.08
5350, 4400
5351, 4402.56
5352, 4393.33
5353, 4391.79
5354, 4405.13
5355, 4405.13
5356, 4399.49
5357, 4398.97
5358, 4394.87
5359, 4394.87
5360, 4401.54
5361, 4408.72
5362, 4405.13
5363, 4391.28
5364, 4390.77
5365, 4396.41
5366, 4397.95
5367, 4396.41
5368, 4397.44
5369, 4402.56
5370, 4402.05
5371, 4396.92
5372, 4398.46
5373, 4407.18
5374, 4407.69
5375, 4400.51
5376, 4398.97
5377, 4404.1
5378, 4403.59
5379, 4396.41
5380, 4393.33
5381, 4395.38
5382, 4397.95
5383, 4399.49
5384, 4401.03
5385, 4401.54
5386, 4398.46
5387, 4397.44
5388, 4401.03
5389, 4405.64
5390, 4403.08
5391, 4395.9
5392, 4394.87
5393, 4399.49
5394, 4403.08
5395, 4401.54
5396, 4399.49
5397, 4401.54
5398, 4397.95
5399, 4396.41
5400, 4405.13
5401, 4402.56
5402, 4398.46
5403, 4408.21
5404, 4406.67
5405, 4394.36
5406, 4393.33
5407, 4402.56
5408, 4406.15
5409, 4400.51
5410, 4396.41
5411, 4400
5412, 4403.59
5413, 4402.56
5414, 4405.13
5415, 4410.26
5416, 4408.21
5417, 4405.64
5418, 4401.03
5419, 4391.28
5420, 4390.26
5421, 4396.92
5422, 4402.56
5423, 4407.18
5424, 4401.54
5425, 4394.87
5426, 4397.95
5427, 4402.05
5428, 4402.05
5429, 4395.38
5430, 4391.79
5431, 4401.03
5432, 4407.69
5433, 4402.05
5434, 4393.33
5435, 4394.87
5436, 4403.08
5437, 4402.05
5438, 4395.38
5439, 4396.41
5440, 4401.54
5441, 4402.05
5442, 4397.95
5443, 4400.51
5444, 4408.21
5445, 4411.28
5446, 4408.21
5447, 4403.08
5448, 4396.92
5449, 4392.31
5450, 4396.41
5451, 4405.13
5452, 4405.64
5453, 4404.1
5454, 4403.08
5455, 4401.54
5456, 4403.59
5457, 4402.56
5458, 4400.51
5459, 4405.64
5460, 4408.21
5461, 4404.62
5462, 4398.97
5463, 4398.46
5464, 4404.1
5465, 4403.08
5466, 4398.97
5467, 4400
5468, 4401.54
5469, 4402.05
5470, 4403.08
5471, 4407.69
5472, 4409.23
5473, 4407.18
5474, 4406.67
5475, 4400.51
5476, 4391.79
5477, 4395.38
5478, 4411.28
5479, 4415.9
5480, 4399.49
5481, 4391.28
5482, 4404.1
5483, 4405.64
5484, 4392.82
5485, 4388.72
5486, 4396.92
5487, 4409.23
5488, 4409.23
5489, 4400.51
5490, 4399.49
5491, 4405.64
5492, 4406.67
5493, 4398.97
5494, 4400
5495, 4405.13
5496, 4402.56
5497, 4400
5498, 4400.51
5499, 4402.05
5500, 4406.15
5501, 4409.74
5502, 4401.54
5503, 4391.28
5504, 4398.46
5505, 4406.15
5506, 4400
5507, 4399.49
5508, 4407.69
5509, 4407.69
5510, 4402.05
5511, 4396.41
5512, 4401.54
5513, 4409.74
5514, 4396.92
5515, 4390.26
5516, 4402.56
5517, 4407.18
5518, 4399.49
5519, 4396.41
5520, 4402.05
5521, 4401.54
5522, 4401.54
5523, 4405.13
5524, 4402.05
5525, 4402.05
5526, 4409.74
5527, 4409.74
5528, 4399.49
5529, 4394.87
5530, 4396.92
5531, 4396.92
5532, 4397.44
5533, 4398.46
5534, 4394.36
5535, 4396.92
5536, 4405.64
5537, 4401.03
5538, 4394.36
5539, 4400.51
5540, 4408.21
5541, 4408.72
5542, 4407.18
5543, 4410.26
5544, 4406.15
5545, 4395.9
5546, 4393.85
5547, 4397.44
5548, 4402.05
5549, 4402.05
5550, 4395.9
5551, 4396.92
5552, 4409.23
5553, 4414.87
5554, 4402.56
5555, 4397.95
5556, 4405.64
5557, 4406.15
5558, 4407.18
5559, 4407.18
5560, 4396.41
5561, 4389.23
5562, 4396.41
5563, 4403.08
5564, 4401.54
5565, 4400
5566, 4402.56
5567, 4404.1
5568, 4402.56
5569, 4400
5570, 4400
5571, 4405.64
5572, 4407.18
5573, 4399.49
5574, 4395.38
5575, 4397.44
5576, 4403.08
5577, 4403.59
5578, 4398.46
5579, 4401.03
5580, 4406.15
5581, 4405.64
5582, 4395.9
5583, 4389.23
5584, 4403.08
5585, 4411.79
5586, 4398.97
5587, 4396.92
5588, 4408.72
5589, 4408.21
5590, 4394.87
5591, 4387.69
5592, 4393.85
5593, 4402.56
5594, 4403.08
5595, 4400
5596, 4404.1
5597, 4406.67
5598, 4399.49
5599, 4406.67
5600, 4413.33
5601, 4394.87
5602, 4386.67
5603, 4402.05
5604, 4410.26
5605, 4398.97
5606, 4388.72
5607, 4398.46
5608, 4410.77
5609, 4410.26
5610, 4401.54
5611, 4394.36
5612, 4396.92
5613, 4400
5614, 4399.49
5615, 4399.49
5616, 4398.46
5617, 4396.41
5618, 4396.41
5619, 4396.92
5620, 4395.9
5621, 4393.85
5622, 4395.9
5623, 4395.38
5624, 4388.72
5625, 4391.28
5626, 4399.49
5627, 4395.9
5628, 4394.87
5629, 4402.05
5630, 4398.46
5631, 4390.26
5632, 4393.85
5633, 4401.54
5634, 4404.1
5635, 4400.51
5636, 4392.82
5637, 4391.28
5638, 4395.9
5639, 4395.38
5640, 4399.49
5641, 4405.64
5642, 4402.56
5643, 4395.9
5644, 4395.38
5645, 4398.46
5646, 4396.92
5647, 4399.49
5648, 4404.62
5649, 4396.41
5650, 4392.31
5651, 4400.51
5652, 4398.97
5653, 4395.9
5654, 4401.03
5655, 4403.08
5656, 4402.05
5657, 4396.41
5658, 4394.87
5659, 4398.46
5660, 4396.92
5661, 4398.46
5662, 4405.64
5663, 4407.18
5664, 4398.46
5665, 4389.74
5666, 4392.82
5667, 4397.44
5668, 4396.41
5669, 4400.51
5670, 4406.15
5671, 4398.97
5672, 4388.21
5673, 4391.28
5674, 4395.9
5675, 4394.36
5676, 4393.85
5677, 4392.82
5678, 4390.77
5679, 4392.82
5680, 4397.44
5681, 4396.41
5682, 4392.82
5683, 4398.46
5684, 4401.54
5685, 4387.69
5686, 4382.05
5687, 4396.41
5688, 4400
5689, 4393.85
5690, 4394.36
5691, 4393.33
5692, 4390.26
5693, 4393.85
5694, 4397.95
5695, 4396.41
5696, 4401.03
5697, 4402.56
5698, 4391.28
5699, 4385.13
5700, 4391.79
5701, 4394.36
5702, 4392.31
5703, 4394.36
5704, 4396.41
5705, 4393.85
5706, 4392.31
5707, 4393.85
5708, 4395.9
5709, 4402.05
5710, 4403.08
5711, 4394.36
5712, 4391.28
5713, 4392.31
5714, 4396.41
5715, 4403.59
5716, 4401.03
5717, 4394.87
5718, 4396.41
5719, 4399.49
5720, 4396.92
5721, 4395.38
5722, 4402.56
5723, 4399.49
5724, 4384.62
5725, 4385.64
5726, 4401.03
5727, 4403.59
5728, 4394.36
5729, 4393.33
5730, 4398.97
5731, 4396.41
5732, 4392.82
5733, 4398.97
5734, 4406.67
5735, 4403.08
5736, 4392.82
5737, 4389.23
5738, 4397.44
5739, 4400.51
5740, 4396.92
5741, 4397.95
5742, 4400.51
5743, 4395.9
5744, 4388.72
5745, 4391.79
5746, 4395.38
5747, 4394.87
5748, 4395.9
5749, 4396.41
5750, 4403.59
5751, 4401.54
5752, 4391.79
5753, 4396.92
5754, 4400.51
5755, 4391.79
5756, 4390.77
5757, 4397.44
5758, 4397.95
5759, 4394.87
5760, 4396.92
5761, 4397.95
5762, 4396.41
5763, 4395.9
5764, 4394.87
5765, 4399.49
5766, 4404.62
5767, 4396.92
5768, 4397.44
5769, 4411.28
5770, 4408.72
5771, 4391.79
5772, 4382.56
5773, 4389.23
5774, 4396.41
5775, 4392.82
5776, 4393.33
5777, 4396.92
5778, 4393.85
5779, 4392.82
5780, 4400
5781, 4401.54
5782, 4395.38
5783, 4392.82
5784, 4394.87
5785, 4397.44
5786, 4396.41
5787, 4396.41
5788, 4397.95
5789, 4394.36
5790, 4394.87
5791, 4404.62
5792, 4405.13
5793, 4398.46
5794, 4402.56
5795, 4405.13
5796, 4402.05
5797, 4407.18
5798, 4407.69
5799, 4402.05
5800, 4402.05
5801, 4403.08
5802, 4395.38
5803, 4387.18
5804, 4389.74
5805, 4395.38
5806, 4397.44
5807, 4392.31
5808, 4388.72
5809, 4396.41
5810, 4399.49
5811, 4391.28
5812, 4387.69
5813, 4392.31
5814, 4396.92
5815, 4396.41
5816, 4393.85
5817, 4396.41
5818, 4398.97
5819, 4393.85
5820, 4393.33
5821, 4397.44
5822, 4396.41
5823, 4400
5824, 4405.64
5825, 4400.51
5826, 4393.33
5827, 4396.41
5828, 4400.51
5829, 4400
5830, 4396.41
5831, 4387.18
5832, 4386.15
5833, 4394.36
5834, 4398.46
5835, 4397.95
5836, 4395.38
5837, 4396.92
5838, 4398.46
5839, 4395.9
5840, 4394.36
5841, 4394.36
5842, 4397.95
5843, 4401.54
5844, 4400.51
5845, 4401.03
5846, 4401.54
5847, 4401.03
5848, 4400
5849, 4399.49
5850, 4404.62
5851, 4406.67
5852, 4399.49
5853, 4396.41
5854, 4399.49
5855, 4404.62
5856, 4405.64
5857, 4395.38
5858, 4394.36
5859, 4410.77
5860, 4415.38
5861, 4401.03
5862, 4396.92
5863, 4402.05
5864, 4401.54
5865, 4404.62
5866, 4406.67
5867, 4396.41
5868, 4399.49
5869, 4412.31
5870, 4405.64
5871, 4390.77
5872, 4393.85
5873, 4407.18
5874, 4405.13
5875, 4400
5876, 4408.21
5877, 4413.33
5878, 4409.74
5879, 4407.18
5880, 4404.62
5881, 4397.95
5882, 4399.49
5883, 4410.26
5884, 4412.31
5885, 4404.62
5886, 4406.15
5887, 4411.28
5888, 4404.1
5889, 4394.36
5890, 4395.38
5891, 4404.1
5892, 4406.15
5893, 4406.15
5894, 4408.21
5895, 4403.08
5896, 4402.05
5897, 4408.72
5898, 4407.18
5899, 4402.56
5900, 4403.08
5901, 4403.59
5902, 4401.54
5903, 4402.05
5904, 4406.67
5905, 4406.67
5906, 4403.59
5907, 4402.56
5908, 4404.1
5909, 4405.13
5910, 4401.03
5911, 4397.95
5912, 4402.56
5913, 4403.59
5914, 4403.08
5915, 4400
5916, 4394.87
5917, 4397.44
5918, 4400
5919, 4405.13
5920, 4409.74
5921, 4401.03
5922, 4393.85
5923, 4401.54
5924, 4406.67
5925, 4400
5926, 4394.36
5927, 4396.41
5928, 4396.92
5929, 4401.03
5930, 4407.69
5931, 4409.23
5932, 4406.67
5933, 4401.03
5934, 4397.44
5935, 4397.95
5936, 4396.92
5937, 4392.82
5938, 4385.13
5939, 4389.23
5940, 4405.13
5941, 4400.51
5942, 4384.62
5943, 4393.33
5944, 4404.62
5945, 4398.46
5946, 4397.44
5947, 4402.05
5948, 4402.05
5949, 4404.1
5950, 4405.13
5951, 4396.92
5952, 4396.41
5953, 4399.49
5954, 4395.9
5955, 4399.49
5956, 4405.64
5957, 4404.1
5958, 4405.64
5959, 4406.67
5960, 4400.51
5961, 4394.36
5962, 4394.36
5963, 4398.97
5964, 4402.05
5965, 4399.49
5966, 4394.36
5967, 4394.36
5968, 4398.46
5969, 4400.51
5970, 4404.62
5971, 4404.62
5972, 4396.92
5973, 4396.92
5974, 4403.08
5975, 4399.49
5976, 4393.85
5977, 4397.44
5978, 4401.54
5979, 4396.92
5980, 4395.9
5981, 4397.44
5982, 4399.49
5983, 4405.64
5984, 4399.49
5985, 4393.85
5986, 4409.23
5987, 4411.28
5988, 4394.87
5989, 4395.38
5990, 4407.18
5991, 4405.64
5992, 4397.95
5993, 4396.41
5994, 4396.41
5995, 4394.36
5996, 4393.85
5997, 4394.87
5998, 4395.9
5999, 4396.41
6000, 4399.49
6001, 4402.05
6002, 4400
6003, 4397.95
6004, 4398.97
6005, 4400.51
6006, 4405.64
6007, 4403.59
6008, 4394.87
6009, 4394.36
6010, 4398.46
6011, 4399.49
6012, 4404.1
6013, 4409.23
6014, 4403.08
6015, 4391.79
6016, 4393.85
6017, 4402.56
6018, 4399.49
6019, 4396.41
6020, 4401.54
6021, 4401.03
6022, 4397.95
6023, 4397.95
6024, 4396.92
6025, 4396.41
6026, 4396.92
6027, 4396.92
6028, 4400
6029, 4405.13
6030, 4403.59
6031, 4398.97
6032, 4400
6033, 4401.54
6034, 4396.92
6035, 4393.85
6036, 4396.92
6037, 4400.51
6038, 4403.08
6039, 4406.15
6040, 4398.46
6041, 4389.74
6042, 4399.49
6043, 4407.69
6044, 4400
6045, 4395.38
6046, 4398.46
6047, 4405.64
6048, 4404.62
6049, 4390.26
6050, 4389.23
6051, 4402.56
6052, 4404.1
6053, 4398.97
6054, 4401.03
6055, 4407.69
6056, 4404.62
6057, 4393.33
6058, 4387.69
6059, 4394.87
6060, 4406.67
6061, 4406.15
6062, 4398.97
6063, 4398.97
6064, 4402.05
6065, 4404.1
6066, 4406.67
6067, 4409.74
6068, 4402.56
6069, 4389.23
6070, 4394.87
6071, 4406.15
6072, 4400.51
6073, 4394.87
6074, 4400.51
6075, 4406.15
6076, 4401.03
6077, 4401.03
6078, 4406.67
6079, 4401.54
6080, 4396.92
6081, 4401.03
6082, 4399.49
6083, 4395.38
6084, 4400
6085, 4405.64
6086, 4402.05
6087, 4395.38
6088, 4399.49
6089, 4406.67
6090, 4401.54
6091, 4395.9
6092, 4395.9
6093, 4399.49
6094, 4402.05
6095, 4402.56
6096, 4405.64
6097, 4402.05
6098, 4398.46
6099, 4406.15
6100, 4404.1
6101, 4388.21
6102, 4385.13
6103, 4396.92
6104, 4400.51
6105, 4395.38
6106, 4392.31
6107, 4392.31
6108, 4397.44
6109, 4401.03
6110, 4398.46
6111, 4399.49
6112, 4400.51
6113, 4393.85
6114, 4388.72
6115, 4393.33
6116, 4403.08
6117, 4401.03
6118, 4395.38
6119, 4401.54
6120, 4403.59
6121, 4395.38
6122, 4386.15
6123, 4381.54
6124, 4389.74
6125, 4400
6126, 4394.36
6127, 4390.77
6128, 4400.51
6129, 4402.05
6130, 4395.9
6131, 4395.9
6132, 4396.41
6133, 4394.36
6134, 4395.38
6135, 4397.95
6136, 4397.44
6137, 4397.44
6138, 4396.92
6139, 4398.46
6140, 4397.44
6141, 4396.41
6142, 4402.56
6143, 4406.15
6144, 4402.56
6145, 4401.03
6146, 4393.85
6147, 4385.13
6148, 4395.38
6149, 4407.18
6150, 4397.44
6151, 4386.67
6152, 4390.77
6153, 4398.97
6154, 4401.03
6155, 4398.46
6156, 4396.41
6157, 4398.97
6158, 4397.44
6159, 4392.82
6160, 4394.36
6161, 4392.82
6162, 4389.74
6163, 4396.92
6164, 4399.49
6165, 4392.31
6166, 4389.23
6167, 4395.38
6168, 4398.97
6169, 4393.85
6170, 4391.28
6171, 4392.82
6172, 4402.05
6173, 4405.64
6174, 4395.38
6175, 4391.28
6176, 4393.85
6177, 4395.9
6178, 4397.44
6179, 4390.77
6180, 4385.13
6181, 4396.92
6182, 4404.1
6183, 4392.82
6184, 4386.67
6185, 4393.33
6186, 4398.97
6187, 4397.44
6188, 4393.33
6189, 4391.79
6190, 4392.82
6191, 4393.85
6192, 4393.33
6193, 4395.38
6194, 4393.33
6195, 4389.74
6196, 4391.79
6197, 4391.28
6198, 4392.31
6199, 4392.31
6200, 4390.26
6201, 4396.92
6202, 4400.51
6203, 4393.33
6204, 4392.31
6205, 4400
6206, 4395.9
6207, 4387.18
6208, 4391.79
6209, 4394.36
6210, 4385.64
6211, 4386.15
6212, 4391.28
6213, 4390.26
6214, 4391.28
6215, 4393.33
6216, 4395.9
6217, 4398.46
6218, 4394.87
6219, 4389.23
6220, 4390.26
6221, 4391.79
6222, 4390.26
6223, 4391.28
6224, 4393.33
6225, 4392.82
6226, 4392.31
6227, 4392.82
6228, 4392.82
6229, 4390.77
6230, 4389.23
6231, 4393.85
6232, 4398.97
6233, 4396.41
6234, 4390.77
6235, 4388.72
6236, 4389.74
6237, 4387.69
6238, 4388.72
6239, 4395.9
6240, 4395.38
6241, 4391.79
6242, 4393.33
6243, 4389.74
6244, 4388.21
6245, 4394.87
6246, 4390.26
6247, 4382.56
6248, 4384.62
6249, 4386.67
6250, 4386.15
6251, 4388.72
6252, 4391.28
6253, 4389.23
6254, 4387.69
6255, 4391.28
6256, 4394.36
6257, 4393.33
6258, 4393.33
6259, 4397.95
6260, 4398.97
6261, 4389.74
6262, 4384.1
6263, 4391.28
6264, 4396.92
6265, 4395.38
6266, 4384.1
6267, 4380
6268, 4389.23
6269, 4394.36
6270, 4389.23
6271, 4390.26
6272, 4397.44
6273, 4393.85
6274, 4386.67
6275, 4387.69
6276, 4389.74
6277, 4389.74
6278, 4390.77
6279, 4391.28
6280, 4391.79
6281, 4392.82
6282, 4391.79
6283, 4389.74
6284, 4392.31
6285, 4401.03
6286, 4398.97
6287, 4385.64
6288, 4383.08
6289, 4391.79
6290, 4393.85
6291, 4390.77
6292, 4390.77
6293, 4392.82
6294, 4395.38
6295, 4396.92
6296, 4395.9
6297, 4392.31
6298, 4391.79
6299, 4397.95
6300, 4399.49
6301, 4389.74
6302, 4387.18
6303, 4396.41
6304, 4389.74
6305, 4380
6306, 4392.82
6307, 4402.05
6308, 4397.44
6309, 4393.33
6310, 4392.31
6311, 4392.82
6312, 4391.79
6313, 4389.74
6314, 4387.69
6315, 4388.21
6316, 4391.79
6317, 4391.79
6318, 4391.79
6319, 4389.74
6320, 4391.28
6321, 4401.03
6322, 4398.97
6323, 4387.18
6324, 4390.77
6325, 4401.03
6326, 4397.44
6327, 4383.08
6328, 4378.46
6329, 4387.18
6330, 4392.82
6331, 4388.21
6332, 4386.15
6333, 4390.26
6334, 4394.36
6335, 4392.82
6336, 4391.79
6337, 4400.51
6338, 4402.05
6339, 4389.74
6340, 4382.56
6341, 4390.77
6342, 4395.9
6343, 4392.82
6344, 4392.31
6345, 4386.67
6346, 4384.1
6347, 4394.36
6348, 4396.41
6349, 4388.21
6350, 4387.69
6351, 4393.85
6352, 4396.41
6353, 4392.31
6354, 4388.72
6355, 4390.77
6356, 4395.9
6357, 4396.41
6358, 4392.31
6359, 4391.79
6360, 4392.82
6361, 4390.77
6362, 4391.79
6363, 4392.31
6364, 4390.77
6365, 4395.9
6366, 4401.54
6367, 4398.46
6368, 4388.72
6369, 4384.62
6370, 4390.77
6371, 4394.36
6372, 4394.36
6373, 4398.46
6374, 4389.74
6375, 4373.33
6376, 4375.38
6377, 4373.33
6378, 4354.36
6379, 4351.28
6380, 4359.49
6381, 4355.9
6382, 4352.31
6383, 4352.31
6384, 4350.77
6385, 4360
6386, 4370.77
6387, 4376.41
6388, 4381.03
6389, 4379.49
6390, 4380.51
6391, 4380
6392, 4375.38
6393, 4383.08
6394, 4384.62
6395, 4376.92
6396, 4376.92
6397, 4382.05
6398, 4384.1
6399, 4389.23
6400, 4390.26
6401, 4382.56
6402, 4382.56
6403, 4389.74
6404, 4389.23
6405, 4390.26
6406, 4392.31
6407, 4388.72
6408, 4389.74
6409, 4397.95
6410, 4398.46
6411, 4395.38
6412, 4396.41
6413, 4395.38
6414, 4388.72
6415, 4386.67
6416, 4392.82
6417, 4391.79
6418, 4388.72
6419, 4393.33
6420, 4393.33
6421, 4385.13
6422, 4378.46
6423, 4380.51
6424, 4385.64
6425, 4387.18
6426, 4389.74
6427, 4391.79
6428, 4394.36
6429, 4393.85
6430, 4389.23
6431, 4386.67
6432, 4382.56
6433, 4383.08
6434, 4392.31
6435, 4394.36
6436, 4392.31
6437, 4398.97
6438, 4396.92
6439, 4384.1
6440, 4386.15
6441, 4398.46
6442, 4396.92
6443, 4390.77
6444, 4395.9
6445, 4402.56
6446, 4399.49
6447, 4388.72
6448, 4381.54
6449, 4388.21
6450, 4395.38
6451, 4394.87
6452, 4393.85
6453, 4395.9
6454, 4395.38
6455, 4396.41
6456, 4397.44
6457, 4394.36
6458, 4390.26
6459, 4392.82
6460, 4394.36
6461, 4392.82
6462, 4395.9
6463, 4397.95
6464, 4396.92
6465, 4395.38
6466, 4392.31
6467, 4392.31
6468, 4393.33
6469, 4401.03
6470, 4408.21
6471, 4398.97
6472, 4390.26
6473, 4398.97
6474, 4403.08
6475, 4391.79
6476, 4384.1
6477, 4386.67
6478, 4388.21
6479, 4391.79
6480, 4396.92
6481, 4395.38
6482, 4393.85
6483, 4395.9
6484, 4392.82
6485, 4388.72
6486, 4389.74
6487, 4390.77
6488, 4391.28
6489, 4392.31
6490, 4390.77
6491, 4389.23
6492, 4392.31
6493, 4391.28
6494, 4390.77
6495, 4398.97
6496, 4401.54
6497, 4392.31
6498, 4388.72
6499, 4397.44
6500, 4404.62
6501, 4399.49
6502, 4387.69
6503, 4385.13
6504, 4389.23
6505, 4391.79
6506, 4391.28
6507, 4390.26
6508, 4394.87
6509, 4397.95
6510, 4394.36
6511, 4395.38
6512, 4396.92
6513, 4394.36
6514, 4392.82
6515, 4391.28
6516, 4391.79
6517, 4400
6518, 4402.05
6519, 4390.77
6520, 4392.82
6521, 4404.62
6522, 4391.79
6523, 4377.44
6524, 4393.85
6525, 4405.64
6526, 4392.82
6527, 4385.64
6528, 4396.41
6529, 4393.85
6530, 4381.54
6531, 4389.23
6532, 4395.9
6533, 4390.26
6534, 4389.74
6535, 4393.33
6536, 4393.33
6537, 4390.77
6538, 4396.41
6539, 4401.03
6540, 4395.9
6541, 4392.31
6542, 4395.38
6543, 4398.97
6544, 4399.49
6545, 4399.49
6546, 4403.59
6547, 4402.05
6548, 4393.85
6549, 4397.95
6550, 4403.08
6551, 4393.85
6552, 4391.28
6553, 4402.56
6554, 4404.1
6555, 4394.36
6556, 4389.23
6557, 4390.77
6558, 4395.9
6559, 4401.03
6560, 4393.85
6561, 4388.21
6562, 4395.9
6563, 4398.97
6564, 4396.92
6565, 4397.95
6566, 4400.51
6567, 4405.13
6568, 4398.97
6569, 4389.23
6570, 4392.82
6571, 4395.9
6572, 4391.79
6573, 4391.79
6574, 4393.33
6575, 4392.82
6576, 4392.31
6577, 4396.92
6578, 4398.46
6579, 4395.38
6580, 4396.92
6581, 4402.05
6582, 4403.59
6583, 4394.87
6584, 4387.18
6585, 4391.28
6586, 4393.85
6587, 4395.38
6588, 4398.46
6589, 4398.97
6590, 4397.44
6591, 4395.38
6592, 4396.92
6593, 4396.92
6594, 4393.85
6595, 4394.36
6596, 4394.87
6597, 4393.33
6598, 4393.85
6599, 4393.85
6600, 4394.87
6601, 4396.41
6602, 4396.41
6603, 4397.44
6604, 4396.92
6605, 4396.41
6606, 4394.87
6607, 4396.92
6608, 4405.64
6609, 4406.15
6610, 4401.03
6611, 4393.33
6612, 4387.18
6613, 4391.28
6614, 4397.44
6615, 4398.97
6616, 4397.95
6617, 4395.38
6618, 4396.92
6619, 4396.92
6620, 4390.77
6621, 4392.31
6622, 4403.08
6623, 4403.59
6624, 4389.23
6625, 4390.77
6626, 4408.21
6627, 4405.13
6628, 4387.69
6629, 4383.59
6630, 4391.79
6631, 4398.46
6632, 4394.87
6633, 4391.28
6634, 4396.92
6635, 4407.18
6636, 4408.21
6637, 4396.41
6638, 4392.31
6639, 4399.49
6640, 4398.46
6641, 4386.67
6642, 4383.59
6643, 4391.79
6644, 4389.74
6645, 4381.54
6646, 4391.28
6647, 4398.97
6648, 4391.28
6649, 4393.33
6650, 4399.49
6651, 4398.46
6652, 4400
6653, 4396.41
6654, 4390.26
6655, 4394.36
6656, 4402.56
6657, 4393.33
6658, 4379.49
6659, 4385.64
6660, 4393.85
6661, 4388.72
6662, 4391.28
6663, 4403.08
6664, 4403.59
6665, 4393.85
6666, 4391.79
6667, 4392.31
6668, 4388.72
6669, 4391.79
6670, 4396.92
6671, 4393.33
6672, 4391.28
6673, 4393.33
6674, 4394.36
6675, 4392.82
6676, 4388.72
6677, 4390.26
6678, 4395.9
6679, 4395.38
6680, 4390.26
6681, 4390.77
6682, 4393.33
6683, 4389.23
6684, 4391.79
6685, 4398.46
6686, 4398.97
6687, 4396.92
6688, 4393.85
6689, 4396.92
6690, 4403.59
6691, 4395.9
6692, 4385.13
6693, 4394.36
6694, 4404.1
6695, 4393.33
6696, 4383.08
6697, 4390.77
6698, 4395.38
6699, 4392.31
6700, 4393.85
6701, 4394.36
6702, 4392.31
6703, 4394.36
6704, 4390.77
6705, 4390.77
6706, 4396.41
6707, 4396.92
6708, 4393.85
6709, 4391.79
6710, 4392.31
6711, 4393.33
6712, 4396.41
6713, 4395.38
6714, 4388.72
6715, 4386.67
6716, 4390.26
6717, 4400.51
6718, 4404.62
6719, 4392.31
6720, 4388.21
6721, 4388.72
6722, 4380
6723, 4377.44
6724, 4366.67
6725, 4354.36
6726, 4368.72
6727, 4367.69
6728, 4342.05
6729, 4337.44
6730, 4345.13
6731, 4346.67
6732, 4354.87
6733, 4366.15
6734, 4371.79
6735, 4380.51
6736, 4386.15
6737, 4380.51
6738, 4375.9
6739, 4375.9
6740, 4377.44
6741, 4378.97
6742, 4380.51
6743, 4384.1
6744, 4388.21
6745, 4394.36
6746, 4397.44
6747, 4390.77
6748, 4386.15
6749, 4391.28
6750, 4390.77
6751, 4382.56
6752, 4373.33
6753, 4371.79
6754, 4379.49
6755, 4380.51
6756, 4380
6757, 4385.64
6758, 4385.13
6759, 4377.95
6760, 4375.38
6761, 4378.46
6762, 4378.46
6763, 4376.92
6764, 4377.44
6765, 4376.41
6766, 4376.92
6767, 4377.44
6768, 4377.44
6769, 4377.95
6770, 4376.92
6771, 4372.82
6772, 4375.9
6773, 4384.62
6774, 4383.08
6775, 4375.38
6776, 4377.95
6777, 4384.1
6778, 4378.97
6779, 4380
6780, 4382.56
6781, 4378.97
6782, 4380.51
6783, 4383.08
6784, 4386.67
6785, 4387.18
6786, 4384.1
6787, 4384.1
6788, 4383.59
6789, 4386.67
6790, 4392.82
6791, 4388.21
6792, 4381.03
6793, 4387.18
6794, 4395.9
6795, 4393.33
6796, 4391.79
6797, 4399.49
6798, 4396.92
6799, 4387.69
6800, 4394.36
6801, 4404.1
6802, 4395.9
6803, 4384.1
6804, 4390.77
6805, 4401.54
6806, 4394.87
6807, 4386.67
6808, 4395.38
6809, 4398.46
6810, 4388.21
6811, 4388.21
6812, 4396.92
6813, 4398.97
6814, 4397.44
6815, 4394.36
6816, 4387.18
6817, 4392.82
6818, 4403.59
6819, 4394.87
6820, 4392.31
6821, 4400.51
6822, 4400.51
6823, 4396.92
6824, 4393.33
6825, 4390.26
6826, 4388.21
6827, 4390.26
6828, 4396.41
6829, 4396.92
6830, 4396.92
6831, 4392.31
6832, 4383.59
6833, 4389.23
6834, 4392.31
6835, 4387.69
6836, 4389.74
6837, 4392.82
6838, 4392.31
6839, 4391.79
6840, 4391.79
6841, 4390.26
6842, 4390.26
6843, 4394.36
6844, 4394.87
6845, 4396.41
6846, 4401.54
6847, 4398.46
6848, 4392.82
6849, 4394.36
6850, 4390.26
6851, 4382.56
6852, 4382.56
6853, 4392.31
6854, 4392.82
6855, 4386.15
6856, 4395.38
6857, 4401.54
6858, 4390.26
6859, 4381.03
6860, 4384.62
6861, 4391.28
6862, 4388.21
6863, 4386.67
6864, 4393.85
6865, 4393.33
6866, 4386.67
6867, 4385.13
6868, 4390.26
6869, 4391.79
6870, 4386.15
6871, 4389.74
6872, 4393.33
6873, 4387.18
6874, 4389.74
6875, 4390.77
6876, 4385.64
6877, 4387.69
6878, 4389.74
6879, 4387.18
6880, 4383.59
6881, 4384.1
6882, 4385.64
6883, 4388.72
6884, 4399.49
6885, 4397.95
6886, 4386.15
6887, 4384.1
6888, 4380.51
6889, 4376.92
6890, 4385.13
6891, 4393.85
6892, 4391.28
6893, 4386.67
6894, 4388.72
6895, 4392.82
6896, 4388.21
6897, 4376.92
6898, 4375.38
6899, 4378.46
6900, 4384.1
6901, 4392.82
6902, 4396.41
6903, 4386.67
6904, 4380.51
6905, 4387.18
6906, 4388.21
6907, 4384.62
6908, 4382.56
6909, 4382.05
6910, 4387.18
6911, 4390.77
6912, 4387.18
6913, 4380
6914, 4381.54
6915, 4386.67
6916, 4387.69
6917, 4391.28
6918, 4389.23
6919, 4381.03
6920, 4382.05
6921, 4384.1
6922, 4384.62
6923, 4391.79
6924, 4393.85
6925, 4387.69
6926, 4382.05
6927, 4385.64
6928, 4394.36
6929, 4384.1
6930, 4375.38
6931, 4383.08
6932, 4384.1
6933, 4375.9
6934, 4375.38
6935, 4383.08
6936, 4388.72
6937, 4386.67
6938, 4384.62
6939, 4389.23
6940, 4387.69
6941, 4378.97
6942, 4381.54
6943, 4388.21
6944, 4384.62
6945, 4387.18
6946, 4388.72
6947, 4382.56
6948, 4387.18
6949, 4391.28
6950, 4380.51
6951, 4378.97
6952, 4386.15
6953, 4383.08
6954, 4375.9
6955, 4384.62
6956, 4397.44
6957, 4389.23
6958, 4376.92
6959, 4378.97
6960, 4382.05
6961, 4380
6962, 4380
6963, 4384.1
6964, 4382.05
6965, 4382.05
6966, 4395.38
6967, 4391.79
6968, 4372.82
6969, 4376.41
6970, 4389.23
6971, 4384.1
6972, 4379.49
6973, 4389.23
6974, 4388.72
6975, 4378.97
6976, 4386.15
6977, 4387.18
6978, 4377.44
6979, 4380
6980, 4383.08
6981, 4376.41
6982, 4374.87
6983, 4378.46
6984, 4381.54
6985, 4379.49
6986, 4380
6987, 4384.1
6988, 4379.49
6989, 4377.44
6990, 4379.49
6991, 4382.05
6992, 4388.72
6993, 4386.15
6994, 4374.36
6995, 4375.38
6996, 4391.79
6997, 4391.79
6998, 4377.95
6999, 4380.51
7000, 4389.23
7001, 4378.46
7002, 4365.13
7003, 4367.69
7004, 4373.33
7005, 4377.95
7006, 4386.15
7007, 4386.67
7008, 4376.92
7009, 4377.95
7010, 4384.1
7011, 4381.03
7012, 4384.1
7013, 4386.67
7014, 4376.41
7015, 4369.23
7016, 4365.64
7017, 4357.44
7018, 4351.79
7019, 4358.97
7020, 4352.82
7021, 4323.59
7022, 4322.05
7023, 4338.97
7024, 4335.38
7025, 4336.41
7026, 4351.79
7027, 4367.69
7028, 4373.85
7029, 4368.72
7030, 4373.33
7031, 4373.33
7032, 4365.64
7033, 4366.15
7034, 4365.64
7035, 4369.74
7036, 4382.56
7037, 4382.56
7038, 4379.49
7039, 4383.08
7040, 4380.51
7041, 4377.44
7042, 4388.72
7043, 4393.85
7044, 4381.54
7045, 4381.54
7046, 4393.33
7047, 4389.74
7048, 4371.79
7049, 4368.21
7050, 4385.64
7051, 4387.69
7052, 4374.36
7053, 4382.56
7054, 4391.79
7055, 4387.69
7056, 4386.15
7057, 4378.97
7058, 4374.36
7059, 4380
7060, 4383.08
7061, 4370.77
7062, 4356.41
7063, 4366.67
7064, 4384.62
7065, 4378.97
7066, 4366.15
7067, 4371.28
7068, 4382.56
7069, 4382.56
7070, 4379.49
7071, 4383.08
7072, 4381.54
7073, 4380
7074, 4389.74
7075, 4385.64
7076, 4367.69
7077, 4367.18
7078, 4380
7079, 4377.44
7080, 4373.33
7081, 4382.05
7082, 4381.54
7083, 4373.85
7084, 4376.92
7085, 4385.64
7086, 4388.21
7087, 4375.9
7088, 4367.69
7089, 4376.41
7090, 4380
7091, 4377.95
7092, 4380.51
7093, 4377.95
7094, 4374.87
7095, 4374.36
7096, 4377.44
7097, 4384.1
7098, 4381.54
7099, 4377.95
7100, 4384.62
7101, 4394.36
7102, 4389.74
7103, 4375.9
7104, 4374.87
7105, 4378.97
7106, 4378.46
7107, 4379.49
7108, 4378.97
7109, 4372.31
7110, 4361.03
7111, 4366.15
7112, 4382.05
7113, 4378.97
7114, 4372.31
7115, 4376.92
7116, 4377.95
7117, 4373.85
7118, 4370.26
7119, 4370.77
7120, 4375.9
7121, 4376.41
7122, 4374.87
7123, 4378.46
7124, 4379.49
7125, 4376.92
7126, 4380.51
7127, 4384.1
7128, 4372.82
7129, 4364.1
7130, 4372.31
7131, 4373.33
7132, 4367.69
7133, 4372.31
7134, 4376.41
7135, 4373.85
7136, 4368.72
7137, 4372.31
7138, 4379.49
7139, 4378.97
7140, 4370.26
7141, 4360.51
7142, 4364.1
7143, 4371.28
7144, 4367.18
7145, 4367.18
7146, 4368.21
7147, 4367.18
7148, 4370.26
7149, 4369.23
7150, 4372.31
7151, 4377.44
7152, 4371.79
7153, 4366.67
7154, 4372.31
7155, 4375.9
7156, 4368.72
7157, 4359.49
7158, 4361.54
7159, 4368.21
7160, 4370.26
7161, 4369.23
7162, 4369.74
7163, 4372.31
7164, 4367.69
7165, 4367.18
7166, 4371.28
7167, 4366.15
7168, 4367.18
7169, 4376.41
7170, 4374.87
7171, 4366.15
7172, 4369.23
7173, 4374.36
7174, 4366.67
7175, 4367.69
7176, 4377.95
7177, 4375.38
7178, 4376.41
7179, 4382.05
7180, 4376.41
7181, 4374.36
7182, 4373.85
7183, 4369.74
7184, 4365.13
7185, 4358.97
7186, 4359.49
7187, 4361.54
7188, 4368.72
7189, 4376.92
7190, 4368.72
7191, 4363.59
7192, 4378.46
7193, 4378.46
7194, 4359.49
7195, 4364.62
7196, 4380.51
7197, 4370.77
7198, 4355.38
7199, 4355.9
7200, 4358.97
7201, 4360
7202, 4362.05
7203, 4370.77
7204, 4392.82
7205, 4401.03
7206, 4385.13
7207, 4380.51
7208, 4389.74
7209, 4393.85
7210, 4386.67
7211, 4378.97
7212, 4373.85
7213, 4373.33
7214, 4385.64
7215, 4386.15
7216, 4376.41
7217, 4380
7218, 4383.08
7219, 4380
7220, 4377.44
7221, 4377.95
7222, 4380
7223, 4370.26
7224, 4363.59
7225, 4366.67
7226, 4368.72
7227, 4374.87
7228, 4376.41
7229, 4370.77
7230, 4367.18
7231, 4368.21
7232, 4373.33
7233, 4368.21
7234, 4365.13
7235, 4370.77
7236, 4368.72
7237, 4371.28
7238, 4378.46
7239, 4367.18
7240, 4352.31
7241, 4356.92
7242, 4368.21
7243, 4366.67
7244, 4363.59
7245, 4369.74
7246, 4372.82
7247, 4369.23
7248, 4366.67
7249, 4368.21
7250, 4372.31
7251, 4368.72
7252, 4364.62
7253, 4367.69
7254, 4367.69
7255, 4366.67
7256, 4366.15
7257, 4364.1
7258, 4365.13
7259, 4366.15
7260, 4370.77
7261, 4371.79
7262, 4373.33
7263, 4376.41
7264, 4369.74
7265, 4372.82
7266, 4381.03
7267, 4369.23
7268, 4355.38
7269, 4359.49
7270, 4372.82
7271, 4368.72
7272, 4350.77
7273, 4354.36
7274, 4364.62
7275, 4361.03
7276, 4360.51
7277, 4364.1
7278, 4365.64
7279, 4363.59
7280, 4359.49
7281, 4356.41
7282, 4355.38
7283, 4363.59
7284, 4366.67
7285, 4362.05
7286, 4360.51
7287, 4360
7288, 4366.67
7289, 4365.64
7290, 4355.9
7291, 4362.56
7292, 4366.15
7293, 4359.49
7294, 4362.56
7295, 4364.62
7296, 4355.9
7297, 4349.23
7298, 4352.82
7299, 4358.46
7300, 4358.97
7301, 4361.03
7302, 4360
7303, 4355.9
7304, 4357.44
7305, 4362.56
7306, 4364.1
7307, 4357.95
7308, 4358.97
7309, 4365.64
7310, 4357.44
7311, 4357.95
7312, 4370.77
7313, 4366.67
7314, 4356.92
7315, 4354.36
7316, 4359.49
7317, 4363.08
7318, 4356.41
7319, 4351.28
7320, 4350.77
7321, 4357.44
7322, 4364.62
7323, 4355.9
7324, 4346.67
7325, 4349.23
7326, 4358.97
7327, 4361.03
7328, 4351.79
7329, 4354.36
7330, 4358.46
7331, 4353.33
7332, 4362.56
7333, 4365.64
7334, 4356.41
7335, 4353.33
7336, 4354.36
7337, 4358.46
7338, 4361.54
7339, 4357.95
7340, 4354.87
7341, 4358.46
7342, 4357.95
7343, 4348.21
7344, 4349.23
7345, 4360
7346, 4361.03
7347, 4359.49
7348, 4359.49
7349, 4359.49
7350, 4362.05
7351, 4355.9
7352, 4357.44
7353, 4369.23
7354, 4375.38
7355, 4374.87
7356, 4371.28
7357, 4372.31
7358, 4371.28
7359, 4369.23
7360, 4372.82
7361, 4372.31
7362, 4372.82
7363, 4372.31
7364, 4367.18
7365, 4367.18
7366, 4365.13
7367, 4355.38
7368, 4350.77
7369, 4353.33
7370, 4356.92
7371, 4358.97
7372, 4357.95
7373, 4358.46
7374, 4356.41
7375, 4353.33
7376, 4353.85
7377, 4351.79
7378, 4349.74
7379, 4347.18
7380, 4349.23
7381, 4352.31
7382, 4348.21
7383, 4346.67
7384, 4347.18
7385, 4349.23
7386, 4352.31
7387, 4352.82
7388, 4351.28
7389, 4348.21
7390, 4355.9
7391, 4358.46
7392, 4343.08
7393, 4346.67
7394, 4360
7395, 4352.82
7396, 4347.69
7397, 4353.85
7398, 4356.41
7399, 4350.26
7400, 4344.62
7401, 4347.18
7402, 4345.64
7403, 4344.62
7404, 4352.82
7405, 4358.97
7406, 4356.92
7407, 4350.77
7408, 4348.21
7409, 4348.72
7410, 4346.67
7411, 4347.69
7412, 4346.67
7413, 4347.69
7414, 4353.33
7415, 4353.85
7416, 4350.77
7417, 4348.72
7418, 4354.36
7419, 4362.56
7420, 4351.28
7421, 4348.72
7422, 4363.59
7423, 4356.41
7424, 4341.03
7425, 4340.51
7426, 4346.67
7427, 4348.21
7428, 4348.72
7429, 4351.28
7430, 4348.21
7431, 4351.79
7432, 4358.97
7433, 4351.79
7434, 4348.21
7435, 4350.26
7436, 4349.74
7437, 4350.77
7438, 4348.21
7439, 4350.77
7440, 4353.33
7441, 4349.23
7442, 4345.13
7443, 4345.13
7444, 4352.82
7445, 4357.95
7446, 4352.31
7447, 4354.36
7448, 4355.38
7449, 4346.67
7450, 4352.31
7451, 4360.51
7452, 4349.74
7453, 4343.08
7454, 4354.36
7455, 4355.9
7456, 4343.59
7457, 4344.1
7458, 4349.74
7459, 4345.13
7460, 4327.69
7461, 4304.62
7462, 4308.21
7463, 4315.38
7464, 4298.46
7465, 4294.36
7466, 4305.13
7467, 4310.77
7468, 4313.33
7469, 4321.03
7470, 4332.31
7471, 4335.38
7472, 4334.36
7473, 4336.41
7474, 4332.82
7475, 4334.87
7476, 4343.08, estimuli
7477, 4341.03
7478, 4333.85
7479, 4338.97
7480, 4343.08
7481, 4328.21
7482, 4327.69
7483, 4340.51
7484, 4337.44
7485, 4341.03
7486, 4345.13
7487, 4337.44
7488, 4338.97
7489, 4343.59
7490, 4340.51
7491, 4341.54
7492, 4345.13
7493, 4348.21
7494, 4342.05
7495, 4332.31
7496, 4332.31
7497, 4336.41
7498, 4338.97
7499, 4334.87
7500, 4334.87
7501, 4341.03
7502, 4338.46
7503, 4337.44
7504, 4338.46
7505, 4339.49
7506, 4344.62
7507, 4342.05
7508, 4338.46
7509, 4342.05
7510, 4345.13
7511, 4348.21
7512, 4345.64
7513, 4337.95
7514, 4335.9
7515, 4339.49
7516, 4343.59
7517, 4343.08
7518, 4343.08
7519, 4345.13
7520, 4344.1
7521, 4345.13
7522, 4348.21
7523, 4349.23
7524, 4346.67
7525, 4340
7526, 4339.49
7527, 4341.54
7528, 4343.59
7529, 4348.21
7530, 4344.1
7531, 4341.03
7532, 4343.59
7533, 4344.1
7534, 4346.15
7535, 4344.62
7536, 4345.13
7537, 4348.21
7538, 4345.13
7539, 4344.1
7540, 4341.03
7541, 4341.54
7542, 4344.1
7543, 4341.03
7544, 4344.62
7545, 4347.18
7546, 4343.59
7547, 4344.62
7548, 4347.18
7549, 4345.64
7550, 4343.08
7551, 4343.59
7552, 4347.18
7553, 4347.69
7554, 4348.21
7555, 4346.67
7556, 4342.56
7557, 4341.54
7558, 4343.08
7559, 4352.82
7560, 4350.26
7561, 4353.33
7562, 4395.38
7563, 4407.18
7564, 4339.49
7565, 4259.49
7566, 4237.44
7567, 4280
7568, 4352.82
7569, 4424.1
7570, 4451.28
7571, 4417.95
7572, 4389.23
7573, 4343.08
7574, 4222.05
7575, 4175.38
7576, 4263.59
7577, 4363.59
7578, 4450.77
7579, 4499.49
7580, 4443.08
7581, 4327.18
7582, 4229.23
7583, 4199.49
7584, 4262.56
7585, 4363.59
7586, 4450.26
7587, 4496.41
7588, 4446.67
7589, 4327.18
7590, 4230.26
7591, 4201.03
7592, 4257.44
7593, 4357.44
7594, 4445.13
7595, 4485.64
7596, 4428.72
7597, 4315.38
7598, 4228.21
7599, 4200
7600, 4264.62
7601, 4371.28
7602, 4448.72
7603, 4478.97
7604, 4424.1
7605, 4316.92
7606, 4231.28
7607, 4207.18
7608, 4265.13
7609, 4363.08
7610, 4451.28
7611, 4482.56
7612, 4419.49
7613, 4316.41
7614, 4236.92
7615, 4217.44
7616, 4272.31
7617, 4362.56
7618, 4450.77
7619, 4482.56
7620, 4417.44
7621, 4311.28
7622, 4232.82
7623, 4218.46
7624, 4269.74
7625, 4358.46
7626, 4446.15
7627, 4468.21
7628, 4409.74
7629, 4323.08
7630, 4246.67
7631, 4223.59
7632, 4272.31
7633, 4361.03
7634, 4441.54
7635, 4463.08
7636, 4411.28
7637, 4322.05
7638, 4245.64
7639, 4226.67
7640, 4279.49
7641, 4370.26
7642, 4447.69
7643, 4474.36
7644, 4425.13
7645, 4327.69
7646, 4256.41
7647, 4242.05
7648, 4278.46
7649, 4360
7650, 4444.62
7651, 4473.85
7652, 4424.1
7653, 4326.67
7654, 4244.62
7655, 4227.69
7656, 4287.69
7657, 4380
7658, 4447.18
7659, 4463.59
7660, 4410.77
7661, 4321.54
7662, 4250.77
7663, 4226.15
7664, 4276.41
7665, 4370.77
7666, 4444.62
7667, 4462.05
7668, 4407.69
7669, 4321.54
7670, 4250.26
7671, 4232.82
7672, 4287.69
7673, 4372.31
7674, 4449.74
7675, 4475.38
7676, 4412.31
7677, 4316.41
7678, 4244.62
7679, 4227.69
7680, 4282.05
7681, 4369.23
7682, 4446.15
7683, 4468.72
7684, 4412.82
7685, 4324.1
7686, 4257.95
7687, 4244.1
7688, 4290.77
7689, 4372.82
7690, 4428.21
7691, 4404.62
7692, 4351.28
7693, 4335.9
7694, 4343.08
7695, 4345.64
7696, 4343.08
7697, 4343.59
7698, 4347.69
7699, 4353.85
7700, 4361.03
7701, 4356.41
7702, 4346.15
7703, 4340
7704, 4338.97
7705, 4348.72
7706, 4355.38
7707, 4344.1
7708, 4333.85
7709, 4343.08
7710, 4357.44
7711, 4349.74
7712, 4341.54
7713, 4353.33
7714, 4351.28
7715, 4340.51
7716, 4343.08
7717, 4349.23
7718, 4355.38
7719, 4348.72
7720, 4335.38
7721, 4342.56
7722, 4354.36
7723, 4356.41
7724, 4351.28
7725, 4350.77
7726, 4358.97
7727, 4359.49
7728, 4351.79
7729, 4342.56
7730, 4341.03
7731, 4346.67
7732, 4345.13
7733, 4344.1
7734, 4345.13
7735, 4345.13
7736, 4350.26
7737, 4349.23
7738, 4348.21
7739, 4355.9
7740, 4354.87
7741, 4354.87
7742, 4358.97
7743, 4355.9
7744, 4349.23
7745, 4343.59
7746, 4344.1
7747, 4342.05
7748, 4342.05
7749, 4345.13
7750, 4340.51
7751, 4344.1
7752, 4349.74
7753, 4346.15
7754, 4353.33
7755, 4362.56
7756, 4348.72
7757, 4336.41
7758, 4348.72
7759, 4356.41
7760, 4349.74
7761, 4354.36
7762, 4355.9
7763, 4348.72
7764, 4353.85
7765, 4351.28
7766, 4346.67
7767, 4353.85
7768, 4351.79
7769, 4347.69
7770, 4348.72
7771, 4346.15
7772, 4347.18
7773, 4352.31
7774, 4353.33
7775, 4348.21
7776, 4347.69
7777, 4355.38
7778, 4351.79
7779, 4345.13
7780, 4346.67
7781, 4351.28
7782, 4361.03
7783, 4357.44
7784, 4344.62
7785, 4341.54
7786, 4343.08
7787, 4348.72
7788, 4352.31
7789, 4352.82
7790, 4351.28
7791, 4347.18
7792, 4348.72
7793, 4352.31
7794, 4351.79
7795, 4351.28
7796, 4352.31
7797, 4357.95
7798, 4358.46
7799, 4353.33
7800, 4350.26
7801, 4349.74
7802, 4356.92
7803, 4360
7804, 4357.44
7805, 4363.08
7806, 4359.49
7807, 4353.85
7808, 4359.49
7809, 4363.08
7810, 4367.18
7811, 4367.18
7812, 4362.56
7813, 4359.49
7814, 4357.95
7815, 4361.03
7816, 4361.03
7817, 4358.97
7818, 4363.59
7819, 4361.54
7820, 4357.44
7821, 4360.51
7822, 4362.05
7823, 4362.05
7824, 4363.59
7825, 4362.56
7826, 4356.41
7827, 4352.82
7828, 4356.92
7829, 4356.41
7830, 4361.54
7831, 4366.67
7832, 4360
7833, 4361.03
7834, 4364.1
7835, 4362.05
7836, 4365.13
7837, 4366.15
7838, 4366.15
7839, 4361.54
7840, 4357.95
7841, 4362.56
7842, 4358.46
7843, 4355.9
7844, 4361.03
7845, 4358.46
7846, 4352.82
7847, 4350.26
7848, 4356.41
7849, 4360.51
7850, 4361.03
7851, 4368.72
7852, 4368.72
7853, 4361.03
7854, 4359.49
7855, 4358.46
7856, 4358.46
7857, 4357.95
7858, 4361.54
7859, 4365.13
7860, 4362.05
7861, 4360.51
7862, 4362.05
7863, 4366.15
7864, 4371.79
7865, 4364.1
7866, 4355.9
7867, 4364.62
7868, 4369.74
7869, 4360
7870, 4350.26
7871, 4356.92
7872, 4362.56
7873, 4357.44
7874, 4364.1
7875, 4364.1
7876, 4356.92
7877, 4362.05
7878, 4365.64
7879, 4363.08
7880, 4362.05
7881, 4365.64
7882, 4365.64
7883, 4357.44
7884, 4358.46
7885, 4361.54
7886, 4357.44
7887, 4360
7888, 4364.62
7889, 4363.59
7890, 4357.95
7891, 4360.51
7892, 4370.26
7893, 4360
7894, 4351.28
7895, 4359.49
7896, 4364.1
7897, 4367.69
7898, 4369.74
7899, 4364.1
7900, 4360.51
7901, 4362.05
7902, 4363.59
7903, 4358.46
7904, 4351.79
7905, 4350.26
7906, 4352.31
7907, 4366.15
7908, 4376.41
7909, 4367.69
7910, 4356.41
7911, 4351.79
7912, 4355.9
7913, 4360.51
7914, 4362.05
7915, 4369.23
7916, 4368.72
7917, 4358.97
7918, 4355.9
7919, 4354.87
7920, 4356.41
7921, 4360.51
7922, 4365.64
7923, 4365.64
7924, 4359.49
7925, 4356.92
7926, 4353.33
7927, 4357.95
7928, 4364.62
7929, 4357.95
7930, 4360.51
7931, 4368.21
7932, 4363.08
7933, 4361.03
7934, 4362.56
7935, 4360
7936, 4362.05
7937, 4369.23
7938, 4366.67
7939, 4354.87
7940, 4356.92
7941, 4362.05
7942, 4356.41
7943, 4359.49
7944, 4363.59
7945, 4361.54
7946, 4360
7947, 4357.44
7948, 4365.64
7949, 4363.08
7950, 4347.69
7951, 4348.72
7952, 4354.36
7953, 4354.87
7954, 4355.9
7955, 4358.97
7956, 4362.56
7957, 4360
7958, 4355.38
7959, 4355.38
7960, 4359.49
7961, 4359.49
7962, 4358.46
7963, 4362.05
7964, 4363.08
7965, 4363.59
7966, 4365.13
7967, 4359.49
7968, 4356.92
7969, 4363.59
7970, 4368.72
7971, 4373.33
7972, 4370.26
7973, 4360
7974, 4356.41
7975, 4352.31
7976, 4354.87
7977, 4361.03
7978, 4362.05
7979, 4365.13
7980, 4361.54
7981, 4357.95
7982, 4360.51
7983, 4362.56
7984, 4366.67
7985, 4363.59
7986, 4360.51
7987, 4364.62
7988, 4365.13
7989, 4363.08
7990, 4358.97
7991, 4358.97
7992, 4363.59
7993, 4363.08
7994, 4360
7995, 4353.33
7996, 4355.38
7997, 4368.21
7998, 4363.08
7999, 4355.38
8000, 4360
8001, 4360.51
8002, 4357.95
8003, 4355.9
8004, 4357.44
8005, 4361.03
8006, 4357.95
8007, 4355.9
8008, 4357.95
8009, 4360.51
8010, 4356.92
8011, 4357.95
8012, 4367.18
8013, 4364.1
8014, 4359.49
8015, 4363.08
8016, 4362.05
8017, 4362.56
8018, 4359.49
8019, 4358.97
8020, 4372.82
8021, 4376.92
8022, 4364.62
8023, 4357.95
8024, 4364.62
8025, 4372.82
8026, 4361.54
8027, 4350.77
8028, 4357.44
8029, 4363.59
8030, 4362.56
8031, 4355.38
8032, 4356.41
8033, 4368.72
8034, 4365.13
8035, 4352.31
8036, 4351.79
8037, 4356.92
8038, 4358.46
8039, 4360
8040, 4366.15
8041, 4365.13
8042, 4363.08
8043, 4366.15
8044, 4362.56
8045, 4360
8046, 4361.54
8047, 4359.49
8048, 4363.08
8049, 4366.15
8050, 4362.56
8051, 4357.95
8052, 4360.51
8053, 4369.74
8054, 4363.08
8055, 4354.87
8056, 4361.54
8057, 4362.05
8058, 4357.44
8059, 4363.08
8060, 4370.26
8061, 4364.62
8062, 4363.59
8063, 4378.46
8064, 4373.33
8065, 4355.38
8066, 4360
8067, 4368.21
8068, 4359.49
8069, 4350.77
8070, 4353.85
8071, 4360.51
8072, 4356.41
8073, 4365.64
8074, 4375.38
8075, 4362.56
8076, 4364.62
8077, 4373.85
8078, 4361.54
8079, 4356.92
8080, 4368.72
8081, 4367.18
8082, 4357.95
8083, 4363.59
8084, 4370.26
8085, 4369.23
8086, 4373.33
8087, 4366.15
8088, 4351.79
8089, 4357.95
8090, 4364.62
8091, 4361.03
8092, 4360.51
8093, 4363.59
8094, 4362.05
8095, 4352.82
8096, 4359.49
8097, 4373.85
8098, 4365.13
8099, 4353.85
8100, 4355.9
8101, 4362.05
8102, 4365.13
8103, 4361.03
8104, 4365.64
8105, 4370.26
8106, 4362.56
8107, 4366.15
8108, 4381.03
8109, 4381.03
8110, 4360.51
8111, 4353.33
8112, 4368.72
8113, 4366.67
8114, 4356.92
8115, 4358.46
8116, 4361.03
8117, 4357.95
8118, 4352.82
8119, 4360
8120, 4364.1
8121, 4360
8122, 4367.69
8123, 4365.64
8124, 4360
8125, 4368.21
8126, 4365.13
8127, 4361.03
8128, 4367.18
8129, 4363.08
8130, 4356.41
8131, 4360.51
8132, 4367.69
8133, 4364.62
8134, 4366.67
8135, 4376.92
8136, 4361.54
8137, 4350.26
8138, 4370.26
8139, 4380.51
8140, 4369.23
8141, 4360
8142, 4362.56
8143, 4365.13
8144, 4361.03
8145, 4362.05
8146, 4367.69
8147, 4369.74
8148, 4365.13
8149, 4357.95
8150, 4360
8151, 4363.08
8152, 4366.15
8153, 4369.74
8154, 4363.08
8155, 4361.54
8156, 4365.64
8157, 4365.64
8158, 4361.03
8159, 4357.44
8160, 4364.1
8161, 4369.74
8162, 4366.15
8163, 4362.56
8164, 4361.54
8165, 4368.21
8166, 4365.64
8167, 4348.21
8168, 4353.85
8169, 4364.62
8170, 4359.49
8171, 4358.46
8172, 4360
8173, 4360.51
8174, 4361.54
8175, 4360.51
8176, 4355.9
8177, 4352.82
8178, 4358.46
8179, 4356.92
8180, 4351.28
8181, 4355.9
8182, 4360
8183, 4358.46
8184, 4357.44
8185, 4355.38
8186, 4356.92
8187, 4360.51
8188, 4360
8189, 4357.95
8190, 4357.44
8191, 4363.59
8192, 4358.97
8193, 4347.69
8194, 4351.28
8195, 4356.92
8196, 4360.51
8197, 4356.41
8198, 4354.36
8199, 4365.64
8200, 4364.1
8201, 4355.9
8202, 4355.9
8203, 4360
8204, 4361.03
8205, 4353.33
8206, 4358.46
8207, 4368.72
8208, 4364.62
8209, 4356.41
8210, 4354.87
8211, 4357.44
8212, 4354.87
8213, 4358.97
8214, 4374.87
8215, 4369.74
8216, 4356.41
8217, 4363.08
8218, 4365.64
8219, 4357.95
8220, 4349.74
8221, 4350.26
8222, 4356.41
8223, 4352.31
8224, 4354.87
8225, 4364.62
8226, 4358.46
8227, 4358.46
8228, 4372.82
8229, 4374.87
8230, 4362.05
8231, 4357.44
8232, 4364.62
8233, 4363.59
8234, 4358.46
8235, 4359.49
8236, 4356.92
8237, 4356.92
8238, 4359.49
8239, 4365.64
8240, 4369.74
8241, 4364.62
8242, 4366.15
8243, 4371.28
8244, 4373.85
8245, 4374.36
8246, 4363.08
8247, 4362.56
8248, 4378.97
8249, 4377.44
8250, 4365.13
8251, 4364.62
8252, 4369.74
8253, 4368.21
8254, 4366.67
8255, 4369.74
8256, 4366.67
8257, 4366.67
8258, 4369.23
8259, 4367.18
8260, 4371.28
8261, 4371.28
8262, 4363.59
8263, 4365.13
8264, 4368.72
8265, 4370.77
8266, 4365.13
8267, 4361.54
8268, 4367.69
8269, 4367.18
8270, 4367.69
8271, 4375.38
8272, 4377.95
8273, 4379.49
8274, 4372.31
8275, 4367.18
8276, 4369.23
8277, 4370.26
8278, 4374.87
8279, 4370.77
8280, 4362.05
8281, 4363.59
8282, 4367.18
8283, 4374.36
8284, 4377.44
8285, 4374.36
8286, 4370.26
8287, 4366.67
8288, 4373.33
8289, 4378.97
8290, 4371.28
8291, 4366.15
8292, 4372.82
8293, 4377.95
8294, 4366.15
8295, 4357.95
8296, 4366.67
8297, 4372.31
8298, 4378.46
8299, 4376.41
8300, 4361.54
8301, 4365.13
8302, 4372.31
8303, 4366.15
8304, 4366.67
8305, 4370.26
8306, 4366.67
8307, 4362.56
8308, 4368.72
8309, 4373.33
8310, 4367.69
8311, 4371.28
8312, 4376.41
8313, 4373.33
8314, 4372.82
8315, 4377.95
8316, 4381.54
8317, 4374.36
8318, 4366.15
8319, 4370.77
8320, 4372.31
8321, 4369.74
8322, 4371.79
8323, 4375.38
8324, 4378.97
8325, 4371.79
8326, 4361.54
8327, 4351.79
8328, 4333.33
8329, 4334.36
8330, 4341.03
8331, 4332.31
8332, 4331.79, estimuli
8333, 4332.82
8334, 4335.38
8335, 4344.62
8336, 4347.18
8337, 4349.23
8338, 4361.54
8339, 4367.18
8340, 4355.38
8341, 4349.74
8342, 4357.95
8343, 4359.49
8344, 4358.46
8345, 4361.03
8346, 4358.97
8347, 4363.59
8348, 4373.85
8349, 4378.46
8350, 4372.31
8351, 4369.74
8352, 4386.15
8353, 4388.72
8354, 4371.28
8355, 4373.33
8356, 4386.67
8357, 4382.05
8358, 4368.21
8359, 4371.28
8360, 4382.56
8361, 4378.97
8362, 4376.41
8363, 4377.95
8364, 4373.85
8365, 4374.36
8366, 4369.74
8367, 4368.21
8368, 4368.21
8369, 4358.97
8370, 4361.03
8371, 4369.23
8372, 4373.33
8373, 4374.87
8374, 4367.18
8375, 4365.64
8376, 4370.77
8377, 4369.23
8378, 4365.13
8379, 4365.64
8380, 4373.33
8381, 4377.95
8382, 4371.79
8383, 4366.67
8384, 4369.74
8385, 4375.38
8386, 4373.85
8387, 4370.26
8388, 4375.38
8389, 4375.9
8390, 4378.46
8391, 4379.49
8392, 4365.13
8393, 4369.23
8394, 4385.64
8395, 4384.1
8396, 4376.41
8397, 4377.95
8398, 4382.56
8399, 4373.33
8400, 4362.56
8401, 4363.59
8402, 4367.18
8403, 4372.31
8404, 4372.31
8405, 4371.79
8406, 4374.87
8407, 4371.28
8408, 4381.03
8409, 4390.77
8410, 4372.82
8411, 4356.92
8412, 4367.69
8413, 4383.59
8414, 4370.26
8415, 4368.21
8416, 4420
8417, 4440
8418, 4374.36
8419, 4299.49
8420, 4271.79
8421, 4293.85
8422, 4363.08
8423, 4442.56
8424, 4478.97
8425, 4454.36
8426, 4424.1
8427, 4381.03
8428, 4263.59
8429, 4204.1
8430, 4282.56
8431, 4380
8432, 4464.62
8433, 4527.18
8434, 4483.08
8435, 4362.05
8436, 4267.18
8437, 4237.44
8438, 4284.1
8439, 4382.05
8440, 4479.49
8441, 4532.82
8442, 4484.1
8443, 4362.56
8444, 4257.95
8445, 4222.56
8446, 4276.92
8447, 4374.36
8448, 4467.18
8449, 4525.13
8450, 4479.49
8451, 4360
8452, 4262.56
8453, 4232.82
8454, 4293.33
8455, 4388.21
8456, 4464.1
8457, 4518.46
8458, 4478.97
8459, 4357.95
8460, 4267.18
8461, 4246.67
8462, 4290.77
8463, 4378.97
8464, 4479.49
8465, 4528.72
8466, 4464.1
8467, 4354.87
8468, 4279.49
8469, 4250.77
8470, 4293.33
8471, 4388.72
8472, 4477.44
8473, 4511.79
8474, 4466.67
8475, 4368.72
8476, 4270.26
8477, 4235.38
8478, 4284.62
8479, 4378.46
8480, 4468.21
8481, 4500
8482, 4455.9
8483, 4372.82
8484, 4286.15
8485, 4245.64
8486, 4286.15
8487, 4380.51
8488, 4473.33
8489, 4503.59
8490, 4443.08
8491, 4350.26
8492, 4285.13
8493, 4255.9
8494, 4283.08
8495, 4377.44
8496, 4473.33
8497, 4499.49
8498, 4452.31
8499, 4362.56
8500, 4283.08
8501, 4254.36
8502, 4291.28
8503, 4383.08
8504, 4466.15
8505, 4489.23
8506, 4443.59
8507, 4360
8508, 4284.1
8509, 4252.31
8510, 4296.92
8511, 4389.74
8512, 4462.56
8513, 4493.33
8514, 4453.33
8515, 4357.44
8516, 4280.51
8517, 4256.92
8518, 4301.03
8519, 4387.18
8520, 4468.72
8521, 4498.97
8522, 4442.05
8523, 4352.82
8524, 4283.59
8525, 4253.33
8526, 4297.44
8527, 4387.69
8528, 4465.13
8529, 4494.87
8530, 4448.21
8531, 4356.92
8532, 4277.44
8533, 4254.87
8534, 4304.62
8535, 4385.13
8536, 4464.1
8537, 4496.92
8538, 4446.15
8539, 4357.95
8540, 4287.18
8541, 4256.92
8542, 4286.15
8543, 4376.92
8544, 4463.59
8545, 4448.72
8546, 4378.46
8547, 4365.13
8548, 4377.95
8549, 4367.69
8550, 4362.05
8551, 4373.85
8552, 4378.97
8553, 4373.85
8554, 4372.82
8555, 4372.82
8556, 4377.95
8557, 4377.95
8558, 4370.26
8559, 4373.33
8560, 4375.38
8561, 4375.38
8562, 4376.92
8563, 4368.21
8564, 4368.72
8565, 4377.95
8566, 4377.44
8567, 4377.95
8568, 4372.82
8569, 4366.15
8570, 4373.85
8571, 4375.38
8572, 4368.21
8573, 4370.26
8574, 4372.31
8575, 4370.77
8576, 4374.87
8577, 4374.36
8578, 4362.05
8579, 4364.1
8580, 4380
8581, 4374.36
8582, 4369.74
8583, 4373.85
8584, 4374.36
8585, 4374.87
8586, 4372.31
8587, 4373.33
8588, 4373.33
8589, 4369.74
8590, 4371.79
8591, 4372.31
8592, 4370.77
8593, 4371.79
8594, 4374.87
8595, 4380.51
8596, 4374.36
8597, 4369.74
8598, 4374.36
8599, 4371.79
8600, 4373.85
8601, 4376.41
8602, 4371.79
8603, 4375.38
8604, 4381.03
8605, 4380.51
8606, 4375.9
8607, 4373.85
8608, 4376.92
8609, 4379.49
8610, 4377.44
8611, 4369.74
8612, 4368.72
8613, 4374.36
8614, 4369.23
8615, 4367.18
8616, 4376.41
8617, 4379.49
8618, 4381.54
8619, 4378.46
8620, 4372.82
8621, 4375.38
8622, 4375.9
8623, 4377.44
8624, 4375.9
8625, 4370.77
8626, 4372.82
8627, 4371.79
8628, 4373.33
8629, 4376.41
8630, 4373.33
8631, 4376.92
8632, 4382.56
8633, 4379.49
8634, 4369.74
8635, 4366.67
8636, 4375.9
8637, 4377.44
8638, 4372.31
8639, 4372.31
8640, 4371.28
8641, 4369.23
8642, 4370.26
8643, 4372.31
8644, 4374.36
8645, 4374.87
8646, 4375.38
8647, 4373.33
8648, 4376.92
8649, 4384.62
8650, 4375.9
8651, 4377.44
8652, 4389.23
8653, 4380
8654, 4363.59
8655, 4360
8656, 4373.33
8657, 4380.51
8658, 4371.79
8659, 4379.49
8660, 4389.74
8661, 4381.54
8662, 4368.72
8663, 4366.15
8664, 4375.9
8665, 4376.92
8666, 4367.69
8667, 4370.26
8668, 4380
8669, 4378.97
8670, 4368.72
8671, 4368.21
8672, 4375.38
8673, 4372.82
8674, 4375.9
8675, 4384.62
8676, 4385.13
8677, 4382.05
8678, 4375.9
8679, 4379.49
8680, 4379.49
8681, 4367.69
8682, 4372.31
8683, 4380
8684, 4378.46
8685, 4375.38
8686, 4372.82
8687, 4378.97
8688, 4387.69
8689, 4381.03
8690, 4367.69
8691, 4368.72
8692, 4378.97
8693, 4377.44
8694, 4371.28
8695, 4375.38
8696, 4377.44
8697, 4378.46
8698, 4377.95
8699, 4373.33
8700, 4373.85
8701, 4373.33
8702, 4375.38
8703, 4380.51
8704, 4377.95
8705, 4378.97
8706, 4381.54
8707, 4381.54
8708, 4374.36
8709, 4364.1
8710, 4371.79
8711, 4380
8712, 4376.92
8713, 4375.38
8714, 4375.38
8715, 4380.51
8716, 4381.03
8717, 4372.82
8718, 4373.33
8719, 4376.41
8720, 4378.46
8721, 4375.38
8722, 4370.77
8723, 4381.03
8724, 4387.69
8725, 4378.97
8726, 4374.87
8727, 4380.51
8728, 4374.87
8729, 4360
8730, 4364.62
8731, 4375.9
8732, 4376.41
8733, 4381.03
8734, 4381.03
8735, 4374.36
8736, 4378.46
8737, 4378.46
8738, 4373.85
8739, 4376.92
8740, 4380.51
8741, 4382.56
8742, 4378.97
8743, 4378.97
8744, 4377.95
8745, 4370.26
8746, 4373.85
8747, 4381.03
8748, 4380.51
8749, 4377.95
8750, 4372.31
8751, 4374.87
8752, 4380.51
8753, 4381.03
8754, 4376.92
8755, 4374.87
8756, 4378.97
8757, 4378.97
8758, 4377.44
8759, 4378.46
8760, 4376.92
8761, 4382.05
8762, 4385.64
8763, 4381.54
8764, 4380.51
8765, 4378.97
8766, 4377.44
8767, 4374.36
8768, 4377.95
8769, 4389.74
8770, 4383.59
8771, 4375.38
8772, 4377.44
8773, 4373.33
8774, 4374.87
8775, 4375.38
8776, 4373.85
8777, 4377.95
8778, 4375.38
8779, 4372.31
8780, 4372.31
8781, 4375.9
8782, 4380
8783, 4374.36
8784, 4374.36
8785, 4377.95
8786, 4375.38
8787, 4377.44
8788, 4377.95
8789, 4378.46
8790, 4381.54
8791, 4381.03
8792, 4381.03
8793, 4378.46
8794, 4381.03
8795, 4390.77
8796, 4388.72
8797, 4373.33
8798, 4362.56
8799, 4376.92
8800, 4389.23
8801, 4375.38
8802, 4372.82
8803, 4386.67
8804, 4384.62
8805, 4373.85
8806, 4374.36
8807, 4380.51
8808, 4381.54
8809, 4381.03
8810, 4379.49
8811, 4376.92
8812, 4379.49
8813, 4373.33
8814, 4365.64
8815, 4378.97
8816, 4383.08
8817, 4374.87
8818, 4377.95
8819, 4380.51
8820, 4378.46
8821, 4375.9
8822, 4381.03
8823, 4387.18
8824, 4381.54
8825, 4380
8826, 4381.54
8827, 4378.97
8828, 4380.51
8829, 4380.51
8830, 4380
8831, 4382.05
8832, 4380
8833, 4380
8834, 4378.97
8835, 4376.41
8836, 4376.41
8837, 4380
8838, 4386.15
8839, 4380.51
8840, 4376.92
8841, 4380.51
8842, 4379.49
8843, 4382.56
8844, 4380.51
8845, 4373.33
8846, 4375.38
8847, 4377.95
8848, 4380
8849, 4382.05
8850, 4382.56
8851, 4382.05
8852, 4376.92
8853, 4377.44
8854, 4381.54
8855, 4380.51
8856, 4380
8857, 4379.49
8858, 4380.51
8859, 4381.54
8860, 4378.46
8861, 4376.41
8862, 4373.85
8863, 4378.46
8864, 4384.1
8865, 4378.97
8866, 4379.49
8867, 4382.05
8868, 4380
8869, 4375.9
8870, 4370.26
8871, 4373.85
8872, 4376.92
8873, 4375.9
8874, 4379.49
8875, 4381.03
8876, 4383.59
8877, 4378.97
8878, 4366.67
8879, 4368.72
8880, 4377.44
8881, 4378.46
8882, 4376.92
8883, 4378.97
8884, 4381.03
8885, 4377.44
8886, 4378.46
8887, 4381.54
8888, 4376.41
8889, 4376.41
8890, 4378.97
8891, 4377.95
8892, 4380.51
8893, 4378.46
8894, 4380
8895, 4380
8896, 4376.92
8897, 4377.95
8898, 4375.38
8899, 4376.41
8900, 4378.46
8901, 4379.49
8902, 4385.13
8903, 4379.49
8904, 4373.85
8905, 4377.44
8906, 4375.9
8907, 4378.46
8908, 4381.03
8909, 4378.97
8910, 4378.97
8911, 4376.41
8912, 4377.95
8913, 4380
8914, 4379.49
8915, 4378.97
8916, 4375.9
8917, 4378.97
8918, 4376.41
8919, 4370.26
8920, 4375.9
8921, 4378.46
8922, 4376.41
8923, 4377.44
8924, 4378.46
8925, 4378.97
8926, 4375.38
8927, 4375.9
8928, 4378.97
8929, 4378.97
8930, 4386.15
8931, 4383.59
8932, 4375.9
8933, 4380.51
8934, 4380
8935, 4377.95
8936, 4380
8937, 4382.05
8938, 4382.05
8939, 4377.44
8940, 4374.87
8941, 4370.77
8942, 4374.36
8943, 4384.1
8944, 4381.03
8945, 4376.92
8946, 4378.97
8947, 4374.87
8948, 4373.85
8949, 4377.95
8950, 4380
8951, 4377.44
8952, 4373.85
8953, 4378.97
8954, 4378.97
8955, 4383.59
8956, 4391.79
8957, 4381.54
8958, 4374.87
8959, 4378.46
8960, 4383.08
8961, 4381.54
8962, 4375.38
8963, 4379.49
8964, 4383.08
8965, 4376.41
8966, 4377.44
8967, 4382.05
8968, 4381.54
8969, 4378.46
8970, 4378.46
8971, 4382.05
8972, 4380.51
8973, 4380
8974, 4380
8975, 4374.87
8976, 4377.95
8977, 4376.41
8978, 4374.36
8979, 4383.59
8980, 4381.54
8981, 4373.33
8982, 4377.44
8983, 4387.18
8984, 4389.23
8985, 4381.03
8986, 4380
8987, 4387.69
8988, 4389.23
8989, 4382.05
8990, 4375.38
8991, 4380
8992, 4382.05
8993, 4380
8994, 4389.74
8995, 4390.26
8996, 4380
8997, 4376.92
8998, 4375.9
8999, 4381.03
9000, 4386.15
9001, 4384.62
9002, 4378.46
9003, 4373.85
9004, 4381.03
9005, 4381.54
9006, 4376.41
9007, 4383.08
9008, 4383.08
9009, 4379.49
9010, 4386.15
9011, 4392.31
9012, 4386.67
9013, 4376.41
9014, 4379.49
9015, 4385.13
9016, 4379.49
9017, 4378.46
9018, 4381.03
9019, 4382.05
9020, 4382.56
9021, 4378.97
9022, 4378.97
9023, 4378.97
9024, 4380
9025, 4380.51
9026, 4377.95
9027, 4382.56
9028, 4385.13
9029, 4381.54
9030, 4380
9031, 4377.44
9032, 4380.51
9033, 4380
9034, 4376.41
9035, 4383.59
9036, 4380.51
9037, 4373.33
9038, 4381.54
9039, 4388.21
9040, 4389.23
9041, 4389.74
9042, 4388.21
9043, 4378.97
9044, 4374.87
9045, 4385.13
9046, 4381.54
9047, 4369.23
9048, 4372.82
9049, 4381.03
9050, 4382.05
9051, 4378.97
9052, 4387.18
9053, 4391.79
9054, 4374.87
9055, 4374.87
9056, 4390.77
9057, 4385.64
9058, 4372.82
9059, 4378.46
9060, 4391.28
9061, 4387.18
9062, 4376.41
9063, 4381.54
9064, 4386.67
9065, 4387.69
9066, 4390.77
9067, 4390.77
9068, 4386.15
9069, 4376.41
9070, 4380
9071, 4393.33
9072, 4382.05
9073, 4372.82
9074, 4383.08
9075, 4384.1
9076, 4375.9
9077, 4369.74
9078, 4376.41
9079, 4385.13
9080, 4377.44
9081, 4375.9
9082, 4390.26
9083, 4396.41
9084, 4380
9085, 4370.77
9086, 4384.62
9087, 4382.56
9088, 4375.9
9089, 4386.67
9090, 4388.21
9091, 4385.13
9092, 4382.05
9093, 4378.46
9094, 4385.13
9095, 4388.72
9096, 4384.1
9097, 4374.87
9098, 4379.49
9099, 4388.72
9100, 4383.08
9101, 4384.1
9102, 4393.85
9103, 4393.85
9104, 4383.08
9105, 4369.23
9106, 4373.33
9107, 4384.1
9108, 4383.59
9109, 4389.23
9110, 4387.69
9111, 4382.05
9112, 4390.26
9113, 4391.79
9114, 4384.1
9115, 4384.1
9116, 4390.77
9117, 4386.67
9118, 4373.85
9119, 4382.05
9120, 4391.28
9121, 4381.54
9122, 4380.51
9123, 4385.13
9124, 4381.03
9125, 4377.44
9126, 4384.62
9127, 4390.26
9128, 4382.05
9129, 4380.51
9130, 4383.59
9131, 4382.05
9132, 4383.08
9133, 4379.49
9134, 4380
9135, 4388.21
9136, 4384.62
9137, 4384.1
9138, 4387.69
9139, 4390.77
9140, 4392.31
9141, 4384.1
9142, 4382.05
9143, 4384.1
9144, 4378.46
9145, 4381.03
9146, 4391.79
9147, 4391.79
9148, 4382.05
9149, 4389.23
9150, 4404.62
9151, 4391.79
9152, 4377.44
9153, 4380.51
9154, 4378.97
9155, 4377.44
9156, 4382.05
9157, 4386.67
9158, 4386.15
9159, 4381.54
9160, 4388.72
9161, 4393.33
9162, 4382.56
9163, 4377.95
9164, 4383.59
9165, 4389.74
9166, 4387.18
9167, 4387.18
9168, 4393.33
9169, 4388.72
9170, 4386.15
9171, 4387.69
9172, 4383.59
9173, 4386.67
9174, 4392.31
9175, 4390.26
9176, 4382.56
9177, 4382.56
9178, 4395.9
9179, 4394.36
9180, 4389.23
9181, 4395.9
9182, 4388.72
9183, 4376.92
9184, 4377.95
9185, 4388.21
9186, 4398.97
9187, 4393.33
9188, 4382.56
9189, 4381.03
9190, 4387.69
9191, 4391.79
9192, 4386.67
9193, 4387.18
9194, 4390.77
9195, 4389.23
9196, 4391.28
9197, 4385.13
9198, 4378.46
9199, 4385.13
9200, 4390.26
9201, 4387.18
9202, 4381.54
9203, 4380.51
9204, 4388.21
9205, 4395.38
9206, 4392.31
9207, 4380
9208, 4380.51
9209, 4388.21
9210, 4385.64
9211, 4383.59
9212, 4382.56
9213, 4385.64
9214, 4391.28
9215, 4386.15
9216, 4387.69
9217, 4392.31
9218, 4383.08
9219, 4384.1
9220, 4390.77
9221, 4390.77
9222, 4389.74
9223, 4387.69
9224, 4387.69
9225, 4387.69
9226, 4388.21
9227, 4389.74
9228, 4385.64
9229, 4388.21
9230, 4394.87
9231, 4395.9
9232, 4389.23
9233, 4378.46
9234, 4386.67
9235, 4393.33
9236, 4380.51
9237, 4382.56
9238, 4393.85
9239, 4392.82
9240, 4379.49
9241, 4372.82
9242, 4385.64
9243, 4392.82
9244, 4391.28
9245, 4386.67
9246, 4380
9247, 4382.56
9248, 4385.64
9249, 4384.62
9250, 4388.72
9251, 4394.87
9252, 4393.33
9253, 4380.51
9254, 4376.92
9255, 4390.77
9256, 4397.95
9257, 4393.85
9258, 4382.05
9259, 4376.92
9260, 4386.15
9261, 4385.13
9262, 4384.62
9263, 4391.79
9264, 4391.79
9265, 4396.41
9266, 4393.33
9267, 4385.64
9268, 4392.82
9269, 4391.28
9270, 4376.41
9271, 4374.36
9272, 4387.69
9273, 4390.77
9274, 4384.62
9275, 4388.21
9276, 4389.74
9277, 4388.21
9278, 4389.23
9279, 4387.18
9280, 4389.23
9281, 4390.77
9282, 4387.18
9283, 4391.79
9284, 4390.77
9285, 4382.56
9286, 4376.92
9287, 4380.51
9288, 4388.21
9289, 4385.64
9290, 4386.67
9291, 4391.28
9292, 4383.59
9293, 4384.62
9294, 4393.33
9295, 4391.79
9296, 4384.62
9297, 4379.49
9298, 4387.18
9299, 4393.85
9300, 4391.28
9301, 4390.77
9302, 4386.15
9303, 4386.67
9304, 4393.85
9305, 4393.33
9306, 4390.26
9307, 4391.28
9308, 4396.92
9309, 4396.92
9310, 4394.36
9311, 4396.41
9312, 4391.28
9313, 4388.72
9314, 4390.77
9315, 4384.62
9316, 4384.1
9317, 4384.1
9318, 4380
9319, 4383.59
9320, 4385.64
9321, 4392.82
9322, 4397.95
9323, 4389.23
9324, 4380.51
9325, 4381.54
9326, 4391.79
9327, 4392.31
9328, 4386.15
9329, 4390.77
9330, 4390.26
9331, 4387.18
9332, 4388.21
9333, 4386.15
9334, 4389.23
9335, 4390.26
9336, 4387.18
9337, 4386.67
9338, 4387.18
9339, 4392.31
9340, 4389.23
9341, 4382.56
9342, 4382.05
9343, 4382.05
9344, 4384.1
9345, 4383.08
9346, 4383.08
9347, 4387.69
9348, 4385.13
9349, 4385.64
9350, 4390.26
9351, 4389.74
9352, 4388.21
9353, 4385.13
9354, 4382.05
9355, 4383.08
9356, 4386.15
9357, 4389.74
9358, 4385.64
9359, 4384.1
9360, 4387.18
9361, 4383.59
9362, 4385.64
9363, 4389.74
9364, 4387.69
9365, 4387.18
9366, 4388.21
9367, 4387.18
9368, 4384.62
9369, 4384.62
9370, 4385.13
9371, 4386.67
9372, 4394.36
9373, 4389.74
9374, 4378.97
9375, 4382.56
9376, 4382.56
9377, 4385.64
9378, 4393.85
9379, 4389.74
9380, 4389.23
9381, 4388.72
9382, 4382.56
9383, 4383.08
9384, 4384.1
9385, 4388.72
9386, 4391.28
9387, 4383.59
9388, 4377.95
9389, 4376.92
9390, 4383.59
9391, 4389.23
9392, 4390.26
9393, 4391.28
9394, 4389.74
9395, 4389.23
9396, 4382.05
9397, 4372.82
9398, 4382.05
9399, 4391.28
9400, 4390.26
9401, 4383.59
9402, 4381.03
9403, 4390.26
9404, 4388.21
9405, 4383.59
9406, 4389.74
9407, 4384.62
9408, 4380
9409, 4383.08
9410, 4387.69
9411, 4388.72
9412, 4385.13
9413, 4386.15
9414, 4385.64
9415, 4384.1
9416, 4389.74
9417, 4383.59
9418, 4378.46
9419, 4386.67
9420, 4391.79
9421, 4392.31
9422, 4390.77
9423, 4388.21
9424, 4384.1
9425, 4377.95
9426, 4384.1
9427, 4386.15
9428, 4378.97
9429, 4384.1
9430, 4397.95
9431, 4398.97
9432, 4386.67
9433, 4388.72
9434, 4394.87
9435, 4384.62
9436, 4379.49
9437, 4379.49
9438, 4380
9439, 4387.18
9440, 4388.21
9441, 4388.21
9442, 4385.64
9443, 4375.38
9444, 4379.49
9445, 4391.28
9446, 4394.87
9447, 4393.33
9448, 4392.31
9449, 4393.85
9450, 4388.21
9451, 4382.56
9452, 4378.97
9453, 4373.33
9454, 4378.46
9455, 4385.64
9456, 4388.21
9457, 4389.23
9458, 4383.08
9459, 4385.64
9460, 4390.26
9461, 4388.72
9462, 4390.77
9463, 4385.64
9464, 4380.51
9465, 4387.18
9466, 4391.79
9467, 4392.82
9468, 4386.67
9469, 4384.62
9470, 4390.26
9471, 4389.23
9472, 4386.67
9473, 4385.13
9474, 4389.23
9475, 4394.36
9476, 4387.69
9477, 4382.56
9478, 4379.49
9479, 4384.1
9480, 4390.77
9481, 4378.46
9482, 4375.9
9483, 4381.54
9484, 4366.15
9485, 4351.79
9486, 4355.9
9487, 4362.05
9488, 4349.23
9489, 4342.05
9490, 4361.54
9491, 4361.54
9492, 4344.1
9493, 4350.26
9494, 4368.21
9495, 4374.36
9496, 4374.87
9497, 4376.41
9498, 4375.9
9499, 4375.9
9500, 4377.44
9501, 4373.85
9502, 4376.41
9503, 4390.77
9504, 4386.67
9505, 4375.38
9506, 4383.08
9507, 4392.82
9508, 4388.72
9509, 4379.49
9510, 4380.51
9511, 4383.08
9512, 4386.67
9513, 4392.82
9514, 4386.67
9515, 4386.15
9516, 4394.36
9517, 4393.33
9518, 4393.33
9519, 4389.74
9520, 4384.62
9521, 4387.18
9522, 4385.13
9523, 4384.1
9524, 4385.13
9525, 4383.59
9526, 4388.72
9527, 4388.72
9528, 4383.08
9529, 4385.64
9530, 4391.28
9531, 4389.23
9532, 4380.51
9533, 4381.54
9534, 4381.54
9535, 4378.46
9536, 4389.74
9537, 4389.23
9538, 4382.56
9539, 4387.69
9540, 4391.79
9541, 4391.79
9542, 4389.74
9543, 4389.23
9544, 4389.74
9545, 4388.72
9546, 4393.33
9547, 4393.85
9548, 4391.28
9549, 4391.79
9550, 4392.82
9551, 4395.9
9552, 4392.31
9553, 4385.64
9554, 4392.82
9555, 4395.38
9556, 4392.82
9557, 4395.38
9558, 4398.97
9559, 4404.1
9560, 4397.44
9561, 4381.03
9562, 4380.51
9563, 4392.82
9564, 4398.46
9565, 4388.72
9566, 4389.74
9567, 4401.54
9568, 4394.87
9569, 4389.74
9570, 4394.36
9571, 4391.79
9572, 4387.18
9573, 4386.15
9574, 4391.79
9575, 4390.26
9576, 4387.69
9577, 4394.36
9578, 4393.85
9579, 4389.74
9580, 4391.28
9581, 4391.28
9582, 4393.33
9583, 4392.82
9584, 4392.31
9585, 4395.9
9586, 4398.97
9587, 4402.05
9588, 4392.82
9589, 4389.74
9590, 4397.95
9591, 4385.64
9592, 4380
9593, 4395.38
9594, 4392.82
9595, 4379.49
9596, 4393.33
9597, 4412.31
9598, 4399.49
9599, 4389.74
9600, 4400
9601, 4389.74
9602, 4377.44
9603, 4382.56
9604, 4388.21
9605, 4391.28
9606, 4389.23
9607, 4390.26
9608, 4393.33
9609, 4390.77
9610, 4397.44
9611, 4398.46
9612, 4391.79
9613, 4395.38
9614, 4392.82
9615, 4394.36
9616, 4397.95
9617, 4386.67
9618, 4380
9619, 4385.13
9620, 4393.33
9621, 4392.31
9622, 4390.77
9623, 4396.41
9624, 4396.92
9625, 4395.38
9626, 4391.79
9627, 4395.9
9628, 4404.1
9629, 4392.82
9630, 4385.13
9631, 4391.79
9632, 4391.28
9633, 4397.44
9634, 4403.59
9635, 4395.38
9636, 4389.23
9637, 4387.69
9638, 4394.36
9639, 4399.49
9640, 4398.46
9641, 4396.41
9642, 4388.21
9643, 4391.79
9644, 4401.54
9645, 4396.41
9646, 4392.82
9647, 4392.31
9648, 4394.36
9649, 4395.38
9650, 4394.87
9651, 4398.97
9652, 4393.33
9653, 4389.23
9654, 4393.33
9655, 4392.82
9656, 4395.38
9657, 4396.92
9658, 4396.41
9659, 4396.41
9660, 4391.79
9661, 4393.33
9662, 4395.38
9663, 4392.31
9664, 4390.77
9665, 4387.69
9666, 4389.23
9667, 4392.82
9668, 4393.85
9669, 4395.38
9670, 4391.28
9671, 4391.28
9672, 4395.38
9673, 4392.31
9674, 4390.77
9675, 4386.15
9676, 4386.67
9677, 4392.31
9678, 4390.26
9679, 4391.28
9680, 4392.82
9681, 4390.77
9682, 4390.77
9683, 4391.28
9684, 4393.33
9685, 4391.79
9686, 4390.77
9687, 4395.38
9688, 4395.9
9689, 4395.38
9690, 4391.79
9691, 4394.87
9692, 4408.21
9693, 4397.44
9694, 4381.54
9695, 4395.9
9696, 4408.72
9697, 4398.46
9698, 4384.62
9699, 4391.79
9700, 4398.97
9701, 4389.23
9702, 4387.18
9703, 4390.26
9704, 4395.38
9705, 4405.64
9706, 4402.56
9707, 4398.46
9708, 4403.08
9709, 4402.05
9710, 4402.56
9711, 4404.1
9712, 4402.05
9713, 4402.05
9714, 4404.62
9715, 4404.1
9716, 4396.41
9717, 4396.41
9718, 4399.49
9719, 4395.9
9720, 4400
9721, 4403.08
9722, 4404.1
9723, 4407.69
9724, 4408.21
9725, 4403.59
9726, 4393.85
9727, 4395.38
9728, 4406.15
9729, 4403.08
9730, 4398.46
9731, 4402.56
9732, 4405.64
9733, 4403.08
9734, 4400
9735, 4406.15
9736, 4406.67
9737, 4398.97
9738, 4402.56
9739, 4402.56
9740, 4400.51
9741, 4407.18
9742, 4409.74
9743, 4407.69
9744, 4401.54
9745, 4406.15
9746, 4418.46
9747, 4408.72
9748, 4401.54
9749, 4410.26
9750, 4410.26
9751, 4403.08
9752, 4397.95
9753, 4401.03
9754, 4403.08
9755, 4400.51
9756, 4398.46
9757, 4389.23
9758, 4377.95
9759, 4369.74
9760, 4372.31
9761, 4379.49
9762, 4364.62
9763, 4348.21
9764, 4359.49
9765, 4366.15
9766, 4363.08
9767, 4369.74
9768, 4391.28
9769, 4406.67
9770, 4405.13
9771, 4402.56
9772, 4393.85
9773, 4386.67
9774, 4393.33
9775, 4393.33
9776, 4394.36
9777, 4401.03
9778, 4408.72
9779, 4411.28
9780, 4401.54
9781, 4403.59
9782, 4416.41
9783, 4417.95
9784, 4417.44
9785, 4413.33
9786, 4410.77
9787, 4413.33
9788, 4418.46
9789, 4424.1
9790, 4418.97
9791, 4417.95
9792, 4422.56
9793, 4415.38
9794, 4411.28
9795, 4414.36
9796, 4415.38
9797, 4413.85
9798, 4412.82
9799, 4416.41
9800, 4412.82
9801, 4404.62
9802, 4408.21
9803, 4413.33
9804, 4421.03
9805, 4421.03
9806, 4406.15
9807, 4407.18
9808, 4417.44
9809, 4416.92
9810, 4412.31
9811, 4411.79
9812, 4415.38
9813, 4408.21
9814, 4403.59
9815, 4409.74
9816, 4408.72
9817, 4407.18
9818, 4407.18
9819, 4412.82
9820, 4419.49
9821, 4412.82
9822, 4410.26
9823, 4409.74
9824, 4407.18
9825, 4411.28
9826, 4406.15
9827, 4401.54
9828, 4400
9829, 4391.28
9830, 4395.9
9831, 4407.69
9832, 4412.31
9833, 4412.82
9834, 4403.59
9835, 4393.33
9836, 4395.38
9837, 4405.13
9838, 4407.69
9839, 4403.08
9840, 4406.15
9841, 4401.54
9842, 4394.36
9843, 4400
9844, 4405.13
9845, 4405.64
9846, 4403.08
9847, 4399.49
9848, 4407.69
9849, 4409.74
9850, 4402.05
9851, 4402.05
9852, 4412.31
9853, 4411.79
9854, 4395.38
9855, 4400.51
9856, 4411.79
9857, 4401.54
9858, 4403.08
9859, 4404.62
9860, 4393.85
9861, 4395.38
9862, 4401.54
9863, 4404.62
9864, 4402.05
9865, 4395.38
9866, 4398.46
9867, 4406.15
9868, 4408.21
9869, 4401.54
9870, 4396.92
9871, 4400
9872, 4401.03
9873, 4403.08
9874, 4405.13
9875, 4402.56
9876, 4406.15
9877, 4406.67
9878, 4406.67
9879, 4407.18
9880, 4403.59
9881, 4406.67
9882, 4406.15
9883, 4404.62
9884, 4411.79
9885, 4405.64
9886, 4392.82
9887, 4388.72
9888, 4394.87
9889, 4405.64
9890, 4410.26
9891, 4404.1
9892, 4390.26
9893, 4387.18
9894, 4401.54
9895, 4401.54
9896, 4397.44
9897, 4399.49
9898, 4395.38
9899, 4397.44
9900, 4398.46
9901, 4396.92
9902, 4398.46
9903, 4397.44
9904, 4400.51
9905, 4398.46
9906, 4397.95
9907, 4402.05
9908, 4398.97
9909, 4398.46
9910, 4400
9911, 4402.56
9912, 4406.67
9913, 4398.97
9914, 4392.82
9915, 4398.46
9916, 4404.1
9917, 4402.56
9918, 4392.82
9919, 4395.9
9920, 4403.59
9921, 4398.97
9922, 4400
9923, 4403.08
9924, 4402.05
9925, 4400
9926, 4401.54
9927, 4410.77
9928, 4407.18
9929, 4398.97
9930, 4406.67
9931, 4409.23
9932, 4394.87
9933, 4384.1
9934, 4395.38
9935, 4407.69
9936, 4403.59
9937, 4407.18
9938, 4415.9
9939, 4406.67
9940, 4390.77
9941, 4385.13
9942, 4397.44
9943, 4403.08
9944, 4396.41
9945, 4402.56
9946, 4407.69
9947, 4406.15
9948, 4406.15
9949, 4396.92
9950, 4396.41
9951, 4402.05
9952, 4398.46
9953, 4397.95
9954, 4400.51
9955, 4399.49
9956, 4394.87
9957, 4401.03
9958, 4408.72
9959, 4397.95
9960, 4401.03
9961, 4409.23
9962, 4396.92
9963, 4386.67
9964, 4395.9
9965, 4411.28
9966, 4404.1
9967, 4386.67
9968, 4381.03
9969, 4368.21
9970, 4358.97
9971, 4373.33
9972, 4373.85
9973, 4357.44
9974, 4352.82
9975, 4352.82
9976, 4358.46
9977, 4372.31
9978, 4387.69
9979, 4394.87
9980, 4404.1
9981, 4414.87
9982, 4403.59
9983, 4397.44
9984, 4403.59
9985, 4402.56
9986, 4399.49
9987, 4398.97
9988, 4407.18
9989, 4414.36
9990, 4413.85
9991, 4414.36
9992, 4414.87
9993, 4423.59
9994, 4430.26
9995, 4423.08
9996, 4420.51
9997, 4424.62
9998, 4425.13
9999, 4423.08
10000, 4418.97
10001, 4420
10002, 4416.41
10003, 4409.74
10004, 4413.33
10005, 4412.82
10006, 4411.28
10007, 4408.72
10008, 4406.67
10009, 4411.28
10010, 4410.26
10011, 4412.31
10012, 4414.87
10013, 4407.69
10014, 4406.67
10015, 4407.18
10016, 4407.18
10017, 4404.1
10018, 4404.1
10019, 4419.49
10020, 4424.1
10021, 4412.31
10022, 4407.18
10023, 4402.05
10024, 4398.46
10025, 4404.1
10026, 4408.72
10027, 4406.67
10028, 4403.59
10029, 4407.69
10030, 4408.21
10031, 4410.77
10032, 4419.49
10033, 4410.26
10034, 4406.67
10035, 4418.46
10036, 4408.21
10037, 4392.82
10038, 4396.41
10039, 4406.67
10040, 4410.26
10041, 4407.18
10042, 4410.77
10043, 4414.87
10044, 4412.82
10045, 4409.74
10046, 4405.64
10047, 4416.41
10048, 4420
10049, 4409.23
10050, 4404.62
10051, 4395.38
10052, 4390.77
10053, 4389.23
10054, 4367.69
10055, 4352.31
10056, 4366.15
10057, 4385.64
10058, 4372.31
10059, 4349.23
10060, 4358.46
10061, 4370.26
10062, 4376.41
10063, 4391.79
10064, 4401.54
10065, 4409.74
10066, 4404.1
10067, 4384.62
10068, 4380.51
10069, 4385.64
10070, 4387.18
10071, 4388.21
10072, 4390.77
10073, 4398.46
10074, 4403.08
10075, 4402.05
10076, 4394.36
10077, 4391.28
10078, 4400
10079, 4403.59
10080, 4409.74
10081, 4407.69
10082, 4399.49
10083, 4406.67
10084, 4408.21
10085, 4407.69
10086, 4411.28
10087, 4402.05
10088, 4402.05
10089, 4409.23
10090, 4406.15
10091, 4406.15
10092, 4411.28
10093, 4408.72
10094, 4401.03
10095, 4398.46
10096, 4407.69
10097, 4408.21
10098, 4394.36
10099, 4392.31
10100, 4409.74
10101, 4414.36
10102, 4394.87
10103, 4393.85
10104, 4409.74
10105, 4412.82
10106, 4411.28
10107, 4403.08
10108, 4402.56
10109, 4413.85
10110, 4413.33
10111, 4413.33
10112, 4414.87
10113, 4410.77
10114, 4411.79
10115, 4412.31
10116, 4413.33
10117, 4413.85
10118, 4414.87
10119, 4418.46
10120, 4412.82
10121, 4411.28
10122, 4413.85
10123, 4411.28
10124, 4412.31
10125, 4413.85
10126, 4417.95
10127, 4420
10128, 4410.26
10129, 4408.21
10130, 4412.31
10131, 4413.33
10132, 4414.87
10133, 4416.92
10134, 4415.38
10135, 4411.79
10136, 4415.9
10137, 4418.97
10138, 4413.33
10139, 4422.05
10140, 4425.64
10141, 4413.85
10142, 4413.33
10143, 4415.9
10144, 4415.38
10145, 4417.44
10146, 4414.36
10147, 4408.72
10148, 4402.56
10149, 4404.62
10150, 4411.28
10151, 4409.74
10152, 4413.33
10153, 4414.36
10154, 4413.85
10155, 4418.46
10156, 4412.82
10157, 4410.26
10158, 4415.9
10159, 4416.92
10160, 4413.33
10161, 4407.69
10162, 4408.72
10163, 4411.79
10164, 4412.31
10165, 4413.85
10166, 4412.82
10167, 4413.85
10168, 4415.38
10169, 4412.31
10170, 4410.77
10171, 4407.18
10172, 4411.79
10173, 4414.36
10174, 4406.67
10175, 4410.77
10176, 4412.31
10177, 4407.69
10178, 4409.23
10179, 4411.28
10180, 4414.87
10181, 4412.31
10182, 4407.69
10183, 4409.74
10184, 4407.69
10185, 4408.72
10186, 4412.31
10187, 4410.26
10188, 4412.31
10189, 4413.33
10190, 4410.77
10191, 4408.72
10192, 4410.77
10193, 4415.38
10194, 4408.21
10195, 4404.1
10196, 4412.82
10197, 4414.87
10198, 4410.77
10199, 4408.72
10200, 4412.82
10201, 4412.31
10202, 4405.64
10203, 4407.69
10204, 4406.67
10205, 4409.74
10206, 4418.97
10207, 4411.28
10208, 4406.67
10209, 4416.41
10210, 4416.41
10211, 4407.69
10212, 4405.13
10213, 4412.31
10214, 4410.77
10215, 4402.56
10216, 4408.21
10217, 4413.33
10218, 4411.79
10219, 4411.28
10220, 4409.23
10221, 4411.79
10222, 4411.28
10223, 4409.23
10224, 4409.74
10225, 4403.59
10226, 4405.13
10227, 4410.26
10228, 4408.21
10229, 4408.72
10230, 4408.21
10231, 4410.26
10232, 4412.82
10233, 4408.72
10234, 4408.72
10235, 4414.87
10236, 4420
10237, 4412.82
10238, 4404.1
10239, 4407.18
10240, 4407.69
10241, 4408.21
10242, 4414.36
10243, 4413.85
10244, 4412.31
10245, 4410.26
10246, 4408.72
10247, 4407.69
10248, 4403.08
10249, 4408.72
10250, 4412.82
10251, 4407.69
10252, 4407.18
10253, 4404.1
10254, 4405.13
10255, 4409.74
10256, 4408.21
10257, 4404.62
10258, 4404.1
10259, 4409.74
10260, 4410.26
10261, 4408.21
10262, 4414.87
10263, 4409.23
10264, 4398.97
10265, 4402.05
10266, 4408.21
10267, 4412.82
10268, 4407.18
10269, 4400.51
10270, 4403.08
10271, 4405.13
10272, 4415.38
10273, 4424.1
10274, 4414.36
10275, 4402.05
10276, 4403.59
10277, 4414.87
10278, 4406.15
10279, 4389.23
10280, 4399.49
10281, 4411.28
10282, 4405.64
10283, 4404.1
10284, 4408.21
10285, 4407.18
10286, 4402.05
10287, 4414.87
10288, 4423.08
10289, 4402.05
10290, 4391.28
10291, 4401.03
10292, 4408.72
10293, 4408.72
10294, 4402.56
10295, 4405.13
10296, 4408.72
10297, 4406.67
10298, 4406.15
10299, 4404.1
10300, 4406.67
10301, 4407.18
10302, 4403.59
10303, 4406.15
10304, 4408.21
10305, 4406.67
10306, 4404.62
10307, 4404.1
10308, 4408.72
10309, 4406.67
10310, 4402.56
10311, 4405.64
10312, 4407.18
10313, 4407.69
10314, 4407.69
10315, 4412.31
10316, 4414.36
10317, 4402.56
10318, 4397.44
10319, 4406.15
10320, 4406.15
10321, 4401.54
10322, 4402.56
10323, 4406.67
10324, 4405.64
10325, 4404.62
10326, 4404.62
10327, 4396.92
10328, 4400.51
10329, 4412.82
10330, 4406.67
10331, 4396.41
10332, 4398.46
10333, 4402.56
10334, 4389.74
10335, 4373.85
10336, 4374.87
10337, 4373.33
10338, 4368.72
10339, 4372.31
10340, 4362.56
10341, 4352.82
10342, 4368.21
10343, 4395.9
10344, 4410.26
10345, 4405.13
10346, 4407.69
10347, 4408.72
10348, 4392.31
10349, 4391.79
10350, 4401.54
10351, 4405.64
10352, 4408.21
10353, 4414.87
10354, 4425.64
10355, 4421.54
10356, 4420.51
10357, 4430.77
10358, 4425.13
10359, 4419.49
10360, 4425.13
10361, 4425.64
10362, 4425.64
10363, 4432.31
10364, 4438.97
10365, 4434.87
10366, 4432.82
10367, 4444.1
10368, 4441.54
10369, 4432.82
10370, 4432.82
10371, 4436.41
10372, 4429.23
10373, 4407.69
10374, 4408.72
10375, 4422.56
10376, 4417.44
10377, 4420
10378, 4426.67
10379, 4422.05
10380, 4418.46
10381, 4420.51
10382, 4422.05
10383, 4413.85
10384, 4414.36
10385, 4423.08
10386, 4418.46
10387, 4412.82
10388, 4415.9
10389, 4420
10390, 4421.54
10391, 4414.87
10392, 4412.31
10393, 4414.87
10394, 4414.36
10395, 4422.56
10396, 4424.1
10397, 4412.82
10398, 4412.82
10399, 4426.15
10400, 4428.21
10401, 4408.72
10402, 4402.05
10403, 4415.38
10404, 4416.92
10405, 4409.23
10406, 4409.74
10407, 4420.51
10408, 4423.59
10409, 4412.31
10410, 4416.41
10411, 4424.1
10412, 4411.79
10413, 4404.1
10414, 4404.1
10415, 4409.23
10416, 4417.44
10417, 4411.79
10418, 4405.64
10419, 4409.74
10420, 4414.87
10421, 4412.31
10422, 4409.23
10423, 4413.33
10424, 4409.74
10425, 4409.74
10426, 4420
10427, 4421.54
10428, 4413.85
10429, 4406.67
10430, 4407.69
10431, 4412.82
10432, 4410.77
10433, 4410.77
10434, 4410.26
10435, 4407.18
10436, 4409.74
10437, 4410.26
10438, 4411.28
10439, 4413.33
10440, 4410.26
10441, 4408.21
10442, 4407.69
10443, 4410.77
10444, 4413.85
10445, 4412.82
10446, 4416.92
10447, 4414.36
10448, 4407.18
10449, 4412.31
10450, 4415.38
10451, 4405.64
10452, 4404.1
10453, 4420.51
10454, 4418.46
10455, 4393.85
10456, 4392.82
10457, 4407.69
10458, 4411.79
10459, 4411.28
10460, 4403.08
10461, 4402.56
10462, 4407.69
10463, 4403.08
10464, 4405.64
10465, 4413.33
10466, 4417.44
10467, 4415.38
10468, 4403.08
10469, 4406.15
10470, 4415.9
10471, 4405.64
10472, 4392.82
10473, 4396.92
10474, 4406.15
10475, 4408.21
10476, 4411.28
10477, 4411.79
10478, 4404.1
10479, 4404.62
10480, 4410.26
10481, 4409.23
10482, 4405.13
10483, 4401.54
10484, 4404.62
10485, 4407.18
10486, 4402.56
10487, 4404.1
10488, 4406.67
10489, 4404.62
10490, 4404.1
10491, 4405.13
10492, 4410.77
10493, 4407.69
10494, 4402.56
10495, 4408.21
10496, 4408.72
10497, 4409.23
10498, 4406.67
10499, 4402.05
10500, 4405.13
10501, 4404.62
10502, 4405.64
10503, 4408.72
10504, 4406.67
10505, 4407.69
10506, 4407.69
10507, 4405.64
10508, 4409.23
10509, 4413.85
10510, 4409.23
10511, 4397.44
10512, 4400
10513, 4410.26
10514, 4407.69
10515, 4405.64
10516, 4408.21
10517, 4408.72
10518, 4408.21
10519, 4404.1
10520, 4406.15
10521, 4405.13
10522, 4405.64
10523, 4415.38
10524, 4408.21
10525, 4400
10526, 4405.64
10527, 4407.69
10528, 4407.69
10529, 4409.74
10530, 4409.23
10531, 4400
10532, 4391.79
10533, 4398.46
10534, 4407.18
10535, 4411.28
10536, 4406.15
10537, 4394.36
10538, 4396.41
10539, 4402.56
10540, 4404.1
10541, 4405.13
10542, 4402.56
10543, 4406.67
10544, 4408.21
10545, 4400.51
10546, 4402.05
10547, 4402.56
10548, 4398.46
10549, 4400.51
10550, 4405.13
10551, 4405.13
10552, 4401.54
10553, 4402.56
10554, 4402.05
10555, 4401.03
10556, 4409.23
10557, 4407.18
10558, 4400
10559, 4406.67
10560, 4410.26
10561, 4407.69
10562, 4408.21
10563, 4411.79
10564, 4409.23
10565, 4397.95
10566, 4400
10567, 4405.64
10568, 4403.08
10569, 4402.56
10570, 4403.59
10571, 4405.64
10572, 4406.67
10573, 4407.69
10574, 4407.18
10575, 4395.9
10576, 4395.38
10577, 4408.21
10578, 4409.74
10579, 4404.1
10580, 4399.49
10581, 4400.51
10582, 4408.21
10583, 4408.21
10584, 4404.62
10585, 4406.67
10586, 4413.85
10587, 4415.38
10588, 4403.59
10589, 4404.1
10590, 4410.26
10591, 4407.18
10592, 4406.67
10593, 4404.62
10594, 4402.05
10595, 4392.82
10596, 4389.23
10597, 4402.56
10598, 4408.21
10599, 4405.13
10600, 4404.1
10601, 4404.62
10602, 4405.64
10603, 4403.08
10604, 4401.03
10605, 4403.08
10606, 4404.62
10607, 4409.74
10608, 4408.72
10609, 4401.54
10610, 4401.03
10611, 4403.59
10612, 4406.67
10613, 4403.59
10614, 4402.05
10615, 4411.79
10616, 4408.72
10617, 4405.13
10618, 4415.9
10619, 4417.44
10620, 4405.13
10621, 4397.44
10622, 4405.64
10623, 4405.64
10624, 4392.31
10625, 4395.38
10626, 4403.59
10627, 4403.08
10628, 4403.08
10629, 4403.08
10630, 4405.64
10631, 4411.79
10632, 4410.26
10633, 4404.62
10634, 4405.64
10635, 4403.08
10636, 4369.74
10637, 4348.21
10638, 4373.33
10639, 4387.18
10640, 4370.26
10641, 4366.15
10642, 4381.03
10643, 4395.38
10644, 4403.08
10645, 4412.31
10646, 4418.97
10647, 4424.62
10648, 4433.85
10649, 4433.85
10650, 4431.28
10651, 4431.28
10652, 4426.67
10653, 4427.69
10654, 4429.23
10655, 4430.77
10656, 4445.13
10657, 4451.28
10658, 4442.56
10659, 4435.38
10660, 4436.41
10661, 4444.1
10662, 4442.56
10663, 4442.56
10664, 4444.62
10665, 4439.49
10666, 4439.49
10667, 4444.1
10668, 4453.33
10669, 4457.95
10670, 4449.74
10671, 4453.85
10672, 4463.08
10673, 4458.97
10674, 4447.18
10675, 4443.59
10676, 4449.23
10677, 4449.74
10678, 4445.13
10679, 4440
10680, 4435.38
10681, 4438.97
10682, 4440.51
10683, 4435.38
10684, 4435.38
10685, 4430.77
10686, 4426.15
10687, 4430.77
10688, 4431.28
10689, 4430.77
10690, 4429.74
10691, 4427.69
10692, 4427.69
10693, 4426.15
10694, 4423.08
10695, 4418.97
10696, 4418.97
10697, 4423.59
10698, 4423.08
10699, 4425.13
10700, 4431.28
10701, 4426.67
10702, 4416.92
10703, 4418.97
10704, 4427.69
10705, 4422.56
10706, 4416.92
10707, 4421.03
10708, 4413.33
10709, 4411.28
10710, 4422.56
10711, 4420
10712, 4410.26
10713, 4413.85
10714, 4425.13
10715, 4421.03
10716, 4408.21
10717, 4414.87
10718, 4424.1
10719, 4418.97
10720, 4417.95
10721, 4418.97
10722, 4412.31
10723, 4403.59
10724, 4407.69
10725, 4415.38
10726, 4411.28
10727, 4415.38
10728, 4427.18
10729, 4417.95
10730, 4401.54
10731, 4404.62
10732, 4419.49
10733, 4419.49
10734, 4409.23
10735, 4412.31
10736, 4416.92
10737, 4413.85
10738, 4412.31
10739, 4411.28
10740, 4412.31
10741, 4409.23
10742, 4408.21
10743, 4412.82
10744, 4414.87
10745, 4417.95
10746, 4417.44
10747, 4414.87
10748, 4416.92
10749, 4413.33
10750, 4412.31
10751, 4416.41
10752, 4416.92
10753, 4413.33
10754, 4407.18
10755, 4414.36
10756, 4426.15
10757, 4413.33
10758, 4399.49
10759, 4402.05
10760, 4411.28
10761, 4416.41
10762, 4410.77
10763, 4408.21
10764, 4410.26
10765, 4412.82
10766, 4414.87
10767, 4409.23
10768, 4408.72
10769, 4411.28
10770, 4409.23
10771, 4409.23
10772, 4406.15
10773, 4405.13
10774, 4411.28
10775, 4413.85
10776, 4410.26
10777, 4404.62
10778, 4408.72
10779, 4412.31
10780, 4403.59
10781, 4401.54
10782, 4413.85
10783, 4421.03
10784, 4414.87
10785, 4408.72
10786, 4410.77
10787, 4410.26
10788, 4407.18
10789, 4403.08
10790, 4398.97
10791, 4406.15
10792, 4410.77
10793, 4405.64
10794, 4407.18
10795, 4405.64
10796, 4406.15
10797, 4416.41
10798, 4416.92
10799, 4412.82
10800, 4411.28
10801, 4413.33
10802, 4411.28
10803, 4398.46
10804, 4394.36
10805, 4400
10806, 4407.69
10807, 4409.74
10808, 4402.05
10809, 4406.15
10810, 4413.85
10811, 4410.26
10812, 4405.13
10813, 4404.62
10814, 4406.15
10815, 4402.56
10816, 4403.59
10817, 4409.23
10818, 4406.15
10819, 4403.59
10820, 4405.13
10821, 4403.59
10822, 4404.1
10823, 4405.13
10824, 4405.64
10825, 4407.18
10826, 4409.23
10827, 4414.36
10828, 4411.79
10829, 4409.23
10830, 4413.33
10831, 4409.74
10832, 4404.1
10833, 4401.03
10834, 4395.38
10835, 4394.36
10836, 4397.44
10837, 4406.15
10838, 4414.87
10839, 4410.26
10840, 4396.92
10841, 4394.36
10842, 4406.15
10843, 4407.69
10844, 4398.46
10845, 4406.15
10846, 4416.41
10847, 4413.33
10848, 4407.18
10849, 4399.49
10850, 4400.51
10851, 4410.26
10852, 4407.69
10853, 4396.41
10854, 4392.82
10855, 4401.03
10856, 4398.97
10857, 4380.51
10858, 4374.36
10859, 4385.13
10860, 4392.82
10861, 4391.28
10862, 4389.74
10863, 4389.74
10864, 4393.85
10865, 4419.49
10866, 4439.49
10867, 4432.82
10868, 4435.9
10869, 4448.72
10870, 4453.85
10871, 4454.87
10872, 4454.36
10873, 4453.85
10874, 4450.26
10875, 4449.23
10876, 4453.33
10877, 4451.28
10878, 4457.44
10879, 4463.08
10880, 4457.44
10881, 4452.82
10882, 4448.72
10883, 4450.77
10884, 4450.77
10885, 4448.72
10886, 4453.33
10887, 4452.31
10888, 4455.38
10889, 4463.08
10890, 4460.51
10891, 4458.97
10892, 4463.08
10893, 4466.15
10894, 4470.26
10895, 4462.05
10896, 4451.79
10897, 4453.85
10898, 4459.49
10899, 4457.95
10900, 4450.77
10901, 4446.67
10902, 4442.05
10903, 4439.49
10904, 4443.08
10905, 4441.03
10906, 4441.54
10907, 4443.08
10908, 4435.38
10909, 4435.9
10910, 4446.15
10911, 4450.26
10912, 4434.36
10913, 4418.97
10914, 4429.74
10915, 4434.36
10916, 4423.59
10917, 4421.54
10918, 4423.59
10919, 4425.13
10920, 4427.69
10921, 4430.26
10922, 4431.79
10923, 4427.18
10924, 4421.03
10925, 4418.97
10926, 4421.54
10927, 4427.18
10928, 4428.72
10929, 4428.21
10930, 4425.13
10931, 4412.82
10932, 4404.62
10933, 4404.1
10934, 4402.56
10935, 4392.31
10936, 4376.41
10937, 4383.08
10938, 4402.56
10939, 4405.13
10940, 4393.85
10941, 4384.1
10942, 4390.26
10943, 4402.05
10944, 4404.62
10945, 4407.69
10946, 4422.05
10947, 4438.46
10948, 4436.41
10949, 4433.33
10950, 4440
10951, 4425.64
10952, 4411.28
10953, 4422.56
10954, 4428.72
10955, 4424.62
10956, 4430.77
10957, 4440
10958, 4436.92
10959, 4437.95
10960, 4449.74
10961, 4454.36
10962, 4467.69
10963, 4479.49
10964, 4475.9
10965, 4480.51
10966, 4487.18
10967, 4475.9
10968, 4464.1
10969, 4468.21
10970, 4478.97
10971, 4479.49
10972, 4469.74
10973, 4467.69
10974, 4474.36
10975, 4484.62
10976, 4485.13
10977, 4474.36
10978, 4471.79
10979, 4469.23
10980, 4463.59
10981, 4466.67
10982, 4469.74
10983, 4471.28
10984, 4474.87
10985, 4473.85
10986, 4469.74
10987, 4469.23
10988, 4470.77
10989, 4467.69
10990, 4465.64
10991, 4466.15
10992, 4464.62
10993, 4466.15
10994, 4465.64
10995, 4462.56
10996, 4465.13
10997, 4464.1
10998, 4462.56
10999, 4464.62
11000, 4460.51
11001, 4458.97
11002, 4462.05
11003, 4466.15
11004, 4467.69
11005, 4460
11006, 4456.92
11007, 4462.05
11008, 4464.1
11009, 4462.56
11010, 4461.54
11011, 4462.56
11012, 4462.05
11013, 4460
11014, 4458.97
11015, 4456.92
11016, 4460
11017, 4460
11018, 4455.9
11019, 4461.03
11020, 4462.05
11021, 4459.49
11022, 4456.92
11023, 4455.38
11024, 4460.51
11025, 4459.49
11026, 4454.87
11027, 4457.95
11028, 4456.41
11029, 4453.33
11030, 4454.87
11031, 4460.51
11032, 4465.13
11033, 4459.49
11034, 4457.44
11035, 4456.41
11036, 4447.69
11037, 4447.18
11038, 4452.31
11039, 4457.44
11040, 4458.97
11041, 4457.44
11042, 4458.46
11043, 4452.82
11044, 4445.13
11045, 4440
11046, 4440.51
11047, 4451.28
11048, 4453.85
11049, 4445.13
11050, 4443.59
11051, 4446.67
11052, 4448.72
11053, 4451.28
11054, 4455.38
11055, 4451.28
11056, 4447.69
11057, 4455.9
11058, 4454.36
11059, 4445.13
11060, 4445.64
11061, 4442.05
11062, 4440
11063, 4445.13
11064, 4444.1
11065, 4445.13
11066, 4445.64
11067, 4445.13
11068, 4450.77
11069, 4447.18
11070, 4437.95
11071, 4439.49
11072, 4446.15
11073, 4445.64
11074, 4441.54
11075, 4444.1
11076, 4445.64
11077, 4444.1
11078, 4446.67
11079, 4448.72
11080, 4449.23
11081, 4447.69
11082, 4449.74
11083, 4452.82
11084, 4445.13
11085, 4436.92
11086, 4436.92
11087, 4436.41
11088, 4437.44
11089, 4438.46
11090, 4441.03
11091, 4441.03
11092, 4443.59
11093, 4450.26
11094, 4442.56
11095, 4433.85
11096, 4440
11097, 4443.59
11098, 4442.56
11099, 4438.97
11100, 4437.95
11101, 4443.59
11102, 4441.54
11103, 4436.41
11104, 4441.54
11105, 4447.18
11106, 4447.69
11107, 4436.92
11108, 4431.28
11109, 4442.05
11110, 4447.69
11111, 4445.13
11112, 4435.38
11113, 4426.67
11114, 4431.28
11115, 4442.56
11116, 4441.03
11117, 4430.26
11118, 4436.92
11119, 4447.18
11120, 4432.31
11121, 4420.51
11122, 4429.23
11123, 4440.51
11124, 4441.03
11125, 4436.41
11126, 4435.9
11127, 4437.44
11128, 4442.56
11129, 4451.79
11130, 4448.21
11131, 4437.44
11132, 4436.92
11133, 4440
11134, 4443.59
11135, 4441.54
11136, 4436.41
11137, 4437.44
11138, 4433.85
11139, 4428.21
11140, 4429.23
11141, 4429.74
11142, 4429.74
11143, 4431.28
11144, 4433.33
11145, 4430.77
11146, 4433.85
11147, 4437.95
11148, 4434.87
11149, 4438.46
11150, 4437.95
11151, 4431.79
11152, 4437.44
11153, 4438.97
11154, 4431.28
11155, 4431.28
11156, 4438.46
11157, 4438.46
11158, 4428.21
11159, 4427.69
11160, 4435.38
11161, 4432.82
11162, 4430.77
11163, 4436.92
11164, 4440
11165, 4434.87
11166, 4424.1
11167, 4424.62
11168, 4434.87
11169, 4434.87
11170, 4428.72
11171, 4426.67
11172, 4429.74
11173, 4429.74
11174, 4429.74
11175, 4431.79
11176, 4429.23
11177, 4431.79
11178, 4433.33
11179, 4426.67
11180, 4426.67
11181, 4427.69
11182, 4423.59
11183, 4423.59
11184, 4424.1
11185, 4425.13
11186, 4426.67
11187, 4430.26
11188, 4433.85
11189, 4426.67
11190, 4423.08
11191, 4432.31
11192, 4436.41
11193, 4431.28
11194, 4423.59
11195, 4423.08
11196, 4425.64
11197, 4424.62
11198, 4426.15
11199, 4427.69
11200, 4430.26
11201, 4429.74
11202, 4424.1
11203, 4425.64
11204, 4428.21
11205, 4428.21
11206, 4429.74
11207, 4430.26
11208, 4432.31
11209, 4428.21
11210, 4421.54
11211, 4423.59
11212, 4424.62
11213, 4420.51
11214, 4418.46
11215, 4423.08
11216, 4424.1
11217, 4416.92
11218, 4425.64
11219, 4438.46
11220, 4429.23
11221, 4417.44
11222, 4422.05
11223, 4426.67
11224, 4422.05
11225, 4424.62
11226, 4431.28
11227, 4424.62
11228, 4416.92
11229, 4421.54
11230, 4422.05
11231, 4423.08
11232, 4432.31
11233, 4431.79
11234, 4422.05
11235, 4417.44
11236, 4425.13
11237, 4430.77
11238, 4424.62
11239, 4419.49
11240, 4421.03
11241, 4424.1
11242, 4421.03
11243, 4416.92
11244, 4423.08
11245, 4426.15
11246, 4426.67
11247, 4428.72
11248, 4428.72
11249, 4435.38
11250, 4432.82
11251, 4420.51
11252, 4420
11253, 4429.23
11254, 4429.23
11255, 4415.38
11256, 4415.38
11257, 4423.59
11258, 4419.49
11259, 4418.97
11260, 4424.1
11261, 4420
11262, 4418.46
11263, 4423.59
11264, 4425.13
11265, 4423.59
11266, 4420
11267, 4421.54
11268, 4422.56
11269, 4419.49
11270, 4422.05
11271, 4425.64
11272, 4424.1
11273, 4420.51
11274, 4423.59
11275, 4430.26
11276, 4422.56
11277, 4415.9
11278, 4419.49
11279, 4418.46
11280, 4417.44
11281, 4416.92
11282, 4421.03
11283, 4423.59
11284, 4420
11285, 4419.49
11286, 4421.03
11287, 4423.08
11288, 4420
11289, 4417.44
11290, 4424.62
11291, 4424.1
11292, 4419.49
11293, 4418.97
11294, 4418.97
11295, 4426.15
11296, 4426.67
11297, 4418.97
11298, 4421.03
11299, 4423.59
11300, 4419.49
11301, 4421.03
11302, 4424.62
11303, 4419.49
11304, 4414.87
11305, 4422.56
11306, 4426.67
11307, 4413.33
11308, 4411.28
11309, 4417.44
11310, 4419.49
11311, 4422.56
11312, 4423.59
11313, 4424.1
11314, 4422.05
11315, 4422.05
11316, 4419.49
11317, 4413.85
11318, 4417.95
11319, 4422.56
11320, 4423.08
11321, 4422.56
11322, 4418.46
11323, 4420.51
11324, 4423.08
11325, 4420.51
11326, 4421.03
11327, 4420
11328, 4421.54
11329, 4425.13
11330, 4421.03
11331, 4414.87
11332, 4415.38
11333, 4422.05
11334, 4423.08
11335, 4417.44
11336, 4420.51
11337, 4420.51
11338, 4411.28
11339, 4413.33
11340, 4419.49
11341, 4418.97
11342, 4413.85
11343, 4415.38
11344, 4420
11345, 4414.87
11346, 4412.82
11347, 4418.97
11348, 4421.03
11349, 4419.49
11350, 4413.85
11351, 4417.44
11352, 4422.05
11353, 4417.44
11354, 4420
11355, 4422.56
11356, 4419.49
11357, 4423.08
11358, 4423.59
11359, 4411.79
11360, 4405.64
11361, 4420
11362, 4429.23
11363, 4416.92
11364, 4406.67
11365, 4411.79
11366, 4415.9
11367, 4417.44
11368, 4414.36
11369, 4414.36
11370, 4416.41
11371, 4413.85
11372, 4415.9
11373, 4417.95
11374, 4416.92
11375, 4416.41
11376, 4417.95
11377, 4417.44
11378, 4407.18
11379, 4405.13
11380, 4403.08
11381, 4378.46
11382, 4363.59
11383, 4372.31
11384, 4375.38
11385, 4363.08
11386, 4344.62
11387, 4340.51
11388, 4354.36
11389, 4362.56
11390, 4360
11391, 4364.62
11392, 4380, estimuli
11393, 4380
11394, 4368.72
11395, 4373.33
11396, 4380.51
11397, 4374.87
11398, 4370.26
11399, 4375.38
11400, 4380
11401, 4373.33
11402, 4371.79
11403, 4386.15
11404, 4393.33
11405, 4390.26
11406, 4386.67
11407, 4389.23
11408, 4397.95
11409, 4402.56
11410, 4411.79
11411, 4415.38
11412, 4412.31
11413, 4416.92
11414, 4417.95
11415, 4412.82
11416, 4411.79
11417, 4416.92
11418, 4417.95
11419, 4409.23
11420, 4404.1
11421, 4408.21
11422, 4415.38
11423, 4418.46
11424, 4413.33
11425, 4411.79
11426, 4417.44
11427, 4418.46
11428, 4423.59
11429, 4425.64
11430, 4417.95
11431, 4417.95
11432, 4419.49
11433, 4417.44
11434, 4415.38
11435, 4416.92
11436, 4423.08
11437, 4426.67
11438, 4421.03
11439, 4411.79
11440, 4415.9
11441, 4424.1
11442, 4417.44
11443, 4411.79
11444, 4416.92
11445, 4421.03
11446, 4422.56
11447, 4418.46
11448, 4420
11449, 4427.18
11450, 4421.54
11451, 4414.36
11452, 4411.28
11453, 4411.28
11454, 4421.03
11455, 4420.51
11456, 4412.31
11457, 4411.28
11458, 4420
11459, 4428.72
11460, 4422.56
11461, 4417.44
11462, 4419.49
11463, 4419.49
11464, 4418.97
11465, 4416.92
11466, 4416.41
11467, 4417.44
11468, 4419.49
11469, 4422.56
11470, 4417.95
11471, 4414.36
11472, 4421.03
11473, 4422.05
11474, 4414.87
11475, 4410.77
11476, 4433.85
11477, 4474.36
11478, 4458.46
11479, 4378.97
11480, 4317.95
11481, 4322.56
11482, 4374.36
11483, 4447.69
11484, 4508.72
11485, 4513.33
11486, 4476.41
11487, 4452.31
11488, 4377.95
11489, 4267.18
11490, 4280.51
11491, 4377.44
11492, 4455.38
11493, 4534.87
11494, 4556.92
11495, 4467.18
11496, 4346.67
11497, 4276.92
11498, 4286.67
11499, 4366.15
11500, 4461.03
11501, 4538.46
11502, 4553.85
11503, 4469.74
11504, 4353.33
11505, 4278.97
11506, 4283.08
11507, 4365.13
11508, 4461.03
11509, 4536.92
11510, 4555.38
11511, 4472.82
11512, 4353.85
11513, 4281.03
11514, 4290.26
11515, 4374.36
11516, 4467.18
11517, 4536.41
11518, 4549.74
11519, 4461.54
11520, 4342.56
11521, 4280
11522, 4292.31
11523, 4368.21
11524, 4461.03
11525, 4530.77
11526, 4532.31
11527, 4456.92
11528, 4364.62
11529, 4306.67
11530, 4315.38
11531, 4385.64
11532, 4473.85
11533, 4544.62
11534, 4549.74
11535, 4478.46
11536, 4380
11537, 4310.26
11538, 4314.36
11539, 4385.13
11540, 4475.38
11541, 4542.56
11542, 4538.46
11543, 4467.69
11544, 4385.64
11545, 4325.64
11546, 4318.46
11547, 4378.46
11548, 4473.85
11549, 4540
11550, 4530.26
11551, 4460.51
11552, 4378.46
11553, 4323.08
11554, 4320.51
11555, 4378.97
11556, 4470.26
11557, 4537.95
11558, 4536.41
11559, 4464.62
11560, 4371.28
11561, 4316.41
11562, 4319.49
11563, 4375.38
11564, 4461.03
11565, 4518.46
11566, 4511.28
11567, 4447.18
11568, 4361.54
11569, 4300.51
11570, 4301.54
11571, 4372.31
11572, 4463.59
11573, 4519.49
11574, 4510.77
11575, 4437.95
11576, 4350.26
11577, 4297.44
11578, 4305.13
11579, 4372.31
11580, 4456.92
11581, 4518.97
11582, 4517.44
11583, 4441.54
11584, 4353.85
11585, 4306.67
11586, 4314.87
11587, 4374.36
11588, 4455.9
11589, 4518.46
11590, 4516.41
11591, 4443.59
11592, 4357.44
11593, 4304.62
11594, 4312.31
11595, 4377.95
11596, 4465.13
11597, 4529.23
11598, 4517.44
11599, 4449.74
11600, 4381.03
11601, 4320
11602, 4306.15
11603, 4371.79
11604, 4464.62
11605, 4494.36
11606, 4451.28
11607, 4417.44
11608, 4417.44
11609, 4418.97
11610, 4413.85
11611, 4409.74
11612, 4414.87
11613, 4423.08
11614, 4421.54
11615, 4421.03
11616, 4429.23
11617, 4421.03
11618, 4401.03
11619, 4404.1
11620, 4420
11621, 4412.31
11622, 4410.26
11623, 4427.69
11624, 4422.56
11625, 4407.18
11626, 4414.36
11627, 4425.64
11628, 4420.51
11629, 4411.79
11630, 4409.23
11631, 4408.72
11632, 4417.44
11633, 4424.1
11634, 4413.85
11635, 4414.36
11636, 4421.54
11637, 4414.87
11638, 4414.36
11639, 4419.49
11640, 4421.54
11641, 4417.44
11642, 4410.77
11643, 4412.82
11644, 4413.33
11645, 4411.28
11646, 4414.36
11647, 4414.36
11648, 4413.33
11649, 4409.23
11650, 4407.69
11651, 4415.9
11652, 4416.41
11653, 4414.36
11654, 4420
11655, 4425.64
11656, 4420.51
11657, 4409.23
11658, 4406.15
11659, 4409.23
11660, 4410.77
11661, 4410.26
11662, 4407.69
11663, 4410.77
11664, 4415.38
11665, 4411.79
11666, 4409.74
11667, 4413.33
11668, 4416.92
11669, 4418.46
11670, 4414.87
11671, 4409.23
11672, 4407.18
11673, 4416.92
11674, 4424.1
11675, 4413.33
11676, 4410.77
11677, 4419.49
11678, 4421.54
11679, 4414.87
11680, 4403.08
11681, 4406.15
11682, 4418.46
11683, 4418.97
11684, 4412.82
11685, 4404.1
11686, 4398.97
11687, 4409.74
11688, 4418.97
11689, 4416.92
11690, 4411.28
11691, 4409.23
11692, 4412.31
11693, 4412.82
11694, 4411.79
11695, 4412.82
11696, 4414.87
11697, 4415.38
11698, 4414.87
11699, 4415.9
11700, 4414.87
11701, 4411.79
11702, 4414.36
11703, 4412.82
11704, 4414.36
11705, 4417.95
11706, 4413.33
11707, 4410.26
11708, 4408.21
11709, 4414.87
11710, 4423.08
11711, 4415.38
11712, 4412.31
11713, 4414.87
11714, 4413.33
11715, 4411.28
11716, 4410.26
11717, 4413.85
11718, 4414.36
11719, 4406.67
11720, 4403.08
11721, 4405.13
11722, 4410.26
11723, 4411.79
11724, 4409.23
11725, 4414.87
11726, 4415.9
11727, 4410.26
11728, 4404.62
11729, 4405.13
11730, 4412.31
11731, 4407.69
11732, 4406.67
11733, 4410.77
11734, 4405.13
11735, 4410.77
11736, 4420
11737, 4413.85
11738, 4408.21
11739, 4408.21
11740, 4409.74
11741, 4410.26
11742, 4412.31
11743, 4413.33
11744, 4403.59
11745, 4404.1
11746, 4411.28
11747, 4407.69
11748, 4408.21
11749, 4407.18
11750, 4407.69
11751, 4409.23
11752, 4407.69
11753, 4410.26
11754, 4409.23
11755, 4407.18
11756, 4410.26
11757, 4410.26
11758, 4411.28
11759, 4408.21
11760, 4406.67
11761, 4407.69
11762, 4404.1
11763, 4408.72
11764, 4414.36
11765, 4407.69
11766, 4403.59
11767, 4408.21
11768, 4410.26
11769, 4398.97
11770, 4394.36
11771, 4407.69
11772, 4410.26
11773, 4399.49
11774, 4402.56
11775, 4412.82
11776, 4409.74
11777, 4397.44
11778, 4402.05
11779, 4412.31
11780, 4408.72
11781, 4405.64
11782, 4404.62
11783, 4400
11784, 4401.03
11785, 4401.54
11786, 4403.59
11787, 4404.62
11788, 4407.18
11789, 4408.21
11790, 4401.54
11791, 4406.67
11792, 4415.38
11793, 4406.67
11794, 4400
11795, 4407.18
11796, 4411.28
11797, 4402.05
11798, 4399.49
11799, 4406.15
11800, 4405.64
11801, 4407.18
11802, 4407.18
11803, 4397.95
11804, 4407.18
11805, 4417.44
11806, 4406.15
11807, 4407.18
11808, 4416.92
11809, 4410.77
11810, 4397.95
11811, 4392.31
11812, 4397.44
11813, 4403.08
11814, 4407.18
11815, 4410.26
11816, 4406.67
11817, 4406.15
11818, 4410.26
11819, 4411.79
11820, 4404.1
11821, 4396.41
11822, 4402.05
11823, 4406.67
11824, 4405.13
11825, 4403.59
11826, 4403.08
11827, 4407.69
11828, 4406.67
11829, 4403.08
11830, 4406.15
11831, 4405.13
11832, 4405.13
11833, 4408.72
11834, 4405.64
11835, 4400
11836, 4396.92
11837, 4395.38
11838, 4382.05
11839, 4361.54
11840, 4351.79
11841, 4350.77
11842, 4351.28
11843, 4340
11844, 4335.9
11845, 4355.9
11846, 4363.08
11847, 4357.44
11848, 4365.64
11849, 4370.77
11850, 4375.9
11851, 4381.03
11852, 4368.72
11853, 4362.56
11854, 4372.31
11855, 4376.92
11856, 4370.26
11857, 4375.38
11858, 4390.26
11859, 4384.1
11860, 4378.97
11861, 4387.18
11862, 4386.15
11863, 4384.62
11864, 4386.67
11865, 4393.33
11866, 4397.44
11867, 4390.77
11868, 4390.77
11869, 4397.44
11870, 4407.18
11871, 4413.85
11872, 4402.56
11873, 4396.92
11874, 4396.92
11875, 4389.74
11876, 4385.13
11877, 4390.77
11878, 4403.08
11879, 4408.21
11880, 4407.18
11881, 4404.1
11882, 4400
11883, 4402.05
11884, 4402.05
11885, 4401.03
11886, 4406.15
11887, 4405.64
11888, 4403.08
11889, 4407.18
11890, 4405.64
11891, 4407.18
11892, 4403.59
11893, 4397.44
11894, 4407.18
11895, 4408.72
11896, 4405.13
11897, 4409.74
11898, 4409.23
11899, 4401.54
11900, 4398.46
11901, 4404.62
11902, 4403.08
11903, 4401.03
11904, 4405.64
11905, 4406.15
11906, 4409.23
11907, 4410.26
11908, 4404.62
11909, 4405.64
11910, 4406.15
11911, 4402.56
11912, 4409.23
11913, 4408.72
11914, 4401.54
11915, 4429.23
11916, 4468.72
11917, 4439.49
11918, 4351.28
11919, 4298.97
11920, 4315.9
11921, 4377.44
11922, 4456.41
11923, 4504.1
11924, 4504.1
11925, 4475.9
11926, 4431.79
11927, 4337.44
11928, 4253.85
11929, 4290.26
11930, 4371.28
11931, 4448.72
11932, 4540.51
11933, 4542.05
11934, 4441.03
11935, 4338.46
11936, 4273.85
11937, 4285.64
11938, 4367.18
11939, 4464.1
11940, 4543.59
11941, 4532.82
11942, 4435.38
11943, 4331.79
11944, 4265.64
11945, 4288.21
11946, 4381.54
11947, 4476.92
11948, 4546.67
11949, 4538.97
11950, 4436.92
11951, 4318.97
11952, 4267.18
11953, 4305.13
11954, 4382.56
11955, 4458.97
11956, 4529.74
11957, 4531.28
11958, 4434.87
11959, 4327.69
11960, 4280.51
11961, 4300
11962, 4381.03
11963, 4476.92
11964, 4529.23
11965, 4514.36
11966, 4432.31
11967, 4333.33
11968, 4278.46
11969, 4294.87
11970, 4376.92
11971, 4469.74
11972, 4522.56
11973, 4509.74
11974, 4431.79
11975, 4336.92
11976, 4282.56
11977, 4304.1
11978, 4384.1
11979, 4466.67
11980, 4522.56
11981, 4513.85
11982, 4424.1
11983, 4328.21
11984, 4285.13
11985, 4310.26
11986, 4384.62
11987, 4462.05
11988, 4514.36
11989, 4504.1
11990, 4426.15
11991, 4337.44
11992, 4286.67
11993, 4305.13
11994, 4376.41
11995, 4456.92
11996, 4513.85
11997, 4503.08
11998, 4429.23
11999, 4344.1
12000, 4285.64
12001, 4300.51
12002, 4385.64
12003, 4471.79
12004, 4510.77
12005, 4487.69
12006, 4417.95
12007, 4333.85
12008, 4288.21
12009, 4315.9
12010, 4380.51
12011, 4454.87
12012, 4507.69
12013, 4492.31
12014, 4418.97
12015, 4332.31
12016, 4284.1
12017, 4305.64
12018, 4382.56
12019, 4470.77
12020, 4516.41
12021, 4492.82
12022, 4413.33
12023, 4334.87
12024, 4304.62
12025, 4317.44
12026, 4380
12027, 4469.74
12028, 4510.26
12029, 4479.49
12030, 4412.82
12031, 4337.95
12032, 4289.74
12033, 4311.79
12034, 4396.41
12035, 4476.41
12036, 4511.28
12037, 4496.41
12038, 4430.26
12039, 4350.77
12040, 4302.05
12041, 4315.9
12042, 4399.49
12043, 4481.54
12044, 4485.64
12045, 4431.79
12046, 4400.51
12047, 4409.23
12048, 4401.54
12049, 4385.13
12050, 4393.85
12051, 4398.97
12052, 4396.92
12053, 4400
12054, 4398.46
12055, 4397.44
12056, 4402.05
12057, 4408.72
12058, 4400
12059, 4391.79
12060, 4405.13
12061, 4414.87
12062, 4409.74
12063, 4395.9
12064, 4385.13
12065, 4390.77
12066, 4400
12067, 4400.51
12068, 4394.87
12069, 4395.38
12070, 4407.18
12071, 4403.08
12072, 4390.26
12073, 4393.33
12074, 4402.56
12075, 4404.62
12076, 4397.95
12077, 4393.85
12078, 4397.95
12079, 4397.95
12080, 4394.87
12081, 4397.44
12082, 4397.95
12083, 4397.44
12084, 4396.41
12085, 4397.44
12086, 4397.44
12087, 4396.92
12088, 4404.62
12089, 4404.1
12090, 4396.92
12091, 4403.08
12092, 4406.15
12093, 4399.49
12094, 4396.41
12095, 4401.03
12096, 4400.51
12097, 4387.18
12098, 4383.59
12099, 4394.36
12100, 4397.44
12101, 4395.9
12102, 4402.56
12103, 4410.26
12104, 4402.05
12105, 4391.28
12106, 4390.26
12107, 4387.69
12108, 4392.31
12109, 4399.49
12110, 4397.95
12111, 4401.03
12112, 4403.08
12113, 4399.49
12114, 4396.92
12115, 4396.92
12116, 4404.62
12117, 4405.64
12118, 4395.9
12119, 4390.77
12120, 4395.9
12121, 4405.13
12122, 4402.05
12123, 4394.87
12124, 4400
12125, 4401.03
12126, 4397.44
12127, 4397.95
12128, 4402.05
12129, 4406.67
12130, 4400
12131, 4392.82
12132, 4397.44
12133, 4402.05
12134, 4398.46
12135, 4394.36
12136, 4405.13
12137, 4413.85
12138, 4398.97
12139, 4395.38
12140, 4407.69
12141, 4399.49
12142, 4380.51
12143, 4386.67
12144, 4409.23
12145, 4407.69
12146, 4388.21
12147, 4386.15
12148, 4392.31
12149, 4395.38
12150, 4399.49
12151, 4396.92
12152, 4393.33
12153, 4394.87
12154, 4396.92
12155, 4394.87
12156, 4392.82
12157, 4399.49
12158, 4396.41
12159, 4396.41
12160, 4405.13
12161, 4400
12162, 4396.41
12163, 4398.46
12164, 4395.9
12165, 4395.38
12166, 4393.33
12167, 4396.92
12168, 4401.54
12169, 4397.44
12170, 4396.92
12171, 4404.1
12172, 4407.69
12173, 4399.49
12174, 4393.85
12175, 4397.95
12176, 4396.92
12177, 4393.33
12178, 4394.87
12179, 4394.36
12180, 4396.92
12181, 4397.95
12182, 4396.41
12183, 4397.44
12184, 4399.49
12185, 4402.05
12186, 4398.46
12187, 4393.85
12188, 4394.87
12189, 4391.28
12190, 4393.85
12191, 4403.08
12192, 4401.54
12193, 4394.36
12194, 4392.31
12195, 4395.9
12196, 4396.92
12197, 4393.33
12198, 4398.46
12199, 4403.59
12200, 4398.97
12201, 4394.36
12202, 4391.28
12203, 4392.82
12204, 4393.33
12205, 4394.87
12206, 4398.97
12207, 4398.97
12208, 4401.54
12209, 4397.95
12210, 4389.74
12211, 4394.36
12212, 4397.44
12213, 4392.82
12214, 4390.77
12215, 4396.41
12216, 4400.51
12217, 4392.31
12218, 4389.23
12219, 4395.9
12220, 4397.44
12221, 4397.95
12222, 4394.87
12223, 4391.79
12224, 4396.41
12225, 4399.49
12226, 4398.97
12227, 4401.03
12228, 4400.51
12229, 4395.9
12230, 4387.69
12231, 4388.72
12232, 4393.85
12233, 4394.87
12234, 4394.87
12235, 4393.33
12236, 4395.38
12237, 4392.31
12238, 4393.85
12239, 4406.15
12240, 4401.03
12241, 4391.28
12242, 4401.03
12243, 4408.21
12244, 4395.9
12245, 4382.05
12246, 4386.67
12247, 4396.41
12248, 4398.97
12249, 4402.05
12250, 4397.44
12251, 4389.23
12252, 4394.36
12253, 4403.08
12254, 4404.1
12255, 4395.38
12256, 4392.31
12257, 4400.51
12258, 4396.41
12259, 4389.23
12260, 4393.85
12261, 4394.87
12262, 4394.36
12263, 4394.36
12264, 4396.92
12265, 4398.97
12266, 4394.87
12267, 4396.92
12268, 4396.41
12269, 4393.33
12270, 4396.41
12271, 4397.95
12272, 4393.85
12273, 4388.72
12274, 4391.79
12275, 4396.92
12276, 4390.77
12277, 4392.31
12278, 4400
12279, 4394.87
12280, 4394.36
12281, 4402.56
12282, 4404.1
12283, 4390.26
12284, 4384.62
12285, 4398.97
12286, 4401.54
12287, 4393.85
12288, 4392.31
12289, 4394.87
12290, 4402.05
12291, 4400.51
12292, 4391.79
12293, 4393.33
12294, 4395.9
12295, 4395.38
12296, 4393.85
12297, 4395.9
12298, 4396.92
12299, 4396.92
12300, 4405.13
12301, 4404.1
12302, 4393.33
12303, 4396.92
12304, 4397.44
12305, 4385.64
12306, 4382.56
12307, 4386.67
12308, 4395.38
12309, 4407.69
12310, 4406.15
12311, 4391.28
12312, 4391.28
12313, 4403.08
12314, 4392.31
12315, 4385.13
12316, 4396.41
12317, 4394.87
12318, 4396.41
12319, 4406.15
12320, 4400
12321, 4391.28
12322, 4392.82
12323, 4397.95
12324, 4392.31
12325, 4388.21
12326, 4396.41
12327, 4398.46
12328, 4398.46
12329, 4397.95
12330, 4391.79
12331, 4396.92
12332, 4401.03
12333, 4392.82
12334, 4396.92
12335, 4410.26
12336, 4407.18
12337, 4390.77
12338, 4389.74
12339, 4396.41
12340, 4394.36
12341, 4398.46
12342, 4397.44
12343, 4393.33
12344, 4402.05
12345, 4406.15
12346, 4403.59
12347, 4402.56
12348, 4400
12349, 4395.38
12350, 4390.77
12351, 4394.87
12352, 4391.79
12353, 4384.1
12354, 4395.38
12355, 4402.05
12356, 4395.38
12357, 4396.41
12358, 4396.92
12359, 4393.85
12360, 4392.31
12361, 4400.51
12362, 4405.64
12363, 4394.36
12364, 4388.72
12365, 4394.87
12366, 4397.95
12367, 4396.92
12368, 4396.41
12369, 4395.9
12370, 4394.87
12371, 4393.33
12372, 4394.36
12373, 4396.92
12374, 4400.51
12375, 4399.49
12376, 4396.92
12377, 4402.56
12378, 4402.05
12379, 4395.38
12380, 4393.33
12381, 4394.36
12382, 4403.08
12383, 4402.56
12384, 4395.9
12385, 4395.38
12386, 4392.31
12387, 4400
12388, 4403.59
12389, 4391.79
12390, 4392.31
12391, 4397.95
12392, 4396.92
12393, 4397.44
12394, 4397.95
12395, 4396.92
12396, 4397.95
12397, 4401.54
12398, 4397.44
12399, 4394.36
12400, 4397.44
12401, 4394.36
12402, 4392.82
12403, 4395.38
12404, 4392.82
12405, 4398.97
12406, 4406.67
12407, 4400.51
12408, 4392.82
12409, 4397.44
12410, 4406.67
12411, 4397.95
12412, 4391.28
12413, 4399.49
12414, 4400
12415, 4404.62
12416, 4407.69
12417, 4394.36
12418, 4394.36
12419, 4400
12420, 4394.87
12421, 4394.87
12422, 4400
12423, 4399.49
12424, 4394.87
12425, 4395.9
12426, 4398.46
12427, 4392.82
12428, 4394.36
12429, 4398.46
12430, 4396.92
12431, 4395.9
12432, 4396.92
12433, 4398.46
12434, 4394.36
12435, 4392.82
12436, 4401.03
12437, 4398.97
12438, 4397.44
12439, 4401.54
12440, 4400.51
12441, 4406.67
12442, 4402.05
12443, 4391.28
12444, 4395.9
12445, 4397.44
12446, 4398.46
12447, 4401.54
12448, 4399.49
12449, 4397.44
12450, 4400.51
12451, 4402.56
12452, 4398.97
12453, 4402.05
12454, 4399.49
12455, 4385.13
12456, 4385.13
12457, 4393.85
12458, 4393.33
12459, 4392.31
12460, 4396.92
12461, 4403.08
12462, 4400.51
12463, 4398.46
12464, 4402.05
12465, 4402.56
12466, 4404.1
12467, 4402.56
12468, 4391.79
12469, 4393.85
12470, 4397.44
12471, 4385.13
12472, 4379.49
12473, 4387.18
12474, 4396.41
12475, 4397.95
12476, 4395.38
12477, 4392.31
12478, 4389.74
12479, 4395.9
12480, 4395.38
12481, 4391.79
12482, 4397.44
12483, 4395.9
12484, 4392.31
12485, 4393.85
12486, 4393.85
12487, 4396.41
12488, 4394.36
12489, 4393.85
12490, 4396.41
12491, 4392.82
12492, 4392.82
12493, 4401.03
12494, 4405.13
12495, 4399.49
12496, 4391.28
12497, 4395.38
12498, 4395.38
12499, 4392.31
12500, 4402.05
12501, 4405.13
12502, 4395.38
12503, 4386.67
12504, 4392.31
12505, 4403.08
12506, 4395.38
12507, 4386.67
12508, 4395.9
12509, 4405.64
12510, 4401.54
12511, 4389.74
12512, 4391.28
12513, 4400
12514, 4396.41
12515, 4394.87
12516, 4396.92
12517, 4393.33
12518, 4393.85
12519, 4403.59
12520, 4409.23
12521, 4398.46
12522, 4394.36
12523, 4401.54
12524, 4394.36
12525, 4391.28
12526, 4396.41
12527, 4394.36
12528, 4394.87
12529, 4395.9
12530, 4395.38
12531, 4395.38
12532, 4394.36
12533, 4395.9
12534, 4398.46
12535, 4403.08
12536, 4398.97
12537, 4388.72
12538, 4392.82
12539, 4397.44
12540, 4393.33
12541, 4392.31
12542, 4394.36
12543, 4399.49
12544, 4395.38
12545, 4391.79
12546, 4404.1
12547, 4401.54
12548, 4388.21
12549, 4388.21
12550, 4396.41
12551, 4399.49
12552, 4392.31
12553, 4390.26
12554, 4397.95
12555, 4406.15
12556, 4405.64
12557, 4395.38
12558, 4397.95
12559, 4406.67
12560, 4394.36
12561, 4384.1
12562, 4387.18
12563, 4394.36
12564, 4398.97
12565, 4396.41
12566, 4392.82
12567, 4390.77
12568, 4392.31
12569, 4400.51
12570, 4396.92
12571, 4391.28
12572, 4395.38
12573, 4402.05
12574, 4407.69
12575, 4400
12576, 4387.18
12577, 4391.79
12578, 4400
12579, 4400.51
12580, 4392.31
12581, 4389.74
12582, 4395.38
12583, 4396.41
12584, 4392.82
12585, 4392.31
12586, 4407.18
12587, 4410.26
12588, 4386.67
12589, 4390.26
12590, 4404.62
12591, 4392.82
12592, 4387.69
12593, 4400
12594, 4400
12595, 4389.23
12596, 4389.74
12597, 4397.95
12598, 4394.36
12599, 4395.9
12600, 4402.56
12601, 4394.87
12602, 4393.85
12603, 4401.03
12604, 4396.41
12605, 4393.33
12606, 4402.05
12607, 4405.64
12608, 4391.79
12609, 4386.15
12610, 4397.95
12611, 4400.51
12612, 4394.87
12613, 4395.38
12614, 4400
12615, 4400
12616, 4393.85
12617, 4396.92
12618, 4398.46
12619, 4393.85
12620, 4400
12621, 4404.1
12622, 4399.49
12623, 4394.36
12624, 4395.38
12625, 4399.49
12626, 4394.87
12627, 4397.95
12628, 4406.15
12629, 4404.1
12630, 4400.51
12631, 4397.44
12632, 4400
12633, 4405.64
12634, 4395.9
12635, 4386.15
12636, 4390.26
12637, 4392.82
12638, 4392.82
12639, 4398.46
12640, 4405.13
12641, 4401.03
12642, 4390.26
12643, 4391.79
12644, 4397.44
12645, 4398.97
12646, 4397.95
12647, 4394.36
12648, 4397.44
12649, 4397.44
12650, 4393.85
12651, 4394.36
12652, 4395.9
12653, 4403.59
12654, 4411.79
12655, 4404.62
12656, 4389.74
12657, 4388.21
12658, 4401.54
12659, 4402.56
12660, 4397.95
12661, 4407.18
12662, 4405.13
12663, 4394.36
12664, 4397.44
12665, 4399.49
12666, 4396.41
12667, 4394.87
12668, 4393.85
12669, 4389.23
12670, 4386.67
12671, 4392.82
12672, 4395.9
12673, 4396.41
12674, 4396.41
12675, 4391.79
12676, 4401.03
12677, 4410.77
12678, 4398.46
12679, 4392.82
12680, 4400
12681, 4404.1
12682, 4396.92
12683, 4389.74
12684, 4391.28
12685, 4388.21
12686, 4394.36
12687, 4402.56
12688, 4395.9
12689, 4395.9
12690, 4398.46
12691, 4401.54
12692, 4403.08
12693, 4396.41
12694, 4394.36
12695, 4397.95
12696, 4404.1
12697, 4404.1
12698, 4394.36
12699, 4392.31
12700, 4396.41
12701, 4401.54
12702, 4406.15
12703, 4400
12704, 4394.36
12705, 4395.9
12706, 4391.79
12707, 4388.21
12708, 4395.9
12709, 4409.23
12710, 4400.51
12711, 4384.62
12712, 4394.87
12713, 4402.05
12714, 4391.79
12715, 4392.31
12716, 4398.46
12717, 4399.49
12718, 4395.9
12719, 4395.38
12720, 4398.97
12721, 4395.38
12722, 4394.36
12723, 4397.95
12724, 4396.41
12725, 4395.9
12726, 4395.38
12727, 4394.87
12728, 4394.36
12729, 4396.92
12730, 4402.05
12731, 4400
12732, 4401.03
12733, 4402.05
12734, 4392.82
12735, 4391.28
12736, 4403.59
12737, 4409.74
12738, 4398.46
12739, 4387.69
12740, 4394.36
12741, 4395.9
12742, 4392.31
12743, 4396.41
12744, 4394.36
12745, 4393.33
12746, 4397.95
12747, 4401.03
12748, 4399.49
12749, 4390.77
12750, 4394.87
12751, 4403.08
12752, 4400.51
12753, 4405.64
12754, 4411.28
12755, 4400.51
12756, 4390.77
12757, 4393.85
12758, 4399.49
12759, 4396.92
12760, 4396.41
12761, 4397.44
12762, 4389.74
12763, 4392.31
12764, 4398.97
12765, 4394.87
12766, 4393.85
12767, 4400.51
12768, 4402.05
12769, 4393.33
12770, 4389.74
12771, 4397.95
12772, 4401.03
12773, 4397.95
12774, 4395.9
12775, 4395.38
12776, 4394.36
12777, 4390.26
12778, 4392.31
12779, 4393.33
12780, 4390.77
12781, 4398.46
12782, 4397.95
12783, 4392.82
12784, 4395.38
12785, 4395.9
12786, 4397.44
12787, 4398.97
12788, 4395.38
12789, 4391.79
12790, 4391.28
12791, 4384.62
12792, 4363.08
12793, 4351.79
12794, 4360
12795, 4351.28
12796, 4333.33
12797, 4334.87
12798, 4341.54
12799, 4343.08
12800, 4345.13, estimuli
12801, 4359.49
12802, 4380
12803, 4380
12804, 4371.28
12805, 4371.28
12806, 4370.77
12807, 4366.67
12808, 4365.64
12809, 4368.72
12810, 4367.69
12811, 4371.28
12812, 4377.95
12813, 4370.26
12814, 4369.74
12815, 4382.56
12816, 4383.59
12817, 4373.33
12818, 4362.05
12819, 4361.03
12820, 4364.1
12821, 4362.05
12822, 4362.56
12823, 4364.62
12824, 4372.31
12825, 4376.92
12826, 4371.28
12827, 4369.74
12828, 4369.74
12829, 4373.85
12830, 4381.54
12831, 4377.95
12832, 4369.74
12833, 4367.69
12834, 4371.79
12835, 4378.46
12836, 4379.49
12837, 4378.46
12838, 4377.95
12839, 4380.51
12840, 4390.26
12841, 4391.79
12842, 4388.21
12843, 4387.69
12844, 4390.26
12845, 4390.77
12846, 4381.54
12847, 4373.33
12848, 4377.95
12849, 4388.21
12850, 4393.33
12851, 4387.18
12852, 4387.18
12853, 4390.77
12854, 4385.13
12855, 4391.28
12856, 4395.38
12857, 4387.18
12858, 4392.82
12859, 4395.9
12860, 4390.26
12861, 4390.77
12862, 4393.33
12863, 4391.79
12864, 4385.13
12865, 4389.23
12866, 4394.36
12867, 4387.69
12868, 4387.18
12869, 4397.95
12870, 4403.08
12871, 4394.87
12872, 4388.72
12873, 4394.36
12874, 4392.82
12875, 4392.31
12876, 4399.49
12877, 4390.26
12878, 4380.51
12879, 4386.15
12880, 4394.87
12881, 4397.44
12882, 4392.31
12883, 4392.31
12884, 4394.36
12885, 4391.79
12886, 4389.74
12887, 4392.31
12888, 4399.49
12889, 4388.72
12890, 4392.82
12891, 4443.08
12892, 4450.77
12893, 4374.87
12894, 4305.13
12895, 4299.49
12896, 4340.51
12897, 4405.13
12898, 4468.21
12899, 4490.26
12900, 4463.08
12901, 4433.33
12902, 4371.79
12903, 4259.49
12904, 4240.51
12905, 4327.69
12906, 4415.38
12907, 4498.97
12908, 4537.95
12909, 4475.9
12910, 4359.49
12911, 4265.13
12912, 4251.28
12913, 4323.59
12914, 4417.95
12915, 4501.54
12916, 4535.9
12917, 4471.28
12918, 4363.08
12919, 4278.97
12920, 4255.9
12921, 4320.51
12922, 4422.56
12923, 4506.67
12924, 4538.46
12925, 4464.62
12926, 4341.54
12927, 4266.67
12928, 4264.62
12929, 4328.21
12930, 4418.46
12931, 4497.95
12932, 4527.18
12933, 4463.08
12934, 4354.87
12935, 4274.87
12936, 4260
12937, 4325.64
12938, 4423.08
12939, 4502.56
12940, 4522.56
12941, 4454.36
12942, 4354.36
12943, 4279.49
12944, 4263.59
12945, 4326.67
12946, 4422.05
12947, 4497.95
12948, 4517.95
12949, 4462.05
12950, 4364.1
12951, 4281.54
12952, 4270.77
12953, 4331.79
12954, 4418.97
12955, 4499.49
12956, 4516.92
12957, 4453.85
12958, 4362.05
12959, 4283.59
12960, 4265.64
12961, 4324.62
12962, 4416.41
12963, 4487.18
12964, 4499.49
12965, 4447.18
12966, 4363.08
12967, 4290.77
12968, 4273.85
12969, 4333.85
12970, 4424.1
12971, 4482.05
12972, 4494.36
12973, 4452.31
12974, 4361.03
12975, 4290.26
12976, 4288.21
12977, 4341.03
12978, 4418.97
12979, 4486.15
12980, 4506.15
12981, 4450.26
12982, 4345.13
12983, 4272.31
12984, 4274.87
12985, 4336.92
12986, 4417.95
12987, 4482.05
12988, 4498.46
12989, 4443.08
12990, 4356.92
12991, 4293.33
12992, 4275.9
12993, 4327.18
12994, 4420
12995, 4490.26
12996, 4500
12997, 4444.1
12998, 4358.97
12999, 4287.69
13000, 4273.33
13001, 4335.9
13002, 4427.69
13003, 4492.31
13004, 4496.41
13005, 4440
13006, 4363.08
13007, 4293.33
13008, 4274.87
13009, 4333.85
13010, 4422.56
13011, 4491.28
13012, 4501.54
13013, 4443.59
13014, 4357.44
13015, 4289.23
13016, 4282.05
13017, 4343.08
13018, 4422.05
13019, 4460.51
13020, 4434.87
13021, 4396.41
13022, 4391.79
13023, 4394.36
13024, 4388.72
13025, 4390.77
13026, 4390.77
13027, 4380
13028, 4381.03
13029, 4400
13030, 4399.49
13031, 4376.92
13032, 4373.85
13033, 4387.69
13034, 4390.26
13035, 4387.69
13036, 4394.36
13037, 4396.92
13038, 4386.67
13039, 4389.23
13040, 4393.33
13041, 4380.51
13042, 4376.92
13043, 4385.64
13044, 4388.72
13045, 4386.15
13046, 4388.72
13047, 4391.28
13048, 4382.56
13049, 4376.92
13050, 4384.1
13051, 4395.9
13052, 4398.97
13053, 4385.13
13054, 4383.08
13055, 4393.85
13056, 4388.21
13057, 4386.67
13058, 4390.26
13059, 4379.49
13060, 4374.36
13061, 4384.1
13062, 4391.28
13063, 4387.69
13064, 4383.59
13065, 4389.23
13066, 4390.77
13067, 4388.72
13068, 4391.79
13069, 4392.82
13070, 4387.69
13071, 4381.03
13072, 4383.08
13073, 4391.28
13074, 4390.26
13075, 4389.23
13076, 4391.28
13077, 4388.21
13078, 4384.62
13079, 4385.13
13080, 4394.36
13081, 4402.05
13082, 4398.46
13083, 4393.33
13084, 4390.26
13085, 4388.72
13086, 4385.64
13087, 4384.1
13088, 4388.21
13089, 4384.62
13090, 4380
13091, 4382.56
13092, 4384.1
13093, 4388.72
13094, 4389.74
13095, 4388.21
13096, 4390.26
13097, 4388.72
13098, 4386.67
13099, 4385.64
13100, 4387.18
13101, 4388.72
13102, 4387.69
13103, 4388.72
13104, 4389.23
13105, 4387.69
13106, 4389.74
13107, 4389.74
13108, 4388.72
13109, 4391.79
13110, 4392.31
13111, 4391.79
13112, 4390.77
13113, 4388.21
13114, 4384.62
13115, 4384.62
13116, 4392.82
13117, 4392.31
13118, 4384.62
13119, 4389.23
13120, 4393.33
13121, 4389.74
13122, 4388.21
13123, 4391.79
13124, 4392.31
13125, 4387.69
13126, 4390.26
13127, 4389.74
13128, 4386.67
13129, 4392.31
13130, 4390.77
13131, 4388.21
13132, 4392.82
13133, 4391.28
13134, 4389.74
13135, 4389.23
13136, 4390.77
13137, 4393.33
13138, 4392.82
13139, 4397.44
13140, 4397.44
13141, 4387.69
13142, 4383.59
13143, 4386.67
13144, 4391.79
13145, 4394.87
13146, 4390.26
13147, 4383.59
13148, 4384.1
13149, 4395.9
13150, 4401.54
13151, 4392.82
13152, 4389.74
13153, 4386.67
13154, 4382.05
13155, 4382.56
13156, 4387.69
13157, 4394.87
13158, 4391.28
13159, 4388.21
13160, 4391.79
13161, 4388.72
13162, 4389.74
13163, 4389.74
13164, 4388.72
13165, 4392.31
13166, 4394.87
13167, 4395.38
13168, 4395.9
13169, 4393.33
13170, 4387.18
13171, 4385.13
13172, 4388.72
13173, 4388.72
13174, 4389.23
13175, 4394.87
13176, 4392.82
13177, 4386.15
13178, 4388.72
13179, 4393.33
13180, 4394.36
13181, 4390.77
13182, 4385.64
13183, 4387.69
13184, 4390.26
13185, 4390.26
13186, 4393.33
13187, 4397.95
13188, 4392.31
13189, 4378.46
13190, 4387.69
13191, 4400
13192, 4387.69
13193, 4378.97
13194, 4388.72
13195, 4400
13196, 4396.92
13197, 4382.56
13198, 4375.9
13199, 4379.49
13200, 4387.18
13201, 4395.9
13202, 4399.49
13203, 4394.36
13204, 4390.26
13205, 4392.82
13206, 4382.56
13207, 4372.82
13208, 4389.23
13209, 4395.9
13210, 4385.13
13211, 4388.72
13212, 4391.28
13213, 4384.1
13214, 4386.67
13215, 4393.33
13216, 4390.77
13217, 4382.05
13218, 4382.05
13219, 4386.67
13220, 4389.23
13221, 4389.23
13222, 4391.79
13223, 4398.97
13224, 4392.82
13225, 4376.92
13226, 4377.95
13227, 4385.13
13228, 4385.64
13229, 4387.18
13230, 4389.23
13231, 4391.28
13232, 4387.18
13233, 4384.1
13234, 4389.74
13235, 4390.26
13236, 4389.23
13237, 4392.31
13238, 4391.79
13239, 4389.23
13240, 4387.18
13241, 4388.21
13242, 4388.72
13243, 4385.64
13244, 4388.72
13245, 4390.77
13246, 4387.69
13247, 4388.72
13248, 4387.69
13249, 4389.74
13250, 4395.9
13251, 4393.85
13252, 4388.72
13253, 4388.21
13254, 4390.26
13255, 4383.08
13256, 4381.03
13257, 4388.21
13258, 4382.05
13259, 4377.44
13260, 4386.67
13261, 4397.44
13262, 4398.46
13263, 4388.21
13264, 4389.23
13265, 4395.38
13266, 4381.03
13267, 4372.82
13268, 4385.64
13269, 4389.74
13270, 4382.56
13271, 4385.13
13272, 4395.38
13273, 4388.21
13274, 4383.08
13275, 4387.18
13276, 4385.64
13277, 4396.41
13278, 4403.59
13279, 4392.31
13280, 4382.56
13281, 4376.92
13282, 4376.92
13283, 4382.05
13284, 4382.56
13285, 4382.56
13286, 4386.67
13287, 4388.72
13288, 4386.15
13289, 4384.1
13290, 4386.67
13291, 4389.23
13292, 4389.23
13293, 4386.67
13294, 4382.56
13295, 4385.13
13296, 4388.21
13297, 4386.67
13298, 4387.69
13299, 4386.67
13300, 4386.67
13301, 4388.72
13302, 4388.72
13303, 4388.72
13304, 4387.18
13305, 4389.74
13306, 4393.85
13307, 4393.33
13308, 4391.28
13309, 4389.23
13310, 4387.69
13311, 4385.13
13312, 4388.21
13313, 4397.95
13314, 4388.21
13315, 4371.79
13316, 4378.97
13317, 4388.21
13318, 4385.64
13319, 4386.67
13320, 4390.77
13321, 4388.72
13322, 4384.1
13323, 4385.64
13324, 4385.64
13325, 4383.08
13326, 4384.62
13327, 4384.1
13328, 4386.15
13329, 4387.18
13330, 4386.15
13331, 4389.74
13332, 4390.77
13333, 4385.64
13334, 4382.05
13335, 4383.59
13336, 4387.69
13337, 4387.18
13338, 4383.08
13339, 4388.72
13340, 4393.85
13341, 4383.08
13342, 4372.31
13343, 4382.05
13344, 4393.85
13345, 4384.62
13346, 4386.67
13347, 4395.9
13348, 4386.67
13349, 4381.54
13350, 4386.67
13351, 4388.21
13352, 4385.64
13353, 4385.64
13354, 4388.21
13355, 4388.72
13356, 4388.21
13357, 4386.15
13358, 4388.72
13359, 4395.38
13360, 4388.21
13361, 4380
13362, 4385.64
13363, 4384.62
13364, 4383.08
13365, 4385.13
13366, 4386.67
13367, 4395.9
13368, 4394.87
13369, 4384.1
13370, 4387.69
13371, 4394.87
13372, 4385.13
13373, 4373.85
13374, 4380
13375, 4387.69
13376, 4388.72
13377, 4390.77
13378, 4389.74
13379, 4387.69
13380, 4386.15
13381, 4383.59
13382, 4387.69
13383, 4389.74
13384, 4388.21
13385, 4390.26
13386, 4394.87
13387, 4395.38
13388, 4387.18
13389, 4382.05
13390, 4389.23
13391, 4390.26
13392, 4385.64
13393, 4388.21
13394, 4390.26
13395, 4389.74
13396, 4389.74
13397, 4394.36
13398, 4391.28
13399, 4380.51
13400, 4391.79
13401, 4400
13402, 4381.03
13403, 4372.82
13404, 4386.15
13405, 4391.28
13406, 4380
13407, 4381.03
13408, 4391.28
13409, 4390.77
13410, 4389.74
13411, 4388.72
13412, 4385.64
13413, 4389.74
13414, 4394.36
13415, 4388.21
13416, 4380
13417, 4384.1
13418, 4392.82
13419, 4389.23
13420, 4384.1
13421, 4386.15
13422, 4388.21
13423, 4389.23
13424, 4388.21
13425, 4385.64
13426, 4390.77
13427, 4392.31
13428, 4387.69
13429, 4386.15
13430, 4387.18
13431, 4388.72
13432, 4388.21
13433, 4389.74
13434, 4390.77
13435, 4388.72
13436, 4389.74
13437, 4387.18
13438, 4384.1
13439, 4383.59
13440, 4383.08
13441, 4389.23
13442, 4396.41
13443, 4392.31
13444, 4382.56
13445, 4382.56
13446, 4389.23
13447, 4385.64
13448, 4385.13
13449, 4391.28
13450, 4388.72
13451, 4387.18
13452, 4388.21
13453, 4388.21
13454, 4389.74
13455, 4387.69
13456, 4387.69
13457, 4389.23
13458, 4390.26
13459, 4393.85
13460, 4394.87
13461, 4394.36
13462, 4388.72
13463, 4383.59
13464, 4388.72
13465, 4385.13
13466, 4372.82
13467, 4377.44
13468, 4388.72
13469, 4391.28
13470, 4392.82
13471, 4396.41
13472, 4390.26
13473, 4380.51
13474, 4381.03
13475, 4386.15
13476, 4389.23
13477, 4386.15
13478, 4380
13479, 4386.15
13480, 4388.21
13481, 4383.08
13482, 4388.72
13483, 4392.31
13484, 4385.64
13485, 4385.13
13486, 4387.69
13487, 4389.74
13488, 4390.26
13489, 4387.69
13490, 4385.64
13491, 4386.67
13492, 4388.21
13493, 4384.1
13494, 4385.64
13495, 4392.31
13496, 4387.69
13497, 4387.18
13498, 4394.36
13499, 4390.77
13500, 4382.56
13501, 4380.51
13502, 4388.21
13503, 4394.36
13504, 4393.33
13505, 4389.74
13506, 4387.69
13507, 4395.38
13508, 4395.38
13509, 4373.85
13510, 4365.13
13511, 4369.23
13512, 4368.72
13513, 4361.54
13514, 4349.23
13515, 4351.79
13516, 4354.87, estimuli
13517, 4339.49
13518, 4333.33
13519, 4343.08
13520, 4347.69
13521, 4352.82
13522, 4360.51
13523, 4361.03
13524, 4365.64
13525, 4371.28
13526, 4354.87
13527, 4347.18
13528, 4362.56
13529, 4362.05
13530, 4354.36
13531, 4362.56
13532, 4369.74
13533, 4374.87
13534, 4377.95
13535, 4375.9
13536, 4377.95
13537, 4374.87
13538, 4366.15
13539, 4367.18
13540, 4379.49
13541, 4390.26
13542, 4388.21
13543, 4388.72
13544, 4389.23
13545, 4383.08
13546, 4386.67
13547, 4392.82
13548, 4385.13
13549, 4378.46
13550, 4383.59
13551, 4390.77
13552, 4390.77
13553, 4391.79
13554, 4386.67
13555, 4377.44
13556, 4386.67
13557, 4397.95
13558, 4399.49
13559, 4396.92
13560, 4393.85
13561, 4397.44
13562, 4402.56
13563, 4398.97
13564, 4395.38
13565, 4397.44
13566, 4400.51
13567, 4395.38
13568, 4394.36
13569, 4402.05
13570, 4401.03
13571, 4402.56
13572, 4404.1
13573, 4395.38
13574, 4395.9
13575, 4400
13576, 4397.95
13577, 4396.92
13578, 4401.54
13579, 4405.64
13580, 4400
13581, 4392.31
13582, 4396.41
13583, 4407.18
13584, 4409.74
13585, 4401.54
13586, 4402.05
13587, 4406.67
13588, 4397.95
13589, 4394.36
13590, 4400
13591, 4398.97
13592, 4395.9
13593, 4395.9
13594, 4397.44
13595, 4399.49
13596, 4398.46
13597, 4397.95
13598, 4401.03
13599, 4407.69
13600, 4395.38
13601, 4391.28
13602, 4437.95
13603, 4468.72
13604, 4422.56
13605, 4345.13
13606, 4301.03
13607, 4317.44
13608, 4390.77
13609, 4474.36
13610, 4506.15
13611, 4485.13
13612, 4460
13613, 4424.1
13614, 4312.82
13615, 4235.38
13616, 4298.97
13617, 4395.9
13618, 4480
13619, 4546.15
13620, 4520
13621, 4413.85
13622, 4308.72
13623, 4260
13624, 4303.08
13625, 4399.49
13626, 4487.69
13627, 4548.72
13628, 4521.03
13629, 4406.15
13630, 4306.67
13631, 4269.74
13632, 4300
13633, 4381.54
13634, 4481.03
13635, 4549.23
13636, 4511.79
13637, 4401.54
13638, 4310.26
13639, 4267.18
13640, 4303.59
13641, 4395.38
13642, 4483.59
13643, 4538.46
13644, 4508.21
13645, 4403.08
13646, 4308.72
13647, 4272.31
13648, 4306.15
13649, 4392.31
13650, 4488.72
13651, 4543.08
13652, 4503.08
13653, 4401.54
13654, 4314.36
13655, 4280.51
13656, 4311.79
13657, 4387.18
13658, 4484.1
13659, 4544.62
13660, 4498.97
13661, 4393.85
13662, 4309.74
13663, 4274.87
13664, 4306.15
13665, 4392.31
13666, 4486.15
13667, 4527.69
13668, 4488.72
13669, 4402.05
13670, 4318.97
13671, 4282.56
13672, 4312.31
13673, 4392.82
13674, 4481.54
13675, 4520.51
13676, 4485.13
13677, 4399.49
13678, 4317.95
13679, 4284.62
13680, 4314.36
13681, 4403.59
13682, 4492.82
13683, 4520
13684, 4485.64
13685, 4410.77
13686, 4326.15
13687, 4277.44
13688, 4303.59
13689, 4389.74
13690, 4475.38
13691, 4516.41
13692, 4486.67
13693, 4400.51
13694, 4319.49
13695, 4287.18
13696, 4317.95
13697, 4398.97
13698, 4483.08
13699, 4516.92
13700, 4477.95
13701, 4396.41
13702, 4318.97
13703, 4285.13
13704, 4319.49
13705, 4396.92
13706, 4475.9
13707, 4518.46
13708, 4481.54
13709, 4391.79
13710, 4320.51
13711, 4294.87
13712, 4321.03
13713, 4391.28
13714, 4472.82
13715, 4514.87
13716, 4479.49
13717, 4398.46
13718, 4317.95
13719, 4281.03
13720, 4316.41
13721, 4391.79
13722, 4468.21
13723, 4511.79
13724, 4484.62
13725, 4402.05
13726, 4313.85
13727, 4273.33
13728, 4314.36
13729, 4404.62
13730, 4465.13
13731, 4458.97
13732, 4420.51
13733, 4402.56
13734, 4395.38
13735, 4383.59
13736, 4390.26
13737, 4404.1
13738, 4403.08
13739, 4403.08
13740, 4403.59
13741, 4390.77
13742, 4387.18
13743, 4399.49
13744, 4399.49
13745, 4395.9
13746, 4397.44
13747, 4395.9
13748, 4396.41
13749, 4397.95
13750, 4397.44
13751, 4394.87
13752, 4396.41
13753, 4401.03
13754, 4395.9
13755, 4389.23
13756, 4391.79
13757, 4393.33
13758, 4393.85
13759, 4396.41
13760, 4396.41
13761, 4393.33
13762, 4394.87
13763, 4399.49
13764, 4393.33
13765, 4389.23
13766, 4397.44
13767, 4398.46
13768, 4390.26
13769, 4386.15
13770, 4385.64
13771, 4390.26
13772, 4394.36
13773, 4391.79
13774, 4385.64
13775, 4382.05
13776, 4383.08
13777, 4382.56
13778, 4385.64
13779, 4390.26
13780, 4385.64
13781, 4384.62
13782, 4389.23
13783, 4391.28
13784, 4391.79
13785, 4387.18
13786, 4385.64
13787, 4386.67
13788, 4380
13789, 4381.54
13790, 4391.28
13791, 4393.33
13792, 4391.79
13793, 4386.67
13794, 4383.59
13795, 4385.64
13796, 4385.13
13797, 4380.51
13798, 4380
13799, 4383.59
13800, 4383.08
13801, 4385.64
13802, 4390.77
13803, 4389.74
13804, 4389.74
13805, 4389.74
13806, 4388.72
13807, 4387.18
13808, 4384.1
13809, 4388.21
13810, 4391.28
13811, 4386.67
13812, 4386.15
13813, 4393.33
13814, 4397.95
13815, 4395.38
13816, 4389.74
13817, 4392.31
13818, 4387.69
13819, 4376.41
13820, 4382.05
13821, 4390.77
13822, 4385.13
13823, 4380.51
13824, 4385.13
13825, 4387.18
13826, 4385.64
13827, 4387.69
13828, 4390.26
13829, 4389.74
13830, 4387.18
13831, 4387.18
13832, 4390.77
13833, 4389.74
13834, 4388.21
13835, 4395.38
13836, 4393.85
13837, 4392.31
13838, 4400.51
13839, 4401.54
13840, 4396.92
13841, 4391.79
13842, 4391.79
13843, 4396.41
13844, 4395.38
13845, 4390.26
13846, 4390.26
13847, 4401.54
13848, 4411.28
13849, 4399.49
13850, 4388.21
13851, 4396.41
13852, 4400.51
13853, 4393.85
13854, 4393.33
13855, 4397.44
13856, 4391.28
13857, 4385.64
13858, 4392.31
13859, 4395.38
13860, 4395.38
13861, 4401.03
13862, 4401.54
13863, 4393.85
13864, 4391.79
13865, 4397.95
13866, 4399.49
13867, 4392.82
13868, 4391.28
13869, 4393.33
13870, 4393.33
13871, 4392.82
13872, 4389.23
13873, 4392.31
13874, 4401.03
13875, 4401.54
13876, 4393.85
13877, 4390.26
13878, 4399.49
13879, 4404.62
13880, 4395.38
13881, 4390.26
13882, 4393.33
13883, 4394.87
13884, 4393.33
13885, 4393.85
13886, 4395.38
13887, 4394.87
13888, 4395.9
13889, 4395.9
13890, 4394.36
13891, 4401.03
13892, 4408.21
13893, 4399.49
13894, 4387.69
13895, 4391.79
13896, 4398.46
13897, 4390.26
13898, 4382.56
13899, 4391.28
13900, 4395.38
13901, 4393.85
13902, 4401.54
13903, 4403.08
13904, 4390.77
13905, 4380
13906, 4387.69
13907, 4400.51
13908, 4397.44
13909, 4389.74
13910, 4390.26
13911, 4397.95
13912, 4399.49
13913, 4388.72
13914, 4385.64
13915, 4392.82
13916, 4394.87
13917, 4398.46
13918, 4403.08
13919, 4395.38
13920, 4389.23
13921, 4391.79
13922, 4395.38
13923, 4395.38
13924, 4395.38
13925, 4390.26
13926, 4388.72
13927, 4398.97
13928, 4396.92
13929, 4386.15
13930, 4388.72
13931, 4396.92
13932, 4394.36
13933, 4385.64
13934, 4386.15
13935, 4393.33
13936, 4393.33
13937, 4391.28
13938, 4389.23
13939, 4389.23
13940, 4395.9
13941, 4393.33
13942, 4389.74
13943, 4393.85
13944, 4392.82
13945, 4390.77
13946, 4393.33
13947, 4394.36
13948, 4392.31
13949, 4392.82
13950, 4395.38
13951, 4394.36
13952, 4387.69
13953, 4385.64
13954, 4393.85
13955, 4398.97
13956, 4392.31
13957, 4393.85
13958, 4404.62
13959, 4397.44
13960, 4385.13
13961, 4388.72
13962, 4393.85
13963, 4388.72
13964, 4386.15
13965, 4391.28
13966, 4391.79
13967, 4392.82
13968, 4396.92
13969, 4394.87
13970, 4395.38
13971, 4394.36
13972, 4383.59
13973, 4384.62
13974, 4394.36
13975, 4397.44
13976, 4396.41
13977, 4391.79
13978, 4390.26
13979, 4392.82
13980, 4391.28
13981, 4389.23
13982, 4393.33
13983, 4404.1
13984, 4408.72
13985, 4398.46
13986, 4393.85
13987, 4398.46
13988, 4393.85
13989, 4385.64
13990, 4389.23
13991, 4396.41
13992, 4392.82
13993, 4389.74
13994, 4393.85
13995, 4393.33
13996, 4390.77
13997, 4388.72
13998, 4390.26
13999, 4394.36
14000, 4391.79
14001, 4390.26
14002, 4394.87
14003, 4393.33
14004, 4388.72
14005, 4391.79
14006, 4395.38
14007, 4389.74
14008, 4387.69
14009, 4394.87
14010, 4392.82
14011, 4389.74
14012, 4396.92
14013, 4401.03
14014, 4400.51
14015, 4394.87
14016, 4388.21
14017, 4390.26
14018, 4396.92
14019, 4397.44
14020, 4389.23
14021, 4386.67
14022, 4392.31
14023, 4393.33
14024, 4392.31
14025, 4392.31
14026, 4392.82
14027, 4397.44
14028, 4394.36
14029, 4386.15
14030, 4388.72
14031, 4393.33
14032, 4393.85
14033, 4395.38
14034, 4396.41
14035, 4391.28
14036, 4389.23
14037, 4391.79
14038, 4390.26
14039, 4397.44
14040, 4406.15
14041, 4396.41
14042, 4385.13
14043, 4389.23
14044, 4393.33
14045, 4385.64
14046, 4384.62
14047, 4397.44
14048, 4400
14049, 4388.72
14050, 4386.15
14051, 4391.79
14052, 4391.79
14053, 4388.72
14054, 4389.74
14055, 4394.36
14056, 4390.77
14057, 4386.67
14058, 4396.41
14059, 4399.49
14060, 4393.33
14061, 4395.9
14062, 4403.59
14063, 4397.95
14064, 4386.15
14065, 4390.77
14066, 4396.41
14067, 4391.79
14068, 4391.79
14069, 4391.79
14070, 4390.26
14071, 4391.79
14072, 4392.82
14073, 4390.26
14074, 4387.69
14075, 4390.26
14076, 4387.18
14077, 4381.03
14078, 4389.23
14079, 4391.79
14080, 4378.97
14081, 4374.36
14082, 4378.97
14083, 4379.49
14084, 4373.33
14085, 4374.36
14086, 4386.15
14087, 4385.13
14088, 4378.97
14089, 4386.15
14090, 4391.79
14091, 4386.15
14092, 4385.13
14093, 4391.79
14094, 4390.77
14095, 4389.74
14096, 4397.95
14097, 4395.9
14098, 4390.26
14099, 4392.82
14100, 4392.82
14101, 4392.82
14102, 4396.92
14103, 4398.97
14104, 4392.82
14105, 4385.13
14106, 4390.26
14107, 4396.41
14108, 4392.82
14109, 4387.18
14110, 4386.67
14111, 4391.79
14112, 4388.72
14113, 4382.56
14114, 4391.28
14115, 4391.79
14116, 4383.08
14117, 4385.13
14118, 4385.64
14119, 4384.1
14120, 4388.21
14121, 4391.79
14122, 4390.26
14123, 4390.26
14124, 4387.69
14125, 4381.03
14126, 4382.56
14127, 4387.69
14128, 4388.72
14129, 4389.74
14130, 4390.26
14131, 4386.67
14132, 4385.64
14133, 4382.05
14134, 4380
14135, 4382.56
14136, 4383.08
14137, 4385.64
14138, 4388.21
14139, 4392.31
14140, 4392.82
14141, 4389.23
14142, 4390.77
14143, 4393.85
14144, 4395.38
14145, 4396.92
14146, 4397.95
14147, 4398.46
14148, 4390.26
14149, 4388.21
14150, 4398.97
14151, 4399.49
14152, 4389.74
14153, 4387.18
14154, 4390.77
14155, 4391.28
14156, 4388.72
14157, 4389.74
14158, 4390.77
14159, 4390.77
14160, 4388.72
14161, 4384.62
14162, 4386.15
14163, 4386.67
14164, 4382.05
14165, 4381.54
14166, 4386.67
14167, 4389.74
14168, 4383.08
14169, 4373.85
14170, 4379.49
14171, 4385.64
14172, 4382.05
14173, 4384.62
14174, 4391.28
14175, 4390.77
14176, 4389.74
14177, 4390.26
14178, 4384.1
14179, 4377.44
14180, 4382.05
14181, 4390.26
14182, 4388.21
14183, 4388.21
14184, 4388.21
14185, 4386.67
14186, 4392.82
14187, 4396.92
14188, 4393.33
14189, 4387.18
14190, 4388.21
14191, 4391.28
14192, 4386.67
14193, 4386.67
14194, 4390.26
14195, 4391.28
14196, 4390.77
14197, 4389.23
14198, 4384.1
14199, 4378.97
14200, 4380
14201, 4386.67
14202, 4384.1
14203, 4381.03
14204, 4388.21
14205, 4384.62
14206, 4371.79
14207, 4371.28
14208, 4377.95
14209, 4377.44
14210, 4377.95
14211, 4381.54
14212, 4375.38
14213, 4370.26
14214, 4374.87
14215, 4377.44
14216, 4372.82
14217, 4366.15
14218, 4367.69
14219, 4371.28
14220, 4365.64
14221, 4368.72
14222, 4374.87
14223, 4367.18
14224, 4364.62
14225, 4370.26
14226, 4375.38
14227, 4372.82
14228, 4366.67
14229, 4368.72
14230, 4369.23
14231, 4370.77
14232, 4381.03
14233, 4378.97
14234, 4369.74
14235, 4370.77
14236, 4374.87
14237, 4382.56
14238, 4390.26
14239, 4384.1
14240, 4371.79
14241, 4374.36
14242, 4380
14243, 4371.28
14244, 4367.18
14245, 4372.82
14246, 4377.95
14247, 4377.95
14248, 4371.79
14249, 4369.74
14250, 4373.85
14251, 4372.82
14252, 4371.79
14253, 4371.28
14254, 4370.26
14255, 4369.74
14256, 4367.69, estimuli
14257, 4369.74
14258, 4375.38
14259, 4371.28
14260, 4357.95
14261, 4354.87
14262, 4362.56
14263, 4362.05
14264, 4359.49
14265, 4359.49
14266, 4349.74
14267, 4347.18
14268, 4351.79
14269, 4347.18
14270, 4343.59
14271, 4344.1
14272, 4339.49
14273, 4333.85
14274, 4331.79
14275, 4328.72
14276, 4322.56
14277, 4317.95
14278, 4314.87
14279, 4307.69
14280, 4303.59
14281, 4297.44
14282, 4292.31
14283, 4295.38
14284, 4290.26
14285, 4285.13
14286, 4288.21
14287, 4280.51
14288, 4262.56
14289, 4260
14290, 4269.74
14291, 4265.13
14292, 4256.41
14293, 4258.97
14294, 4262.56
14295, 4263.59
14296, 4255.38
14297, 4242.05
14298, 4248.72
14299, 4259.49
14300, 4255.38
14301, 4256.92
14302, 4261.03
14303, 4250.77
14304, 4240.51
14305, 4245.64
14306, 4254.36
14307, 4251.28
14308, 4245.64
14309, 4247.18
14310, 4249.23
14311, 4249.23
14312, 4253.85
14313, 4263.08
14314, 4259.49
14315, 4243.08
14316, 4241.03
14317, 4249.23
14318, 4255.38
14319, 4250.26
14320, 4231.79
14321, 4231.79
14322, 4244.1
14323, 4244.1
14324, 4240.51
14325, 4242.05
14326, 4247.69
14327, 4249.23
14328, 4246.67
14329, 4241.03
14330, 4232.82
14331, 4231.79
14332, 4232.31
14333, 4235.38
14334, 4238.46
14335, 4233.85
14336, 4234.87
14337, 4241.54
14338, 4237.95
14339, 4230.77
14340, 4232.31
14341, 4237.44
14342, 4240
14343, 4228.72
14344, 4216.92
14345, 4248.72
14346, 4291.28
14347, 4267.18
14348, 4182.56
14349, 4125.13
14350, 4138.46
14351, 4204.1
14352, 4282.05
14353, 4324.62
14354, 4320
14355, 4293.33
14356, 4263.08
14357, 4174.87
14358, 4082.56
14359, 4117.44
14360, 4206.67
14361, 4285.64
14362, 4373.85
14363, 4373.85
14364, 4273.85
14365, 4170.26
14366, 4101.03
14367, 4116.41
14368, 4211.28
14369, 4305.13
14370, 4372.82
14371, 4363.59
14372, 4269.74
14373, 4169.74
14374, 4108.21
14375, 4124.62
14376, 4209.23
14377, 4308.72
14378, 4386.15
14379, 4376.92
14380, 4275.38
14381, 4162.56
14382, 4106.15
14383, 4129.74
14384, 4217.95
14385, 4320
14386, 4385.64
14387, 4372.82
14388, 4281.03
14389, 4174.36
14390, 4117.95
14391, 4138.46
14392, 4222.56
14393, 4319.49
14394, 4383.59
14395, 4380
14396, 4295.38
14397, 4183.08
14398, 4121.03
14399, 4144.62
14400, 4226.15
14401, 4314.87
14402, 4382.56
14403, 4383.08
14404, 4293.85
14405, 4187.69
14406, 4142.05
14407, 4164.1
14408, 4228.72
14409, 4311.79
14410, 4380.51
14411, 4374.36
14412, 4286.15
14413, 4188.72
14414, 4138.97
14415, 4160.51
14416, 4240
14417, 4328.72
14418, 4385.64
14419, 4372.31
14420, 4288.72
14421, 4195.38
14422, 4148.72
14423, 4178.46
14424, 4256.92
14425, 4333.33
14426, 4381.03
14427, 4364.1
14428, 4290.26
14429, 4206.67
14430, 4151.79
14431, 4166.67
14432, 4242.05
14433, 4335.9
14434, 4396.92
14435, 4373.85
14436, 4290.77
14437, 4206.67
14438, 4157.95
14439, 4176.41
14440, 4250.26
14441, 4338.46
14442, 4392.82
14443, 4373.33
14444, 4294.36
14445, 4207.18
14446, 4159.49
14447, 4175.9
14448, 4251.28
14449, 4352.31
14450, 4402.05
14451, 4365.64
14452, 4289.74
14453, 4217.95
14454, 4169.74
14455, 4178.46
14456, 4253.33
14457, 4344.62
14458, 4397.44
14459, 4381.54
14460, 4302.05
14461, 4211.79
14462, 4167.18
14463, 4193.33
14464, 4269.23
14465, 4349.74
14466, 4402.56
14467, 4391.28
14468, 4305.13
14469, 4210.77
14470, 4164.1
14471, 4181.54
14472, 4264.62
14473, 4349.23
14474, 4362.05
14475, 4312.31
14476, 4283.59
14477, 4305.64
14478, 4306.15
14479, 4281.03
14480, 4282.05
14481, 4288.72
14482, 4288.21
14483, 4294.36
14484, 4292.31
14485, 4279.49
14486, 4280
14487, 4297.95
14488, 4299.49
14489, 4284.1
14490, 4290.77
14491, 4301.54
14492, 4294.36
14493, 4286.67
14494, 4295.9
14495, 4308.72
14496, 4300.51
14497, 4289.23
14498, 4292.82
14499, 4295.9
14500, 4296.92
14501, 4296.41
14502, 4296.92
14503, 4308.72
14504, 4309.74
14505, 4295.9
14506, 4287.69
14507, 4292.31
14508, 4306.67
14509, 4313.85
14510, 4302.05
14511, 4290.26
14512, 4295.38
14513, 4303.08
14514, 4297.44
14515, 4301.54
14516, 4303.08
14517, 4295.38
14518, 4302.05
14519, 4304.62
14520, 4301.54
14521, 4304.1
14522, 4301.54
14523, 4306.15
14524, 4308.21
14525, 4302.05
14526, 4305.64
14527, 4312.31
14528, 4316.41
14529, 4307.18
14530, 4292.31
14531, 4302.56
14532, 4309.23
14533, 4297.44
14534, 4295.9
14535, 4304.62
14536, 4312.31
14537, 4310.77
14538, 4306.15
14539, 4307.69
14540, 4309.74
14541, 4308.72
14542, 4303.59
14543, 4305.13
14544, 4309.74
14545, 4308.21
14546, 4312.82
14547, 4313.85
14548, 4308.72
14549, 4310.77
14550, 4317.95
14551, 4323.08
14552, 4313.85
14553, 4305.13
14554, 4315.9
14555, 4323.59
14556, 4323.59
14557, 4316.41
14558, 4309.74
14559, 4322.05
14560, 4325.13
14561, 4311.79
14562, 4306.67
14563, 4308.21
14564, 4316.92
14565, 4320.51
14566, 4316.92
14567, 4314.36
14568, 4314.36
14569, 4329.23
14570, 4338.46
14571, 4321.03
14572, 4310.26
14573, 4323.08
14574, 4324.62
14575, 4307.69
14576, 4307.18
14577, 4320.51
14578, 4323.59
14579, 4326.15
14580, 4321.03
14581, 4312.82
14582, 4321.54
14583, 4323.08
14584, 4317.95
14585, 4322.05
14586, 4323.59
14587, 4325.13
14588, 4325.64
14589, 4321.54
14590, 4321.03
14591, 4322.05
14592, 4326.15
14593, 4329.74
14594, 4327.69
14595, 4326.15
14596, 4325.13
14597, 4324.1
14598, 4318.46
14599, 4313.33
14600, 4321.03
14601, 4323.08
14602, 4320.51
14603, 4322.56
14604, 4322.56
14605, 4326.15
14606, 4330.26
14607, 4332.31
14608, 4327.69
14609, 4320
14610, 4326.15
14611, 4331.28
14612, 4324.62
14613, 4325.64
14614, 4334.87
14615, 4341.03
14616, 4332.82
14617, 4322.05
14618, 4326.67
14619, 4326.15
14620, 4327.69
14621, 4337.95
14622, 4336.41
14623, 4328.21
14624, 4325.13
14625, 4331.28
14626, 4330.26
14627, 4329.23
14628, 4342.56
14629, 4344.1
14630, 4333.33
14631, 4334.36
14632, 4337.95
14633, 4332.82
14634, 4325.13
14635, 4326.15
14636, 4332.31
14637, 4333.85
14638, 4338.46
14639, 4335.38
14640, 4328.21
14641, 4335.38
14642, 4342.05
14643, 4345.64
14644, 4337.95
14645, 4329.23
14646, 4336.92
14647, 4336.92
14648, 4334.87
14649, 4340
14650, 4334.36
14651, 4335.38
14652, 4341.54
14653, 4342.05
14654, 4341.03
14655, 4341.54
14656, 4344.1
14657, 4343.59
14658, 4336.92
14659, 4334.87
14660, 4337.44
14661, 4343.59
14662, 4343.59
14663, 4342.56
14664, 4346.67
14665, 4342.56
14666, 4335.9
14667, 4337.44
14668, 4343.59
14669, 4350.26
14670, 4341.54
14671, 4336.41
14672, 4342.05
14673, 4341.54
14674, 4343.59
14675, 4347.18
14676, 4343.59
14677, 4338.46
14678, 4342.05
14679, 4347.69
14680, 4339.49
14681, 4335.9
14682, 4344.1
14683, 4341.03
14684, 4343.08
14685, 4350.77
14686, 4341.03
14687, 4333.85
14688, 4336.41
14689, 4343.08
14690, 4347.69
14691, 4344.62
14692, 4342.56
14693, 4344.62
14694, 4346.67
14695, 4345.13
14696, 4344.62
14697, 4347.69
14698, 4343.59
14699, 4345.64
14700, 4350.77
14701, 4341.54
14702, 4342.56
14703, 4348.72
14704, 4343.08
14705, 4341.54
14706, 4343.08
14707, 4351.79
14708, 4360
14709, 4351.79
14710, 4344.1
14711, 4346.15
14712, 4346.15
14713, 4334.87
14714, 4333.85
14715, 4350.26
14716, 4354.36
14717, 4352.82
14718, 4353.33
14719, 4346.15
14720, 4346.67
14721, 4350.26
14722, 4353.33
14723, 4354.36
14724, 4350.26
14725, 4356.41
14726, 4352.82
14727, 4337.95
14728, 4345.64
14729, 4351.28
14730, 4343.08
14731, 4345.64
14732, 4349.23
14733, 4348.72
14734, 4357.44
14735, 4367.69
14736, 4358.97
14737, 4347.18
14738, 4349.74
14739, 4348.72
14740, 4349.23
14741, 4353.85
14742, 4351.28
14743, 4352.82
14744, 4347.69
14745, 4341.54
14746, 4341.54
14747, 4344.1
14748, 4355.9
14749, 4361.03
14750, 4357.95
14751, 4357.44
14752, 4345.13
14753, 4341.54
14754, 4350.77
14755, 4351.79
14756, 4353.85
14757, 4356.92
14758, 4355.38
14759, 4349.74
14760, 4346.67
14761, 4351.28
14762, 4353.33
14763, 4357.95
14764, 4359.49
14765, 4353.33
14766, 4354.36
14767, 4353.85
14768, 4353.33
14769, 4355.38
14770, 4352.82
14771, 4353.85
14772, 4352.82
14773, 4350.77
14774, 4355.9
14775, 4358.97
14776, 4355.38
14777, 4348.72
14778, 4355.38
14779, 4370.77
14780, 4359.49
14781, 4346.67
14782, 4354.36
14783, 4354.36
14784, 4352.82
14785, 4354.87
14786, 4359.49
14787, 4361.03
14788, 4353.33
14789, 4357.95
14790, 4362.05
14791, 4355.38
14792, 4354.36
14793, 4356.41
14794, 4359.49
14795, 4357.44
14796, 4354.36
14797, 4358.97
14798, 4356.92
14799, 4355.9
14800, 4360
14801, 4359.49
14802, 4356.92
14803, 4358.97
14804, 4362.05
14805, 4358.46
14806, 4364.1
14807, 4376.41
14808, 4359.49
14809, 4346.15
14810, 4362.05
14811, 4365.13
14812, 4354.87
14813, 4352.31
14814, 4359.49
14815, 4366.15
14816, 4362.56
14817, 4363.59
14818, 4365.13
14819, 4360
14820, 4361.03
14821, 4363.59
14822, 4367.18
14823, 4363.08
14824, 4358.46
14825, 4368.21
14826, 4365.64
14827, 4359.49
14828, 4366.67
14829, 4369.74
14830, 4365.64
14831, 4359.49
14832, 4370.26
14833, 4376.92
14834, 4358.97
14835, 4356.41
14836, 4370.26
14837, 4370.77
14838, 4361.54
14839, 4364.1
14840, 4380.51
14841, 4375.38
14842, 4361.03
14843, 4371.79
14844, 4375.9
14845, 4361.54
14846, 4355.9
14847, 4363.08
14848, 4368.21
14849, 4364.62
14850, 4364.62
14851, 4365.64
14852, 4361.03
14853, 4367.18
14854, 4372.82
14855, 4371.79
14856, 4368.21
14857, 4365.13
14858, 4370.77
14859, 4369.74
14860, 4362.05
14861, 4362.05
14862, 4356.92
14863, 4357.95
14864, 4365.13
14865, 4373.85
14866, 4373.85
14867, 4362.56
14868, 4370.26
14869, 4378.97
14870, 4365.64
14871, 4360.51
14872, 4364.1
14873, 4366.15
14874, 4367.18
14875, 4366.15
14876, 4366.15
14877, 4366.15
14878, 4368.21
14879, 4370.26
14880, 4366.67
14881, 4369.74
14882, 4369.23
14883, 4369.23
14884, 4377.44
14885, 4376.92
14886, 4374.87
14887, 4371.28
14888, 4363.08
14889, 4361.03
14890, 4364.62
14891, 4373.33
14892, 4372.31
14893, 4368.21
14894, 4373.85
14895, 4371.79
14896, 4370.26
14897, 4375.38
14898, 4370.26
14899, 4371.79
14900, 4380
14901, 4376.41
14902, 4365.13
14903, 4369.74
14904, 4386.15
14905, 4374.36
14906, 4354.36
14907, 4360
14908, 4367.18
14909, 4371.79
14910, 4369.74
14911, 4366.67
14912, 4377.44
14913, 4380
14914, 4374.87
14915, 4372.31
14916, 4371.28
14917, 4370.77
14918, 4367.18
14919, 4372.82
14920, 4371.79
14921, 4363.08
14922, 4366.67
14923, 4366.15
14924, 4363.59
14925, 4368.72
14926, 4368.21
14927, 4371.28
14928, 4373.85
14929, 4371.28
14930, 4371.79
14931, 4369.74
14932, 4370.77
14933, 4370.77
14934, 4374.36
14935, 4376.92
14936, 4366.15
14937, 4368.21
14938, 4376.41
14939, 4372.82
14940, 4379.49
14941, 4383.59
14942, 4376.41
14943, 4370.26
14944, 4365.64
14945, 4367.69
14946, 4369.23
14947, 4369.74
14948, 4368.72
14949, 4369.23
14950, 4378.46
14951, 4373.85
14952, 4367.18
14953, 4375.9
14954, 4374.36
14955, 4372.82
14956, 4373.85
14957, 4371.79
14958, 4372.82
14959, 4370.26
14960, 4370.77
14961, 4373.33
14962, 4372.31
14963, 4375.9
14964, 4374.36
14965, 4372.82
14966, 4378.97
14967, 4382.05
14968, 4378.97
14969, 4365.13
14970, 4366.15
14971, 4377.44
14972, 4370.77
14973, 4370.26
14974, 4373.33
14975, 4374.36
14976, 4378.97
14977, 4375.9
14978, 4374.36
14979, 4376.41
14980, 4374.87
14981, 4372.82
14982, 4369.74
14983, 4374.87
14984, 4380.51
14985, 4377.44
14986, 4373.85
14987, 4370.77
14988, 4377.44
14989, 4378.46
14990, 4369.74
14991, 4374.36
14992, 4382.05
14993, 4386.67
14994, 4380.51
14995, 4367.69
14996, 4370.77
14997, 4377.95
14998, 4379.49
14999, 4378.46
15000, 4370.77
15001, 4373.85
15002, 4379.49
15003, 4375.9
15004, 4377.95
15005, 4377.44
15006, 4374.87
15007, 4370.77
15008, 4370.26
15009, 4378.97
15010, 4374.87
15011, 4375.38
15012, 4383.59
15013, 4378.46
15014, 4372.82
15015, 4372.31
15016, 4374.36
15017, 4378.46
15018, 4374.87
15019, 4374.36
15020, 4381.54
15021, 4385.64
15022, 4377.95
15023, 4369.74
15024, 4379.49
15025, 4382.56
15026, 4375.9
15027, 4378.97
15028, 4375.9
15029, 4375.38
15030, 4375.38
15031, 4372.82
15032, 4380
15033, 4377.95
15034, 4375.38
15035, 4378.97
15036, 4375.9
15037, 4379.49
15038, 4378.46
15039, 4375.38
15040, 4379.49
15041, 4378.97
15042, 4378.46
15043, 4376.41
15044, 4375.9
15045, 4381.03
15046, 4377.95
15047, 4376.92
15048, 4386.15
15049, 4390.26
15050, 4377.95
15051, 4372.31
15052, 4387.18
15053, 4383.59
15054, 4371.28
15055, 4383.08
15056, 4383.08
15057, 4375.9
15058, 4381.03
15059, 4380
15060, 4378.97
15061, 4381.54
15062, 4386.15
15063, 4385.64
15064, 4375.9
15065, 4382.56
15066, 4393.33
15067, 4392.82
15068, 4388.21
15069, 4383.08
15070, 4389.23
15071, 4383.08
15072, 4364.1
15073, 4370.26
15074, 4387.18
15075, 4393.33
15076, 4386.15
15077, 4377.44
15078, 4374.36
15079, 4372.31
15080, 4385.64
15081, 4395.9
15082, 4382.05
15083, 4375.38
15084, 4373.33
15085, 4375.9
15086, 4381.54
15087, 4380
15088, 4386.67
15089, 4381.54
15090, 4375.9
15091, 4384.62
15092, 4381.03
15093, 4376.92
15094, 4379.49
15095, 4383.59
15096, 4386.15
15097, 4380.51
15098, 4382.56
15099, 4385.64
15100, 4381.03
15101, 4386.67
15102, 4392.31
15103, 4390.77
15104, 4380
15105, 4370.77
15106, 4384.1
15107, 4385.13
15108, 4368.21
15109, 4376.92
15110, 4398.97
15111, 4396.92
15112, 4375.9
15113, 4379.49
15114, 4395.9
15115, 4386.15
15116, 4370.77
15117, 4367.18
15118, 4379.49
15119, 4391.79
15120, 4385.64
15121, 4383.08
15122, 4385.64
15123, 4385.13
15124, 4388.21
15125, 4380.51
15126, 4382.05
15127, 4389.23
15128, 4377.95
15129, 4380.51
15130, 4395.38
15131, 4396.92
15132, 4381.54
15133, 4368.21
15134, 4378.46
15135, 4383.59
15136, 4379.49
15137, 4387.69
15138, 4391.28
15139, 4383.59
15140, 4376.41
15141, 4381.54
15142, 4389.23
15143, 4385.13
15144, 4383.08
15145, 4384.1
15146, 4385.64
15147, 4386.67
15148, 4380
15149, 4383.08
15150, 4386.67
15151, 4380.51
15152, 4386.67
15153, 4388.72
15154, 4382.56
15155, 4385.13
15156, 4391.79
15157, 4395.38
15158, 4381.03
15159, 4369.74
15160, 4380.51
15161, 4386.15
15162, 4387.18
15163, 4384.62
15164, 4383.59
15165, 4388.72
15166, 4386.67
15167, 4389.23
15168, 4388.72
15169, 4377.95
15170, 4382.05
15171, 4386.67
15172, 4383.08
15173, 4382.05
15174, 4384.1
15175, 4387.69
15176, 4383.08
15177, 4384.62
15178, 4389.74
15179, 4383.08
15180, 4381.54
15181, 4383.08
15182, 4382.05
15183, 4383.59
15184, 4391.28
15185, 4393.33
15186, 4376.41
15187, 4382.05
15188, 4407.18
15189, 4395.38
15190, 4375.9
15191, 4375.38
15192, 4375.9
15193, 4385.64
15194, 4395.38
15195, 4394.87
15196, 4384.1
15197, 4373.85
15198, 4381.03
15199, 4386.67
15200, 4386.15
15201, 4390.77
15202, 4386.67
15203, 4384.1
15204, 4381.54
15205, 4381.54
15206, 4384.1
15207, 4384.62
15208, 4392.31
15209, 4389.74
15210, 4388.21
15211, 4395.9
15212, 4382.56
15213, 4372.82
15214, 4381.54
15215, 4387.18
15216, 4386.67
15217, 4383.08
15218, 4389.74
15219, 4394.36
15220, 4384.1
15221, 4381.54
15222, 4386.15
15223, 4390.26
15224, 4385.13
15225, 4379.49
15226, 4388.21
15227, 4389.23
15228, 4390.77
15229, 4394.87
15230, 4387.69
15231, 4392.82
15232, 4393.33
15233, 4377.95
15234, 4375.38
15235, 4385.13
15236, 4390.77
15237, 4387.18
15238, 4389.23
15239, 4391.79
15240, 4376.92
15241, 4376.92
15242, 4388.72
15243, 4384.62
15244, 4383.08
15245, 4385.13
15246, 4389.23
15247, 4391.28
15248, 4384.62
15249, 4388.21
15250, 4393.33
15251, 4391.79
15252, 4386.67
15253, 4382.05
15254, 4389.74
15255, 4387.69
15256, 4378.46
15257, 4385.13
15258, 4389.74
15259, 4391.28
15260, 4393.33
15261, 4385.64
15262, 4381.54
15263, 4384.62
15264, 4390.77
15265, 4393.33
15266, 4392.31
15267, 4387.69
15268, 4377.44
15269, 4382.05
15270, 4390.77
15271, 4385.64
15272, 4384.62
15273, 4387.18
15274, 4395.9
15275, 4397.44
15276, 4380.51
15277, 4386.67
15278, 4396.92
15279, 4382.05
15280, 4370.77
15281, 4374.87
15282, 4388.72
15283, 4387.69
15284, 4380
15285, 4386.67
15286, 4387.18
15287, 4387.69
15288, 4387.18
15289, 4384.1
15290, 4390.77
15291, 4388.21
15292, 4384.62
15293, 4391.28
15294, 4393.85
15295, 4393.33
15296, 4382.05
15297, 4377.44
15298, 4389.23
15299, 4386.67
15300, 4382.05
15301, 4387.69
15302, 4391.79
15303, 4389.23
15304, 4388.72
15305, 4394.36
15306, 4386.67
15307, 4375.9
15308, 4383.08
15309, 4387.69
15310, 4386.67
15311, 4384.62
15312, 4384.62
15313, 4391.28
15314, 4386.67
15315, 4383.59
15316, 4387.69
15317, 4390.77
15318, 4396.41
15319, 4386.67
15320, 4384.1
15321, 4399.49
15322, 4399.49
15323, 4388.72
15324, 4382.56
15325, 4381.03
15326, 4377.44
15327, 4360
15328, 4357.44
15329, 4365.64
15330, 4366.15
15331, 4370.26
15332, 4358.97
15333, 4348.72
15334, 4364.1
15335, 4378.97
15336, 4383.59
15337, 4380
15338, 4389.23
15339, 4386.67
15340, 4368.21
15341, 4376.41
15342, 4386.67
15343, 4386.15
15344, 4389.23
15345, 4386.67
15346, 4387.69
15347, 4388.72
15348, 4390.77
15349, 4389.23
15350, 4376.92
15351, 4376.41
15352, 4382.05
15353, 4386.15
15354, 4390.77
15355, 4385.13
15356, 4386.67
15357, 4388.21
15358, 4383.08
15359, 4388.21
15360, 4385.64
15361, 4380
15362, 4382.05
15363, 4377.95
15364, 4378.97
15365, 4384.1
15366, 4389.23
15367, 4393.85
15368, 4390.77
15369, 4385.64
15370, 4380
15371, 4385.13
15372, 4394.87
15373, 4391.28
15374, 4391.79
15375, 4391.28
15376, 4388.21
15377, 4389.74
15378, 4386.67
15379, 4389.23
15380, 4393.33
15381, 4393.33
15382, 4394.87
15383, 4386.15
15384, 4388.72
15385, 4397.95
15386, 4390.77
15387, 4394.87
15388, 4401.54
15389, 4397.44
15390, 4391.79
15391, 4387.69
15392, 4393.85
15393, 4391.79
15394, 4387.18
15395, 4394.36
15396, 4395.38
15397, 4394.36
15398, 4392.82
15399, 4394.87
15400, 4402.56
15401, 4398.46
15402, 4397.95
15403, 4401.03
15404, 4397.95
15405, 4396.41
15406, 4391.79
15407, 4394.36
15408, 4398.97
15409, 4396.92
15410, 4399.49
15411, 4395.9
15412, 4397.44
15413, 4403.08
15414, 4393.85
15415, 4393.85
15416, 4397.95
15417, 4396.92
15418, 4400
15419, 4401.54
15420, 4405.13
15421, 4402.05
15422, 4396.92
15423, 4404.62
15424, 4402.56
15425, 4397.44
15426, 4394.87
15427, 4400
15428, 4410.77
15429, 4404.1
15430, 4400
15431, 4406.67
15432, 4402.56
15433, 4393.85
15434, 4391.79
15435, 4401.03
15436, 4403.59
15437, 4394.36
15438, 4395.38
15439, 4397.44
15440, 4401.03
15441, 4410.26
15442, 4404.1
15443, 4402.05
15444, 4406.67
15445, 4403.59
15446, 4400
15447, 4388.72
15448, 4389.23
15449, 4400.51
15450, 4403.59
15451, 4402.56
15452, 4397.44
15453, 4398.97
15454, 4398.46
15455, 4399.49
15456, 4411.79
15457, 4397.95
15458, 4385.13
15459, 4401.03
15460, 4404.62
15461, 4396.41
15462, 4391.79
15463, 4396.92
15464, 4402.56
15465, 4396.92
15466, 4397.44
15467, 4397.95
15468, 4399.49
15469, 4402.05
15470, 4397.95
15471, 4405.13
15472, 4407.18
15473, 4397.95
15474, 4403.08
15475, 4404.1
15476, 4399.49
15477, 4402.56
15478, 4405.64
15479, 4403.59
15480, 4394.87
15481, 4396.41
15482, 4406.67
15483, 4409.74
15484, 4414.87
15485, 4408.72
15486, 4395.9
15487, 4395.38
15488, 4395.9
15489, 4403.08
15490, 4402.05
15491, 4393.33
15492, 4398.46
15493, 4401.54
15494, 4407.69
15495, 4408.72
15496, 4401.03
15497, 4401.03
15498, 4402.56
15499, 4408.72
15500, 4407.18
15501, 4400
15502, 4406.15
15503, 4405.64
15504, 4402.56
15505, 4400.51
15506, 4394.36
15507, 4400
15508, 4399.49
15509, 4398.97
15510, 4411.28
15511, 4410.77
15512, 4403.08
15513, 4399.49
15514, 4403.08
15515, 4406.67
15516, 4393.33
15517, 4391.79
15518, 4406.67
15519, 4405.64
15520, 4392.31
15521, 4389.74
15522, 4404.62
15523, 4404.1
15524, 4393.85
15525, 4400.51
15526, 4400
15527, 4397.44
15528, 4399.49
15529, 4400
15530, 4404.62
15531, 4404.62
15532, 4405.64
15533, 4405.13
15534, 4398.46
15535, 4409.74
15536, 4407.18
15537, 4385.64
15538, 4399.49
15539, 4417.44
15540, 4405.13
15541, 4395.38
15542, 4407.18
15543, 4417.44
15544, 4409.74
15545, 4416.92
15546, 4424.1
15547, 4412.31
15548, 4413.85
15549, 4414.36
15550, 4403.08
15551, 4394.36
15552, 4398.46
15553, 4410.26
15554, 4411.28
15555, 4411.28
15556, 4410.77
15557, 4406.15
15558, 4414.36
15559, 4415.38
15560, 4404.62
15561, 4403.08
15562, 4404.62
15563, 4412.82
15564, 4412.31
15565, 4404.1
15566, 4411.28
15567, 4415.38
15568, 4411.79
15569, 4406.15
15570, 4405.13
15571, 4412.82
15572, 4410.26
15573, 4414.36
15574, 4421.03
15575, 4408.72
15576, 4405.13
15577, 4409.74
15578, 4409.23
15579, 4407.18
15580, 4408.72
15581, 4417.95
15582, 4410.77
15583, 4400.51
15584, 4406.67
15585, 4409.23
15586, 4409.23
15587, 4407.69
15588, 4404.62
15589, 4406.67
15590, 4408.21
15591, 4413.33
15592, 4409.74
15593, 4403.08
15594, 4412.31
15595, 4411.28
15596, 4403.08
15597, 4402.56
15598, 4403.59
15599, 4409.23
15600, 4410.77
15601, 4411.79
15602, 4408.21
15603, 4405.64
15604, 4424.1
15605, 4428.72
15606, 4410.26
15607, 4403.59
15608, 4408.72
15609, 4411.79
15610, 4403.08
15611, 4397.95
15612, 4408.21
15613, 4409.74
15614, 4411.28
15615, 4412.82
15616, 4402.56
15617, 4406.67
15618, 4413.33
15619, 4406.15
15620, 4404.62
15621, 4409.74
15622, 4410.77
15623, 4405.64
15624, 4409.23
15625, 4411.79
15626, 4405.64
15627, 4411.79
15628, 4410.26
15629, 4405.64
15630, 4408.21
15631, 4402.05
15632, 4406.67
15633, 4412.82
15634, 4409.23
15635, 4408.72
15636, 4410.77
15637, 4419.49
15638, 4419.49
15639, 4406.15
15640, 4405.13
15641, 4405.64
15642, 4408.21
15643, 4408.72
15644, 4405.13
15645, 4414.36
15646, 4407.18
15647, 4401.03
15648, 4413.85
15649, 4412.31
15650, 4404.1
15651, 4403.59
15652, 4409.23
15653, 4408.21
15654, 4402.05
15655, 4411.79
15656, 4408.21
15657, 4392.82
15658, 4397.44
15659, 4401.03
15660, 4403.08
15661, 4406.15
15662, 4402.05
15663, 4406.67
15664, 4406.15
15665, 4405.13
15666, 4403.59
15667, 4401.54
15668, 4413.33
15669, 4420
15670, 4422.56
15671, 4425.64
15672, 4417.44
15673, 4416.41
15674, 4422.56
15675, 4426.15
15676, 4423.08
15677, 4411.79
15678, 4407.69
15679, 4406.15
15680, 4403.59
15681, 4406.15
15682, 4404.1
15683, 4408.72
15684, 4409.74
15685, 4403.59
15686, 4404.62
15687, 4400
15688, 4401.54
15689, 4406.15
15690, 4401.54
15691, 4404.62
15692, 4405.13
15693, 4404.62
15694, 4403.59
15695, 4401.03
15696, 4411.28
15697, 4411.79
15698, 4402.56
15699, 4408.72
15700, 4411.79
15701, 4404.1
15702, 4393.85
15703, 4393.85
15704, 4401.03
15705, 4395.38
15706, 4390.26
15707, 4396.41
15708, 4411.28
15709, 4413.85
15710, 4393.33
15711, 4400
15712, 4414.87
15713, 4398.46
15714, 4394.87
15715, 4406.67
15716, 4405.13
15717, 4398.46
15718, 4402.05
15719, 4411.79
15720, 4405.64
15721, 4401.54
15722, 4404.62
15723, 4394.87
15724, 4396.41
15725, 4397.95
15726, 4381.03
15727, 4372.82
15728, 4376.92
15729, 4384.1
15730, 4373.33
15731, 4351.28
15732, 4354.36
15733, 4370.26
15734, 4381.03
15735, 4386.67
15736, 4391.28
15737, 4401.03
15738, 4406.15
15739, 4410.77
15740, 4408.72
15741, 4396.41
15742, 4396.41
15743, 4396.41
15744, 4399.49
15745, 4408.21
15746, 4401.54
15747, 4403.08
15748, 4408.72
15749, 4401.03
15750, 4393.33
15751, 4391.79
15752, 4404.1
15753, 4411.28
15754, 4408.72
15755, 4411.28
15756, 4410.26
15757, 4411.28
15758, 4402.05
15759, 4385.64
15760, 4396.41
15761, 4407.18
15762, 4393.33
15763, 4378.97
15764, 4386.67
15765, 4406.15
15766, 4402.05
15767, 4395.38
15768, 4403.08
15769, 4403.08
15770, 4405.64
15771, 4409.23
15772, 4402.05
15773, 4396.41
15774, 4399.49
15775, 4409.23
15776, 4399.49
15777, 4388.21
15778, 4398.46
15779, 4399.49
15780, 4400.51
15781, 4409.23
15782, 4407.18
15783, 4402.56
15784, 4401.54
15785, 4408.72
15786, 4402.56
15787, 4386.15
15788, 4396.41
15789, 4406.67
15790, 4402.56
15791, 4398.97
15792, 4393.85
15793, 4401.03
15794, 4405.13
15795, 4402.56
15796, 4402.56
15797, 4395.38
15798, 4398.46
15799, 4405.13
15800, 4400
15801, 4398.46
15802, 4396.41
15803, 4397.44
15804, 4397.95
15805, 4396.92
15806, 4403.59
15807, 4402.05
15808, 4402.05
15809, 4406.67
15810, 4402.56
15811, 4403.59
15812, 4403.59
15813, 4404.62
15814, 4404.62
15815, 4391.28
15816, 4393.33
15817, 4400.51
15818, 4399.49
15819, 4402.56
15820, 4402.05
15821, 4403.08
15822, 4402.05
15823, 4399.49
15824, 4400.51
15825, 4396.92
15826, 4397.95
15827, 4402.05
15828, 4403.08
15829, 4409.23
15830, 4409.23
15831, 4406.15
15832, 4402.05
15833, 4400.51
15834, 4409.74
15835, 4400
15836, 4390.77
15837, 4405.13
15838, 4408.72
15839, 4406.67
15840, 4409.23
15841, 4406.15
15842, 4394.87
15843, 4388.21
15844, 4402.56
15845, 4407.18
15846, 4400.51
15847, 4403.59
15848, 4407.69
15849, 4409.23
15850, 4406.15
15851, 4402.56
15852, 4407.18
15853, 4402.56
15854, 4400
15855, 4406.15
15856, 4403.08
15857, 4402.05
15858, 4407.18
15859, 4410.26
15860, 4407.69
15861, 4402.05
15862, 4406.67
15863, 4405.13
15864, 4398.97
15865, 4404.1
15866, 4409.23
15867, 4414.87
15868, 4402.05
15869, 4388.72
15870, 4400.51
15871, 4406.15
15872, 4405.13
15873, 4403.08
15874, 4399.49
15875, 4403.59
15876, 4404.1
15877, 4405.13
15878, 4406.15
15879, 4406.15
15880, 4410.26
15881, 4403.08
15882, 4399.49
15883, 4407.69
15884, 4405.13
15885, 4404.1
15886, 4405.64
15887, 4403.59
15888, 4402.05
15889, 4399.49
15890, 4406.15
15891, 4407.69
15892, 4401.03
15893, 4407.18
15894, 4414.36
15895, 4413.33
15896, 4398.97
15897, 4390.26
15898, 4399.49
15899, 4401.54
15900, 4405.64
15901, 4409.23
15902, 4396.92
15903, 4395.9
15904, 4400
15905, 4404.1
15906, 4413.33
15907, 4410.26
15908, 4396.41
15909, 4388.21
15910, 4387.18
15911, 4376.41
15912, 4362.05
15913, 4370.77
15914, 4374.87
15915, 4360.51
15916, 4358.97
15917, 4362.05
15918, 4364.1
15919, 4378.46
15920, 4401.03
15921, 4412.82
15922, 4397.44
15923, 4390.77
15924, 4397.44
15925, 4394.87
15926, 4400
15927, 4401.54
15928, 4399.49
15929, 4402.05
15930, 4402.05
15931, 4406.15
15932, 4405.64
15933, 4403.08
15934, 4407.69
15935, 4407.69
15936, 4408.72
15937, 4406.67
15938, 4396.92
15939, 4395.9
15940, 4401.54
15941, 4401.54
15942, 4390.26
15943, 4391.28
15944, 4403.59
15945, 4395.9
15946, 4400.51
15947, 4407.18
15948, 4388.21
15949, 4387.69
15950, 4402.05
15951, 4397.95
15952, 4395.9
15953, 4403.59
15954, 4407.69
15955, 4403.08
15956, 4407.18
15957, 4405.64
15958, 4389.23
15959, 4393.85
15960, 4403.59
15961, 4402.56
15962, 4406.67
15963, 4410.77
15964, 4420.51
15965, 4419.49
15966, 4408.72
15967, 4406.15
15968, 4399.49
15969, 4403.08
15970, 4413.85
15971, 4397.44
15972, 4390.26
15973, 4406.67
15974, 4406.67
15975, 4392.82
15976, 4397.44
15977, 4414.87
15978, 4409.23
15979, 4396.41
15980, 4400
15981, 4403.08
15982, 4406.15
15983, 4403.59
15984, 4401.54
15985, 4407.69
15986, 4406.15
15987, 4404.1
15988, 4400
15989, 4398.97
15990, 4402.56
15991, 4398.97
15992, 4401.54
15993, 4403.08
15994, 4396.41
15995, 4403.59
15996, 4408.72
15997, 4401.54
15998, 4397.95
15999, 4400
16000, 4412.82
16001, 4413.85
16002, 4400.51
16003, 4400
16004, 4402.56
16005, 4403.59
16006, 4402.05
16007, 4400
16008, 4402.05
16009, 4401.54
16010, 4407.69
16011, 4406.15
16012, 4397.95
16013, 4401.54
16014, 4402.56
16015, 4403.08
16016, 4402.56
16017, 4399.49
16018, 4408.21
16019, 4410.77
16020, 4405.64
16021, 4405.64
16022, 4400
16023, 4397.44
16024, 4398.97
16025, 4404.1
16026, 4408.21
16027, 4404.1
16028, 4411.79
16029, 4413.33
16030, 4394.36
16031, 4384.62
16032, 4393.33
16033, 4406.15
16034, 4403.08
16035, 4395.9
16036, 4401.03
16037, 4400.51
16038, 4401.54
16039, 4403.08
16040, 4396.92
16041, 4398.46
16042, 4396.92
16043, 4398.46
16044, 4405.13
16045, 4403.08
16046, 4406.15
16047, 4406.67
16048, 4400
16049, 4396.92
16050, 4396.92
16051, 4404.1
16052, 4401.03
16053, 4393.33
16054, 4397.95
16055, 4405.13
16056, 4413.33
16057, 4405.13
16058, 4392.82
16059, 4398.97
16060, 4401.03
16061, 4398.46
16062, 4400
16063, 4398.97
16064, 4402.56
16065, 4400
16066, 4398.46
16067, 4401.03
16068, 4400.51
16069, 4401.03
16070, 4396.41
16071, 4393.85
16072, 4403.08
16073, 4407.18
16074, 4406.15
16075, 4404.62
16076, 4406.67
16077, 4410.77
16078, 4396.92
16079, 4388.21
16080, 4394.36
16081, 4400
16082, 4414.36
16083, 4411.79
16084, 4396.92
16085, 4396.92
16086, 4398.97
16087, 4398.46
16088, 4394.36
16089, 4401.03
16090, 4409.23
16091, 4395.38
16092, 4376.41
16093, 4367.69
16094, 4373.85
16095, 4377.95
16096, 4369.23
16097, 4363.59
16098, 4356.41
16099, 4356.92
16100, 4370.77
16101, 4383.59
16102, 4401.54
16103, 4407.69
16104, 4396.92
16105, 4400.51
16106, 4401.54
16107, 4389.74
16108, 4383.59
16109, 4392.82
16110, 4410.77
16111, 4408.72
16112, 4394.87
16113, 4392.82
16114, 4400
16115, 4409.23
16116, 4407.18
16117, 4404.62
16118, 4407.69
16119, 4397.44
16120, 4393.33
16121, 4405.13
16122, 4409.74
16123, 4395.9
16124, 4384.1
16125, 4402.05
16126, 4413.85
16127, 4406.67
16128, 4408.21
16129, 4406.67
16130, 4404.62
16131, 4404.1
16132, 4396.92
16133, 4398.97
16134, 4401.54
16135, 4401.54
16136, 4404.1
16137, 4406.67
16138, 4405.64
16139, 4391.79
16140, 4393.33
16141, 4406.67
16142, 4401.03
16143, 4401.03
16144, 4406.15
16145, 4402.56
16146, 4402.56
16147, 4401.54
16148, 4402.05
16149, 4406.15
16150, 4404.62
16151, 4403.59
16152, 4405.13
16153, 4412.31
16154, 4406.67
16155, 4391.28
16156, 4393.33
16157, 4398.97
16158, 4402.05
16159, 4408.72
16160, 4402.05
16161, 4402.05
16162, 4407.18
16163, 4398.97
16164, 4398.46
16165, 4410.77
16166, 4412.82
16167, 4393.33
16168, 4389.74
16169, 4410.26
16170, 4409.23
16171, 4398.46
16172, 4400
16173, 4408.21
16174, 4409.74
16175, 4398.46
16176, 4394.36
16177, 4397.44
16178, 4400
16179, 4407.18
16180, 4404.62
16181, 4404.1
16182, 4404.62
16183, 4403.08
16184, 4407.18
16185, 4395.9
16186, 4385.13
16187, 4393.85
16188, 4383.08
16189, 4365.13
16190, 4369.23
16191, 4375.38
16192, 4370.26
16193, 4363.08
16194, 4364.1
16195, 4362.56
16196, 4363.08
16197, 4378.46
16198, 4384.62
16199, 4390.77
16200, 4398.97
16201, 4395.9
16202, 4392.31
16203, 4385.13
16204, 4383.59
16205, 4389.23
16206, 4386.15
16207, 4386.67
16208, 4387.69
16209, 4386.67
16210, 4387.69
16211, 4386.15
16212, 4394.87
16213, 4399.49
16214, 4392.82
16215, 4392.31
16216, 4392.31
16217, 4392.82
16218, 4392.82
16219, 4396.41
16220, 4406.15
16221, 4405.13
16222, 4396.92
16223, 4389.74
16224, 4386.15
16225, 4392.31
16226, 4396.41
16227, 4400.51
16228, 4404.1
16229, 4401.54
16230, 4405.64
16231, 4401.54
16232, 4396.41
16233, 4405.64
16234, 4405.13
16235, 4399.49
16236, 4403.59
16237, 4408.72
16238, 4406.67
16239, 4399.49
16240, 4399.49
16241, 4402.05
16242, 4404.1
16243, 4406.67
16244, 4400
16245, 4396.92
16246, 4404.1
16247, 4407.18
16248, 4403.08
16249, 4392.31
16250, 4400
16251, 4414.87
16252, 4403.08
16253, 4396.92
16254, 4405.64
16255, 4408.21
16256, 4397.95
16257, 4389.23
16258, 4398.97
16259, 4397.95
16260, 4391.79
16261, 4402.05
16262, 4402.56
16263, 4396.92
16264, 4398.97
16265, 4398.46
16266, 4394.36
16267, 4398.46
16268, 4408.72
16269, 4401.03
16270, 4392.31
16271, 4411.28
16272, 4412.31
16273, 4391.79
16274, 4394.87
16275, 4404.62
16276, 4400.51
16277, 4392.31
16278, 4392.31
16279, 4393.85
16280, 4397.95
16281, 4412.31
16282, 4406.67
16283, 4392.31
16284, 4400.51
16285, 4402.56
16286, 4388.72
16287, 4384.1
16288, 4394.87
16289, 4403.08
16290, 4398.46
16291, 4397.95
16292, 4399.49
16293, 4394.87
16294, 4397.44
16295, 4397.95
16296, 4395.9
16297, 4397.44
16298, 4397.44
16299, 4400.51
16300, 4399.49
16301, 4401.03
16302, 4407.69
16303, 4398.46
16304, 4389.74
16305, 4389.74
16306, 4393.33
16307, 4396.92
16308, 4393.85
16309, 4396.92
16310, 4398.97
16311, 4397.44
16312, 4402.56
16313, 4398.46
16314, 4393.85
16315, 4395.9
16316, 4395.9
16317, 4397.44
16318, 4397.44
16319, 4400
16320, 4400.51
16321, 4394.36
16322, 4397.95
16323, 4398.46
16324, 4391.79
16325, 4395.38
16326, 4403.59
16327, 4408.21
16328, 4402.56
16329, 4397.95
16330, 4407.69
16331, 4408.72
16332, 4397.44
16333, 4387.18
16334, 4389.23
16335, 4397.44
16336, 4395.9
16337, 4402.56
16338, 4407.69
16339, 4395.9
16340, 4400
16341, 4407.69
16342, 4402.05
16343, 4393.33
16344, 4395.38
16345, 4404.62
16346, 4397.44
16347, 4395.38
16348, 4408.21
16349, 4401.54
16350, 4388.72
16351, 4392.31
16352, 4398.46
16353, 4398.97
16354, 4399.49
16355, 4409.74
16356, 4409.23
16357, 4393.85
16358, 4391.79
16359, 4396.41
16360, 4398.46
16361, 4400
16362, 4397.44
16363, 4397.95
16364, 4398.97
16365, 4398.97
16366, 4394.87
16367, 4388.72
16368, 4393.85
16369, 4400.51
16370, 4405.13
16371, 4401.03
16372, 4391.79
16373, 4401.54
16374, 4407.69
16375, 4395.38
16376, 4393.33
16377, 4400
16378, 4399.49
16379, 4394.87
16380, 4394.36
16381, 4396.92
16382, 4400
16383, 4407.18
16384, 4405.64
16385, 4392.82
16386, 4390.26
16387, 4390.77
16388, 4393.33
16389, 4399.49
16390, 4395.38
16391, 4395.38
16392, 4397.95
16393, 4398.46
16394, 4397.44
16395, 4393.33
16396, 4402.05
16397, 4407.69
16398, 4394.87
16399, 4391.28
16400, 4396.41
16401, 4400
16402, 4398.46
16403, 4392.82
16404, 4394.36
16405, 4398.97
16406, 4401.03
16407, 4394.87
16408, 4391.28
16409, 4404.1
16410, 4411.28
16411, 4400.51
16412, 4385.64
16413, 4383.59
16414, 4390.26
16415, 4391.28
16416, 4402.05
16417, 4410.26
16418, 4396.41
16419, 4394.87
16420, 4400
16421, 4394.36
16422, 4392.82
16423, 4387.18
16424, 4387.18
16425, 4397.95
16426, 4398.46
16427, 4392.82
16428, 4391.79
16429, 4395.9
16430, 4395.9
16431, 4391.79
16432, 4393.85
16433, 4393.33
16434, 4393.85
16435, 4400.51
16436, 4400
16437, 4391.28
16438, 4386.15
16439, 4393.33
16440, 4395.9
16441, 4385.64
16442, 4394.36
16443, 4403.08
16444, 4392.31
16445, 4390.26
16446, 4395.38
16447, 4394.87
16448, 4391.28
16449, 4391.79
16450, 4398.97
16451, 4391.79
16452, 4389.23
16453, 4397.95
16454, 4400.51
16455, 4403.08
16456, 4392.31
16457, 4384.62
16458, 4392.31
16459, 4391.79
16460, 4390.26
16461, 4397.44
16462, 4406.67
16463, 4404.62
16464, 4390.77
16465, 4391.79
16466, 4399.49
16467, 4400
16468, 4394.87
16469, 4383.08
16470, 4382.05
16471, 4390.77
16472, 4391.79
16473, 4391.79
16474, 4391.79
16475, 4395.38
16476, 4397.44
16477, 4392.31
16478, 4392.82
16479, 4392.31
16480, 4389.74
16481, 4395.9
16482, 4401.54
16483, 4400
16484, 4390.26
16485, 4389.74
16486, 4398.46
16487, 4395.38
16488, 4396.92
16489, 4406.67
16490, 4403.08
16491, 4394.87
16492, 4395.9
16493, 4400
16494, 4396.92
16495, 4401.54
16496, 4406.15
16497, 4390.26
16498, 4392.31
16499, 4412.82
16500, 4409.23
16501, 4400
16502, 4401.03
16503, 4396.92
16504, 4384.1
16505, 4381.54
16506, 4396.41
16507, 4396.41
16508, 4392.31
16509, 4403.59
16510, 4402.05
16511, 4392.82
16512, 4394.36
16513, 4395.9
16514, 4398.46
16515, 4399.49
16516, 4398.97
16517, 4394.87
16518, 4390.77
16519, 4395.38
16520, 4398.97
16521, 4399.49
16522, 4404.1
16523, 4403.08
16524, 4390.77
16525, 4381.03
16526, 4389.23
16527, 4395.9
16528, 4387.18
16529, 4388.21
16530, 4390.26
16531, 4385.13
16532, 4388.72
16533, 4392.82
16534, 4392.82
16535, 4390.26
16536, 4388.72
16537, 4389.23
16538, 4388.72
16539, 4392.82
16540, 4391.79
16541, 4382.05
16542, 4388.21
16543, 4393.85
16544, 4391.79
16545, 4387.69
16546, 4376.41
16547, 4377.95
16548, 4384.1, estimuli
16549, 4387.18
16550, 4394.87
16551, 4392.82
16552, 4383.59
16553, 4381.03
16554, 4387.69
16555, 4389.23
16556, 4385.13
16557, 4390.26
16558, 4389.23
16559, 4384.62
16560, 4388.72
16561, 4389.23
16562, 4391.28
16563, 4394.36
16564, 4389.74
16565, 4389.74
16566, 4390.77
16567, 4389.23
16568, 4391.28
16569, 4391.28
16570, 4393.85
16571, 4397.44
16572, 4395.9
16573, 4391.79
16574, 4386.67
16575, 4387.69
16576, 4386.67
16577, 4390.26
16578, 4395.9
16579, 4387.69
16580, 4386.67
16581, 4391.28
16582, 4389.74
16583, 4389.23
16584, 4388.72
16585, 4394.36
16586, 4393.33
16587, 4382.56
16588, 4384.1
16589, 4388.72
16590, 4385.64
16591, 4386.67
16592, 4392.82
16593, 4393.85
16594, 4385.13
16595, 4380.51
16596, 4392.31
16597, 4402.56
16598, 4398.97
16599, 4381.54
16600, 4381.03
16601, 4401.03
16602, 4400.51
16603, 4386.67
16604, 4385.64
16605, 4394.36
16606, 4397.44
16607, 4393.33
16608, 4393.33
16609, 4392.82
16610, 4391.28
16611, 4397.44
16612, 4396.92
16613, 4390.26
16614, 4390.26
16615, 4391.28
16616, 4395.9
16617, 4393.85
16618, 4391.28
16619, 4394.36
16620, 4393.33
16621, 4393.33
16622, 4391.79
16623, 4393.85
16624, 4400
16625, 4390.77
16626, 4389.74
16627, 4400
16628, 4393.85
16629, 4385.64
16630, 4389.74
16631, 4394.36
16632, 4390.26
16633, 4396.41
16634, 4399.49
16635, 4393.85
16636, 4424.62
16637, 4460.51
16638, 4415.9
16639, 4328.21
16640, 4288.21
16641, 4311.28
16642, 4381.03
16643, 4460
16644, 4494.87
16645, 4470.26
16646, 4441.03
16647, 4411.28
16648, 4307.18
16649, 4236.92
16650, 4298.97
16651, 4381.54
16652, 4456.92
16653, 4531.79
16654, 4516.92
16655, 4409.74
16656, 4298.97
16657, 4251.79
16658, 4291.28
16659, 4382.05
16660, 4472.31
16661, 4534.87
16662, 4513.85
16663, 4407.69
16664, 4300.51
16665, 4255.38
16666, 4293.33
16667, 4380
16668, 4463.59
16669, 4530.26
16670, 4515.38
16671, 4408.21
16672, 4307.18
16673, 4262.05
16674, 4296.41
16675, 4391.28
16676, 4474.87
16677, 4524.62
16678, 4505.64
16679, 4404.62
16680, 4304.62
16681, 4263.59
16682, 4296.41
16683, 4380.51
16684, 4468.72
16685, 4528.21
16686, 4501.54
16687, 4398.97
16688, 4302.56
16689, 4261.03
16690, 4302.56
16691, 4390.26
16692, 4471.79
16693, 4518.97
16694, 4490.26
16695, 4403.59
16696, 4314.87
16697, 4266.67
16698, 4296.41
16699, 4382.05
16700, 4472.31
16701, 4517.95
16702, 4486.67
16703, 4405.64
16704, 4316.92
16705, 4269.23
16706, 4301.54
16707, 4386.15
16708, 4470.77
16709, 4510.77
16710, 4483.08
16711, 4403.59
16712, 4316.92
16713, 4273.85
16714, 4302.56
16715, 4384.62
16716, 4471.28
16717, 4510.26
16718, 4481.03
16719, 4400.51
16720, 4313.33
16721, 4274.87
16722, 4301.54
16723, 4381.03
16724, 4475.38
16725, 4514.87
16726, 4469.23
16727, 4389.23
16728, 4325.64
16729, 4286.67
16730, 4304.62
16731, 4391.79
16732, 4472.31
16733, 4503.59
16734, 4477.95
16735, 4396.92
16736, 4315.9
16737, 4277.44
16738, 4302.05
16739, 4385.64
16740, 4469.74
16741, 4510.77
16742, 4484.1
16743, 4403.08
16744, 4317.95
16745, 4275.38
16746, 4311.79
16747, 4397.95
16748, 4471.79
16749, 4505.64
16750, 4479.49
16751, 4403.08
16752, 4313.85
16753, 4262.05
16754, 4297.44
16755, 4389.23
16756, 4475.9
16757, 4514.87
16758, 4472.31
16759, 4384.62
16760, 4312.31
16761, 4280.51
16762, 4310.26
16763, 4389.23
16764, 4458.46
16765, 4460
16766, 4408.21
16767, 4384.62
16768, 4397.95
16769, 4397.95
16770, 4385.64
16771, 4387.18
16772, 4395.9
16773, 4392.82
16774, 4390.77
16775, 4394.87
16776, 4395.38
16777, 4394.36
16778, 4388.72
16779, 4386.15
16780, 4393.85
16781, 4394.36
16782, 4393.33
16783, 4395.9
16784, 4398.97
16785, 4398.46
16786, 4389.23
16787, 4389.23
16788, 4400
16789, 4398.97
16790, 4391.28
16791, 4384.62
16792, 4386.67
16793, 4391.28
16794, 4391.28
16795, 4393.85
16796, 4395.9
16797, 4395.9
16798, 4392.31
16799, 4386.67
16800, 4388.72
16801, 4392.82
16802, 4392.82
16803, 4390.77
16804, 4387.18
16805, 4392.82
16806, 4398.97
16807, 4397.95
16808, 4396.41
16809, 4394.36
16810, 4398.97
16811, 4401.03
16812, 4390.26
16813, 4385.64
16814, 4383.59
16815, 4384.1
16816, 4389.74
16817, 4390.77
16818, 4392.31
16819, 4391.28
16820, 4387.69
16821, 4390.77
16822, 4392.82
16823, 4393.85
16824, 4391.79
16825, 4391.28
16826, 4391.79
16827, 4388.21
16828, 4388.72
16829, 4392.31
16830, 4391.79
16831, 4390.26
16832, 4386.67
16833, 4387.69
16834, 4387.69
16835, 4385.13
16836, 4393.33
16837, 4391.79
16838, 4388.21
16839, 4394.87
16840, 4392.31
16841, 4387.69
16842, 4385.13
16843, 4386.67
16844, 4390.77
16845, 4388.21
16846, 4389.23
16847, 4386.15
16848, 4383.08
16849, 4389.74
16850, 4391.79
16851, 4389.23
16852, 4391.79
16853, 4393.85
16854, 4390.26
16855, 4385.64
16856, 4387.18
16857, 4390.26
16858, 4390.26
16859, 4390.77
16860, 4382.05
16861, 4375.9
16862, 4386.15
16863, 4390.77
16864, 4388.72
16865, 4393.85
16866, 4406.15
16867, 4405.13
16868, 4386.67
16869, 4382.05
16870, 4391.79
16871, 4397.44
16872, 4398.97
16873, 4386.15
16874, 4377.95
16875, 4385.64
16876, 4392.31
16877, 4390.77
16878, 4388.72
16879, 4394.87
16880, 4394.87
16881, 4388.21
16882, 4390.26
16883, 4389.74
16884, 4387.69
16885, 4389.74
16886, 4393.33
16887, 4397.95
16888, 4393.33
16889, 4389.23
16890, 4395.38
16891, 4394.36
16892, 4393.85
16893, 4399.49
16894, 4397.44
16895, 4392.82
16896, 4388.21
16897, 4392.31
16898, 4395.9
16899, 4391.79
16900, 4392.82
16901, 4390.77
16902, 4388.21
16903, 4391.28
16904, 4393.85
16905, 4395.38
16906, 4393.33
16907, 4392.31
16908, 4394.36
16909, 4392.82
16910, 4394.36
16911, 4390.77
16912, 4391.79
16913, 4401.54
16914, 4397.95
16915, 4396.41
16916, 4395.38
16917, 4395.9
16918, 4401.54
16919, 4386.67
16920, 4378.46
16921, 4395.9
16922, 4402.56
16923, 4390.77
16924, 4383.59
16925, 4389.23
16926, 4394.36
16927, 4391.79
16928, 4389.74
16929, 4391.28
16930, 4394.87
16931, 4390.26
16932, 4383.59
16933, 4389.23
16934, 4393.85
16935, 4392.31
16936, 4392.82
16937, 4391.28
16938, 4389.74
16939, 4388.72
16940, 4388.21
16941, 4390.77
16942, 4389.23
16943, 4393.85
16944, 4395.9
16945, 4387.69
16946, 4392.82
16947, 4396.92
16948, 4393.33
16949, 4394.87
16950, 4396.41
16951, 4395.9
16952, 4391.28
16953, 4387.69
16954, 4388.72
16955, 4390.26
16956, 4393.85
16957, 4393.85
16958, 4394.87
16959, 4394.87
16960, 4388.21
16961, 4390.26
16962, 4396.41
16963, 4395.38
16964, 4389.74
16965, 4383.59
16966, 4389.23
16967, 4393.33
16968, 4388.21
16969, 4392.31
16970, 4395.9
16971, 4394.87
16972, 4397.95
16973, 4394.87
16974, 4390.77
16975, 4392.82
16976, 4400
16977, 4402.56
16978, 4388.72
16979, 4381.54
16980, 4391.28
16981, 4397.44
16982, 4390.77
16983, 4388.21
16984, 4396.41
16985, 4394.36
16986, 4390.77
16987, 4397.44
16988, 4390.77
16989, 4382.05
16990, 4388.72
16991, 4397.44
16992, 4397.95
16993, 4390.26
16994, 4387.69
16995, 4390.77
16996, 4389.74
16997, 4392.31
16998, 4391.79
16999, 4389.23
17000, 4393.85
17001, 4391.28
17002, 4394.36
17003, 4401.03
17004, 4395.9
17005, 4386.15
17006, 4378.97
17007, 4380
17008, 4386.15
17009, 4393.33
17010, 4397.95
17011, 4395.38
17012, 4392.82
17013, 4394.36
17014, 4392.82
17015, 4387.18
17016, 4382.56
17017, 4389.74
17018, 4397.44
17019, 4391.79
17020, 4387.18
17021, 4387.18
17022, 4390.26
17023, 4389.23
17024, 4383.08
17025, 4389.23
17026, 4394.87
17027, 4389.23
17028, 4388.21
17029, 4387.69
17030, 4392.82
17031, 4400
17032, 4395.38
17033, 4390.77
17034, 4388.21
17035, 4393.33
17036, 4395.38
17037, 4390.26
17038, 4390.77
17039, 4393.85
17040, 4394.87
17041, 4395.38
17042, 4390.77
17043, 4386.67
17044, 4388.72
17045, 4393.33
17046, 4390.77
17047, 4385.13
17048, 4390.77
17049, 4391.79
17050, 4390.26
17051, 4401.03
17052, 4396.41
17053, 4382.05
17054, 4385.64
17055, 4395.9
17056, 4391.28
17057, 4379.49
17058, 4388.21
17059, 4404.1
17060, 4398.97
17061, 4386.67
17062, 4387.18
17063, 4394.87
17064, 4394.87
17065, 4389.74
17066, 4390.77
17067, 4393.33
17068, 4395.38
17069, 4391.79
17070, 4377.44
17071, 4375.9
17072, 4383.59
17073, 4386.67
17074, 4392.31
17075, 4389.23
17076, 4381.03
17077, 4383.59
17078, 4385.13
17079, 4374.87
17080, 4361.03
17081, 4370.77
17082, 4382.05
17083, 4355.38
17084, 4336.41, estimuli
17085, 4357.95
17086, 4362.56
17087, 4341.54
17088, 4348.72
17089, 4372.31
17090, 4368.72
17091, 4364.1
17092, 4372.82
17093, 4371.79
17094, 4370.77
17095, 4372.82
17096, 4374.36
17097, 4374.87
17098, 4367.18
17099, 4370.26
17100, 4379.49
17101, 4381.03
17102, 4383.08
17103, 4381.03
17104, 4380.51
17105, 4380
17106, 4375.38
17107, 4374.36
17108, 4377.95
17109, 4384.1
17110, 4388.21
17111, 4388.21
17112, 4385.13
17113, 4376.92
17114, 4377.95
17115, 4387.18
17116, 4377.44
17117, 4366.67
17118, 4374.87
17119, 4383.08
17120, 4380
17121, 4373.33
17122, 4376.92
17123, 4381.54
17124, 4378.46
17125, 4380
17126, 4374.36
17127, 4376.41
17128, 4388.72
17129, 4383.59
17130, 4374.87
17131, 4376.92
17132, 4382.56
17133, 4385.64
17134, 4389.23
17135, 4391.79
17136, 4386.67
17137, 4393.85
17138, 4403.08
17139, 4395.9
17140, 4387.18
17141, 4381.54
17142, 4383.59
17143, 4397.44
17144, 4396.41
17145, 4382.05
17146, 4378.46
17147, 4388.72
17148, 4398.46
17149, 4384.1
17150, 4389.23
17151, 4442.05
17152, 4462.56
17153, 4398.46
17154, 4313.33
17155, 4291.28
17156, 4329.23
17157, 4394.87
17158, 4465.13
17159, 4497.44
17160, 4475.9
17161, 4444.1
17162, 4394.36
17163, 4286.67
17164, 4236.92
17165, 4315.9
17166, 4415.38
17167, 4486.67
17168, 4531.28
17169, 4492.31
17170, 4378.46
17171, 4276.92
17172, 4251.28
17173, 4310.77
17174, 4396.41
17175, 4482.56
17176, 4550.77
17177, 4504.1
17178, 4371.79
17179, 4273.33
17180, 4254.87
17181, 4310.26
17182, 4395.38
17183, 4488.72
17184, 4544.62
17185, 4487.69
17186, 4374.36
17187, 4286.67
17188, 4253.85
17189, 4305.13
17190, 4403.08
17191, 4493.33
17192, 4536.92
17193, 4487.69
17194, 4383.59
17195, 4293.85
17196, 4261.03
17197, 4306.67
17198, 4401.03
17199, 4492.31
17200, 4527.69
17201, 4477.44
17202, 4382.05
17203, 4294.36
17204, 4262.56
17205, 4310.26
17206, 4404.62
17207, 4490.26
17208, 4518.97
17209, 4474.87
17210, 4381.54
17211, 4294.87
17212, 4269.23
17213, 4315.38
17214, 4405.64
17215, 4485.64
17216, 4510.26
17217, 4470.77
17218, 4386.15
17219, 4302.05
17220, 4273.85
17221, 4320
17222, 4411.79
17223, 4488.21
17224, 4509.74
17225, 4466.67
17226, 4378.97
17227, 4301.03
17228, 4278.97
17229, 4322.56
17230, 4403.59
17231, 4481.03
17232, 4514.36
17233, 4466.15
17234, 4374.87
17235, 4308.21
17236, 4287.69
17237, 4321.03
17238, 4396.92
17239, 4480
17240, 4520
17241, 4472.31
17242, 4375.9
17243, 4301.54
17244, 4282.05
17245, 4327.69
17246, 4409.74
17247, 4485.13
17248, 4512.82
17249, 4470.26
17250, 4387.18
17251, 4306.15
17252, 4272.82
17253, 4316.41
17254, 4401.03
17255, 4486.15
17256, 4518.46
17257, 4466.67
17258, 4380
17259, 4304.1
17260, 4278.46
17261, 4322.05
17262, 4403.59
17263, 4484.1
17264, 4515.38
17265, 4467.69
17266, 4375.38
17267, 4299.49
17268, 4280
17269, 4323.59
17270, 4409.23
17271, 4487.69
17272, 4506.67
17273, 4461.54
17274, 4383.08
17275, 4307.18
17276, 4280
17277, 4328.21
17278, 4418.46
17279, 4468.72
17280, 4446.67
17281, 4400.51
17282, 4388.72
17283, 4402.56
17284, 4397.44
17285, 4381.54
17286, 4387.69
17287, 4403.08
17288, 4406.67
17289, 4395.38
17290, 4390.26
17291, 4405.64
17292, 4402.05
17293, 4379.49
17294, 4382.56
17295, 4393.85
17296, 4397.44
17297, 4394.87
17298, 4390.26
17299, 4396.41
17300, 4400
17301, 4394.87
17302, 4390.26
17303, 4394.36
17304, 4405.13
17305, 4400
17306, 4392.82
17307, 4398.46
17308, 4400
17309, 4396.92
17310, 4390.77
17311, 4384.62
17312, 4385.13
17313, 4390.26
17314, 4393.85
17315, 4394.36
17316, 4397.44
17317, 4397.44
17318, 4390.26
17319, 4393.85
17320, 4401.54
17321, 4397.44
17322, 4391.79
17323, 4390.77
17324, 4392.31
17325, 4391.28
17326, 4389.74
17327, 4395.9
17328, 4395.38
17329, 4392.82
17330, 4395.9
17331, 4393.33
17332, 4398.46
17333, 4404.62
17334, 4401.03
17335, 4394.87
17336, 4389.74
17337, 4394.36
17338, 4398.97
17339, 4392.31
17340, 4384.62
17341, 4384.62
17342, 4393.33
17343, 4396.92
17344, 4392.82
17345, 4392.31
17346, 4392.82
17347, 4396.92
17348, 4395.9
17349, 4388.21
17350, 4389.23
17351, 4394.36
17352, 4394.36
17353, 4393.33
17354, 4391.79
17355, 4392.31
17356, 4393.33
17357, 4394.87
17358, 4395.9
17359, 4392.31
17360, 4397.44
17361, 4402.05
17362, 4395.9
17363, 4395.38
17364, 4400
17365, 4397.95
17366, 4390.26
17367, 4392.31
17368, 4397.44
17369, 4393.33
17370, 4398.97
17371, 4407.18
17372, 4398.46
17373, 4387.69
17374, 4389.23
17375, 4395.38
17376, 4397.44
17377, 4397.95
17378, 4402.56
17379, 4394.87
17380, 4381.03
17381, 4386.15
17382, 4393.85
17383, 4397.95
17384, 4401.54
17385, 4399.49
17386, 4402.05
17387, 4402.05
17388, 4388.72
17389, 4383.08
17390, 4392.82
17391, 4398.46
17392, 4387.18
17393, 4387.69
17394, 4406.15
17395, 4410.26
17396, 4394.36
17397, 4387.18
17398, 4398.46
17399, 4390.77
17400, 4373.85
17401, 4387.69
17402, 4400
17403, 4396.41
17404, 4396.41
17405, 4394.87
17406, 4391.28
17407, 4392.31
17408, 4394.36
17409, 4393.85
17410, 4394.36
17411, 4397.95
17412, 4399.49
17413, 4398.46
17414, 4397.44
17415, 4388.72
17416, 4384.62
17417, 4392.31
17418, 4394.36
17419, 4392.82
17420, 4389.23
17421, 4391.79
17422, 4396.41
17423, 4390.26
17424, 4396.92
17425, 4403.08
17426, 4393.85
17427, 4394.36
17428, 4404.62
17429, 4403.08
17430, 4388.21
17431, 4385.64
17432, 4395.38
17433, 4393.85
17434, 4393.33
17435, 4399.49
17436, 4398.97
17437, 4390.77
17438, 4388.72
17439, 4402.05
17440, 4403.08
17441, 4381.54
17442, 4384.1
17443, 4396.92
17444, 4390.77
17445, 4389.23
17446, 4396.41
17447, 4396.92
17448, 4391.79
17449, 4389.23
17450, 4392.82
17451, 4393.85
17452, 4393.33
17453, 4393.85
17454, 4396.92
17455, 4398.46
17456, 4395.38
17457, 4395.9
17458, 4397.44
17459, 4394.87
17460, 4398.97
17461, 4398.46
17462, 4391.79
17463, 4392.31
17464, 4394.87
17465, 4396.41
17466, 4401.54
17467, 4406.15
17468, 4398.46
17469, 4392.31
17470, 4399.49
17471, 4400.51
17472, 4399.49
17473, 4407.18
17474, 4407.69
17475, 4403.59
17476, 4400.51
17477, 4395.38
17478, 4397.44
17479, 4402.05
17480, 4402.05
17481, 4402.05
17482, 4403.59
17483, 4406.67
17484, 4405.64
17485, 4404.1
17486, 4403.59
17487, 4401.03
17488, 4405.64
17489, 4406.15
17490, 4398.97
17491, 4402.56
17492, 4407.69
17493, 4405.64
17494, 4405.64
17495, 4412.82
17496, 4409.23
17497, 4392.31
17498, 4401.54
17499, 4417.95
17500, 4403.59
17501, 4390.77
17502, 4404.1
17503, 4412.31
17504, 4400
17505, 4394.36
17506, 4401.03
17507, 4398.46
17508, 4393.33
17509, 4394.36
17510, 4397.95
17511, 4404.62
17512, 4408.21
17513, 4409.23
17514, 4406.15
17515, 4393.33
17516, 4394.36
17517, 4404.1
17518, 4404.1
17519, 4403.59
17520, 4409.23
17521, 4416.92
17522, 4409.23
17523, 4391.28
17524, 4394.87
17525, 4406.15
17526, 4406.67
17527, 4405.64
17528, 4405.13
17529, 4406.15
17530, 4407.69
17531, 4405.64
17532, 4399.49
17533, 4396.92
17534, 4403.08
17535, 4400.51
17536, 4398.97
17537, 4409.23
17538, 4407.18
17539, 4399.49
17540, 4403.08
17541, 4407.18
17542, 4405.64
17543, 4402.56
17544, 4405.64
17545, 4408.72
17546, 4404.1
17547, 4404.1
17548, 4409.23
17549, 4410.26
17550, 4404.62
17551, 4397.95
17552, 4392.82
17553, 4391.79
17554, 4401.54
17555, 4411.28
17556, 4403.08
17557, 4400
17558, 4411.28
17559, 4411.79
17560, 4405.13
17561, 4405.64
17562, 4412.31
17563, 4402.05
17564, 4388.72
17565, 4392.82
17566, 4395.9
17567, 4402.56
17568, 4409.23
17569, 4404.62
17570, 4400.51
17571, 4400.51
17572, 4402.56
17573, 4400
17574, 4397.44
17575, 4406.67
17576, 4406.15
17577, 4397.44
17578, 4401.03
17579, 4400.51
17580, 4398.97
17581, 4398.46
17582, 4398.46
17583, 4405.13
17584, 4402.05
17585, 4398.97
17586, 4401.03
17587, 4401.54
17588, 4401.54
17589, 4400.51
17590, 4406.15
17591, 4402.56
17592, 4394.87
17593, 4405.64
17594, 4407.69
17595, 4393.33
17596, 4390.77
17597, 4396.41
17598, 4398.97
17599, 4399.49
17600, 4406.15
17601, 4412.82
17602, 4400.51
17603, 4392.82
17604, 4401.54
17605, 4407.69
17606, 4405.13
17607, 4400.51
17608, 4401.54
17609, 4401.03
17610, 4400.51
17611, 4405.13
17612, 4403.59
17613, 4401.54
17614, 4404.1
17615, 4406.15
17616, 4406.15
17617, 4401.03
17618, 4399.49
17619, 4406.67
17620, 4408.72
17621, 4403.59
17622, 4396.41
17623, 4400.51
17624, 4409.74
17625, 4408.21
17626, 4409.74
17627, 4410.26
17628, 4405.13
17629, 4408.21
17630, 4406.15
17631, 4396.92
17632, 4396.41
17633, 4398.97
17634, 4403.59
17635, 4414.87
17636, 4415.9
17637, 4402.05
17638, 4401.54
17639, 4415.38
17640, 4402.05
17641, 4384.1
17642, 4395.9
17643, 4406.15
17644, 4401.54
17645, 4397.95
17646, 4400
17647, 4403.59
17648, 4404.62
17649, 4407.18
17650, 4404.62
17651, 4399.49
17652, 4402.05
17653, 4406.15
17654, 4406.67
17655, 4403.59
17656, 4408.72
17657, 4421.54
17658, 4422.56
17659, 4417.95
17660, 4417.44
17661, 4418.97
17662, 4420
17663, 4416.41
17664, 4423.59
17665, 4428.21
17666, 4414.87
17667, 4415.38
17668, 4425.13
17669, 4413.33
17670, 4403.08
17671, 4407.69
17672, 4400.51
17673, 4382.56
17674, 4383.08
17675, 4395.9
17676, 4387.69
17677, 4371.79
17678, 4368.21
17679, 4366.15
17680, 4375.38
17681, 4386.67
17682, 4393.33
17683, 4401.54
17684, 4407.18
17685, 4407.18
17686, 4396.41
17687, 4395.9
17688, 4409.23
17689, 4410.26
17690, 4395.38
17691, 4377.95
17692, 4380.51
17693, 4392.31
17694, 4391.79
17695, 4392.31
17696, 4392.82
17697, 4389.74
17698, 4391.79
17699, 4384.1
17700, 4372.31
17701, 4373.85
17702, 4378.97
17703, 4380.51
17704, 4376.92
17705, 4376.41
17706, 4378.97
17707, 4377.95
17708, 4376.92
17709, 4379.49
17710, 4388.21
17711, 4390.26
17712, 4380
17713, 4381.54
17714, 4385.64
17715, 4380.51
17716, 4380.51
17717, 4384.62
17718, 4387.18
17719, 4384.62
17720, 4384.62
17721, 4390.26
17722, 4391.28
17723, 4396.92
17724, 4398.97
17725, 4395.38
17726, 4405.64
17727, 4406.15
17728, 4393.85
17729, 4392.82
17730, 4400
17731, 4405.13
17732, 4397.44
17733, 4393.33
17734, 4401.03
17735, 4402.05
17736, 4404.1
17737, 4406.67
17738, 4403.59
17739, 4397.95
17740, 4393.85
17741, 4398.46
17742, 4397.44
17743, 4393.33
17744, 4397.95
17745, 4398.46
17746, 4398.46
17747, 4401.03
17748, 4397.95
17749, 4397.95
17750, 4401.03
17751, 4399.49
17752, 4403.08
17753, 4411.79
17754, 4411.79
17755, 4400.51
17756, 4396.41
17757, 4395.38
17758, 4390.26
17759, 4397.44
17760, 4406.67
17761, 4405.13
17762, 4400.51
17763, 4400.51
17764, 4413.33
17765, 4411.79
17766, 4390.77
17767, 4389.74
17768, 4402.05
17769, 4407.18
17770, 4411.79
17771, 4408.72
17772, 4398.46
17773, 4400
17774, 4408.21
17775, 4398.46
17776, 4383.08
17777, 4391.79
17778, 4406.67
17779, 4404.1
17780, 4397.44
17781, 4400.51
17782, 4405.13
17783, 4398.97
17784, 4393.33
17785, 4397.44
17786, 4399.49
17787, 4400.51
17788, 4400.51
17789, 4401.54
17790, 4410.26
17791, 4409.23
17792, 4399.49
17793, 4394.87
17794, 4395.9
17795, 4402.56
17796, 4403.08
17797, 4399.49
17798, 4402.05
17799, 4403.59
17800, 4401.54
17801, 4399.49
17802, 4402.05
17803, 4404.62
17804, 4400.51
17805, 4401.03
17806, 4405.13
17807, 4404.1
17808, 4402.56
17809, 4402.05
17810, 4406.67
17811, 4408.72
17812, 4398.97
17813, 4393.85
17814, 4399.49
17815, 4406.67
17816, 4402.05
17817, 4393.85
17818, 4406.67
17819, 4410.26
17820, 4394.87
17821, 4394.36
17822, 4405.13
17823, 4407.69
17824, 4402.56
17825, 4402.56
17826, 4404.1
17827, 4398.97
17828, 4394.36
17829, 4395.38
17830, 4399.49
17831, 4401.03
17832, 4396.41
17833, 4397.44
17834, 4401.54
17835, 4399.49
17836, 4401.03
17837, 4403.08
17838, 4400.51
17839, 4395.38
17840, 4394.87
17841, 4405.13
17842, 4403.59
17843, 4395.9
17844, 4404.1
17845, 4406.15
17846, 4393.33
17847, 4387.69
17848, 4391.28
17849, 4376.92
17850, 4358.97
17851, 4370.77
17852, 4371.28, estimuli
17853, 4346.67
17854, 4340.51
17855, 4350.77
17856, 4357.95
17857, 4364.62
17858, 4369.23
17859, 4379.49
17860, 4393.33
17861, 4392.31
17862, 4380
17863, 4380.51
17864, 4393.33
17865, 4389.23
17866, 4381.54
17867, 4387.69
17868, 4385.64
17869, 4386.15
17870, 4392.31
17871, 4392.31
17872, 4386.15
17873, 4378.46
17874, 4386.15
17875, 4393.85
17876, 4377.44
17877, 4362.05
17878, 4372.31
17879, 4383.59
17880, 4366.67
17881, 4348.72
17882, 4362.05
17883, 4373.85
17884, 4365.64
17885, 4360
17886, 4363.08
17887, 4368.72
17888, 4361.54
17889, 4355.38
17890, 4362.56
17891, 4361.54
17892, 4355.9
17893, 4359.49
17894, 4363.59
17895, 4363.08
17896, 4369.74
17897, 4381.03
17898, 4376.92
17899, 4369.23
17900, 4374.36
17901, 4378.97
17902, 4379.49
17903, 4377.95
17904, 4376.41
17905, 4384.62
17906, 4386.67
17907, 4381.54
17908, 4382.56
17909, 4384.1
17910, 4384.1
17911, 4385.64
17912, 4393.85
17913, 4397.95
17914, 4391.79
17915, 4391.28
17916, 4391.28
17917, 4389.74
17918, 4392.31
17919, 4389.23
17920, 4393.33
17921, 4398.97
17922, 4391.28
17923, 4389.74
17924, 4394.87
17925, 4397.44
17926, 4396.92
17927, 4392.31
17928, 4388.21
17929, 4391.28
17930, 4403.59
17931, 4405.64
17932, 4396.92
17933, 4395.9
17934, 4397.95
17935, 4403.59
17936, 4397.44
17937, 4391.79
17938, 4434.87
17939, 4468.72
17940, 4410.77
17941, 4324.62
17942, 4300.51
17943, 4336.41
17944, 4399.49
17945, 4463.08
17946, 4497.95
17947, 4479.49
17948, 4449.74
17949, 4412.31
17950, 4307.69
17951, 4246.67
17952, 4315.9
17953, 4408.72
17954, 4484.62
17955, 4535.38
17956, 4506.15
17957, 4405.64
17958, 4299.49
17959, 4254.36
17960, 4306.67
17961, 4403.08
17962, 4488.21
17963, 4547.69
17964, 4516.41
17965, 4400.51
17966, 4297.95
17967, 4264.62
17968, 4314.36
17969, 4402.05
17970, 4484.1
17971, 4543.08
17972, 4506.67
17973, 4391.79
17974, 4295.9
17975, 4256.41
17976, 4300.51
17977, 4402.05
17978, 4489.74
17979, 4541.03
17980, 4510.77
17981, 4403.08
17982, 4304.1
17983, 4266.67
17984, 4308.72
17985, 4396.41
17986, 4483.59
17987, 4533.33
17988, 4491.79
17989, 4389.23
17990, 4302.05
17991, 4272.82
17992, 4314.36
17993, 4398.97
17994, 4486.67
17995, 4525.64
17996, 4480
17997, 4391.28
17998, 4311.28
17999, 4276.92
18000, 4314.36
18001, 4399.49
18002, 4485.13
18003, 4523.08
18004, 4485.13
18005, 4397.95
18006, 4312.31
18007, 4279.49
18008, 4315.38
18009, 4396.92
18010, 4483.59
18011, 4515.38
18012, 4474.87
18013, 4394.36
18014, 4312.31
18015, 4277.44
18016, 4315.38
18017, 4402.05
18018, 4482.56
18019, 4515.38
18020, 4484.62
18021, 4398.46
18022, 4311.79
18023, 4281.03
18024, 4318.97
18025, 4403.59
18026, 4486.15
18027, 4517.44
18028, 4471.28
18029, 4381.54
18030, 4309.74
18031, 4281.54
18032, 4316.92
18033, 4406.67
18034, 4487.69
18035, 4518.97
18036, 4479.49
18037, 4387.69
18038, 4306.67
18039, 4278.97
18040, 4319.49
18041, 4404.1
18042, 4485.13
18043, 4521.54
18044, 4480.51
18045, 4389.74
18046, 4313.85
18047, 4287.18
18048, 4326.67
18049, 4401.03
18050, 4478.97
18051, 4523.59
18052, 4482.05
18053, 4389.23
18054, 4316.41
18055, 4289.23
18056, 4323.08
18057, 4401.54
18058, 4484.1
18059, 4520
18060, 4477.95
18061, 4395.38
18062, 4322.56
18063, 4287.18
18064, 4315.38
18065, 4397.95
18066, 4472.82
18067, 4466.67
18068, 4411.79
18069, 4396.41
18070, 4406.15
18071, 4396.41
18072, 4390.26
18073, 4405.64
18074, 4412.31
18075, 4402.56
18076, 4398.97
18077, 4398.46
18078, 4394.87
18079, 4396.41
18080, 4397.95
18081, 4397.95
18082, 4397.95
18083, 4396.41
18084, 4401.54
18085, 4402.56
18086, 4398.97
18087, 4401.54
18088, 4407.69
18089, 4411.79
18090, 4402.56
18091, 4392.31
18092, 4394.87
18093, 4397.44
18094, 4397.44
18095, 4395.9
18096, 4393.85
18097, 4401.54
18098, 4409.23
18099, 4404.1
18100, 4399.49
18101, 4406.15
18102, 4407.18
18103, 4392.82
18104, 4395.9
18105, 4404.62
18106, 4393.33
18107, 4394.87
18108, 4397.44
18109, 4394.36
18110, 4397.95
18111, 4397.95
18112, 4401.54
18113, 4403.08
18114, 4403.08
18115, 4410.26
18116, 4405.64
18117, 4396.41
18118, 4396.92
18119, 4399.49
18120, 4399.49
18121, 4404.62
18122, 4408.21
18123, 4401.03
18124, 4393.33
18125, 4390.77
18126, 4386.67
18127, 4394.36
18128, 4397.44
18129, 4393.33
18130, 4410.77
18131, 4412.82
18132, 4394.36
18133, 4398.46
18134, 4404.1
18135, 4388.21
18136, 4382.05
18137, 4397.44
18138, 4401.03
18139, 4390.26
18140, 4391.79
18141, 4394.87
18142, 4401.03
18143, 4413.85
18144, 4403.08
18145, 4388.21
18146, 4393.33
18147, 4396.92
18148, 4396.41
18149, 4396.92
18150, 4397.95
18151, 4397.95
18152, 4401.54
18153, 4406.15
18154, 4397.95
18155, 4391.79
18156, 4396.41
18157, 4396.41
18158, 4397.44
18159, 4403.08
18160, 4398.46
18161, 4390.26
18162, 4392.82
18163, 4403.08
18164, 4402.05
18165, 4395.9
18166, 4397.44
18167, 4399.49
18168, 4404.62
18169, 4405.64
18170, 4405.13
18171, 4410.77
18172, 4403.59
18173, 4393.33
18174, 4397.95
18175, 4404.62
18176, 4403.59
18177, 4398.46
18178, 4402.05
18179, 4407.69
18180, 4393.85
18181, 4382.56
18182, 4387.18
18183, 4393.33
18184, 4398.97
18185, 4401.03
18186, 4402.05
18187, 4400
18188, 4397.95
18189, 4398.46
18190, 4396.41
18191, 4396.41
18192, 4396.41
18193, 4393.85
18194, 4396.41
18195, 4401.54
18196, 4401.03
18197, 4394.36
18198, 4395.38
18199, 4407.18
18200, 4404.1
18201, 4390.77
18202, 4394.87
18203, 4404.62
18204, 4403.59
18205, 4391.79
18206, 4387.18
18207, 4396.92
18208, 4398.97
18209, 4397.95
18210, 4396.92
18211, 4395.38
18212, 4402.05
18213, 4400
18214, 4394.87
18215, 4398.97
18216, 4405.13
18217, 4406.15
18218, 4399.49
18219, 4398.97
18220, 4405.13
18221, 4402.56
18222, 4398.46
18223, 4398.46
18224, 4400
18225, 4401.03
18226, 4401.03
18227, 4405.64
18228, 4403.59
18229, 4395.9
18230, 4396.92
18231, 4396.41
18232, 4392.31
18233, 4393.85
18234, 4398.46
18235, 4397.95
18236, 4387.69
18237, 4387.18
18238, 4395.38
18239, 4394.87
18240, 4398.46
18241, 4394.36
18242, 4389.23
18243, 4397.44
18244, 4399.49
18245, 4396.92
18246, 4394.87
18247, 4396.41
18248, 4402.56
18249, 4399.49
18250, 4391.79
18251, 4390.26
18252, 4392.31
18253, 4396.92
18254, 4402.56
18255, 4404.1
18256, 4396.41
18257, 4390.26
18258, 4395.9
18259, 4397.44
18260, 4393.85
18261, 4388.72
18262, 4386.67
18263, 4394.36
18264, 4394.36
18265, 4395.38
18266, 4400.51
18267, 4396.92
18268, 4393.85
18269, 4390.26
18270, 4389.74
18271, 4393.85
18272, 4393.85
18273, 4395.9
18274, 4397.44
18275, 4394.87
18276, 4393.85
18277, 4391.79
18278, 4395.38
18279, 4401.03
18280, 4397.95
18281, 4397.44
18282, 4398.97
18283, 4400
18284, 4398.46
18285, 4390.77
18286, 4390.26
18287, 4394.87
18288, 4396.41
18289, 4397.44
18290, 4402.56
18291, 4411.79
18292, 4405.13
18293, 4394.87
18294, 4400
18295, 4401.54
18296, 4393.33
18297, 4391.79
18298, 4405.13
18299, 4409.74
18300, 4390.26
18301, 4384.1
18302, 4399.49
18303, 4405.13
18304, 4401.54
18305, 4395.9
18306, 4397.44
18307, 4410.26
18308, 4416.92
18309, 4418.97
18310, 4418.46
18311, 4418.46
18312, 4416.92
18313, 4410.77
18314, 4410.77
18315, 4412.82
18316, 4411.79
18317, 4412.31
18318, 4414.36
18319, 4417.44
18320, 4409.23
18321, 4394.36
18322, 4395.38
18323, 4402.56
18324, 4399.49
18325, 4390.77
18326, 4396.41
18327, 4409.23
18328, 4404.62
18329, 4398.97
18330, 4398.46
18331, 4391.28
18332, 4394.36
18333, 4394.87
18334, 4388.72
18335, 4395.38
18336, 4402.05
18337, 4399.49
18338, 4396.92
18339, 4401.54
18340, 4407.18
18341, 4402.05
18342, 4398.97
18343, 4397.95
18344, 4394.36
18345, 4394.36
18346, 4393.85
18347, 4395.9
18348, 4391.28
18349, 4386.15
18350, 4397.44
18351, 4402.05
18352, 4392.31
18353, 4390.26
18354, 4397.44
18355, 4404.62
18356, 4395.9
18357, 4389.74
18358, 4404.62
18359, 4406.15
18360, 4389.23
18361, 4384.62
18362, 4396.41
18363, 4400
18364, 4400
18365, 4407.69
18366, 4396.92
18367, 4384.62
18368, 4395.38
18369, 4401.54
18370, 4395.9
18371, 4394.87
18372, 4395.38
18373, 4396.41
18374, 4397.95
18375, 4397.44
18376, 4397.44
18377, 4394.87
18378, 4396.92
18379, 4400
18380, 4397.44
18381, 4395.38
18382, 4397.95
18383, 4402.05
18384, 4400.51
18385, 4395.38
18386, 4397.44
18387, 4398.46
18388, 4392.82
18389, 4389.74
18390, 4398.97
18391, 4408.21
18392, 4400
18393, 4395.9
18394, 4397.44
18395, 4393.33
18396, 4394.87
18397, 4393.33
18398, 4391.79
18399, 4390.77
18400, 4390.26
18401, 4398.46
18402, 4397.95
18403, 4395.9
18404, 4403.59
18405, 4398.46
18406, 4394.36
18407, 4398.46
18408, 4400.51
18409, 4401.03
18410, 4395.9
18411, 4394.36
18412, 4399.49
18413, 4398.97
18414, 4395.38
18415, 4397.95
18416, 4406.67
18417, 4402.56
18418, 4387.18
18419, 4388.72
18420, 4402.05
18421, 4410.26
18422, 4405.64
18423, 4390.77
18424, 4394.36
18425, 4405.13
18426, 4400.51
18427, 4391.28
18428, 4388.72
18429, 4397.44
18430, 4403.59
18431, 4403.08
18432, 4406.67
18433, 4406.67
18434, 4403.08
18435, 4396.41
18436, 4391.79
18437, 4398.46
18438, 4397.44
18439, 4393.33
18440, 4398.97
18441, 4400.51
18442, 4396.92
18443, 4395.9
18444, 4396.41
18445, 4394.87
18446, 4394.36
18447, 4399.49
18448, 4400
18449, 4397.95
18450, 4400
18451, 4394.87
18452, 4391.28
18453, 4394.36
18454, 4397.44
18455, 4394.87
18456, 4390.26
18457, 4401.03
18458, 4404.62
18459, 4393.85
18460, 4394.36
18461, 4398.46
18462, 4397.95
18463, 4394.36
18464, 4391.28
18465, 4397.44
18466, 4402.56
18467, 4397.95
18468, 4394.36
18469, 4396.92
18470, 4400
18471, 4396.41
18472, 4395.38
18473, 4401.54
18474, 4399.49
18475, 4397.44
18476, 4401.54
18477, 4401.03
18478, 4396.92
18479, 4394.87
18480, 4402.05
18481, 4398.97
18482, 4387.18
18483, 4392.82
18484, 4398.46
18485, 4402.56
18486, 4402.56
18487, 4393.85
18488, 4397.44
18489, 4400
18490, 4395.38
18491, 4396.92
18492, 4398.46
18493, 4396.92
18494, 4396.41
18495, 4396.41
18496, 4395.9
18497, 4396.41
18498, 4398.97
18499, 4398.97
18500, 4397.44
18501, 4396.92
18502, 4394.87
18503, 4402.05
18504, 4408.72
18505, 4398.46
18506, 4390.77
18507, 4395.9
18508, 4403.59
18509, 4401.03
18510, 4393.85
18511, 4397.95
18512, 4395.38
18513, 4391.28
18514, 4401.54
18515, 4405.13
18516, 4398.97
18517, 4395.38
18518, 4397.44
18519, 4396.92
18520, 4393.85
18521, 4400.51
18522, 4402.05
18523, 4393.33
18524, 4393.85
18525, 4398.97
18526, 4397.95
18527, 4395.9
18528, 4394.87
18529, 4397.44
18530, 4394.87
18531, 4399.49
18532, 4410.26
18533, 4404.62
18534, 4394.36
18535, 4389.74
18536, 4392.31
18537, 4397.95
18538, 4394.36
18539, 4393.85
18540, 4397.95
18541, 4399.49
18542, 4401.54
18543, 4402.56
18544, 4398.46
18545, 4388.72
18546, 4392.31
18547, 4407.69
18548, 4398.46
18549, 4383.08
18550, 4396.92
18551, 4416.92
18552, 4408.72
18553, 4389.74
18554, 4395.9
18555, 4405.64
18556, 4396.92
18557, 4395.9
18558, 4398.46
18559, 4401.03
18560, 4408.72
18561, 4403.59
18562, 4395.38
18563, 4396.41
18564, 4395.38
18565, 4397.95
18566, 4397.95
18567, 4398.97
18568, 4402.05
18569, 4401.03
18570, 4399.49
18571, 4394.87
18572, 4398.46
18573, 4398.97
18574, 4392.31
18575, 4396.92
18576, 4400
18577, 4397.44
18578, 4399.49
18579, 4399.49
18580, 4399.49
18581, 4397.95
18582, 4396.41
18583, 4397.95
18584, 4400
18585, 4400.51
18586, 4396.92
18587, 4392.82
18588, 4393.85
18589, 4395.38
18590, 4397.44
18591, 4397.95
18592, 4399.49
18593, 4403.59
18594, 4395.38
18595, 4392.82
18596, 4401.03
18597, 4402.56
18598, 4404.1
18599, 4397.44
18600, 4392.31
18601, 4396.92
18602, 4395.9
18603, 4398.46
18604, 4400
18605, 4400
18606, 4403.59
18607, 4402.05
18608, 4398.46
18609, 4394.87
18610, 4397.44
18611, 4403.59
18612, 4399.49
18613, 4396.41
18614, 4398.46
18615, 4392.31
18616, 4389.74
18617, 4395.9
18618, 4405.64
18619, 4401.03
18620, 4386.67
18621, 4388.72
18622, 4393.85
18623, 4391.28
18624, 4393.33
18625, 4396.92
18626, 4397.44
18627, 4394.87
18628, 4395.9
18629, 4395.9
18630, 4392.82
18631, 4398.46
18632, 4397.95
18633, 4392.82
18634, 4396.41
18635, 4396.92
18636, 4397.95
18637, 4397.44
18638, 4396.92
18639, 4402.05
18640, 4395.38
18641, 4386.67
18642, 4395.38
18643, 4399.49
18644, 4395.38
18645, 4394.36
18646, 4398.46
18647, 4404.1
18648, 4399.49
18649, 4392.31
18650, 4389.74
18651, 4392.82
18652, 4396.41
18653, 4390.26
18654, 4392.82
18655, 4398.97
18656, 4396.92
18657, 4394.87
18658, 4394.87
18659, 4397.44
18660, 4392.31
18661, 4388.72
18662, 4399.49
18663, 4401.03
18664, 4398.46
18665, 4399.49
18666, 4392.82
18667, 4392.82
18668, 4397.44
18669, 4396.41
18670, 4400.51
18671, 4407.69
18672, 4408.21
18673, 4397.44
18674, 4391.79
18675, 4397.95
18676, 4400
18677, 4400.51
18678, 4391.79
18679, 4384.62
18680, 4392.31
18681, 4394.87
18682, 4392.82
18683, 4394.87
18684, 4399.49
18685, 4402.56
18686, 4397.44
18687, 4394.87
18688, 4392.31
18689, 4388.72
18690, 4396.41
18691, 4400.51
18692, 4401.03
18693, 4405.13
18694, 4396.41
18695, 4392.31
18696, 4398.46
18697, 4397.44
18698, 4391.79
18699, 4391.28
18700, 4398.46
18701, 4397.95
18702, 4394.36
18703, 4397.44
18704, 4392.31
18705, 4389.74
18706, 4399.49
18707, 4400.51
18708, 4392.31
18709, 4391.28
18710, 4403.08
18711, 4407.18
18712, 4398.97
18713, 4397.95
18714, 4393.85
18715, 4393.85
18716, 4403.08
18717, 4400
18718, 4397.44
18719, 4399.49
18720, 4399.49
18721, 4399.49
18722, 4396.41
18723, 4398.97
18724, 4395.38
18725, 4386.15
18726, 4390.77
18727, 4394.87
18728, 4392.82
18729, 4392.82
18730, 4395.38
18731, 4400
18732, 4399.49
18733, 4403.08
18734, 4403.59
18735, 4395.38
18736, 4401.03
18737, 4402.56
18738, 4393.33
18739, 4395.38
18740, 4395.38
18741, 4396.41
18742, 4399.49
18743, 4396.41
18744, 4391.79
18745, 4396.41
18746, 4404.62
18747, 4399.49
18748, 4395.9
18749, 4401.54
18750, 4392.82
18751, 4387.18
18752, 4397.44
18753, 4400.51
18754, 4396.92
18755, 4398.46
18756, 4398.97
18757, 4396.41
18758, 4396.41
18759, 4399.49
18760, 4394.36
18761, 4391.79
18762, 4400.51
18763, 4403.08
18764, 4402.05
18765, 4396.92
18766, 4396.41
18767, 4399.49
18768, 4390.26
18769, 4391.79
18770, 4401.03
18771, 4398.46
18772, 4395.9
18773, 4392.82
18774, 4394.36
18775, 4401.54
18776, 4401.03
18777, 4398.97
18778, 4396.41
18779, 4392.82
18780, 4393.85
18781, 4395.9
18782, 4396.92
18783, 4394.36
18784, 4393.33
18785, 4396.41
18786, 4394.36
18787, 4395.38
18788, 4394.87
18789, 4394.87
18790, 4396.41
18791, 4392.31
18792, 4397.95
18793, 4398.97
18794, 4392.82
18795, 4399.49
18796, 4401.03
18797, 4396.41
18798, 4396.41
18799, 4394.87
18800, 4397.95
18801, 4405.13
18802, 4407.18
18803, 4403.59
18804, 4396.41
18805, 4396.41
18806, 4396.41
18807, 4393.33
18808, 4394.36
18809, 4393.85
18810, 4395.9
18811, 4390.77
18812, 4388.21
18813, 4396.41
18814, 4393.85
18815, 4391.28
18816, 4395.38
18817, 4393.33
18818, 4394.87
18819, 4401.54
18820, 4401.54
18821, 4390.77
18822, 4392.31
18823, 4408.72
18824, 4399.49
18825, 4385.13
18826, 4394.36
18827, 4396.92
18828, 4394.87
18829, 4399.49
18830, 4400.51
18831, 4393.33
18832, 4387.69
18833, 4396.92
18834, 4400
18835, 4389.74
18836, 4395.9
18837, 4407.69
18838, 4404.62
18839, 4391.79
18840, 4390.26
18841, 4403.08
18842, 4402.05
18843, 4395.9
18844, 4392.31
18845, 4388.21
18846, 4392.31
18847, 4394.87
18848, 4390.26
18849, 4384.62
18850, 4379.49
18851, 4374.87
18852, 4370.26
18853, 4373.85
18854, 4370.26
18855, 4357.95
18856, 4363.59
18857, 4361.03
18858, 4345.13
18859, 4355.38
18860, 4371.28, estimuli
18861, 4370.77
18862, 4370.26
18863, 4377.44
18864, 4386.15
18865, 4378.46
18866, 4371.79
18867, 4378.97
18868, 4378.97
18869, 4377.95
18870, 4378.46
18871, 4383.59
18872, 4386.67
18873, 4377.44
18874, 4379.49
18875, 4385.13
18876, 4377.95
18877, 4374.36
18878, 4375.9
18879, 4378.46
18880, 4382.56
18881, 4390.26
18882, 4392.82
18883, 4384.1
18884, 4384.1
18885, 4391.28
18886, 4385.64
18887, 4373.33
18888, 4368.72
18889, 4378.97
18890, 4383.08
18891, 4376.92
18892, 4381.03
18893, 4382.56
18894, 4378.97
18895, 4381.03
18896, 4383.59
18897, 4389.23
18898, 4389.74
18899, 4387.69
18900, 4389.74
18901, 4389.74
18902, 4392.82
18903, 4389.23
18904, 4390.26
18905, 4400
18906, 4392.82
18907, 4385.13
18908, 4393.33
18909, 4395.9
18910, 4389.23
18911, 4382.05
18912, 4385.64
18913, 4393.33
18914, 4391.28
18915, 4392.82
18916, 4395.38
18917, 4395.9
18918, 4393.33
18919, 4390.77
18920, 4396.41
18921, 4394.36
18922, 4393.33
18923, 4398.97
18924, 4393.33
18925, 4388.21
18926, 4387.18
18927, 4392.31
18928, 4403.59
18929, 4397.44
18930, 4392.82
18931, 4402.05
18932, 4400
18933, 4392.82
18934, 4391.28
18935, 4397.95
18936, 4398.97
18937, 4389.23
18938, 4389.74
18939, 4397.44
18940, 4397.95
18941, 4398.46
18942, 4397.95
18943, 4395.9
18944, 4394.87
18945, 4400
18946, 4398.46
18947, 4398.97
18948, 4436.41
18949, 4455.9
18950, 4402.56
18951, 4330.26
18952, 4294.36
18953, 4316.41
18954, 4386.15
18955, 4460
18956, 4496.92
18957, 4476.41
18958, 4447.69
18959, 4412.31
18960, 4306.15
18961, 4240.51
18962, 4307.18
18963, 4396.92
18964, 4469.23
18965, 4532.82
18966, 4514.87
18967, 4404.1
18968, 4291.28
18969, 4250.26
18970, 4296.92
18971, 4390.26
18972, 4479.49
18973, 4536.41
18974, 4506.15
18975, 4393.33
18976, 4290.77
18977, 4253.33
18978, 4299.49
18979, 4396.41
18980, 4484.1
18981, 4536.92
18982, 4502.56
18983, 4392.31
18984, 4295.38
18985, 4254.36
18986, 4300
18987, 4398.46
18988, 4483.59
18989, 4539.49
18990, 4507.69
18991, 4395.9
18992, 4295.9
18993, 4253.33
18994, 4295.38
18995, 4390.77
18996, 4481.54
18997, 4530.77
18998, 4492.31
18999, 4395.9
19000, 4307.69
19001, 4267.69
19002, 4308.72
19003, 4399.49
19004, 4484.1
19005, 4520.51
19006, 4483.08
19007, 4400.51
19008, 4307.18
19009, 4258.46
19010, 4301.54
19011, 4397.95
19012, 4487.18
19013, 4517.95
19014, 4476.92
19015, 4399.49
19016, 4318.46
19017, 4277.44
19018, 4306.15
19019, 4388.21
19020, 4476.41
19021, 4513.33
19022, 4477.95
19023, 4393.33
19024, 4309.23
19025, 4279.49
19026, 4316.41
19027, 4398.46
19028, 4477.44
19029, 4508.72
19030, 4478.97
19031, 4398.97
19032, 4310.77
19033, 4271.28
19034, 4307.18
19035, 4394.87
19036, 4475.38
19037, 4509.23
19038, 4475.9
19039, 4387.18
19040, 4310.26
19041, 4284.62
19042, 4320
19043, 4400.51
19044, 4474.87
19045, 4508.72
19046, 4474.87
19047, 4387.69
19048, 4308.72
19049, 4274.36
19050, 4314.36
19051, 4400.51
19052, 4473.33
19053, 4508.21
19054, 4475.9
19055, 4393.85
19056, 4314.36
19057, 4280.51
19058, 4320
19059, 4397.95
19060, 4474.87
19061, 4516.41
19062, 4470.26
19063, 4381.54
19064, 4308.72
19065, 4276.92
19066, 4316.41
19067, 4396.92
19068, 4478.46
19069, 4520
19070, 4481.54
19071, 4393.85
19072, 4314.36
19073, 4282.05
19074, 4311.79
19075, 4394.36
19076, 4467.69
19077, 4456.92
19078, 4412.82
19079, 4398.46
19080, 4390.77
19081, 4388.72
19082, 4394.36
19083, 4393.85
19084, 4393.33
19085, 4390.26
19086, 4391.28
19087, 4394.87
19088, 4391.79
19089, 4395.9
19090, 4401.03
19091, 4402.56
19092, 4398.46
19093, 4392.31
19094, 4398.46
19095, 4402.05
19096, 4399.49
19097, 4393.33
19098, 4389.23
19099, 4393.33
19100, 4389.74
19101, 4388.21
19102, 4395.9
19103, 4391.79
19104, 4392.31
19105, 4396.92
19106, 4395.9
19107, 4397.44
19108, 4395.9
19109, 4396.92
19110, 4400
19111, 4394.36
19112, 4390.26
19113, 4393.85
19114, 4401.03
19115, 4395.38
19116, 4386.67
19117, 4392.82
19118, 4394.87
19119, 4395.38
19120, 4397.44
19121, 4391.79
19122, 4394.36
19123, 4394.87
19124, 4393.33
19125, 4398.46
19126, 4396.41
19127, 4393.85
19128, 4395.9
19129, 4394.36
19130, 4390.26
19131, 4384.1
19132, 4390.26
19133, 4398.46
19134, 4394.87
19135, 4390.77
19136, 4389.23
19137, 4392.31
19138, 4395.9
19139, 4394.87
19140, 4398.97
19141, 4400
19142, 4400
19143, 4396.92
19144, 4389.23
19145, 4392.82
19146, 4394.36
19147, 4392.31
19148, 4394.87
19149, 4392.31
19150, 4393.85
19151, 4392.31
19152, 4393.33
19153, 4403.08
19154, 4398.46
19155, 4394.87
19156, 4398.97
19157, 4396.92
19158, 4391.28
19159, 4390.77
19160, 4401.03
19161, 4400.51
19162, 4387.69
19163, 4388.21
19164, 4394.36
19165, 4394.87
19166, 4393.85
19167, 4394.87
19168, 4396.92
19169, 4393.33
19170, 4395.9
19171, 4400
19172, 4390.77
19173, 4390.77
19174, 4396.41
19175, 4393.85
19176, 4390.77
19177, 4390.26
19178, 4397.44
19179, 4397.44
19180, 4395.38
19181, 4403.08
19182, 4398.97
19183, 4393.33
19184, 4394.87
19185, 4387.69
19186, 4386.15
19187, 4391.28
19188, 4394.36
19189, 4395.38
19190, 4393.85
19191, 4397.44
19192, 4396.92
19193, 4395.38
19194, 4397.44
19195, 4392.31
19196, 4394.87
19197, 4405.64
19198, 4404.62
19199, 4394.87
19200, 4387.69
19201, 4394.36
19202, 4395.9
19203, 4395.9
19204, 4401.03
19205, 4389.74
19206, 4394.36
19207, 4411.79
19208, 4396.92
19209, 4383.08
19210, 4398.46
19211, 4411.28
19212, 4400.51
19213, 4386.15
19214, 4391.28
19215, 4396.92
19216, 4396.92
19217, 4401.03
19218, 4403.08
19219, 4399.49
19220, 4387.69
19221, 4387.69
19222, 4404.1
19223, 4402.05
19224, 4387.69
19225, 4384.1
19226, 4393.85
19227, 4403.59
19228, 4396.92
19229, 4395.9
19230, 4401.03
19231, 4393.85
19232, 4395.38
19233, 4403.08
19234, 4397.95
19235, 4391.28
19236, 4392.31
19237, 4397.44
19238, 4396.41
19239, 4395.9
19240, 4400
19241, 4398.46
19242, 4395.9
19243, 4393.33
19244, 4397.44
19245, 4400
19246, 4390.77
19247, 4392.31
19248, 4392.82
19249, 4387.69
19250, 4397.95
19251, 4398.46
19252, 4393.33
19253, 4395.38
19254, 4391.28
19255, 4396.92
19256, 4404.62
19257, 4396.92
19258, 4391.79
19259, 4401.54
19260, 4410.77
19261, 4396.41
19262, 4378.46
19263, 4383.08
19264, 4391.79
19265, 4394.36
19266, 4393.33
19267, 4396.41
19268, 4399.49
19269, 4391.28
19270, 4391.79
19271, 4395.9
19272, 4394.36
19273, 4396.41
19274, 4393.33
19275, 4394.87
19276, 4398.46
19277, 4395.38
19278, 4396.41
19279, 4394.36
19280, 4393.85
19281, 4402.05
19282, 4404.1
19283, 4400.51
19284, 4391.28
19285, 4386.67
19286, 4396.92
19287, 4403.59
19288, 4403.08
19289, 4395.9
19290, 4395.9
19291, 4401.54
19292, 4393.85
19293, 4391.28
19294, 4398.46
19295, 4399.49
19296, 4401.03
19297, 4400
19298, 4395.9
19299, 4391.28
19300, 4392.31
19301, 4400
19302, 4398.46
19303, 4397.95
19304, 4400
19305, 4394.36
19306, 4398.46
19307, 4401.54
19308, 4394.36
19309, 4394.36
19310, 4395.9
19311, 4395.9
19312, 4396.41
19313, 4398.97
19314, 4400
19315, 4392.82
19316, 4393.33
19317, 4396.41
19318, 4392.82
19319, 4394.87
19320, 4395.38
19321, 4395.9
19322, 4394.87
19323, 4391.79
19324, 4401.03
19325, 4401.03
19326, 4395.38
19327, 4400
19328, 4397.95
19329, 4393.33
19330, 4393.85
19331, 4401.54
19332, 4402.05
19333, 4390.77
19334, 4391.79
19335, 4397.44
19336, 4398.46
19337, 4397.44
19338, 4391.79
19339, 4397.44
19340, 4397.44
19341, 4386.67
19342, 4395.38
19343, 4402.05
19344, 4394.36
19345, 4395.38
19346, 4401.03
19347, 4395.38
19348, 4386.15
19349, 4398.97
19350, 4410.77
19351, 4398.97
19352, 4394.87
19353, 4395.9
19354, 4392.82
19355, 4397.44
19356, 4400
19357, 4398.97
19358, 4398.46
19359, 4400
19360, 4404.1
19361, 4399.49
19362, 4400.51
19363, 4403.59
19364, 4401.03
19365, 4404.62
19366, 4406.67
19367, 4401.54
19368, 4391.28
19369, 4391.28
19370, 4407.18
19371, 4404.62
19372, 4392.31
19373, 4391.79
19374, 4393.85
19375, 4395.9
19376, 4393.85
19377, 4391.79
19378, 4396.92
19379, 4396.92
19380, 4398.46
19381, 4396.41
19382, 4392.31
19383, 4396.92
19384, 4395.38
19385, 4394.36
19386, 4394.87
19387, 4394.87
19388, 4401.03
19389, 4402.56
19390, 4405.64
19391, 4403.59
19392, 4392.31
19393, 4398.46
19394, 4403.59
19395, 4396.41
19396, 4399.49
19397, 4403.08
19398, 4401.03
19399, 4394.87
19400, 4394.87
19401, 4398.97
19402, 4393.33
19403, 4395.9
19404, 4397.95
19405, 4390.26
19406, 4399.49
19407, 4406.67
19408, 4403.08
19409, 4401.03
19410, 4399.49
19411, 4391.79
19412, 4384.1
19413, 4391.28
19414, 4394.87
19415, 4395.38
19416, 4408.21
19417, 4403.08
19418, 4394.36
19419, 4406.67
19420, 4406.67
19421, 4395.38
19422, 4398.46
19423, 4407.69
19424, 4402.56
19425, 4394.87
19426, 4406.67
19427, 4410.26
19428, 4402.05
19429, 4403.59
19430, 4405.64
19431, 4406.15
19432, 4403.59
19433, 4401.54
19434, 4406.67
19435, 4403.59
19436, 4406.15
19437, 4411.79
19438, 4402.05
19439, 4401.03
19440, 4407.69
19441, 4406.67
19442, 4404.62
19443, 4403.59
19444, 4406.67
19445, 4401.54
19446, 4402.05
19447, 4415.9
19448, 4411.28
19449, 4401.03
19450, 4405.13
19451, 4406.15
19452, 4401.03
19453, 4394.87
19454, 4402.05
19455, 4405.13
19456, 4404.1
19457, 4409.23
19458, 4406.67
19459, 4406.67
19460, 4406.67
19461, 4399.49
19462, 4400.51
19463, 4401.03
19464, 4403.59
19465, 4405.64
19466, 4399.49
19467, 4403.59
19468, 4406.15
19469, 4398.97
19470, 4404.1
19471, 4406.67
19472, 4400
19473, 4399.49
19474, 4409.74
19475, 4417.44
19476, 4405.64
19477, 4395.38
19478, 4402.05
19479, 4411.28
19480, 4405.13
19481, 4388.72
19482, 4394.87
19483, 4407.69
19484, 4403.08
19485, 4403.59
19486, 4406.67
19487, 4408.72
19488, 4408.21
19489, 4403.08
19490, 4405.64
19491, 4403.59
19492, 4404.1
19493, 4407.18
19494, 4396.41
19495, 4394.87
19496, 4402.05
19497, 4401.54
19498, 4404.62
19499, 4402.56
19500, 4396.92
19501, 4395.9
19502, 4400.51
19503, 4412.82
19504, 4407.69
19505, 4396.92
19506, 4398.46
19507, 4400
19508, 4400.51
19509, 4399.49
19510, 4403.08
19511, 4405.64
19512, 4403.59
19513, 4410.77
19514, 4406.15
19515, 4401.54
19516, 4411.79
19517, 4402.05
19518, 4389.74
19519, 4394.87
19520, 4401.54
19521, 4400.51
19522, 4397.44
19523, 4407.69
19524, 4410.26
19525, 4403.59
19526, 4403.59
19527, 4403.59
19528, 4405.13
19529, 4404.1
19530, 4401.03
19531, 4408.21
19532, 4406.15
19533, 4397.95
19534, 4401.54
19535, 4402.05
19536, 4401.03
19537, 4403.59
19538, 4405.13
19539, 4401.54
19540, 4392.31
19541, 4403.08
19542, 4413.33
19543, 4401.54
19544, 4398.97
19545, 4407.69
19546, 4408.21
19547, 4395.9
19548, 4387.18
19549, 4393.85
19550, 4397.44
19551, 4402.56
19552, 4405.64
19553, 4398.46
19554, 4398.46
19555, 4400.51
19556, 4404.1
19557, 4409.23
19558, 4404.1
19559, 4392.82
19560, 4385.13
19561, 4393.85
19562, 4405.64
19563, 4398.97
19564, 4396.92
19565, 4402.56
19566, 4401.54
19567, 4403.59
19568, 4404.62
19569, 4400.51
19570, 4393.33
19571, 4393.85
19572, 4402.05
19573, 4397.95
19574, 4397.95
19575, 4404.62
19576, 4402.05
19577, 4401.54
19578, 4397.44
19579, 4394.87
19580, 4401.54
19581, 4403.08
19582, 4405.13
19583, 4405.13
19584, 4403.59
19585, 4406.15
19586, 4403.59
19587, 4400.51
19588, 4392.82
19589, 4390.77
19590, 4400.51
19591, 4398.46
19592, 4393.85
19593, 4396.41
19594, 4402.56
19595, 4408.21
19596, 4400
19597, 4396.92
19598, 4404.1
19599, 4401.54
19600, 4397.44
19601, 4397.95
19602, 4403.08
19603, 4406.67
19604, 4401.03
19605, 4401.54
19606, 4403.08
19607, 4402.56
19608, 4398.46
19609, 4389.74
19610, 4402.05
19611, 4410.26
19612, 4400
19613, 4405.13
19614, 4410.26
19615, 4397.95
19616, 4389.74
19617, 4396.92
19618, 4405.13
19619, 4399.49
19620, 4395.38
19621, 4396.41
19622, 4395.9
19623, 4400.51
19624, 4396.41
19625, 4393.85
19626, 4401.03
19627, 4400.51
19628, 4403.59
19629, 4402.56
19630, 4397.44
19631, 4401.54
19632, 4404.62
19633, 4403.08
19634, 4395.9
19635, 4393.33
19636, 4400.51
19637, 4400
19638, 4398.97
19639, 4397.95
19640, 4396.92
19641, 4406.15
19642, 4402.05
19643, 4392.31
19644, 4394.36
19645, 4396.92
19646, 4402.56
19647, 4398.46
19648, 4393.85
19649, 4395.38
19650, 4395.9
19651, 4403.08
19652, 4398.97
19653, 4392.82
19654, 4396.41
19655, 4397.95
19656, 4404.62
19657, 4404.62
19658, 4398.46
19659, 4401.54
19660, 4402.56
19661, 4401.54
19662, 4392.82
19663, 4383.08
19664, 4388.72
19665, 4381.54
19666, 4368.21
19667, 4380.51
19668, 4383.08
19669, 4357.95
19670, 4344.62
19671, 4357.95
19672, 4363.59, estimuli
19673, 4354.36
19674, 4361.54
19675, 4368.72
19676, 4374.36
19677, 4389.23
19678, 4383.08
19679, 4375.38
19680, 4382.05
19681, 4382.56
19682, 4374.36
19683, 4365.64
19684, 4370.26
19685, 4376.41
19686, 4383.08
19687, 4392.82
19688, 4388.21
19689, 4385.13
19690, 4386.15
19691, 4381.03
19692, 4385.64
19693, 4392.82
19694, 4391.28
19695, 4381.03
19696, 4380
19697, 4400
19698, 4397.95
19699, 4378.46
19700, 4383.59
19701, 4388.72
19702, 4381.03
19703, 4378.97
19704, 4383.08
19705, 4384.1
19706, 4381.03
19707, 4391.28
19708, 4396.92
19709, 4389.23
19710, 4388.21
19711, 4389.23
19712, 4393.33
19713, 4391.79
19714, 4383.59
19715, 4390.77
19716, 4395.9
19717, 4388.21
19718, 4387.69
19719, 4396.92
19720, 4407.18
19721, 4400.51
19722, 4392.31
19723, 4400.51
19724, 4399.49
19725, 4394.36
19726, 4398.97
19727, 4404.62
19728, 4399.49
19729, 4386.67
19730, 4394.36
19731, 4397.95
19732, 4386.67
19733, 4397.95
19734, 4407.18
19735, 4395.38
19736, 4390.26
19737, 4398.97
19738, 4410.77
19739, 4406.67
19740, 4397.95
19741, 4402.05
19742, 4408.21
19743, 4404.1
19744, 4390.26
19745, 4397.44
19746, 4411.28
19747, 4396.41
19748, 4389.74
19749, 4395.9
19750, 4397.44
19751, 4396.92
19752, 4395.38
19753, 4402.05
19754, 4407.18
19755, 4400
19756, 4397.95
19757, 4398.46
19758, 4396.92
19759, 4395.9
19760, 4401.03
19761, 4405.13
19762, 4402.56
19763, 4434.87
19764, 4470.26
19765, 4427.18
19766, 4341.03
19767, 4296.92
19768, 4321.03
19769, 4384.1
19770, 4445.13
19771, 4490.77
19772, 4494.36
19773, 4461.03
19774, 4417.44
19775, 4315.9
19776, 4238.46
19777, 4289.74
19778, 4383.59
19779, 4472.31
19780, 4538.97
19781, 4520.51
19782, 4422.56
19783, 4310.77
19784, 4254.87
19785, 4291.79
19786, 4385.13
19787, 4476.41
19788, 4540.51
19789, 4524.62
19790, 4418.46
19791, 4310.26
19792, 4259.49
19793, 4291.28
19794, 4384.1
19795, 4472.31
19796, 4535.38
19797, 4528.72
19798, 4424.1
19799, 4315.9
19800, 4266.67
19801, 4293.85
19802, 4380
19803, 4462.56
19804, 4526.15
19805, 4516.41
19806, 4414.87
19807, 4315.38
19808, 4268.72
19809, 4293.33
19810, 4378.97
19811, 4471.79
19812, 4529.74
19813, 4502.05
19814, 4409.74
19815, 4324.1
19816, 4272.82
19817, 4294.36
19818, 4382.05
19819, 4478.46
19820, 4527.18
19821, 4493.85
19822, 4412.82
19823, 4323.59
19824, 4271.79
19825, 4310.26
19826, 4391.79
19827, 4465.64
19828, 4512.82
19829, 4492.31
19830, 4410.77
19831, 4316.41
19832, 4273.33
19833, 4308.72
19834, 4385.64
19835, 4470.26
19836, 4517.44
19837, 4493.33
19838, 4410.77
19839, 4314.87
19840, 4272.82
19841, 4307.69
19842, 4388.21
19843, 4480.51
19844, 4528.21
19845, 4494.36
19846, 4411.28
19847, 4333.33
19848, 4287.69
19849, 4295.9
19850, 4371.28
19851, 4466.15
19852, 4520.51
19853, 4500.51
19854, 4409.74
19855, 4318.97
19856, 4285.13
19857, 4313.33
19858, 4385.13
19859, 4461.54
19860, 4505.13
19861, 4486.15
19862, 4411.28
19863, 4329.74
19864, 4276.41
19865, 4296.92
19866, 4390.26
19867, 4474.36
19868, 4514.36
19869, 4489.74
19870, 4404.1
19871, 4326.15
19872, 4293.33
19873, 4317.95
19874, 4387.69
19875, 4473.85
19876, 4527.69
19877, 4487.18
19878, 4392.82
19879, 4322.56
19880, 4293.33
19881, 4323.08
19882, 4391.79
19883, 4469.74
19884, 4517.95
19885, 4484.62
19886, 4405.64
19887, 4335.38
19888, 4294.87
19889, 4308.21
19890, 4383.08
19891, 4466.15
19892, 4469.74
19893, 4409.74
19894, 4385.64
19895, 4397.95
19896, 4401.54
19897, 4392.82
19898, 4389.23
19899, 4400.51
19900, 4401.54
19901, 4394.87
19902, 4400
19903, 4401.03
19904, 4395.38
19905, 4391.28
19906, 4394.36
19907, 4400
19908, 4401.03
19909, 4403.59
19910, 4399.49
19911, 4390.77
19912, 4395.9
19913, 4400.51
19914, 4400
19915, 4394.87
19916, 4392.82
19917, 4397.95
19918, 4396.41
19919, 4399.49
19920, 4400.51
19921, 4395.9
19922, 4404.1
19923, 4400.51
19924, 4391.28
19925, 4397.44
19926, 4401.54
19927, 4403.59
19928, 4404.62
19929, 4397.95
19930, 4393.33
19931, 4394.36
19932, 4399.49
19933, 4400.51
19934, 4405.64
19935, 4410.26
19936, 4401.03
19937, 4406.15
19938, 4409.74
19939, 4388.72
19940, 4383.59
19941, 4397.95
19942, 4404.62
19943, 4395.38
19944, 4391.79
19945, 4401.03
19946, 4396.41
19947, 4393.33
19948, 4401.54
19949, 4396.41
19950, 4398.46
19951, 4404.62
19952, 4398.46
19953, 4394.87
19954, 4397.95
19955, 4400
19956, 4392.82
19957, 4387.18
19958, 4393.85
19959, 4400
19960, 4398.97
19961, 4392.31
19962, 4401.03
19963, 4416.92
19964, 4397.44
19965, 4379.49
19966, 4393.33
19967, 4403.59
19968, 4403.59
19969, 4398.97
19970, 4402.05
19971, 4405.64
19972, 4395.38
19973, 4393.33
19974, 4398.46
19975, 4397.95
19976, 4395.9
19977, 4392.82
19978, 4398.46
19979, 4398.97
19980, 4395.38
19981, 4400
19982, 4397.95
19983, 4395.9
19984, 4396.92
19985, 4397.44
19986, 4399.49
19987, 4392.82
19988, 4391.79
19989, 4401.54
19990, 4408.72
19991, 4410.26
19992, 4392.82
19993, 4384.62
19994, 4397.44
19995, 4398.46
19996, 4395.9
19997, 4397.95
19998, 4398.97
19999, 4398.97
20000, 4396.92
20001, 4401.03
20002, 4400
20003, 4394.36
20004, 4394.36
20005, 4392.82
20006, 4393.33
20007, 4396.41
20008, 4397.44
20009, 4402.56
20010, 4401.03
20011, 4396.41
20012, 4394.87
20013, 4391.28
20014, 4391.79
20015, 4396.41
20016, 4406.67
20017, 4408.21
20018, 4396.92
20019, 4397.95
20020, 4397.44
20021, 4392.31
20022, 4398.46
20023, 4399.49
20024, 4394.87
20025, 4394.87
20026, 4398.97
20027, 4399.49
20028, 4393.33
20029, 4397.95
20030, 4402.05
20031, 4396.41
20032, 4397.95
20033, 4397.95
20034, 4397.95
20035, 4401.54
20036, 4397.44
20037, 4400
20038, 4406.15
20039, 4406.67
20040, 4401.03
20041, 4398.97
20042, 4407.18
20043, 4397.44
20044, 4387.69
20045, 4397.44
20046, 4397.95
20047, 4393.33
20048, 4392.31
20049, 4395.38
20050, 4401.54
20051, 4393.33
20052, 4390.77
20053, 4400
20054, 4402.56
20055, 4400
20056, 4399.49
20057, 4404.62
20058, 4402.56
20059, 4389.23
20060, 4391.28
20061, 4397.95
20062, 4400.51
20063, 4401.54
20064, 4395.9
20065, 4396.41
20066, 4400.51
20067, 4400.51
20068, 4398.97
20069, 4397.95
20070, 4403.59
20071, 4404.62
20072, 4401.03
20073, 4398.46
20074, 4392.82
20075, 4401.54
20076, 4407.69
20077, 4395.9
20078, 4395.9
20079, 4403.08
20080, 4399.49
20081, 4392.82
20082, 4395.38
20083, 4401.54
20084, 4393.33
20085, 4398.46
20086, 4410.26
20087, 4397.44
20088, 4394.36
20089, 4402.05
20090, 4399.49
20091, 4400.51
20092, 4398.97
20093, 4396.41
20094, 4398.46
20095, 4401.03
20096, 4398.97
20097, 4394.87
20098, 4405.64
20099, 4411.79
20100, 4395.9
20101, 4389.74
20102, 4400
20103, 4406.15
20104, 4394.87
20105, 4380
20106, 4390.26
20107, 4402.56
20108, 4402.05
20109, 4403.59
20110, 4402.56
20111, 4399.49
20112, 4397.95
20113, 4401.54
20114, 4404.1
20115, 4397.95
20116, 4399.49
20117, 4399.49
20118, 4398.97
20119, 4399.49
20120, 4388.21
20121, 4387.69
20122, 4399.49
20123, 4402.05
20124, 4398.46
20125, 4397.95
20126, 4407.69
20127, 4404.62
20128, 4389.74
20129, 4393.85
20130, 4397.44
20131, 4390.77
20132, 4390.26
20133, 4392.31
20134, 4400
20135, 4396.92
20136, 4391.28
20137, 4401.03
20138, 4400
20139, 4393.33
20140, 4395.38
20141, 4396.92
20142, 4397.95
20143, 4395.9
20144, 4402.05
20145, 4404.1
20146, 4397.44
20147, 4403.08
20148, 4407.18
20149, 4398.46
20150, 4390.26
20151, 4393.85
20152, 4408.72
20153, 4410.26
20154, 4396.92
20155, 4391.79
20156, 4397.95
20157, 4405.64
20158, 4402.05
20159, 4399.49
20160, 4404.1
20161, 4398.46
20162, 4399.49
20163, 4404.62
20164, 4403.08
20165, 4405.13
20166, 4402.05
20167, 4402.56
20168, 4401.54
20169, 4398.46
20170, 4405.64
20171, 4403.08
20172, 4400.51
20173, 4406.67
20174, 4406.67
20175, 4406.67
20176, 4407.18
20177, 4406.67
20178, 4405.13
20179, 4406.15
20180, 4417.95
20181, 4410.26
20182, 4392.82
20183, 4402.56
20184, 4410.26
20185, 4400.51
20186, 4393.85
20187, 4397.95
20188, 4401.54
20189, 4398.97
20190, 4407.69
20191, 4412.31
20192, 4405.13
20193, 4410.77
20194, 4410.26
20195, 4401.03
20196, 4400.51
20197, 4400.51
20198, 4401.03
20199, 4405.64
20200, 4411.28
20201, 4407.18
20202, 4400.51
20203, 4408.21
20204, 4410.77
20205, 4408.21
20206, 4410.26
20207, 4404.62
20208, 4402.05
20209, 4401.54
20210, 4396.41
20211, 4395.38
20212, 4392.31
20213, 4403.08
20214, 4414.36
20215, 4404.62
20216, 4394.36
20217, 4391.79
20218, 4394.36
20219, 4397.95
20220, 4399.49
20221, 4404.62
20222, 4403.08
20223, 4398.97
20224, 4401.03
20225, 4399.49
20226, 4401.54
20227, 4403.08
20228, 4398.46
20229, 4396.92
20230, 4397.95
20231, 4405.13
20232, 4407.69
20233, 4405.13
20234, 4404.1
20235, 4395.38
20236, 4394.87
20237, 4397.95
20238, 4395.38
20239, 4397.44
20240, 4396.41
20241, 4402.56
20242, 4408.21
20243, 4400
20244, 4395.38
20245, 4399.49
20246, 4408.21
20247, 4407.69
20248, 4396.41
20249, 4397.95
20250, 4399.49
20251, 4394.36
20252, 4398.46
20253, 4403.08
20254, 4404.62
20255, 4396.41
20256, 4391.28
20257, 4400.51
20258, 4398.46
20259, 4394.87
20260, 4405.13
20261, 4407.18
20262, 4401.03
20263, 4396.41
20264, 4395.38
20265, 4392.82
20266, 4390.26
20267, 4396.41
20268, 4396.92
20269, 4394.36
20270, 4398.46
20271, 4397.44
20272, 4399.49
20273, 4402.56
20274, 4399.49
20275, 4396.41
20276, 4395.38
20277, 4399.49
20278, 4394.87
20279, 4389.23
20280, 4397.95
20281, 4396.41
20282, 4397.95
20283, 4402.05
20284, 4393.85
20285, 4398.46
20286, 4405.13
20287, 4402.56
20288, 4397.95
20289, 4397.95
20290, 4402.56
20291, 4395.9
20292, 4395.38
20293, 4403.08
20294, 4396.92
20295, 4399.49
20296, 4406.15
20297, 4401.03
20298, 4397.44
20299, 4395.38
20300, 4400.51
20301, 4401.54
20302, 4396.92
20303, 4398.46
20304, 4397.44
20305, 4402.56
20306, 4403.08
20307, 4389.23
20308, 4393.85
20309, 4413.33
20310, 4412.82
20311, 4396.92
20312, 4397.44
20313, 4406.67
20314, 4400.51
20315, 4399.49
20316, 4397.95
20317, 4384.62
20318, 4392.31
20319, 4403.08
20320, 4400
20321, 4398.46
20322, 4392.82
20323, 4394.36
20324, 4399.49
20325, 4397.95
20326, 4396.92
20327, 4393.33
20328, 4395.9
20329, 4401.54
20330, 4401.54
20331, 4402.56
20332, 4399.49
20333, 4397.95
20334, 4400.51
20335, 4398.97
20336, 4397.95
20337, 4395.9
20338, 4398.46
20339, 4402.56
20340, 4398.97
20341, 4404.1
20342, 4410.26
20343, 4402.56
20344, 4396.92
20345, 4394.87
20346, 4397.95
20347, 4400
20348, 4397.95
20349, 4397.95
20350, 4397.95
20351, 4403.08
20352, 4403.08
20353, 4394.36
20354, 4398.97
20355, 4400.51
20356, 4396.41
20357, 4396.92
20358, 4400
20359, 4404.62
20360, 4400.51
20361, 4404.1
20362, 4410.26
20363, 4398.46
20364, 4393.33
20365, 4398.97
20366, 4398.46
20367, 4396.41
20368, 4397.44
20369, 4404.1
20370, 4411.28
20371, 4407.69
20372, 4397.95
20373, 4391.79
20374, 4403.08
20375, 4408.72
20376, 4393.85
20377, 4384.62
20378, 4389.74
20379, 4399.49
20380, 4399.49
20381, 4396.92
20382, 4400.51
20383, 4398.46
20384, 4401.54
20385, 4405.64
20386, 4394.36
20387, 4394.36
20388, 4402.56
20389, 4397.95
20390, 4396.92
20391, 4398.46
20392, 4400.51
20393, 4402.05
20394, 4397.95
20395, 4396.41
20396, 4392.82
20397, 4395.9
20398, 4402.56
20399, 4398.46
20400, 4392.31
20401, 4387.69
20402, 4396.92
20403, 4406.67
20404, 4398.46
20405, 4393.33
20406, 4393.33
20407, 4393.85
20408, 4394.36
20409, 4392.31
20410, 4395.9
20411, 4395.9
20412, 4393.33
20413, 4394.36
20414, 4394.87
20415, 4395.38
20416, 4393.85
20417, 4391.79
20418, 4396.41
20419, 4394.87
20420, 4392.82
20421, 4394.36
20422, 4395.38
20423, 4397.44
20424, 4392.82
20425, 4396.92
20426, 4403.08
20427, 4394.36
20428, 4389.23
20429, 4387.69
20430, 4390.26
20431, 4399.49
20432, 4398.46
20433, 4397.95
20434, 4398.46
20435, 4393.85
20436, 4393.33
20437, 4394.36
20438, 4397.44
20439, 4400.51
20440, 4396.41
20441, 4387.18
20442, 4382.05
20443, 4394.87
20444, 4408.72
20445, 4400
20446, 4390.26
20447, 4396.41
20448, 4405.13
20449, 4395.38
20450, 4382.05
20451, 4388.72
20452, 4392.82
20453, 4397.95
20454, 4405.64
20455, 4395.9
20456, 4389.23
20457, 4391.28
20458, 4393.33
20459, 4399.49
20460, 4396.41
20461, 4390.77
20462, 4394.36
20463, 4396.41
20464, 4397.44
20465, 4397.44
20466, 4396.92
20467, 4394.36
20468, 4389.23
20469, 4393.33
20470, 4396.41
20471, 4392.31
20472, 4393.33
20473, 4400
20474, 4402.56
20475, 4394.36
20476, 4393.85
20477, 4403.08
20478, 4401.03
20479, 4390.26
20480, 4382.56
20481, 4394.87
20482, 4408.72
20483, 4398.46
20484, 4389.74
20485, 4388.72
20486, 4389.74
20487, 4401.03
20488, 4406.15
20489, 4404.1
20490, 4398.97
20491, 4390.77
20492, 4393.85
20493, 4400.51
20494, 4400.51
20495, 4397.95
20496, 4400.51
20497, 4406.15
20498, 4400
20499, 4396.41
20500, 4405.13
20501, 4408.72
20502, 4405.64
20503, 4394.36
20504, 4388.21
20505, 4401.03
20506, 4406.67
20507, 4400.51
20508, 4397.95
20509, 4404.62
20510, 4412.82
20511, 4398.46
20512, 4390.77
20513, 4401.03
20514, 4397.44
20515, 4397.44
20516, 4405.13
20517, 4399.49
20518, 4393.85
20519, 4407.18
20520, 4416.92
20521, 4398.46
20522, 4389.74
20523, 4405.13
20524, 4406.67
20525, 4401.03
20526, 4396.41
20527, 4383.59
20528, 4383.59
20529, 4395.9
20530, 4398.97
20531, 4395.9
20532, 4399.49
20533, 4402.05
20534, 4393.85
20535, 4398.46
20536, 4408.21
20537, 4403.59
20538, 4397.44
20539, 4393.33
20540, 4395.38
20541, 4401.54
20542, 4403.08
20543, 4404.1
20544, 4397.95
20545, 4394.36
20546, 4396.92
20547, 4396.41
20548, 4404.1
20549, 4409.74
20550, 4403.08
20551, 4401.03
20552, 4402.56
20553, 4401.54
20554, 4393.33
20555, 4389.23
20556, 4401.03
20557, 4406.15
20558, 4398.97
20559, 4392.31
20560, 4397.44
20561, 4410.26
20562, 4403.59
20563, 4396.41
20564, 4410.77
20565, 4408.72
20566, 4391.79
20567, 4395.38
20568, 4411.28
20569, 4408.21
20570, 4391.79
20571, 4394.36
20572, 4400.51
20573, 4392.82
20574, 4395.9
20575, 4405.13
20576, 4403.59
20577, 4393.33
20578, 4395.38
20579, 4407.18
20580, 4404.1
20581, 4401.03
20582, 4402.05
20583, 4401.03
20584, 4409.74
20585, 4408.21
20586, 4397.95
20587, 4395.9
20588, 4396.92
20589, 4404.1
20590, 4407.18
20591, 4403.59
20592, 4404.62
20593, 4401.54
20594, 4397.44
20595, 4399.49
20596, 4405.64
20597, 4406.67
20598, 4395.9
20599, 4392.82
20600, 4395.9
20601, 4396.41
20602, 4398.46
20603, 4398.97
20604, 4402.05
20605, 4401.03
20606, 4395.38
20607, 4400.51
20608, 4406.15
20609, 4403.59
20610, 4400
20611, 4397.44
20612, 4400.51
20613, 4400
20614, 4394.87
20615, 4398.97
20616, 4402.05
20617, 4401.03
20618, 4397.44
20619, 4392.82
20620, 4401.54
20621, 4406.67
20622, 4402.56
20623, 4395.38
20624, 4394.87
20625, 4402.05
20626, 4398.97
20627, 4397.95
20628, 4404.1
20629, 4402.56
20630, 4400
20631, 4397.95
20632, 4396.92
20633, 4398.46
20634, 4400
20635, 4400
20636, 4396.92
20637, 4397.44
20638, 4399.49
20639, 4397.44
20640, 4403.08
20641, 4404.62
20642, 4399.49
20643, 4400.51
20644, 4393.85
20645, 4387.69
20646, 4391.28
20647, 4396.41
20648, 4402.56
20649, 4398.46
20650, 4396.41
20651, 4402.56
20652, 4401.54
20653, 4397.44
20654, 4403.59
20655, 4414.36
20656, 4406.67
20657, 4393.85
20658, 4400.51
20659, 4405.13
20660, 4396.41
20661, 4393.85
20662, 4393.33
20663, 4394.87
20664, 4398.46
20665, 4399.49
20666, 4402.56
20667, 4403.08
20668, 4403.08
20669, 4403.59
20670, 4405.64
20671, 4408.72
20672, 4396.41
20673, 4391.28
20674, 4404.1
20675, 4404.62
20676, 4395.9
20677, 4396.92
20678, 4405.13
20679, 4407.69
20680, 4401.54
20681, 4400.51
20682, 4404.1
20683, 4407.69
20684, 4406.15
20685, 4397.95
20686, 4400
20687, 4406.15
20688, 4405.64
20689, 4405.13
20690, 4395.9
20691, 4391.28
20692, 4398.97
20693, 4403.08
20694, 4405.64
20695, 4406.15
20696, 4405.64
20697, 4406.15
20698, 4404.1
20699, 4401.03
20700, 4388.21
20701, 4382.05
20702, 4391.79
20703, 4385.13
20704, 4369.23
20705, 4369.23
20706, 4378.46
20707, 4375.9
20708, 4357.44
20709, 4354.36
20710, 4370.77
20711, 4377.95
20712, 4373.33
20713, 4380
20714, 4395.38
20715, 4393.85
20716, 4387.18
20717, 4396.41
20718, 4397.44
20719, 4393.85
20720, 4396.92
20721, 4396.92
20722, 4405.64
20723, 4415.9
20724, 4406.15
20725, 4394.87
20726, 4401.54
20727, 4410.26
20728, 4405.64
20729, 4408.72
20730, 4423.08
20731, 4420.51
20732, 4413.33
20733, 4418.46
20734, 4421.54
20735, 4414.87
20736, 4398.46
20737, 4396.41
20738, 4405.64
20739, 4408.21
20740, 4406.67
20741, 4398.97
20742, 4398.46
20743, 4406.67
20744, 4402.56
20745, 4398.46
20746, 4399.49
20747, 4401.03
20748, 4403.08
20749, 4404.1
20750, 4409.23
20751, 4402.05
20752, 4398.46
20753, 4411.79
20754, 4405.64
20755, 4392.31
20756, 4398.97
20757, 4408.21
20758, 4402.56
20759, 4397.95
20760, 4409.74
20761, 4411.28
20762, 4401.54
20763, 4408.72
20764, 4408.72
20765, 4394.36
20766, 4394.87
20767, 4405.13
20768, 4409.74
20769, 4407.69
20770, 4402.56
20771, 4403.59
20772, 4405.64
20773, 4409.74
20774, 4408.21
20775, 4409.23
20776, 4415.38
20777, 4408.21
20778, 4403.59
20779, 4405.64
20780, 4405.64
20781, 4406.67
20782, 4402.05
20783, 4402.05
20784, 4404.62
20785, 4403.08
20786, 4404.62
20787, 4405.64
20788, 4405.64
20789, 4406.15
20790, 4402.56
20791, 4403.08
20792, 4406.15
20793, 4404.62
20794, 4404.62
20795, 4406.67
20796, 4409.23
20797, 4406.67
20798, 4399.49
20799, 4403.08
20800, 4406.15
20801, 4405.13
20802, 4405.13
20803, 4406.67
20804, 4415.9
20805, 4415.9
20806, 4402.56
20807, 4397.44
20808, 4406.15
20809, 4408.72
20810, 4397.95
20811, 4398.97
20812, 4405.13
20813, 4402.05
20814, 4404.1
20815, 4407.69
20816, 4410.26
20817, 4410.26
20818, 4398.46
20819, 4397.95
20820, 4404.62
20821, 4397.44
20822, 4398.97
20823, 4409.23
20824, 4408.72
20825, 4398.46
20826, 4394.36
20827, 4401.54
20828, 4403.59
20829, 4406.15
20830, 4408.21
20831, 4403.59
20832, 4408.72
20833, 4412.31
20834, 4400
20835, 4394.36
20836, 4403.08
20837, 4407.69
20838, 4399.49
20839, 4396.41
20840, 4400.51
20841, 4397.95
20842, 4404.1
20843, 4409.23
20844, 4403.08
20845, 4403.59
20846, 4405.64
20847, 4406.15
20848, 4405.13
20849, 4402.56
20850, 4408.72
20851, 4410.26
20852, 4398.97
20853, 4391.28
20854, 4401.03
20855, 4408.72
20856, 4403.08
20857, 4402.05
20858, 4403.08
20859, 4399.49
20860, 4409.23
20861, 4412.31
20862, 4395.38
20863, 4393.33
20864, 4405.13
20865, 4410.77
20866, 4408.21
20867, 4403.08
20868, 4404.62
20869, 4407.69
20870, 4403.08
20871, 4386.67
20872, 4381.54
20873, 4396.41
20874, 4402.56
20875, 4403.59
20876, 4405.64
20877, 4403.59
20878, 4404.62
20879, 4404.1
20880, 4403.08
20881, 4401.03
20882, 4393.33
20883, 4398.46
20884, 4409.23
20885, 4407.69
20886, 4401.03
20887, 4397.95
20888, 4406.67
20889, 4411.28
20890, 4396.41
20891, 4393.33
20892, 4404.62
20893, 4404.1
20894, 4400.51
20895, 4411.28
20896, 4412.31
20897, 4397.95
20898, 4404.1
20899, 4414.36
20900, 4397.95
20901, 4387.18
20902, 4395.9
20903, 4400
20904, 4398.46
20905, 4398.97
20906, 4403.08
20907, 4403.08
20908, 4395.9
20909, 4394.36
20910, 4396.92
20911, 4398.97
20912, 4399.49
20913, 4398.97
20914, 4401.03
20915, 4401.03
20916, 4405.13
20917, 4408.21
20918, 4399.49
20919, 4392.31
20920, 4393.85
20921, 4400
20922, 4402.56
20923, 4394.36
20924, 4390.77
20925, 4392.82
20926, 4387.18
20927, 4373.85
20928, 4370.26
20929, 4385.13
20930, 4385.13
20931, 4368.21
20932, 4360, estimuli
20933, 4363.08
20934, 4375.9
20935, 4385.13
20936, 4395.9
20937, 4411.28
20938, 4416.92
20939, 4412.31
20940, 4405.64
20941, 4397.44
20942, 4395.38
20943, 4398.97
20944, 4401.03
20945, 4400.51
20946, 4391.79
20947, 4392.82
20948, 4405.64
20949, 4409.23
20950, 4409.74
20951, 4413.33
20952, 4409.23
20953, 4390.26
20954, 4381.54
20955, 4400
20956, 4408.72
20957, 4397.44
20958, 4391.79
20959, 4398.46
20960, 4408.21
20961, 4409.74
20962, 4409.74
20963, 4400
20964, 4386.67
20965, 4389.74
20966, 4390.77
20967, 4383.08
20968, 4386.15
20969, 4394.87
20970, 4399.49
20971, 4396.41
20972, 4397.44
20973, 4400
20974, 4396.92
20975, 4404.62
20976, 4411.28
20977, 4401.03
20978, 4392.82
20979, 4389.23
20980, 4390.77
20981, 4397.95
20982, 4399.49
20983, 4398.46
20984, 4400.51
20985, 4405.64
20986, 4405.64
20987, 4406.15
20988, 4412.31
20989, 4407.18
20990, 4404.62
20991, 4411.79
20992, 4407.18
20993, 4401.03
20994, 4405.13
20995, 4409.23
20996, 4408.21
20997, 4406.15
20998, 4410.26
20999, 4407.69
21000, 4397.44
21001, 4397.44
21002, 4402.56
21003, 4408.72
21004, 4412.31
21005, 4404.62
21006, 4394.87
21007, 4392.31
21008, 4407.18
21009, 4411.79
21010, 4398.97
21011, 4401.03
21012, 4412.31
21013, 4416.41
21014, 4404.62
21015, 4386.15
21016, 4384.62
21017, 4382.56
21018, 4361.03
21019, 4348.21
21020, 4373.85
21021, 4410.26
21022, 4393.33
21023, 4325.64
21024, 4278.46
21025, 4278.46
21026, 4327.69
21027, 4410.26
21028, 4468.21
21029, 4482.05
21030, 4452.31
21031, 4413.85
21032, 4347.18
21033, 4237.95
21034, 4224.62
21035, 4310.26
21036, 4401.03
21037, 4494.87
21038, 4529.74
21039, 4455.9
21040, 4343.08
21041, 4262.56
21042, 4254.36
21043, 4324.62
21044, 4418.97
21045, 4502.05
21046, 4532.82
21047, 4464.62
21048, 4346.15
21049, 4260
21050, 4258.97
21051, 4332.82
21052, 4428.72
21053, 4517.44
21054, 4542.56
21055, 4452.31
21056, 4329.23
21057, 4260.51
21058, 4260
21059, 4340
21060, 4440.51
21061, 4505.13
21062, 4531.28
21063, 4473.33
21064, 4351.28
21065, 4270.26
21066, 4280.51
21067, 4349.23
21068, 4435.38
21069, 4515.9
21070, 4534.87
21071, 4460.51
21072, 4361.03
21073, 4291.28
21074, 4278.97
21075, 4350.77
21076, 4455.9
21077, 4520.51
21078, 4522.05
21079, 4462.56
21080, 4374.36
21081, 4297.95
21082, 4285.64
21083, 4346.15
21084, 4433.85
21085, 4507.69
21086, 4520
21087, 4457.44
21088, 4372.31
21089, 4307.69
21090, 4294.87
21091, 4346.15
21092, 4436.92
21093, 4514.36
21094, 4517.95
21095, 4451.79
21096, 4366.67
21097, 4298.46
21098, 4295.38
21099, 4364.62
21100, 4458.97
21101, 4527.18
21102, 4532.82
21103, 4474.87
21104, 4386.67
21105, 4320.51
21106, 4321.54
21107, 4375.38
21108, 4449.23
21109, 4514.36
21110, 4530.26
21111, 4473.33
21112, 4380
21113, 4315.9
21114, 4313.33
21115, 4369.74
21116, 4454.87
21117, 4513.33
21118, 4512.82
21119, 4452.31
21120, 4363.59
21121, 4296.92
21122, 4293.33
21123, 4359.49
21124, 4448.21
21125, 4506.67
21126, 4512.82
21127, 4458.97
21128, 4369.23
21129, 4298.46
21130, 4295.38
21131, 4357.95
21132, 4440
21133, 4511.28
21134, 4524.1
21135, 4447.18
21136, 4355.9
21137, 4303.08
21138, 4294.87
21139, 4351.79
21140, 4444.62
21141, 4514.87
21142, 4513.33
21143, 4441.03
21144, 4360
21145, 4305.64
21146, 4294.87
21147, 4353.85
21148, 4446.15
21149, 4483.59
21150, 4440.51
21151, 4399.49
21152, 4405.64
21153, 4406.67
21154, 4396.41
21155, 4401.03
21156, 4406.15
21157, 4407.18
21158, 4407.18
21159, 4410.77
21160, 4408.21
21161, 4394.87
21162, 4391.28
21163, 4397.44
21164, 4400.51
21165, 4403.08
21166, 4400.51
21167, 4400.51
21168, 4404.62
21169, 4406.67
21170, 4403.08
21171, 4400.51
21172, 4407.18
21173, 4403.59
21174, 4394.87
21175, 4401.54
21176, 4404.1
21177, 4401.03
21178, 4401.03
21179, 4402.56
21180, 4401.54
21181, 4401.03
21182, 4405.13
21183, 4402.05
21184, 4398.97
21185, 4406.67
21186, 4409.74
21187, 4405.64
21188, 4403.08
21189, 4401.03
21190, 4402.05
21191, 4401.03
21192, 4398.46
21193, 4401.03
21194, 4397.95
21195, 4396.92
21196, 4400
21197, 4394.36
21198, 4393.33
21199, 4405.13
21200, 4414.87
21201, 4409.23
21202, 4401.03
21203, 4399.49
21204, 4395.38
21205, 4400.51
21206, 4412.31
21207, 4408.21
21208, 4397.95
21209, 4395.38
21210, 4402.05
21211, 4411.28
21212, 4409.74
21213, 4398.97
21214, 4393.85
21215, 4400
21216, 4403.08
21217, 4394.87
21218, 4394.36
21219, 4398.97
21220, 4398.46
21221, 4397.44
21222, 4395.9
21223, 4400
21224, 4412.31
21225, 4411.79
21226, 4401.54
21227, 4400
21228, 4410.77
21229, 4406.67
21230, 4390.77
21231, 4389.74
21232, 4392.31
21233, 4393.33
21234, 4400
21235, 4398.46
21236, 4395.9
21237, 4396.92
21238, 4399.49
21239, 4404.62
21240, 4406.15
21241, 4401.54
21242, 4394.87
21243, 4394.87
21244, 4401.03
21245, 4400.51
21246, 4397.44
21247, 4396.92
21248, 4398.46
21249, 4398.46
21250, 4394.87
21251, 4400.51
21252, 4405.64
21253, 4397.44
21254, 4396.41
21255, 4402.05
21256, 4402.05
21257, 4398.46
21258, 4395.38
21259, 4398.46
21260, 4402.05
21261, 4402.05
21262, 4401.54
21263, 4399.49
21264, 4406.15
21265, 4405.64
21266, 4392.82
21267, 4397.95
21268, 4410.77
21269, 4404.62
21270, 4395.38
21271, 4397.95
21272, 4402.56
21273, 4395.38
21274, 4391.79
21275, 4396.41
21276, 4399.49
21277, 4400
21278, 4397.95
21279, 4397.44
21280, 4398.46
21281, 4395.38
21282, 4396.41
21283, 4399.49
21284, 4402.05
21285, 4401.54
21286, 4393.85
21287, 4394.36
21288, 4402.56
21289, 4403.08
21290, 4399.49
21291, 4396.92
21292, 4397.44
21293, 4397.95
21294, 4397.44
21295, 4404.62
21296, 4404.62
21297, 4397.44
21298, 4396.92
21299, 4397.44
21300, 4395.9
21301, 4393.85
21302, 4397.44
21303, 4400
21304, 4395.38
21305, 4399.49
21306, 4404.1
21307, 4402.05
21308, 4403.59
21309, 4403.08
21310, 4400.51
21311, 4404.62
21312, 4407.69
21313, 4404.1
21314, 4402.56
21315, 4410.26
21316, 4413.33
21317, 4405.64
21318, 4405.64
21319, 4408.72
21320, 4410.26
21321, 4407.69
21322, 4400
21323, 4403.08
21324, 4413.85
21325, 4413.85
21326, 4405.64
21327, 4408.72
21328, 4415.9
21329, 4403.59
21330, 4394.36
21331, 4404.1
21332, 4405.13
21333, 4396.92
21334, 4400
21335, 4410.26
21336, 4417.44
21337, 4409.74
21338, 4397.44
21339, 4400.51
21340, 4410.26
21341, 4408.21
21342, 4398.97
21343, 4404.1
21344, 4411.28
21345, 4406.15
21346, 4408.21
21347, 4410.26
21348, 4406.15
21349, 4410.26
21350, 4414.87
21351, 4414.87
21352, 4407.18
21353, 4402.56
21354, 4410.26
21355, 4411.28
21356, 4401.03
21357, 4397.44
21358, 4405.64
21359, 4411.79
21360, 4406.67
21361, 4404.62
21362, 4407.18
21363, 4404.62
21364, 4403.59
21365, 4407.18
21366, 4408.21
21367, 4409.23
21368, 4407.69
21369, 4406.15
21370, 4408.72
21371, 4412.31
21372, 4408.21
21373, 4402.56
21374, 4408.21
21375, 4409.74
21376, 4404.1
21377, 4412.31
21378, 4417.44
21379, 4409.23
21380, 4403.08
21381, 4406.15
21382, 4413.33
21383, 4413.33
21384, 4408.72
21385, 4406.67
21386, 4406.15
21387, 4408.72
21388, 4410.26
21389, 4412.31
21390, 4412.82
21391, 4409.74
21392, 4413.33
21393, 4411.79
21394, 4402.05
21395, 4407.18
21396, 4414.36
21397, 4411.79
21398, 4409.23
21399, 4408.21
21400, 4405.64
21401, 4402.56
21402, 4407.69
21403, 4407.69
21404, 4405.64
21405, 4421.54
21406, 4424.1
21407, 4404.1
21408, 4397.95
21409, 4408.21
21410, 4412.82
21411, 4404.1
21412, 4394.87
21413, 4397.95
21414, 4407.69
21415, 4413.33
21416, 4406.15
21417, 4403.08
21418, 4411.28
21419, 4407.69
21420, 4406.15
21421, 4410.26
21422, 4407.69
21423, 4408.21
21424, 4409.74
21425, 4410.26
21426, 4406.67
21427, 4403.08
21428, 4411.28
21429, 4410.26
21430, 4405.13
21431, 4418.46
21432, 4423.08
21433, 4407.69
21434, 4401.54
21435, 4411.79
21436, 4413.85
21437, 4409.74
21438, 4416.41
21439, 4414.36
21440, 4408.21
21441, 4406.67
21442, 4396.41
21443, 4400.51
21444, 4413.85
21445, 4406.15
21446, 4397.44
21447, 4400.51
21448, 4408.21
21449, 4410.77
21450, 4405.64
21451, 4411.79
21452, 4416.41
21453, 4403.08
21454, 4396.41
21455, 4405.64
21456, 4414.87
21457, 4406.15
21458, 4399.49
21459, 4411.28
21460, 4424.1
21461, 4418.46
21462, 4394.36
21463, 4383.59
21464, 4396.92
21465, 4395.9
21466, 4378.97
21467, 4380
21468, 4378.97
21469, 4362.56
21470, 4357.44
21471, 4355.9
21472, 4345.13
21473, 4345.13
21474, 4366.67
21475, 4383.08
21476, 4391.28
21477, 4393.33
21478, 4386.15
21479, 4385.13
21480, 4381.03
21481, 4380
21482, 4386.67
21483, 4382.56
21484, 4377.95
21485, 4385.64
21486, 4393.33
21487, 4395.9
21488, 4392.82
21489, 4385.64
21490, 4382.56
21491, 4383.08
21492, 4382.56
21493, 4380
21494, 4382.05
21495, 4381.54
21496, 4381.03
21497, 4390.77
21498, 4391.28
21499, 4384.62
21500, 4387.18
21501, 4391.79
21502, 4390.26
21503, 4388.21
21504, 4391.28
21505, 4396.41
21506, 4396.92
21507, 4395.38
21508, 4397.44
21509, 4403.08
21510, 4404.62
21511, 4396.41
21512, 4395.38
21513, 4403.59
21514, 4409.23
21515, 4409.23
21516, 4401.54
21517, 4397.44
21518, 4402.56
21519, 4404.62
21520, 4405.13
21521, 4403.08
21522, 4403.08
21523, 4411.79
21524, 4416.92
21525, 4408.21
21526, 4396.41
21527, 4398.97
21528, 4409.23
21529, 4407.18
21530, 4404.62
21531, 4407.18
21532, 4408.21
21533, 4409.74
21534, 4408.72
21535, 4411.79
21536, 4416.92
21537, 4409.74
21538, 4406.67
21539, 4410.26
21540, 4407.69
21541, 4408.72
21542, 4417.44
21543, 4415.9
21544, 4403.08
21545, 4408.21
21546, 4416.41
21547, 4405.64
21548, 4405.64
21549, 4412.31
21550, 4410.26
21551, 4411.28
21552, 4410.77
21553, 4406.67
21554, 4406.67
21555, 4410.26
21556, 4413.33
21557, 4407.18
21558, 4404.62
21559, 4409.23
21560, 4409.74
21561, 4407.18
21562, 4408.72
21563, 4415.38
21564, 4416.41
21565, 4405.13
21566, 4406.67
21567, 4417.95
21568, 4413.85
21569, 4407.18
21570, 4413.85
21571, 4416.41
21572, 4409.23
21573, 4409.23
21574, 4415.38
21575, 4408.72
21576, 4406.67
21577, 4410.26
21578, 4407.69
21579, 4409.23
21580, 4406.15
21581, 4392.82
21582, 4390.26
21583, 4402.56
21584, 4409.74
21585, 4405.64
21586, 4406.15
21587, 4409.74
21588, 4405.13
21589, 4407.18
21590, 4412.31
21591, 4411.79
21592, 4411.28
21593, 4409.23
21594, 4409.74
21595, 4410.26
21596, 4410.26
21597, 4407.18
21598, 4398.46
21599, 4400.51
21600, 4407.69
21601, 4405.64
21602, 4407.69
21603, 4412.82
21604, 4410.26
21605, 4407.18
21606, 4407.18
21607, 4411.28
21608, 4409.74
21609, 4407.18
21610, 4407.69
21611, 4404.1
21612, 4406.67
21613, 4410.77
21614, 4407.69
21615, 4402.05
21616, 4402.05
21617, 4406.67
21618, 4407.69
21619, 4407.69
21620, 4406.15
21621, 4403.08
21622, 4411.79
21623, 4419.49
21624, 4406.15
21625, 4395.9
21626, 4404.1
21627, 4408.72
21628, 4405.13
21629, 4405.13
21630, 4407.18
21631, 4404.1
21632, 4403.59
21633, 4404.62
21634, 4400.51
21635, 4406.67
21636, 4410.26
21637, 4402.05
21638, 4402.56
21639, 4405.64
21640, 4405.64
21641, 4407.18
21642, 4407.69
21643, 4407.18
21644, 4408.72
21645, 4413.85
21646, 4408.72
21647, 4404.62
21648, 4414.36
21649, 4413.33
21650, 4405.64
21651, 4405.64
21652, 4395.38
21653, 4392.31
21654, 4406.15
21655, 4415.9
21656, 4410.77
21657, 4392.82
21658, 4383.59
21659, 4393.33
21660, 4386.15
21661, 4358.46
21662, 4361.03
21663, 4382.05
21664, 4368.21
21665, 4342.05
21666, 4344.62
21667, 4352.82
21668, 4357.44
21669, 4366.67
21670, 4375.38
21671, 4389.74
21672, 4391.79
21673, 4381.54
21674, 4383.08
21675, 4387.18
21676, 4382.56
21677, 4371.79
21678, 4370.26
21679, 4377.95
21680, 4376.41
21681, 4376.92
21682, 4388.21
21683, 4394.36
21684, 4392.31
21685, 4391.28
21686, 4394.87
21687, 4391.79
21688, 4387.69
21689, 4392.82
21690, 4390.77
21691, 4385.64
21692, 4387.69
21693, 4389.74
21694, 4388.21
21695, 4390.26
21696, 4395.38
21697, 4391.79
21698, 4381.03
21699, 4381.54
21700, 4384.1
21701, 4382.56
21702, 4393.85
21703, 4401.03
21704, 4391.79
21705, 4387.69
21706, 4396.41
21707, 4397.95
21708, 4386.67
21709, 4387.18
21710, 4395.38
21711, 4400.51
21712, 4402.05
21713, 4395.38
21714, 4393.33
21715, 4403.08
21716, 4404.1
21717, 4403.08
21718, 4407.69
21719, 4406.67
21720, 4397.95
21721, 4394.36
21722, 4401.54
21723, 4404.62
21724, 4404.1
21725, 4404.1
21726, 4402.05
21727, 4405.13
21728, 4406.67
21729, 4403.08
21730, 4408.72
21731, 4411.79
21732, 4402.56
21733, 4395.38
21734, 4400.51
21735, 4406.67
21736, 4402.56
21737, 4400.51
21738, 4406.15
21739, 4407.18
21740, 4407.18
21741, 4402.05
21742, 4401.03
21743, 4408.72
21744, 4409.23
21745, 4406.67
21746, 4408.21
21747, 4408.72
21748, 4408.21
21749, 4403.59
21750, 4406.15
21751, 4409.74
21752, 4403.59
21753, 4398.46
21754, 4398.97
21755, 4405.64
21756, 4405.64
21757, 4401.03
21758, 4409.23
21759, 4411.28
21760, 4403.08
21761, 4403.59
21762, 4408.21
21763, 4408.21
21764, 4403.59
21765, 4401.54
21766, 4405.64
21767, 4406.15
21768, 4406.15
21769, 4407.69
21770, 4407.18
21771, 4406.15
21772, 4408.21
21773, 4408.72
21774, 4405.64
21775, 4413.33
21776, 4421.54
21777, 4403.59
21778, 4394.87
21779, 4415.38
21780, 4420.51
21781, 4401.54
21782, 4392.82
21783, 4402.56
21784, 4407.18
21785, 4407.18
21786, 4417.95
21787, 4414.87
21788, 4398.97
21789, 4403.59
21790, 4411.79
21791, 4408.72
21792, 4404.62
21793, 4404.1
21794, 4407.18
21795, 4407.69
21796, 4406.67
21797, 4406.15
21798, 4407.69
21799, 4409.74
21800, 4407.18
21801, 4404.62
21802, 4407.69
21803, 4407.69
21804, 4404.62
21805, 4402.05
21806, 4402.56
21807, 4404.62
21808, 4405.13
21809, 4408.21
21810, 4408.72
21811, 4409.74
21812, 4411.79
21813, 4411.28
21814, 4416.92
21815, 4411.79
21816, 4398.46
21817, 4402.56
21818, 4407.18
21819, 4401.54
21820, 4395.9
21821, 4398.97
21822, 4409.74
21823, 4409.74
21824, 4405.64
21825, 4406.15
21826, 4408.72
21827, 4411.79
21828, 4404.62
21829, 4398.97
21830, 4406.15
21831, 4410.26
21832, 4405.64
21833, 4396.92
21834, 4393.33
21835, 4394.87
21836, 4383.08
21837, 4363.59
21838, 4367.18
21839, 4376.92
21840, 4363.59
21841, 4351.28
21842, 4365.13
21843, 4375.38
21844, 4367.18
21845, 4377.44
21846, 4392.31
21847, 4391.79
21848, 4393.33
21849, 4394.87
21850, 4393.33
21851, 4387.69
21852, 4387.69
21853, 4387.69
21854, 4379.49
21855, 4385.13
21856, 4400.51
21857, 4400
21858, 4393.85
21859, 4400
21860, 4405.13
21861, 4393.33
21862, 4381.03
21863, 4380.51
21864, 4383.59
21865, 4388.72
21866, 4385.13
21867, 4382.56
21868, 4400.51
21869, 4401.03
21870, 4379.49
21871, 4380.51
21872, 4398.97
21873, 4397.95
21874, 4384.1
21875, 4385.64
21876, 4389.23
21877, 4383.59
21878, 4390.26
21879, 4396.92
21880, 4393.33
21881, 4397.95
21882, 4400.51
21883, 4398.46
21884, 4400
21885, 4401.03
21886, 4400
21887, 4397.95
21888, 4402.56
21889, 4404.62
21890, 4404.1
21891, 4407.69
21892, 4402.56
21893, 4400.51
21894, 4411.79
21895, 4410.77
21896, 4398.46
21897, 4396.41
21898, 4406.15
21899, 4408.21
21900, 4403.59
21901, 4412.31
21902, 4418.97
21903, 4415.38
21904, 4415.38
21905, 4410.26
21906, 4405.64
21907, 4408.21
21908, 4407.69
21909, 4406.67
21910, 4408.21
21911, 4407.69
21912, 4401.54
21913, 4397.44
21914, 4407.69
21915, 4412.82
21916, 4410.26
21917, 4410.77
21918, 4406.15
21919, 4403.08
21920, 4406.67
21921, 4411.79
21922, 4404.62
21923, 4390.77
21924, 4395.38
21925, 4392.82
21926, 4369.74
21927, 4364.62
21928, 4378.46, estimuli
21929, 4377.95
21930, 4357.44
21931, 4348.21
21932, 4366.67
21933, 4384.1
21934, 4387.69
21935, 4394.87
21936, 4414.87
21937, 4428.21
21938, 4411.28
21939, 4394.36
21940, 4398.97
21941, 4398.97
21942, 4392.82
21943, 4389.74
21944, 4390.26
21945, 4397.44
21946, 4397.44
21947, 4394.87
21948, 4401.03
21949, 4400.51
21950, 4390.26
21951, 4378.97
21952, 4385.64
21953, 4397.44
21954, 4393.33
21955, 4389.23
21956, 4389.23
21957, 4384.62
21958, 4381.03
21959, 4383.08
21960, 4386.67
21961, 4386.15
21962, 4389.74
21963, 4388.72
21964, 4383.59
21965, 4389.74
21966, 4389.23
21967, 4382.05
21968, 4386.67
21969, 4386.15
21970, 4383.59
21971, 4392.82
21972, 4397.95
21973, 4397.44
21974, 4404.62
21975, 4407.69
21976, 4393.33
21977, 4385.13
21978, 4396.41
21979, 4400
21980, 4401.54
21981, 4404.1
21982, 4397.44
21983, 4400
21984, 4404.62
21985, 4398.97
21986, 4396.41
21987, 4402.05
21988, 4406.15
21989, 4401.54
21990, 4405.13
21991, 4409.74
21992, 4399.49
21993, 4402.05
21994, 4411.79
21995, 4406.67
21996, 4405.13
21997, 4405.13
21998, 4406.67
21999, 4408.21
22000, 4407.69
22001, 4409.23
22002, 4402.56
22003, 4398.97
22004, 4405.64
22005, 4406.67
22006, 4404.62
22007, 4409.23
22008, 4411.28
22009, 4404.62
22010, 4398.97
22011, 4405.64
22012, 4413.85
22013, 4403.59
22014, 4409.74
22015, 4452.82
22016, 4471.28
22017, 4409.23
22018, 4323.59
22019, 4301.03
22020, 4334.87
22021, 4404.62
22022, 4477.44
22023, 4505.64
22024, 4486.15
22025, 4453.85
22026, 4405.13
22027, 4307.18
22028, 4266.67
22029, 4330.26
22030, 4402.56
22031, 4495.9
22032, 4567.69
22033, 4505.13
22034, 4384.1
22035, 4297.44
22036, 4267.18
22037, 4327.18
22038, 4422.56
22039, 4499.49
22040, 4544.62
22041, 4504.1
22042, 4397.95
22043, 4294.87
22044, 4258.97
22045, 4316.92
22046, 4411.79
22047, 4502.56
22048, 4548.72
22049, 4496.92
22050, 4392.31
22051, 4303.08
22052, 4267.18
22053, 4316.92
22054, 4424.1
22055, 4514.36
22056, 4544.62
22057, 4490.77
22058, 4385.64
22059, 4301.03
22060, 4280
22061, 4325.13
22062, 4410.26
22063, 4494.36
22064, 4529.74
22065, 4491.28
22066, 4404.1
22067, 4323.59
22068, 4290.26
22069, 4326.15
22070, 4419.49
22071, 4502.56
22072, 4529.23
22073, 4485.64
22074, 4393.85
22075, 4311.28
22076, 4275.9
22077, 4315.9
22078, 4411.79
22079, 4497.44
22080, 4523.59
22081, 4481.54
22082, 4405.64
22083, 4328.21
22084, 4279.49
22085, 4320.51
22086, 4426.15
22087, 4501.03
22088, 4514.87
22089, 4473.33
22090, 4395.9
22091, 4318.97
22092, 4288.21
22093, 4330.77
22094, 4415.9
22095, 4498.97
22096, 4528.21
22097, 4475.9
22098, 4386.15
22099, 4312.82
22100, 4291.28
22101, 4332.82
22102, 4407.18
22103, 4485.64
22104, 4521.03
22105, 4476.92
22106, 4391.28
22107, 4313.33
22108, 4291.28
22109, 4334.87
22110, 4410.77
22111, 4490.77
22112, 4521.03
22113, 4469.23
22114, 4381.54
22115, 4313.33
22116, 4292.31
22117, 4329.74
22118, 4411.28
22119, 4490.77
22120, 4514.87
22121, 4471.28
22122, 4387.69
22123, 4311.79
22124, 4294.36
22125, 4341.54
22126, 4420
22127, 4487.18
22128, 4510.77
22129, 4474.87
22130, 4390.77
22131, 4314.87
22132, 4292.82
22133, 4333.85
22134, 4415.38
22135, 4495.38
22136, 4530.26
22137, 4480.51
22138, 4384.1
22139, 4318.97
22140, 4295.9
22141, 4325.64
22142, 4415.38
22143, 4480
22144, 4466.15
22145, 4417.44
22146, 4397.95
22147, 4409.23
22148, 4405.13
22149, 4396.92
22150, 4402.05
22151, 4408.72
22152, 4408.72
22153, 4400
22154, 4402.56
22155, 4406.67
22156, 4396.92
22157, 4395.9
22158, 4405.13
22159, 4411.28
22160, 4403.59
22161, 4392.31
22162, 4404.1
22163, 4412.31
22164, 4411.28
22165, 4410.77
22166, 4397.44
22167, 4390.26
22168, 4396.41
22169, 4401.54
22170, 4403.59
22171, 4402.56
22172, 4405.64
22173, 4403.08
22174, 4400
22175, 4405.64
22176, 4405.13
22177, 4401.03
22178, 4403.08
22179, 4403.59
22180, 4403.59
22181, 4406.67
22182, 4407.69
22183, 4404.62
22184, 4401.03
22185, 4402.56
22186, 4403.08
22187, 4404.1
22188, 4407.18
22189, 4403.08
22190, 4402.05
22191, 4409.74
22192, 4414.36
22193, 4405.64
22194, 4394.36
22195, 4400.51
22196, 4404.1
22197, 4396.92
22198, 4400.51
22199, 4399.49
22200, 4396.92
22201, 4405.13
22202, 4408.21
22203, 4405.64
22204, 4394.36
22205, 4384.1
22206, 4395.38
22207, 4405.64
22208, 4400
22209, 4397.95
22210, 4408.72
22211, 4407.69
22212, 4391.79
22213, 4391.79
22214, 4398.97
22215, 4404.1
22216, 4407.69
22217, 4398.97
22218, 4401.54
22219, 4407.18
22220, 4391.28
22221, 4387.18
22222, 4404.1
22223, 4408.72
22224, 4399.49
22225, 4395.9
22226, 4398.46
22227, 4398.97
22228, 4397.95
22229, 4402.56
22230, 4407.69
22231, 4405.64
22232, 4393.33
22233, 4393.33
22234, 4403.08
22235, 4396.41
22236, 4398.46
22237, 4407.69
22238, 4400.51
22239, 4396.41
22240, 4398.46
22241, 4395.9
22242, 4395.38
22243, 4400
22244, 4400.51
22245, 4398.97
22246, 4410.77
22247, 4410.77
22248, 4392.31
22249, 4393.33
22250, 4399.49
22251, 4398.46
22252, 4402.05
22253, 4400
22254, 4394.36
22255, 4393.85
22256, 4402.56
22257, 4409.74
22258, 4401.54
22259, 4396.92
22260, 4400.51
22261, 4402.05
22262, 4406.67
22263, 4402.56
22264, 4397.95
22265, 4400
22266, 4403.08
22267, 4405.64
22268, 4396.41
22269, 4396.41
22270, 4404.1
22271, 4397.95
22272, 4397.95
22273, 4407.18
22274, 4409.23
22275, 4397.95
22276, 4392.82
22277, 4409.74
22278, 4417.44
22279, 4406.15
22280, 4400
22281, 4398.97
22282, 4402.05
22283, 4403.08
22284, 4401.03
22285, 4396.92
22286, 4384.62
22287, 4388.72
22288, 4404.62
22289, 4398.97
22290, 4396.41
22291, 4407.18
22292, 4406.67
22293, 4401.54
22294, 4401.54
22295, 4400
22296, 4392.82
22297, 4393.85
22298, 4402.05
22299, 4407.18
22300, 4412.82
22301, 4401.54
22302, 4388.72
22303, 4394.87
22304, 4396.92
22305, 4394.36
22306, 4395.38
22307, 4398.46
22308, 4400.51
22309, 4398.46
22310, 4398.46
22311, 4398.46
22312, 4395.9
22313, 4397.95
22314, 4397.44
22315, 4397.95
22316, 4400.51
22317, 4402.05
22318, 4408.72
22319, 4402.56
22320, 4396.41
22321, 4404.62
22322, 4406.67
22323, 4402.05
22324, 4392.82
22325, 4395.9
22326, 4410.26
22327, 4405.64
22328, 4395.38
22329, 4393.85
22330, 4398.46
22331, 4406.15
22332, 4402.05
22333, 4392.82
22334, 4395.9
22335, 4400.51
22336, 4398.46
22337, 4396.41
22338, 4402.56
22339, 4399.49
22340, 4386.15
22341, 4389.23
22342, 4397.95
22343, 4400
22344, 4401.03
22345, 4397.95
22346, 4395.38
22347, 4395.9
22348, 4397.95
22349, 4402.05
22350, 4401.03
22351, 4404.1
22352, 4410.26
22353, 4403.08
22354, 4391.79
22355, 4389.74
22356, 4399.49
22357, 4403.08
22358, 4397.95
22359, 4399.49
22360, 4394.36
22361, 4395.38
22362, 4407.18
22363, 4402.56
22364, 4397.44
22365, 4398.46
22366, 4397.44
22367, 4397.95
22368, 4395.9
22369, 4399.49
22370, 4402.56
22371, 4400
22372, 4399.49
22373, 4396.41
22374, 4397.95
22375, 4396.41
22376, 4388.21
22377, 4389.74
22378, 4388.21
22379, 4369.23
22380, 4354.36
22381, 4370.26
22382, 4382.56
22383, 4351.79
22384, 4335.38
22385, 4350.77
22386, 4346.15
22387, 4347.69
22388, 4368.72
22389, 4376.41
22390, 4384.1
22391, 4392.31
22392, 4390.26
22393, 4382.05
22394, 4380.51
22395, 4385.13
22396, 4383.59
22397, 4384.62
22398, 4383.59
22399, 4381.03
22400, 4389.23
22401, 4390.77
22402, 4390.26
22403, 4390.77
22404, 4384.1
22405, 4383.59
22406, 4385.64
22407, 4390.77
22408, 4393.33
22409, 4382.56
22410, 4378.97
22411, 4384.62
22412, 4387.18
22413, 4382.56
22414, 4380.51
22415, 4392.31
22416, 4395.38
22417, 4386.67
22418, 4386.67
22419, 4389.74
22420, 4390.77
22421, 4386.67
22422, 4386.67
22423, 4397.44
22424, 4395.9
22425, 4387.18
22426, 4388.72
22427, 4393.85
22428, 4398.97
22429, 4393.85
22430, 4391.28
22431, 4396.41
22432, 4392.82
22433, 4394.87
22434, 4402.56
22435, 4397.95
22436, 4388.72
22437, 4384.62
22438, 4398.46
22439, 4405.13
22440, 4400
22441, 4406.67
22442, 4410.77
22443, 4405.13
22444, 4396.41
22445, 4394.87
22446, 4402.56
22447, 4401.03
22448, 4394.36
22449, 4394.87
22450, 4397.95
22451, 4397.95
22452, 4391.79
22453, 4392.82
22454, 4406.15
22455, 4399.49
22456, 4390.26
22457, 4420.51
22458, 4463.59
22459, 4444.1
22460, 4362.05
22461, 4306.67
22462, 4306.67
22463, 4352.31
22464, 4431.28
22465, 4488.72
22466, 4493.85
22467, 4464.1
22468, 4433.85
22469, 4353.85
22470, 4251.79
22471, 4277.44
22472, 4372.31
22473, 4444.62
22474, 4529.74
22475, 4546.15
22476, 4449.74
22477, 4336.41
22478, 4266.67
22479, 4282.05
22480, 4363.08
22481, 4446.67
22482, 4528.72
22483, 4547.69
22484, 4455.38
22485, 4333.33
22486, 4270.77
22487, 4290.77
22488, 4364.62
22489, 4458.97
22490, 4537.95
22491, 4539.49
22492, 4458.97
22493, 4353.33
22494, 4272.31
22495, 4271.79
22496, 4361.54
22497, 4464.62
22498, 4532.31
22499, 4542.56
22500, 4465.64
22501, 4348.72
22502, 4281.54
22503, 4298.97
22504, 4374.87
22505, 4464.62
22506, 4533.85
22507, 4540.51
22508, 4461.54
22509, 4361.03
22510, 4300
22511, 4297.44
22512, 4371.28
22513, 4472.31
22514, 4536.92
22515, 4534.36
22516, 4451.79
22517, 4352.31
22518, 4300.51
22519, 4308.21
22520, 4374.36
22521, 4466.67
22522, 4534.87
22523, 4529.74
22524, 4448.21
22525, 4355.38
22526, 4300
22527, 4310.26
22528, 4382.05
22529, 4465.64
22530, 4531.79
22531, 4531.79
22532, 4450.26
22533, 4356.92
22534, 4302.05
22535, 4311.28
22536, 4382.56
22537, 4472.82
22538, 4532.82
22539, 4518.46
22540, 4446.15
22541, 4365.64
22542, 4308.72
22543, 4308.21
22544, 4367.18
22545, 4458.46
22546, 4525.13
22547, 4509.74
22548, 4439.49
22549, 4365.13
22550, 4312.31
22551, 4312.82
22552, 4370.77
22553, 4461.03
22554, 4524.62
22555, 4514.36
22556, 4445.13
22557, 4354.87
22558, 4301.54
22559, 4315.38
22560, 4382.05
22561, 4470.77
22562, 4527.18
22563, 4515.38
22564, 4440.51
22565, 4354.36
22566, 4310.26
22567, 4310.26
22568, 4364.62
22569, 4468.21
22570, 4535.38
22571, 4514.87
22572, 4441.54
22573, 4357.44
22574, 4297.44
22575, 4305.64
22576, 4383.08
22577, 4465.13
22578, 4518.46
22579, 4512.82
22580, 4435.38
22581, 4352.82
22582, 4307.18
22583, 4307.69
22584, 4378.97
22585, 4466.15
22586, 4487.69
22587, 4444.62
22588, 4412.31
22589, 4419.49
22590, 4411.79
22591, 4400.51
22592, 4415.38
22593, 4414.36
22594, 4405.64
22595, 4417.44
22596, 4426.15
22597, 4412.31
22598, 4394.87
22599, 4404.62
22600, 4415.38
22601, 4408.72
22602, 4408.21
22603, 4407.18
22604, 4406.67
22605, 4407.69
22606, 4408.72
22607, 4414.87
22608, 4407.18
22609, 4401.54
22610, 4410.77
22611, 4412.31
22612, 4406.67
22613, 4407.18
22614, 4418.46
22615, 4422.56
22616, 4406.67
22617, 4398.46
22618, 4406.67
22619, 4410.77
22620, 4408.72
22621, 4410.77
22622, 4420
22623, 4417.44
22624, 4400.51
22625, 4397.95
22626, 4406.67
22627, 4408.72
22628, 4404.62
22629, 4405.64
22630, 4412.31
22631, 4405.13
22632, 4401.54
22633, 4410.77
22634, 4410.77
22635, 4407.18
22636, 4409.74
22637, 4414.36
22638, 4411.28
22639, 4403.08
22640, 4407.69
22641, 4406.15
22642, 4407.69
22643, 4420.51
22644, 4413.85
22645, 4406.67
22646, 4410.77
22647, 4409.23
22648, 4413.33
22649, 4422.56
22650, 4418.97
22651, 4406.67
22652, 4407.18
22653, 4415.38
22654, 4410.26
22655, 4406.67
22656, 4410.77
22657, 4408.72
22658, 4407.18
22659, 4405.13
22660, 4406.67
22661, 4406.67
22662, 4397.44
22663, 4402.56
22664, 4410.26
22665, 4406.15
22666, 4406.67
22667, 4407.69
22668, 4416.92
22669, 4421.54
22670, 4409.23
22671, 4407.69
22672, 4413.33
22673, 4411.28
22674, 4403.08
22675, 4405.64
22676, 4420
22677, 4413.85
22678, 4404.62
22679, 4408.72
22680, 4402.05
22681, 4399.49
22682, 4407.69
22683, 4410.77
22684, 4409.23
22685, 4407.69
22686, 4413.33
22687, 4411.28
22688, 4402.56
22689, 4403.59
22690, 4405.64
22691, 4409.23
22692, 4408.21
22693, 4404.62
22694, 4410.77
22695, 4412.31
22696, 4411.28
22697, 4408.72
22698, 4407.18
22699, 4414.36
22700, 4410.77
22701, 4402.56
22702, 4405.13
22703, 4411.79
22704, 4415.9
22705, 4407.18
22706, 4402.56
22707, 4406.67
22708, 4401.54
22709, 4401.54
22710, 4407.69
22711, 4407.18
22712, 4407.18
22713, 4407.18
22714, 4405.64
22715, 4400
22716, 4400
22717, 4408.72
22718, 4407.69
22719, 4406.67
22720, 4410.77
22721, 4404.1
22722, 4404.1
22723, 4407.69
22724, 4407.18
22725, 4409.23
22726, 4411.28
22727, 4416.41
22728, 4412.31
22729, 4405.64
22730, 4411.28
22731, 4417.44
22732, 4418.97
22733, 4405.64
22734, 4398.97
22735, 4414.36
22736, 4415.38
22737, 4407.69
22738, 4412.31
22739, 4421.03
22740, 4424.1
22741, 4413.85
22742, 4408.72
22743, 4410.77
22744, 4410.26
22745, 4414.36
22746, 4412.31
22747, 4409.23
22748, 4412.82
22749, 4414.87
22750, 4415.38
22751, 4410.77
22752, 4408.21
22753, 4412.82
22754, 4411.79
22755, 4413.85
22756, 4412.82
22757, 4404.62
22758, 4410.26
22759, 4418.46
22760, 4421.54
22761, 4414.87
22762, 4408.72
22763, 4416.92
22764, 4414.36
22765, 4406.15
22766, 4408.21
22767, 4411.79
22768, 4415.38
22769, 4410.26
22770, 4407.69
22771, 4410.77
22772, 4412.31
22773, 4419.49
22774, 4420.51
22775, 4416.92
22776, 4414.36
22777, 4407.69
22778, 4412.31
22779, 4419.49
22780, 4412.31
22781, 4405.64
22782, 4405.64
22783, 4413.33
22784, 4416.92
22785, 4417.44
22786, 4421.54
22787, 4413.85
22788, 4409.74
22789, 4414.36
22790, 4411.79
22791, 4412.31
22792, 4410.77
22793, 4409.23
22794, 4411.79
22795, 4409.74
22796, 4413.33
22797, 4418.46
22798, 4417.95
22799, 4414.36
22800, 4405.64
22801, 4405.13
22802, 4409.74
22803, 4416.92
22804, 4414.87
22805, 4397.44
22806, 4398.46
22807, 4406.67
22808, 4395.38
22809, 4383.59
22810, 4386.15
22811, 4388.21
22812, 4376.92
22813, 4364.1
22814, 4366.15
22815, 4372.31
22816, 4383.08
22817, 4391.79
22818, 4386.15
22819, 4393.85
22820, 4402.56
22821, 4397.95
22822, 4398.46
22823, 4398.97
22824, 4405.13
22825, 4406.67
22826, 4395.9
22827, 4393.33
22828, 4399.49
22829, 4404.1
22830, 4398.46
22831, 4397.44
22832, 4408.72
22833, 4406.67
22834, 4404.1
22835, 4411.79
22836, 4413.33
22837, 4413.85
22838, 4410.26
22839, 4413.85
22840, 4415.9
22841, 4403.08
22842, 4406.15
22843, 4414.87
22844, 4411.79
22845, 4410.77
22846, 4404.62
22847, 4401.54
22848, 4407.18
22849, 4411.28
22850, 4409.74
22851, 4407.69
22852, 4411.28
22853, 4409.74
22854, 4406.15
22855, 4411.79
22856, 4410.26
22857, 4408.21
22858, 4409.23
22859, 4407.69
22860, 4411.28
22861, 4409.23
22862, 4412.82
22863, 4426.15
22864, 4419.49
22865, 4409.74
22866, 4416.92
22867, 4425.13
22868, 4419.49
22869, 4408.72
22870, 4409.74
22871, 4407.69
22872, 4401.03
22873, 4408.21
22874, 4411.79
22875, 4414.36
22876, 4416.41
22877, 4416.41
22878, 4417.95
22879, 4419.49
22880, 4422.56
22881, 4415.38
22882, 4407.69
22883, 4420
22884, 4415.9
22885, 4398.46
22886, 4402.56
22887, 4413.33
22888, 4417.44
22889, 4414.87
22890, 4412.31
22891, 4418.97
22892, 4420
22893, 4414.87
22894, 4415.38
22895, 4424.1
22896, 4425.13
22897, 4406.67
22898, 4402.05
22899, 4411.28
22900, 4411.79
22901, 4413.85
22902, 4413.33
22903, 4417.95
22904, 4420.51
22905, 4414.36
22906, 4415.9
22907, 4415.9
22908, 4417.44
22909, 4416.92
22910, 4407.18
22911, 4410.26
22912, 4414.87
22913, 4410.26
22914, 4410.26
22915, 4412.31
22916, 4414.36
22917, 4413.33
22918, 4411.79
22919, 4413.33
22920, 4411.28
22921, 4411.79
22922, 4416.92
22923, 4417.44
22924, 4413.33
22925, 4407.18
22926, 4420
22927, 4423.59
22928, 4404.1
22929, 4406.67
22930, 4414.36
22931, 4412.82
22932, 4413.85
22933, 4411.79
22934, 4416.41
22935, 4417.95
22936, 4411.28
22937, 4411.28
22938, 4416.92
22939, 4418.97
22940, 4412.82
22941, 4415.9
22942, 4425.64
22943, 4409.23
22944, 4396.92
22945, 4410.26
22946, 4412.31
22947, 4406.15
22948, 4415.9
22949, 4432.31
22950, 4424.1
22951, 4402.05
22952, 4403.08
22953, 4411.28
22954, 4412.31
22955, 4409.74
22956, 4404.1
22957, 4406.67
22958, 4408.72
22959, 4410.77
22960, 4414.36
22961, 4408.72
22962, 4411.28
22963, 4415.9
22964, 4411.28
22965, 4411.79
22966, 4411.28
22967, 4411.28
22968, 4414.87
22969, 4416.41
22970, 4411.79
22971, 4404.62
22972, 4410.77
22973, 4413.33
22974, 4408.21
22975, 4418.97
22976, 4418.46
22977, 4407.18
22978, 4408.72
22979, 4410.77
22980, 4410.77
22981, 4409.74
22982, 4409.74
22983, 4411.28
22984, 4412.31
22985, 4421.54
22986, 4418.46
22987, 4406.15
22988, 4415.38
22989, 4422.56
22990, 4411.28
22991, 4402.05
22992, 4404.1
22993, 4410.77
22994, 4407.69
22995, 4408.72
22996, 4416.41
22997, 4415.9
22998, 4410.26
22999, 4404.1
23000, 4405.64
23001, 4409.23
23002, 4412.82
23003, 4424.1
23004, 4415.9
23005, 4400
23006, 4408.21
23007, 4412.82
23008, 4406.15
23009, 4405.64
23010, 4410.26
23011, 4412.82
23012, 4408.72
23013, 4410.77
23014, 4412.82
23015, 4407.69
23016, 4411.28
23017, 4412.31
23018, 4408.21
23019, 4410.26
23020, 4414.36
23021, 4414.87
23022, 4405.64
23023, 4406.15
23024, 4411.79
23025, 4408.72
23026, 4413.85
23027, 4413.85
23028, 4409.74
23029, 4415.38
23030, 4411.79
23031, 4405.13
23032, 4405.64
23033, 4407.69
23034, 4410.77
23035, 4411.28
23036, 4412.31
23037, 4406.15
23038, 4393.85
23039, 4393.85
23040, 4389.23
23041, 4371.79
23042, 4369.23
23043, 4384.62
23044, 4378.46
23045, 4346.67
23046, 4346.67
23047, 4373.85
23048, 4375.9, estimuli
23049, 4373.33
23050, 4381.54
23051, 4390.77
23052, 4400
23053, 4398.97
23054, 4398.46
23055, 4394.36
23056, 4392.82
23057, 4397.95
23058, 4384.62
23059, 4380.51
23060, 4392.31
23061, 4389.23
23062, 4387.69
23063, 4394.87
23064, 4398.97
23065, 4395.9
23066, 4391.28
23067, 4394.36
23068, 4393.33
23069, 4391.79
23070, 4398.46
23071, 4397.95
23072, 4396.92
23073, 4397.95
23074, 4402.56
23075, 4399.49
23076, 4386.15
23077, 4390.26
23078, 4390.77
23079, 4392.31
23080, 4413.33
23081, 4410.77
23082, 4397.44
23083, 4405.64
23084, 4412.31
23085, 4401.54
23086, 4394.36
23087, 4407.18
23088, 4413.33
23089, 4406.15
23090, 4411.79
23091, 4410.26
23092, 4398.46
23093, 4402.56
23094, 4406.67
23095, 4405.64
23096, 4405.13
23097, 4408.72
23098, 4410.26
23099, 4407.18
23100, 4409.74
23101, 4407.69
23102, 4406.15
23103, 4414.36
23104, 4410.77
23105, 4402.05
23106, 4403.59
23107, 4415.9
23108, 4418.97
23109, 4400.51
23110, 4406.67
23111, 4426.15
23112, 4404.62
23113, 4390.77
23114, 4408.72
23115, 4414.87
23116, 4404.1
23117, 4409.23
23118, 4427.69
23119, 4420
23120, 4402.56
23121, 4402.05
23122, 4405.64
23123, 4416.92
23124, 4415.38
23125, 4404.1
23126, 4408.72
23127, 4415.38
23128, 4414.87
23129, 4414.87
23130, 4412.82
23131, 4407.69
23132, 4407.69
23133, 4415.9
23134, 4408.21
23135, 4413.33
23136, 4460.51
23137, 4469.23
23138, 4406.15
23139, 4338.46
23140, 4304.62
23141, 4330.77
23142, 4414.36
23143, 4492.31
23144, 4511.79
23145, 4478.97
23146, 4454.87
23147, 4408.72
23148, 4291.79
23149, 4250.26
23150, 4341.03
23151, 4438.97
23152, 4510.26
23153, 4550.26
23154, 4503.08
23155, 4388.21
23156, 4292.82
23157, 4274.36
23158, 4334.87
23159, 4429.74
23160, 4516.92
23161, 4555.9
23162, 4495.38
23163, 4384.62
23164, 4296.92
23165, 4266.67
23166, 4340.51
23167, 4448.72
23168, 4509.23
23169, 4539.49
23170, 4497.44
23171, 4386.15
23172, 4294.87
23173, 4272.82
23174, 4337.95
23175, 4436.41
23176, 4511.79
23177, 4548.72
23178, 4497.44
23179, 4384.1
23180, 4297.95
23181, 4283.59
23182, 4342.05
23183, 4424.62
23184, 4504.62
23185, 4543.08
23186, 4484.1
23187, 4386.15
23188, 4317.44
23189, 4297.44
23190, 4340
23191, 4425.13
23192, 4511.79
23193, 4534.87
23194, 4480
23195, 4397.95
23196, 4311.79
23197, 4277.95
23198, 4335.38
23199, 4429.74
23200, 4507.69
23201, 4528.72
23202, 4476.92
23203, 4382.56
23204, 4300.51
23205, 4284.62
23206, 4340.51
23207, 4433.33
23208, 4512.82
23209, 4533.33
23210, 4486.67
23211, 4389.74
23212, 4305.13
23213, 4293.33
23214, 4348.21
23215, 4436.41
23216, 4508.21
23217, 4524.1
23218, 4475.9
23219, 4386.15
23220, 4312.82
23221, 4296.92
23222, 4344.62
23223, 4431.28
23224, 4501.54
23225, 4522.05
23226, 4474.36
23227, 4382.56
23228, 4313.33
23229, 4298.46
23230, 4348.21
23231, 4432.31
23232, 4499.49
23233, 4524.62
23234, 4471.79
23235, 4377.95
23236, 4312.82
23237, 4297.95
23238, 4347.69
23239, 4430.26
23240, 4500
23241, 4524.62
23242, 4470.26
23243, 4380.51
23244, 4311.79
23245, 4294.87
23246, 4345.64
23247, 4429.23
23248, 4508.21
23249, 4530.77
23250, 4467.69
23251, 4376.41
23252, 4309.23
23253, 4299.49
23254, 4352.31
23255, 4429.74
23256, 4498.46
23257, 4513.33
23258, 4464.1
23259, 4388.72
23260, 4313.33
23261, 4290.26
23262, 4346.15
23263, 4438.46
23264, 4488.72
23265, 4461.03
23266, 4420
23267, 4411.28
23268, 4411.28
23269, 4410.26
23270, 4410.77
23271, 4414.87
23272, 4417.95
23273, 4413.33
23274, 4413.85
23275, 4420.51
23276, 4421.54
23277, 4420
23278, 4415.38
23279, 4410.77
23280, 4411.28
23281, 4419.49
23282, 4421.03
23283, 4415.38
23284, 4422.56
23285, 4419.49
23286, 4413.33
23287, 4423.08
23288, 4416.92
23289, 4400.51
23290, 4404.1
23291, 4420
23292, 4423.59
23293, 4410.77
23294, 4410.26
23295, 4417.44
23296, 4413.33
23297, 4413.33
23298, 4414.36
23299, 4417.95
23300, 4423.08
23301, 4414.87
23302, 4415.38
23303, 4423.59
23304, 4421.54
23305, 4414.36
23306, 4406.67
23307, 4410.26
23308, 4413.85
23309, 4411.28
23310, 4420
23311, 4422.05
23312, 4414.36
23313, 4414.36
23314, 4421.54
23315, 4423.08
23316, 4416.92
23317, 4417.95
23318, 4416.92
23319, 4406.67
23320, 4411.28
23321, 4415.9
23322, 4412.82
23323, 4414.87
23324, 4417.95
23325, 4421.54
23326, 4415.9
23327, 4414.87
23328, 4423.59
23329, 4417.44
23330, 4415.9
23331, 4423.08
23332, 4418.46
23333, 4409.74
23334, 4405.64
23335, 4415.38
23336, 4423.59
23337, 4417.44
23338, 4413.33
23339, 4411.79
23340, 4413.85
23341, 4417.95
23342, 4414.87
23343, 4418.46
23344, 4419.49
23345, 4414.36
23346, 4413.33
23347, 4412.82
23348, 4412.31
23349, 4408.72
23350, 4408.72
23351, 4414.36
23352, 4411.28
23353, 4413.33
23354, 4415.9
23355, 4415.38
23356, 4424.62
23357, 4420
23358, 4411.79
23359, 4413.85
23360, 4410.77
23361, 4405.64
23362, 4406.67
23363, 4414.36
23364, 4413.85
23365, 4408.72
23366, 4415.9
23367, 4417.44
23368, 4413.85
23369, 4417.44
23370, 4417.44
23371, 4415.38
23372, 4411.28
23373, 4411.28
23374, 4417.44
23375, 4412.31
23376, 4408.72
23377, 4412.82
23378, 4415.9
23379, 4422.05
23380, 4414.87
23381, 4409.74
23382, 4420
23383, 4428.21
23384, 4424.62
23385, 4408.72
23386, 4407.69
23387, 4415.9
23388, 4410.26
23389, 4410.26
23390, 4413.85
23391, 4415.38
23392, 4413.85
23393, 4410.26
23394, 4415.9
23395, 4415.38
23396, 4409.74
23397, 4412.82
23398, 4415.9
23399, 4416.92
23400, 4412.82
23401, 4408.21
23402, 4416.92
23403, 4421.03
23404, 4415.38
23405, 4407.18
23406, 4408.21
23407, 4420.51
23408, 4414.36
23409, 4407.69
23410, 4418.97
23411, 4423.08
23412, 4417.44
23413, 4407.69
23414, 4408.21
23415, 4413.85
23416, 4408.72
23417, 4410.26
23418, 4415.38
23419, 4413.85
23420, 4411.28
23421, 4406.67
23422, 4410.77
23423, 4414.87
23424, 4411.28
23425, 4410.77
23426, 4412.82
23427, 4418.97
23428, 4414.87
23429, 4403.59
23430, 4412.82
23431, 4418.46
23432, 4412.31
23433, 4411.79
23434, 4413.33
23435, 4417.44
23436, 4414.36
23437, 4416.41
23438, 4426.67
23439, 4422.05
23440, 4415.38
23441, 4406.67
23442, 4398.46
23443, 4404.1
23444, 4415.38
23445, 4421.54
23446, 4413.85
23447, 4404.62
23448, 4410.77
23449, 4414.36
23450, 4412.31
23451, 4415.38
23452, 4416.92
23453, 4417.95
23454, 4416.41
23455, 4413.33
23456, 4409.23
23457, 4409.23
23458, 4416.92
23459, 4410.26
23460, 4405.13
23461, 4412.82
23462, 4408.72
23463, 4408.72
23464, 4414.36
23465, 4418.97
23466, 4426.15
23467, 4416.92
23468, 4403.59
23469, 4406.67
23470, 4413.33
23471, 4413.85
23472, 4409.23
23473, 4410.77
23474, 4413.33
23475, 4409.74
23476, 4398.97
23477, 4389.74
23478, 4403.59
23479, 4397.44
23480, 4370.26
23481, 4383.59
23482, 4390.26
23483, 4357.95
23484, 4346.15
23485, 4357.44
23486, 4368.21
23487, 4377.44
23488, 4386.15
23489, 4397.44
23490, 4405.13
23491, 4409.23
23492, 4406.67
23493, 4400
23494, 4402.05
23495, 4400.51
23496, 4395.9
23497, 4395.9
23498, 4403.08
23499, 4409.23
23500, 4396.41
23501, 4395.38
23502, 4407.69
23503, 4402.56
23504, 4396.41
23505, 4398.46
23506, 4401.03
23507, 4400
23508, 4397.44
23509, 4407.18
23510, 4411.28
23511, 4400
23512, 4392.82
23513, 4393.33
23514, 4396.41
23515, 4397.95
23516, 4396.92
23517, 4396.92
23518, 4396.41
23519, 4405.13
23520, 4408.21
23521, 4401.03
23522, 4402.05
23523, 4402.56
23524, 4405.13
23525, 4406.15
23526, 4400
23527, 4404.1
23528, 4406.67
23529, 4405.64
23530, 4410.77
23531, 4410.77
23532, 4410.77
23533, 4411.79
23534, 4410.77
23535, 4412.82
23536, 4410.26
23537, 4413.85
23538, 4418.97
23539, 4415.38
23540, 4413.33
23541, 4409.23
23542, 4411.79
23543, 4416.92
23544, 4413.33
23545, 4412.31
23546, 4413.85
23547, 4418.97
23548, 4417.95
23549, 4408.72
23550, 4409.23
23551, 4412.82
23552, 4412.82
23553, 4411.28
23554, 4405.64
23555, 4412.31
23556, 4415.38
23557, 4410.26
23558, 4414.87
23559, 4413.85
23560, 4411.28
23561, 4413.33
23562, 4413.85
23563, 4413.85
23564, 4410.77
23565, 4421.54
23566, 4424.1
23567, 4404.62
23568, 4406.67
23569, 4421.54
23570, 4417.44
23571, 4413.85
23572, 4420.51
23573, 4421.03
23574, 4410.26
23575, 4405.13
23576, 4405.13
23577, 4404.62
23578, 4411.28
23579, 4412.82
23580, 4410.77
23581, 4418.46
23582, 4416.92
23583, 4413.85
23584, 4421.03
23585, 4423.59
23586, 4414.36
23587, 4407.69
23588, 4421.54
23589, 4418.46
23590, 4397.95
23591, 4405.64
23592, 4413.33
23593, 4411.79
23594, 4418.97
23595, 4420.51
23596, 4416.92
23597, 4413.33
23598, 4419.49
23599, 4424.62
23600, 4410.77
23601, 4403.59
23602, 4409.74
23603, 4409.74
23604, 4409.74
23605, 4410.26
23606, 4411.79
23607, 4415.9
23608, 4417.95
23609, 4415.9
23610, 4409.74
23611, 4412.82
23612, 4416.92
23613, 4412.82
23614, 4412.31
23615, 4409.74
23616, 4411.28
23617, 4412.31
23618, 4408.21
23619, 4415.9
23620, 4415.38
23621, 4409.74
23622, 4417.95
23623, 4417.44
23624, 4410.26
23625, 4409.23
23626, 4416.41
23627, 4418.97
23628, 4406.15
23629, 4405.13
23630, 4414.36
23631, 4412.31
23632, 4409.74
23633, 4411.28
23634, 4415.9
23635, 4413.85
23636, 4404.62
23637, 4406.67
23638, 4407.69
23639, 4406.15
23640, 4409.23
23641, 4409.74
23642, 4415.38
23643, 4413.85
23644, 4409.23
23645, 4410.77
23646, 4407.69
23647, 4410.77
23648, 4411.28
23649, 4408.21
23650, 4413.33
23651, 4413.85
23652, 4410.77
23653, 4408.72
23654, 4418.46
23655, 4426.15
23656, 4407.18
23657, 4403.59
23658, 4423.59
23659, 4420.51
23660, 4406.67
23661, 4408.72
23662, 4416.92
23663, 4414.36
23664, 4402.56
23665, 4403.08
23666, 4406.15
23667, 4407.69
23668, 4408.72
23669, 4405.13
23670, 4411.28
23671, 4411.79
23672, 4407.69
23673, 4413.85
23674, 4410.77
23675, 4409.23
23676, 4413.85
23677, 4413.85
23678, 4411.28
23679, 4405.64
23680, 4408.21
23681, 4415.38
23682, 4412.31
23683, 4410.77
23684, 4406.15
23685, 4405.13
23686, 4411.28
23687, 4413.33
23688, 4408.21
23689, 4398.46
23690, 4405.64
23691, 4404.62
23692, 4371.79
23693, 4370.26
23694, 4395.9
23695, 4383.59
23696, 4354.87
23697, 4353.33
23698, 4373.33
23699, 4382.05
23700, 4380.51
23701, 4392.31
23702, 4404.62
23703, 4410.26
23704, 4407.69
23705, 4398.97
23706, 4396.41
23707, 4396.92
23708, 4405.64
23709, 4408.21
23710, 4395.38
23711, 4391.28
23712, 4392.31
23713, 4395.38
23714, 4405.13
23715, 4405.13
23716, 4405.64
23717, 4406.67
23718, 4401.54
23719, 4401.54
23720, 4397.95
23721, 4396.41
23722, 4397.44
23723, 4397.95
23724, 4400.51
23725, 4398.46
23726, 4403.08
23727, 4405.64
23728, 4398.46
23729, 4397.95
23730, 4399.49
23731, 4404.1
23732, 4405.13
23733, 4401.54
23734, 4405.64
23735, 4405.64
23736, 4406.15
23737, 4409.74
23738, 4401.54
23739, 4403.59
23740, 4411.79
23741, 4410.26
23742, 4411.28
23743, 4411.28
23744, 4413.33
23745, 4413.33
23746, 4411.28
23747, 4416.92
23748, 4415.9
23749, 4413.33
23750, 4414.36
23751, 4411.28
23752, 4412.31
23753, 4412.82
23754, 4412.82
23755, 4415.38
23756, 4411.79
23757, 4416.92
23758, 4421.54
23759, 4413.85
23760, 4408.72
23761, 4414.87
23762, 4424.1
23763, 4420
23764, 4421.03
23765, 4428.21
23766, 4415.38
23767, 4405.13
23768, 4407.18
23769, 4409.23
23770, 4413.33
23771, 4412.31
23772, 4416.41
23773, 4418.46
23774, 4413.85
23775, 4420
23776, 4420.51
23777, 4416.41
23778, 4418.46
23779, 4413.85
23780, 4413.33
23781, 4416.41
23782, 4416.41
23783, 4416.92
23784, 4414.87
23785, 4415.9
23786, 4417.95
23787, 4416.92
23788, 4416.92
23789, 4413.33
23790, 4414.36
23791, 4415.38
23792, 4415.9
23793, 4421.03
23794, 4413.33
23795, 4407.69
23796, 4412.31
23797, 4414.87
23798, 4417.95
23799, 4412.82
23800, 4414.87
23801, 4420.51
23802, 4416.92
23803, 4418.97
23804, 4413.85
23805, 4410.77
23806, 4414.36
23807, 4405.64
23808, 4412.31
23809, 4423.59
23810, 4415.9
23811, 4416.41
23812, 4426.67
23813, 4420
23814, 4399.49
23815, 4398.46
23816, 4414.87
23817, 4418.97
23818, 4423.08
23819, 4420.51
23820, 4401.03
23821, 4405.13
23822, 4422.05
23823, 4416.92
23824, 4407.69
23825, 4413.33
23826, 4417.44
23827, 4403.59
23828, 4406.15
23829, 4420
23830, 4409.23
23831, 4406.15
23832, 4413.33
23833, 4414.36
23834, 4414.87
23835, 4411.28
23836, 4414.87
23837, 4412.82
23838, 4405.64
23839, 4412.31
23840, 4413.33
23841, 4410.77
23842, 4409.23
23843, 4405.64
23844, 4420
23845, 4428.21
23846, 4412.31
23847, 4398.46
23848, 4404.1
23849, 4411.79
23850, 4405.13
23851, 4406.67
23852, 4417.44
23853, 4413.33
23854, 4410.77
23855, 4415.38
23856, 4411.79
23857, 4406.15
23858, 4405.64
23859, 4410.26
23860, 4411.28
23861, 4409.74
23862, 4411.28
23863, 4408.72
23864, 4410.26
23865, 4412.31
23866, 4407.69
23867, 4408.21
23868, 4413.33
23869, 4420
23870, 4417.95
23871, 4411.28
23872, 4423.08
23873, 4426.15
23874, 4414.36
23875, 4406.67
23876, 4398.97
23877, 4401.03
23878, 4410.26
23879, 4412.31
23880, 4410.26
23881, 4404.62
23882, 4409.74
23883, 4415.38
23884, 4411.79
23885, 4414.87
23886, 4415.9
23887, 4413.85
23888, 4415.9
23889, 4415.38
23890, 4411.28
23891, 4406.67
23892, 4411.79
23893, 4412.82
23894, 4399.49
23895, 4399.49
23896, 4408.21
23897, 4410.26
23898, 4407.18
23899, 4406.67
23900, 4423.08
23901, 4422.05
23902, 4401.54
23903, 4400.51
23904, 4407.69
23905, 4410.77
23906, 4407.69
23907, 4405.13
23908, 4412.82
23909, 4414.87
23910, 4414.87
23911, 4413.85
23912, 4408.72
23913, 4409.23
23914, 4412.31
23915, 4414.87
23916, 4416.92
23917, 4411.79
23918, 4408.72
23919, 4407.18
23920, 4408.72
23921, 4414.36
23922, 4414.36
23923, 4417.95
23924, 4415.9
23925, 4408.21
23926, 4411.28
23927, 4414.87
23928, 4419.49
23929, 4415.38
23930, 4405.64
23931, 4406.15
23932, 4408.21
23933, 4414.36
23934, 4414.36
23935, 4405.64
23936, 4413.33
23937, 4413.33
23938, 4405.13
23939, 4407.69
23940, 4409.23
23941, 4411.79
23942, 4417.95
23943, 4421.54
23944, 4414.87
23945, 4403.08
23946, 4410.26
23947, 4411.79
23948, 4406.67
23949, 4418.46
23950, 4421.54
23951, 4414.36
23952, 4411.79
23953, 4418.46
23954, 4424.1
23955, 4411.79
23956, 4403.59
23957, 4405.13
23958, 4405.64
23959, 4407.69
23960, 4410.77
23961, 4422.05
23962, 4423.08
23963, 4401.54
23964, 4400.51
23965, 4415.38
23966, 4413.33
23967, 4406.67
23968, 4407.18
23969, 4415.38
23970, 4417.44
23971, 4411.28
23972, 4404.62
23973, 4404.62
23974, 4419.49
23975, 4417.95
23976, 4405.64
23977, 4417.95
23978, 4423.59
23979, 4409.74
23980, 4402.56
23981, 4409.23
23982, 4419.49
23983, 4413.33
23984, 4402.56
23985, 4406.15
23986, 4412.31
23987, 4411.28
23988, 4401.54
23989, 4397.95
23990, 4399.49
23991, 4378.46
23992, 4366.15
23993, 4376.92
23994, 4375.9
23995, 4363.08
23996, 4357.44
23997, 4364.62
23998, 4369.23
23999, 4377.95
24000, 4394.87, estimuli
24001, 4398.46
24002, 4405.13
24003, 4410.26
24004, 4401.54
24005, 4396.41
24006, 4396.92
24007, 4396.92
24008, 4397.44
24009, 4402.05
24010, 4411.28
24011, 4409.23
24012, 4407.18
24013, 4413.33
24014, 4407.18
24015, 4405.13
24016, 4407.18
24017, 4406.15
24018, 4408.21
24019, 4404.1
24020, 4400.51
24021, 4402.05
24022, 4407.18
24023, 4408.21
24024, 4400
24025, 4403.59
24026, 4410.26
24027, 4405.64
24028, 4407.69
24029, 4406.67
24030, 4406.15
24031, 4409.23
24032, 4409.23
24033, 4412.31
24034, 4412.31
24035, 4414.87
24036, 4425.13
24037, 4422.05
24038, 4414.36
24039, 4409.74
24040, 4411.28
24041, 4420
24042, 4418.46
24043, 4415.38
24044, 4415.9
24045, 4416.92
24046, 4421.54
24047, 4418.46
24048, 4414.87
24049, 4413.85
24050, 4413.33
24051, 4414.87
24052, 4412.82
24053, 4414.36
24054, 4416.92
24055, 4414.87
24056, 4420.51
24057, 4420
24058, 4414.87
24059, 4421.54
24060, 4423.08
24061, 4413.85
24062, 4407.69
24063, 4420
24064, 4433.85
24065, 4414.36
24066, 4403.08
24067, 4415.38
24068, 4418.97
24069, 4417.95
24070, 4413.85
24071, 4412.82
24072, 4413.33
24073, 4415.38
24074, 4423.59
24075, 4416.41
24076, 4414.87
24077, 4428.21
24078, 4425.13
24079, 4415.9
24080, 4413.33
24081, 4418.46
24082, 4421.54
24083, 4406.67
24084, 4422.05
24085, 4471.28
24086, 4472.82
24087, 4400
24088, 4327.69
24089, 4320.51
24090, 4362.56
24091, 4430.26
24092, 4493.85
24093, 4505.13
24094, 4480.51
24095, 4460.51
24096, 4404.62
24097, 4297.44
24098, 4268.21
24099, 4347.18
24100, 4430.26
24101, 4510.77
24102, 4564.1
24103, 4502.05
24104, 4386.67
24105, 4303.08
24106, 4277.44
24107, 4339.49
24108, 4433.33
24109, 4515.9
24110, 4564.1
24111, 4509.74
24112, 4390.77
24113, 4291.79
24114, 4269.23
24115, 4340
24116, 4434.36
24117, 4523.59
24118, 4567.69
24119, 4498.46
24120, 4377.95
24121, 4291.28
24122, 4277.95
24123, 4340
24124, 4427.69
24125, 4520.51
24126, 4565.13
24127, 4496.92
24128, 4383.08
24129, 4307.69
24130, 4288.21
24131, 4328.21
24132, 4417.44
24133, 4511.79
24134, 4541.54
24135, 4485.13
24136, 4390.26
24137, 4308.72
24138, 4289.23
24139, 4351.28
24140, 4446.67
24141, 4514.36
24142, 4531.28
24143, 4490.77
24144, 4396.92
24145, 4306.15
24146, 4280.51
24147, 4334.87
24148, 4436.92
24149, 4511.79
24150, 4527.69
24151, 4480.51
24152, 4387.18
24153, 4314.36
24154, 4298.97
24155, 4342.56
24156, 4424.62
24157, 4499.49
24158, 4530.26
24159, 4481.54
24160, 4389.23
24161, 4318.97
24162, 4296.41
24163, 4342.05
24164, 4432.82
24165, 4506.67
24166, 4528.72
24167, 4480
24168, 4390.77
24169, 4314.87
24170, 4296.41
24171, 4355.9
24172, 4442.05
24173, 4507.69
24174, 4528.21
24175, 4476.92
24176, 4382.56
24177, 4303.08
24178, 4293.85
24179, 4350.77
24180, 4426.67
24181, 4506.15
24182, 4532.31
24183, 4471.79
24184, 4393.85
24185, 4326.67
24186, 4296.92
24187, 4350.26
24188, 4442.05
24189, 4505.13
24190, 4511.79
24191, 4466.15
24192, 4389.23
24193, 4315.9
24194, 4302.56
24195, 4354.87
24196, 4434.87
24197, 4507.18
24198, 4530.77
24199, 4482.05
24200, 4383.08
24201, 4305.13
24202, 4301.54
24203, 4354.87
24204, 4442.05
24205, 4516.41
24206, 4522.56
24207, 4465.13
24208, 4384.62
24209, 4322.05
24210, 4302.56
24211, 4345.64
24212, 4437.44
24213, 4483.08
24214, 4454.36
24215, 4417.44
24216, 4407.69
24217, 4407.69
24218, 4401.54
24219, 4404.62
24220, 4413.33
24221, 4412.82
24222, 4412.31
24223, 4410.26
24224, 4415.38
24225, 4422.05
24226, 4407.18
24227, 4401.03
24228, 4408.72
24229, 4407.18
24230, 4410.77
24231, 4417.95
24232, 4413.85
24233, 4403.59
24234, 4405.13
24235, 4414.87
24236, 4409.74
24237, 4406.67
24238, 4413.33
24239, 4408.21
24240, 4402.05
24241, 4404.62
24242, 4409.74
24243, 4409.23
24244, 4404.62
24245, 4410.77
24246, 4416.41
24247, 4418.46
24248, 4421.03
24249, 4412.82
24250, 4415.38
24251, 4426.15
24252, 4425.13
24253, 4424.1
24254, 4422.05
24255, 4416.92
24256, 4410.77
24257, 4409.23
24258, 4418.97
24259, 4414.87
24260, 4405.13
24261, 4409.74
24262, 4410.77
24263, 4412.31
24264, 4414.36
24265, 4412.82
24266, 4412.31
24267, 4406.15
24268, 4404.1
24269, 4407.69
24270, 4412.82
24271, 4413.33
24272, 4405.64
24273, 4408.72
24274, 4409.23
24275, 4401.54
24276, 4407.69
24277, 4414.36
24278, 4415.9
24279, 4413.33
24280, 4402.56
24281, 4399.49
24282, 4404.1
24283, 4409.23
24284, 4411.28
24285, 4403.08
24286, 4402.56
24287, 4406.15
24288, 4405.64
24289, 4412.31
24290, 4413.33
24291, 4409.74
24292, 4411.28
24293, 4412.31
24294, 4406.15
24295, 4400
24296, 4410.26
24297, 4419.49
24298, 4414.36
24299, 4414.36
24300, 4415.9
24301, 4413.85
24302, 4408.21
24303, 4404.1
24304, 4408.72
24305, 4410.77
24306, 4412.82
24307, 4408.72
24308, 4398.97
24309, 4406.67
24310, 4412.31
24311, 4406.15
24312, 4399.49
24313, 4394.36
24314, 4400.51
24315, 4406.67
24316, 4406.15
24317, 4407.69
24318, 4401.54
24319, 4401.54
24320, 4408.21
24321, 4406.15
24322, 4404.62
24323, 4402.56
24324, 4404.62
24325, 4407.18
24326, 4403.08
24327, 4405.13
24328, 4406.15
24329, 4404.62
24330, 4407.18
24331, 4408.72
24332, 4412.82
24333, 4410.77
24334, 4402.05
24335, 4399.49
24336, 4401.03
24337, 4412.31
24338, 4415.9
24339, 4405.13
24340, 4405.13
24341, 4407.69
24342, 4403.59
24343, 4395.9
24344, 4398.97
24345, 4411.79
24346, 4404.62
24347, 4399.49
24348, 4407.69
24349, 4405.64
24350, 4404.62
24351, 4409.23
24352, 4411.79
24353, 4411.79
24354, 4409.74
24355, 4409.23
24356, 4402.05
24357, 4400.51
24358, 4410.77
24359, 4407.18
24360, 4400.51
24361, 4401.03
24362, 4401.54
24363, 4403.59
24364, 4404.1
24365, 4406.67
24366, 4403.59
24367, 4400
24368, 4405.13
24369, 4403.08
24370, 4401.03
24371, 4401.54
24372, 4399.49
24373, 4405.13
24374, 4405.64
24375, 4403.08
24376, 4407.18
24377, 4407.18
24378, 4408.72
24379, 4408.72
24380, 4404.1
24381, 4401.03
24382, 4397.95
24383, 4400
24384, 4400.51
24385, 4401.03
24386, 4410.77
24387, 4407.18
24388, 4396.92
24389, 4397.44
24390, 4401.54
24391, 4405.13
24392, 4403.59
24393, 4403.08
24394, 4402.56
24395, 4395.9
24396, 4398.46
24397, 4402.56
24398, 4396.92
24399, 4392.82
24400, 4396.92
24401, 4404.62
24402, 4400
24403, 4402.05
24404, 4415.9
24405, 4404.62
24406, 4392.82
24407, 4403.59
24408, 4407.69
24409, 4395.38
24410, 4389.74
24411, 4406.15
24412, 4412.82
24413, 4398.97
24414, 4395.38
24415, 4400.51
24416, 4403.59
24417, 4401.54
24418, 4398.97
24419, 4401.54
24420, 4397.44
24421, 4401.54
24422, 4409.23
24423, 4399.49
24424, 4397.95
24425, 4403.08
24426, 4405.64
24427, 4412.31
24428, 4409.23
24429, 4401.54
24430, 4396.41
24431, 4392.82
24432, 4396.92
24433, 4398.46
24434, 4401.54
24435, 4405.13
24436, 4404.1
24437, 4403.59
24438, 4402.05
24439, 4405.64
24440, 4409.23
24441, 4400.51
24442, 4396.41
24443, 4398.97
24444, 4402.05
24445, 4402.05
24446, 4394.87
24447, 4398.46
24448, 4402.56
24449, 4405.64
24450, 4411.79
24451, 4402.56
24452, 4395.9
24453, 4398.97
24454, 4404.1
24455, 4409.23
24456, 4404.62
24457, 4402.56
24458, 4405.13
24459, 4402.56
24460, 4403.59
24461, 4405.13
24462, 4406.67
24463, 4406.15
24464, 4401.03
24465, 4397.95
24466, 4395.38
24467, 4404.1
24468, 4415.9
24469, 4403.08
24470, 4395.38
24471, 4405.13
24472, 4405.13
24473, 4394.36
24474, 4392.82
24475, 4410.77
24476, 4412.31
24477, 4392.31
24478, 4392.82
24479, 4404.1
24480, 4400
24481, 4387.69
24482, 4394.36
24483, 4409.23
24484, 4400
24485, 4395.9
24486, 4404.62
24487, 4400.51
24488, 4400
24489, 4401.03
24490, 4401.03
24491, 4406.67
24492, 4404.1
24493, 4401.03
24494, 4404.1
24495, 4403.08
24496, 4397.44
24497, 4395.38
24498, 4401.03
24499, 4401.03
24500, 4396.92
24501, 4401.54
24502, 4401.03
24503, 4400
24504, 4402.05
24505, 4403.59
24506, 4407.69
24507, 4404.1
24508, 4401.54
24509, 4403.08
24510, 4401.54
24511, 4406.15
24512, 4405.13
24513, 4401.54
24514, 4403.59
24515, 4401.54
24516, 4407.18
24517, 4411.79
24518, 4404.62
24519, 4405.13
24520, 4404.62
24521, 4402.05
24522, 4401.54
24523, 4401.54
24524, 4405.13
24525, 4400.51
24526, 4396.92
24527, 4400
24528, 4403.08
24529, 4405.13
24530, 4401.03
24531, 4403.08
24532, 4406.15
24533, 4399.49
24534, 4400
24535, 4402.05
24536, 4402.05
24537, 4405.64
24538, 4404.1
24539, 4404.1
24540, 4402.56
24541, 4401.03
24542, 4405.13
24543, 4401.54
24544, 4397.44
24545, 4398.46
24546, 4403.08
24547, 4411.79
24548, 4402.56
24549, 4392.31
24550, 4401.03
24551, 4407.69
24552, 4403.08
24553, 4397.44
24554, 4403.59
24555, 4405.13
24556, 4396.92
24557, 4400.51
24558, 4405.13
24559, 4404.62
24560, 4403.08
24561, 4399.49
24562, 4402.56
24563, 4396.41
24564, 4387.69
24565, 4397.95
24566, 4402.05
24567, 4398.97
24568, 4400.51
24569, 4403.59
24570, 4402.56
24571, 4398.97
24572, 4407.69
24573, 4412.31
24574, 4401.03
24575, 4396.41
24576, 4397.95
24577, 4402.05
24578, 4405.13
24579, 4396.92
24580, 4394.87
24581, 4398.46
24582, 4399.49
24583, 4401.54
24584, 4399.49
24585, 4401.03
24586, 4400
24587, 4397.95
24588, 4405.13
24589, 4407.69
24590, 4406.67
24591, 4400.51
24592, 4391.28
24593, 4397.95
24594, 4401.03
24595, 4392.31
24596, 4388.72
24597, 4395.38
24598, 4402.56
24599, 4397.95
24600, 4403.08
24601, 4412.31
24602, 4402.05
24603, 4394.36
24604, 4397.44
24605, 4396.92
24606, 4395.38
24607, 4401.03
24608, 4407.69
24609, 4403.08
24610, 4401.54
24611, 4408.72
24612, 4397.95
24613, 4387.18
24614, 4389.23
24615, 4393.85
24616, 4400
24617, 4397.95
24618, 4398.97
24619, 4401.54
24620, 4393.85
24621, 4394.87
24622, 4402.56
24623, 4403.59
24624, 4398.97
24625, 4397.44
24626, 4403.59
24627, 4400
24628, 4396.41
24629, 4400.51
24630, 4394.87
24631, 4392.31
24632, 4394.36
24633, 4394.87
24634, 4399.49
24635, 4395.9
24636, 4398.46
24637, 4408.72
24638, 4404.62
24639, 4395.9
24640, 4395.9
24641, 4400.51
24642, 4392.31
24643, 4384.62
24644, 4396.41, estimuli
24645, 4401.03
24646, 4396.41
24647, 4396.41
24648, 4397.44
24649, 4398.97
24650, 4394.87
24651, 4393.33
24652, 4396.92
24653, 4398.97
24654, 4409.74
24655, 4406.67
24656, 4390.26
24657, 4392.31
24658, 4397.95
24659, 4396.41
24660, 4393.85
24661, 4391.28
24662, 4395.38
24663, 4394.87
24664, 4390.77
24665, 4395.38
24666, 4405.13
24667, 4406.15
24668, 4397.95
24669, 4400.51
24670, 4405.13
24671, 4396.92
24672, 4393.33
24673, 4394.87
24674, 4398.46
24675, 4399.49
24676, 4384.1
24677, 4371.79
24678, 4374.87
24679, 4385.13
24680, 4384.62
24681, 4364.1
24682, 4354.36
24683, 4355.38
24684, 4348.72
24685, 4349.74
24686, 4355.38
24687, 4365.64
24688, 4375.9
24689, 4370.77
24690, 4367.69
24691, 4370.77
24692, 4371.79
24693, 4370.26
24694, 4367.18
24695, 4368.21
24696, 4367.69
24697, 4372.31
24698, 4380
24699, 4377.95
24700, 4380
24701, 4384.1
24702, 4377.44
24703, 4370.26
24704, 4368.72
24705, 4374.36
24706, 4374.87
24707, 4375.9
24708, 4383.59
24709, 4372.31
24710, 4367.18
24711, 4386.15
24712, 4392.82
24713, 4381.54
24714, 4374.36
24715, 4384.1
24716, 4391.79
24717, 4386.15
24718, 4387.69
24719, 4387.18
24720, 4385.13
24721, 4389.74
24722, 4391.79
24723, 4397.95
24724, 4392.82
24725, 4383.08
24726, 4390.26
24727, 4394.87
24728, 4394.87
24729, 4394.87
24730, 4392.82
24731, 4396.92
24732, 4388.72
24733, 4390.77
24734, 4442.56
24735, 4473.85
24736, 4409.23
24737, 4311.79
24738, 4289.74
24739, 4332.31
24740, 4392.31
24741, 4466.67
24742, 4507.18
24743, 4478.46
24744, 4440
24745, 4399.49
24746, 4302.05
24747, 4244.62
24748, 4310.77
24749, 4404.62
24750, 4481.03
24751, 4540.51
24752, 4503.08
24753, 4390.77
24754, 4296.41
24755, 4260.51
24756, 4313.33
24757, 4406.67
24758, 4488.72
24759, 4546.15
24760, 4501.54
24761, 4386.67
24762, 4302.05
24763, 4275.38
24764, 4313.33
24765, 4390.77
24766, 4485.64
24767, 4549.23
24768, 4494.87
24769, 4382.56
24770, 4301.03
24771, 4266.67
24772, 4308.21
24773, 4397.44
24774, 4486.15
24775, 4534.36
24776, 4492.31
24777, 4392.31
24778, 4298.46
24779, 4265.64
24780, 4319.49
24781, 4413.85
24782, 4494.87
24783, 4525.64
24784, 4487.18
24785, 4400.51
24786, 4307.69
24787, 4270.77
24788, 4320.51
24789, 4416.41
24790, 4501.03
24791, 4527.18
24792, 4474.87
24793, 4384.1
24794, 4310.77
24795, 4280
24796, 4313.33
24797, 4406.15
24798, 4490.77
24799, 4518.46
24800, 4480.51
24801, 4391.79
24802, 4317.95
24803, 4294.36
24804, 4320.51
24805, 4407.18
24806, 4497.95
24807, 4517.95
24808, 4462.05
24809, 4380.51
24810, 4314.87
24811, 4283.08
24812, 4317.44
24813, 4406.67
24814, 4488.21
24815, 4522.56
24816, 4481.54
24817, 4392.82
24818, 4318.97
24819, 4284.1
24820, 4314.36
24821, 4397.95
24822, 4480
24823, 4516.41
24824, 4471.79
24825, 4385.64
24826, 4315.38
24827, 4287.69
24828, 4328.72
24829, 4406.67
24830, 4480.51
24831, 4514.36
24832, 4467.18
24833, 4382.05
24834, 4311.28
24835, 4285.64
24836, 4325.13
24837, 4402.56
24838, 4479.49
24839, 4511.28
24840, 4474.87
24841, 4392.31
24842, 4313.33
24843, 4296.92
24844, 4336.92
24845, 4400.51
24846, 4480.51
24847, 4517.95
24848, 4465.64
24849, 4377.95
24850, 4315.38
24851, 4298.97
24852, 4331.28
24853, 4404.1
24854, 4480
24855, 4510.26
24856, 4475.38
24857, 4388.72
24858, 4306.67
24859, 4281.54
24860, 4319.49
24861, 4406.15
24862, 4472.31
24863, 4455.9
24864, 4404.1
24865, 4394.87
24866, 4407.69
24867, 4392.31
24868, 4390.77
24869, 4414.36
24870, 4402.05
24871, 4386.67
24872, 4401.03
24873, 4404.62
24874, 4394.87
24875, 4386.67
24876, 4398.97
24877, 4416.41
24878, 4402.05
24879, 4392.82
24880, 4406.15
24881, 4406.15
24882, 4387.69
24883, 4382.56
24884, 4397.95
24885, 4406.15
24886, 4396.92
24887, 4394.36
24888, 4396.41
24889, 4397.44
24890, 4398.46
24891, 4398.97
24892, 4401.03
24893, 4395.38
24894, 4397.44
24895, 4406.67
24896, 4404.62
24897, 4402.05
24898, 4396.41
24899, 4395.38
24900, 4398.97
24901, 4394.87
24902, 4395.9
24903, 4398.97
24904, 4395.9
24905, 4396.92
24906, 4398.46
24907, 4396.92
24908, 4397.95
24909, 4402.05
24910, 4399.49
24911, 4389.23
24912, 4394.87
24913, 4402.56
24914, 4402.05
24915, 4407.18
24916, 4398.97
24917, 4388.72
24918, 4392.82
24919, 4393.85
24920, 4394.87
24921, 4397.44
24922, 4405.64
24923, 4412.82
24924, 4399.49
24925, 4389.74
24926, 4397.44
24927, 4403.08
24928, 4397.95
24929, 4390.77
24930, 4397.44
24931, 4401.54
24932, 4397.95
24933, 4399.49
24934, 4400
24935, 4402.56
24936, 4397.95
24937, 4396.92
24938, 4408.72
24939, 4402.05
24940, 4389.23
24941, 4396.92
24942, 4403.59
24943, 4400.51
24944, 4397.44
24945, 4398.97
24946, 4394.87
24947, 4385.13
24948, 4389.23
24949, 4398.46
24950, 4402.05
24951, 4408.21
24952, 4405.64
24953, 4397.95
24954, 4393.33
24955, 4392.82
24956, 4396.92
24957, 4393.33
24958, 4392.31
24959, 4398.97
24960, 4398.97
24961, 4395.38
24962, 4392.31
24963, 4395.9
24964, 4394.87
24965, 4392.82
24966, 4408.21
24967, 4406.67
24968, 4386.67
24969, 4390.77
24970, 4399.49
24971, 4397.95
24972, 4400.51
24973, 4404.1
24974, 4394.36
24975, 4386.15
24976, 4397.44
24977, 4404.1
24978, 4405.13
24979, 4413.85
24980, 4407.18
24981, 4396.92
24982, 4394.36
24983, 4389.23
24984, 4391.28
24985, 4395.9
24986, 4395.38
24987, 4391.79
24988, 4390.26
24989, 4395.38
24990, 4396.41
24991, 4392.82
24992, 4394.87
24993, 4395.9
24994, 4396.41
24995, 4394.87
24996, 4395.38
24997, 4398.97
24998, 4391.79
24999, 4391.79
25000, 4396.92
25001, 4391.79
25002, 4388.72
25003, 4390.26
25004, 4391.79
25005, 4389.74
25006, 4390.77
25007, 4400.51
25008, 4395.9
25009, 4390.26
25010, 4397.95
25011, 4395.38
25012, 4390.26
25013, 4388.21
25014, 4388.72
25015, 4394.87
25016, 4393.85
25017, 4392.82
25018, 4392.31
25019, 4393.85
25020, 4398.46
25021, 4392.82
25022, 4390.26
25023, 4394.36
25024, 4391.79
25025, 4390.26
25026, 4391.28
25027, 4395.38
25028, 4394.36
25029, 4390.77
25030, 4396.41
25031, 4396.41
25032, 4394.87
25033, 4400.51
25034, 4400.51
25035, 4395.9
25036, 4381.54
25037, 4375.38
25038, 4381.54
25039, 4367.69
25040, 4360
25041, 4366.67
25042, 4356.41
25043, 4347.69
25044, 4357.95
25045, 4364.62
25046, 4358.46
25047, 4363.08
25048, 4378.46
25049, 4382.05
25050, 4382.05
25051, 4381.54
25052, 4376.92
25053, 4378.46
25054, 4375.9
25055, 4376.41
25056, 4382.05
25057, 4377.44
25058, 4377.95
25059, 4383.08
25060, 4386.15
25061, 4390.77
25062, 4387.69
25063, 4381.54
25064, 4377.44
25065, 4375.38
25066, 4379.49
25067, 4381.54
25068, 4383.08
25069, 4384.1
25070, 4388.72
25071, 4392.31
25072, 4383.59
25073, 4386.15
25074, 4391.28
25075, 4380.51
25076, 4382.05
25077, 4394.36
25078, 4397.95
25079, 4390.26
25080, 4385.64
25081, 4396.41
25082, 4396.92
25083, 4388.21
25084, 4393.33
25085, 4394.87
25086, 4393.85
25087, 4398.97
25088, 4398.97
25089, 4392.31
25090, 4387.18
25091, 4390.77
25092, 4392.82
25093, 4392.82
25094, 4394.36
25095, 4388.72
25096, 4389.74
25097, 4391.28
25098, 4384.62
25099, 4393.33
25100, 4400.51
25101, 4392.31
25102, 4389.74
25103, 4396.92
25104, 4403.08
25105, 4395.9
25106, 4391.79
25107, 4396.92
25108, 4392.82
25109, 4392.31
25110, 4399.49
25111, 4401.54
25112, 4401.03
25113, 4399.49
25114, 4396.92
25115, 4394.87
25116, 4402.05
25117, 4402.05
25118, 4387.18
25119, 4417.95
25120, 4468.72
25121, 4433.85
25122, 4342.56
25123, 4294.87
25124, 4316.41
25125, 4375.9
25126, 4446.67
25127, 4497.44
25128, 4488.21
25129, 4450.26
25130, 4421.54
25131, 4333.85
25132, 4248.21
25133, 4288.72
25134, 4385.64
25135, 4469.74
25136, 4533.33
25137, 4518.46
25138, 4421.03
25139, 4314.87
25140, 4260
25141, 4286.67
25142, 4375.9
25143, 4476.41
25144, 4545.64
25145, 4523.08
25146, 4411.79
25147, 4308.21
25148, 4265.13
25149, 4293.85
25150, 4375.9
25151, 4461.54
25152, 4532.82
25153, 4527.69
25154, 4423.08
25155, 4315.38
25156, 4263.08
25157, 4289.23
25158, 4379.49
25159, 4467.69
25160, 4527.69
25161, 4516.41
25162, 4421.54
25163, 4323.59
25164, 4272.31
25165, 4291.28
25166, 4374.36
25167, 4468.21
25168, 4534.36
25169, 4516.41
25170, 4422.56
25171, 4324.62
25172, 4267.18
25173, 4292.31
25174, 4377.44
25175, 4468.21
25176, 4526.15
25177, 4502.56
25178, 4413.85
25179, 4324.1
25180, 4278.46
25181, 4302.05
25182, 4378.97
25183, 4466.67
25184, 4515.9
25185, 4491.28
25186, 4411.28
25187, 4322.56
25188, 4279.49
25189, 4304.62
25190, 4380
25191, 4469.23
25192, 4511.28
25193, 4486.15
25194, 4419.49
25195, 4332.31
25196, 4278.46
25197, 4308.72
25198, 4393.33
25199, 4464.62
25200, 4495.9
25201, 4487.18
25202, 4418.97
25203, 4327.69
25204, 4286.67
25205, 4311.79
25206, 4387.69
25207, 4474.87
25208, 4516.92
25209, 4490.26
25210, 4412.82
25211, 4332.31
25212, 4290.77
25213, 4316.92
25214, 4393.33
25215, 4468.21
25216, 4515.38
25217, 4502.56
25218, 4425.13
25219, 4340.51
25220, 4291.28
25221, 4309.74
25222, 4388.21
25223, 4474.87
25224, 4526.15
25225, 4499.49
25226, 4413.85
25227, 4338.46
25228, 4297.95
25229, 4317.44
25230, 4394.36
25231, 4477.44
25232, 4524.1
25233, 4497.44
25234, 4416.41
25235, 4335.9
25236, 4291.79
25237, 4316.41
25238, 4391.28
25239, 4472.82
25240, 4518.97
25241, 4489.74
25242, 4414.87
25243, 4342.05
25244, 4299.49
25245, 4314.87
25246, 4390.77
25247, 4470.26
25248, 4474.87
25249, 4426.67
25250, 4411.28
25251, 4414.36
25252, 4401.03
25253, 4397.44
25254, 4405.64
25255, 4405.13
25256, 4400.51
25257, 4407.69
25258, 4408.72
25259, 4398.97
25260, 4404.1
25261, 4409.23
25262, 4404.1
25263, 4401.54
25264, 4401.54
25265, 4405.13
25266, 4406.15
25267, 4405.64
25268, 4406.15
25269, 4405.64
25270, 4409.74
25271, 4411.28
25272, 4408.21
25273, 4409.74
25274, 4404.62
25275, 4402.56
25276, 4404.62
25277, 4403.08
25278, 4409.23
25279, 4408.72
25280, 4400.51
25281, 4403.59
25282, 4407.69
25283, 4410.26
25284, 4408.21
25285, 4406.67
25286, 4406.67
25287, 4405.13
25288, 4405.64
25289, 4402.56
25290, 4402.05
25291, 4410.26
25292, 4409.23
25293, 4404.62
25294, 4404.1
25295, 4402.05
25296, 4403.59
25297, 4404.62
25298, 4403.59
25299, 4400.51
25300, 4398.46
25301, 4405.13
25302, 4405.13
25303, 4404.1
25304, 4404.1
25305, 4394.87
25306, 4394.87
25307, 4400
25308, 4402.56
25309, 4403.08
25310, 4397.95
25311, 4402.56
25312, 4410.26
25313, 4406.67
25314, 4400
25315, 4403.59
25316, 4412.31
25317, 4403.59
25318, 4390.77
25319, 4396.92
25320, 4401.03
25321, 4401.03
25322, 4398.97
25323, 4391.79
25324, 4397.44
25325, 4399.49
25326, 4392.82
25327, 4392.82
25328, 4397.44
25329, 4401.03
25330, 4389.74
25331, 4382.56
25332, 4396.41
25333, 4402.05
25334, 4395.38
25335, 4394.36
25336, 4396.92
25337, 4397.44
25338, 4391.79
25339, 4392.82
25340, 4395.38
25341, 4393.33
25342, 4394.36
25343, 4393.33
25344, 4395.38
25345, 4395.38
25346, 4393.85
25347, 4403.59
25348, 4402.56
25349, 4391.28
25350, 4388.72
25351, 4393.33
25352, 4397.95
25353, 4396.92
25354, 4401.54
25355, 4407.18
25356, 4397.95
25357, 4392.82
25358, 4394.87
25359, 4393.85
25360, 4397.95
25361, 4397.95
25362, 4395.9
25363, 4398.97
25364, 4396.41
25365, 4392.31
25366, 4391.79
25367, 4396.41
25368, 4395.9
25369, 4390.26
25370, 4394.87
25371, 4400
25372, 4401.54
25373, 4401.03
25374, 4394.87
25375, 4400
25376, 4402.05
25377, 4393.85
25378, 4394.36
25379, 4396.41
25380, 4402.56
25381, 4405.64
25382, 4395.9
25383, 4385.13
25384, 4387.69
25385, 4397.95
25386, 4396.92
25387, 4397.44
25388, 4408.21
25389, 4401.03
25390, 4390.77
25391, 4393.85
25392, 4392.31
25393, 4393.85
25394, 4397.95
25395, 4395.9
25396, 4395.38
25397, 4396.92
25398, 4396.92
25399, 4394.36
25400, 4402.05
25401, 4405.64
25402, 4391.79
25403, 4393.33
25404, 4400.51
25405, 4395.38
25406, 4397.95
25407, 4404.62
25408, 4405.13
25409, 4398.46
25410, 4390.26
25411, 4394.87
25412, 4400
25413, 4399.49
25414, 4398.97
25415, 4404.1
25416, 4409.74
25417, 4402.56
25418, 4403.08
25419, 4408.21
25420, 4398.97
25421, 4402.56
25422, 4407.69
25423, 4391.79
25424, 4384.62
25425, 4395.9
25426, 4404.62
25427, 4402.56
25428, 4402.05
25429, 4406.67
25430, 4404.62
25431, 4403.08
25432, 4405.64
25433, 4408.21
25434, 4408.72
25435, 4398.97
25436, 4399.49
25437, 4409.74
25438, 4401.54
25439, 4394.87
25440, 4401.54
25441, 4406.67
25442, 4404.1
25443, 4400.51
25444, 4409.74
25445, 4413.33
25446, 4405.13
25447, 4403.08
25448, 4403.08
25449, 4406.15
25450, 4403.08
25451, 4395.38
25452, 4397.95
25453, 4402.56
25454, 4407.18
25455, 4409.74
25456, 4405.64
25457, 4404.1
25458, 4409.74
25459, 4413.85
25460, 4409.23
25461, 4405.13
25462, 4408.72
25463, 4401.54
25464, 4394.87
25465, 4402.56
25466, 4402.56
25467, 4402.56
25468, 4408.72
25469, 4407.69
25470, 4400
25471, 4400.51
25472, 4415.38
25473, 4412.31
25474, 4399.49
25475, 4403.59
25476, 4406.15
25477, 4406.15
25478, 4399.49
25479, 4391.79
25480, 4401.03
25481, 4406.15
25482, 4402.05
25483, 4404.62
25484, 4403.59
25485, 4403.59
25486, 4406.15
25487, 4405.64
25488, 4409.23
25489, 4412.31
25490, 4407.69
25491, 4394.87
25492, 4392.31
25493, 4402.05
25494, 4402.56
25495, 4402.05
25496, 4400.51
25497, 4401.03
25498, 4406.67
25499, 4405.13
25500, 4406.15
25501, 4405.13
25502, 4398.97
25503, 4403.08
25504, 4405.64
25505, 4403.08
25506, 4407.69
25507, 4410.77
25508, 4410.77
25509, 4408.72
25510, 4408.72
25511, 4412.31
25512, 4405.13
25513, 4396.92
25514, 4397.95
25515, 4405.64
25516, 4408.21
25517, 4395.9
25518, 4394.36
25519, 4399.49
25520, 4402.05
25521, 4406.15
25522, 4401.03
25523, 4405.64
25524, 4417.44
25525, 4406.67
25526, 4395.38
25527, 4404.62
25528, 4411.28
25529, 4396.41
25530, 4387.18
25531, 4404.62
25532, 4411.79
25533, 4404.1
25534, 4400.51
25535, 4400.51
25536, 4405.13
25537, 4405.13
25538, 4401.03
25539, 4409.74
25540, 4412.82
25541, 4403.59
25542, 4400.51
25543, 4408.72
25544, 4407.18
25545, 4392.31
25546, 4393.85
25547, 4403.59
25548, 4397.95
25549, 4396.92
25550, 4402.05
25551, 4405.64
25552, 4406.15
25553, 4402.56
25554, 4404.1
25555, 4405.13
25556, 4402.05
25557, 4401.54
25558, 4399.49
25559, 4404.1
25560, 4409.23
25561, 4408.21
25562, 4407.69
25563, 4406.15
25564, 4407.18
25565, 4407.69
25566, 4403.59
25567, 4405.64
25568, 4405.64
25569, 4405.64
25570, 4408.72
25571, 4410.77
25572, 4408.72
25573, 4400
25574, 4401.54
25575, 4406.15
25576, 4396.92
25577, 4397.95
25578, 4403.08
25579, 4398.97
25580, 4401.54
25581, 4407.69
25582, 4409.74
25583, 4406.67
25584, 4407.69
25585, 4409.74
25586, 4401.03
25587, 4397.95
25588, 4400.51
25589, 4401.03
25590, 4406.67
25591, 4403.59
25592, 4394.87
25593, 4396.41
25594, 4400.51
25595, 4403.08
25596, 4404.1
25597, 4406.67
25598, 4412.82
25599, 4410.26
25600, 4396.92
25601, 4384.62
25602, 4396.92
25603, 4415.38
25604, 4405.64
25605, 4393.33
25606, 4391.79
25607, 4397.95
25608, 4407.18
25609, 4402.05
25610, 4402.05
25611, 4413.33
25612, 4410.26
25613, 4397.44
25614, 4394.87
25615, 4406.67
25616, 4408.72
25617, 4400.51
25618, 4404.62
25619, 4407.18
25620, 4403.08
25621, 4406.15
25622, 4407.69
25623, 4405.64
25624, 4403.59
25625, 4405.64
25626, 4411.28
25627, 4402.56
25628, 4394.87
25629, 4397.95
25630, 4401.54
25631, 4403.59
25632, 4401.54
25633, 4401.54
25634, 4401.54
25635, 4402.56
25636, 4404.62
25637, 4396.92
25638, 4398.97
25639, 4407.69
25640, 4406.67
25641, 4405.64
25642, 4402.56
25643, 4403.08
25644, 4409.23
25645, 4407.69
25646, 4404.1
25647, 4400.51
25648, 4402.05
25649, 4403.59
25650, 4397.44
25651, 4398.46
25652, 4404.62
25653, 4407.18
25654, 4409.74
25655, 4401.54
25656, 4394.36
25657, 4397.95
25658, 4395.9
25659, 4395.9
25660, 4398.46
25661, 4397.95
25662, 4395.9
25663, 4400.51
25664, 4411.79
25665, 4408.21
25666, 4403.08
25667, 4406.67
25668, 4405.64
25669, 4403.08
25670, 4400.51
25671, 4401.54
25672, 4406.67
25673, 4409.23
25674, 4410.77
25675, 4406.15
25676, 4402.56
25677, 4407.18
25678, 4405.13
25679, 4400.51
25680, 4395.9
25681, 4389.23
25682, 4401.03
25683, 4413.85
25684, 4406.67
25685, 4398.46
25686, 4403.59
25687, 4408.72
25688, 4401.54
25689, 4401.03
25690, 4406.67
25691, 4400
25692, 4398.97
25693, 4404.1
25694, 4408.72
25695, 4409.74
25696, 4400.51
25697, 4394.87
25698, 4396.92
25699, 4398.97
25700, 4397.44
25701, 4390.26
25702, 4390.77
25703, 4380
25704, 4357.44
25705, 4367.69
25706, 4382.56
25707, 4366.15
25708, 4348.72, estimuli
25709, 4349.23
25710, 4360.51
25711, 4363.59
25712, 4360.51
25713, 4372.31
25714, 4391.28
25715, 4396.92
25716, 4388.21
25717, 4386.67
25718, 4391.79
25719, 4393.33
25720, 4398.46
25721, 4393.85
25722, 4388.21
25723, 4398.97
25724, 4403.59
25725, 4395.9
25726, 4388.72
25727, 4392.82
25728, 4399.49
25729, 4391.28
25730, 4390.26
25731, 4397.44
25732, 4392.82
25733, 4392.82
25734, 4400
25735, 4402.05
25736, 4400
25737, 4402.05
25738, 4408.21
25739, 4408.72
25740, 4406.67
25741, 4402.56
25742, 4394.87
25743, 4403.08
25744, 4407.18
25745, 4396.41
25746, 4398.46
25747, 4400.51
25748, 4394.87
25749, 4393.33
25750, 4391.79
25751, 4394.87
25752, 4399.49
25753, 4401.03
25754, 4401.03
25755, 4398.46
25756, 4395.9
25757, 4394.36
25758, 4403.08
25759, 4412.31
25760, 4408.72
25761, 4405.13
25762, 4398.97
25763, 4396.92
25764, 4403.59
25765, 4402.05
25766, 4402.05
25767, 4407.18
25768, 4406.67
25769, 4405.64
25770, 4402.56
25771, 4399.49
25772, 4403.08
25773, 4407.69
25774, 4406.67
25775, 4398.97
25776, 4400.51
25777, 4407.69
25778, 4401.54
25779, 4406.67
25780, 4410.77
25781, 4404.62
25782, 4406.67
25783, 4401.54
25784, 4400.51
25785, 4413.33
25786, 4416.92
25787, 4406.67
25788, 4400.51
25789, 4402.56
25790, 4401.03
25791, 4403.59
25792, 4409.74
25793, 4404.1
25794, 4402.05
25795, 4412.31
25796, 4411.79
25797, 4394.36
25798, 4402.56
25799, 4452.31
25800, 4458.97
25801, 4383.59
25802, 4315.9
25803, 4307.18
25804, 4351.28
25805, 4424.62
25806, 4481.54
25807, 4502.05
25808, 4483.08
25809, 4450.26
25810, 4382.56
25811, 4271.28
25812, 4263.59
25813, 4357.44
25814, 4433.85
25815, 4510.77
25816, 4544.1
25817, 4475.38
25818, 4368.21
25819, 4283.08
25820, 4268.21
25821, 4341.54
25822, 4444.1
25823, 4526.67
25824, 4550.77
25825, 4480.51
25826, 4366.67
25827, 4280
25828, 4268.72
25829, 4341.03
25830, 4439.49
25831, 4514.87
25832, 4535.9
25833, 4475.9
25834, 4368.21
25835, 4284.1
25836, 4273.33
25837, 4342.05
25838, 4440
25839, 4515.38
25840, 4541.54
25841, 4477.44
25842, 4361.03
25843, 4283.59
25844, 4278.97
25845, 4342.56
25846, 4431.79
25847, 4503.59
25848, 4528.72
25849, 4467.18
25850, 4366.15
25851, 4297.95
25852, 4286.67
25853, 4345.64
25854, 4437.95
25855, 4509.74
25856, 4524.62
25857, 4464.62
25858, 4371.28
25859, 4297.95
25860, 4282.56
25861, 4341.54
25862, 4433.85
25863, 4511.28
25864, 4525.13
25865, 4458.46
25866, 4368.21
25867, 4301.03
25868, 4291.79
25869, 4349.74
25870, 4433.85
25871, 4504.62
25872, 4511.79
25873, 4446.67
25874, 4363.08
25875, 4299.49
25876, 4291.79
25877, 4352.31
25878, 4437.95
25879, 4500.51
25880, 4509.23
25881, 4457.44
25882, 4372.31
25883, 4306.67
25884, 4300
25885, 4350.77
25886, 4438.97
25887, 4507.69
25888, 4505.13
25889, 4447.18
25890, 4366.67
25891, 4301.03
25892, 4295.9
25893, 4350.77
25894, 4430.26
25895, 4497.95
25896, 4516.92
25897, 4459.49
25898, 4360
25899, 4295.38
25900, 4297.44
25901, 4353.33
25902, 4435.9
25903, 4503.59
25904, 4514.87
25905, 4455.38
25906, 4365.64
25907, 4304.62
25908, 4296.92
25909, 4349.23
25910, 4435.38
25911, 4498.97
25912, 4509.23
25913, 4451.79
25914, 4363.08
25915, 4302.05
25916, 4300.51
25917, 4355.9
25918, 4431.28
25919, 4498.97
25920, 4514.87
25921, 4447.69
25922, 4360
25923, 4307.18
25924, 4302.05
25925, 4352.82
25926, 4426.15
25927, 4467.69
25928, 4445.64
25929, 4405.13
25930, 4404.1
25931, 4410.77
25932, 4407.69
25933, 4406.15
25934, 4396.41
25935, 4398.46
25936, 4405.64
25937, 4402.05
25938, 4397.95
25939, 4395.9
25940, 4394.87
25941, 4395.9
25942, 4394.87
25943, 4400
25944, 4407.18
25945, 4407.18
25946, 4397.95
25947, 4394.87
25948, 4400.51
25949, 4401.03
25950, 4407.18
25951, 4407.69
25952, 4393.85
25953, 4395.38
25954, 4402.05
25955, 4403.08
25956, 4403.08
25957, 4398.97
25958, 4398.46
25959, 4398.97
25960, 4400
25961, 4402.56
25962, 4407.69
25963, 4407.69
25964, 4401.54
25965, 4404.62
25966, 4413.85
25967, 4405.13
25968, 4395.38
25969, 4400.51
25970, 4398.46
25971, 4387.69
25972, 4388.72
25973, 4402.05
25974, 4403.08
25975, 4399.49
25976, 4411.28
25977, 4410.77
25978, 4396.92
25979, 4395.9
25980, 4401.54
25981, 4401.54
25982, 4394.36
25983, 4400
25984, 4411.79
25985, 4401.03
25986, 4392.82
25987, 4400.51
25988, 4402.05
25989, 4397.44
25990, 4400
25991, 4407.69
25992, 4402.05
25993, 4395.9
25994, 4402.05
25995, 4403.59
25996, 4405.13
25997, 4404.1
25998, 4397.95
25999, 4398.46
26000, 4399.49
26001, 4400
26002, 4400
26003, 4398.97
26004, 4409.23
26005, 4413.33
26006, 4404.62
26007, 4400
26008, 4403.59
26009, 4407.18
26010, 4401.54
26011, 4390.77
26012, 4392.31
26013, 4397.44
26014, 4403.08
26015, 4403.59
26016, 4398.97
26017, 4403.59
26018, 4406.67
26019, 4404.62
26020, 4400
26021, 4392.82
26022, 4396.92
26023, 4400.51
26024, 4400
26025, 4402.05
26026, 4403.59
26027, 4403.08
26028, 4400.51
26029, 4401.54
26030, 4402.56
26031, 4400.51
26032, 4407.18
26033, 4410.77
26034, 4400.51
26035, 4392.31
26036, 4394.87
26037, 4399.49
26038, 4393.85
26039, 4391.79
26040, 4401.03
26041, 4397.95
26042, 4395.9
26043, 4407.18
26044, 4405.13
26045, 4397.95
26046, 4399.49
26047, 4400.51
26048, 4394.36
26049, 4391.28
26050, 4408.21
26051, 4412.82
26052, 4395.9
26053, 4388.72
26054, 4392.82
26055, 4398.46
26056, 4396.41
26057, 4397.95
26058, 4405.64
26059, 4403.59
26060, 4404.1
26061, 4406.67
26062, 4398.97
26063, 4390.26
26064, 4391.28
26065, 4398.46
26066, 4398.97
26067, 4390.77
26068, 4394.87
26069, 4401.03
26070, 4398.97
26071, 4402.05
26072, 4402.56
26073, 4398.46
26074, 4396.41
26075, 4396.92
26076, 4396.92
26077, 4392.82
26078, 4399.49
26079, 4406.67
26080, 4402.05
26081, 4394.87
26082, 4389.74
26083, 4397.44
26084, 4401.54
26085, 4396.92
26086, 4407.18
26087, 4412.82
26088, 4400
26089, 4388.21
26090, 4390.77
26091, 4397.44
26092, 4397.44
26093, 4402.05
26094, 4409.74
26095, 4404.62
26096, 4398.46
26097, 4398.46
26098, 4403.59
26099, 4404.1
26100, 4391.79
26101, 4389.23
26102, 4394.87
26103, 4398.97
26104, 4406.15
26105, 4401.03
26106, 4400.51
26107, 4409.74
26108, 4404.1
26109, 4388.72
26110, 4390.26
26111, 4403.59
26112, 4402.56
26113, 4398.97
26114, 4413.33
26115, 4415.9
26116, 4400
26117, 4389.23
26118, 4386.15
26119, 4394.36
26120, 4398.97
26121, 4396.41
26122, 4402.05
26123, 4403.08
26124, 4397.95
26125, 4397.95
26126, 4402.05
26127, 4400.51
26128, 4394.87
26129, 4404.1
26130, 4410.77
26131, 4401.54
26132, 4398.97
26133, 4400
26134, 4397.95
26135, 4397.44
26136, 4398.46
26137, 4402.05
26138, 4401.03
26139, 4400.51
26140, 4400
26141, 4395.9
26142, 4403.08
26143, 4409.23
26144, 4403.08
26145, 4397.44
26146, 4393.85
26147, 4397.44
26148, 4400
26149, 4394.87
26150, 4398.46
26151, 4398.97
26152, 4397.44
26153, 4404.1
26154, 4407.69
26155, 4401.54
26156, 4394.87
26157, 4398.97
26158, 4402.56
26159, 4396.41
26160, 4395.38
26161, 4398.97
26162, 4401.03
26163, 4400
26164, 4396.41
26165, 4397.95
26166, 4397.95
26167, 4399.49
26168, 4407.18
26169, 4406.15
26170, 4403.59
26171, 4401.54
26172, 4395.38
26173, 4396.41
26174, 4402.56
26175, 4405.64
26176, 4395.9
26177, 4384.62
26178, 4394.87
26179, 4404.62
26180, 4400
26181, 4400
26182, 4407.69
26183, 4413.33
26184, 4409.74
26185, 4408.72
26186, 4415.38
26187, 4414.87
26188, 4411.79
26189, 4407.18
26190, 4407.69
26191, 4412.31
26192, 4407.69
26193, 4405.13
26194, 4404.62
26195, 4401.03
26196, 4396.92
26197, 4390.26
26198, 4396.41
26199, 4403.59
26200, 4394.36
26201, 4393.85
26202, 4397.44
26203, 4395.9
26204, 4398.97
26205, 4398.46
26206, 4395.9
26207, 4396.41
26208, 4396.41
26209, 4397.44
26210, 4397.44
26211, 4399.49
26212, 4400
26213, 4402.05
26214, 4405.13
26215, 4400
26216, 4395.9
26217, 4396.41
26218, 4397.44
26219, 4400.51
26220, 4400.51
26221, 4405.13
26222, 4405.13
26223, 4393.85
26224, 4392.31
26225, 4395.9
26226, 4397.95
26227, 4401.54
26228, 4400.51
26229, 4397.44
26230, 4391.79
26231, 4392.82
26232, 4401.54
26233, 4396.92
26234, 4391.79
26235, 4397.95
26236, 4398.97
26237, 4391.79
26238, 4391.28
26239, 4405.64
26240, 4411.79
26241, 4401.03
26242, 4393.33
26243, 4394.36
26244, 4402.56
26245, 4406.15
26246, 4405.64
26247, 4408.21
26248, 4405.64
26249, 4407.18
26250, 4406.67
26251, 4393.33
26252, 4388.72
26253, 4392.82
26254, 4396.92
26255, 4402.05
26256, 4395.9
26257, 4396.41
26258, 4407.69
26259, 4403.59
26260, 4395.38
26261, 4397.44
26262, 4403.59
26263, 4396.41
26264, 4386.67
26265, 4394.36
26266, 4397.95
26267, 4394.36
26268, 4396.92
26269, 4397.95
26270, 4397.44
26271, 4396.92
26272, 4397.44
26273, 4395.38
26274, 4395.38
26275, 4402.05
26276, 4398.46
26277, 4389.23
26278, 4393.85
26279, 4398.97
26280, 4401.54
26281, 4399.49
26282, 4396.41
26283, 4402.05
26284, 4402.56
26285, 4398.97
26286, 4391.79
26287, 4390.77
26288, 4402.05
26289, 4398.97
26290, 4393.33
26291, 4396.92
26292, 4396.41
26293, 4397.95
26294, 4397.44
26295, 4395.9
26296, 4398.46
26297, 4396.41
26298, 4396.92
26299, 4403.08
26300, 4402.05
26301, 4392.82
26302, 4394.36
26303, 4412.82
26304, 4413.85
26305, 4397.44
26306, 4396.92
26307, 4398.97
26308, 4395.38
26309, 4390.77
26310, 4388.72
26311, 4397.95
26312, 4408.21
26313, 4410.26
26314, 4395.38
26315, 4383.59
26316, 4396.41
26317, 4404.62
26318, 4398.97
26319, 4400
26320, 4403.59
26321, 4397.95
26322, 4386.67
26323, 4387.18
26324, 4400
26325, 4397.95
26326, 4385.64
26327, 4378.46
26328, 4383.08
26329, 4395.9
26330, 4393.85
26331, 4378.97
26332, 4372.31
26333, 4383.08
26334, 4398.97
26335, 4392.31
26336, 4383.59
26337, 4387.69
26338, 4387.18
26339, 4384.1
26340, 4374.87
26341, 4367.69
26342, 4376.41
26343, 4384.1
26344, 4385.64
26345, 4387.69
26346, 4384.62
26347, 4377.44
26348, 4376.92
26349, 4384.1
26350, 4386.15
26351, 4383.59
26352, 4384.62
26353, 4382.56
26354, 4384.1
26355, 4389.23
26356, 4386.67
26357, 4382.56
26358, 4377.95
26359, 4380.51
26360, 4385.13
26361, 4381.03
26362, 4384.1
26363, 4387.18
26364, 4384.1
26365, 4378.46
26366, 4374.36
26367, 4383.08
26368, 4387.69
26369, 4386.67
26370, 4388.72
26371, 4383.08
26372, 4378.97
26373, 4382.56
26374, 4383.59
26375, 4387.18
26376, 4387.69
26377, 4384.62
26378, 4384.62
26379, 4384.1
26380, 4385.64
26381, 4385.64
26382, 4385.13
26383, 4388.72
26384, 4391.79
26385, 4390.77
26386, 4380.51
26387, 4380.51
26388, 4389.23
26389, 4386.15
26390, 4382.56
26391, 4384.1
26392, 4383.59
26393, 4383.08
26394, 4382.56
26395, 4389.23
26396, 4393.85
26397, 4392.31
26398, 4392.82
26399, 4387.18
26400, 4386.15
26401, 4389.74
26402, 4384.1
26403, 4383.59
26404, 4385.64
26405, 4383.59
26406, 4385.64
26407, 4385.64
26408, 4386.15
26409, 4392.31
26410, 4395.9
26411, 4390.26
26412, 4383.59
26413, 4387.18
26414, 4387.69
26415, 4383.59
26416, 4388.21
26417, 4390.77
26418, 4387.69
26419, 4385.13
26420, 4386.67
26421, 4389.74
26422, 4384.1
26423, 4386.67
26424, 4391.79
26425, 4383.08
26426, 4381.54
26427, 4388.72
26428, 4389.23
26429, 4382.56
26430, 4382.56
26431, 4391.28
26432, 4390.77
26433, 4390.26
26434, 4395.38
26435, 4391.28
26436, 4388.72
26437, 4383.08
26438, 4376.92
26439, 4391.28
26440, 4402.05
26441, 4392.82
26442, 4383.59
26443, 4386.67
26444, 4394.36
26445, 4386.67
26446, 4380
26447, 4385.64
26448, 4387.69
26449, 4388.21
26450, 4388.21
26451, 4381.54
26452, 4383.08
26453, 4392.31
26454, 4394.36
26455, 4390.77
26456, 4392.31
26457, 4387.69
26458, 4380
26459, 4387.69
26460, 4389.74
26461, 4386.67
26462, 4396.92
26463, 4395.9
26464, 4386.15
26465, 4386.15
26466, 4390.26
26467, 4391.79
26468, 4387.18
26469, 4386.67
26470, 4390.77
26471, 4389.23
26472, 4391.28
26473, 4401.03
26474, 4401.54
26475, 4390.26
26476, 4384.62
26477, 4391.28
26478, 4386.15
26479, 4376.92
26480, 4387.18
26481, 4388.72
26482, 4378.46
26483, 4379.49
26484, 4388.21
26485, 4390.77
26486, 4384.1
26487, 4390.77
26488, 4399.49
26489, 4394.87
26490, 4389.23
26491, 4385.13
26492, 4382.05
26493, 4380.51
26494, 4383.59
26495, 4393.33
26496, 4393.33
26497, 4391.28
26498, 4395.9
26499, 4389.23
26500, 4382.56
26501, 4385.13
26502, 4389.23
26503, 4392.31
26504, 4387.18
26505, 4387.69
26506, 4390.77
26507, 4387.69
26508, 4390.26
26509, 4390.77
26510, 4387.18
26511, 4383.59
26512, 4382.56
26513, 4387.18
26514, 4388.72
26515, 4391.79
26516, 4396.41
26517, 4393.33
26518, 4388.21
26519, 4383.59
26520, 4388.21
26521, 4391.28
26522, 4385.64
26523, 4388.72
26524, 4391.79
26525, 4384.62
26526, 4385.64
26527, 4391.79
26528, 4391.28
26529, 4386.15
26530, 4387.18
26531, 4390.26
26532, 4381.03
26533, 4378.97
26534, 4386.67
26535, 4388.72
26536, 4393.85
26537, 4392.31
26538, 4387.18
26539, 4385.13
26540, 4381.54
26541, 4387.69
26542, 4394.36
26543, 4393.85
26544, 4390.26
26545, 4386.15
26546, 4391.28
26547, 4391.28
26548, 4386.67
26549, 4390.26
26550, 4391.79
26551, 4381.54
26552, 4373.85
26553, 4378.97
26554, 4391.28
26555, 4395.9
26556, 4390.26
26557, 4384.1
26558, 4384.1
26559, 4391.28
26560, 4390.77
26561, 4387.69
26562, 4387.18
26563, 4378.97
26564, 4376.41
26565, 4379.49
26566, 4370.77
26567, 4362.05
26568, 4368.21
26569, 4372.31
26570, 4345.64
26571, 4324.1
26572, 4340.51
26573, 4354.36
26574, 4352.31
26575, 4356.41
26576, 4369.23
26577, 4379.49
26578, 4373.33
26579, 4367.69
26580, 4369.74
26581, 4365.13
26582, 4364.62
26583, 4368.21
26584, 4370.26
26585, 4374.36
26586, 4374.36
26587, 4374.87
26588, 4374.87
26589, 4374.87
26590, 4375.38
26591, 4372.31
26592, 4371.79
26593, 4372.82
26594, 4374.36
26595, 4377.44
26596, 4378.46
26597, 4384.1
26598, 4388.72
26599, 4383.59
26600, 4374.87
26601, 4371.79
26602, 4380
26603, 4382.05
26604, 4373.85
26605, 4378.97
26606, 4389.23
26607, 4387.69
26608, 4380
26609, 4374.36
26610, 4383.59
26611, 4389.23
26612, 4385.13
26613, 4390.26
26614, 4391.79
26615, 4390.77
26616, 4388.72
26617, 4385.13
26618, 4388.72
26619, 4391.79
26620, 4395.9
26621, 4396.92
26622, 4389.74
26623, 4391.28
26624, 4400
26625, 4398.97
26626, 4389.23
26627, 4384.62
26628, 4387.69
26629, 4386.67
26630, 4390.26
26631, 4395.9
26632, 4392.82
26633, 4393.33
26634, 4398.46
26635, 4404.1
26636, 4399.49
26637, 4384.1
26638, 4387.69
26639, 4398.97
26640, 4392.82
26641, 4392.82
26642, 4400
26643, 4398.46
26644, 4394.36
26645, 4395.38
26646, 4398.46
26647, 4392.31
26648, 4392.31
26649, 4400.51
26650, 4397.44
26651, 4400
26652, 4409.74
26653, 4402.05
26654, 4384.62
26655, 4383.59
26656, 4396.41
26657, 4394.87
26658, 4390.77
26659, 4396.92
26660, 4396.41
26661, 4392.31
26662, 4390.77
26663, 4392.82
26664, 4397.44
26665, 4393.85
26666, 4392.82
26667, 4395.38
26668, 4392.82
26669, 4393.33
26670, 4396.41
26671, 4395.9
26672, 4395.9
26673, 4395.38
26674, 4396.41
26675, 4393.33
26676, 4391.28
26677, 4394.36
26678, 4394.87
26679, 4404.62
26680, 4407.18
26681, 4390.77
26682, 4388.21
26683, 4398.97
26684, 4398.46
26685, 4380
26686, 4374.87
26687, 4392.31
26688, 4394.36
26689, 4390.26
26690, 4401.54
26691, 4409.74
26692, 4398.97
26693, 4383.08
26694, 4382.05
26695, 4390.77
26696, 4394.87
26697, 4390.77
26698, 4384.1
26699, 4389.23
26700, 4395.38
26701, 4391.79
26702, 4391.79
26703, 4394.36
26704, 4397.95
26705, 4402.56
26706, 4391.79
26707, 4382.05
26708, 4384.62
26709, 4389.23
26710, 4395.9
26711, 4394.87
26712, 4391.28
26713, 4392.82
26714, 4391.79
26715, 4390.26
26716, 4390.77
26717, 4393.33
26718, 4392.82
26719, 4390.26
26720, 4392.82
26721, 4390.77
26722, 4389.23
26723, 4391.28
26724, 4388.21
26725, 4393.85
26726, 4400.51
26727, 4395.38
26728, 4394.87
26729, 4399.49
26730, 4400.51
26731, 4397.95
26732, 4393.33
26733, 4387.18
26734, 4384.62
26735, 4393.85
26736, 4394.87
26737, 4385.64
26738, 4392.82
26739, 4400.51
26740, 4396.41
26741, 4394.36
26742, 4391.79
26743, 4392.82
26744, 4395.38
26745, 4392.82
26746, 4391.79
26747, 4395.38
26748, 4397.95
26749, 4390.26
26750, 4386.15
26751, 4393.33
26752, 4393.33
26753, 4392.82
26754, 4399.49
26755, 4402.05
26756, 4397.44
26757, 4387.18
26758, 4390.77
26759, 4405.13
26760, 4399.49
26761, 4388.72
26762, 4389.23
26763, 4394.36
26764, 4393.85
26765, 4392.31
26766, 4395.9
26767, 4392.31
26768, 4391.79
26769, 4396.92
26770, 4390.26
26771, 4388.72
26772, 4395.38
26773, 4393.33
26774, 4391.79
26775, 4395.38
26776, 4395.9
26777, 4389.23
26778, 4387.18
26779, 4391.79
26780, 4390.26
26781, 4388.72
26782, 4392.31
26783, 4391.79
26784, 4390.77
26785, 4391.79
26786, 4395.9
26787, 4398.97
26788, 4389.74
26789, 4384.1
26790, 4388.21
26791, 4387.18
26792, 4385.13
26793, 4388.21
26794, 4391.79
26795, 4388.72
26796, 4390.26
26797, 4398.46
26798, 4394.36
26799, 4391.28
26800, 4394.87
26801, 4395.38
26802, 4397.44
26803, 4390.77
26804, 4384.1
26805, 4383.59
26806, 4368.72
26807, 4350.77
26808, 4351.79
26809, 4357.95
26810, 4353.33
26811, 4344.62
26812, 4345.13
26813, 4352.31
26814, 4357.95
26815, 4360
26816, 4362.56
26817, 4378.46
26818, 4391.28
26819, 4385.64
26820, 4376.92
26821, 4367.69
26822, 4373.85
26823, 4385.13
26824, 4382.05
26825, 4381.03
26826, 4382.56
26827, 4385.64
26828, 4389.23
26829, 4385.13
26830, 4385.13
26831, 4385.64
26832, 4383.08
26833, 4379.49
26834, 4375.38
26835, 4377.44
26836, 4376.92
26837, 4376.41
26838, 4381.03
26839, 4380.51
26840, 4382.05
26841, 4389.74
26842, 4396.92
26843, 4397.95
26844, 4384.1
26845, 4377.95
26846, 4390.26
26847, 4388.72
26848, 4379.49
26849, 4383.59
26850, 4392.31
26851, 4390.26
26852, 4385.64
26853, 4387.69
26854, 4389.23
26855, 4389.23
26856, 4389.74
26857, 4387.69
26858, 4388.72
26859, 4392.31
26860, 4393.85
26861, 4390.77
26862, 4387.18
26863, 4396.92
26864, 4396.92
26865, 4384.62
26866, 4392.31
26867, 4396.92
26868, 4391.28
26869, 4400.51
26870, 4405.13
26871, 4394.87
26872, 4390.26
26873, 4395.9
26874, 4400.51
26875, 4400.51
26876, 4404.1
26877, 4401.54
26878, 4399.49
26879, 4401.03
26880, 4392.82
26881, 4388.21
26882, 4393.33
26883, 4394.36
26884, 4387.69
26885, 4388.21
26886, 4400.51
26887, 4404.1
26888, 4393.85
26889, 4389.74
26890, 4398.46
26891, 4406.15
26892, 4397.95
26893, 4390.77
26894, 4397.95
26895, 4392.82
26896, 4388.21
26897, 4394.87
26898, 4388.21
26899, 4387.18
26900, 4399.49
26901, 4401.54
26902, 4394.36
26903, 4391.28
26904, 4395.38
26905, 4395.38
26906, 4391.79
26907, 4397.44
26908, 4401.54
26909, 4396.92
26910, 4394.36
26911, 4395.9
26912, 4395.9
26913, 4392.31
26914, 4395.38
26915, 4398.46
26916, 4395.38
26917, 4397.44
26918, 4394.87
26919, 4392.82
26920, 4397.44
26921, 4394.87
26922, 4391.79
26923, 4397.95
26924, 4400.51
26925, 4393.85
26926, 4389.74
26927, 4394.87
26928, 4395.9
26929, 4394.87
26930, 4396.92
26931, 4391.79
26932, 4391.79
26933, 4395.38
26934, 4393.33
26935, 4395.38
26936, 4396.92
26937, 4400
26938, 4405.13
26939, 4403.08
26940, 4396.41
26941, 4390.26
26942, 4390.77
26943, 4395.9
26944, 4397.44
26945, 4398.46
26946, 4392.31
26947, 4386.15
26948, 4393.33
26949, 4391.79
26950, 4388.21
26951, 4402.56
26952, 4407.18
26953, 4392.31
26954, 4385.13
26955, 4392.31
26956, 4393.85
26957, 4392.31
26958, 4392.31
26959, 4388.72
26960, 4395.38
26961, 4400.51
26962, 4393.33
26963, 4397.95
26964, 4400.51
26965, 4391.79
26966, 4393.33
26967, 4395.9
26968, 4395.38
26969, 4395.9
26970, 4396.41
26971, 4396.41
26972, 4394.87
26973, 4394.87
26974, 4394.87
26975, 4394.87
26976, 4397.44
26977, 4393.33
26978, 4392.82
26979, 4402.56
26980, 4405.13
26981, 4398.97
26982, 4387.18
26983, 4389.23
26984, 4401.03
26985, 4394.87
26986, 4388.72
26987, 4397.95
26988, 4400.51
26989, 4389.74
26990, 4389.74
26991, 4396.41
26992, 4390.26
26993, 4390.26
26994, 4399.49
26995, 4395.38
26996, 4391.79
26997, 4396.92
26998, 4396.92
26999, 4399.49
27000, 4398.97
27001, 4394.36
27002, 4395.9
27003, 4396.92
27004, 4394.87
27005, 4388.21
27006, 4391.28
27007, 4405.13
27008, 4405.13
27009, 4396.41
27010, 4393.85
27011, 4392.82
27012, 4391.28
27013, 4391.79
27014, 4393.33
27015, 4391.79
27016, 4390.77
27017, 4396.41
27018, 4400
27019, 4398.97
27020, 4392.82
27021, 4392.31
27022, 4392.31
27023, 4379.49
27024, 4376.41
27025, 4376.41
27026, 4357.95
27027, 4356.41
27028, 4369.23
27029, 4358.46
27030, 4338.46
27031, 4340
27032, 4355.9
27033, 4361.54
27034, 4365.13
27035, 4378.46
27036, 4378.97
27037, 4367.69
27038, 4371.28
27039, 4387.69
27040, 4391.79
27041, 4378.46
27042, 4376.92
27043, 4387.18
27044, 4384.1
27045, 4371.28
27046, 4368.21
27047, 4380.51
27048, 4386.67
27049, 4382.56
27050, 4383.59
27051, 4383.59
27052, 4381.03
27053, 4374.87
27054, 4368.21
27055, 4374.36
27056, 4374.87
27057, 4369.23
27058, 4380.51
27059, 4387.18
27060, 4370.77
27061, 4352.82
27062, 4360
27063, 4383.59
27064, 4378.97
27065, 4363.59
27066, 4374.87
27067, 4385.64
27068, 4379.49
27069, 4375.38
27070, 4383.59
27071, 4390.77
27072, 4384.62
27073, 4374.36
27074, 4373.85
27075, 4388.72
27076, 4393.85
27077, 4387.69
27078, 4394.36
27079, 4393.85
27080, 4385.13
27081, 4387.18
27082, 4387.69
27083, 4383.08
27084, 4381.54
27085, 4385.13
27086, 4389.74
27087, 4391.28
27088, 4389.23
27089, 4388.72
27090, 4393.33
27091, 4397.44
27092, 4389.23
27093, 4381.03
27094, 4387.69
27095, 4390.26
27096, 4385.13
27097, 4385.13
27098, 4389.74
27099, 4388.21
27100, 4386.15
27101, 4397.44
27102, 4396.92
27103, 4388.21
27104, 4392.31
27105, 4391.79
27106, 4387.69
27107, 4390.26
27108, 4392.31
27109, 4392.31
27110, 4388.72
27111, 4388.21
27112, 4392.31
27113, 4391.28
27114, 4390.26
27115, 4390.26
27116, 4392.31
27117, 4395.9
27118, 4396.92
27119, 4396.92
27120, 4391.79
27121, 4387.69
27122, 4394.36
27123, 4397.44
27124, 4391.79
27125, 4387.69
27126, 4389.74
27127, 4392.82
27128, 4392.82
27129, 4398.46
27130, 4401.54
27131, 4395.9
27132, 4392.82
27133, 4391.28
27134, 4393.85
27135, 4397.44
27136, 4393.85
27137, 4395.9
27138, 4393.85
27139, 4384.62
27140, 4382.56
27141, 4390.26
27142, 4396.92
27143, 4393.85
27144, 4393.85
27145, 4398.46
27146, 4395.9
27147, 4394.36
27148, 4394.36
27149, 4391.28
27150, 4394.36
27151, 4393.33
27152, 4392.31
27153, 4397.44
27154, 4399.49
27155, 4400
27156, 4399.49
27157, 4401.03
27158, 4401.03
27159, 4397.95
27160, 4400
27161, 4401.03
27162, 4398.97
27163, 4398.46
27164, 4397.95
27165, 4400.51
27166, 4397.44
27167, 4395.38
27168, 4400.51
27169, 4398.97
27170, 4398.97
27171, 4401.03
27172, 4398.97
27173, 4398.97
27174, 4397.44
27175, 4398.46
27176, 4395.38
27177, 4385.64
27178, 4391.79
27179, 4401.54
27180, 4400
27181, 4400
27182, 4401.54
27183, 4400.51
27184, 4398.97
27185, 4398.97
27186, 4400.51
27187, 4401.03
27188, 4401.54
27189, 4401.54
27190, 4402.05
27191, 4402.56
27192, 4401.54
27193, 4405.13
27194, 4406.15
27195, 4407.18
27196, 4405.64
27197, 4394.36
27198, 4399.49
27199, 4411.28
27200, 4404.1
27201, 4396.92
27202, 4395.9
27203, 4395.38
27204, 4393.33
27205, 4390.26
27206, 4402.56
27207, 4413.85
27208, 4403.08
27209, 4393.85
27210, 4398.97
27211, 4401.54
27212, 4390.26
27213, 4384.62
27214, 4395.38
27215, 4401.54
27216, 4397.95
27217, 4395.38
27218, 4397.95
27219, 4399.49
27220, 4395.38
27221, 4397.44
27222, 4403.08
27223, 4403.08
27224, 4404.62
27225, 4406.67
27226, 4401.03
27227, 4395.9
27228, 4398.46
27229, 4402.56
27230, 4394.36
27231, 4392.31
27232, 4400
27233, 4398.97
27234, 4398.46
27235, 4402.05
27236, 4404.1
27237, 4404.62
27238, 4396.41
27239, 4393.85
27240, 4398.97
27241, 4397.95
27242, 4397.44
27243, 4399.49
27244, 4398.97
27245, 4397.95
27246, 4399.49
27247, 4400.51
27248, 4398.97
27249, 4403.08
27250, 4410.77
27251, 4408.72
27252, 4401.54
27253, 4393.33
27254, 4390.77
27255, 4396.92
27256, 4398.46
27257, 4400.51
27258, 4403.08
27259, 4400
27260, 4396.92
27261, 4396.92
27262, 4398.46
27263, 4398.46
27264, 4402.05
27265, 4411.28
27266, 4411.28
27267, 4401.54
27268, 4393.33
27269, 4392.82
27270, 4381.03
27271, 4350.77
27272, 4350.26
27273, 4378.46
27274, 4373.33
27275, 4353.85
27276, 4353.85, estimuli
27277, 4360.51
27278, 4369.74
27279, 4373.33
27280, 4371.79
27281, 4375.9
27282, 4386.15
27283, 4396.41
27284, 4394.87
27285, 4388.72
27286, 4385.64
27287, 4382.56
27288, 4381.03
27289, 4380.51
27290, 4384.62
27291, 4389.74
27292, 4392.82
27293, 4395.9
27294, 4392.82
27295, 4388.72
27296, 4390.77
27297, 4385.64
27298, 4378.97
27299, 4376.92
27300, 4378.46
27301, 4382.56
27302, 4386.67
27303, 4388.21
27304, 4385.13
27305, 4388.21
27306, 4392.31
27307, 4380
27308, 4374.36
27309, 4383.08
27310, 4384.62
27311, 4384.62
27312, 4387.18
27313, 4384.1
27314, 4380.51
27315, 4385.64
27316, 4394.36
27317, 4388.72
27318, 4384.1
27319, 4394.36
27320, 4395.9
27321, 4392.31
27322, 4392.31
27323, 4391.79
27324, 4387.69
27325, 4387.69
27326, 4395.38
27327, 4397.44
27328, 4399.49
27329, 4407.69
27330, 4403.08
27331, 4393.85
27332, 4396.41
27333, 4404.62
27334, 4408.21
27335, 4399.49
27336, 4392.82
27337, 4395.9
27338, 4398.97
27339, 4402.05
27340, 4404.62
27341, 4404.62
27342, 4402.56
27343, 4396.92
27344, 4396.92
27345, 4401.54
27346, 4401.54
27347, 4402.05
27348, 4405.64
27349, 4405.64
27350, 4400.51
27351, 4401.03
27352, 4402.05
27353, 4396.92
27354, 4397.95
27355, 4407.18
27356, 4410.77
27357, 4408.72
27358, 4404.62
27359, 4407.18
27360, 4408.21
27361, 4396.92
27362, 4395.38
27363, 4394.87
27364, 4389.23
27365, 4398.97
27366, 4401.54
27367, 4402.56
27368, 4442.05
27369, 4471.28
27370, 4417.44
27371, 4327.18
27372, 4298.46
27373, 4331.28
27374, 4395.38
27375, 4468.21
27376, 4499.49
27377, 4475.9
27378, 4437.95
27379, 4388.21
27380, 4296.92
27381, 4250.77
27382, 4318.97
27383, 4406.67
27384, 4480.51
27385, 4541.03
27386, 4510.77
27387, 4401.54
27388, 4301.03
27389, 4270.26
27390, 4322.05
27391, 4402.05
27392, 4484.1
27393, 4545.13
27394, 4508.21
27395, 4406.15
27396, 4312.82
27397, 4261.54
27398, 4308.72
27399, 4409.23
27400, 4493.33
27401, 4543.08
27402, 4503.08
27403, 4397.95
27404, 4306.15
27405, 4271.79
27406, 4317.44
27407, 4407.69
27408, 4489.74
27409, 4532.31
27410, 4496.92
27411, 4398.46
27412, 4303.08
27413, 4273.85
27414, 4323.59
27415, 4408.72
27416, 4491.79
27417, 4535.38
27418, 4494.87
27419, 4392.31
27420, 4304.1
27421, 4278.46
27422, 4321.03
27423, 4407.18
27424, 4489.23
27425, 4519.49
27426, 4480.51
27427, 4395.9
27428, 4315.38
27429, 4284.1
27430, 4321.03
27431, 4406.67
27432, 4485.64
27433, 4516.41
27434, 4479.49
27435, 4393.85
27436, 4317.44
27437, 4288.21
27438, 4322.05
27439, 4403.08
27440, 4478.46
27441, 4512.82
27442, 4481.03
27443, 4397.95
27444, 4321.54
27445, 4293.85
27446, 4331.28
27447, 4404.62
27448, 4472.31
27449, 4508.21
27450, 4478.46
27451, 4392.31
27452, 4312.31
27453, 4289.23
27454, 4332.82
27455, 4408.72
27456, 4481.03
27457, 4511.79
27458, 4474.36
27459, 4395.38
27460, 4317.95
27461, 4296.41
27462, 4340.51
27463, 4402.56
27464, 4473.33
27465, 4523.59
27466, 4476.92
27467, 4376.41
27468, 4309.23
27469, 4292.82
27470, 4329.74
27471, 4405.13
27472, 4488.21
27473, 4525.13
27474, 4480.51
27475, 4396.92
27476, 4326.15
27477, 4291.79
27478, 4321.03
27479, 4410.77
27480, 4489.74
27481, 4503.08
27482, 4462.56
27483, 4391.79
27484, 4318.97
27485, 4292.82
27486, 4330.26
27487, 4408.21
27488, 4484.62
27489, 4510.26
27490, 4468.21
27491, 4391.79
27492, 4325.64
27493, 4290.77
27494, 4316.41
27495, 4406.15
27496, 4470.26
27497, 4452.31
27498, 4409.74
27499, 4407.69
27500, 4416.92
27501, 4402.05
27502, 4391.79
27503, 4400.51
27504, 4396.41
27505, 4392.82
27506, 4404.1
27507, 4405.64
27508, 4393.33
27509, 4387.69
27510, 4397.95
27511, 4403.08
27512, 4395.9
27513, 4402.05
27514, 4404.1
27515, 4395.38
27516, 4396.92
27517, 4400.51
27518, 4395.38
27519, 4393.85
27520, 4404.1
27521, 4408.21
27522, 4396.92
27523, 4394.87
27524, 4398.97
27525, 4397.44
27526, 4398.46
27527, 4400
27528, 4410.26
27529, 4415.38
27530, 4395.9
27531, 4383.08
27532, 4390.26
27533, 4397.44
27534, 4394.87
27535, 4394.87
27536, 4406.15
27537, 4410.77
27538, 4401.03
27539, 4398.46
27540, 4403.08
27541, 4393.33
27542, 4381.54
27543, 4390.77
27544, 4397.44
27545, 4392.31
27546, 4395.9
27547, 4402.05
27548, 4397.44
27549, 4395.9
27550, 4397.44
27551, 4397.95
27552, 4396.41
27553, 4398.46
27554, 4404.62
27555, 4401.54
27556, 4402.56
27557, 4407.18
27558, 4398.46
27559, 4395.38
27560, 4396.92
27561, 4394.87
27562, 4396.41
27563, 4400
27564, 4400
27565, 4394.36
27566, 4398.97
27567, 4409.74
27568, 4402.56
27569, 4396.92
27570, 4407.18
27571, 4407.18
27572, 4392.82
27573, 4388.72
27574, 4396.41
27575, 4399.49
27576, 4394.36
27577, 4395.38
27578, 4398.97
27579, 4396.41
27580, 4389.23
27581, 4392.31
27582, 4406.67
27583, 4411.79
27584, 4405.13
27585, 4401.03
27586, 4397.44
27587, 4393.33
27588, 4386.67
27589, 4388.72
27590, 4400
27591, 4399.49
27592, 4397.44
27593, 4398.97
27594, 4396.41
27595, 4400
27596, 4400
27597, 4397.44
27598, 4402.05
27599, 4400.51
27600, 4394.87
27601, 4395.38
27602, 4399.49
27603, 4399.49
27604, 4396.92
27605, 4397.44
27606, 4396.92
27607, 4396.92
27608, 4397.44
27609, 4398.97
27610, 4406.67
27611, 4411.28
27612, 4402.56
27613, 4390.26
27614, 4390.77
27615, 4401.03
27616, 4398.97
27617, 4389.23
27618, 4394.87
27619, 4402.56
27620, 4398.97
27621, 4394.87
27622, 4394.87
27623, 4398.46
27624, 4397.44
27625, 4393.85
27626, 4398.46
27627, 4399.49
27628, 4396.92
27629, 4397.95
27630, 4397.44
27631, 4393.33
27632, 4392.82
27633, 4399.49
27634, 4398.97
27635, 4395.38
27636, 4399.49
27637, 4400.51
27638, 4405.13
27639, 4408.72
27640, 4398.97
27641, 4393.85
27642, 4400
27643, 4403.08
27644, 4396.41
27645, 4392.82
27646, 4397.44
27647, 4401.03
27648, 4404.1
27649, 4402.56
27650, 4393.33
27651, 4394.36
27652, 4397.95
27653, 4397.44
27654, 4403.59
27655, 4404.62
27656, 4398.46
27657, 4396.92
27658, 4398.97
27659, 4400.51
27660, 4398.46
27661, 4400
27662, 4402.56
27663, 4400.51
27664, 4400.51
27665, 4398.97
27666, 4405.13
27667, 4406.67
27668, 4393.33
27669, 4393.85
27670, 4401.03
27671, 4396.92
27672, 4395.9
27673, 4396.92
27674, 4397.44
27675, 4400.51
27676, 4401.54
27677, 4397.95
27678, 4397.44
27679, 4400
27680, 4397.44
27681, 4397.95
27682, 4404.62
27683, 4403.59
27684, 4402.05
27685, 4406.67
27686, 4407.69
27687, 4405.64
27688, 4403.08
27689, 4405.64
27690, 4407.18
27691, 4396.41
27692, 4388.72
27693, 4393.85
27694, 4406.67
27695, 4412.31
27696, 4394.87
27697, 4386.15
27698, 4397.95
27699, 4402.05
27700, 4396.92
27701, 4391.28
27702, 4397.44
27703, 4405.64
27704, 4397.44
27705, 4394.36
27706, 4401.54
27707, 4397.95
27708, 4392.82
27709, 4398.97
27710, 4398.46
27711, 4396.41
27712, 4410.77
27713, 4409.74
27714, 4389.74
27715, 4390.26
27716, 4399.49
27717, 4396.92
27718, 4395.9
27719, 4401.03
27720, 4410.26
27721, 4406.15
27722, 4387.69
27723, 4391.28
27724, 4405.13
27725, 4400
27726, 4390.26
27727, 4392.82
27728, 4399.49
27729, 4398.97
27730, 4398.97
27731, 4404.1
27732, 4406.67
27733, 4400
27734, 4393.33
27735, 4403.08
27736, 4411.79
27737, 4397.95
27738, 4382.56
27739, 4385.64
27740, 4400
27741, 4403.59
27742, 4394.87
27743, 4396.41
27744, 4400
27745, 4393.85
27746, 4394.87
27747, 4404.62
27748, 4409.74
27749, 4400.51
27750, 4391.28
27751, 4403.59
27752, 4408.21
27753, 4393.33
27754, 4389.74
27755, 4397.95
27756, 4398.97
27757, 4396.92
27758, 4399.49
27759, 4398.46
27760, 4396.41
27761, 4398.46
27762, 4398.46
27763, 4396.41
27764, 4397.44
27765, 4396.92
27766, 4397.44
27767, 4402.05
27768, 4402.05
27769, 4400
27770, 4397.95
27771, 4397.95
27772, 4396.41
27773, 4397.95
27774, 4410.26
27775, 4409.23
27776, 4400
27777, 4395.9
27778, 4390.77
27779, 4397.44
27780, 4402.56
27781, 4394.36
27782, 4394.87
27783, 4402.05
27784, 4400.51
27785, 4397.44
27786, 4402.56
27787, 4402.05
27788, 4395.38
27789, 4396.92
27790, 4397.44
27791, 4393.33
27792, 4395.9
27793, 4399.49
27794, 4397.44
27795, 4398.46
27796, 4398.97
27797, 4395.9
27798, 4394.36
27799, 4395.9
27800, 4394.87
27801, 4396.41
27802, 4408.72
27803, 4404.62
27804, 4388.72
27805, 4393.85
27806, 4400
27807, 4398.46
27808, 4400
27809, 4398.46
27810, 4395.9
27811, 4394.36
27812, 4395.9
27813, 4394.87
27814, 4394.36
27815, 4394.36
27816, 4392.31
27817, 4397.44
27818, 4398.46
27819, 4391.79
27820, 4393.33
27821, 4403.08
27822, 4410.26
27823, 4409.74
27824, 4407.18
27825, 4411.79
27826, 4414.87
27827, 4413.33
27828, 4411.79
27829, 4409.74
27830, 4415.9
27831, 4414.87
27832, 4399.49
27833, 4399.49
27834, 4408.21
27835, 4405.13
27836, 4402.05
27837, 4408.72
27838, 4409.23
27839, 4402.05
27840, 4407.18
27841, 4414.87
27842, 4409.74
27843, 4403.08
27844, 4398.46
27845, 4397.95
27846, 4402.05
27847, 4402.05
27848, 4405.13
27849, 4408.72
27850, 4408.21
27851, 4409.23
27852, 4408.21
27853, 4405.64
27854, 4404.1
27855, 4400
27856, 4394.36
27857, 4396.92
27858, 4410.26
27859, 4405.64
27860, 4387.69
27861, 4390.26
27862, 4397.44
27863, 4395.9
27864, 4398.46
27865, 4397.44
27866, 4393.33
27867, 4394.36
27868, 4394.87
27869, 4394.36
27870, 4396.92
27871, 4397.44
27872, 4393.33
27873, 4393.33
27874, 4395.9
27875, 4391.79
27876, 4392.82
27877, 4401.54
27878, 4400.51
27879, 4394.36
27880, 4395.9
27881, 4397.95
27882, 4392.82
27883, 4389.23
27884, 4395.38
27885, 4400
27886, 4400.51
27887, 4397.95
27888, 4389.23
27889, 4390.77
27890, 4394.87
27891, 4393.33
27892, 4394.36
27893, 4394.36
27894, 4394.36
27895, 4395.9
27896, 4402.56
27897, 4406.67
27898, 4401.03
27899, 4399.49
27900, 4396.92
27901, 4390.77
27902, 4396.41
27903, 4399.49
27904, 4390.26
27905, 4387.69
27906, 4397.44
27907, 4405.64
27908, 4397.95
27909, 4388.72
27910, 4394.36
27911, 4395.38
27912, 4393.33
27913, 4402.05
27914, 4406.67
27915, 4397.44
27916, 4390.77
27917, 4394.36
27918, 4393.85
27919, 4391.79
27920, 4392.82
27921, 4389.23
27922, 4389.74
27923, 4391.79
27924, 4393.33
27925, 4397.44
27926, 4394.36
27927, 4391.28
27928, 4394.87
27929, 4393.85
27930, 4393.85
27931, 4394.87
27932, 4393.85
27933, 4393.85
27934, 4394.87
27935, 4393.33
27936, 4387.18
27937, 4390.77
27938, 4400
27939, 4392.82
27940, 4390.77
27941, 4401.03
27942, 4398.97
27943, 4393.33
27944, 4393.33
27945, 4392.31
27946, 4387.18
27947, 4390.26
27948, 4396.92
27949, 4390.26
27950, 4388.21
27951, 4394.87
27952, 4390.26
27953, 4385.13
27954, 4389.74
27955, 4391.28
27956, 4393.85
27957, 4400.51
27958, 4396.41
27959, 4383.08
27960, 4383.59
27961, 4397.95
27962, 4401.54
27963, 4394.87
27964, 4385.13
27965, 4386.15
27966, 4401.03
27967, 4403.59
27968, 4395.9
27969, 4386.15
27970, 4383.59
27971, 4396.92
27972, 4397.95
27973, 4383.08
27974, 4382.05
27975, 4391.79
27976, 4397.95
27977, 4396.92
27978, 4392.82
27979, 4388.72
27980, 4385.13
27981, 4387.18
27982, 4389.23
27983, 4390.26
27984, 4393.33
27985, 4390.77
27986, 4389.23
27987, 4389.23
27988, 4389.23
27989, 4393.33
27990, 4393.85
27991, 4392.31
27992, 4391.28
27993, 4387.69
27994, 4391.79
27995, 4400
27996, 4398.46
27997, 4389.23
27998, 4383.08
27999, 4384.62
28000, 4387.18
28001, 4389.74
28002, 4391.79
28003, 4393.85
28004, 4396.41
28005, 4393.33
28006, 4388.72
28007, 4393.85
28008, 4396.92
28009, 4390.77
28010, 4388.72
28011, 4393.33
28012, 4393.85
28013, 4389.74
28014, 4394.36
28015, 4396.41
28016, 4388.21
28017, 4390.77
28018, 4394.36
28019, 4393.33
28020, 4391.79
28021, 4383.59
28022, 4389.74
28023, 4405.13
28024, 4396.41
28025, 4378.46
28026, 4380.51
28027, 4392.31
28028, 4389.74
28029, 4384.1
28030, 4386.67
28031, 4376.92
28032, 4370.77
28033, 4372.82
28034, 4358.46
28035, 4346.15
28036, 4347.18
28037, 4348.21
28038, 4348.72
28039, 4355.38
28040, 4358.46
28041, 4361.54
28042, 4374.87
28043, 4379.49
28044, 4371.79
28045, 4371.79
28046, 4377.95
28047, 4378.97
28048, 4375.38
28049, 4370.77
28050, 4378.46
28051, 4387.18
28052, 4377.95
28053, 4369.74
28054, 4371.79
28055, 4378.46
28056, 4377.95
28057, 4371.28
28058, 4371.79
28059, 4375.9
28060, 4382.05
28061, 4385.13
28062, 4378.97
28063, 4372.31
28064, 4368.21
28065, 4373.85
28066, 4382.05
28067, 4376.41
28068, 4364.62
28069, 4358.46
28070, 4368.72
28071, 4380.51
28072, 4375.9
28073, 4377.44
28074, 4386.67
28075, 4383.08
28076, 4381.54
28077, 4387.18
28078, 4384.1
28079, 4372.31
28080, 4373.33
28081, 4385.13
28082, 4380
28083, 4372.82
28084, 4382.05
28085, 4385.64
28086, 4378.46
28087, 4373.33
28088, 4376.41, estimuli
28089, 4383.59
28090, 4384.1
28091, 4383.08
28092, 4383.59
28093, 4381.54
28094, 4382.05
28095, 4382.05
28096, 4385.64
28097, 4389.23
28098, 4389.23
28099, 4386.15
28100, 4380.51
28101, 4384.62
28102, 4393.85
28103, 4400
28104, 4400
28105, 4382.05
28106, 4371.79
28107, 4390.26
28108, 4404.1
28109, 4393.33
28110, 4385.13
28111, 4396.92
28112, 4398.97
28113, 4380
28114, 4376.92
28115, 4390.77
28116, 4393.85
28117, 4387.18
28118, 4383.08
28119, 4388.21
28120, 4392.82
28121, 4390.77
28122, 4389.23
28123, 4386.15
28124, 4386.67
28125, 4389.74
28126, 4390.77
28127, 4390.77
28128, 4386.67
28129, 4388.72
28130, 4396.41
28131, 4396.41
28132, 4387.18
28133, 4374.87
28134, 4382.56
28135, 4400.51
28136, 4393.85
28137, 4380
28138, 4384.1
28139, 4390.26
28140, 4391.28
28141, 4390.77
28142, 4393.33
28143, 4395.38
28144, 4390.26
28145, 4388.72
28146, 4392.31
28147, 4392.31
28148, 4389.74
28149, 4391.79
28150, 4394.87
28151, 4386.67
28152, 4380
28153, 4390.26
28154, 4395.9
28155, 4388.21
28156, 4384.1
28157, 4396.92
28158, 4404.62
28159, 4387.18
28160, 4376.92
28161, 4385.64
28162, 4392.31
28163, 4392.82
28164, 4385.64
28165, 4382.56
28166, 4390.26
28167, 4399.49
28168, 4402.05
28169, 4391.79
28170, 4382.56
28171, 4385.64
28172, 4395.38
28173, 4398.97
28174, 4401.03
28175, 4423.59
28176, 4436.92
28177, 4387.18
28178, 4314.36
28179, 4288.21
28180, 4323.59
28181, 4393.33
28182, 4461.54
28183, 4491.79
28184, 4464.1
28185, 4431.28
28186, 4397.95
28187, 4286.67
28188, 4224.62
28189, 4307.69
28190, 4404.1
28191, 4478.97
28192, 4529.23
28193, 4484.1
28194, 4376.92
28195, 4281.54
28196, 4254.87
28197, 4314.36
28198, 4401.54
28199, 4479.49
28200, 4526.15
28201, 4482.05
28202, 4372.82
28203, 4281.54
28204, 4248.21
28205, 4292.31
28206, 4390.26
28207, 4482.05
28208, 4526.15
28209, 4481.03
28210, 4378.97
28211, 4295.9
28212, 4268.21
28213, 4307.18
28214, 4388.72
28215, 4470.77
28216, 4515.9
28217, 4479.49
28218, 4379.49
28219, 4289.23
28220, 4260
28221, 4310.26
28222, 4397.44
28223, 4475.38
28224, 4520.51
28225, 4472.82
28226, 4364.62
28227, 4292.31
28228, 4268.21
28229, 4304.1
28230, 4395.38
28231, 4480.51
28232, 4505.64
28233, 4460
28234, 4380
28235, 4302.05
28236, 4271.28
28237, 4314.87
28238, 4399.49
28239, 4483.08
28240, 4515.38
28241, 4462.05
28242, 4373.33
28243, 4298.46
28244, 4268.21
28245, 4315.38
28246, 4402.56
28247, 4468.72
28248, 4489.23
28249, 4452.82
28250, 4376.41
28251, 4302.56
28252, 4278.46
28253, 4317.44
28254, 4397.95
28255, 4477.95
28256, 4501.54
28257, 4455.38
28258, 4374.36
28259, 4302.05
28260, 4277.44
28261, 4317.44
28262, 4401.03
28263, 4474.36
28264, 4501.54
28265, 4474.36
28266, 4388.72
28267, 4299.49
28268, 4275.9
28269, 4320.51
28270, 4396.41
28271, 4466.15
28272, 4493.85
28273, 4461.03
28274, 4382.56
28275, 4304.1
28276, 4279.49
28277, 4323.59
28278, 4403.59
28279, 4473.85
28280, 4496.92
28281, 4452.82
28282, 4369.74
28283, 4302.05
28284, 4283.59
28285, 4325.64
28286, 4403.08
28287, 4475.9
28288, 4508.21
28289, 4459.49
28290, 4369.23
28291, 4303.59
28292, 4281.03
28293, 4324.62
28294, 4410.26
28295, 4477.44
28296, 4498.46
28297, 4455.38
28298, 4373.85
28299, 4307.18
28300, 4283.08
28301, 4321.03
28302, 4404.62
28303, 4464.1
28304, 4445.13
28305, 4397.44
28306, 4390.26
28307, 4394.87
28308, 4384.1
28309, 4383.59
28310, 4391.28
28311, 4393.33
28312, 4388.21
28313, 4386.15
28314, 4390.77
28315, 4389.74
28316, 4385.13
28317, 4388.21
28318, 4391.79
28319, 4388.72
28320, 4383.59
28321, 4394.87
28322, 4404.1
28323, 4387.69
28324, 4378.97
28325, 4389.74
28326, 4394.36
28327, 4389.23
28328, 4386.67
28329, 4387.18
28330, 4387.69
28331, 4393.33
28332, 4391.79
28333, 4377.95
28334, 4385.13
28335, 4397.44
28336, 4390.26
28337, 4385.64
28338, 4395.38
28339, 4403.08
28340, 4392.31
28341, 4381.54
28342, 4389.23
28343, 4391.79
28344, 4388.21
28345, 4392.31
28346, 4392.31
28347, 4392.31
28348, 4395.9
28349, 4387.69
28350, 4381.54
28351, 4393.33
28352, 4401.54
28353, 4389.74
28354, 4385.64
28355, 4392.31
28356, 4385.13
28357, 4383.59
28358, 4391.28
28359, 4390.26
28360, 4386.67
28361, 4387.18
28362, 4390.77
28363, 4387.69
28364, 4385.64
28365, 4392.31
28366, 4391.28
28367, 4391.79
28368, 4393.33
28369, 4390.26
28370, 4393.33
28371, 4389.23
28372, 4381.54
28373, 4388.21
28374, 4396.41
28375, 4393.85
28376, 4385.13
28377, 4383.59
28378, 4392.82
28379, 4400.51
28380, 4399.49
28381, 4389.74
28382, 4386.67
28383, 4391.79
28384, 4387.18
28385, 4377.44
28386, 4379.49
28387, 4389.23
28388, 4393.33
28389, 4387.18
28390, 4388.72
28391, 4393.33
28392, 4387.69
28393, 4386.67
28394, 4391.28
28395, 4394.87
28396, 4397.44
28397, 4394.36
28398, 4393.33
28399, 4394.36
28400, 4396.92
28401, 4394.36
28402, 4384.1
28403, 4386.15
28404, 4389.23
28405, 4384.62
28406, 4391.28
28407, 4395.38
28408, 4391.79
28409, 4392.31
28410, 4390.77
28411, 4388.72
28412, 4390.26
28413, 4391.28
28414, 4389.74
28415, 4390.77
28416, 4395.38
28417, 4389.23
28418, 4385.64
28419, 4390.26
28420, 4388.72
28421, 4389.23
28422, 4395.38
28423, 4396.41
28424, 4394.36
28425, 4396.92
28426, 4406.15
28427, 4398.46
28428, 4380.51
28429, 4381.03
28430, 4389.23
28431, 4392.82
28432, 4392.82
28433, 4391.28
28434, 4396.92
28435, 4397.95
28436, 4397.95
28437, 4399.49
28438, 4390.77
28439, 4385.64
28440, 4387.69
28441, 4390.77
28442, 4392.31
28443, 4394.36
28444, 4393.33
28445, 4384.1
28446, 4384.62
28447, 4393.33
28448, 4390.77
28449, 4388.72
28450, 4392.31
28451, 4391.79
28452, 4393.33
28453, 4393.85
28454, 4390.77
28455, 4390.26
28456, 4390.26
28457, 4392.31
28458, 4391.28
28459, 4390.77
28460, 4392.82
28461, 4388.72
28462, 4390.26
28463, 4389.23
28464, 4388.21
28465, 4392.82
28466, 4389.74
28467, 4393.33
28468, 4398.46
28469, 4391.79
28470, 4386.67
28471, 4387.69
28472, 4393.85
28473, 4394.87
28474, 4389.23
28475, 4389.23
28476, 4392.31
28477, 4393.85
28478, 4394.87
28479, 4395.38
28480, 4393.85
28481, 4389.74
28482, 4391.28
28483, 4393.85
28484, 4390.77
28485, 4392.82
28486, 4393.33
28487, 4391.79
28488, 4394.87
28489, 4397.44
28490, 4394.87
28491, 4379.49
28492, 4375.9
28493, 4393.85
28494, 4396.41
28495, 4391.28
28496, 4392.82
28497, 4389.74
28498, 4391.28
28499, 4391.79
28500, 4389.23
28501, 4393.33
28502, 4395.9
28503, 4396.92
28504, 4401.03
28505, 4402.05
28506, 4393.33
28507, 4386.15
28508, 4390.77
28509, 4394.87
28510, 4393.33
28511, 4391.28
28512, 4387.18
28513, 4388.21
28514, 4391.79
28515, 4393.33
28516, 4392.31
28517, 4389.23
28518, 4393.33
28519, 4394.87
28520, 4391.79
28521, 4394.87
28522, 4393.33
28523, 4395.38
28524, 4399.49
28525, 4391.79
28526, 4389.74
28527, 4393.33
28528, 4392.82
28529, 4391.79
28530, 4391.79
28531, 4396.92
28532, 4394.87
28533, 4387.69
28534, 4390.77
28535, 4391.28
28536, 4392.82
28537, 4398.97
28538, 4398.97
28539, 4391.28
28540, 4385.13
28541, 4389.74
28542, 4390.77
28543, 4392.82
28544, 4402.56
28545, 4391.79
28546, 4377.95
28547, 4387.18
28548, 4396.41
28549, 4389.74
28550, 4384.62
28551, 4393.33
28552, 4397.95
28553, 4389.74
28554, 4389.23
28555, 4390.26
28556, 4387.18
28557, 4392.31
28558, 4397.44
28559, 4397.44
28560, 4391.28
28561, 4386.15
28562, 4392.31
28563, 4392.82
28564, 4390.26
28565, 4393.33
28566, 4393.85
28567, 4391.79
28568, 4386.67
28569, 4390.26
28570, 4395.38
28571, 4387.69
28572, 4387.69
28573, 4398.46
28574, 4395.38
28575, 4384.1
28576, 4392.31
28577, 4403.59
28578, 4387.69
28579, 4382.05
28580, 4397.95
28581, 4395.38
28582, 4388.72
28583, 4394.36
28584, 4396.92
28585, 4398.97
28586, 4392.82
28587, 4382.56
28588, 4382.56
28589, 4385.64
28590, 4392.31
28591, 4392.31
28592, 4388.72
28593, 4394.36
28594, 4397.95
28595, 4390.77
28596, 4380
28597, 4386.15
28598, 4396.92
28599, 4391.28
28600, 4393.85
28601, 4401.03
28602, 4391.79
28603, 4383.59
28604, 4388.72
28605, 4397.95
28606, 4398.97
28607, 4392.31
28608, 4385.64
28609, 4385.13
28610, 4399.49
28611, 4405.64
28612, 4388.72
28613, 4382.05
28614, 4389.74
28615, 4395.38
28616, 4391.28
28617, 4387.18
28618, 4393.85
28619, 4394.36
28620, 4389.74
28621, 4394.36
28622, 4398.46
28623, 4396.41
28624, 4389.23
28625, 4387.18
28626, 4391.28
28627, 4392.82
28628, 4394.36
28629, 4393.33
28630, 4388.72
28631, 4387.69
28632, 4385.64
28633, 4387.69
28634, 4391.28
28635, 4390.26
28636, 4389.74
28637, 4386.15
28638, 4389.74
28639, 4396.92
28640, 4388.21
28641, 4381.03
28642, 4387.69
28643, 4390.26
28644, 4386.67
28645, 4386.67
28646, 4390.77
28647, 4389.23
28648, 4390.77
28649, 4401.03
28650, 4393.33
28651, 4381.54
28652, 4384.62
28653, 4393.85
28654, 4396.92
28655, 4388.72
28656, 4388.21
28657, 4390.77
28658, 4389.74
28659, 4392.82
28660, 4390.26
28661, 4386.67
28662, 4391.28
28663, 4394.87
28664, 4392.82
28665, 4388.72
28666, 4393.33
28667, 4403.08
28668, 4395.38
28669, 4384.1
28670, 4388.21
28671, 4393.33
28672, 4391.28
28673, 4386.67
28674, 4387.18
28675, 4387.69
28676, 4388.72
28677, 4393.85
28678, 4389.23
28679, 4386.15
28680, 4387.18
28681, 4384.62
28682, 4391.79
28683, 4392.82
28684, 4387.18
28685, 4391.79
28686, 4395.9
28687, 4392.82
28688, 4390.26
28689, 4391.28
28690, 4392.31
28691, 4392.31
28692, 4392.82
28693, 4392.31
28694, 4399.49
28695, 4405.13
28696, 4395.38
28697, 4390.26
28698, 4391.79
28699, 4385.64
28700, 4385.13
28701, 4388.21
28702, 4391.79
28703, 4395.38
28704, 4393.85
28705, 4400
28706, 4402.56
28707, 4393.85
28708, 4389.74
28709, 4393.33
28710, 4397.95
28711, 4393.85
28712, 4392.82
28713, 4393.33
28714, 4389.74
28715, 4392.31
28716, 4395.38
28717, 4394.36
28718, 4400
28719, 4400
28720, 4397.95
28721, 4397.95
28722, 4391.28
28723, 4387.18
28724, 4387.18
28725, 4390.26
28726, 4392.82
28727, 4388.72
28728, 4396.92
28729, 4404.62
28730, 4394.87
28731, 4385.64
28732, 4390.77
28733, 4399.49
28734, 4394.36
28735, 4391.79
28736, 4401.54
28737, 4400
28738, 4396.41
28739, 4398.46
28740, 4392.31
28741, 4384.62
28742, 4378.97
28743, 4371.79
28744, 4368.21
28745, 4370.26
28746, 4363.08
28747, 4342.05
28748, 4337.95, estimuli
28749, 4351.28
28750, 4354.36
28751, 4361.54
28752, 4375.9
28753, 4384.62
28754, 4386.67
28755, 4382.05
28756, 4381.03
28757, 4380
28758, 4378.97
28759, 4378.46
28760, 4373.85
28761, 4382.05
28762, 4394.36
28763, 4391.28
28764, 4384.62
28765, 4384.1
28766, 4390.77
28767, 4389.23
28768, 4380.51
28769, 4381.54
28770, 4381.03
28771, 4382.05
28772, 4393.33
28773, 4401.54
28774, 4405.13
28775, 4403.08
28776, 4397.95
28777, 4393.85
28778, 4390.26
28779, 4396.92
28780, 4401.54
28781, 4395.9
28782, 4392.82
28783, 4395.38
28784, 4406.15
28785, 4405.13
28786, 4393.85
28787, 4400
28788, 4403.59
28789, 4398.46
28790, 4400.51
28791, 4405.64
28792, 4406.15
28793, 4402.56
28794, 4401.03
28795, 4394.36
28796, 4391.28
28797, 4395.9
28798, 4392.31
28799, 4398.46
28800, 4417.95
28801, 4419.49
28802, 4412.31
28803, 4409.23
28804, 4402.56
28805, 4400
28806, 4404.1
28807, 4411.28
28808, 4413.85
28809, 4410.77
28810, 4410.26
28811, 4409.23
28812, 4411.28
28813, 4410.26
28814, 4406.67
28815, 4408.72
28816, 4405.64
28817, 4406.15
28818, 4405.13
28819, 4390.77
28820, 4391.28
28821, 4400.51
28822, 4397.95
28823, 4397.44
28824, 4403.08
28825, 4405.64
28826, 4398.46
28827, 4398.97
28828, 4411.28
28829, 4406.15
28830, 4392.82
28831, 4398.97
28832, 4404.62
28833, 4391.79
28834, 4404.62
28835, 4456.41
28836, 4452.82
28837, 4368.21
28838, 4309.74
28839, 4310.26
28840, 4344.1
28841, 4412.31
28842, 4480
28843, 4494.36
28844, 4459.49
28845, 4436.92
28846, 4383.59
28847, 4268.72
28848, 4253.85
28849, 4347.18
28850, 4432.82
28851, 4509.23
28852, 4533.33
28853, 4459.49
28854, 4352.82
28855, 4279.49
28856, 4281.03
28857, 4348.21
28858, 4427.69
28859, 4502.05
28860, 4527.69
28861, 4460.51
28862, 4349.74
28863, 4274.36
28864, 4283.59
28865, 4351.28
28866, 4425.64
28867, 4500
28868, 4528.72
28869, 4460
28870, 4352.31
28871, 4279.49
28872, 4274.87
28873, 4346.67
28874, 4438.97
28875, 4502.05
28876, 4519.49
28877, 4456.92
28878, 4352.31
28879, 4285.64
28880, 4283.08
28881, 4346.15
28882, 4433.85
28883, 4506.67
28884, 4524.62
28885, 4451.79
28886, 4349.23
28887, 4289.74
28888, 4286.67
28889, 4345.13
28890, 4433.33
28891, 4503.08
28892, 4512.31
28893, 4446.67
28894, 4353.85
28895, 4287.18
28896, 4283.59
28897, 4351.28
28898, 4436.92
28899, 4501.54
28900, 4511.28
28901, 4450.77
28902, 4365.64
28903, 4297.95
28904, 4291.79
28905, 4356.92
28906, 4443.59
28907, 4504.1
28908, 4500.51
28909, 4442.56
28910, 4364.1
28911, 4292.31
28912, 4288.72
28913, 4357.44
28914, 4434.87
28915, 4494.87
28916, 4506.15
28917, 4445.64
28918, 4359.49
28919, 4296.92
28920, 4291.79
28921, 4350.77
28922, 4439.49
28923, 4497.95
28924, 4498.46
28925, 4443.08
28926, 4356.92
28927, 4301.03
28928, 4304.62
28929, 4351.79
28930, 4426.15
28931, 4491.28
28932, 4501.54
28933, 4442.56
28934, 4354.36
28935, 4295.9
28936, 4294.87
28937, 4351.28
28938, 4436.41
28939, 4504.62
28940, 4513.85
28941, 4441.03
28942, 4343.08
28943, 4293.33
28944, 4298.97
28945, 4352.82
28946, 4432.82
28947, 4493.85
28948, 4504.1
28949, 4449.74
28950, 4360
28951, 4294.87
28952, 4297.95
28953, 4357.44
28954, 4424.62
28955, 4483.08
28956, 4501.54
28957, 4444.62
28958, 4363.08
28959, 4303.59
28960, 4290.77
28961, 4350.26
28962, 4437.44
28963, 4471.79
28964, 4434.87
28965, 4397.95
28966, 4400
28967, 4395.9
28968, 4389.74
28969, 4397.95
28970, 4398.46
28971, 4401.54
28972, 4399.49
28973, 4388.72
28974, 4388.72
28975, 4394.87
28976, 4398.46
28977, 4396.41
28978, 4396.41
28979, 4399.49
28980, 4396.92
28981, 4396.92
28982, 4398.46
28983, 4395.38
28984, 4397.44
28985, 4400.51
28986, 4397.44
28987, 4391.28
28988, 4393.33
28989, 4400
28990, 4401.54
28991, 4404.1
28992, 4404.62
28993, 4398.97
28994, 4397.44
28995, 4391.28
28996, 4387.69
28997, 4393.33
28998, 4397.44
28999, 4404.62
29000, 4401.54
29001, 4393.85
29002, 4399.49
29003, 4401.54
29004, 4401.54
29005, 4397.95
29006, 4393.85
29007, 4398.97
29008, 4398.46
29009, 4392.82
29010, 4394.36
29011, 4396.41
29012, 4396.41
29013, 4396.92
29014, 4396.41
29015, 4392.82
29016, 4394.87
29017, 4395.9
29018, 4389.74
29019, 4401.03
29020, 4408.21
29021, 4392.31
29022, 4393.85
29023, 4398.97
29024, 4393.85
29025, 4398.97
29026, 4398.46
29027, 4393.33
29028, 4394.36
29029, 4397.95
29030, 4399.49
29031, 4395.9
29032, 4396.41
29033, 4400
29034, 4398.46
29035, 4397.95
29036, 4396.41
29037, 4394.36
29038, 4395.9
29039, 4397.95
29040, 4401.54
29041, 4398.46
29042, 4392.82
29043, 4395.38
29044, 4397.44
29045, 4396.92
29046, 4400
29047, 4407.18
29048, 4407.18
29049, 4393.85
29050, 4391.28
29051, 4394.36
29052, 4394.87
29053, 4402.05
29054, 4403.08
29055, 4400.51
29056, 4396.92
29057, 4388.21
29058, 4388.21
29059, 4393.85
29060, 4398.97
29061, 4397.95
29062, 4392.31
29063, 4392.31
29064, 4392.82
29065, 4394.36
29066, 4397.44
29067, 4394.87
29068, 4396.41
29069, 4401.54
29070, 4402.05
29071, 4399.49
29072, 4394.87
29073, 4400
29074, 4401.54
29075, 4396.92
29076, 4397.95
29077, 4389.23
29078, 4392.31
29079, 4404.62
29080, 4399.49
29081, 4396.92
29082, 4400.51
29083, 4402.56
29084, 4399.49
29085, 4393.33
29086, 4394.36
29087, 4400.51
29088, 4401.54
29089, 4388.72
29090, 4378.46
29091, 4391.28
29092, 4403.08
29093, 4401.03
29094, 4397.44
29095, 4393.85
29096, 4396.92
29097, 4400.51
29098, 4397.95
29099, 4398.46
29100, 4399.49
29101, 4408.21
29102, 4411.79
29103, 4401.54
29104, 4399.49
29105, 4403.59
29106, 4406.67
29107, 4408.72
29108, 4407.18
29109, 4409.23
29110, 4408.21
29111, 4404.62
29112, 4408.72
29113, 4412.82
29114, 4409.74
29115, 4403.59
29116, 4408.21
29117, 4412.82
29118, 4401.54
29119, 4402.56
29120, 4413.85
29121, 4411.79
29122, 4404.62
29123, 4396.92
29124, 4404.62
29125, 4414.87
29126, 4401.54
29127, 4399.49
29128, 4413.33
29129, 4409.23
29130, 4394.87
29131, 4397.95
29132, 4409.74
29133, 4406.15
29134, 4403.59
29135, 4410.26
29136, 4408.21
29137, 4402.56
29138, 4401.54
29139, 4407.18
29140, 4409.74
29141, 4402.56
29142, 4402.56
29143, 4408.72
29144, 4407.18
29145, 4405.64
29146, 4404.62
29147, 4406.15
29148, 4407.69
29149, 4406.15
29150, 4409.23
29151, 4406.15
29152, 4407.69
29153, 4412.31
29154, 4408.21
29155, 4412.82
29156, 4416.41
29157, 4403.08
29158, 4399.49
29159, 4413.33
29160, 4422.05
29161, 4409.23
29162, 4401.54
29163, 4408.72
29164, 4407.18
29165, 4404.62
29166, 4406.15
29167, 4404.1
29168, 4400.51
29169, 4395.9
29170, 4402.05
29171, 4406.67
29172, 4402.05
29173, 4407.69
29174, 4405.13
29175, 4392.82
29176, 4399.49
29177, 4408.21
29178, 4401.03
29179, 4393.85
29180, 4403.59
29181, 4416.41
29182, 4410.77
29183, 4400
29184, 4396.92
29185, 4396.41
29186, 4394.87
29187, 4394.87
29188, 4408.21
29189, 4413.33
29190, 4403.59
29191, 4402.05
29192, 4406.15
29193, 4407.69
29194, 4400.51
29195, 4394.87
29196, 4405.13
29197, 4406.67
29198, 4400
29199, 4403.59
29200, 4406.67
29201, 4406.15
29202, 4403.08
29203, 4402.56
29204, 4405.13
29205, 4401.54
29206, 4401.54
29207, 4404.1
29208, 4406.15
29209, 4410.77
29210, 4407.69
29211, 4404.62
29212, 4402.05
29213, 4395.9
29214, 4401.03
29215, 4407.69
29216, 4404.1
29217, 4395.38
29218, 4395.9
29219, 4410.26
29220, 4410.26
29221, 4401.03
29222, 4401.54
29223, 4404.1
29224, 4406.15
29225, 4400.51
29226, 4397.44
29227, 4405.64
29228, 4404.62
29229, 4401.54
29230, 4403.59
29231, 4403.59
29232, 4402.05
29233, 4402.05
29234, 4405.13
29235, 4406.15
29236, 4408.21
29237, 4414.87
29238, 4405.64
29239, 4394.36
29240, 4400
29241, 4404.62
29242, 4401.54
29243, 4395.38
29244, 4402.05
29245, 4410.26
29246, 4408.72
29247, 4413.33
29248, 4406.67
29249, 4394.36
29250, 4402.56
29251, 4407.69
29252, 4402.56
29253, 4401.54
29254, 4405.13
29255, 4404.1
29256, 4401.54
29257, 4406.67
29258, 4406.15
29259, 4400
29260, 4404.62
29261, 4404.62
29262, 4398.97
29263, 4402.05
29264, 4409.23
29265, 4416.41
29266, 4407.69
29267, 4396.41
29268, 4399.49
29269, 4402.56
29270, 4405.64
29271, 4406.15
29272, 4406.67
29273, 4406.67
29274, 4403.08
29275, 4406.67
29276, 4405.64
29277, 4402.56
29278, 4409.23
29279, 4408.72
29280, 4403.59
29281, 4404.1
29282, 4403.59
29283, 4401.54
29284, 4398.46
29285, 4396.92
29286, 4398.97
29287, 4405.64
29288, 4408.21
29289, 4397.95
29290, 4393.85
29291, 4404.1
29292, 4411.79
29293, 4414.36
29294, 4406.67
29295, 4400.51
29296, 4403.08
29297, 4394.87
29298, 4400
29299, 4411.79
29300, 4398.97
29301, 4386.15
29302, 4389.74
29303, 4402.56
29304, 4411.79
29305, 4403.08
29306, 4394.87
29307, 4398.46
29308, 4402.56
29309, 4400.51
29310, 4402.56
29311, 4411.28
29312, 4405.13
29313, 4395.38
29314, 4397.95
29315, 4403.08
29316, 4407.18
29317, 4403.59
29318, 4397.44
29319, 4402.56
29320, 4406.67
29321, 4407.18
29322, 4402.05
29323, 4394.87
29324, 4396.92
29325, 4401.03
29326, 4404.1
29327, 4401.03
29328, 4401.03
29329, 4411.79
29330, 4405.13
29331, 4396.41
29332, 4403.59
29333, 4405.13
29334, 4400.51
29335, 4397.44
29336, 4403.59
29337, 4409.23
29338, 4401.03
29339, 4398.46
29340, 4399.49
29341, 4395.9
29342, 4396.92
29343, 4404.1
29344, 4410.77
29345, 4402.05
29346, 4391.79
29347, 4406.67
29348, 4417.95
29349, 4406.67
29350, 4391.79
29351, 4392.82
29352, 4405.13
29353, 4406.67
29354, 4404.1
29355, 4403.08
29356, 4398.97
29357, 4399.49
29358, 4401.54
29359, 4404.1
29360, 4405.64
29361, 4401.03
29362, 4402.56
29363, 4403.59
29364, 4398.46
29365, 4398.97
29366, 4399.49
29367, 4403.08
29368, 4407.18
29369, 4404.1
29370, 4401.03
29371, 4396.41
29372, 4397.95
29373, 4404.1
29374, 4406.67
29375, 4411.28
29376, 4409.74
29377, 4401.03
29378, 4393.85
29379, 4390.26
29380, 4395.9
29381, 4397.95
29382, 4398.97
29383, 4403.59
29384, 4401.03
29385, 4400.51
29386, 4402.56
29387, 4402.56
29388, 4399.49
29389, 4387.69
29390, 4387.69
29391, 4394.87
29392, 4382.56
29393, 4365.13
29394, 4366.67
29395, 4380.51
29396, 4366.15
29397, 4339.49
29398, 4353.33
29399, 4377.95
29400, 4379.49
29401, 4372.31
29402, 4375.38
29403, 4393.85
29404, 4401.54
29405, 4391.28
29406, 4386.67
29407, 4383.08
29408, 4380
29409, 4380.51
29410, 4386.15
29411, 4393.33
29412, 4391.28
29413, 4389.23
29414, 4391.79
29415, 4395.9
29416, 4396.41
29417, 4385.64
29418, 4386.15
29419, 4396.41
29420, 4390.26
29421, 4383.59
29422, 4389.23
29423, 4390.77
29424, 4388.21
29425, 4389.23
29426, 4394.36
29427, 4390.26
29428, 4392.31
29429, 4401.03
29430, 4397.44
29431, 4406.67
29432, 4416.92
29433, 4405.64
29434, 4398.46
29435, 4395.38
29436, 4392.82
29437, 4401.03
29438, 4407.18
29439, 4398.46
29440, 4394.87
29441, 4406.15
29442, 4409.23
29443, 4409.74
29444, 4417.95
29445, 4405.64
29446, 4395.9
29447, 4404.1
29448, 4400
29449, 4388.21
29450, 4386.15
29451, 4399.49
29452, 4410.26
29453, 4400
29454, 4396.41
29455, 4402.05
29456, 4404.62
29457, 4405.13
29458, 4397.95
29459, 4401.03
29460, 4411.79
29461, 4404.62
29462, 4393.85
29463, 4391.79
29464, 4403.08
29465, 4413.85
29466, 4405.64
29467, 4395.9
29468, 4393.85
29469, 4397.95
29470, 4402.05
29471, 4404.1
29472, 4408.72
29473, 4404.1
29474, 4398.97
29475, 4406.15
29476, 4405.13
29477, 4398.46
29478, 4397.95
29479, 4400.51
29480, 4401.54
29481, 4399.49
29482, 4402.56
29483, 4405.13
29484, 4400.51
29485, 4400.51
29486, 4403.08
29487, 4410.77
29488, 4409.74
29489, 4402.05
29490, 4408.72
29491, 4407.18
29492, 4397.44
29493, 4404.1
29494, 4406.67
29495, 4395.9
29496, 4391.28
29497, 4397.44
29498, 4400
29499, 4396.92
29500, 4401.03
29501, 4405.13
29502, 4408.72
29503, 4414.36
29504, 4405.13
29505, 4396.41
29506, 4398.46
29507, 4398.97
29508, 4400
29509, 4398.97
29510, 4404.1
29511, 4403.59
29512, 4396.92
29513, 4409.23
29514, 4412.31
29515, 4394.87
29516, 4393.85
29517, 4405.64
29518, 4406.15
29519, 4398.46
29520, 4400.51
29521, 4405.13
29522, 4401.03
29523, 4403.08
29524, 4403.59
29525, 4399.49
29526, 4404.1
29527, 4403.08
29528, 4403.08
29529, 4407.18
29530, 4405.13
29531, 4404.1
29532, 4402.05
29533, 4401.03
29534, 4404.1
29535, 4407.69
29536, 4411.79
29537, 4405.13
29538, 4402.05
29539, 4411.28
29540, 4410.26
29541, 4401.54
29542, 4396.41
29543, 4396.92
29544, 4398.97
29545, 4395.9
29546, 4395.38
29547, 4394.87
29548, 4400
29549, 4408.72
29550, 4404.1
29551, 4402.56
29552, 4405.13
29553, 4398.97
29554, 4398.97
29555, 4399.49
29556, 4400
29557, 4402.56
29558, 4400.51
29559, 4402.05
29560, 4406.15
29561, 4408.72
29562, 4405.13
29563, 4392.82
29564, 4393.85
29565, 4408.72
29566, 4414.36
29567, 4404.1
29568, 4392.31
29569, 4395.38
29570, 4397.95
29571, 4396.92
29572, 4405.13
29573, 4405.64
29574, 4401.03
29575, 4398.46
29576, 4400
29577, 4407.69
29578, 4404.1
29579, 4402.56
29580, 4408.21
29581, 4401.03
29582, 4396.92
29583, 4402.05
29584, 4405.13
29585, 4402.56
29586, 4397.44
29587, 4400
29588, 4401.03
29589, 4395.9
29590, 4400.51
29591, 4404.62
29592, 4401.03
29593, 4401.03
29594, 4408.21
29595, 4406.67
29596, 4388.21
29597, 4390.26
29598, 4407.69
29599, 4404.1
29600, 4397.95
29601, 4400.51
29602, 4398.97
29603, 4395.38
29604, 4397.44
29605, 4403.08
29606, 4397.44
29607, 4394.87
29608, 4400
29609, 4400
29610, 4400.51
29611, 4400.51
29612, 4398.46
29613, 4403.08
29614, 4403.08
29615, 4405.13
29616, 4405.13
29617, 4400.51
29618, 4403.08
29619, 4402.56
29620, 4404.62
29621, 4408.21
29622, 4399.49
29623, 4394.87
29624, 4395.9
29625, 4386.15
29626, 4372.31
29627, 4367.69
29628, 4372.82, estimuli
29629, 4370.26
29630, 4360
29631, 4353.85
29632, 4355.38
29633, 4365.13
29634, 4368.21
29635, 4373.85
29636, 4382.56
29637, 4383.59
29638, 4390.77
29639, 4392.31
29640, 4385.64
29641, 4390.26
29642, 4388.72
29643, 4377.44
29644, 4371.28
29645, 4373.33
29646, 4382.05
29647, 4384.1
29648, 4388.21
29649, 4396.41
29650, 4386.15
29651, 4377.44
29652, 4375.9
29653, 4375.9
29654, 4385.64
29655, 4390.26
29656, 4385.64
29657, 4377.44
29658, 4376.92
29659, 4381.54
29660, 4382.05
29661, 4384.62
29662, 4382.56
29663, 4381.03
29664, 4383.08
29665, 4382.05
29666, 4390.26
29667, 4398.97
29668, 4391.28
29669, 4392.31
29670, 4403.59
29671, 4403.59
29672, 4394.87
29673, 4392.82
29674, 4400
29675, 4407.18
29676, 4407.69
29677, 4402.56
29678, 4395.9
29679, 4397.44
29680, 4399.49
29681, 4402.05
29682, 4401.54
29683, 4395.38
29684, 4405.64
29685, 4411.28
29686, 4398.97
29687, 4401.54
29688, 4414.87
29689, 4417.95
29690, 4406.15
29691, 4396.92
29692, 4407.18
29693, 4411.79
29694, 4403.59
29695, 4399.49
29696, 4400
29697, 4411.79
29698, 4417.95
29699, 4413.33
29700, 4408.72
29701, 4405.13
29702, 4410.26
29703, 4410.77
29704, 4405.64
29705, 4407.18
29706, 4403.08
29707, 4401.03
29708, 4408.72
29709, 4411.79
29710, 4409.23
29711, 4401.54
29712, 4401.54
29713, 4394.87
29714, 4391.28
29715, 4431.28
29716, 4455.9
29717, 4394.87
29718, 4316.41
29719, 4303.08
29720, 4338.97
29721, 4392.82
29722, 4463.08
29723, 4498.46
29724, 4463.08
29725, 4435.9
29726, 4405.64
29727, 4295.9
29728, 4245.13
29729, 4328.72
29730, 4421.03
29731, 4481.54
29732, 4522.56
29733, 4490.26
29734, 4385.13
29735, 4287.69
29736, 4261.03
29737, 4319.49
29738, 4410.26
29739, 4488.21
29740, 4533.85
29741, 4490.26
29742, 4378.97
29743, 4290.26
29744, 4273.85
29745, 4331.79
29746, 4415.38
29747, 4489.74
29748, 4536.92
29749, 4492.82
29750, 4382.05
29751, 4295.38
29752, 4268.21
29753, 4321.54
29754, 4413.85
29755, 4492.31
29756, 4534.36
29757, 4485.13
29758, 4378.46
29759, 4294.36
29760, 4269.23
29761, 4321.03
29762, 4408.72
29763, 4490.26
29764, 4524.62
29765, 4471.79
29766, 4377.44
29767, 4302.05
29768, 4277.95
29769, 4324.62
29770, 4410.77
29771, 4493.33
29772, 4518.97
29773, 4467.18
29774, 4383.08
29775, 4304.62
29776, 4274.87
29777, 4321.03
29778, 4409.23
29779, 4489.23
29780, 4511.28
29781, 4467.69
29782, 4388.72
29783, 4310.26
29784, 4281.54
29785, 4323.59
29786, 4410.26
29787, 4488.72
29788, 4507.18
29789, 4463.59
29790, 4387.69
29791, 4311.28
29792, 4280.51
29793, 4324.62
29794, 4415.9
29795, 4487.69
29796, 4503.59
29797, 4461.03
29798, 4379.49
29799, 4305.13
29800, 4279.49
29801, 4324.1
29802, 4412.82
29803, 4484.1
29804, 4507.18
29805, 4468.72
29806, 4384.1
29807, 4310.77
29808, 4293.33
29809, 4337.95
29810, 4412.82
29811, 4478.46
29812, 4505.13
29813, 4459.49
29814, 4371.28
29815, 4306.67
29816, 4291.28
29817, 4334.87
29818, 4408.21
29819, 4478.46
29820, 4509.23
29821, 4462.56
29822, 4377.95
29823, 4313.85
29824, 4300.51
29825, 4345.13
29826, 4411.79
29827, 4477.95
29828, 4506.15
29829, 4457.44
29830, 4373.85
29831, 4308.21
29832, 4292.82
29833, 4340.51
29834, 4413.85
29835, 4484.1
29836, 4512.82
29837, 4468.21
29838, 4381.03
29839, 4304.62
29840, 4280.51
29841, 4324.62
29842, 4414.87
29843, 4472.82
29844, 4451.28
29845, 4408.72
29846, 4396.92
29847, 4396.92
29848, 4393.85
29849, 4388.72
29850, 4389.23
29851, 4395.9
29852, 4395.38
29853, 4394.87
29854, 4396.41
29855, 4397.95
29856, 4397.95
29857, 4392.31
29858, 4392.82
29859, 4394.36
29860, 4391.28
29861, 4394.36
29862, 4398.97
29863, 4400
29864, 4393.33
29865, 4388.72
29866, 4392.31
29867, 4389.74
29868, 4391.28
29869, 4396.92
29870, 4393.85
29871, 4394.36
29872, 4393.33
29873, 4393.85
29874, 4398.97
29875, 4395.38
29876, 4393.33
29877, 4396.92
29878, 4395.38
29879, 4393.85
29880, 4397.44
29881, 4399.49
29882, 4390.77
29883, 4390.77
29884, 4396.41
29885, 4391.28
29886, 4401.54
29887, 4407.18
29888, 4387.18
29889, 4384.1
29890, 4398.97
29891, 4405.64
29892, 4395.9
29893, 4386.15
29894, 4394.87
29895, 4404.62
29896, 4405.64
29897, 4400
29898, 4388.72
29899, 4391.79
29900, 4398.46
29901, 4398.97
29902, 4394.36
29903, 4381.03
29904, 4382.56
29905, 4396.41
29906, 4398.46
29907, 4395.9
29908, 4393.85
29909, 4397.44
29910, 4403.59
29911, 4399.49
29912, 4392.31
29913, 4394.87
29914, 4400.51
29915, 4386.67
29916, 4376.92
29917, 4398.97
29918, 4408.21
29919, 4393.33
29920, 4386.15
29921, 4390.26
29922, 4397.95
29923, 4398.46
29924, 4396.92
29925, 4398.46
29926, 4393.33
29927, 4391.28
29928, 4395.38
29929, 4398.46
29930, 4396.92
29931, 4391.79
29932, 4397.44
29933, 4402.05
29934, 4391.28
29935, 4388.72
29936, 4397.44
29937, 4403.08
29938, 4397.44
29939, 4389.74
29940, 4400.51
29941, 4409.23
29942, 4401.03
29943, 4395.38
29944, 4399.49
29945, 4405.13
29946, 4398.46
29947, 4389.74
29948, 4389.74
29949, 4390.26
29950, 4399.49
29951, 4406.67
29952, 4401.54
29953, 4393.33
29954, 4388.21
29955, 4391.79
29956, 4395.38
29957, 4394.36
29958, 4394.36
29959, 4393.33
29960, 4396.92
29961, 4399.49
29962, 4393.33
29963, 4395.38
29964, 4399.49
29965, 4397.95
29966, 4394.87
29967, 4391.28
29968, 4396.41
29969, 4394.87
29970, 4391.28
29971, 4404.1
29972, 4407.69
29973, 4394.87
29974, 4387.18
29975, 4393.85
29976, 4397.44
29977, 4390.77
29978, 4395.38
29979, 4399.49
29980, 4392.31
29981, 4390.26
29982, 4391.28
29983, 4396.92
29984, 4400.51
29985, 4394.36
29986, 4396.92
29987, 4400
29988, 4395.9
29989, 4394.36
29990, 4395.9
29991, 4401.03
29992, 4397.95
29993, 4390.26
29994, 4393.33
29995, 4394.87
29996, 4397.95
29997, 4398.97
29998, 4399.49
29999, 4404.62
30000, 4400.51
30001, 4392.82
30002, 4388.72
30003, 4386.67
30004, 4393.85
30005, 4397.44
30006, 4396.41
30007, 4398.46
30008, 4397.44
30009, 4390.26
30010, 4386.67
30011, 4394.36
30012, 4397.95
30013, 4393.33
30014, 4397.95
30015, 4402.05
30016, 4399.49
30017, 4393.85
30018, 4387.69
30019, 4392.82
30020, 4399.49
30021, 4396.41
30022, 4394.36
30023, 4390.26
30024, 4393.33
30025, 4398.97
30026, 4397.95
30027, 4405.13
30028, 4406.67
30029, 4392.31
30030, 4390.26
30031, 4396.92
30032, 4396.41
30033, 4391.79
30034, 4395.38
30035, 4396.41
30036, 4390.77
30037, 4394.87
30038, 4395.9
30039, 4395.9
30040, 4401.54
30041, 4397.44
30042, 4394.87
30043, 4395.38
30044, 4396.41
30045, 4400.51
30046, 4398.46
30047, 4396.41
30048, 4399.49
30049, 4398.97
30050, 4396.41
30051, 4395.38
30052, 4399.49
30053, 4397.95
30054, 4394.87
30055, 4410.26
30056, 4409.23
30057, 4390.26
30058, 4389.74
30059, 4398.97
30060, 4397.95
30061, 4386.15
30062, 4389.74
30063, 4403.08
30064, 4395.38
30065, 4389.74
30066, 4396.41
30067, 4394.87
30068, 4395.38
30069, 4397.44
30070, 4394.36
30071, 4398.97
30072, 4401.54
30073, 4394.36
30074, 4393.85
30075, 4407.18
30076, 4407.18
30077, 4395.38
30078, 4398.46
30079, 4400.51
30080, 4394.87
30081, 4394.36
30082, 4391.28
30083, 4390.77
30084, 4391.28
30085, 4391.79
30086, 4398.46
30087, 4391.79
30088, 4385.64
30089, 4394.87
30090, 4403.59
30091, 4403.08
30092, 4394.87
30093, 4393.33
30094, 4394.36
30095, 4392.82
30096, 4395.9
30097, 4395.38
30098, 4394.36
30099, 4395.38
30100, 4394.36
30101, 4397.95
30102, 4398.97
30103, 4397.44
30104, 4398.46
30105, 4398.46
30106, 4399.49
30107, 4397.44
30108, 4395.9
30109, 4403.08
30110, 4405.64
30111, 4407.69
30112, 4400.51
30113, 4384.62
30114, 4387.18
30115, 4397.44
30116, 4397.44
30117, 4398.46
30118, 4403.59
30119, 4397.95
30120, 4392.31
30121, 4405.13
30122, 4411.79
30123, 4397.44
30124, 4397.44
30125, 4404.1
30126, 4395.38
30127, 4386.67
30128, 4389.74
30129, 4400.51
30130, 4401.03
30131, 4395.38
30132, 4397.95
30133, 4395.9
30134, 4391.28
30135, 4396.41
30136, 4408.21
30137, 4410.26
30138, 4395.9
30139, 4393.33
30140, 4396.41
30141, 4389.23
30142, 4393.33
30143, 4401.54
30144, 4398.46
30145, 4392.82
30146, 4390.26
30147, 4395.9
30148, 4395.9
30149, 4391.28
30150, 4395.38
30151, 4397.95
30152, 4398.46
30153, 4397.95
30154, 4396.41
30155, 4398.97
30156, 4396.92
30157, 4397.44
30158, 4398.97
30159, 4396.92
30160, 4399.49
30161, 4397.95
30162, 4395.38
30163, 4399.49
30164, 4396.92
30165, 4397.95
30166, 4404.1
30167, 4403.59
30168, 4398.46
30169, 4394.87
30170, 4396.41
30171, 4392.82
30172, 4394.36
30173, 4401.03
30174, 4398.97
30175, 4397.44
30176, 4396.92
30177, 4394.36
30178, 4397.95
30179, 4399.49
30180, 4403.59
30181, 4400.51
30182, 4393.33
30183, 4396.92
30184, 4397.95
30185, 4396.92
30186, 4398.97
30187, 4397.44
30188, 4400
30189, 4400
30190, 4394.87
30191, 4400.51
30192, 4405.64
30193, 4396.41
30194, 4388.21
30195, 4393.33
30196, 4399.49
30197, 4394.87
30198, 4394.87
30199, 4402.56
30200, 4406.67
30201, 4400
30202, 4392.31
30203, 4404.62
30204, 4409.74
30205, 4393.85
30206, 4391.79
30207, 4395.9
30208, 4397.95
30209, 4399.49
30210, 4394.36
30211, 4390.26
30212, 4389.74
30213, 4394.36
30214, 4398.46
30215, 4393.85
30216, 4396.92
30217, 4400
30218, 4393.85
30219, 4397.44
30220, 4403.59
30221, 4395.38
30222, 4387.69
30223, 4395.38
30224, 4402.05
30225, 4392.31
30226, 4391.79
30227, 4396.92
30228, 4393.85
30229, 4396.92
30230, 4401.54
30231, 4403.08
30232, 4401.03
30233, 4394.36
30234, 4394.36
30235, 4394.87
30236, 4396.92
30237, 4401.54
30238, 4398.46
30239, 4397.95
30240, 4399.49
30241, 4398.97
30242, 4400.51
30243, 4397.44
30244, 4399.49
30245, 4401.54
30246, 4395.9
30247, 4397.44
30248, 4400.51
30249, 4395.9
30250, 4392.82
30251, 4395.9
30252, 4398.97
30253, 4394.36
30254, 4393.33
30255, 4394.36
30256, 4396.41
30257, 4402.56
30258, 4396.41
30259, 4388.21
30260, 4392.82
30261, 4394.36
30262, 4393.85
30263, 4399.49
30264, 4402.56
30265, 4395.38
30266, 4387.18
30267, 4397.95
30268, 4409.23
30269, 4399.49
30270, 4391.28
30271, 4398.46
30272, 4410.77
30273, 4407.69
30274, 4397.44
30275, 4399.49
30276, 4397.44
30277, 4391.28
30278, 4388.21
30279, 4382.56
30280, 4389.74
30281, 4397.95
30282, 4394.36
30283, 4393.85
30284, 4397.95
30285, 4399.49
30286, 4395.9
30287, 4395.38
30288, 4400.51
30289, 4397.95
30290, 4394.36
30291, 4393.85
30292, 4395.9
30293, 4398.46
30294, 4392.82
30295, 4394.36
30296, 4400.51
30297, 4396.41
30298, 4396.92
30299, 4400
30300, 4401.03
30301, 4397.44
30302, 4388.21
30303, 4390.77
30304, 4396.92
30305, 4396.41
30306, 4398.46
30307, 4397.44
30308, 4396.92
30309, 4397.44
30310, 4395.9
30311, 4393.85
30312, 4393.85
30313, 4397.44
30314, 4396.41
30315, 4393.85
30316, 4400
30317, 4402.05
30318, 4397.95
30319, 4395.9
30320, 4398.46
30321, 4401.54
30322, 4394.87
30323, 4393.85
30324, 4400
30325, 4398.97
30326, 4402.56
30327, 4406.67
30328, 4407.18
30329, 4403.08
30330, 4393.85
30331, 4396.92
30332, 4401.03
30333, 4399.49
30334, 4406.15
30335, 4407.18
30336, 4404.1
30337, 4398.46
30338, 4389.74
30339, 4391.79
30340, 4398.46
30341, 4401.54
30342, 4405.13
30343, 4403.08
30344, 4400.51
30345, 4397.95
30346, 4396.92
30347, 4397.95
30348, 4400
30349, 4403.08
30350, 4397.95
30351, 4397.95
30352, 4410.26
30353, 4404.1
30354, 4389.23
30355, 4392.31
30356, 4403.59
30357, 4402.56
30358, 4395.38
30359, 4401.54
30360, 4405.64
30361, 4398.46
30362, 4397.95
30363, 4397.44
30364, 4396.92
30365, 4397.44
30366, 4394.87
30367, 4397.95
30368, 4399.49
30369, 4396.92
30370, 4398.46
30371, 4398.46
30372, 4398.46
30373, 4398.97
30374, 4397.44
30375, 4395.38
30376, 4398.97
30377, 4406.15
30378, 4398.46
30379, 4395.38
30380, 4407.69
30381, 4400
30382, 4391.28
30383, 4400
30384, 4402.05
30385, 4395.9
30386, 4394.36
30387, 4400
30388, 4403.08
30389, 4402.05
30390, 4407.18
30391, 4409.23
30392, 4400
30393, 4390.77
30394, 4395.38
30395, 4406.67
30396, 4403.08
30397, 4397.44
30398, 4405.13
30399, 4403.08
30400, 4394.87
30401, 4393.33
30402, 4394.87
30403, 4395.9
30404, 4393.33
30405, 4400.51
30406, 4412.82
30407, 4403.59
30408, 4391.79
30409, 4393.33
30410, 4399.49
30411, 4400.51
30412, 4400.51
30413, 4407.18
30414, 4405.13
30415, 4396.41
30416, 4397.95
30417, 4401.03
30418, 4400.51
30419, 4400
30420, 4403.59
30421, 4405.13
30422, 4401.54
30423, 4404.1
30424, 4402.05
30425, 4393.85
30426, 4399.49
30427, 4403.08
30428, 4401.54
30429, 4402.56
30430, 4402.05
30431, 4400.51
30432, 4396.41
30433, 4403.59
30434, 4413.33
30435, 4403.59
30436, 4400.51
30437, 4409.23
30438, 4408.72
30439, 4402.05
30440, 4402.56
30441, 4412.82
30442, 4408.21
30443, 4391.79
30444, 4394.36
30445, 4405.64
30446, 4404.62
30447, 4396.41
30448, 4400.51
30449, 4405.13
30450, 4395.9
30451, 4395.38
30452, 4404.62
30453, 4404.1
30454, 4402.05
30455, 4404.1
30456, 4407.18
30457, 4403.08
30458, 4395.9
30459, 4397.95
30460, 4397.95
30461, 4400
30462, 4406.15
30463, 4401.03
30464, 4394.36
30465, 4387.69
30466, 4393.33
30467, 4412.31
30468, 4404.62
30469, 4385.13
30470, 4390.77
30471, 4401.03
30472, 4396.92
30473, 4390.77
30474, 4393.85
30475, 4395.9
30476, 4391.79
30477, 4391.79
30478, 4392.82
30479, 4395.9
30480, 4400.51
30481, 4399.49
30482, 4402.05
30483, 4400
30484, 4389.74
30485, 4389.23
30486, 4394.36
30487, 4393.33
30488, 4389.23
30489, 4395.38
30490, 4403.08
30491, 4393.85
30492, 4390.26
30493, 4398.46
30494, 4395.9
30495, 4397.44
30496, 4403.59
30497, 4397.44
30498, 4391.28
30499, 4404.1
30500, 4413.33
30501, 4392.82
30502, 4380.51
30503, 4394.87
30504, 4403.08
30505, 4401.54
30506, 4400.51
30507, 4404.1
30508, 4406.15
30509, 4400
30510, 4399.49
30511, 4402.05
30512, 4400
30513, 4397.44
30514, 4395.38
30515, 4397.95
30516, 4402.56
30517, 4404.1
30518, 4404.1
30519, 4398.46
30520, 4395.38
30521, 4393.85
30522, 4390.26
30523, 4395.38
30524, 4400.51
30525, 4395.38
30526, 4387.18
30527, 4383.08
30528, 4393.85
30529, 4397.95
30530, 4388.21
30531, 4391.28
30532, 4395.9
30533, 4392.82
30534, 4390.77
30535, 4392.31
30536, 4395.38
30537, 4392.31
30538, 4391.28
30539, 4393.33
30540, 4391.79
30541, 4393.33
30542, 4393.33
30543, 4397.44
30544, 4403.08
30545, 4401.03
30546, 4396.92
30547, 4390.77
30548, 4388.21
30549, 4391.79
30550, 4391.79
30551, 4394.36
30552, 4396.41
30553, 4392.82
30554, 4388.72
30555, 4388.21
30556, 4393.33
30557, 4393.33
30558, 4390.77
30559, 4393.33
30560, 4391.79
30561, 4390.77
30562, 4392.31
30563, 4390.26
30564, 4391.79
30565, 4393.33
30566, 4392.31
30567, 4390.26
30568, 4389.23
30569, 4396.92
30570, 4396.92
30571, 4392.31
30572, 4404.1
30573, 4407.18
30574, 4391.28
30575, 4381.03
30576, 4388.21
30577, 4394.87
30578, 4389.23
30579, 4397.44
30580, 4406.15
30581, 4395.38
30582, 4387.69
30583, 4393.33
30584, 4396.41
30585, 4388.72
30586, 4386.15
30587, 4393.85
30588, 4397.44
30589, 4396.92
30590, 4392.31
30591, 4389.74
30592, 4400.51
30593, 4397.44
30594, 4384.1
30595, 4389.74
30596, 4396.92
30597, 4394.36
30598, 4390.26
30599, 4393.85
30600, 4404.1
30601, 4400.51
30602, 4386.67
30603, 4383.08
30604, 4393.33
30605, 4398.46
30606, 4387.69
30607, 4387.18
30608, 4397.44
30609, 4397.44
30610, 4393.33
30611, 4388.72
30612, 4384.62
30613, 4390.26
30614, 4391.79
30615, 4386.67
30616, 4390.26
30617, 4400.51
30618, 4395.38
30619, 4379.49
30620, 4388.21
30621, 4400.51
30622, 4393.85
30623, 4390.77
30624, 4391.79
30625, 4394.36
30626, 4393.85
30627, 4391.79
30628, 4400
30629, 4402.05
30630, 4392.82
30631, 4386.67
30632, 4389.23
30633, 4391.28
30634, 4388.21
30635, 4391.79
30636, 4397.44
30637, 4393.85
30638, 4391.28
30639, 4392.82
30640, 4395.38
30641, 4395.38
30642, 4390.26
30643, 4390.26
30644, 4392.31
30645, 4391.28
30646, 4390.77
30647, 4388.21
30648, 4393.85
30649, 4399.49
30650, 4390.26
30651, 4385.64
30652, 4390.77
30653, 4396.92
30654, 4399.49
30655, 4396.92
30656, 4398.46
30657, 4396.92
30658, 4385.64
30659, 4382.56
30660, 4390.77
30661, 4396.41
30662, 4389.74
30663, 4391.28
30664, 4398.97
30665, 4392.31
30666, 4389.74
30667, 4392.31
30668, 4390.26
30669, 4390.77
30670, 4391.28
30671, 4392.31
30672, 4390.77
30673, 4389.23
30674, 4393.85
30675, 4393.33
30676, 4390.77
30677, 4395.9
30678, 4400
30679, 4395.38
30680, 4391.28
30681, 4393.33
30682, 4391.28
30683, 4390.77
30684, 4404.62
30685, 4404.62
30686, 4384.1
30687, 4382.56
30688, 4394.36
30689, 4396.92
30690, 4391.28
30691, 4390.77
30692, 4399.49
30693, 4398.97
30694, 4391.79
30695, 4389.23
30696, 4391.28
30697, 4394.87
30698, 4394.87
30699, 4394.87
30700, 4395.38
30701, 4394.87
30702, 4398.46
30703, 4393.85
30704, 4390.26
30705, 4397.44
30706, 4397.44
30707, 4399.49
30708, 4404.62
30709, 4401.54
30710, 4395.9
30711, 4391.79
30712, 4396.41
30713, 4395.38
30714, 4385.64
30715, 4388.21
30716, 4393.85
30717, 4395.38
30718, 4396.41
30719, 4396.92
30720, 4395.38
30721, 4390.26
30722, 4395.38
30723, 4397.44
30724, 4388.72
30725, 4393.33
30726, 4404.62
30727, 4403.08
30728, 4393.33
30729, 4383.59
30730, 4384.1
30731, 4388.21
30732, 4391.28
30733, 4398.97
30734, 4395.38
30735, 4385.13
30736, 4393.33
30737, 4405.13
30738, 4398.46
30739, 4384.1
30740, 4390.26
30741, 4399.49
30742, 4391.79
30743, 4388.21
30744, 4392.31
30745, 4394.87
30746, 4393.33
30747, 4394.36
30748, 4400.51
30749, 4396.92
30750, 4390.26
30751, 4394.36
30752, 4395.9
30753, 4395.38
30754, 4394.36
30755, 4391.79
30756, 4393.85
30757, 4393.85
30758, 4393.85
30759, 4392.31
30760, 4389.23
30761, 4393.85
30762, 4395.9
30763, 4391.28
30764, 4390.26
30765, 4397.95
30766, 4398.46
30767, 4385.64
30768, 4382.05
30769, 4394.36
30770, 4397.44
30771, 4394.87
30772, 4394.36
30773, 4392.31
30774, 4392.82
30775, 4399.49
30776, 4403.59
30777, 4393.85
30778, 4387.18
30779, 4394.36
30780, 4392.82
30781, 4393.85
30782, 4400
30783, 4392.82
30784, 4385.13
30785, 4385.13
30786, 4390.26
30787, 4396.41
30788, 4396.92
30789, 4398.46
30790, 4395.9
30791, 4391.28
30792, 4395.9
30793, 4402.56
30794, 4401.54
30795, 4391.79
30796, 4389.23
30797, 4395.38
30798, 4393.33
30799, 4392.82
30800, 4395.9
30801, 4396.41
30802, 4393.85
30803, 4393.33
30804, 4398.46
30805, 4397.44
30806, 4388.21
30807, 4388.21
30808, 4392.82
30809, 4398.46
30810, 4396.92
30811, 4391.28
30812, 4401.54
30813, 4402.56
30814, 4393.33
30815, 4398.97
30816, 4402.05
30817, 4393.85
30818, 4386.15
30819, 4388.21
30820, 4397.95
30821, 4402.05
30822, 4400.51
30823, 4395.9
30824, 4390.26
30825, 4390.77
30826, 4391.79
30827, 4395.38
30828, 4397.95
30829, 4395.9
30830, 4393.33
30831, 4393.33
30832, 4398.97
30833, 4400.51
30834, 4393.85
30835, 4392.31
30836, 4393.85
30837, 4392.31
30838, 4391.79
30839, 4393.85
30840, 4396.41
30841, 4389.74
30842, 4388.21
30843, 4401.54
30844, 4403.08
30845, 4393.33
30846, 4392.31
30847, 4400
30848, 4404.62
30849, 4398.46
30850, 4392.31
30851, 4390.77
30852, 4384.62
30853, 4389.23
30854, 4394.87
30855, 4396.92
30856, 4401.54
30857, 4394.36
30858, 4386.67
30859, 4393.33
30860, 4400
30861, 4395.9
30862, 4391.79
30863, 4397.44
30864, 4398.46
30865, 4395.9
30866, 4396.41
30867, 4395.38
30868, 4393.33
30869, 4393.85
30870, 4395.38
30871, 4397.44
30872, 4398.97
30873, 4401.03
30874, 4393.85
30875, 4388.21
30876, 4401.03
30877, 4403.59
30878, 4393.85
30879, 4392.31
30880, 4392.31
30881, 4389.23
30882, 4389.23
30883, 4394.36
30884, 4394.36
30885, 4388.72
30886, 4394.87
30887, 4403.08
30888, 4399.49
30889, 4393.33
30890, 4392.82
30891, 4399.49
30892, 4398.46
30893, 4389.74
30894, 4392.31
30895, 4399.49
30896, 4396.92
30897, 4393.85
30898, 4394.36
30899, 4398.46
30900, 4400.51
30901, 4400.51
30902, 4399.49
30903, 4401.03
30904, 4410.26
30905, 4402.56
30906, 4390.26
30907, 4398.97
30908, 4403.59
30909, 4394.36
30910, 4387.69
30911, 4389.23
30912, 4393.33
30913, 4394.36
30914, 4395.38
30915, 4398.97
30916, 4408.21
30917, 4409.23
30918, 4393.85
30919, 4394.36
30920, 4407.18
30921, 4399.49
30922, 4387.69
30923, 4388.72
30924, 4392.82
30925, 4397.44
30926, 4398.46
30927, 4400.51
30928, 4401.54
30929, 4404.62
30930, 4411.79
30931, 4405.64
30932, 4393.33
30933, 4388.21
30934, 4391.79
30935, 4395.38
30936, 4395.9
30937, 4398.97
30938, 4400
30939, 4398.97
30940, 4397.95
30941, 4395.9
30942, 4395.9
30943, 4400.51
30944, 4403.59
30945, 4398.46
30946, 4391.79
30947, 4394.87
30948, 4397.95
30949, 4397.95
30950, 4408.72
30951, 4406.67
30952, 4393.33
30953, 4400.51
30954, 4403.59
30955, 4389.74
30956, 4386.67
30957, 4398.46
30958, 4406.67
30959, 4400
30960, 4393.85
30961, 4388.72
30962, 4387.18
30963, 4403.59
30964, 4408.21
30965, 4391.79
30966, 4393.85
30967, 4406.67
30968, 4394.87
30969, 4378.97
30970, 4391.28
30971, 4403.59
30972, 4397.44
30973, 4398.97
30974, 4406.15
30975, 4400.51
30976, 4393.85
30977, 4393.85
30978, 4400
30979, 4396.41
30980, 4387.18
30981, 4389.74
30982, 4394.87
30983, 4398.46
30984, 4398.97
30985, 4400.51
30986, 4406.15
30987, 4397.95
30988, 4387.18
30989, 4388.72
30990, 4391.28
30991, 4393.85
30992, 4395.38
30993, 4394.87
30994, 4396.92
30995, 4397.95
30996, 4398.46
30997, 4394.87
30998, 4396.41
30999, 4406.67
31000, 4405.13
31001, 4396.92
31002, 4396.41
31003, 4400
31004, 4404.1
31005, 4403.59
31006, 4401.54
31007, 4402.05
31008, 4402.56
31009, 4403.08
31010, 4405.13
31011, 4409.23
31012, 4409.74
31013, 4406.67
31014, 4411.28
31015, 4411.28
31016, 4405.13
31017, 4405.64
31018, 4405.64
31019, 4406.67
31020, 4406.67
31021, 4405.64
31022, 4411.28
31023, 4411.79
31024, 4405.64
31025, 4405.13
31026, 4407.18
31027, 4409.23
31028, 4408.72
31029, 4405.64
31030, 4405.13
31031, 4406.67
31032, 4402.56
31033, 4394.87
31034, 4402.05
31035, 4413.85
31036, 4407.18
31037, 4405.64
31038, 4412.82
31039, 4412.82
31040, 4409.23
31041, 4409.23
31042, 4415.38
31043, 4411.79
31044, 4396.41
31045, 4394.36
31046, 4402.56
31047, 4410.77
31048, 4414.36
31049, 4414.36
31050, 4415.9
31051, 4407.18
31052, 4395.9
31053, 4389.23
31054, 4379.49
31055, 4369.74
31056, 4374.36, estimuli
31057, 4378.97
31058, 4360.51
31059, 4349.74
31060, 4368.21
31061, 4372.82
31062, 4360.51
31063, 4373.85
31064, 4392.82
31065, 4392.31
31066, 4388.21
31067, 4387.69
31068, 4390.26
31069, 4391.79
31070, 4393.85
31071, 4389.74
31072, 4383.59
31073, 4390.77
31074, 4397.44
31075, 4394.87
31076, 4393.85
31077, 4398.46
31078, 4402.56
31079, 4393.33
31080, 4386.15
31081, 4394.36
31082, 4397.95
31083, 4392.82
31084, 4393.33
31085, 4398.97
31086, 4398.97
31087, 4395.38
31088, 4398.97
31089, 4400
31090, 4400
31091, 4406.67
31092, 4407.69
31093, 4407.69
31094, 4409.74
31095, 4405.13
31096, 4401.03
31097, 4400.51
31098, 4398.46
31099, 4388.72
31100, 4386.15
31101, 4400
31102, 4402.05
31103, 4394.87
31104, 4401.03
31105, 4402.56
31106, 4398.46
31107, 4402.05
31108, 4408.21
31109, 4407.18
31110, 4402.56
31111, 4405.13
31112, 4408.72
31113, 4406.15
31114, 4404.62
31115, 4405.13
31116, 4407.18
31117, 4407.18
31118, 4408.21
31119, 4409.74
31120, 4402.56
31121, 4399.49
31122, 4409.23
31123, 4411.79
31124, 4405.64
31125, 4401.54
31126, 4402.56
31127, 4407.69
31128, 4410.26
31129, 4407.69
31130, 4405.64
31131, 4408.72
31132, 4410.77
31133, 4405.64
31134, 4405.13
31135, 4406.67
31136, 4399.49
31137, 4394.87
31138, 4401.03
31139, 4408.72
31140, 4403.59
31141, 4402.56
31142, 4410.26
31143, 4410.77
31144, 4437.95
31145, 4471.28
31146, 4426.15
31147, 4331.28
31148, 4297.95
31149, 4342.56
31150, 4400
31151, 4450.77
31152, 4498.97
31153, 4491.79
31154, 4444.1
31155, 4409.23
31156, 4324.62
31157, 4253.85
31158, 4313.33
31159, 4413.33
31160, 4489.23
31161, 4542.05
31162, 4514.87
31163, 4417.95
31164, 4316.92
31165, 4265.64
31166, 4304.1
31167, 4398.46
31168, 4488.21
31169, 4537.95
31170, 4509.23
31171, 4413.85
31172, 4315.38
31173, 4268.72
31174, 4312.82
31175, 4411.28
31176, 4492.82
31177, 4534.36
31178, 4505.64
31179, 4409.23
31180, 4313.85
31181, 4275.38
31182, 4315.9
31183, 4404.1
31184, 4485.13
31185, 4536.92
31186, 4511.79
31187, 4410.26
31188, 4314.36
31189, 4277.95
31190, 4316.41
31191, 4399.49
31192, 4481.03
31193, 4533.33
31194, 4501.03
31195, 4404.62
31196, 4323.59
31197, 4288.72
31198, 4316.92
31199, 4397.95
31200, 4484.1
31201, 4527.18
31202, 4496.41
31203, 4414.36
31204, 4327.69
31205, 4285.64
31206, 4317.95
31207, 4397.44
31208, 4482.56
31209, 4531.79
31210, 4494.87
31211, 4402.56
31212, 4324.1
31213, 4292.31
31214, 4320.51
31215, 4395.9
31216, 4478.46
31217, 4517.44
31218, 4483.08
31219, 4403.59
31220, 4321.54
31221, 4288.21
31222, 4328.21
31223, 4405.13
31224, 4476.41
31225, 4509.74
31226, 4484.62
31227, 4412.82
31228, 4327.18
31229, 4282.56
31230, 4318.97
31231, 4410.26
31232, 4483.59
31233, 4503.08
31234, 4480
31235, 4410.77
31236, 4322.56
31237, 4289.74
31238, 4332.31
31239, 4404.62
31240, 4465.13
31241, 4501.54
31242, 4482.05
31243, 4404.1
31244, 4325.13
31245, 4293.85
31246, 4328.21
31247, 4403.08
31248, 4476.92
31249, 4514.36
31250, 4480
31251, 4400.51
31252, 4336.41
31253, 4298.97
31254, 4316.92
31255, 4401.03
31256, 4483.59
31257, 4512.31
31258, 4483.08
31259, 4409.74
31260, 4324.1
31261, 4283.59
31262, 4321.03
31263, 4402.05
31264, 4481.54
31265, 4521.54
31266, 4483.08
31267, 4402.05
31268, 4334.36
31269, 4296.92
31270, 4319.49
31271, 4402.56
31272, 4473.33
31273, 4465.13
31274, 4413.85
31275, 4401.54
31276, 4410.26
31277, 4401.54
31278, 4401.03
31279, 4409.23
31280, 4407.18
31281, 4405.13
31282, 4408.21
31283, 4406.15
31284, 4396.92
31285, 4399.49
31286, 4413.33
31287, 4412.31
31288, 4398.46
31289, 4391.79
31290, 4397.44
31291, 4401.03
31292, 4402.05
31293, 4409.23
31294, 4411.79
31295, 4406.67
31296, 4399.49
31297, 4393.33
31298, 4394.36
31299, 4398.46
31300, 4402.56
31301, 4404.1
31302, 4402.05
31303, 4404.1
31304, 4401.03
31305, 4398.46
31306, 4408.21
31307, 4413.33
31308, 4412.82
31309, 4406.15
31310, 4401.03
31311, 4405.64
31312, 4401.03
31313, 4390.26
31314, 4393.85
31315, 4407.69
31316, 4407.69
31317, 4395.38
31318, 4398.97
31319, 4407.69
31320, 4407.18
31321, 4405.64
31322, 4404.62
31323, 4404.1
31324, 4405.13
31325, 4399.49
31326, 4397.95
31327, 4403.59
31328, 4400
31329, 4400
31330, 4406.67
31331, 4404.1
31332, 4396.41
31333, 4397.95
31334, 4405.64
31335, 4407.69
31336, 4407.69
31337, 4406.67
31338, 4409.23
31339, 4412.82
31340, 4403.08
31341, 4397.44
31342, 4403.08
31343, 4402.56
31344, 4403.59
31345, 4405.13
31346, 4403.08
31347, 4398.97
31348, 4389.23
31349, 4392.82
31350, 4406.67
31351, 4403.08
31352, 4394.36
31353, 4395.9
31354, 4402.56
31355, 4406.15
31356, 4406.15
31357, 4403.59
31358, 4403.08
31359, 4411.28
31360, 4410.77
31361, 4394.36
31362, 4391.79
31363, 4401.03
31364, 4403.08
31365, 4398.97
31366, 4396.41
31367, 4400.51
31368, 4403.08
31369, 4405.13
31370, 4410.77
31371, 4406.15
31372, 4397.44
31373, 4397.44
31374, 4400.51
31375, 4399.49
31376, 4398.97
31377, 4402.05
31378, 4398.46
31379, 4392.82
31380, 4398.97
31381, 4403.59
31382, 4400.51
31383, 4399.49
31384, 4400.51
31385, 4401.54
31386, 4398.46
31387, 4400
31388, 4403.59
31389, 4401.03
31390, 4404.1
31391, 4403.59
31392, 4400.51
31393, 4402.05
31394, 4398.46
31395, 4400
31396, 4408.21
31397, 4406.67
31398, 4397.44
31399, 4394.36
31400, 4399.49
31401, 4397.44
31402, 4392.82
31403, 4400.51
31404, 4406.15
31405, 4401.54
31406, 4398.97
31407, 4402.05
31408, 4406.67
31409, 4405.64
31410, 4402.56
31411, 4403.59
31412, 4402.56
31413, 4403.59
31414, 4408.21
31415, 4407.69
31416, 4402.56
31417, 4400
31418, 4406.15
31419, 4409.74
31420, 4405.64
31421, 4405.64
31422, 4407.18
31423, 4409.23
31424, 4409.23
31425, 4405.64
31426, 4404.62
31427, 4400
31428, 4397.95
31429, 4404.62
31430, 4405.13
31431, 4403.08
31432, 4405.64
31433, 4408.72
31434, 4404.1
31435, 4399.49
31436, 4404.1
31437, 4405.64
31438, 4400.51
31439, 4402.56
31440, 4403.08
31441, 4398.97
31442, 4399.49
31443, 4400.51
31444, 4402.05
31445, 4402.05
31446, 4401.03
31447, 4400
31448, 4402.05
31449, 4402.05
31450, 4394.36
31451, 4399.49
31452, 4411.79
31453, 4405.13
31454, 4398.97
31455, 4402.56
31456, 4397.44
31457, 4394.36
31458, 4404.62
31459, 4413.33
31460, 4404.62
31461, 4396.92
31462, 4400
31463, 4400
31464, 4398.46
31465, 4402.05
31466, 4406.67
31467, 4409.23
31468, 4404.62
31469, 4397.44
31470, 4397.95
31471, 4402.05
31472, 4405.64
31473, 4405.64
31474, 4403.08
31475, 4402.05
31476, 4404.62
31477, 4410.77
31478, 4407.18
31479, 4396.41
31480, 4399.49
31481, 4406.15
31482, 4399.49
31483, 4392.82
31484, 4402.05
31485, 4415.38
31486, 4409.23
31487, 4397.95
31488, 4398.97
31489, 4401.03
31490, 4398.97
31491, 4399.49
31492, 4404.62
31493, 4403.08
31494, 4399.49
31495, 4406.15
31496, 4404.62
31497, 4399.49
31498, 4403.59
31499, 4406.15
31500, 4402.56
31501, 4396.41
31502, 4401.54
31503, 4410.77
31504, 4404.1
31505, 4400
31506, 4413.33
31507, 4421.03
31508, 4407.18
31509, 4392.31
31510, 4398.97
31511, 4404.1
31512, 4393.33
31513, 4391.79
31514, 4398.46
31515, 4402.05
31516, 4404.1
31517, 4399.49
31518, 4400
31519, 4406.67
31520, 4406.67
31521, 4403.59
31522, 4398.97
31523, 4397.44
31524, 4398.46
31525, 4398.46
31526, 4399.49
31527, 4402.05
31528, 4404.1
31529, 4404.1
31530, 4404.62
31531, 4405.64
31532, 4405.64
31533, 4407.69
31534, 4403.59
31535, 4393.33
31536, 4393.33
31537, 4398.46
31538, 4400
31539, 4402.56
31540, 4402.05
31541, 4402.05
31542, 4404.1
31543, 4406.15
31544, 4404.62
31545, 4400.51
31546, 4403.59
31547, 4404.1
31548, 4405.13
31549, 4413.85
31550, 4405.13
31551, 4395.38
31552, 4405.64
31553, 4403.59
31554, 4389.23
31555, 4395.38
31556, 4405.64
31557, 4400.51
31558, 4403.59
31559, 4415.38
31560, 4403.08
31561, 4385.64
31562, 4390.26
31563, 4395.9
31564, 4401.54
31565, 4406.15
31566, 4398.46
31567, 4393.33
31568, 4401.03
31569, 4408.72
31570, 4402.56
31571, 4400
31572, 4407.69
31573, 4409.74
31574, 4407.18
31575, 4406.15
31576, 4406.15
31577, 4411.28
31578, 4416.92
31579, 4415.38
31580, 4409.23
31581, 4409.74
31582, 4412.31
31583, 4407.69
31584, 4414.36
31585, 4424.62
31586, 4415.9
31587, 4414.36
31588, 4416.41
31589, 4408.72
31590, 4405.64
31591, 4406.67
31592, 4407.69
31593, 4402.56
31594, 4391.79
31595, 4395.9
31596, 4405.64
31597, 4399.49
31598, 4387.69
31599, 4391.28
31600, 4403.59
31601, 4403.59
31602, 4396.41
31603, 4399.49
31604, 4402.56
31605, 4397.95
31606, 4394.36
31607, 4396.92
31608, 4394.87
31609, 4389.74
31610, 4400
31611, 4410.26
31612, 4402.05
31613, 4393.33
31614, 4394.87
31615, 4395.9
31616, 4393.85
31617, 4397.44
31618, 4397.44
31619, 4385.13
31620, 4387.18
31621, 4401.54
31622, 4397.95
31623, 4392.82
31624, 4397.95
31625, 4400.51
31626, 4397.44
31627, 4395.9
31628, 4397.95
31629, 4393.85
31630, 4392.82
31631, 4398.46
31632, 4393.33
31633, 4390.77
31634, 4394.87
31635, 4395.9
31636, 4395.38
31637, 4400
31638, 4406.15
31639, 4402.56
31640, 4395.38
31641, 4392.31
31642, 4392.31
31643, 4397.95
31644, 4397.44
31645, 4384.1
31646, 4381.54
31647, 4394.36
31648, 4398.97
31649, 4395.38
31650, 4394.87
31651, 4395.9
31652, 4393.33
31653, 4395.38
31654, 4398.46
31655, 4393.33
31656, 4395.38
31657, 4401.03
31658, 4400
31659, 4396.92
31660, 4393.85
31661, 4394.36
31662, 4395.38
31663, 4391.28
31664, 4392.31
31665, 4401.54
31666, 4405.64
31667, 4398.46
31668, 4391.79
31669, 4393.85
31670, 4393.85
31671, 4395.9
31672, 4397.95
31673, 4391.79
31674, 4393.85
31675, 4401.03
31676, 4402.56
31677, 4398.97
31678, 4392.82
31679, 4393.33
31680, 4397.95
31681, 4402.05
31682, 4400
31683, 4392.31
31684, 4392.82
31685, 4398.46
31686, 4397.95
31687, 4398.46
31688, 4397.95
31689, 4398.46
31690, 4398.46
31691, 4389.23
31692, 4389.23
31693, 4393.85
31694, 4382.56
31695, 4367.18
31696, 4357.95
31697, 4362.56
31698, 4366.67
31699, 4359.49
31700, 4355.38
31701, 4357.95
31702, 4362.05
31703, 4366.67
31704, 4375.38, estimuli
31705, 4385.64
31706, 4386.67
31707, 4382.56
31708, 4376.92
31709, 4378.97
31710, 4386.67
31711, 4384.62
31712, 4379.49
31713, 4386.15
31714, 4393.85
31715, 4393.85
31716, 4393.33
31717, 4398.46
31718, 4394.87
31719, 4385.64
31720, 4387.18
31721, 4387.69
31722, 4387.18
31723, 4395.38
31724, 4394.87
31725, 4387.69
31726, 4388.21
31727, 4390.77
31728, 4391.28
31729, 4385.64
31730, 4383.08
31731, 4392.82
31732, 4395.38
31733, 4389.74
31734, 4391.28
31735, 4395.38
31736, 4392.82
31737, 4390.26
31738, 4397.44
31739, 4399.49
31740, 4389.23
31741, 4381.03
31742, 4386.15
31743, 4396.41
31744, 4391.79
31745, 4387.69
31746, 4392.82
31747, 4382.56
31748, 4369.74
31749, 4371.79
31750, 4374.36
31751, 4375.9
31752, 4376.41
31753, 4381.54
31754, 4382.56
31755, 4376.41
31756, 4379.49
31757, 4382.05
31758, 4370.26
31759, 4365.64
31760, 4381.54
31761, 4386.15
31762, 4368.72
31763, 4366.15
31764, 4376.41
31765, 4367.69
31766, 4355.9
31767, 4360.51
31768, 4372.82
31769, 4380.51
31770, 4376.92
31771, 4374.36
31772, 4377.44
31773, 4375.38
31774, 4367.69
31775, 4359.49
31776, 4365.13
31777, 4375.9
31778, 4376.41
31779, 4375.9
31780, 4376.41
31781, 4374.36
31782, 4369.74
31783, 4367.18
31784, 4378.46
31785, 4375.9
31786, 4367.69
31787, 4401.54
31788, 4430.26
31789, 4383.08
31790, 4299.49
31791, 4264.1
31792, 4291.79
31793, 4354.36
31794, 4425.64
31795, 4466.15
31796, 4444.1
31797, 4412.82
31798, 4389.23
31799, 4290.77
31800, 4203.08
31801, 4258.97
31802, 4363.08
31803, 4439.49
31804, 4504.1
31805, 4488.72
31806, 4373.33
31807, 4258.46
31808, 4226.15
31809, 4275.38
31810, 4344.1
31811, 4426.67
31812, 4506.15
31813, 4475.9
31814, 4356.41
31815, 4261.03
31816, 4222.05
31817, 4265.13
31818, 4356.41
31819, 4440
31820, 4497.44
31821, 4467.69
31822, 4358.97
31823, 4265.64
31824, 4232.82
31825, 4271.79
31826, 4349.23
31827, 4431.28
31828, 4490.77
31829, 4458.46
31830, 4352.82
31831, 4260
31832, 4223.59
31833, 4261.54
31834, 4343.59
31835, 4427.18
31836, 4473.85
31837, 4435.9
31838, 4343.59
31839, 4260.51
31840, 4221.54
31841, 4252.82
31842, 4339.49
31843, 4427.69
31844, 4468.21
31845, 4437.44
31846, 4354.87
31847, 4264.1
31848, 4223.59
31849, 4258.97
31850, 4342.05
31851, 4423.08
31852, 4460
31853, 4429.74
31854, 4345.64
31855, 4265.13
31856, 4226.15
31857, 4247.18
31858, 4329.74
31859, 4425.13
31860, 4467.69
31861, 4434.87
31862, 4349.23
31863, 4259.49
31864, 4224.62
31865, 4268.21
31866, 4347.69
31867, 4418.46
31868, 4463.59
31869, 4442.05
31870, 4347.69
31871, 4258.97
31872, 4234.87
31873, 4274.36
31874, 4349.23
31875, 4424.62
31876, 4464.1
31877, 4430.77
31878, 4345.64
31879, 4270.77
31880, 4244.62
31881, 4276.41
31882, 4343.59
31883, 4421.54
31884, 4466.15
31885, 4426.15
31886, 4339.49
31887, 4268.72
31888, 4239.49
31889, 4272.82
31890, 4348.21
31891, 4424.62
31892, 4465.13
31893, 4428.21
31894, 4345.64
31895, 4273.85
31896, 4247.69
31897, 4282.56
31898, 4352.82
31899, 4428.21
31900, 4467.69
31901, 4432.31
31902, 4349.74
31903, 4273.33
31904, 4244.62
31905, 4280
31906, 4356.92
31907, 4437.95
31908, 4477.95
31909, 4442.05
31910, 4352.31
31911, 4273.85
31912, 4246.15
31913, 4274.87
31914, 4352.31
31915, 4422.05
31916, 4416.92
31917, 4369.23
31918, 4353.85
31919, 4361.03
31920, 4353.85
31921, 4345.13
31922, 4354.36
31923, 4363.08
31924, 4361.54
31925, 4358.97
31926, 4356.41
31927, 4356.41
31928, 4357.95
31929, 4361.54
31930, 4357.95
31931, 4341.03
31932, 4348.21
31933, 4367.18
31934, 4358.46
31935, 4354.36
31936, 4367.69
31937, 4364.1
31938, 4353.33
31939, 4354.36
31940, 4356.92
31941, 4354.36
31942, 4357.44
31943, 4360.51
31944, 4357.44
31945, 4357.95
31946, 4359.49
31947, 4360
31948, 4364.1
31949, 4360.51
31950, 4355.9
31951, 4357.95
31952, 4360.51
31953, 4361.03
31954, 4354.36
31955, 4350.26
31956, 4356.92
31957, 4360
31958, 4362.56
31959, 4360.51
31960, 4356.92
31961, 4360.51
31962, 4360
31963, 4361.03
31964, 4366.15
31965, 4364.1
31966, 4357.95
31967, 4356.41
31968, 4358.97
31969, 4361.03
31970, 4366.67
31971, 4372.31
31972, 4366.15
31973, 4362.56
31974, 4363.59
31975, 4356.41
31976, 4354.87
31977, 4362.56
31978, 4364.62
31979, 4358.46
31980, 4356.92
31981, 4363.08
31982, 4362.05
31983, 4357.95
31984, 4362.56
31985, 4362.56
31986, 4362.05
31987, 4369.74
31988, 4369.74
31989, 4361.03
31990, 4357.44
31991, 4366.67
31992, 4370.26
31993, 4362.56
31994, 4361.54
31995, 4359.49
31996, 4359.49
31997, 4359.49
31998, 4355.38
31999, 4361.03
32000, 4368.21
32001, 4364.62
32002, 4363.08
32003, 4365.64
32004, 4364.1
32005, 4360.51
32006, 4362.05
32007, 4363.08
32008, 4361.03
32009, 4362.56
32010, 4361.03
32011, 4359.49
32012, 4365.13
32013, 4364.1
32014, 4361.54
32015, 4361.03
32016, 4360.51
32017, 4368.72
32018, 4371.79
32019, 4365.13
32020, 4358.46
32021, 4360
32022, 4365.13
32023, 4361.54
32024, 4357.95
32025, 4361.54
32026, 4362.05
32027, 4364.1
32028, 4367.18
32029, 4364.1
32030, 4363.08
32031, 4365.13
32032, 4365.64
32033, 4363.08
32034, 4360
32035, 4363.59
32036, 4367.18
32037, 4367.18
32038, 4365.13
32039, 4363.59
32040, 4368.21
32041, 4368.72
32042, 4364.62
32043, 4365.64
32044, 4372.31
32045, 4381.03
32046, 4373.85
32047, 4359.49
32048, 4358.46
32049, 4366.15
32050, 4373.85
32051, 4371.28
32052, 4360
32053, 4359.49
32054, 4372.31
32055, 4373.85
32056, 4357.95
32057, 4357.95
32058, 4376.92
32059, 4379.49
32060, 4367.18
32061, 4362.05
32062, 4360
32063, 4364.62
32064, 4369.74
32065, 4368.72
32066, 4364.1
32067, 4361.03
32068, 4368.72
32069, 4373.33
32070, 4368.21
32071, 4364.1
32072, 4369.23
32073, 4377.44
32074, 4373.85
32075, 4367.18
32076, 4368.21
32077, 4367.18
32078, 4372.82
32079, 4378.46
32080, 4365.64
32081, 4355.38
32082, 4357.95
32083, 4364.62
32084, 4369.23
32085, 4369.23
32086, 4373.85
32087, 4372.82
32088, 4365.13
32089, 4370.26
32090, 4373.85
32091, 4369.74
32092, 4365.13
32093, 4367.18
32094, 4367.69
32095, 4364.62
32096, 4371.79
32097, 4373.85
32098, 4372.31
32099, 4378.97
32100, 4376.41
32101, 4368.72
32102, 4365.13
32103, 4365.13
32104, 4366.15
32105, 4366.15
32106, 4365.64
32107, 4367.69
32108, 4369.74
32109, 4374.36
32110, 4373.33
32111, 4367.18
32112, 4368.72
32113, 4372.82
32114, 4372.82
32115, 4371.28
32116, 4372.82
32117, 4376.41
32118, 4374.36
32119, 4371.79
32120, 4369.74
32121, 4368.72
32122, 4371.79
32123, 4371.79
32124, 4373.85
32125, 4385.13
32126, 4386.67
32127, 4373.33
32128, 4358.97
32129, 4359.49
32130, 4368.21
32131, 4372.82
32132, 4374.36
32133, 4374.36
32134, 4383.59
32135, 4384.1
32136, 4365.64
32137, 4367.18
32138, 4382.56
32139, 4372.31
32140, 4358.97
32141, 4367.69
32142, 4378.97
32143, 4381.03
32144, 4378.46
32145, 4371.28
32146, 4367.69
32147, 4376.92
32148, 4381.03
32149, 4375.9
32150, 4377.95
32151, 4376.41
32152, 4375.38
32153, 4374.36
32154, 4364.1
32155, 4363.59
32156, 4370.77
32157, 4371.79
32158, 4373.85
32159, 4373.33
32160, 4371.79
32161, 4374.87
32162, 4377.44
32163, 4375.9
32164, 4370.26
32165, 4367.69
32166, 4370.26
32167, 4374.36
32168, 4375.9
32169, 4371.28
32170, 4375.9
32171, 4378.97
32172, 4374.87
32173, 4378.46
32174, 4375.38
32175, 4372.82
32176, 4380
32177, 4377.44
32178, 4371.79
32179, 4372.31
32180, 4379.49
32181, 4388.72
32182, 4385.13
32183, 4375.38
32184, 4373.33
32185, 4378.46
32186, 4377.44
32187, 4362.56
32188, 4359.49
32189, 4376.92
32190, 4387.69
32191, 4384.62
32192, 4373.85
32193, 4366.67
32194, 4369.74
32195, 4373.85
32196, 4374.36
32197, 4373.85
32198, 4377.44
32199, 4376.92
32200, 4373.33
32201, 4379.49
32202, 4381.03
32203, 4375.9
32204, 4381.03
32205, 4381.03
32206, 4375.38
32207, 4383.08
32208, 4388.21
32209, 4371.79
32210, 4360
32211, 4374.36
32212, 4381.54
32213, 4372.31
32214, 4375.9
32215, 4379.49
32216, 4374.87
32217, 4375.38
32218, 4376.41
32219, 4377.44
32220, 4373.33
32221, 4370.77
32222, 4375.9
32223, 4380.51
32224, 4382.56
32225, 4380
32226, 4376.41
32227, 4374.36
32228, 4366.15
32229, 4352.31
32230, 4339.49
32231, 4335.9
32232, 4341.03
32233, 4331.79
32234, 4326.67
32235, 4344.1
32236, 4348.72, estimuli
32237, 4336.41
32238, 4332.82
32239, 4351.28
32240, 4368.21
32241, 4366.67
32242, 4362.56
32243, 4362.56
32244, 4364.62
32245, 4365.13
32246, 4367.18
32247, 4369.74
32248, 4361.54
32249, 4355.9
32250, 4363.08
32251, 4366.15
32252, 4369.23
32253, 4370.26
32254, 4358.97
32255, 4355.9
32256, 4359.49
32257, 4356.41
32258, 4355.38
32259, 4369.23
32260, 4377.95
32261, 4361.54
32262, 4355.9
32263, 4373.33
32264, 4372.31
32265, 4357.95
32266, 4357.44
32267, 4365.64
32268, 4369.23
32269, 4371.28
32270, 4375.9
32271, 4370.77
32272, 4365.13
32273, 4371.28
32274, 4375.9
32275, 4373.85
32276, 4368.21
32277, 4369.74
32278, 4378.97
32279, 4376.92
32280, 4375.38
32281, 4381.03
32282, 4381.54
32283, 4380.51
32284, 4375.9
32285, 4372.82
32286, 4379.49
32287, 4382.05
32288, 4382.05
32289, 4386.15
32290, 4387.69
32291, 4377.95
32292, 4366.67
32293, 4375.9
32294, 4385.13
32295, 4374.87
32296, 4383.08
32297, 4423.59
32298, 4438.97
32299, 4379.49
32300, 4300
32301, 4284.1
32302, 4319.49
32303, 4381.03
32304, 4447.69
32305, 4473.85
32306, 4453.33
32307, 4426.15
32308, 4381.03
32309, 4280.51
32310, 4237.95
32311, 4308.21
32312, 4389.23
32313, 4472.31
32314, 4528.21
32315, 4480
32316, 4378.97
32317, 4283.59
32318, 4236.41
32319, 4292.82
32320, 4389.74
32321, 4470.26
32322, 4517.95
32323, 4474.36
32324, 4369.23
32325, 4274.87
32326, 4246.15
32327, 4303.59
32328, 4394.36
32329, 4480
32330, 4521.03
32331, 4469.74
32332, 4363.08
32333, 4274.36
32334, 4245.64
32335, 4298.46
32336, 4392.82
32337, 4473.85
32338, 4511.28
32339, 4467.18
32340, 4364.62
32341, 4281.03
32342, 4262.56
32343, 4307.18
32344, 4390.26
32345, 4472.82
32346, 4508.21
32347, 4461.03
32348, 4360
32349, 4281.54
32350, 4265.13
32351, 4312.31
32352, 4397.44
32353, 4470.77
32354, 4501.54
32355, 4465.64
32356, 4372.82
32357, 4290.77
32358, 4266.67
32359, 4309.23
32360, 4394.36
32361, 4471.28
32362, 4502.56
32363, 4460
32364, 4371.28
32365, 4295.9
32366, 4264.1
32367, 4303.08
32368, 4394.87
32369, 4475.38
32370, 4500
32371, 4450.26
32372, 4363.59
32373, 4293.33
32374, 4275.38
32375, 4321.03
32376, 4395.38
32377, 4467.18
32378, 4493.85
32379, 4447.18
32380, 4369.74
32381, 4299.49
32382, 4267.18
32383, 4309.23
32384, 4397.44
32385, 4473.33
32386, 4496.41
32387, 4452.82
32388, 4373.33
32389, 4296.41
32390, 4270.77
32391, 4317.95
32392, 4399.49
32393, 4471.28
32394, 4491.79
32395, 4450.77
32396, 4372.82
32397, 4294.87
32398, 4267.69
32399, 4312.82
32400, 4398.97
32401, 4474.36
32402, 4494.87
32403, 4450.26
32404, 4369.23
32405, 4296.41
32406, 4275.38
32407, 4317.95
32408, 4400.51
32409, 4470.77
32410, 4484.62
32411, 4442.56
32412, 4367.18
32413, 4296.92
32414, 4272.82
32415, 4321.03
32416, 4406.67
32417, 4468.72
32418, 4484.1
32419, 4444.62
32420, 4369.74
32421, 4305.64
32422, 4276.41
32423, 4312.31
32424, 4399.49
32425, 4453.33
32426, 4436.92
32427, 4390.77
32428, 4375.38
32429, 4389.23
32430, 4382.05
32431, 4372.31
32432, 4379.49
32433, 4382.05
32434, 4381.03
32435, 4382.05
32436, 4381.03
32437, 4380
32438, 4381.03
32439, 4382.05
32440, 4376.92
32441, 4375.38
32442, 4379.49
32443, 4383.59
32444, 4392.31
32445, 4389.74
32446, 4373.85
32447, 4371.28
32448, 4384.62
32449, 4393.33
32450, 4379.49
32451, 4367.18
32452, 4378.46
32453, 4385.64
32454, 4384.62
32455, 4384.62
32456, 4382.56
32457, 4384.1
32458, 4384.1
32459, 4383.08
32460, 4384.62
32461, 4385.13
32462, 4386.67
32463, 4384.1
32464, 4383.59
32465, 4387.18
32466, 4383.59
32467, 4381.03
32468, 4384.62
32469, 4386.15
32470, 4381.54
32471, 4382.05
32472, 4387.18
32473, 4380.51
32474, 4384.1
32475, 4400
32476, 4387.69
32477, 4374.87
32478, 4383.08
32479, 4384.62
32480, 4385.13
32481, 4387.18
32482, 4378.97
32483, 4371.79
32484, 4378.97
32485, 4389.23
32486, 4386.67
32487, 4383.59
32488, 4385.64
32489, 4384.1
32490, 4384.1
32491, 4382.56
32492, 4378.97
32493, 4384.62
32494, 4383.59
32495, 4380.51
32496, 4383.59
32497, 4385.13
32498, 4384.62
32499, 4384.1
32500, 4387.69
32501, 4391.79
32502, 4388.72
32503, 4382.05
32504, 4376.92
32505, 4382.05
32506, 4386.67
32507, 4380.51
32508, 4387.18
32509, 4401.03
32510, 4402.56
32511, 4388.72
32512, 4377.95
32513, 4389.23
32514, 4391.79
32515, 4372.82
32516, 4372.82
32517, 4386.67
32518, 4390.26
32519, 4388.21
32520, 4387.69
32521, 4385.13
32522, 4380.51
32523, 4387.18
32524, 4389.23
32525, 4377.95
32526, 4381.54
32527, 4396.92
32528, 4402.05
32529, 4386.15
32530, 4369.74
32531, 4376.92
32532, 4382.05
32533, 4382.05
32534, 4387.69
32535, 4384.1
32536, 4380.51
32537, 4385.64
32538, 4391.28
32539, 4389.23
32540, 4382.56
32541, 4386.15
32542, 4390.77
32543, 4386.15
32544, 4383.59
32545, 4381.03
32546, 4383.59
32547, 4387.69
32548, 4386.15
32549, 4387.18
32550, 4386.15
32551, 4381.54
32552, 4383.59
32553, 4392.31
32554, 4401.03
32555, 4392.31
32556, 4379.49
32557, 4381.54
32558, 4386.67
32559, 4389.74
32560, 4384.1
32561, 4371.79
32562, 4374.36
32563, 4383.08
32564, 4386.15
32565, 4388.21
32566, 4389.74
32567, 4384.62
32568, 4378.46
32569, 4388.72
32570, 4392.82
32571, 4384.1
32572, 4390.26
32573, 4390.26
32574, 4376.92
32575, 4378.97
32576, 4388.72
32577, 4391.28
32578, 4387.69
32579, 4383.59
32580, 4387.18
32581, 4396.92
32582, 4394.87
32583, 4373.85
32584, 4373.85
32585, 4392.31
32586, 4383.59
32587, 4376.41
32588, 4389.23
32589, 4389.74
32590, 4384.1
32591, 4384.1
32592, 4385.64
32593, 4385.13
32594, 4383.08
32595, 4386.67
32596, 4388.21
32597, 4389.74
32598, 4394.87
32599, 4394.36
32600, 4393.33
32601, 4393.85
32602, 4396.41
32603, 4392.82
32604, 4384.1
32605, 4391.28
32606, 4395.38
32607, 4381.54
32608, 4378.97
32609, 4391.28
32610, 4393.85
32611, 4382.56
32612, 4383.59
32613, 4392.82
32614, 4382.56
32615, 4375.9
32616, 4386.67
32617, 4390.26
32618, 4384.1
32619, 4380
32620, 4386.15
32621, 4392.31
32622, 4387.69
32623, 4389.74
32624, 4390.77
32625, 4386.67
32626, 4391.79
32627, 4393.33
32628, 4386.15
32629, 4385.13
32630, 4390.77
32631, 4392.82
32632, 4386.15
32633, 4384.62
32634, 4387.18
32635, 4387.69
32636, 4392.31
32637, 4393.33
32638, 4394.36
32639, 4391.28
32640, 4383.08
32641, 4386.15
32642, 4391.28
32643, 4387.69
32644, 4386.15
32645, 4386.15
32646, 4387.69
32647, 4386.67
32648, 4383.59
32649, 4386.15
32650, 4385.13
32651, 4382.05
32652, 4381.03
32653, 4383.08
32654, 4386.67
32655, 4381.03
32656, 4380.51
32657, 4386.67
32658, 4387.69
32659, 4386.67
32660, 4383.59
32661, 4384.62
32662, 4387.18
32663, 4383.59
32664, 4388.72
32665, 4393.85
32666, 4388.72
32667, 4382.05
32668, 4382.05
32669, 4390.77
32670, 4387.69
32671, 4378.97
32672, 4382.05
32673, 4385.64
32674, 4394.36
32675, 4401.03
32676, 4392.31
32677, 4386.15
32678, 4390.77
32679, 4394.36
32680, 4386.67
32681, 4381.03
32682, 4381.54
32683, 4372.31
32684, 4373.85
32685, 4389.23
32686, 4385.64
32687, 4380.51
32688, 4388.72
32689, 4391.79
32690, 4386.15
32691, 4386.67
32692, 4396.41
32693, 4395.38
32694, 4391.28
32695, 4390.77
32696, 4385.64
32697, 4385.13
32698, 4386.15
32699, 4384.62
32700, 4392.31
32701, 4394.87
32702, 4387.18
32703, 4383.08
32704, 4385.13
32705, 4390.77
32706, 4389.23
32707, 4385.13
32708, 4384.1
32709, 4385.64
32710, 4391.28
32711, 4387.18
32712, 4380.51
32713, 4386.15
32714, 4386.67
32715, 4384.62
32716, 4384.1
32717, 4387.69
32718, 4393.85
32719, 4389.74
32720, 4390.26
32721, 4395.38
32722, 4391.79
32723, 4388.21
32724, 4387.69
32725, 4393.33
32726, 4395.38
32727, 4385.64
32728, 4383.59
32729, 4389.74
32730, 4389.74
32731, 4384.1
32732, 4384.1
32733, 4392.31
32734, 4392.31
32735, 4390.26
32736, 4394.36
32737, 4394.36
32738, 4391.79
32739, 4388.72
32740, 4394.36
32741, 4404.1
32742, 4394.36
32743, 4384.1
32744, 4388.72
32745, 4392.82
32746, 4391.79
32747, 4388.21
32748, 4389.23
32749, 4392.31
32750, 4390.26
32751, 4386.15
32752, 4379.49
32753, 4380.51
32754, 4389.23
32755, 4392.31
32756, 4394.87
32757, 4391.79
32758, 4381.03
32759, 4377.95
32760, 4382.56
32761, 4392.82
32762, 4394.87
32763, 4386.15
32764, 4391.28
32765, 4397.95
32766, 4393.85
32767, 4387.69
32768, 4389.23
32769, 4400.51
32770, 4392.82
32771, 4378.46
32772, 4378.97
32773, 4386.15
32774, 4393.33
32775, 4392.31
32776, 4386.67
32777, 4381.03
32778, 4379.49
32779, 4389.23
32780, 4390.77
32781, 4384.62
32782, 4387.18
32783, 4388.72
32784, 4387.69
32785, 4386.15
32786, 4385.64
32787, 4390.77
32788, 4390.26
32789, 4387.69
32790, 4390.26
32791, 4390.26
32792, 4389.74
32793, 4387.18
32794, 4386.67
32795, 4386.67
32796, 4386.15
32797, 4391.79
32798, 4388.21
32799, 4385.13
32800, 4396.41
32801, 4396.92
32802, 4385.64
32803, 4381.03
32804, 4385.64
32805, 4389.74
32806, 4388.21
32807, 4392.31
32808, 4395.38
32809, 4391.79
32810, 4390.26
32811, 4391.28
32812, 4395.38
32813, 4390.77
32814, 4389.74
32815, 4396.41
32816, 4381.54
32817, 4370.77
32818, 4383.59
32819, 4389.23
32820, 4389.23
32821, 4394.87
32822, 4397.44
32823, 4389.74
32824, 4385.13
32825, 4399.49
32826, 4400.51
32827, 4388.72
32828, 4392.31
32829, 4394.36
32830, 4389.23
32831, 4385.13
32832, 4387.18
32833, 4397.44
32834, 4405.13
32835, 4409.23
32836, 4406.15
32837, 4400
32838, 4401.03
32839, 4399.49
32840, 4401.54
32841, 4408.21
32842, 4401.03
32843, 4389.23
32844, 4385.13
32845, 4390.26
32846, 4394.87
32847, 4387.69
32848, 4382.05
32849, 4386.15
32850, 4392.31
32851, 4392.82
32852, 4387.69
32853, 4388.72
32854, 4395.9
32855, 4397.95
32856, 4392.31
32857, 4383.08
32858, 4383.08
32859, 4383.08
32860, 4376.41
32861, 4382.56
32862, 4391.28
32863, 4390.26
32864, 4390.77
32865, 4393.33
32866, 4391.28
32867, 4381.54
32868, 4385.13
32869, 4393.85
32870, 4387.69
32871, 4389.23
32872, 4393.33
32873, 4389.74
32874, 4390.26
32875, 4388.72
32876, 4387.69
32877, 4389.74
32878, 4389.23
32879, 4390.77
32880, 4386.15
32881, 4383.08
32882, 4391.28
32883, 4396.92
32884, 4392.82
32885, 4384.1
32886, 4387.69
32887, 4390.77
32888, 4384.62
32889, 4390.77
32890, 4394.36
32891, 4391.79
32892, 4394.87
32893, 4392.82
32894, 4388.21
32895, 4382.05
32896, 4382.05
32897, 4391.28
32898, 4388.72
32899, 4384.62
32900, 4388.21
32901, 4389.74
32902, 4389.74
32903, 4385.64
32904, 4385.64
32905, 4392.31
32906, 4390.77
32907, 4388.21
32908, 4393.85
32909, 4400.51
32910, 4395.38
32911, 4382.05
32912, 4383.08
32913, 4388.21
32914, 4390.77
32915, 4393.33
32916, 4389.23
32917, 4389.74
32918, 4389.23
32919, 4391.28
32920, 4394.87
32921, 4387.18
32922, 4388.21
32923, 4393.85
32924, 4390.26
32925, 4390.77
32926, 4393.33
32927, 4390.77
32928, 4387.69
32929, 4386.67
32930, 4389.23
32931, 4387.18
32932, 4386.15
32933, 4392.31
32934, 4391.79
32935, 4389.23
32936, 4390.26
32937, 4394.87
32938, 4394.36
32939, 4381.03
32940, 4379.49
32941, 4390.77
32942, 4395.9
32943, 4393.33
32944, 4388.21
32945, 4391.28
32946, 4392.82
32947, 4388.21
32948, 4392.31
32949, 4394.87
32950, 4389.74
32951, 4384.62
32952, 4386.67
32953, 4395.9
32954, 4391.79
32955, 4387.69
32956, 4396.92
32957, 4396.41
32958, 4393.85
32959, 4391.28
32960, 4395.38
32961, 4406.15
32962, 4397.44
32963, 4390.26
32964, 4402.56
32965, 4409.74
32966, 4400.51
32967, 4391.28
32968, 4395.9
32969, 4399.49
32970, 4395.38
32971, 4395.38
32972, 4397.95
32973, 4402.05
32974, 4407.18
32975, 4413.85
32976, 4413.85
32977, 4402.05
32978, 4402.56
32979, 4409.74
32980, 4396.41
32981, 4388.21
32982, 4394.87
32983, 4403.08
32984, 4404.62
32985, 4397.44
32986, 4399.49
32987, 4406.67
32988, 4403.08
32989, 4406.15
32990, 4415.38
32991, 4413.85
32992, 4397.95
32993, 4394.87
32994, 4410.77
32995, 4414.36
32996, 4412.82
32997, 4416.41
32998, 4413.85
32999, 4414.87
33000, 4414.87
33001, 4411.79
33002, 4412.82
33003, 4413.85
33004, 4415.38
33005, 4412.82
33006, 4411.79
33007, 4411.79
33008, 4408.72
33009, 4414.36
33010, 4415.38
33011, 4406.67
33012, 4405.13
33013, 4407.18
33014, 4407.18
33015, 4402.05
33016, 4395.9
33017, 4407.18
33018, 4418.46
33019, 4410.77
33020, 4397.44
33021, 4398.97
33022, 4411.79
33023, 4409.23
33024, 4396.92
33025, 4397.95
33026, 4404.62
33027, 4405.13
33028, 4391.28
33029, 4387.18
33030, 4400.51
33031, 4404.1
33032, 4406.15
33033, 4406.67
33034, 4398.97
33035, 4398.97
33036, 4400.51
33037, 4400.51
33038, 4398.97
33039, 4397.95
33040, 4403.08
33041, 4404.62
33042, 4402.56
33043, 4404.1
33044, 4408.21
33045, 4409.74
33046, 4398.97
33047, 4392.31
33048, 4397.44
33049, 4396.92
33050, 4398.46
33051, 4404.1
33052, 4405.13
33053, 4403.59
33054, 4399.49
33055, 4403.59
33056, 4406.15
33057, 4400
33058, 4402.05
33059, 4405.13
33060, 4406.67
33061, 4403.59
33062, 4398.46
33063, 4402.56
33064, 4400.51
33065, 4402.05
33066, 4411.28
33067, 4404.62
33068, 4395.38
33069, 4400
33070, 4405.64
33071, 4405.64
33072, 4405.13
33073, 4408.21
33074, 4408.21
33075, 4401.03
33076, 4397.44
33077, 4402.05
33078, 4410.26
33079, 4400.51
33080, 4387.69
33081, 4404.1
33082, 4415.9
33083, 4411.79
33084, 4408.21
33085, 4405.13
33086, 4402.56
33087, 4390.26
33088, 4388.21
33089, 4403.59
33090, 4409.23
33091, 4399.49
33092, 4390.26
33093, 4396.92
33094, 4405.64
33095, 4399.49
33096, 4398.97
33097, 4398.46
33098, 4393.85
33099, 4400.51
33100, 4410.77
33101, 4415.38
33102, 4406.67
33103, 4398.46
33104, 4401.54
33105, 4396.41
33106, 4394.36
33107, 4399.49
33108, 4398.46
33109, 4397.44
33110, 4396.41
33111, 4395.38
33112, 4400.51
33113, 4404.62
33114, 4405.13
33115, 4405.64
33116, 4406.67
33117, 4398.97
33118, 4389.74
33119, 4401.54
33120, 4409.23
33121, 4401.54
33122, 4403.59
33123, 4405.13
33124, 4402.05
33125, 4402.05
33126, 4401.03
33127, 4403.59
33128, 4404.62
33129, 4407.18
33130, 4404.62
33131, 4393.33
33132, 4395.38
33133, 4401.54
33134, 4401.03
33135, 4398.97
33136, 4396.41
33137, 4401.54
33138, 4401.03
33139, 4396.41
33140, 4402.05
33141, 4406.15
33142, 4405.64
33143, 4399.49
33144, 4394.87
33145, 4395.9
33146, 4396.92
33147, 4407.69
33148, 4410.26
33149, 4401.54
33150, 4400
33151, 4392.82
33152, 4391.79
33153, 4401.54
33154, 4401.54
33155, 4404.62
33156, 4413.85
33157, 4406.15
33158, 4388.72
33159, 4387.18
33160, 4397.95
33161, 4398.46
33162, 4400.51
33163, 4407.69
33164, 4402.56
33165, 4400
33166, 4399.49
33167, 4395.38
33168, 4397.44
33169, 4396.92
33170, 4398.97
33171, 4401.54
33172, 4400.51
33173, 4404.1
33174, 4404.1
33175, 4400
33176, 4399.49
33177, 4400.51
33178, 4404.62
33179, 4402.56
33180, 4399.49
33181, 4405.64
33182, 4406.15
33183, 4401.54
33184, 4396.92
33185, 4399.49
33186, 4406.15
33187, 4397.95
33188, 4394.87
33189, 4400.51
33190, 4400
33191, 4397.44
33192, 4396.41
33193, 4397.95
33194, 4396.92
33195, 4397.44
33196, 4398.97
33197, 4394.87
33198, 4400.51
33199, 4405.64
33200, 4400
33201, 4404.1
33202, 4403.08
33203, 4394.87
33204, 4398.46
33205, 4404.62
33206, 4399.49
33207, 4393.33
33208, 4404.62
33209, 4408.72
33210, 4392.31
33211, 4395.38
33212, 4406.15
33213, 4401.54
33214, 4397.95
33215, 4393.85
33216, 4395.38
33217, 4400.51
33218, 4395.9
33219, 4393.85
33220, 4396.92
33221, 4402.56
33222, 4407.69
33223, 4403.59
33224, 4400
33225, 4401.54
33226, 4408.21
33227, 4411.79
33228, 4406.67
33229, 4403.59
33230, 4401.54
33231, 4400.51
33232, 4402.05
33233, 4399.49
33234, 4399.49
33235, 4402.05
33236, 4408.21
33237, 4408.21
33238, 4392.82
33239, 4392.31
33240, 4403.08
33241, 4406.67
33242, 4407.69
33243, 4400
33244, 4394.36
33245, 4402.56
33246, 4404.1
33247, 4401.03
33248, 4399.49
33249, 4398.97
33250, 4400
33251, 4397.44
33252, 4402.56
33253, 4401.54
33254, 4398.97
33255, 4407.69
33256, 4406.67
33257, 4398.97
33258, 4396.41
33259, 4401.03
33260, 4404.62
33261, 4397.95
33262, 4398.97
33263, 4407.18
33264, 4411.79
33265, 4408.21
33266, 4394.87
33267, 4391.79
33268, 4402.05
33269, 4408.21
33270, 4406.67
33271, 4396.41
33272, 4393.33
33273, 4398.46
33274, 4397.95
33275, 4403.08
33276, 4406.67
33277, 4406.15
33278, 4411.28
33279, 4399.49
33280, 4389.23
33281, 4396.41
33282, 4401.03
33283, 4398.97
33284, 4395.9
33285, 4401.54
33286, 4405.13
33287, 4402.56
33288, 4402.56
33289, 4403.08
33290, 4409.74
33291, 4407.69
33292, 4394.36
33293, 4395.9
33294, 4401.54
33295, 4400.51
33296, 4401.54
33297, 4401.03
33298, 4402.56
33299, 4400
33300, 4394.87
33301, 4396.92
33302, 4397.95
33303, 4398.97
33304, 4397.44
33305, 4402.05
33306, 4413.85
33307, 4406.15
33308, 4399.49
33309, 4406.67
33310, 4403.08
33311, 4391.79
33312, 4390.77
33313, 4399.49
33314, 4401.54
33315, 4399.49
33316, 4410.26
33317, 4409.23
33318, 4396.92
33319, 4396.92
33320, 4400.51
33321, 4403.08
33322, 4402.05
33323, 4395.9
33324, 4399.49
33325, 4404.1
33326, 4404.1
33327, 4397.44
33328, 4394.87
33329, 4402.56
33330, 4405.64
33331, 4405.13
33332, 4403.59
33333, 4405.13
33334, 4406.15
33335, 4396.41
33336, 4393.85
33337, 4398.97
33338, 4392.82
33339, 4395.38
33340, 4396.41
33341, 4379.49
33342, 4369.23
33343, 4370.26
33344, 4368.21
33345, 4356.41
33346, 4349.23
33347, 4364.62
33348, 4380
33349, 4376.92
33350, 4372.31
33351, 4386.67
33352, 4402.56
33353, 4393.85
33354, 4391.28
33355, 4400
33356, 4392.31
33357, 4385.64
33358, 4381.54
33359, 4378.97
33360, 4384.1
33361, 4393.33
33362, 4400.51
33363, 4395.38
33364, 4394.36
33365, 4401.54
33366, 4397.95
33367, 4398.46
33368, 4403.08
33369, 4400
33370, 4393.33
33371, 4387.18
33372, 4391.79
33373, 4392.82
33374, 4389.74
33375, 4398.46
33376, 4401.03
33377, 4397.44
33378, 4401.54
33379, 4407.18
33380, 4405.64
33381, 4395.38
33382, 4392.31
33383, 4391.79
33384, 4388.72
33385, 4397.95
33386, 4401.54
33387, 4395.9
33388, 4397.44
33389, 4396.92
33390, 4396.92
33391, 4398.46
33392, 4401.54
33393, 4407.18
33394, 4402.56
33395, 4405.13
33396, 4410.77
33397, 4406.15
33398, 4402.56
33399, 4395.38
33400, 4396.92
33401, 4403.59
33402, 4397.44
33403, 4398.46
33404, 4407.18
33405, 4407.69
33406, 4403.08
33407, 4402.56
33408, 4406.15
33409, 4405.13
33410, 4407.69
33411, 4412.31
33412, 4405.64
33413, 4403.08
33414, 4405.64
33415, 4408.21
33416, 4407.18
33417, 4393.85
33418, 4396.41
33419, 4406.67
33420, 4406.15
33421, 4406.67
33422, 4406.15
33423, 4407.18
33424, 4407.69
33425, 4401.54
33426, 4400.51
33427, 4397.44
33428, 4396.41
33429, 4402.05
33430, 4402.05
33431, 4398.97
33432, 4393.85
33433, 4394.36
33434, 4403.08
33435, 4404.62
33436, 4407.69
33437, 4408.72
33438, 4403.08
33439, 4402.56
33440, 4400.51
33441, 4402.56
33442, 4407.18
33443, 4403.08
33444, 4396.92
33445, 4396.41
33446, 4404.62
33447, 4406.67
33448, 4399.49
33449, 4402.56
33450, 4407.69
33451, 4407.69
33452, 4401.54
33453, 4396.92
33454, 4403.08
33455, 4406.15
33456, 4403.08
33457, 4404.1
33458, 4399.49
33459, 4399.49
33460, 4403.08
33461, 4404.1
33462, 4407.69
33463, 4405.13
33464, 4407.69
33465, 4412.82
33466, 4411.28
33467, 4411.28
33468, 4403.59
33469, 4397.95
33470, 4403.08
33471, 4406.15
33472, 4406.15
33473, 4405.64
33474, 4410.26
33475, 4411.28
33476, 4406.15
33477, 4412.82
33478, 4415.9
33479, 4410.26
33480, 4405.13
33481, 4396.41
33482, 4395.9
33483, 4397.44
33484, 4402.56
33485, 4410.26
33486, 4404.1
33487, 4407.18
33488, 4416.92
33489, 4404.62
33490, 4394.36
33491, 4403.08
33492, 4410.77
33493, 4409.74
33494, 4408.72
33495, 4407.18
33496, 4398.46
33497, 4401.03
33498, 4407.18
33499, 4400.51
33500, 4401.54
33501, 4404.1
33502, 4402.56
33503, 4408.72
33504, 4409.23
33505, 4410.26
33506, 4414.87
33507, 4410.77
33508, 4404.1
33509, 4397.95
33510, 4395.9
33511, 4391.28
33512, 4395.38
33513, 4411.28
33514, 4405.13
33515, 4395.38
33516, 4408.72
33517, 4416.92
33518, 4406.67
33519, 4400
33520, 4407.69
33521, 4409.74
33522, 4397.44
33523, 4393.33
33524, 4400
33525, 4405.64
33526, 4406.67
33527, 4402.56
33528, 4407.69
33529, 4410.77
33530, 4407.69
33531, 4405.64
33532, 4397.44
33533, 4402.05
33534, 4415.9
33535, 4409.74
33536, 4396.92
33537, 4394.36
33538, 4400.51
33539, 4404.62
33540, 4400.51
33541, 4400
33542, 4398.46
33543, 4400.51
33544, 4404.62
33545, 4398.46
33546, 4402.05
33547, 4407.69
33548, 4409.23
33549, 4410.77
33550, 4404.62
33551, 4402.05
33552, 4403.59
33553, 4404.62
33554, 4406.67
33555, 4402.05
33556, 4402.05
33557, 4405.13
33558, 4403.59
33559, 4405.64
33560, 4406.15
33561, 4410.77
33562, 4415.9
33563, 4406.67
33564, 4397.44
33565, 4390.26
33566, 4389.23
33567, 4391.28
33568, 4373.33
33569, 4364.1
33570, 4370.77
33571, 4366.67
33572, 4358.46
33573, 4355.9
33574, 4360
33575, 4366.67
33576, 4380.51, estimuli
33577, 4393.33
33578, 4386.15
33579, 4384.1
33580, 4387.18
33581, 4387.18
33582, 4391.28
33583, 4389.74
33584, 4391.79
33585, 4399.49
33586, 4396.92
33587, 4393.85
33588, 4398.97
33589, 4409.23
33590, 4414.36
33591, 4402.05
33592, 4395.9
33593, 4398.46
33594, 4395.38
33595, 4388.21
33596, 4389.74
33597, 4407.69
33598, 4410.77
33599, 4405.64
33600, 4412.31
33601, 4409.74
33602, 4405.13
33603, 4406.67
33604, 4403.59
33605, 4404.1
33606, 4404.1
33607, 4407.69
33608, 4412.82
33609, 4408.72
33610, 4409.74
33611, 4413.85
33612, 4417.95
33613, 4414.36
33614, 4400
33615, 4406.67
33616, 4420
33617, 4416.41
33618, 4406.15
33619, 4399.49
33620, 4402.56
33621, 4404.1
33622, 4406.15
33623, 4413.85
33624, 4409.23
33625, 4406.67
33626, 4409.74
33627, 4406.15
33628, 4404.62
33629, 4404.62
33630, 4403.08
33631, 4402.56
33632, 4409.23
33633, 4417.95
33634, 4408.72
33635, 4405.13
33636, 4418.46
33637, 4414.36
33638, 4406.67
33639, 4411.79
33640, 4413.33
33641, 4409.74
33642, 4410.26
33643, 4416.92
33644, 4408.72
33645, 4396.41
33646, 4406.67
33647, 4413.33
33648, 4406.67
33649, 4405.13
33650, 4405.13
33651, 4404.62
33652, 4407.69
33653, 4413.33
33654, 4407.69
33655, 4400
33656, 4406.15
33657, 4408.72
33658, 4405.64
33659, 4408.21
33660, 4411.79
33661, 4418.46
33662, 4413.33
33663, 4404.62
33664, 4405.64
33665, 4416.41
33666, 4451.28
33667, 4461.54
33668, 4404.62
33669, 4335.38
33670, 4309.74
33671, 4342.05
33672, 4412.82
33673, 4479.49
33674, 4507.69
33675, 4483.59
33676, 4449.23
33677, 4401.03
33678, 4291.79
33679, 4250.26
33680, 4331.28
33681, 4420
33682, 4499.49
33683, 4546.15
33684, 4500
33685, 4393.85
33686, 4297.95
33687, 4268.21
33688, 4323.59
33689, 4417.44
33690, 4503.59
33691, 4549.23
33692, 4501.03
33693, 4390.77
33694, 4301.54
33695, 4271.79
33696, 4326.15
33697, 4418.97
33698, 4493.33
33699, 4539.49
33700, 4500.51
33701, 4387.18
33702, 4297.44
33703, 4273.33
33704, 4328.21
33705, 4425.13
33706, 4503.08
33707, 4542.05
33708, 4496.41
33709, 4387.69
33710, 4303.59
33711, 4276.41
33712, 4319.49
33713, 4409.23
33714, 4495.9
33715, 4538.46
33716, 4490.26
33717, 4388.21
33718, 4306.67
33719, 4284.1
33720, 4334.36
33721, 4422.56
33722, 4506.67
33723, 4534.36
33724, 4477.95
33725, 4392.31
33726, 4315.38
33727, 4285.64
33728, 4335.38
33729, 4423.59
33730, 4496.92
33731, 4515.38
33732, 4471.79
33733, 4393.85
33734, 4313.85
33735, 4291.28
33736, 4336.41
33737, 4414.36
33738, 4494.36
33739, 4520.51
33740, 4472.31
33741, 4387.69
33742, 4314.36
33743, 4294.36
33744, 4335.9
33745, 4415.9
33746, 4494.36
33747, 4522.56
33748, 4481.03
33749, 4391.79
33750, 4311.28
33751, 4289.74
33752, 4335.38
33753, 4420
33754, 4490.26
33755, 4513.33
33756, 4477.44
33757, 4389.23
33758, 4308.72
33759, 4288.72
33760, 4337.95
33761, 4421.03
33762, 4488.72
33763, 4513.85
33764, 4470.26
33765, 4381.54
33766, 4310.77
33767, 4290.26
33768, 4334.36
33769, 4415.9
33770, 4485.64
33771, 4513.85
33772, 4475.38
33773, 4394.87
33774, 4322.56
33775, 4293.33
33776, 4340
33777, 4425.64
33778, 4492.31
33779, 4508.72
33780, 4461.54
33781, 4383.59
33782, 4313.33
33783, 4292.31
33784, 4341.03
33785, 4415.9
33786, 4486.15
33787, 4512.31
33788, 4466.67
33789, 4392.82
33790, 4322.05
33791, 4284.1
33792, 4328.72
33793, 4423.59
33794, 4476.41
33795, 4449.23
33796, 4407.69
33797, 4409.74
33798, 4414.36
33799, 4402.05
33800, 4399.49
33801, 4408.72
33802, 4408.72
33803, 4397.95
33804, 4402.56
33805, 4410.26
33806, 4401.54
33807, 4393.85
33808, 4395.9
33809, 4405.64
33810, 4408.21
33811, 4400
33812, 4401.54
33813, 4404.1
33814, 4400
33815, 4396.41
33816, 4396.92
33817, 4408.21
33818, 4407.69
33819, 4394.36
33820, 4395.38
33821, 4401.03
33822, 4401.54
33823, 4398.46
33824, 4401.03
33825, 4404.1
33826, 4398.46
33827, 4404.1
33828, 4411.79
33829, 4406.15
33830, 4403.08
33831, 4403.08
33832, 4400
33833, 4395.38
33834, 4395.38
33835, 4403.59
33836, 4403.08
33837, 4403.59
33838, 4407.69
33839, 4400.51
33840, 4400
33841, 4405.64
33842, 4403.59
33843, 4401.54
33844, 4403.59
33845, 4408.72
33846, 4402.56
33847, 4403.08
33848, 4414.36
33849, 4405.13
33850, 4398.46
33851, 4409.74
33852, 4409.74
33853, 4395.38
33854, 4391.28
33855, 4409.23
33856, 4414.36
33857, 4401.54
33858, 4403.59
33859, 4407.18
33860, 4407.18
33861, 4409.23
33862, 4398.97
33863, 4395.9
33864, 4406.15
33865, 4409.23
33866, 4404.62
33867, 4400
33868, 4402.56
33869, 4403.08
33870, 4403.08
33871, 4403.59
33872, 4400.51
33873, 4407.18
33874, 4408.21
33875, 4397.44
33876, 4406.67
33877, 4417.95
33878, 4410.26
33879, 4402.05
33880, 4404.62
33881, 4404.62
33882, 4392.82
33883, 4390.26
33884, 4396.41
33885, 4396.92
33886, 4406.15
33887, 4408.72
33888, 4395.9
33889, 4394.87
33890, 4403.59
33891, 4406.67
33892, 4396.92
33893, 4395.9
33894, 4410.26
33895, 4407.69
33896, 4401.54
33897, 4401.54
33898, 4400
33899, 4400.51
33900, 4397.44
33901, 4397.95
33902, 4401.54
33903, 4395.9
33904, 4396.92
33905, 4403.08
33906, 4406.67
33907, 4408.72
33908, 4404.1
33909, 4400
33910, 4397.44
33911, 4393.33
33912, 4391.28
33913, 4396.41
33914, 4412.31
33915, 4412.31
33916, 4396.41
33917, 4395.9
33918, 4398.46
33919, 4398.46
33920, 4398.46
33921, 4398.46
33922, 4404.62
33923, 4402.56
33924, 4397.44
33925, 4401.54
33926, 4404.62
33927, 4405.13
33928, 4402.05
33929, 4404.1
33930, 4403.59
33931, 4396.92
33932, 4399.49
33933, 4402.05
33934, 4403.59
33935, 4408.21
33936, 4407.69
33937, 4408.72
33938, 4401.54
33939, 4391.79
33940, 4402.05
33941, 4408.72
33942, 4403.59
33943, 4396.92
33944, 4392.82
33945, 4397.44
33946, 4398.46
33947, 4398.97
33948, 4403.59
33949, 4403.59
33950, 4404.1
33951, 4403.08
33952, 4404.62
33953, 4405.64
33954, 4402.56
33955, 4408.72
33956, 4409.74
33957, 4405.13
33958, 4407.69
33959, 4403.08
33960, 4398.46
33961, 4407.69
33962, 4415.38
33963, 4405.64
33964, 4391.28
33965, 4398.97
33966, 4408.21
33967, 4402.05
33968, 4401.54
33969, 4401.54
33970, 4398.46
33971, 4401.54
33972, 4402.05
33973, 4398.46
33974, 4398.97
33975, 4408.72
33976, 4410.77
33977, 4398.97
33978, 4405.13
33979, 4410.26
33980, 4403.59
33981, 4401.54
33982, 4397.95
33983, 4400.51
33984, 4410.26
33985, 4409.23
33986, 4405.13
33987, 4406.15
33988, 4412.82
33989, 4403.59
33990, 4387.18
33991, 4394.36
33992, 4405.13
33993, 4404.62
33994, 4402.05
33995, 4398.46
33996, 4400
33997, 4400.51
33998, 4401.03
33999, 4402.05
34000, 4397.44
34001, 4399.49
34002, 4401.03
34003, 4402.56
34004, 4407.18
34005, 4401.54
34006, 4398.97
34007, 4400.51
34008, 4401.03
34009, 4406.15
34010, 4402.56
34011, 4399.49
34012, 4405.13
34013, 4405.13
34014, 4403.08
34015, 4403.08
34016, 4408.21
34017, 4404.62
34018, 4393.33
34019, 4396.92
34020, 4399.49
34021, 4398.97
34022, 4402.56
34023, 4397.44
34024, 4394.87
34025, 4397.44
34026, 4396.41
34027, 4396.92
34028, 4393.85
34029, 4388.72
34030, 4388.21
34031, 4392.31
34032, 4395.9
34033, 4394.36
34034, 4395.38
34035, 4395.38
34036, 4396.41
34037, 4398.46
34038, 4386.67
34039, 4387.18
34040, 4403.59
34041, 4403.59
34042, 4402.05
34043, 4400
34044, 4396.41
34045, 4398.46
34046, 4393.85
34047, 4391.28
34048, 4392.82
34049, 4392.82
34050, 4394.87
34051, 4390.77
34052, 4382.56
34053, 4381.03
34054, 4390.77
34055, 4397.95
34056, 4388.21
34057, 4389.74
34058, 4400.51
34059, 4394.87
34060, 4388.21
34061, 4397.44
34062, 4405.64
34063, 4397.44
34064, 4393.85
34065, 4408.21
34066, 4408.21
34067, 4400.51
34068, 4405.64
34069, 4409.23
34070, 4404.62
34071, 4395.9
34072, 4396.41
34073, 4401.54
34074, 4394.87
34075, 4396.92
34076, 4404.62
34077, 4399.49
34078, 4400.51
34079, 4402.56
34080, 4401.03
34081, 4402.56
34082, 4404.62
34083, 4408.72
34084, 4401.54
34085, 4398.46
34086, 4405.64
34087, 4404.62
34088, 4399.49
34089, 4397.44
34090, 4398.97
34091, 4398.97
34092, 4397.44
34093, 4404.1
34094, 4404.62
34095, 4396.92
34096, 4402.56
34097, 4410.26
34098, 4407.18
34099, 4397.95
34100, 4400
34101, 4413.33
34102, 4407.69
34103, 4397.95
34104, 4406.67
34105, 4414.36
34106, 4405.64
34107, 4393.85
34108, 4397.95
34109, 4401.03
34110, 4397.95
34111, 4407.18
34112, 4405.13
34113, 4394.87
34114, 4403.59
34115, 4410.77
34116, 4408.21
34117, 4402.05
34118, 4399.49
34119, 4403.59
34120, 4402.05
34121, 4402.56
34122, 4405.64
34123, 4402.05
34124, 4404.62
34125, 4408.72
34126, 4407.69
34127, 4404.1
34128, 4398.46
34129, 4400
34130, 4400
34131, 4401.54
34132, 4405.13
34133, 4401.03
34134, 4401.54
34135, 4402.56
34136, 4403.08
34137, 4404.1
34138, 4403.08
34139, 4407.18
34140, 4402.05
34141, 4398.97
34142, 4404.62
34143, 4401.54
34144, 4401.54
34145, 4409.23
34146, 4409.74
34147, 4408.21
34148, 4407.18
34149, 4409.74
34150, 4407.69
34151, 4401.03
34152, 4406.67
34153, 4404.62
34154, 4397.44
34155, 4401.54
34156, 4404.1
34157, 4402.05
34158, 4393.33
34159, 4389.23
34160, 4397.44
34161, 4401.03
34162, 4398.97
34163, 4396.92
34164, 4401.54
34165, 4406.67
34166, 4402.05
34167, 4403.08
34168, 4405.64
34169, 4397.95
34170, 4402.05
34171, 4408.21
34172, 4405.64
34173, 4397.44
34174, 4393.33
34175, 4404.1
34176, 4404.62
34177, 4398.46
34178, 4403.08
34179, 4406.15
34180, 4405.13
34181, 4402.56
34182, 4402.05
34183, 4400
34184, 4395.38
34185, 4399.49
34186, 4400
34187, 4395.38
34188, 4398.97
34189, 4398.46
34190, 4397.44
34191, 4400.51
34192, 4403.08
34193, 4409.23
34194, 4403.08
34195, 4396.92
34196, 4404.62
34197, 4408.72
34198, 4406.67
34199, 4394.87
34200, 4391.28
34201, 4398.97
34202, 4398.97
34203, 4398.97
34204, 4399.49
34205, 4396.92
34206, 4399.49
34207, 4404.62
34208, 4411.79
34209, 4407.69
34210, 4397.95
34211, 4399.49
34212, 4398.97
34213, 4392.82
34214, 4390.26
34215, 4395.38
34216, 4405.13
34217, 4403.08
34218, 4401.54
34219, 4402.05
34220, 4397.95
34221, 4403.08
34222, 4403.08
34223, 4396.92
34224, 4402.56
34225, 4406.67
34226, 4405.64
34227, 4402.56
34228, 4404.1
34229, 4402.05
34230, 4391.79
34231, 4393.33
34232, 4396.92
34233, 4394.87
34234, 4401.03
34235, 4406.67
34236, 4411.28
34237, 4410.26
34238, 4403.08
34239, 4394.87
34240, 4384.62
34241, 4390.26
34242, 4404.1
34243, 4399.49
34244, 4396.92
34245, 4401.03
34246, 4398.97
34247, 4396.92
34248, 4396.92
34249, 4401.03
34250, 4398.46
34251, 4393.33
34252, 4397.95
34253, 4401.54
34254, 4401.03
34255, 4398.97
34256, 4405.64
34257, 4411.28
34258, 4393.85
34259, 4382.05
34260, 4389.23
34261, 4396.41
34262, 4403.08
34263, 4406.67
34264, 4404.1
34265, 4397.44
34266, 4388.21
34267, 4385.13
34268, 4384.1
34269, 4386.15
34270, 4382.05
34271, 4368.21
34272, 4369.23
34273, 4368.72
34274, 4359.49
34275, 4358.46
34276, 4353.85
34277, 4352.31
34278, 4359.49
34279, 4368.72
34280, 4377.95, estimuli
34281, 4380.51
34282, 4384.1
34283, 4386.15
34284, 4383.08
34285, 4386.15
34286, 4385.13
34287, 4386.15
34288, 4393.33
34289, 4392.82
34290, 4395.9
34291, 4403.59
34292, 4409.74
34293, 4403.59
34294, 4386.67
34295, 4387.18
34296, 4393.85
34297, 4392.82
34298, 4397.44
34299, 4398.46
34300, 4392.31
34301, 4384.1
34302, 4386.15
34303, 4396.41
34304, 4393.33
34305, 4392.31
34306, 4394.87
34307, 4387.18
34308, 4383.08
34309, 4386.15
34310, 4396.41
34311, 4395.38
34312, 4387.69
34313, 4392.82
34314, 4389.74
34315, 4382.05
34316, 4385.13
34317, 4384.1
34318, 4387.69
34319, 4396.41
34320, 4398.97
34321, 4393.85
34322, 4385.64
34323, 4387.69
34324, 4392.82
34325, 4392.82
34326, 4394.36
34327, 4394.36
34328, 4398.97
34329, 4398.97
34330, 4394.36
34331, 4399.49
34332, 4397.95
34333, 4396.41
34334, 4401.03
34335, 4396.92
34336, 4394.36
34337, 4396.41
34338, 4400
34339, 4404.1
34340, 4398.46
34341, 4394.87
34342, 4395.9
34343, 4394.36
34344, 4403.08
34345, 4411.79
34346, 4404.1
34347, 4390.26
34348, 4391.79
34349, 4396.92
34350, 4388.72
34351, 4396.41
34352, 4405.13
34353, 4396.41
34354, 4397.95
34355, 4398.97
34356, 4397.44
34357, 4405.64
34358, 4406.15
34359, 4398.97
34360, 4391.79
34361, 4391.28
34362, 4398.46
34363, 4405.64
34364, 4404.1
34365, 4414.87
34366, 4453.85
34367, 4453.33
34368, 4363.59
34369, 4280
34370, 4286.15
34371, 4355.9
34372, 4438.46
34373, 4491.79
34374, 4498.46
34375, 4470.77
34376, 4441.03
34377, 4366.67
34378, 4238.46
34379, 4235.38
34380, 4351.79
34381, 4442.05
34382, 4525.13
34383, 4554.87
34384, 4465.13
34385, 4342.05
34386, 4260.51
34387, 4262.56
34388, 4338.97
34389, 4438.97
34390, 4530.77
34391, 4545.64
34392, 4459.49
34393, 4345.13
34394, 4260.51
34395, 4254.36
34396, 4337.44
34397, 4452.31
34398, 4541.03
34399, 4545.64
34400, 4457.44
34401, 4345.13
34402, 4268.72
34403, 4263.08
34404, 4345.64
34405, 4453.85
34406, 4525.64
34407, 4539.49
34408, 4468.72
34409, 4347.18
34410, 4258.97
34411, 4258.46
34412, 4340.51
34413, 4442.05
34414, 4511.28
34415, 4526.67
34416, 4461.03
34417, 4350.77
34418, 4274.87
34419, 4276.41
34420, 4349.74
34421, 4440.51
34422, 4507.69
34423, 4523.08
34424, 4457.95
34425, 4358.97
34426, 4282.05
34427, 4265.64
34428, 4337.95
34429, 4445.64
34430, 4522.56
34431, 4526.15
34432, 4448.21
34433, 4351.28
34434, 4285.64
34435, 4282.05
34436, 4347.18
34437, 4437.95
34438, 4512.82
34439, 4519.49
34440, 4446.15
34441, 4354.36
34442, 4286.67
34443, 4282.05
34444, 4348.72
34445, 4442.05
34446, 4515.9
34447, 4516.41
34448, 4447.69
34449, 4356.92
34450, 4286.15
34451, 4292.31
34452, 4360.51
34453, 4440.51
34454, 4504.62
34455, 4510.26
34456, 4446.15
34457, 4354.87
34458, 4287.18
34459, 4286.15
34460, 4351.79
34461, 4442.56
34462, 4508.72
34463, 4515.9
34464, 4456.41
34465, 4356.41
34466, 4288.21
34467, 4294.36
34468, 4350.77
34469, 4428.72
34470, 4496.41
34471, 4512.31
34472, 4451.28
34473, 4354.36
34474, 4291.79
34475, 4289.23
34476, 4353.85
34477, 4451.79
34478, 4514.36
34479, 4508.72
34480, 4438.97
34481, 4349.74
34482, 4290.26
34483, 4291.79
34484, 4360.51
34485, 4445.13
34486, 4500.51
34487, 4504.62
34488, 4440.51
34489, 4349.74
34490, 4287.18
34491, 4285.64
34492, 4358.46
34493, 4442.56
34494, 4471.28
34495, 4440
34496, 4398.97
34497, 4394.87
34498, 4399.49
34499, 4392.82
34500, 4392.31
34501, 4397.95
34502, 4406.67
34503, 4399.49
34504, 4394.36
34505, 4411.28
34506, 4404.62
34507, 4384.1
34508, 4387.69
34509, 4396.92
34510, 4396.41
34511, 4393.85
34512, 4400
34513, 4403.08
34514, 4398.97
34515, 4402.05
34516, 4401.03
34517, 4396.92
34518, 4395.9
34519, 4394.87
34520, 4398.46
34521, 4395.9
34522, 4392.31
34523, 4398.46
34524, 4399.49
34525, 4395.9
34526, 4396.41
34527, 4398.97
34528, 4398.46
34529, 4396.92
34530, 4402.05
34531, 4400
34532, 4393.85
34533, 4400
34534, 4404.62
34535, 4401.54
34536, 4393.33
34537, 4391.79
34538, 4408.21
34539, 4406.67
34540, 4397.44
34541, 4401.54
34542, 4395.9
34543, 4395.38
34544, 4405.64
34545, 4400
34546, 4386.15
34547, 4385.64
34548, 4400.51
34549, 4401.54
34550, 4391.79
34551, 4394.36
34552, 4398.97
34553, 4395.9
34554, 4393.85
34555, 4399.49
34556, 4402.56
34557, 4391.28
34558, 4391.28
34559, 4400
34560, 4400
34561, 4409.74
34562, 4409.23
34563, 4392.31
34564, 4394.36
34565, 4401.54
34566, 4394.36
34567, 4392.82
34568, 4406.67
34569, 4409.74
34570, 4395.38
34571, 4396.41
34572, 4400.51
34573, 4395.9
34574, 4396.92
34575, 4393.33
34576, 4386.67
34577, 4382.56
34578, 4384.62
34579, 4393.33
34580, 4395.9
34581, 4396.92
34582, 4397.95
34583, 4396.92
34584, 4400.51
34585, 4398.46
34586, 4398.97
34587, 4406.15
34588, 4400
34589, 4391.28
34590, 4391.28
34591, 4395.9
34592, 4398.46
34593, 4392.82
34594, 4397.95
34595, 4400
34596, 4392.82
34597, 4394.36
34598, 4395.38
34599, 4395.9
34600, 4397.95
34601, 4397.44
34602, 4397.44
34603, 4395.38
34604, 4397.95
34605, 4400.51
34606, 4395.9
34607, 4396.92
34608, 4399.49
34609, 4398.46
34610, 4395.9
34611, 4394.36
34612, 4396.92
34613, 4395.38
34614, 4401.54
34615, 4413.85
34616, 4401.03
34617, 4389.23
34618, 4402.05
34619, 4409.23
34620, 4399.49
34621, 4384.1
34622, 4384.62
34623, 4391.28
34624, 4391.79
34625, 4398.46
34626, 4397.95
34627, 4393.85
34628, 4398.46
34629, 4401.54
34630, 4397.95
34631, 4393.85
34632, 4396.41
34633, 4400
34634, 4397.95
34635, 4400.51
34636, 4401.03
34637, 4400
34638, 4402.56
34639, 4399.49
34640, 4401.54
34641, 4405.64
34642, 4406.67
34643, 4408.21
34644, 4399.49
34645, 4396.41
34646, 4394.36
34647, 4390.26
34648, 4396.41
34649, 4397.44
34650, 4394.36
34651, 4397.44
34652, 4400
34653, 4400
34654, 4396.92
34655, 4397.95
34656, 4402.56
34657, 4402.56
34658, 4403.08
34659, 4401.03
34660, 4396.41
34661, 4394.36
34662, 4390.26
34663, 4396.92
34664, 4400
34665, 4395.38
34666, 4402.05
34667, 4403.08
34668, 4398.97
34669, 4400.51
34670, 4406.67
34671, 4408.72
34672, 4394.87
34673, 4390.77
34674, 4403.59
34675, 4408.72
34676, 4403.08
34677, 4394.36
34678, 4395.9
34679, 4407.69
34680, 4407.69
34681, 4398.97
34682, 4396.92
34683, 4400.51
34684, 4400.51
34685, 4393.33
34686, 4395.38
34687, 4400.51
34688, 4401.03
34689, 4405.13
34690, 4401.54
34691, 4398.46
34692, 4401.54
34693, 4402.56
34694, 4407.18
34695, 4404.62
34696, 4402.05
34697, 4409.23
34698, 4412.82
34699, 4406.15
34700, 4393.33
34701, 4392.82
34702, 4403.08
34703, 4402.56
34704, 4402.56
34705, 4405.13
34706, 4399.49
34707, 4398.46
34708, 4402.05
34709, 4403.59
34710, 4396.92
34711, 4396.92
34712, 4408.21
34713, 4403.08
34714, 4395.9
34715, 4400
34716, 4402.05
34717, 4401.03
34718, 4398.97
34719, 4402.05
34720, 4403.59
34721, 4400
34722, 4402.56
34723, 4402.56
34724, 4403.08
34725, 4409.74
34726, 4405.13
34727, 4394.36
34728, 4391.79
34729, 4398.97
34730, 4406.15
34731, 4399.49
34732, 4400
34733, 4404.1
34734, 4398.46
34735, 4398.46
34736, 4403.59
34737, 4406.67
34738, 4401.03
34739, 4394.87
34740, 4402.56
34741, 4400.51
34742, 4393.85
34743, 4397.95
34744, 4398.97
34745, 4402.56
34746, 4411.28
34747, 4406.67
34748, 4392.82
34749, 4391.79
34750, 4404.62
34751, 4405.64
34752, 4405.13
34753, 4413.33
34754, 4406.15
34755, 4393.85
34756, 4393.33
34757, 4395.9
34758, 4401.03
34759, 4399.49
34760, 4397.95
34761, 4398.97
34762, 4397.95
34763, 4400
34764, 4397.44
34765, 4397.95
34766, 4398.97
34767, 4396.92
34768, 4407.18
34769, 4409.23
34770, 4398.97
34771, 4394.36
34772, 4395.9
34773, 4398.97
34774, 4397.95
34775, 4396.41
34776, 4397.95
34777, 4398.97
34778, 4405.64
34779, 4408.21
34780, 4402.05
34781, 4403.08
34782, 4401.03
34783, 4398.97
34784, 4401.54
34785, 4402.56
34786, 4403.08
34787, 4390.26
34788, 4383.08
34789, 4395.38
34790, 4398.97
34791, 4396.92
34792, 4400.51
34793, 4401.54
34794, 4397.95
34795, 4399.49
34796, 4409.74
34797, 4407.18
34798, 4396.41
34799, 4394.36
34800, 4395.9
34801, 4402.56
34802, 4404.1
34803, 4401.03
34804, 4406.15
34805, 4407.69
34806, 4402.56
34807, 4394.36
34808, 4385.13
34809, 4396.41
34810, 4409.23
34811, 4405.13
34812, 4398.97
34813, 4394.36
34814, 4396.92
34815, 4398.46
34816, 4397.44
34817, 4398.46
34818, 4395.9
34819, 4398.46
34820, 4398.46
34821, 4397.95
34822, 4402.05
34823, 4401.03
34824, 4403.59
34825, 4406.15
34826, 4401.03
34827, 4398.46
34828, 4396.92
34829, 4398.46
34830, 4398.97
34831, 4396.41
34832, 4406.15
34833, 4409.23
34834, 4398.97
34835, 4395.9
34836, 4395.9
34837, 4397.44
34838, 4395.9
34839, 4395.38
34840, 4397.44
34841, 4394.87
34842, 4396.41
34843, 4396.41
34844, 4397.95
34845, 4400
34846, 4396.92
34847, 4398.46
34848, 4401.03
34849, 4396.92
34850, 4395.9
34851, 4396.92
34852, 4401.03
34853, 4402.05
34854, 4398.46
34855, 4402.05
34856, 4402.56
34857, 4402.05
34858, 4403.59
34859, 4400
34860, 4407.18
34861, 4407.69
34862, 4392.82
34863, 4389.23
34864, 4394.36
34865, 4396.92
34866, 4393.33
34867, 4395.38
34868, 4401.03
34869, 4393.85
34870, 4389.74
34871, 4396.41
34872, 4401.03
34873, 4400
34874, 4394.36
34875, 4396.92
34876, 4404.62
34877, 4398.97
34878, 4392.82
34879, 4396.92
34880, 4401.54
34881, 4396.41
34882, 4392.31
34883, 4404.62
34884, 4404.62
34885, 4399.49
34886, 4414.36
34887, 4415.9
34888, 4397.44
34889, 4386.67
34890, 4396.92
34891, 4409.74
34892, 4398.97
34893, 4388.21
34894, 4398.46
34895, 4409.74
34896, 4404.1
34897, 4397.95
34898, 4408.72
34899, 4417.95
34900, 4408.72
34901, 4403.59
34902, 4408.21
34903, 4413.33
34904, 4412.31
34905, 4406.15
34906, 4408.21
34907, 4412.31
34908, 4411.28
34909, 4410.77
34910, 4407.69
34911, 4408.21
34912, 4413.33
34913, 4417.95
34914, 4420.51
34915, 4413.33
34916, 4406.67
34917, 4411.79
34918, 4412.31
34919, 4400
34920, 4394.87
34921, 4407.69
34922, 4412.31
34923, 4406.15
34924, 4408.72
34925, 4408.21
34926, 4407.18
34927, 4409.23
34928, 4406.67
34929, 4410.26
34930, 4411.28
34931, 4412.31
34932, 4416.41
34933, 4406.67
34934, 4406.67
34935, 4419.49
34936, 4419.49
34937, 4415.38
34938, 4400
34939, 4389.23
34940, 4405.13
34941, 4407.18
34942, 4378.97
34943, 4370.77
34944, 4388.21
34945, 4378.97
34946, 4358.97
34947, 4371.79
34948, 4379.49, estimuli
34949, 4374.36
34950, 4385.13
34951, 4393.33
34952, 4395.38
34953, 4397.95
34954, 4397.95
34955, 4400.51
34956, 4401.54
34957, 4403.08
34958, 4405.64
34959, 4404.1
34960, 4406.67
34961, 4406.15
34962, 4406.67
34963, 4411.28
34964, 4410.77
34965, 4410.77
34966, 4407.18
34967, 4408.72
34968, 4414.36
34969, 4415.38
34970, 4413.85
34971, 4403.59
34972, 4402.56
34973, 4411.79
34974, 4404.1
34975, 4396.92
34976, 4401.54
34977, 4407.69
34978, 4410.77
34979, 4409.23
34980, 4412.31
34981, 4413.33
34982, 4408.72
34983, 4410.26
34984, 4405.64
34985, 4400
34986, 4401.03
34987, 4402.05
34988, 4406.15
34989, 4406.15
34990, 4405.64
34991, 4407.18
34992, 4407.69
34993, 4410.26
34994, 4406.15
34995, 4405.13
34996, 4412.31
34997, 4408.21
34998, 4406.15
34999, 4408.21
35000, 4407.69
35001, 4408.21
35002, 4405.13
35003, 4404.1
35004, 4403.59
35005, 4406.15
35006, 4414.87
35007, 4409.74
35008, 4407.69
35009, 4416.92
35010, 4413.85
35011, 4406.67
35012, 4406.67
35013, 4413.33
35014, 4413.33
35015, 4406.15
35016, 4409.23
35017, 4412.82
35018, 4415.38
35019, 4416.92
35020, 4409.74
35021, 4410.26
35022, 4413.33
35023, 4411.79
35024, 4413.33
35025, 4406.67
35026, 4398.46
35027, 4402.56
35028, 4410.26
35029, 4412.82
35030, 4412.82
35031, 4423.08
35032, 4424.62
35033, 4406.15
35034, 4407.18
35035, 4427.18
35036, 4424.62
35037, 4408.21
35038, 4442.56
35039, 4490.77
35040, 4442.56
35041, 4344.1
35042, 4306.15
35043, 4324.62
35044, 4386.15
35045, 4461.03
35046, 4502.05
35047, 4501.03
35048, 4470.26
35049, 4438.97
35050, 4360.51
35051, 4262.05
35052, 4281.03
35053, 4381.54
35054, 4478.46
35055, 4552.31
35056, 4542.56
35057, 4446.15
35058, 4328.21
35059, 4266.67
35060, 4305.13
35061, 4387.69
35062, 4473.85
35063, 4552.82
35064, 4546.15
35065, 4441.54
35066, 4329.74
35067, 4270.26
35068, 4289.23
35069, 4381.54
35070, 4486.15
35071, 4552.82
35072, 4541.54
35073, 4444.1
35074, 4332.31
35075, 4276.92
35076, 4304.62
35077, 4393.85
35078, 4482.56
35079, 4545.64
35080, 4541.54
35081, 4441.54
35082, 4334.36
35083, 4285.64
35084, 4301.03
35085, 4378.46
35086, 4473.85
35087, 4540.51
35088, 4529.74
35089, 4435.9
35090, 4337.95
35091, 4287.69
35092, 4307.18
35093, 4392.82
35094, 4484.1
35095, 4542.05
35096, 4526.15
35097, 4433.33
35098, 4337.44
35099, 4290.26
35100, 4309.23
35101, 4383.08
35102, 4477.95
35103, 4546.67
35104, 4525.64
35105, 4431.28
35106, 4342.56
35107, 4295.9
35108, 4315.38
35109, 4391.28
35110, 4483.08
35111, 4537.95
35112, 4510.77
35113, 4430.26
35114, 4344.62
35115, 4291.28
35116, 4311.28
35117, 4393.85
35118, 4486.67
35119, 4534.36
35120, 4510.77
35121, 4431.28
35122, 4338.97
35123, 4293.85
35124, 4325.13
35125, 4399.49
35126, 4477.95
35127, 4529.23
35128, 4522.05
35129, 4448.72
35130, 4347.18
35131, 4287.69
35132, 4306.15
35133, 4383.59
35134, 4476.92
35135, 4527.69
35136, 4507.69
35137, 4427.18
35138, 4337.44
35139, 4294.87
35140, 4316.92
35141, 4393.33
35142, 4480
35143, 4531.28
35144, 4515.38
35145, 4432.31
35146, 4337.95
35147, 4291.79
35148, 4316.92
35149, 4392.82
35150, 4477.95
35151, 4533.33
35152, 4512.82
35153, 4425.64
35154, 4345.13
35155, 4303.08
35156, 4321.54
35157, 4393.33
35158, 4472.82
35159, 4531.79
35160, 4516.92
35161, 4425.64
35162, 4341.03
35163, 4298.46
35164, 4309.23
35165, 4388.21
35166, 4474.36
35167, 4485.13
35168, 4433.85
35169, 4407.18
35170, 4415.9
35171, 4408.21
35172, 4403.59
35173, 4410.77
35174, 4409.74
35175, 4411.79
35176, 4411.79
35177, 4405.13
35178, 4403.08
35179, 4409.74
35180, 4409.74
35181, 4402.05
35182, 4414.87
35183, 4427.69
35184, 4414.36
35185, 4400.51
35186, 4405.13
35187, 4416.41
35188, 4413.33
35189, 4407.18
35190, 4410.26
35191, 4407.69
35192, 4406.67
35193, 4410.26
35194, 4407.18
35195, 4406.67
35196, 4408.72
35197, 4410.77
35198, 4412.31
35199, 4407.18
35200, 4411.79
35201, 4420
35202, 4411.79
35203, 4408.72
35204, 4412.31
35205, 4410.77
35206, 4408.21
35207, 4407.69
35208, 4398.97
35209, 4392.31
35210, 4410.77
35211, 4420
35212, 4403.08
35213, 4400.51
35214, 4406.67
35215, 4409.23
35216, 4411.28
35217, 4410.26
35218, 4414.36
35219, 4411.79
35220, 4401.03
35221, 4402.05
35222, 4410.26
35223, 4412.82
35224, 4406.15
35225, 4404.1
35226, 4411.28
35227, 4410.77
35228, 4408.72
35229, 4405.64
35230, 4402.56
35231, 4410.26
35232, 4409.74
35233, 4400.51
35234, 4401.54
35235, 4408.21
35236, 4413.85
35237, 4415.9
35238, 4417.44
35239, 4417.44
35240, 4411.79
35241, 4410.26
35242, 4406.67
35243, 4406.67
35244, 4415.38
35245, 4413.33
35246, 4407.18
35247, 4406.67
35248, 4411.28
35249, 4410.26
35250, 4400
35251, 4408.21
35252, 4415.38
35253, 4401.03
35254, 4398.97
35255, 4411.79
35256, 4414.36
35257, 4405.13
35258, 4401.54
35259, 4413.33
35260, 4410.77
35261, 4401.54
35262, 4411.79
35263, 4416.92
35264, 4411.28
35265, 4406.67
35266, 4409.23
35267, 4407.69
35268, 4400
35269, 4406.15
35270, 4411.79
35271, 4406.67
35272, 4405.13
35273, 4409.23
35274, 4412.82
35275, 4408.72
35276, 4406.15
35277, 4408.21
35278, 4403.59
35279, 4404.62
35280, 4409.74
35281, 4408.21
35282, 4408.21
35283, 4410.26
35284, 4408.72
35285, 4406.15
35286, 4406.67
35287, 4413.33
35288, 4407.69
35289, 4401.03
35290, 4414.36
35291, 4420
35292, 4408.72
35293, 4404.1
35294, 4408.72
35295, 4408.72
35296, 4402.56
35297, 4409.74
35298, 4414.36
35299, 4406.67
35300, 4410.26
35301, 4412.31
35302, 4407.18
35303, 4404.62
35304, 4404.62
35305, 4407.69
35306, 4406.67
35307, 4409.23
35308, 4410.26
35309, 4406.67
35310, 4407.69
35311, 4408.72
35312, 4408.21
35313, 4408.72
35314, 4408.72
35315, 4413.33
35316, 4410.26
35317, 4403.59
35318, 4410.26
35319, 4414.87
35320, 4406.67
35321, 4402.56
35322, 4410.77
35323, 4420.51
35324, 4409.23
35325, 4397.44
35326, 4402.56
35327, 4407.18
35328, 4409.23
35329, 4409.74
35330, 4410.26
35331, 4406.67
35332, 4402.05
35333, 4408.72
35334, 4411.79
35335, 4408.21
35336, 4409.23
35337, 4408.21
35338, 4408.21
35339, 4408.72
35340, 4407.69
35341, 4409.74
35342, 4408.72
35343, 4410.26
35344, 4411.79
35345, 4405.13
35346, 4409.23
35347, 4413.85
35348, 4405.64
35349, 4400.51
35350, 4406.15
35351, 4411.79
35352, 4407.69
35353, 4406.67
35354, 4410.77
35355, 4408.72
35356, 4407.69
35357, 4409.23
35358, 4411.79
35359, 4409.74
35360, 4402.05
35361, 4407.69
35362, 4413.33
35363, 4409.23
35364, 4415.9
35365, 4420
35366, 4414.36
35367, 4410.26
35368, 4413.33
35369, 4414.36
35370, 4405.64
35371, 4406.15
35372, 4410.26
35373, 4407.18
35374, 4412.31
35375, 4414.36
35376, 4402.56
35377, 4402.05
35378, 4410.26
35379, 4409.74
35380, 4404.1
35381, 4402.56
35382, 4407.18
35383, 4406.67
35384, 4405.13
35385, 4407.18
35386, 4412.82
35387, 4413.33
35388, 4403.08
35389, 4402.56
35390, 4407.69
35391, 4405.64
35392, 4406.67
35393, 4409.23
35394, 4412.82
35395, 4410.26
35396, 4404.1
35397, 4408.72
35398, 4409.74
35399, 4408.21
35400, 4408.72
35401, 4405.13
35402, 4410.26
35403, 4409.74
35404, 4401.54
35405, 4405.64
35406, 4408.72
35407, 4406.15
35408, 4407.18
35409, 4408.72
35410, 4414.36
35411, 4414.36
35412, 4407.18
35413, 4408.21
35414, 4416.41
35415, 4410.26
35416, 4392.82
35417, 4393.85
35418, 4406.67
35419, 4406.15
35420, 4402.56
35421, 4404.62
35422, 4407.18
35423, 4407.69
35424, 4407.18
35425, 4410.26
35426, 4409.23
35427, 4406.15
35428, 4408.21
35429, 4409.74
35430, 4412.31
35431, 4405.64
35432, 4397.44
35433, 4407.18
35434, 4411.28
35435, 4405.64
35436, 4407.18
35437, 4406.15
35438, 4406.15
35439, 4407.18
35440, 4406.15
35441, 4406.67
35442, 4407.18
35443, 4410.26
35444, 4407.69
35445, 4400.51
35446, 4405.13
35447, 4408.72
35448, 4405.64
35449, 4407.18
35450, 4411.79
35451, 4407.18
35452, 4398.97
35453, 4399.49
35454, 4403.59
35455, 4411.79
35456, 4419.49
35457, 4406.67
35458, 4393.33
35459, 4397.44
35460, 4402.56
35461, 4406.15
35462, 4404.62
35463, 4403.59
35464, 4407.69
35465, 4408.72
35466, 4407.69
35467, 4402.05
35468, 4401.54
35469, 4407.69
35470, 4404.62
35471, 4403.59
35472, 4407.69
35473, 4407.69
35474, 4408.21
35475, 4405.64
35476, 4406.67
35477, 4408.21
35478, 4405.64
35479, 4406.67
35480, 4408.72
35481, 4410.77
35482, 4412.82
35483, 4409.74
35484, 4403.59
35485, 4398.46
35486, 4400.51
35487, 4406.67
35488, 4406.67
35489, 4406.15
35490, 4404.62
35491, 4405.64
35492, 4412.82
35493, 4407.69
35494, 4398.97
35495, 4400.51
35496, 4404.62
35497, 4403.59
35498, 4400.51
35499, 4405.13
35500, 4406.15
35501, 4406.15
35502, 4410.26
35503, 4401.54
35504, 4396.92
35505, 4406.67
35506, 4408.72
35507, 4408.72
35508, 4411.28
35509, 4407.69
35510, 4404.62
35511, 4404.1
35512, 4408.21
35513, 4408.72
35514, 4402.56
35515, 4397.95
35516, 4398.46
35517, 4407.69
35518, 4407.69
35519, 4401.54
35520, 4406.67
35521, 4407.69
35522, 4406.15
35523, 4403.59
35524, 4402.05
35525, 4409.74
35526, 4410.26
35527, 4400
35528, 4401.54
35529, 4414.36
35530, 4416.41
35531, 4400.51
35532, 4402.56
35533, 4415.9
35534, 4402.05
35535, 4391.28
35536, 4404.1
35537, 4410.26
35538, 4402.56
35539, 4394.87
35540, 4397.44
35541, 4401.54
35542, 4402.56
35543, 4403.59
35544, 4401.54
35545, 4402.05
35546, 4406.67
35547, 4405.64
35548, 4404.1
35549, 4405.13
35550, 4407.18
35551, 4409.74
35552, 4411.79
35553, 4409.23
35554, 4401.54
35555, 4398.97
35556, 4400.51
35557, 4399.49
35558, 4403.59
35559, 4403.59
35560, 4399.49
35561, 4403.08
35562, 4403.59
35563, 4408.72
35564, 4414.87
35565, 4406.67
35566, 4395.9
35567, 4390.77
35568, 4396.92
35569, 4393.85
35570, 4376.92
35571, 4372.82
35572, 4375.9
35573, 4373.85
35574, 4368.72
35575, 4365.64
35576, 4372.31
35577, 4378.46
35578, 4375.9
35579, 4381.54
35580, 4392.82
35581, 4390.26
35582, 4384.62
35583, 4390.26
35584, 4398.46
35585, 4396.41
35586, 4400.51
35587, 4404.1
35588, 4398.46
35589, 4409.23
35590, 4418.46
35591, 4406.67
35592, 4397.44
35593, 4405.64
35594, 4410.77
35595, 4395.38
35596, 4389.23
35597, 4397.95
35598, 4400
35599, 4402.56
35600, 4402.56
35601, 4403.59
35602, 4411.28
35603, 4407.69
35604, 4398.97
35605, 4398.97
35606, 4408.72
35607, 4415.9
35608, 4409.23
35609, 4403.59
35610, 4404.1
35611, 4400
35612, 4398.97
35613, 4402.05
35614, 4398.97
35615, 4396.92
35616, 4404.1
35617, 4411.79
35618, 4398.97
35619, 4390.77
35620, 4409.74
35621, 4414.36
35622, 4397.95
35623, 4401.03
35624, 4414.36
35625, 4405.13
35626, 4391.79
35627, 4397.95
35628, 4399.49
35629, 4401.54
35630, 4410.77
35631, 4407.69
35632, 4406.15
35633, 4408.72
35634, 4407.69
35635, 4412.82
35636, 4408.72
35637, 4402.56
35638, 4408.21
35639, 4406.15
35640, 4403.59
35641, 4413.85
35642, 4416.92
35643, 4404.62
35644, 4403.59
35645, 4413.33
35646, 4403.08
35647, 4395.9
35648, 4405.64
35649, 4406.67
35650, 4410.26
35651, 4416.41
35652, 4403.59
35653, 4398.97
35654, 4408.72
35655, 4409.74
35656, 4403.59
35657, 4403.59
35658, 4405.13
35659, 4404.1
35660, 4409.23
35661, 4414.36
35662, 4407.69
35663, 4406.15
35664, 4412.31
35665, 4408.21
35666, 4401.54
35667, 4426.67
35668, 4465.64
35669, 4439.49
35670, 4358.46
35671, 4311.28
35672, 4319.49
35673, 4372.31
35674, 4451.28
35675, 4507.69
35676, 4502.05
35677, 4459.49
35678, 4427.69
35679, 4346.15
35680, 4253.85
35681, 4288.72
35682, 4384.62
35683, 4471.79
35684, 4548.72
35685, 4535.9
35686, 4436.92
35687, 4328.72
35688, 4261.54
35689, 4289.74
35690, 4385.13
35691, 4482.05
35692, 4550.77
35693, 4534.87
35694, 4437.95
35695, 4333.85
35696, 4269.74
35697, 4287.69
35698, 4382.05
35699, 4485.64
35700, 4548.21
35701, 4524.62
35702, 4423.08
35703, 4326.67
35704, 4275.38
35705, 4290.77
35706, 4376.41
35707, 4472.82
35708, 4534.36
35709, 4525.64
35710, 4432.82
35711, 4325.13
35712, 4271.28
35713, 4294.87
35714, 4381.54
35715, 4474.87
35716, 4534.36
35717, 4521.03
35718, 4429.74
35719, 4330.77
35720, 4277.44
35721, 4301.03
35722, 4390.26
35723, 4476.92
35724, 4526.67
35725, 4516.92
35726, 4435.9
35727, 4339.49
35728, 4282.56
35729, 4297.44
35730, 4377.44
35731, 4471.79
35732, 4531.28
35733, 4511.79
35734, 4429.74
35735, 4339.49
35736, 4278.97
35737, 4297.95
35738, 4384.62
35739, 4477.95
35740, 4537.44
35741, 4522.56
35742, 4436.41
35743, 4335.38
35744, 4281.54
35745, 4308.72
35746, 4389.23
35747, 4478.46
35748, 4527.69
35749, 4497.44
35750, 4416.92
35751, 4332.31
35752, 4277.44
35753, 4301.03
35754, 4400
35755, 4493.33
35756, 4523.08
35757, 4492.31
35758, 4422.56
35759, 4331.28
35760, 4275.38
35761, 4299.49
35762, 4387.18
35763, 4486.67
35764, 4531.79
35765, 4497.44
35766, 4421.54
35767, 4341.03
35768, 4284.62
35769, 4295.9
35770, 4382.56
35771, 4481.54
35772, 4528.72
35773, 4505.13
35774, 4422.56
35775, 4329.23
35776, 4281.03
35777, 4307.69
35778, 4392.82
35779, 4480
35780, 4525.64
35781, 4506.15
35782, 4423.59
35783, 4332.31
35784, 4277.95
35785, 4298.97
35786, 4390.26
35787, 4488.72
35788, 4536.41
35789, 4505.13
35790, 4420.51
35791, 4334.87
35792, 4278.46
35793, 4292.82
35794, 4385.13
35795, 4474.36
35796, 4486.15
35797, 4432.82
35798, 4403.59
35799, 4415.38
35800, 4404.62
35801, 4396.41
35802, 4411.79
35803, 4411.28
35804, 4405.64
35805, 4410.77
35806, 4410.77
35807, 4400
35808, 4392.82
35809, 4401.54
35810, 4411.79
35811, 4409.74
35812, 4401.54
35813, 4395.9
35814, 4399.49
35815, 4405.64
35816, 4406.67
35817, 4404.62
35818, 4405.13
35819, 4407.69
35820, 4403.59
35821, 4399.49
35822, 4401.03
35823, 4401.03
35824, 4404.62
35825, 4406.15
35826, 4405.13
35827, 4413.33
35828, 4413.33
35829, 4400
35830, 4394.36
35831, 4402.56
35832, 4409.23
35833, 4406.15
35834, 4409.74
35835, 4413.33
35836, 4409.74
35837, 4410.77
35838, 4405.13
35839, 4396.92
35840, 4397.44
35841, 4403.08
35842, 4406.67
35843, 4402.56
35844, 4400.51
35845, 4407.18
35846, 4410.26
35847, 4408.72
35848, 4405.13
35849, 4402.05
35850, 4404.62
35851, 4401.54
35852, 4396.92
35853, 4403.59
35854, 4411.28
35855, 4410.26
35856, 4406.15
35857, 4409.74
35858, 4409.23
35859, 4404.1
35860, 4408.72
35861, 4409.23
35862, 4406.67
35863, 4410.77
35864, 4404.62
35865, 4394.87
35866, 4393.85
35867, 4400
35868, 4410.26
35869, 4406.15
35870, 4397.95
35871, 4401.54
35872, 4406.15
35873, 4406.15
35874, 4404.1
35875, 4408.21
35876, 4406.67
35877, 4401.54
35878, 4404.1
35879, 4403.59
35880, 4402.05
35881, 4404.1
35882, 4403.59
35883, 4403.08
35884, 4400
35885, 4397.44
35886, 4400.51
35887, 4405.64
35888, 4405.64
35889, 4402.56
35890, 4407.18
35891, 4412.82
35892, 4404.62
35893, 4397.95
35894, 4399.49
35895, 4400
35896, 4400.51
35897, 4400.51
35898, 4408.72
35899, 4414.87
35900, 4401.03
35901, 4395.9
35902, 4406.67
35903, 4409.23
35904, 4396.41
35905, 4393.33
35906, 4409.23
35907, 4412.82
35908, 4403.08
35909, 4403.59
35910, 4408.21
35911, 4403.59
35912, 4389.74
35913, 4388.21
35914, 4401.03
35915, 4404.1
35916, 4409.74
35917, 4417.44
35918, 4401.54
35919, 4387.18
35920, 4393.85
35921, 4403.08
35922, 4401.54
35923, 4399.49
35924, 4402.56
35925, 4401.54
35926, 4400
35927, 4401.54
35928, 4398.97
35929, 4400.51
35930, 4406.67
35931, 4407.69
35932, 4400.51
35933, 4393.85
35934, 4398.46
35935, 4402.05
35936, 4403.59
35937, 4409.74
35938, 4409.74
35939, 4403.08
35940, 4399.49
35941, 4403.08
35942, 4401.54
35943, 4393.85
35944, 4406.67
35945, 4417.44
35946, 4398.97
35947, 4387.18
35948, 4394.87
35949, 4403.59
35950, 4410.26
35951, 4407.18
35952, 4401.54
35953, 4404.1
35954, 4409.74
35955, 4401.03
35956, 4386.67
35957, 4393.85
35958, 4403.59
35959, 4400.51
35960, 4402.05
35961, 4403.08
35962, 4397.95
35963, 4393.85
35964, 4396.41
35965, 4401.03
35966, 4402.05
35967, 4405.13
35968, 4403.59
35969, 4397.44
35970, 4396.41
35971, 4397.95
35972, 4407.18
35973, 4410.77
35974, 4394.36
35975, 4392.31
35976, 4401.54
35977, 4401.03
35978, 4404.62
35979, 4407.18
35980, 4401.03
35981, 4397.95
35982, 4400.51
35983, 4401.54
35984, 4400
35985, 4395.9
35986, 4393.33
35987, 4400.51
35988, 4405.64
35989, 4398.46
35990, 4395.38
35991, 4402.05
35992, 4404.1
35993, 4399.49
35994, 4391.79
35995, 4391.79
35996, 4403.08
35997, 4403.59
35998, 4398.97
35999, 4405.13
36000, 4409.74
36001, 4400.51
36002, 4392.31
36003, 4398.97
36004, 4395.9
36005, 4387.69
36006, 4398.46
36007, 4405.64
36008, 4397.95
36009, 4392.82
36010, 4395.38
36011, 4396.92
36012, 4398.97
36013, 4409.74
36014, 4409.23
36015, 4401.03
36016, 4404.1
36017, 4401.54
36018, 4392.31
36019, 4389.23
36020, 4388.72
36021, 4397.95
36022, 4402.56
36023, 4397.95
36024, 4402.05
36025, 4408.21
36026, 4408.21
36027, 4405.64
36028, 4397.95
36029, 4394.36
36030, 4399.49
36031, 4404.62
36032, 4398.97
36033, 4392.31
36034, 4401.03
36035, 4405.13
36036, 4399.49
36037, 4401.03
36038, 4402.05
36039, 4397.95
36040, 4395.38
36041, 4399.49
36042, 4403.59
36043, 4401.03
36044, 4403.08
36045, 4404.1
36046, 4398.97
36047, 4396.92
36048, 4397.95
36049, 4402.05
36050, 4401.03
36051, 4397.95
36052, 4403.59
36053, 4408.21
36054, 4401.03
36055, 4394.36
36056, 4401.03
36057, 4409.23
36058, 4401.03
36059, 4397.95
36060, 4406.15
36061, 4401.54
36062, 4396.92
36063, 4403.59
36064, 4403.59
36065, 4397.44
36066, 4400
36067, 4409.23
36068, 4405.13
36069, 4395.9
36070, 4396.92
36071, 4400.51
36072, 4402.56
36073, 4398.97
36074, 4394.87
36075, 4401.54
36076, 4400
36077, 4395.9
36078, 4404.62
36079, 4410.77
36080, 4409.23
36081, 4404.62
36082, 4399.49
36083, 4394.87
36084, 4393.33
36085, 4406.15
36086, 4413.33
36087, 4403.59
36088, 4399.49
36089, 4406.67
36090, 4402.56
36091, 4390.77
36092, 4398.97
36093, 4411.28
36094, 4400
36095, 4396.92
36096, 4404.1
36097, 4404.1
36098, 4407.18
36099, 4405.64
36100, 4399.49
36101, 4401.54
36102, 4402.05
36103, 4397.95
36104, 4400.51
36105, 4410.77
36106, 4410.26
36107, 4404.62
36108, 4407.69
36109, 4404.1
36110, 4395.38
36111, 4396.92
36112, 4400.51
36113, 4402.05
36114, 4399.49
36115, 4402.05
36116, 4409.74
36117, 4404.62
36118, 4402.05
36119, 4409.74
36120, 4406.15
36121, 4395.38
36122, 4388.21
36123, 4388.72
36124, 4394.87
36125, 4400
36126, 4403.59
36127, 4402.05
36128, 4403.08
36129, 4407.18
36130, 4397.95
36131, 4394.36
36132, 4400.51
36133, 4399.49
36134, 4404.1
36135, 4413.85
36136, 4407.18
36137, 4397.44
36138, 4403.59
36139, 4408.21
36140, 4396.92
36141, 4395.38
36142, 4404.62
36143, 4411.28
36144, 4409.74
36145, 4397.44
36146, 4398.46
36147, 4405.64
36148, 4399.49
36149, 4401.03
36150, 4403.59
36151, 4402.05
36152, 4407.18
36153, 4411.79
36154, 4410.26
36155, 4403.59
36156, 4395.9
36157, 4397.44
36158, 4408.21
36159, 4416.41
36160, 4407.18
36161, 4392.31
36162, 4400.51
36163, 4409.74
36164, 4397.95
36165, 4391.79
36166, 4400
36167, 4406.67
36168, 4398.97
36169, 4395.38
36170, 4405.64
36171, 4407.18
36172, 4398.97
36173, 4395.38
36174, 4399.49
36175, 4399.49
36176, 4397.44
36177, 4409.23
36178, 4411.28
36179, 4397.95
36180, 4394.36
36181, 4405.13
36182, 4412.31
36183, 4403.59
36184, 4396.41
36185, 4402.56
36186, 4400.51
36187, 4394.87
36188, 4407.18
36189, 4415.9
36190, 4404.1
36191, 4393.33
36192, 4403.08
36193, 4411.79
36194, 4398.97
36195, 4394.36
36196, 4403.08
36197, 4409.74
36198, 4402.56
36199, 4391.28
36200, 4396.41
36201, 4401.03
36202, 4398.97
36203, 4400
36204, 4397.95
36205, 4396.92
36206, 4398.97
36207, 4404.62
36208, 4409.23
36209, 4403.59
36210, 4403.08
36211, 4404.62
36212, 4390.26
36213, 4390.77
36214, 4407.18
36215, 4404.1
36216, 4398.46
36217, 4403.08
36218, 4397.44
36219, 4393.33
36220, 4403.08
36221, 4406.15
36222, 4399.49
36223, 4403.08
