576, 
584, 
592, 
600, 
608, 
619, 
623, 
631, 
639, 
647, 
655, 
662, 
670, 
678, 
687, 
694, 
705, 
709, 
717, 
725, 
733, 
741, 
748, 
756, 
764, 
772, 
780, 
788, 
795, 
804, 
811, 
819, 
827, 
835, 
842, 
850, 
858, 
866, 
874, 
881, 
889, 
897, 
905, 
913, 
921, 
928, 
936, 
944, 
952, 
960, 
967, 
975, 
983, 
991, 
999, 
1007, 
1014, 
1022, 
1030, 
1038, 
1046, 
1053, 
1061, 
1069, 
1077, 
1085, 
1093, 
1100, 
1108, 
1116, 
1124, 
1132, 
1139, 
1147, 
1157, 
1163, 
1172, 
1179, 
1186, 
1194, 
1202, 
1210, 
1218, 
1226, 
1233, 
1241, 
1249, 
1257, 
1265, 
1272, 
1280, 
1288, 
1296, 
1304, 
1312, 
1319, 
1327, 
1335, 
1343, 
1351, 
1358, 
1366, 
1374, 
1382, 
1390, 
1398, 
1405, 
1413, 
1421, 
1429, 
1437, 
1444, 
1452, 
1460, 
1468, 
1476, 
1484, 
1491, 
1499, 
1507, 
1515, 
1523, 
1530, 
1538, 
1546, 
1554, 
1562, 
1570, 
1577, 
1585, 
1593, 
1601, 
1609, 
1616, 
1624, 
1632, 
1642, 
1648, 
1656, 
1663, 
1671, 
1679, 
1687, 
1695, 
1702, 
1710, 
1718, 
1726, 
1734, 
1742, 
1749, 
1757, 
1765, 
1773, 
1781, 
1788, 
1796, 
1804, 
1812, 
1820, 
1828, 
1835, 
1843, 
1851, 
1859, 
1867, 
1875, 
1882, 
1890, 
1898, 
1906, 
1914, 
1921, 
1929, 
1937, 
1945, 
1953, 
1961, 
1968, 
1976, 
1984, 
1992, 
2000, 
2007, 
2015, 
2023, 
2031, 
2039, 
2047, 
2054, 
2062, 
2070, 
2078, 
2086, 
2093, 
2101, 
2109, 
2117, 
2125, 
2133, 
2140, 
2148, 
2156, 
2164, 
2172, 
2179, 
2187, 
2195, 
2203, 
2211, 
2219, 
2226, 
2234, 
2242, 
2250, 
2258, 
2266, 
2273, 
2281, 
2289, 
2297, 
2305, 
2312, 
2320, 
2328, 
2336, 
2344, 
2352, 
2359, 
2367, 
2375, 
2383, 
2391, 
2398, 
2406, 
2414, 
2422, 
2430, 
2438, 
2445, 
2453, 
2461, 
2469, 
2477, 
2484, 
2492, 
2500, 
2508, 
2516, 
2524, 
2531, 
2539, 
2547, 
2555, 
2563, 
2570, 
2578, 
2586, 
2594, 
2602, 
2610, 
2617, 
2625, 
2633, 
2641, 
2649, 
2656, 
2666, 
2672, 
2680, 
2688, 
2696, 
2703, 
2711, 
2719, 
2727, 
2735, 
2742, 
2750, 
2758, 
2766, 
2774, 
2782, 
2789, 
2797, 
2805, 
2813, 
2821, 
2829, 
2836, 
2844, 
2852, 
2860, 
2868, 
2875, 
2883, 
2891, 
2899, 
2907, 
2914, 
2922, 
2930, 
2938, 
2946, 
2954, 
2961, 
2969, 
2977, 
2985, 
2993, 
3001, 
3008, 
3016, 
3024, 
3032, 
3040, 
3047, 
3055, 
3063, 
3071, 
3079, 
3087, 
3094, 
3102, 
3110, 
3118, 
3126, 
3133, 
3141, 
3152, 
3157, 
3165, 
3173, 
3180, 
3188, 
3196, 
3206, 
3212, 
3221, 
3227, 
3235, 
3243, 
3251, 
3266, 
3269, 
3274, 
3282, 
3290, 
3298, 
3305, 
3313, 
3322, 
3329, 
3337, 
3345, 
3352, 
3360, 
3368, 
3376, 
3384, 
3392, 
3399, 
3407, 
3415, 
3423, 
3431, 
3438, 
3446, 
3454, 
3462, 
3471, 
3477, 
3485, 
3493, 
3501, 
3509, 
3517, 
3524, 
3533, 
3541, 
3548, 
3556, 
3565, 
3571, 
3580, 
3587, 
3595, 
3603, 
3610, 
3618, 
3626, 
3634, 
3642, 
3650, 
3657, 
3665, 
3673, 
3684, 
3689, 
3696, 
3705, 
3712, 
3720, 
3728, 
3739, 
3743, 
3753, 
3759, 
3767, 
3775, 
3782, 
3790, 
3798, 
3806, 
3814, 
3822, 
3829, 
3837, 
3845, 
3853, 
3861, 
3868, 
3876, 
3884, 
3892, 
3900, 
3908, 
3915, 
3923, 
3931, 
3939, 
3947, 
3955, 
3962, 
3970, 
3978, 
3986, 
3994, 
4001, 
4009, 
4017, 
4025, 
4033, 
4041, 
4048, 
4056, 
4064, 
4072, 
4080, 
4087, 
4095, 
4103, 
4111, 
4119, 
4127, 
4134, 
4142, R
4150, 
4158, 
4168, 
4173, S
4181, S
4189, S
4197, S
4205, 
4213, 
4220, 
4228, 
4236, 
4244, 
4252, 
4259, 
4267, 
4275, 
4283, 
4291, 
4299, 
4306, 
4314, 
4322, 
4330, 
4338, 
4345, 
4353, 
4361, 
4369, 
4377, 
4385, 
4392, 
4400, 
4408, 
4416, 
4424, 
4431, 
4439, 
4447, 
4455, 
4463, 
4471, 
4478, 
4486, 
4494, 
4502, 
4510, 
4518, 
4525, 
4533, 
4541, 
4549, 
4557, 
4564, 
4572, 
4580, 
4588, 
4596, 
4603, 
4611, 
4619, 
4627, 
4635, 
4643, 
4652, 
4659, 
4666, 
4674, 
4682, 
4690, 
4697, 
4705, 
4713, 
4721, 
4729, 
4736, 
4744, 
4752, 
4760, 
4768, 
4776, 
4783, 
4791, 
4799, 
4807, 
4815, 
4822, 
4830, 
4838, 
4846, 
4854, 
4862, 
4869, 
4877, 
4885, 
4893, 
4901, 
4908, 
4916, 
4924, 
4932, 
4940, 
4948, 
4955, 
4963, 
4971, 
4979, 
4987, 
4995, 
5002, 
5010, 
5018, 
5026, 
5034, 
5041, 
5049, 
5057, 
5065, 
5073, 
5081, 
5088, 
5096, 
5104, 
5112, 
5120, 
5127, 
5135, 
5143, 
5151, 
5163, 
5167, 
5174, 
5182, 
5192, 
5198, 
5207, 
5213, 
5221, 
5229, 
5237, 
5245, 
5253, 
5260, 
5268, 
5276, 
5284, 
5292, 
5299, 
5307, 
5315, 
5323, 
5331, 
5339, 
5346, 
5354, 
5362, 
5370, 
5378, 
5385, 
5393, 
5401, 
5409, 
5417, 
5425, 
5432, 
5440, 
5448, 
5456, 
5464, 
5472, 
5479, 
5487, 
5495, 
5503, 
5511, 
5518, 
5526, 
5534, 
5542, 
5550, 
5558, 
5565, 
5573, 
5582, 
5589, 
5597, 
5604, 
5612, 
5620, 
5628, 
5637, 
5644, 
5651, 
5661, 
5667, 
5675, 
5683, 
5690, 
5698, 
5706, 
5714, 
5722, 
5730, 
5737, 
5745, 
5755, 
5761, 
5770, 
5776, 
5784, 
5792, 
5800, 
5808, 
5816, 
5823, 
5831, 
5839, 
5847, 
5855, 
5862, 
5870, 
5878, 
5886, 
5894, 
5902, 
5909, 
5917, 
5925, 
5933, 
5941, 
5948, 
5956, 
5964, 
5972, 
5980, 
5988, 
5995, 
6003, 
6011, 
6019, 
6027, 
6034, 
6042, 
6050, 
6058, 
6066, 
6074, 
6081, 
6089, 
6097, 
6105, 
6113, 
6121, 
6128, 
6136, 
6144, 
6152, 
6161, 
6167, 
6175, 
6183, 
6191, 
6199, 
6207, 
6214, 
6222, 
6230, 
6238, 
6247, 
6253, 
6261, 
6269, 
6277, 
6285, 
6293, 
6300, 
6308, 
6316, 
6324, 
6332, 
6339, 
6347, 
6355, 
6363, 
6371, 
6379, 
6386, 
6394, 
6402, 
6410, 
6418, 
6425, 
6433, 
6441, 
6449, 
6457, 
6465, 
6472, 
6480, 
6488, 
6496, 
6504, 
6511, 
6519, 
6527, 
6535, 
6543, 
6551, 
6558, 
6566, 
6574, 
6582, 
6590, 
6597, 
6605, 
6613, 
6621, 
6629, 
6637, 
6644, 
6652, 
6662, 
6668, 
6676, 
6684, 
6692, 
6699, 
6707, 
6718, 
6723, 
6730, 
6739, 
6746, 
6754, 
6762, 
6770, 
6777, 
6785, 
6793, 
6801, 
6809, 
6816, 
6824, 
6832, 
6840, 
6848, 
6856, 
6863, 
6871, 
6879, 
6887, 
6895, 
6902, 
6910, 
6918, 
6926, 
6934, 
6942, 
6949, 
6957, 
6965, 
6973, 
6981, 
6988, 
6996, 
7004, 
7012, 
7020, 
7028, 
7035, 
7043, 
7051, 
7059, 
7067, 
7074, 
7082, 
7090, 
7098, 
7106, 
7114, 
7121, 
7129, 
7137, 
7145, 
7153, 
7161, 
7168, 
7176, 
7184, 
7192, 
7200, 
7207, 
7215, 
7223, 
7231, 
7239, 
7246, 
7254, 
7262, 
7270, 
7278, 
7286, 
7293, 
7301, 
7309, 
7317, 
7325, 
7333, 
7340, 
7348, 
7356, 
7364, 
7372, 
7379, 
7387, 
7395, 
7403, 
7411, 
7419, 
7426, 
7434, 
7442, 
7450, 
7458, 
7466, 
7473, 
7481, 
7489, 
7497, 
7505, 
7512, 
7520, 
7528, 
7536, 
7544, 
7551, 
7559, 
7567, 
7575, 
7583, 
7591, 
7598, 
7606, 
7614, 
7622, 
7630, 
7637, 
7645, 
7653, 
7662, 
7670, 
7678, 
7684, 
7692, 
7700, 
7708, 
7716, 
7724, 
7731, 
7739, 
7747, 
7755, 
7763, 
7770, 
7778, 
7786, 
7794, 
7802, 
7809, 
7817, 
7825, 
7833, 
7841, 
7849, 
7856, 
7864, 
7872, 
7880, 
7888, 
7896, 
7903, 
7911, 
7919, 
7927, 
7935, 
7942, 
7950, 
7958, 
7966, 
7974, 
7982, 
7989, 
7997, 
8005, 
8013, 
8021, 
8028, 
8036, 
8044, 
8052, 
8060, 
8068, 
8075, 
8083, 
8091, 
8099, 
8107, 
8114, 
8122, 
8130, 
8138, 
8146, 
8154, 
8161, 
8169, 
8177, 
8185, 
8193, 
8200, 
8208, 
8216, 
8224, 
8232, 
8240, 
8247, 
8255, 
8263, 
8271, 
8279, 
8287, 
8294, 
8302, 
8310, 
8318, 
8326, 
8333, 
8341, 
8349, 
8357, 
8365, 
8373, 
8380, 
8388, 
8396, 
8404, 
8412, 
8419, 
8427, 
8435, 
8443, 
8451, 
8459, 
8466, 
8474, 
8482, 
8490, 
8498, 
8505, 
8513, 
8521, 
8529, 
8537, 
8545, 
8552, 
8560, 
8568, 
8576, 
8584, 
8591, 
8599, 
8607, 
8615, 
8623, 
8631, 
8638, 
8646, 
8654, 
8662, 
8672, 
8677, R
8685, 
8693, 
8701, 
8709, S
8717, S
8724, S
8732, S
8740, 
8748, 
8756, 
8763, 
8771, 
8779, 
8788, 
8795, 
8803, 
8810, 
8818, 
8826, 
8834, 
8842, 
8850, 
8857, 
8865, 
8873, 
8881, 
8889, 
8896, 
8904, 
8912, 
8920, 
8928, 
8936, 
8943, 
8951, 
8959, 
8967, 
8975, 
8982, 
8990, 
8998, 
9006, 
9014, 
9022, 
9029, 
9037, 
9045, 
9053, 
9061, 
9068, 
9076, 
9084, 
9092, 
9100, 
9108, 
9115, 
9123, 
9131, 
9139, 
9147, 
9154, 
9163, 
9170, 
9178, 
9186, 
9194, 
9201, 
9209, 
9217, 
9225, 
9233, 
9240, 
9248, 
9256, 
9264, 
9272, 
9280, 
9287, 
9295, 
9303, 
9311, 
9319, 
9326, 
9334, 
9343, 
9350, 
9358, 
9366, 
9373, 
9381, 
9389, 
9398, 
9405, 
9413, 
9420, 
9428, 
9436, 
9444, 
9452, 
9459, 
9467, 
9475, 
9483, 
9492, 
9499, 
9506, 
9514, 
9522, 
9530, 
9538, 
9545, 
9553, 
9561, 
9569, 
9577, 
9585, 
9592, 
9600, 
9608, 
9616, 
9624, 
9631, 
9639, 
9647, 
9655, 
9663, 
9673, 
9678, 
9687, 
9694, 
9702, 
9710, 
9717, 
9725, 
9733, 
9742, 
9749, 
9757, 
9764, 
9772, 
9780, 
9788, 
9796, 
9803, 
9811, 
9819, 
9827, 
9835, 
9843, 
9850, 
9858, 
9866, 
9874, 
9882, 
9890, 
9897, 
9905, 
9913, 
9921, 
9929, 
9936, 
9944, 
9952, 
9960, 
9968, 
9976, 
9983, 
9991, 
9999, 
10007, 
10015, 
10022, 
10030, 
10038, 
10046, 
10054, 
10062, 
10069, 
10077, 
10085, 
10093, 
10101, 
10108, 
10116, 
10124, 
10132, 
10140, 
10148, 
10155, 
10163, 
10171, 
10179, 
10187, 
10194, 
10202, 
10210, 
10218, 
10226, 
10234, 
10241, 
10249, 
10258, 
10265, 
10273, 
10280, 
10288, 
10296, 
10304, 
10312, 
10320, 
10327, 
10335, 
10343, 
10351, 
10359, 
10366, 
10374, 
10382, 
10391, 
10398, 
10406, 
10413, 
10421, 
10429, 
10437, 
10445, 
10452, 
10460, 
10468, 
10476, 
10484, 
10492, 
10499, 
10507, 
10515, 
10523, 
10531, 
10539, 
10546, 
10554, 
10562, 
10570, 
10578, 
10585, 
10593, 
10601, 
10609, 
10617, 
10625, 
10632, 
10640, 
10649, 
10656, 
10664, 
10671, 
10679, 
10687, 
10695, 
10704, 
10711, 
10718, 
10726, 
10734, 
10742, 
10750, 
10757, 
10765, 
10773, 
10781, 
10789, 
10797, 
10804, 
10812, 
10820, 
10828, 
10836, 
10843, 
10851, 
10859, 
10867, 
10875, 
10883, 
10890, 
10898, 
10906, 
10914, 
10922, 
10930, 
10937, 
10945, 
10953, 
10961, 
10969, 
10976, 
10984, 
10992, 
11000, 
11008, 
11016, 
11024, 
11031, 
11039, 
11047, 
11055, 
11062, 
11070, 
11078, 
11086, 
11094, 
11102, 
11109, 
11117, 
11125, 
11133, 
11141, 
11148, 
11156, 
11164, 
11172, 
11180, 
11188, 
11195, 
11203, 
11211, 
11219, 
11227, 
11234, 
11242, 
11250, 
11258, 
11266, 
11274, 
11281, 
11289, 
11297, 
11305, 
11313, 
11320, 
11328, 
11336, 
11344, 
11352, 
11360, 
11367, 
11375, 
11383, 
11391, 
11400, 
11406, 
11414, 
11422, 
11430, 
11439, 
11446, 
11453, 
11461, 
11469, 
11477, 
11485, 
11493, 
11500, 
11508, 
11516, 
11524, 
11532, 
11539, 
11547, 
11556, 
11563, 
11571, 
11578, 
11586, 
11594, 
11602, 
11610, 
11618, 
11625, 
11633, 
11641, 
11649, 
11657, 
11665, 
11672, 
11680, 
11689, 
11696, 
11705, 
11711, 
11719, 
11727, 
11735, 
11743, 
11751, 
11758, 
11766, 
11774, 
11782, 
11790, 
11797, 
11805, 
11813, 
11821, 
11829, 
11837, 
11844, 
11852, 
11860, 
11868, 
11876, 
11883, 
11891, 
11900, 
11907, 
11915, 
11923, 
11930, 
11938, 
11946, 
11954, 
11962, 
11969, 
11977, 
11985, 
11993, 
12001, 
12009, 
12016, 
12024, 
12032, 
12040, 
12048, 
12056, 
12063, 
12071, 
12079, 
12087, 
12095, 
12102, 
12110, 
12118, 
12126, 
12134, 
12142, 
12149, 
12157, 
12165, 
12173, 
12181, 
12188, 
12196, 
12205, 
12212, 
12220, 
12228, 
12235, 
12243, 
12251, 
12259, 
12268, 
12274, 
12282, 
12290, 
12298, 
12306, 
12314, 
12321, 
12329, 
12337, 
12345, 
12353, 
12360, 
12368, 
12376, 
12384, 
12392, 
12400, 
12408, 
12415, 
12423, 
12431, 
12439, 
12446, 
12454, 
12462, 
12470, 
12478, 
12486, 
12493, 
12501, 
12509, 
12517, 
12525, 
12533, 
12540, 
12548, 
12556, 
12564, 
12572, 
12579, 
12587, 
12595, 
12603, 
12611, 
12619, 
12626, 
12634, 
12642, 
12650, 
12658, 
12665, 
12673, 
12682, 
12691, 
12697, 
12706, 
12712, 
12720, 
12728, 
12736, 
12744, 
12751, 
12759, 
12767, 
12775, 
12783, 
12791, 
12798, 
12806, 
12814, 
12822, 
12830, 
12837, 
12845, 
12853, 
12861, 
12869, 
12877, 
12884, 
12892, 
12900, 
12908, 
12916, 
12923, 
12931, 
12939, 
12947, 
12955, 
12963, 
12970, 
12978, 
12986, 
12994, R
13002, 
13009, 
13017, 
13025, S
13033, S
13041, S
13049, S
13056, 
13064, 
13072, 
13080, 
13088, 
13095, 
13103, 
13111, 
13119, 
13127, 
13135, 
13142, 
13150, 
13158, 
13166, 
13174, 
13182, 
13190, 
13197, 
13205, 
13213, 
13221, 
13228, 
13236, 
13244, 
13252, 
13260, 
13268, 
13275, 
13283, 
13291, 
13299, 
13307, 
13314, 
13322, 
13330, 
13338, 
13346, 
13354, 
13361, 
13369, 
13377, 
13385, 
13393, 
13400, 
13408, 
13416, 
13424, 
13432, 
13440, 
13447, 
13455, 
13463, 
13471, 
13479, 
13486, 
13494, 
13502, 
13510, 
13518, 
13526, 
13533, 
13541, 
13549, 
13557, 
13565, 
13572, 
13580, 
13588, 
13596, 
13604, 
13612, 
13619, 
13627, 
13635, 
13643, 
13651, 
13658, 
13666, 
13674, 
13682, 
13690, 
13698, 
13705, 
13713, 
13721, 
13729, 
13737, 
13745, 
13752, 
13760, 
13768, 
13776, 
13784, 
13791, 
13799, 
13807, 
13815, 
13823, 
13831, 
13838, 
13846, 
13854, 
13862, 
13870, 
13877, 
13885, 
13893, 
13901, 
13909, 
13917, 
13924, 
13932, 
13940, 
13948, 
13956, 
13963, 
13971, 
13979, 
13987, 
13995, 
14003, 
14010, 
14018, 
14026, 
14034, 
14042, 
14049, 
14057, 
14065, 
14073, 
14081, 
14089, 
14096, 
14104, 
14112, 
14120, 
14128, 
14135, 
14143, 
14151, 
14159, 
14167, 
14175, 
14185, 
14190, 
14198, 
14206, 
14214, 
14221, 
14229, 
14237, 
14245, 
14253, 
14261, 
14268, 
14276, 
14284, 
14292, 
14300, 
14307, 
14315, 
14323, 
14331, 
14339, 
14347, 
14354, 
14362, 
14370, 
14378, 
14386, 
14394, 
14401, 
14410, 
14417, 
14425, 
14433, 
14440, 
14448, 
14456, 
14464, 
14472, 
14480, 
14487, 
14495, 
14503, 
14511, 
14519, 
14526, 
14534, 
14542, 
14550, 
14558, 
14566, 
14573, 
14581, 
14589, 
14597, 
14605, 
14613, 
14620, 
14628, 
14636, 
14644, 
14652, 
14659, 
14667, 
14677, 
14683, 
14691, 
14698, 
14706, 
14714, 
14722, 
14730, 
14738, 
14745, 
14754, 
14761, 
14769, 
14777, 
14785, 
14792, 
14800, 
14808, 
14816, 
14824, 
14831, 
14839, 
14847, 
14855, 
14863, 
14871, 
14878, 
14886, 
14894, 
14902, 
14910, 
14917, 
14925, 
14933, 
14942, 
14949, 
14957, 
14964, 
14972, 
14980, 
14988, 
14997, 
15003, 
15012, 
15019, 
15027, 
15035, 
15043, 
15050, 
15058, 
15066, 
15075, 
15082, 
15089, 
15097, 
15105, 
15113, 
15121, 
15129, 
15136, 
15144, 
15152, 
15160, 
15168, 
15176, 
15183, 
15191, 
15199, 
15207, 
15215, 
15222, 
15230, 
15238, 
15246, 
15254, 
15262, 
15269, 
15277, 
15285, 
15293, 
15301, 
15308, 
15316, 
15324, 
15332, 
15340, 
15348, 
15355, 
15363, 
15371, 
15379, 
15387, 
15394, 
15402, 
15410, 
15418, 
15426, 
15434, 
15441, 
15449, 
15457, 
15465, 
15473, 
15480, 
15488, 
15496, 
15504, 
15512, 
15520, 
15527, 
15535, 
15543, 
15551, 
15559, 
15566, 
15574, 
15582, 
15590, 
15598, 
15606, 
15613, 
15621, 
15629, 
15637, 
15645, 
15652, 
15660, 
15670, 
15676, 
15684, 
15692, 
15699, 
15707, 
15715, 
15723, 
15731, 
15738, 
15746, 
15754, 
15762, 
15770, 
15778, 
15785, 
15793, 
15801, 
15809, 
15817, 
15825, 
15832, 
15840, 
15848, 
15856, 
15864, 
15871, 
15879, 
15887, 
15895, 
15903, 
15911, 
15918, 
15926, 
15934, 
15942, 
15950, 
15957, 
15965, 
15973, 
15981, 
15989, 
15997, 
16004, 
16012, 
16020, 
16028, 
16036, 
16043, 
16051, 
16059, 
16067, 
16075, 
16083, 
16090, 
16098, 
16106, 
16114, 
16122, 
16129, 
16137, 
16145, 
16153, 
16161, 
16172, 
16176, 
16184, 
16192, 
16200, 
16208, 
16216, 
16225, 
16231, 
16240, 
16247, 
16255, 
16262, 
16270, 
16278, 
16286, 
16294, 
16301, 
16309, 
16317, 
16325, 
16333, 
16341, 
16348, 
16356, 
16364, 
16372, 
16380, 
16388, 
16395, 
16403, 
16411, 
16420, 
16427, 
16434, 
16442, 
16450, 
16459, 
16466, 
16474, 
16481, 
16489, 
16497, 
16505, 
16513, 
16520, 
16528, 
16536, 
16544, 
16552, 
16560, 
16567, 
16575, 
16583, 
16591, 
16599, 
16606, 
16614, 
16622, 
16631, 
16638, 
16646, 
16653, 
16661, 
16669, 
16679, 
16685, 
16692, 
16700, 
16708, 
16716, 
16724, 
16732, 
16739, 
16747, 
16755, 
16763, 
16771, 
16778, 
16786, 
16794, 
16802, 
16810, 
16818, 
16825, 
16833, 
16841, 
16849, 
16857, 
16865, 
16872, 
16880, 
16888, 
16896, 
16904, 
16911, 
16919, 
16927, 
16935, 
16943, 
16951, 
16958, 
16966, 
16974, 
16982, 
16990, 
16997, 
17006, 
17013, 
17021, 
17029, 
17037, 
17044, 
17053, 
17060, 
17068, 
17076, 
17083, 
17091, 
17099, 
17107, 
17115, 
17123, 
17130, 
17138, 
17146, 
17154, 
17164, 
17169, 
17177, 
17185, 
17194, 
17201, 
17209, 
17216, 
17224, 
17232, 
17240, 
17248, 
17255, 
17263, 
17271, 
17279, 
17287, 
17295, 
17302, 
17310, 
17318, 
17326, 
17334, 
17342, 
17349, 
17357, 
17365, 
17373, 
17381, 
17388, 
17396, 
17404, 
17412, 
17420, 
17428, 
17435, 
17443, 
17451, 
17459, 
17467, 
17474, 
17482, 
17490, 
17498, 
17506, 
17514, 
17521, 
17529, 
17537, 
17545, 
17553, 
17560, 
17568, 
17576, 
17584, 
17592, 
17600, 
17607, 
17615, 
17623, 
17631, 
17639, 
17646, 
17654, 
17664, 
17670, 
17679, 
17686, 
17693, 
17701, 
17709, 
17717, 
17725, 
17732, 
17740, 
17748, 
17756, 
17764, 
17772, 
17779, 
17787, 
17795, 
17803, 
17811, 
17819, 
17826, 
17834, 
17842, 
17850, 
17858, 
17865, 
17873, 
17881, 
17889, 
17897, 
17905, 
17912, 
17921, 
17928, 
17937, 
17944, 
17952, 
17959, 
17967, 
17975, 
17983, 
17991, 
17998, 
18007, 
18014, 
18022, 
18030, 
18037, 
18045, 
18053, 
18061, 
18069, 
18077, 
18084, 
18092, 
18100, 
18108, 
18116, 
18123, 
18132, 
18139, 
18147, 
18155, 
18166, 
18170, 
18179, 
18188, 
18194, 
18204, 
18209, 
18217, 
18225, 
18233, 
18241, 
18249, R
18256, 
18264, 
18272, 
18280, S
18288, S
18295, S
18303, S
18311, 
18319, 
18327, 
18335, 
18342, 
18350, 
18358, 
18366, 
18374, 
18381, 
18389, 
18397, 
18405, 
18413, 
18421, 
18428, 
18436, 
18444, 
18452, 
18460, 
18467, 
18475, 
18483, 
18491, 
18499, 
18507, 
18514, 
18522, 
18530, 
18538, 
18546, 
18554, 
18561, 
18569, 
18577, 
18585, 
18593, 
18600, 
18608, 
18616, 
18624, 
18632, 
18640, 
18647, 
18655, 
18663, 
18673, 
18679, 
18687, 
18694, 
18702, 
18710, 
18718, 
18726, 
18733, 
18741, 
18749, 
18757, 
18765, 
18772, 
18780, 
18788, 
18796, 
18804, 
18812, 
18819, 
18827, 
18835, 
18843, 
18851, 
18858, 
18866, 
18874, 
18882, 
18890, 
18898, 
18905, 
18913, 
18921, 
18929, 
18937, 
18944, 
18952, 
18960, 
18968, 
18976, 
18984, 
18991, 
18999, 
19007, 
19015, 
19023, 
19031, 
19038, 
19046, 
19055, 
19062, 
19070, 
19077, 
19085, 
19093, 
19102, 
19109, 
19117, 
19124, 
19132, 
19141, 
19148, 
19156, 
19163, 
19171, 
19179, 
19187, 
19195, 
19204, 
19210, 
19218, 
19226, 
19234, 
19242, 
19249, 
19257, 
19265, 
19273, 
19281, 
19289, 
19296, 
19304, 
19312, 
19320, 
19328, 
19335, 
19343, 
19351, 
19359, 
19367, 
19375, 
19382, 
19390, 
19398, 
19406, 
19414, 
19421, 
19429, 
19437, 
19445, 
19453, 
19461, 
19468, 
19476, 
19484, 
19492, 
19500, 
19508, 
19515, 
19523, 
19531, 
19539, 
19547, 
19554, 
19562, 
19570, 
19578, 
19586, 
19594, 
19601, 
19609, 
19617, 
19625, 
19634, 
19640, 
19649, 
19656, 
19667, 
19672, 
19682, 
19687, 
19695, 
19706, 
19711, 
19721, 
19726, 
19734, 
19742, 
19750, 
19758, 
19766, 
19773, 
19782, 
19789, 
19797, 
19805, 
19812, 
19820, 
19828, 
19836, 
19844, 
19852, 
19859, 
19867, 
19875, 
19883, 
19891, 
19898, 
19906, 
19914, 
19922, 
19930, 
19938, 
19945, 
19953, 
19961, 
19969, 
19977, 
19984, 
19992, 
20000, 
20008, 
20016, 
20024, 
20031, 
20039, 
20047, 
20055, 
20063, 
20070, 
20078, 
20086, 
20094, 
20102, 
20110, 
20117, 
20125, 
20133, 
20141, 
20149, 
20156, 
20164, 
20172, 
20180, 
20188, 
20196, 
20203, 
20211, 
20219, 
20227, 
20235, 
20243, 
20250, 
20258, 
20266, 
20274, 
20282, 
20289, 
20297, 
20305, 
20313, 
20321, 
20329, 
20336, 
20344, 
20352, 
20360, 
20368, 
20375, 
20383, 
20391, 
20399, 
20407, 
20415, 
20422, 
20430, 
20438, 
20446, 
20454, 
20461, 
20469, 
20477, 
20485, 
20493, 
20501, 
20508, 
20516, 
20524, 
20532, 
20540, 
20547, 
20555, 
20563, 
20571, 
20579, 
20587, 
20594, 
20602, 
20610, 
20618, 
20626, 
20633, 
20641, 
20649, 
20657, 
20665, 
20673, 
20682, 
20689, 
20696, 
20705, 
20712, 
20720, 
20727, 
20735, 
20743, 
20751, 
20759, 
20766, 
20774, 
20782, 
20790, 
20798, 
20806, 
20813, 
20821, 
20829, 
20837, 
20845, 
20852, 
20860, 
20868, 
20876, 
20884, 
20892, 
20899, 
20907, 
20915, 
20923, 
20931, 
20938, 
20946, 
20954, 
20962, 
20970, 
20978, 
20985, 
20993, 
21001, 
21009, 
21017, 
21024, 
21032, 
21040, 
21048, 
21056, 
21064, 
21071, 
21079, 
21087, 
21095, 
21103, 
21110, 
21118, 
21126, 
21134, 
21142, 
21150, 
21157, 
21165, 
21176, 
21181, 
21191, 
21197, 
21206, 
21212, 
21220, 
21228, 
21237, 
21243, 
21251, 
21259, 
21267, 
21275, 
21284, 
21290, 
21298, 
21306, 
21314, 
21323, 
21329, 
21337, 
21345, 
21353, 
21361, 
21370, 
21376, 
21384, 
21392, 
21400, 
21408, 
21415, 
21423, 
21431, 
21439, 
21447, 
21455, 
21462, 
21470, 
21478, 
21486, 
21494, 
21501, 
21509, 
21517, 
21525, 
21533, 
21541, 
21548, 
21556, 
21564, 
21572, 
21580, 
21587, 
21595, 
21603, 
21611, 
21619, 
21627, 
21634, 
21642, 
21650, 
21658, 
21666, 
21674, 
21681, 
21689, 
21697, 
21705, 
21713, 
21720, 
21728, 
21736, 
21744, 
21752, 
21761, 
21767, 
21775, 
21783, 
21791, 
21799, 
21806, 
21814, 
21822, 
21830, 
21838, 
21846, 
21853, 
21861, 
21869, 
21877, 
21885, 
21892, 
21900, 
21908, 
21916, 
21924, 
21932, 
21939, 
21947, 
21955, 
21963, 
21971, 
21978, 
21986, 
21994, 
22002, 
22010, 
22018, 
22025, 
22033, 
22041, 
22049, 
22057, 
22064, 
22072, 
22080, 
22088, 
22096, 
22104, 
22111, 
22120, 
22127, 
22135, 
22143, 
22150, 
22158, 
22166, 
22174, 
22182, 
22192, 
22197, 
22207, 
22213, 
22221, 
22229, 
22237, 
22244, 
22252, 
22260, 
22268, 
22276, 
22283, 
22291, 
22299, 
22307, 
22315, 
22323, 
22330, 
22338, 
22346, 
22354, 
22362, 
22369, 
22377, 
22385, 
22393, 
22401, 
22409, 
22416, 
22424, 
22432, 
22440, 
22448, 
22455, 
22463, 
22471, 
22479, 
22487, 
22495, 
22502, 
22510, 
22518, 
22526, 
22534, 
22541, 
22549, 
22557, 
22565, 
22573, 
22581, 
22588, 
22596, 
22605, 
22612, 
22620, 
22628, 
22635, 
22643, 
22651, 
22659, 
22667, 
22676, 
22682, 
22690, 
22699, 
22706, 
22714, 
22721, 
22729, 
22737, 
22745, 
22753, 
22760, 
22768, 
22776, 
22784, 
22792, 
22800, 
22807, 
22815, 
22823, 
22831, 
22839, 
22846, 
22854, 
22862, 
22870, 
22878, 
22886, 
22893, 
22901, 
22909, 
22917, 
22925, 
22932, 
22940, 
22948, 
22956, 
22964, 
22972, 
22979, 
22987, 
22996, 
23003, 
23012, 
23018, 
23026, 
23034, 
23042, 
23050, 
23058, 
23065, R
23073, 
23081, 
23089, 
23097, S
23105, S
23112, S
23120, S
23128, 
23136, 
23144, 
23151, 
23159, 
23167, 
23175, 
23183, 
23192, 
23198, 
23209, 
23215, 
23224, 
23230, 
23237, 
23245, 
23253, 
23261, 
23269, 
23276, 
23284, 
23292, 
23300, 
23308, 
23316, 
23323, 
23331, 
23339, 
23347, 
23355, 
23362, 
23370, 
23378, 
23386, 
23394, 
23402, 
23409, 
23417, 
23425, 
23433, 
23441, 
23449, 
23456, 
23464, 
23472, 
23480, 
23488, 
23495, 
23503, 
23511, 
23519, 
23527, 
23535, 
23542, 
23550, 
23558, 
23566, 
23574, 
23581, 
23589, 
23597, 
23605, 
23613, 
23621, 
23628, 
23636, 
23644, 
23652, 
23660, 
23667, 
23676, 
23683, 
23691, 
23699, 
23707, 
23714, 
23722, 
23730, 
23738, 
23746, 
23753, 
23761, 
23771, 
23777, 
23785, 
23793, 
23800, 
23808, 
23816, 
23824, 
23832, 
23839, 
23847, 
23855, 
23863, 
23871, 
23879, 
23886, 
23894, 
23902, 
23910, 
23918, 
23926, 
23933, 
23942, 
23949, 
23957, 
23965, 
23972, 
23980, 
23988, 
23996, 
24005, 
24012, 
24019, 
24027, 
24035, 
24043, 
24051, 
24058, 
24066, 
24074, 
24082, 
24090, 
24098, 
24105, 
24113, 
24121, 
24129, 
24137, 
24144, 
24152, 
24160, 
24168, 
24178, 
24184, 
24191, 
24199, 
24209, 
24215, 
24225, 
24231, 
24238, 
24246, 
24254, 
24262, 
24270, 
24277, 
24285, 
24293, 
24301, 
24309, 
24316, 
24324, 
24332, 
24340, 
24348, 
24356, 
24363, 
24371, 
24379, 
24387, 
24395, 
24403, 
24410, 
24418, 
24426, 
24434, 
24442, 
24449, 
24457, 
24465, 
24473, 
24481, 
24489, 
24496, 
24504, 
24512, 
24520, 
24528, 
24535, 
24543, 
24551, 
24559, 
24567, 
24575, 
24582, 
24590, 
24598, 
24606, 
24614, 
24621, 
24629, 
24637, 
24645, 
24653, 
24661, 
24668, 
24676, 
24686, 
24692, 
24700, 
24707, 
24715, 
24723, 
24731, 
24739, 
24747, 
24754, 
24762, 
24770, 
24779, 
24786, 
24793, 
24801, 
24809, 
24817, 
24825, 
24833, 
24840, 
24848, 
24856, 
24864, 
24872, 
24879, 
24887, 
24895, 
24903, 
24911, 
24919, 
24926, 
24934, 
24942, 
24950, 
24958, 
24965, 
24973, 
24981, 
24989, 
24997, 
25005, 
25012, 
25020, 
25028, 
25036, 
25044, 
25052, 
25059, 
25068, 
25075, 
25083, 
25091, 
25098, 
25106, 
25114, 
25122, 
25130, 
25138, 
25145, 
25153, 
25161, 
25171, 
25177, 
25184, 
25193, 
25200, 
25208, 
25216, 
25224, 
25231, 
25239, 
25247, 
25255, 
25263, 
25271, 
25278, 
25287, 
25294, 
25302, 
25310, 
25317, 
25325, 
25333, 
25341, 
25349, 
25356, 
25364, 
25372, 
25380, 
25388, 
25396, 
25403, 
25411, 
25419, 
25427, 
25435, 
25442, 
25450, 
25458, 
25466, 
25474, 
25482, 
25489, 
25497, 
25505, 
25513, 
25521, 
25529, 
25536, 
25544, 
25552, 
25560, 
25568, 
25575, 
25583, 
25591, 
25599, 
25607, 
25615, 
25622, 
25630, 
25638, 
25646, 
25654, 
25661, 
25669, 
25678, 
25685, 
25693, 
25701, 
25708, 
25716, 
25724, 
25732, 
25740, 
25747, 
25755, 
25763, 
25771, 
25779, 
25787, 
25794, 
25802, 
25810, 
25818, 
25826, 
25833, 
25841, 
25849, 
25857, 
25865, 
25873, 
25880, 
25888, 
25896, 
25904, 
25912, 
25919, 
25927, 
25935, 
25944, 
25951, 
25959, 
25966, 
25975, 
25982, 
25990, 
25998, 
26005, 
26013, 
26021, 
26029, 
26037, 
26045, 
26052, 
26060, 
26068, 
26076, 
26084, 
26092, 
26099, 
26107, 
26115, 
26123, 
26131, 
26138, 
26146, 
26154, 
26162, 
26170, 
26178, 
26185, 
26194, 
26201, 
26209, 
26217, 
26224, 
26232, 
26241, 
26248, 
26256, 
26264, 
26271, 
26279, 
26287, 
26295, 
26303, 
26310, 
26318, 
26326, 
26334, 
26342, 
26350, 
26357, 
26365, 
26373, 
26381, 
26389, 
26396, 
26404, 
26412, 
26420, 
26428, 
26436, 
26444, 
26451, 
26459, 
26467, 
26475, 
26483, 
26490, 
26498, 
26507, 
26514, 
26522, 
26529, 
26537, 
26545, 
26553, 
26561, 
26569, 
26576, 
26584, 
26592, 
26600, 
26608, 
26615, 
26623, 
26631, 
26639, 
26647, 
26655, 
26662, 
26670, 
26679, 
26686, 
26694, 
26701, 
26709, 
26717, 
26727, 
26733, 
26741, 
26748, 
26756, 
26764, 
26772, 
26780, 
26787, 
26795, 
26803, 
26811, 
26819, 
26827, 
26834, 
26842, 
26850, 
26858, 
26866, 
26873, 
26881, 
26889, 
26897, 
26905, 
26913, 
26920, 
26928, 
26936, 
26944, 
26952, 
26960, 
26967, 
26975, 
26983, 
26991, 
26999, 
27006, 
27014, 
27022, 
27030, 
27038, 
27046, 
27053, 
27061, 
27069, 
27077, 
27085, 
27092, 
27100, 
27108, 
27116, 
27124, 
27132, 
27139, 
27147, 
27155, 
27163, 
27173, 
27178, 
27186, 
27194, 
27202, 
27210, 
27218, 
27225, 
27233, 
27241, 
27249, 
27257, 
27264, 
27272, 
27280, 
27289, 
27296, 
27304, 
27311, 
27319, 
27327, 
27335, 
27343, 
27350, 
27358, 
27366, 
27374, 
27382, 
27390, 
27397, 
27406, 
27413, 
27421, 
27429, 
27436, 
27444, 
27452, 
27460, 
27468, 
27476, 
27483, 
27492, 
27499, 
27507, 
27515, 
27522, 
27530, 
27538, 
27546, 
27554, 
27562, 
27570, 
27577, 
27585, 
27593, 
27601, 
27609, 
27616, 
27625, 
27632, 
27641, 
27648, 
27655, 
27663, 
27674, 
27679, 
27689, 
27695, 
27703, 
27710, 
27719, 
27726, 
27734, 
27741, 
27749, 
27757, 
27765, 
27773, 
27781, 
27788, 
27796, 
27804, 
27812, 
27820, 
27827, 
27835, 
27843, 
27851, 
27859, 
27867, 
27874, 
27882, 
27890, 
27898, 
27906, 
27913, 
27921, 
27929, 
27937, 
27945, 
27953, 
27960, 
27968, 
27976, 
27984, 
27992, 
27999, 
28007, 
28015, 
28023, 
28031, 
28039, 
28046, 
28054, 
28062, 
28070, 
28078, 
28085, 
28093, 
28101, 
28109, 
28117, 
28125, 
28132, 
28140, 
28148, 
28156, 
28165, 
28171, 
28179, 
28188, 
28195, 
28203, 
28211, 
28218, 
28226, 
28234, 
28242, 
28250, 
28259, 
28265, 
28273, 
28281, 
28289, 
28297, 
28304, 
28312, 
28320, 
28328, 
28336, 
28344, 
28351, 
28359, 
28367, 
28375, 
28383, 
28390, 
28398, 
28407, 
28414, 
28422, 
28430, 
28437, 
28445, 
28454, 
28461, 
28469, 
28476, 
28484, 
28492, 
28500, 
28508, 
28516, 
28523, 
28531, 
28539, 
28547, 
28555, 
28562, 
28570, 
28578, 
28586, 
28594, 
28602, 
28609, 
28617, 
28625, 
28633, 
28641, 
28648, 
28656, 
28664, 
28672, 
28680, 
28688, 
28695, 
28703, 
28711, 
28719, 
28727, 
28735, 
28742, 
28750, 
28758, 
28766, 
28774, 
28781, 
28789, 
28797, 
28806, 
28813, 
28821, 
28828, 
28836, 
28844, 
28852, 
28860, 
28867, 
28875, 
28883, 
28891, 
28899, 
28907, 
28914, R
28922, 
28930, 
28938, 
28946, S
28953, S
28961, S
28969, S
28977, 
28985, 
28993, 
29000, 
29008, 
29016, 
29024, 
29032, 
29039, 
29047, 
29055, 
29063, 
29071, 
29079, 
29086, 
29094, 
29102, 
29110, 
29118, 
29126, 
29133, 
29141, 
29149, 
29157, 
29165, 
29172, 
29183, 
29188, 
29197, 
29204, 
29211, 
29219, 
29227, 
29235, 
29243, 
29251, 
29258, 
29266, 
29274, 
29282, 
29290, 
29297, 
29305, 
29313, 
29321, 
29329, 
29337, 
29344, 
29352, 
29360, 
29368, 
29376, 
29384, 
29391, 
29399, 
29407, 
29415, 
29423, 
29430, 
29438, 
29446, 
29454, 
29462, 
29470, 
29477, 
29485, 
29493, 
29501, 
29510, 
29516, 
29524, 
29532, 
29540, 
29548, 
29556, 
29563, 
29571, 
29579, 
29587, 
29595, 
29602, 
29610, 
29618, 
29626, 
29634, 
29642, 
29649, 
29657, 
29665, 
29673, 
29683, 
29688, 
29697, 
29704, 
29714, 
29720, 
29728, 
29735, 
29743, 
29751, 
29759, 
29767, 
29774, 
29782, 
29790, 
29798, 
29808, 
29814, 
29821, 
29829, 
29837, 
29845, 
29853, 
29861, 
29868, 
29876, 
29884, 
29892, 
29900, 
29907, 
29915, 
29923, 
29931, 
29939, 
29947, 
29954, 
29962, 
29970, 
29978, 
29986, 
29993, 
30001, 
30009, 
30017, 
30025, 
30033, 
30040, 
30048, 
30056, 
30064, 
30072, 
30079, 
30087, 
30095, 
30103, 
30111, 
30119, 
30126, 
30134, 
30142, 
30150, 
30158, 
30165, 
30173, 
30183, 
30189, 
30197, 
30205, 
30212, 
30220, 
30228, 
30236, 
30244, 
30251, 
30259, 
30267, 
30275, 
30283, 
30291, 
30298, 
30306, 
30314, 
30322, 
30330, 
30338, 
30345, 
30353, 
30361, 
30369, 
30377, 
30384, 
30392, 
30400, 
30408, 
30416, 
30424, 
30431, 
30439, 
30447, 
30455, 
30463, 
30471, 
30478, 
30486, 
30494, 
30502, 
30510, 
30517, 
30525, 
30533, 
30541, 
30549, 
30556, 
30564, 
30572, 
30580, 
30588, 
30596, 
30603, 
30611, 
30619, 
30627, 
30635, 
30642, 
30650, 
30658, 
30666, 
30674, 
30682, 
30691, 
30697, 
30706, 
30713, 
30721, 
30728, 
30736, 
30744, 
30752, 
30760, 
30768, 
30776, 
30783, 
30791, 
30799, 
30807, 
30815, 
30822, 
30830, 
30838, 
30846, 
30854, 
30861, 
30869, 
30877, 
30885, 
30893, 
30901, 
30908, 
30916, 
30924, 
30932, 
30940, 
30947, 
30955, 
30963, 
30971, 
30979, 
30987, 
30994, 
31002, 
31010, 
31018, 
31026, 
31033, 
31041, 
31049, 
31057, 
31065, 
31073, 
31080, 
31088, 
31096, 
31104, 
31112, 
31119, 
31127, 
31135, 
31143, 
31151, 
31159, 
31166, 
31174, 
31182, 
31190, 
31198, 
31206, 
31213, 
31221, 
31229, 
31237, 
31245, 
31252, 
31260, 
31268, 
31276, 
31284, 
31292, 
31299, 
31309, 
31315, 
31323, 
31331, 
31338, 
31346, 
31354, 
31362, 
31370, 
31377, 
31385, 
31393, 
31401, 
31409, 
31417, 
31424, 
31432, 
31440, 
31448, 
31456, 
31464, 
31471, 
31479, 
31487, 
31495, 
31503, 
31510, 
31518, 
31526, 
31534, 
31542, 
31550, 
31557, 
31565, 
31573, 
31581, 
31589, 
31596, 
31604, 
31612, 
31620, 
31628, 
31636, 
31643, 
31651, 
31659, 
31667, 
31675, 
31682, 
31690, 
31698, 
31707, 
31714, 
31723, 
31729, 
31738, 
31745, 
31754, 
31761, 
31768, 
31776, 
31784, 
31792, 
31800, 
31808, 
31815, 
31823, 
31831, 
31839, 
31847, 
31855, 
31862, 
31870, 
31878, 
31886, 
31894, 
31901, 
31909, 
31917, 
31925, 
31933, 
31940, 
31948, 
31956, 
31964, 
31972, 
31980, 
31987, 
31995, 
32003, 
32011, 
32019, 
32027, 
32034, 
32042, 
32050, 
32058, 
32066, 
32073, 
32081, 
32089, 
32097, 
32105, 
32113, 
32121, 
32128, 
32136, 
32144, 
32152, 
32159, 
32167, 
32175, 
32183, 
32191, 
32199, 
32208, 
32214, 
32222, 
32230, 
32238, 
32246, 
32253, 
32261, 
32269, 
32277, 
32285, 
32292, 
32300, 
32308, 
32316, 
32324, 
32332, 
32339, 
32347, 
32355, 
32363, 
32371, 
32378, 
32386, 
32394, 
32402, 
32410, 
32418, 
32425, 
32434, 
32441, 
32449, 
32481, 
32482, 
32482, 
32482, 
32488, 
32496, 
32504, 
32511, 
32519, 
32527, 
32535, 
32543, 
32550, 
32558, 
32566, 
32574, 
32582, 
32590, 
32597, 
32605, 
32613, 
32621, 
32629, 
32636, 
32644, 
32652, 
32660, 
32668, 
32676, 
32683, 
32693, 
32699, 
32711, 
32715, 
32726, 
32730, 
32739, 
32746, 
32754, 
32762, 
32769, 
32777, 
32785, 
32793, 
32801, 
32809, 
32816, 
32824, 
32832, 
32840, 
32848, 
32855, 
32863, 
32871, 
32879, 
32887, 
32895, 
32902, 
32910, 
32918, 
32926, 
32934, 
32941, 
32949, 
32957, 
32965, 
32973, 
32981, 
32988, 
32996, 
33004, 
33012, 
33020, 
33027, 
33035, 
33043, 
33051, 
33059, 
33067, 
33074, 
33082, 
33090, 
33098, 
33106, 
33113, 
33121, 
33129, 
33137, 
33145, 
33153, 
33160, 
33168, 
33176, 
33184, 
33192, 
33199, 
33208, 
33215, 
33223, 
33231, 
33239, 
33246, 
33254, 
33262, 
33270, 
33278, 
33285, 
33293, 
33301, 
33309, 
33317, 
33325, 
33332, 
33340, 
33348, 
33356, 
33364, 
33372, 
33379, 
33387, 
33395, 
33404, 
33411, 
33418, 
33426, 
33434, 
33442, 
33450, 
33458, 
33465, 
33473, 
33481, 
33489, 
33497, 
33504, 
33512, 
33520, 
33528, 
33536, 
33544, 
33551, 
33559, 
33567, 
33575, 
33583, 
33590, 
33598, 
33606, 
33614, 
33622, 
33630, 
33637, 
33646, 
33653, 
33661, 
33669, 
33676, 
33687, 
33692, 
33700, 
33709, 
33717, 
33724, 
33731, 
33740, 
33747, 
33755, 
33762, 
33770, 
33778, 
33786, 
33794, 
33802, 
33809, 
33817, 
33825, 
33833, 
33841, 
33848, 
33856, 
33864, 
33872, 
33880, 
33888, 
33895, 
33903, 
33911, 
33919, 
33927, 
33935, 
33942, 
33950, 
33958, 
33966, 
33974, 
33981, 
33989, 
33997, 
34005, 
34013, 
34021, 
34028, 
34036, 
34044, 
34052, 
34060, 
34067, 
34075, 
34083, 
34091, 
34099, 
34107, 
34114, 
34122, 
34130, 
34138, 
34146, 
34153, 
34161, 
34169, 
34177, 
34186, 
34195, 
34200, 
34209, 
34216, 
34224, 
34232, 
34239, 
34247, 
34255, 
34263, 
34271, 
34279, 
34286, 
34294, 
34302, 
34311, 
34318, 
34326, 
34333, 
34341, R
34349, 
34357, S
34365, S
34372, S
34380, S
34388, 
34396, 
34404, 
34411, 
34419, 
34427, 
34435, 
34443, 
34451, 
34458, 
34466, 
34474, 
34482, 
34490, 
34498, 
34505, 
34513, 
34521, 
34529, 
34537, 
34544, 
34552, 
34560, 
34568, 
34576, 
34584, 
34591, 
34599, 
34607, 
34615, 
34623, 
34630, 
34638, 
34646, 
34654, 
34662, 
34670, 
34677, 
34687, 
34693, 
34702, 
34709, 
34716, 
34725, 
34732, 
34742, 
34748, 
34756, 
34763, 
34771, 
34779, 
34787, 
34795, 
34804, 
34810, 
34818, 
34826, 
34834, 
34842, 
34849, 
34857, 
34865, 
34873, 
34881, 
34888, 
34896, 
34904, 
34912, 
34920, 
34928, 
34935, 
34943, 
34951, 
34959, 
34967, 
34975, 
34982, 
34990, 
34998, 
35006, 
35014, 
35022, 
35029, 
35037, 
35045, 
35053, 
35061, 
35068, 
35076, 
35084, 
35092, 
35100, 
35107, 
35115, 
35123, 
35131, 
35139, 
35147, 
35154, 
35162, 
35170, 
35178, 
35186, 
35193, 
35201, 
35211, 
35217, 
35225, 
35233, 
35241, 
35248, 
35256, 
35264, 
35272, 
35279, 
35287, 
35295, 
35303, 
35311, 
35319, 
35326, 
35334, 
35342, 
35350, 
35358, 
35365, 
35373, 
35381, 
35389, 
35397, 
35406, 
35412, 
35420, 
35428, 
35436, 
35444, 
35452, 
35459, 
35467, 
35475, 
35483, 
35492, 
35498, 
35506, 
35514, 
35522, 
35530, 
35538, 
35545, 
35553, 
35561, 
35569, 
35577, 
35584, 
35592, 
35600, 
35608, 
35616, 
35624, 
35631, 
35639, 
35647, 
35655, 
35663, 
35670, 
35680, 
35686, 
35694, 
35704, 
35710, 
35717, 
35725, 
35733, 
35741, 
35749, 
35756, 
35764, 
35772, 
35780, 
35788, 
35796, 
35803, 
35811, 
35819, 
35827, 
35835, 
35842, 
35850, 
35858, 
35866, 
35874, 
35882, 
35889, 
35897, 
35905, 
35913, 
35921, 
35929, 
35936, 
35944, 
35952, 
35960, 
35968, 
35975, 
35983, 
35991, 
35999, 
36007, 
36015, 
36022, 
36030, 
36038, 
36046, 
36054, 
36061, 
36069, 
36077, 
36085, 
36093, 
36100, 
36108, 
36116, 
36124, 
36132, 
36140, 
36147, 
36155, 
36163, 
36171, 
36179, 
36187, 
36195, 
36202, 
36210, 
36218, 
36226, 
36233, 
36241, 
36249, 
36257, 
36265, 
36273, 
36280, 
36289, 
36296, 
36305, 
36312, 
36319, 
36327, 
36335, 
36343, 
36351, 
36359, 
36366, 
36374, 
36382, 
36390, 
36398, 
36405, 
36413, 
36421, 
36429, 
36437, 
36445, 
36452, 
36460, 
36468, 
36476, 
36484, 
36491, 
36499, 
36507, 
36515, 
36523, 
36531, 
36538, 
36546, 
36554, 
36562, 
36570, 
36577, 
36585, 
36593, 
36601, 
36609, 
36617, 
36624, 
36632, 
36640, 
36648, 
36656, 
36664, 
36671, 
36679, 
36687, 
36695, 
36704, 
36710, 
36718, 
36726, 
36734, 
36742, 
36750, 
36757, 
36765, 
36773, 
36781, 
36789, 
36796, 
36804, 
36812, 
36820, 
36828, 
36836, 
36843, 
36851, 
36859, 
36868, 
36875, 
36882, 
36890, 
36898, 
36906, 
36914, 
36922, 
36929, 
36937, 
36945, 
36953, 
36961, 
36969, 
36976, 
36984, 
36992, 
37000, 
37008, 
37015, 
37023, 
37031, 
37039, 
37047, 
37054, 
37062, 
37070, 
37078, 
37086, 
37094, 
37101, 
37109, 
37117, 
37125, 
37133, 
37140, 
37148, 
37156, 
37164, 
37172, 
37180, 
37189, 
37195, 
37203, 
37211, 
37219, 
37227, 
37234, 
37242, 
37250, 
37258, 
37266, 
37273, 
37283, 
37289, 
37297, 
37305, 
37313, 
37321, 
37328, 
37336, 
37344, 
37352, 
37359, 
37367, 
37375, 
37383, 
37391, 
37399, 
37406, 
37414, 
37422, 
37430, 
37438, 
37445, 
37453, 
37461, 
37469, 
37477, 
37485, 
37492, 
37500, 
37508, 
37516, 
37524, 
37531, 
37539, 
37547, 
37556, 
37563, 
37571, 
37578, 
37586, 
37594, 
37602, 
37610, 
37618, 
37625, 
37633, 
37641, 
37649, 
37657, 
37664, 
37672, 
37680, 
37689, 
37696, 
37705, 
37711, 
37719, 
37727, 
37735, 
37743, 
37750, 
37758, 
37766, 
37774, 
37782, 
37790, 
37797, 
37805, 
37813, 
37821, 
37829, 
37836, 
37844, 
37852, 
37860, 
37868, 
37876, 
37884, 
37891, 
37899, 
37907, 
37915, 
37922, 
37930, 
37938, 
37946, 
37954, 
37962, 
37969, 
37977, 
37985, 
37993, 
38001, 
38008, 
38016, 
38024, 
38032, 
38040, 
38048, 
38055, 
38063, 
38071, 
38079, 
38087, 
38094, 
38102, 
38110, 
38118, 
38126, 
38134, 
38141, 
38149, 
38157, 
38165, 
38173, 
38180, 
38188, 
38196, 
38205, 
38212, 
38222, 
38227, 
38235, 
38243, 
38251, 
38259, 
38267, 
38275, 
38282, 
38290, 
38298, 
38306, 
38313, 
38322, 
38329, 
38337, 
38345, 
38353, 
38360, 
38368, 
38376, 
38384, 
38392, 
38400, 
38407, 
38415, 
38423, 
38432, 
38439, 
38446, 
38454, 
38462, 
38470, 
38478, 
38485, 
38493, 
38501, 
38509, 
38517, 
38525, 
38532, 
38540, 
38548, 
38556, 
38564, 
38571, 
38579, 
38587, 
38595, 
38603, 
38611, 
38618, 
38626, 
38634, 
38642, 
38650, 
38658, 
38665, 
38673, 
38681, 
38689, 
38698, 
38705, 
38712, 
38720, 
38728, 
38736, 
38744, 
38751, 
38759, 
38767, 
38775, 
38783, 
38790, 
38798, 
38806, 
38814, 
38822, 
38830, 
38837, 
38845, 
38853, 
38861, 
38869, 
38876, 
38884, 
38892, 
38900, 
38908, 
38916, 
38923, 
38931, 
38939, 
38947, 
38955, 
38962, 
38970, 
38978, 
38986, 
38994, 
39002, 
39009, 
39017, 
39025, 
39033, 
39041, 
39048, 
39056, 
39064, 
39072, 
39080, 
39088, 
39095, 
39103, 
39111, 
39119, 
39127, 
39134, 
39142, 
39150, 
39158, 
39166, 
39174, 
39181, 
39189, 
39199, 
39205, 
39213, 
39222, 
39228, 
39236, 
39244, 
39252, 
39260, 
39267, 
39275, 
39283, 
39291, 
39299, 
39306, 
39314, 
39322, 
39330, 
39338, 
39346, 
39353, 
39361, 
39369, 
39377, 
39385, 
39393, 
39400, 
39408, 
39416, 
39424, 
39432, 
39439, 
39448, 
39455, 
39464, 
39471, 
39479, 
39486, 
39495, 
39502, 
39510, 
39518, 
39525, 
39533, 
39541, 
39549, 
39557, 
39565, 
39572, 
39580, 
39588, 
39596, 
39604, 
39611, 
39619, 
39627, 
39635, 
39643, 
39651, 
39658, 
39666, 
39674, 
39682, 
39690, 
39697, 
39706, 
39714, 
39722, 
39729, 
39738, 
39744, 
39752, 
39760, 
39768, 
39776, 
39784, 
39791, 
39799, 
39807, 
39815, 
39823, 
39830, 
39838, 
39846, 
39854, 
39862, 
39870, 
39877, 
39885, 
39893, 
39901, 
39909, 
39916, 
39924, 
39932, 
39940, 
39948, 
39956, 
39963, 
39971, 
39979, 
39987, 
39995, 
40002, 
40010, 
40018, 
40026, 
40034, 
40042, 
40049, 
40057, 
40065, 
40073, 
40081, 
40088, 
40096, 
40104, 
40112, 
40120, 
40128, 
40135, 
40143, 
40151, 
40159, 
40167, 
40174, 
40184, 
40190, 
40198, 
40208, 
40214, 
40223, 
40229, 
40238, 
40245, 
40253, 
40261, 
40268, 
40276, 
40284, 
40292, 
40300, 
40307, 
40315, 
40323, 
40331, 
40339, 
40347, 
40354, 
40362, 
40370, 
40378, 
40386, 
40393, 
40401, 
40409, 
40417, 
40425, 
40433, 
40440, 
40448, 
40456, 
40464, 
40472, 
40479, 
40487, 
40495, 
40503, 
40511, 
40519, 
40526, 
40534, 
40542, 
40550, 
40558, 
40565, 
40573, 
40581, 
40589, 
40597, 
40605, 
40612, 
40620, 
40628, 
40636, 
40677, 
40679, 
40679, 
40679, 
40679, 
40683, 
40691, 
40698, 
40707, 
40714, 
40723, 
40730, 
40738, 
40745, 
40754, 
40761, 
40769, 
40777, 
40784, 
40792, 
40800, 
40809, 
40816, 
40823, 
40831, 
40839, 
40847, 
40855, 
40863, 
40870, 
40878, 
40886, 
40894, 
40902, 
40910, 
40917, 
40925, 
40933, 
40941, 
40949, 
40956, 
40964, 
40972, 
40980, 
40988, 
40996, 
41003, 
41011, 
41019, 
41027, 
41035, 
41043, 
41050, 
41058, 
41066, 
41074, 
41082, 
41089, 
41097, 
41105, 
41113, 
41121, 
41128, 
41136, 
41144, 
41152, 
41160, 
41168, 
41175, 
41183, 
41191, 
41199, 
41208, 
41215, 
41225, 
41230, 
41239, 
41246, 
41254, 
41261, 
41269, 
41277, 
41285, 
41293, 
41300, 
41308, 
41316, 
41324, 
41332, 
41340, 
41347, 
41355, 
41363, 
41371, 
41379, 
41387, 
41394, 
41402, 
41410, 
41418, 
41426, 
41433, 
41441, 
41449, 
41457, 
41465, 
41474, 
41480, 
41488, 
41496, 
41504, 
41512, 
41520, 
41527, 
41535, 
41543, 
41551, 
41559, 
41566, 
41574, 
41582, 
41590, 
41598, 
41605, 
41613, 
41621, 
41629, 
41637, 
41645, 
41652, 
41660, 
41668, 
41676, 
41684, 
41691, 
41699, 
41707, 
41715, 
41723, 
41731, 
41738, 
41746, 
41754, 
41762, 
41770, 
41777, 
41785, 
41793, 
41801, 
41809, 
41817, 
41824, 
41832, 
41840, 
41848, 
41856, 
41863, 
41871, 
41879, 
41887, 
41895, 
41903, 
41910, 
41918, 
41926, 
41934, 
41942, 
41949, 
41957, 
41965, 
41973, 
41981, 
41989, 
41996, 
42004, 
42012, 
42020, 
42028, 
42035, 
42043, 
42051, 
42059, 
42067, 
42075, 
42082, 
42090, 
42098, 
42106, 
42114, 
42122, 
42129, 
42137, 
42145, 
42153, 
42161, 
42168, 
42176, 
42184, 
42193, 
42200, 
42208, 
42215, 
42223, 
42231, 
42239, 
42247, 
42254, 
42262, 
42270, 
42278, 
42287, 
42294, 
42301, 
42310, 
42318, 
42325, 
42333, 
42340, 
42348, 
42356, 
42364, 
42372, 
42380, 
42387, 
42395, 
42403, 
42411, 
42419, 
42427, 
42434, 
42442, 
42451, 
42458, 
42466, 
42473, 
42481, 
42489, 
42497, 
42505, 
42512, 
42520, 
42528, 
42536, 
42544, 
42552, 
42559, 
42567, 
42575, 
42583, 
42591, 
42600, 
42606, 
42614, 
42622, 
42630, 
42638, 
42645, 
42653, 
42661, 
42669, 
42677, 
42685, 
42693, 
42700, 
42708, 
42716, 
42726, 
42731, 
42740, 
42747, 
42755, 
42763, 
42771, 
42778, 
42786, 
42794, 
42803, 
42810, 
42817, 
42825, 
42833, 
42841, 
42849, 
42857, 
42864, 
42872, 
42880, 
42888, 
42896, 
42903, 
42911, 
42919, 
42927, 
42935, 
42944, 
42950, 
42958, 
42966, 
42974, 
42982, 
42989, 
42997, 
43005, R
43013, 
43021, S
43029, S
43036, S
43044, S
43052, 
43060, 
43068, 
43076, 
43083, 
43091, 
43100, 
43107, 
43115, 
43122, 
43130, 
43138, 
43146, 
43154, 
43162, 
43169, 
43177, 
43185, 
43193, 
43201, 
43208, 
43216, 
43224, 
43232, 
43240, 
43249, 
43255, 
43263, 
43271, 
43279, 
43287, 
43295, 
43302, 
43310, 
43318, 
43326, 
43334, 
43341, 
43349, 
43357, 
43365, 
43373, 
43380, 
43388, 
43397, 
43405, 
43412, 
43420, 
43427, 
43435, 
43443, 
43451, 
43459, 
43466, 
43474, 
43482, 
43490, 
43498, 
43506, 
43513, 
43521, 
43529, 
43537, 
43545, 
43552, 
43560, 
43568, 
43576, 
43584, 
43592, 
43599, 
43608, 
43615, 
43623, 
43632, 
43639, 
43646, 
43654, 
43662, 
43670, 
43678, 
43685, 
43693, 
43701, 
43709, 
43717, 
43725, 
43732, 
43740, 
43748, 
43756, 
43764, 
43771, 
43779, 
43787, 
43795, 
43803, 
43811, 
43818, 
43826, 
43834, 
43843, 
43850, 
43857, 
43865, 
43873, 
43881, 
43889, 
43897, 
43904, 
43912, 
43920, 
43928, 
43936, 
43943, 
43951, 
43959, 
43967, 
43975, 
43983, 
43990, 
43998, 
44006, 
44014, 
44022, 
44030, 
44037, 
44045, 
44053, 
44061, 
44069, 
44076, 
44084, 
44092, 
44100, 
44108, 
44116, 
44123, 
44131, 
44139, 
44147, 
44155, 
44162, 
44170, 
44178, 
44186, 
44194, 
44202, 
44212, 
44217, 
44226, 
44233, 
44241, 
44248, 
44256, 
44264, 
44272, 
44280, 
44288, 
44295, 
44303, 
44311, 
44319, 
44327, 
44334, 
44342, 
44350, 
44358, 
44366, 
44374, 
44381, 
44389, 
44397, 
44405, 
44413, 
44420, 
44428, 
44436, 
44444, 
44452, 
44460, 
44468, 
44475, 
44483, 
44491, 
44499, 
44506, 
44514, 
44523, 
44530, 
44538, 
44546, 
44553, 
44561, 
44569, 
44577, 
44585, 
44593, 
44600, 
44608, 
44616, 
44624, 
44632, 
44639, 
44647, 
44655, 
44663, 
44671, 
44679, 
44686, 
44694, 
44705, 
44710, 
44718, 
44726, 
44733, 
44741, 
44749, 
44757, 
44765, 
44772, 
44780, 
44788, 
44796, 
44804, 
44811, 
44819, 
44827, 
44835, 
44843, 
44851, 
44858, 
44866, 
44874, 
44882, 
44890, 
44897, 
44905, 
44913, 
44921, 
44929, 
44937, 
44944, 
44952, 
44960, 
44968, 
44976, 
44983, 
44991, 
44999, 
45007, 
45015, 
45023, 
45030, 
45038, 
45046, 
45054, 
45062, 
45069, 
45077, 
45085, 
45093, 
45101, 
45109, 
45116, 
45124, 
45132, 
45140, 
45148, 
45155, 
45163, 
45171, 
45179, 
45187, 
45196, 
45202, 
45210, 
45218, 
45226, 
45234, 
45242, 
45249, 
45257, 
45265, 
45273, 
45281, 
45288, 
45296, 
45304, 
45312, 
45320, 
45328, 
45335, 
45343, 
45351, 
45359, 
45367, 
45374, 
45382, 
45390, 
45398, 
45406, 
45414, 
45421, 
45429, 
45437, 
45445, 
45453, 
45460, 
45468, 
45476, 
45484, 
45492, 
45500, 
45507, 
45515, 
45523, 
45531, 
45540, 
45546, 
45554, 
45562, 
45570, 
45578, 
45586, 
45593, 
45601, 
45609, 
45617, 
45625, 
45633, 
45640, 
45648, 
45656, 
45664, 
45672, 
45679, 
45687, 
45695, 
45703, 
45711, 
45719, 
45728, 
45734, 
45743, 
45750, 
45758, 
45765, 
45774, 
45781, 
45789, 
45797, 
45805, 
45812, 
45820, 
45828, 
45836, 
45844, 
45851, 
45859, 
45867, 
45875, 
45883, 
45891, 
45898, 
45906, 
45914, 
45922, 
45930, 
45937, 
45945, 
45953, 
45961, 
45969, 
45977, 
45984, 
45992, 
46000, 
46008, 
46016, 
46023, 
46031, 
46039, 
46047, 
46055, 
46063, 
46070, 
46078, 
46086, R
46094, 
46102, 
46110, 
46117, S
46125, S
46133, S
46141, S
46149, 
46156, 
46164, 
46172, 
46180, 
46188, 
46196, 
46204, 
46211, 
46219, 
46227, 
46235, 
46243, 
46250, 
46258, 
46267, 
46274, 
46283, 
46290, 
46297, 
46305, 
46313, 
46321, 
46328, 
46336, 
46344, 
46352, 
46360, 
46368, 
46375, 
46383, 
46391, 
46399, 
46407, 
46414, 
46422, 
46430, 
46438, 
46446, 
46454, 
46461, 
46469, 
46477, 
46485, 
46493, 
46500, 
46508, 
46516, 
46524, 
46532, 
46540, 
46547, 
46555, 
46563, 
46571, 
46579, 
46586, 
46594, 
46602, 
46610, 
46618, 
46626, 
46633, 
46641, 
46649, 
46657, 
46665, 
46673, 
46680, 
46688, 
46696, 
46704, 
46712, 
46719, 
46727, 
46735, 
46744, 
46751, 
46758, 
46766, 
46774, 
46782, 
46790, 
46798, 
46805, 
46813, 
46821, 
46829, 
46837, 
46845, 
46852, 
46861, 
46868, 
46876, 
46884, 
46891, 
46899, 
46907, 
46915, 
46923, 
46931, 
46938, 
46946, 
46954, 
46962, 
46970, 
46977, 
46985, 
46993, 
47001, 
47009, 
47017, 
47024, 
47032, 
47040, 
47048, 
47056, 
47063, 
47071, 
47079, 
47087, 
47096, 
47103, 
47110, 
47118, 
47126, 
47134, 
47142, 
47150, 
47157, 
47165, 
47173, 
47181, 
47189, 
47196, 
47204, 
47212, 
47220, 
47228, 
47235, 
47243, 
47251, 
47259, 
47267, 
47276, 
47282, 
47290, 
47298, 
47306, 
47314, 
47322, 
47329, 
47337, 
47345, 
47353, 
47361, 
47368, 
47376, 
47384, 
47392, 
47400, 
47409, 
47415, 
47423, 
47431, 
47439, 
47447, 
47454, 
47462, 
47470, 
47478, 
47486, 
47495, 
47501, 
47509, 
47517, 
47525, 
47533, 
47540, 
47548, 
47556, 
47564, 
47572, 
47580, 
47587, 
47596, 
47603, 
47611, 
47619, 
47626, 
47634, 
47642, 
47650, 
47658, 
47666, 
47673, 
47681, 
47689, 
47697, 
47706, 
47712, 
47722, 
47728, 
47736, 
47744, 
47752, 
47759, 
47767, 
47775, 
47783, 
47791, 
47799, 
47806, 
47814, 
47822, 
47830, 
47838, 
47845, 
47853, 
47861, 
47869, 
47877, 
47885, 
47892, 
47900, 
47908, 
47916, 
47924, 
47931, 
47939, 
47947, 
47955, 
47963, 
47971, 
47978, 
47986, 
47995, 
48002, 
48010, 
48017, 
48025, 
48033, 
48041, 
48049, 
48057, 
48064, 
48072, 
48080, 
48088, 
48097, 
48103, 
48111, 
48119, 
48127, 
48135, 
48143, 
48150, 
48158, 
48166, 
48174, 
48182, 
48189, 
48197, 
48207, 
48213, 
48223, 
48230, 
48236, 
48245, 
48252, 
48260, 
48268, 
48275, 
48284, 
48291, 
48299, 
48307, 
48315, 
48322, 
48330, 
48338, 
48346, 
48354, 
48361, 
48369, 
48378, 
48385, 
48393, 
48401, 
48408, 
48417, 
48424, 
48432, 
48440, 
48448, 
48455, 
48463, 
48471, 
48479, 
48487, 
48494, 
48502, 
48510, 
48518, 
48526, 
48534, 
48541, 
48549, 
48557, 
48565, 
48573, 
48580, 
48588, 
48596, 
48605, 
48612, 
48620, 
48627, 
48635, 
48643, 
48651, 
48659, 
48666, 
48674, 
48682, 
48690, 
48699, 
48706, 
48715, 
48722, 
48729, 
48737, 
48745, 
48753, 
48760, 
48768, 
48776, 
48784, 
48792, 
48800, 
48807, 
48815, 
48833, 
48834, 
48838, 
48846, 
48854, 
48862, 
48870, 
48878, 
48885, 
48893, 
48901, 
48909, 
48917, 
48925, 
48932, 
48940, 
48948, 
48956, 
48964, 
48971, 
48979, 
48987, 
48995, 
49003, 
49011, 
49018, 
49026, 
49034, 
49042, 
49050, 
49057, 
49065, 
49073, 
49081, 
49089, 
49097, 
49104, 
49112, 
49120, 
49128, 
49136, 
49143, 
49151, 
49159, 
49167, 
49175, 
49183, 
49190, 
49201, 
49206, 
49214, 
49225, 
49229, 
49240, 
49245, 
49253, 
49261, 
49269, 
49276, 
49284, 
49292, 
49300, 
49308, 
49315, 
49323, 
49331, 
49339, 
49347, 
49355, 
49362, 
49370, 
49378, 
49386, 
49394, 
49401, 
49409, 
49417, 
49425, 
49433, 
49441, 
49448, 
49456, 
49464, 
49472, 
49480, 
49488, 
49495, 
49503, 
49511, 
49519, 
49527, 
49534, 
49542, 
49550, 
49558, 
49566, 
49575, 
49581, 
49589, 
49597, 
49605, 
49613, 
49620, 
49628, 
49636, 
49644, 
49652, 
49660, 
49667, 
49675, 
49683, 
49691, 
49699, 
49706, 
49714, 
49723, 
49730, 
49740, 
49746, 
49753, 
49761, 
49769, 
49777, 
49785, 
49792, 
49800, 
49808, 
49816, 
49824, 
49832, 
49839, 
49847, 
49855, 
49863, 
49871, 
49878, 
49887, 
49894, 
49902, 
49910, 
49918, 
49925, 
49933, 
49941, 
49949, 
49957, 
49964, 
49972, 
49980, 
49988, 
49996, 
50004, 
50011, 
50019, 
50027, 
50035, 
50043, 
50051, 
50058, 
50066, 
50074, 
50082, 
50091, 
50097, 
50105, 
50113, 
50121, 
50129, 
50137, 
50144, 
50152, 
50160, 
50168, 
50176, 
50183, 
50191, 
50199, 
50209, 
50215, 
50224, 
50230, 
50238, 
50246, 
50254, 
50262, 
50269, 
50277, 
50285, 
50294, 
50303, 
50309, 
50316, 
50324, 
50332, 
50340, 
50348, 
50355, 
50363, 
50371, 
50379, 
50387, 
50395, 
50402, 
50410, 
50418, 
50426, 
50434, 
50441, 
50449, 
50457, 
50465, 
50473, 
50481, 
50488, 
50496, 
50504, 
50512, 
50520, 
50527, 
50535, 
50543, 
50551, 
50559, 
50568, 
50574, 
50582, 
50590, 
50598, 
50606, 
50614, 
50621, 
50629, 
50637, 
50645, 
50653, 
50660, 
50668, 
50676, 
50684, 
50692, 
50700, 
50708, 
50715, 
50724, 
50731, 
50739, 
50746, 
50754, 
50762, 
50770, 
50778, 
50786, 
50794, 
50801, 
50809, 
50817, 
50825, 
50832, 
50840, 
50848, 
50856, 
50864, 
50872, 
50879, 
50887, 
50895, 
50903, 
50911, 
50918, 
50926, 
50934, 
50943, 
50950, 
50958, 
50966, 
50973, 
50981, 
50990, 
50997, 
51004, 
51012, 
51020, 
51028, 
51036, 
51044, 
51051, 
51059, 
51067, 
51075, 
51083, 
51090, 
51098, 
51106, 
51114, 
51122, 
51130, 
51137, 
51145, 
51153, R
51161, 
51169, 
51177, 
51184, S
51192, S
51200, S
51208, S
51216, 
51223, 
51231, 
51240, 
51247, 
51255, 
51263, 
51270, 
51278, 
51286, 
51294, 
51302, 
51310, 
51317, 
51326, 
51333, 
51341, 
51349, 
51356, 
51364, 
51372, 
51380, 
51388, 
51395, 
51403, 
51411, 
51419, 
51427, 
51435, 
51442, 
51450, 
51459, 
51466, 
51474, 
51481, 
51489, 
51497, 
51505, 
51513, 
51521, 
51528, 
51536, 
51544, 
51552, 
51560, 
51568, 
51575, 
51583, 
51591, 
51599, 
51607, 
51614, 
51622, 
51630, 
51638, 
51646, 
51654, 
51661, 
51669, 
51677, 
51685, 
51693, 
51700, 
51708, 
51716, 
51724, 
51732, 
51740, 
51747, 
51755, 
51763, 
51771, 
51779, 
51786, 
51794, 
51802, 
51810, 
51818, 
51826, 
51833, 
51841, 
51849, 
51857, 
51865, 
51872, 
51880, 
51888, 
51896, 
51904, 
51912, 
51919, 
51927, 
51935, 
51943, 
51951, 
51958, 
51966, 
51974, 
51982, 
51990, 
51998, 
52005, 
52013, 
52021, 
52029, 
52037, 
52044, 
52052, 
52060, 
52068, 
52076, 
52084, 
52092, 
52099, 
52107, 
52115, 
52124, 
52130, 
52138, 
52146, 
52154, 
52162, 
52170, 
52177, 
52185, 
52193, 
52201, 
52212, 
52217, 
52225, 
52232, 
52242, 
52249, 
52256, 
52263, 
52272, 
52279, 
52287, 
52295, 
52303, 
52310, 
52318, 
52326, 
52334, 
52342, 
52349, 
52357, 
52365, 
52373, 
52381, 
52389, 
52396, 
52404, 
52412, 
52420, 
52428, 
52435, 
52443, 
52451, 
52459, 
52467, 
52475, 
52482, 
52490, 
52498, 
52506, 
52514, 
52522, 
52529, 
52537, 
52545, 
52553, 
52561, 
52568, 
52576, 
52584, 
52592, 
52600, 
52608, 
52615, 
52623, 
52631, 
52639, 
52647, 
52654, 
52662, 
52670, 
52678, 
52686, 
52693, 
52702, 
52710, 
52717, 
52726, 
52733, 
52741, 
52748, 
52757, 
52764, 
52772, 
52780, 
52787, 
52795, 
52803, 
52811, 
52819, 
52826, 
52834, 
52842, 
52850, 
52858, 
52866, 
52873, 
52881, 
52889, 
52897, 
52905, 
52912, 
52920, 
52928, 
52936, 
52945, 
52952, 
52959, 
52967, 
52975, 
52983, 
52991, 
53000, 
53006, 
53014, 
53022, 
53030, 
53038, 
53045, 
53053, 
53061, 
53069, 
53077, 
53084, 
53092, 
53100, 
53108, 
53116, 
53124, 
53132, 
53139, 
53147, 
53155, 
53163, 
53172, 
53178, 
53186, 
53194, 
53203, 
53210, 
53217, 
53226, 
53233, 
53241, 
53249, 
53256, 
53264, 
53272, 
53280, 
53288, 
53296, 
53303, 
53311, 
53319, 
53327, 
53335, 
53343, 
53350, 
53358, 
53366, 
53374, 
53382, 
53389, 
53397, 
53405, 
53413, 
53421, 
53429, 
53436, 
53445, 
53452, 
53460, 
53468, 
53475, 
53483, 
53491, 
53499, 
53507, 
53515, 
53523, 
53530, 
53538, 
53546, 
53554, 
53561, 
53569, 
53577, 
53585, 
53593, 
53601, 
53608, 
53616, 
53624, 
53632, 
53640, 
53647, 
53655, 
53663, 
53671, 
53679, 
53687, 
53694, 
53704, 
53710, 
53718, 
53726, 
53734, 
53743, 
53749, 
53758, 
53765, 
53773, 
53780, 
53788, 
53796, 
53804, 
53813, 
53820, 
53827, 
53835, 
53843, 
53851, 
53859, 
53866, 
53874, 
53882, 
53890, 
53898, 
53906, 
53913, 
53921, 
53929, 
53937, 
53945, 
53952, 
53960, 
53968, 
53976, 
53984, 
53992, 
53999, 
54007, 
54015, 
54023, 
54031, 
54038, 
54046, 
54054, 
54063, 
54070, 
54078, 
54085, 
54093, 
54101, 
54109, 
54117, 
54124, 
54132, 
54140, 
54148, 
54156, 
54165, 
54171, 
54179, 
54187, 
54195, 
54203, 
54211, 
54219, 
54226, 
54234, 
54242, 
54250, 
54257, 
54265, 
54273, 
54281, 
54289, 
54297, 
54304, 
54312, 
54320, 
54328, 
54336, 
54343, 
54351, 
54359, 
54367, 
54375, 
54383, 
54390, 
54398, 
54406, 
54414, 
54422, 
54429, 
54437, 
54445, 
54453, 
54461, 
54469, 
54476, 
54484, 
54492, 
54501, 
54508, 
54515, 
54524, 
54531, 
54539, 
54547, 
54555, 
54562, 
54570, 
54578, 
54586, 
54594, 
54601, 
54609, 
54617, 
54625, 
54634, 
54641, 
54648, 
54656, 
54664, 
54672, 
54680, 
54688, 
54695, 
54703, 
54711, 
54719, 
54727, 
54734, 
54743, 
54750, 
54758, 
54766, 
54773, 
54781, 
54789, 
54797, 
54805, 
54814, 
54820, 
54828, 
54836, 
54844, 
54852, 
54860, 
54867, 
54875, 
54883, 
54891, 
54899, 
54906, 
54914, 
54922, 
54930, 
54938, 
54946, 
54953, 
54961, 
54969, 
54977, 
54985, 
54992, 
55000, 
55008, 
55016, 
55024, 
55032, 
55039, 
55047, 
55055, 
55063, 
55072, 
55078, 
55086, 
55094, 
55102, 
55110, 
55118, 
55125, 
55133, 
55141, 
55149, 
55157, 
55164, 
55172, 
55180, 
55188, 
55196, 
55204, 
55211, 
55219, 
55229, 
55235, 
55243, 
55250, 
55258, 
55266, 
55274, 
55282, 
55290, 
55297, 
55305, 
55313, 
55321, 
55329, 
55336, 
55344, 
55352, 
55360, 
55368, 
55376, 
55383, 
55391, 
55399, 
55407, 
55415, 
55423, 
55430, 
55438, 
55446, 
55454, 
55462, 
55469, 
55477, 
55485, 
55493, 
55501, 
55508, 
55516, 
55524, 
55532, 
55540, 
55548, 
55555, 
55563, 
55571, 
55579, 
55587, 
55595, 
55602, 
55610, 
55618, 
55626, 
55634, 
55641, 
55649, 
55657, 
55665, 
55673, 
55682, 
55688, 
55696, 
55704, 
55712, 
55721, 
55727, 
55735, 
55743, 
55751, 
55760, 
55767, 
55774, 
55782, 
55790, 
55798, 
55806, 
55814, 
55821, 
55829, 
55837, 
55845, 
55853, 
55860, 
55868, 
55876, 
55884, 
55892, 
55900, 
55907, 
55915, 
55923, 
55931, 
55939, 
55946, 
55954, 
55962, 
55970, 
55978, 
55986, 
55993, 
56002, 
56009, 
56017, 
56025, 
56032, 
56040, 
56048, 
56056, 
56064, 
56073, 
56079, 
56087, 
56095, 
56103, 
56111, 
56118, 
56126, 
56134, 
56142, 
56150, 
56158, 
56165, 
56173, 
56181, 
56189, 
56197, 
56206, 
56212, 
56221, 
56229, 
56236, 
56245, 
56251, 
56259, 
56267, 
56275, 
56283, 
56290, 
56298, 
56306, 
56315, 
56322, 
56330, 
56337, 
56345, 
56353, 
56361, 
56369, 
56376, 
56384, 
56392, 
56400, 
56408, 
56416, 
56423, 
56431, 
56440, 
56447, 
56455, 
56463, 
56470, 
56478, 
56486, 
56494, 
56502, 
56509, 
56517, 
56525, 
56533, 
56541, 
56548, 
56556, 
56564, 
56572, 
56580, 
56588, 
56595, 
56603, 
56611, 
56619, 
56627, 
56635, 
56642, 
56650, 
56658, 
56666, 
56675, 
56681, 
56689, 
56697, 
56708, 
56713, 
56723, 
56728, 
56736, 
56744, 
56752, 
56761, 
56767, 
56775, 
56783, 
56791, 
56799, 
56807, 
56814, 
56822, 
56830, 
56838, 
56847, 
56853, 
56862, 
56869, 
56877, 
56885, 
56893, 
56900, 
56908, 
56916, 
56924, 
56932, 
56940, 
56947, 
56955, 
56963, 
56972, 
56979, 
56986, 
56994, 
57024, 
57026, 
57026, 
57026, 
57033, 
57042, 
57049, 
57057, 
57065, 
57072, 
57080, 
57088, 
57096, 
57104, 
57112, 
57119, 
57127, 
57135, 
57143, 
57151, 
57158, 
57166, 
57174, 
57182, 
57190, 
57198, 
57206, 
57213, 
57223, 
57229, 
57238, 
57244, 
57252, 
57260, 
57268, 
57276, 
57284, 
57291, 
57299, 
57307, 
57315, 
57323, 
57330, 
57338, 
57346, 
57354, 
57362, 
57370, 
57377, 
57385, 
57393, 
57401, 
57409, 
57416, 
57424, 
57432, 
57440, 
57448, 
57456, 
57463, 
57472, 
57479, 
57487, 
57495, 
57502, 
57510, 
57518, 
57526, 
57534, 
57542, 
57549, 
57557, 
57565, 
57574, 
57582, 
57590, 
57596, 
57604, 
57612, 
57620, 
57628, 
57635, 
57643, 
57651, 
57659, 
57667, 
57675, 
57682, 
57690, 
57698, 
57706, 
57714, 
57721, 
57729, 
57738, 
57745, 
57753, 
57761, 
57768, 
57776, 
57784, 
57792, 
57800, 
57807, 
57815, 
57823, 
57831, 
57839, 
57847, 
57854, 
57862, 
57870, 
57878, 
57886, 
57893, 
57901, 
57909, 
57917, 
57925, 
57933, 
57940, 
57949, 
57956, 
57964, 
57972, 
57980, 
57987, 
57995, 
58003, 
58011, 
58019, 
58026, 
58034, 
58042, 
58051, 
58058, 
58065, 
58073, 
58081, 
58090, 
58097, 
58105, 
58112, 
58120, 
58128, 
58136, 
58144, 
58152, 
58160, 
58167, 
58175, 
58183, 
58193, 
58202, 
58210, 
58215, 
58222, 
58234, 
58244, 
58247, 
58253, 
58261, 
58269, 
58277, 
58284, 
58293, 
58300, 
58308, 
58316, 
58324, 
58331, 
58339, 
58347, 
58355, 
58363, 
58370, 
58378, 
58386, 
58394, 
58402, 
58410, 
58417, 
58425, 
58433, 
58441, 
58449, 
58456, 
58464, 
58473, 
58480, 
58488, 
58496, 
58503, 
58511, 
58519, 
58527, 
58535, 
58543, 
58550, 
58558, 
58566, 
58574, 
58582, 
58589, 
58597, 
58605, 
58613, 
58621, 
58629, 
58636, 
58644, 
58652, 
58660, 
58668, 
58675, 
58683, 
58691, 
58699, 
58707, 
58715, 
58723, 
58730, 
58740, 
58746, 
58754, 
58761, 
58769, 
58777, 
58785, 
58793, 
58801, 
58808, 
58816, 
58824, 
58832, 
58840, 
58847, 
58855, 
58863, 
58871, 
58879, 
58887, 
58894, 
58902, 
58910, 
58918, 
58926, 
58933, 
58941, 
58949, 
58957, 
58966, 
58973, 
58980, 
58988, 
58996, 
59004, 
59012, 
59019, 
59027, 
59035, 
59043, 
59051, 
59059, 
59066, 
59074, 
59082, 
59090, 
59098, 
59106, 
59113, 
59121, 
59130, 
59137, 
59146, 
59152, 
59160, 
59168, 
59177, 
59184, 
59191, 
59199, 
59207, 
59215, 
59224, 
59231, 
59239, 
59246, 
59254, 
59262, 
59270, 
59278, 
59285, 
59293, 
59301, 
59309, 
59317, 
59324, 
59332, 
59340, 
59348, 
59356, 
59364, 
59371, 
59379, 
59387, 
59395, 
59403, 
59410, 
59418, 
59426, 
59434, 
59442, 
59450, 
59457, 
59465, 
59473, 
59481, 
59489, 
59496, 
59504, 
59512, 
59520, 
59528, 
59536, 
59543, 
59551, 
59559, 
59567, 
59575, 
59582, 
59590, 
59598, 
59606, 
59614, 
59622, 
59629, 
59637, 
59645, 
59653, 
59661, 
59669, 
59676, 
59684, 
59693, 
59700, 
59708, 
59715, 
59723, 
59731, 
59740, 
59747, 
59755, 
59762, 
59770, 
59778, 
59786, 
59794, 
59801, 
59809, 
59817, 
59825, 
59834, 
59841, 
59848, 
59856, 
59864, 
59872, 
59880, 
59887, 
59895, 
59903, 
59911, 
59919, 
59927, 
59934, 
59942, 
59950, 
59958, 
59966, 
59973, 
59981, 
59989, 
59997, 
60005, 
60013, 
60020, 
60028, 
60036, 
60044, 
60052, 
60060, 
60067, 
60075, 
60083, 
60091, 
60099, 
60106, 
60114, 
60122, 
60130, 
60138, 
60146, 
60153, 
60161, 
60169, 
60177, 
60185, 
60192, 
60200, 
60208, 
60216, 
60225, 
60232, 
60242, 
60247, 
60257, 
60263, 
60271, 
60279, 
60286, 
60294, 
60302, 
60310, 
60317, 
60325, 
60333, 
60342, 
60349, 
60357, 
60364, 
60372, 
60380, 
60388, 
60396, 
60404, 
60411, 
60419, 
60427, 
60435, 
60443, 
60450, 
60458, 
60466, 
60474, 
60482, 
60491, 
60497, 
60505, 
60513, 
60521, 
60529, 
60536, 
60544, 
60552, 
60560, 
60568, 
60576, 
60584, 
60591, 
60599, 
60607, 
60615, 
60622, 
60630, 
60638, 
60646, 
60654, 
60662, 
60669, 
60677, 
60685, 
60693, 
60701, 
60708, 
60716, 
60726, 
60732, 
60740, 
60748, 
60757, 
60763, 
60771, 
60779, 
60787, 
60795, 
60802, 
60810, 
60818, R
60828, 
60834, 
60841, 
60849, S
60857, S
60865, S
60873, S
60881, 
60888, 
60896, 
60904, 
60912, 
60920, 
60927, 
60935, 
60943, 
60951, 
60959, 
60967, 
60974, 
60982, 
60990, 
60998, 
61006, 
61013, 
61021, 
61029, 
61037, 
61045, 
61053, 
61060, 
61068, 
61076, 
61084, 
61092, 
61099, 
61108, 
61115, 
61123, 
61131, 
61139, 
61146, 
61154, 
61162, 
61170, 
61178, 
61185, 
61193, 
61202, 
61210, 
61217, 
61227, 
61232, 
61240, 
61248, 
61256, 
61264, 
61272, 
61279, 
61287, 
61295, 
61304, 
61311, 
61318, 
61326, 
61334, 
61342, 
61350, 
61358, 
61365, 
61373, 
61381, 
61389, 
61397, 
61404, 
61412, 
61420, 
61429, 
61436, 
61444, 
61451, 
61460, 
61467, 
61475, 
61483, 
61490, 
61498, 
61506, 
61514, 
61522, 
61530, 
61537, 
61545, 
61553, 
61561, 
61569, 
61577, 
61584, 
61592, 
61600, 
61608, 
61616, 
61623, 
61631, 
61639, 
61647, 
61655, 
61662, 
61670, 
61678, 
61686, 
61694, 
61704, 
61709, 
61717, 
61727, 
61733, 
61743, 
61748, 
61758, 
61764, 
61773, 
61780, 
61788, 
61795, 
61803, 
61811, 
61819, 
61827, 
61835, 
61842, 
61850, 
61858, 
61867, 
61874, 
61881, 
61889, 
61897, 
61905, 
61913, 
61921, 
61929, 
61937, 
61944, 
61952, 
61961, 
61967, 
61975, 
61983, 
61992, 
61999, 
62007, 
62014, 
62023, 
62030, 
62038, 
62046, 
62054, 
62061, 
62069, 
62077, 
62085, 
62093, 
62100, 
62108, 
62116, 
62124, 
62132, 
62139, 
62147, 
62155, 
62163, 
62171, 
62180, 
62186, 
62194, 
62202, 
62210, 
62220, 
62226, 
62233, 
62241, 
62249, 
62258, 
62265, 
62272, 
62280, 
62288, 
62296, 
62304, 
62311, 
62319, 
62327, 
62335, 
62343, 
62351, 
62359, 
62366, 
62374, 
62382, 
62390, 
62397, 
62405, 
62413, 
62421, 
62429, 
62437, 
62444, 
62452, 
62460, 
62468, 
62476, 
62483, 
62491, 
62499, 
62507, 
62515, 
62523, 
62530, 
62538, 
62546, 
62554, 
62562, 
62570, 
62577, 
62585, 
62593, 
62601, 
62609, 
62616, 
62624, 
62632, 
62640, 
62649, 
62656, 
62663, 
62671, 
62679, 
62687, 
62695, 
62702, 
62711, 
62718, 
62727, 
62734, 
62742, 
62749, 
62757, 
62765, 
62773, 
62781, 
62790, 
62796, 
62806, 
62812, 
62820, 
62828, 
62835, 
62843, 
62851, 
62859, 
62867, 
62875, 
62882, 
62890, 
62898, 
62906, 
62914, 
62921, 
62929, 
62937, 
62945, 
62953, 
62961, 
62968, 
62976, 
62984, 
62992, 
63000, 
63007, 
63016, 
63023, 
63031, 
63039, 
63047, 
63054, 
63062, 
63070, 
63078, 
63086, 
63093, 
63101, 
63109, 
63117, 
63125, 
63133, 
63140, 
63148, 
63156, 
63164, 
63172, 
63179, 
63187, 
63195, 
63203, 
63211, 
63219, 
63226, 
63234, 
63243, 
63250, 
63259, 
63265, 
63274, 
63281, 
63289, 
63297, 
63305, 
63313, 
63321, 
63328, 
63337, 
63344, 
63351, 
63359, 
63367, 
63375, 
63383, 
63391, 
63398, 
63406, 
63414, 
63422, 
63430, 
63439, 
63445, 
63453, 
63461, 
63469, 
63477, 
63484, 
63492, 
63500, 
63508, 
63516, 
63524, 
63531, 
63539, 
63547, 
63555, 
63563, 
63570, 
63578, 
63586, 
63594, 
63602, 
63610, 
63617, 
63625, 
63633, 
63641, 
63649, 
63656, 
63664, 
63672, 
63680, 
63689, 
63696, 
63703, 
63711, 
63720, 
63727, 
63735, 
63742, 
63750, 
63758, 
63766, 
63779, 
63785, 
63792, 
63799, 
63805, 
63814, 
63822, 
63830, 
63836, 
63844, 
63852, 
63860, 
63869, 
63876, 
63883, 
63891, 
63899, 
63907, 
63914, 
63922, 
63930, 
63938, 
63947, 
63954, 
63961, 
63969, 
63977, 
63985, 
63993, 
64001, 
64008, 
64016, 
64024, 
64032, 
64041, 
64047, 
64055, 
64063, 
64071, 
64079, 
64088, 
64094, 
64102, 
64110, 
64118, 
64126, 
64133, 
64141, 
64149, 
64157, 
64165, 
64173, 
64180, 
64189, 
64196, 
64204, 
64212, 
64219, 
64227, 
64235, 
64245, 
64251, 
64259, 
64266, 
64274, 
64282, 
64290, 
64298, 
64305, 
64313, 
64321, 
64329, 
64337, 
64345, 
64352, 
64360, 
64368, 
64376, 
64384, 
64391, 
64399, 
64407, 
64415, 
64423, 
64431, 
64438, 
64446, 
64454, 
64463, 
64470, 
64477, 
64485, 
64493, 
64501, 
64509, 
64517, 
64524, 
64532, 
64540, 
64548, 
64556, 
64563, 
64571, 
64579, 
64587, 
64595, 
64603, 
64610, 
64618, 
64626, 
64635, 
64642, 
64650, 
64657, 
64665, 
64673, 
64681, 
64689, 
64696, 
64704, 
64712, 
64720, 
64730, 
64736, 
64744, 
64751, 
64759, 
64767, 
64775, 
64782, 
64790, 
64798, 
64806, 
64814, 
64822, 
64829, 
64837, 
64845, 
64853, 
64861, 
64868, 
64876, 
64884, 
64892, 
64900, 
64908, 
64915, 
64923, 
64931, 
64939, 
64947, 
64954, 
64962, 
64970, 
64978, 
64986, 
64994, 
65001, 
65009, 
65017, 
65025, 
65033, 
65041, 
65048, 
65056, 
65064, 
65072, 
65081, 
65087, 
65095, 
65103, 
65112, 
65119, 
65127, 
65134, 
65142, 
65150, 
65158, 
65166, 
65173, 
65181, 
65189, 
65197, 
65205, 
65213, 
65220, 
65228, 
65236, 
65244, 
65252, 
65259, 
65267, 
65276, 
65284, 
65291, 
65299, 
65306, 
65315, 
65322, 
65330, 
65338, 
65345, 
65354, 
65361, 
65369, 
65377, 
65385, 
65392, 
65400, 
65408, 
65416, 
65424, 
65431, 
65439, 
65447, 
65455, 
65463, 
65471, 
65478, 
65486, 
65494, 
65502, 
65510, 
65517, 
65525, 
65533, 
65541, 
65549, 
65557, 
65564, 
65572, 
65580, 
65588, 
65596, 
65603, 
65611, 
65619, 
65627, 
65635, 
65643, 
65650, 
65658, 
65666, 
65674, 
65682, 
65689, 
65697, 
65705, 
65715, 
65721, 
65729, 
65736, 
65744, 
65752, 
65760, 
65768, 
65776, 
65783, 
65791, 
65799, 
65807, 
65815, 
65822, 
65831, 
65838, 
65846, 
65854, 
65862, 
65869, 
65877, 
65885, 
65893, 
65901, 
65908, 
65916, 
65924, 
65932, 
65940, 
65948, 
65955, 
65963, 
65971, 
65980, 
65987, 
65994, 
66002, 
66010, 
66018, 
66026, 
66034, 
66041, 
66049, 
66057, 
66065, 
66073, 
66080, 
66088, 
66096, 
66104, 
66112, 
66120, 
66127, 
66135, 
66143, 
66151, 
66160, 
66167, 
66174, 
66182, 
66190, 
66198, 
66206, 
66214, 
66221, 
66229, 
66237, 
66246, 
66253, 
66261, 
66268, 
66277, 
66284, 
66292, 
66299, 
66307, 
66315, 
66324, 
66331, 
66339, 
66346, 
66354, 
66362, 
66370, 
66378, 
66385, 
66393, 
66401, 
66409, 
66417, 
66425, 
66432, 
66440, 
66449, 
66456, 
66464, 
66472, 
66479, 
66487, 
66495, 
66503, 
66511, 
66518, 
66526, 
66534, 
66542, 
66551, 
66557, 
66565, 
66573, 
66581, 
66589, 
66597, 
66604, 
66612, 
66620, 
66628, 
66637, 
66644, 
66651, 
66659, 
66667, 
66675, 
66683, 
66690, 
66698, 
66706, 
66714, 
66722, 
66732, 
66737, 
66745, 
66753, 
66761, 
66769, 
66776, 
66784, 
66792, 
66800, 
66808, 
66816, 
66824, 
66831, 
66839, 
66847, 
66855, 
66862, 
66870, 
66878, 
66886, 
66894, 
66902, 
66909, 
66917, 
66925, 
66933, 
66942, 
66948, 
66956, 
66964, 
66972, 
66980, 
66988, 
66995, 
67003, 
67011, 
67019, 
67027, 
67035, 
67042, 
67050, 
67058, 
67066, 
67074, 
67081, 
67089, 
67097, 
67105, 
67113, 
67121, 
67128, 
67136, 
67144, 
67152, 
67160, 
67167, 
67176, 
67183, 
67192, 
67199, 
67207, 
67214, 
67225, 
67230, 
67241, 
67246, 
67253, 
67261, 
67269, 
67277, 
67285, 
67294, 
67300, 
67308, 
67316, 
67324, 
67332, 
67340, 
67347, 
67355, 
67363, 
67371, 
67379, 
67386, 
67394, 
67402, 
67410, 
67418, 
67425, 
67433, 
67441, 
67449, 
67457, 
67465, 
67472, 
67480, 
67489, 
67496, 
67504, 
67512, 
67519, 
67527, 
67535, 
67543, 
67551, 
67559, 
67566, 
67575, 
67582, 
67590, 
67598, 
67605, 
67613, 
67621, 
67629, 
67637, 
67644, 
67652, 
67660, 
67668, 
67676, 
67684, 
67691, 
67699, 
67707, 
67715, 
67723, 
67730, 
67740, 
67746, 
67754, 
67763, 
67770, 
67778, 
67785, 
67793, 
67801, 
67809, 
67816, 
67824, 
67832, 
67840, 
67848, 
67856, 
67863, 
67871, 
67879, 
67887, 
67895, 
67903, 
67910, 
67918, 
67926, 
67934, 
67942, 
67949, 
67957, 
67965, 
67973, 
67981, 
67988, 
67996, 
68004, 
68012, 
68020, 
68029, 
68035, 
68043, 
68051, 
68059, 
68067, 
68075, 
68082, 
68090, 
68098, 
68106, 
68114, 
68121, 
68129, 
68137, 
68145, 
68153, 
68161, 
68168, 
68177, 
68184, 
68192, 
68200, 
68207, 
68215, 
68223, 
68231, 
68239, 
68247, 
68254, 
68262, 
68270, 
68278, 
68286, 
68293, 
68301, 
68309, 
68317, 
68325, 
68333, 
68340, 
68348, 
68356, 
68364, 
68372, 
68379, 
68388, 
68395, 
68403, 
68411, 
68419, 
68426, 
68434, 
68442, 
68450, 
68458, 
68465, 
68473, 
68481, 
68489, 
68497, 
68505, 
68512, 
68520, 
68528, 
68536, 
68544, 
68551, 
68559, 
68567, 
68575, 
68583, 
68591, 
68598, 
68606, 
68614, 
68622, 
68630, 
68638, 
68645, 
68653, 
68661, 
68669, 
68677, 
68684, 
68692, 
68700, 
68708, 
68716, 
68725, 
68731, 
68740, 
68747, 
68755, 
68763, 
68770, 
68778, 
68786, 
68794, 
68803, 
68810, 
68817, 
68825, 
68833, 
68841, 
68849, 
68856, 
68864, 
68872, 
68880, 
68888, 
68896, 
68903, 
68911, 
68919, 
68928, 
68935, 
68943, 
68950, 
68958, 
68966, 
68974, 
68982, 
68989, 
68998, 
69005, 
69013, 
69021, 
69028, 
69036, 
69044, 
69052, 
69060, 
69068, 
69075, 
69084, 
69091, 
69099, 
69107, 
69114, 
69122, 
69130, 
69138, 
69146, 
69154, 
69161, 
69169, 
69178, 
69185, 
69193, 
69200, 
69208, 
69216, 
69224, 
69232, 
69241, 
69247, 
69257, 
69263, 
69271, 
69279, 
69287, 
69294, 
69302, 
69310, 
69318, 
69327, 
69333, 
69341, 
69349, 
69357, 
69365, 
69373, 
69381, 
69391, 
69397, 
69404, 
69416, 
69420, 
69428, 
69435, 
69443, 
69451, 
69459, 
69466, 
69474, 
69482, 
69490, 
69498, 
69505, 
69513, 
69521, 
69529, 
69537, 
69545, 
69552, 
69560, 
69568, 
69576, 
69584, 
69591, 
69599, 
69607, 
69615, 
69623, 
69631, 
69638, 
69646, 
69654, 
69662, 
69670, 
69678, 
69685, 
69693, 
69701, 
69709, 
69717, 
69724, 
69732, 
69741, 
69748, 
69756, 
69764, 
69771, 
69779, 
69787, 
69795, 
69803, 
69810, 
69818, 
69826, 
69834, 
69842, 
69850, 
69857, 
69865, 
69873, 
69881, 
69889, 
69896, 
69904, 
69912, 
69920, 
69928, 
69936, 
69943, 
69951, 
69959, 
69967, 
69975, 
69982, 
69990, 
69998, 
70006, 
70014, 
70022, 
70029, 
70037, 
70045, 
70053, 
70061, 
70068, 
70076, 
70084, 
70092, 
70100, 
70109, 
70115, 
70123, 
70131, 
70140, 
70147, 
70154, 
70162, 
70170, 
70178, 
70186, 
70194, 
70201, 
70209, 
70217, 
70225, 
70233, 
70241, 
70248, 
70256, 
70264, 
70273, 
70280, 
70287, 
70295, 
70303, 
70311, 
70319, 
70328, 
70334, 
70342, 
70350, 
70358, 
70366, 
70373, 
70381, 
70389, 
70397, 
70405, 
70413, 
70420, 
70428, 
70436, 
70444, 
70452, 
70459, 
70467, 
70475, 
70483, 
70491, 
70499, 
70506, 
70514, 
70522, 
70530, 
70538, 
70545, 
70553, 
70561, 
70569, 
70577, 
70585, 
70592, 
70600, 
70608, 
70616, 
70624, 
70631, 
70639, 
70647, 
70655, 
70663, 
70671, 
70678, 
70686, 
70694, 
70702, 
70710, 
70718, 
70725, 
70733, 
70742, 
70749, 
70759, 
70764, 
70773, 
70780, 
70788, 
70796, 
70805, 
70811, 
70820, 
70827, 
70835, 
70843, 
70850, 
70858, 
70866, 
70874, 
70882, 
70891, 
70897, 
70906, 
70913, 
70921, 
70929, 
70936, 
70944, 
70952, 
70960, 
70968, 
70976, 
70983, 
70991, 
70999, 
71007, 
71015, 
71023, 
71030, 
71039, 
71046, 
71054, 
71062, 
71069, 
71077, 
71085, 
71093, 
71101, 
71108, 
71116, 
71124, 
71132, 
71140, 
71148, 
71155, 
71164, 
71171, 
71179, 
71187, 
71194, 
71202, 
71210, 
71218, 
71226, 
71234, 
71241, 
71249, 
71257, 
71265, 
71273, 
71281, 
71288, 
71296, 
71304, 
71312, 
71320, 
71327, 
71335, 
71343, 
71351, 
71359, 
71367, 
71374, 
71382, 
71390, 
71398, 
71406, 
71413, 
71421, 
71429, 
71437, 
71445, 
71453, 
71460, 
71468, 
71476, 
71484, 
71492, 
71499, 
71507, 
71515, 
71523, 
71531, 
71539, 
71546, 
71554, 
71562, 
71570, 
71578, 
71585, 
71593, 
71601, 
71609, 
71617, 
71625, 
71632, 
71640, 
71648, 
71656, 
71664, 
71672, 
71679, 
71687, 
71695, 
71703, 
71711, 
71718, 
71726, 
71734, 
71743, 
71750, 
71757, 
71765, 
71773, 
71781, 
71789, 
71797, 
71804, 
71812, 
71820, 
71828, 
71836, 
71843, 
71851, 
71859, 
71868, 
71875, 
71883, 
71890, 
71898, 
71906, 
71914, 
71922, 
71930, 
71937, 
71945, 
71953, 
71961, 
71969, 
71976, 
71984, 
71992, 
72000, 
72009, 
72016, 
72023, 
72032, 
72039, 
72047, 
72055, 
72062, 
72070, 
72078, 
72086, 
72094, 
72102, 
72109, 
72118, 
72125, 
72133, 
72141, 
72148, 
72156, 
72164, 
72173, 
72180, 
72188, 
72195, 
72203, 
72211, 
72219, 
72227, 
72234, 
72243, 
72250, 
72258, 
72266, 
72274, 
72281, 
72289, 
72297, 
72305, 
72313, 
72321, 
72328, 
72336, 
72344, 
72352, 
72360, 
72367, 
72375, 
72383, 
72391, 
72399, 
72407, 
72414, 
72422, 
72430, 
72438, 
72446, 
72453, 
72462, 
72469, 
72477, 
72485, 
72493, 
72500, 
72508, 
72517, 
72524, 
72532, 
72539, 
72547, 
72555, 
72563, 
72571, 
72579, 
72586, 
72594, 
72602, 
72610, 
72618, 
72625, 
72633, 
72641, 
72649, 
72657, 
72665, 
72672, 
72680, 
72688, 
72696, 
72704, 
72712, 
72720, 
72727, 
72735, 
72743, 
72751, 
72758, 
72766, 
72775, 
72782, 
72790, 
72797, 
72806, 
72813, 
72821, 
72829, 
72837, 
72844, 
72852, 
72860, 
72868, 
72876, 
72883, 
72891, 
72899, 
72907, 
72915, 
72923, 
72930, 
72938, 
72946, 
72954, 
72962, 
72970, 
72977, 
72985, 
72993, 
73001, 
73009, 
73016, 
73025, 
73032, 
73040, 
73049, 
73056, 
73063, 
73071, 
73079, 
73087, 
73095, 
73102, 
73110, 
73118, 
73126, 
73134, 
73142, 
73149, 
73157, 
73165, 
73173, 
73181, 
73188, 
73196, 
73204, 
73212, 
73220, 
73228, 
73235, 
73243, 
73251, 
73259, 
73267, 
73274, 
73282, 
73290, 
73298, 
73306, 
73314, 
73321, 
73329, 
73337, 
73345, 
73353, 
73360, 
73368, 
73376, 
73384, 
73392, 
73400, 
73407, 
73415, 
73423, 
73431, 
73439, 
73447, 
73454, 
73462, 
73470, 
73478, 
73486, 
73493, 
73501, 
73509, 
73517, 
73525, 
73533, 
73540, 
73548, 
73556, 
73564, 
73573, 
73579, 
73587, 
73595, 
73603, 
73611, 
73619, 
73626, 
73634, 
73642, 
73650, 
73658, 
73665, 
73673, 
73681, 
73689, 
73697, 
73705, 
73712, 
73720, 
73728, 
73736, 
73744, 
73751, 
73760, 
73767, 
73775, 
73783, 
73791, 
73798, 
73806, 
73814, 
73822, 
73830, 
73838, 
73845, 
73853, 
73861, 
73869, 
73877, 
73884, 
73892, 
73900, 
73908, 
73916, 
73923, 
73931, 
73939, 
73947, 
73955, 
73963, 
73970, 
73978, 
73986, 
73994, 
74002, 
74010, 
74017, 
74025, 
74033, 
74041, 
74049, 
74056, 
74064, 
74072, 
74080, 
74088, 
74096, 
74103, 
74111, 
74119, 
74127, 
74135, 
74142, 
74150, 
74158, 
74166, 
74174, 
74182, 
74189, 
74197, 
74205, 
74213, 
74221, 
74228, 
74236, 
74244, 
74252, 
74260, 
74268, 
74275, 
74283, 
74291, 
74299, 
74307, 
74314, 
74322, 
74330, 
74338, 
74347, 
74354, 
74361, 
74369, 
74377, 
74385, 
74393, 
74400, 
74408, 
74416, 
74424, 
74432, 
74440, 
74447, 
74455, 
74463, 
74471, 
74479, 
74487, 
74494, 
74502, 
74510, 
74518, 
74526, 
74533, 
74541, 
74549, 
74557, 
74565, 
74573, 
74580, 
74588, 
74596, 
74604, 
74612, 
74619, 
74627, 
74635, 
74643, 
74651, 
74659, 
74666, 
74674, 
74682, 
74690, 
74698, 
74706, 
74713, 
74721, 
74730, 
74737, 
74745, 
74752, 
74760, 
74768, 
74776, 
74784, 
74791, 
74799, 
74807, 
74815, 
74823, 
74831, 
74838, 
74846, 
74854, 
74862, 
74870, 
74877, 
74885, 
74893, 
74901, 
74909, 
74917, 
74924, 
74932, 
74940, 
74948, 
74956, 
74963, 
74971, 
74979, 
74991, 
74998, 
75003, 
75010, 
75022, 
75029, 
75037, 
75042, 
75049, 
75057, 
75065, 
75073, 
75081, 
75090, 
75096, 
75104, 
75112, 
75120, 
75128, 
75136, 
75143, 
75151, 
75159, 
75167, 
75175, 
75182, 
75190, 
75198, 
75206, 
75214, 
75222, 
75229, 
75238, 
75245, 
75253, 
75261, 
75268, 
75278, 
75284, 
75292, 
75300, 
75308, 
75315, 
75323, 
75332, 
75339, 
75347, 
75354, 
75362, 
75371, 
75378, 
75386, 
75394, 
75401, 
75409, 
75417, 
75425, 
75433, 
75440, 
75448, 
75479, 
75481, 
75481, 
75481, 
75487, 
75495, 
75503, 
75511, 
75519, 
75526, 
75534, 
75542, 
75550, 
75558, 
75566, 
75573, 
75581, 
75589, 
75597, 
75605, 
75613, 
75620, 
75628, 
75636, 
75644, 
75652, 
75659, 
75667, 
75675, 
75683, 
75691, 
75699, 
75707, 
75714, 
75723, 
75730, 
75738, 
75745, 
75753, 
75761, 
75769, 
75777, 
75785, 
75792, 
75800, 
75808, 
75816, 
75824, 
75831, 
75839, 
75847, 
75855, 
75863, 
75871, 
75878, 
75886, 
75894, 
75902, 
75910, 
75917, 
75925, 
75933, 
75941, 
75949, 
75957, 
75964, 
75972, 
75980, 
75988, 
75996, 
76003, 
76011, 
76019, 
76027, 
76035, 
76043, 
76050, 
76058, 
76066, 
76074, 
76082, 
76090, 
76097, 
76105, 
76113, 
76121, 
76129, 
76136, 
76144, 
76152, 
76160, 
76168, 
76175, 
76183, 
76191, 
76199, 
76207, 
76215, 
76222, 
76230, 
76238, 
76246, 
76254, 
76262, 
76269, 
76277, 
76285, 
76293, 
76301, 
76308, 
76316, 
76324, 
76332, 
76340, 
76348, 
76355, 
76363, 
76371, 
76379, 
76387, 
76394, 
76402, 
76410, 
76418, 
76426, 
76434, 
76441, 
76449, 
76457, 
76465, 
76473, 
76480, 
76488, 
76496, 
76504, 
76512, 
76520, 
76527, 
76535, 
76543, 
76551, 
76559, 
76566, 
76574, 
76582, 
76590, 
76598, 
76606, 
76613, 
76621, 
76629, 
76637, 
76645, 
76652, 
76660, 
76668, 
76676, 
76684, 
76692, 
76699, 
76707, 
76715, 
76723, 
76731, 
76741, 
76746, 
76754, 
76762, 
76770, 
76778, 
76785, 
76793, 
76801, 
76809, 
76818, 
76825, 
76832, 
76840, 
76848, 
76856, 
76864, 
76871, 
76879, 
76887, 
76895, 
76903, 
76911, 
76918, 
76926, 
76934, 
76942, 
76950, 
76957, 
76965, 
76974, 
76981, 
76989, 
76997, 
77004, 
77012, 
77020, 
77028, 
77036, 
77043, 
77051, 
77059, 
77068, 
77076, 
77083, 
77090, 
77099, 
77106, 
77114, 
77122, 
77130, 
77137, 
77145, 
77153, 
77161, 
77169, 
77176, 
77184, 
77192, 
77200, 
77209, 
77216, 
77223, 
77233, 
77239, 
77247, 
77255, 
77262, 
77270, 
77278, 
77286, 
77294, 
77302, 
77309, 
77317, 
77325, 
77333, 
77341, 
77348, 
77356, 
77364, 
77372, 
77380, 
77388, 
77395, 
77403, 
77411, 
77419, 
77427, 
77434, 
77442, 
77450, 
77458, 
77466, 
77474, 
77481, 
77489, 
77497, 
77505, 
77513, 
77520, 
77528, 
77536, 
77544, 
77552, 
77560, 
77567, 
77575, 
77583, 
77591, 
77599, 
77607, 
77614, 
77622, 
77630, 
77638, 
77646, 
77653, 
77661, 
77669, 
77677, 
77685, 
77692, 
77700, 
77708, 
77716, 
77724, 
77734, 
77739, 
77748, 
77755, 
77763, 
77771, 
77779, 
77786, 
77795, 
77802, 
77810, 
77818, 
77825, 
77833, 
77841, 
77849, 
77857, 
77865, 
77872, 
77880, 
77888, 
77896, 
77904, 
77911, 
77919, 
77927, 
77935, 
77943, 
77951, 
77958, 
77966, 
77974, 
77982, 
77990, 
77997, 
78005, 
78013, 
78021, 
78029, 
78037, 
78044, 
78052, 
78060, 
78068, 
78076, 
78083, 
78091, 
78099, 
78108, 
78115, 
78123, 
78130, 
78138, 
78146, 
78154, 
78162, 
78169, 
78177, 
78185, 
78193, 
78201, 
78209, 
78216, 
78224, 
78232, 
78241, 
78248, 
78256, 
78263, 
78271, 
78279, 
78287, 
78295, 
78302, 
78310, 
78319, 
78326, 
78334, 
78342, 
78349, 
78357, 
78365, 
78373, 
78381, 
78388, 
78396, 
78404, 
78412, 
78420, 
78428, 
78435, 
78443, 
78451, 
78459, R
78467, 
78474, 
78482, 
78490, S
78498, S
78506, S
78514, S
78521, 
78529, 
78538, 
78545, 
78553, 
78560, 
78568, 
78576, 
78584, 
78592, 
78600, 
78607, 
78615, 
78623, 
78631, 
78639, 
78646, 
78654, 
78662, 
78670, 
78678, 
78686, 
78694, 
78701, 
78709, 
78717, 
78725, 
78732, 
78742, 
78748, 
78759, 
78764, 
78774, 
78779, 
78787, 
78795, 
78803, 
78811, 
78818, 
78827, 
78834, 
78842, 
78850, 
78858, 
78865, 
78873, 
78881, 
78889, 
78897, 
78904, 
78912, 
78920, 
78928, 
78936, 
78944, 
78951, 
78959, 
78967, 
78975, 
78983, 
78991, 
78998, 
79006, 
79014, 
79022, 
79030, 
79038, 
79045, 
79053, 
79061, 
79069, 
79077, 
79084, 
79092, 
79100, 
79108, 
79116, 
79123, 
79131, 
79139, 
79147, 
79155, 
79163, 
79170, 
79178, 
79186, 
79194, 
79202, 
79209, 
79217, 
79225, 
79233, 
79241, 
79249, 
79256, 
79264, 
79272, 
79282, 
79288, 
79296, 
79303, 
79311, 
79319, 
79327, 
79335, 
79342, 
79350, 
79358, 
79366, 
79374, 
79382, 
79390, 
79397, 
79405, 
79413, 
79421, 
79428, 
79436, 
79444, 
79452, 
79460, 
79468, 
79475, 
79483, 
79491, 
79499, 
79507, 
79514, 
79522, 
79530, 
79538, 
79546, 
79554, 
79561, 
79569, 
79577, 
79585, 
79593, 
79600, 
79608, 
79616, 
79624, 
79632, 
79640, 
79647, 
79655, 
79663, 
79671, 
79679, 
79686, 
79694, 
79702, 
79710, 
79718, 
79726, 
79733, 
79742, 
79749, 
79757, 
79765, 
79772, 
79779, 
79788, 
79796, 
79804, 
79812, 
79819, 
79827, 
79835, 
79843, 
79851, 
79858, 
79866, 
79874, 
79882, 
79890, 
79898, 
79905, 
79913, 
79921, 
79929, 
79937, 
79945, 
79952, 
79960, 
79968, 
79976, 
79984, 
79991, 
79999, 
80007, 
80015, 
80023, 
80031, 
80038, 
80046, 
80053, 
80061, 
80069, 
80077, 
80085, 
80092, 
80101, 
80108, 
80117, 
80124, 
80132, 
80140, 
80148, 
80155, 
80162, 
80171, 
80178, 
80188, 
80195, 
80202, 
80209, 
80217, 
80226, 
80235, 
80242, 
80251, 
80257, 
80265, 
80273, 
80281, 
80289, 
80295, 
80304, 
80312, 
80320, 
80329, 
80335, 
80343, 
80351, 
80359, 
80367, 
80375, 
80382, 
80390, 
80398, 
80406, 
80414, 
80421, 
80429, 
80437, 
80445, 
80453, 
80461, 
80467, 
80476, 
80484, 
80492, 
80500, 
80508, 
80515, 
80523, 
80531, 
80539, 
80547, 
80554, 
80562, 
80570, 
80578, 
80585, 
80594, 
80601, 
80609, 
80616, 
80625, 
80633, 
80640, 
80648, 
80656, 
80664, 
80672, 
80680, 
80687, 
80695, 
80703, 
80711, 
80719, 
80726, 
80734, 
80742, 
80750, 
80758, 
80766, 
80773, 
80781, 
80789, 
80796, 
80805, 
80813, 
80820, 
80828, 
80836, 
80844, 
80852, 
80859, 
80867, 
80875, 
80883, 
80891, 
80898, 
80906, 
80914, 
80922, 
80930, 
80938, 
80945, 
80953, 
80961, 
80969, 
80977, 
80984, 
80992, 
81000, 
81008, 
81016, 
81024, 
81031, 
81039, 
81047, 
81055, 
81063, 
81071, 
81078, 
81086, 
81094, 
81102, 
81110, 
81117, 
81125, 
81133, 
81141, 
81149, 
81157, 
81164, 
81172, 
81179, 
81188, 
81196, 
81203, 
81211, 
81219, 
81227, 
81235, 
81243, 
81250, 
81258, 
81266, 
81274, 
81282, 
81289, 
81297, 
81305, 
81313, 
81321, 
81329, 
81336, 
81344, 
81352, 
81360, 
81368, 
81375, 
81383, 
81391, 
81399, 
81407, 
81415, 
81422, 
81430, 
81438, 
81446, 
81454, 
81462, 
81469, 
81477, 
81485, 
81493, 
81501, 
81508, 
81516, 
81525, 
81532, 
81540, 
81548, 
81555, 
81563, 
81571, 
81579, 
81587, 
81594, 
81602, 
81610, 
81618, 
81626, 
81634, 
81641, 
81649, 
81657, 
81665, 
81673, 
81680, 
81688, 
81696, 
81704, 
81712, 
81720, 
81727, 
81735, 
81743, 
81751, 
81760, 
81766, 
81773, 
81782, 
81791, 
81798, 
81806, 
81812, 
81821, 
81829, 
81836, 
81845, 
81852, 
81860, 
81868, 
81876, 
81884, 
81892, 
81899, 
81907, 
81915, 
81923, 
81930, 
81937, 
81946, 
81954, 
81962, 
81970, 
81978, 
81985, 
81993, 
82001, 
82009, 
82017, 
82024, 
82032, 
82040, 
82048, 
82056, 
82064, 
82071, 
82079, 
82087, 
82095, 
82103, 
82111, 
82118, 
82126, 
82134, 
82142, 
82150, 
82157, 
82165, 
82173, 
82181, 
82189, 
82197, 
82203, 
82212, 
82220, 
82228, 
82236, 
82243, 
82251, 
82259, 
82267, 
82275, 
82283, 
82290, 
82298, 
82306, 
82314, 
82321, 
82329, 
82337, 
82345, 
82352, 
82361, 
82369, 
82376, 
82384, 
82392, 
82400, 
82408, 
82415, 
82423, 
82431, 
82439, 
82447, 
82455, 
82462, 
82470, 
82478, 
82486, 
82494, 
82501, 
82509, 
82517, 
82525, 
82533, 
82541, 
82548, 
82556, 
82564, 
82572, 
82580, 
82587, 
82595, 
82603, 
82611, 
82619, 
82627, 
82634, 
82642, 
82650, 
82658, 
82666, 
82674, 
82681, 
82689, 
82697, 
82705, 
82713, 
82720, 
82728, 
82736, 
82744, 
82752, 
82760, 
82767, 
82775, 
82783, 
82791, 
82799, 
82806, 
82814, 
82822, 
82830, 
82838, 
82846, 
82853, 
82861, 
82869, 
82877, 
82885, 
82892, 
82900, 
82908, 
82916, 
82924, 
82932, 
82939, 
82947, 
82955, 
82963, 
82971, 
82978, 
82986, 
82994, 
83002, 
83010, 
83018, 
83025, 
83033, 
83041, 
83049, 
83057, 
83065, 
83072, 
83080, 
83088, 
83096, 
83104, 
83111, 
83119, 
83127, 
83135, 
83143, 
83151, 
83158, 
83166, 
83174, 
83182, 
83190, 
83197, 
83205, 
83213, 
83221, 
83229, 
83238, 
83244, 
83252, 
83260, 
83268, 
83276, 
83283, 
83291, 
83299, 
83307, 
83315, 
83323, 
83330, 
83338, 
83346, 
83354, 
83362, 
83369, 
83377, 
83385, 
83393, 
83401, 
83409, 
83416, 
83423, 
83432, 
83440, 
83448, 
83455, 
83463, 
83471, 
83479, 
83487, 
83495, 
83502, 
83510, 
83518, 
83526, 
83534, 
83542, 
83549, 
83557, 
83565, 
83573, 
83581, 
83588, 
83596, 
83604, 
83612, 
83620, 
83627, 
83635, 
83643, 
83651, 
83659, 
83667, 
83674, 
83682, 
83690, 
83698, 
83706, 
83714, 
83721, 
83729, 
83737, 
83745, 
83753, 
83760, 
83768, 
83776, 
83784, 
83792, 
83800, 
83807, 
83815, 
83823, 
83831, 
83839, 
83846, 
83854, 
83862, 
83870, 
83878, 
83886, 
83893, 
83901, 
83909, 
83917, 
83925, 
83932, 
83940, 
83948, 
83956, 
83964, 
83972, 
83979, 
83986, 
83995, 
84003, 
84011, 
84018, 
84026, 
84034, 
84042, 
84050, 
84058, 
84065, 
84073, 
84081, 
84089, 
84097, 
84104, 
84112, 
84120, 
84128, 
84136, 
84144, 
84151, 
84159, 
84167, 
84175, 
84183, 
84191, 
84198, 
84206, 
84214, 
84222, 
84230, 
84237, 
84245, 
84279, 
84280, 
84280, 
84280, 
84284, 
84292, 
84300, 
84308, 
84316, 
84323, 
84331, 
84339, 
84347, 
84355, 
84363, 
84370, 
84378, 
84386, 
84394, 
84402, 
84409, 
84417, 
84425, 
84433, 
84441, 
84449, 
84456, 
84464, 
84472, 
84480, 
84488, 
84495, 
84503, 
84511, 
84519, 
84527, 
84535, 
84542, 
84550, 
84558, 
84566, 
84574, 
84581, 
84589, 
84597, 
84605, 
84613, 
84621, 
84628, 
84636, 
84644, 
84652, 
84660, 
84667, 
84675, 
84683, 
84691, 
84699, 
84707, 
84714, 
84724, 
84730, 
84738, 
84746, 
84753, 
84761, 
84769, 
84778, 
84785, 
84793, 
84800, 
84808, 
84816, 
84824, 
84831, 
84840, 
84847, 
84855, 
84863, 
84871, 
84879, 
84886, 
84894, 
84902, 
84910, 
84918, 
84926, 
84933, 
84941, 
84949, 
84957, 
84965, 
84972, 
84980, 
84988, 
84996, 
85004, 
85012, 
85019, 
85027, 
85035, 
85043, 
85051, 
85058, 
85066, 
85074, 
85082, 
85090, 
85098, 
85105, 
85113, 
85121, 
85129, 
85137, 
85144, 
85152, 
85160, 
85168, 
85176, 
85184, 
85191, 
85199, 
85207, 
85215, 
85223, 
85231, 
85239, 
85246, 
85254, 
85262, 
85270, 
85277, 
85285, 
85293, 
85301, 
85309, 
85317, 
85324, 
85332, 
85340, 
85348, 
85356, 
85363, 
85371, 
85379, 
85387, 
85395, 
85403, 
85410, 
85418, 
85426, 
85434, 
85442, 
85449, 
85457, 
85465, 
85473, 
85481, 
85489, 
85496, 
85504, 
85512, 
85520, 
85528, 
85535, 
85543, 
85551, 
85559, 
85567, 
85575, 
85582, 
85590, 
85598, 
85606, 
85614, 
85621, 
85630, 
85637, 
85645, 
85653, 
85661, 
85668, 
85676, 
85684, 
85692, 
85700, 
85707, 
85715, 
85723, 
85732, 
85739, 
85747, 
85754, 
85762, 
85770, 
85778, 
85786, 
85793, 
85801, 
85809, 
85817, 
85826, 
85833, 
85840, 
85848, 
85856, 
85864, 
85871, 
85880, 
85887, 
85895, 
85903, 
85911, 
85919, 
85926, 
85934, 
85942, 
85950, 
85958, 
85966, 
85973, 
85981, 
85989, 
85997, 
86005, 
86012, 
86020, 
86028, 
86036, 
86044, 
86052, 
86059, 
86067, 
86075, 
86083, 
86091, 
86098, 
86106, 
86114, 
86122, 
86130, 
86138, 
86145, 
86162, 
86164, 
86169, 
86177, 
86184, 
86192, 
86200, 
86208, 
86216, 
86224, 
86231, 
86241, 
86247, 
86255, 
86263, 
86270, 
86278, 
86286, 
86294, 
86302, 
86310, 
86317, 
86325, 
86333, 
86341, 
86349, 
86356, 
86364, 
86372, 
86380, 
86388, 
86396, 
86403, 
86411, 
86419, 
86427, 
86435, 
86443, 
86450, 
86458, 
86466, 
86474, 
86482, 
86489, 
86497, 
86505, 
86513, 
86521, 
86529, 
86536, 
86544, 
86552, 
86560, 
86568, 
86575, 
86583, 
86591, 
86599, 
86607, 
86615, 
86622, 
86630, 
86638, 
86646, 
86654, 
86661, 
86669, 
86677, 
86685, 
86693, 
86701, 
86708, 
86716, 
86724, 
86732, 
86740, 
86748, 
86755, 
86763, 
86771, 
86779, 
86787, 
86794, 
86802, 
86810, 
86818, 
86826, 
86833, 
86841, 
86849, 
86857, 
86865, 
86873, 
86880, 
86888, 
86896, 
86904, 
86912, 
86920, 
86927, 
86935, 
86943, 
86951, 
86959, 
86966, 
86974, 
86982, 
86990, 
86998, 
87006, 
87013, 
87021, 
87029, 
87037, 
87045, 
87052, 
87060, 
87068, 
87076, 
87084, 
87092, 
87099, 
87107, 
87115, 
87123, 
87131, 
87138, 
87146, 
87154, 
87162, 
87170, 
87178, 
87185, 
87193, 
87201, 
87209, 
87217, 
87224, 
87232, 
87240, 
87248, 
87256, 
87264, 
87271, 
87279, 
87287, 
87295, 
87303, 
87310, 
87318, 
87326, 
87333, 
87342, 
87350, 
87357, 
87365, 
87373, 
87381, 
87389, 
87396, 
87404, 
87412, 
87420, 
87428, 
87436, 
87443, 
87451, 
87459, 
87467, 
87475, 
87483, 
87490, 
87498, 
87506, 
87514, 
87521, 
87529, 
87537, 
87545, 
87552, 
87561, 
87569, 
87576, 
87584, 
87592, 
87600, 
87608, 
87615, 
87623, 
87631, 
87639, 
87647, 
87655, 
87662, 
87670, 
87678, 
87686, 
87694, 
87701, 
87709, 
87717, 
87725, 
87733, 
87742, 
87748, 
87757, 
87764, 
87772, 
87780, 
87787, 
87795, 
87803, 
87811, 
87819, 
87827, 
87834, 
87842, 
87850, 
87858, 
87866, 
87874, 
87881, 
87889, 
87897, 
87905, 
87913, 
87920, 
87928, 
87936, 
87944, 
87951, 
87960, 
87967, 
87975, 
87983, 
87991, 
87999, 
88006, 
88014, 
88022, 
88030, 
88038, 
88046, 
88053, 
88061, 
88069, 
88077, 
88085, 
88092, 
88100, 
88108, 
88116, 
88124, 
88132, 
88139, 
88147, 
88155, 
88163, 
88171, 
88178, 
88186, 
88194, 
88202, 
88210, 
88218, 
88225, 
88233, 
88241, 
88250, 
88258, 
88264, 
88272, 
88280, 
88288, 
88296, 
88304, 
88311, 
88319, 
88327, 
88335, 
88343, 
88350, 
88358, 
88365, 
88374, 
88382, 
88390, 
88396, 
88405, 
88413, 
88421, 
88428, 
88436, 
88444, 
88452, 
88460, 
88468, 
88476, 
88483, 
88491, 
88499, 
88507, 
88515, 
88523, 
88530, 
88538, 
88546, 
88554, 
88562, 
88569, 
88577, 
88585, 
88593, 
88601, 
88609, 
88616, 
88624, 
88632, 
88640, 
88648, 
88655, 
88663, 
88671, 
88679, 
88687, 
88695, 
88702, 
88710, 
88717, 
88726, 
88734, 
88741, 
88749, 
88757, 
88765, 
88775, 
88781, 
88788, 
88796, 
88804, 
88812, 
88820, 
88827, 
88835, 
88843, 
88851, 
88859, 
88867, 
88874, 
88882, 
88890, 
88898, 
88906, 
88913, 
88921, 
88929, 
88937, 
88945, 
88953, 
88960, 
88968, 
88976, 
88984, 
88992, 
89000, 
89007, 
89015, 
89023, 
89031, 
89039, 
89046, 
89054, 
89062, 
89070, 
89078, 
89085, 
89093, 
89101, 
89109, 
89117, 
89125, 
89132, 
89140, 
89148, 
89156, 
89164, 
89172, 
89179, 
89187, 
89195, 
89203, 
89211, 
89218, 
89226, 
89234, 
89242, 
89250, 
89258, 
89265, 
89273, 
89281, 
89289, 
89297, 
89303, 
89312, 
89320, 
89328, 
89336, 
89344, 
89351, 
89359, 
89367, 
89375, 
89383, 
89390, 
89398, 
89406, 
89414, 
89422, 
89430, 
89437, 
89445, 
89453, 
89461, 
89469, 
89476, 
89484, 
89492, 
89500, 
89508, 
89516, 
89523, 
89531, 
89539, 
89547, 
89555, 
89563, 
89570, 
89578, 
89586, 
89594, 
89602, 
89609, 
89617, 
89625, 
89633, 
89641, 
89649, 
89656, 
89664, 
89672, 
89680, 
89688, 
89695, 
89703, 
89711, 
89719, 
89727, 
89735, 
89742, 
89752, 
89758, 
89766, 
89774, 
89780, 
89789, 
89797, 
89805, 
89813, 
89821, 
89828, 
89836, 
89844, 
89852, 
89860, 
89867, 
89875, 
89883, 
89891, 
89899, 
89907, 
89914, 
89922, 
89930, 
89938, 
89946, 
89954, 
89961, 
89969, 
89977, 
89985, 
89993, 
90000, 
90008, 
90016, 
90024, 
90032, 
90039, 
90047, 
90055, 
90063, 
90071, 
90079, 
90086, 
90094, 
90102, 
90110, 
90118, 
90126, 
90133, 
90141, 
90149, 
90157, 
90165, 
90172, 
90180, 
90188, 
90196, 
90204, 
90212, 
90219, 
90227, 
90235, 
90243, 
90250, 
90258, 
90265, 
90274, 
90281, 
90289, 
90298, 
90305, 
90313, 
90321, 
90329, 
90337, 
90344, 
90352, 
90360, 
90368, 
90375, 
90384, 
90390, 
90399, 
90407, 
90415, 
90423, 
90430, 
90438, 
90446, 
90454, 
90462, 
90470, 
90477, 
90485, 
90493, 
90501, 
90509, 
90517, 
90524, 
90532, 
90540, 
90548, 
90556, 
90563, 
90571, 
90579, 
90587, 
90595, 
90603, 
90610, 
90618, 
90626, 
90633, 
90642, 
90649, 
90657, 
90665, 
90673, 
90681, 
90688, 
90696, 
90704, 
90712, 
90720, 
90728, 
90735, 
90743, 
90751, 
90759, 
90767, 
90775, 
90782, 
90790, 
90798, 
90806, 
90814, 
90820, 
90829, 
90837, 
90845, 
90853, 
90861, 
90868, 
90876, 
90884, 
90892, 
90900, 
90907, 
90915, 
90923, 
90931, 
90939, 
90947, 
90954, 
90962, 
90970, 
90978, 
90986, 
90993, 
91001, 
91009, 
91017, 
91025, 
91033, 
91040, 
91048, 
91056, 
91064, 
91072, 
91080, 
91087, 
91095, 
91103, 
91111, 
91119, 
91126, 
91134, 
91142, 
91150, 
91158, 
91165, 
91173, 
91181, 
91189, 
91197, 
91205, 
91212, 
91220, 
91228, 
91236, 
91244, 
91252, 
91259, 
91267, 
91275, 
91283, 
91291, 
91298, 
91306, 
91314, 
91322, 
91330, 
91338, 
91345, 
91353, 
91361, 
91369, 
91377, 
91384, 
91392, 
91400, 
91408, 
91416, 
91424, 
91431, 
91439, 
91447, 
91455, 
91463, 
91470, 
91478, 
91486, 
91494, 
91502, 
91510, 
91517, 
91525, 
91533, 
91541, 
91549, 
91556, 
91564, 
91572, 
91580, 
91588, 
91596, 
91603, 
91611, 
91619, 
91627, 
91635, 
91643, 
91650, 
91658, 
91666, 
91674, 
91682, 
91689, 
91697, 
91705, 
91713, 
91721, 
91728, 
91736, 
91744, 
91752, 
91760, 
91768, 
91775, 
91783, 
91791, 
91799, 
91807, 
91815, 
91822, 
91830, 
91838, 
91846, 
91854, 
91861, 
91868, 
91877, 
91885, 
91893, 
91901, 
91908, 
91916, 
91924, 
91932, 
91940, 
91947, 
91955, 
91963, 
91971, 
91979, 
91987, 
91994, 
92002, 
92010, 
92018, 
92026, 
92033, 
92041, 
92049, 
92057, 
92065, 
92073, 
92080, 
92088, 
92096, 
92104, 
92112, 
92119, 
92127, 
92135, 
92143, 
92151, 
92159, 
92166, 
92174, 
92182, 
92190, 
92198, 
92206, 
92213, 
92221, 
92229, 
92237, 
92245, 
92252, 
92260, 
92268, 
92276, 
92284, 
92292, 
92299, 
92307, 
92315, 
92323, 
92331, 
92338, 
92346, 
92354, 
92362, 
92370, 
92378, 
92385, 
92393, 
92401, 
92409, 
92417, 
92424, 
92432, 
92454, 
92456, 
92456, 
92464, 
92471, 
92479, 
92487, 
92495, 
92503, 
92510, 
92518, 
92526, 
92534, 
92542, 
92549, 
92557, 
92565, 
92573, 
92581, 
92589, 
92596, 
92604, 
92612, 
92620, 
92628, 
92636, 
92643, 
92651, 
92659, 
92667, 
92675, 
92682, 
92690, 
92698, 
92706, 
92714, 
92722, 
92729, 
92737, 
92745, 
92753, 
92761, 
92769, 
92776, 
92784, 
92792, 
92800, 
92808, 
92815, 
92823, 
92831, 
92839, 
92847, 
92855, 
92862, 
92870, 
92878, 
92886, 
92894, 
92901, 
92909, 
92917, 
92925, 
92933, 
92941, 
92948, 
92956, 
92964, 
92972, 
92980, 
92987, 
92995, 
93003, 
93011, 
93019, 
93027, 
93034, 
93042, 
93050, 
93058, 
93066, 
93073, 
93081, 
93089, 
93097, 
93105, 
93113, 
93120, 
93128, 
93136, 
93144, 
93152, 
93159, 
93167, 
93175, 
93183, 
93191, 
93199, 
93206, 
93214, 
93222, 
93230, 
93238, 
93245, 
93253, 
93261, 
93269, 
93277, 
93285, 
93292, 
93300, 
93308, 
93316, 
93324, 
93331, 
93339, 
93347, 
93355, 
93363, 
93371, 
93378, 
93386, 
93394, 
93402, 
93410, 
93418, 
93425, 
93433, 
93441, 
93449, 
93457, 
93464, 
93472, 
93480, 
93488, 
93496, 
93504, 
93511, 
93519, 
93527, 
93535, 
93543, 
93550, 
93558, 
93566, 
93574, 
93582, 
93590, 
93597, 
93605, 
93613, 
93621, 
93629, 
93636, 
93644, 
93652, 
93660, 
93668, 
93676, 
93683, 
93691, 
93699, 
93707, 
93715, 
93723, 
93730, 
93738, 
93746, 
93754, 
93762, 
93769, 
93777, 
93784, 
93793, 
93801, 
93808, 
93816, 
93824, 
93832, 
93840, 
93848, 
93855, 
93863, 
93871, 
93879, 
93887, 
93895, 
93902, 
93910, 
93918, 
93926, 
93934, 
93941, 
93949, 
93957, 
93965, 
93973, 
93981, 
93988, 
93996, 
94004, 
94012, 
94020, 
94027, 
94035, 
94043, 
94051, 
94059, 
94067, 
94074, 
94082, 
94090, 
94098, 
94106, 
94113, 
94121, 
94129, 
94137, 
94145, 
94153, 
94160, 
94168, 
94176, 
94184, 
94192, 
94199, 
94207, 
94215, 
94223, 
94231, 
94239, 
94246, 
94254, 
94262, 
94270, 
94278, 
94286, 
94293, 
94301, 
94309, 
94317, 
94325, 
94332, 
94340, 
94348, 
94356, 
94364, 
94372, 
94379, 
94387, 
94395, 
94403, 
94411, 
94418, 
94426, 
94434, 
94442, 
94450, 
94458, 
94465, 
94473, 
94481, 
94489, 
94497, 
94504, 
94512, 
94520, 
94528, 
94535, 
94544, 
94551, 
94559, 
94567, 
94575, 
94583, 
94590, 
94598, 
94606, 
94614, 
94622, 
94630, 
94637, 
94645, 
94653, 
94661, 
94669, 
94676, 
94684, 
94692, 
94700, 
94708, 
94716, 
94723, 
94731, 
94739, 
94747, 
94757, 
94763, 
94770, 
94778, 
94786, 
94794, 
94802, 
94809, 
94817, 
94825, 
94833, 
94841, 
94848, 
94856, 
94864, 
94872, 
94880, 
94888, 
94895, 
94903, 
94911, 
94919, 
94927, 
94935, 
94942, 
94950, 
94958, 
94966, 
94974, 
94981, 
94989, 
94997, 
95005, 
95013, 
95021, 
95028, 
95036, 
95044, 
95052, 
95060, 
95067, 
95075, 
95083, 
95091, 
95099, R
95107, 
95114, 
95122, 
95130, S
95138, S
95146, S
95152, S
95161, 
95169, 
95177, 
95185, 
95193, 
95200, 
95208, 
95216, 
95224, 
95232, 
95239, 
95247, 
95255, 
95263, 
95271, 
95279, 
95286, 
95294, 
95302, 
95309, 
95318, 
95325, 
95333, 
95341, 
95349, 
95357, 
95365, 
95372, 
95380, 
95388, 
95396, 
95404, 
95411, 
95419, 
95427, 
95434, 
95443, 
95450, 
95458, 
95465, 
95474, 
95482, 
95490, 
95497, 
95505, 
95513, 
95521, 
95529, 
95537, 
95544, 
95552, 
95560, 
95568, 
95576, 
95584, 
95591, 
95599, 
95607, 
95615, 
95623, 
95630, 
95638, 
95646, 
95654, 
95662, 
95670, 
95677, 
95685, 
95693, 
95701, 
95709, 
95716, 
95724, 
95732, 
95740, 
95748, 
95756, 
95763, 
95771, 
95779, 
95787, 
95795, 
95802, 
95810, 
95818, 
95826, 
95834, 
95842, 
95849, 
95857, 
95865, 
95873, 
95881, 
95888, 
95896, 
95904, 
95912, 
95920, 
95928, 
95935, 
95943, 
95951, 
95959, 
95967, 
95975, 
95982, 
95990, 
95998, 
96006, 
96014, 
96021, 
96029, 
96037, 
96045, 
96053, 
96061, 
96068, 
96076, 
96084, 
96092, 
96100, 
96107, 
96115, 
96123, 
96131, 
96139, 
96147, 
96154, 
96162, 
96170, 
96178, 
96186, 
96193, 
96201, 
96209, 
96217, 
96225, 
96233, 
96240, 
96248, 
96256, 
96264, 
96272, 
96279, 
96287, 
96295, 
96303, 
96311, 
96319, 
96326, 
96334, 
96342, 
96350, 
96358, 
96365, 
96373, 
96381, 
96389, 
96397, 
96405, 
96412, 
96420, 
96428, 
96436, 
96444, 
96451, 
96459, 
96467, 
96475, 
96483, 
96491, 
96498, 
96506, 
96514, 
96522, 
96530, 
96537, 
96545, 
96553, 
96561, 
96569, 
96577, 
96584, 
96592, 
96600, 
96608, 
96616, 
96624, 
96631, 
96639, 
96647, 
96655, 
96663, 
96670, 
96678, 
96686, 
96694, 
96702, 
96710, 
96717, 
96725, 
96733, 
96741, 
96749, 
96756, 
96764, 
96772, 
96780, 
96788, 
96796, 
96803, 
96811, 
96819, 
96827, 
96835, 
96842, 
96850, 
96858, 
96866, 
96874, 
96882, 
96889, 
96897, 
96905, 
96913, 
96921, 
96928, 
96936, 
96944, 
96952, 
96960, 
96968, 
96975, 
96983, 
96991, 
96999, 
97007, 
97015, 
97022, 
97030, 
97038, 
97046, 
97054, 
97061, 
97069, 
97077, 
97085, 
97093, 
97099, 
97108, 
97116, 
97124, 
97132, 
97140, 
97147, 
97155, 
97163, 
97171, 
97179, 
97187, 
97194, 
97202, 
97210, 
97218, 
97226, 
97233, 
97242, 
97249, 
97261, 
97265, 
97273, 
97280, 
97288, 
97296, 
97304, 
97312, 
97319, 
97327, 
97335, 
97343, 
97351, 
97359, 
97365, 
97383, 
97384, 
97390, 
97397, 
97404, 
97413, 
97421, 
97429, 
97437, 
97445, 
97452, 
97460, 
97468, 
97476, 
97484, 
97492, 
97499, 
97507, 
97515, 
97523, 
97531, 
97538, 
97546, 
97554, 
97562, 
97570, 
97577, 
97585, 
97593, 
97601, 
97609, 
97617, 
97624, 
97632, 
97640, 
97648, 
97656, 
97664, 
97671, 
97679, 
97687, 
97695, 
97703, 
97710, 
97718, 
97726, 
97734, 
97742, 
97750, 
97757, 
97765, 
97773, 
97781, 
97789, 
97796, 
97804, 
97812, 
97820, 
97828, 
97836, 
97843, 
97851, 
97859, 
97867, 
97875, 
97882, 
97890, 
97898, 
97906, 
97914, 
97922, 
97929, 
97937, 
97945, 
97953, 
97961, 
97968, 
97976, 
97984, 
97992, 
98000, 
98008, 
98015, 
98023, 
98031, 
98039, 
98047, 
98055, 
98062, 
98070, 
98078, 
98086, 
98094, 
98101, 
98109, 
98117, 
98125, 
98133, 
98141, 
98148, 
98156, 
98164, 
98172, 
98180, 
98187, 
98195, 
98203, 
98211, 
98219, 
98227, 
98234, 
98243, 
98250, 
98259, 
98266, 
98273, 
98281, 
98289, 
98297, 
98305, 
98313, 
98320, 
98328, 
98336, 
98344, 
98352, 
98359, 
98367, 
98375, 
98383, 
98391, 
98399, 
98406, 
98414, 
98422, 
98430, 
98438, 
98445, 
98453, 
98461, 
98469, 
98477, 
98485, 
98492, 
98500, 
98508, 
98516, 
98524, 
98532, 
98539, 
98547, 
98555, 
98563, 
98571, 
98578, 
98586, 
98594, 
98602, 
98610, 
98617, 
98625, 
98633, 
98641, 
98649, 
98657, 
98664, 
98672, 
98680, 
98688, 
98696, 
98704, 
98711, 
98719, 
98727, 
98735, 
98743, 
98750, 
98758, 
98766, 
98774, 
98782, 
98790, 
98797, 
98805, 
98813, 
98821, 
98829, 
98836, 
98844, 
98852, 
98860, 
98868, 
98876, 
98883, 
98891, 
98899, 
98907, 
98915, 
98922, 
98930, 
98938, 
98946, 
98954, 
98962, 
98969, 
98977, 
98985, 
98993, 
99001, 
99008, 
99016, 
99024, 
99032, 
99040, 
99048, 
99055, 
99063, 
99071, 
99079, R
99087, 
99094, 
99101, S
99110, S
99118, S
99126, S
99134, 
99141, 
99149, 
99157, 
99165, 
99173, 
99181, 
99188, 
99196, 
99204, 
99212, 
99220, 
99227, 
99235, 
99243, 
99251, 
99259, 
99267, 
99274, 
99282, 
99290, 
99298, 
99306, 
99313, 
99321, 
99329, 
99337, 
99345, 
99353, 
99360, 
99368, 
99376, 
99384, 
99392, 
99399, 
99407, 
99415, 
99423, 
99431, 
99439, 
99446, 
99454, 
99462, 
99470, 
99478, 
99485, 
99493, 
99501, 
99509, 
99517, 
99525, 
99532, 
99540, 
99548, 
99556, 
99564, 
99571, 
99579, 
99587, 
99595, 
99603, 
99611, 
99618, 
99626, 
99634, 
99642, 
99650, 
99657, 
99665, 
99673, 
99681, 
99689, 
99697, 
99704, 
99712, 
99720, 
99728, 
99736, 
99744, 
99751, 
99759, 
99767, 
99775, 
99783, 
99790, 
99798, 
99806, 
99814, 
99822, 
99830, 
99837, 
99845, 
99853, 
99861, 
99869, 
99876, 
99884, 
99892, 
99900, 
99908, 
99916, 
99923, 
99931, 
99939, 
99947, 
99955, 
99962, 
99970, 
99978, 
99986, 
99994, 
100002, 
100009, 
100017, 
100025, 
100033, 
100041, 
100048, 
100056, 
100064, 
100072, 
100080, 
100088, 
100095, 
100103, 
100111, 
100119, 
100127, 
100134, 
100142, 
100150, 
100158, 
100166, 
100174, 
100181, 
100189, 
100197, 
100205, 
100213, 
100220, 
100228, 
100236, 
100244, 
100252, 
100260, 
100267, 
100275, 
100283, 
100291, 
100299, 
100306, 
100314, 
100322, 
100330, 
100338, 
100346, 
100353, 
100361, 
100369, 
100377, 
100385, 
100393, 
100400, 
100408, 
100416, 
100424, 
100432, 
100439, 
100447, 
100455, 
100463, 
100471, 
100478, 
100485, 
100493, 
100501, 
100509, 
100517, 
100525, 
100532, 
100541, 
100549, 
100557, 
100565, 
100572, 
100580, 
100588, 
100596, 
100604, 
100611, 
100619, 
100647, 
100648, 
100648, 
100651, 
100658, 
100666, 
100674, 
100682, 
100690, 
100697, 
100705, 
100713, 
100721, 
100729, 
100737, 
100744, 
100752, 
100760, 
100768, 
100776, 
100783, 
100791, 
100799, 
100807, 
100815, 
100823, 
100830, 
100838, 
100846, 
100854, 
100862, 
100868, 
100877, 
100885, 
100893, 
100901, 
100909, 
100916, 
100924, 
100932, 
100940, 
100948, 
100956, 
100963, 
100971, 
100979, 
100987, 
100995, 
101002, 
101009, 
101018, 
101026, 
101034, 
101042, 
101049, 
101057, 
101065, 
101073, 
101081, 
101088, 
101096, 
101104, 
101112, 
101120, 
101128, 
101135, 
101143, 
101151, 
101159, 
101167, 
101175, 
101182, 
101190, 
101198, 
101206, 
101214, 
101221, 
101229, 
101237, 
101245, 
101256, 
101260, 
101268, 
101277, 
101284, 
101294, 
101300, 
101309, 
101315, 
101323, 
101330, 
101339, 
101346, 
101354, 
101362, 
101370, 
101378, 
101386, 
101393, 
101401, 
101409, 
101417, 
101425, 
101433, 
101440, 
101448, 
101456, 
101464, 
101472, 
101479, 
101487, 
101495, 
101503, 
101511, 
101519, 
101526, 
101534, 
101542, 
101550, 
101558, 
101565, 
101573, 
101581, 
101589, 
101597, 
101605, 
101612, 
101620, 
101628, 
101636, 
101644, 
101651, 
101659, 
101667, 
101675, 
101683, 
101691, 
101698, 
101706, 
101714, 
101722, 
101730, 
101737, 
101745, 
101753, 
101762, 
101769, 
101777, 
101784, 
101792, 
101800, 
101808, 
101816, 
101825, 
101831, 
101839, 
101847, 
101855, 
101863, 
101870, 
101878, 
101886, 
101894, 
101902, 
101909, 
101917, 
101925, 
101932, 
101941, 
101949, 
101956, 
101964, 
101972, 
101980, 
101988, 
101996, 
102003, 
102011, 
102019, 
102027, 
102035, 
102042, 
102050, 
102058, 
102066, 
102074, 
102082, 
102089, 
102097, 
102105, 
102113, 
102121, 
102128, 
102136, 
102144, 
102152, 
102160, 
102168, 
102175, 
102183, 
102191, 
102199, 
102207, 
102214, 
102222, 
102230, 
102238, 
102246, 
102255, 
102261, 
102271, 
102277, 
102285, 
102293, 
102300, 
102308, 
102316, 
102327, 
102332, 
102340, 
102346, 
102354, 
102363, 
102370, 
102379, 
102386, 
102394, 
102401, 
102410, 
102418, 
102426, 
102433, 
102441, 
102449, 
102457, 
102465, 
102473, 
102480, 
102488, 
102496, 
102504, 
102512, 
102519, 
102527, 
102535, 
102543, 
102551, 
102558, 
102566, 
102574, 
102581, 
102590, 
102598, 
102604, 
102612, 
102621, 
102629, 
102637, 
102645, 
102652, 
102659, 
102668, 
102676, 
102684, 
102691, 
102699, 
102707, 
102715, 
102723, 
102731, 
102738, 
102746, 
102754, 
102762, 
102770, 
102777, 
102785, 
102793, 
102801, 
102809, 
102817, 
102824, 
102832, 
102840, 
102848, 
102856, 
102863, 
102871, 
102879, 
102887, 
102895, 
102903, 
102910, 
102918, 
102926, 
102934, 
102942, 
102949, 
102957, 
102965, 
102973, 
102981, 
102989, 
102996, 
103005, 
103012, 
103020, 
103028, 
103036, 
103043, 
103051, 
103059, 
103067, 
103075, 
103082, 
103090, 
103098, 
103106, 
103114, 
103122, 
103129, 
103137, 
103145, 
103153, 
103161, 
103168, 
103176, 
103184, 
103192, 
103200, 
103208, 
103214, 
103223, 
103231, 
103239, 
103247, 
103254, 
103262, 
103270, 
103278, 
103286, 
103294, 
103301, 
103309, 
103317, 
103325, 
103333, 
103340, 
103348, 
103356, 
103364, 
103372, 
103380, 
103387, 
103395, 
103403, 
103411, 
103419, 
103426, 
103434, 
103442, 
103450, 
103458, 
103466, 
103473, 
103481, 
103489, 
103497, 
103505, 
103513, 
103520, 
103528, 
103536, 
103544, 
103552, 
103559, 
103567, 
103575, 
103583, 
103591, 
103599, 
103606, 
103614, 
103622, 
103630, 
103638, 
103645, 
103653, 
103661, 
103669, 
103677, 
103685, 
103692, 
103700, 
103708, 
103716, 
103724, 
103731, 
103739, 
103747, 
103755, 
103763, 
103771, 
103778, 
103786, 
103794, 
103802, 
103810, 
103817, 
103825, 
103833, 
103841, 
103849, 
103857, 
103864, 
103872, 
103880, 
103888, 
103896, 
103904, 
103911, 
103919, 
103927, 
103935, 
103943, 
103950, 
103958, 
103966, 
103974, 
103982, 
103989, 
103997, 
104005, 
104013, 
104021, 
104029, 
104036, 
104044, 
104052, 
104060, 
104068, 
104076, 
104083, 
104091, 
104099, 
104106, 
104115, 
104122, 
104130, 
104138, 
104146, 
104154, 
104162, 
104169, 
104177, 
104185, 
104193, 
104201, 
104208, 
104216, 
104224, 
104232, 
104239, 
104248, 
104255, 
104263, 
104271, 
104279, 
104287, 
104294, 
104302, 
104310, 
104318, 
104326, 
104334, 
104341, 
104349, 
104357, 
104365, 
104373, 
104380, 
104388, 
104396, 
104404, 
104412, 
104420, 
104427, 
104435, 
104443, 
104451, 
104459, 
104466, 
104474, 
104482, 
104490, 
104498, 
104506, 
104513, 
104521, 
104529, 
104537, 
104545, 
104553, 
104560, 
104568, 
104576, 
104584, 
104592, 
104599, 
104607, 
104615, 
104623, 
104631, 
104638, 
104646, 
104654, 
104662, 
104670, 
104678, 
104685, 
104693, 
104701, 
104709, 
104717, 
104725, 
104732, 
104740, 
104748, 
104756, 
104764, 
104771, 
104779, 
104787, 
104795, 
104803, 
104811, 
104818, 
104826, 
104834, 
104842, 
104850, 
104857, 
104865, 
104873, 
104881, 
104889, 
104897, 
104904, 
104912, 
104920, 
104928, 
104936, 
104943, 
104951, 
104959, 
104967, 
104975, 
104983, 
104990, 
104998, 
105006, 
105014, 
105022, 
105029, 
105037, 
105045, 
105053, 
105061, 
105069, 
105076, 
105084, 
105092, 
105100, 
105108, 
105115, 
105123, 
105131, 
105139, 
105147, 
105155, 
105162, 
105170, 
105178, 
105186, 
105194, 
105202, 
105209, 
105217, 
105225, 
105233, 
105241, 
105248, 
105256, 
105267, 
105272, 
105280, 
105288, 
105295, 
105303, 
105311, 
105319, 
105327, 
105334, 
105342, 
105350, 
105358, 
105366, 
105374, 
105381, 
105389, 
105397, 
105405, 
105413, 
105420, 
105428, 
105436, 
105444, 
105452, 
105460, 
105467, 
105475, 
105483, 
105491, 
105499, 
105506, 
105514, 
105522, 
105530, 
105538, 
105546, 
105553, 
105561, 
105569, 
105577, 
105585, 
105592, 
105600, 
105608, 
105616, 
105624, 
105632, 
105639, 
105647, 
105655, 
105663, 
105671, 
105679, 
105686, 
105694, 
105702, 
105710, 
105718, 
105725, 
105733, 
105741, 
105749, 
105757, 
105765, 
105772, 
105780, 
105788, 
105796, 
105804, 
105811, 
105819, 
105827, 
105835, 
105843, 
105851, 
105858, 
105866, 
105874, 
105882, 
105890, 
105897, 
105905, 
105913, 
105921, 
105929, 
105937, 
105944, 
105952, 
105960, 
105968, 
105976, 
105983, 
105991, 
105999, 
106007, 
106015, 
106023, 
106030, 
106038, 
106046, 
106054, 
106062, 
106070, 
106077, 
106085, 
106093, 
106101, 
106109, 
106116, 
106124, 
106132, 
106140, 
106148, 
106156, 
106163, 
106171, 
106179, 
106187, 
106195, 
106202, 
106210, 
106218, 
106226, 
106234, 
106241, 
106249, 
106257, 
106265, 
106273, 
106281, 
106288, 
106296, 
106304, 
106312, 
106320, 
106328, 
106335, 
106343, 
106351, 
106359, 
106367, 
106374, 
106382, 
106390, 
106398, 
106406, 
106414, 
106421, 
106428, 
106437, 
106445, 
106453, 
106460, 
106468, 
106476, 
106484, 
106492, 
106500, 
106507, 
106515, 
106523, 
106531, 
106539, 
106546, 
106554, 
106562, 
106570, 
106578, 
106586, 
106593, 
106601, 
106609, 
106617, 
106625, 
106632, 
106640, 
106648, 
106656, 
106664, 
106672, 
106679, 
106686, 
106695, 
106703, 
106711, 
106718, 
106726, 
106734, 
106742, 
106750, 
106758, 
106765, 
106773, 
106781, 
106789, 
106797, 
106804, 
106812, 
106820, 
106828, 
106836, 
106844, 
106850, 
106859, 
106867, 
106875, 
106883, 
106891, 
106897, 
106906, 
106914, 
106922, 
106930, 
106937, 
106945, 
106953, 
106961, 
106969, 
106977, 
106984, 
106992, 
107000, 
107008, 
107016, 
107023, 
107031, 
107039, 
107047, 
107055, 
107063, 
107070, 
107078, 
107086, 
107094, 
107102, 
107109, 
107117, 
107125, 
107133, 
107141, 
107149, 
107156, 
107164, 
107172, 
107180, 
107188, 
107195, 
107203, 
107211, 
107219, 
107227, 
107235, 
107242, 
107250, 
107258, 
107266, 
107274, 
107283, 
107289, 
107298, 
107305, 
107313, 
107321, 
107328, 
107336, 
107344, 
107352, 
107360, 
107367, 
107375, 
107383, 
107391, 
107399, 
107407, 
107414, 
107422, R
107430, 
107438, 
107446, 
107454, S
107461, S
107469, S
107477, S
107485, 
107493, 
107500, 
107508, 
107516, 
107524, 
107532, 
107540, 
107547, 
107555, 
107563, 
107571, 
107579, 
107586, 
107594, 
107602, 
107610, 
107618, 
107626, 
107633, 
107641, 
107649, 
107657, 
107665, 
107673, 
107680, 
107688, 
107696, 
107704, 
107712, 
107719, 
107727, 
107735, 
107743, 
107751, 
107758, 
107766, 
107774, 
107782, 
107790, 
107798, 
107805, 
107813, 
107821, 
107829, 
107837, 
107844, 
107852, 
107860, 
107868, 
107876, 
107884, 
107891, 
107899, 
107907, 
107915, 
107923, 
107931, 
107938, 
107946, 
107954, 
107962, 
107970, 
107977, 
107985, 
107993, 
108001, 
108009, 
108017, 
108024, 
108032, 
108040, 
108048, 
108056, 
108063, 
108071, 
108079, 
108087, 
108095, 
108103, 
108110, 
108118, 
108126, 
108134, 
108142, 
108149, 
108157, 
108165, 
108173, 
108181, 
108189, 
108196, 
108204, 
108212, 
108220, 
108228, 
108234, 
108243, 
108251, 
108259, 
108267, 
108275, 
108282, 
108290, 
108298, 
108306, 
108314, 
108321, 
108329, 
108337, 
108345, 
108353, 
108361, 
108368, 
108376, 
108384, 
108392, 
108400, 
108408, 
108415, 
108423, 
108431, 
108439, 
108447, 
108454, 
108462, 
108470, 
108478, 
108486, 
108494, 
108501, 
108509, 
108517, 
108525, 
108533, 
108540, 
108548, 
108556, 
108564, 
108572, 
108580, 
108587, 
108618, 
108620, 
108620, 
108620, 
108626, 
108634, 
108642, 
108650, 
108658, 
108666, 
108673, 
108681, 
108689, 
108697, 
108705, 
108712, 
108720, 
108728, 
108736, 
108744, 
108752, 
108759, 
108767, 
108775, 
108783, 
108791, 
108803, 
108806, 
108814, 
108822, 
108830, 
108838, 
108845, 
108853, 
108861, 
108869, 
108877, 
108885, 
108892, 
108900, 
108908, 
108916, 
108924, 
108931, 
108939, 
108947, 
108954, 
108963, 
108971, 
108978, 
108986, 
108994, 
109002, 
109010, 
109017, 
109025, 
109033, 
109041, 
109049, 
109057, 
109064, 
109072, 
109080, 
109088, 
109096, 
109103, 
109111, 
109118, 
109127, 
109135, 
109143, 
109150, 
109158, 
109166, 
109174, 
109182, 
109189, 
109197, 
109205, 
109213, 
109221, 
109229, 
109236, 
109244, 
109252, 
109260, 
109268, 
109275, 
109283, 
109291, 
109299, 
109307, 
109315, 
109322, 
109330, 
109338, 
109346, 
109354, 
109362, 
109369, 
109377, 
109385, 
109393, 
109401, 
109408, 
109416, 
109424, 
109432, 
109440, 
109447, 
109455, 
109463, 
109471, 
109479, 
109487, 
109494, 
109502, 
109510, 
109518, 
109526, 
109534, 
109541, 
109549, 
109556, 
109565, 
109573, 
109580, 
109588, 
109596, 
109604, 
109612, 
109620, 
109627, 
109635, 
109643, 
109651, 
109659, 
109666, 
109674, 
109682, 
109690, 
109698, 
109706, 
109713, 
109721, 
109729, 
109737, 
109745, 
109752, 
109760, 
109768, 
109776, 
109784, 
109792, 
109799, 
109807, 
109815, 
109823, 
109831, 
109838, 
109846, 
109854, 
109862, 
109870, 
109878, 
109885, 
109893, 
109901, 
109909, 
109917, 
109924, 
109932, 
109940, 
109948, 
109956, 
109964, 
109971, 
109979, 
109988, 
109995, 
110003, 
110011, 
110018, 
110026, 
110034, 
110042, 
110050, 
110057, 
110065, 
110073, 
110081, 
110089, 
110097, 
110104, 
110112, 
110120, 
110128, 
110136, 
110143, 
110151, 
110159, 
110167, 
110175, 
110183, 
110190, 
110198, 
110206, 
110214, 
110222, 
110229, 
110237, 
110245, 
110253, 
110261, 
110269, 
110276, 
110284, 
110292, 
110300, 
110308, 
110316, 
110323, 
110331, 
110339, 
110347, 
110355, 
110362, 
110370, 
110378, 
110386, 
110394, 
110401, 
110409, 
110417, 
110425, 
110433, 
110441, 
110448, 
110456, 
110464, 
110472, 
110480, 
110488, 
110495, 
110503, 
110511, 
110519, 
110527, 
110534, 
110542, 
110550, 
110558, 
110566, 
110574, 
110581, 
110589, 
110597, 
110605, 
110613, 
110620, 
110628, 
110636, 
110644, 
110652, 
110660, 
110667, 
110675, 
110683, 
110691, 
110699, 
110705, 
110713, 
110721, 
110729, 
110737, 
110746, 
110753, 
110761, 
110769, 
110777, 
110785, 
110793, 
110800, 
110808, 
110816, 
110824, 
110831, 
110839, 
110847, 
110855, 
110863, 
110871, 
110878, 
110885, 
110894, 
110902, 
110910, 
110918, 
110925, 
110933, 
110941, 
110949, 
110957, 
110965, 
110972, 
110980, 
110988, 
110996, 
111004, 
111011, 
111019, 
111027, 
111035, 
111043, 
111051, 
111058, 
111066, 
111074, 
111082, 
111090, 
111097, 
111105, 
111113, 
111121, 
111129, 
111137, 
111144, 
111152, 
111160, 
111168, 
111176, 
111183, 
111191, 
111199, 
111207, 
111215, 
111223, 
111230, 
111238, 
111246, 
111254, 
111262, 
111269, 
111277, 
111285, 
111293, 
111301, 
111309, 
111316, 
111324, 
111332, 
111340, 
111348, 
111355, 
111363, 
111371, 
111379, 
111387, 
111395, 
111402, 
111410, 
111418, 
111426, 
111434, 
111442, 
111449, 
111456, 
111465, 
111473, 
111481, 
111488, 
111496, 
111504, 
111512, 
111520, 
111528, 
111535, 
111543, 
111551, 
111559, 
111568, 
111574, 
111582, 
111590, 
111598, 
111606, 
111614, 
111620, 
111629, 
111637, 
111645, 
111653, 
111660, 
111668, 
111676, 
111684, 
111692, 
111700, 
111707, 
111715, 
111723, 
111731, 
111739, 
111746, 
111754, 
111762, 
111770, 
111778, 
111786, 
111793, 
111801, 
111809, 
111817, 
111825, 
111832, 
111840, 
111848, 
111856, 
111864, 
111872, 
111879, 
111887, 
111895, 
111903, 
111911, 
111919, 
111926, 
111934, 
111942, 
111950, 
111958, 
111965, 
111973, 
111981, 
111989, 
111997, 
112005, 
112012, 
112020, 
112028, 
112036, 
112044, 
112051, 
112059, 
112067, 
112075, 
112083, 
112091, 
112098, 
112106, 
112114, 
112122, 
112130, 
112137, 
112145, 
112153, 
112161, 
112169, 
112177, 
112184, 
112192, 
112200, 
112208, 
112216, 
112223, 
112231, 
112239, 
112247, 
112255, 
112263, 
112273, 
112278, 
112286, 
112295, 
112302, 
112310, 
112317, 
112325, 
112333, 
112341, 
112349, 
112356, 
112364, 
112372, 
112380, 
112388, 
112395, 
112403, 
112411, 
112419, 
112427, 
112435, 
112442, 
112450, 
112458, 
112466, 
112474, 
112481, 
112489, 
112497, 
112505, 
112513, 
112521, 
112528, 
112536, 
112544, 
112552, 
112560, 
112568, 
112575, 
112583, 
112591, 
112599, 
112607, 
112614, 
112622, 
112630, 
112638, 
112646, 
112654, 
112661, 
112669, 
112677, 
112685, 
112693, 
112700, 
112708, 
112716, 
112724, 
112732, 
112740, 
112747, 
112755, 
112763, 
112771, 
112779, 
112786, 
112794, 
112802, 
112810, 
112818, 
112826, 
112833, 
112841, 
112849, 
112857, 
112865, 
112872, 
112880, 
112888, 
112896, 
112904, 
112912, 
112919, 
112927, 
112935, 
112943, 
112951, 
112958, 
112966, 
112974, 
112982, 
112990, 
112998, 
113005, 
113013, 
113021, 
113029, 
113037, 
113045, 
113052, 
113060, 
113068, 
113076, 
113084, 
113091, 
113099, 
113107, 
113115, 
113123, 
113131, 
113138, 
113146, 
113154, 
113162, 
113170, 
113177, 
113185, 
113193, 
113201, 
113209, 
113217, 
113224, 
113232, 
113240, 
113248, 
113256, 
113264, 
113271, 
113279, 
113287, 
113295, 
113303, 
113311, 
113318, 
113326, 
113334, 
113342, 
113349, 
113357, 
113365, 
113373, 
113381, 
113389, 
113396, 
113404, 
113412, 
113420, 
113428, 
113435, 
113443, 
113451, 
113459, 
113467, 
113475, 
113482, 
113490, 
113498, 
113506, 
113514, 
113522, 
113529, 
113537, 
113545, 
113553, 
113561, 
113568, 
113576, 
113584, 
113592, 
113600, 
113608, 
113615, 
113623, 
113631, 
113639, 
113647, 
113654, 
113662, 
113670, 
113678, 
113686, 
113694, 
113701, 
113709, 
113717, 
113725, 
113733, 
113740, 
113748, 
113756, 
113764, 
113772, 
113780, 
113787, 
113795, 
113803, 
113811, 
113819, 
113826, 
113834, 
113842, 
113850, 
113859, 
113866, 
113873, 
113881, 
113889, 
113897, 
113905, 
113912, 
113920, 
113928, 
113936, 
113944, 
113952, 
113959, 
113967, 
113975, 
113983, 
113991, 
113998, 
114006, 
114014, 
114022, 
114030, 
114038, 
114045, 
114053, 
114061, 
114069, 
114077, 
114084, 
114092, 
114100, 
114108, 
114116, 
114124, 
114131, 
114139, 
114147, 
114155, 
114163, 
114171, 
114178, 
114186, 
114194, 
114202, 
114210, 
114217, 
114225, 
114233, 
114241, 
114249, 
114257, 
114264, 
114272, 
114280, 
114288, 
114296, 
114303, 
114311, 
114319, 
114327, 
114335, 
114343, 
114350, 
114358, 
114366, 
114374, 
114382, 
114389, 
114397, 
114405, 
114413, 
114421, 
114429, 
114436, 
114444, R
114452, 
114460, S
114468, S
114475, S
114483, S
114491, 
114499, 
114507, 
114515, 
114522, 
114530, 
114537, 
114546, 
114554, 
114561, 
114569, 
114577, 
114585, 
114593, 
114601, 
114608, 
114616, 
114624, 
114632, 
114640, 
114648, 
114655, 
114663, 
114671, 
114679, 
114687, 
114694, 
114702, 
114710, 
114718, 
114726, 
114734, 
114741, 
114749, 
114757, 
114765, 
114773, 
114780, 
114788, 
114796, 
114804, 
114812, 
114820, 
114827, 
114835, 
114843, 
114851, 
114859, 
114866, 
114874, 
114882, 
114890, 
114898, 
114906, 
114913, 
114921, 
114929, 
114937, 
114945, 
114952, 
114960, 
114968, 
114976, 
114984, 
114992, 
114999, 
115007, 
115015, 
115023, 
115031, 
115038, 
115046, 
115054, 
115062, 
115070, 
115078, 
115085, 
115093, 
115101, 
115109, 
115117, 
115124, 
115132, 
115140, 
115148, 
115156, 
115164, 
115170, 
115179, 
115187, 
115195, 
115203, 
115211, 
115218, 
115226, 
115234, 
115242, 
115250, 
115257, 
115265, 
115273, 
115281, 
115289, 
115297, 
115304, 
115312, 
115320, 
115328, 
115336, 
115343, 
115351, 
115359, 
115367, 
115375, 
115383, 
115390, 
115398, 
115406, 
115414, 
115422, 
115429, 
115437, 
115445, 
115453, 
115461, 
115469, 
115476, 
115484, 
115492, 
115500, 
115508, 
115515, 
115523, 
115531, 
115539, 
115547, 
115555, 
115562, 
115570, 
115578, 
115586, 
115594, 
115601, 
115609, 
115617, 
115625, 
115633, 
115641, 
115648, 
115656, 
115664, 
115672, 
115680, 
115688, 
115695, 
115703, 
115711, 
115719, 
115727, 
115734, 
115742, 
115750, 
115758, 
115766, 
115774, 
115781, 
115789, 
115797, 
115805, 
115813, 
115820, 
115827, 
115836, 
115844, 
115852, 
115860, 
115867, 
115875, 
115883, 
115891, 
115899, 
115906, 
115914, 
115922, 
115930, 
115938, 
115946, 
115953, 
115961, 
115969, 
115977, 
115985, 
115992, 
116000, 
116008, 
116016, 
116024, 
116032, 
116039, 
116047, 
116055, 
116063, 
116071, 
116078, 
116086, 
116094, 
116102, 
116110, 
116118, 
116125, 
116133, 
116141, 
116149, 
116157, 
116165, 
116172, 
116180, 
116188, 
116196, 
116204, 
116211, 
116219, 
116227, 
116235, 
116243, 
116251, 
116258, 
116266, 
116274, 
116282, 
116290, 
116297, 
116305, 
116313, 
116321, 
116329, 
116337, 
116344, 
116352, 
116360, 
116368, 
116376, 
116383, 
116391, 
116399, 
116407, 
116415, 
116423, 
116430, 
116438, 
116446, R
116454, 
116462, S
116469, S
116477, S
116485, S
116493, 
116501, 
116509, 
116516, 
116524, 
116532, 
116540, 
116548, 
116555, 
116563, 
116571, 
116579, 
116587, 
116595, 
116602, 
116610, 
116618, 
116626, 
116634, 
116642, 
116649, 
116657, 
116665, 
116673, 
116681, 
116688, 
116696, 
116704, 
116712, 
116720, 
116727, 
116735, 
116743, 
116751, 
116759, 
116767, 
116774, 
116782, 
116790, 
116798, 
116806, 
116814, 
116821, 
116829, 
116837, 
116845, 
116853, 
116860, 
116868, 
116876, 
116884, 
116892, 
116900, 
116907, 
116915, 
116923, 
116931, 
116939, 
116946, 
116954, 
116962, 
116970, 
116978, 
116986, 
116993, 
117001, 
117009, 
117017, 
117025, 
117032, 
117040, 
117048, 
117056, 
117064, 
117072, 
117079, 
117087, 
117095, 
117103, 
117111, 
117118, 
117126, 
117134, 
117142, 
117150, 
117158, 
117165, 
117173, 
117181, 
117189, 
117197, 
117204, 
117212, 
117220, 
117228, 
117236, 
117244, 
117251, 
117259, 
117267, 
117275, 
117283, 
117290, 
117298, 
117306, 
117314, 
117322, 
117330, 
117337, 
117345, 
117353, 
117361, 
117369, 
117377, 
117384, 
117392, 
117400, 
117408, 
117416, 
117423, 
117431, 
117439, 
117447, 
117455, 
117463, 
117470, 
117478, 
117486, 
117494, 
117502, 
117509, 
117517, 
117525, 
117533, 
117541, 
117549, 
117556, 
117564, 
117572, 
117580, 
117588, 
117595, 
117603, 
117611, 
117619, 
117627, 
117635, 
117642, 
117650, 
117658, 
117666, 
117674, 
117682, 
117689, 
117697, 
117705, 
117713, 
117721, 
117728, 
117736, 
117744, 
117752, 
117760, 
117768, 
117775, 
117783, 
117791, 
117799, 
117807, 
117814, 
117822, 
117830, 
117838, 
117846, 
117854, 
117861, 
117869, 
117877, 
117885, 
117893, 
117900, 
117908, 
117916, 
117924, 
117932, 
117940, 
117947, 
117955, 
117963, 
117971, 
117979, 
117986, 
117994, 
118002, 
118010, 
118018, 
118026, 
118033, 
118041, 
118049, 
118057, 
118065, 
118072, 
118080, 
118088, 
118096, 
118104, 
118112, 
118119, 
118127, 
118135, 
118143, 
118151, 
118158, 
118166, 
118174, 
118182, 
118190, 
118198, 
118205, 
118213, 
118221, 
118229, 
118236, 
118244, 
118252, 
118260, 
118268, 
118276, 
118284, 
118291, 
118299, 
118307, 
118315, 
118323, 
118331, 
118338, 
118346, 
118354, 
118362, 
118370, 
118377, 
118385, 
118393, 
118401, 
118409, 
118417, 
118424, 
118432, 
118440, 
118448, 
118456, 
118463, 
118471, 
118479, 
118487, 
118495, 
118503, 
118510, 
118518, 
118526, 
118534, 
118542, 
118549, 
118557, 
118565, 
118573, 
118581, 
118589, 
118596, 
118604, 
118612, 
118620, 
118628, 
118635, 
118643, 
118651, 
118659, 
118667, 
118675, 
118682, 
118690, 
118698, 
118706, 
118714, 
118721, 
118729, 
118737, 
118745, 
118753, 
118761, 
118768, 
118776, 
118784, 
118792, 
118800, 
118807, 
118815, 
118823, 
118831, 
118839, 
118847, 
118854, 
118862, 
118870, 
118878, 
118886, 
118894, 
118901, 
118909, 
118917, 
118925, 
118933, 
118940, 
118948, 
118956, 
118964, 
118972, 
118980, 
118987, 
118995, 
119003, 
119011, 
119019, 
119026, 
119034, 
119042, 
119050, 
119058, 
119066, 
119073, 
119081, 
119089, 
119097, 
119105, 
119112, 
119120, 
119128, 
119136, 
119144, 
119152, 
119159, 
119167, 
119175, 
119183, 
119191, 
119198, 
119206, 
119214, 
119222, 
119230, 
119238, 
119245, 
119253, 
119261, 
119269, 
119277, 
119284, 
119292, 
119300, 
119308, 
119316, 
119324, 
119331, 
119339, 
119347, 
119355, 
119363, 
119371, 
119378, 
119386, 
119394, 
119402, 
119410, 
119417, 
119425, 
119433, 
119441, 
119449, 
119457, 
119464, 
119472, 
119480, 
119488, 
119496, 
119503, 
119511, 
119519, 
119527, 
119535, 
119543, 
119550, 
119558, 
119566, 
119574, 
119582, 
119589, 
119597, 
119605, 
119613, 
119621, 
119629, 
119636, 
119644, 
119652, 
119660, 
119668, 
119675, 
119683, 
119691, 
119699, 
119707, 
119715, 
119722, 
119730, 
119738, 
119745, 
119754, 
119761, 
119769, 
119777, 
119785, 
119793, 
119835, 
119836, 
119836, 
119836, 
119836, 
119840, 
119847, 
119855, 
119863, 
119871, 
119879, 
119887, 
119894, 
119902, 
119910, 
119917, 
119926, 
119934, 
119941, 
119949, 
119956, 
119965, 
119973, 
119980, 
119988, 
119996, 
120004, 
120012, 
120018, 
120027, 
120035, 
120043, 
120051, 
120059, 
120066, 
120074, 
120082, 
120090, 
120098, 
120106, 
120113, 
120121, 
120129, 
120137, 
120145, 
120152, 
120160, 
120168, 
120176, 
120184, 
120192, 
120199, 
120207, 
120215, 
120223, 
120231, 
120238, 
120246, 
120254, 
120262, 
120270, 
120278, 
120285, 
120293, 
120301, 
120309, 
120317, 
120324, 
120332, 
120340, 
120348, 
120356, 
120364, 
120371, 
120379, 
120387, 
120395, 
120403, 
120410, 
120418, 
120426, 
120434, 
120442, 
120450, 
120457, 
120465, 
120472, 
120481, 
120489, 
120497, 
120504, 
120512, 
120520, 
120528, 
120536, 
120543, 
120551, 
120559, 
120567, 
120575, 
120582, 
120590, 
120598, 
120606, 
120614, 
120622, 
120629, 
120637, 
120645, 
120653, 
120661, 
120669, 
120676, 
120684, 
120692, 
120700, 
120708, 
120715, 
120723, 
120731, 
120739, 
120747, 
120755, 
120762, 
120770, 
120778, 
120786, 
120794, 
120801, 
120809, 
120817, 
120825, 
120833, 
120841, 
120848, 
120856, 
120864, 
120872, 
120880, 
120887, 
120895, 
120903, 
120911, 
120919, 
120927, 
120934, 
120941, 
120949, 
120958, 
120965, 
120974, 
120981, 
120989, 
120997, 
121005, 
121013, 
121020, 
121028, 
121036, 
121044, 
121052, 
121059, 
121067, 
121075, 
121083, 
121091, 
121099, 
121106, 
121114, 
121122, 
121130, 
121138, 
121146, 
121153, 
121161, 
121169, 
121177, 
121185, 
121192, 
121200, 
121208, 
121216, 
121224, 
121232, 
121239, 
121247, 
121255, 
121263, 
121271, 
121278, 
121286, 
121294, 
121302, 
121310, 
121318, 
121325, 
121333, 
121341, 
121349, 
121357, 
121364, 
121372, 
121380, 
121388, 
121396, 
121404, 
121411, 
121419, 
121427, 
121435, 
121443, 
121450, 
121458, 
121466, 
121474, 
121482, 
121490, 
121497, 
121505, 
121512, 
121521, 
121529, 
121536, 
121544, 
121552, 
121560, 
121568, 
121576, 
121583, 
121591, 
121599, 
121607, 
121615, 
121623, 
121630, 
121638, 
121646, 
121654, 
121662, 
121669, 
121677, 
121685, 
121693, 
121701, 
121709, 
121716, 
121724, 
121732, 
121740, 
121748, 
121755, 
121763, 
121773, 
121779, 
121788, 
121795, 
121804, 
121810, 
121818, 
121826, 
121834, 
121841, 
121849, 
121857, 
121865, 
121873, 
121881, 
121888, 
121896, 
121904, 
121912, 
121920, 
121927, 
121935, 
121943, 
121951, 
121959, 
121967, 
121974, 
121982, 
121990, 
121998, 
122006, R
122013, 
122020, 
122029, S
122037, S
122045, S
122053, S
122060, 
122068, 
122076, 
122084, 
122092, 
122099, 
122107, 
122115, 
122123, 
122131, 
122139, 
122146, 
122154, 
122162, 
122170, 
122178, 
122185, 
122193, 
122201, 
122209, 
122217, 
122225, 
122232, 
122240, 
122248, 
122256, 
122264, 
122272, 
122280, 
122287, 
122295, 
122303, 
122311, 
122318, 
122326, 
122334, 
122342, 
122350, 
122358, 
122365, 
122373, 
122381, 
122389, 
122397, 
122404, 
122412, 
122420, 
122428, 
122436, 
122444, 
122451, 
122459, 
122467, 
122475, 
122483, 
122490, 
122498, 
122506, 
122514, 
122522, 
122530, 
122537, 
122545, 
122553, 
122561, 
122569, 
122576, 
122584, 
122592, 
122600, 
122608, 
122616, 
122623, 
122631, 
122639, 
122647, 
122655, 
122662, 
122670, 
122678, 
122686, 
122694, 
122702, 
122709, 
122717, 
122725, 
122733, 
122741, 
122749, 
122756, 
122764, 
122772, 
122780, 
122788, 
122795, 
122803, 
122811, 
122819, 
122827, 
122835, 
122842, 
122850, 
122858, 
122866, 
122874, 
122881, 
122889, 
122897, 
122905, 
122913, 
122921, 
122928, 
122936, 
122944, 
122952, 
122960, 
122967, 
122975, 
122984, 
122991, 
122999, 
123007, 
123014, 
123022, 
123030, 
123038, 
123046, 
123053, 
123061, 
123073, 
123077, 
123085, 
123093, 
123100, 
123108, 
123116, 
123124, 
123132, 
123138, 
123147, 
123155, 
123163, 
123171, 
123179, 
123186, 
123194, 
123202, 
123210, 
123218, 
123226, 
123232, 
123241, 
123249, 
123257, 
123265, 
123273, 
123280, 
123288, 
123296, 
123304, 
123312, 
123319, 
123327, 
123335, 
123343, 
123351, 
123358, 
123366, 
123374, 
123382, 
123390, 
123398, 
123405, 
123413, 
123421, 
123429, 
123437, 
123444, 
123452, 
123460, 
123468, 
123476, 
123484, 
123491, 
123499, 
123507, 
123515, 
123523, 
123530, 
123538, 
123546, 
123554, 
123562, 
123570, 
123577, 
123585, 
123593, 
123601, 
123609, 
123616, 
123624, 
123632, 
123640, 
123648, 
123656, 
123663, 
123671, 
123679, 
123687, 
123695, 
123702, 
123710, 
123718, 
123726, 
123734, 
123742, 
123749, 
123757, 
123765, 
123773, 
123781, 
123789, 
123796, 
123804, 
123812, 
123820, 
123828, 
123835, 
123843, 
123851, 
123859, 
123867, 
123875, 
123882, 
123890, 
123898, 
123906, 
123914, 
123921, 
123929, 
123938, 
123945, 
123953, 
123961, 
123968, 
123976, 
123984, 
123992, 
124000, 
124007, 
124015, 
124023, 
124031, 
124039, 
124047, 
124054, 
124062, 
124070, 
124078, 
124086, 
124093, 
124101, 
124109, 
124117, 
124125, 
124133, 
124140, 
124148, 
124156, 
124164, 
124172, 
124179, 
124187, 
124195, 
124203, 
124211, 
124219, 
124226, 
124234, 
124242, 
124250, 
124258, 
124266, 
124273, 
124281, 
124289, 
124297, 
124305, 
124312, 
124320, 
124328, 
124336, 
124344, 
124352, 
124358, 
124366, 
124375, 
124382, 
124391, 
124398, 
124406, 
124414, 
124422, 
124430, 
124438, 
124445, 
124453, 
124461, 
124469, 
124477, 
124484, 
124492, 
124500, 
124508, 
124516, 
124524, 
124531, 
124539, 
124547, 
124555, 
124563, 
124570, 
124578, 
124586, 
124594, 
124602, 
124610, 
124617, 
124625, 
124633, 
124641, 
124649, 
124656, 
124664, 
124672, 
124680, 
124688, 
124696, 
124703, 
124711, 
124719, 
124727, 
124735, 
124742, 
124750, 
124758, 
124766, 
124774, 
124782, 
124789, 
124797, 
124805, 
124813, 
124821, 
124828, 
124836, 
124844, 
124852, 
124860, 
124868, 
124875, 
124883, 
124891, 
124899, 
124907, 
124915, 
124922, 
124930, 
124938, 
124946, 
124954, 
124961, 
124969, 
124977, 
124985, 
124993, 
125001, 
125008, 
125016, 
125023, 
125032, 
125040, 
125047, 
125055, 
125063, 
125071, 
125079, 
125087, 
125094, 
125102, 
125110, 
125118, 
125126, 
125133, 
125141, 
125149, 
125178, 
125179, 
125179, 
125181, 
125188, 
125196, 
125204, 
125212, 
125219, 
125227, 
125235, 
125243, 
125251, 
125259, 
125266, 
125274, 
125282, 
125290, 
125299, 
125305, 
125314, 
125321, 
125329, 
125337, 
125345, 
125352, 
125360, 
125368, 
125376, 
125384, 
125392, 
125399, 
125407, 
125415, 
125423, 
125431, 
125438, 
125446, 
125454, 
125462, 
125470, 
125478, 
125485, 
125493, 
125501, 
125509, 
125517, 
125524, 
125532, 
125540, 
125548, 
125556, 
125564, 
125571, 
125579, 
125587, 
125595, 
125603, 
125610, 
125618, 
125626, 
125634, 
125642, 
125650, 
125657, 
125665, 
125673, 
125681, 
125689, 
125696, 
125704, 
125712, 
125720, 
125728, 
125736, 
125743, 
125751, 
125759, 
125767, 
125775, 
125783, 
125790, 
125798, 
125806, 
125814, 
125822, 
125829, 
125837, 
125845, 
125853, 
125861, 
125869, 
125876, 
125884, 
125892, 
125900, 
125908, 
125915, 
125923, 
125931, 
125939, 
125947, 
125955, 
125962, 
125970, 
125978, 
125986, 
125994, 
126001, 
126009, 
126017, 
126025, 
126033, 
126040, 
126048, 
126055, 
126064, 
126072, 
126080, 
126087, 
126095, 
126103, 
126111, 
126119, 
126127, 
126134, 
126142, 
126150, 
126158, 
126166, 
126173, 
126181, 
126189, 
126197, 
126205, 
126213, 
126220, 
126228, 
126236, 
126244, 
126252, 
126259, 
126267, 
126275, 
126283, 
126293, 
126299, 
126306, 
126314, 
126322, 
126330, 
126338, 
126346, 
126353, 
126361, 
126369, 
126377, 
126385, 
126392, 
126400, 
126408, 
126416, 
126424, 
126431, 
126439, 
126447, 
126455, 
126463, 
126471, 
126478, 
126486, 
126494, 
126502, 
126510, 
126517, 
126525, 
126533, 
126541, 
126549, 
126557, 
126564, 
126572, 
126580, 
126588, 
126596, 
126604, 
126611, 
126619, 
126627, 
126635, 
126643, 
126650, 
126658, 
126666, 
126674, 
126682, 
126690, 
126697, 
126705, 
126713, 
126721, 
126729, 
126736, 
126744, 
126752, 
126760, 
126768, 
126776, 
126783, 
126791, 
126799, 
126807, 
126815, 
126822, 
126830, 
126838, 
126846, 
126854, 
126862, 
126869, 
126877, 
126885, 
126893, 
126901, 
126909, 
126916, 
126924, 
126932, 
126940, 
126948, 
126955, 
126963, 
126971, 
126979, 
126987, 
126995, 
127002, 
127010, 
127018, 
127026, 
127034, 
127041, 
127049, 
127057, 
127065, 
127073, 
127081, 
127088, 
127096, 
127104, 
127112, 
127120, 
127127, 
127135, 
127143, 
127151, 
127159, 
127167, 
127174, 
127182, 
127190, 
127198, 
127206, 
127213, 
127221, 
127229, 
127237, 
127245, 
127253, 
127260, 
127268, 
127276, 
127284, 
127292, 
127299, 
127307, 
127315, 
127323, 
127331, 
127339, 
127346, 
127354, 
127362, 
127370, 
127378, 
127386, 
127393, 
127401, 
127409, 
127417, 
127425, 
127432, 
127440, 
127448, 
127456, 
127464, 
127471, 
127479, 
127487, 
127495, 
127503, 
127511, 
127518, 
127526, 
127534, 
127542, 
127550, 
127557, 
127565, 
127573, 
127581, 
127589, 
127597, 
127604, 
127612, 
127620, 
127628, 
127636, 
127644, 
127651, 
127659, 
127667, 
127675, 
127683, 
127690, 
127698, 
127706, 
127714, 
127722, 
127730, 
127737, 
127745, 
127753, 
127761, 
127769, 
127776, 
127784, 
127792, 
127800, 
127808, 
127816, 
127823, 
127831, 
127839, 
127847, 
127855, 
127862, 
127870, 
127878, 
127886, 
127894, 
127902, 
127909, 
127917, 
127925, 
127933, 
127941, 
127949, 
127956, 
127964, 
127972, 
127980, 
127988, 
127995, 
128003, 
128011, 
128019, 
128027, 
128034, 
128042, 
128050, 
128058, 
128066, 
128074, 
128081, 
128089, 
128097, 
128105, 
128113, 
128121, 
128128, 
128136, 
128144, 
128152, 
128160, 
128167, 
128175, 
128183, 
128191, 
128199, 
128207, 
128214, 
128222, 
128230, 
128238, 
128246, 
128253, 
128261, 
128269, 
128277, 
128286, 
128295, 
128300, 
128308, 
128316, 
128324, 
128332, 
128339, 
128347, 
128355, 
128364, 
128371, 
128379, 
128386, 
128394, 
128402, 
128410, 
128418, 
128425, 
128433, 
128441, 
128449, 
128457, 
128465, 
128472, 
128480, 
128487, 
128496, 
128504, 
128512, 
128519, 
128527, 
128535, 
128543, 
128551, 
128558, 
128566, 
128574, 
128582, 
128590, 
128597, 
128605, 
128613, 
128621, 
128629, 
128637, 
128644, 
128652, 
128660, 
128668, 
128676, 
128684, 
128691, 
128699, 
128707, 
128715, 
128723, 
128730, 
128738, 
128746, 
128754, 
128762, 
128770, 
128777, 
128785, 
128793, 
128801, 
128809, 
128816, 
128824, 
128832, 
128840, 
128848, 
128856, 
128863, 
128871, 
128879, 
128887, 
128895, 
128902, 
128910, 
128918, 
128926, 
128934, 
128942, 
128949, 
128957, 
128965, 
128973, 
128981, 
128988, 
128996, 
129004, 
129012, 
129020, 
129028, 
129035, 
129043, 
129051, 
129059, 
129067, 
129074, 
129082, 
129090, 
129098, 
129106, 
129114, 
129121, 
129129, 
129137, 
129145, 
129153, 
129160, 
129168, 
129176, 
129184, 
129192, 
129200, 
129206, 
129215, 
129223, 
129231, 
129239, 
129247, 
129265, 
129266, 
129270, 
129278, 
129286, 
129293, 
129301, 
129309, 
129317, 
129325, 
129333, 
129340, 
129348, 
129356, 
129364, 
129372, 
129379, 
129387, 
129395, 
129403, 
129411, 
129419, 
129426, 
129434, 
129442, 
129450, 
129458, 
129465, 
129473, 
129481, 
129489, 
129497, 
129505, 
129512, 
129520, 
129528, 
129536, 
129544, 
129551, 
129559, 
129567, 
129575, 
129583, 
129591, 
129598, 
129606, 
129614, 
129622, 
129630, 
129638, 
129645, 
129653, 
129661, 
129669, 
129677, 
129684, 
129692, 
129700, 
129708, 
129716, 
129724, 
129731, 
129739, 
129747, 
129755, 
129763, 
129770, 
129778, 
129786, 
129794, 
129802, 
129810, 
129817, 
129825, 
129833, 
129841, 
129849, 
129856, 
129864, 
129872, 
129880, 
129888, 
129896, 
129903, 
129911, 
129919, 
129927, 
129935, 
129942, 
129950, 
129958, 
129966, 
129974, 
129982, 
129989, 
129997, 
130005, 
130013, 
130021, 
130028, 
130036, 
130044, 
130052, 
130060, 
130068, 
130075, 
130083, 
130091, 
130099, 
130107, 
130114, 
130122, 
130130, 
130138, 
130146, 
130154, 
130161, 
130169, 
130177, 
130185, 
130193, 
130201, 
130208, 
130216, 
130224, 
130232, 
130240, 
130247, 
130255, 
130263, 
130271, 
130279, 
130287, 
130294, 
130302, 
130310, 
130318, 
130326, 
130333, 
130341, 
130349, 
130357, 
130365, 
130373, 
130380, 
130388, 
130396, 
130404, 
130412, 
130419, 
130427, 
130435, 
130443, 
130451, 
130459, 
130466, 
130474, 
130482, 
130490, 
130498, 
130505, 
130513, 
130521, 
130529, 
130537, 
130545, 
130552, 
130560, 
130568, 
130576, 
130584, 
130591, 
130599, 
130607, 
130615, 
130623, 
130631, 
130638, 
130646, 
130654, 
130662, 
130670, 
130678, 
130685, 
130693, 
130701, 
130709, 
130717, 
130724, 
130732, 
130740, 
130748, 
130756, 
130763, 
130771, 
130779, 
130787, 
130795, 
130803, 
130810, 
130818, 
130826, 
130834, 
130842, 
130850, 
130857, 
130865, 
130873, 
130881, 
130889, 
130896, 
130904, 
130912, 
130920, 
130928, 
130936, 
130943, 
130951, 
130959, 
130967, 
130975, 
130982, 
130990, 
130998, 
131006, 
131014, 
131022, 
131029, 
131037, 
131045, 
131053, 
131061, 
131068, 
131076, 
131084, 
131092, 
131100, 
131108, 
131115, 
131123, 
131131, 
131139, 
131147, 
131154, 
131161, 
131169, 
131178, 
131186, 
131194, 
131201, 
131209, 
131216, 
131225, 
131233, 
131240, 
131248, 
131256, 
131264, 
131272, 
131280, 
131287, 
131297, 
131303, 
131313, 
131319, 
131327, 
131334, 
131342, 
131350, 
131358, 
131366, 
131373, 
131381, 
131389, 
131397, 
131405, 
131413, 
131420, 
131428, 
131436, 
131444, 
131452, 
131459, 
131467, 
131475, 
131483, 
131491, 
131499, 
131506, 
131514, 
131522, 
131530, 
131538, R
131545, 
131553, 
131561, 
131569, S
131577, S
131585, S
131592, S
131600, 
131608, 
131616, 
131624, 
131631, 
131639, 
131647, 
131655, 
131663, 
131671, 
131678, 
131686, 
131694, 
131702, 
131710, 
131717, 
131725, 
131733, 
131741, 
131749, 
131757, 
131764, 
131772, 
131780, 
131788, 
131797, 
131803, 
131811, 
131819, 
131827, 
131835, 
131843, 
131850, 
131858, 
131866, 
131874, 
131882, 
131890, 
131897, 
131905, 
131913, 
131921, 
131929, 
131936, 
131944, 
131952, 
131960, 
131968, 
131976, 
131983, 
131991, 
131999, 
132007, 
132015, 
132022, 
132030, 
132038, 
132046, 
132054, 
132062, 
132069, 
132077, 
132085, 
132093, 
132101, 
132108, 
132116, 
132124, 
132132, 
132140, 
132148, 
132155, 
132163, 
132171, 
132179, 
132187, 
132194, 
132202, 
132210, 
132218, 
132226, 
132234, 
132241, 
132249, 
132257, 
132265, 
132273, 
132280, 
132288, 
132296, 
132304, 
132312, 
132320, 
132327, 
132335, 
132343, 
132351, 
132359, 
132366, 
132374, 
132382, 
132390, 
132398, 
132406, 
132413, 
132421, 
132429, 
132437, 
132445, 
132453, 
132460, 
132467, 
132476, 
132484, 
132492, 
132499, 
132507, 
132515, 
132523, 
132531, 
132539, 
132546, 
132554, 
132562, 
132570, 
132578, 
132585, 
132593, 
132601, 
132609, 
132617, 
132625, 
132632, 
132640, 
132648, 
132656, 
132664, 
132671, 
132679, 
132687, 
132695, 
132703, 
132711, 
132718, 
132726, 
132734, 
132742, 
132750, 
132757, 
132765, 
132773, 
132781, 
132789, 
132797, 
132804, 
132813, 
132820, 
132830, 
132836, 
132844, 
132851, 
132859, 
132867, 
132875, 
132883, 
132889, 
132898, 
132906, 
132914, 
132922, 
132930, 
132937, 
132945, 
132953, 
132961, 
132969, 
132976, 
132984, 
132992, 
133000, 
133008, 
133016, 
133023, 
133031, 
133039, 
133047, 
133055, 
133062, 
133070, 
133078, 
133086, 
133094, 
133102, 
133109, 
133117, 
133125, 
133133, 
133141, 
133148, 
133156, 
133164, 
133172, 
133180, 
133188, 
133195, 
133203, 
133211, 
133219, 
133227, 
133234, 
133242, 
133250, 
133258, 
133266, 
133274, 
133281, 
133289, 
133297, 
133305, 
133313, 
133320, 
133328, 
133340, 
133344, 
133352, 
133360, 
133367, 
133374, 
133383, 
133391, 
133399, 
133407, 
133414, 
133422, 
133430, 
133438, 
133446, 
133453, 
133461, 
133469, 
133477, 
133485, 
133493, 
133500, 
133508, 
133516, 
133524, 
133532, 
133539, 
133547, 
133555, 
133563, 
133571, 
133579, 
133586, 
133594, 
133602, 
133610, 
133618, 
133625, 
133633, 
133641, 
133649, 
133657, 
133665, 
133672, 
133680, 
133688, 
133696, 
133704, 
133711, 
133719, 
133727, 
133735, 
133743, 
133751, 
133758, 
133766, 
133775, 
133782, 
133790, 
133797, 
133805, 
133813, 
133821, 
133829, 
133837, 
133845, 
133852, 
133860, 
133868, 
133876, 
133883, 
133891, 
133899, 
133907, 
133915, 
133923, 
133930, 
133938, 
133946, 
133954, 
133962, 
133970, 
133977, 
133985, 
133993, 
134001, 
134009, 
134016, 
134024, 
134032, 
134040, 
134048, 
134056, 
134063, 
134071, 
134079, 
134087, 
134095, 
134102, 
134110, 
134118, 
134126, 
134134, 
134142, 
134149, 
134157, 
134165, 
134173, 
134181, 
134188, 
134196, 
134204, 
134212, 
134220, 
134228, 
134235, 
134243, 
134251, 
134259, 
134267, 
134274, 
134282, 
134290, 
134299, 
134306, 
134314, 
134321, 
134329, 
134337, 
134345, 
134353, 
134360, 
134368, 
134376, 
134384, 
134392, 
134400, 
134407, 
134415, 
134423, 
134432, 
134439, 
134446, 
134454, 
134462, 
134470, 
134478, 
134486, 
134493, 
134501, 
134509, 
134517, 
134525, 
134533, 
134540, 
134548, 
134556, 
134564, 
134572, 
134579, 
134587, 
134595, 
134603, 
134611, 
134619, 
134626, 
134634, 
134642, 
134650, 
134658, 
134665, 
134673, 
134681, 
134690, 
134697, 
134705, 
134712, 
134720, 
134728, 
134736, 
134744, 
134751, 
134759, 
134767, 
134775, 
134783, 
134791, 
134798, 
134806, 
134815, 
134822, 
134830, 
134837, 
134845, 
134854, 
134861, 
134869, 
134877, 
134884, 
134892, 
134900, 
134908, 
134916, 
134923, 
134931, 
134939, 
134947, 
134955, 
134963, 
134970, 
134978, 
134986, 
134994, 
135002, 
135010, 
135017, 
135025, 
135033, 
135041, 
135049, 
135056, 
135064, 
135072, 
135081, 
135088, 
135095, 
135104, 
135111, 
135119, 
135127, 
135135, 
135142, 
135150, 
135158, 
135166, 
135174, 
135182, 
135189, 
135197, 
135205, 
135213, 
135221, 
135228, 
135236, 
135244, 
135252, 
135260, 
135268, 
135275, 
135283, 
135291, 
135299, 
135307, 
135314, 
135322, 
135330, 
135338, 
135346, 
135354, 
135361, 
135369, 
135377, 
135385, 
135394, 
135400, 
135408, 
135416, 
135424, 
135432, 
135440, 
135447, 
135455, 
135463, 
135471, 
135479, 
135486, 
135495, 
135502, 
135510, 
135518, 
135526, 
135533, 
135541, 
135549, 
135557, 
135565, 
135573, 
135580, 
135588, 
135596, 
135604, 
135612, 
135619, 
135628, 
135635, 
135643, 
135651, 
135658, 
135666, 
135674, 
135682, 
135690, 
135698, 
135705, 
135713, 
135721, 
135729, 
135737, 
135745, 
135752, 
135760, 
135768, 
135776, 
135784, 
135791, 
135799, 
135808, 
135815, 
135823, 
135831, 
135838, 
135846, 
135854, 
135863, 
135870, 
135877, 
135885, 
135893, 
135901, 
135909, 
135917, 
135924, 
135932, 
135940, 
135948, 
135956, 
135963, 
135971, 
135979, 
135987, 
135995, 
136003, 
136010, 
136018, 
136026, 
136034, 
136043, 
136051, 
136057, 
136065, 
136073, 
136081, 
136089, 
136096, 
136104, 
136112, 
136120, 
136128, 
136136, 
136143, 
136151, 
136159, 
136167, 
136175, 
136182, 
136190, 
136198, 
136206, 
136214, 
136222, 
136229, 
136237, 
136245, 
136253, 
136261, 
136268, 
136276, 
136284, 
136292, 
136300, 
136308, 
136315, 
136323, 
136331, 
136339, 
136347, 
136354, 
136363, 
136370, 
136378, 
136386, 
136394, 
136401, 
136409, 
136417, 
136425, 
136433, 
136440, 
136449, 
136456, 
136464, 
136472, 
136480, 
136488, 
136495, 
136503, 
136512, 
136519, 
136526, 
136534, 
136542, 
136550, 
136559, 
136566, 
136573, 
136581, 
136589, 
136597, 
136606, 
136628, 
136629, 
136629, 
136636, 
136644, 
136652, 
136659, 
136667, 
136675, 
136683, 
136691, 
136699, 
136706, 
136714, 
136722, 
136730, 
136738, 
136745, 
136753, 
136761, 
136769, 
136777, 
136785, 
136792, 
136800, 
136808, 
136816, 
136824, 
136831, 
136839, 
136847, 
136855, 
136864, 
136871, 
136878, 
136886, 
136894, 
136902, 
136910, 
136917, 
136925, 
136933, 
136941, 
136949, 
136957, 
136964, 
136972, 
136980, 
136988, 
136996, 
137003, 
137011, 
137019, 
137027, 
137036, 
137043, 
137050, 
137058, 
137066, 
137075, 
137082, 
137090, 
137097, 
137106, 
137113, 
137121, 
137129, 
137136, 
137145, 
137152, 
137160, 
137168, 
137177, 
137183, 
137191, 
137199, 
137207, 
137215, 
137222, 
137230, 
137238, 
137246, 
137254, 
137262, 
137270, 
137277, 
137285, 
137293, 
137302, 
137308, 
137316, 
137324, 
137332, 
137340, 
137348, 
137355, 
137363, 
137371, 
137379, 
137387, 
137395, 
137402, 
137410, 
137418, 
137426, 
137434, 
137441, 
137449, 
137457, 
137466, 
137473, 
137480, 
137488, 
137496, 
137504, 
137512, 
137520, 
137528, 
137535, 
137543, 
137551, 
137560, 
137566, 
137574, 
137582, 
137590, 
137598, 
137606, 
137613, 
137621, 
137629, 
137637, 
137645, 
137653, 
137660, 
137668, 
137676, 
137684, 
137692, 
137699, 
137708, 
137715, 
137723, 
137731, 
137739, 
137746, 
137754, 
137762, 
137770, 
137778, 
137785, 
137793, 
137801, 
137810, 
137818, 
137825, 
137832, 
137840, 
137848, 
137857, 
137864, 
137871, 
137879, 
137887, 
137896, 
137903, 
137911, 
137918, 
137926, 
137934, 
137942, 
137950, 
137957, 
137965, 
137973, 
137981, 
137989, 
137997, 
138004, 
138012, 
138020, 
138028, 
138036, 
138043, 
138051, 
138059, 
138067, 
138075, 
138083, 
138090, 
138098, 
138106, 
138114, 
138122, 
138130, 
138137, 
138145, 
138153, 
138161, 
138169, 
138176, 
138184, 
138192, 
138200, 
138208, 
138216, 
138223, 
138231, 
138239, 
138247, 
138255, 
138262, 
138270, 
138278, 
138286, 
138294, 
138302, 
138309, 
138318, 
138325, 
138334, 
138341, 
138348, 
138356, 
138364, 
138372, 
138380, 
138388, 
138395, 
138403, 
138411, 
138419, 
138428, 
138434, 
138442, 
138451, 
138458, 
138466, 
138474, 
138481, 
138489, 
138497, 
138505, 
138513, 
138521, 
138528, 
138536, 
138544, 
138552, 
138560, 
138567, 
138575, 
138583, 
138591, 
138599, 
138606, 
138615, 
138622, 
138630, 
138638, 
138646, 
138653, 
138661, 
138669, 
138677, 
138685, 
138692, 
138700, 
138708, 
138716, 
138724, 
138732, 
138739, 
138747, 
138755, 
138763, 
138771, 
138778, 
138786, 
138794, 
138802, 
138810, 
138818, 
138825, 
138833, 
138841, 
138849, 
138857, 
138865, 
138872, 
138880, 
138888, 
138897, 
138904, 
138911, 
138919, 
138928, 
138935, 
138943, 
138951, 
138958, 
138966, 
138974, 
138982, 
138990, 
138997, 
139005, 
139013, 
139021, 
139029, 
139037, 
139044, 
139052, 
139060, 
139068, 
139076, 
139083, 
139091, 
139099, 
139107, 
139115, 
139123, 
139130, 
139138, 
139146, 
139154, 
139162, 
139169, 
139177, 
139185, 
139193, 
139201, 
139209, 
139216, 
139224, 
139232, 
139240, 
139248, 
139256, 
139263, 
139271, 
139279, 
139287, 
139295, 
139303, 
139310, 
139318, 
139326, 
139334, 
139342, 
139349, 
139357, 
139365, 
139373, 
139381, 
139388, 
139396, 
139404, 
139412, 
139420, 
139428, 
139435, 
139444, 
139451, 
139460, 
139467, 
139474, 
139483, 
139490, 
139498, 
139506, 
139514, 
139521, 
139529, 
139537, 
139545, 
139553, 
139560, 
139568, 
139576, 
139584, 
139592, 
139600, 
139607, 
139615, 
139623, 
139631, 
139639, 
139646, 
139654, 
139662, 
139670, 
139678, 
139686, 
139694, 
139701, 
139709, 
139717, 
139725, 
139733, 
139740, 
139748, 
139756, 
139764, 
139772, 
139779, 
139788, 
139795, 
139803, 
139811, 
139818, 
139826, 
139834, 
139842, 
139851, 
139858, 
139866, 
139873, 
139881, 
139889, 
139898, 
139905, 
139912, 
139920, 
139928, 
139936, 
139944, 
139951, 
139959, 
139967, 
139975, 
139983, 
139991, 
139998, 
140006, 
140014, 
140022, 
140030, 
140037, 
140045, 
140053, 
140061, 
140069, 
140077, 
140084, 
140092, 
140100, 
140108, 
140117, 
140123, 
140131, 
140139, 
140148, 
140155, 
140163, 
140171, 
140178, 
140186, 
140194, 
140202, 
140210, 
140217, 
140225, 
140233, 
140241, 
140249, 
140256, 
140264, 
140272, 
140280, 
140288, 
140296, 
140303, 
140311, 
140319, 
140327, 
140336, 
140342, 
140350, 
140358, 
140366, 
140374, 
140381, 
140389, 
140397, 
140406, 
140413, 
140421, 
140428, 
140436, 
140444, 
140452, 
140460, 
140468, 
140475, 
140483, 
140491, 
140499, 
140507, 
140514, 
140522, 
140531, 
140538, 
140546, 
140554, 
140561, 
140569, 
140577, 
140585, 
140593, 
140600, 
140608, 
140616, 
140624, 
140632, 
140640, 
140648, 
140655, 
140663, 
140671, 
140679, 
140686, 
140694, 
140702, 
140710, 
140718, 
140726, 
140733, 
140741, 
140749, 
140757, 
140765, 
140773, 
140780, 
140788, 
140796, 
140804, 
140812, 
140819, 
140827, 
140835, 
140844, 
140851, 
140859, 
140866, 
140874, 
140882, 
140890, 
140898, 
140905, 
140913, 
140921, 
140929, 
140937, 
140944, 
140952, 
140960, 
140968, 
140976, 
140984, 
140991, 
140999, 
141007, 
141015, 
141023, 
141030, 
141038, 
141046, 
141054, 
141062, 
141070, 
141077, 
141085, 
141093, 
141101, 
141109, 
141117, 
141124, 
141132, 
141140, 
141148, 
141156, 
141163, 
141171, 
141179, 
141187, 
141195, 
141203, 
141210, 
141218, 
141226, 
141234, 
141242, 
141249, 
141257, 
141265, 
141273, 
141281, 
141289, 
141296, 
141304, 
141312, 
141320, 
141328, 
141335, 
141343, 
141351, 
141359, 
141367, 
141375, 
141382, 
141390, 
141398, 
141406, 
141414, 
141422, 
141429, 
141437, 
141445, 
141453, 
141461, 
141468, 
141477, 
141484, 
141492, 
141500, 
141508, 
141515, 
141523, 
141531, 
141539, 
141547, 
141554, 
141562, 
141570, 
141578, 
141586, 
141594, 
141601, 
141609, 
141617, 
141625, 
141633, 
141640, 
141648, 
141656, 
141664, 
141672, 
141681, 
141687, 
141695, 
141703, 
141711, 
141719, 
141726, 
141734, 
141742, 
141750, 
141758, 
141766, 
141773, 
141781, 
141789, 
141797, 
141805, 
141812, 
141820, 
141828, 
141836, 
141844, 
141852, 
141859, 
141867, 
141875, 
141883, 
141892, 
141898, 
141906, 
141914, 
141922, 
141930, 
141938, 
141945, 
141953, 
141961, 
141969, 
141977, 
141985, 
141992, 
142000, 
142008, 
142017, 
142024, 
142031, 
142039, 
142047, 
142055, 
142063, 
142071, 
142078, 
142086, 
142094, 
142102, 
142110, 
142117, 
142125, 
142133, 
142141, 
142149, 
142157, 
142164, 
142172, 
142180, 
142188, 
142196, 
142203, 
142212, 
142219, 
142227, 
142235, 
142243, 
142250, 
142258, 
142266, 
142274, 
142282, 
142289, 
142297, 
142305, 
142313, 
142321, 
142329, 
142336, 
142345, 
142352, 
142360, 
142368, 
142375, 
142383, 
142391, 
142399, 
142407, 
142415, 
142422, 
142430, 
142438, 
142446, 
142454, 
142461, 
142469, 
142477, 
142485, 
142493, 
142501, 
142508, 
142516, 
142524, 
142532, 
142540, 
142547, 
142555, 
142563, 
142571, 
142579, 
142587, 
142594, 
142602, 
142610, 
142618, 
142626, 
142634, 
142641, 
142649, 
142657, 
142665, 
142673, 
142680, 
142688, 
142696, 
142704, 
142712, 
142720, 
142728, 
142735, 
142743, 
142751, 
142759, 
142766, 
142774, 
142782, 
142790, 
142798, 
142806, 
142814, 
142821, 
142829, 
142837, 
142845, 
142852, 
142860, 
142868, 
142876, 
142884, 
142892, 
142899, 
142907, 
142915, 
142923, 
142931, 
142938, 
142946, 
142954, 
142962, 
142971, 
142978, 
142985, 
142993, 
143001, 
143009, 
143017, 
143025, 
143032, 
143040, 
143048, 
143056, 
143064, 
143071, 
143079, 
143087, 
143095, 
143103, 
143111, 
143119, 
143127, 
143134, 
143142, 
143150, 
143157, 
143166, 
143174, 
143181, 
143189, 
143196, 
143204, 
143212, 
143220, 
143228, 
143237, 
143243, 
143251, 
143259, 
143267, 
143276, 
143283, 
143290, 
143298, 
143306, 
143315, 
143322, 
143330, 
143337, 
143345, 
143353, 
143361, 
143369, 
143376, 
143385, 
143392, 
143400, 
143408, 
143415, 
143424, 
143431, 
143439, 
143448, 
143455, 
143462, 
143470, 
143478, 
143486, 
143494, 
143501, 
143509, 
143517, 
143525, 
143534, 
143541, 
143549, 
143557, 
143564, 
143572, 
143580, 
143587, 
143596, 
143603, 
143611, 
143619, 
143627, 
143634, 
143642, 
143650, 
143658, 
143666, 
143674, 
143681, 
143689, 
143697, 
143705, 
143713, 
143720, 
143729, 
143736, 
143744, 
143752, 
143760, 
143767, 
143775, 
143783, 
143791, 
143799, 
143806, 
143815, 
143822, 
143831, 
143838, 
143846, 
143853, 
143861, 
143869, 
143877, 
143885, 
143892, 
143900, 
143908, 
143916, 
143924, 
143932, 
143939, 
143947, 
143955, 
143963, 
143971, 
143978, 
143986, 
143994, 
144003, 
144010, 
144018, 
144026, 
144033, 
144041, 
144049, 
144057, 
144064, 
144072, 
144080, 
144088, 
144096, 
144104, 
144111, 
144119, 
144127, 
144135, 
144143, 
144151, 
144158, 
144166, 
144174, 
144182, 
144191, 
144197, 
144205, 
144214, 
144221, 
144229, 
144237, 
144244, 
144252, 
144260, 
144269, 
144276, 
144283, 
144291, 
144299, 
144308, 
144315, 
144323, 
144330, 
144338, 
144346, 
144354, 
144362, 
144369, 
144377, 
144386, 
144393, 
144401, 
144409, 
144416, 
144424, 
144432, 
144440, 
144448, 
144455, 
144463, 
144471, 
144479, 
144487, 
144495, 
144502, 
144510, 
144518, 
144526, 
144534, 
144541, 
144549, 
144558, 
144565, 
144573, 
144581, 
144588, 
144596, 
144604, 
144612, 
144620, 
144627, 
144635, 
144643, 
144651, 
144659, 
144667, 
144675, 
144682, 
144690, 
144698, 
144706, 
144714, 
144721, 
144729, 
144737, 
144745, 
144753, 
144760, 
144768, 
144776, 
144784, 
144792, 
144800, 
144807, 
144815, 
144823, 
144831, 
144839, 
144846, 
144854, 
144862, 
144870, 
144878, 
144886, 
144893, 
144901, 
144909, 
144917, 
144925, 
144932, 
144940, 
144948, 
144956, 
144964, 
144972, 
144979, 
144987, 
144996, 
145004, 
145011, 
145018, 
145026, 
145034, 
145042, 
145050, 
145059, 
145065, 
145073, 
145081, 
145089, 
145097, 
145104, 
145112, 
145120, 
145128, 
145136, 
145144, 
145151, 
145159, 
145167, 
145175, 
145183, 
145190, 
145198, 
145206, 
145214, 
145222, 
145230, 
145237, 
145245, 
145253, 
145262, 
145269, 
145276, 
145284, 
145293, 
145300, 
145308, 
145317, 
145323, 
145332, 
145339, 
145347, 
145355, 
145363, 
145370, 
145378, 
145386, 
145395, 
145402, 
145409, 
145417, 
145425, 
145433, 
145442, 
145449, 
145456, 
145464, 
145472, 
145481, 
145488, 
145495, 
145503, 
145511, 
145519, 
145527, 
145535, 
145542, 
145550, 
145558, 
145566, 
145574, 
145582, 
145589, 
145597, 
145606, 
145613, 
145621, 
145628, 
145636, 
145644, 
145652, 
145660, 
145667, 
145675, 
145683, 
145691, 
145699, 
145708, 
145715, 
145722, 
145730, 
145738, 
145746, 
145754, 
145761, 
145769, 
145777, 
145785, 
145793, 
145800, 
145808, 
145816, 
145824, 
145832, 
145840, 
145847, 
145855, 
145863, 
145871, 
145879, 
145887, 
145894, 
145902, 
145910, 
145918, 
145926, 
145933, 
145942, 
145950, 
145957, 
145965, 
145972, 
145980, 
145988, 
145996, 
146004, 
146012, 
146019, 
146027, 
146035, 
146043, 
146051, 
146058, 
146066, 
146075, 
146082, 
146090, 
146098, 
146105, 
146113, 
146121, 
146129, 
146137, 
146144, 
146152, 
146161, 
146168, 
146176, 
146184, 
146191, 
146200, 
146207, 
146215, 
146223, 
146231, 
146238, 
146247, 
146254, 
146262, 
146270, 
146277, 
146285, 
146293, 
146301, 
146309, 
146317, 
146324, 
146332, 
146341, 
146348, 
146356, 
146364, 
146371, 
146379, 
146388, 
146395, 
146403, 
146410, 
146418, 
146427, 
146434, 
146442, 
146449, 
146457, 
146465, 
146473, 
146481, 
146489, 
146496, 
146504, 
146512, 
146520, 
146528, 
146535, 
146543, 
146551, 
146559, 
146567, 
146575, 
146582, 
146590, 
146598, 
146606, 
146615, 
146621, 
146629, 
146637, 
146645, 
146653, 
146661, 
146668, 
146676, 
146684, 
146693, 
146700, 
146707, 
146715, 
146723, 
146731, 
146740, 
146747, 
146754, 
146762, 
146770, 
146778, 
146786, 
146793, 
146802, 
146809, 
146817, 
146825, 
146833, 
146840, 
146848, 
146856, 
146864, 
146872, 
146879, 
146887, 
146896, 
146903, 
146911, 
146920, 
146926, 
146934, 
146942, 
146950, 
146958, 
146967, 
146973, 
146981, 
146989, 
146997, 
147005, 
147013, 
147020, 
147028, 
147036, 
147045, 
147052, 
147059, 
147067, 
147075, 
147084, 
147091, 
147098, 
147106, 
147114, 
147122, 
147130, 
147138, 
147145, 
147153, 
147161, 
147169, 
147177, 
147184, 
147192, 
147200, 
147208, 
147216, 
147224, 
147231, 
147239, R
147247, 
147255, 
147264, 
147270, S
147285, S
147286, S
147294, S
147302, 
147310, 
147317, 
147325, 
147333, 
147342, 
147349, 
147357, 
147364, 
147372, 
147380, 
147388, 
147396, 
147403, 
147412, 
147419, 
147427, 
147435, 
147443, 
147450, 
147458, 
147466, 
147474, 
147482, 
147489, 
147498, 
147505, 
147513, 
147522, 
147529, 
147536, 
147544, 
147552, 
147560, 
147568, 
147575, 
147583, 
147591, 
147599, 
147607, 
147615, 
147622, 
147630, 
147638, 
147646, 
147654, 
147661, 
147669, 
147678, 
147685, 
147693, 
147701, 
147708, 
147716, 
147724, 
147732, 
147740, 
147747, 
147755, 
147763, 
147771, 
147779, 
147787, 
147794, 
147802, 
147810, 
147818, 
147826, 
147833, 
147841, 
147849, 
147857, 
147865, 
147873, 
147880, 
147888, 
147896, 
147904, 
147912, 
147920, 
147927, 
147935, 
147943, 
147951, 
147959, 
147966, 
147974, 
147983, 
147990, 
147998, 
148006, 
148013, 
148021, 
148029, 
148038, 
148046, 
148052, 
148060, 
148068, 
148076, 
148084, 
148092, 
148099, 
148107, 
148115, 
148123, 
148131, 
148138, 
148146, 
148154, 
148162, 
148170, 
148178, 
148186, 
148193, 
148201, 
148209, 
148217, 
148224, 
148232, 
148240, 
148248, 
148256, 
148264, 
148271, 
148279, 
148287, 
148295, 
148303, 
148310, 
148318, 
148326, 
148334, 
148342, 
148350, 
148357, 
148365, 
148373, 
148381, 
148389, 
148396, 
148404, 
148412, 
148420, 
148428, 
148436, 
148443, 
148451, 
148459, 
148467, 
148475, 
148483, 
148490, 
148498, 
148506, 
148514, 
148522, 
148529, 
148537, 
148545, 
148553, 
148561, 
148569, 
148576, 
148584, 
148592, 
148600, 
148608, 
148616, 
148623, 
148632, 
148639, 
148647, 
148655, 
148663, 
148670, 
148678, 
148686, 
148694, 
148701, 
148709, 
148717, 
148725, 
148733, 
148741, 
148748, 
148756, 
148764, 
148772, 
148780, 
148787, 
148795, 
148803, 
148811, 
148820, 
148827, 
148834, 
148842, 
148850, 
148858, 
148866, 
148874, 
148881, 
148889, 
148897, 
148905, 
148913, 
148920, 
148928, 
148936, 
148944, 
148952, 
148960, 
148967, 
148975, 
148983, 
148991, 
148999, 
149006, 
149014, 
149023, 
149030, 
149038, 
149046, 
149053, 
149061, 
149069, 
149077, 
149085, 
149092, 
149100, 
149109, 
149117, 
149124, 
149132, 
149139, 
149147, 
149155, 
149163, 
149171, 
149179, 
149187, 
149194, 
149202, 
149210, 
149218, 
149225, 
149233, 
149241, 
149249, 
149257, 
149264, 
149272, 
149280, 
149288, 
149296, 
149304, 
149311, 
149319, 
149328, 
149335, 
149343, 
149350, 
149358, 
149366, 
149374, 
149382, 
149390, 
149397, 
149405, 
149413, 
149421, 
149429, 
149436, 
149444, 
149452, 
149460, 
149468, 
149477, 
149483, 
149491, 
149499, 
149507, 
149515, 
149522, 
149530, 
149538, 
149546, 
149554, 
149563, 
149569, 
149577, 
149585, 
149594, 
149601, 
149609, 
149616, 
149624, 
149632, 
149640, 
149649, 
149656, 
149663, 
149671, 
149679, 
149687, 
149695, 
149702, 
149711, 
149718, 
149726, 
149734, 
149741, 
149749, 
149757, 
149765, 
149773, 
149781, 
149788, 
149796, 
149804, 
149812, R
149820, 
149827, 
149835, S
149843, S
149851, S
149859, S
149868, 
149875, 
149883, 
149890, 
149898, 
149906, 
149913, 
149921, 
149929, 
149938, 
149945, 
149953, 
149960, 
149968, 
149976, 
149984, 
149992, 
149999, 
150008, 
150015, 
150023, 
150032, 
150039, 
150046, 
150054, 
150062, 
150070, 
150079, 
150085, 
150094, 
150101, 
150109, 
150117, 
150125, 
150132, 
150141, 
150148, 
150156, 
150164, 
150172, 
150180, 
150187, 
150195, 
150203, 
150211, 
150218, 
150226, 
150234, 
150242, 
150250, 
150258, 
150265, 
150273, 
150281, 
150289, 
150297, 
150304, 
150313, 
150320, 
150328, 
150336, 
150344, 
150351, 
150359, 
150367, 
150375, 
150383, 
150391, 
150399, 
150406, 
150414, 
150423, 
150430, 
150437, 
150445, 
150453, 
150461, 
150469, 
150476, 
150484, 
150492, 
150500, 
150508, 
150516, 
150524, 
150531, 
150540, 
150548, 
150556, 
150563, 
150570, 
150578, 
150586, 
150594, 
150602, 
150609, 
150617, 
150625, 
150633, 
150641, 
150649, 
150656, 
150664, 
150672, 
150680, 
150688, 
150695, 
150703, 
150711, 
150719, 
150727, 
150734, 
150742, 
150750, 
150758, 
150766, 
150774, 
150781, 
150789, 
150797, 
150805, 
150813, 
150821, 
150828, 
150836, 
150844, 
150852, 
150860, 
150867, 
150875, 
150883, 
150891, 
150899, 
150907, 
150914, 
150922, 
150930, 
150938, 
150946, 
150953, 
150961, 
150969, 
150977, 
150985, 
150994, 
151000, 
151008, 
151016, 
151024, 
151032, 
151040, 
151047, 
151056, 
151063, 
151071, 
151079, 
151086, 
151094, 
151102, 
151110, 
151118, 
151126, 
151133, 
151141, 
151149, 
151157, 
151165, 
151173, 
151180, 
151188, 
151196, 
151204, 
151212, 
151220, 
151227, 
151235, 
151243, 
151251, 
151258, 
151266, 
151275, 
151282, 
151290, 
151298, 
151305, 
151313, 
151321, 
151329, 
151337, 
151344, 
151352, 
151360, 
151368, 
151376, 
151384, 
151391, 
151399, 
151407, 
151415, 
151423, 
151430, 
151438, 
151446, 
151454, 
151462, 
151470, 
151477, 
151485, 
151493, 
151501, 
151509, 
151516, 
151524, 
151532, 
151540, 
151548, 
151556, 
151563, 
151571, 
151579, 
151587, 
151595, 
151602, 
151610, 
151618, 
151626, 
151634, 
151642, 
151649, 
151657, 
151665, 
151673, 
151681, 
151689, 
151696, 
151704, 
151712, 
151720, 
151728, 
151735, 
151743, 
151751, 
151759, 
151767, 
151775, 
151782, 
151790, 
151798, 
151806, 
151814, 
151822, 
151829, 
151837, 
151845, 
151854, 
151861, 
151868, 
151876, 
151884, 
151892, 
151900, 
151907, 
151915, 
151923, 
151931, 
151939, 
151947, 
151954, 
151962, 
151971, 
151978, 
151986, 
151993, 
152001, 
152009, 
152017, 
152025, 
152033, 
152040, 
152048, 
152056, 
152064, 
152072, 
152079, 
152087, 
152095, 
152103, 
152112, 
152119, 
152126, 
152134, 
152142, 
152150, 
152158, 
152166, 
152173, 
152182, 
152189, 
152197, 
152205, 
152213, 
152220, 
152228, 
152236, 
152244, 
152252, 
152259, 
152267, 
152275, 
152283, 
152291, 
152298, 
152306, 
152314, 
152322, 
152330, 
152339, 
152345, 
152353, 
152362, 
152369, 
152377, 
152384, 
152392, 
152400, 
152408, 
152417, 
152424, 
152431, 
152439, 
152447, 
152455, 
152464, 
152470, 
152479, 
152486, 
152494, 
152502, 
152510, 
152517, 
152525, 
152533, 
152541, 
152549, 
152556, 
152565, 
152572, 
152580, 
152588, 
152596, 
152603, 
152611, 
152620, 
152628, 
152635, 
152642, 
152650, 
152658, 
152667, 
152674, 
152682, 
152689, 
152697, 
152705, 
152713, 
152721, 
152729, 
152736, 
152744, 
152752, 
152761, 
152768, 
152775, 
152783, 
152791, 
152799, 
152807, 
152815, 
152822, 
152830, 
152838, 
152846, 
152854, 
152861, 
152869, 
152877, 
152886, 
152893, 
152901, 
152908, 
152916, 
152924, 
152932, 
152940, 
152947, 
152955, 
152963, 
152971, 
152979, 
152987, 
152994, 
153002, 
153011, 
153018, 
153026, 
153033, 
153041, 
153049, 
153057, 
153065, 
153073, 
153080, 
153088, 
153097, 
153104, 
153112, 
153119, 
153127, 
153135, 
153144, 
153151, 
153160, 
153166, 
153174, 
153182, 
153190, 
153199, 
153205, 
153213, 
153221, 
153229, 
153237, 
153245, 
153252, 
153261, 
153268, 
153276, 
153284, 
153291, 
153299, 
153307, 
153315, 
153323, 
153331, 
153338, 
153346, 
153354, 
153362, 
153370, 
153378, 
153385, 
153393, 
153401, 
153409, 
153417, 
153424, 
153432, 
153440, 
153448, 
153456, 
153464, 
153471, 
153479, 
153487, 
153495, 
153503, 
153511, 
153518, 
153527, 
153534, 
153542, 
153550, 
153557, 
153565, 
153573, 
153581, 
153589, 
153596, 
153605, 
153612, 
153620, 
153628, 
153637, 
153644, 
153651, 
153659, 
153667, 
153675, 
153682, 
153690, 
153698, 
153706, 
153715, 
153722, 
153729, 
153737, 
153745, 
153753, 
153761, 
153768, 
153776, 
153784, 
153792, 
153800, 
153808, 
153815, 
153824, 
153831, 
153839, 
153847, 
153854, 
153862, 
153870, 
153878, 
153886, 
153894, 
153901, 
153909, 
153917, 
153925, 
153933, 
153941, 
153949, 
153956, 
153964, 
153972, 
153980, 
153987, 
153995, 
154003, 
154011, 
154019, 
154027, 
154034, 
154042, 
154050, 
154058, 
154066, 
154073, 
154081, 
154089, 
154097, 
154105, 
154113, 
154120, 
154128, 
154136, 
154144, 
154152, 
154159, 
154167, 
154175, 
154183, 
154191, 
154199, 
154206, 
154214, 
154222, 
154230, 
154238, 
154245, 
154253, 
154261, 
154269, 
154277, 
154285, 
154292, 
154300, 
154308, 
154316, R
154324, 
154331, 
154339, S
154347, S
154355, S
154363, S
154371, 
154378, 
154386, 
154394, 
154402, 
154410, 
154418, 
154425, 
154434, 
154442, 
154449, 
154457, 
154465, 
154472, 
154480, 
154488, 
154496, 
154504, 
154511, 
154519, 
154528, 
154535, 
154543, 
154550, 
154558, 
154566, 
154574, 
154582, 
154590, 
154597, 
154605, 
154613, 
154621, 
154629, 
154636, 
154644, 
154652, 
154661, 
154668, 
154676, 
154683, 
154691, 
154699, 
154707, 
154715, 
154724, 
154730, 
154738, 
154746, 
154755, 
154762, 
154769, 
154777, 
154785, 
154793, 
154801, 
154808, 
154816, 
154824, 
154832, 
154840, 
154848, 
154855, 
154863, 
154871, 
154879, 
154887, 
154895, 
154903, 
154911, 
154918, 
154926, 
154934, 
154941, 
154949, 
154957, 
154965, 
154973, 
154981, 
154988, 
154996, 
155004, 
155012, 
155020, 
155028, 
155036, 
155043, 
155051, 
155059, 
155067, 
155074, 
155082, 
155090, 
155098, 
155106, 
155113, 
155121, 
155129, 
155137, 
155145, 
155153, 
155160, 
155168, 
155176, 
155184, 
155192, 
155199, 
155207, 
155215, 
155223, 
155231, 
155239, 
155246, 
155254, 
155262, 
155270, 
155278, 
155286, 
155293, 
155301, 
155309, 
155317, 
155325, 
155332, 
155340, 
155348, 
155356, 
155365, 
155371, 
155379, 
155387, 
155395, 
155403, 
155411, 
155418, 
155426, 
155434, 
155442, 
155450, 
155457, 
155465, 
155473, 
155481, 
155489, 
155497, 
155504, 
155512, 
155520, 
155528, 
155536, 
155544, 
155551, 
155559, 
155567, 
155575, 
155583, 
155590, 
155598, 
155606, 
155614, 
155622, 
155630, 
155637, 
155645, 
155653, 
155661, 
155669, 
155676, 
155684, 
155692, 
155700, 
155708, 
155716, 
155723, 
155731, 
155739, 
155747, 
155755, 
155763, 
155770, 
155778, 
155786, 
155794, 
155802, 
155809, 
155817, 
155825, 
155833, 
155841, 
155848, 
155856, 
155864, 
155873, 
155880, 
155888, 
155895, 
155903, 
155912, 
155919, 
155927, 
155935, 
155942, 
155950, 
155958, 
155966, 
155974, 
155981, 
155989, 
155997, 
156005, 
156013, 
156021, 
156028, 
156036, 
156044, 
156052, 
156060, 
156067, 
156075, 
156083, 
156091, 
156100, 
156107, 
156114, 
156122, 
156130, 
156138, 
156146, 
156153, 
156161, 
156169, 
156177, 
156185, 
156193, 
156201, 
156208, 
156216, 
156225, 
156232, 
156239, 
156247, 
156255, 
156264, 
156271, 
156279, 
156286, 
156294, 
156302, 
156310, 
156318, 
156326, 
156333, 
156341, 
156349, 
156357, 
156365, 
156372, 
156380, 
156388, 
156396, 
156404, 
156412, 
156420, 
156427, 
156435, 
156443, 
156451, 
156458, 
156466, 
156474, 
156483, 
156490, 
156497, 
156505, 
156514, 
156522, 
156530, 
156537, 
156544, 
156552, 
156561, 
156568, 
156576, 
156584, 
156591, 
156599, 
156607, 
156615, 
156623, 
156630, 
156638, 
156646, 
156654, 
156662, 
156669, 
156677, 
156685, 
156693, 
156701, 
156709, 
156716, 
156724, 
156732, 
156740, 
156748, 
156756, 
156763, 
156771, 
156779, 
156788, 
156795, 
156802, 
156810, 
156818, 
156826, 
156835, 
156842, 
156849, 
156857, 
156866, 
156873, 
156881, 
156888, 
156896, 
156904, 
156913, 
156921, 
156929, 
156935, 
156943, 
156952, 
156959, 
156967, 
156975, 
156982, 
156990, 
156998, 
157006, 
157014, 
157021, 
157029, 
157037, 
157045, 
157054, 
157061, 
157068, 
157076, 
157084, 
157092, 
157100, 
157107, 
157115, 
157123, 
157131, 
157139, 
157147, 
157154, 
157162, 
157170, 
157178, 
157186, 
157193, 
157201, 
157210, 
157217, 
157225, 
157233, 
157240, 
157248, 
157256, 
157264, 
157272, 
157279, 
157287, 
157295, 
157303, 
157311, 
157319, 
157326, 
157334, 
157342, 
157351, 
157358, 
157365, 
157373, 
157381, 
157389, 
157397, 
157405, 
157412, 
157420, 
157428, 
157436, 
157445, 
157452, 
157460, 
157467, 
157476, 
157483, 
157491, 
157498, 
157506, 
157514, 
157522, 
157530, 
157538, 
157545, 
157553, 
157561, 
157569, 
157577, 
157584, 
157592, 
157600, 
157608, 
157616, 
157624, 
157631, 
157639, 
157647, 
157655, 
157663, 
157670, 
157678, 
157686, 
157694, 
157702, 
157710, 
157717, 
157725, 
157733, 
157741, 
157749, 
157756, 
157764, 
157772, 
157780, 
157788, 
157796, 
157803, 
157811, 
157819, 
157827, 
157835, 
157842, 
157850, 
157858, 
157866, 
157874, 
157882, 
157889, 
157898, 
157905, 
157913, 
157921, 
157928, 
157936, 
157944, 
157952, 
157960, 
157969, 
157976, 
157983, 
157992, 
157999, 
158007, 
158014, 
158022, 
158030, 
158038, 
158046, 
158054, 
158061, 
158069, 
158077, 
158085, 
158094, 
158100, 
158108, 
158116, 
158124, 
158132, 
158140, 
158147, 
158155, 
158163, 
158171, 
158180, 
158187, 
158195, 
158202, 
158210, 
158218, 
158226, 
158233, 
158241, 
158249, 
158257, 
158265, 
158273, 
158280, 
158288, 
158296, 
158304, 
158312, 
158319, 
158327, 
158335, 
158343, 
158351, 
158359, 
158366, 
158374, 
158382, 
158390, 
158398, 
158406, 
158413, 
158421, 
158429, 
158437, 
158445, 
158452, 
158460, 
158468, 
158496, 
158498, 
158498, 
158500, 
158507, 
158515, 
158523, 
158531, 
158538, 
158547, 
158554, 
158562, 
158570, 
158578, 
158585, 
158593, 
158601, 
158609, 
158617, 
158624, 
158633, 
158640, 
158648, 
158656, 
158664, 
158671, 
158679, 
158687, 
158696, 
158703, 
158710, 
158718, 
158726, 
158734, 
158742, 
158750, 
158757, 
158765, 
158773, 
158781, 
158790, 
158796, 
158804, 
158812, 
158820, 
158828, 
158836, 
158843, 
158851, 
158859, 
158867, 
158875, 
158883, 
158890, 
158898, 
158906, 
158914, 
158922, 
158929, 
158937, 
158945, 
158953, 
158961, 
158968, 
158976, 
158984, 
158992, 
159000, 
159008, 
159015, 
159023, 
159031, 
159039, 
159047, 
159054, 
159062, 
159070, 
159078, 
159086, 
159095, 
159101, 
159109, 
159117, 
159125, 
159133, 
159140, 
159148, 
159156, 
159164, 
159172, 
159180, 
159187, 
159195, 
159203, 
159211, 
159219, 
159227, 
159234, 
159242, 
159250, 
159258, 
159266, 
159273, 
159281, 
159289, 
159297, 
159305, 
159313, 
159320, 
159328, 
159336, 
159344, 
159352, 
159359, 
159367, 
159375, 
159383, 
159391, 
159399, 
159406, 
159414, 
159423, 
159430, 
159438, 
159445, 
159453, 
159462, 
159469, 
159477, 
159485, 
159492, 
159500, 
159508, 
159516, 
159525, 
159531, 
159539, 
159547, 
159555, 
159563, 
159571, 
159578, 
159586, 
159594, 
159602, 
159610, 
159617, 
159625, 
159633, 
159641, 
159649, 
159657, 
159664, 
159672, 
159680, 
159689, 
159696, 
159703, 
159712, 
159719, 
159727, 
159735, 
159743, 
159750, 
159758, 
159766, 
159774, 
159782, 
159790, 
159797, 
159805, 
159813, 
159821, 
159829, 
159836, 
159844, 
159852, 
159860, 
159868, 
159876, 
159884, 
159891, 
159899, 
159907, 
159915, 
159922, 
159930, 
159938, 
159946, 
159954, 
159962, 
159969, 
159977, 
159985, 
159993, 
160001, 
160008, 
160016, 
160024, 
160032, 
160040, 
160048, 
160055, 
160063, 
160071, 
160080, 
160087, 
160094, R
160102, 
160110, 
160118, 
160126, S
160135, S
160141, S
160149, S
160157, 
160165, 
160173, 
160180, 
160188, 
160197, 
160204, 
160212, 
160220, 
160228, 
160235, 
160243, 
160252, 
160259, 
160267, 
160275, 
160282, 
160290, 
160298, 
160306, 
160313, 
160321, 
160329, 
160337, 
160345, 
160353, 
160361, 
160368, 
160376, 
160384, 
160392, 
160399, 
160408, 
160415, 
160424, 
160431, 
160439, 
160446, 
160454, 
160462, 
160470, 
160478, 
160485, 
160493, 
160501, 
160509, 
160518, 
160525, 
160532, 
160540, 
160548, 
160556, 
160564, 
160571, 
160579, 
160587, 
160595, 
160603, 
160611, 
160618, 
160626, 
160634, 
160642, 
160650, 
160657, 
160665, 
160673, 
160681, 
160689, 
160697, 
160704, 
160712, 
160721, 
160729, 
160736, 
160744, 
160751, 
160760, 
160767, 
160776, 
160783, 
160790, 
160798, 
160806, 
160814, 
160823, 
160830, 
160837, 
160846, 
160853, 
160861, 
160869, 
160876, 
160885, 
160892, 
160900, 
160908, 
160916, 
160923, 
160932, 
160939, 
160947, 
160955, 
160962, 
160970, 
160978, 
160986, 
160994, 
161002, 
161009, 
161017, 
161025, 
161033, 
161041, 
161048, 
161056, 
161065, 
161072, 
161081, 
161088, 
161095, 
161103, 
161111, 
161119, 
161127, 
161134, 
161142, 
161150, 
161158, 
161166, 
161174, 
161181, 
161189, 
161197, 
161205, 
161213, 
161220, 
161228, 
161236, 
161244, 
161253, 
161260, 
161267, 
161275, 
161284, 
161291, 
161299, 
161307, 
161314, 
161322, 
161330, 
161338, 
161346, 
161353, 
161361, 
161369, 
161378, 
161385, 
161393, 
161400, 
161408, 
161416, 
161424, 
161432, 
161439, 
161447, 
161455, 
161463, 
161471, 
161479, 
161486, 
161494, 
161502, 
161510, 
161518, 
161525, 
161533, 
161541, 
161549, 
161557, 
161565, 
161572, 
161580, 
161588, 
161596, 
161604, 
161611, 
161619, 
161627, 
161635, 
161643, 
161651, 
161658, 
161666, 
161674, 
161682, 
161690, 
161697, 
161705, 
161713, 
161721, 
161729, 
161737, 
161744, 
161752, 
161760, 
161768, 
161776, 
161783, 
161791, 
161799, 
161807, 
161815, 
161823, 
161830, 
161838, 
161846, 
161854, 
161862, 
161869, 
161877, 
161885, 
161893, 
161901, 
161909, 
161917, 
161924, 
161932, 
161940, 
161948, 
161955, 
161963, 
161971, 
161979, 
161987, 
161995, 
162002, 
162010, 
162018, 
162026, 
162034, 
162042, 
162049, 
162057, 
162066, 
162073, 
162081, 
162088, 
162096, 
162104, 
162112, 
162120, 
162128, 
162135, 
162143, 
162151, 
162159, 
162167, 
162175, 
162182, 
162190, 
162198, 
162206, 
162214, 
162221, 
162229, 
162237, 
162245, 
162253, 
162260, 
162268, 
162276, 
162284, 
162292, 
162300, 
162307, 
162315, 
162323, 
162332, 
162339, 
162346, 
162354, 
162362, 
162370, 
162378, 
162386, 
162393, 
162401, 
162409, 
162417, 
162425, 
162432, 
162440, 
162448, 
162456, 
162464, 
162472, 
162479, 
162487, 
162495, 
162503, 
162511, 
162519, 
162526, 
162534, 
162542, 
162550, 
162558, 
162565, 
162573, 
162581, 
162590, 
162598, 
162605, 
162612, 
162620, 
162628, 
162636, 
162644, 
162651, 
162659, 
162667, 
162675, 
162683, 
162691, 
162698, 
162706, 
162714, 
162722, 
162730, 
162737, 
162745, 
162753, 
162761, 
162769, 
162777, 
162784, 
162792, 
162800, 
162808, 
162816, 
162823, 
162831, 
162839, 
162847, 
162855, 
162863, 
162870, 
162878, 
162886, 
162895, 
162902, 
162910, 
162917, 
162925, 
162933, 
162941, 
162949, 
162956, 
162964, 
162972, 
162980, 
162988, 
162996, 
163003, 
163011, 
163019, 
163027, 
163035, 
163042, 
163051, 
163058, 
163066, 
163074, 
163082, 
163089, 
163098, 
163105, 
163113, 
163121, 
163129, 
163136, 
163144, 
163152, 
163160, 
163168, 
163175, 
163183, 
163191, 
163199, 
163207, 
163214, 
163222, 
163230, 
163238, 
163246, 
163254, 
163262, 
163269, 
163277, 
163285, 
163293, 
163300, 
163308, 
163317, 
163324, 
163332, 
163340, 
163348, 
163355, 
163363, 
163371, 
163379, 
163386, 
163394, 
163403, 
163410, 
163418, 
163426, 
163433, 
163441, 
163450, 
163457, 
163465, 
163473, 
163480, 
163488, 
163496, 
163504, 
163512, 
163519, 
163527, 
163535, 
163543, 
163551, 
163559, 
163567, 
163574, 
163582, 
163590, 
163598, 
163605, 
163613, 
163621, 
163629, 
163637, 
163644, 
163653, 
163660, 
163668, 
163676, 
163684, 
163691, 
163699, 
163707, 
163715, 
163723, 
163731, 
163738, 
163746, 
163755, 
163762, 
163770, 
163777, 
163785, 
163793, 
163801, 
163809, 
163818, 
163824, 
163832, 
163840, 
163848, 
163856, 
163863, 
163871, 
163879, 
163888, 
163895, 
163903, 
163910, 
163918, 
163926, 
163934, 
163942, 
163950, 
163957, 
163965, 
163974, 
163981, 
163989, 
163996, 
164004, 
164012, 
164020, 
164029, 
164035, 
164044, 
164051, 
164059, 
164067, 
164076, 
164082, 
164090, 
164098, 
164106, 
164114, 
164122, 
164129, 
164137, 
164145, 
164153, 
164161, 
164168, 
164176, 
164184, 
164192, 
164200, 
164208, 
164215, 
164223, 
164231, 
164239, 
164247, 
164254, R
164262, 
164271, 
164278, 
164286, S
164294, S
164301, S
164309, S
164317, 
164325, 
164333, 
164340, 
164348, 
164356, 
164364, 
164372, 
164380, 
164387, 
164395, 
164403, 
164412, 
164419, 
164427, 
164434, 
164442, 
164450, 
164458, 
164466, 
164473, 
164481, 
164489, 
164497, 
164505, 
164512, 
164520, 
164528, 
164536, 
164545, 
164552, 
164559, 
164567, 
164575, 
164584, 
164591, 
164598, 
164607, 
164614, 
164622, 
164631, 
164638, 
164645, 
164653, 
164661, 
164669, 
164677, 
164685, 
164692, 
164700, 
164708, 
164716, 
164724, 
164731, 
164739, 
164747, 
164755, 
164764, 
164771, 
164778, 
164786, 
164795, 
164802, 
164810, 
164817, 
164826, 
164833, 
164841, 
164849, 
164857, 
164864, 
164872, 
164881, 
164888, 
164896, 
164903, 
164911, 
164920, 
164927, 
164935, 
164943, 
164950, 
164958, 
164966, 
164974, 
164982, 
164989, 
164997, 
165005, 
165013, 
165021, 
165029, 
165036, 
165044, 
165052, 
165060, 
165068, 
165076, 
165083, 
165091, 
165099, 
165107, 
165115, 
165122, 
165130, 
165138, 
165146, 
165154, 
165162, 
165169, 
165177, 
165185, 
165193, 
165201, 
165208, 
165216, 
165224, 
165232, 
165240, 
165248, 
165255, 
165263, 
165271, 
165279, 
165287, 
165294, 
165302, 
165310, 
165318, 
165326, 
165334, 
165341, 
165349, 
165357, 
165365, 
165373, 
165380, 
165388, 
165396, 
165404, 
165412, 
165420, 
165427, 
165435, 
165443, 
165451, 
165459, 
165466, 
165474, 
165482, 
165490, 
165498, 
165506, 
165513, 
165521, 
165529, 
165537, 
165545, 
165552, 
165560, 
165569, 
165576, 
165584, 
165592, 
165599, 
165607, 
165615, 
165623, 
165631, 
165639, 
165646, 
165654, 
165662, 
165670, 
165678, 
165686, 
165693, 
165702, 
165709, 
165717, 
165725, 
165732, 
165740, 
165748, 
165756, 
165764, 
165771, 
165779, 
165787, 
165795, 
165803, 
165811, 
165820, 
165826, 
165834, 
165842, 
165850, 
165857, 
165866, 
165873, 
165881, 
165889, 
165897, 
165904, 
165912, 
165920, 
165928, 
165936, 
165943, 
165951, 
165959, 
165967, 
165975, 
165983, 
165990, 
165998, 
166006, 
166014, 
166022, 
166029, 
166037, 
166045, 
166053, 
166061, 
166069, 
166076, 
166084, 
166092, 
166100, 
166108, 
166115, 
166123, 
166132, 
166139, 
166147, 
166155, 
166162, 
166170, 
166178, 
166186, 
166194, 
166201, 
166209, 
166217, 
166225, 
166233, 
166241, 
166248, 
166256, R
166264, 
166272, 
166280, 
166288, S
166295, S
166303, S
166311, S
166319, 
166327, 
166334, 
166342, 
166350, 
166358, 
166366, 
166374, 
166381, 
166390, 
166397, 
166405, 
166413, 
166420, 
166428, 
166436, 
166444, 
166452, 
166460, 
166467, 
166475, 
166483, 
166491, 
166499, 
166506, 
166514, 
166522, 
166530, 
166538, 
166546, 
166553, 
166561, 
166569, 
166577, 
166585, 
166592, 
166600, 
166608, 
166616, 
166624, 
166633, 
166640, 
166647, 
166655, 
166663, 
166671, 
166679, 
166686, 
166695, 
166702, 
166710, 
166718, 
166725, 
166733, 
166741, 
166749, 
166757, 
166764, 
166772, 
166780, 
166788, 
166796, 
166804, 
166811, 
166819, 
166828, 
166835, 
166843, 
166851, 
166858, 
166866, 
166874, 
166883, 
166890, 
166897, 
166905, 
166913, 
166921, 
166929, 
166937, 
166945, 
166952, 
166961, 
166968, 
166976, 
166983, 
166991, 
166999, 
167008, 
167015, 
167023, 
167031, 
167038, 
167046, 
167054, 
167062, 
167069, 
167077, 
167085, 
167093, 
167101, 
167109, 
167116, 
167124, 
167132, 
167140, 
167148, 
167155, 
167163, 
167171, 
167179, 
167187, 
167195, 
167202, 
167210, 
167218, 
167226, 
167234, 
167241, 
167249, 
167257, 
167266, 
167273, 
167281, 
167288, 
167296, 
167304, 
167313, 
167320, 
167329, 
167335, 
167343, 
167351, 
167359, 
167367, 
167374, 
167382, 
167390, 
167398, 
167406, 
167414, 
167421, 
167429, 
167437, 
167445, 
167453, 
167460, 
167468, 
167476, 
167484, 
167492, 
167500, 
167507, 
167515, 
167523, 
167531, 
167539, 
167546, 
167554, 
167562, 
167570, 
167578, 
167586, 
167593, 
167601, 
167609, 
167617, 
167625, 
167632, 
167640, 
167648, 
167656, 
167664, 
167672, 
167679, 
167687, 
167695, 
167703, 
167711, 
167718, 
167726, 
167734, 
167742, 
167751, 
167758, 
167766, 
167773, 
167781, 
167789, 
167797, 
167804, 
167812, 
167820, 
167828, 
167836, 
167844, 
167851, 
167859, 
167867, 
167875, 
167883, 
167890, 
167898, 
167906, 
167914, 
167922, 
167930, 
167937, 
167946, 
167953, 
167962, 
167969, 
167977, 
167984, 
167992, 
168000, 
168008, 
168016, 
168023, 
168031, 
168039, 
168047, 
168055, 
168063, 
168070, 
168078, 
168086, 
168094, 
168102, 
168109, 
168117, 
168125, 
168133, 
168142, 
168149, 
168156, 
168165, 
168172, 
168180, 
168188, 
168195, 
168203, 
168212, 
168219, 
168227, 
168235, 
168242, 
168250, 
168258, R
168266, 
168274, 
168281, 
168289, S
168297, S
168305, S
168313, S
168321, 
168329, 
168336, 
168344, 
168352, 
168360, 
168368, 
168375, 
168383, 
168391, 
168399, 
168407, 
168414, 
168422, 
168430, 
168438, 
168446, 
168454, 
168461, 
168469, 
168477, 
168485, 
168493, 
168500, 
168508, 
168516, 
168524, 
168532, 
168540, 
168547, 
168555, 
168563, 
168571, 
168579, 
168586, 
168594, 
168602, 
168610, 
168618, 
168626, 
168633, 
168641, 
168649, 
168657, 
168665, 
168672, 
168680, 
168688, 
168697, 
168704, 
168712, 
168719, 
168727, 
168735, 
168743, 
168751, 
168759, 
168766, 
168774, 
168782, 
168790, 
168798, 
168805, 
168813, 
168821, 
168829, 
168838, 
168845, 
168852, 
168860, 
168868, 
168876, 
168884, 
168891, 
168899, 
168907, 
168915, 
168923, 
168930, 
168938, 
168947, 
168954, 
168962, 
168970, 
168977, 
168985, 
168993, 
169001, 
169009, 
169017, 
169024, 
169032, 
169040, 
169048, 
169056, 
169063, 
169071, 
169079, 
169087, 
169095, 
169103, 
169110, 
169118, 
169126, 
169134, 
169142, 
169149, 
169157, 
169165, 
169173, 
169181, 
169189, 
169196, 
169204, 
169212, 
169220, 
169228, 
169235, 
169243, 
169251, 
169259, 
169267, 
169275, 
169282, 
169290, 
169298, 
169306, 
169314, 
169322, 
169329, 
169337, 
169345, 
169353, 
169361, 
169368, 
169376, 
169384, 
169392, 
169400, 
169408, 
169415, 
169423, 
169431, 
169439, 
169447, 
169454, 
169462, 
169470, 
169478, 
169486, 
169494, 
169501, 
169509, 
169517, 
169525, 
169533, 
169540, 
169548, 
169556, 
169564, 
169572, 
169580, 
169587, 
169595, 
169603, 
169611, 
169619, 
169626, 
169634, 
169642, 
169650, 
169658, 
169666, 
169729, 
169730, 
169730, 
169730, 
169730, 
169730, 
169730, 
169730, 
169736, 
169744, 
169752, 
169759, 
169767, 
169775, 
169783, 
169791, 
169799, 
169806, 
169814, 
169822, 
169830, 
169838, 
169845, 
169853, 
169861, 
169869, 
169877, 
169884, 
169892, 
169900, 
169908, 
169916, 
169924, 
169931, 
169939, 
169947, 
169955, 
169963, 
169970, 
169978, 
169986, 
169994, 
170002, 
170010, 
170017, 
170025, 
170033, 
170042, 
170049, 
170057, 
170064, 
170072, 
170080, 
170088, 
170096, 
170103, 
170112, 
170119, 
170127, 
170135, 
170143, 
170150, 
170158, 
170166, 
170174, 
170182, 
170189, 
170197, 
170205, 
170214, 
170221, 
170229, 
170236, 
170244, 
170252, 
170260, 
170268, 
170275, 
170283, 
170291, 
170299, 
170307, 
170315, 
170322, 
170330, 
170338, 
170346, 
170355, 
170361, 
170369, 
170377, 
170385, 
170393, 
170401, 
170408, 
170416, 
170425, 
170432, 
170440, 
170447, 
170455, 
170463, 
170471, 
170479, 
170487, 
170494, 
170502, 
170510, 
170518, 
170526, 
170534, 
170541, 
170549, 
170557, 
170565, 
170573, 
170580, 
170588, 
170596, 
170604, 
170612, 
170620, 
170627, 
170635, 
170644, 
170651, 
170659, 
170666, 
170674, 
170682, 
170690, 
170698, 
170706, 
170713, 
170721, 
170729, 
170738, 
170745, 
170752, 
170760, 
170768, 
170777, 
170784, 
170792, 
170799, 
170807, 
170815, 
170823, 
170831, 
170838, 
170846, 
170854, 
170862, 
170870, 
170878, 
170885, 
170893, 
170901, 
170909, 
170917, 
170924, 
170932, 
170940, 
170948, 
170956, 
170964, 
170972, 
170980, 
170987, 
170996, 
171003, 
171011, 
171018, 
171026, 
171034, 
171042, 
171050, 
171058, 
171065, 
171073, 
171081, 
171089, 
171097, 
171104, 
171112, 
171120, 
171128, 
171136, 
171143, 
171151, 
171159, 
171167, 
171175, 
171183, 
171190, 
171198, 
171206, 
171214, 
171222, 
171229, 
171237, 
171245, 
171253, 
171261, 
171269, 
171276, 
171284, 
171292, 
171300, 
171308, 
171315, 
171323, 
171331, 
171339, 
171347, 
171355, 
171362, 
171370, 
171378, 
171386, 
171394, 
171401, 
171409, 
171417, 
171425, 
171433, 
171442, 
171448, 
171456, 
171464, 
171472, 
171480, 
171487, 
171495, 
171504, 
171511, 
171519, 
171528, 
171534, 
171542, 
171550, 
171559, 
171566, 
171574, 
171581, 
171589, 
171597, 
171606, 
171614, 
171620, 
171628, 
171636, 
171644, 
171652, 
171660, 
171667, 
171675, 
171683, 
171691, 
171699, 
171706, 
171714, 
171722, 
171730, 
171738, 
171746, 
171753, 
171761, 
171769, 
171777, 
171785, 
171792, 
171800, 
171808, 
171816, 
171824, 
171832, 
171839, 
171847, 
171855, 
171863, 
171871, 
171878, 
171886, 
171894, 
171902, 
171910, 
171918, 
171925, 
171933, 
171941, 
171949, 
171957, 
171964, 
171972, 
171980, 
171988, 
171996, 
172004, 
172011, 
172019, 
172027, 
172035, 
172043, 
172050, 
172058, 
172066, 
172074, 
172082, 
172090, 
172097, 
172105, 
172113, 
172121, 
172129, 
172137, 
172144, 
172152, 
172161, 
172168, 
172176, 
172184, 
172191, 
172199, 
172207, 
172215, 
172223, 
172230, 
172238, 
172246, 
172254, 
172262, 
172269, 
172277, 
172285, 
172293, 
172301, 
172309, 
172316, 
172324, 
172332, 
172340, 
172348, 
172355, 
172364, 
172371, 
172379, 
172387, 
172396, 
172402, 
172410, 
172418, 
172426, 
172434, 
172441, 
172449, 
172457, 
172465, 
172473, 
172481, 
172489, 
172496, 
172504, 
172512, 
172520, 
172527, 
172535, 
172543, 
172551, 
172559, 
172567, 
172574, 
172582, 
172590, 
172598, 
172606, 
172614, 
172621, 
172629, 
172637, 
172645, 
172653, 
172660, 
172668, 
172676, 
172684, 
172692, 
172700, 
172708, 
172715, 
172724, 
172731, 
172740, 
172746, 
172754, 
172762, 
172770, 
172778, 
172786, 
172793, 
172801, 
172809, 
172817, 
172825, 
172832, 
172840, 
172848, 
172856, 
172864, 
172878, 
172880, 
172887, 
172895, 
172903, 
172911, 
172918, 
172926, 
172934, 
172942, 
172951, 
172958, 
172965, 
172973, 
172981, 
172989, 
172997, 
173004, 
173012, 
173020, 
173028, 
173036, 
173044, 
173051, 
173059, 
173067, 
173075, 
173083, 
173090, 
173098, 
173107, 
173114, 
173122, 
173130, 
173137, 
173145, 
173153, 
173161, 
173169, 
173176, 
173184, 
173192, 
173200, 
173208, 
173216, 
173224, 
173232, 
173239, 
173247, 
173255, 
173264, 
173270, 
173278, 
173286, 
173295, 
173302, 
173309, 
173317, 
173325, 
173333, 
173341, 
173350, 
173356, 
173364, 
173372, 
173380, 
173388, 
173396, 
173403, 
173411, 
173419, 
173427, 
173435, 
173442, 
173450, 
173458, 
173466, 
173474, 
173482, 
173489, 
173497, 
173505, 
173514, 
173521, 
173528, 
173536, 
173544, 
173552, 
173560, 
173568, 
173575, 
173584, 
173591, 
173599, 
173607, 
173614, 
173622, 
173630, 
173638, 
173646, 
173655, 
173661, 
173669, 
173677, 
173686, 
173693, 
173700, 
173708, 
173716, 
173724, 
173732, 
173741, 
173747, 
173755, 
173763, 
173771, 
173779, 
173786, 
173794, 
173802, 
173810, 
173818, 
173826, 
173833, 
173841, 
173849, 
173857, 
173865, 
173872, 
173880, 
173888, 
173896, 
173904, 
173912, 
173919, 
173927, 
173935, 
173943, 
173951, 
173958, 
173966, 
173974, 
173982, 
173991, 
173999, 
174005, 
174013, 
174021, 
174030, 
174037, 
174044, 
174052, 
174060, 
174068, 
174076, 
174084, 
174091, 
174099, 
174107, 
174115, 
174123, 
174131, 
174138, 
174146, 
174154, 
174162, 
174170, 
174178, 
174185, 
174193, 
174201, 
174209, 
174217, 
174224, 
174232, 
174240, 
174249, 
174256, 
174263, 
174271, 
174279, 
174287, 
174295, 
174303, 
174310, 
174318, 
174326, 
174334, 
174342, 
174350, 
174357, 
174366, 
174373, 
174381, 
174389, 
174396, 
174404, 
174412, 
174420, 
174428, 
174436, 
174443, 
174451, 
174459, 
174467, 
174475, 
174482, 
174490, 
174498, 
174506, 
174514, 
174522, 
174529, 
174537, 
174545, 
174553, 
174561, 
174568, 
174576, 
174584, 
174592, 
174600, 
174607, 
174615, 
174623, 
174631, 
174639, 
174647, 
174654, 
174662, 
174670, 
174678, 
174686, 
174693, 
174701, 
174710, 
174717, 
174725, 
174733, 
174741, 
174748, 
174756, 
174764, 
174772, 
174780, 
174787, 
174795, 
174803, 
174811, 
174819, 
174826, 
174834, 
174842, 
174850, 
174858, 
174867, 
174873, 
174881, 
174889, 
174898, 
174906, 
174912, 
174920, 
174929, 
174936, 
174944, 
174952, 
174959, 
174967, 
174975, 
174983, 
174991, 
174999, 
175006, 
175014, 
175022, 
175030, 
175039, 
175046, 
175053, 
175061, 
175069, 
175077, 
175085, 
175092, 
175100, 
175108, R
175116, 
175124, 
175131, 
175139, S
175147, S
175155, S
175163, S
175171, 
175178, 
175186, 
175194, 
175202, 
175210, 
175217, 
175225, 
175233, 
175241, 
175249, 
175257, 
175264, 
175272, 
175280, 
175288, 
175296, 
175303, 
175311, 
175319, 
175327, 
175335, 
175343, 
175350, 
175364, 
175367, 
175374, 
175383, 
175389, 
175397, 
175405, 
175413, 
175421, 
175429, 
175437, 
175445, 
175452, 
175460, 
175468, 
175475, 
175483, 
175491, 
175499, 
175507, 
175515, 
175522, 
175530, 
175538, 
175546, 
175554, 
175561, 
175569, 
175577, 
175586, 
175593, 
175601, 
175608, 
175617, 
175624, 
175632, 
175640, 
175647, 
175655, 
175663, 
175672, 
175679, 
175687, 
175694, 
175702, 
175710, 
175718, 
175726, 
175735, 
175741, 
175749, 
175757, 
175765, 
175774, 
175781, 
175788, 
175796, 
175805, 
175812, 
175821, 
175827, 
175836, 
175843, 
175851, 
175859, 
175866, 
175874, 
175882, 
175890, 
175898, 
175906, 
175913, 
175921, 
175930, 
175937, 
175945, 
175952, 
175960, 
175968, 
175976, 
175985, 
175992, 
175999, 
176007, 
176015, 
176023, 
176031, 
176039, 
176046, 
176054, 
176062, 
176070, 
176078, 
176085, 
176093, 
176101, 
176109, 
176117, 
176125, 
176132, 
176140, 
176148, 
176156, 
176164, 
176171, 
176179, 
176187, 
176195, 
176203, 
176211, 
176218, 
176226, 
176234, 
176242, 
176250, 
176257, 
176265, 
176273, 
176281, 
176289, 
176297, 
176304, 
176312, 
176320, 
176328, 
176336, 
176343, 
176351, 
176359, 
176367, 
176375, 
176383, 
176390, 
176398, 
176406, 
176414, 
176422, 
176429, 
176437, 
176445, 
176453, 
176461, 
176469, 
176476, 
176484, 
176492, 
176500, 
176508, 
176515, 
176524, 
176531, 
176539, 
176548, 
176556, 
176562, 
176570, 
176578, 
176586, 
176594, 
176601, 
176609, 
176617, 
176625, 
176633, 
176641, 
176648, 
176656, 
176664, 
176672, 
176680, 
176688, 
176695, 
176703, 
176711, 
176719, 
176727, 
176734, 
176742, 
176750, 
176758, 
176766, 
176773, 
176781, 
176789, 
176797, 
176805, 
176813, 
176820, 
176828, 
176836, 
176844, 
176852, 
176860, 
176867, 
176875, 
176883, 
176891, 
176899, 
176906, 
176914, 
176922, 
176930, 
176938, 
176945, 
176953, 
176961, 
176969, 
176977, 
176985, 
176992, 
177000, 
177008, 
177016, 
177024, 
177032, 
177039, 
177047, 
177055, 
177063, 
177071, 
177078, 
177086, 
177094, 
177102, 
177110, 
177118, 
177125, 
177133, 
177141, 
177149, 
177157, 
177165, 
177172, 
177180, 
177188, 
177196, 
177204, 
177211, 
177219, 
177227, 
177235, 
177243, 
177251, 
177258, 
177266, 
177274, 
177282, 
177290, 
177297, 
177305, 
177313, 
177321, 
177329, 
177337, 
177344, 
177352, 
177360, 
177368, 
177376, 
177383, 
177391, 
177399, 
177407, 
177415, 
177423, 
177430, 
177438, 
177446, 
177454, 
177462, 
177469, 
177477, 
177485, 
177493, 
177501, 
177510, 
177516, 
177524, 
177532, 
177540, 
177548, 
177556, 
177563, 
177571, 
177579, 
177587, 
177595, 
177602, 
177610, 
177618, 
177626, 
177634, 
177642, 
177649, 
177657, 
177665, 
177673, 
177681, 
177688, 
177696, 
177704, 
177712, 
177720, 
177728, 
177735, 
177743, 
177751, 
177760, 
177767, 
177775, 
177782, 
177790, 
177798, 
177806, 
177813, 
177821, 
177829, 
177837, 
177846, 
177853, 
177860, 
177869, 
177876, 
177884, 
177892, 
177900, 
177907, 
177915, 
177923, 
177931, 
177939, 
177946, 
177954, 
177963, 
177970, 
177978, 
177986, 
177993, 
178001, 
178009, 
178017, 
178025, 
178032, 
178040, 
178048, 
178056, 
178064, 
178072, 
178079, 
178087, 
178095, 
178103, 
178111, 
178118, 
178126, 
178134, 
178142, 
178150, 
178158, 
178165, 
178173, 
178181, 
178189, 
178198, 
178204, 
178212, 
178220, 
178228, 
178236, 
178244, 
178251, 
178259, 
178267, 
178275, 
178283, 
178290, 
178298, 
178306, 
178314, 
178322, 
178330, 
178337, 
178345, 
178353, 
178361, 
178369, 
178377, 
178384, 
178392, 
178400, 
178408, 
178416, 
178423, 
178431, 
178439, 
178447, 
178455, 
178463, 
178470, 
178478, 
178486, 
178494, 
178502, 
178509, 
178517, 
178525, 
178533, 
178541, 
178549, 
178556, 
178564, 
178572, 
178580, 
178588, 
178595, 
178603, 
178611, 
178619, 
178627, 
178636, 
178642, 
178650, 
178658, 
178666, 
178674, 
178681, 
178689, 
178697, 
178705, 
178713, 
178721, 
178728, 
178736, 
178744, 
178753, 
178760, 
178767, 
178775, 
178783, 
178791, 
178799, 
178807, 
178814, 
178822, 
178830, 
178838, 
178846, 
178853, 
178862, 
178869, 
178877, 
178885, 
178893, 
178900, 
178908, 
178916, 
178924, 
178932, 
178940, 
178947, 
178955, 
178964, 
178971, 
178979, 
178986, 
178994, 
179002, 
179010, 
179018, 
179026, 
179033, 
179041, 
179049, 
179057, 
179065, 
179072, 
179080, 
179088, 
179096, 
179104, 
179112, 
179119, 
179127, 
179135, 
179143, 
179151, 
179158, 
179166, 
179174, 
179182, 
179190, 
179198, 
179205, 
179214, 
179221, 
179229, 
179237, 
179245, 
179252, 
179260, 
179268, 
179276, 
179285, 
179291, 
179299, 
179308, 
179315, 
179323, 
179330, 
179338, 
179346, 
179354, 
179362, 
179370, 
179377, 
179385, 
179393, 
179401, 
179409, 
179417, 
179424, 
179432, 
179440, 
179448, 
179456, 
179465, 
179471, 
179480, 
179487, 
179496, 
179503, 
179510, 
179518, 
179526, 
179534, 
179542, 
179549, 
179557, 
179565, 
179573, 
179581, 
179589, 
179596, 
179604, 
179612, 
179620, 
179628, 
179635, 
179643, 
179652, 
179659, 
179667, 
179675, 
179682, 
179690, 
179698, 
179706, 
179714, 
179721, 
179729, 
179737, 
179745, 
179753, 
179761, 
179768, 
179776, 
179784, 
179792, 
179800, 
179807, 
179815, 
179823, 
179831, 
179839, 
179847, 
179855, 
179863, 
179870, 
179878, 
179887, 
179894, 
179901, 
179909, 
179918, 
179925, 
179933, 
179940, 
179948, 
179956, 
179964, 
179972, 
179979, 
179987, 
179995, 
180003, 
180012, 
180019, 
180026, 
180034, 
180042, 
180050, 
180058, 
180066, 
180073, 
180081, 
180089, 
180097, 
180106, 
180112, 
180120, 
180129, 
180137, 
180144, 
180152, 
180159, 
180167, 
180175, 
180183, 
180191, 
180198, 
180206, 
180214, 
180222, 
180230, 
180238, 
180246, 
180253, 
180261, 
180269, 
180277, 
180285, 
180292, 
180300, 
180308, 
180316, 
180324, 
180331, 
180339, 
180347, 
180355, 
180363, 
180371, 
180378, 
180386, 
180394, 
180402, 
180410, 
180417, 
180425, 
180433, 
180442, 
180449, 
180457, 
180464, 
180472, 
180480, 
180488, 
180497, 
180503, 
180511, 
180519, 
180527, 
180535, 
180544, 
180550, 
180558, 
180567, 
180574, 
180582, 
180589, 
180597, 
180605, 
180613, 
180621, 
180629, 
180636, 
180644, 
180652, 
180660, 
180668, 
180675, 
180683, 
180691, 
180699, 
180707, 
180715, 
180723, 
180730, 
180738, 
180746, 
180754, 
180762, 
180769, 
180777, 
180785, 
180793, 
180801, 
180808, 
180816, 
180824, 
180832, 
180840, 
180849, 
180855, 
180863, 
180872, 
180879, 
180887, 
180894, 
180902, 
180910, 
180928, 
180929, 
180934, 
180941, 
180949, 
180957, 
180965, 
180973, 
180980, 
180988, 
180996, 
181004, 
181012, 
181020, 
181027, 
181035, 
181043, 
181051, 
181059, 
181066, 
181074, 
181082, 
181090, 
181099, 
181106, 
181113, 
181121, 
181129, 
181137, 
181145, 
181152, 
181160, 
181168, 
181176, 
181184, 
181193, 
181199, 
181207, 
181215, 
181224, 
181232, 
181238, 
181246, 
181254, 
181262, 
181270, 
181278, 
181285, 
181293, 
181301, 
181309, 
181317, 
181324, 
181332, 
181340, 
181348, 
181356, 
181364, 
181371, 
181380, 
181387, 
181395, 
181404, 
181411, 
181418, 
181426, 
181434, 
181443, 
181450, 
181457, 
181465, 
181473, 
181481, 
181489, 
181497, 
181504, 
181512, 
181521, 
181528, 
181536, 
181543, 
181551, 
181559, 
181567, 
181575, 
181582, 
181590, 
181598, 
181606, 
181614, 
181622, 
181629, 
181637, 
181645, 
181653, 
181661, 
181669, 
181676, 
181684, 
181692, 
181700, 
181708, 
181715, 
181723, 
181731, 
181740, 
181747, 
181755, 
181762, 
181770, 
181778, 
181786, 
181794, 
181802, 
181809, 
181817, 
181825, 
181833, 
181841, 
181848, 
181856, 
181865, 
181872, 
181880, 
181887, 
181895, 
181903, 
181911, 
181919, 
181927, 
181934, 
181942, 
181950, 
181958, 
181966, 
181973, 
181981, 
181989, 
181997, 
182005, 
182013, 
182020, 
182028, 
182036, 
182044, 
182052, 
182060, 
182067, 
182075, 
182083, 
182091, 
182099, 
182106, 
182114, 
182122, 
182130, 
182138, 
182146, 
182153, 
182161, 
182169, 
182177, 
182185, 
182192, 
182200, 
182208, 
182216, 
182224, 
182232, 
182239, 
182247, 
182255, 
182263, 
182271, 
182278, 
182286, 
182294, 
182302, 
182310, 
182318, 
182325, 
182333, 
182341, 
182349, 
182358, 
182364, 
182372, 
182380, 
182388, 
182396, 
182404, 
182411, 
182419, 
182427, 
182435, 
182443, 
182451, 
182458, 
182466, 
182474, 
182482, 
182490, 
182497, 
182505, 
182513, 
182521, 
182529, 
182537, 
182544, 
182552, 
182560, 
182568, 
182576, 
182583, 
182591, 
182599, 
182607, 
182615, 
182622, 
182630, 
182638, 
182646, 
182654, 
182662, 
182669, 
182677, 
182685, 
182693, 
182701, 
182709, 
182716, 
182724, 
182732, 
182740, 
182748, 
182755, 
182763, 
182771, 
182779, 
182787, 
182795, 
182802, 
182811, 
182818, 
182826, 
182834, 
182842, 
182850, 
182857, 
182865, 
182873, 
182881, 
182888, 
182896, 
182904, 
182912, 
182920, 
182927, 
182935, 
182943, 
182951, 
182959, 
182967, 
182974, 
182982, 
182990, 
182998, 
183007, 
183013, 
183021, 
183029, 
183038, 
183045, 
183053, 
183060, 
183068, 
183076, 
183084, 
183092, 
183101, 
183107, 
183115, 
183123, 
183131, 
183139, 
183146, 
183154, 
183162, 
183170, 
183178, 
183186, 
183193, 
183201, 
183209, 
183217, 
183226, 
183233, 
183240, 
183248, 
183256, 
183264, 
183272, 
183279, 
183287, 
183295, 
183303, 
183311, 
183318, 
183326, 
183334, 
183342, 
183352, 
183358, 
183366, 
183373, 
183384, 
183389, 
183399, 
183404, 
183412, 
183420, 
183428, 
183436, 
183444, 
183451, 
183459, 
183467, 
183476, 
183483, 
183490, 
183498, 
183506, 
183514, 
183522, 
183530, 
183537, 
183545, 
183553, 
183561, 
183569, 
183577, 
183585, 
183592, 
183600, 
183608, 
183616, 
183624, 
183631, 
183639, 
183648, R
183656, 
183663, 
183670, 
183679, S
183686, S
183694, S
183702, S
183709, 
183717, 
183726, 
183733, 
183742, 
183749, 
183757, 
183764, 
183772, 
183812, 
183814, 
183814, 
183814, 
183814, 
183819, 
183827, 
183835, 
183842, 
183850, 
183858, 
183866, 
183874, 
183881, 
183889, 
183897, 
183905, 
183913, 
183921, 
183928, 
183936, 
183944, 
183952, 
183960, 
183968, 
183975, 
183983, 
183991, 
184000, 
184007, 
184014, 
184022, 
184030, 
184038, 
184046, 
184054, 
184061, 
184069, 
184077, 
184086, 
184093, 
184101, 
184108, 
184116, 
184124, 
184132, 
184140, 
184147, 
184155, 
184163, 
184171, 
184179, 
184186, 
184194, 
184202, 
184210, 
184218, 
184227, 
184233, 
184242, 
184249, 
184257, 
184265, 
184272, 
184280, 
184288, 
184296, 
184304, 
184312, 
184320, 
184327, 
184335, 
184343, 
184351, 
184358, 
184366, 
184374, 
184382, 
184390, 
184399, 
184405, 
184413, 
184421, 
184429, 
184438, 
184444, 
184452, 
184460, 
184468, 
184476, 
184484, 
184491, 
184500, 
184507, 
184515, 
184523, 
184531, 
184538, 
184546, 
184554, 
184563, 
184570, 
184577, 
184585, 
184593, 
184601, 
184609, 
184616, 
184624, 
184632, 
184640, 
184648, 
184656, 
184663, 
184671, 
184680, 
184687, 
184696, 
184703, 
184710, 
184718, 
184726, 
184734, 
184743, 
184749, 
184757, 
184765, 
184773, 
184781, 
184789, 
184796, 
184805, 
184812, 
184820, 
184828, 
184835, 
184843, 
184851, 
184859, 
184868, 
184876, 
184882, 
184890, 
184898, 
184906, 
184914, 
184921, 
184929, 
184937, 
184945, 
184953, 
184961, 
184968, 
184976, 
184984, 
184992, 
185000, 
185007, 
185015, 
185023, 
185031, 
185039, 
185047, 
185054, 
185062, 
185070, 
185078, 
185086, 
185093, 
185101, 
185109, 
185117, 
185125, 
185133, 
185140, 
185148, 
185156, 
185164, 
185172, 
185180, 
185187, 
185195, 
185203, 
185211, 
185219, 
185226, 
185234, 
185242, 
185250, 
185258, 
185266, 
185273, 
185281, 
185289, 
185297, 
185305, 
185313, 
185321, 
185328, 
185336, 
185344, 
185352, 
185359, 
185368, 
185376, 
185383, 
185392, 
185399, 
185406, 
185414, 
185423, 
185430, 
185438, 
185445, 
185454, 
185461, 
185469, 
185477, 
185484, 
185492, 
185500, 
185508, 
185516, 
185524, 
185531, 
185539, 
185547, 
185555, 
185563, 
185570, 
185578, 
185586, 
185594, 
185603, 
185610, 
185617, 
185625, 
185633, 
185641, 
185649, 
185657, 
185664, 
185672, 
185680, 
185688, 
185697, R
185703, 
185711, S
185719, S
185727, S
185735, S
185743, 
185750, 
185758, 
185766, 
185774, 
185782, 
185789, 
185797, 
185806, 
185813, 
185821, 
185829, 
185836, 
185844, 
185852, 
185860, 
185868, 
185875, 
185883, 
185891, 
185899, 
185907, 
185916, 
185922, 
185930, 
185938, 
185947, 
185954, 
185962, 
185969, 
185977, 
185985, 
185993, 
186001, 
186008, 
186016, 
186024, 
186032, 
186040, 
186047, 
186055, 
186063, 
186071, 
186080, 
186087, 
186094, 
186103, 
186110, 
186118, 
186126, 
186133, 
186141, 
186149, 
186157, 
186165, 
186173, 
186180, 
186188, 
186196, 
186204, 
186212, 
186220, 
186227, 
186235, 
186243, 
186251, 
186259, 
186266, 
186274, 
186283, 
186290, 
186298, 
186306, 
186313, 
186321, 
186329, 
186337, 
186345, 
186352, 
186360, 
186368, 
186376, 
186384, 
186392, 
186399, 
186407, 
186416, 
186423, 
186432, 
186438, 
186447, 
186454, 
186462, 
186470, 
186478, 
186485, 
186493, 
186501, 
186509, 
186517, 
186524, 
186533, 
186540, 
186548, 
186556, 
186564, 
186571, 
186579, 
186587, 
186595, 
186603, 
186610, 
186618, 
186626, 
186634, 
186642, 
186650, 
186657, 
186665, 
186673, 
186682, 
186689, 
186697, 
186704, 
186712, 
186720, 
186728, 
186736, 
186743, 
186751, 
186760, 
186767, 
186775, 
186783, 
186790, 
186798, 
186806, 
186814, 
186822, 
186830, 
186837, 
186846, 
186853, 
186862, 
186869, 
186876, 
186884, 
186892, 
186900, 
186908, 
186915, 
186923, 
186931, 
186939, 
186947, 
186956, 
186962, 
186970, 
186978, 
186986, 
186994, 
187001, 
187009, 
187017, 
187025, 
187033, 
187041, 
187049, 
187057, 
187065, 
187072, 
187080, 
187087, 
187095, 
187103, 
187111, 
187120, 
187127, 
187134, 
187142, 
187150, 
187158, 
187167, 
187173, 
187181, 
187189, 
187197, 
187205, 
187213, 
187220, 
187228, 
187236, 
187244, 
187252, 
187259, 
187267, 
187275, 
187283, 
187291, 
187299, 
187306, 
187314, 
187322, 
187330, 
187338, 
187346, 
187353, 
187361, 
187369, 
187377, 
187385, 
187392, 
187400, 
187408, 
187416, 
187424, 
187432, 
187439, 
187448, 
187455, 
187463, 
187471, 
187479, 
187486, 
187494, 
187502, 
187510, 
187519, 
187525, 
187533, 
187541, 
187549, 
187557, 
187564, 
187572, 
187580, 
187588, 
187596, 
187604, 
187611, 
187619, 
187627, 
187635, 
187643, 
187650, 
187658, 
187667, 
187675, 
187682, 
187690, 
187697, 
187705, 
187713, 
187721, 
187729, 
187736, 
187744, 
187752, 
187760, 
187768, 
187776, 
187783, 
187792, 
187799, 
187807, 
187815, 
187822, 
187830, 
187838, 
187846, 
187854, 
187862, 
187869, 
187877, 
187885, 
187893, 
187901, 
187909, 
187916, 
187924, 
187932, 
187940, 
187948, 
187955, 
187963, 
187971, 
187979, 
187987, 
187996, 
188002, 
188010, 
188018, 
188026, 
188034, 
188042, 
188049, 
188057, 
188065, 
188073, 
188081, 
188088, 
188096, R
188104, 
188112, 
188120, S
188127, S
188135, S
188143, S
188151, 
188159, 
188167, 
188174, 
188182, 
188190, 
188198, 
188206, 
188213, 
188221, 
188230, 
188237, 
188245, 
188254, 
188261, 
188269, 
188276, 
188284, 
188292, 
188300, 
188308, 
188315, 
188323, 
188331, 
188339, 
188347, 
188354, 
188363, 
188370, 
188378, 
188386, 
188393, 
188401, 
188409, 
188417, 
188425, 
188432, 
188440, 
188448, 
188456, 
188464, 
188472, 
188480, 
188487, 
188495, 
188503, 
188511, 
188518, 
188526, 
188534, 
188542, 
188550, 
188558, 
188566, 
188573, 
188582, 
188589, 
188597, 
188604, 
188612, 
188620, 
188628, 
188636, 
188644, 
188651, 
188659, 
188668, 
188675, 
188683, 
188690, 
188698, 
188706, 
188714, 
188722, 
188730, 
188737, 
188746, 
188753, 
188761, 
188769, 
188777, 
188784, 
188792, 
188800, 
188808, 
188816, 
188823, 
188831, 
188839, 
188847, 
188855, 
188863, 
188870, 
188878, 
188886, 
188894, 
188902, 
188909, 
188917, 
188925, 
188933, 
188941, 
188950, 
188957, 
188965, 
188972, 
188980, 
188988, 
188995, 
189003, 
189011, 
189020, 
189027, 
189035, 
189043, 
189050, 
189058, 
189066, 
189075, 
189081, 
189089, 
189098, 
189105, 
189113, 
189122, 
189128, 
189136, 
189144, 
189152, 
189160, 
189168, 
189175, 
189183, 
189191, 
189199, 
189207, 
189214, 
189222, 
189230, 
189238, 
189246, 
189253, 
189261, 
189269, 
189277, 
189285, 
189293, 
189300, 
189308, 
189316, 
189324, 
189332, 
189340, 
189347, 
189355, 
189364, 
189371, 
189380, 
189387, 
189394, 
189402, 
189410, 
189418, 
189426, 
189433, 
189441, 
189449, 
189457, 
189466, 
189472, 
189480, 
189488, 
189497, 
189504, 
189512, 
189519, 
189527, 
189535, 
189543, 
189551, 
189558, 
189567, 
189574, 
189582, 
189590, 
189598, 
189605, 
189613, 
189621, 
189629, 
189637, 
189644, 
189652, 
189660, 
189668, 
189676, 
189685, 
189691, 
189699, 
189707, 
189716, 
189723, 
189731, 
189738, 
189746, 
189754, 
189762, 
189770, 
189777, 
189785, 
189793, 
189802, 
189810, 
189817, 
189824, 
189833, 
189840, 
189848, 
189856, 
189863, 
189871, 
189879, 
189887, 
189895, 
189902, 
189910, 
189918, 
189926, 
189934, 
189942, 
189949, 
189957, 
189965, 
189973, 
189981, 
189989, 
189996, 
190004, 
190012, 
190020, 
190028, 
190035, 
190043, 
190051, 
190059, 
190067, 
190075, 
190082, 
190090, 
190098, 
190106, 
190114, 
190121, 
190129, 
190137, 
190145, 
190153, 
190161, 
190168, 
190177, 
190184, 
190192, 
190200, 
190207, 
190215, 
190223, 
190231, 
190240, 
190247, 
190254, 
190262, 
190270, 
190278, 
190287, 
190294, 
190301, 
190309, 
190317, 
190325, 
190333, 
190340, 
190348, 
190356, 
190364, 
190372, 
190379, 
190387, 
190395, 
190404, 
190411, R
190419, 
190426, 
190434, S
190442, S
190450, S
190458, S
190466, 
190473, 
190481, 
190490, 
190498, 
190505, 
190512, 
190520, 
190528, 
190536, 
190544, 
190552, 
190559, 
190567, 
190575, 
190583, 
190593, 
190598, 
190606, 
190615, 
190622, 
190630, 
190638, 
190645, 
190653, 
190661, 
190669, 
190677, 
190684, 
190693, 
190700, 
190708, 
190716, 
190724, 
190731, 
190739, 
190747, 
190755, 
190763, 
190770, 
190778, 
190786, 
190794, 
190802, 
190810, 
190818, 
190825, 
190834, 
190841, 
190849, 
190856, 
190864, 
190875, 
190880, 
190889, 
190896, 
190903, 
190911, 
190919, 
190927, 
190935, 
190942, 
190950, 
190958, 
190966, 
190974, 
190982, 
190989, 
190997, 
191005, 
191013, 
191021, 
191029, 
191036, 
191045, 
191053, 
191060, 
191068, 
191075, 
191083, 
191091, 
191099, 
191107, 
191115, 
191122, 
191130, 
191138, 
191146, 
191154, 
191161, 
191169, 
191177, 
191185, 
191193, 
191201, 
191208, 
191216, 
191224, 
191232, 
191240, 
191249, 
191255, 
191264, 
191271, 
191280, 
191287, 
191294, 
191302, 
191311, 
191318, 
191326, 
191334, 
191341, 
191349, 
191358, 
191366, 
191373, 
191380, 
191388, 
191396, 
191404, 
191412, 
191420, 
191428, 
191435, 
191443, 
191451, 
191459, 
191466, 
191474, 
191482, 
191490, 
191498, 
191506, 
191513, 
191521, 
191529, 
191537, 
191545, 
191552, 
191560, 
191568, 
191576, 
191584, 
191592, 
191599, 
191607, 
191615, 
191623, 
191631, 
191638, 
191646, 
191654, 
191663, 
191670, 
191678, 
191685, 
191693, 
191701, 
191709, 
191717, 
191724, 
191732, 
191740, 
191749, 
191756, 
191764, 
191771, 
191780, 
191787, 
191795, 
191804, 
191810, 
191818, 
191826, 
191834, 
191842, 
191850, 
191857, 
191865, 
191874, 
191881, 
191889, 
191898, 
191904, 
191912, 
191920, 
191928, 
191936, 
191943, 
191952, 
191959, 
191967, 
191975, 
191983, 
191991, 
191998, 
192006, 
192014, 
192022, 
192029, 
192037, 
192045, 
192054, 
192061, 
192069, 
192076, 
192085, 
192093, 
192100, 
192108, 
192115, 
192123, 
192131, 
192144, 
192147, 
192155, 
192162, 
192170, 
192178, 
192186, 
192194, 
192201, 
192209, 
192217, 
192225, 
192233, 
192241, 
192248, 
192256, 
192264, 
192272, 
192280, 
192287, 
192295, 
192303, 
192311, 
192319, 
192327, 
192334, 
192342, 
192350, 
192358, 
192366, 
192373, 
192381, 
192389, 
192398, 
192405, 
192413, 
192420, 
192428, 
192436, 
192444, 
192452, 
192460, 
192467, 
192475, 
192483, 
192491, 
192499, 
192506, 
192514, 
192522, 
192530, 
192538, 
192546, 
192553, 
192561, 
192569, 
192577, 
192585, 
192592, 
192600, 
192608, 
192616, 
192624, 
192632, 
192639, 
192647, 
192655, 
192663, 
192671, 
192678, 
192686, 
192695, 
192703, 
192710, 
192718, 
192725, 
192733, 
192741, 
192749, 
192757, 
192764, 
192772, 
192780, 
192788, 
192796, 
192804, 
192811, 
192819, 
192827, 
192835, 
192843, 
192851, 
192858, 
192866, 
192874, 
192882, 
192890, 
192898, 
192905, 
192913, 
192921, 
192929, 
192937, 
192944, 
192952, 
192960, 
192968, 
192976, 
192983, 
192993, 
192999, 
193007, 
193015, 
193022, 
193030, 
193038, 
193047, 
193054, 
193062, 
193070, 
193077, 
193085, 
193093, 
193101, 
193109, 
193116, 
193124, 
193132, 
193140, 
193149, 
193155, 
193163, 
193171, 
193180, 
193187, 
193195, 
193202, 
193210, 
193218, 
193226, 
193234, 
193241, 
193249, 
193257, 
193265, 
193273, 
193281, 
193288, 
193297, 
193304, 
193318, 
193320, 
193327, 
193336, 
193344, 
193351, 
193359, 
193367, 
193374, 
193382, 
193390, 
193398, 
193406, 
193413, 
193421, 
193429, 
193438, 
193445, 
193453, 
193460, 
193468, 
193476, 
193484, 
193492, 
193499, 
193507, 
193515, 
193523, 
193531, 
193539, 
193546, 
193554, 
193562, 
193570, 
193578, 
193585, 
193593, 
193602, 
193609, 
193617, 
193625, 
193632, 
193640, 
193648, 
193656, 
193664, 
193672, 
193679, 
193687, 
193695, 
193703, 
193711, 
193718, R
193726, 
193734, 
193742, 
193750, S
193758, S
193765, S
193774, S
193782, 
193789, 
193797, 
193805, 
193813, 
193820, 
193828, 
193836, 
193844, 
193851, 
193859, 
193867, 
193875, 
193883, 
193890, 
193899, 
193906, 
193915, 
193922, 
193930, 
193937, 
193945, 
193953, 
193961, 
193969, 
193976, 
193984, 
193993, 
194000, 
194008, 
194016, 
194023, 
194031, 
194040, 
194047, 
194055, 
194062, 
194070, 
194078, 
194086, 
194094, 
194102, 
194109, 
194117, 
194125, 
194134, 
194141, 
194149, 
194156, 
194164, 
194172, 
194180, 
194188, 
194195, 
194203, 
194211, 
194219, 
194227, 
194235, 
194242, 
194250, 
194258, 
194266, 
194274, 
194281, 
194289, 
194297, 
194305, 
194313, 
194321, 
194328, 
194336, 
194344, 
194352, 
194360, 
194367, 
194375, 
194383, 
194391, 
194399, 
194407, 
194414, 
194422, 
194430, 
194438, 
194446, 
194453, 
194462, 
194469, 
194477, 
194485, 
194493, 
194500, 
194508, 
194516, 
194524, 
194532, 
194539, 
194547, 
194555, 
194563, 
194571, 
194580, 
194586, 
194594, 
194602, 
194610, 
194618, 
194626, 
194633, 
194641, 
194649, 
194657, 
194665, 
194672, 
194680, 
194688, 
194696, 
194704, 
194712, 
194720, 
194727, 
194735, 
194743, 
194751, 
194758, 
194766, 
194774, 
194782, 
194790, 
194798, 
194805, 
194813, 
194821, 
194829, 
194837, 
194844, 
194852, 
194860, 
194868, 
194876, 
194885, 
194891, 
194899, 
194907, 
194915, 
194923, 
194930, 
194938, 
194947, 
194954, 
194962, 
194970, 
194977, 
194986, 
194993, 
195001, 
195009, 
195016, 
195024, 
195032, 
195041, 
195048, 
195056, 
195064, 
195071, 
195079, 
195087, 
195095, 
195103, 
195110, 
195119, 
195126, 
195134, 
195143, 
195149, 
195157, 
195165, 
195173, 
195181, 
195188, 
195197, 
195204, 
195212, 
195220, 
195228, 
195235, 
195243, 
195251, 
195259, 
195267, 
195276, 
195282, 
195290, 
195298, 
195306, 
195314, 
195321, 
195329, 
195337, 
195345, 
195353, 
195361, 
195368, 
195376, 
195385, 
195392, 
195400, 
195407, 
195415, 
195423, 
195431, 
195439, 
195447, 
195454, 
195462, 
195470, 
195478, 
195486, 
195493, 
195501, 
195510, 
195517, 
195526, 
195533, 
195541, 
195548, 
195556, 
195564, 
195572, 
195580, 
195587, 
195595, 
195603, 
195611, 
195620, 
195626, 
195634, 
195642, 
195650, 
195658, 
195666, 
195673, 
195681, 
195689, 
195697, 
195706, 
195712, 
195720, 
195728, 
195736, 
195744, 
195751, 
195759, 
195768, 
195775, 
195783, 
195791, 
195798, 
195806, 
195814, 
195822, 
195831, 
195838, 
195845, 
195853, 
195861, 
195869, 
195877, 
195885, 
195892, 
195900, 
195908, 
195916, 
195924, 
195931, 
195939, 
195947, 
195955, 
195964, 
195970, 
195978, 
195986, 
195994, 
196002, 
196010, 
196017, 
196025, 
196033, 
196041, 
196049, 
196056, 
196064, 
196072, 
196080, 
196088, 
196096, 
196103, 
196111, 
196120, 
196127, 
196135, 
196142, 
196150, 
196158, 
196166, 
196174, 
196182, 
196189, 
196197, 
196205, 
196213, 
196221, 
196228, 
196237, 
196245, 
196252, 
196260, 
196268, 
196275, 
196284, 
196291, 
196299, 
196307, 
196315, 
196322, 
196330, 
196338, 
196346, 
196354, 
196361, 
196369, 
196377, 
196385, 
196393, 
196401, 
196409, 
196416, 
196424, 
196432, 
196440, 
196447, 
196455, 
196464, 
196471, 
196479, 
196487, 
196494, 
196502, 
196510, 
196518, 
196526, 
196533, 
196541, 
196550, 
196557, 
196565, 
196573, 
196580, 
196588, 
196596, 
196604, 
196613, 
196620, 
196627, 
196635, 
196643, 
196651, 
196659, 
196666, 
196674, 
196682, 
196691, 
196698, 
196705, 
196713, 
196721, 
196729, 
196737, 
196745, 
196752, 
196760, 
196768, 
196776, 
196784, 
196792, 
196799, 
196807, 
196815, 
196823, 
196832, 
196838, 
196846, 
196854, 
196862, 
196870, 
196878, 
196885, 
196894, 
196901, 
196909, 
196917, 
196924, 
196932, 
196940, 
196948, 
196956, 
196965, 
196971, 
196980, 
196987, 
196995, 
197003, 
197010, 
197018, 
197026, 
197034, 
197042, 
197050, 
197057, 
197065, 
197073, 
197082, 
197089, 
197096, 
197105, 
197112, 
197121, 
197128, 
197136, 
197143, 
197151, 
197159, 
197167, 
197176, 
197182, 
197190, 
197198, 
197206, 
197214, 
197222, 
197230, 
197237, 
197246, 
197253, 
197261, 
197268, 
197276, 
197284, 
197292, 
197300, 
197308, 
197315, 
197323, 
197331, 
197339, 
197347, 
197355, 
197362, 
197370, 
197378, 
197392, 
197395, 
197401, 
197409, 
197417, 
197425, 
197433, 
197441, 
197448, 
197456, 
197464, 
197472, 
197481, 
197487, 
197496, 
197503, 
197511, 
197519, 
197527, 
197534, 
197542, 
197550, 
197558, 
197566, 
197573, 
197581, 
197589, 
197597, 
197605, 
197614, 
197620, 
197628, 
197636, 
197644, 
197652, 
197659, 
197667, 
197675, 
197683, 
197691, 
197699, 
197706, 
197714, 
197722, 
197730, 
197738, 
197746, 
197761, 
197762, 
197769, 
197777, 
197785, 
197792, 
197800, 
197809, 
197816, 
197824, 
197832, 
197839, 
197847, 
197855, 
197863, 
197871, 
197878, 
197887, 
197894, 
197902, 
197910, 
197918, 
197926, 
197933, 
197941, 
197949, 
197957, 
197964, 
197972, 
197980, 
197988, 
197996, 
198004, 
198011, 
198019, 
198028, 
198035, 
198043, 
198051, 
198058, 
198066, 
198074, 
198082, 
198090, 
198097, 
198105, 
198113, 
198122, 
198129, 
198136, 
198144, 
198152, 
198160, 
198168, 
198176, 
198183, 
198191, 
198199, 
198207, 
198215, 
198223, 
198230, 
198238, 
198246, 
198254, 
198262, 
198269, 
198277, 
198285, 
198293, 
198301, 
198310, 
198316, 
198324, 
198332, 
198340, 
198348, 
198355, 
198363, 
198371, 
198380, 
198387, 
198395, 
198402, 
198410, 
198418, 
198426, 
198434, 
198441, 
198449, 
198457, 
198466, 
198473, 
198481, 
198488, 
198496, 
198504, 
198512, 
198520, 
198527, 
198535, 
198543, 
198551, 
198559, 
198567, 
198574, 
198582, 
198590, 
198598, 
198606, 
198614, 
198621, 
198630, 
198637, 
198645, 
198653, 
198660, 
198668, 
198677, 
198684, 
198692, 
198699, 
198707, 
198715, 
198723, 
198731, 
198739, 
198746, 
198754, 
198762, 
198770, 
198778, 
198785, 
198793, 
198801, 
198809, 
198817, 
198825, 
198832, 
198840, 
198848, 
198856, 
198864, 
198872, 
198879, 
198887, 
198895, 
198903, 
198911, 
198918, 
198926, 
198934, 
198942, 
198950, 
198958, 
198965, 
198973, 
198981, 
198989, 
198997, 
199004, 
199013, 
199020, 
199028, 
199036, 
199044, 
199052, 
199060, 
199067, 
199075, 
199084, 
199090, 
199098, 
199106, 
199115, 
199122, 
199130, 
199137, 
199145, 
199153, 
199161, 
199169, 
199176, 
199184, 
199192, 
199200, 
199208, 
199216, 
199223, 
199231, 
199239, 
199247, 
199255, 
199262, 
199270, 
199279, 
199286, 
199294, 
199302, 
199309, 
199317, 
199325, 
199333, 
199341, 
199349, 
199356, 
199364, 
199372, 
199380, 
199388, 
199395, 
199403, 
199411, 
199419, 
199427, 
199435, 
199442, 
199450, 
199458, 
199466, 
199474, 
199481, 
199489, 
199497, 
199505, 
199513, 
199521, 
199528, 
199536, 
199544, 
199552, 
199560, 
199567, 
199575, 
199584, 
199591, 
199600, 
199607, 
199614, 
199622, 
199630, 
199638, 
199646, 
199653, 
199661, 
199669, 
199677, 
199685, 
199693, 
199700, 
199708, 
199716, 
199724, 
199733, 
199739, 
199747, 
199755, 
199763, 
199771, 
199779, 
199786, 
199794, 
199802, 
199810, 
199818, 
199825, 
199833, 
199841, 
199849, 
199857, 
199865, 
199872, 
199880, 
199888, 
199896, 
199904, 
199912, 
199919, 
199927, 
199935, 
199943, 
199951, 
199958, 
199966, 
199974, 
199983, 
199991, 
199998, 
200005, 
200014, 
200021, 
200029, 
200037, 
200044, 
200052, 
200060, 
200068, 
200076, 
200084, 
200091, 
200099, 
200107, 
200115, 
200123, 
200130, 
200138, 
200146, 
200154, 
200162, 
200170, 
200177, 
200186, 
200193, 
200202, 
200209, 
200216, 
200224, 
200232, 
200241, 
200248, 
200256, 
200263, 
200271, 
200279, 
200287, 
200295, 
200303, 
200310, 
200318, 
200326, 
200334, 
200342, 
200349, 
200357, 
200366, 
200373, 
200381, 
200389, 
200396, 
200404, 
200412, 
200420, 
200428, 
200435, 
200443, 
200451, 
200459, 
200467, 
200475, 
200482, 
200490, 
200498, 
200506, 
200514, 
200521, 
200529, 
200538, 
200545, 
200553, 
200561, 
200569, 
200576, 
200584, 
200592, 
200600, 
200607, 
200616, 
200623, 
200632, 
200639, 
200648, 
200654, 
200662, 
200670, 
200678, 
200686, 
200693, 
200701, 
200709, 
200717, 
200725, 
200733, 
200740, 
200748, 
200756, 
200764, 
200772, 
200779, 
200787, 
200795, 
200803, 
200812, 
200820, 
200826, 
200834, 
200842, 
200850, 
200858, 
200866, 
200873, 
200881, 
200889, 
200897, 
200905, 
200912, 
200921, 
200928, 
200936, 
200944, 
200952, 
200960, 
200967, 
200975, 
200984, 
200991, 
200998, 
201006, 
201014, 
201022, 
201031, 
201038, 
201045, 
201053, 
201061, 
201069, 
201078, 
201084, 
201093, 
201100, 
201108, 
201116, 
201124, 
201131, 
201139, 
201147, 
201155, 
201163, 
201170, 
201178, 
201186, 
201194, 
201203, 
201210, 
201217, 
201225, 
201233, 
201242, 
201249, 
201256, 
201264, 
201272, 
201280, 
201288, 
201297, 
201303, 
201311, 
201320, 
201327, 
201336, 
201342, 
201350, 
201358, 
201366, 
201374, 
201382, 
201389, 
201397, 
201405, 
201413, 
201421, 
201428, 
201436, 
201444, 
201452, 
201460, 
201468, 
201475, 
201484, 
201492, 
201513, 
201514, 
201515, 
201522, 
201531, 
201539, 
201546, 
201554, 
201561, 
201569, 
201577, 
201585, 
201593, 
201601, R
201608, 
201617, 
201624, 
201632, S
201640, S
201647, S
201655, S
201663, 
201671, 
201679, 
201687, 
201694, 
201702, 
201710, 
201718, 
201726, 
201733, 
201741, 
201749, 
201757, 
201765, 
201773, 
201780, 
201788, 
201796, 
201804, 
201812, 
201819, 
201827, 
201835, 
201843, 
201851, 
201859, 
201866, 
201874, 
201882, 
201890, 
201898, 
201906, 
201913, 
201921, 
201929, 
201937, 
201945, 
201952, 
201960, 
201968, 
201976, 
201984, 
201992, 
201999, 
202007, 
202015, 
202024, 
202031, 
202038, 
202046, 
202054, 
202062, 
202070, 
202078, 
202085, 
202093, 
202101, 
202109, 
202117, 
202124, 
202133, 
202140, 
202148, 
202156, 
202164, 
202171, 
202179, 
202187, 
202195, 
202203, 
202210, 
202218, 
202226, 
202234, 
202242, 
202250, 
202257, 
202265, 
202273, 
202281, 
202289, 
202296, 
202305, 
202312, 
202320, 
202328, 
202336, 
202343, 
202351, 
202359, 
202367, 
202375, 
202398, 
202399, 
202399, 
202406, 
202414, 
202422, 
202430, 
202437, 
202445, 
202453, 
202461, 
202468, 
202476, 
202484, 
202492, 
202500, 
202508, 
202515, 
202523, 
202531, 
202539, 
202547, 
202554, 
202562, 
202570, 
202578, 
202586, 
202594, 
202601, 
202609, 
202617, 
202625, 
202633, 
202641, 
202648, 
202656, 
202664, 
202672, 
202680, 
202687, 
202695, 
202703, 
202711, 
202719, 
202727, 
202734, 
202742, 
202750, 
202758, 
202766, 
202773, 
202781, 
202789, 
202797, 
202805, 
202813, 
202820, 
202828, 
202836, 
202844, 
202852, 
202859, 
202867, 
202875, 
202883, 
202891, 
202899, 
202906, 
202914, 
202922, 
202930, 
202938, 
202945, 
202953, 
202961, 
202969, 
202977, 
202985, 
202992, 
203000, 
203008, 
203016, 
203024, 
203032, 
203039, 
203047, 
203055, 
203063, 
203072, 
203079, 
203086, 
203094, 
203102, 
203110, 
203118, 
203125, 
203134, 
203141, 
203149, 
203157, 
203164, 
203172, 
203180, 
203188, 
203197, 
203204, 
203211, 
203220, 
203228, 
203235, 
203243, 
203250, 
203258, 
203266, 
203274, 
203282, 
203290, 
203297, 
203305, 
203313, 
203321, 
203329, 
203336, 
203344, 
203352, 
203360, 
203368, 
203376, 
203383, 
203391, 
203399, 
203407, 
203415, 
203422, 
203430, 
203438, 
203446, 
203454, 
203462, 
203469, 
203477, 
203485, 
203493, 
203501, 
203508, 
203516, 
203524, 
203532, 
203540, 
203548, 
203556, 
203563, 
203571, 
203579, 
203587, 
203595, 
203603, 
203610, 
203618, 
203626, 
203634, 
203641, 
203649, 
203657, 
203665, 
203673, 
203681, 
203688, 
203697, 
203704, 
203712, 
203720, 
203727, 
203736, 
203743, 
203751, 
203759, 
203767, 
203774, 
203782, 
203790, 
203798, 
203807, 
203813, 
203821, 
203830, 
203837, 
203845, 
203853, 
203860, 
203868, 
203876, 
203885, 
203893, 
203900, 
203907, 
203915, 
203923, 
203931, 
203939, 
203947, 
203954, 
203962, 
203970, 
203978, 
203985, 
203993, 
204001, 
204009, 
204017, 
204025, 
204032, 
204040, 
204048, 
204056, 
204064, 
204071, 
204079, 
204087, 
204095, 
204103, 
204111, 
204118, 
204126, 
204134, 
204142, 
204151, 
204158, 
204165, 
204173, 
204181, 
204189, 
204197, 
204204, 
204212, 
204220, 
204228, 
204237, 
204244, 
204251, 
204259, 
204267, 
204275, 
204283, 
204290, 
204298, 
204306, 
204314, 
204323, 
204330, 
204337, 
204345, 
204353, 
204361, 
204369, 
204377, 
204385, 
204392, 
204400, 
204408, 
204416, 
204423, 
204431, 
204439, 
204448, 
204455, 
204462, 
204470, 
204478, 
204487, 
204494, 
204502, 
204509, 
204517, 
204525, 
204533, 
204541, 
204548, 
204556, 
204564, 
204572, 
204580, 
204588, 
204595, 
204603, 
204611, 
204619, 
204627, 
204634, 
204642, 
204650, 
204658, 
204666, 
204674, 
204681, 
204689, 
204697, 
204705, 
204713, 
204721, 
204728, 
204736, 
204744, 
204752, 
204760, 
204767, 
204775, 
204783, 
204791, 
204799, 
204807, 
204815, 
204822, 
204830, 
204839, 
204846, 
204853, 
204861, 
204869, 
204878, 
204885, 
204893, 
204900, 
204908, 
204917, 
204924, 
204932, 
204939, 
204947, 
204955, 
204963, 
204971, 
204979, 
204986, 
204994, 
205002, 
205010, 
205018, 
205025, 
205033, 
205041, 
205049, 
205057, 
205065, 
205072, 
205080, 
205088, 
205096, 
205104, 
205112, 
205119, 
205127, 
205135, 
205143, 
205151, 
205158, 
205166, 
205174, 
205182, 
205191, 
205197, 
205205, 
205214, 
205221, 
205229, 
205237, 
205244, 
205252, 
205260, 
205268, 
205276, 
205283, 
205291, 
205299, 
205307, 
205315, 
205323, 
205330, 
205338, 
205346, 
205354, 
205362, 
205370, 
205377, 
205385, 
205393, 
205401, 
205409, 
205417, 
205424, 
205432, 
205440, 
205448, 
205456, 
205463, 
205471, 
205479, 
205487, 
205495, 
205502, 
205510, 
205518, 
205526, 
205534, 
205542, 
205549, 
205557, 
205565, 
205573, 
205581, 
205588, 
205596, 
205604, 
205612, 
205620, 
205628, 
205635, 
205643, 
205651, 
205659, 
205667, 
205674, 
205682, 
205690, 
205698, 
205706, 
205714, 
205721, 
205729, 
205737, 
205745, 
205753, 
205760, 
205769, 
205776, 
205784, 
205792, 
205800, 
205807, 
205816, 
205823, 
205831, 
205839, 
205848, 
205854, 
205862, 
205870, 
205879, 
205887, 
205893, 
205902, 
205909, 
205918, 
205925, 
205933, 
205940, 
205948, 
205956, 
205964, 
205972, 
205979, 
205987, 
205995, 
206003, 
206011, 
206019, 
206027, 
206034, 
206043, 
206050, 
206058, 
206065, 
206073, 
206081, 
206089, 
206097, 
206105, 
206112, 
206120, 
206128, 
206137, 
206144, 
206152, 
206159, 
206167, 
206175, 
206183, 
206191, 
206198, 
206206, 
206214, 
206222, 
206230, 
206237, 
206245, 
206254, 
206261, 
206269, 
206277, 
206285, 
206292, 
206300, 
206308, 
206316, 
206324, 
206331, 
206339, 
206347, 
206355, 
206363, 
206370, 
206378, 
206386, 
206394, 
206402, 
206410, 
206418, 
206425, 
206434, 
206441, 
206449, 
206457, 
206464, 
206472, 
206481, 
206488, 
206496, 
206503, 
206511, 
206519, 
206527, 
206535, 
206542, 
206550, 
206558, 
206566, 
206574, 
206582, 
206589, 
206597, 
206605, 
206613, 
206621, 
206628, 
206636, 
206644, 
206652, 
206660, 
206668, 
206675, 
206683, 
206691, 
206699, 
206707, 
206714, 
206722, 
206730, 
206738, 
206747, 
206755, 
206761, 
206769, 
206777, 
206785, 
206793, 
206801, 
206808, 
206816, 
206824, 
206832, 
206840, 
206847, 
206855, 
206863, 
206871, 
206879, 
206887, 
206893, 
206902, 
206910, 
206918, 
206926, 
206933, 
206941, 
206949, 
206957, 
206965, 
206973, 
206980, 
206988, 
206995, 
207004, 
207012, 
207019, 
207027, 
207035, 
207043, 
207051, 
207059, 
207066, 
207074, 
207082, 
207090, 
207098, 
207105, 
207113, 
207121, 
207129, 
207137, 
207145, 
207152, 
207160, 
207168, 
207176, 
207184, 
207191, 
207199, 
207207, 
207215, 
207223, 
207231, 
207238, 
207246, 
207254, 
207262, 
207270, 
207277, 
207285, 
207293, 
207301, 
207310, 
207317, 
207324, 
207332, 
207340, 
207348, 
207356, 
207363, 
207371, 
207379, 
207388, 
207395, 
207403, 
207410, 
207418, 
207426, 
207434, 
207443, 
207450, 
207457, 
207465, 
207473, 
207481, 
207489, 
207496, 
207504, 
207512, 
207521, 
207528, 
207536, 
207543, 
207551, 
207559, 
207567, 
207575, 
207582, 
207591, 
207598, 
207606, 
207614, 
207622, 
207629, 
207637, 
207645, 
207653, 
207661, 
207668, 
207676, 
207684, 
207692, 
207700, 
207708, 
207715, 
207723, 
207731, 
207739, 
207747, 
207754, 
207762, 
207770, 
207778, 
207786, 
207794, 
207801, 
207809, 
207817, 
207825, 
207833, 
207840, 
207848, 
207856, 
207864, 
207872, 
207880, 
207887, 
207895, 
207903, 
207911, 
207919, 
207927, 
207934, 
207942, 
207950, 
207958, 
207966, 
207973, 
207982, 
207989, 
207997, 
208005, 
208013, 
208020, 
208028, 
208036, 
208044, 
208052, 
208059, 
208067, 
208075, 
208083, 
208091, 
208099, 
208106, 
208114, 
208122, 
208130, 
208138, 
208145, 
208153, 
208161, 
208169, 
208177, 
208185, 
208192, 
208200, 
208208, 
208216, 
208224, 
208231, 
208239, 
208247, 
208255, 
208263, 
208271, 
208278, 
208286, 
208294, 
208302, 
208310, 
208317, 
208325, 
208333, 
208341, 
208349, 
208357, 
208364, 
208372, 
208380, 
208388, 
208396, 
208404, 
208411, 
208419, 
208427, 
208435, 
208443, 
208450, 
208458, 
208466, 
208474, 
208482, 
208489, 
208497, 
208505, 
208513, 
208521, 
208529, 
208536, 
208544, 
208552, 
208560, 
208568, 
208576, 
208583, 
208591, 
208599, 
208607, 
208615, 
208622, 
208630, 
208638, 
208646, 
208654, 
208662, 
208669, 
208677, 
208685, 
208693, 
208701, 
208708, 
208716, 
208724, 
208733, 
208740, 
208748, 
208755, 
208763, 
208771, 
208779, 
208787, 
208794, 
208802, 
208810, 
208818, 
208826, 
208834, 
208841, 
208849, 
208857, 
208865, 
208873, 
208881, 
208888, 
208896, 
208904, 
208912, 
208920, 
208927, 
208935, 
208943, 
208951, 
208959, 
208967, 
208974, 
208982, 
208990, 
208998, 
209006, 
209013, 
209021, 
209029, 
209037, 
209045, 
209053, 
209060, 
209068, 
209076, 
209084, 
209092, 
209099, 
209107, 
209115, 
209123, 
209131, 
209139, 
209146, 
209154, 
209162, 
209170, 
209177, 
209185, 
209193, 
209201, 
209209, 
209217, 
209225, 
209232, 
209240, 
209248, 
209256, 
209264, 
209271, 
209279, 
209287, 
209295, 
209303, 
209311, 
209318, 
209326, 
209334, 
209342, 
209350, 
209357, 
209365, 
209373, 
209381, 
209389, 
209397, 
209404, 
209412, 
209420, 
209428, 
209436, 
209442, 
209451, 
209459, 
209467, 
209475, 
209483, 
209490, 
209498, 
209506, 
209514, 
209522, 
209529, 
209537, 
209546, 
209553, 
209561, 
209569, 
209576, 
209584, 
209591, 
209600, 
209608, 
209616, 
209623, 
209631, 
209639, 
209647, 
209655, 
209662, 
209680, 
209681, 
209686, 
209694, 
209702, 
209709, 
209717, 
209725, 
209733, 
209741, R
209748, 
209756, 
209764, S
209772, S
209780, S
209788, S
209795, 
209803, 
209810, 
209819, 
209827, 
209834, 
209841, 
209850, 
209858, 
209866, 
209874, 
209881, 
209889, 
209897, 
209905, 
209913, 
209921, 
209927, 
209936, 
209944, 
209952, 
209960, 
209967, 
209975, 
209983, 
209991, 
209999, 
210007, 
210014, 
210022, 
210030, 
210038, 
210046, 
210053, 
210061, 
210069, 
210077, 
210085, 
210093, 
210100, 
210108, 
210116, 
210124, 
210132, 
210139, 
210147, 
210155, 
210163, 
210171, 
210178, 
210185, 
210194, 
210202, 
210210, 
210218, 
210225, 
210233, 
210241, 
210249, 
210257, 
210265, 
210272, 
210280, 
210288, 
210296, 
210304, 
210311, 
210319, 
210327, 
210335, 
210343, 
210350, 
210358, 
210366, 
210374, 
210382, 
210390, 
210397, 
210405, 
210413, 
210421, 
210428, 
210437, 
210444, 
210452, 
210460, 
210468, 
210476, 
210484, 
210491, 
210499, 
210507, 
210515, 
210523, 
210530, 
210538, 
210545, 
210554, 
210562, 
210569, 
210577, 
210585, 
210593, 
210601, 
210609, 
210616, 
210624, 
210631, 
210640, 
210648, 
210656, 
210663, 
210671, 
210678, 
210687, 
210695, 
210702, 
210710, 
210718, 
210726, 
210734, 
210742, 
210749, 
210757, 
210765, 
210773, 
210781, 
210788, 
210796, 
210804, 
210812, 
210820, 
210827, 
210835, 
210843, 
210851, 
210859, 
210867, 
210874, 
210882, 
210890, 
210898, 
210906, 
210914, 
210921, 
210929, 
210937, 
210944, 
210953, 
210961, 
210968, 
210976, 
210984, 
210992, 
211000, 
211007, 
211015, 
211023, 
211031, 
211039, 
211047, 
211054, 
211062, 
211070, 
211078, 
211086, 
211093, 
211101, 
211109, 
211117, 
211125, 
211133, 
211140, 
211148, 
211156, 
211164, 
211172, 
211179, 
211187, 
211195, 
211203, 
211211, 
211219, 
211226, 
211233, 
211242, 
211250, 
211258, 
211265, 
211273, 
211281, 
211289, 
211297, 
211305, 
211312, 
211320, 
211327, 
211336, 
211344, 
211351, 
211359, 
211367, 
211374, 
211382, 
211391, 
211398, 
211406, 
211414, 
211422, 
211430, 
211436, 
211445, 
211453, 
211461, 
211469, 
211477, 
211484, 
211492, 
211500, 
211508, 
211516, 
211524, 
211531, 
211539, 
211547, 
211555, 
211563, 
211570, 
211578, 
211585, 
211594, 
211602, 
211610, 
211617, 
211625, 
211633, 
211641, 
211649, 
211656, 
211664, 
211672, 
211680, 
211688, 
211696, 
211703, 
211711, 
211719, 
211727, 
211735, 
211742, 
211750, 
211758, 
211766, 
211774, 
211782, 
211789, 
211797, 
211805, 
211813, 
211821, 
211828, 
211836, 
211844, 
211852, 
211860, 
211868, 
211875, 
211883, 
211891, 
211899, 
211907, 
211914, 
211922, 
211930, 
211938, 
211946, 
211954, 
211961, 
211968, 
211976, 
211985, 
211993, 
212001, 
212007, 
212016, 
212024, 
212031, 
212039, 
212046, 
212055, 
212063, 
212071, 
212079, 
212085, 
212094, 
212102, 
212110, 
212118, 
212126, 
212133, 
212141, 
212149, 
212157, 
212165, 
212172, 
212180, 
212188, 
212196, 
212204, 
212212, 
212219, 
212227, 
212235, 
212243, 
212251, 
212259, 
212266, 
212274, 
212282, 
212290, 
212298, 
212305, 
212313, 
212321, 
212329, 
212337, 
212345, 
212352, 
212360, 
212368, 
212376, 
212384, 
212391, 
212399, 
212407, 
212415, 
212423, 
212431, 
212438, 
212445, 
212454, 
212462, 
212470, 
212478, 
212485, 
212493, 
212501, 
212509, 
212517, 
212524, 
212532, 
212540, 
212548, 
212556, 
212563, 
212571, 
212579, 
212587, 
212595, 
212603, 
212610, 
212618, 
212626, 
212634, 
212642, 
212650, 
212657, 
212665, 
212673, 
212681, 
212689, 
212696, 
212704, 
212712, 
212720, 
212728, 
212736, 
212743, 
212751, 
212759, 
212767, 
212775, 
212782, 
212790, 
212798, 
212806, 
212814, 
212822, 
212828, 
212836, 
212845, 
212853, 
212861, 
212868, 
212876, 
212884, 
212892, 
212900, 
212908, 
212915, 
212923, 
212930, 
212939, 
212947, 
212954, 
212961, 
212969, 
212977, 
212985, 
212993, 
213000, 
213008, 
213017, 
213024, 
213033, 
213040, 
213047, 
213055, 
213064, 
213071, 
213080, 
213087, 
213094, 
213103, 
213110, 
213119, 
213126, 
213134, 
213142, 
213150, 
213158, 
213166, 
213173, 
213180, 
213189, 
213197, 
213205, 
213213, 
213220, 
213228, 
213236, 
213244, 
213252, 
213259, 
213267, 
213275, 
213283, 
213291, 
213299, 
213306, 
213314, 
213322, 
213330, 
213338, 
213345, 
213353, 
213361, 
213369, 
213377, 
213385, 
213391, 
213400, 
213408, 
213416, 
213423, 
213431, 
213439, 
213447, 
213455, 
213463, 
213471, 
213478, 
213486, 
213494, 
213502, 
213510, 
213517, 
213525, 
213533, 
213541, 
213549, 
213557, 
213564, 
213572, 
213580, 
213588, 
213596, 
213604, 
213611, 
213619, 
213627, 
213635, 
213643, 
213650, 
213657, 
213666, 
213674, 
213682, 
213689, 
213697, 
213704, 
213713, 
213721, 
213729, 
213736, 
213744, 
213752, 
213760, 
213768, 
213776, 
213783, 
213791, 
213799, 
213807, 
213815, 
213822, 
213830, 
213838, 
213846, 
213854, 
213862, 
213868, 
213877, 
213885, 
213893, 
213901, 
213908, 
213916, 
213924, 
213932, 
213939, 
213948, 
213955, 
213963, 
213971, 
213979, 
213987, 
213994, 
214002, 
214010, 
214018, 
214025, 
214034, 
214041, 
214049, 
214057, 
214065, 
214073, 
214080, 
214087, 
214096, 
214104, 
214112, 
214120, 
214126, 
214135, 
214142, 
214150, 
214159, 
214166, 
214174, 
214182, 
214190, 
214198, 
214205, 
214212, 
214221, 
214229, 
214237, 
214245, 
214252, 
214260, 
214268, 
214276, R
214284, 
214292, 
214298, S
214307, S
214315, S
214323, S
214331, 
214339, 
214346, 
214354, 
214362, 
214370, 
214377, 
214384, 
214393, 
214401, 
214409, 
214417, 
214425, 
214432, 
214439, 
214447, 
214455, 
214463, 
214470, 
214478, 
214486, 
214495, 
214503, 
214511, 
214518, 
214526, 
214534, 
214542, 
214549, 
214556, 
214565, 
214573, 
214581, 
214588, 
214596, 
214603, 
214612, 
214620, 
214628, 
214636, 
214643, 
214651, 
214658, 
214667, 
214675, 
214683, 
214690, 
214698, 
214706, 
214714, 
214722, 
214730, 
214737, 
214745, 
214753, 
214761, 
214769, 
214775, 
214784, 
214792, 
214800, 
214808, 
214816, 
214823, 
214831, 
214839, 
214847, 
214855, 
214862, 
214870, 
214878, 
214886, 
214894, 
214902, 
214909, 
214917, 
214925, 
214932, 
214941, 
214948, 
214956, 
214963, 
214971, 
214980, 
214988, 
214994, 
215003, 
215010, 
215019, 
215027, 
215034, 
215041, 
215050, 
215058, 
215066, 
215074, 
215081, 
215089, 
215096, 
215105, 
215113, 
215120, 
215128, 
215136, 
215144, 
215152, 
215160, 
215167, 
215175, 
215183, 
215191, 
215199, 
215206, 
215214, 
215222, 
215230, 
215238, 
215246, 
215253, 
215261, 
215269, 
215277, 
215285, 
215293, 
215300, 
215308, 
215316, 
215324, 
215332, 
215339, 
215347, 
215355, 
215362, 
215371, 
215379, 
215386, 
215394, 
215402, 
215410, 
215418, 
215425, 
215433, 
215441, 
215449, 
215457, 
215465, 
215472, 
215480, 
215487, 
215496, 
215504, 
215511, 
215519, 
215527, 
215535, 
215543, 
215551, 
215558, 
215566, 
215574, 
215582, 
215589, 
215598, 
215605, 
215613, 
215621, 
215628, 
215637, 
215644, 
215652, 
215660, 
215668, 
215676, 
215684, 
215691, 
215699, 
215707, 
215715, 
215723, 
215730, 
215738, 
215746, 
215754, 
215762, 
215770, 
215777, 
215785, 
215793, 
215801, 
215809, 
215816, 
215824, 
215832, 
215840, 
215848, 
215856, 
215863, 
215871, 
215879, 
215887, 
215895, 
215902, 
215910, 
215918, 
215925, 
215934, 
215942, 
215949, 
215957, 
215965, 
215973, 
215981, 
215988, 
215996, 
216004, 
216012, 
216020, 
216028, 
216035, 
216043, 
216051, 
216059, 
216067, 
216074, 
216081, 
216090, 
216098, 
216106, 
216114, 
216121, 
216128, 
216137, 
216144, 
216152, 
216159, 
216168, 
216176, 
216184, 
216192, 
216200, 
216207, 
216215, 
216223, 
216231, 
216239, 
216247, 
216254, 
216262, 
216270, 
216278, 
216286, 
216293, 
216301, 
216308, 
216317, 
216325, 
216332, 
216340, 
216348, 
216356, 
216364, 
216372, 
216379, 
216387, 
216395, 
216403, 
216410, 
216419, 
216426, 
216434, 
216442, 
216450, 
216458, 
216465, 
216473, 
216481, 
216489, 
216497, 
216505, 
216512, 
216520, 
216528, 
216536, 
216544, 
216551, 
216559, 
216567, 
216575, 
216583, 
216591, 
216598, 
216606, 
216614, 
216622, 
216630, 
216637, 
216645, 
216653, 
216661, 
216669, 
216677, 
216684, 
216691, 
216700, 
216708, 
216716, 
216723, 
216731, 
216739, 
216747, 
216755, 
216763, 
216770, 
216778, 
216786, 
216794, 
216802, 
216810, 
216817, 
216825, 
216833, 
216841, 
216848, 
216856, 
216864, 
216872, 
216880, 
216888, 
216896, 
216902, 
216911, 
216919, 
216927, 
216935, 
216942, 
216950, 
216958, 
216966, 
216974, 
216982, 
216989, 
216997, 
217005, 
217013, 
217021, 
217028, 
217036, 
217044, 
217052, 
217060, 
217068, 
217075, 
217083, 
217091, 
217099, 
217107, 
217114, 
217122, 
217130, 
217138, 
217146, 
217154, 
217161, 
217169, 
217177, 
217185, 
217193, 
217200, 
217208, 
217216, 
217224, 
217232, 
217240, 
217247, 
217255, 
217263, 
217271, 
217278, 
217286, 
217294, 
217302, 
217310, 
217318, 
217326, 
217333, 
217341, 
217349, 
217357, 
217365, 
217372, 
217380, 
217404, 
217405, 
217405, 
217412, 
217419, 
217427, 
217435, 
217443, 
217451, 
217458, 
217465, 
217474, 
217482, 
217490, 
217497, 
217505, 
217513, 
217521, 
217529, 
217537, 
217545, 
217552, 
217560, 
217568, 
217576, 
217584, 
217591, 
217599, 
217607, 
217615, 
217623, 
217631, 
217638, 
217645, 
217654, 
217662, 
217670, 
217677, 
217685, 
217692, 
217701, 
217709, 
217717, 
217724, 
217732, 
217740, 
217748, 
217755, 
217763, 
217771, 
217779, 
217787, 
217795, 
217803, 
217810, 
217818, 
217826, 
217834, 
217842, 
217850, 
217897, 
217898, 
217898, 
217898, 
217898, 
217898, 
217904, 
217912, 
217920, 
217928, 
217935, 
217943, 
217951, 
217959, 
217967, 
217975, 
217982, 
217990, 
217998, 
218006, 
218014, 
218022, 
218029, 
218037, 
218045, 
218053, 
218061, 
218068, 
218076, 
218083, 
218092, 
218100, 
218108, 
218115, 
218122, 
218131, 
218139, 
218147, 
218154, 
218162, 
218170, 
218178, 
218186, 
218194, 
218201, 
218209, 
218217, 
218225, 
218233, 
218240, 
218248, 
218256, 
218264, 
218272, 
218280, 
218287, 
218295, 
218303, 
218311, 
218319, 
218327, 
218334, 
218342, 
218350, 
218358, 
218367, 
218373, 
218381, 
218389, 
218397, 
218405, 
218412, 
218420, 
218428, 
218436, 
218444, 
218452, 
218458, 
218466, 
218475, 
218483, 
218490, 
218499, 
218506, 
218514, 
218521, 
218530, 
218538, 
218544, 
218553, 
218561, 
218569, 
218577, 
218585, 
218592, 
218600, 
218608, 
218616, 
218624, 
218631, 
218639, 
218647, 
218655, 
218663, 
218671, 
218678, 
218685, 
218694, 
218702, 
218710, 
218717, 
218725, 
218733, 
218741, 
218749, 
218757, 
218764, 
218772, 
218780, 
218788, 
218796, 
218803, 
218811, 
218819, 
218827, 
218835, 
218843, 
218850, 
218858, 
218866, 
218874, 
218882, 
218890, 
218897, 
218905, 
218913, 
218921, 
218929, 
218936, 
218944, 
218952, 
218960, 
218968, 
218976, 
218983, 
218991, 
218999, 
219007, 
219015, 
219022, 
219030, 
219038, 
219046, 
219054, 
219062, 
219069, 
219077, 
219085, 
219093, 
219101, 
219108, 
219116, 
219124, 
219132, 
219140, 
219148, 
219155, 
219163, 
219171, 
219179, 
219187, 
219194, 
219202, 
219210, 
219218, 
219226, 
219234, 
219241, 
219249, 
219257, 
219265, 
219273, 
219280, 
219288, 
219296, 
219304, 
219312, 
219320, 
219327, 
219335, 
219343, 
219351, 
219359, 
219366, 
219373, 
219382, 
219390, 
219398, 
219406, 
219413, 
219421, 
219429, 
219437, 
219445, 
219453, 
219460, 
219468, 
219476, 
219484, 
219492, 
219498, 
219507, 
219515, 
219523, 
219531, 
219539, 
219545, 
219554, 
219562, 
219570, 
219578, 
219585, 
219593, 
219601, 
219609, 
219617, 
219625, 
219632, 
219640, 
219648, 
219656, 
219664, 
219671, 
219679, 
219687, 
219695, 
219703, 
219711, 
219718, 
219726, 
219734, 
219742, 
219750, 
219757, 
219765, 
219773, 
219781, 
219789, 
219797, 
219804, 
219812, 
219820, 
219828, 
219836, 
219843, 
219851, 
219859, 
219867, 
219875, 
219883, 
219890, 
219898, 
219906, 
219914, 
219922, 
219929, 
219937, 
219945, 
219953, 
219961, 
219969, 
219976, 
219984, 
219992, 
220000, 
220008, 
220016, 
220023, 
220031, 
220039, 
220047, 
220055, 
220062, 
220070, 
220078, 
220086, 
220094, 
220102, 
220109, 
220117, 
220125, 
220133, 
220141, 
220148, 
220156, 
220164, 
220172, 
220180, 
220189, 
220195, 
220203, 
220211, 
220219, 
220227, 
220234, 
220242, 
220250, 
220258, 
220266, 
220274, 
220281, 
220289, 
220297, 
220305, 
220313, 
220320, 
220328, 
220336, 
220344, 
220352, 
220360, 
220367, 
220375, 
220383, 
220391, 
220411, 
220413, 
220414, 
220421, 
220430, 
220438, 
220446, 
220453, 
220461, 
220469, 
220477, 
220485, 
220493, 
220500, 
220508, 
220516, 
220523, 
220532, 
220539, 
220547, 
220555, 
220562, 
220571, 
220579, 
220585, 
220594, 
220602, 
220610, 
220618, 
220625, 
220633, 
220641, 
220649, 
220657, 
220664, 
220672, 
220680, 
220688, 
220695, 
220704, 
220711, 
220719, 
220727, 
220734, 
220743, 
220751, 
220758, 
220766, 
220774, 
220782, 
220790, 
220797, 
220805, 
220813, 
220821, 
220829, 
220837, 
220844, 
220852, 
220860, 
220868, 
220876, 
220883, 
220891, 
220899, 
220907, 
220915, 
220923, 
220930, 
220938, 
220946, 
220954, 
220962, 
220970, 
220977, 
220985, 
220993, 
221001, 
221009, 
221016, 
221023, 
221032, 
221040, 
221048, 
221055, 
221063, 
221071, 
221079, 
221087, 
221095, 
221102, 
221110, 
221118, 
221126, 
221133, 
221141, 
221149, 
221157, 
221165, 
221173, 
221181, 
221188, 
221196, 
221203, 
221212, 
221219, 
221228, 
221235, 
221243, 
221251, 
221259, 
221267, 
221274, 
221282, 
221290, 
221298, 
221305, 
221313, 
221321, 
221329, 
221337, 
221345, 
221353, 
221360, 
221368, 
221376, 
221384, 
221392, 
221400, 
221407, 
221415, 
221423, 
221431, 
221439, 
221446, 
221454, 
221462, 
221470, 
221478, 
221486, 
221493, 
221501, 
221509, 
221517, 
221525, 
221532, 
221540, 
221548, 
221556, 
221565, 
221572, 
221579, 
221587, 
221595, 
221603, 
221611, 
221618, 
221626, 
221634, 
221642, 
221650, 
221658, 
221665, 
221673, 
221681, 
221689, 
221697, 
221704, 
221712, 
221720, 
221728, 
221736, 
221744, 
221751, 
221759, 
221767, 
221775, 
221783, 
221791, 
221798, 
221806, 
221814, 
221822, 
221830, 
221837, 
221845, 
221853, 
221861, 
221869, 
221877, 
221884, 
221892, 
221900, 
221908, 
221916, 
221923, 
221931, 
221939, 
221947, 
221955, 
221963, 
221970, 
221978, 
221986, 
221994, 
222002, 
222009, 
222018, 
222025, 
222033, 
222041, 
222049, 
222056, 
222064, 
222072, 
222080, 
222088, 
222096, 
222103, 
222111, 
222119, 
222127, 
222135, 
222142, 
222150, 
222158, 
222166, 
222174, 
222181, 
222189, 
222197, 
222205, 
222213, 
222221, 
222228, 
222236, 
222244, 
222253, 
222260, 
222267, 
222275, 
222283, 
222291, 
222299, 
222307, 
222314, 
222322, 
222330, 
222338, 
222346, 
222354, 
222361, 
222369, 
222377, 
222385, 
222393, 
222400, 
222408, 
222416, 
222424, 
222432, 
222440, 
222447, 
222455, 
222463, 
222471, 
222479, 
222486, 
222494, 
222502, 
222510, 
222518, 
222526, 
222533, 
222541, 
222549, 
222557, 
222566, 
222572, 
222580, 
222588, 
222596, 
222604, 
222613, 
222619, 
222627, 
222635, 
222643, 
222651, 
222658, 
222666, 
222674, 
222683, 
222690, 
222698, 
222705, 
222713, 
222721, 
222729, 
222737, 
222744, 
222752, 
222760, 
222768, 
222776, 
222784, 
222791, 
222799, 
222807, 
222815, 
222823, 
222831, 
222838, 
222846, 
222855, 
222862, 
222870, 
222877, 
222885, 
222893, 
222901, 
222909, 
222917, 
222924, 
222932, 
222940, 
222948, 
222956, 
222963, 
222971, 
222979, 
222987, 
222995, 
223003, 
223010, 
223018, 
223026, 
223034, 
223042, 
223049, 
223057, 
223065, 
223073, 
223081, 
223089, 
223096, 
223104, 
223112, 
223120, 
223128, 
223135, 
223143, 
223151, 
223159, 
223167, 
223175, 
223182, 
223190, 
223198, 
223206, 
223214, 
223222, 
223229, 
223237, 
223245, 
223253, 
223261, 
223268, 
223276, 
223285, 
223292, 
223300, 
223307, 
223315, 
223323, 
223331, 
223339, 
223347, 
223354, 
223362, 
223370, 
223378, 
223386, 
223394, 
223401, 
223409, 
223417, 
223425, 
223433, 
223440, 
223448, 
223456, 
223464, 
223472, 
223480, 
223487, 
223495, 
223503, 
223511, 
223519, 
223526, 
223534, 
223542, 
223550, 
223558, 
223566, 
223573, 
223581, 
223589, 
223597, 
223605, 
223612, 
223620, 
223628, 
223636, 
223644, 
223652, 
223659, 
223667, 
223675, 
223683, 
223691, 
223698, 
223706, 
223714, 
223722, 
223730, 
223738, 
223745, 
223753, 
223761, 
223769, 
223777, 
223784, 
223792, 
223800, 
223808, 
223816, 
223824, 
223831, 
223839, 
223847, 
223855, 
223864, 
223871, 
223878, 
223886, 
223894, 
223902, 
223910, 
223917, 
223925, 
223933, 
223941, 
223949, 
223957, 
223964, 
223972, 
223980, 
223988, 
223996, 
224003, 
224011, 
224019, 
224027, 
224035, 
224043, 
224050, 
224058, 
224067, 
224074, 
224082, 
224089, 
224097, 
224105, 
224113, 
224121, 
224129, 
224136, 
224144, 
224152, 
224160, 
224168, 
224175, 
224183, 
224191, 
224199, 
224207, 
224215, 
224222, 
224230, 
224238, 
224246, 
224254, R
224261, 
224269, 
224277, S
224285, S
224293, S
224301, S
224308, 
224317, 
224324, 
224332, 
224340, 
224347, 
224355, 
224363, 
224371, 
224379, 
224387, 
224394, 
224402, 
224410, 
224418, 
224426, 
224433, 
224441, 
224449, 
224457, 
224465, 
224473, 
224480, 
224488, 
224496, 
224504, 
224512, 
224520, 
224527, 
224535, 
224543, 
224551, 
224559, 
224566, 
224574, 
224582, 
224590, 
224598, 
224606, 
224613, 
224621, 
224629, 
224637, 
224645, 
224652, 
224660, 
224668, 
224676, 
224684, 
224692, 
224699, 
224707, 
224715, 
224723, 
224731, 
224738, 
224746, 
224754, 
224762, 
224770, 
224778, 
224785, 
224794, 
224801, 
224809, 
224817, 
224824, 
224832, 
224840, 
224848, 
224856, 
224864, 
224871, 
224879, 
224887, 
224895, 
224903, 
224911, 
224918, 
224926, 
224934, 
224942, 
224950, 
224957, 
224965, 
224973, 
224981, 
224989, 
224996, 
225004, 
225012, 
225020, 
225028, 
225036, 
225043, 
225051, 
225059, 
225068, 
225075, 
225084, 
225090, 
225098, 
225106, 
225114, 
225122, 
225129, 
225137, 
225145, 
225153, 
225161, 
225169, 
225176, 
225184, 
225192, 
225200, 
225208, 
225215, 
225223, 
225231, 
225239, 
225247, 
225255, 
225262, 
225270, 
225278, 
225286, 
225294, 
225301, 
225309, 
225317, 
225325, 
225333, 
225341, 
225348, 
225356, 
225364, 
225372, 
225380, 
225388, 
225395, 
225403, 
225411, 
225419, 
225427, 
225434, 
225442, 
225450, 
225458, 
225466, 
225474, 
225481, 
225489, 
225497, 
225505, 
225513, 
225520, 
225528, 
225536, 
225544, 
225552, 
225560, 
225567, 
225575, 
225583, 
225591, 
225599, 
225606, 
225614, 
225622, 
225630, 
225638, 
225646, 
225653, 
225661, 
225669, 
225677, 
225685, 
225692, 
225700, 
225708, 
225716, 
225724, 
225732, 
225739, 
225747, 
225755, 
225763, 
225771, 
225778, 
225786, 
225816, 
225817, 
225817, 
225819, 
225825, 
225833, 
225841, 
225849, 
225857, 
225864, 
225872, 
225880, 
225888, 
225896, 
225904, 
225911, 
225919, 
225927, 
225935, 
225943, 
225951, 
225958, 
225966, 
225974, 
225982, 
225990, 
225997, 
226005, 
226013, 
226021, 
226029, 
226036, 
226044, 
226052, 
226060, 
226068, 
226076, 
226083, 
226091, 
226099, 
226107, 
226115, 
226123, 
226130, 
226138, 
226146, 
226154, 
226162, 
226169, 
226177, 
226185, 
226193, 
226201, 
226209, 
226216, 
226224, 
226232, 
226240, 
226248, 
226255, 
226263, 
226271, 
226279, 
226287, 
226295, 
226302, 
226310, 
226318, 
226326, 
226334, 
226341, 
226349, 
226357, 
226365, 
226373, 
226381, 
226388, 
226396, 
226404, 
226412, 
226420, 
226427, 
226435, 
226443, 
226451, 
226459, 
226467, 
226474, 
226482, 
226490, 
226498, 
226506, 
226514, 
226521, 
226529, 
226537, 
226545, 
226553, 
226560, 
226569, 
226576, 
226584, 
226592, 
226599, 
226607, 
226615, 
226623, 
226631, 
226639, 
226646, 
226654, 
226662, 
226670, 
226678, 
226686, 
226694, 
226701, 
226709, 
226717, 
226725, 
226732, 
226740, 
226748, 
226756, 
226764, 
226772, 
226779, 
226787, 
226795, 
226803, 
226811, 
226819, 
226826, 
226834, 
226842, 
226850, 
226858, 
226865, 
226873, 
226881, 
226889, 
226897, 
226904, 
226912, 
226920, 
226928, 
226936, 
226944, 
226951, 
226959, 
226967, 
226975, 
226983, 
226991, 
226998, 
227006, 
227014, 
227022, 
227030, 
227037, 
227045, 
227053, 
227061, 
227069, 
227076, 
227084, 
227092, 
227100, 
227108, 
227116, 
227123, 
227131, 
227139, 
227147, 
227155, 
227163, 
227170, 
227178, 
227186, 
227194, 
227202, 
227209, 
227217, 
227225, 
227233, 
227241, 
227249, 
227256, 
227264, 
227272, 
227280, 
227288, 
227296, 
227303, 
227311, 
227319, 
227327, 
227335, 
227342, 
227350, 
227358, 
227366, 
227374, 
227381, 
227389, 
227397, 
227405, 
227413, 
227421, 
227428, 
227437, 
227444, 
227452, 
227460, 
227467, 
227476, 
227483, 
227491, 
227499, 
227507, 
227514, 
227522, 
227530, 
227538, 
227546, 
227553, 
227561, 
227569, 
227577, 
227585, 
227593, 
227600, 
227608, 
227616, 
227624, 
227632, 
227639, 
227647, 
227655, 
227663, 
227671, 
227679, 
227686, 
227694, 
227702, 
227710, 
227718, 
227726, 
227733, 
227741, 
227749, 
227757, 
227765, 
227772, 
227780, 
227788, 
227796, 
227804, 
227812, 
227819, 
227827, 
227835, 
227843, 
227851, 
227858, 
227866, 
227874, 
227882, 
227890, 
227898, 
227905, 
227913, 
227921, 
227929, 
227937, 
227944, 
227952, 
227960, 
227968, 
227976, 
227984, 
227991, 
227999, 
228007, 
228015, 
228023, 
228030, 
228038, 
228046, 
228054, 
228062, 
228070, 
228077, 
228085, 
228093, 
228102, 
228109, 
228117, 
228124, 
228132, 
228140, 
228148, 
228156, 
228163, 
228171, 
228179, 
228187, 
228195, 
228203, 
228210, 
228218, 
228226, 
228234, 
228242, 
228249, 
228257, 
228265, 
228274, 
228281, 
228289, 
228296, 
228304, 
228312, 
228321, 
228328, 
228335, 
228343, 
228351, 
228359, 
228367, 
228375, 
228382, 
228390, 
228398, 
228407, 
228414, 
228421, 
228429, 
228437, 
228445, 
228453, 
228461, 
228468, 
228476, 
228484, 
228492, 
228500, 
228507, 
228515, 
228523, 
228531, 
228539, 
228547, 
228554, 
228562, 
228570, 
228578, 
228586, 
228594, 
228601, 
228609, 
228617, 
228626, 
228633, 
228640, 
228648, 
228656, 
228664, 
228673, 
228679, 
228687, 
228695, 
228703, 
228711, 
228719, 
228726, 
228734, 
228742, 
228750, 
228758, 
228766, 
228773, 
228781, 
228789, 
228797, 
228805, 
228812, 
228821, 
228828, 
228836, 
228844, 
228852, 
228859, 
228867, 
228875, 
228883, 
228891, 
228898, 
228906, 
228914, 
228922, 
228930, 
228939, 
228945, 
228953, 
228961, 
228969, 
228978, 
228984, 
228992, 
229000, 
229008, 
229017, 
229024, 
229031, 
229039, 
229047, 
229055, 
229063, 
229070, 
229078, 
229086, 
229094, 
229102, 
229110, 
229117, 
229125, 
229133, 
229141, 
229149, 
229156, 
229164, 
229172, 
229180, 
229188, 
229196, 
229203, 
229211, 
229219, 
229227, 
229235, 
229243, 
229250, 
229258, 
229266, 
229274, 
229282, 
229289, 
229297, 
229305, 
229313, 
229321, 
229329, 
229336, 
229344, 
229352, 
229360, 
229368, 
229375, 
229383, 
229391, 
229399, 
229407, 
229415, 
229422, 
229430, 
229438, 
229446, 
229454, 
229461, 
229469, 
229477, 
229485, 
229493, 
229501, 
229508, 
229516, 
229524, 
229532, 
229540, 
229547, 
229555, 
229563, 
229571, 
229579, 
229587, 
229594, 
229602, 
229610, 
229618, 
229626, 
229634, 
229641, 
229649, 
229657, 
229665, 
229673, 
229680, 
229688, 
229696, 
229704, 
229712, 
229719, 
229727, R
229735, 
229743, 
229751, S
229759, S
229766, S
229774, S
229782, 
229790, 
229799, 
229806, 
229813, 
229821, 
229829, 
229837, 
229845, 
229852, 
229860, 
229868, 
229876, 
229884, 
229892, 
229899, 
229907, 
229915, 
229923, 
229931, 
229938, 
229946, 
229954, 
229962, 
229970, 
229978, 
229985, 
229993, 
230001, 
230009, 
230017, 
230024, 
230032, 
230040, 
230048, 
230056, 
230064, 
230071, 
230079, 
230087, 
230095, 
230103, 
230111, 
230118, 
230126, 
230134, 
230142, 
230150, 
230157, 
230165, 
230173, 
230181, 
230189, 
230196, 
230205, 
230212, 
230220, 
230228, 
230236, 
230243, 
230251, 
230259, 
230267, 
230275, 
230283, 
230290, 
230298, 
230306, 
230314, 
230322, 
230329, 
230337, 
230345, 
230353, 
230361, 
230369, 
230376, 
230384, 
230392, 
230401, 
230408, 
230415, 
230423, 
230431, 
230439, 
230447, 
230455, 
230462, 
230470, 
230478, 
230486, 
230494, 
230501, 
230509, 
230517, 
230525, 
230533, 
230541, 
230548, 
230556, 
230564, 
230572, 
230580, 
230587, 
230595, 
230603, 
230611, 
230619, 
230627, 
230634, 
230642, 
230650, 
230658, 
230666, 
230673, 
230682, 
230689, 
230697, 
230705, 
230713, 
230720, 
230728, 
230736, 
230744, 
230752, 
230760, 
230767, 
230775, 
230783, 
230791, 
230799, 
230806, 
230814, 
230822, 
230830, 
230838, 
230846, 
230853, 
230861, 
230869, 
230877, 
230885, 
230892, 
230900, 
230908, 
230917, 
230924, 
230932, 
230939, 
230947, 
230955, 
230963, 
230971, 
230978, 
230986, 
230994, 
231002, 
231010, 
231018, 
231025, 
231033, 
231041, 
231049, 
231057, 
231064, 
231072, 
231080, 
231088, 
231096, 
231104, 
231111, 
231119, 
231127, 
231135, 
231143, 
231151, 
231158, 
231166, 
231174, 
231182, 
231190, 
231197, 
231205, 
231213, 
231221, 
231229, 
231237, 
231244, 
231252, 
231260, 
231268, 
231276, 
231283, 
231291, 
231299, 
231307, 
231315, 
231323, 
231330, 
231338, 
231346, 
231354, 
231362, 
231369, 
231377, 
231385, 
231393, 
231401, 
231424, 
231426, 
231426, 
231432, 
231440, 
231448, 
231455, 
231463, 
231471, 
231480, 
231487, 
231495, 
231502, 
231510, 
231518, 
231526, 
231534, 
231541, 
231549, 
231557, 
231565, 
231573, 
231581, 
231588, 
231596, 
231604, 
231612, 
231620, 
231627, 
231635, 
231643, 
231651, 
231659, 
231667, 
231674, 
231682, 
231690, 
231698, 
231706, 
231713, 
231721, 
231729, 
231737, 
231745, 
231753, 
231760, 
231768, 
231776, 
231784, 
231792, 
231800, 
231807, 
231815, 
231823, 
231831, 
231839, 
231846, 
231854, 
231862, 
231870, 
231878, 
231886, 
231893, 
231901, 
231909, 
231917, 
231925, 
231932, 
231940, 
231948, 
231956, 
231964, 
231972, 
231979, 
231988, 
231995, 
232003, 
232011, 
232018, 
232026, 
232034, 
232042, 
232050, 
232058, 
232065, 
232073, 
232081, 
232089, 
232097, 
232105, 
232112, 
232120, 
232128, 
232136, 
232144, 
232151, 
232159, 
232167, 
232175, 
232183, 
232190, 
232198, 
232206, 
232214, 
232222, 
232230, 
232237, 
232245, 
232253, 
232261, 
232269, 
232277, 
232284, 
232292, 
232300, 
232308, 
232316, 
232323, 
232331, 
232339, 
232347, 
232355, 
232363, 
232370, 
232378, 
232386, 
232394, 
232402, 
232409, 
232417, 
232425, 
232433, 
232442, 
232449, 
232456, 
232464, 
232472, 
232480, 
232488, 
232495, 
232503, 
232511, 
232519, 
232527, 
232535, 
232542, 
232550, 
232558, 
232566, 
232574, 
232581, 
232589, 
232597, 
232605, 
232613, 
232621, 
232628, 
232637, 
232644, 
232652, 
232660, 
232667, 
232675, 
232683, 
232691, 
232699, 
232707, 
232714, 
232722, 
232730, 
232738, 
232746, 
232754, 
232761, 
232769, 
232777, 
232785, 
232793, 
232800, 
232808, 
232816, 
232824, 
232832, 
232840, 
232847, 
232855, 
232863, 
232871, 
232879, 
232886, 
232894, 
232902, 
232910, 
232918, 
232926, 
232933, 
232941, 
232949, 
232957, 
232965, 
232972, 
232980, 
232988, 
232996, 
233005, 
233012, 
233019, 
233027, 
233035, 
233043, 
233051, 
233058, 
233066, 
233074, 
233082, 
233090, 
233098, 
233105, 
233113, 
233121, 
233129, 
233137, 
233145, 
233152, 
233160, 
233168, 
233176, 
233184, 
233191, 
233199, 
233207, 
233215, 
233223, 
233230, 
233238, 
233246, 
233254, 
233262, 
233270, 
233277, 
233285, 
233293, 
233301, 
233309, 
233317, 
233324, 
233332, 
233340, 
233348, 
233356, 
233363, 
233371, 
233379, 
233387, 
233395, 
233402, 
233410, 
233418, 
233426, 
233434, 
233442, 
233449, 
233457, 
233465, 
233473, 
233481, 
233489, 
233496, 
233504, 
233512, 
233520, 
233528, 
233535, 
233543, 
233551, 
233559, 
233567, 
233575, 
233582, 
233590, 
233598, 
233606, 
233614, 
233621, 
233629, 
233637, 
233645, 
233653, 
233661, 
233668, 
233677, 
233684, 
233692, 
233700, 
233708, 
233715, 
233723, 
233731, 
233739, 
233747, 
233754, 
233762, 
233770, 
233778, 
233786, 
233793, 
233801, 
233809, 
233817, 
233825, 
233833, 
233840, 
233848, 
233856, 
233864, 
233872, 
233880, 
233887, 
233895, 
233903, 
233911, 
233919, 
233926, 
233934, 
233942, 
233950, 
233958, 
233967, 
233973, 
233981, 
233989, 
233997, 
234005, 
234012, 
234020, 
234028, 
234036, 
234044, 
234052, 
234059, 
234067, 
234075, 
234083, 
234091, 
234098, 
234106, 
234114, 
234122, 
234130, 
234138, 
234145, 
234153, 
234161, 
234169, 
234177, 
234184, 
234192, 
234200, 
234208, 
234216, 
234224, 
234231, 
234239, 
234247, 
234255, 
234263, 
234271, 
234278, 
234286, 
234294, 
234302, 
234310, 
234317, 
234325, 
234334, 
234341, 
234349, 
234356, 
234364, 
234372, 
234380, 
234388, 
234396, 
234404, 
234411, 
234420, 
234427, 
234435, 
234443, 
234450, 
234459, 
234466, 
234474, 
234482, 
234489, 
234497, 
234505, 
234513, 
234521, 
234529, 
234536, 
234544, 
234552, 
234560, 
234568, 
234575, 
234584, 
234591, 
234599, 
234607, 
234615, 
234622, 
234630, 
234638, 
234646, 
234654, 
234662, 
234669, 
234677, 
234685, 
234693, 
234701, 
234709, 
234716, 
234724, 
234732, 
234740, 
234747, 
234756, 
234763, 
234771, 
234779, 
234787, 
234794, 
234802, 
234810, 
234818, 
234826, 
234834, 
234841, 
234850, 
234858, 
234866, 
234873, 
234880, 
234888, 
234896, 
234904, 
234912, 
234920, 
234927, 
234936, 
234943, 
234951, 
234959, 
234966, 
234974, 
234982, 
234990, 
234998, 
235005, 
235013, 
235021, 
235029, 
235037, 
235045, 
235053, 
235060, 
235068, 
235076, 
235084, 
235092, 
235099, 
235108, 
235115, 
235123, 
235131, 
235138, 
235146, 
235154, 
235162, 
235170, 
235178, 
235185, 
235193, 
235201, 
235209, 
235217, 
235224, 
235232, 
235240, 
235248, 
235256, 
235264, 
235271, 
235279, 
235287, 
235295, 
235303, 
235310, 
235319, 
235326, 
235335, 
235342, 
235350, 
235357, 
235365, 
235373, 
235381, 
235389, 
235396, 
235405, 
235412, 
235422, 
235428, 
235436, 
235443, 
235451, 
235459, 
235467, 
235475, 
235483, 
235490, 
235498, 
235506, 
235516, 
235522, 
235529, 
235537, 
235545, 
235553, 
235561, 
235569, 
235576, 
235584, 
235592, 
235600, 
235608, 
235615, 
235623, 
235631, 
235639, 
235647, 
235655, 
235662, 
235670, 
235678, 
235686, 
235694, 
235701, 
235709, 
235717, 
235725, 
235733, 
235741, 
235748, 
235756, 
235764, 
235772, 
235780, 
235787, 
235795, 
235803, 
235811, 
235819, 
235828, 
235834, 
235842, 
235850, 
235858, 
235866, 
235873, 
235881, 
235889, 
235897, 
235905, 
235913, 
235920, 
235928, 
235936, 
235944, 
235952, 
235960, 
235967, 
235975, 
235983, 
235991, 
235999, 
236006, 
236014, 
236022, 
236030, 
236038, 
236045, 
236053, 
236061, 
236069, 
236077, 
236085, 
236092, 
236100, 
236108, 
236116, 
236124, 
236132, 
236139, 
236147, 
236155, 
236163, 
236171, 
236178, 
236186, 
236194, 
236202, 
236210, 
236218, 
236225, 
236233, 
236241, 
236249, 
236257, 
236264, 
236272, 
236280, 
236288, 
236296, 
236305, 
236311, 
236319, 
236327, 
236335, 
236343, 
236350, 
236358, 
236366, 
236374, 
236382, 
236390, 
236397, 
236405, 
236413, 
236421, 
236429, 
236436, 
236444, 
236453, 
236460, 
236468, 
236476, 
236483, 
236491, 
236499, 
236507, 
236516, 
236523, 
236530, 
236538, 
236547, 
236554, 
236562, 
236569, 
236577, 
236586, 
236593, 
236601, 
236609, 
236616, 
236624, 
236632, 
236640, 
236648, 
236655, 
236663, 
236672, 
236679, 
236687, 
236695, 
236702, 
236710, 
236718, 
236726, 
236734, 
236741, 
236749, 
236757, 
236765, 
236773, 
236781, 
236788, 
236796, 
236804, 
236812, 
236820, 
236827, 
236835, 
236843, 
236851, 
236859, 
236867, 
236874, 
236882, 
236890, 
236898, 
236906, 
236913, 
236921, 
236929, 
236937, 
236945, 
236954, 
236960, 
236968, 
236976, 
236984, 
236992, 
236999, 
237007, 
237015, 
237023, 
237031, 
237039, 
237046, 
237054, 
237062, 
237070, 
237078, 
237086, 
237093, 
237101, 
237109, 
237117, 
237125, 
237132, 
237140, 
237148, 
237156, 
237164, 
237172, 
237179, 
237187, 
237195, 
237203, 
237211, 
237218, 
237226, 
237234, 
237242, 
237250, 
237258, 
237265, 
237273, 
237281, 
237289, 
237297, 
237304, 
237312, 
237321, 
237328, 
237336, 
237344, 
237351, 
237359, 
237367, 
237375, 
237383, 
237390, 
237398, 
237406, 
237414, 
237422, 
237430, 
237437, 
237445, 
237453, 
237461, 
237469, 
237476, 
237484, 
237492, 
237501, 
237508, 
237516, 
237523, 
237531, 
237539, 
237547, 
237555, 
237562, 
237570, 
237578, 
237586, 
237594, 
237602, 
237609, 
237617, 
237625, 
237633, 
237641, 
237648, 
237656, 
237664, R
237672, 
237681, 
237688, 
237695, S
237703, S
237711, S
237719, S
237728, 
237735, 
237742, 
237750, 
237758, 
237766, 
237775, 
237781, 
237789, 
237797, 
237805, 
237813, 
237821, 
237828, 
237836, 
237844, 
237852, 
237860, 
237867, 
237875, 
237883, 
237891, 
237899, 
237907, 
237914, 
237922, 
237930, 
237938, 
237946, 
237953, 
237961, 
237969, 
237977, 
237987, 
237993, 
238000, 
238008, 
238016, 
238024, 
238032, 
238039, 
238047, 
238055, 
238063, 
238071, 
238079, 
238086, 
238094, 
238102, 
238110, 
238118, 
238126, 
238133, 
238141, 
238149, 
238157, 
238165, 
238172, 
238180, 
238188, 
238196, 
238204, 
238212, 
238219, 
238227, 
238235, 
238243, 
238251, 
238258, 
238266, 
238274, 
238282, 
238290, 
238298, 
238305, 
238313, 
238321, 
238329, 
238337, 
238344, 
238352, 
238360, 
238368, 
238376, 
238384, 
238391, 
238399, 
238407, 
238415, 
238423, 
238431, 
238438, 
238446, 
238454, 
238462, 
238470, 
238477, 
238485, 
238493, 
238501, 
238509, 
238516, 
238524, 
238532, 
238540, 
238548, 
238556, 
238563, 
238571, 
238579, 
238587, 
238595, 
238603, 
238610, 
238618, 
238626, 
238634, 
238642, 
238649, 
238657, 
238665, 
238673, 
238681, 
238689, 
238696, 
238704, 
238712, 
238720, 
238728, 
238735, 
238743, 
238751, 
238759, 
238767, 
238775, 
238782, 
238790, 
238798, 
238806, 
238814, 
238821, 
238829, 
238837, 
238845, 
238853, 
238861, 
238868, 
238876, 
238884, 
238892, 
238900, 
238907, 
238916, 
238923, 
238931, 
238939, 
238947, 
238954, 
238962, 
238970, 
238978, 
238987, 
238993, 
239001, 
239009, 
239017, 
239025, 
239033, 
239040, 
239048, 
239056, 
239064, 
239072, 
239079, 
239087, 
239095, 
239103, 
239111, 
239119, 
239126, 
239134, 
239142, 
239150, 
239158, 
239166, 
239173, 
239181, 
239189, 
239197, 
239205, 
239212, 
239220, 
239228, 
239236, 
239244, 
239252, 
239259, 
239267, 
239275, 
239283, 
239291, 
239298, 
239307, 
239314, 
239322, 
239330, 
239338, 
239345, 
239353, 
239361, 
239369, 
239377, 
239384, 
239392, 
239400, 
239408, 
239416, 
239424, 
239431, 
239439, 
239447, 
239455, 
239463, 
239471, 
239478, 
239486, 
239495, 
239502, 
239510, 
239517, 
239525, 
239533, 
239541, 
239550, 
239557, 
239564, 
239572, 
239580, 
239589, 
239596, 
239603, 
239611, 
239619, 
239627, 
239635, 
239642, 
239650, 
239658, 
239666, 
239674, 
239682, 
239689, 
239697, 
239705, 
239713, 
239721, 
239729, 
239736, 
239744, 
239752, 
239760, 
239768, 
239775, 
239783, 
239791, 
239799, 
239807, 
239815, 
239822, 
239830, 
239838, 
239846, 
239854, 
239861, 
239869, 
239877, 
239885, 
239893, 
239901, 
239908, 
239916, 
239924, 
239932, 
239940, 
239947, 
239955, 
239963, 
239971, 
239979, 
239987, 
239994, 
240002, 
240010, 
240018, 
240026, 
240033, 
240041, 
240049, 
240057, 
240065, 
240073, 
240080, 
240088, 
240096, 
240104, 
240112, 
240119, 
240127, 
240135, 
240143, 
240151, 
240159, 
240166, 
240174, 
240182, 
240190, 
240198, 
240206, 
240213, 
240221, 
240229, 
240237, 
240245, 
240252, 
240260, 
240268, 
240276, 
240284, 
240292, 
240299, 
240307, 
240315, 
240323, 
240331, 
240338, 
240346, 
240355, 
240362, 
240370, 
240378, 
240385, 
240393, 
240401, 
240409, 
240417, 
240424, 
240432, 
240440, 
240448, 
240456, 
240464, 
240471, 
240479, 
240487, 
240495, 
240504, 
240511, 
240518, 
240526, 
240534, 
240542, 
240550, 
240557, 
240565, 
240573, 
240581, 
240589, 
240596, 
240604, 
240612, 
240620, 
240628, 
240636, 
240643, 
240651, 
240659, 
240667, 
240675, 
240682, 
240690, 
240698, 
240706, 
240714, 
240722, 
240729, 
240737, 
240745, 
240753, 
240761, 
240769, 
240776, 
240784, 
240792, 
240800, 
240808, 
240815, 
240823, 
240831, 
240839, 
240847, 
240855, 
240862, 
240870, 
240878, 
240886, 
240894, 
240901, 
240909, 
240917, 
240925, 
240933, 
240941, 
240948, 
240956, 
240964, 
240972, 
240980, 
240987, 
240995, 
241003, 
241012, 
241019, 
241027, 
241034, 
241042, 
241050, 
241058, 
241066, 
241073, 
241081, 
241089, 
241097, 
241106, 
241113, 
241120, 
241128, 
241136, 
241144, 
241152, 
241159, 
241167, 
241175, 
241183, 
241191, 
241199, 
241206, 
241214, 
241222, 
241230, 
241238, 
241245, 
241253, 
241261, 
241269, 
241277, 
241285, 
241292, 
241300, 
241308, 
241316, 
241324, 
241332, 
241339, 
241347, 
241355, 
241363, 
241371, 
241378, 
241386, 
241394, 
241402, 
241410, 
241418, 
241425, 
241433, 
241441, 
241449, 
241457, 
241464, 
241472, 
241480, 
241488, 
241496, 
241504, 
241511, 
241519, 
241527, 
241535, 
241543, 
241550, 
241558, 
241566, 
241574, 
241582, 
241590, 
241597, 
241605, 
241613, 
241621, 
241629, 
241637, 
241644, 
241652, 
241660, 
241669, 
241676, 
241683, 
241691, 
241699, 
241707, 
241715, 
241723, 
241730, 
241738, 
241746, 
241754, 
241762, 
241769, 
241777, 
241785, 
241793, 
241801, 
241808, 
241816, 
241824, 
241832, 
241840, 
241848, 
241855, 
241863, 
241871, 
241879, 
241887, 
241895, 
241902, 
241910, 
241918, 
241926, 
241934, 
241941, 
241949, 
241957, 
241965, 
241973, 
241981, 
241988, 
241996, 
242004, 
242012, 
242020, 
242027, 
242035, 
242043, 
242052, 
242059, 
242067, 
242074, 
242083, 
242090, 
242098, 
242106, 
242113, 
242121, 
242129, 
242137, 
242145, 
242153, 
242160, 
242168, 
242176, 
242184, 
242192, 
242200, 
242207, 
242215, 
242223, 
242231, 
242239, 
242246, 
242254, 
242262, 
242270, 
242278, 
242287, 
242293, 
242301, 
242309, 
242317, 
242325, 
242332, 
242340, 
242348, 
242356, 
242364, 
242372, 
242379, 
242387, 
242395, 
242403, 
242411, 
242418, 
242426, 
242434, 
242442, 
242450, 
242458, 
242465, 
242473, 
242481, 
242490, 
242497, 
242504, 
242512, 
242520, 
242528, 
242536, 
242544, 
242551, 
242559, 
242567, 
242575, 
242583, 
242590, 
242598, 
242606, 
242614, 
242640, 
242641, 
242641, 
242645, 
242653, 
242661, 
242669, 
242676, 
242684, 
242692, 
242700, 
242708, 
242716, 
242723, 
242731, 
242739, 
242747, 
242756, 
242762, 
242771, 
242778, 
242786, 
242794, 
242802, 
242809, 
242817, 
242825, 
242833, 
242841, 
242848, 
242856, 
242864, 
242872, 
242880, 
242888, 
242895, 
242903, 
242911, 
242919, 
242928, 
242935, 
242942, 
242950, 
242958, 
242966, 
242974, 
242981, 
242989, 
242997, 
243005, 
243013, 
243021, 
243028, 
243036, 
243044, 
243052, 
243060, 
243067, 
243075, 
243083, 
243091, 
243099, 
243107, 
243114, 
243122, 
243130, 
243138, 
243146, 
243153, 
243161, 
243169, 
243177, 
243185, 
243194, 
243200, 
243208, 
243216, 
243224, 
243232, 
243239, 
243247, 
243255, 
243263, 
243271, 
243279, 
243286, 
243294, 
243302, 
243310, 
243318, 
243325, 
243333, 
243341, 
243349, 
243357, 
243365, 
243372, 
243380, 
243388, 
243396, 
243404, 
243412, 
243419, 
243427, 
243435, 
243443, 
243451, 
243458, 
243466, 
243474, 
243482, 
243490, 
243498, 
243505, 
243513, 
243521, 
243529, 
243537, 
243544, 
243552, 
243560, 
243568, 
243576, 
243584, 
243591, 
243599, 
243607, 
243615, 
243623, 
243630, 
243638, R
243646, 
243654, 
243662, 
243670, S
243677, S
243685, S
243693, S
243701, 
243709, 
243717, 
243723, 
243732, 
243740, 
243747, 
243755, 
243762, 
243770, 
243778, 
243786, 
243794, 
243801, 
243809, 
243817, 
243826, 
243834, 
243842, 
243848, 
243857, 
243865, 
243873, 
243880, 
243888, 
243895, 
243904, 
243911, 
243920, 
243928, 
243935, 
243942, 
243951, 
243958, 
243966, 
243974, 
243981, 
243989, 
243997, 
244005, 
244013, 
244021, 
244028, 
244037, 
244045, 
244053, 
244061, 
244067, 
244075, 
244084, 
244091, 
244100, 
244106, 
244115, 
244123, 
244130, 
244139, 
244146, 
244154, 
244161, 
244170, 
244178, 
244185, 
244192, 
244201, 
244209, 
244216, 
244225, 
244232, 
244240, 
244247, 
244255, 
244264, 
244272, 
244279, 
244287, 
244295, 
244303, 
244311, 
244318, 
244326, 
244334, 
244342, 
244349, 
244358, 
244365, 
244373, 
244380, 
244389, 
244397, 
244405, 
244412, 
244420, 
244427, 
244435, 
244444, 
244452, 
244459, 
244466, 
244475, 
244482, 
244490, 
244498, 
244505, 
244514, 
244522, 
244530, 
244538, 
244544, 
244553, 
244561, 
244569, 
244576, 
244584, 
244592, 
244600, 
244607, 
244616, 
244624, 
244631, 
244638, 
244647, 
244655, 
244663, 
244670, 
244678, 
244686, 
244693, 
244701, 
244710, 
244717, 
244724, 
244733, 
244741, 
244749, 
244756, 
244763, 
244772, 
244780, 
244787, 
244796, 
244803, 
244811, 
244819, 
244827, 
244835, 
244841, 
244849, 
244858, 
244866, 
244874, 
244882, 
244889, 
244897, 
244905, 
244912, 
244920, 
244928, 
244935, 
244943, 
244951, 
244959, 
244967, 
244974, 
244983, 
244990, 
244999, 
245007, 
245014, 
245022, 
245029, 
245038, 
245046, 
245054, 
245061, 
245068, 
245077, 
245085, 
245092, 
245101, 
245108, 
245116, 
245124, 
245131, 
245139, 
245147, 
245154, 
245162, 
245170, 
245179, 
245187, 
245193, 
245202, 
245210, 
245217, 
245226, 
245233, 
245241, 
245249, 
245257, 
245265, 
245272, 
245279, 
245288, 
245295, 
245304, 
245311, 
245319, 
245326, 
245334, 
245342, 
245350, 
245359, 
245366, 
245373, 
245382, 
245390, 
245397, 
245406, 
245413, 
245421, 
245429, 
245437, 
245444, 
245452, 
245460, 
245468, 
245476, 
245484, 
245492, 
245499, 
245506, 
245515, 
245523, 
245530, 
245537, 
245545, 
245554, 
245561, 
245570, 
245578, 
245585, 
245592, 
245601, 
245608, 
245617, 
245624, 
245632, 
245640, 
245648, 
245656, 
245664, 
245671, 
245679, 
245686, 
245694, 
245702, 
245710, 
245718, 
245726, 
245734, 
245742, 
245749, 
245756, 
245765, 
245773, 
245781, 
245789, 
245796, 
245804, 
245812, 
245820, 
245828, 
245836, 
245843, 
245851, 
245859, 
245867, 
245874, 
245882, 
245889, 
245897, 
245905, 
245914, 
245922, 
245928, 
245937, 
245945, 
245953, 
245960, 
245968, 
245976, 
245984, 
245992, 
246000, 
246008, 
246015, 
246023, 
246030, 
246039, 
246047, 
246055, 
246062, 
246070, 
246078, 
246086, 
246094, 
246101, 
246109, 
246117, 
246124, 
246133, 
246141, 
246148, 
246156, 
246164, 
246171, 
246180, 
246187, 
246195, 
246203, 
246211, 
246219, 
246227, 
246233, 
246241, 
246250, 
246258, 
246265, 
246273, 
246281, 
246289, 
246297, 
246305, 
246313, 
246320, 
246327, 
246335, 
246343, 
246352, 
246358, 
246367, 
246375, 
246382, 
246390, 
246398, 
246405, 
246414, 
246421, 
246430, 
246437, 
246444, 
246452, 
246460, 
246468, 
246476, 
246484, 
246491, 
246499, 
246507, 
246516, 
246524, 
246530, 
246538, 
246547, 
246554, 
246563, 
246571, 
246577, 
246586, 
246593, 
246602, 
246610, 
246618, 
246625, 
246633, 
246641, 
246649, 
246656, 
246664, 
246672, 
246679, 
246688, 
246695, 
246704, 
246710, 
246719, 
246727, 
246735, 
246743, 
246750, 
246757, 
246766, 
246773, 
246782, 
246790, 
246797, 
246805, 
246813, 
246821, 
246829, 
246836, 
246844, 
246852, 
246860, 
246868, 
246876, 
246883, 
246891, 
246898, 
246907, 
246915, 
246922, 
246930, 
246938, 
246945, 
246954, 
246962, 
246969, 
246976, 
246985, 
246993, 
247001, 
247008, 
247015, 
247024, 
247032, 
247040, 
247048, 
247054, 
247063, 
247071, 
247079, 
247087, 
247095, 
247102, 
247110, 
247118, 
247126, 
247134, 
247141, 
247149, 
247157, 
247165, 
247173, 
247180, 
247188, 
247195, 
247204, 
247212, 
247220, 
247227, 
247235, 
247243, 
247251, 
247259, 
247266, 
247274, 
247281, 
247289, 
247298, 
247306, 
247313, 
247320, 
247328, 
247337, 
247345, 
247353, 
247360, 
247368, 
247376, 
247384, 
247392, 
247399, 
247407, 
247415, 
247423, 
247431, 
247438, 
247446, 
247453, 
247461, 
247469, 
247478, 
247484, 
247492, 
247501, 
247508, 
247517, 
247525, 
247532, 
247540, 
247548, 
247556, 
247563, 
247571, 
247578, 
247587, 
247595, 
247603, 
247611, 
247618, 
247626, 
247633, 
247642, 
247649, 
247656, 
247665, 
247673, 
247681, 
247689, 
247697, 
247704, 
247712, 
247720, 
247728, 
247736, 
247744, 
247751, 
247759, 
247767, 
247775, 
247783, 
247790, 
247798, 
247806, 
247813, 
247822, 
247829, 
247836, 
247844, 
247853, 
247860, 
247869, 
247875, 
247884, 
247891, 
247899, 
247908, 
247916, 
247923, 
247930, 
247939, 
247947, 
247955, 
247961, 
247969, 
247977, 
247985, 
247994, 
248002, 
248008, 
248017, 
248025, 
248033, 
248040, 
248048, 
248056, 
248064, 
248071, 
248080, 
248087, 
248095, 
248103, 
248110, 
248119, 
248127, 
248134, 
248142, 
248150, 
248158, 
248165, 
248174, 
248181, 
248188, 
248197, 
248205, 
248212, 
248220, 
248227, 
248235, 
248244, 
248252, 
248259, 
248267, 
248275, 
248283, 
248291, 
248299, 
248307, 
248314, 
248322, 
248330, 
248338, 
248346, 
248352, 
248361, 
248369, 
248377, 
248385, 
248393, 
248400, 
248408, 
248416, 
248424, 
248432, 
248438, 
248446, 
248455, 
248462, 
248471, 
248479, 
248486, 
248494, 
248501, 
248510, 
248518, 
248525, 
248533, 
248541, 
248549, 
248557, 
248565, 
248572, 
248580, 
248588, 
248596, 
248604, 
248612, 
248619, 
248626, 
248635, 
248642, 
248651, 
248658, 
248666, 
248674, 
248682, 
248690, 
248696, 
248705, 
248712, 
248720, 
248728, 
248736, 
248743, 
248752, 
248759, 
248768, 
248776, 
248784, 
248791, 
248799, 
248807, 
248814, 
248823, 
248829, 
248837, 
248845, 
248854, 
248862, 
248870, 
248876, 
248884, 
248892, 
248901, 
248909, 
248915, 
248924, 
248931, 
248939, 
248948, 
248955, 
248962, 
248971, 
248978, 
248986, 
248995, 
249001, 
249009, 
249017, 
249026, 
249033, 
249042, 
249048, 
249056, 
249064, 
249072, 
249081, 
249088, 
249096, 
249104, 
249111, 
249120, 
249127, 
249135, 
249142, 
249151, 
249159, 
249167, 
249175, 
249182, 
249189, 
249197, 
249206, 
249214, 
249221, 
249228, 
249237, 
249245, 
249253, 
249260, 
249267, 
249276, 
249284, 
249291, 
249300, 
249306, 
249315, 
249323, 
249331, 
249339, 
249346, 
249354, 
249362, 
249370, 
249378, 
249385, 
249393, 
249401, 
249408, 
249417, 
249425, 
249433, 
249440, 
249448, 
249456, 
249464, 
249472, 
249478, 
249486, 
249495, 
249503, 
249511, 
249519, 
249525, 
249534, 
249542, 
249550, 
249558, 
249565, 
249573, 
249581, 
249588, 
249597, 
249605, 
249612, 
249620, 
249628, 
249635, 
249644, 
249651, 
249659, 
249667, 
249675, 
249683, 
249690, 
249697, 
249706, 
249714, 
249722, 
249730, 
249737, 
249744, 
249753, 
249761, 
249769, 
249777, 
249784, 
249791, 
249800, 
249808, 
249816, 
249823, 
249830, 
249839, 
249846, 
249854, 
249862, 
249870, 
249878, 
249885, 
249894, 
249902, 
249910, 
249917, 
249925, 
249933, 
249941, 
249949, 
249956, 
249963, 
249972, 
249980, 
249988, 
249996, 
250003, 
250011, 
250018, 
250027, 
250034, 
250041, 
250050, 
250058, 
250066, 
250074, 
250082, 
250089, 
250096, 
250104, 
250113, 
250121, 
250128, 
250136, 
250144, 
250152, 
250160, 
250168, 
250175, 
250183, 
250191, 
250199, 
250206, 
250214, R
250221, 
250230, 
250238, S
250246, S
250253, S
250261, S
250269, 
250277, 
250285, 
250293, 
250301, 
250308, 
250316, 
250324, 
250332, 
250339, 
250346, 
250354, 
250363, 
250371, 
250379, 
250387, 
250394, 
250402, 
250410, 
250418, 
250425, 
250433, 
250441, 
250448, 
250456, 
250464, 
250473, 
250480, 
250488, 
250496, 
250504, 
250512, 
250519, 
250526, 
250535, 
250543, 
250551, 
250559, 
250566, 
250574, 
250582, 
250590, 
250597, 
250605, 
250612, 
250621, 
250629, 
250637, 
250645, 
250652, 
250660, 
250668, 
250675, 
250684, 
250691, 
250699, 
250707, 
250714, 
250722, 
250730, 
250737, 
250745, 
250754, 
250762, 
250769, 
250777, 
250785, 
250792, 
250801, 
250809, 
250816, 
250824, 
250832, 
250839, 
250847, 
250855, 
250862, 
250871, 
250879, 
250887, 
250894, 
250902, 
250909, 
250917, 
250926, 
250934, 
250941, 
250949, 
250956, 
250964, 
250972, 
250981, 
250988, 
250996, 
251003, 
251012, 
251020, 
251028, 
251035, 
251042, 
251050, 
251058, 
251067, 
251075, 
251082, 
251089, 
251098, 
251106, 
251113, 
251122, 
251129, 
251137, 
251144, 
251152, 
251161, 
251168, 
251176, 
251184, 
251192, 
251200, 
251208, 
251214, 
251222, 
251231, 
251239, 
251247, 
251254, 
251262, 
251269, 
251277, 
251285, 
251294, 
251301, 
251309, 
251317, 
251325, 
251332, 
251339, 
251347, 
251356, 
251363, 
251372, 
251379, 
251387, 
251395, 
251402, 
251411, 
251419, 
251427, 
251434, 
251442, 
251450, 
251458, 
251466, 
251473, 
251481, 
251489, 
251496, 
251505, 
251512, 
251520, 
251528, 
251536, 
251544, 
251552, 
251559, 
251566, 
251575, 
251583, 
251591, 
251599, 
251605, 
251614, 
251622, 
251630, 
251638, 
251645, 
251653, 
251661, 
251669, 
251677, 
251685, 
251692, 
251700, 
251707, 
251716, 
251724, 
251731, 
251739, 
251747, 
251755, 
251763, 
251771, 
251777, 
251785, 
251793, 
251802, 
251810, 
251817, 
251825, 
251833, 
251840, 
251848, 
251856, 
251864, 
251872, 
251880, 
251888, 
251895, 
251903, 
251911, 
251919, 
251927, 
251934, 
251942, 
251950, 
251957, 
251966, 
251974, 
251982, 
251990, 
251997, 
252005, 
252013, 
252021, 
252029, 
252036, 
252044, 
252052, 
252060, 
252068, 
252076, 
252083, 
252090, 
252098, 
252107, 
252115, 
252122, 
252130, 
252138, 
252146, 
252153, 
252161, 
252169, 
252176, 
252185, 
252193, 
252201, 
252208, 
252216, 
252224, 
252232, 
252240, 
252247, 
252255, 
252263, 
252271, 
252279, 
252287, 
252294, 
252301, 
252310, 
252318, 
252326, 
252334, 
252341, 
252348, 
252357, 
252365, 
252373, 
252380, 
252387, 
252395, 
252403, 
252412, 
252419, 
252427, 
252435, 
252443, 
252451, 
252459, 
252466, 
252473, 
252482, 
252489, 
252498, 
252506, 
252512, 
252521, 
252529, 
252537, 
252545, 
252552, 
252560, 
252568, 
252575, 
252584, 
252592, 
252599, 
252606, 
252615, 
252622, 
252631, 
252639, 
252645, 
252653, 
252662, 
252670, 
252677, 
252685, 
252692, 
252701, 
252708, 
252717, 
252725, 
252732, 
252740, 
252747, 
252755, 
252763, 
252771, 
252779, 
252787, 
252795, 
252803, 
252811, 
252817, 
252826, 
252834, 
252841, 
252850, 
252857, 
252865, 
252872, 
252881, 
252889, 
252897, 
252904, 
252911, 
252919, 
252927, 
252936, 
252943, 
252951, 
252958, 
252966, 
252974, 
252982, 
252989, 
252997, 
253006, 
253013, 
253021, 
253029, 
253037, 
253044, 
253053, 
253061, 
253069, 
253076, 
253084, 
253092, 
253100, 
253108, 
253116, 
253123, 
253131, 
253139, 
253146, 
253155, 
253161, 
253170, 
253178, 
253186, 
253194, 
253202, 
253209, 
253217, 
253225, 
253233, 
253241, 
253248, 
253256, 
253263, 
253272, 
253280, 
253288, 
253295, 
253303, 
253311, 
253319, 
253326, 
253334, 
253341, 
253349, 
253358, 
253366, 
253373, 
253381, 
253389, 
253397, 
253404, 
253412, 
253419, 
253428, 
253436, 
253443, 
253452, 
253459, 
253467, 
253475, 
253482, 
253490, 
253499, 
253506, 
253514, 
253521, 
253530, 
253538, 
253546, 
253553, 
253560, 
253568, 
253577, 
253585, 
253592, 
253600, 
253608, 
253615, 
253623, 
253632, 
253638, 
253646, 
253654, 
253662, 
253671, 
253678, 
253685, 
253694, 
253702, 
253709, 
253717, 
253725, 
253732, 
253741, 
253749, 
253757, 
253764, 
253771, 
253779, 
253787, 
253795, 
253803, 
253810, 
253818, 
253826, 
253834, 
253850, 
253851, 
253857, 
253866, 
253873, 
253881, 
253889, 
253896, 
253905, 
253913, 
253921, 
253928, 
253937, 
253944, 
253951, 
253959, 
253967, 
253975, 
253982, 
253990, 
253999, 
254006, 
254015, 
254022, 
254029, 
254038, 
254045, 
254054, 
254062, 
254069, 
254077, 
254085, 
254093, 
254101, 
254109, 
254115, 
254124, 
254132, 
254140, 
254147, 
254155, 
254163, 
254171, 
254178, 
254186, 
254194, 
254201, 
254209, 
254217, 
254225, 
254234, 
254242, 
254249, 
254256, 
254265, 
254273, 
254281, 
254288, 
254296, 
254304, 
254312, 
254320, 
254327, 
254335, 
254342, 
254351, 
254358, 
254366, 
254374, 
254382, 
254390, 
254398, 
254405, 
254414, 
254420, 
254429, 
254436, 
254445, 
254453, 
254459, 
254468, 
254476, 
254484, 
254492, 
254500, 
254507, 
254515, 
254523, 
254531, 
254539, 
254545, 
254554, 
254562, 
254570, 
254577, 
254586, 
254593, 
254601, 
254609, 
254617, 
254625, 
254633, 
254640, 
254648, 
254655, 
254663, 
254672, 
254679, 
254686, 
254694, 
254702, 
254711, 
254719, 
254726, 
254733, 
254742, 
254750, 
254757, 
254765, 
254772, 
254780, 
254789, 
254796, 
254805, 
254811, 
254820, 
254828, 
254836, 
254844, 
254851, 
254858, 
254867, 
254875, 
254882, 
254890, 
254898, 
254906, 
254914, 
254922, 
254930, 
254936, 
254945, 
254953, 
254960, 
254969, 
254977, 
254984, 
254992, 
255000, 
255008, 
255016, 
255023, 
255030, 
255039, 
255047, 
255055, 
255063, 
255070, 
255077, 
255086, 
255094, 
255102, 
255109, 
255117, 
255124, 
255133, 
255141, 
255149, 
255156, 
255164, 
255172, 
255180, 
255188, 
255196, 
255203, 
255212, 
255219, 
255227, 
255235, 
255241, 
255250, 
255257, 
255266, 
255274, 
255281, 
255289, 
255297, 
255305, 
255313, 
255320, 
255327, 
255336, 
255344, 
255352, 
255360, 
255368, 
255375, 
255383, 
255390, 
255399, 
255407, 
255414, 
255422, 
255430, 
255438, 
255446, 
255453, 
255461, 
255469, 
255477, 
255485, 
255493, 
255501, 
255508, 
255516, 
255523, 
255532, 
255540, 
255547, 
255555, 
255563, 
255571, 
255578, 
255586, 
255594, 
255602, 
255610, 
255617, 
255626, 
255633, 
255641, 
255649, 
255657, 
255664, 
255672, 
255680, 
255688, 
255696, 
255704, 
255712, 
255719, 
255727, 
255735, 
255743, 
255751, 
255759, 
255766, 
255773, 
255782, 
255789, 
255797, 
255804, 
255812, 
255820, 
255828, 
255836, 
255845, 
255852, 
255860, 
255867, 
255875, 
255884, 
255890, 
255899, 
255907, 
255915, 
255923, 
255931, 
255937, 
255946, 
255954, 
255961, 
255969, 
255976, 
255985, 
255993, 
256001, 
256009, 
256017, 
256024, 
256032, 
256039, 
256047, 
256055, 
256063, 
256071, 
256079, 
256087, 
256094, 
256103, 
256110, 
256118, 
256126, 
256134, 
256142, 
256150, 
256157, 
256165, 
256173, 
256180, 
256188, 
256195, 
256203, 
256212, 
256220, 
256227, 
256236, 
256242, 
256250, 
256259, 
256266, 
256274, 
256281, 
256289, 
256298, 
256305, 
256313, 
256322, 
256328, 
256337, 
256345, 
256353, 
256361, 
256368, 
256376, 
256384, 
256392, 
256399, 
256408, 
256414, 
256423, 
256430, 
256439, 
256447, 
256454, 
256461, 
256470, 
256477, 
256486, 
256493, 
256501, 
256508, 
256517, 
256525, 
256532, 
256539, 
256547, 
256556, 
256564, 
256572, 
256580, 
256587, 
256595, 
256603, 
256610, 
256619, 
256627, 
256634, 
256642, 
256650, 
256658, 
256666, 
256672, 
256681, 
256689, 
256697, 
256705, 
256712, 
256720, 
256728, 
256735, 
256743, 
256751, 
256759, 
256766, 
256775, 
256783, 
256791, 
256799, 
256806, 
256813, 
256822, 
256829, 
256838, 
256844, 
256852, 
256861, 
256869, 
256876, 
256885, 
256891, 
256900, 
256908, 
256915, 
256923, 
256930, 
256938, 
256946, 
256955, 
256963, 
256970, 
256978, 
256986, 
256993, 
257002, 
257010, 
257017, 
257025, 
257033, 
257041, 
257049, 
257057, 
257064, 
257072, 
257080, 
257088, 
257096, 
257103, 
257110, 
257119, 
257126, 
257135, 
257143, 
257150, 
257158, 
257165, 
257173, 
257182, 
257189, 
257197, 
257205, 
257212, 
257221, 
257229, 
257236, 
257244, 
257252, 
257260, 
257268, 
257276, 
257283, 
257291, 
257299, 
257306, 
257315, 
257322, 
257330, 
257338, 
257346, 
257354, 
257362, 
257369, 
257377, 
257385, 
257407, 
257408, 
257408, 
257416, 
257424, 
257432, 
257439, 
257448, 
257454, 
257462, 
257471, 
257479, 
257486, 
257494, 
257501, 
257509, 
257517, 
257525, 
257533, 
257540, 
257548, 
257556, 
257564, 
257572, 
257579, 
257588, 
257596, 
257604, 
257612, 
257620, 
257626, 
257634, 
257643, 
257650, 
257658, 
257667, 
257674, 
257682, 
257690, 
257698, 
257706, 
257713, 
257721, 
257728, R
257737, 
257745, S
257753, S
257760, S
257768, S
257776, 
257784, 
257792, 
257799, 
257807, 
257814, 
257823, 
257830, 
257839, 
257846, 
257854, 
257862, 
257870, 
257877, 
257885, 
257893, 
257901, 
257909, 
257917, 
257925, 
257932, 
257940, 
257948, 
257956, 
257964, 
257971, 
257978, 
257987, 
257995, 
258003, 
258010, 
258018, 
258026, 
258034, 
258041, 
258050, 
258057, 
258064, 
258073, 
258081, 
258088, 
258097, 
258104, 
258112, 
258119, 
258128, 
258136, 
258142, 
258150, 
258159, 
258167, 
258174, 
258183, 
258189, 
258197, 
258206, 
258214, 
258222, 
258230, 
258236, 
258245, 
258252, 
258261, 
258269, 
258276, 
258284, 
258292, 
258300, 
258308, 
258316, 
258323, 
258331, 
258339, 
258347, 
258355, 
258361, 
258370, 
258378, 
258386, 
258394, 
258402, 
258409, 
258417, 
258425, 
258432, 
258441, 
258448, 
258456, 
258464, 
258472, 
258480, 
258488, 
258495, 
258503, 
258511, 
258519, 
258527, 
258534, 
258542, 
258550, 
258558, 
258566, 
258574, 
258581, 
258589, 
258597, 
258605, 
258613, 
258620, 
258628, 
258636, 
258643, 
258652, 
258660, 
258666, 
258675, 
258683, 
258691, 
258699, 
258706, 
258714, 
258722, 
258730, 
258738, 
258746, 
258753, 
258761, 
258769, 
258777, 
258785, 
258791, 
258800, 
258808, 
258815, 
258824, 
258832, 
258839, 
258847, 
258854, 
258863, 
258871, 
258879, 
258886, 
258893, 
258901, 
258910, 
258917, 
258925, 
258932, 
258941, 
258948, 
258957, 
258965, 
258972, 
258979, 
258988, 
258995, 
259004, 
259011, 
259019, 
259027, 
259035, 
259043, 
259051, 
259058, 
259066, 
259074, 
259082, 
259090, 
259097, 
259105, 
259113, 
259121, 
259128, 
259137, 
259144, 
259152, 
259160, 
259168, 
259175, 
259182, 
259191, 
259199, 
259207, 
259215, 
259223, 
259229, 
259237, 
259245, 
259254, 
259262, 
259268, 
259277, 
259285, 
259293, 
259301, 
259309, 
259316, 
259324, 
259332, 
259339, 
259348, 
259356, 
259363, 
259370, 
259378, 
259386, 
259394, 
259402, 
259410, 
259417, 
259426, 
259434, 
259442, 
259449, 
259457, 
259465, 
259473, 
259480, 
259488, 
259496, 
259504, 
259512, 
259519, 
259528, 
259535, 
259543, 
259551, 
259559, 
259567, 
259574, 
259582, 
259590, 
259597, 
259606, 
259614, 
259621, 
259628, 
259637, 
259644, 
259652, 
259659, 
259667, 
259676, 
259684, 
259692, 
259700, 
259707, 
259714, 
259723, 
259730, 
259739, 
259746, 
259754, 
259761, 
259770, 
259778, 
259786, 
259793, 
259801, 
259809, 
259817, 
259825, 
259833, 
259840, 
259847, 
259856, 
259864, 
259871, 
259879, 
259887, 
259894, 
259902, 
259911, 
259918, 
259928, 
259934, 
259942, 
259958, 
259959, 
259965, 
259972, 
259981, 
259989, 
259996, 
260005, 
260012, 
260020, 
260028, 
260036, 
260044, 
260051, 
260059, 
260067, 
260075, 
260083, 
260091, 
260098, 
260106, 
260114, 
260122, 
260130, 
260136, 
260145, 
260152, 
260161, 
260169, 
260177, 
260184, 
260192, 
260200, 
260208, 
260216, 
260223, 
260231, 
260239, 
260247, 
260255, 
260263, 
260269, 
260278, 
260286, 
260294, 
260302, 
260309, 
260317, 
260325, 
260333, 
260341, 
260348, 
260356, 
260364, 
260371, 
260380, 
260388, 
260396, 
260403, 
260410, 
260419, 
260427, 
260435, 
260442, 
260450, 
260458, 
260466, 
260473, 
260482, 
260488, 
260497, 
260505, 
260512, 
260521, 
260528, 
260536, 
260543, 
260552, 
260560, 
260568, 
260575, 
260583, 
260591, 
260598, 
260607, 
260613, 
260621, 
260630, 
260638, 
260646, 
260653, 
260661, 
260669, 
260677, 
260684, 
260693, 
260700, 
260708, 
260716, 
260723, 
260732, 
260740, 
260747, 
260755, 
260763, 
260771, 
260779, 
260787, 
260794, 
260801, 
260810, 
260818, 
260826, 
260833, 
260841, 
260848, 
260857, 
260865, 
260872, 
260880, 
260888, 
260896, 
260904, 
260911, 
260919, 
260927, 
260935, 
260943, 
260950, 
260959, 
260966, 
260973, 
260982, 
260990, 
260998, 
261005, 
261013, 
261021, 
261028, 
261037, 
261045, 
261052, 
261060, 
261067, 
261076, 
261084, 
261091, 
261099, 
261107, 
261115, 
261123, 
261131, 
261138, 
261146, 
261154, 
261162, 
261170, 
261177, 
261184, 
261192, 
261201, 
261209, 
261216, 
261224, 
261232, 
261240, 
261248, 
261256, 
261263, 
261271, 
261278, 
261287, 
261295, 
261303, 
261310, 
261318, 
261326, 
261334, 
261342, 
261350, 
261357, 
261365, 
261373, 
261381, 
261388, 
261396, 
261404, 
261411, 
261420, 
261428, 
261435, 
261443, 
261451, 
261459, 
261467, 
261474, 
261482, 
261490, 
261497, 
261505, 
261514, 
261522, 
261529, 
261537, 
261545, 
261553, 
261561, 
261568, 
261575, 
261584, 
261592, 
261600, 
261608, 
261615, 
261623, 
261630, 
261638, 
261647, 
261654, 
261662, 
261670, 
261678, 
261686, 
261694, 
261701, 
261709, 
261716, 
261724, 
261733, 
261740, 
261748, 
261756, 
261764, 
261772, 
261779, 
261787, 
261795, 
261803, 
261811, 
261819, 
261826, 
261834, 
261842, 
261850, 
261857, 
261866, 
261873, 
261881, 
261889, 
261897, 
261905, 
261912, 
261920, 
261928, 
261936, 
261944, 
261952, 
261959, 
261967, 
261975, 
261983, 
261990, 
261998, 
262006, 
262013, 
262022, 
262030, 
262038, 
262045, 
262053, 
262061, 
262068, 
262077, 
262085, 
262091, 
262100, 
262108, 
262116, 
262124, 
262131, 
262139, 
262147, 
262155, 
262162, 
262171, 
262178, 
262185, 
262194, 
262201, 
262210, 
262216, 
262225, 
262233, 
262241, 
262248, 
262256, 
262263, 
262272, 
262279, 
262288, 
262296, 
262303, 
262311, 
262319, 
262327, 
262335, 
262343, 
262349, 
262358, 
262366, 
262374, 
262382, 
262389, 
262396, 
262405, 
262413, 
262421, 
262429, 
262436, 
262443, 
262451, 
262460, 
262468, 
262475, 
262483, 
262490, 
262498, 
262506, 
262514, 
262521, 
262529, 
262537, 
262545, 
262554, 
262561, 
262568, 
262576, 
262585, 
262593, 
262601, 
262607, 
262615, 
262624, 
262631, 
262640, 
262648, 
262654, 
262663, 
262670, 
262678, 
262686, 
262694, 
262701, 
262710, 
262718, 
262725, 
262734, 
262741, 
262748, 
262757, 
262764, 
262773, 
262780, 
262788, 
262796, 
262804, 
262811, 
262820, 
262827, 
262835, 
262842, 
262851, 
262858, 
262865, 
262873, 
262881, 
262890, 
262898, 
262906, 
262913, 
262920, 
262928, 
262937, 
262945, 
262952, 
262960, 
262968, 
262976, 
262984, 
262992, 
262999, 
263007, 
263015, 
263023, 
263031, 
263037, 
263046, 
263054, 
263062, 
263070, 
263078, 
263085, 
263093, 
263100, 
263108, 
263117, 
263124, 
263131, 
263140, 
263147, 
263156, 
263164, 
263170, 
263179, 
263186, 
263194, 
263203, 
263211, 
263217, 
263226, 
263234, 
263242, 
263250, 
263257, 
263264, 
263273, 
263281, 
263289, 
263297, 
263304, 
263311, 
263320, 
263327, 
263336, 
263343, 
263350, 
263359, 
263367, 
263374, 
263383, 
263389, 
263398, 
263405, 
263413, 
263421, 
263429, 
263436, 
263445, 
263453, 
263461, 
263469, 
263475, 
263483, 
263491, 
263500, 
263508, 
263514, 
263523, 
263531, 
263539, 
263547, 
263555, 
263562, 
263569, 
263578, 
263586, 
263593, 
263601, 
263608, 
263617, 
263624, 
263633, 
263641, 
263648, 
263656, 
263664, 
263671, 
263680, 
263688, 
263694, 
263702, 
263711, 
263719, 
263726, 
263734, 
263742, 
263749, 
263757, 
263766, 
263774, 
263780, 
263788, 
263797, 
263804, 
263812, 
263819, 
263827, 
263835, 
263844, 
263851, 
263860, 
263867, 
263875, 
263883, 
263891, 
263899, 
263906, 
263914, 
263922, 
263930, 
263938, 
263946, 
263953, 
263961, 
263969, 
263977, 
263985, 
263992, 
264000, 
264007, 
264015, 
264024, 
264032, 
264039, 
264047, 
264055, 
264062, 
264070, 
264078, 
264086, 
264093, 
264101, 
264109, 
264117, 
