585, 
593, 
601, 
610, 
618, 
629, 
632, 
640, 
649, 
657, 
664, 
671, 
679, 
687, 
695, 
704, 
710, 
718, 
726, 
734, 
743, 
749, 
757, 
765, 
774, 
781, 
789, 
797, 
814, 
815, 
821, 
829, 
836, 
843, 
852, 
859, 
870, 
876, 
883, 
890, 
898, 
907, 
914, 
922, 
930, 
937, 
945, 
953, 
961, 
968, 
976, 
984, 
992, 
1000, 
1009, 
1015, 
1023, 
1031, 
1039, 
1047, 
1054, 
1062, 
1070, 
1079, 
1087, 
1095, 
1101, 
1110, 
1117, 
1126, 
1133, 
1140, 
1149, 
1156, 
1164, 
1172, 
1180, 
1188, 
1198, 
1204, 
1211, 
1219, 
1227, 
1234, 
1243, 
1250, 
1260, 
1267, 
1274, 
1281, 
1290, 
1298, 
1306, 
1313, 
1320, 
1328, 
1337, 
1344, 
1352, 
1360, 
1370, 
1376, 
1383, 
1392, 
1399, 
1407, 
1414, 
1422, 
1431, 
1439, 
1446, 
1454, 
1462, 
1470, 
1478, 
1486, 
1493, 
1500, 
1509, 
1517, 
1524, 
1531, 
1540, 
1548, 
1556, 
1565, 
1572, 
1578, 
1587, 
1594, 
1602, 
1611, 
1617, 
1627, 
1634, 
1642, 
1649, 
1657, 
1667, 
1672, 
1681, 
1688, 
1696, 
1705, 
1712, 
1721, 
1728, 
1735, 
1744, 
1751, 
1759, 
1767, 
1775, 
1783, 
1789, 
1797, 
1806, 
1813, 
1822, 
1830, 
1836, 
1844, 
1852, 
1861, 
1869, 
1878, 
1883, 
1892, 
1900, 
1911, 
1915, 
1922, 
1931, 
1939, 
1947, 
1955, 
1963, 
1969, 
1978, 
1987, 
1994, 
2001, 
2010, 
2016, 
2025, 
2034, 
2040, 
2049, 
2057, 
2063, 
2071, 
2080, 
2087, 
2094, 
2103, 
2111, 
2118, 
2128, 
2134, 
2142, 
2150, 
2158, 
2165, 
2173, 
2180, 
2188, 
2197, 
2205, 
2213, 
2220, 
2228, 
2236, 
2244, 
2251, 
2260, 
2266, 
2275, 
2282, 
2290, 
2298, 
2307, 
2313, 
2321, 
2329, 
2337, 
2345, 
2353, 
2360, 
2368, 
2376, 
2384, 
2393, 
2399, 
2409, 
2416, 
2424, 
2432, 
2438, 
2447, 
2455, 
2463, 
2471, 
2478, 
2486, 
2493, 
2501, 
2510, 
2517, 
2527, 
2541, 
2541, 
2549, 
2557, 
2565, 
2572, 
2580, 
2587, 
2596, 
2604, 
2612, 
2618, 
2627, 
2634, 
2642, 
2651, 
2658, 
2667, 
2674, 
2681, 
2689, 
2697, 
2705, 
2713, 
2721, 
2729, 
2736, 
2744, 
2752, 
2760, 
2767, 
2776, 
2784, 
2790, 
2798, 
2806, 
2815, 
2822, 
2830, 
2838, 
2846, 
2854, 
2863, 
2870, 
2878, 
2885, 
2894, 
2900, 
2909, 
2916, 
2924, 
2932, 
2940, 
2947, 
2956, 
2962, 
2971, 
2979, 
2987, 
2995, 
3002, 
3009, 
3017, 
3026, 
3034, 
3042, 
3049, 
3057, 
3065, 
3072, 
3080, 
3089, 
3096, 
3104, 
3111, 
3120, 
3128, 
3135, 
3143, 
3150, 
3159, 
3166, 
3174, 
3181, 
3189, 
3197, 
3206, 
3214, 
3221, 
3229, 
3236, 
3244, 
3253, 
3261, 
3268, 
3276, 
3284, 
3292, 
3300, 
3307, 
3315, 
3322, 
3332, 
3339, 
3348, 
3353, 
3362, 
3369, 
3378, 
3385, 
3393, 
3401, 
3410, 
3416, 
3426, 
3433, 
3440, 
3447, 
3456, 
3463, 
3472, 
3479, 
3486, 
3495, 
3502, 
3510, 
3519, 
3527, 
3535, 
3542, 
3549, 
3559, 
3565, 
3573, 
3581, 
3589, 
3597, 
3604, 
3612, 
3619, 
3629, 
3635, 
3643, 
3651, 
3659, 
3666, 
3675, 
3682, 
3691, 
3698, 
3705, 
3713, 
3721, 
3730, 
3738, 
3744, 
3753, 
3761, 
3769, 
3777, 
3784, 
3792, 
3800, 
3808, 
3816, 
3824, 
3831, 
3838, 
3846, 
3855, 
3863, 
3869, 
3877, 
3885, 
3895, 
3902, 
3909, 
3917, 
3925, 
3934, 
3940, 
3949, 
3956, 
3964, R
3972, 
3979, 
3988, 
3995, S
4002, S
4010, S
4018, S
4026, 
4036, 
4042, 
4049, 
4057, 
4066, 
4073, 
4081, 
4089, 
4097, 
4105, 
4113, 
4121, 
4129, 
4135, 
4143, 
4151, 
4160, 
4167, 
4174, 
4182, 
4190, 
4199, 
4206, 
4215, 
4221, 
4229, 
4238, 
4246, 
4253, 
4260, 
4268, 
4276, 
4284, 
4292, 
4301, 
4307, 
4315, 
4323, 
4332, 
4339, 
4346, 
4355, 
4362, 
4370, 
4379, 
4386, 
4394, 
4402, 
4409, 
4418, 
4425, 
4433, 
4441, 
4448, 
4457, 
4464, 
4472, 
4480, 
4488, 
4496, 
4503, 
4511, 
4519, 
4526, 
4534, 
4542, 
4550, 
4559, 
4565, 
4573, 
4581, 
4589, 
4597, 
4605, 
4612, 
4620, 
4629, 
4637, 
4645, 
4652, 
4660, 
4668, 
4676, 
4684, 
4691, 
4698, 
4706, 
4714, 
4723, 
4730, 
4737, 
4745, 
4754, 
4762, 
4770, 
4778, 
4785, 
4793, 
4800, 
4809, 
4817, 
4823, 
4831, 
4839, 
4847, 
4855, 
4863, 
4871, 
4878, 
4887, 
4895, 
4904, 
4911, 
4917, 
4926, 
4934, 
4943, 
4949, 
4957, 
4964, 
4972, 
4980, 
4988, 
4996, 
5003, 
5012, 
5020, 
5028, 
5037, 
5043, 
5051, 
5060, 
5067, 
5075, 
5084, 
5091, 
5098, 
5105, 
5113, 
5122, 
5128, 
5138, 
5145, 
5153, 
5161, 
5170, 
5176, 
5184, 
5192, 
5201, 
5207, 
5214, 
5222, 
5230, 
5238, 
5248, 
5255, 
5263, 
5269, 
5278, 
5287, 
5295, 
5301, 
5309, 
5317, 
5326, 
5333, 
5341, 
5347, 
5356, 
5364, 
5372, 
5379, 
5386, 
5396, 
5402, 
5410, 
5418, 
5428, 
5435, 
5443, 
5449, 
5458, 
5467, 
5472, 
5481, 
5488, 
5496, 
5504, 
5512, 
5519, 
5528, 
5537, 
5545, 
5552, 
5559, 
5567, 
5575, 
5583, 
5591, 
5599, 
5605, 
5615, 
5621, 
5629, 
5637, 
5646, 
5652, 
5660, 
5668, 
5676, 
5685, 
5691, 
5700, 
5708, 
5715, 
5725, 
5731, 
5738, 
5747, 
5754, 
5762, 
5771, 
5778, 
5786, 
5795, 
5803, 
5810, 
5817, 
5825, 
5832, 
5840, 
5848, 
5857, 
5863, 
5871, 
5879, 
5887, 
5895, 
5905, 
5910, 
5918, 
5928, 
5936, 
5942, 
5951, 
5957, 
5965, 
5974, R
5982, 
5989, 
5996, S
6005, S
6013, S
6020, S
6030, 
6037, 
6045, 
6051, 
6061, 
6068, 
6075, 
6083, 
6091, 
6099, 
6107, 
6115, 
6122, 
6130, 
6138, 
6146, 
6154, 
6162, 
6169, 
6177, 
6185, 
6193, 
6201, 
6208, 
6216, 
6224, 
6232, 
6241, 
6248, 
6255, 
6263, 
6271, 
6279, 
6287, 
6294, 
6302, 
6310, 
6318, 
6326, 
6334, 
6341, 
6349, 
6357, 
6365, 
6373, 
6381, 
6388, 
6396, 
6404, 
6412, 
6420, 
6427, 
6435, 
6443, 
6451, 
6459, 
6467, 
6474, 
6482, 
6490, 
6498, 
6506, 
6513, 
6521, 
6529, 
6537, 
6545, 
6553, 
6560, 
6568, 
6576, 
6584, 
6592, 
6599, 
6607, 
6615, 
6623, 
6631, 
6639, 
6646, 
6654, 
6662, 
6670, 
6678, 
6685, 
6693, 
6701, 
6709, 
6717, 
6725, 
6732, 
6740, 
6748, 
6756, 
6764, 
6771, 
6779, 
6787, 
6795, 
6804, 
6811, 
6818, 
6826, 
6834, 
6842, 
6850, 
6858, 
6865, 
6873, 
6881, 
6889, 
6897, 
6904, 
6912, 
6920, 
6928, 
6936, 
6944, 
6951, 
6959, 
6967, 
6975, 
6983, 
6990, 
6998, 
7006, 
7014, 
7022, 
7030, 
7037, 
7045, 
7053, 
7061, 
7069, 
7076, 
7084, 
7092, 
7100, 
7108, 
7116, 
7123, 
7131, 
7139, 
7147, 
7155, 
7163, 
7170, 
7178, 
7186, 
7194, 
7202, 
7209, 
7217, 
7225, 
7233, 
7241, 
7248, 
7256, 
7264, 
7272, 
7280, 
7288, 
7295, 
7303, 
7311, 
7319, 
7327, 
7335, 
7342, 
7350, 
7358, 
7366, 
7374, 
7381, 
7389, 
7397, 
7405, 
7413, 
7421, 
7428, 
7436, 
7444, 
7452, 
7460, 
7467, 
7475, 
7483, 
7491, 
7499, 
7507, 
7514, 
7522, 
7530, 
7538, 
7546, 
7553, 
7561, 
7569, 
7577, 
7585, 
7593, 
7600, 
7608, 
7616, 
7624, 
7632, 
7639, 
7647, 
7655, 
7663, 
7671, 
7679, 
7686, 
7694, 
7702, 
7710, 
7718, 
7726, 
7733, 
7741, 
7749, 
7757, 
7765, 
7772, 
7780, 
7788, 
7796, 
7804, 
7811, 
7819, 
7827, 
7835, 
7843, 
7851, 
7858, 
7866, 
7874, 
7882, 
7890, 
7897, 
7905, 
7913, 
7921, 
7929, 
7937, 
7944, 
7952, 
7960, 
7968, 
7976, 
7984, 
7991, R
7999, S
8007, S
8015, S
8023, S
8030, 
8038, 
8046, 
8054, 
8062, 
8070, 
8077, 
8085, 
8093, 
8101, 
8109, 
8116, 
8124, 
8132, 
8140, 
8148, 
8156, 
8163, 
8171, 
8179, 
8187, 
8195, 
8202, 
8210, 
8218, 
8226, 
8234, 
8242, 
8249, 
8257, 
8265, 
8273, 
8281, 
8289, 
8296, 
8304, 
8312, 
8320, 
8328, 
8335, 
8343, 
8351, 
8359, 
8367, 
8375, 
8382, 
8390, 
8398, 
8406, 
8414, 
8421, 
8429, 
8437, 
8445, 
8453, 
8461, 
8468, 
8476, 
8484, 
8492, 
8500, 
8507, 
8515, 
8523, 
8531, 
8539, 
8547, 
8554, 
8562, 
8570, 
8578, 
8586, 
8593, 
8601, 
8609, 
8617, 
8625, 
8633, 
8640, 
8648, 
8656, 
8664, 
8672, 
8679, 
8687, 
8695, 
8703, 
8711, 
8719, 
8726, 
8734, 
8742, 
8750, 
8758, 
8765, 
8773, 
8781, 
8789, 
8797, 
8805, 
8812, 
8820, 
8828, 
8836, 
8844, 
8851, 
8859, 
8867, 
8875, 
8883, 
8891, 
8898, 
8906, 
8914, 
8922, 
8930, 
8938, 
8945, 
8953, 
8961, 
8969, 
8977, 
8984, 
8992, 
9000, 
9008, 
9016, 
9024, 
9031, 
9039, 
9047, 
9055, 
9063, 
9070, 
9078, 
9086, 
9094, 
9102, 
9110, 
9117, 
9125, 
9133, 
9141, 
9149, 
9156, 
9164, 
9172, 
9180, 
9188, 
9196, 
9203, 
9211, 
9219, 
9227, 
9235, 
9242, 
9250, 
9258, 
9266, 
9274, 
9282, 
9289, 
9297, 
9305, 
9313, 
9321, 
9328, 
9336, 
9344, 
9352, 
9360, 
9368, 
9375, 
9383, 
9390, 
9399, 
9407, 
9415, 
9422, 
9430, 
9438, 
9446, 
9454, 
9461, 
9469, 
9477, 
9485, 
9493, 
9501, 
9508, 
9516, 
9524, 
9532, 
9540, 
9547, 
9555, 
9563, 
9571, 
9579, 
9587, 
9594, 
9602, 
9610, 
9618, 
9626, 
9633, 
9641, 
9649, 
9657, 
9665, 
9673, 
9680, 
9688, 
9696, 
9704, 
9712, 
9719, 
9727, 
9735, 
9743, 
9751, 
9759, 
9766, 
9774, 
9782, 
9790, 
9798, 
9805, 
9813, 
9821, 
9829, 
9837, 
9845, 
9852, 
9860, 
9868, 
9876, 
9884, 
9892, 
9899, 
9907, 
9915, 
9923, 
9931, 
9938, 
9946, 
9954, 
9962, 
9970, 
9977, 
9985, 
9993, 
10001, 
10009, 
10017, R
10024, 
10032, S
10040, S
10048, S
10056, S
10063, 
10071, 
10079, 
10087, 
10095, 
10103, 
10110, 
10118, 
10126, 
10134, 
10142, 
10150, 
10157, 
10165, 
10173, 
10181, 
10189, 
10196, 
10204, 
10212, 
10220, 
10228, 
10236, 
10243, 
10251, 
10259, 
10267, 
10275, 
10282, 
10290, 
10298, 
10306, 
10314, 
10322, 
10329, 
10337, 
10345, 
10353, 
10361, 
10368, 
10376, 
10384, 
10392, 
10400, 
10408, 
10415, 
10423, 
10431, 
10439, 
10447, 
10455, 
10462, 
10470, 
10478, 
10486, 
10494, 
10501, 
10509, 
10517, 
10525, 
10533, 
10540, 
10548, 
10556, 
10564, 
10572, 
10580, 
10587, 
10595, 
10603, 
10611, 
10619, 
10627, 
10634, 
10642, 
10650, 
10658, 
10666, 
10673, 
10681, 
10689, 
10697, 
10705, 
10713, 
10720, 
10728, 
10736, 
10744, 
10752, 
10759, 
10767, 
10775, 
10783, 
10791, 
10799, 
10806, 
10814, 
10822, 
10830, 
10838, 
10845, 
10853, 
10861, 
10869, 
10877, 
10885, 
10892, 
10900, 
10907, 
10916, 
10924, 
10931, 
10939, 
10947, 
10955, 
10963, 
10971, 
10978, 
10986, 
10995, 
11002, 
11010, 
11017, 
11025, 
11033, 
11041, 
11049, 
11057, 
11064, 
11072, 
11080, 
11088, 
11096, 
11104, 
11111, 
11119, 
11127, 
11135, 
11143, 
11150, 
11158, 
11166, 
11174, 
11182, 
11190, 
11197, 
11205, 
11213, 
11221, 
11229, 
11236, 
11244, 
11252, 
11260, 
11268, 
11276, 
11283, 
11291, 
11299, 
11307, 
11315, 
11322, 
11330, 
11338, 
11346, 
11354, 
11362, 
11369, 
11377, 
11385, 
11393, 
11401, 
11408, 
11416, 
11424, 
11432, 
11440, 
11448, 
11455, 
11463, 
11471, 
11479, 
11487, 
11494, 
11502, 
11510, 
11518, 
11526, 
11534, 
11541, 
11549, 
11557, 
11565, 
11573, 
11581, 
11588, 
11596, 
11604, 
11612, 
11620, 
11627, 
11635, 
11643, 
11651, 
11659, 
11667, 
11674, 
11682, 
11690, 
11698, 
11706, 
11713, 
11721, 
11729, 
11737, 
11745, 
11753, 
11760, 
11768, 
11776, 
11784, 
11792, 
11799, 
11807, 
11815, 
11823, 
11831, 
11839, 
11846, 
11854, 
11862, 
11870, 
11878, 
11885, 
11893, 
11901, 
11909, 
11917, 
11925, 
11932, 
11940, 
11948, 
11956, 
11964, 
11971, 
11979, 
11987, 
11995, 
12003, 
12011, 
12018, 
12026, 
12034, 
12042, 
12050, R
12057, 
12065, S
12073, S
12081, S
12089, S
12097, 
12104, 
12112, 
12120, 
12128, 
12136, 
12144, 
12151, 
12159, 
12167, 
12176, 
12184, 
12190, 
12199, 
12206, 
12214, 
12222, 
12230, 
12237, 
12246, 
12253, 
12262, 
12269, 
12277, 
12284, 
12292, 
12300, 
12308, 
12316, 
12323, 
12332, 
12340, 
12348, 
12356, 
12362, 
12370, 
12378, 
12386, 
12394, 
12403, 
12410, 
12431, 
12432, 
12433, 
12441, 
12448, 
12456, 
12464, 
12473, 
12480, 
12489, 
12495, 
12503, 
12511, 
12520, 
12527, 
12536, 
12542, 
12550, 
12559, 
12566, 
12574, 
12581, 
12589, 
12597, 
12605, 
12613, 
12620, 
12629, 
12637, 
12644, 
12652, 
12661, 
12667, 
12675, 
12683, 
12691, 
12699, 
12707, 
12714, 
12722, 
12730, 
12739, 
12746, 
12754, 
12762, 
12770, 
12778, 
12785, 
12794, 
12800, 
12808, 
12816, 
12824, 
12833, 
12839, 
12848, 
12855, 
12863, 
12871, 
12879, 
12886, 
12894, 
12902, 
12910, 
12919, 
12926, 
12933, 
12941, 
12949, 
12957, 
12965, 
12972, 
12980, 
12989, 
12996, 
13005, 
13011, 
13020, 
13027, 
13036, 
13043, 
13052, 
13058, 
13066, 
13074, 
13082, 
13090, 
13097, 
13105, 
13113, 
13122, 
13129, 
13137, 
13145, 
13152, 
13160, 
13168, 
13177, 
13184, 
13191, 
13199, 
13207, 
13216, 
13223, 
13230, 
13238, 
13247, 
13254, 
13262, 
13269, 
13277, 
13285, 
13293, 
13302, 
13309, 
13316, 
13324, 
13332, 
13341, 
13349, 
13356, 
13363, 
13371, 
13380, 
13388, 
13396, 
13402, 
13411, 
13419, 
13427, 
13435, 
13442, 
13449, 
13457, 
13466, 
13473, 
13481, 
13489, 
13497, 
13504, 
13512, 
13521, 
13529, 
13536, 
13544, 
13551, 
13559, 
13567, 
13574, 
13582, 
13591, 
13598, 
13606, 
13615, 
13621, 
13630, 
13638, 
13645, 
13653, 
13661, 
13669, 
13676, 
13684, 
13692, 
13700, 
13707, 
13716, 
13723, 
13732, 
13739, 
13747, 
13755, 
13763, 
13771, 
13778, 
13787, 
13793, 
13801, 
13810, 
13817, 
13826, 
13833, 
13840, 
13848, 
13856, 
13864, 
13872, 
13879, 
13887, 
13896, 
13904, 
13911, 
13919, 
13926, 
13934, 
13942, 
13951, 
13958, 
13966, 
13973, 
13981, 
13990, 
13997, 
14005, 
14012, 
14020, 
14029, 
14036, 
14045, 
14052, R
14059, 
14067, S
14075, S
14083, S
14091, S
14099, 
14106, 
14114, 
14122, 
14130, 
14137, 
14145, 
14153, 
14162, 
14170, 
14177, 
14184, 
14192, 
14201, 
14209, 
14216, 
14224, 
14231, 
14239, 
14247, 
14255, 
14264, 
14271, 
14278, 
14286, 
14294, 
14302, 
14309, 
14317, 
14325, 
14334, 
14341, 
14350, 
14356, 
14364, 
14372, 
14380, 
14388, 
14396, 
14403, 
14411, 
14419, 
14427, 
14435, 
14442, 
14450, 
14458, 
14466, 
14474, 
14482, 
14489, 
14497, 
14505, 
14513, 
14521, 
14528, 
14536, 
14544, 
14552, 
14560, 
14568, 
14575, 
14583, 
14591, 
14599, 
14607, 
14614, 
14622, 
14630, 
14638, 
14646, 
14654, 
14661, 
14669, 
14677, 
14685, 
14693, 
14700, 
14708, 
14716, 
14724, 
14732, 
14740, 
14747, 
14755, 
14763, 
14771, 
14779, 
14786, 
14794, 
14802, 
14810, 
14818, 
14827, 
14833, 
14841, 
14849, 
14857, 
14865, 
14873, 
14881, 
14888, 
14897, 
14904, 
14912, 
14920, 
14928, 
14935, 
14944, 
14951, 
14959, 
14967, 
14974, 
14982, 
14991, 
14998, 
15005, 
15013, 
15022, 
15030, 
15037, 
15045, 
15052, 
15060, 
15068, 
15076, 
15084, 
15092, 
15099, 
15108, 
15115, 
15124, 
15131, 
15138, 
15147, 
15154, 
15162, 
15170, 
15177, 
15185, 
15193, 
15201, 
15209, 
15217, 
15225, 
15232, 
15240, 
15248, 
15256, 
15265, 
15271, 
15279, 
15287, 
15296, 
15304, 
15310, 
15318, 
15327, 
15335, 
15342, 
15351, 
15358, 
15365, 
15373, 
15381, 
15390, 
15397, 
15404, 
15412, 
15421, 
15428, 
15436, 
15443, 
15452, 
15459, 
15467, 
15475, 
15482, 
15490, 
15498, 
15507, 
15514, 
15522, 
15530, 
15538, 
15546, 
15553, 
15561, 
15568, 
15577, 
15584, 
15592, 
15600, 
15609, 
15615, 
15623, 
15631, 
15640, 
15647, 
15654, 
15662, 
15671, 
15678, 
15686, 
15694, 
15702, 
15709, 
15717, 
15725, 
15734, 
15740, 
15749, 
15756, 
15764, 
15772, 
15780, 
15787, 
15796, 
15803, 
15812, 
15819, 
15826, 
15834, 
15842, 
15850, 
15859, 
15866, 
15873, 
15881, 
15889, 
15898, 
15905, 
15913, 
15921, 
15928, 
15936, 
15945, 
15952, 
15959, 
15967, 
15975, 
15983, 
15991, 
15999, 
16007, 
16014, 
16022, 
16030, 
16038, 
16046, 
16053, 
16061, R
16070, S
16078, S
16085, S
16092, S
16100, 
16109, 
16116, 
16125, 
16131, 
16139, 
16147, 
16155, 
16164, 
16172, 
16179, 
16186, 
16194, 
16202, 
16211, 
16217, 
16225, 
16234, 
16242, 
16249, 
16257, 
16264, 
16272, 
16280, 
16288, 
16297, 
16303, 
16312, 
16319, 
16327, 
16335, 
16343, 
16351, 
16358, 
16366, 
16374, 
16382, 
16389, 
16397, 
16405, 
16413, 
16421, 
16429, 
16436, 
16444, 
16452, 
16460, 
16469, 
16476, 
16483, 
16491, 
16499, 
16507, 
16515, 
16522, 
16531, 
16538, 
16547, 
16555, 
16562, 
16569, 
16577, 
16585, 
16594, 
16601, 
16608, 
16616, 
16624, 
16632, 
16640, 
16649, 
16655, 
16663, 
16672, 
16679, 
16687, 
16694, 
16702, 
16710, 
16718, 
16726, 
16734, 
16741, 
16749, 
16757, 
16765, 
16773, 
16780, 
16788, 
16796, 
16804, 
16812, 
16820, 
16828, 
16835, 
16844, 
16851, 
16860, 
16866, 
16874, 
16882, 
16891, 
16898, 
16906, 
16913, 
16921, 
16930, 
16937, 
16945, 
16952, 
16961, 
16968, 
16977, 
16984, 
16992, 
16999, 
17007, 
17015, 
17023, 
17031, 
17039, 
17046, 
17054, 
17062, 
17070, 
17078, 
17085, 
17094, 
17101, 
17109, 
17117, 
17126, 
17132, 
17141, 
17148, 
17156, 
17165, 
17171, 
17180, 
17188, 
17195, 
17204, 
17211, 
17218, 
17227, 
17235, 
17242, 
17250, 
17257, 
17266, 
17274, 
17281, 
17289, 
17297, 
17305, 
17313, 
17320, 
17329, 
17336, 
17344, 
17352, 
17359, 
17367, 
17375, 
17383, 
17391, 
17398, 
17406, 
17415, 
17423, 
17429, 
17437, 
17446, 
17454, 
17462, 
17470, 
17476, 
17485, 
17492, 
17500, 
17508, 
17517, 
17523, 
17531, 
17539, 
17548, 
17555, 
17563, 
17570, 
17578, 
17586, 
17594, 
17602, 
17610, 
17617, 
17625, 
17633, 
17641, 
17648, 
17656, 
17664, 
17672, 
17680, 
17688, 
17695, 
17704, 
17711, 
17719, 
17727, 
17735, 
17742, 
17751, 
17758, 
17767, 
17774, 
17781, 
17789, 
17797, 
17806, 
17813, 
17820, 
17828, 
17836, 
17844, 
17852, 
17860, 
17868, 
17875, 
17883, 
17892, 
17899, 
17906, 
17914, 
17922, 
17930, 
17938, 
17946, 
17953, 
17962, 
17969, 
17978, 
17985, 
17993, 
18000, 
18008, 
18017, 
18024, 
18032, 
18039, 
18047, 
18055, 
18064, 
18071, 
18079, R
18087, 
18094, 
18102, S
18111, S
18118, S
18125, S
18134, 
18142, 
18149, 
18157, 
18165, 
18173, 
18181, 
18189, 
18197, 
18204, 
18212, 
18219, 
18228, 
18235, 
18243, 
18251, 
18258, 
18266, 
18274, 
18283, 
18290, 
18298, 
18305, 
18313, 
18321, 
18329, 
18337, 
18344, 
18352, 
18361, 
18368, 
18377, 
18383, 
18391, 
18400, 
18407, 
18415, 
18423, 
18430, 
18438, 
18446, 
18455, 
18463, 
18470, 
18478, 
18486, 
18494, 
18501, 
18509, 
18516, 
18524, 
18532, 
18540, 
18549, 
18557, 
18564, 
18571, 
18579, 
18587, 
18595, 
18602, 
18610, 
18618, 
18626, 
18634, 
18642, 
18649, 
18657, 
18665, 
18673, 
18681, 
18688, 
18696, 
18704, 
18712, 
18720, 
18728, 
18735, 
18743, 
18751, 
18759, 
18767, 
18774, 
18782, 
18790, 
18798, 
18806, 
18814, 
18821, 
18829, 
18837, 
18845, 
18853, 
18860, 
18868, 
18876, 
18884, 
18892, 
18900, 
18907, 
18915, 
18923, 
18931, 
18939, 
18946, 
18954, 
18962, 
18970, 
18978, 
18986, 
18993, 
19001, 
19009, 
19017, 
19025, 
19032, 
19040, 
19048, 
19056, 
19064, 
19072, 
19079, 
19087, 
19095, 
19103, 
19111, 
19119, 
19126, 
19134, 
19142, 
19150, 
19158, 
19165, 
19173, 
19181, 
19189, 
19197, 
19205, 
19212, 
19220, 
19228, 
19236, 
19244, 
19251, 
19259, 
19267, 
19275, 
19283, 
19291, 
19298, 
19306, 
19314, 
19322, 
19330, 
19337, 
19345, 
19353, 
19361, 
19369, 
19377, 
19384, 
19392, 
19400, 
19408, 
19416, 
19423, 
19431, 
19439, 
19447, 
19455, 
19463, 
19470, 
19478, 
19486, 
19494, 
19502, 
19509, 
19517, 
19525, 
19533, 
19541, 
19549, 
19556, 
19564, 
19572, 
19580, 
19588, 
19596, 
19603, 
19611, 
19619, 
19627, 
19635, 
19642, 
19650, 
19658, 
19666, 
19674, 
19682, 
19689, 
19697, 
19705, 
19713, 
19721, 
19728, 
19736, 
19744, 
19752, 
19760, 
19768, 
19775, 
19783, 
19791, 
19799, 
19807, 
19814, 
19822, 
19830, 
19838, 
19846, 
19854, 
19861, 
19869, 
19877, 
19885, 
19893, 
19900, 
19908, 
19916, 
19924, 
19932, 
19940, 
19947, 
19955, 
19963, 
19971, 
19979, 
19986, 
19994, 
20002, 
20010, 
20018, 
20026, 
20033, 
20041, 
20049, 
20057, 
20065, 
20073, 
20080, 
20088, 
20096, 
20104, R
20112, 
20119, 
20127, 
20135, S
20143, S
20151, S
20158, S
20166, 
20174, 
20182, 
20190, 
20198, 
20205, 
20213, 
20221, 
20229, 
20237, 
20245, 
20252, 
20260, 
20268, 
20276, 
20284, 
20291, 
20299, 
20307, 
20315, 
20323, 
20331, 
20338, 
20346, 
20354, 
20362, 
20370, 
20377, 
20385, 
20393, 
20401, 
20409, 
20417, 
20424, 
20432, 
20440, 
20448, 
20456, 
20463, 
20471, 
20479, 
20487, 
20495, 
20503, 
20510, 
20518, 
20526, 
20534, 
20542, 
20549, 
20557, 
20565, 
20573, 
20581, 
20589, 
20596, 
20604, 
20612, 
20620, 
20628, 
20636, 
20643, 
20651, 
20659, 
20667, 
20675, 
20682, 
20690, 
20698, 
20706, 
20714, 
20722, 
20729, 
20737, 
20745, 
20753, 
20761, 
20768, 
20776, 
20784, 
20792, 
20800, 
20808, 
20815, 
20823, 
20831, 
20839, 
20847, 
20854, 
20862, 
20870, 
20878, 
20886, 
20894, 
20901, 
20909, 
20917, 
20925, 
20933, 
20940, 
20948, 
20956, 
20964, 
20972, 
20980, 
20987, 
20995, 
21003, 
21011, 
21019, 
21026, 
21034, 
21042, 
21050, 
21058, 
21066, 
21073, 
21081, 
21089, 
21097, 
21105, 
21112, 
21120, 
21128, 
21136, 
21144, 
21152, 
21159, 
21167, 
21175, 
21183, 
21191, 
21199, 
21206, 
21214, 
21222, 
21230, 
21238, 
21245, 
21253, 
21261, 
21269, 
21277, 
21285, 
21292, 
21300, 
21308, 
21316, 
21324, 
21331, 
21339, 
21347, 
21355, 
21363, 
21371, 
21378, 
21386, 
21394, 
21402, 
21410, 
21417, 
21425, 
21433, 
21441, 
21449, 
21457, 
21464, 
21472, 
21480, 
21488, 
21496, 
21503, 
21511, 
21519, 
21527, 
21535, 
21543, 
21550, 
21558, 
21566, 
21574, 
21582, 
21589, 
21597, 
21605, 
21613, 
21621, 
21629, 
21636, 
21644, 
21652, 
21660, 
21668, 
21675, 
21683, 
21691, 
21699, 
21707, 
21715, 
21722, 
21730, 
21738, 
21746, 
21754, 
21762, 
21769, 
21777, 
21785, 
21793, 
21801, 
21808, 
21816, 
21824, 
21832, 
21840, 
21848, 
21855, 
21863, 
21871, 
21879, 
21887, 
21894, 
21902, 
21910, 
21918, 
21926, 
21934, 
21941, 
21949, 
21957, 
21965, 
21973, 
21980, 
21988, 
21996, 
22004, 
22012, 
22020, 
22027, 
22035, 
22043, 
22051, 
22059, 
22066, 
22074, 
22082, 
22090, 
22098, 
22106, 
22113, 
22121, 
22129, 
22137, R
22145, 
22152, 
22160, 
22168, S
22176, S
22184, S
22192, S
22199, 
22207, 
22215, 
22223, 
22231, 
22238, 
22246, 
22254, 
22262, 
22270, 
22278, 
22285, 
22293, 
22301, 
22309, 
22317, 
22324, 
22332, 
22340, 
22348, 
22356, 
22364, 
22371, 
22379, 
22387, 
22395, 
22403, 
22411, 
22418, 
22426, 
22434, 
22442, 
22450, 
22457, 
22465, 
22473, 
22481, 
22489, 
22497, 
22504, 
22512, 
22520, 
22528, 
22536, 
22543, 
22551, 
22559, 
22567, 
22575, 
22583, 
22590, 
22598, 
22606, 
22614, 
22622, 
22629, 
22637, 
22645, 
22653, 
22661, 
22669, 
22676, 
22684, 
22692, 
22700, 
22708, 
22715, 
22723, 
22731, 
22739, 
22747, 
22755, 
22762, 
22770, 
22778, 
22786, 
22794, 
22801, 
22809, 
22817, 
22825, 
22833, 
22841, 
22848, 
22856, 
22864, 
22872, 
22880, 
22887, 
22895, 
22903, 
22911, 
22919, 
22927, 
22934, 
22942, 
22950, 
22958, 
22966, 
22974, 
22981, 
22989, 
22997, 
23005, 
23013, 
23020, 
23028, 
23036, 
23044, 
23052, 
23060, 
23067, 
23075, 
23083, 
23091, 
23099, 
23106, 
23114, 
23122, 
23130, 
23138, 
23146, 
23153, 
23161, 
23169, 
23177, 
23185, 
23192, 
23200, 
23208, 
23216, 
23224, 
23232, 
23239, 
23247, 
23255, 
23263, 
23271, 
23278, 
23286, 
23293, 
23302, 
23309, 
23318, 
23325, 
23333, 
23340, 
23349, 
23357, 
23364, 
23372, 
23380, 
23388, 
23395, 
23404, 
23411, 
23418, 
23427, 
23435, 
23443, 
23451, 
23458, 
23466, 
23473, 
23482, 
23489, 
23497, 
23505, 
23513, 
23520, 
23529, 
23536, 
23543, 
23552, 
23560, 
23568, 
23576, 
23583, 
23590, 
23599, 
23607, 
23614, 
23623, 
23629, 
23638, 
23646, 
23653, 
23661, 
23668, 
23677, 
23685, 
23693, 
23701, 
23708, 
23715, 
23723, 
23732, 
23740, 
23748, 
23755, 
23763, 
23771, 
23778, 
23786, 
23795, 
23801, 
23810, 
23818, 
23825, 
23833, 
23841, 
23849, 
23857, 
23865, 
23873, 
23880, 
23887, 
23896, 
23903, 
23912, 
23919, 
23928, 
23935, 
23943, 
23951, 
23959, 
23967, 
23973, 
23982, 
23990, 
23998, 
24006, 
24014, 
24021, 
24029, 
24036, 
24045, 
24053, 
24060, 
24067, 
24075, 
24083, 
24091, 
24100, 
24106, 
24115, 
24123, 
24131, 
24139, R
24146, 
24153, 
24161, 
24170, S
24178, S
24185, S
24192, S
24201, 
24208, 
24217, 
24224, 
24232, 
24239, 
24248, 
24255, 
24264, 
24271, 
24278, 
24286, 
24295, 
24302, 
24310, 
24318, 
24326, 
24334, 
24342, 
24350, 
24358, 
24365, 
24372, 
24381, 
24389, 
24397, 
24405, 
24412, 
24419, 
24427, 
24435, 
24444, 
24451, 
24458, 
24467, 
24474, 
24482, 
24491, 
24497, 
24505, 
24514, 
24522, 
24530, 
24537, 
24545, 
24553, 
24560, 
24568, 
24576, 
24583, 
24592, 
24599, 
24608, 
24615, 
24622, 
24630, 
24638, 
24646, 
24654, 
24662, 
24670, 
24677, 
24685, 
24693, 
24701, 
24708, 
24716, 
24724, 
24732, 
24740, 
24748, 
24755, 
24764, 
24772, 
24779, 
24787, 
24795, 
24802, 
24810, 
24818, 
24827, 
24835, 
24842, 
24849, 
24857, 
24865, 
24873, 
24882, 
24888, 
24897, 
24904, 
24913, 
24920, 
24928, 
24935, 
24943, 
24951, 
24959, 
24966, 
24974, 
24982, 
24990, 
24998, 
25006, 
25013, 
25021, 
25029, 
25037, 
25046, 
25052, 
25061, 
25069, 
25077, 
25085, 
25092, 
25099, 
25108, 
25116, 
25124, 
25132, 
25139, 
25146, 
25154, 
25162, 
25170, 
25179, 
25185, 
25194, 
25201, 
25209, 
25218, 
25226, 
25233, 
25241, 
25248, 
25256, 
25265, 
25272, 
25280, 
25288, 
25296, 
25304, 
25312, 
25318, 
25327, 
25335, 
25343, 
25351, 
25358, 
25365, 
25373, 
25382, 
25390, 
25398, 
25405, 
25413, 
25421, 
25429, 
25436, 
25445, 
25452, 
25460, 
25467, 
25476, 
25484, 
25491, 
25498, 
25507, 
25515, 
25522, 
25531, 
25537, 
25546, 
25553, 
25562, 
25570, 
25577, 
25585, 
25593, 
25601, 
25609, 
25616, 
25624, 
25632, 
25640, 
25647, 
25655, 
25663, 
25671, 
25679, 
25687, 
25695, 
25703, 
25710, 
25718, 
25726, 
25734, 
25742, 
25749, 
25756, 
25765, 
25773, 
25780, 
25788, 
25796, 
25804, 
25812, 
25819, 
25828, 
25835, 
25843, 
25851, 
25859, 
25866, 
25874, 
25882, 
25890, 
25897, 
25906, 
25913, 
25922, 
25928, 
25937, 
25945, 
25953, 
25961, 
25968, 
25975, 
25984, 
25992, 
25999, 
26008, 
26015, 
26022, 
26031, 
26038, 
26047, 
26054, 
26062, 
26070, 
26078, 
26086, 
26093, 
26101, 
26109, 
26116, 
26125, 
26132, 
26140, 
26147, R
26156, 
26164, 
26172, S
26180, S
26186, S
26194, S
26203, 
26211, 
26218, 
26226, 
26234, 
26242, 
26250, 
26257, 
26265, 
26272, 
26280, 
26289, 
26296, 
26304, 
26312, 
26319, 
26328, 
26336, 
26344, 
26352, 
26359, 
26367, 
26375, 
26383, 
26390, 
26398, 
26406, 
26414, 
26422, 
26430, 
26438, 
26445, 
26452, 
26461, 
26468, 
26476, 
26484, 
26492, 
26499, 
26508, 
26516, 
26523, 
26531, 
26538, 
26547, 
26554, 
26562, 
26570, 
26578, 
26585, 
26593, 
26602, 
26610, 
26617, 
26624, 
26632, 
26640, 
26649, 
26656, 
26663, 
26672, 
26679, 
26687, 
26696, 
26703, 
26710, 
26718, 
26727, 
26735, 
26743, 
26749, 
26757, 
26765, 
26773, 
26781, 
26789, 
26796, 
26804, 
26812, 
26820, 
26828, 
26835, 
26843, 
26851, 
26859, 
26868, 
26874, 
26883, 
26890, 
26898, 
26906, 
26914, 
26922, 
26930, 
26937, 
26945, 
26953, 
26960, 
26968, 
26977, 
26984, 
26992, 
27000, 
27007, 
27015, 
27024, 
27031, 
27039, 
27046, 
27054, 
27062, 
27070, 
27079, 
27086, 
27093, 
27102, 
27110, 
27117, 
27126, 
27134, 
27140, 
27149, 
27156, 
27165, 
27173, 
27180, 
27187, 
27195, 
27204, 
27212, 
27219, 
27226, 
27235, 
27242, 
27250, 
27259, 
27266, 
27273, 
27282, 
27289, 
27298, 
27306, 
27313, 
27320, 
27329, 
27336, 
27345, 
27351, 
27360, 
27368, 
27375, 
27383, 
27392, 
27399, 
27407, 
27414, 
27423, 
27431, 
27437, 
27446, 
27454, 
27462, 
27470, 
27478, 
27484, 
27493, 
27501, 
27509, 
27517, 
27523, 
27532, 
27539, 
27548, 
27555, 
27564, 
27570, 
27578, 
27586, 
27595, 
27603, 
27609, 
27618, 
27625, 
27634, 
27642, 
27649, 
27656, 
27664, 
27673, 
27680, 
27688, 
27696, 
27704, 
27712, 
27719, 
27728, 
27736, 
27743, 
27751, 
27759, 
27766, 
27775, 
27782, 
27789, 
27798, 
27806, 
27813, 
27821, 
27829, 
27836, 
27844, 
27852, 
27860, 
27868, 
27876, 
27883, 
27892, 
27900, 
27907, 
27915, 
27922, 
27931, 
27939, 
27946, 
27955, 
27962, 
27970, 
27978, 
27985, 
27994, 
28001, 
28009, 
28017, 
28024, 
28033, 
28040, 
28048, 
28055, 
28064, 
28072, 
28080, 
28086, 
28095, 
28103, 
28111, 
28119, 
28127, 
28133, 
28142, 
28150, 
28158, 
28166, R
28174, S
28180, S
28188, S
28197, S
28205, 
28213, 
28219, 
28227, 
28235, 
28243, 
28252, 
28258, 
28267, 
28275, 
28283, 
28290, 
28299, 
28305, 
28313, 
28322, 
28330, 
28338, 
28346, 
28353, 
28361, 
28369, 
28376, 
28384, 
28391, 
28400, 
28408, 
28416, 
28424, 
28431, 
28439, 
28447, 
28454, 
28463, 
28471, 
28477, 
28485, 
28493, 
28501, 
28509, 
28518, 
28525, 
28533, 
28540, 
28549, 
28557, 
28563, 
28571, 
28580, 
28587, 
28595, 
28603, 
28610, 
28618, 
28627, 
28635, 
28642, 
28649, 
28658, 
28665, 
28674, 
28681, 
28690, 
28696, 
28704, 
28712, 
28720, 
28729, 
28736, 
28743, 
28751, 
28760, 
28767, 
28775, 
28783, 
28790, 
28798, 
28806, 
28815, 
28823, 
28830, 
28837, 
28845, 
28853, 
28861, 
28869, 
28877, 
28885, 
28892, 
28901, 
28909, 
28916, 
28924, 
28931, 
28939, 
28948, 
28955, 
28963, 
28971, 
28978, 
28986, 
28995, 
29002, 
29010, 
29018, 
29025, 
29034, 
29041, 
29049, 
29056, 
29065, 
29073, 
29081, 
29087, 
29096, 
29104, 
29112, 
29120, 
29127, 
29134, 
29143, 
29150, 
29159, 
29167, 
29173, 
29182, 
29189, 
29197, 
29205, 
29214, 
29220, 
29229, 
29237, 
29244, 
29253, 
29259, 
29268, 
29275, 
29284, 
29291, 
29299, 
29306, 
29314, 
29323, 
29330, 
29338, 
29346, 
29353, 
29361, 
29369, 
29377, 
29386, 
29392, 
29401, 
29408, 
29416, 
29424, 
29432, 
29440, 
29448, 
29456, 
29464, 
29471, 
29479, 
29487, 
29494, 
29502, 
29511, 
29517, 
29525, 
29533, 
29542, 
29550, 
29558, 
29564, 
29572, 
29580, 
29589, 
29597, 
29603, 
29611, 
29620, 
29627, 
29635, 
29643, 
29651, 
29658, 
29667, 
29675, 
29682, 
29691, 
29698, 
29706, 
29713, 
29722, 
29729, 
29737, 
29745, 
29752, 
29760, 
29768, 
29775, 
29783, 
29791, 
29800, 
29807, 
29816, 
29822, 
29830, 
29839, 
29846, 
29854, 
29862, 
29869, 
29878, 
29886, 
29894, 
29902, 
29909, 
29916, 
29925, 
29933, 
29941, 
29948, 
29955, 
29963, 
29971, 
29980, 
29987, 
29994, 
30002, 
30011, 
30019, 
30027, 
30035, 
30042, 
30050, 
30057, 
30065, 
30074, 
30081, 
30088, 
30096, 
30104, 
30113, 
30121, 
30127, 
30135, 
30144, 
30151, 
30160, 
30167, 
30174, 
30182, 
30190, R
30199, 
30207, S
30214, S
30222, S
30229, S
30237, 
30245, 
30252, 
30260, 
30269, 
30276, 
30284, 
30292, 
30300, 
30307, 
30316, 
30323, 
30331, 
30339, 
30347, 
30354, 
30362, 
30370, 
30379, 
30385, 
30393, 
30402, 
30410, 
30417, 
30426, 
30432, 
30440, 
30449, 
30457, 
30465, 
30472, 
30480, 
30488, 
30496, 
30504, 
30512, 
30519, 
30526, 
30534, 
30542, 
30551, 
30557, 
30566, 
30574, 
30582, 
30589, 
30598, 
30605, 
30613, 
30621, 
30628, 
30636, 
30644, 
30651, 
30659, 
30667, 
30676, 
30683, 
30690, 
30698, 
30706, 
30714, 
30723, 
30729, 
30738, 
30746, 
30754, 
30761, 
30770, 
30777, 
30784, 
30792, 
30801, 
30809, 
30815, 
30823, 
30832, 
30840, 
30848, 
30855, 
30863, 
30870, 
30878, 
30887, 
30895, 
30902, 
30909, 
30917, 
30925, 
30934, 
30941, 
30949, 
30956, 
30965, 
30972, 
30981, 
30989, 
30996, 
31004, 
31012, 
31019, 
31028, 
31035, 
31043, 
31051, 
31059, 
31067, 
31075, 
31082, 
31090, 
31097, 
31106, 
31113, 
31121, 
31129, 
31136, 
31145, 
31152, 
31161, 
31168, 
31176, 
31183, 
31191, 
31200, 
31207, 
31214, 
31223, 
31231, 
31238, 
31246, 
31254, 
31262, 
31270, 
31277, 
31286, 
31292, 
31300, 
31309, 
31316, 
31325, 
31333, 
31339, 
31348, 
31356, 
31364, 
31371, 
31379, 
31387, 
31395, 
31403, 
31411, 
31419, 
31425, 
31434, 
31442, 
31449, 
31458, 
31466, 
31472, 
31481, 
31488, 
31497, 
31505, 
31511, 
31519, 
31528, 
31536, 
31544, 
31551, 
31558, 
31567, 
31575, 
31583, 
31591, 
31598, 
31606, 
31614, 
31622, 
31630, 
31638, 
31645, 
31652, 
31661, 
31669, 
31677, 
31684, 
31691, 
31700, 
31707, 
31716, 
31723, 
31731, 
31738, 
31746, 
31754, 
31763, 
31770, 
31778, 
31785, 
31794, 
31801, 
31810, 
31817, 
31825, 
31832, 
31840, 
31849, 
31856, 
31864, 
31872, 
31879, 
31888, 
31896, 
31903, 
31911, 
31918, 
31927, 
31935, 
31942, 
31950, 
31958, 
31965, 
31973, 
31982, 
31989, 
31997, 
32004, 
32012, 
32021, 
32028, 
32035, 
32043, 
32051, 
32060, 
32068, 
32075, 
32082, 
32091, 
32099, 
32107, 
32115, 
32121, 
32129, 
32138, 
32146, 
32154, 
32160, 
32169, 
32176, 
32185, 
32193, 
32201, 
32208, 
32216, 
32224, R
32232, 
32240, S
32247, S
32255, S
32263, S
32271, 
32279, 
32286, 
32294, 
32302, 
32310, 
32318, 
32326, 
32333, 
32341, 
32349, 
32357, 
32365, 
32373, 
32380, 
32387, 
32396, 
32404, 
32411, 
32419, 
32427, 
32434, 
32442, 
32451, 
32458, 
32466, 
32473, 
32482, 
32490, 
32498, 
32506, 
32512, 
32520, 
32529, 
32537, 
32545, 
32552, 
32560, 
32568, 
32575, 
32584, 
32592, 
32599, 
32606, 
32614, 
32622, 
32631, 
32637, 
32646, 
32653, 
32661, 
32669, 
32678, 
32684, 
32692, 
32700, 
32708, 
32716, 
32723, 
32731, 
32739, 
32748, 
32756, 
32763, 
32770, 
32778, 
32787, 
32794, 
32802, 
32809, 
32817, 
32826, 
32834, 
32842, 
32850, 
32857, 
32865, 
32873, 
32881, 
32888, 
32896, 
32903, 
32912, 
32919, 
32928, 
32935, 
32942, 
32951, 
32959, 
32967, 
32974, 
32982, 
32989, 
32998, 
33006, 
33013, 
33021, 
33029, 
33037, 
33045, 
33053, 
33060, 
33068, 
33076, 
33084, 
33091, 
33100, 
33108, 
33114, 
33123, 
33131, 
33139, 
33146, 
33154, 
33162, 
33169, 
33178, 
33186, 
33194, 
33200, 
33209, 
33217, 
33224, 
33233, 
33241, 
33248, 
33256, 
33264, 
33272, 
33280, 
33287, 
33294, 
33303, 
33311, 
33319, 
33327, 
33334, 
33342, 
33350, 
33358, 
33366, 
33373, 
33381, 
33389, 
33397, 
33405, 
33413, 
33419, 
33428, 
33436, 
33444, 
33452, 
33458, 
33467, 
33475, 
33483, 
33490, 
33499, 
33506, 
33513, 
33522, 
33530, 
33538, 
33545, 
33553, 
33561, 
33569, 
33576, 
33584, 
33592, 
33599, 
33607, 
33616, 
33624, 
33632, 
33638, 
33646, 
33654, 
33662, 
33670, 
33678, 
33685, 
33694, 
33701, 
33709, 
33718, 
33725, 
33733, 
33741, 
33749, 
33757, 
33764, 
33772, 
33780, 
33788, 
33796, 
33804, 
33811, 
33819, 
33827, 
33835, 
33842, 
33850, 
33858, 
33866, 
33874, 
33882, 
33890, 
33897, 
33905, 
33913, 
33921, 
33929, 
33935, 
33944, 
33952, 
33959, 
33968, 
33976, 
33983, 
33991, 
33998, 
34006, 
34015, 
34021, 
34030, 
34038, 
34046, 
34053, 
34062, 
34068, 
34076, 
34084, 
34093, 
34101, 
34108, 
34116, 
34124, 
34132, 
34139, 
34148, 
34155, 
34163, 
34170, 
34178, 
34187, 
34195, 
34202, 
34210, 
34218, 
34226, R
34234, 
34241, S
34248, S
34257, S
34265, S
34273, 
34281, 
34288, 
34296, 
34304, 
34312, 
34320, 
34327, 
34335, 
34343, 
34351, 
34359, 
34367, 
34374, 
34382, 
34390, 
34398, 
34406, 
34413, 
34421, 
34429, 
34437, 
34445, 
34453, 
34460, 
34468, 
34476, 
34484, 
34492, 
34499, 
34507, 
34516, 
34523, 
34531, 
34539, 
34546, 
34554, 
34562, 
34570, 
34578, 
34585, 
34593, 
34601, 
34609, 
34617, 
34625, 
34632, 
34640, 
34648, 
34656, 
34664, 
34672, 
34679, 
34687, 
34695, 
34703, 
34711, 
34718, 
34726, 
34734, 
34742, 
34750, 
34758, 
34765, 
34773, 
34781, 
34789, 
34797, 
34804, 
34812, 
34820, 
34828, 
34836, 
34844, 
34851, 
34859, 
34867, 
34875, 
34883, 
34890, 
34898, 
34906, 
34914, 
34922, 
34930, 
34937, 
34945, 
34953, 
34961, 
34969, 
34976, 
34984, 
34992, 
35000, 
35008, 
35016, 
35023, 
35031, 
35039, 
35047, 
35055, 
35062, 
35070, 
35078, 
35086, 
35094, 
35102, 
35109, 
35117, 
35125, 
35133, 
35141, 
35149, 
35156, 
35164, 
35172, 
35180, 
35188, 
35195, 
35203, 
35211, 
35219, 
35227, 
35235, 
35242, 
35250, 
35258, 
35266, 
35274, 
35281, 
35289, 
35297, 
35305, 
35313, 
35321, 
35328, 
35336, 
35344, 
35352, 
35360, 
35367, 
35375, 
35383, 
35391, 
35399, 
35407, 
35414, 
35422, 
35430, 
35438, 
35446, 
35453, 
35461, 
35469, 
35477, 
35485, 
35493, 
35500, 
35508, 
35516, 
35524, 
35532, 
35539, 
35547, 
35555, 
35563, 
35571, 
35579, 
35586, 
35594, 
35602, 
35610, 
35618, 
35625, 
35633, 
35641, 
35649, 
35657, 
35665, 
35672, 
35680, 
35688, 
35696, 
35704, 
35711, 
35719, 
35727, 
35735, 
35743, 
35751, 
35758, 
35766, 
35774, 
35782, 
35790, 
35798, 
35805, 
35813, 
35821, 
35829, 
35837, 
35844, 
35852, 
35860, 
35868, 
35876, 
35884, 
35891, 
35899, 
35907, 
35915, 
35923, 
35930, 
35938, 
35946, 
35954, 
35962, 
35971, 
35977, 
35985, 
35993, 
36002, 
36009, 
36016, 
36024, 
36032, 
36040, 
36048, 
36056, 
36063, 
36071, 
36079, 
36087, 
36095, 
36102, 
36110, 
36118, 
36126, 
36134, 
36142, 
36149, 
36157, 
36165, 
36173, 
36181, 
36188, 
36196, 
36204, 
36212, 
36221, 
36228, 
36235, R
36243, S
36251, S
36259, S
36267, S
36274, 
36282, 
36290, 
36298, 
36306, 
36314, 
36321, 
36329, 
36337, 
36345, 
36353, 
36361, 
36368, 
36376, 
36384, 
36392, 
36400, 
36407, 
36415, 
36423, 
36431, 
36439, 
36447, 
36454, 
36462, 
36470, 
36478, 
36486, 
36493, 
36501, 
36509, 
36517, 
36526, 
36533, 
36540, 
36548, 
36556, 
36564, 
36572, 
36579, 
36587, 
36595, 
36603, 
36611, 
36619, 
36626, 
36634, 
36642, 
36650, 
36658, 
36665, 
36673, 
36681, 
36689, 
36697, 
36705, 
36712, 
36720, 
36728, 
36736, 
36744, 
36752, 
36759, 
36767, 
36775, 
36783, 
36791, 
36798, 
36806, 
36814, 
36822, 
36830, 
36838, 
36845, 
36853, 
36861, 
36869, 
36877, 
36884, 
36892, 
36900, 
36908, 
36916, 
36924, 
36931, 
36939, 
36947, 
36962, 
36964, 
36970, 
36978, 
36986, 
36994, 
37002, 
37010, 
37017, 
37025, 
37033, 
37041, 
37050, 
37056, 
37065, 
37072, 
37080, 
37088, 
37096, 
37103, 
37111, 
37119, 
37127, 
37135, 
37142, 
37150, 
37158, 
37166, 
37174, 
37182, 
37189, 
37197, 
37205, 
37213, 
37221, 
37228, 
37236, 
37245, 
37252, 
37260, 
37268, 
37275, 
37283, 
37291, 
37299, 
37307, 
37315, 
37323, 
37330, 
37338, 
37346, 
37354, 
37361, 
37369, 
37377, 
37385, 
37393, 
37401, 
37408, 
37416, 
37424, 
37432, 
37440, 
37447, 
37455, 
37463, 
37471, 
37479, 
37487, 
37494, 
37502, 
37510, 
37518, 
37526, 
37533, 
37541, 
37549, 
37557, 
37565, 
37573, 
37580, 
37588, 
37596, 
37604, 
37612, 
37619, 
37627, 
37635, 
37643, 
37651, 
37659, 
37666, 
37674, 
37682, 
37690, 
37698, 
37705, 
37713, 
37721, 
37729, 
37737, 
37745, 
37752, 
37760, 
37768, 
37776, 
37784, 
37792, 
37799, 
37807, 
37815, 
37824, 
37831, 
37838, 
37846, 
37854, 
37862, 
37870, 
37877, 
37885, 
37893, 
37901, 
37909, 
37917, 
37924, 
37932, 
37940, 
37948, 
37956, 
37964, 
37971, 
37979, 
37987, 
37995, 
38003, 
38010, 
38018, 
38026, 
38034, 
38042, 
38050, 
38057, 
38065, 
38073, 
38081, 
38089, 
38096, 
38104, 
38112, 
38120, 
38128, 
38136, 
38143, 
38151, 
38159, 
38167, 
38175, 
38182, 
38190, 
38198, 
38206, 
38214, 
38222, 
38229, 
38237, 
38245, 
38253, R
38261, 
38268, 
38276, S
38284, S
38292, S
38301, S
38308, 
38315, 
38323, 
38331, 
38339, 
38347, 
38355, 
38362, 
38370, 
38378, 
38386, 
38394, 
38401, 
38409, 
38417, 
38425, 
38433, 
38441, 
38448, 
38456, 
38464, 
38472, 
38480, 
38487, 
38495, 
38503, 
38511, 
38519, 
38527, 
38534, 
38542, 
38550, 
38558, 
38566, 
38573, 
38581, 
38589, 
38597, 
38605, 
38613, 
38620, 
38629, 
38636, 
38644, 
38652, 
38659, 
38667, 
38675, 
38683, 
38691, 
38699, 
38706, 
38714, 
38722, 
38730, 
38738, 
38745, 
38753, 
38761, 
38769, 
38777, 
38785, 
38792, 
38800, 
38808, 
38816, 
38824, 
38831, 
38839, 
38847, 
38855, 
38863, 
38871, 
38878, 
38886, 
38894, 
38902, 
38910, 
38918, 
38925, 
38933, 
38941, 
38949, 
38957, 
38964, 
38972, 
38980, 
38988, 
38996, 
39003, 
39011, 
39019, 
39027, 
39035, 
39043, 
39050, 
39058, 
39066, 
39074, 
39082, 
39090, 
39097, 
39105, 
39113, 
39121, 
39129, 
39136, 
39144, 
39152, 
39160, 
39168, 
39176, 
39183, 
39191, 
39199, 
39207, 
39215, 
39222, 
39230, 
39238, 
39246, 
39254, 
39262, 
39269, 
39277, 
39285, 
39293, 
39301, 
39308, 
39316, 
39324, 
39332, 
39340, 
39348, 
39355, 
39363, 
39371, 
39379, 
39387, 
39395, 
39402, 
39410, 
39418, 
39426, 
39434, 
39441, 
39449, 
39457, 
39465, 
39473, 
39481, 
39488, 
39496, 
39504, 
39512, 
39520, 
39527, 
39535, 
39543, 
39551, 
39559, 
39567, 
39574, 
39582, 
39590, 
39598, 
39606, 
39613, 
39621, 
39629, 
39637, 
39645, 
39653, 
39660, 
39668, 
39676, 
39684, 
39692, 
39699, 
39707, 
39715, 
39723, 
39731, 
39739, 
39746, 
39754, 
39762, 
39770, 
39778, 
39785, 
39793, 
39801, 
39809, 
39817, 
39825, 
39832, 
39840, 
39848, 
39856, 
39864, 
39872, 
39879, 
39887, 
39895, 
39903, 
39911, 
39918, 
39926, 
39934, 
39942, 
39950, 
39957, 
39965, 
39973, 
39981, 
39989, 
39997, 
40004, 
40012, 
40020, 
40028, 
40036, 
40044, 
40051, 
40059, 
40067, 
40075, 
40083, 
40090, 
40098, 
40106, 
40114, 
40122, 
40130, 
40137, 
40145, 
40153, 
40161, 
40169, 
40176, 
40184, 
40192, 
40200, 
40208, 
40216, 
40223, 
40231, 
40239, 
40247, 
40255, 
40262, 
40270, 
40278, R
40286, 
40294, 
40302, 
40309, S
40317, S
40325, S
40333, S
40341, 
40348, 
40356, 
40364, 
40372, 
40380, 
40388, 
40395, 
40403, 
40411, 
40419, 
40427, 
40434, 
40442, 
40450, 
40458, 
40466, 
40474, 
40481, 
40489, 
40497, 
40505, 
40513, 
40520, 
40528, 
40536, 
40544, 
40552, 
40560, 
40567, 
40575, 
40583, 
40591, 
40599, 
40607, 
40614, 
40622, 
40630, 
40638, 
40646, 
40653, 
40661, 
40669, 
40677, 
40685, 
40693, 
40700, 
40708, 
40716, 
40724, 
40732, 
40739, 
40747, 
40755, 
40763, 
40771, 
40779, 
40786, 
40794, 
40802, 
40810, 
40818, 
40825, 
40833, 
40841, 
40849, 
40857, 
40865, 
40872, 
40880, 
40888, 
40896, 
40904, 
40911, 
40919, 
40927, 
40935, 
40943, 
40951, 
40958, 
40966, 
40974, 
40982, 
40990, 
40998, 
41005, 
41013, 
41021, 
41029, 
41037, 
41044, 
41052, 
41060, 
41068, 
41076, 
41084, 
41091, 
41099, 
41107, 
41115, 
41123, 
41130, 
41138, 
41146, 
41154, 
41162, 
41170, 
41177, 
41185, 
41193, 
41201, 
41209, 
41216, 
41224, 
41232, 
41240, 
41248, 
41256, 
41263, 
41271, 
41279, 
41287, 
41295, 
41302, 
41310, 
41318, 
41326, 
41334, 
41342, 
41349, 
41357, 
41365, 
41373, 
41381, 
41388, 
41396, 
41404, 
41412, 
41420, 
41428, 
41435, 
41443, 
41451, 
41459, 
41467, 
41474, 
41482, 
41490, 
41498, 
41506, 
41514, 
41521, 
41529, 
41537, 
41545, 
41553, 
41561, 
41568, 
41576, 
41584, 
41592, 
41600, 
41607, 
41615, 
41623, 
41631, 
41639, 
41647, 
41654, 
41662, 
41670, 
41678, 
41686, 
41693, 
41701, 
41709, 
41717, 
41725, 
41733, 
41740, 
41748, 
41756, 
41764, 
41772, 
41779, 
41787, 
41795, 
41803, 
41811, 
41819, 
41826, 
41834, 
41842, 
41850, 
41858, 
41865, 
41873, 
41881, 
41889, 
41897, 
41905, 
41912, 
41920, 
41928, 
41936, 
41944, 
41952, 
41959, 
41967, 
41975, 
41983, 
41991, 
41998, 
42006, 
42014, 
42022, 
42030, 
42037, 
42045, 
42053, 
42061, 
42069, 
42077, 
42084, 
42092, 
42100, 
42108, 
42116, 
42123, 
42131, 
42139, 
42147, 
42155, 
42163, 
42170, 
42178, 
42186, 
42194, 
42202, 
42210, 
42217, 
42225, 
42233, 
42241, 
42249, 
42256, 
42264, 
42272, 
42280, 
42288, 
42296, 
42303, 
42311, R
42319, 
42327, 
42335, 
42342, S
42350, S
42358, S
42366, S
42374, 
42382, 
42389, 
42397, 
42405, 
42413, 
42421, 
42428, 
42436, 
42444, 
42452, 
42460, 
42468, 
42475, 
42483, 
42491, 
42499, 
42507, 
42514, 
42522, 
42530, 
42538, 
42546, 
42554, 
42561, 
42569, 
42577, 
42585, 
42593, 
42600, 
42608, 
42616, 
42624, 
42632, 
42640, 
42647, 
42655, 
42663, 
42671, 
42679, 
42687, 
42694, 
42702, 
42710, 
42718, 
42726, 
42733, 
42741, 
42749, 
42757, 
42765, 
42773, 
42780, 
42788, 
42796, 
42804, 
42812, 
42819, 
42827, 
42835, 
42843, 
42851, 
42859, 
42866, 
42874, 
42882, 
42890, 
42898, 
42905, 
42913, 
42921, 
42929, 
42937, 
42945, 
42952, 
42960, 
42968, 
42976, 
42984, 
42991, 
42999, 
43007, 
43015, 
43023, 
43031, 
43038, 
43046, 
43054, 
43062, 
43070, 
43077, 
43085, 
43093, 
43101, 
43109, 
43117, 
43124, 
43132, 
43140, 
43148, 
43156, 
43164, 
43171, 
43179, 
43187, 
43195, 
43203, 
43210, 
43218, 
43226, 
43234, 
43242, 
43250, 
43257, 
43265, 
43273, 
43281, 
43289, 
43296, 
43304, 
43312, 
43320, 
43328, 
43336, 
43343, 
43351, 
43359, 
43367, 
43375, 
43382, 
43389, 
43398, 
43406, 
43414, 
43422, 
43429, 
43437, 
43445, 
43453, 
43461, 
43468, 
43476, 
43484, 
43492, 
43500, 
43508, 
43515, 
43523, 
43531, 
43539, 
43547, 
43554, 
43562, 
43570, 
43578, 
43586, 
43594, 
43601, 
43609, 
43617, 
43625, 
43633, 
43640, 
43648, 
43656, 
43664, 
43672, 
43680, 
43687, 
43695, 
43703, 
43711, 
43719, 
43726, 
43734, 
43742, 
43750, 
43758, 
43766, 
43773, 
43781, 
43789, 
43797, 
43805, 
43812, 
43820, 
43828, 
43836, 
43844, 
43852, 
43859, 
43867, 
43875, 
43883, 
43891, 
43899, 
43906, 
43914, 
43922, 
43930, 
43938, 
43945, 
43953, 
43961, 
43969, 
43977, 
43985, 
43992, 
44000, 
44008, 
44016, 
44024, 
44031, 
44039, 
44047, 
44055, 
44063, 
44071, 
44078, 
44086, 
44094, 
44102, 
44110, 
44117, 
44125, 
44133, 
44141, 
44149, 
44157, 
44164, 
44172, 
44180, 
44188, 
44196, 
44204, 
44211, 
44219, 
44227, 
44235, 
44243, 
44250, 
44258, 
44266, 
44274, 
44283, 
44290, 
44297, 
44305, 
44313, R
44321, 
44329, 
44336, 
44344, S
44352, S
44360, S
44368, S
44376, 
44383, 
44391, 
44399, 
44407, 
44415, 
44422, 
44430, 
44438, 
44446, 
44454, 
44462, 
44468, 
44477, 
44485, 
44493, 
44501, 
44508, 
44516, 
44524, 
44532, 
44540, 
44548, 
44555, 
44563, 
44571, 
44579, 
44587, 
44594, 
44602, 
44610, 
44618, 
44626, 
44634, 
44641, 
44649, 
44657, 
44665, 
44673, 
44680, 
44688, 
44696, 
44704, 
44712, 
44720, 
44727, 
44735, 
44743, 
44751, 
44759, 
44766, 
44774, 
44782, 
44790, 
44798, 
44806, 
44813, 
44821, 
44829, 
44837, 
44845, 
44853, 
44860, 
44868, 
44876, 
44884, 
44892, 
44899, 
44907, 
44915, 
44923, 
44931, 
44939, 
44946, 
44954, 
44962, 
44970, 
44978, 
44985, 
44993, 
45001, 
45009, 
45017, 
45025, 
45032, 
45040, 
45048, 
45056, 
45064, 
45071, 
45079, 
45087, 
45095, 
45103, 
45111, 
45118, 
45126, 
45156, 
45157, 
45157, 
45159, 
45165, 
45173, 
45181, 
45189, 
45197, 
45204, 
45212, 
45220, 
45228, 
45236, 
45243, 
45251, 
45259, 
45267, 
45275, 
45283, 
45290, 
45298, 
45306, 
45314, 
45322, 
45330, 
45337, 
45345, 
45353, 
45361, 
45369, 
45376, 
45384, 
45392, 
45400, 
45408, 
45416, 
45422, 
45431, 
45438, 
45447, 
45455, 
45462, 
45470, 
45478, 
45486, 
45494, 
45502, 
45509, 
45517, 
45525, 
45533, 
45541, 
45548, 
45556, 
45564, 
45572, 
45580, 
45588, 
45595, 
45603, 
45611, 
45619, 
45627, 
45634, 
45642, 
45650, 
45658, 
45666, 
45674, 
45681, 
45689, 
45697, 
45705, 
45713, 
45720, 
45728, 
45736, 
45744, 
45752, 
45760, 
45767, 
45775, 
45783, 
45791, 
45799, 
45806, 
45814, 
45822, 
45830, 
45838, 
45846, 
45853, 
45861, 
45869, 
45877, 
45885, 
45893, 
45900, 
45908, 
45916, 
45924, 
45932, 
45939, 
45947, 
45955, 
45963, 
45971, 
45979, 
45986, 
45994, 
46002, 
46010, 
46018, 
46025, 
46033, 
46041, 
46049, 
46057, 
46065, 
46072, 
46080, 
46088, 
46096, 
46104, 
46111, 
46119, 
46127, 
46135, 
46143, 
46151, 
46158, 
46166, 
46174, 
46182, 
46190, 
46197, 
46205, 
46213, 
46221, 
46229, 
46237, 
46244, 
46252, 
46260, 
46268, 
46276, 
46283, 
46291, 
46299, 
46307, 
46315, 
46323, R
46330, 
46338, 
46346, S
46354, S
46362, S
46369, S
46377, 
46385, 
46393, 
46401, 
46409, 
46416, 
46424, 
46432, 
46440, 
46448, 
46456, 
46463, 
46471, 
46480, 
46487, 
46495, 
46502, 
46510, 
46518, 
46526, 
46534, 
46542, 
46549, 
46557, 
46565, 
46573, 
46581, 
46588, 
46596, 
46604, 
46612, 
46620, 
46628, 
46635, 
46643, 
46651, 
46659, 
46667, 
46674, 
46682, 
46690, 
46698, 
46706, 
46714, 
46721, 
46729, 
46737, 
46745, 
46753, 
46760, 
46768, 
46776, 
46784, 
46792, 
46800, 
46807, 
46815, 
46823, 
46831, 
46839, 
46846, 
46854, 
46862, 
46870, 
46878, 
46886, 
46893, 
46901, 
46909, 
46917, 
46925, 
46933, 
46940, 
46948, 
46956, 
46964, 
46972, 
46979, 
46987, 
46995, 
47003, 
47011, 
47019, 
47026, 
47034, 
47042, 
47050, 
47058, 
47065, 
47073, 
47081, 
47089, 
47097, 
47105, 
47112, 
47120, 
47128, 
47136, 
47144, 
47151, 
47159, 
47167, 
47175, 
47183, 
47191, 
47198, 
47206, 
47214, 
47222, 
47230, 
47237, 
47245, 
47253, 
47261, 
47269, 
47277, 
47284, 
47292, 
47300, 
47308, 
47316, 
47323, 
47331, 
47339, 
47347, 
47355, 
47363, 
47370, 
47378, 
47386, 
47394, 
47402, 
47409, 
47417, 
47425, 
47433, 
47441, 
47449, 
47456, 
47464, 
47472, 
47480, 
47488, 
47496, 
47503, 
47511, 
47519, 
47527, 
47535, 
47542, 
47550, 
47558, 
47566, 
47574, 
47582, 
47588, 
47597, 
47605, 
47613, 
47621, 
47628, 
47636, 
47644, 
47652, 
47660, 
47668, 
47675, 
47683, 
47691, 
47699, 
47707, 
47714, 
47722, 
47730, 
47738, 
47746, 
47754, 
47761, 
47769, 
47777, 
47785, 
47793, 
47800, 
47808, 
47816, 
47824, 
47832, 
47840, 
47847, 
47855, 
47863, 
47871, 
47879, 
47887, 
47894, 
47902, 
47910, 
47918, 
47926, 
47933, 
47941, 
47949, 
47957, 
47965, 
47972, 
47980, 
47988, 
47996, 
48004, 
48012, 
48019, 
48027, 
48035, 
48043, 
48051, 
48059, 
48066, 
48074, 
48082, 
48090, 
48098, 
48105, 
48113, 
48121, 
48129, 
48137, 
48145, 
48152, 
48160, 
48168, 
48176, 
48184, 
48191, 
48199, 
48207, 
48215, 
48223, 
48231, 
48238, 
48246, 
48254, 
48262, 
48270, 
48277, 
48285, 
48293, 
48301, 
48309, 
48317, 
48324, 
48332, 
48340, R
48348, S
48356, S
48363, S
48371, S
48379, 
48387, 
48395, 
48403, 
48410, 
48418, 
48426, 
48434, 
48442, 
48449, 
48457, 
48465, 
48473, 
48481, 
48489, 
48496, 
48504, 
48512, 
48520, 
48528, 
48536, 
48543, 
48551, 
48559, 
48567, 
48575, 
48582, 
48590, 
48598, 
48606, 
48614, 
48622, 
48629, 
48637, 
48645, 
48653, 
48661, 
48668, 
48676, 
48684, 
48692, 
48700, 
48708, 
48715, 
48723, 
48731, 
48739, 
48747, 
48754, 
48762, 
48770, 
48778, 
48786, 
48794, 
48801, 
48809, 
48817, 
48825, 
48833, 
48840, 
48848, 
48856, 
48864, 
48872, 
48880, 
48887, 
48895, 
48903, 
48911, 
48919, 
48927, 
48934, 
48942, 
48950, 
48958, 
48966, 
48973, 
48981, 
48989, 
48997, 
49005, 
49013, 
49020, 
49028, 
49036, 
49044, 
49052, 
49059, 
49067, 
49075, 
49083, 
49091, 
49099, 
49106, 
49114, 
49122, 
49130, 
49138, 
49145, 
49153, 
49161, 
49169, 
49177, 
49185, 
49192, 
49200, 
49208, 
49216, 
49224, 
49231, 
49239, 
49247, 
49255, 
49263, 
49271, 
49278, 
49286, 
49294, 
49302, 
49310, 
49317, 
49325, 
49333, 
49341, 
49349, 
49357, 
49364, 
49372, 
49380, 
49388, 
49396, 
49403, 
49411, 
49419, 
49427, 
49435, 
49443, 
49450, 
49458, 
49466, 
49474, 
49482, 
49489, 
49497, 
49505, 
49513, 
49521, 
49529, 
49536, 
49544, 
49552, 
49560, 
49568, 
49575, 
49583, 
49591, 
49599, 
49607, 
49615, 
49622, 
49630, 
49638, 
49646, 
49654, 
49662, 
49669, 
49677, 
49685, 
49693, 
49701, 
49708, 
49716, 
49724, 
49732, 
49740, 
49748, 
49755, 
49763, 
49771, 
49779, 
49787, 
49794, 
49802, 
49810, 
49818, 
49826, 
49834, 
49841, 
49849, 
49857, 
49865, 
49873, 
49880, 
49888, 
49896, 
49904, 
49912, 
49920, 
49927, 
49935, 
49943, 
49951, 
49959, 
49966, 
49974, 
49982, 
49990, 
49998, 
50006, 
50013, 
50021, 
50029, 
50037, 
50045, 
50052, 
50060, 
50068, 
50076, 
50084, 
50092, 
50099, 
50107, 
50115, 
50123, 
50131, 
50139, 
50146, 
50154, 
50162, 
50170, 
50178, 
50185, 
50193, 
50201, 
50209, 
50217, 
50225, 
50232, 
50240, 
50248, 
50256, 
50264, 
50271, 
50279, 
50287, 
50295, 
50303, 
50311, 
50318, 
50326, 
50334, 
50342, 
50350, 
50357, 
50365, R
50373, 
50381, S
50389, S
50397, S
50404, S
50412, 
50420, 
50428, 
50436, 
50443, 
50451, 
50459, 
50467, 
50475, 
50483, 
50490, 
50498, 
50506, 
50514, 
50522, 
50529, 
50537, 
50545, 
50553, 
50561, 
50569, 
50576, 
50584, 
50592, 
50600, 
50608, 
50616, 
50623, 
50631, 
50639, 
50647, 
50655, 
50662, 
50670, 
50678, 
50686, 
50694, 
50702, 
50709, 
50717, 
50725, 
50733, 
50741, 
50748, 
50756, 
50764, 
50772, 
50780, 
50788, 
50795, 
50803, 
50811, 
50819, 
50827, 
50834, 
50842, 
50850, 
50858, 
50866, 
50874, 
50881, 
50889, 
50897, 
50905, 
50913, 
50920, 
50928, 
50936, 
50944, 
50952, 
50960, 
50967, 
50975, 
50983, 
50991, 
50999, 
51006, 
51014, 
51022, 
51030, 
51038, 
51046, 
51053, 
51061, 
51069, 
51077, 
51085, 
51092, 
51100, 
51108, 
51116, 
51124, 
51132, 
51139, 
51147, 
51155, 
51163, 
51171, 
51178, 
51186, 
51194, 
51202, 
51210, 
51218, 
51225, 
51233, 
51241, 
51249, 
51257, 
51265, 
51272, 
51280, 
51288, 
51296, 
51304, 
51311, 
51319, 
51327, 
51335, 
51343, 
51351, 
51358, 
51366, 
51374, 
51382, 
51390, 
51397, 
51405, 
51413, 
51421, 
51429, 
51437, 
51444, 
51452, 
51460, 
51468, 
51476, 
51483, 
51491, 
51499, 
51507, 
51515, 
51523, 
51530, 
51538, 
51546, 
51554, 
51562, 
51569, 
51577, 
51585, 
51593, 
51601, 
51609, 
51616, 
51624, 
51632, 
51640, 
51648, 
51655, 
51663, 
51671, 
51679, 
51687, 
51695, 
51702, 
51710, 
51718, 
51726, 
51734, 
51742, 
51749, 
51757, 
51765, 
51773, 
51781, 
51788, 
51796, 
51804, 
51812, 
51820, 
51828, 
51835, 
51843, 
51851, 
51859, 
51867, 
51874, 
51882, 
51890, 
51898, 
51906, 
51914, 
51921, 
51929, 
51937, 
51945, 
51953, 
51960, 
51968, 
51976, 
51984, 
51992, 
52000, 
52007, 
52015, 
52023, 
52031, 
52039, 
52046, 
52054, 
52062, 
52070, 
52078, 
52086, 
52093, 
52101, 
52109, 
52117, 
52125, 
52132, 
52140, 
52148, 
52156, 
52164, 
52172, 
52179, 
52187, 
52195, 
52203, 
52211, 
52218, 
52226, 
52234, 
52242, 
52250, 
52258, 
52265, 
52273, 
52281, 
52289, 
52297, 
52305, 
52312, 
52320, 
52328, 
52336, 
52344, 
52351, 
52359, 
52367, 
52375, 
52383, 
52391, 
52398, R
52406, 
52414, S
52422, S
52430, S
52437, S
52445, 
52453, 
52461, 
52469, 
52477, 
52484, 
52492, 
52500, 
52508, 
52516, 
52523, 
52531, 
52539, 
52547, 
52555, 
52563, 
52570, 
52578, 
52586, 
52594, 
52602, 
52609, 
52617, 
52625, 
52633, 
52641, 
52649, 
52656, 
52664, 
52672, 
52680, 
52688, 
52695, 
52703, 
52711, 
52719, 
52727, 
52735, 
52742, 
52750, 
52758, 
52766, 
52774, 
52781, 
52789, 
52797, 
52805, 
52813, 
52821, 
52828, 
52836, 
52844, 
52852, 
52860, 
52868, 
52875, 
52883, 
52891, 
52899, 
52907, 
52914, 
52922, 
52930, 
52938, 
52946, 
52954, 
52961, 
52969, 
52977, 
52985, 
52993, 
53000, 
53008, 
53016, 
53024, 
53032, 
53040, 
53047, 
53055, 
53063, 
53071, 
53079, 
53086, 
53094, 
53102, 
53110, 
53118, 
53126, 
53133, 
53141, 
53149, 
53157, 
53165, 
53173, 
53180, 
53188, 
53196, 
53204, 
53212, 
53219, 
53227, 
53235, 
53243, 
53251, 
53258, 
53266, 
53274, 
53282, 
53290, 
53298, 
53305, 
53342, 
53345, 
53345, 
53345, 
53345, 
53352, 
53360, 
53368, 
53376, 
53384, 
53391, 
53399, 
53407, 
53415, 
53423, 
53431, 
53438, 
53446, 
53454, 
53462, 
53470, 
53477, 
53485, 
53493, 
53501, 
53509, 
53517, 
53524, 
53532, 
53540, 
53548, 
53556, 
53563, 
53571, 
53579, 
53587, 
53595, 
53603, 
53610, 
53618, 
53626, 
53634, 
53642, 
53649, 
53657, 
53665, 
53673, 
53681, 
53689, 
53696, 
53704, 
53712, 
53720, 
53728, 
53735, 
53743, 
53751, 
53759, 
53767, 
53775, 
53782, 
53790, 
53798, 
53806, 
53814, 
53821, 
53829, 
53837, 
53845, 
53853, 
53861, 
53868, 
53876, 
53884, 
53892, 
53900, 
53908, 
53915, 
53923, 
53931, 
53939, 
53947, 
53954, 
53962, 
53970, 
53978, 
53986, 
53993, 
54001, 
54009, 
54017, 
54025, 
54033, 
54040, 
54048, 
54056, 
54064, 
54072, 
54080, 
54087, 
54095, 
54103, 
54111, 
54119, 
54126, 
54134, 
54142, 
54150, 
54158, 
54166, 
54173, 
54181, 
54189, 
54197, 
54205, 
54212, 
54220, 
54228, 
54236, 
54244, 
54252, 
54259, 
54267, 
54275, 
54283, 
54291, 
54298, 
54306, 
54314, 
54322, 
54330, 
54338, 
54345, 
54353, 
54361, 
54369, 
54377, 
54384, 
54392, 
54400, R
54408, 
54416, S
54424, S
54431, S
54439, S
54447, 
54455, 
54463, 
54471, 
54478, 
54486, 
54494, 
54502, 
54510, 
54517, 
54525, 
54533, 
54541, 
54549, 
54557, 
54564, 
54572, 
54580, 
54588, 
54596, 
54603, 
54611, 
54619, 
54627, 
54635, 
54643, 
54650, 
54658, 
54666, 
54674, 
54682, 
54689, 
54697, 
54705, 
54713, 
54721, 
54729, 
54736, 
54744, 
54752, 
54760, 
54768, 
54776, 
54783, 
54791, 
54799, 
54807, 
54815, 
54822, 
54830, 
54838, 
54846, 
54854, 
54861, 
54869, 
54877, 
54885, 
54893, 
54901, 
54908, 
54916, 
54924, 
54932, 
54940, 
54947, 
54955, 
54963, 
54971, 
54979, 
54987, 
54994, 
55002, 
55010, 
55018, 
55026, 
55034, 
55041, 
55049, 
55057, 
55065, 
55073, 
55080, 
55088, 
55096, 
55104, 
55112, 
55120, 
55127, 
55135, 
55143, 
55151, 
55159, 
55166, 
55174, 
55182, 
55190, 
55198, 
55206, 
55213, 
55221, 
55229, 
55237, 
55245, 
55252, 
55260, 
55268, 
55276, 
55284, 
55292, 
55299, 
55307, 
55315, 
55323, 
55331, 
55338, 
55346, 
55354, 
55362, 
55370, 
55378, 
55385, 
55393, 
55401, 
55409, 
55417, 
55424, 
55432, 
55440, 
55448, 
55456, 
55464, 
55471, 
55479, 
55487, 
55495, 
55503, 
55510, 
55518, 
55526, 
55534, 
55542, 
55550, 
55557, 
55565, 
55573, 
55581, 
55589, 
55597, 
55604, 
55612, 
55620, 
55628, 
55635, 
55642, 
55651, 
55659, 
55667, 
55675, 
55683, 
55689, 
55698, 
55706, 
55714, 
55722, 
55729, 
55737, 
55745, 
55753, 
55761, 
55769, 
55776, 
55784, 
55792, 
55800, 
55808, 
55815, 
55823, 
55831, 
55839, 
55847, 
55855, 
55862, 
55870, 
55878, 
55886, 
55894, 
55901, 
55909, 
55917, 
55925, 
55933, 
55941, 
55948, 
55956, 
55964, 
55972, 
55980, 
55988, 
55995, 
56003, 
56011, 
56019, 
56027, 
56034, 
56042, 
56050, 
56058, 
56066, 
56074, 
56081, 
56089, 
56097, 
56105, 
56113, 
56120, 
56128, 
56136, 
56144, 
56152, 
56160, 
56167, 
56175, 
56183, 
56191, 
56199, 
56206, 
56214, 
56222, 
56230, 
56238, 
56246, 
56253, 
56261, 
56269, 
56277, 
56285, 
56292, 
56300, 
56308, 
56316, 
56324, 
56332, 
56339, 
56347, 
56355, 
56363, 
56371, 
56378, 
56386, 
56394, 
56402, 
56410, R
56418, S
56425, S
56433, S
56441, S
56449, 
56457, 
56464, 
56472, 
56480, 
56488, 
56496, 
56504, 
56511, 
56519, 
56527, 
56535, 
56543, 
56551, 
56558, 
56566, 
56574, 
56582, 
56590, 
56597, 
56605, 
56613, 
56621, 
56629, 
56637, 
56644, 
56652, 
56660, 
56668, 
56676, 
56683, 
56691, 
56699, 
56707, 
56715, 
56723, 
56730, 
56738, 
56746, 
56754, 
56762, 
56769, 
56777, 
56785, 
56793, 
56801, 
56809, 
56816, 
56824, 
56832, 
56840, 
56848, 
56855, 
56863, 
56871, 
56879, 
56887, 
56895, 
56902, 
56910, 
56918, 
56926, 
56934, 
56941, 
56949, 
56957, 
56965, 
56973, 
56981, 
56988, 
56996, 
57004, 
57012, 
57020, 
57028, 
57035, 
57043, 
57051, 
57059, 
57067, 
57074, 
57082, 
57090, 
57098, 
57106, 
57113, 
57121, 
57129, 
57137, 
57145, 
57153, 
57160, 
57168, 
57176, 
57184, 
57192, 
57200, 
57207, 
57215, 
57223, 
57231, 
57239, 
57246, 
57254, 
57262, 
57270, 
57278, 
57286, 
57293, 
57301, 
57309, 
57317, 
57325, 
57332, 
57340, 
57348, 
57356, 
57364, 
57372, 
57379, 
57387, 
57395, 
57403, 
57411, 
57418, 
57426, 
57434, 
57442, 
57450, 
57458, 
57465, 
57473, 
57481, 
57489, 
57497, 
57504, 
57512, 
57520, 
57528, 
57536, 
57544, 
57551, 
57559, 
57567, 
57575, 
57583, 
57590, 
57598, 
57606, 
57614, 
57622, 
57630, 
57637, 
57645, 
57653, 
57661, 
57669, 
57677, 
57684, 
57692, 
57700, 
57708, 
57716, 
57723, 
57731, 
57739, 
57747, 
57755, 
57763, 
57770, 
57778, 
57786, 
57794, 
57802, 
57809, 
57817, 
57825, 
57833, 
57841, 
57849, 
57856, 
57864, 
57872, 
57880, 
57888, 
57895, 
57903, 
57911, 
57919, 
57927, 
57935, 
57942, 
57950, 
57958, 
57966, 
57974, 
57981, 
57989, 
57997, 
58005, 
58013, 
58021, 
58028, 
58036, 
58044, 
58052, 
58060, 
58067, 
58075, 
58083, 
58091, 
58099, 
58107, 
58114, 
58122, 
58130, 
58138, 
58146, 
58153, 
58161, 
58169, 
58177, 
58185, 
58193, 
58200, 
58208, 
58216, 
58224, 
58232, 
58240, 
58247, 
58255, 
58263, 
58271, 
58279, 
58286, 
58294, 
58302, 
58310, 
58318, 
58326, 
58333, 
58341, 
58349, 
58357, 
58365, 
58372, 
58380, 
58388, 
58396, 
58404, 
58412, 
58419, 
58427, R
58435, 
58443, 
58451, S
58458, S
58466, S
58474, S
58482, 
58490, 
58498, 
58505, 
58513, 
58521, 
58529, 
58537, 
58544, 
58552, 
58560, 
58568, 
58576, 
58584, 
58591, 
58599, 
58607, 
58615, 
58623, 
58630, 
58638, 
58646, 
58654, 
58662, 
58670, 
58677, 
58685, 
58693, 
58701, 
58709, 
58717, 
58724, 
58732, 
58740, 
58748, 
58756, 
58763, 
58771, 
58779, 
58787, 
58795, 
58803, 
58810, 
58818, 
58826, 
58834, 
58842, 
58849, 
58857, 
58865, 
58873, 
58881, 
58889, 
58896, 
58904, 
58912, 
58920, 
58928, 
58935, 
58943, 
58951, 
58959, 
58967, 
58975, 
58982, 
58990, 
58998, 
59006, 
59014, 
59021, 
59029, 
59037, 
59045, 
59053, 
59061, 
59068, 
59076, 
59084, 
59092, 
59100, 
59108, 
59115, 
59123, 
59131, 
59139, 
59147, 
59154, 
59162, 
59170, 
59178, 
59186, 
59193, 
59201, 
59209, 
59217, 
59225, 
59233, 
59240, 
59248, 
59256, 
59264, 
59272, 
59279, 
59287, 
59295, 
59303, 
59311, 
59319, 
59326, 
59334, 
59342, 
59350, 
59358, 
59366, 
59373, 
59381, 
59389, 
59397, 
59405, 
59412, 
59420, 
59430, 
59436, 
59444, 
59452, 
59459, 
59467, 
59475, 
59483, 
59491, 
59498, 
59506, 
59514, 
59522, 
59530, 
59538, 
59545, 
59553, 
59561, 
59569, 
59577, 
59584, 
59592, 
59600, 
59608, 
59616, 
59624, 
59631, 
59639, 
59647, 
59655, 
59663, 
59670, 
59678, 
59686, 
59694, 
59702, 
59710, 
59717, 
59725, 
59733, 
59741, 
59749, 
59756, 
59764, 
59772, 
59780, 
59788, 
59796, 
59803, 
59811, 
59819, 
59827, 
59835, 
59843, 
59850, 
59858, 
59866, 
59874, 
59882, 
59889, 
59897, 
59905, 
59913, 
59921, 
59929, 
59936, 
59944, 
59952, 
59960, 
59968, 
59975, 
59983, 
59991, 
59999, 
60007, 
60015, 
60022, 
60030, 
60038, 
60046, 
60054, 
60061, 
60069, 
60077, 
60085, 
60093, 
60101, 
60108, 
60116, 
60124, 
60132, 
60140, 
60147, 
60155, 
60163, 
60171, 
60179, 
60187, 
60194, 
60202, 
60210, 
60218, 
60226, 
60233, 
60241, 
60249, 
60257, 
60265, 
60273, 
60280, 
60288, 
60296, 
60304, 
60312, 
60320, 
60327, 
60335, 
60343, 
60351, 
60359, 
60366, 
60374, 
60382, 
60390, 
60398, 
60405, 
60413, 
60421, 
60429, 
60437, 
60445, 
60452, R
60460, 
60468, 
60476, 
60484, S
60492, S
60499, S
60507, S
60515, 
60523, 
60531, 
60538, 
60546, 
60554, 
60562, 
60570, 
60578, 
60585, 
60593, 
60601, 
60609, 
60617, 
60624, 
60632, 
60640, 
60648, 
60656, 
60664, 
60671, 
60679, 
60687, 
60695, 
60703, 
60710, 
60718, 
60726, 
60734, 
60742, 
60750, 
60757, 
60765, 
60773, 
60781, 
60789, 
60796, 
60804, 
60812, 
60820, 
60828, 
60836, 
60843, 
60851, 
60859, 
60867, 
60875, 
60883, 
60890, 
60898, 
60906, 
60914, 
60922, 
60929, 
60937, 
60945, 
60953, 
60961, 
60969, 
60976, 
60984, 
60992, 
61000, 
61008, 
61015, 
61023, 
61031, 
61039, 
61047, 
61055, 
61062, 
61070, 
61078, 
61086, 
61094, 
61101, 
61109, 
61117, 
61125, 
61133, 
61141, 
61148, 
61156, 
61164, 
61172, 
61180, 
61187, 
61195, 
61203, 
61211, 
61219, 
61227, 
61234, 
61242, 
61250, 
61258, 
61266, 
61273, 
61281, 
61289, 
61297, 
61305, 
61313, 
61320, 
61328, 
61336, 
61344, 
61352, 
61360, 
61367, 
61375, 
61383, 
61391, 
61399, 
61406, 
61414, 
61422, 
61430, 
61438, 
61445, 
61453, 
61461, 
61469, 
61477, 
61485, 
61492, 
61500, 
61508, 
61516, 
61524, 
61532, 
61539, 
61547, 
61555, 
61563, 
61571, 
61578, 
61586, 
61594, 
61602, 
61610, 
61618, 
61625, 
61633, 
61641, 
61649, 
61657, 
61664, 
61672, 
61680, 
61688, 
61696, 
61704, 
61711, 
61719, 
61727, 
61735, 
61743, 
61750, 
61758, 
61766, 
61774, 
61782, 
61790, 
61797, 
61805, 
61813, 
61821, 
61829, 
61837, 
61844, 
61852, 
61860, 
61868, 
61876, 
61883, 
61891, 
61899, 
61907, 
61915, 
61922, 
61930, 
61938, 
61946, 
61954, 
61962, 
61969, 
61977, 
61985, 
61993, 
62001, 
62009, 
62016, 
62024, 
62032, 
62040, 
62048, 
62055, 
62063, 
62071, 
62079, 
62087, 
62095, 
62102, 
62110, 
62118, 
62126, 
62134, 
62141, 
62149, 
62157, 
62165, 
62173, 
62181, 
62188, 
62196, 
62204, 
62212, 
62220, 
62227, 
62235, 
62243, 
62251, 
62259, 
62267, 
62274, 
62282, 
62290, 
62298, 
62306, 
62313, 
62321, 
62329, 
62337, 
62345, 
62353, 
62360, 
62368, 
62376, 
62384, 
62392, 
62399, 
62407, 
62415, 
62423, 
62431, 
62439, 
62446, 
62454, 
62462, 
62470, 
62478, 
62485, R
62493, 
62501, 
62509, 
62517, S
62525, S
62532, S
62540, S
62548, 
62556, 
62564, 
62572, 
62579, 
62587, 
62595, 
62603, 
62611, 
62618, 
62626, 
62634, 
62642, 
62650, 
62657, 
62665, 
62673, 
62681, 
62689, 
62697, 
62704, 
62712, 
62720, 
62728, 
62736, 
62744, 
62751, 
62759, 
62767, 
62775, 
62783, 
62790, 
62798, 
62806, 
62814, 
62822, 
62830, 
62837, 
62845, 
62853, 
62861, 
62869, 
62876, 
62884, 
62892, 
62900, 
62908, 
62916, 
62923, 
62931, 
62939, 
62947, 
62955, 
62962, 
62970, 
62978, 
62986, 
62994, 
63002, 
63009, 
63017, 
63025, 
63033, 
63041, 
63048, 
63056, 
63064, 
63072, 
63080, 
63088, 
63095, 
63103, 
63111, 
63119, 
63127, 
63135, 
63142, 
63150, 
63158, 
63166, 
63174, 
63181, 
63189, 
63197, 
63205, 
63213, 
63221, 
63228, 
63236, 
63244, 
63252, 
63260, 
63267, 
63275, 
63283, 
63291, 
63299, 
63307, 
63314, 
63322, 
63330, 
63338, 
63346, 
63353, 
63361, 
63369, 
63377, 
63385, 
63393, 
63400, 
63408, 
63416, 
63424, 
63432, 
63439, 
63447, 
63455, 
63463, 
63471, 
63479, 
63486, 
63494, 
63502, 
63510, 
63518, 
63525, 
63533, 
63541, 
63549, 
63557, 
63565, 
63572, 
63580, 
63588, 
63596, 
63604, 
63612, 
63619, 
63627, 
63635, 
63643, 
63651, 
63658, 
63666, 
63674, 
63682, 
63690, 
63698, 
63705, 
63713, 
63721, 
63729, 
63737, 
63744, 
63752, 
63760, 
63768, 
63776, 
63784, 
63791, 
63799, 
63807, 
63815, 
63823, 
63830, 
63838, 
63846, 
63854, 
63862, 
63870, 
63877, 
63885, 
63893, 
63901, 
63909, 
63917, 
63924, 
63932, 
63940, 
63948, 
63956, 
63963, 
63971, 
63979, 
63987, 
63995, 
64002, 
64010, 
64018, 
64026, 
64034, 
64042, 
64049, 
64057, 
64065, 
64073, 
64081, 
64088, 
64096, 
64104, 
64112, 
64120, 
64128, 
64135, 
64143, 
64151, 
64159, 
64167, 
64175, 
64182, 
64190, 
64198, 
64206, 
64214, 
64221, 
64229, 
64237, 
64245, 
64253, 
64261, 
64268, 
64276, 
64284, 
64292, 
64300, 
64307, 
64315, 
64323, 
64331, 
64339, 
64347, 
64354, 
64362, 
64370, 
64378, 
64386, 
64393, 
64401, 
64409, 
64417, 
64425, 
64433, 
64440, 
64448, 
64456, 
64464, 
64472, 
64479, 
64487, R
64495, 
64503, 
64511, 
64519, S
64526, S
64534, S
64542, S
64550, 
64558, 
64565, 
64573, 
64581, 
64589, 
64597, 
64605, 
64612, 
64620, 
64628, 
64636, 
64644, 
64652, 
64659, 
64667, 
64675, 
64683, 
64691, 
64698, 
64706, 
64714, 
64722, 
64730, 
64738, 
64745, 
64753, 
64761, 
64769, 
64777, 
64784, 
64792, 
64800, 
64808, 
64816, 
64824, 
64831, 
64839, 
64847, 
64855, 
64863, 
64870, 
64878, 
64886, 
64894, 
64902, 
64910, 
64917, 
64925, 
64933, 
64941, 
64949, 
64956, 
64964, 
64972, 
64980, 
64988, 
64996, 
65006, 
65011, 
65023, 
65027, 
65035, 
65042, 
65050, 
65058, 
65066, 
65074, 
65082, 
65089, 
65097, 
65105, 
65113, 
65121, 
65128, 
65136, 
65144, 
65152, 
65160, 
65168, 
65175, 
65183, 
65191, 
65199, 
65207, 
65214, 
65222, 
65230, 
65238, 
65246, 
65254, 
65261, 
65269, 
65277, 
65285, 
65293, 
65301, 
65308, 
65316, 
65324, 
65332, 
65340, 
65347, 
65355, 
65363, 
65371, 
65379, 
65387, 
65394, 
65402, 
65410, 
65418, 
65426, 
65433, 
65441, 
65449, 
65457, 
65465, 
65473, 
65480, 
65488, 
65496, 
65504, 
65512, 
65519, 
65527, 
65535, 
65543, 
65551, 
65559, 
65566, 
65574, 
65582, 
65590, 
65598, 
65606, 
65613, 
65621, 
65629, 
65637, 
65645, 
65652, 
65660, 
65668, 
65676, 
65684, 
65692, 
65699, 
65707, 
65715, 
65723, 
65731, 
65738, 
65746, 
65754, 
65762, 
65770, 
65778, 
65785, 
65793, 
65801, 
65809, 
65817, 
65824, 
65832, 
65839, 
65848, 
65855, 
65864, 
65871, 
65879, 
65886, 
65895, 
65903, 
65910, 
65918, 
65926, 
65934, 
65942, 
65950, 
65957, 
65965, 
65973, 
65981, 
65989, 
65996, 
66004, 
66012, 
66020, 
66028, 
66036, 
66043, 
66051, 
66059, 
66067, 
66075, 
66082, 
66090, 
66098, 
66106, 
66114, 
66122, 
66129, 
66137, 
66145, 
66153, 
66161, 
66168, 
66176, 
66184, 
66192, 
66200, 
66208, 
66215, 
66223, 
66231, 
66239, 
66247, 
66254, 
66262, 
66270, 
66278, 
66286, 
66294, 
66301, 
66309, 
66317, 
66325, 
66333, 
66341, 
66348, 
66356, 
66364, 
66372, 
66380, 
66387, 
66395, 
66403, 
66411, 
66419, 
66427, 
66434, 
66442, 
66450, 
66458, 
66466, 
66473, 
66481, 
66489, 
66497, R
66505, 
66513, 
66520, S
66528, S
66536, S
66544, S
66552, 
66559, 
66567, 
66575, 
66583, 
66591, 
66599, 
66606, 
66614, 
66622, 
66630, 
66638, 
66646, 
66653, 
66661, 
66669, 
66677, 
66685, 
66692, 
66700, 
66708, 
66716, 
66724, 
66731, 
66739, 
66747, 
66755, 
66763, 
66771, 
66778, 
66786, 
66794, 
66802, 
66810, 
66818, 
66825, 
66833, 
66841, 
66849, 
66857, 
66864, 
66872, 
66880, 
66888, 
66896, 
66904, 
66911, 
66919, 
66927, 
66935, 
66943, 
66950, 
66958, 
66966, 
66974, 
66982, 
66990, 
66997, 
67005, 
67013, 
67021, 
67029, 
67035, 
67044, 
67052, 
67060, 
67068, 
67076, 
67083, 
67091, 
67099, 
67107, 
67115, 
67122, 
67130, 
67138, 
67146, 
67154, 
67162, 
67169, 
67177, 
67185, 
67193, 
67201, 
67208, 
67216, 
67224, 
67232, 
67240, 
67248, 
67255, 
67263, 
67271, 
67279, 
67287, 
67294, 
67302, 
67310, 
67318, 
67326, 
67334, 
67341, 
67349, 
67357, 
67365, 
67373, 
67381, 
67388, 
67396, 
67404, 
67412, 
67420, 
67427, 
67435, 
67443, 
67451, 
67459, 
67467, 
67474, 
67482, 
67490, 
67498, 
67506, 
67513, 
67521, 
67529, 
67537, 
67545, 
67553, 
67560, 
67568, 
67576, 
67584, 
67592, 
67599, 
67607, 
67615, 
67623, 
67631, 
67639, 
67646, 
67654, 
67662, 
67670, 
67678, 
67685, 
67693, 
67701, 
67709, 
67717, 
67725, 
67732, 
67740, 
67748, 
67756, 
67764, 
67772, 
67779, 
67787, 
67795, 
67803, 
67811, 
67818, 
67826, 
67834, 
67842, 
67850, 
67857, 
67865, 
67873, 
67881, 
67889, 
67897, 
67904, 
67912, 
67920, 
67928, 
67936, 
67944, 
67951, 
67959, 
67967, 
67975, 
67983, 
67990, 
67998, 
68006, 
68014, 
68022, 
68030, 
68037, 
68045, 
68053, 
68061, 
68069, 
68076, 
68084, 
68092, 
68100, 
68108, 
68116, 
68123, 
68131, 
68139, 
68147, 
68155, 
68162, 
68170, 
68178, 
68186, 
68194, 
68202, 
68209, 
68217, 
68225, 
68233, 
68241, 
68249, 
68256, 
68264, 
68272, 
68280, 
68288, 
68295, 
68303, 
68311, 
68319, 
68327, 
68334, 
68342, 
68350, 
68358, 
68366, 
68374, 
68381, 
68389, 
68397, 
68405, 
68413, 
68421, 
68428, 
68436, 
68444, 
68452, 
68460, 
68467, 
68475, 
68483, 
68491, 
68499, 
68507, 
68514, R
68522, S
68530, S
68538, S
68546, S
68553, 
68561, 
68569, 
68577, 
68585, 
68593, 
68600, 
68608, 
68616, 
68624, 
68632, 
68639, 
68647, 
68655, 
68663, 
68671, 
68679, 
68686, 
68694, 
68702, 
68709, 
68718, 
68724, 
68733, 
68740, 
68749, 
68757, 
68765, 
68772, 
68780, 
68788, 
68796, 
68804, 
68811, 
68819, 
68827, 
68835, 
68843, 
68851, 
68858, 
68866, 
68874, 
68882, 
68890, 
68898, 
68905, 
68913, 
68921, 
68929, 
68937, 
68944, 
68952, 
68960, 
68968, 
68975, 
68984, 
68991, 
68999, 
69007, 
69015, 
69023, 
69030, 
69038, 
69046, 
69054, 
69062, 
69070, 
69077, 
69085, 
69093, 
69101, 
69109, 
69116, 
69124, 
69132, 
69140, 
69148, 
69156, 
69163, 
69171, 
69179, 
69187, 
69195, 
69202, 
69210, 
69218, 
69226, 
69234, 
69242, 
69249, 
69257, 
69265, 
69273, 
69281, 
69288, 
69296, 
69304, 
69312, 
69320, 
69328, 
69335, 
69343, 
69351, 
69359, 
69367, 
69374, 
69382, 
69390, 
69398, 
69406, 
69414, 
69420, 
69429, 
69437, 
69445, 
69453, 
69460, 
69468, 
69476, 
69484, 
69492, 
69500, 
69507, 
69515, 
69523, 
69531, 
69539, 
69547, 
69554, 
69562, 
69570, 
69578, 
69586, 
69593, 
69601, 
69609, 
69617, 
69625, 
69633, 
69640, 
69648, 
69656, 
69664, 
69672, 
69679, 
69687, 
69695, 
69703, 
69711, 
69719, 
69726, 
69734, 
69742, 
69750, 
69758, 
69765, 
69773, 
69781, 
69789, 
69797, 
69805, 
69812, 
69820, 
69828, 
69836, 
69844, 
69851, 
69859, 
69866, 
69875, 
69883, 
69891, 
69898, 
69906, 
69914, 
69922, 
69930, 
69938, 
69945, 
69953, 
69961, 
69969, 
69977, 
69984, 
69992, 
70000, 
70008, 
70016, 
70023, 
70031, 
70039, 
70047, 
70054, 
70063, 
70070, 
70078, 
70086, 
70094, 
70102, 
70110, 
70117, 
70125, 
70133, 
70141, 
70149, 
70156, 
70164, 
70172, 
70180, 
70188, 
70196, 
70203, 
70211, 
70219, 
70227, 
70235, 
70242, 
70250, 
70258, 
70266, 
70274, 
70282, 
70289, 
70297, 
70305, 
70313, 
70321, 
70328, 
70336, 
70344, 
70352, 
70360, 
70368, 
70375, 
70383, 
70391, 
70399, 
70407, 
70414, 
70422, 
70430, 
70438, 
70446, 
70454, 
70461, 
70469, 
70477, 
70485, 
70493, 
70500, 
70508, 
70516, 
70524, 
70532, 
70540, R
70547, 
70555, S
70563, S
70571, S
70579, S
70587, 
70594, 
70602, 
70610, 
70618, 
70629, 
70633, 
70641, 
70653, 
70657, 
70665, 
70673, 
70680, 
70688, 
70696, 
70704, 
70712, 
70719, 
70727, 
70735, 
70743, 
70751, 
70759, 
70766, 
70774, 
70782, 
70790, 
70798, 
70805, 
70813, 
70821, 
70829, 
70837, 
70845, 
70852, 
70859, 
70868, 
70876, 
70884, 
70890, 
70899, 
70907, 
70915, 
70923, 
70931, 
70938, 
70946, 
70954, 
70962, 
70970, 
70977, 
70985, 
70993, 
71001, 
71009, 
71017, 
71024, 
71032, 
71040, 
71048, 
71056, 
71063, 
71071, 
71079, 
71087, 
71095, 
71103, 
71110, 
71118, 
71126, 
71134, 
71142, 
71150, 
71157, 
71165, 
71173, 
71181, 
71189, 
71196, 
71204, 
71212, 
71220, 
71228, 
71236, 
71243, 
71251, 
71259, 
71267, 
71275, 
71282, 
71290, 
71298, 
71306, 
71314, 
71322, 
71329, 
71337, 
71345, 
71353, 
71361, 
71368, 
71376, 
71384, 
71392, 
71400, 
71408, 
71415, 
71423, 
71431, 
71439, 
71447, 
71454, 
71462, 
71470, 
71478, 
71486, 
71494, 
71501, 
71509, 
71517, 
71525, 
71533, 
71541, 
71548, 
71556, 
71564, 
71572, 
71580, 
71587, 
71595, 
71603, 
71611, 
71619, 
71627, 
71634, 
71642, 
71650, 
71658, 
71666, 
71673, 
71681, 
71689, 
71697, 
71705, 
71713, 
71720, 
71728, 
71736, 
71744, 
71752, 
71759, 
71767, 
71775, 
71783, 
71791, 
71799, 
71806, 
71814, 
71822, 
71830, 
71838, 
71845, 
71853, 
71861, 
71869, 
71877, 
71885, 
71892, 
71900, 
71908, 
71916, 
71924, 
71931, 
71939, 
71947, 
71955, 
71963, 
71971, 
71978, 
71986, 
71994, 
72002, 
72010, 
72017, 
72025, 
72033, 
72041, 
72049, 
72057, 
72064, 
72072, 
72080, 
72088, 
72096, 
72103, 
72111, 
72119, 
72127, 
72135, 
72143, 
72150, 
72158, 
72166, 
72174, 
72182, 
72189, 
72197, 
72205, 
72213, 
72221, 
72229, 
72236, 
72244, 
72252, 
72260, 
72268, 
72276, 
72283, 
72291, 
72299, 
72307, 
72315, 
72322, 
72330, 
72338, 
72346, 
72354, 
72362, 
72369, 
72377, 
72385, 
72393, 
72401, 
72408, 
72416, 
72424, 
72432, 
72440, 
72448, 
72455, 
72463, 
72471, 
72479, 
72487, 
72494, 
72502, 
72510, 
72518, 
72526, 
72534, 
72541, 
72549, 
72557, 
72565, 
72573, R
72580, 
72588, S
72596, S
72604, S
72612, S
72620, 
72627, 
72635, 
72643, 
72651, 
72659, 
72667, 
72674, 
72682, 
72690, 
72698, 
72706, 
72713, 
72721, 
72729, 
72737, 
72745, 
72753, 
72760, 
72768, 
72776, 
72784, 
72792, 
72799, 
72807, 
72815, 
72823, 
72831, 
72839, 
72846, 
72854, 
72862, 
72870, 
72878, 
72885, 
72893, 
72901, 
72909, 
72917, 
72925, 
72932, 
72940, 
72948, 
72956, 
72964, 
72971, 
72979, 
72987, 
72995, 
73003, 
73011, 
73018, 
73026, 
73034, 
73042, 
73050, 
73057, 
73065, 
73073, 
73081, 
73089, 
73097, 
73104, 
73112, 
73120, 
73128, 
73136, 
73143, 
73151, 
73159, 
73167, 
73175, 
73183, 
73190, 
73198, 
73206, 
73214, 
73222, 
73229, 
73237, 
73245, 
73253, 
73261, 
73269, 
73276, 
73284, 
73292, 
73300, 
73307, 
73316, 
73323, 
73331, 
73339, 
73347, 
73355, 
73362, 
73370, 
73378, 
73386, 
73394, 
73402, 
73409, 
73417, 
73425, 
73433, 
73441, 
73448, 
73456, 
73464, 
73472, 
73480, 
73487, 
73495, 
73503, 
73511, 
73519, 
73527, 
73534, 
73542, 
73550, 
73558, 
73566, 
73574, 
73581, 
73589, 
73597, 
73605, 
73613, 
73620, 
73628, 
73636, 
73644, 
73652, 
73660, 
73667, 
73675, 
73683, 
73691, 
73699, 
73706, 
73714, 
73722, 
73730, 
73738, 
73746, 
73753, 
73761, 
73769, 
73777, 
73785, 
73793, 
73800, 
73808, 
73816, 
73824, 
73832, 
73838, 
73847, 
73854, 
73863, 
73871, 
73879, 
73886, 
73894, 
73902, 
73910, 
73918, 
73925, 
73933, 
73941, 
73949, 
73957, 
73965, 
73972, 
73980, 
73988, 
73996, 
74004, 
74011, 
74019, 
74027, 
74035, 
74043, 
74051, 
74058, 
74066, 
74074, 
74082, 
74089, 
74097, 
74105, 
74113, 
74121, 
74129, 
74137, 
74144, 
74152, 
74160, 
74168, 
74175, 
74183, 
74191, 
74199, 
74207, 
74215, 
74223, 
74230, 
74238, 
74246, 
74254, 
74262, 
74269, 
74277, 
74285, 
74293, 
74301, 
74309, 
74316, 
74324, 
74332, 
74340, 
74348, 
74356, 
74363, 
74371, 
74379, 
74387, 
74395, 
74402, 
74410, 
74418, 
74426, 
74434, 
74442, 
74449, 
74457, 
74465, 
74473, 
74480, 
74488, 
74496, 
74504, 
74512, 
74520, 
74528, 
74535, 
74543, 
74551, 
74558, 
74567, 
74574, R
74582, 
74590, S
74598, S
74606, S
74614, S
74621, 
74629, 
74637, 
74645, 
74653, 
74660, 
74668, 
74676, 
74684, 
74692, 
74700, 
74707, 
74715, 
74723, 
74731, 
74739, 
74747, 
74754, 
74762, 
74770, 
74778, 
74786, 
74793, 
74801, 
74809, 
74817, 
74825, 
74833, 
74840, 
74848, 
74856, 
74864, 
74872, 
74879, 
74887, 
74895, 
74903, 
74911, 
74919, 
74926, 
74934, 
74942, 
74950, 
74958, 
74965, 
74973, 
74981, 
74989, 
74997, 
75005, 
75012, 
75020, 
75028, 
75036, 
75044, 
75051, 
75059, 
75067, 
75075, 
75083, 
75091, 
75098, 
75106, 
75114, 
75122, 
75130, 
75137, 
75145, 
75153, 
75161, 
75169, 
75177, 
75184, 
75192, 
75200, 
75208, 
75216, 
75223, 
75231, 
75239, 
75247, 
75255, 
75263, 
75270, 
75278, 
75286, 
75294, 
75302, 
75309, 
75317, 
75325, 
75333, 
75341, 
75349, 
75356, 
75364, 
75372, 
75380, 
75388, 
75395, 
75403, 
75411, 
75418, 
75427, 
75435, 
75442, 
75450, 
75458, 
75466, 
75474, 
75482, 
75489, 
75497, 
75505, 
75513, 
75521, 
75528, 
75536, 
75544, 
75552, 
75560, 
75568, 
75575, 
75583, 
75591, 
75599, 
75607, 
75614, 
75622, 
75630, 
75638, 
75646, 
75654, 
75661, 
75669, 
75677, 
75685, 
75693, 
75700, 
75708, 
75716, 
75724, 
75732, 
75740, 
75747, 
75755, 
75763, 
75771, 
75779, 
75786, 
75794, 
75802, 
75810, 
75818, 
75826, 
75833, 
75841, 
75849, 
75857, 
75865, 
75872, 
75880, 
75888, 
75896, 
75904, 
75912, 
75919, 
75927, 
75935, 
75943, 
75951, 
75959, 
75966, 
75974, 
75982, 
75990, 
75998, 
76005, 
76013, 
76021, 
76029, 
76037, 
76045, 
76051, 
76059, 
76067, 
76076, 
76084, 
76091, 
76099, 
76106, 
76114, 
76123, 
76131, 
76138, 
76146, 
76153, 
76162, 
76170, 
76177, 
76185, 
76193, 
76201, 
76209, 
76217, 
76224, 
76232, 
76240, 
76253, 
76258, 
76263, 
76271, 
76279, 
76287, 
76295, 
76303, 
76310, 
76318, 
76326, 
76334, 
76342, 
76349, 
76357, 
76365, 
76373, 
76381, 
76389, 
76396, 
76404, 
76412, 
76420, 
76428, 
76435, 
76443, 
76451, 
76459, 
76467, 
76475, 
76482, 
76490, 
76498, 
76506, 
76514, 
76522, 
76529, 
76537, 
76545, 
76553, 
76561, 
76568, 
76576, 
76584, R
76592, S
76600, S
76608, S
76615, S
76623, 
76631, 
76639, 
76647, 
76654, 
76662, 
76670, 
76678, 
76686, 
76694, 
76701, 
76709, 
76717, 
76725, 
76733, 
76740, 
76748, 
76756, 
76764, 
76772, 
76780, 
76787, 
76795, 
76803, 
76811, 
76819, 
76826, 
76834, 
76842, 
76850, 
76858, 
76866, 
76873, 
76881, 
76889, 
76897, 
76905, 
76913, 
76920, 
76928, 
76936, 
76944, 
76952, 
76959, 
76967, 
76975, 
76983, 
76991, 
76999, 
77006, 
77014, 
77022, 
77030, 
77038, 
77045, 
77053, 
77061, 
77069, 
77077, 
77085, 
77092, 
77100, 
77108, 
77116, 
77124, 
77132, 
77139, 
77147, 
77155, 
77163, 
77171, 
77178, 
77186, 
77194, 
77202, 
77210, 
77217, 
77225, 
77233, 
77241, 
77249, 
77257, 
77264, 
77272, 
77280, 
77288, 
77296, 
77304, 
77311, 
77319, 
77327, 
77335, 
77343, 
77350, 
77358, 
77366, 
77374, 
77382, 
77390, 
77397, 
77405, 
77413, 
77421, 
77429, 
77436, 
77444, 
77452, 
77460, 
77468, 
77475, 
77483, 
77491, 
77499, 
77507, 
77515, 
77522, 
77530, 
77538, 
77546, 
77554, 
77562, 
77569, 
77577, 
77585, 
77593, 
77601, 
77608, 
77616, 
77624, 
77632, 
77640, 
77648, 
77655, 
77663, 
77671, 
77679, 
77687, 
77694, 
77702, 
77710, 
77718, 
77726, 
77734, 
77741, 
77749, 
77757, 
77765, 
77773, 
77780, 
77788, 
77796, 
77804, 
77812, 
77820, 
77827, 
77835, 
77843, 
77851, 
77859, 
77866, 
77874, 
77882, 
77890, 
77898, 
77906, 
77913, 
77921, 
77929, 
77937, 
77945, 
77952, 
77960, 
77968, 
77976, 
77984, 
77992, 
77999, 
78007, 
78015, 
78023, 
78031, 
78037, 
78046, 
78054, 
78062, 
78070, 
78078, 
78085, 
78093, 
78101, 
78109, 
78117, 
78125, 
78132, 
78140, 
78148, 
78156, 
78164, 
78171, 
78179, 
78187, 
78195, 
78203, 
78211, 
78218, 
78226, 
78234, 
78242, 
78250, 
78257, 
78265, 
78273, 
78281, 
78289, 
78297, 
78304, 
78312, 
78320, 
78328, 
78336, 
78343, 
78351, 
78359, 
78367, 
78375, 
78383, 
78390, 
78398, 
78406, 
78414, 
78422, 
78429, 
78437, 
78445, 
78453, 
78461, 
78469, 
78476, 
78484, 
78492, 
78500, 
78508, 
78515, 
78523, 
78531, 
78539, 
78547, 
78555, 
78562, 
78570, 
78578, 
78586, 
78594, 
78601, R
78609, 
78617, 
78625, S
78633, S
78641, S
78648, S
78656, 
78664, 
78672, 
78680, 
78688, 
78695, 
78703, 
78711, 
78719, 
78727, 
78734, 
78742, 
78750, 
78758, 
78766, 
78774, 
78781, 
78789, 
78797, 
78805, 
78813, 
78820, 
78828, 
78836, 
78844, 
78852, 
78860, 
78867, 
78875, 
78883, 
78891, 
78899, 
78907, 
78914, 
78922, 
78930, 
78938, 
78946, 
78953, 
78961, 
78969, 
78977, 
78985, 
78992, 
79000, 
79008, 
79016, 
79024, 
79032, 
79039, 
79047, 
79055, 
79086, 
79087, 
79087, 
79087, 
79094, 
79102, 
79110, 
79118, 
79125, 
79133, 
79141, 
79149, 
79157, 
79165, 
79172, 
79180, 
79188, 
79196, 
79204, 
79211, 
79219, 
79227, 
79235, 
79243, 
79251, 
79258, 
79266, 
79274, 
79282, 
79290, 
79297, 
79305, 
79313, 
79321, 
79329, 
79337, 
79344, 
79352, 
79360, 
79368, 
79376, 
79383, 
79391, 
79399, 
79407, 
79415, 
79423, 
79430, 
79438, 
79446, 
79454, 
79462, 
79469, 
79477, 
79485, 
79493, 
79501, 
79509, 
79516, 
79524, 
79532, 
79540, 
79548, 
79555, 
79563, 
79571, 
79579, 
79587, 
79595, 
79602, 
79610, 
79618, 
79626, 
79634, 
79641, 
79649, 
79657, 
79665, 
79673, 
79681, 
79688, 
79696, 
79704, 
79712, 
79720, 
79728, 
79735, 
79743, 
79751, 
79759, 
79767, 
79774, 
79782, 
79790, 
79798, 
79806, 
79814, 
79821, 
79829, 
79837, 
79845, 
79853, 
79860, 
79868, 
79876, 
79884, 
79892, 
79900, 
79907, 
79915, 
79923, 
79931, 
79939, 
79946, 
79954, 
79962, 
79970, 
79978, 
79986, 
79993, 
80001, 
80009, 
80017, 
80025, 
80032, 
80040, 
80048, 
80056, 
80064, 
80072, 
80079, 
80087, 
80095, 
80103, 
80111, 
80118, 
80126, 
80134, 
80142, 
80150, 
80158, 
80165, 
80173, 
80181, 
80189, 
80197, 
80205, 
80212, 
80220, 
80228, 
80236, 
80244, 
80251, 
80259, 
80267, 
80275, 
80283, 
80291, 
80298, 
80306, 
80314, 
80322, 
80330, 
80336, 
80345, 
80353, 
80361, 
80369, 
80377, 
80384, 
80392, 
80400, 
80408, 
80416, 
80423, 
80431, 
80439, 
80447, 
80455, 
80463, 
80470, 
80478, 
80486, 
80494, 
80502, 
80509, 
80517, 
80525, 
80533, 
80541, 
80549, 
80556, 
80564, 
80572, 
80580, 
80588, 
80595, 
80603, 
80611, 
80619, 
80627, R
80635, 
80642, 
80650, 
80658, S
80666, S
80674, S
80681, S
80689, 
80697, 
80705, 
80713, 
80721, 
80728, 
80736, 
80744, 
80752, 
80760, 
80768, 
80775, 
80783, 
80791, 
80799, 
80807, 
80814, 
80822, 
80830, 
80838, 
80846, 
80854, 
80861, 
80869, 
80877, 
80885, 
80893, 
80900, 
80908, 
80916, 
80924, 
80932, 
80940, 
80947, 
80955, 
80963, 
80971, 
80979, 
80986, 
80994, 
81002, 
81010, 
81018, 
81026, 
81033, 
81041, 
81049, 
81057, 
81065, 
81073, 
81080, 
81088, 
81096, 
81104, 
81112, 
81119, 
81127, 
81135, 
81143, 
81151, 
81158, 
81166, 
81174, 
81182, 
81190, 
81198, 
81205, 
81213, 
81221, 
81229, 
81236, 
81244, 
81252, 
81260, 
81268, 
81276, 
81284, 
81291, 
81299, 
81307, 
81315, 
81323, 
81331, 
81338, 
81346, 
81354, 
81362, 
81370, 
81377, 
81385, 
81393, 
81401, 
81409, 
81417, 
81424, 
81432, 
81440, 
81448, 
81456, 
81463, 
81471, 
81479, 
81487, 
81495, 
81503, 
81510, 
81518, 
81526, 
81534, 
81542, 
81549, 
81557, 
81565, 
81573, 
81581, 
81589, 
81596, 
81604, 
81612, 
81620, 
81628, 
81636, 
81643, 
81651, 
81659, 
81667, 
81675, 
81682, 
81690, 
81698, 
81706, 
81714, 
81721, 
81729, 
81737, 
81745, 
81753, 
81761, 
81768, 
81776, 
81784, 
81792, 
81800, 
81808, 
81815, 
81823, 
81831, 
81839, 
81847, 
81853, 
81862, 
81870, 
81878, 
81886, 
81894, 
81901, 
81909, 
81917, 
81925, 
81933, 
81940, 
81948, 
81956, 
81964, 
81972, 
81980, 
81987, 
81995, 
82003, 
82011, 
82019, 
82026, 
82034, 
82042, 
82050, 
82058, 
82066, 
82073, 
82081, 
82089, 
82097, 
82105, 
82112, 
82120, 
82128, 
82136, 
82144, 
82152, 
82159, 
82167, 
82175, 
82183, 
82191, 
82198, 
82206, 
82214, 
82222, 
82230, 
82238, 
82245, 
82253, 
82260, 
82269, 
82277, 
82285, 
82292, 
82300, 
82308, 
82316, 
82324, 
82331, 
82339, 
82347, 
82355, 
82363, 
82370, 
82378, 
82386, 
82394, 
82402, 
82410, 
82417, 
82425, 
82433, 
82441, 
82449, 
82457, 
82464, 
82472, 
82480, 
82488, 
82496, 
82503, 
82511, 
82519, 
82527, 
82535, 
82543, 
82550, 
82558, 
82566, 
82574, 
82582, 
82589, 
82597, 
82605, 
82613, 
82621, 
82629, 
82636, 
82644, 
82652, 
82660, R
82668, 
82675, 
82683, 
82691, S
82699, S
82707, S
82715, S
82722, 
82730, 
82738, 
82746, 
82754, 
82761, 
82769, 
82777, 
82785, 
82793, 
82801, 
82808, 
82816, 
82824, 
82832, 
82840, 
82848, 
82855, 
82863, 
82871, 
82879, 
82887, 
82894, 
82902, 
82910, 
82918, 
82926, 
82934, 
82941, 
82949, 
82957, 
82965, 
82973, 
82980, 
82988, 
82996, 
83004, 
83012, 
83020, 
83027, 
83035, 
83043, 
83051, 
83059, 
83066, 
83074, 
83082, 
83090, 
83098, 
83106, 
83113, 
83121, 
83129, 
83137, 
83145, 
83152, 
83160, 
83168, 
83175, 
83184, 
83192, 
83199, 
83207, 
83215, 
83223, 
83231, 
83238, 
83246, 
83254, 
83262, 
83270, 
83278, 
83285, 
83293, 
83301, 
83309, 
83317, 
83325, 
83332, 
83340, 
83347, 
83356, 
83364, 
83371, 
83379, 
83387, 
83395, 
83403, 
83411, 
83418, 
83426, 
83434, 
83442, 
83450, 
83457, 
83465, 
83473, 
83481, 
83489, 
83497, 
83504, 
83512, 
83520, 
83528, 
83536, 
83543, 
83551, 
83559, 
83567, 
83575, 
83583, 
83590, 
83598, 
83606, 
83614, 
83622, 
83629, 
83637, 
83645, 
83653, 
83661, 
83669, 
83676, 
83684, 
83692, 
83700, 
83708, 
83715, 
83723, 
83731, 
83739, 
83747, 
83755, 
83762, 
83770, 
83778, 
83786, 
83794, 
83802, 
83809, 
83817, 
83825, 
83833, 
83841, 
83848, 
83856, 
83864, 
83872, 
83880, 
83888, 
83895, 
83903, 
83911, 
83919, 
83927, 
83934, 
83942, 
83950, 
83958, 
83966, 
83974, 
83981, 
83989, 
83997, 
84005, 
84013, 
84020, 
84028, 
84036, 
84044, 
84052, 
84060, 
84067, 
84075, 
84083, 
84091, 
84099, 
84106, 
84114, 
84122, 
84130, 
84138, 
84146, 
84153, 
84161, 
84169, 
84177, 
84185, 
84192, 
84200, 
84208, 
84216, 
84224, 
84232, 
84239, 
84247, 
84255, 
84263, 
84271, 
84278, 
84286, 
84294, 
84302, 
84310, 
84318, 
84325, 
84333, 
84341, 
84349, 
84357, 
84364, 
84372, 
84380, 
84388, 
84396, 
84404, 
84411, 
84419, 
84427, 
84435, 
84443, 
84451, 
84458, 
84466, 
84474, 
84482, 
84490, 
84497, 
84505, 
84513, 
84521, 
84529, 
84537, 
84544, 
84552, 
84560, 
84568, 
84576, 
84583, 
84591, 
84599, 
84607, 
84615, 
84623, 
84630, 
84638, 
84646, 
84654, 
84662, R
84669, 
84677, 
84685, 
84693, S
84701, S
84709, S
84716, S
84724, 
84732, 
84740, 
84748, 
84755, 
84763, 
84771, 
84779, 
84787, 
84795, 
84802, 
84810, 
84818, 
84826, 
84834, 
84841, 
84849, 
84857, 
84865, 
84873, 
84881, 
84888, 
84896, 
84904, 
84912, 
84920, 
84928, 
84935, 
84943, 
84951, 
84959, 
84967, 
84974, 
84982, 
84990, 
84998, 
85006, 
85014, 
85021, 
85029, 
85037, 
85045, 
85053, 
85060, 
85068, 
85076, 
85084, 
85092, 
85100, 
85107, 
85115, 
85123, 
85131, 
85139, 
85146, 
85154, 
85162, 
85170, 
85177, 
85185, 
85193, 
85201, 
85209, 
85217, 
85225, 
85232, 
85240, 
85248, 
85255, 
85263, 
85272, 
85279, 
85287, 
85295, 
85303, 
85311, 
85318, 
85325, 
85334, 
85342, 
85350, 
85358, 
85365, 
85373, 
85380, 
85388, 
85397, 
85404, 
85412, 
85420, 
85427, 
85436, 
85443, 
85452, 
85459, 
85467, 
85475, 
85483, 
85491, 
85498, 
85506, 
85514, 
85522, 
85529, 
85537, 
85545, 
85553, 
85561, 
85569, 
85576, 
85583, 
85591, 
85600, 
85607, 
85617, 
85622, 
85631, 
85639, 
85647, 
85655, 
85663, 
85670, 
85678, 
85686, 
85694, 
85702, 
85709, 
85717, 
85725, 
85733, 
85741, 
85749, 
85756, 
85764, 
85772, 
85780, 
85788, 
85795, 
85803, 
85811, 
85819, 
85827, 
85835, 
85842, 
85850, 
85858, 
85866, 
85874, 
85881, 
85889, 
85897, 
85905, 
85913, 
85921, 
85928, 
85936, 
85944, 
85952, 
85960, 
85967, 
85975, 
85983, 
85991, 
85999, 
86007, 
86014, 
86022, 
86030, 
86038, 
86046, 
86053, 
86061, 
86069, 
86077, 
86085, 
86093, 
86100, 
86108, 
86116, 
86124, 
86132, 
86140, 
86147, 
86155, 
86163, 
86171, 
86179, 
86186, 
86194, 
86202, 
86210, 
86218, 
86226, 
86233, 
86241, 
86249, 
86257, 
86265, 
86272, 
86280, 
86288, 
86296, 
86304, 
86312, 
86319, 
86327, 
86335, 
86343, 
86351, 
86358, 
86366, 
86374, 
86382, 
86390, 
86398, 
86405, 
86413, 
86421, 
86429, 
86437, 
86444, 
86452, 
86460, 
86468, 
86476, 
86484, 
86491, 
86499, 
86507, 
86515, 
86523, 
86530, 
86538, 
86546, 
86554, 
86562, 
86570, 
86577, 
86585, 
86593, 
86601, 
86609, 
86616, 
86624, 
86632, 
86640, 
86648, 
86656, 
86663, 
86671, R
86679, 
86687, 
86695, S
86703, S
86710, S
86718, S
86726, 
86734, 
86742, 
86749, 
86757, 
86765, 
86773, 
86781, 
86789, 
86796, 
86804, 
86812, 
86820, 
86828, 
86835, 
86843, 
86851, 
86859, 
86867, 
86875, 
86882, 
86890, 
86898, 
86906, 
86914, 
86921, 
86929, 
86937, 
86945, 
86953, 
86961, 
86968, 
86976, 
86984, 
86992, 
87000, 
87007, 
87015, 
87023, 
87031, 
87039, 
87047, 
87054, 
87062, 
87070, 
87078, 
87086, 
87094, 
87101, 
87109, 
87117, 
87125, 
87133, 
87140, 
87148, 
87156, 
87164, 
87172, 
87180, 
87187, 
87195, 
87203, 
87211, 
87219, 
87226, 
87234, 
87242, 
87250, 
87258, 
87266, 
87273, 
87281, 
87289, 
87297, 
87305, 
87312, 
87320, 
87328, 
87336, 
87344, 
87352, 
87359, 
87367, 
87375, 
87383, 
87401, 
87402, 
87406, 
87414, 
87422, 
87430, 
87440, 
87445, 
87453, 
87461, 
87469, 
87477, 
87484, 
87492, 
87500, 
87508, 
87516, 
87524, 
87531, 
87539, 
87547, 
87555, 
87563, 
87570, 
87578, 
87586, 
87594, 
87602, 
87610, 
87617, 
87625, 
87633, 
87641, 
87649, 
87657, 
87664, 
87672, 
87680, 
87688, 
87696, 
87703, 
87711, 
87719, 
87727, 
87735, 
87743, 
87750, 
87758, 
87766, 
87774, 
87782, 
87789, 
87797, 
87805, 
87813, 
87821, 
87828, 
87836, 
87844, 
87852, 
87860, 
87868, 
87875, 
87883, 
87891, 
87899, 
87907, 
87915, 
87922, 
87930, 
87938, 
87946, 
87954, 
87961, 
87969, 
87977, 
87985, 
87993, 
88001, 
88008, 
88016, 
88024, 
88032, 
88040, 
88047, 
88055, 
88063, 
88071, 
88079, 
88087, 
88094, 
88102, 
88110, 
88118, 
88126, 
88134, 
88141, 
88149, 
88157, 
88165, 
88173, 
88180, 
88188, 
88196, 
88204, 
88212, 
88220, 
88227, 
88235, 
88243, 
88251, 
88259, 
88266, 
88274, 
88282, 
88290, 
88298, 
88305, 
88313, 
88321, 
88329, 
88337, 
88345, 
88352, 
88360, 
88368, 
88376, 
88384, 
88392, 
88399, 
88407, 
88415, 
88423, 
88431, 
88438, 
88446, 
88454, 
88462, 
88470, 
88478, 
88485, 
88493, 
88501, 
88509, 
88517, 
88524, 
88532, 
88540, 
88548, 
88556, 
88564, 
88571, 
88579, 
88587, 
88595, 
88603, 
88610, 
88618, 
88626, 
88634, 
88642, 
88650, 
88657, 
88665, 
88673, 
88681, 
88689, R
88696, S
88704, S
88712, S
88720, S
88728, 
88736, 
88743, 
88751, 
88759, 
88767, 
88775, 
88782, 
88790, 
88798, 
88806, 
88814, 
88822, 
88829, 
88837, 
88845, 
88853, 
88861, 
88869, 
88876, 
88884, 
88892, 
88900, 
88908, 
88915, 
88923, 
88931, 
88939, 
88947, 
88955, 
88962, 
88970, 
88978, 
88986, 
88994, 
89001, 
89009, 
89017, 
89025, 
89033, 
89041, 
89048, 
89056, 
89064, 
89072, 
89081, 
89087, 
89095, 
89103, 
89111, 
89119, 
89127, 
89134, 
89142, 
89150, 
89158, 
89166, 
89173, 
89181, 
89189, 
89197, 
89205, 
89213, 
89220, 
89228, 
89236, 
89244, 
89252, 
89259, 
89267, 
89275, 
89283, 
89291, 
89299, 
89306, 
89314, 
89322, 
89330, 
89338, 
89346, 
89353, 
89361, 
89369, 
89377, 
89385, 
89392, 
89400, 
89408, 
89417, 
89424, 
89432, 
89439, 
89447, 
89455, 
89463, 
89471, 
89478, 
89486, 
89494, 
89502, 
89510, 
89518, 
89525, 
89533, 
89541, 
89549, 
89557, 
89564, 
89572, 
89580, 
89588, 
89596, 
89604, 
89611, 
89619, 
89627, 
89635, 
89643, 
89650, 
89658, 
89666, 
89674, 
89682, 
89690, 
89697, 
89705, 
89713, 
89721, 
89729, 
89736, 
89744, 
89752, 
89760, 
89768, 
89776, 
89783, 
89791, 
89799, 
89807, 
89815, 
89823, 
89830, 
89838, 
89846, 
89854, 
89862, 
89869, 
89877, 
89885, 
89893, 
89901, 
89909, 
89916, 
89924, 
89933, 
89940, 
89948, 
89955, 
89963, 
89971, 
89979, 
89987, 
89995, 
90002, 
90010, 
90018, 
90026, 
90034, 
90041, 
90049, 
90057, 
90065, 
90073, 
90081, 
90088, 
90096, 
90104, 
90112, 
90120, 
90127, 
90135, 
90143, 
90151, 
90159, 
90167, 
90174, 
90183, 
90190, 
90198, 
90206, 
90213, 
90221, 
90229, 
90237, 
90245, 
90253, 
90260, 
90268, 
90276, 
90284, 
90292, 
90299, 
90307, 
90315, 
90323, 
90331, 
90339, 
90346, 
90354, 
90362, 
90370, 
90378, 
90386, 
90393, 
90401, 
90409, 
90417, 
90425, 
90432, 
90440, 
90448, 
90456, 
90464, 
90472, 
90479, 
90487, 
90495, 
90503, 
90511, 
90518, 
90526, 
90534, 
90542, 
90550, 
90558, 
90565, 
90573, 
90581, 
90589, 
90597, 
90604, 
90612, 
90620, 
90628, 
90636, 
90644, 
90651, 
90659, 
90667, 
90675, 
90683, 
90690, 
90698, 
90706, 
90714, R
90722, 
90730, S
90737, S
90745, S
90753, S
90761, 
90769, 
90777, 
90784, 
90792, 
90800, 
90808, 
90816, 
90823, 
90831, 
90839, 
90847, 
90855, 
90862, 
90870, 
90878, 
90886, 
90894, 
90902, 
90909, 
90917, 
90925, 
90933, 
90941, 
90949, 
90956, 
90964, 
90972, 
90980, 
90988, 
90995, 
91003, 
91011, 
91019, 
91027, 
91035, 
91042, 
91050, 
91058, 
91066, 
91074, 
91081, 
91089, 
91097, 
91105, 
91114, 
91121, 
91128, 
91136, 
91144, 
91152, 
91160, 
91167, 
91175, 
91183, 
91191, 
91199, 
91207, 
91214, 
91222, 
91230, 
91238, 
91246, 
91253, 
91261, 
91269, 
91277, 
91285, 
91293, 
91300, 
91308, 
91317, 
91324, 
91332, 
91339, 
91347, 
91355, 
91364, 
91371, 
91379, 
91386, 
91394, 
91402, 
91410, 
91418, 
91426, 
91433, 
91441, 
91449, 
91457, 
91465, 
91472, 
91480, 
91488, 
91496, 
91504, 
91512, 
91519, 
91527, 
91535, 
91543, 
91551, 
91558, 
91566, 
91574, 
91582, 
91590, 
91598, 
91605, 
91613, 
91621, 
91629, 
91637, 
91644, 
91652, 
91660, 
91668, 
91676, 
91684, 
91691, 
91699, 
91707, 
91715, 
91723, 
91730, 
91738, 
91746, 
91754, 
91762, 
91770, 
91777, 
91785, 
91793, 
91801, 
91809, 
91816, 
91824, 
91832, 
91840, 
91848, 
91856, 
91863, 
91871, 
91879, 
91887, 
91895, 
91902, 
91910, 
91918, 
91926, 
91933, 
91942, 
91949, 
91957, 
91965, 
91973, 
91981, 
91989, 
91996, 
92004, 
92012, 
92020, 
92028, 
92035, 
92043, 
92051, 
92059, 
92067, 
92075, 
92082, 
92089, 
92098, 
92106, 
92114, 
92121, 
92129, 
92137, 
92145, 
92153, 
92161, 
92167, 
92175, 
92184, 
92191, 
92199, 
92207, 
92215, 
92223, 
92231, 
92239, 
92247, 
92254, 
92261, 
92269, 
92278, 
92286, 
92293, 
92301, 
92309, 
92317, 
92324, 
92333, 
92340, 
92348, 
92356, 
92364, 
92372, 
92379, 
92387, 
92395, 
92403, 
92411, 
92419, 
92426, 
92434, 
92442, 
92450, 
92457, 
92466, 
92472, 
92481, 
92489, 
92497, 
92505, 
92512, 
92520, 
92528, 
92535, 
92544, 
92552, 
92559, 
92567, 
92575, 
92582, 
92590, 
92598, 
92606, 
92613, 
92622, 
92630, 
92638, 
92645, 
92652, 
92661, 
92669, 
92677, 
92684, 
92692, 
92700, 
92708, 
92716, 
92724, 
92731, 
92739, 
92746, R
92755, 
92763, S
92769, S
92777, S
92786, S
92793, 
92802, 
92809, 
92817, 
92825, 
92833, 
92841, 
92849, 
92856, 
92864, 
92872, 
92880, 
92888, 
92896, 
92903, 
92911, 
92919, 
92926, 
92935, 
92943, 
92950, 
92958, 
92966, 
92973, 
92982, 
92989, 
92996, 
93005, 
93013, 
93021, 
93028, 
93036, 
93044, 
93052, 
93060, 
93067, 
93075, 
93083, 
93091, 
93099, 
93107, 
93115, 
93122, 
93130, 
93137, 
93145, 
93153, 
93160, 
93169, 
93177, 
93185, 
93193, 
93201, 
93208, 
93216, 
93224, 
93232, 
93239, 
93246, 
93255, 
93262, 
93271, 
93279, 
93287, 
93294, 
93302, 
93310, 
93318, 
93325, 
93333, 
93341, 
93349, 
93357, 
93365, 
93372, 
93379, 
93388, 
93396, 
93404, 
93412, 
93419, 
93427, 
93435, 
93443, 
93450, 
93458, 
93466, 
93473, 
93481, 
93490, 
93498, 
93506, 
93513, 
93521, 
93528, 
93537, 
93544, 
93552, 
93560, 
93568, 
93575, 
93584, 
93592, 
93599, 
93607, 
93615, 
93623, 
93631, 
93637, 
93646, 
93653, 
93662, 
93670, 
93678, 
93685, 
93693, 
93701, 
93709, 
93717, 
93723, 
93731, 
93740, 
93748, 
93755, 
93764, 
93771, 
93778, 
93786, 
93795, 
93802, 
93809, 
93817, 
93825, 
93834, 
93842, 
93850, 
93857, 
93865, 
93873, 
93881, 
93889, 
93896, 
93904, 
93912, 
93920, 
93928, 
93936, 
93943, 
93950, 
93959, 
93966, 
93974, 
93982, 
93990, 
93998, 
94006, 
94014, 
94022, 
94029, 
94036, 
94045, 
94053, 
94061, 
94069, 
94075, 
94083, 
94091, 
94100, 
94108, 
94114, 
94123, 
94130, 
94139, 
94147, 
94155, 
94162, 
94169, 
94178, 
94186, 
94194, 
94201, 
94209, 
94217, 
94225, 
94233, 
94241, 
94247, 
94256, 
94264, 
94272, 
94280, 
94287, 
94295, 
94303, 
94311, 
94319, 
94326, 
94334, 
94342, 
94350, 
94358, 
94366, 
94373, 
94381, 
94389, 
94397, 
94404, 
94412, 
94420, 
94428, 
94436, 
94444, 
94452, 
94458, 
94467, 
94475, 
94483, 
94491, 
94498, 
94505, 
94514, 
94522, 
94530, 
94537, 
94546, 
94552, 
94560, 
94569, 
94577, 
94585, 
94592, 
94600, 
94608, 
94616, 
94624, 
94631, 
94639, 
94647, 
94654, 
94663, 
94671, 
94677, 
94686, 
94694, 
94702, 
94710, 
94718, 
94724, 
94733, 
94741, 
94749, R
94756, 
94764, S
94771, S
94780, S
94788, S
94796, 
94804, 
94811, 
94819, 
94827, 
94834, 
94843, 
94849, 
94858, 
94866, 
94874, 
94882, 
94890, 
94897, 
94904, 
94913, 
94921, 
94929, 
94935, 
94944, 
94952, 
94959, 
94968, 
94976, 
94983, 
94991, 
94999, 
95007, 
95015, 
95023, 
95030, 
95037, 
95046, 
95054, 
95061, 
95069, 
95077, 
95085, 
95093, 
95101, 
95108, 
95116, 
95124, 
95132, 
95140, 
95148, 
95155, 
95163, 
95171, 
95179, 
95187, 
95193, 
95202, 
95210, 
95218, 
95226, 
95234, 
95241, 
95249, 
95257, 
95265, 
95273, 
95281, 
95288, 
95296, 
95304, 
95312, 
95320, 
95327, 
95335, 
95343, 
95351, 
95359, 
95367, 
95373, 
95382, 
95390, 
95398, 
95406, 
95413, 
95421, 
95428, 
95436, 
95445, 
95453, 
95459, 
95468, 
95476, 
95484, 
95492, 
95499, 
95506, 
95515, 
95523, 
95530, 
95539, 
95546, 
95554, 
95566, 
95570, 
95577, 
95585, 
95593, 
95600, 
95609, 
95617, 
95625, 
95632, 
95640, 
95648, 
95656, 
95664, 
95672, 
95679, 
95687, 
95695, 
95703, 
95710, 
95718, 
95726, 
95734, 
95742, 
95750, 
95758, 
95765, 
95773, 
95781, 
95788, 
95796, 
95803, 
95811, 
95820, 
95828, 
95836, 
95844, 
95851, 
95859, 
95867, 
95875, 
95883, 
95890, 
95898, 
95906, 
95914, 
95922, 
95930, 
95937, 
95945, 
95953, 
95961, 
95969, 
95976, 
95984, 
95992, 
96000, 
96008, 
96016, 
96022, 
96031, 
96039, 
96046, 
96055, 
96062, 
96070, 
96078, 
96086, 
96094, 
96102, 
96109, 
96116, 
96124, 
96133, 
96141, 
96148, 
96155, 
96164, 
96172, 
96179, 
96187, 
96194, 
96202, 
96210, 
96218, 
96226, 
96234, 
96242, 
96250, 
96258, 
96265, 
96273, 
96281, 
96288, 
96297, 
96305, 
96313, 
96321, 
96328, 
96336, 
96343, 
96351, 
96360, 
96367, 
96375, 
96383, 
96391, 
96399, 
96407, 
96414, 
96421, 
96430, 
96438, 
96446, 
96452, 
96461, 
96468, 
96477, 
96485, 
96493, 
96499, 
96507, 
96515, 
96523, 
96531, 
96538, 
96547, 
96555, 
96563, 
96571, 
96579, 
96586, 
96594, 
96602, 
96610, 
96618, 
96625, 
96633, 
96641, 
96649, 
96657, 
96665, 
96672, 
96679, 
96688, 
96695, 
96704, 
96711, 
96718, 
96726, 
96735, 
96742, 
96750, 
96757, R
96765, S
96773, S
96781, S
96790, S
96797, 
96804, 
96813, 
96821, 
96829, 
96836, 
96844, 
96852, 
96860, 
96867, 
96875, 
96882, 
96890, 
96898, 
96907, 
96914, 
96923, 
96930, 
96937, 
96945, 
96954, 
96961, 
96969, 
96976, 
96985, 
96993, 
97001, 
97009, 
97016, 
97023, 
97032, 
97040, 
97048, 
97056, 
97063, 
97071, 
97079, 
97086, 
97095, 
97102, 
97110, 
97118, 
97126, 
97134, 
97142, 
97148, 
97157, 
97165, 
97173, 
97181, 
97189, 
97195, 
97204, 
97212, 
97219, 
97228, 
97235, 
97242, 
97250, 
97259, 
97266, 
97273, 
97281, 
97289, 
97298, 
97306, 
97314, 
97321, 
97329, 
97337, 
97345, 
97353, 
97361, 
97368, 
97376, 
97384, 
97392, 
97400, 
97407, 
97415, 
97423, 
97430, 
97438, 
97447, 
97454, 
97461, 
97470, 
97477, 
97486, 
97492, 
97501, 
97509, 
97517, 
97525, 
97533, 
97540, 
97548, 
97556, 
97564, 
97572, 
97578, 
97587, 
97595, 
97603, 
97611, 
97619, 
97626, 
97634, 
97642, 
97650, 
97658, 
97665, 
97672, 
97681, 
97689, 
97697, 
97705, 
97712, 
97720, 
97727, 
97736, 
97744, 
97752, 
97759, 
97767, 
97775, 
97783, 
97791, 
97797, 
97806, 
97814, 
97822, 
97830, 
97837, 
97845, 
97852, 
97861, 
97869, 
97876, 
97884, 
97892, 
97899, 
97907, 
97916, 
97924, 
97931, 
97939, 
97947, 
97954, 
97963, 
97970, 
97978, 
97986, 
97993, 
98002, 
98009, 
98017, 
98024, 
98032, 
98040, 
98049, 
98055, 
98064, 
98072, 
98079, 
98088, 
98096, 
98103, 
98111, 
98119, 
98126, 
98135, 
98142, 
98150, 
98158, 
98166, 
98174, 
98181, 
98189, 
98197, 
98205, 
98213, 
98221, 
98228, 
98236, 
98244, 
98252, 
98260, 
98268, 
98275, 
98283, 
98290, 
98299, 
98307, 
98314, 
98321, 
98330, 
98338, 
98346, 
98353, 
98361, 
98369, 
98377, 
98385, 
98393, 
98401, 
98407, 
98416, 
98424, 
98432, 
98439, 
98446, 
98455, 
98462, 
98471, 
98479, 
98487, 
98494, 
98501, 
98509, 
98518, 
98526, 
98533, 
98540, 
98549, 
98557, 
98565, 
98573, 
98580, 
98587, 
98596, 
98604, 
98612, 
98618, 
98626, 
98634, 
98643, 
98651, 
98659, 
98679, 
98682, 
98682, 
98690, 
98697, 
98705, 
98712, 
98720, 
98728, 
98737, 
98745, 
98752, 
98759, 
98767, 
98775, R
98783, 
98791, 
98799, S
98806, S
98815, S
98823, S
98830, 
98838, 
98846, 
98854, 
98861, 
98870, 
98877, 
98884, 
98893, 
98901, 
98908, 
98917, 
98924, 
98932, 
98939, 
98948, 
98956, 
98962, 
98971, 
98979, 
98987, 
98995, 
99003, 
99010, 
99018, 
99026, 
99034, 
99042, 
99050, 
99057, 
99065, 
99073, 
99081, 
99089, 
99096, 
99104, 
99112, 
99119, 
99127, 
99136, 
99143, 
99151, 
99159, 
99167, 
99175, 
99182, 
99190, 
99198, 
99205, 
99214, 
99222, 
99229, 
99237, 
99245, 
99252, 
99261, 
99268, 
99276, 
99284, 
99291, 
99300, 
99307, 
99314, 
99323, 
99331, 
99339, 
99347, 
99353, 
99362, 
99370, 
99377, 
99385, 
99393, 
99401, 
99409, 
99416, 
99424, 
99432, 
99439, 
99448, 
99455, 
99464, 
99472, 
99479, 
99487, 
99495, 
99503, 
99511, 
99518, 
99526, 
99533, 
99542, 
99550, 
99557, 
99565, 
99573, 
99581, 
99588, 
99597, 
99605, 
99612, 
99620, 
99628, 
99636, 
99644, 
99652, 
99659, 
99667, 
99675, 
99682, 
99690, 
99699, 
99706, 
99714, 
99722, 
99729, 
99738, 
99745, 
99753, 
99760, 
99769, 
99776, 
99785, 
99792, 
99799, 
99807, 
99816, 
99824, 
99831, 
99838, 
99847, 
99855, 
99863, 
99871, 
99878, 
99886, 
99894, 
99902, 
99910, 
99918, 
99924, 
99933, 
99940, 
99949, 
99956, 
99964, 
99972, 
99979, 
99988, 
99996, 
100004, 
100011, 
100019, 
100027, 
100035, 
100042, 
100050, 
100058, 
100066, 
100073, 
100082, 
100090, 
100097, 
100104, 
100113, 
100120, 
100129, 
100136, 
100144, 
100152, 
100160, 
100168, 
100176, 
100183, 
100191, 
100199, 
100207, 
100215, 
100222, 
100230, 
100238, 
100246, 
100254, 
100262, 
100269, 
100277, 
100284, 
100293, 
100301, 
100308, 
100316, 
100324, 
100332, 
100339, 
100348, 
100354, 
100363, 
100371, 
100379, 
100386, 
100393, 
100402, 
100410, 
100418, 
100425, 
100434, 
100441, 
100449, 
100457, 
100465, 
100473, 
100479, 
100488, 
100496, 
100504, 
100512, 
100520, 
100527, 
100535, 
100543, 
100551, 
100558, 
100567, 
100573, 
100582, 
100590, 
100598, 
100606, 
100612, 
100621, 
100628, 
100637, 
100645, 
100652, 
100660, 
100667, 
100676, 
100684, 
100692, 
100699, 
100707, 
100715, 
100723, 
100731, 
100739, 
100746, 
100754, 
100762, 
100770, 
100777, 
100784, 
100793, 
100801, R
100809, 
100817, 
100825, 
100832, S
100840, S
100848, S
100856, S
100864, 
100871, 
100879, 
100887, 
100895, 
100903, 
100911, 
100918, 
100926, 
100934, 
100942, 
100950, 
100957, 
100965, 
100973, 
100981, 
100989, 
100997, 
101004, 
101012, 
101020, 
101027, 
101036, 
101043, 
101051, 
101059, 
101067, 
101075, 
101083, 
101089, 
101098, 
101106, 
101114, 
101122, 
101129, 
101137, 
101145, 
101153, 
101161, 
101169, 
101176, 
101184, 
101192, 
101200, 
101207, 
101216, 
101223, 
101231, 
101239, 
101246, 
101254, 
101262, 
101269, 
101277, 
101286, 
101293, 
101302, 
101308, 
101316, 
101324, 
101333, 
101340, 
101348, 
101356, 
101364, 
101372, 
101380, 
101388, 
101395, 
101402, 
101411, 
101419, 
101427, 
101434, 
101441, 
101450, 
101457, 
101466, 
101473, 
101481, 
101489, 
101496, 
101505, 
101513, 
101520, 
101528, 
101536, 
101544, 
101552, 
101560, 
101567, 
101574, 
101583, 
101591, 
101599, 
101607, 
101613, 
101621, 
101630, 
101637, 
101646, 
101653, 
101661, 
101669, 
101677, 
101685, 
101693, 
101699, 
101707, 
101716, 
101724, 
101732, 
101738, 
101747, 
101754, 
101762, 
101770, 
101779, 
101786, 
101793, 
101802, 
101809, 
101818, 
101824, 
101833, 
101841, 
101849, 
101857, 
101865, 
101872, 
101880, 
101888, 
101896, 
101904, 
101910, 
101918, 
101927, 
101935, 
101943, 
101951, 
101958, 
101966, 
101974, 
101982, 
101990, 
101997, 
102005, 
102013, 
102021, 
102029, 
102037, 
102044, 
102052, 
102060, 
102068, 
102075, 
102083, 
102091, 
102099, 
102106, 
102114, 
102122, 
102130, 
102138, 
102146, 
102154, 
102162, 
102170, 
102177, 
102185, 
102193, 
102201, 
102209, 
102216, 
102224, 
102232, 
102240, 
102248, 
102255, 
102263, 
102271, 
102279, 
102287, 
102295, 
102302, 
102310, 
102318, 
102325, 
102334, 
102342, 
102349, 
102357, 
102365, 
102373, 
102381, 
102388, 
102395, 
102404, 
102412, 
102420, 
102428, 
102435, 
102442, 
102451, 
102459, 
102467, 
102473, 
102482, 
102489, 
102498, 
102506, 
102513, 
102521, 
102529, 
102537, 
102545, 
102552, 
102560, 
102568, 
102575, 
102583, 
102591, 
102600, 
102607, 
102615, 
102623, 
102631, 
102639, 
102646, 
102654, 
102662, 
102670, 
102677, 
102686, 
102693, 
102700, 
102708, 
102717, 
102725, 
102733, 
102740, 
102748, 
102756, 
102764, 
102771, 
102779, 
102787, 
102795, 
102803, 
102811, 
102818, 
102826, 
102834, R
102842, 
102850, 
102858, 
102865, S
102873, S
102881, S
102888, S
102897, 
102905, 
102912, 
102920, 
102928, 
102936, 
102944, 
102951, 
102959, 
102967, 
102974, 
102983, 
102991, 
102998, 
103006, 
103014, 
103022, 
103030, 
103037, 
103044, 
103053, 
103061, 
103069, 
103076, 
103084, 
103092, 
103100, 
103108, 
103116, 
103123, 
103130, 
103138, 
103147, 
103155, 
103162, 
103171, 
103177, 
103186, 
103194, 
103202, 
103210, 
103217, 
103225, 
103233, 
103241, 
103249, 
103256, 
103264, 
103272, 
103280, 
103288, 
103295, 
103303, 
103311, 
103319, 
103327, 
103335, 
103341, 
103350, 
103357, 
103365, 
103374, 
103381, 
103389, 
103396, 
103405, 
103413, 
103421, 
103428, 
103436, 
103444, 
103452, 
103459, 
103467, 
103474, 
103482, 
103490, 
103499, 
103507, 
103514, 
103522, 
103530, 
103538, 
103545, 
103554, 
103560, 
103568, 
103576, 
103584, 
103593, 
103601, 
103608, 
103616, 
103624, 
103632, 
103640, 
103647, 
103654, 
103663, 
103671, 
103679, 
103686, 
103694, 
103702, 
103709, 
103717, 
103726, 
103733, 
103741, 
103748, 
103757, 
103765, 
103772, 
103780, 
103788, 
103796, 
103804, 
103812, 
103819, 
103827, 
103835, 
103842, 
103851, 
103858, 
103866, 
103874, 
103882, 
103889, 
103898, 
103905, 
103912, 
103921, 
103928, 
103937, 
103944, 
103952, 
103960, 
103968, 
103975, 
103984, 
103990, 
103999, 
104007, 
104015, 
104022, 
104031, 
104037, 
104045, 
104054, 
104062, 
104070, 
104076, 
104085, 
104093, 
104101, 
104109, 
104117, 
104124, 
104132, 
104140, 
104148, 
104156, 
104163, 
104171, 
104178, 
104187, 
104195, 
104203, 
104209, 
104218, 
104225, 
104234, 
104242, 
104250, 
104257, 
104265, 
104273, 
104281, 
104289, 
104296, 
104303, 
104311, 
104320, 
104328, 
104336, 
104343, 
104351, 
104359, 
104367, 
104375, 
104382, 
104389, 
104398, 
104406, 
104413, 
104422, 
104429, 
104437, 
104445, 
104453, 
104461, 
104468, 
104476, 
104484, 
104491, 
104500, 
104508, 
104515, 
104523, 
104530, 
104539, 
104547, 
104553, 
104561, 
104569, 
104578, 
104585, 
104593, 
104601, 
104608, 
104616, 
104625, 
104633, 
104639, 
104648, 
104656, 
104664, 
104672, 
104680, 
104687, 
104695, 
104703, 
104710, 
104719, 
104725, 
104734, 
104741, 
104750, 
104757, 
104765, 
104773, 
104781, 
104788, 
104796, 
104805, 
104813, 
104820, 
104827, 
104836, R
104844, 
104851, 
104858, 
104867, S
104875, S
104883, S
104891, S
104898, 
104906, 
104914, 
104922, 
104929, 
104938, 
104945, 
104953, 
104961, 
104969, 
104976, 
104984, 
104992, 
105000, 
105008, 
105016, 
105024, 
105030, 
105039, 
105047, 
105055, 
105063, 
105071, 
105078, 
105086, 
105094, 
105101, 
105122, 
105125, 
105125, 
105132, 
105141, 
105148, 
105157, 
105164, 
105172, 
105179, 
105188, 
105196, 
105203, 
105210, 
105220, 
105227, 
105234, 
105242, 
105250, 
105258, 
105266, 
105274, 
105282, 
105290, 
105297, 
105304, 
105313, 
105321, 
105328, 
105336, 
105344, 
105351, 
105359, 
105368, 
105376, 
105383, 
105390, 
105399, 
105407, 
105415, 
105421, 
105430, 
105438, 
105445, 
105453, 
105462, 
105469, 
105476, 
105484, 
105492, 
105501, 
105508, 
105516, 
105524, 
105532, 
105540, 
105548, 
105554, 
105563, 
105571, 
105579, 
105586, 
105594, 
105602, 
105609, 
105618, 
105626, 
105634, 
105641, 
105649, 
105656, 
105665, 
105673, 
105680, 
105688, 
105696, 
105704, 
105712, 
105720, 
105726, 
105735, 
105742, 
105751, 
105759, 
105767, 
105774, 
105782, 
105790, 
105798, 
105806, 
105813, 
105821, 
105829, 
105836, 
105845, 
105852, 
105859, 
105868, 
105876, 
105884, 
105892, 
105899, 
105907, 
105915, 
105923, 
105931, 
105939, 
105946, 
105953, 
105962, 
105970, 
105978, 
105985, 
105993, 
106001, 
106009, 
106017, 
106025, 
106032, 
106040, 
106048, 
106056, 
106064, 
106071, 
106078, 
106087, 
106095, 
106103, 
106111, 
106118, 
106126, 
106134, 
106142, 
106150, 
106158, 
106165, 
106173, 
106181, 
106189, 
106197, 
106204, 
106212, 
106220, 
106227, 
106236, 
106243, 
106251, 
106259, 
106267, 
106275, 
106283, 
106289, 
106298, 
106305, 
106313, 
106322, 
106330, 
106337, 
106345, 
106352, 
106360, 
106369, 
106376, 
106384, 
106391, 
106400, 
106407, 
106415, 
106423, 
106430, 
106439, 
106447, 
106454, 
106461, 
106470, 
106477, 
106486, 
106494, 
106502, 
106509, 
106517, 
106524, 
106533, 
106541, 
106548, 
106555, 
106564, 
106571, 
106580, 
106588, 
106595, 
106603, 
106610, 
106619, 
106627, 
106633, 
106642, 
106650, 
106658, 
106665, 
106674, 
106681, 
106689, 
106697, 
106705, 
106713, 
106720, 
106727, 
106735, 
106743, 
106751, 
106760, 
106767, 
106774, 
106783, 
106790, 
106799, 
106806, 
106814, 
106821, 
106829, 
106837, 
106845, R
106852, 
106860, 
106869, S
106877, S
106885, S
106893, S
106900, 
106908, 
106916, 
106924, 
106932, 
106939, 
106947, 
106955, 
106963, 
106971, 
106979, 
106986, 
106994, 
107002, 
107010, 
107018, 
107025, 
107033, 
107041, 
107049, 
107057, 
107065, 
107072, 
107080, 
107088, 
107096, 
107104, 
107111, 
107119, 
107127, 
107135, 
107143, 
107151, 
107158, 
107166, 
107174, 
107182, 
107190, 
107197, 
107205, 
107213, 
107221, 
107229, 
107237, 
107244, 
107252, 
107260, 
107268, 
107276, 
107284, 
107291, 
107299, 
107307, 
107315, 
107323, 
107330, 
107338, 
107346, 
107354, 
107362, 
107370, 
107377, 
107385, 
107393, 
107401, 
107409, 
107416, 
107424, 
107432, 
107440, 
107448, 
107456, 
107463, 
107471, 
107479, 
107487, 
107495, 
107502, 
107510, 
107518, 
107526, 
107534, 
107542, 
107549, 
107557, 
107565, 
107573, 
107581, 
107588, 
107596, 
107604, 
107612, 
107620, 
107628, 
107635, 
107643, 
107651, 
107659, 
107667, 
107674, 
107682, 
107690, 
107698, 
107706, 
107714, 
107721, 
107729, 
107737, 
107745, 
107753, 
107760, 
107768, 
107776, 
107784, 
107792, 
107800, 
107807, 
107815, 
107823, 
107831, 
107839, 
107846, 
107854, 
107862, 
107870, 
107878, 
107886, 
107893, 
107901, 
107909, 
107917, 
107925, 
107933, 
107940, 
107948, 
107956, 
107964, 
107972, 
107979, 
107987, 
107995, 
108003, 
108011, 
108019, 
108026, 
108034, 
108042, 
108050, 
108058, 
108065, 
108073, 
108081, 
108089, 
108097, 
108105, 
108112, 
108120, 
108128, 
108136, 
108144, 
108151, 
108159, 
108167, 
108175, 
108183, 
108191, 
108198, 
108206, 
108214, 
108222, 
108230, 
108237, 
108245, 
108253, 
108261, 
108269, 
108277, 
108284, 
108292, 
108300, 
108308, 
108316, 
108323, 
108331, 
108339, 
108347, 
108355, 
108363, 
108370, 
108378, 
108386, 
108394, 
108402, 
108409, 
108417, 
108425, 
108433, 
108441, 
108449, 
108456, 
108464, 
108472, 
108480, 
108488, 
108496, 
108503, 
108511, 
108519, 
108527, 
108535, 
108542, 
108550, 
108558, 
108566, 
108574, 
108582, 
108589, 
108597, 
108605, 
108613, 
108621, 
108628, 
108636, 
108644, 
108652, 
108660, 
108668, 
108675, 
108683, 
108691, 
108699, 
108707, 
108714, 
108722, 
108730, 
108738, 
108746, 
108754, 
108761, 
108769, 
108777, 
108785, 
108793, 
108800, 
108808, 
108816, 
108824, 
108832, 
108840, 
108847, 
108855, 
108863, R
108871, S
108879, S
108886, S
108894, S
108902, 
108910, 
108918, 
108926, 
108934, 
108941, 
108949, 
108957, 
108965, 
108972, 
108979, 
108988, 
108996, 
109004, 
109012, 
109019, 
109027, 
109035, 
109043, 
109051, 
109058, 
109066, 
109074, 
109082, 
109090, 
109098, 
109105, 
109113, 
109121, 
109129, 
109136, 
109145, 
109152, 
109160, 
109168, 
109176, 
109184, 
109191, 
109199, 
109207, 
109215, 
109223, 
109231, 
109238, 
109246, 
109254, 
109262, 
109270, 
109277, 
109285, 
109293, 
109319, 
109321, 
109321, 
109323, 
109332, 
109340, 
109348, 
109356, 
109363, 
109371, 
109379, 
109387, 
109395, 
109403, 
109410, 
109418, 
109425, 
109434, 
109442, 
109449, 
109457, 
109465, 
109473, 
109481, 
109489, 
109496, 
109504, 
109512, 
109519, 
109528, 
109536, 
109543, 
109551, 
109559, 
109567, 
109575, 
109582, 
109590, 
109598, 
109605, 
109614, 
109622, 
109629, 
109637, 
109645, 
109653, 
109661, 
109668, 
109676, 
109684, 
109692, 
109700, 
109708, 
109715, 
109723, 
109731, 
109739, 
109747, 
109754, 
109762, 
109770, 
109778, 
109786, 
109794, 
109801, 
109809, 
109817, 
109825, 
109833, 
109840, 
109848, 
109856, 
109864, 
109872, 
109880, 
109887, 
109895, 
109903, 
109911, 
109919, 
109926, 
109934, 
109941, 
109950, 
109958, 
109966, 
109973, 
109981, 
109989, 
109997, 
110005, 
110012, 
110020, 
110028, 
110036, 
110044, 
110052, 
110059, 
110067, 
110075, 
110083, 
110091, 
110099, 
110106, 
110114, 
110122, 
110130, 
110138, 
110145, 
110152, 
110161, 
110169, 
110177, 
110185, 
110192, 
110199, 
110208, 
110216, 
110224, 
110231, 
110239, 
110247, 
110255, 
110263, 
110271, 
110278, 
110286, 
110294, 
110302, 
110310, 
110317, 
110325, 
110333, 
110341, 
110349, 
110357, 
110364, 
110372, 
110380, 
110388, 
110396, 
110402, 
110411, 
110419, 
110427, 
110435, 
110443, 
110450, 
110458, 
110466, 
110474, 
110482, 
110490, 
110497, 
110505, 
110513, 
110521, 
110528, 
110536, 
110543, 
110552, 
110560, 
110568, 
110574, 
110583, 
110591, 
110599, 
110607, 
110615, 
110622, 
110630, 
110638, 
110645, 
110654, 
110662, 
110669, 
110677, 
110685, 
110693, 
110701, 
110708, 
110716, 
110724, 
110732, 
110740, 
110748, 
110755, 
110763, 
110771, 
110779, 
110787, 
110793, 
110802, 
110810, 
110818, 
110826, 
110834, 
110841, 
110849, 
110857, 
110865, 
110873, 
110880, 
110888, R
110896, 
110904, S
110912, S
110920, S
110927, S
110935, 
110943, 
110951, 
110959, 
110966, 
110974, 
110982, 
110990, 
110998, 
111006, 
111013, 
111021, 
111029, 
111037, 
111045, 
111052, 
111060, 
111068, 
111076, 
111084, 
111092, 
111099, 
111107, 
111115, 
111123, 
111131, 
111139, 
111146, 
111154, 
111162, 
111170, 
111178, 
111185, 
111193, 
111201, 
111208, 
111216, 
111224, 
111232, 
111240, 
111248, 
111256, 
111264, 
111270, 
111279, 
111287, 
111295, 
111303, 
111311, 
111318, 
111325, 
111333, 
111342, 
111350, 
111357, 
111365, 
111373, 
111381, 
111389, 
111397, 
111403, 
111412, 
111420, 
111428, 
111436, 
111442, 
111450, 
111458, 
111467, 
111475, 
111483, 
111490, 
111498, 
111506, 
111514, 
111522, 
111530, 
111537, 
111545, 
111553, 
111561, 
111569, 
111576, 
111584, 
111592, 
111600, 
111608, 
111616, 
111623, 
111631, 
111639, 
111647, 
111655, 
111662, 
111670, 
111678, 
111686, 
111694, 
111702, 
111708, 
111717, 
111725, 
111733, 
111741, 
111748, 
111756, 
111764, 
111772, 
111780, 
111788, 
111795, 
111803, 
111811, 
111819, 
111827, 
111834, 
111842, 
111850, 
111858, 
111866, 
111874, 
111881, 
111889, 
111897, 
111905, 
111912, 
111920, 
111928, 
111936, 
111944, 
111952, 
111959, 
111967, 
111975, 
111983, 
111991, 
111999, 
112006, 
112014, 
112022, 
112030, 
112038, 
112045, 
112053, 
112060, 
112069, 
112077, 
112085, 
112093, 
112100, 
112108, 
112116, 
112124, 
112132, 
112139, 
112147, 
112155, 
112163, 
112171, 
112179, 
112186, 
112194, 
112202, 
112210, 
112218, 
112225, 
112233, 
112241, 
112249, 
112257, 
112265, 
112272, 
112280, 
112288, 
112296, 
112304, 
112311, 
112319, 
112327, 
112335, 
112343, 
112351, 
112358, 
112366, 
112374, 
112382, 
112390, 
112397, 
112405, 
112413, 
112421, 
112429, 
112437, 
112444, 
112452, 
112460, 
112468, 
112476, 
112483, 
112491, 
112499, 
112507, 
112515, 
112523, 
112530, 
112538, 
112546, 
112554, 
112561, 
112569, 
112577, 
112585, 
112593, 
112601, 
112609, 
112616, 
112624, 
112632, 
112640, 
112648, 
112655, 
112663, 
112671, 
112678, 
112687, 
112694, 
112702, 
112709, 
112718, 
112726, 
112734, 
112742, 
112749, 
112757, 
112765, 
112773, 
112781, 
112788, 
112796, 
112804, 
112812, 
112820, 
112827, 
112835, 
112843, 
112851, 
112859, 
112867, 
112874, 
112882, 
112890, 
112898, 
112906, 
112913, 
112921, R
112929, 
112937, S
112945, S
112953, S
112960, S
112968, 
112976, 
112984, 
112992, 
113000, 
113007, 
113015, 
113023, 
113031, 
113039, 
113046, 
113054, 
113062, 
113070, 
113078, 
113086, 
113093, 
113101, 
113109, 
113117, 
113125, 
113132, 
113140, 
113148, 
113156, 
113164, 
113172, 
113179, 
113187, 
113195, 
113202, 
113211, 
113218, 
113226, 
113234, 
113242, 
113250, 
113257, 
113265, 
113273, 
113281, 
113313, 
113314, 
113314, 
113314, 
113320, 
113328, 
113336, 
113344, 
113351, 
113359, 
113367, 
113375, 
113383, 
113391, 
113398, 
113406, 
113414, 
113422, 
113430, 
113437, 
113444, 
113453, 
113461, 
113469, 
113477, 
113484, 
113492, 
113499, 
113507, 
113516, 
113522, 
113531, 
113538, 
113547, 
113555, 
113563, 
113570, 
113578, 
113586, 
113594, 
113602, 
113609, 
113617, 
113625, 
113633, 
113641, 
113649, 
113656, 
113664, 
113672, 
113680, 
113688, 
113695, 
113703, 
113711, 
113719, 
113727, 
113735, 
113742, 
113750, 
113757, 
113766, 
113774, 
113782, 
113789, 
113797, 
113805, 
113813, 
113821, 
113828, 
113836, 
113844, 
113852, 
113860, 
113868, 
113874, 
113883, 
113891, 
113899, 
113907, 
113914, 
113922, 
113930, 
113938, 
113946, 
113954, 
113961, 
113968, 
113977, 
113985, 
113993, 
114000, 
114008, 
114016, 
114024, 
114032, 
114040, 
114047, 
114055, 
114063, 
114071, 
114079, 
114086, 
114094, 
114102, 
114110, 
114118, 
114126, 
114133, 
114141, 
114149, 
114157, 
114165, 
114173, 
114179, 
114188, 
114196, 
114204, 
114212, 
114219, 
114227, 
114235, 
114243, 
114251, 
114258, 
114266, 
114273, 
114282, 
114289, 
114297, 
114305, 
114312, 
114320, 
114328, 
114336, 
114344, 
114352, 
114360, 
114367, 
114375, 
114383, 
114391, 
114399, 
114407, 
114415, 
114423, 
114430, 
114438, 
114446, 
114454, 
114461, 
114470, 
114477, 
114485, 
114493, 
114501, 
114509, 
114517, 
114524, 
114532, 
114540, 
114548, 
114556, 
114563, 
114571, 
114579, 
114587, 
114595, 
114603, 
114610, 
114618, 
114626, 
114634, 
114642, 
114649, 
114657, 
114665, 
114673, 
114680, 
114689, 
114696, 
114704, 
114712, 
114720, 
114728, 
114735, 
114743, 
114751, 
114759, 
114767, 
114775, 
114782, 
114790, 
114798, 
114806, 
114814, 
114821, 
114829, 
114837, 
114845, 
114853, 
114861, 
114868, 
114876, 
114884, 
114892, 
114900, 
114907, 
114915, 
114923, R
114931, 
114938, S
114947, S
114954, S
114962, S
114970, 
114977, 
114986, 
114994, 
115001, 
115009, 
115017, 
115025, 
115033, 
115040, 
115048, 
115056, 
115064, 
115072, 
115080, 
115087, 
115095, 
115103, 
115111, 
115119, 
115126, 
115134, 
115141, 
115150, 
115158, 
115166, 
115173, 
115181, 
115189, 
115196, 
115204, 
115212, 
115220, 
115228, 
115236, 
115244, 
115251, 
115259, 
115267, 
115274, 
115282, 
115290, 
115297, 
115306, 
115313, 
115321, 
115329, 
115338, 
115344, 
115353, 
115360, 
115368, 
115376, 
115384, 
115391, 
115400, 
115407, 
115416, 
115424, 
115431, 
115439, 
115447, 
115455, 
115463, 
115471, 
115478, 
115486, 
115494, 
115501, 
115510, 
115517, 
115524, 
115533, 
115540, 
115549, 
115557, 
115564, 
115572, 
115580, 
115588, 
115596, 
115603, 
115611, 
115619, 
115627, 
115635, 
115643, 
115650, 
115658, 
115666, 
115674, 
115682, 
115689, 
115696, 
115705, 
115713, 
115721, 
115729, 
115736, 
115744, 
115752, 
115760, 
115768, 
115775, 
115783, 
115790, 
115799, 
115807, 
115815, 
115822, 
115830, 
115838, 
115846, 
115854, 
115861, 
115869, 
115877, 
115885, 
115893, 
115901, 
115908, 
115916, 
115924, 
115932, 
115940, 
115947, 
115955, 
115963, 
115971, 
115979, 
115987, 
115994, 
116002, 
116010, 
116018, 
116026, 
116034, 
116041, 
116049, 
116057, 
116065, 
116073, 
116080, 
116088, 
116096, 
116104, 
116112, 
116120, 
116127, 
116135, 
116143, 
116151, 
116159, 
116166, 
116174, 
116181, 
116190, 
116198, 
116206, 
116212, 
116221, 
116229, 
116237, 
116245, 
116252, 
116260, 
116268, 
116276, 
116284, 
116292, 
116299, 
116307, 
116315, 
116323, 
116331, 
116338, 
116346, 
116354, 
116361, 
116370, 
116378, 
116385, 
116392, 
116401, 
116409, 
116417, 
116424, 
116432, 
116440, 
116448, 
116456, 
116464, 
116471, 
116479, 
116487, 
116495, 
116503, 
116511, 
116518, 
116526, 
116534, 
116541, 
116550, 
116556, 
116565, 
116573, 
116580, 
116589, 
116597, 
116604, 
116612, 
116620, 
116628, 
116636, 
116643, 
116651, 
116659, 
116667, 
116675, 
116683, 
116690, 
116698, 
116706, 
116714, 
116722, 
116729, 
116737, 
116745, 
116753, 
116761, 
116769, 
116776, 
116784, 
116792, 
116800, 
116808, 
116815, 
116823, 
116831, 
116839, 
116847, 
116855, 
116862, 
116870, 
116878, 
116886, 
116894, 
116901, 
116909, 
116917, 
116925, 
116932, R
116940, S
116948, S
116955, S
116963, S
116971, 
116979, 
116987, 
116994, 
117002, 
117010, 
117019, 
117026, 
117034, 
117042, 
117050, 
117058, 
117066, 
117074, 
117080, 
117089, 
117096, 
117105, 
117113, 
117120, 
117128, 
117136, 
117144, 
117152, 
117160, 
117167, 
117175, 
117182, 
117190, 
117199, 
117206, 
117214, 
117222, 
117230, 
117238, 
117246, 
117253, 
117261, 
117269, 
117276, 
117285, 
117292, 
117300, 
117308, 
117316, 
117324, 
117332, 
117339, 
117347, 
117355, 
117363, 
117371, 
117378, 
117386, 
117393, 
117402, 
117409, 
117418, 
117425, 
117433, 
117441, 
117449, 
117457, 
117465, 
117472, 
117480, 
117488, 
117496, 
117504, 
117511, 
117519, 
117527, 
117535, 
117543, 
117551, 
117558, 
117566, 
117574, 
117582, 
117590, 
117597, 
117605, 
117613, 
117621, 
117629, 
117637, 
117644, 
117652, 
117660, 
117668, 
117676, 
117683, 
117691, 
117699, 
117706, 
117715, 
117723, 
117729, 
117738, 
117746, 
117754, 
117762, 
117769, 
117777, 
117785, 
117793, 
117801, 
117809, 
117816, 
117824, 
117832, 
117840, 
117847, 
117855, 
117863, 
117871, 
117878, 
117887, 
117894, 
117902, 
117909, 
117918, 
117926, 
117934, 
117941, 
117949, 
117957, 
117965, 
117973, 
117981, 
117988, 
117996, 
118004, 
118012, 
118020, 
118028, 
118035, 
118043, 
118051, 
118059, 
118067, 
118074, 
118082, 
118090, 
118098, 
118105, 
118114, 
118121, 
118129, 
118137, 
118145, 
118153, 
118160, 
118168, 
118176, 
118184, 
118192, 
118200, 
118207, 
118215, 
118223, 
118231, 
118239, 
118246, 
118254, 
118262, 
118270, 
118278, 
118286, 
118293, 
118301, 
118309, 
118317, 
118325, 
118332, 
118340, 
118348, 
118356, 
118364, 
118372, 
118379, 
118387, 
118395, 
118403, 
118410, 
118419, 
118426, 
118434, 
118442, 
118450, 
118458, 
118465, 
118473, 
118481, 
118489, 
118497, 
118505, 
118511, 
118520, 
118528, 
118536, 
118544, 
118551, 
118559, 
118567, 
118575, 
118583, 
118591, 
118597, 
118606, 
118615, 
118622, 
118630, 
118637, 
118645, 
118653, 
118661, 
118669, 
118677, 
118684, 
118692, 
118700, 
118708, 
118716, 
118723, 
118731, 
118739, 
118747, 
118755, 
118763, 
118770, 
118778, 
118786, 
118794, 
118802, 
118810, 
118817, 
118825, 
118833, 
118841, 
118848, 
118856, 
118864, 
118872, 
118880, 
118888, 
118894, 
118903, 
118911, 
118919, 
118927, 
118935, 
118942, 
118950, R
118958, 
118966, 
118974, S
118982, S
118989, S
118997, S
119005, 
119013, 
119021, 
119028, 
119036, 
119044, 
119052, 
119059, 
119068, 
119075, 
119083, 
119091, 
119099, 
119107, 
119114, 
119122, 
119130, 
119138, 
119145, 
119154, 
119161, 
119169, 
119177, 
119185, 
119193, 
119200, 
119208, 
119216, 
119224, 
119232, 
119240, 
119247, 
119255, 
119263, 
119271, 
119279, 
119286, 
119294, 
119302, 
119309, 
119318, 
119326, 
119333, 
119341, 
119349, 
119357, 
119365, 
119371, 
119380, 
119388, 
119396, 
119404, 
119412, 
119419, 
119427, 
119435, 
119443, 
119451, 
119458, 
119466, 
119474, 
119482, 
119490, 
119498, 
119505, 
119513, 
119521, 
119529, 
119537, 
119544, 
119552, 
119560, 
119568, 
119576, 
119584, 
119590, 
119599, 
119607, 
119615, 
119623, 
119631, 
119638, 
119646, 
119654, 
119662, 
119670, 
119677, 
119685, 
119693, 
119701, 
119709, 
119717, 
119724, 
119731, 
119740, 
119748, 
119755, 
119763, 
119771, 
119779, 
119787, 
119795, 
119803, 
119810, 
119818, 
119826, 
119834, 
119842, 
119849, 
119857, 
119865, 
119873, 
119881, 
119889, 
119896, 
119904, 
119912, 
119920, 
119928, 
119935, 
119943, 
119951, 
119959, 
119966, 
119975, 
119982, 
119990, 
119998, 
120006, 
120014, 
120020, 
120029, 
120036, 
120045, 
120053, 
120061, 
120068, 
120076, 
120084, 
120092, 
120100, 
120107, 
120115, 
120122, 
120131, 
120139, 
120147, 
120154, 
120162, 
120170, 
120178, 
120186, 
120194, 
120201, 
120209, 
120217, 
120225, 
120233, 
120240, 
120248, 
120256, 
120264, 
120272, 
120280, 
120287, 
120295, 
120303, 
120311, 
120319, 
120326, 
120334, 
120342, 
120350, 
120357, 
120366, 
120373, 
120381, 
120389, 
120397, 
120405, 
120412, 
120420, 
120428, 
120436, 
120444, 
120452, 
120459, 
120467, 
120475, 
120483, 
120491, 
120499, 
120506, 
120514, 
120522, 
120530, 
120538, 
120545, 
120552, 
120560, 
120568, 
120577, 
120585, 
120591, 
120599, 
120607, 
120616, 
120624, 
120630, 
120639, 
120647, 
120655, 
120663, 
120671, 
120677, 
120686, 
120694, 
120702, 
120710, 
120717, 
120724, 
120733, 
120741, 
120749, 
120757, 
120764, 
120771, 
120780, 
120788, 
120796, 
120802, 
120810, 
120819, 
120827, 
120835, 
120842, 
120850, 
120858, 
120866, 
120874, 
120882, 
120889, 
120897, 
120905, 
120913, 
120921, 
120929, 
120936, 
120944, 
120952, 
120959, 
120967, 
120974, R
120983, 
120991, 
120999, 
121006, S
121014, S
121022, S
121030, S
121037, 
121045, 
121053, 
121061, 
121069, 
121077, 
121085, 
121093, 
121101, 
121108, 
121116, 
121124, 
121132, 
121140, 
121148, 
121154, 
121163, 
121171, 
121179, 
121187, 
121194, 
121202, 
121209, 
121218, 
121225, 
121234, 
121241, 
121249, 
121257, 
121265, 
121273, 
121280, 
121288, 
121296, 
121304, 
121312, 
121320, 
121327, 
121335, 
121343, 
121351, 
121359, 
121366, 
121374, 
121382, 
121390, 
121398, 
121406, 
121413, 
121421, 
121429, 
121436, 
121445, 
121452, 
121460, 
121467, 
121480, 
121483, 
121492, 
121499, 
121507, 
121515, 
121523, 
121531, 
121538, 
121546, 
121554, 
121562, 
121570, 
121578, 
121585, 
121593, 
121601, 
121609, 
121617, 
121625, 
121632, 
121640, 
121648, 
121656, 
121664, 
121671, 
121678, 
121687, 
121695, 
121703, 
121711, 
121718, 
121726, 
121734, 
121742, 
121750, 
121757, 
121765, 
121773, 
121781, 
121789, 
121797, 
121804, 
121812, 
121820, 
121828, 
121836, 
121843, 
121851, 
121859, 
121867, 
121875, 
121883, 
121890, 
121898, 
121906, 
121914, 
121922, 
121929, 
121937, 
121944, 
121953, 
121961, 
121968, 
121976, 
121984, 
121992, 
122000, 
122008, 
122015, 
122023, 
122031, 
122038, 
122047, 
122055, 
122062, 
122070, 
122078, 
122086, 
122094, 
122101, 
122109, 
122117, 
122125, 
122133, 
122141, 
122148, 
122156, 
122163, 
122171, 
122180, 
122188, 
122194, 
122203, 
122211, 
122219, 
122227, 
122234, 
122242, 
122249, 
122258, 
122266, 
122274, 
122281, 
122289, 
122297, 
122305, 
122313, 
122320, 
122328, 
122336, 
122344, 
122352, 
122360, 
122367, 
122374, 
122383, 
122391, 
122399, 
122406, 
122414, 
122422, 
122430, 
122438, 
122446, 
122453, 
122461, 
122469, 
122476, 
122485, 
122492, 
122500, 
122508, 
122516, 
122524, 
122532, 
122539, 
122547, 
122555, 
122563, 
122571, 
122578, 
122586, 
122594, 
122602, 
122610, 
122618, 
122625, 
122633, 
122641, 
122649, 
122657, 
122664, 
122672, 
122680, 
122688, 
122696, 
122704, 
122711, 
122719, 
122727, 
122735, 
122743, 
122751, 
122758, 
122766, 
122774, 
122782, 
122790, 
122797, 
122805, 
122813, 
122821, 
122829, 
122837, 
122844, 
122852, 
122860, 
122868, 
122876, 
122883, 
122891, 
122899, 
122906, 
122915, 
122923, 
122930, 
122938, 
122946, 
122954, 
122962, 
122969, 
122977, 
122985, 
122993, 
123001, 
123009, R
123016, 
123024, 
123032, 
123040, S
123048, S
123055, S
123062, S
123071, 
123079, 
123087, 
123095, 
123102, 
123110, 
123118, 
123126, 
123134, 
123141, 
123149, 
123157, 
123165, 
123173, 
123181, 
123188, 
123196, 
123203, 
123212, 
123219, 
123228, 
123235, 
123243, 
123251, 
123259, 
123267, 
123274, 
123282, 
123290, 
123298, 
123306, 
123314, 
123321, 
123329, 
123337, 
123345, 
123353, 
123360, 
123368, 
123376, 
123384, 
123392, 
123400, 
123407, 
123415, 
123423, 
123431, 
123439, 
123445, 
123454, 
123462, 
123470, 
123477, 
123486, 
123493, 
123501, 
123509, 
123516, 
123525, 
123532, 
123540, 
123547, 
123556, 
123563, 
123572, 
123579, 
123587, 
123595, 
123603, 
123610, 
123618, 
123626, 
123635, 
123642, 
123650, 
123658, 
123665, 
123673, 
123681, 
123689, 
123697, 
123704, 
123712, 
123720, 
123728, 
123736, 
123744, 
123751, 
123759, 
123767, 
123775, 
123783, 
123790, 
123798, 
123806, 
123814, 
123822, 
123830, 
123837, 
123845, 
123853, 
123861, 
123869, 
123877, 
123884, 
123892, 
123900, 
123908, 
123915, 
123923, 
123931, 
123939, 
123946, 
123955, 
123963, 
123970, 
123978, 
123986, 
123994, 
124002, 
124009, 
124017, 
124025, 
124033, 
124041, 
124049, 
124056, 
124064, 
124072, 
124080, 
124088, 
124095, 
124103, 
124111, 
124119, 
124127, 
124135, 
124141, 
124150, 
124158, 
124166, 
124174, 
124181, 
124189, 
124197, 
124205, 
124213, 
124221, 
124227, 
124236, 
124244, 
124252, 
124259, 
124268, 
124275, 
124283, 
124291, 
124299, 
124307, 
124314, 
124322, 
124330, 
124338, 
124346, 
124354, 
124361, 
124369, 
124377, 
124385, 
124393, 
124400, 
124408, 
124416, 
124423, 
124432, 
124440, 
124446, 
124455, 
124463, 
124471, 
124479, 
124486, 
124494, 
124501, 
124510, 
124518, 
124525, 
124532, 
124540, 
124549, 
124556, 
124565, 
124571, 
124579, 
124588, 
124596, 
124604, 
124612, 
124619, 
124627, 
124635, 
124643, 
124651, 
124658, 
124666, 
124674, 
124682, 
124690, 
124698, 
124705, 
124713, 
124721, 
124729, 
124736, 
124744, 
124752, 
124759, 
124768, 
124775, 
124784, 
124791, 
124799, 
124807, 
124815, 
124823, 
124831, 
124838, 
124845, 
124854, 
124862, 
124870, 
124877, 
124884, 
124893, 
124901, 
124908, 
124916, 
124924, 
124932, 
124939, 
124948, 
124956, 
124963, 
124971, 
124979, 
124987, 
124995, 
125003, 
125010, R
125018, 
125026, 
125034, 
125042, S
125049, S
125057, S
125064, S
125073, 
125081, 
125089, 
125096, 
125104, 
125112, 
125120, 
125128, 
125135, 
125143, 
125151, 
125159, 
125167, 
125175, 
125182, 
125190, 
125198, 
125206, 
125214, 
125222, 
125229, 
125237, 
125245, 
125253, 
125261, 
125268, 
125276, 
125284, 
125292, 
125300, 
125307, 
125315, 
125322, 
125331, 
125339, 
125347, 
125353, 
125362, 
125370, 
125378, 
125386, 
125393, 
125401, 
125409, 
125417, 
125425, 
125433, 
125440, 
125448, 
125456, 
125464, 
125472, 
125480, 
125487, 
125495, 
125503, 
125511, 
125519, 
125526, 
125534, 
125542, 
125550, 
125558, 
125566, 
125573, 
125581, 
125589, 
125597, 
125605, 
125611, 
125620, 
125628, 
125636, 
125644, 
125652, 
125659, 
125667, 
125675, 
125683, 
125691, 
125698, 
125706, 
125714, 
125722, 
125730, 
125738, 
125745, 
125753, 
125761, 
125769, 
125777, 
125785, 
125792, 
125800, 
125808, 
125816, 
125824, 
125831, 
125839, 
125847, 
125855, 
125863, 
125871, 
125878, 
125886, 
125894, 
125902, 
125910, 
125917, 
125925, 
125933, 
125941, 
125949, 
125957, 
125964, 
125972, 
125980, 
125988, 
125996, 
126003, 
126011, 
126019, 
126027, 
126035, 
126042, 
126050, 
126058, 
126066, 
126074, 
126082, 
126089, 
126097, 
126105, 
126113, 
126121, 
126129, 
126135, 
126143, 
126152, 
126160, 
126168, 
126175, 
126183, 
126191, 
126199, 
126207, 
126215, 
126222, 
126230, 
126238, 
126246, 
126254, 
126261, 
126269, 
126277, 
126285, 
126293, 
126301, 
126308, 
126316, 
126324, 
126332, 
126340, 
126348, 
126355, 
126363, 
126371, 
126379, 
126387, 
126394, 
126402, 
126410, 
126418, 
126426, 
126432, 
126441, 
126449, 
126457, 
126465, 
126473, 
126480, 
126488, 
126495, 
126504, 
126512, 
126520, 
126527, 
126535, 
126543, 
126551, 
126559, 
126566, 
126574, 
126582, 
126590, 
126598, 
126606, 
126613, 
126621, 
126629, 
126637, 
126645, 
126652, 
126660, 
126668, 
126676, 
126684, 
126692, 
126699, 
126707, 
126715, 
126723, 
126731, 
126738, 
126746, 
126754, 
126762, 
126770, 
126778, 
126785, 
126793, 
126801, 
126809, 
126817, 
126824, 
126832, 
126840, 
126848, 
126856, 
126864, 
126871, 
126879, 
126887, 
126895, 
126903, 
126910, 
126917, 
126926, 
126934, 
126942, 
126950, 
126957, 
126964, 
126973, 
126981, 
126989, 
126997, 
127004, 
127012, 
127020, R
127028, 
127036, 
127043, S
127051, S
127059, S
127067, S
127075, 
127083, 
127090, 
127098, 
127106, 
127114, 
127122, 
127129, 
127137, 
127145, 
127153, 
127160, 
127168, 
127176, 
127183, 
127191, 
127199, 
127207, 
127214, 
127223, 
127231, 
127238, 
127246, 
127255, 
127261, 
127270, 
127278, 
127286, 
127294, 
127301, 
127308, 
127316, 
127324, 
127333, 
127340, 
127348, 
127356, 
127364, 
127372, 
127379, 
127387, 
127395, 
127403, 
127411, 
127419, 
127427, 
127434, 
127442, 
127450, 
127458, 
127466, 
127473, 
127481, 
127489, 
127497, 
127505, 
127513, 
127520, 
127528, 
127536, 
127543, 
127552, 
127560, 
127567, 
127575, 
127583, 
127591, 
127599, 
127606, 
127614, 
127622, 
127630, 
127638, 
127645, 
127653, 
127661, 
127669, 
127677, 
127685, 
127692, 
127700, 
127708, 
127716, 
127724, 
127732, 
127739, 
127747, 
127755, 
127763, 
127771, 
127777, 
127786, 
127794, 
127802, 
127810, 
127818, 
127825, 
127833, 
127841, 
127849, 
127857, 
127864, 
127872, 
127880, 
127888, 
127896, 
127904, 
127911, 
127919, 
127927, 
127935, 
127943, 
127950, 
127957, 
127966, 
127974, 
127982, 
127990, 
127997, 
128005, 
128012, 
128021, 
128029, 
128037, 
128044, 
128052, 
128060, 
128068, 
128076, 
128083, 
128091, 
128099, 
128107, 
128115, 
128122, 
128130, 
128138, 
128146, 
128154, 
128162, 
128169, 
128177, 
128185, 
128193, 
128201, 
128209, 
128216, 
128224, 
128232, 
128240, 
128248, 
128255, 
128262, 
128272, 
128279, 
128287, 
128295, 
128302, 
128310, 
128318, 
128326, 
128334, 
128341, 
128349, 
128357, 
128365, 
128373, 
128381, 
128388, 
128396, 
128404, 
128412, 
128420, 
128426, 
128435, 
128443, 
128451, 
128459, 
128467, 
128474, 
128482, 
128490, 
128498, 
128506, 
128514, 
128521, 
128529, 
128537, 
128545, 
128553, 
128559, 
128568, 
128576, 
128584, 
128592, 
128599, 
128607, 
128615, 
128623, 
128631, 
128639, 
128646, 
128653, 
128662, 
128670, 
128678, 
128686, 
128693, 
128701, 
128709, 
128717, 
128725, 
128732, 
128740, 
128748, 
128756, 
128764, 
128771, 
128778, 
128787, 
128795, 
128803, 
128811, 
128818, 
128826, 
128834, 
128842, 
128850, 
128858, 
128865, 
128873, 
128881, 
128889, 
128897, 
128904, 
128912, 
128920, 
128928, 
128936, 
128944, 
128951, 
128959, 
128967, 
128975, 
128983, 
128990, 
128998, 
129006, 
129014, 
129022, 
129030, 
129037, R
129045, S
129053, S
129061, S
129069, S
129077, 
129084, 
129092, 
129100, 
129108, 
129116, 
129123, 
129131, 
129139, 
129147, 
129155, 
129162, 
129170, 
129178, 
129186, 
129194, 
129202, 
129208, 
129217, 
129225, 
129233, 
129241, 
129249, 
129256, 
129264, 
129272, 
129279, 
129287, 
129295, 
129303, 
129310, 
129319, 
129327, 
129335, 
129342, 
129350, 
129358, 
129366, 
129374, 
129381, 
129389, 
129397, 
129405, 
129413, 
129421, 
129428, 
129436, 
129443, 
129452, 
129460, 
129466, 
129475, 
129483, 
129491, 
129499, 
129507, 
129513, 
129522, 
129530, 
129538, 
129546, 
129553, 
129561, 
129569, 
129577, 
129585, 
129593, 
129600, 
129608, 
129616, 
129624, 
129632, 
129640, 
129651, 
129655, 
129663, 
129671, 
129679, 
129686, 
129694, 
129702, 
129709, 
129718, 
129726, 
129733, 
129741, 
129749, 
129757, 
129765, 
129772, 
129780, 
129788, 
129796, 
129804, 
129812, 
129819, 
129827, 
129835, 
129843, 
129851, 
129857, 
129866, 
129874, 
129882, 
129890, 
129898, 
129905, 
129913, 
129921, 
129929, 
129937, 
129944, 
129952, 
129960, 
129968, 
129976, 
129984, 
129991, 
129999, 
130007, 
130015, 
130023, 
130030, 
130038, 
130046, 
130054, 
130062, 
130070, 
130077, 
130085, 
130093, 
130101, 
130109, 
130116, 
130124, 
130132, 
130140, 
130148, 
130156, 
130163, 
130171, 
130179, 
130187, 
130195, 
130203, 
130210, 
130218, 
130226, 
130234, 
130242, 
130249, 
130257, 
130265, 
130273, 
130281, 
130289, 
130296, 
130304, 
130312, 
130320, 
130328, 
130335, 
130343, 
130351, 
130359, 
130367, 
130375, 
130382, 
130390, 
130398, 
130406, 
130414, 
130421, 
130429, 
130437, 
130445, 
130453, 
130461, 
130468, 
130476, 
130484, 
130492, 
130500, 
130506, 
130515, 
130523, 
130531, 
130539, 
130547, 
130554, 
130562, 
130570, 
130578, 
130586, 
130593, 
130601, 
130609, 
130617, 
130625, 
130633, 
130640, 
130647, 
130656, 
130664, 
130672, 
130680, 
130687, 
130695, 
130703, 
130711, 
130719, 
130726, 
130734, 
130741, 
130750, 
130757, 
130765, 
130773, 
130780, 
130789, 
130796, 
130805, 
130812, 
130820, 
130828, 
130836, 
130843, 
130852, 
130858, 
130867, 
130875, 
130883, 
130890, 
130898, 
130906, 
130914, 
130922, 
130930, 
130938, 
130944, 
130952, 
130961, 
130969, 
130977, 
130984, 
130992, 
131000, 
131008, 
131016, 
131024, 
131031, 
131039, 
131046, 
131055, 
131063, R
131070, 
131078, S
131086, S
131094, S
131101, S
131109, 
131117, 
131125, 
131133, 
131141, 
131149, 
131156, 
131164, 
131172, 
131180, 
131188, 
131196, 
131203, 
131211, 
131219, 
131227, 
131235, 
131243, 
131250, 
131258, 
131266, 
131274, 
131282, 
131289, 
131296, 
131304, 
131313, 
131321, 
131327, 
131336, 
131344, 
131352, 
131360, 
131368, 
131375, 
131383, 
131391, 
131399, 
131407, 
131415, 
131422, 
131430, 
131438, 
131446, 
131454, 
131461, 
131469, 
131477, 
131485, 
131493, 
131501, 
131508, 
131516, 
131524, 
131532, 
131540, 
131547, 
131555, 
131563, 
131571, 
131579, 
131587, 
131594, 
131602, 
131610, 
131618, 
131626, 
131633, 
131641, 
131649, 
131657, 
131665, 
131673, 
131680, 
131688, 
131696, 
131704, 
131712, 
131720, 
131726, 
131735, 
131743, 
131751, 
131759, 
131766, 
131774, 
131782, 
131790, 
131798, 
131805, 
131813, 
131821, 
131829, 
131837, 
131845, 
131852, 
131860, 
131868, 
131876, 
131884, 
131892, 
131899, 
131907, 
131914, 
131923, 
131931, 
131938, 
131946, 
131954, 
131962, 
131970, 
131978, 
131985, 
131993, 
132001, 
132009, 
132017, 
132024, 
132032, 
132040, 
132048, 
132056, 
132064, 
132071, 
132079, 
132087, 
132095, 
132103, 
132110, 
132118, 
132126, 
132134, 
132142, 
132150, 
132157, 
132165, 
132172, 
132181, 
132189, 
132196, 
132204, 
132212, 
132220, 
132228, 
132236, 
132243, 
132251, 
132259, 
132267, 
132275, 
132282, 
132290, 
132298, 
132306, 
132313, 
132322, 
132329, 
132337, 
132345, 
132353, 
132361, 
132368, 
132376, 
132383, 
132392, 
132400, 
132408, 
132415, 
132423, 
132431, 
132439, 
132447, 
132455, 
132462, 
132470, 
132478, 
132486, 
132494, 
132501, 
132509, 
132517, 
132525, 
132533, 
132541, 
132548, 
132556, 
132564, 
132572, 
132580, 
132587, 
132595, 
132602, 
132610, 
132619, 
132627, 
132634, 
132642, 
132650, 
132658, 
132665, 
132673, 
132681, 
132689, 
132697, 
132705, 
132712, 
132720, 
132727, 
132735, 
132743, 
132752, 
132759, 
132767, 
132775, 
132783, 
132791, 
132799, 
132805, 
132814, 
132822, 
132830, 
132838, 
132845, 
132853, 
132861, 
132869, 
132877, 
132885, 
132892, 
132900, 
132908, 
132916, 
132924, 
132932, 
132939, 
132947, 
132955, 
132963, 
132971, 
132978, 
132986, 
132994, 
133002, 
133010, 
133018, 
133024, 
133033, 
133041, 
133049, 
133057, 
133064, 
133072, 
133080, 
133088, 
133096, R
133104, 
133111, S
133119, S
133127, S
133135, S
133143, 
133150, 
133158, 
133166, 
133174, 
133182, 
133190, 
133197, 
133205, 
133213, 
133221, 
133229, 
133236, 
133244, 
133252, 
133260, 
133268, 
133276, 
133283, 
133291, 
133299, 
133307, 
133315, 
133322, 
133330, 
133338, 
133346, 
133354, 
133362, 
133369, 
133377, 
133385, 
133393, 
133401, 
133408, 
133416, 
133424, 
133432, 
133440, 
133448, 
133455, 
133463, 
133471, 
133479, 
133487, 
133495, 
133502, 
133510, 
133518, 
133526, 
133534, 
133541, 
133549, 
133557, 
133565, 
133573, 
133581, 
133588, 
133596, 
133604, 
133612, 
133620, 
133627, 
133635, 
133643, 
133651, 
133659, 
133667, 
133674, 
133682, 
133690, 
133698, 
133706, 
133713, 
133721, 
133729, 
133737, 
133745, 
133753, 
133760, 
133768, 
133776, 
133784, 
133792, 
133799, 
133807, 
133815, 
133823, 
133831, 
133839, 
133846, 
133854, 
133862, 
133870, 
133878, 
133885, 
133892, 
133901, 
133908, 
133917, 
133925, 
133931, 
133940, 
133947, 
133956, 
133963, 
133971, 
133979, 
133987, 
133995, 
134003, 
134011, 
134018, 
134026, 
134034, 
134042, 
134050, 
134058, 
134065, 
134073, 
134081, 
134089, 
134097, 
134103, 
134112, 
134120, 
134128, 
134136, 
134144, 
134151, 
134158, 
134167, 
134174, 
134183, 
134190, 
134197, 
134206, 
134214, 
134222, 
134229, 
134237, 
134245, 
134253, 
134261, 
134269, 
134276, 
134284, 
134292, 
134300, 
134308, 
134316, 
134323, 
134331, 
134339, 
134347, 
134355, 
134362, 
134370, 
134378, 
134386, 
134394, 
134402, 
134409, 
134417, 
134425, 
134433, 
134441, 
134449, 
134455, 
134464, 
134472, 
134480, 
134488, 
134495, 
134503, 
134511, 
134518, 
134527, 
134535, 
134542, 
134550, 
134558, 
134566, 
134574, 
134581, 
134589, 
134597, 
134605, 
134613, 
134621, 
134628, 
134636, 
134644, 
134652, 
134660, 
134667, 
134675, 
134683, 
134691, 
134699, 
134707, 
134714, 
134722, 
134730, 
134738, 
134746, 
134753, 
134761, 
134769, 
134777, 
134785, 
134793, 
134800, 
134808, 
134816, 
134824, 
134832, 
134840, 
134847, 
134855, 
134863, 
134871, 
134879, 
134886, 
134894, 
134902, 
134910, 
134918, 
134926, 
134933, 
134941, 
134949, 
134957, 
134965, 
134972, 
134980, 
134988, 
134996, 
135003, 
135011, 
135019, 
135027, 
135035, 
135043, 
135051, 
135057, 
135066, 
135074, 
135081, 
135090, 
135098, R
135105, 
135113, S
135121, S
135129, S
135137, S
135143, 
135152, 
135160, 
135168, 
135176, 
135184, 
135191, 
135199, 
135207, 
135215, 
135223, 
135230, 
135238, 
135246, 
135254, 
135262, 
135270, 
135277, 
135285, 
135292, 
135301, 
135309, 
135316, 
135324, 
135332, 
135340, 
135348, 
135356, 
135363, 
135370, 
135379, 
135387, 
135395, 
135402, 
135410, 
135418, 
135426, 
135434, 
135442, 
135448, 
135456, 
135464, 
135473, 
135481, 
135489, 
135496, 
135504, 
135512, 
135520, 
135528, 
135535, 
135543, 
135550, 
135559, 
135567, 
135574, 
135582, 
135590, 
135598, 
135606, 
135614, 
135621, 
135629, 
135637, 
135645, 
135653, 
135661, 
135668, 
135676, 
135684, 
135692, 
135700, 
135707, 
135715, 
135723, 
135731, 
135739, 
135747, 
135754, 
135762, 
135770, 
135778, 
135786, 
135793, 
135801, 
135809, 
135817, 
135825, 
135833, 
135840, 
135848, 
135856, 
135864, 
135872, 
135879, 
135887, 
135895, 
135903, 
135911, 
135919, 
135926, 
135934, 
135942, 
135950, 
135957, 
135966, 
135973, 
135981, 
135989, 
135997, 
136005, 
136012, 
136020, 
136028, 
136036, 
136044, 
136051, 
136059, 
136067, 
136075, 
136083, 
136091, 
136098, 
136106, 
136114, 
136122, 
136130, 
136138, 
136144, 
136153, 
136161, 
136169, 
136177, 
136184, 
136192, 
136200, 
136208, 
136216, 
136224, 
136231, 
136239, 
136247, 
136255, 
136262, 
136270, 
136278, 
136286, 
136293, 
136302, 
136310, 
136317, 
136325, 
136333, 
136341, 
136349, 
136356, 
136364, 
136372, 
136380, 
136388, 
136396, 
136403, 
136411, 
136419, 
136427, 
136435, 
136442, 
136450, 
136458, 
136466, 
136474, 
136482, 
136489, 
136497, 
136505, 
136513, 
136521, 
136528, 
136536, 
136544, 
136552, 
136560, 
136568, 
136575, 
136583, 
136591, 
136599, 
136607, 
136615, 
136622, 
136630, 
136638, 
136646, 
136654, 
136661, 
136669, 
136677, 
136685, 
136693, 
136701, 
136708, 
136716, 
136724, 
136732, 
136740, 
136747, 
136755, 
136763, 
136771, 
136779, 
136787, 
136794, 
136802, 
136810, 
136818, 
136826, 
136833, 
136841, 
136849, 
136857, 
136865, 
136873, 
136880, 
136888, 
136896, 
136904, 
136912, 
136919, 
136927, 
136935, 
136943, 
136951, 
136959, 
136966, 
136974, 
136982, 
136990, 
136998, 
137005, 
137013, 
137021, 
137029, 
137037, 
137045, 
137052, 
137060, 
137068, 
137076, 
137084, 
137091, 
137099, 
137107, R
137115, S
137123, S
137131, S
137138, S
137146, 
137154, 
137162, 
137170, 
137177, 
137185, 
137193, 
137201, 
137209, 
137217, 
137224, 
137232, 
137240, 
137248, 
137256, 
137263, 
137271, 
137279, 
137287, 
137295, 
137303, 
137310, 
137318, 
137326, 
137334, 
137342, 
137350, 
137356, 
137365, 
137373, 
137381, 
137388, 
137395, 
137403, 
137411, 
137419, 
137427, 
137436, 
137443, 
137451, 
137459, 
137467, 
137475, 
137482, 
137490, 
137498, 
137506, 
137513, 
137522, 
137529, 
137537, 
137545, 
137553, 
137561, 
137568, 
137576, 
137584, 
137592, 
137600, 
137608, 
137615, 
137623, 
137631, 
137639, 
137647, 
137654, 
137662, 
137670, 
137678, 
137686, 
137694, 
137701, 
137708, 
137716, 
137725, 
137733, 
137740, 
137748, 
137756, 
137764, 
137772, 
137780, 
137787, 
137795, 
137803, 
137811, 
137836, 
137837, 
137837, 
137842, 
137850, 
137858, 
137866, 
137872, 
137881, 
137889, 
137897, 
137905, 
137913, 
137920, 
137928, 
137936, 
137944, 
137952, 
137959, 
137967, 
137975, 
137983, 
137991, 
137999, 
138006, 
138014, 
138022, 
138030, 
138038, 
138045, 
138053, 
138061, 
138069, 
138077, 
138085, 
138092, 
138100, 
138108, 
138116, 
138124, 
138131, 
138139, 
138147, 
138155, 
138163, 
138171, 
138178, 
138186, 
138194, 
138202, 
138210, 
138218, 
138224, 
138233, 
138241, 
138249, 
138257, 
138264, 
138272, 
138280, 
138288, 
138296, 
138304, 
138311, 
138319, 
138327, 
138335, 
138343, 
138350, 
138358, 
138366, 
138374, 
138382, 
138390, 
138397, 
138405, 
138413, 
138421, 
138429, 
138436, 
138444, 
138453, 
138460, 
138468, 
138476, 
138483, 
138491, 
138499, 
138507, 
138515, 
138522, 
138531, 
138538, 
138546, 
138554, 
138562, 
138569, 
138577, 
138585, 
138593, 
138601, 
138608, 
138616, 
138624, 
138632, 
138640, 
138648, 
138655, 
138663, 
138671, 
138679, 
138687, 
138695, 
138702, 
138710, 
138719, 
138726, 
138734, 
138741, 
138749, 
138757, 
138765, 
138773, 
138781, 
138788, 
138796, 
138804, 
138812, 
138820, 
138827, 
138835, 
138843, 
138851, 
138859, 
138867, 
138875, 
138882, 
138890, 
138899, 
138906, 
138913, 
138921, 
138929, 
138937, 
138945, 
138954, 
138960, 
138968, 
138976, 
138984, 
138992, 
138999, 
139007, 
139015, 
139023, 
139032, 
139039, 
139046, 
139054, 
139062, 
139070, 
139078, 
139085, 
139093, 
139101, 
139109, 
139117, 
139125, R
139132, 
139140, 
139148, S
139156, S
139164, S
139171, S
139179, 
139187, 
139196, 
139203, 
139211, 
139218, 
139226, 
139234, 
139242, 
139251, 
139257, 
139265, 
139273, 
139281, 
139289, 
139297, 
139304, 
139312, 
139321, 
139329, 
139336, 
139343, 
139351, 
139359, 
139367, 
139376, 
139384, 
139390, 
139398, 
139406, 
139414, 
139422, 
139430, 
139438, 
139445, 
139453, 
139461, 
139470, 
139476, 
139484, 
139492, 
139500, 
139508, 
139516, 
139523, 
139531, 
139539, 
139547, 
139555, 
139562, 
139570, 
139578, 
139586, 
139594, 
139602, 
139609, 
139617, 
139625, 
139633, 
139641, 
139648, 
139656, 
139664, 
139672, 
139680, 
139688, 
139695, 
139704, 
139711, 
139719, 
139727, 
139735, 
139742, 
139751, 
139758, 
139766, 
139774, 
139781, 
139789, 
139797, 
139805, 
139813, 
139820, 
139828, 
139836, 
139844, 
139852, 
139860, 
139867, 
139875, 
139883, 
139891, 
139899, 
139907, 
139914, 
139922, 
139930, 
139938, 
139946, 
139953, 
139961, 
139970, 
139977, 
139985, 
139993, 
140000, 
140008, 
140016, 
140024, 
140032, 
140039, 
140047, 
140055, 
140064, 
140071, 
140079, 
140086, 
140094, 
140102, 
140110, 
140118, 
140125, 
140133, 
140141, 
140149, 
140157, 
140166, 
140172, 
140180, 
140188, 
140196, 
140204, 
140211, 
140220, 
140227, 
140235, 
140243, 
140251, 
140258, 
140266, 
140274, 
140282, 
140290, 
140298, 
140305, 
140313, 
140321, 
140329, 
140337, 
140344, 
140352, 
140360, 
140368, 
140376, 
140383, 
140391, 
140399, 
140407, 
140415, 
140423, 
140430, 
140438, 
140446, 
140454, 
140462, 
140469, 
140477, 
140485, 
140493, 
140502, 
140509, 
140517, 
140524, 
140532, 
140540, 
140548, 
140556, 
140563, 
140571, 
140579, 
140587, 
140596, 
140602, 
140611, 
140618, 
140626, 
140634, 
140642, 
140649, 
140658, 
140665, 
140673, 
140681, 
140688, 
140696, 
140704, 
140712, 
140720, 
140728, 
140735, 
140743, 
140752, 
140759, 
140767, 
140774, 
140782, 
140790, 
140798, 
140806, 
140814, 
140821, 
140829, 
140837, 
140845, 
140853, 
140861, 
140868, 
140876, 
140884, 
140892, 
140901, 
140907, 
140915, 
140923, 
140931, 
140939, 
140946, 
140954, 
140962, 
140970, 
140978, 
140986, 
140993, 
141002, 
141009, 
141017, 
141025, 
141033, 
141040, 
141049, 
141056, 
141064, 
141072, 
141080, 
141087, 
141095, 
141103, 
141111, 
141120, 
141127, 
141134, 
141142, 
141150, R
141159, 
141165, 
141173, 
141181, S
141190, S
141197, S
141206, S
141212, 
141220, 
141228, 
141236, 
141244, 
141251, 
141259, 
141267, 
141275, 
141283, 
141291, 
141298, 
141306, 
141314, 
141322, 
141330, 
141337, 
141345, 
141353, 
141362, 
141369, 
141377, 
141384, 
141392, 
141400, 
141409, 
141417, 
141424, 
141432, 
141440, 
141447, 
141455, 
141463, 
141470, 
141478, 
141486, 
141494, 
141502, 
141509, 
141517, 
141526, 
141533, 
141541, 
141549, 
141556, 
141564, 
141572, 
141580, 
141588, 
141596, 
141603, 
141611, 
141619, 
141627, 
141635, 
141642, 
141650, 
141658, 
141666, 
141674, 
141682, 
141689, 
141697, 
141705, 
141713, 
141722, 
141728, 
141736, 
141744, 
141752, 
141760, 
141768, 
141775, 
141783, 
141791, 
141799, 
141807, 
141814, 
141822, 
141830, 
141838, 
141846, 
141854, 
141861, 
141869, 
141877, 
141885, 
141893, 
141900, 
141908, 
141917, 
141924, 
141932, 
141940, 
141947, 
141955, 
141963, 
141971, 
141979, 
141986, 
141994, 
142002, 
142010, 
142018, 
142026, 
142033, 
142041, 
142049, 
142057, 
142065, 
142073, 
142081, 
142088, 
142096, 
142104, 
142112, 
142119, 
142127, 
142135, 
142143, 
142151, 
142159, 
142166, 
142175, 
142182, 
142190, 
142198, 
142206, 
142213, 
142221, 
142229, 
142237, 
142245, 
142252, 
142260, 
142268, 
142276, 
142284, 
142291, 
142299, 
142307, 
142316, 
142323, 
142331, 
142338, 
142346, 
142354, 
142362, 
142370, 
142378, 
142386, 
142393, 
142401, 
142410, 
142417, 
142424, 
142432, 
142440, 
142448, 
142456, 
142463, 
142471, 
142479, 
142487, 
142495, 
142503, 
142510, 
142518, 
142526, 
142534, 
142543, 
142549, 
142557, 
142565, 
142573, 
142581, 
142589, 
142596, 
142604, 
142612, 
142620, 
142628, 
142636, 
142643, 
142651, 
142659, 
142667, 
142675, 
142682, 
142690, 
142698, 
142706, 
142714, 
142722, 
142730, 
142737, 
142745, 
142753, 
142761, 
142768, 
142776, 
142784, 
142792, 
142800, 
142808, 
142815, 
142823, 
142831, 
142839, 
142847, 
142854, 
142862, 
142870, 
142878, 
142886, 
142894, 
142901, 
142909, 
142917, 
142925, 
142933, 
142940, 
142948, 
142956, 
142964, 
142972, 
142980, 
142987, 
142995, 
143003, 
143011, 
143019, 
143026, 
143034, 
143042, 
143051, 
143058, 
143066, 
143073, 
143081, 
143089, 
143097, 
143105, 
143113, 
143120, 
143129, 
143136, 
143144, 
143152, 
143159, 
143168, 
143175, 
143183, R
143191, 
143199, 
143206, 
143214, S
143222, S
143230, S
143238, S
143245, 
143253, 
143261, 
143269, 
143277, 
143286, 
143292, 
143301, 
143308, 
143316, 
143324, 
143331, 
143339, 
143347, 
143355, 
143363, 
143371, 
143378, 
143386, 
143394, 
143403, 
143410, 
143418, 
143425, 
143433, 
143441, 
143449, 
143457, 
143464, 
143472, 
143480, 
143488, 
143496, 
143503, 
143511, 
143519, 
143527, 
143535, 
143543, 
143550, 
143558, 
143566, 
143574, 
143582, 
143589, 
143597, 
143605, 
143613, 
143621, 
143629, 
143636, 
143644, 
143652, 
143660, 
143668, 
143675, 
143683, 
143691, 
143699, 
143707, 
143715, 
143722, 
143730, 
143738, 
143746, 
143754, 
143762, 
143769, 
143777, 
143785, 
143793, 
143801, 
143808, 
143816, 
143824, 
143832, 
143840, 
143848, 
143855, 
143863, 
143872, 
143879, 
143887, 
143894, 
143903, 
143911, 
143918, 
143926, 
143935, 
143941, 
143949, 
143957, 
143965, 
143973, 
143981, 
143988, 
