553, 4368.72
562, 4371.79
570, 4376.92
576, 4377.44
585, 4374.36
593, 4371.28
600, 4369.74
609, 4373.33
617, 4372.82
624, 4364.62
631, 4369.23
639, 4380.51
647, 4381.03
656, 4377.95
664, 4372.31
671, 4367.69
679, 4368.72
687, 4369.23
695, 4371.28
703, 4374.87
710, 4375.38
718, 4374.87
726, 4376.92
734, 4378.46
742, 4382.56
750, 4379.49
757, 4370.77
765, 4370.77
773, 4378.46
781, 4379.49
789, 4374.36
796, 4378.97
804, 4385.64
812, 4380.51
820, 4374.87
828, 4376.92
836, 4374.87
843, 4370.26
851, 4373.33
859, 4373.33
867, 4370.26
875, 4372.82
882, 4372.82
890, 4373.33
898, 4374.36
906, 4372.31
914, 4372.31
922, 4373.85
930, 4373.85
937, 4371.28
945, 4367.69
953, 4367.69
961, 4370.26
969, 4371.79
976, 4372.82
984, 4374.36
992, 4374.87
1006, 4373.33
1008, 4376.41
1015, 4378.46
1023, 4377.44
1031, 4377.95
1039, 4375.38
1047, 4373.85
1055, 4380
1062, 4380
1070, 4373.33
1078, 4376.92
1086, 4383.08
1094, 4377.44
1102, 4371.79
1109, 4376.92
1117, 4380.51
1125, 4374.87
1133, 4370.77
1141, 4375.38
1148, 4379.49
1156, 4376.41
1164, 4378.46
1172, 4381.54
1180, 4377.95
1188, 4374.87
1195, 4374.36
1203, 4370.26
1212, 4371.79
1219, 4376.41
1228, 4370.77
1234, 4369.23
1242, 4375.9
1250, 4378.46
1258, 4373.85
1266, 4369.74
1274, 4372.82
1281, 4375.38
1289, 4375.9
1297, 4374.36
1305, 4372.31
1313, 4375.9
1320, 4378.46
1328, 4377.44
1336, 4373.85
1344, 4372.82
1352, 4376.92
1360, 4377.95
1368, 4374.36
1375, 4373.85
1383, 4375.38
1391, 4375.9
1399, 4375.9
1406, 4374.87
1414, 4375.38
1422, 4379.49
1430, 4378.46
1438, 4377.95
1446, 4377.95
1453, 4372.31
1461, 4373.33
1469, 4382.05
1477, 4379.49
1485, 4374.87
1492, 4379.49
1500, 4378.46
1508, 4376.41
1516, 4382.05
1524, 4381.54
1532, 4375.38
1539, 4371.28
1547, 4372.82
1555, 4374.87
1563, 4370.77
1571, 4369.74
1579, 4373.33
1586, 4370.77
1594, 4371.79
1602, 4377.44
1610, 4372.82
1618, 4367.69
1625, 4374.36
1633, 4378.46
1641, 4373.85
1652, 4373.33
1657, 4376.41
1664, 4371.79
1672, 4367.18
1680, 4369.74
1688, 4375.9
1696, 4375.38
1704, 4372.31
1711, 4373.33
1719, 4372.31
1727, 4373.85
1735, 4379.49
1743, 4379.49
1751, 4378.46
1758, 4380
1766, 4377.44
1774, 4376.41
1782, 4377.44
1790, 4376.92
1797, 4376.92
1805, 4376.41
1813, 4375.38
1821, 4380
1829, 4386.15
1837, 4383.59
1844, 4377.95
1852, 4376.41
1860, 4376.41
1868, 4381.03
1876, 4388.21
1883, 4386.15
1891, 4376.92
1899, 4374.36
1907, 4376.41
1915, 4379.49
1923, 4381.54
1930, 4379.49
1938, 4371.79
1947, 4372.82
1954, 4381.03
1963, 4377.44
1969, 4371.28
1977, 4373.85
1985, 4374.36
1994, 4375.9
2001, 4382.05
2009, 4381.54
2016, 4373.33
2024, 4372.31
2032, 4376.92
2040, 4375.38
2048, 4371.28
2055, 4371.28
2063, 4373.33
2071, 4375.9
2079, 4376.41
2087, 4373.85
2095, 4373.85
2102, 4376.92
2110, 4376.92
2118, 4376.41
2126, 4377.95
2134, 4378.97
2141, 4375.9
2149, 4376.41
2157, 4380
2165, 4381.03
2173, 4381.54
2181, 4378.46
2188, 4374.87
2196, 4377.44
2204, 4382.56
2212, 4380
2220, 4378.97
2228, 4383.59
2235, 4384.1
2243, 4380
2251, 4376.41
2259, 4372.82
2272, 4376.92
2275, 4381.03
2282, 4376.41
2290, 4374.87
2298, 4375.9
2306, 4372.31
2313, 4374.36
2321, 4378.97
2329, 4375.38
2337, 4374.87
2345, 4378.97
2353, 4378.97
2360, 4373.85
2368, 4372.82
2376, 4375.38
2384, 4372.82
2392, 4374.87
2400, 4379.49
2407, 4376.92
2415, 4373.85
2423, 4374.87
2431, 4376.92
2439, 4373.33
2446, 4373.33
2454, 4378.97
2462, 4378.97
2470, 4374.87
2478, 4374.36
2486, 4377.95
2493, 4381.54
2501, 4381.54
2509, 4377.95
2517, 4374.36
2525, 4373.33
2532, 4377.95
2540, 4381.54
2548, 4378.46
2556, 4375.38
2564, 4375.38
2572, 4375.9
2579, 4378.97
2587, 4382.56
2595, 4381.03
2603, 4378.46
2611, 4381.03
2618, 4380.51
2626, 4378.46
2634, 4378.97
2642, 4381.03
2650, 4387.69
2658, 4387.18
2665, 4375.9
2673, 4373.85
2681, 4378.46
2689, 4378.46
2697, 4378.97
2704, 4376.41
2712, 4369.74
2719, 4372.82
2728, 4378.46
2736, 4377.44
2744, 4376.92
2751, 4380
2759, 4378.46
2767, 4375.38
2775, 4377.44
2783, 4374.87
2791, 4371.79
2798, 4376.92
2806, 4382.56
2814, 4378.97
2822, 4376.41
2830, 4381.03
2837, 4382.05
2845, 4380
2853, 4378.46
2861, 4377.95
2869, 4383.08
2877, 4389.23
2885, 4387.18
2892, 4381.03
2900, 4376.92
2907, 4372.82
2916, 4375.9
2923, 4382.05
2931, 4382.56
2939, 4380
2947, 4383.08
2955, 4384.1
2963, 4379.49
2970, 4377.44
2978, 4377.95
2986, 4380
2993, 4383.59
3001, 4383.08
3009, 4378.46
3017, 4371.79
3025, 4369.23
3033, 4375.9
3041, 4378.46
3048, 4374.87
3055, 4375.38
3063, 4374.87
3072, 4373.85
3079, 4374.36
3088, 4377.95
3095, 4384.62
3103, 4380
3111, 4368.72
3118, 4369.23
3127, 4377.95
3135, 4377.95
3142, 4373.33
3149, 4375.38
3157, 4380.51
3166, 4387.18
3174, 4385.64
3181, 4373.33
3189, 4371.79
3197, 4379.49
3205, 4377.44
3213, 4377.95
3221, 4386.15
3228, 4384.62
3236, 4376.92
3244, 4380
3251, 4385.64
3260, 4381.03
3267, 4380.51
3275, 4385.64
3283, 4383.08
3291, 4378.97
3299, 4381.54
3307, 4384.62
3314, 4383.08
3322, 4381.03
3330, 4382.05
3338, 4383.59
3346, 4384.62
3360, 4388.21
3361, 4391.79
3369, 4389.74
3377, 4380
3385, 4375.9
3393, 4381.54
3400, 4382.05
3407, 4384.1
3415, 4387.18
3424, 4378.97, estimuli
3431, 4376.92
3440, 4380
3447, 4375.9
3454, 4378.97
3463, 4384.1
3471, 4381.54
3479, 4380
3486, 4377.44
3494, 4375.38
3501, 4379.49
3510, 4380.51
3518, 4375.9
3526, 4390.26
3532, 4415.38
3541, 4413.85
3549, 4375.9
3556, 4333.85
3565, 4324.62
3571, 4347.69
3580, 4377.44
3587, 4416.41
3596, 4447.69
3604, 4426.67
3611, 4371.79
3619, 4330.77
3627, 4317.44
3634, 4339.49
3643, 4387.69
3650, 4428.72
3658, 4441.03
3666, 4422.05
3674, 4381.54
3681, 4342.05
3690, 4324.1
3698, 4340.51
3705, 4384.62
3713, 4430.26
3720, 4448.21
3729, 4429.74
3737, 4386.15
3745, 4338.46
3752, 4316.41
3760, 4334.36
3768, 4388.21
3776, 4440
3783, 4447.69
3790, 4421.03
3799, 4380
3807, 4332.31
3815, 4316.92
3823, 4342.05
3830, 4377.44
3838, 4419.49
3845, 4452.82
3854, 4431.79
3861, 4369.74
3870, 4324.62
3877, 4313.85
3885, 4338.46
3893, 4390.26
3901, 4435.9
3909, 4449.74
3917, 4427.18
3924, 4378.46
3932, 4335.38
3940, 4321.03
3948, 4341.03
3955, 4392.82
3963, 4450.26
3971, 4467.18
3979, 4427.18
3986, 4366.67
3995, 4323.08
4002, 4309.74
4010, 4329.74
4018, 4379.49
4026, 4437.95
4034, 4465.13
4042, 4433.85
4049, 4372.82
4057, 4323.59
4065, 4307.18
4073, 4331.28
4081, 4385.64
4089, 4441.03
4096, 4460
4104, 4426.15
4112, 4370.77
4120, 4323.08
4128, 4301.03
4136, 4324.62
4143, 4384.1
4151, 4441.03
4159, 4459.49
4166, 4433.85
4175, 4378.97
4181, 4319.49
4190, 4294.36
4197, 4324.62
4205, 4384.1
4214, 4440.51
4221, 4463.59
4229, 4424.62
4236, 4358.46
4245, 4314.87
4253, 4305.64
4260, 4333.33
4268, 4387.69
4276, 4443.59
4284, 4460.51
4292, 4425.13
4300, 4367.18
4308, 4315.38
4315, 4300.51
4323, 4333.33
4330, 4390.26
4339, 4437.44
4347, 4456.92
4354, 4433.85
4362, 4372.82
4371, 4319.49
4379, 4309.23
4386, 4339.49
4394, 4388.72
4401, 4435.38
4409, 4455.38
4417, 4432.82
4424, 4382.05
4432, 4328.21
4439, 4305.64
4448, 4335.38
4455, 4395.38
4463, 4444.62
4471, 4456.92
4479, 4428.21
4486, 4369.23
4495, 4315.38
4503, 4294.87
4511, 4323.08
4519, 4394.36
4526, 4432.82
4534, 4408.21
4542, 4384.62
4557, 4384.1
4571, 4387.18
4572, 4385.13
4575, 4388.21
4582, 4404.1
4589, 4398.97
4597, 4391.28
4605, 4391.79
4613, 4378.97
4620, 4379.49
4628, 4382.56
4636, 4374.36
4644, 4368.72
4653, 4369.23
4659, 4374.87
4667, 4370.77
4675, 4366.67
4683, 4370.77
4691, 4373.85
4699, 4370.26
4706, 4368.72
4714, 4373.85
4722, 4367.69
4730, 4364.1
4738, 4371.28
4745, 4372.31
4753, 4374.87
4761, 4377.95
4769, 4376.92
4777, 4377.95
4785, 4381.03
4792, 4375.38
4800, 4365.64
4807, 4367.18
4815, 4375.38
4824, 4371.79
4831, 4367.69
4839, 4377.44
4847, 4378.97
4855, 4377.95
4863, 4385.64
4871, 4386.67
4878, 4385.13
4886, 4377.95
4894, 4378.46
4902, 4386.67
4909, 4380
4918, 4383.08
4926, 4390.26
4933, 4383.08
4941, 4378.97
4949, 4383.08
4957, 4391.28
4964, 4387.69
4972, 4382.05
4986, 4397.44
4987, 4406.67
4996, 4396.92
5004, 4376.92
5011, 4365.13
5019, 4372.31
5027, 4369.74
5034, 4362.05
5043, 4367.69
5051, 4371.79
5064, 4369.23
5067, 4369.74
5073, 4374.87
5081, 4375.38
5089, 4369.74
5104, 4371.28
5105, 4371.79
5112, 4371.79
5122, 4375.38
5132, 4377.95
5136, 4377.95
5144, 4377.95
5152, 4381.54
5160, 4381.54
5167, 4380.51
5187, 4383.08
5190, 4379.49
5191, 4381.03
5199, 4378.97
5207, 4364.1
5215, 4365.13
5222, 4376.92
5230, 4383.59
5238, 4383.59
5246, 4377.44
5254, 4380.51
5261, 4382.05
5270, 4373.33
5276, 4366.67
5291, 4367.18
5292, 4370.26
5301, 4370.26
5309, 4375.9
5317, 4379.49
5324, 4370.26
5332, 4366.15
5339, 4367.69
5348, 4367.69
5356, 4371.28
5363, 4373.85
5370, 4372.31
5379, 4370.26
5387, 4371.28
5395, 4379.49
5403, 4373.33
5410, 4358.46
5418, 4360.51
5426, 4372.31, estimuli
5434, 4374.36
5442, 4367.18
5449, 4367.69
5456, 4373.33
5465, 4369.74
5473, 4368.72
5487, 4374.87
5489, 4377.44
5496, 4370.26
5509, 4369.23
5512, 4383.59
5520, 4371.28
5528, 4372.31
5536, 4412.31
5543, 4401.54
5550, 4344.62
5559, 4298.97
5567, 4286.67
5575, 4321.03
5582, 4377.95
5590, 4435.38
5598, 4463.08
5606, 4431.79
5614, 4362.56
5621, 4296.92
5629, 4278.46
5637, 4312.31
5645, 4368.21
5653, 4421.54
5661, 4442.56
5668, 4420
5676, 4367.18
5683, 4310.77
5692, 4291.79
5700, 4318.46
5707, 4372.31
5715, 4428.72
5723, 4454.36
5731, 4431.79
5739, 4377.95
5747, 4323.59
5754, 4304.1
5762, 4335.38
5770, 4390.26
5778, 4436.92
5786, 4460
5793, 4448.21
5801, 4392.31
5809, 4324.1
5817, 4293.33
5825, 4322.56
5833, 4393.33
5840, 4447.18
5847, 4458.46
5855, 4434.36
5864, 4382.56
5872, 4331.28
5880, 4311.28
5887, 4336.92
5895, 4392.82
5903, 4441.03
5911, 4457.95
5918, 4433.85
5926, 4378.46
5934, 4325.64
5942, 4303.08
5950, 4330.77
5957, 4393.33
5966, 4443.59
5973, 4457.95
5980, 4435.9
5988, 4383.08
5997, 4329.74
6005, 4313.33
6013, 4335.9
6020, 4375.9
6028, 4425.64
6036, 4461.03
6044, 4440.51
6052, 4375.9
6059, 4317.44
6067, 4305.64
6075, 4336.92
6082, 4383.08
6090, 4433.85
6098, 4462.05
6106, 4438.46
6114, 4380.51
6122, 4325.13
6130, 4307.18
6138, 4334.87
6145, 4389.74
6153, 4444.1
6161, 4457.95
6169, 4427.18
6177, 4383.08
6185, 4334.87
6192, 4306.15
6200, 4333.85
6208, 4397.95
6216, 4445.64
6224, 4451.28
6230, 4422.56
6239, 4369.74
6246, 4317.95
6255, 4299.49
6262, 4321.03
6271, 4375.9
6278, 4438.46
6286, 4460
6294, 4427.69
6302, 4367.69
6309, 4314.87
6317, 4302.05
6325, 4332.82
6333, 4387.69
6341, 4437.95
6349, 4454.87
6357, 4431.79
6364, 4374.87
6372, 4316.41
6380, 4301.03
6387, 4338.46
6396, 4391.28
6403, 4438.46
6411, 4469.23
6419, 4440.51
6427, 4366.15
6435, 4308.72
6443, 4299.49
6449, 4332.82
6458, 4385.64
6466, 4431.28
6473, 4451.79
6481, 4431.79
6490, 4374.87
6497, 4315.9
6505, 4289.23
6513, 4318.46
6521, 4386.15
6529, 4425.13
6536, 4405.64
6544, 4377.44
6552, 4378.97
6560, 4372.82
6567, 4360
6576, 4370.77
6583, 4376.92
6591, 4370.26
6599, 4373.85
6606, 4381.54
6614, 4388.21
6621, 4383.08
6630, 4366.15
6637, 4360.51
6646, 4372.82
6653, 4377.44
6662, 4368.72
6668, 4369.23
6677, 4379.49
6685, 4380.51
6693, 4382.05
6701, 4385.13
6708, 4380
6716, 4373.85
6724, 4374.36
6732, 4378.46
6739, 4378.46
6748, 4380
6755, 4388.21
6763, 4385.13
6770, 4374.87
6779, 4377.44
6786, 4380.51
6794, 4374.87
6802, 4377.44
6810, 4381.03
6817, 4374.87
6826, 4364.62
6834, 4364.1
6840, 4377.44
6849, 4382.56
6857, 4369.74
6865, 4366.15
6872, 4379.49
6880, 4374.87
6888, 4365.13
6896, 4373.33
6904, 4372.31
6912, 4369.23
6920, 4376.41
6927, 4374.87
6935, 4367.18
6942, 4368.72
6951, 4380
6959, 4382.56
6966, 4373.85
6974, 4369.74
6981, 4372.31
6990, 4374.36
6998, 4376.41
7005, 4373.85
7013, 4374.87
7021, 4384.62
7028, 4383.59
7037, 4371.28
7044, 4373.33
7052, 4380.51
7060, 4373.85
7068, 4373.85
7076, 4382.05
7084, 4375.9
7091, 4372.31
7099, 4380.51
7107, 4375.9
7115, 4371.79
7122, 4377.95
7130, 4373.85
7139, 4363.59
7145, 4368.21
7154, 4374.87
7162, 4370.77
7169, 4373.33
7178, 4378.97
7185, 4374.36
7193, 4375.38
7200, 4381.03
7209, 4377.44
7216, 4374.87
7225, 4380.51
7231, 4376.41
7240, 4361.54
7247, 4366.15
7255, 4389.23
7264, 4389.74
7271, 4374.87
7279, 4375.9
7287, 4387.18
7295, 4388.72
7302, 4383.59
7311, 4385.64
7318, 4385.64
7326, 4375.38
7334, 4370.26
7342, 4373.33
7349, 4378.97
7357, 4382.56
7365, 4378.46
7373, 4375.9
7381, 4379.49
7389, 4376.41
7397, 4369.23
7404, 4367.18
7411, 4372.31
7420, 4382.05
7428, 4386.67, estimuli
7436, 4380.51
7443, 4372.31
7451, 4372.82
7458, 4376.41
7467, 4370.77
7475, 4371.28
7483, 4377.95
7490, 4376.92
7498, 4370.26
7506, 4369.23
7514, 4378.46
7522, 4377.44
7529, 4376.92
7537, 4415.9
7545, 4442.56
7553, 4390.26
7561, 4311.79
7569, 4293.85
7576, 4327.18
7584, 4373.33
7592, 4433.33
7600, 4465.13
7608, 4437.95
7616, 4379.49
7623, 4326.15
7631, 4305.13
7639, 4321.54
7646, 4366.15
7655, 4424.1
7662, 4455.9
7670, 4440.51
7678, 4387.18
7686, 4320.51
7694, 4291.28
7702, 4317.95
7709, 4369.23
7717, 4423.59
7725, 4454.36
7733, 4434.36
7741, 4378.46
7747, 4321.03
7756, 4295.9
7764, 4319.49
7772, 4369.74
7779, 4422.05
7788, 4454.87
7795, 4435.38
7803, 4373.85
7810, 4316.92
7819, 4292.82
7827, 4315.38
7834, 4377.44
7842, 4434.36
7850, 4452.31
7858, 4429.74
7865, 4375.9
7874, 4321.03
7881, 4300.51
7889, 4327.69
7897, 4377.95
7905, 4424.62
7913, 4453.85
7919, 4438.97
7928, 4383.08
7936, 4328.72
7943, 4304.62
7952, 4322.56
7960, 4375.38
7967, 4434.36
7975, 4464.62
7983, 4438.97
7991, 4376.41
7999, 4321.03
8006, 4297.95
8013, 4324.62
8021, 4382.05
8030, 4439.49
8038, 4469.74
8046, 4445.13
8053, 4378.97
8060, 4318.97
8069, 4301.03
8077, 4322.05
8085, 4369.23
8093, 4428.72
8100, 4457.44
8107, 4432.31
8116, 4378.46
8124, 4322.56
8132, 4295.38
8138, 4318.97
8147, 4377.44
8155, 4434.36
8163, 4460.51
8171, 4440.51
8178, 4381.03
8186, 4316.41
8194, 4296.92
8201, 4326.15
8210, 4374.87
8218, 4427.18
8225, 4458.97
8233, 4441.54
8241, 4384.62
8249, 4324.1
8257, 4300
8265, 4315.9
8272, 4358.46
8280, 4409.23
8288, 4443.08
8295, 4434.36
8303, 4373.85
8310, 4307.69
8319, 4292.82
8327, 4321.03
8335, 4368.72
8343, 4424.62
8351, 4461.03
8358, 4434.36
8365, 4364.1
8374, 4309.74
8382, 4289.74
8390, 4308.21
8397, 4365.13
8405, 4431.28
8412, 4463.59
8420, 4435.38
8429, 4368.21
8436, 4316.92
8444, 4305.64
8452, 4319.49
8460, 4359.49
8468, 4421.03
8476, 4463.08
8483, 4440.51
8490, 4375.38
8499, 4321.03
8507, 4302.05
8515, 4322.56
8522, 4374.36
8530, 4420.51
8538, 4421.03
8545, 4387.18
8553, 4373.33
8561, 4377.44
8569, 4378.46
8577, 4386.15
8585, 4386.15
8593, 4377.95
8601, 4379.49
8609, 4381.54
8616, 4376.92
8624, 4374.87
8632, 4375.38
8640, 4369.23
8648, 4365.64
8656, 4370.77
8663, 4373.85
8671, 4371.28
8679, 4365.13
8687, 4362.05
8695, 4371.79
8702, 4381.03
8710, 4378.97
8718, 4372.31
8726, 4373.33
8733, 4382.05
8742, 4377.95
8749, 4367.69
8757, 4373.85
8765, 4379.49
8773, 4374.87
8781, 4372.82
8788, 4375.38
8797, 4377.95
8804, 4376.92
8812, 4375.9
8820, 4376.41
8828, 4373.85
8835, 4372.82
8843, 4378.46
8851, 4382.56
8859, 4377.95
8866, 4373.33
8874, 4374.87
8882, 4375.38
8889, 4376.41
8898, 4378.46
8906, 4376.92
8914, 4382.05
8921, 4383.08
8929, 4373.33
8937, 4375.38
8945, 4381.54
8953, 4382.05
8960, 4385.64
8968, 4386.67
8976, 4380.51
8984, 4374.36
8992, 4375.9
8999, 4374.87
9006, 4368.72
9015, 4367.18
9023, 4371.79
9031, 4374.36
9039, 4374.36
9046, 4377.95
9054, 4387.18
9062, 4379.49
9070, 4366.15
9078, 4372.31
9085, 4381.54
9092, 4380
9101, 4376.92
9109, 4368.72
9117, 4366.67
9124, 4377.95
9132, 4381.03
9139, 4371.79
9148, 4371.28
9156, 4376.41
9164, 4375.38
9172, 4372.31
9179, 4373.33
9187, 4377.44
9195, 4384.62
9203, 4380.51
9211, 4371.28
9218, 4380.51
9226, 4393.85
9234, 4393.33
9242, 4387.69
9250, 4387.69
9258, 4394.87
9264, 4387.69
9273, 4370.77
9281, 4368.72
9289, 4375.9
9297, 4377.95
9305, 4374.87
9311, 4376.92
9319, 4379.49
9328, 4375.38
9336, 4375.9
9344, 4374.87
9351, 4374.36
9358, 4380.51
9367, 4388.72
9375, 4395.38
9383, 4395.38
9391, 4387.18
9397, 4384.1
9405, 4383.59
9414, 4382.05
9421, 4378.97
9430, 4379.49, estimuli
9437, 4381.54
9445, 4373.33
9453, 4373.85
9461, 4389.23
9469, 4381.54
9477, 4371.28
9484, 4379.49
9491, 4380.51
9500, 4369.74
9508, 4369.74
9516, 4382.56
9522, 4376.92
9530, 4370.77
9539, 4408.72
9547, 4442.56
9555, 4399.49
9563, 4317.95
9569, 4286.67
9577, 4314.36
9586, 4363.08
9594, 4421.54
9602, 4461.54
9609, 4451.28
9617, 4395.38
9625, 4323.59
9633, 4287.69
9641, 4310.26
9649, 4361.03
9656, 4424.1
9664, 4468.72
9672, 4453.33
9679, 4390.77
9688, 4325.64
9695, 4293.33
9703, 4308.21
9711, 4362.56
9719, 4428.21
9726, 4464.1
9735, 4448.72
9742, 4390.77
9750, 4326.67
9757, 4293.33
9766, 4304.62
9773, 4356.92
9782, 4418.97
9789, 4457.44
9797, 4452.31
9805, 4389.74
9812, 4314.87
9821, 4285.13
9828, 4298.97
9836, 4347.18
9843, 4417.44
9851, 4462.05
9859, 4446.67
9868, 4392.82
9875, 4332.31
9883, 4289.74
9891, 4304.62
9899, 4368.72
9907, 4425.13
9913, 4450.77
9922, 4438.46
9930, 4385.64
9937, 4318.97
9946, 4289.74
9953, 4323.08
9960, 4380.51
9968, 4425.64
9977, 4452.31
9985, 4441.54
9993, 4391.28
10000, 4325.64
10008, 4289.23
10016, 4311.28
10024, 4368.21
10031, 4428.21
10040, 4466.67
10047, 4453.33
10055, 4390.26
10063, 4322.56
10071, 4301.03
10078, 4323.08
10086, 4359.49
10094, 4415.38
10102, 4458.46
10110, 4442.05
10118, 4385.13
10126, 4325.64
10133, 4294.87
10141, 4315.9
10149, 4369.74
10157, 4424.1
10165, 4459.49
10172, 4451.28
10180, 4386.67
10188, 4310.77
10196, 4284.62
10204, 4310.77
10212, 4366.67
10219, 4427.69
10227, 4460.51
10234, 4447.18
10243, 4389.23
10250, 4325.13
10258, 4297.95
10266, 4312.82
10274, 4366.67
10282, 4432.82
10290, 4467.18
10298, 4440.51
10305, 4368.72
10313, 4308.21
10321, 4289.74
10329, 4313.33
10337, 4365.64
10345, 4425.13
10352, 4463.59
10360, 4450.26
10368, 4387.69
10375, 4318.97
10384, 4290.26
10391, 4316.41
10399, 4371.79
10407, 4430.77
10415, 4462.56
10423, 4435.9
10431, 4375.9
10438, 4323.08
10446, 4294.36
10454, 4314.87
10462, 4377.44
10470, 4435.9
10477, 4458.97
10484, 4436.41
10493, 4380
10501, 4324.1
10509, 4298.97
10516, 4305.13
10524, 4352.82
10532, 4416.41
10540, 4422.56
10548, 4385.64
10556, 4377.44
10563, 4381.54
10571, 4373.85
10579, 4376.92
10587, 4376.92
10595, 4373.85
10603, 4378.97
10610, 4378.46
10618, 4375.38
10626, 4375.9
10634, 4378.97
10642, 4371.79
10649, 4368.72
10656, 4378.97
10665, 4377.44
10673, 4373.33
10681, 4379.49
10689, 4375.38
10696, 4370.26
10704, 4382.56
10712, 4389.23
10719, 4377.95
10728, 4373.33
10735, 4374.36
10743, 4367.18
10751, 4369.74
10759, 4375.38
10767, 4367.69
10775, 4368.21
10782, 4376.92
10790, 4378.46
10798, 4373.85
10806, 4365.13
10813, 4366.15
10822, 4374.87
10829, 4375.9
10837, 4371.79
10845, 4367.69
10852, 4373.85
10861, 4382.56
10868, 4377.95
10876, 4371.79
10884, 4380.51
10892, 4389.74
10900, 4384.62
10908, 4384.1
10915, 4387.18
10923, 4375.9
10931, 4369.23
10939, 4376.92
10947, 4374.87
10953, 4375.38
10962, 4386.15
10969, 4386.15
10977, 4382.05
10985, 4381.54
10994, 4385.64
11001, 4378.46
11010, 4364.62
11016, 4370.77
11025, 4380.51
11033, 4379.49
11040, 4378.46
11048, 4381.03
11055, 4380.51
11064, 4377.95
11072, 4382.56
11080, 4383.08
11087, 4374.87
11094, 4371.28
11102, 4380
11110, 4390.77
11119, 4390.26
11126, 4378.46
11134, 4371.28
11142, 4373.33
11150, 4380.51
11158, 4383.08
11166, 4380.51
11173, 4389.23
11181, 4390.77
11189, 4376.92
11197, 4377.95
11205, 4390.77
11212, 4389.74
11220, 4381.54
11227, 4382.05
11236, 4384.62
11244, 4378.97
11252, 4377.44
11259, 4381.03
11267, 4380
11275, 4380.51
11283, 4378.97
11290, 4373.85
11297, 4373.33
11306, 4375.9
11314, 4382.05
11321, 4384.1
11330, 4375.9
11338, 4370.26
11345, 4376.41
11353, 4384.62
11360, 4380
11369, 4376.92
11377, 4387.69
11385, 4391.28
11392, 4388.21
11400, 4386.67
11408, 4384.62
11416, 4387.18
11423, 4390.77
11431, 4387.69, estimuli
11439, 4379.49
11447, 4375.38
11454, 4380
11463, 4381.03
11471, 4378.46
11478, 4383.59
11485, 4390.26
11494, 4387.69
11502, 4372.31
11510, 4372.82
11517, 4397.95
11525, 4395.38
11533, 4385.64
11541, 4422.56
11549, 4441.54
11557, 4373.85
11564, 4294.87
11572, 4294.36
11580, 4335.9
11588, 4379.49
11596, 4437.44
11603, 4471.28
11611, 4438.97
11619, 4368.72
11627, 4314.87
11634, 4303.08
11643, 4328.21
11650, 4384.62
11658, 4451.28
11666, 4476.92
11673, 4440
11682, 4368.21
11688, 4313.33
11697, 4305.64
11705, 4328.72
11713, 4378.46
11721, 4447.18
11729, 4473.85
11735, 4425.64
11744, 4354.87
11751, 4312.31
11760, 4302.56
11768, 4330.26
11775, 4390.26
11783, 4442.56
11791, 4458.46
11799, 4430.26
11807, 4367.69
11814, 4309.23
11822, 4292.82
11829, 4330.26
11838, 4392.82
11846, 4442.56
11854, 4460.51
11862, 4431.28
11868, 4366.15
11876, 4309.23
11885, 4295.38
11893, 4333.85
11900, 4391.28
11908, 4434.87
11916, 4456.92
11924, 4436.41
11932, 4370.77
11940, 4303.08
11948, 4286.15
11955, 4327.69
11963, 4385.13
11971, 4438.97
11979, 4469.23
11987, 4440
11994, 4365.13
12001, 4302.56
12010, 4297.44
12018, 4338.97
12026, 4387.69
12034, 4438.97
12041, 4465.13
12049, 4431.28
12057, 4365.13
12065, 4307.69
12072, 4294.87
12081, 4331.79
12087, 4390.77
12095, 4447.18
12103, 4466.15
12112, 4431.28
12120, 4369.23
12127, 4317.44
12135, 4306.15
12143, 4335.38
12151, 4385.64
12159, 4432.82
12167, 4453.33
12173, 4431.79
12182, 4366.67
12190, 4304.62
12198, 4294.36
12206, 4328.21
12212, 4389.23
12221, 4453.33
12229, 4471.79
12237, 4433.33
12245, 4371.79
12253, 4317.44
12260, 4297.95
12268, 4327.69
12276, 4387.18
12284, 4443.59
12292, 4465.64
12299, 4432.31
12307, 4365.13
12315, 4311.28
12323, 4295.38
12330, 4335.38
12339, 4403.59
12346, 4443.08
12353, 4457.95
12361, 4443.59
12369, 4375.9
12378, 4307.69
12384, 4298.46
12392, 4336.92
12401, 4392.82
12409, 4450.26
12417, 4471.28
12425, 4431.28
12431, 4360.51
12440, 4304.1
12448, 4299.49
12456, 4343.08
12464, 4401.03
12471, 4453.33
12479, 4470.77
12486, 4430.26
12495, 4369.74
12503, 4318.97
12511, 4294.36
12518, 4328.72
12526, 4402.05
12534, 4447.18
12542, 4425.64
12549, 4382.56
12556, 4376.92
12564, 4388.21
12573, 4384.62
12581, 4373.85
12589, 4372.82
12597, 4380.51
12604, 4385.13
12612, 4385.64
12619, 4382.56
12628, 4377.95
12636, 4378.97
12643, 4376.92
12650, 4375.38
12659, 4381.03
12667, 4381.54
12675, 4375.9
12683, 4375.38
12689, 4381.54
12698, 4386.15
12706, 4382.56
12714, 4376.41
12722, 4371.79
12730, 4377.44
12737, 4390.26
12745, 4385.64
12753, 4375.9
12761, 4376.41
12769, 4378.46
12776, 4379.49
12783, 4380.51
12792, 4383.08
12800, 4383.08
12808, 4379.49
12815, 4380
12823, 4380.51
12831, 4388.72
12838, 4397.95
12846, 4387.18
12855, 4379.49
12862, 4391.79
12869, 4391.28
12878, 4373.85
12886, 4376.92
12894, 4388.72
12902, 4376.41
12909, 4366.15
12917, 4380.51
12925, 4384.62
12933, 4378.97
12941, 4386.15
12948, 4393.85
12956, 4388.72
12964, 4376.92
12972, 4378.46
12980, 4385.13
12987, 4381.54
12995, 4379.49
13002, 4379.49
13011, 4383.59
13019, 4391.79
13027, 4383.59
13034, 4370.77
13042, 4375.38
13050, 4382.05
13058, 4376.92
13066, 4375.9
13074, 4384.62
13081, 4385.13
13089, 4381.03
13097, 4386.15
13105, 4386.67
13113, 4380.51
13120, 4377.44
13128, 4380.51
13136, 4384.1
13143, 4383.59
13151, 4388.21
13160, 4390.26
13167, 4383.08
13175, 4382.56
13183, 4385.64
13191, 4385.64
13199, 4383.08
13206, 4375.9
13214, 4374.36
13222, 4376.92
13230, 4378.97
13238, 4380.51
13246, 4375.9
13252, 4378.46
13261, 4385.13
13269, 4381.54
13277, 4377.95
13285, 4380.51
13293, 4381.54
13300, 4380
13307, 4378.97
13316, 4379.49
13324, 4381.03
13332, 4384.62
13339, 4388.21
13347, 4391.79
13355, 4397.44
13363, 4387.18
13371, 4369.23
13378, 4373.33
13386, 4385.13
13394, 4385.64
13401, 4382.56
13410, 4384.1
13418, 4387.69
13425, 4386.67
13433, 4387.18, estimuli
13441, 4387.69
13449, 4391.28
13457, 4398.97
13465, 4391.28
13471, 4385.13
13480, 4396.92
13488, 4398.46
13496, 4385.13
13504, 4379.49
13511, 4390.26
13519, 4397.95
13527, 4384.1
13535, 4392.82
13543, 4438.97
13551, 4447.18
13558, 4381.03
13566, 4306.15
13574, 4292.82
13582, 4326.15
13590, 4380.51
13597, 4441.54
13605, 4468.21
13613, 4449.23
13621, 4392.31
13629, 4320.51
13636, 4290.26
13643, 4327.69
13651, 4394.87
13660, 4448.21
13668, 4473.33
13676, 4454.87
13683, 4391.79
13691, 4329.74
13699, 4308.21
13707, 4327.69
13715, 4383.59
13723, 4447.18
13730, 4475.38
13738, 4449.23
13746, 4381.54
13754, 4316.92
13762, 4299.49
13769, 4328.72
13777, 4380
13785, 4436.92
13793, 4470.77
13801, 4445.64
13809, 4380
13815, 4323.59
13824, 4303.59
13831, 4333.85
13840, 4393.33
13848, 4451.28
13855, 4480.51
13862, 4452.31
13870, 4381.03
13879, 4316.41
13887, 4297.44
13895, 4333.33
13903, 4392.31
13910, 4441.54
13918, 4466.15
13926, 4445.13
13933, 4383.59
13942, 4314.87
13948, 4290.77
13956, 4334.87
13964, 4398.46
13973, 4446.15
13981, 4462.56
13988, 4437.95
13995, 4386.15
14004, 4322.05
14011, 4292.82
14020, 4324.1
14028, 4382.05
14035, 4441.03
14043, 4472.82
14050, 4442.56
14059, 4370.26
14067, 4313.33
14074, 4299.49
14082, 4322.56
14090, 4377.95
14098, 4445.13
14106, 4469.74
14114, 4433.33
14120, 4373.33
14129, 4320.51
14136, 4299.49
14144, 4328.21
14153, 4396.92
14160, 4457.95
14167, 4478.97
14176, 4451.28
14184, 4377.44
14192, 4312.31
14200, 4303.59
14206, 4334.87
14214, 4385.13
14222, 4445.64
14231, 4475.38
14239, 4442.05
14246, 4378.46
14254, 4328.21
14262, 4300.51
14269, 4318.97
14278, 4385.64
14286, 4447.69
14293, 4470.77
14301, 4442.05
14309, 4371.28
14317, 4316.92
14325, 4310.26
14332, 4331.79
14339, 4377.44
14348, 4444.1
14356, 4478.46
14364, 4445.64
14372, 4377.95
14379, 4318.46
14387, 4293.85
14395, 4324.1
14403, 4385.13
14411, 4445.64
14418, 4475.38
14426, 4442.05
14433, 4371.79
14442, 4314.36
14450, 4299.49
14458, 4331.79
14465, 4389.23
14473, 4450.77
14481, 4469.74
14489, 4429.74
14497, 4374.87
14505, 4325.13
14512, 4295.38
14520, 4321.03
14528, 4393.85
14535, 4443.08
14543, 4424.1
14551, 4384.1
14559, 4378.97
14567, 4394.36
14575, 4400
14583, 4390.26
14590, 4375.38
14597, 4374.36
14606, 4384.1
14614, 4389.23
14621, 4383.08
14629, 4381.03
14636, 4386.67
14644, 4384.62
14653, 4380.51
14661, 4385.64
14669, 4392.31
14676, 4391.79
14684, 4382.05
14692, 4383.08
14700, 4393.33
14708, 4391.79
14716, 4388.21
14723, 4386.15
14731, 4385.64
14739, 4388.21
14747, 4385.13
14754, 4381.54
14762, 4380.51
14769, 4391.28
14778, 4399.49
14786, 4386.15
14794, 4378.46
14802, 4382.56
14809, 4378.97
14817, 4378.46
14825, 4384.1
14832, 4386.15
14841, 4383.59
14849, 4382.56
14856, 4384.62
14864, 4383.59
14872, 4382.05
14880, 4385.64
14888, 4390.77
14894, 4388.21
14903, 4375.38
14911, 4376.92
14919, 4391.28
14927, 4388.21
14935, 4377.44
14942, 4382.05
14949, 4396.41
14958, 4401.54
14965, 4388.21
14974, 4385.64
14982, 4395.9
14989, 4391.28
14996, 4381.03
15004, 4381.03
15013, 4387.69
15021, 4390.26
15027, 4390.26
15035, 4390.26
15044, 4386.67
15052, 4383.59
15060, 4386.67
15068, 4388.72
15075, 4385.13
15083, 4382.56
15091, 4388.72
15099, 4389.23
15107, 4380.51
15114, 4381.03
15122, 4387.69
15130, 4391.28
15138, 4389.74
15146, 4382.56
15153, 4385.64
15160, 4389.74
15169, 4384.1
15177, 4391.79
15185, 4397.95
15193, 4389.74
15199, 4385.13
15208, 4385.64
15216, 4383.59
15224, 4382.56
15231, 4386.67
15239, 4387.18
15246, 4385.13
15255, 4387.18
15262, 4386.15
15271, 4385.13
15279, 4385.64
15286, 4384.1
15294, 4388.21
15301, 4388.72
15310, 4381.03
15318, 4382.05
15326, 4384.62
15333, 4383.59
15341, 4382.56
15349, 4382.05
15357, 4386.15
15365, 4381.54
15372, 4379.49
15380, 4393.85
15388, 4401.54
15395, 4390.77
15403, 4377.44
15411, 4384.1
15419, 4401.54
15427, 4397.95
15435, 4384.62, estimuli
15443, 4384.1
15451, 4390.77
15459, 4382.56
15466, 4374.36
15474, 4386.15
15482, 4391.79
15490, 4385.64
15498, 4385.13
15505, 4383.59
15513, 4384.62
15521, 4394.36
15529, 4390.26
15537, 4391.79
15545, 4423.59
15552, 4438.46
15560, 4391.28
15568, 4321.03
15576, 4295.9
15584, 4325.13
15591, 4385.64
15599, 4442.56
15607, 4462.56
15615, 4443.59
15622, 4386.67
15631, 4325.64
15638, 4300.51
15646, 4319.49
15654, 4376.92
15662, 4439.49
15670, 4467.69
15677, 4449.74
15685, 4394.36
15693, 4333.85
15701, 4307.18
15709, 4328.21
15717, 4383.08
15724, 4443.08
15732, 4475.9
15740, 4455.38
15748, 4393.33
15755, 4338.46
15763, 4314.87
15771, 4334.36
15779, 4388.21
15787, 4454.87
15794, 4496.41
15802, 4465.64
15810, 4389.23
15818, 4328.21
15826, 4306.15
15834, 4324.62
15842, 4375.9
15848, 4438.97
15857, 4473.85
15864, 4447.18
15873, 4384.1
15880, 4329.74
15889, 4306.15
15896, 4323.08
15904, 4372.82
15912, 4438.97
15920, 4478.46
15928, 4452.31
15935, 4387.69
15943, 4326.67
15951, 4304.1
15959, 4329.74
15966, 4383.59
15975, 4443.59
15982, 4472.31
15989, 4455.38
15998, 4401.03
16005, 4330.26
16014, 4297.95
16022, 4323.08
16029, 4376.92
16037, 4438.97
16045, 4474.87
16053, 4456.41
16061, 4397.44
16068, 4328.21
16076, 4292.82
16084, 4317.95
16091, 4380
16100, 4443.59
16108, 4474.36
16115, 4451.28
16122, 4387.18
16131, 4325.13
16139, 4298.46
16147, 4316.92
16154, 4374.36
16162, 4440.51
16170, 4472.82
16177, 4448.72
16186, 4384.1
16194, 4327.18
16201, 4305.13
16209, 4328.21
16217, 4383.59
16225, 4440
16233, 4473.85
16240, 4456.41
16248, 4390.26
16256, 4324.62
16264, 4306.15
16271, 4337.44
16280, 4381.54
16287, 4428.72
16294, 4470.26
16303, 4455.38
16311, 4384.62
16319, 4323.59
16326, 4303.59
16334, 4327.69
16342, 4383.59
16350, 4446.67
16358, 4479.49
16366, 4447.69
16373, 4382.56
16381, 4326.15
16388, 4301.03
16397, 4335.38
16405, 4397.95
16412, 4446.67
16420, 4467.69
16428, 4447.18
16435, 4385.64
16444, 4321.03
16452, 4303.08
16459, 4336.41
16467, 4387.18
16475, 4442.56
16483, 4475.38
16490, 4450.77
16499, 4386.15
16506, 4332.31
16514, 4310.26
16522, 4323.08
16530, 4383.08
16538, 4444.1
16545, 4431.28
16553, 4388.72
16561, 4384.1
16569, 4394.87
16577, 4394.36
16585, 4382.56
16592, 4379.49
16599, 4391.79
16608, 4396.92
16616, 4386.67
16623, 4381.03
16631, 4389.74
16639, 4394.87
16646, 4384.62
16654, 4376.41
16663, 4376.92
16671, 4385.13
16678, 4393.85
16685, 4388.72
16694, 4383.59
16702, 4391.28
16710, 4400.51
16717, 4396.92
16725, 4389.23
16733, 4398.46
16741, 4395.38
16749, 4378.97
16757, 4387.18
16763, 4395.38
16772, 4386.67
16779, 4385.64
16787, 4390.26
16796, 4390.77
16803, 4396.41
16811, 4399.49
16819, 4390.26
16827, 4385.13
16835, 4387.69
16843, 4385.13
16850, 4385.13
16858, 4387.69
16866, 4382.56
16874, 4381.54
16882, 4388.72
16889, 4392.82
16897, 4390.77
16905, 4377.95
16913, 4382.05
16921, 4397.95
16929, 4393.33
16936, 4386.67
16944, 4389.74
16952, 4392.82
16960, 4390.26
16967, 4388.21
16975, 4394.87
16983, 4394.87
16991, 4387.18
16999, 4387.18
17007, 4399.49
17015, 4405.13
17022, 4390.26
17030, 4382.05
17038, 4388.72
17046, 4388.72
17053, 4389.23
17061, 4392.82
17069, 4389.74
17077, 4388.21
17085, 4388.72
17093, 4389.74
17101, 4388.21
17108, 4380.51
17115, 4378.46
17124, 4382.05
17132, 4391.28
17140, 4395.9
17148, 4385.13
17155, 4381.03
17163, 4383.59
17170, 4385.13
17178, 4387.18
17186, 4387.69
17193, 4390.26
17202, 4395.38
17210, 4397.44
17218, 4390.77
17226, 4384.62
17233, 4387.69
17241, 4385.13
17249, 4384.1
17257, 4394.36
17265, 4394.87
17273, 4388.21
17280, 4385.13
17287, 4382.56
17296, 4386.67
17304, 4385.64
17312, 4379.49
17320, 4384.62
17327, 4391.28
17335, 4390.26
17343, 4382.56
17351, 4380
17359, 4385.13
17366, 4384.62
17374, 4384.1
17382, 4386.67
17390, 4387.18
17398, 4385.64
17406, 4384.1
17413, 4392.31
17421, 4395.9
17429, 4388.72
17437, 4387.69, estimuli
17445, 4388.72
17452, 4384.1
17460, 4385.13
17468, 4393.33
17476, 4396.41
17483, 4389.23
17491, 4391.79
17498, 4403.08
17506, 4397.44
17515, 4385.13
17522, 4387.69
17531, 4391.28
17538, 4397.44
17546, 4427.18
17554, 4447.18
17562, 4397.95
17570, 4324.62
17578, 4301.54
17585, 4322.56
17593, 4372.82
17601, 4435.38
17609, 4468.72
17617, 4464.62
17625, 4413.33
17632, 4333.85
17639, 4294.36
17648, 4320
17656, 4378.97
17663, 4436.92
17671, 4473.85
17679, 4461.03
17687, 4402.05
17695, 4342.56
17703, 4307.18
17711, 4319.49
17718, 4376.41
17726, 4445.13
17733, 4485.64
17742, 4462.05
17749, 4396.92
17757, 4338.97
17765, 4307.18
17773, 4323.08
17781, 4376.41
17789, 4434.36
17797, 4470.77
17804, 4457.95
17812, 4400.51
17820, 4342.05
17828, 4308.21
17836, 4315.38
17843, 4363.08
17851, 4434.36
17858, 4477.95
17866, 4452.31
17875, 4389.23
17883, 4338.97
17889, 4320
17898, 4327.18
17906, 4365.64
17914, 4442.05
17921, 4486.67
17929, 4449.23
17936, 4382.05
17945, 4334.36
17953, 4311.28
17961, 4320
17969, 4371.79
17976, 4444.1
17983, 4481.03
17992, 4458.46
18000, 4398.97
18007, 4333.33
18014, 4302.56
18022, 4323.59
18031, 4377.44
18039, 4437.44
18046, 4466.67
18055, 4447.18
18062, 4388.21
18070, 4330.26
18077, 4306.15
18086, 4316.92
18094, 4367.18
18101, 4437.44
18109, 4477.44
18116, 4457.44
18125, 4394.87
18133, 4335.38
18141, 4304.62
18148, 4320
18156, 4377.44
18164, 4441.03
18172, 4477.95
18180, 4461.03
18187, 4397.44
18195, 4334.36
18203, 4303.08
18211, 4321.03
18219, 4378.97
18227, 4444.1
18234, 4482.05
18242, 4459.49
18249, 4389.74
18258, 4331.79
18266, 4307.18
18274, 4319.49
18281, 4371.28
18289, 4441.54
18296, 4482.56
18305, 4457.95
18313, 4395.9
18320, 4334.36
18328, 4302.56
18336, 4327.18
18344, 4381.54
18352, 4438.97
18360, 4478.97
18367, 4464.62
18375, 4401.54
18382, 4335.38
18391, 4303.59
18399, 4321.03
18406, 4383.08
18414, 4454.87
18422, 4477.44
18430, 4446.67
18438, 4395.9
18446, 4334.87
18453, 4296.41
18461, 4316.92
18469, 4381.03
18477, 4445.13
18485, 4468.21
18493, 4442.05
18500, 4386.67
18508, 4331.28
18516, 4301.54
18524, 4311.28
18532, 4371.28
18538, 4437.44
18547, 4437.44
18555, 4395.9
18563, 4380.51
18571, 4394.87
18579, 4392.82
18586, 4375.9
18594, 4381.54
18602, 4389.23
18610, 4388.21
18618, 4391.79
18625, 4391.79
18633, 4389.74
18641, 4393.33
18649, 4388.72
18657, 4377.44
18665, 4376.41
18672, 4388.21
18680, 4391.79
18688, 4387.18
18696, 4392.31
18704, 4396.41
18711, 4387.69
18718, 4382.56
18727, 4385.13
18735, 4390.26
18743, 4386.67
18751, 4381.54
18758, 4387.18
18766, 4389.74
18774, 4387.69
18782, 4388.21
18790, 4394.36
18797, 4395.9
18805, 4384.1
18813, 4383.59
18821, 4389.74
18829, 4385.64
18837, 4382.05
18844, 4383.08
18852, 4389.74
18860, 4391.79
18868, 4384.62
18876, 4381.54
18883, 4386.15
18891, 4391.28
18899, 4390.26
18907, 4387.69
18915, 4390.77
18923, 4388.21
18930, 4387.69
18938, 4393.85
18946, 4392.31
18954, 4387.69
18962, 4389.23
18969, 4388.21
18977, 4387.18
18985, 4384.62
18993, 4385.13
19001, 4387.18
19009, 4386.67
19016, 4385.64
19024, 4380.51
19032, 4381.54
19040, 4386.67
19048, 4385.64
19055, 4388.21
19063, 4389.23
19071, 4387.69
19079, 4386.67
19087, 4385.64
19095, 4386.67
19102, 4384.1
19110, 4380
19118, 4380.51
19126, 4384.62
19133, 4392.82
19142, 4392.82
19149, 4387.18
19157, 4389.23
19165, 4390.26
19173, 4388.21
19181, 4385.64
19188, 4386.15
19196, 4394.87
19204, 4393.85
19212, 4381.03
19220, 4375.38
19227, 4384.1
19235, 4396.41
19243, 4396.92
19251, 4391.28
19259, 4389.23
19267, 4385.64
19274, 4383.08
19282, 4378.97
19290, 4381.54
19297, 4388.72
19305, 4388.21
19312, 4388.21
19320, 4393.85
19329, 4398.97
19337, 4394.87
19345, 4384.1
19353, 4390.26
19360, 4397.95
19368, 4387.69
19376, 4387.18
19384, 4393.85
19392, 4391.79
19400, 4389.74
19407, 4386.15
19414, 4385.64
19423, 4390.77
19430, 4389.74
19439, 4382.05, estimuli
19445, 4382.56
19454, 4394.87
19461, 4392.82
19470, 4377.44
19478, 4377.95
19485, 4384.1
19493, 4384.1
19500, 4382.05
19508, 4380
19517, 4383.59
19525, 4393.85
19533, 4395.9
19539, 4398.46
19548, 4428.72
19556, 4443.59
19564, 4380
19572, 4297.95
19579, 4289.74
19587, 4334.87
19595, 4393.33
19603, 4450.26
19611, 4477.95
19619, 4448.72
19626, 4378.46
19633, 4321.54
19642, 4305.64
19650, 4344.1
19658, 4408.21
19665, 4448.72
19673, 4461.54
19681, 4436.92
19689, 4374.36
19696, 4320
19704, 4305.64
19712, 4336.41
19719, 4395.9
19728, 4452.82
19736, 4470.26
19744, 4433.33
19751, 4372.31
19759, 4318.97
19767, 4298.97
19775, 4332.82
19783, 4395.38
19791, 4451.28
19798, 4473.33
19806, 4441.03
19814, 4374.36
19822, 4317.44
19830, 4306.67
19837, 4340.51
19845, 4402.56
19853, 4467.18
19861, 4486.15
19869, 4446.15
19877, 4378.46
19884, 4318.46
19892, 4304.62
19900, 4336.92
19908, 4393.33
19916, 4460
19923, 4478.97
19931, 4432.82
19939, 4370.77
19947, 4321.03
19955, 4304.1
19963, 4331.79
19970, 4393.85
19978, 4459.49
19986, 4477.44
19994, 4440
20002, 4374.87
20009, 4321.03
20016, 4307.18
20024, 4341.54
20033, 4405.13
20041, 4457.95
20049, 4475.9
20056, 4451.79
20064, 4381.54
20072, 4312.31
20080, 4298.97
20088, 4334.87
20095, 4391.79
20103, 4449.23
20111, 4476.92
20118, 4446.15
20127, 4376.41
20135, 4321.03
20142, 4302.56
20150, 4331.28
20158, 4394.36
20166, 4456.92
20174, 4477.95
20181, 4436.41
20189, 4365.13
20197, 4316.41
20205, 4304.1
20213, 4332.82
20221, 4397.44
20228, 4466.67
20236, 4487.18
20244, 4434.87
20252, 4366.67
20260, 4330.77
20267, 4316.41
20274, 4337.44
20283, 4395.38
20291, 4452.31
20299, 4468.72
20307, 4437.95
20314, 4377.95
20322, 4316.92
20330, 4300
20338, 4341.03
20346, 4404.62
20354, 4457.95
20361, 4472.82
20369, 4436.92
20377, 4368.72
20385, 4303.08
20393, 4290.77
20400, 4334.36
20407, 4397.95
20416, 4452.82
20424, 4467.69
20432, 4439.49
20440, 4376.41
20447, 4311.28
20455, 4302.05
20463, 4346.15
20471, 4401.54
20478, 4448.21
20486, 4465.64
20494, 4438.46
20502, 4373.33
20510, 4314.36
20518, 4302.56
20525, 4335.9
20532, 4401.03
20540, 4443.59
20548, 4421.54
20556, 4385.64
20565, 4386.15
20572, 4398.46
20580, 4389.74
20588, 4380
20596, 4389.23
20604, 4397.44
20612, 4388.72
20619, 4377.95
20627, 4384.1
20635, 4394.36
20643, 4386.15
20651, 4378.46
20659, 4385.13
20666, 4391.28
20674, 4394.36
20682, 4386.67
20690, 4373.33
20697, 4380
20705, 4392.82
20713, 4389.74
20721, 4377.95
20729, 4381.03
20737, 4396.41
20744, 4392.31
20751, 4382.05
20760, 4384.1
20768, 4388.72
20776, 4388.72
20783, 4385.64
20791, 4389.23
20799, 4392.82
20807, 4392.82
20815, 4391.28
20823, 4385.64
20831, 4385.13
20838, 4389.74
20846, 4385.64
20854, 4378.97
20862, 4381.03
20869, 4388.72
20877, 4388.72
20885, 4375.9
20893, 4374.87
20901, 4381.03
20909, 4377.44
20917, 4377.44
20924, 4379.49
20932, 4383.59
20940, 4386.15
20948, 4383.08
20956, 4387.18
20963, 4388.21
20971, 4383.08
20979, 4381.54
20987, 4385.13
20995, 4388.72
21003, 4385.64
21010, 4388.72
21018, 4391.79
21026, 4385.64
21034, 4385.64
21041, 4390.77
21048, 4393.33
21057, 4391.28
21064, 4389.23
21073, 4394.36
21081, 4391.28
21089, 4381.54
21096, 4384.62
21104, 4385.64
21112, 4381.03
21120, 4381.54
21128, 4382.56
21135, 4386.15
21143, 4384.1
21151, 4381.54
21159, 4384.1
21167, 4383.08
21175, 4386.15
21182, 4390.77
21190, 4392.31
21198, 4391.28
21206, 4387.69
21214, 4384.62
21221, 4385.64
21229, 4389.74
21237, 4391.79
21244, 4388.72
21253, 4391.28
21261, 4392.82
21268, 4390.26
21276, 4394.36
21284, 4392.82
21291, 4383.59
21300, 4382.56
21307, 4387.18
21315, 4388.72
21323, 4384.62
21331, 4382.56
21339, 4385.64
21347, 4388.72
21354, 4385.13
21362, 4378.46
21370, 4382.56
21378, 4387.18
21386, 4378.97
21393, 4382.05
21401, 4390.26
21409, 4382.56
21417, 4382.05
21425, 4394.36
21433, 4397.95
21439, 4388.21, estimuli
21448, 4382.05
21456, 4388.21
21464, 4387.18
21472, 4386.67
21479, 4394.87
21487, 4391.79
21495, 4383.59
21502, 4381.03
21511, 4383.59
21518, 4385.64
21525, 4385.13
21533, 4388.21
21542, 4403.08
21550, 4434.87
21558, 4441.03
21566, 4383.59
21573, 4314.87
21581, 4291.79
21589, 4319.49
21596, 4383.08
21605, 4442.56
21612, 4470.77
21620, 4449.23
21627, 4384.1
21636, 4324.1
21644, 4300.51
21651, 4323.59
21659, 4381.03
21667, 4445.13
21675, 4481.54
21683, 4458.46
21691, 4391.79
21698, 4323.08
21705, 4298.97
21714, 4332.82
21721, 4390.26
21729, 4445.13
21738, 4475.9
21745, 4451.79
21753, 4390.26
21761, 4331.28
21769, 4306.15
21777, 4330.77
21784, 4386.67
21791, 4446.67
21800, 4473.33
21808, 4445.64
21816, 4384.62
21824, 4319.49
21831, 4291.79
21839, 4323.59
21847, 4390.26
21854, 4449.23
21863, 4466.15
21871, 4440.51
21878, 4385.64
21886, 4326.67
21894, 4308.72
21901, 4341.03
21909, 4394.36
21916, 4443.59
21925, 4469.23
21933, 4452.82
21941, 4392.31
21949, 4329.23
21957, 4308.21
21964, 4330.26
21972, 4390.77
21980, 4455.9
21988, 4477.44
21996, 4452.82
22003, 4391.79
22011, 4324.62
22019, 4298.46
22027, 4329.23
22035, 4398.46
22043, 4457.44
22050, 4477.44
22058, 4450.77
22066, 4388.72
22074, 4325.64
22081, 4298.46
22088, 4328.21
22097, 4398.97
22105, 4462.05
22112, 4486.15
22121, 4456.41
22129, 4385.13
22135, 4321.03
22144, 4303.08
22152, 4338.97
22160, 4395.38
22168, 4452.31
22174, 4485.64
22182, 4454.87
22191, 4383.08
22199, 4323.08
22207, 4302.05
22215, 4333.33
22222, 4397.44
22230, 4459.49
22238, 4478.46
22246, 4443.59
22253, 4389.74
22261, 4332.82
22269, 4302.05
22277, 4331.28
22285, 4401.03
22293, 4465.13
22301, 4486.67
22308, 4450.77
22316, 4382.05
22324, 4323.59
22331, 4306.67
22339, 4335.9
22347, 4395.9
22354, 4462.56
22362, 4483.08
22370, 4441.03
22379, 4372.82
22387, 4314.36
22394, 4303.08
22402, 4342.56
22410, 4405.64
22418, 4455.9
22426, 4473.33
22434, 4454.87
22441, 4390.26
22449, 4318.46
22457, 4303.08
22465, 4343.59
22473, 4401.54
22480, 4451.79
22488, 4472.31
22496, 4446.67
22504, 4386.15
22512, 4333.85
22520, 4306.15
22527, 4318.97
22535, 4389.23
22543, 4445.64
22551, 4428.21
22558, 4389.23
22566, 4389.74
22573, 4402.56
22582, 4395.9
22590, 4394.36
22598, 4397.95
22606, 4387.18
22613, 4388.72
22620, 4398.97
22629, 4394.36
22637, 4390.77
22645, 4391.79
22652, 4392.31
22660, 4392.82
22668, 4391.28
22676, 4392.82
22684, 4393.33
22692, 4390.77
22699, 4385.13
22707, 4392.82
22715, 4405.13
22723, 4390.26
22731, 4380.51
22738, 4397.44
22746, 4402.05
22753, 4388.21
22761, 4383.59
22770, 4391.28
22778, 4393.85
22784, 4387.69
22793, 4389.74
22800, 4400
22808, 4403.08
22817, 4396.41
22824, 4387.18
22832, 4390.26
22840, 4397.95
22848, 4396.41
22856, 4394.87
22864, 4392.82
22871, 4387.69
22879, 4387.69
22887, 4400
22895, 4408.72
22903, 4392.31
22911, 4384.1
22918, 4398.97
22926, 4396.92
22934, 4387.69
22942, 4391.79
22950, 4392.82
22957, 4388.21
22964, 4391.28
22972, 4394.87
22981, 4386.67
22988, 4389.74
22996, 4402.56
23004, 4394.36
23012, 4390.26
23020, 4397.44
23028, 4393.33
23036, 4393.85
23043, 4397.95
23051, 4394.87
23059, 4393.33
23067, 4398.46
23075, 4400
23083, 4394.87
23090, 4400
23098, 4406.67
23105, 4401.03
23113, 4398.97
23122, 4402.05
23129, 4403.59
23137, 4403.59
23145, 4393.33
23153, 4388.21
23161, 4392.31
23169, 4398.46
23176, 4403.08
23183, 4396.41
23192, 4394.36
23200, 4403.59
23208, 4401.03
23215, 4384.1
23222, 4382.56
23231, 4398.97
23239, 4401.03
23247, 4396.92
23255, 4409.74
23262, 4410.26
23270, 4397.44
23278, 4397.44
23285, 4401.54
23294, 4402.05
23301, 4404.1
23309, 4404.62
23316, 4397.44
23324, 4389.23
23333, 4393.85
23341, 4396.41
23348, 4387.18
23356, 4386.67
23364, 4391.28
23371, 4393.33
23380, 4388.21
23387, 4381.03
23395, 4381.54
23403, 4387.69
23411, 4400
23419, 4398.97
23427, 4382.56
23434, 4381.03
23442, 4390.26, estimuli
23450, 4394.36
23458, 4392.82
23466, 4389.74
23474, 4393.33
23481, 4394.87
23489, 4393.33
23497, 4396.92
23505, 4396.41
23513, 4392.31
23520, 4393.33
23528, 4406.67
23536, 4412.31
23544, 4405.13
23552, 4425.13
23560, 4448.72
23567, 4406.15
23575, 4329.74
23583, 4297.95
23591, 4326.67
23599, 4385.13
23606, 4445.13
23613, 4480
23621, 4458.46
23630, 4394.87
23638, 4333.33
23645, 4301.54
23653, 4324.62
23661, 4384.62
23669, 4443.59
23677, 4476.41
23685, 4459.49
23691, 4398.46
23700, 4330.26
23708, 4298.97
23715, 4324.62
23723, 4382.56
23732, 4448.72
23739, 4487.69
23747, 4462.56
23754, 4392.31
23763, 4326.67
23771, 4304.1
23778, 4327.69
23786, 4378.46
23794, 4443.08
23802, 4476.41
23810, 4455.38
23818, 4399.49
23825, 4335.9
23833, 4305.13
23841, 4324.1
23849, 4378.46
23857, 4438.46
23864, 4471.79
23872, 4460.51
23880, 4400.51
23888, 4330.26
23896, 4306.15
23904, 4330.77
23911, 4386.67
23919, 4446.67
23927, 4472.82
23935, 4458.46
23943, 4405.64
23951, 4333.85
23958, 4294.87
23966, 4320.51
23974, 4386.67
23982, 4443.59
23990, 4473.85
23997, 4464.62
24005, 4406.15
24013, 4335.9
24021, 4305.13
24029, 4334.36
24037, 4392.82
24044, 4442.56
24052, 4475.9
24059, 4460.51
24067, 4397.44
24076, 4331.79
24083, 4300.51
24091, 4327.18
24099, 4385.64
24107, 4439.49
24114, 4473.85
24121, 4457.44
24130, 4391.28
24138, 4329.23
24146, 4313.33
24154, 4336.92
24162, 4384.1
24168, 4444.62
24177, 4481.03
24185, 4458.46
24193, 4398.46
24201, 4334.87
24209, 4306.15
24216, 4336.41
24224, 4392.82
24232, 4447.69
24239, 4474.87
24247, 4456.92
24254, 4403.08
24263, 4333.85
24271, 4301.54
24279, 4331.79
24287, 4389.23
24295, 4442.56
24302, 4469.74
24310, 4449.23
24318, 4385.64
24326, 4320.51
24334, 4299.49
24341, 4329.23
24348, 4397.95
24356, 4464.62
24365, 4480.51
24372, 4451.28
24380, 4387.69
24388, 4317.44
24395, 4297.44
24403, 4332.82
24411, 4391.28
24419, 4444.62
24426, 4469.23
24435, 4455.9
24442, 4402.56
24451, 4330.77
24459, 4295.9
24467, 4326.15
24474, 4392.31
24482, 4447.69
24490, 4471.79
24498, 4453.85
24506, 4396.92
24513, 4331.28
24521, 4295.38
24529, 4315.38
24537, 4383.08
24545, 4441.54
24553, 4437.95
24560, 4398.46
24568, 4392.82
24576, 4399.49
24583, 4381.03
24592, 4385.64
24599, 4397.95
24607, 4386.15
24615, 4390.26
24622, 4398.97
24631, 4393.85
24638, 4390.26
24646, 4390.26
24654, 4390.77
24662, 4389.74
24670, 4386.67
24677, 4388.21
24686, 4391.79
24693, 4390.77
24701, 4386.15
24709, 4388.72
24717, 4389.74
24725, 4385.64
24732, 4386.67
24740, 4385.64
24747, 4391.28
24756, 4406.15
24763, 4395.38
24772, 4376.92
24779, 4382.56
24787, 4392.31
24795, 4387.69
24803, 4382.56
24811, 4392.82
24818, 4398.46
24826, 4394.36
24834, 4398.46
24842, 4393.85
24850, 4387.18
24857, 4396.92
24864, 4397.44
24872, 4386.67
24881, 4386.67
24889, 4394.36
24897, 4393.85
24904, 4387.69
24912, 4388.21
24920, 4389.23
24928, 4388.72
24936, 4392.31
24944, 4392.82
24951, 4391.28
24959, 4393.85
24966, 4393.85
24975, 4388.72
24983, 4382.05
24990, 4382.05
24998, 4386.15
25006, 4385.64
25013, 4384.62
25021, 4384.62
25029, 4387.18
25037, 4392.31
25045, 4394.36
25053, 4395.9
25061, 4390.26
25069, 4387.69
25076, 4390.26
25083, 4387.69
25092, 4393.33
25100, 4395.38
25108, 4387.18
25116, 4389.23
25123, 4391.79
25131, 4391.79
25138, 4392.82
25147, 4391.79
25155, 4397.44
25165, 4400
25170, 4397.44
25178, 4396.41
25186, 4388.72
25193, 4382.05
25201, 4379.49
25208, 4382.05
25216, 4387.18
25225, 4385.13
25233, 4383.08
25241, 4387.69
25248, 4395.9
25256, 4391.28
25264, 4381.54
25272, 4388.21
25280, 4392.31
25288, 4386.67
25295, 4396.41
25303, 4406.15
25311, 4395.9
25319, 4389.74
25327, 4398.97
25335, 4396.41
25342, 4383.08
25350, 4393.85
25358, 4407.18
25366, 4395.9
25373, 4391.79
25380, 4391.79
25388, 4383.59
25397, 4381.54
25405, 4387.69
25413, 4393.85
25421, 4393.33
25428, 4389.74
25436, 4387.69
25444, 4387.18, estimuli
25452, 4388.72
25460, 4390.77
25467, 4391.79
25474, 4392.31
25482, 4389.23
25491, 4392.31
25499, 4394.36
25507, 4386.67
25514, 4387.18
25522, 4393.85
25530, 4397.95
25538, 4391.28
25546, 4394.36
25554, 4432.31
25561, 4450.26
25569, 4410.26
25577, 4341.03
25585, 4296.92
25593, 4316.41
25600, 4376.41
25608, 4438.46
25616, 4477.95
25624, 4464.1
25632, 4403.59
25640, 4336.41
25647, 4303.08
25654, 4323.59
25663, 4379.49
25671, 4442.56
25679, 4477.44
25686, 4462.05
25694, 4406.15
25702, 4336.41
25710, 4298.46
25718, 4319.49
25726, 4374.87
25733, 4437.95
25741, 4477.44
25749, 4462.56
25757, 4404.1
25765, 4343.08
25771, 4312.82
25780, 4327.18
25788, 4377.95
25795, 4440.51
25804, 4480
25812, 4469.23
25819, 4409.23
25827, 4344.1
25835, 4314.87
25842, 4326.15
25850, 4375.38
25857, 4439.49
25865, 4475.9
25874, 4466.15
25882, 4410.77
25890, 4342.05
25898, 4307.69
25905, 4325.13
25913, 4378.46
25921, 4435.38
25928, 4474.87
25937, 4466.15
25944, 4398.97
25952, 4331.28
25960, 4304.62
25968, 4324.62
25975, 4382.56
25984, 4442.05
25991, 4475.9
25999, 4463.08
26007, 4408.21
26015, 4344.1
26023, 4305.64
26030, 4323.08
26038, 4380
26046, 4442.05
26054, 4481.54
26062, 4467.69
26070, 4410.26
26077, 4340.51
26085, 4300.51
26093, 4323.08
26101, 4382.56
26109, 4442.05
26116, 4484.1
26124, 4470.26
26132, 4405.13
26140, 4339.49
26148, 4305.64
26156, 4319.49
26163, 4375.9
26170, 4444.1
26178, 4480.51
26187, 4465.64
26195, 4411.79
26201, 4335.38
26210, 4296.41
26218, 4325.13
26225, 4387.18
26234, 4448.72
26242, 4479.49
26249, 4461.54
26256, 4405.64
26264, 4336.41
26273, 4300.51
26281, 4321.03
26289, 4378.46
26296, 4436.92
26304, 4470.26
26312, 4458.97
26320, 4399.49
26328, 4332.82
26335, 4307.69
26343, 4323.59
26351, 4371.79
26358, 4433.33
26367, 4473.85
26375, 4461.54
26382, 4405.13
26390, 4348.21
26398, 4317.44
26406, 4326.67
26414, 4380.51
26421, 4446.15
26429, 4483.08
26437, 4466.67
26445, 4401.03
26453, 4333.85
26461, 4305.13
26468, 4325.13
26476, 4382.05
26484, 4443.08
26492, 4481.54
26500, 4465.13
26507, 4398.97
26514, 4333.85
26523, 4305.64
26531, 4323.08
26539, 4381.54
26547, 4441.54
26553, 4447.18
26561, 4403.59
26570, 4386.15
26578, 4397.44
26585, 4394.87
26593, 4398.97
26601, 4404.1
26609, 4392.82
26617, 4385.64
26625, 4386.15
26633, 4387.69
26640, 4383.08
26648, 4385.64
26656, 4391.79
26664, 4385.64
26672, 4379.49
26679, 4381.03
26687, 4388.21
26695, 4393.33
26703, 4388.21
26711, 4384.1
26719, 4391.79
26726, 4402.05
26734, 4396.41
26742, 4383.59
26750, 4387.69
26758, 4394.36
26766, 4387.18
26773, 4386.67
26781, 4389.23
26789, 4387.18
26796, 4395.38
26805, 4400
26812, 4388.21
26820, 4380.51
26827, 4386.15
26836, 4391.28
26844, 4388.21
26852, 4387.69
26859, 4385.13
26867, 4380.51
26875, 4388.21
26883, 4394.36
26891, 4397.44
26898, 4396.92
26906, 4385.64
26914, 4387.18
26922, 4397.95
26930, 4400.51
26937, 4397.95
26945, 4393.85
26953, 4387.18
26961, 4385.64
26969, 4395.38
26977, 4399.49
26984, 4390.77
26992, 4390.77
27000, 4400
27008, 4401.54
27016, 4389.74
27024, 4382.56
27031, 4390.77
27039, 4393.85
27047, 4388.21
27055, 4389.74
27063, 4389.23
27070, 4386.67
27077, 4385.64
27086, 4382.05
27094, 4386.15
27102, 4390.26
27110, 4387.18
27117, 4385.64
27125, 4388.21
27133, 4395.38
27141, 4389.23
27149, 4380.51
27157, 4386.15
27164, 4391.79
27171, 4393.85
27180, 4395.38
27187, 4390.26
27196, 4387.69
27202, 4395.38
27211, 4404.1
27219, 4397.95
27227, 4388.21
27234, 4391.28
27242, 4391.28
27250, 4388.21
27257, 4386.67
27266, 4387.69
27274, 4392.31
27281, 4387.18
27289, 4378.97
27297, 4384.1
27304, 4388.21
27313, 4387.69
27320, 4389.74
27329, 4388.21
27336, 4386.15
27344, 4388.21
27352, 4388.21
27360, 4384.62
27368, 4392.31
27375, 4398.97
27383, 4385.13
27391, 4378.97
27399, 4390.26
27407, 4401.03
27414, 4402.05
27422, 4388.72
27429, 4385.64
27438, 4395.9
27445, 4389.23, estimuli
27453, 4376.41
27461, 4382.56
27468, 4394.36
27477, 4393.33
27485, 4388.72
27493, 4394.87
27501, 4396.92
27508, 4390.77
27516, 4386.15
27523, 4387.69
27532, 4395.38
27540, 4388.72
27547, 4394.87
27555, 4439.49
27563, 4446.15
27571, 4375.9
27579, 4304.62
27587, 4298.97
27594, 4338.46
27602, 4393.33
27610, 4458.46
27618, 4487.69
27626, 4445.64
27634, 4370.26
27641, 4312.31
27649, 4301.54
27657, 4338.97
27664, 4396.92
27672, 4457.95
27679, 4485.64
27687, 4451.79
27696, 4382.05
27704, 4316.92
27712, 4300.51
27719, 4338.46
27727, 4403.08
27735, 4460
27743, 4476.92
27751, 4448.21
27759, 4384.1
27766, 4312.82
27774, 4291.79
27782, 4335.38
27790, 4402.56
27798, 4453.33
27806, 4471.79
27812, 4452.31
27821, 4390.26
27828, 4315.9
27836, 4289.23
27845, 4331.79
27851, 4400
27859, 4449.23
27868, 4473.33
27876, 4456.41
27884, 4385.64
27892, 4316.41
27898, 4297.44
27907, 4330.77
27915, 4395.9
27923, 4454.87
27931, 4477.44
27938, 4450.26
27945, 4386.15
27954, 4324.1
27962, 4302.05
27970, 4333.33
27978, 4393.85
27984, 4452.31
27993, 4476.92
28001, 4438.46
28009, 4372.82
28017, 4330.26
28023, 4312.31
28032, 4327.18
28040, 4389.23
28047, 4464.62
28056, 4483.59
28064, 4433.85
28070, 4369.74
28078, 4316.92
28086, 4298.97
28095, 4338.97
28102, 4402.05
28110, 4456.92
28118, 4477.95
28126, 4443.08
28134, 4377.95
28141, 4321.54
28150, 4306.67
28157, 4341.54
28165, 4402.05
28172, 4459.49
28181, 4475.9
28189, 4445.13
28196, 4387.69
28203, 4323.59
28212, 4304.1
28219, 4348.21
28228, 4412.82
28235, 4456.92
28243, 4472.31
28251, 4448.21
28259, 4378.46
28267, 4308.72
28275, 4294.87
28282, 4337.95
28290, 4405.64
28298, 4460.51
28306, 4474.36
28314, 4439.49
28321, 4369.74
28329, 4313.85
28337, 4306.15
28344, 4341.03
28352, 4399.49
28361, 4452.82
28369, 4472.82
28375, 4442.05
28384, 4371.28
28392, 4315.38
28400, 4308.21
28407, 4343.08
28415, 4404.1
28422, 4465.13
28431, 4487.69
28439, 4445.13
28447, 4368.21
28455, 4315.9
28462, 4306.67
28470, 4342.05
28478, 4404.62
28486, 4460.51
28494, 4480
28500, 4445.13
28509, 4373.85
28517, 4314.87
28524, 4298.97
28533, 4338.97
28541, 4409.74
28547, 4445.64
28556, 4420
28564, 4383.08
28572, 4380.51
28579, 4385.64
28587, 4381.54
28595, 4388.72
28602, 4393.85
28610, 4392.31
28618, 4393.33
28627, 4400.51
28634, 4403.08
28641, 4389.23
28650, 4381.03
28658, 4386.67
28666, 4385.13
28673, 4384.62
28681, 4391.79
28689, 4395.38
28697, 4392.31
28705, 4397.95
28713, 4407.18
28720, 4395.9
28727, 4389.23
28735, 4401.03
28744, 4394.36
28752, 4378.46
28759, 4380.51
28767, 4391.28
28774, 4393.33
28783, 4384.1
28790, 4382.56
28799, 4388.72
28806, 4388.21
28814, 4386.15
28822, 4391.28
28830, 4398.46
28838, 4395.9
28844, 4386.67
28852, 4386.67
28861, 4393.33
28869, 4394.87
28877, 4390.77
28885, 4392.31
28892, 4399.49
28900, 4393.33
28908, 4383.08
28916, 4386.67
28924, 4388.72
28931, 4392.82
28939, 4396.92
28947, 4392.31
28955, 4392.82
28963, 4400.51
28971, 4403.59
28978, 4396.41
28986, 4387.69
28994, 4392.82
29002, 4396.41
29010, 4393.33
29018, 4394.36
29025, 4396.41
29033, 4395.9
29041, 4395.9
29049, 4393.85
29057, 4390.26
29064, 4390.77
29072, 4394.87
29080, 4393.33
29088, 4391.79
29096, 4389.23
29104, 4381.03
29111, 4389.74
29119, 4404.1
29127, 4398.46
29135, 4394.36
29143, 4397.44
29150, 4398.97
29158, 4394.36
29166, 4391.28
29174, 4394.36
29182, 4392.31
29190, 4388.21
29197, 4388.21
29205, 4388.21
29213, 4391.79
29221, 4393.33
29229, 4393.85
29236, 4392.31
29244, 4387.18
29252, 4388.21
29260, 4390.26
29268, 4389.74
29276, 4392.31
29282, 4391.28
29290, 4391.28
29298, 4395.9
29306, 4398.97
29315, 4395.9
29320, 4386.67
29329, 4386.15
29338, 4390.26
29346, 4385.64
29354, 4382.05
29362, 4384.1
29369, 4391.79
29377, 4395.9
29385, 4393.33
29392, 4394.36
29400, 4396.41
29409, 4397.44
29416, 4397.95
29424, 4388.21
29432, 4387.18
29439, 4402.56
29448, 4404.1, estimuli
29454, 4389.23
29463, 4384.62
29471, 4392.31
29478, 4393.33
29486, 4391.28
29495, 4391.79
29501, 4388.21
29510, 4391.79
29518, 4396.41
29526, 4395.38
29534, 4397.95
29541, 4388.72
29549, 4391.79
29557, 4429.74
29565, 4441.03
29573, 4386.15
29581, 4315.38
29588, 4296.92
29596, 4332.31
29604, 4388.21
29613, 4448.72
29619, 4481.03
29627, 4453.85
29635, 4388.72
29643, 4335.38
29651, 4314.36
29659, 4328.72
29667, 4382.56
29673, 4449.23
29682, 4478.46
29689, 4456.41
29698, 4396.41
29706, 4325.64
29713, 4298.46
29721, 4329.23
29729, 4391.79
29737, 4450.26
29745, 4474.87
29753, 4457.95
29759, 4393.85
29768, 4320
29776, 4296.41
29784, 4329.74
29792, 4389.74
29799, 4447.18
29807, 4474.87
29815, 4453.85
29823, 4388.72
29831, 4321.54
29839, 4303.59
29846, 4343.08
29854, 4395.38
29862, 4435.9
29870, 4474.36
29878, 4466.15
29885, 4390.77
29893, 4323.59
29900, 4306.67
29908, 4328.72
29916, 4384.1
29925, 4452.31
29932, 4488.21
29940, 4459.49
29948, 4387.18
29956, 4320
29964, 4297.44
29970, 4333.85
29979, 4394.36
29987, 4452.31
29995, 4488.21
30003, 4458.46
30011, 4378.46
30017, 4316.41
30026, 4303.08
30034, 4331.28
30042, 4390.26
30050, 4461.03
30058, 4486.15
30065, 4440.51
30072, 4376.41
30080, 4322.56
30089, 4299.49
30097, 4328.72
30104, 4387.69
30112, 4444.62
30120, 4473.85
30128, 4451.79
30136, 4387.18
30144, 4322.56
30150, 4301.54
30158, 4332.82
30168, 4392.31
30175, 4451.28
30183, 4475.9
30190, 4452.31
30198, 4391.79
30206, 4322.05
30214, 4293.85
30222, 4326.67
30230, 4397.44
30237, 4456.92
30245, 4475.38
30253, 4457.95
30261, 4396.41
30268, 4316.41
30276, 4287.69
30284, 4326.67
30292, 4389.23
30300, 4443.59
30308, 4473.85
30316, 4451.79
30323, 4380
30331, 4313.85
30339, 4300.51
30347, 4339.49
30355, 4397.95
30362, 4449.23
30370, 4477.44
30378, 4451.79
30386, 4383.59
30394, 4324.62
30402, 4305.64
30409, 4333.85
30417, 4393.85
30425, 4450.77
30433, 4479.49
30440, 4454.36
30448, 4387.18
30455, 4327.18
30464, 4302.56
30472, 4324.1
30480, 4387.69
30487, 4454.36
30494, 4477.95
30503, 4448.72
30510, 4389.23
30519, 4325.13
30527, 4296.92
30535, 4326.15
30542, 4393.33
30550, 4445.64
30558, 4433.33
30566, 4390.77
30573, 4386.15
30581, 4396.92
30589, 4392.82
30597, 4385.64
30605, 4380.51
30613, 4384.62
30621, 4387.18
30628, 4383.59
30636, 4386.67
30644, 4388.72
30652, 4392.31
30660, 4397.95
30666, 4389.23
30675, 4380.51
30683, 4386.15
30691, 4391.28
30699, 4384.62
30707, 4382.05
30714, 4389.74
30722, 4390.77
30729, 4389.23
30738, 4387.69
30745, 4388.21
30753, 4392.31
30760, 4389.23
30769, 4385.13
30777, 4388.72
30785, 4390.77
30793, 4388.21
30800, 4386.15
30808, 4388.72
30816, 4390.26
30824, 4384.62
30832, 4385.64
30839, 4390.77
30847, 4387.69
30854, 4386.15
30863, 4390.77
30871, 4396.92
30879, 4390.77
30886, 4382.05
30894, 4380.51
30902, 4378.46
30910, 4384.1
30918, 4389.74
30924, 4385.13
30933, 4387.18
30941, 4388.21
30949, 4385.64
30957, 4392.31
30964, 4397.95
30972, 4392.31
30980, 4384.62
30988, 4385.64
30996, 4389.23
31004, 4386.15
31011, 4386.15
31019, 4392.82
31027, 4397.44
31034, 4394.36
31043, 4384.62
31051, 4381.54
31058, 4388.72
31065, 4395.9
31073, 4393.85
31081, 4381.54
31090, 4383.08
31097, 4391.79
31105, 4386.67
31113, 4387.69
31121, 4397.44
31129, 4394.36
31137, 4382.56
31144, 4383.08
31152, 4394.36
31160, 4393.85
31168, 4383.59
31176, 4385.13
31184, 4392.82
31190, 4392.82
31199, 4384.1
31207, 4380.51
31215, 4393.33
31222, 4395.9
31230, 4385.13
31238, 4390.26
31246, 4399.49
31253, 4390.77
31261, 4384.1
31269, 4398.46
31277, 4403.08
31284, 4387.69
31293, 4385.13
31301, 4390.77
31308, 4394.87
31316, 4396.41
31324, 4391.79
31332, 4391.28
31339, 4393.85
31348, 4394.36
31356, 4394.87
31363, 4394.87
31370, 4393.33
31379, 4387.69
31386, 4383.08
31395, 4386.67
31402, 4392.31
31410, 4390.26
31418, 4385.64
31426, 4385.13
31434, 4388.21
31442, 4388.72
31449, 4388.21, estimuli
31457, 4386.15
31465, 4387.69
31473, 4399.49
31481, 4396.92
31489, 4385.64
31496, 4390.77
31504, 4395.9
31512, 4392.82
31520, 4393.33
31528, 4399.49
31535, 4403.08
31543, 4385.13
31551, 4385.13
31559, 4429.23
31567, 4449.74
31575, 4399.49
31581, 4326.67
31589, 4296.92
31598, 4317.95
31606, 4374.36
31614, 4441.03
31621, 4476.41
31629, 4460
31636, 4397.44
31645, 4332.31
31653, 4307.69
31661, 4329.74
31668, 4388.72
31676, 4458.46
31684, 4491.79
31692, 4465.13
31700, 4392.82
31707, 4320
31715, 4298.46
31723, 4330.26
31730, 4387.18
31739, 4444.62
31747, 4477.95
31754, 4462.56
31762, 4398.97
31770, 4332.82
31778, 4307.18
31786, 4331.28
31793, 4386.67
31801, 4445.13
31809, 4478.97
31817, 4461.03
31825, 4400
31833, 4338.46
31840, 4304.62
31847, 4323.59
31855, 4384.1
31864, 4445.13
31872, 4481.54
31879, 4469.74
31887, 4407.69
31894, 4336.41
31903, 4299.49
31911, 4318.46
31919, 4377.44
31926, 4444.62
31934, 4486.67
31942, 4463.59
31950, 4391.79
31957, 4327.18
31965, 4297.95
31973, 4316.41
31981, 4375.38
31988, 4446.15
31997, 4482.05
32005, 4452.31
32012, 4382.05
32020, 4318.97
32028, 4299.49
32036, 4325.13
32044, 4377.95
32051, 4447.18
32059, 4486.15
32067, 4458.46
32075, 4392.31
32082, 4333.85
32091, 4304.62
32097, 4316.92
32106, 4380
32114, 4456.92
32122, 4480.51
32130, 4445.13
32137, 4388.72
32145, 4333.85
32153, 4303.59
32160, 4317.95
32168, 4377.44
32177, 4453.85
32184, 4485.64
32191, 4455.9
32199, 4390.77
32208, 4322.56
32216, 4296.92
32224, 4328.72
32231, 4389.23
32239, 4447.18
32247, 4478.46
32254, 4457.95
32262, 4390.26
32270, 4322.05
32278, 4298.97
32286, 4330.26
32294, 4388.72
32301, 4441.03
32310, 4473.85
32317, 4461.03
32324, 4393.33
32332, 4324.62
32341, 4303.08
32349, 4331.28
32356, 4385.64
32364, 4441.54
32371, 4474.87
32380, 4454.36
32388, 4390.77
32396, 4327.18
32402, 4301.03
32411, 4330.26
32418, 4391.79
32427, 4453.33
32435, 4486.15
32442, 4465.13
32450, 4402.56
32457, 4332.31
32466, 4298.46
32474, 4325.64
32482, 4387.69
32488, 4455.38
32497, 4489.74
32505, 4455.38
32512, 4384.1
32521, 4322.56
32528, 4292.82
32536, 4314.87
32543, 4386.67
32551, 4446.67
32560, 4438.97
32568, 4404.1
32575, 4395.38
32582, 4393.85
32591, 4385.64
32598, 4385.13
32606, 4384.1
32614, 4385.64
32622, 4396.41
32630, 4399.49
32638, 4394.36
32646, 4393.33
32654, 4395.38
32661, 4390.77
32668, 4389.74
32677, 4392.31
32685, 4389.74
32693, 4396.92
32701, 4400.51
32708, 4386.15
32715, 4385.64
32723, 4394.36
32732, 4388.21
32739, 4386.15
32746, 4394.36
32754, 4394.87
32763, 4389.74
32771, 4392.31
32779, 4393.85
32787, 4392.31
32794, 4390.77
32802, 4388.21
32810, 4390.77
32818, 4392.31
32826, 4385.64
32833, 4381.54
32841, 4385.13
32849, 4388.72
32857, 4384.1
32865, 4383.08
32872, 4396.41
32879, 4400
32888, 4392.82
32896, 4395.38
32904, 4394.36
32912, 4383.59
32919, 4375.9
32927, 4384.62
32934, 4397.44
32943, 4391.79
32950, 4386.15
32959, 4392.82
32966, 4396.92
32974, 4396.41
32982, 4393.33
32990, 4391.79
32998, 4392.31
33005, 4390.77
33013, 4394.36
33021, 4402.05
33029, 4400.51
33037, 4389.23
33045, 4384.62
33052, 4396.41
33060, 4403.08
33067, 4397.95
33076, 4399.49
33084, 4403.59
33091, 4400
33099, 4396.92
33107, 4394.36
33115, 4390.77
33123, 4391.79
33131, 4392.82
33138, 4382.56
33146, 4385.13
33153, 4394.36
33161, 4384.1
33170, 4389.23
33178, 4409.74
33185, 4400.51
33193, 4389.23
33200, 4398.46
33209, 4398.46
33217, 4385.64
33223, 4383.59
33232, 4392.82
33240, 4400
33248, 4401.54
33255, 4398.97
33264, 4392.31
33271, 4394.36
33279, 4404.62
33287, 4400
33295, 4387.69
33303, 4392.31
33310, 4407.18
33318, 4404.62
33326, 4388.21
33334, 4384.62
33342, 4387.18
33349, 4386.15
33357, 4388.72
33364, 4394.36
33373, 4399.49
33381, 4396.41
33389, 4389.74
33396, 4390.26
33404, 4393.33
33412, 4393.33
33420, 4389.74
33428, 4391.28
33436, 4393.33
33443, 4385.13
33450, 4383.59, estimuli
33459, 4388.72
33467, 4386.67
33475, 4386.15
33482, 4386.67
33490, 4386.15
33498, 4389.74
33506, 4399.49
33514, 4400.51
33522, 4387.69
33528, 4388.72
33537, 4401.54
33545, 4395.38
33553, 4404.1
33560, 4438.97
33567, 4436.41
33575, 4374.87
33584, 4316.41
33591, 4307.18
33600, 4347.69
33608, 4415.38
33615, 4469.23
33622, 4474.87
33630, 4440
33639, 4378.97
33647, 4321.03
33655, 4309.74
33662, 4346.67
33669, 4406.67
33678, 4465.64
33686, 4483.59
33694, 4443.59
33700, 4372.82
33709, 4322.56
33716, 4317.95
33725, 4348.21
33733, 4401.54
33741, 4454.36
33748, 4477.44
33756, 4445.64
33764, 4369.74
33771, 4309.23
33779, 4304.1
33786, 4342.05
33795, 4401.03
33803, 4460.51
33810, 4483.59
33818, 4446.15
33827, 4370.77
33833, 4314.87
33842, 4312.31
33850, 4350.77
33858, 4406.67
33866, 4465.64
33872, 4486.67
33881, 4442.05
33889, 4376.41
33897, 4325.64
33905, 4305.13
33913, 4343.59
33920, 4413.85
33928, 4462.56
33936, 4473.33
33944, 4441.03
33952, 4375.9
33959, 4318.46
33967, 4306.67
33974, 4348.72
33983, 4411.79
33991, 4467.69
33999, 4486.15
34006, 4444.1
34014, 4370.26
34022, 4314.36
34030, 4303.59
34038, 4338.97
34046, 4405.64
34053, 4471.28
34061, 4482.05
34069, 4435.38
34077, 4367.18
34085, 4312.31
34092, 4303.59
34100, 4341.03
34107, 4407.69
34116, 4476.41
34123, 4493.85
34132, 4441.54
34139, 4362.56
34147, 4307.18
34155, 4302.05
34162, 4345.64
34170, 4411.79
34178, 4464.1
34186, 4476.92
34194, 4445.13
34202, 4376.41
34210, 4310.77
34217, 4304.62
34225, 4348.21
34233, 4406.67
34241, 4460
34249, 4479.49
34257, 4439.49
34264, 4366.15
34272, 4313.85
34279, 4303.08
34287, 4338.97
34296, 4407.69
34304, 4462.56
34310, 4475.38
34319, 4441.54
34326, 4373.33
34335, 4312.82
34342, 4300.51
34350, 4336.41
34358, 4400
34365, 4461.03
34374, 4474.87
34381, 4428.21
34390, 4363.08
34397, 4316.41
34405, 4307.69
34413, 4346.67
34421, 4406.67
34429, 4461.03
34436, 4480
34444, 4438.46
34452, 4370.77
34460, 4318.46
34468, 4309.23
34476, 4347.69
34482, 4410.26
34491, 4471.28
34498, 4485.64
34507, 4435.9
34515, 4373.33
34522, 4331.28
34529, 4311.79
34538, 4342.05
34546, 4417.44
34553, 4453.33
34562, 4418.97
34569, 4388.72
34577, 4393.85
34585, 4394.36
34593, 4388.21
34601, 4389.23
34608, 4390.26
34616, 4391.79
34624, 4391.79
34632, 4392.31
34640, 4396.41
34648, 4396.92
34655, 4389.74
34663, 4381.03
34671, 4384.1
34679, 4390.26
34686, 4390.26
34694, 4390.26
34702, 4391.79
34710, 4394.87
34717, 4399.49
34726, 4396.41
34733, 4393.85
34741, 4392.82
34749, 4386.67
34757, 4386.67
34765, 4391.79
34773, 4392.82
34780, 4387.18
34788, 4386.67
34796, 4387.69
34804, 4385.64
34812, 4393.85
34819, 4395.9
34827, 4388.21
34835, 4391.28
34843, 4394.87
34850, 4387.69
34859, 4385.13
34867, 4392.31
34874, 4394.36
34882, 4387.18
34890, 4385.64
34897, 4388.21
34906, 4386.15
34913, 4386.67
34921, 4390.77
34928, 4400
34936, 4400
34945, 4385.13
34952, 4386.15
34959, 4392.31
34968, 4383.59
34975, 4384.62
34984, 4391.28
34992, 4385.64
34999, 4382.05
35006, 4390.26
35014, 4390.77
35023, 4384.62
35031, 4390.26
35039, 4393.33
35046, 4384.62
35054, 4386.15
35062, 4395.9
35070, 4397.95
35078, 4395.38
35085, 4394.87
35093, 4394.36
35100, 4387.69
35108, 4383.59
35117, 4387.18
35125, 4390.26
35132, 4397.44
35139, 4402.56
35147, 4393.33
35155, 4384.1
35164, 4385.13
35172, 4386.67
35179, 4388.72
35187, 4392.82
35195, 4389.74
35202, 4384.1
35211, 4389.74
35218, 4397.95
35226, 4393.85
35233, 4387.18
35241, 4388.72
35249, 4394.87
35257, 4392.82
35265, 4385.64
35273, 4389.23
35281, 4395.38
35289, 4397.95
35297, 4394.36
35304, 4386.15
35312, 4389.23
35320, 4395.38
35328, 4393.33
35336, 4397.95
35343, 4403.08
35351, 4396.92
35358, 4388.72
35367, 4387.18
35375, 4391.79
35383, 4392.31
35390, 4391.79
35397, 4392.82
35406, 4388.72
35414, 4386.67
35422, 4389.23
35430, 4391.28
35437, 4392.82
35445, 4394.87
35453, 4393.33, estimuli
35461, 4388.72
35469, 4389.23
35476, 4391.28
35484, 4385.64
35492, 4386.67
35500, 4392.82
35508, 4389.74
35516, 4385.13
35523, 4383.08
35530, 4389.23
35538, 4402.05
35547, 4396.92
35555, 4398.46
35562, 4432.31
35569, 4439.49
35577, 4380.51
35586, 4318.97
35594, 4308.72
35601, 4334.36
35609, 4394.36
35617, 4467.69
35625, 4493.33
35632, 4455.9
35641, 4385.64
35648, 4326.67
35656, 4314.87
35664, 4345.64
35672, 4399.49
35680, 4457.95
35688, 4485.13
35695, 4455.9
35703, 4386.67
35711, 4327.18
35719, 4309.74
35727, 4338.46
35734, 4401.03
35741, 4468.21
35750, 4494.87
35757, 4453.85
35766, 4375.9
35774, 4318.97
35780, 4303.59
35788, 4334.87
35797, 4396.92
35805, 4454.87
35813, 4478.46
35820, 4447.18
35827, 4377.44
35835, 4320
35844, 4306.67
35852, 4335.38
35860, 4391.28
35867, 4453.33
35875, 4480
35883, 4450.26
35891, 4383.59
35899, 4316.92
35907, 4296.92
35914, 4337.44
35921, 4395.38
35930, 4448.21
35938, 4482.56
35946, 4457.44
35953, 4379.49
35961, 4314.36
35969, 4305.13
35977, 4341.54
35985, 4396.92
35992, 4457.44
36000, 4482.05
36008, 4446.67
36016, 4383.08
36024, 4328.21
36032, 4311.28
36038, 4335.38
36047, 4393.85
36055, 4464.62
36063, 4485.13
36071, 4446.67
36079, 4384.1
36086, 4320.51
36094, 4300
36102, 4342.56
36109, 4409.23
36118, 4458.97
36125, 4471.79
36133, 4441.54
36140, 4376.92
36149, 4316.92
36156, 4305.13
36165, 4338.46
36172, 4392.31
36179, 4447.69
36187, 4470.26
36196, 4437.95
36204, 4370.77
36211, 4317.44
36219, 4307.69
36227, 4337.95
36235, 4397.95
36243, 4458.46
36251, 4481.54
36258, 4448.72
36265, 4381.03
36274, 4323.59
36282, 4308.72
36290, 4341.03
36297, 4404.1
36305, 4467.69
36313, 4486.67
36321, 4449.23
36329, 4386.67
36337, 4321.03
36344, 4294.87
36351, 4344.62
36360, 4415.38
36368, 4457.44
36375, 4473.33
36384, 4444.62
36391, 4377.44
36398, 4318.97
36407, 4298.97
36415, 4333.85
36422, 4403.08
36430, 4462.05
36438, 4478.46
36446, 4445.64
36454, 4380
36462, 4316.92
36469, 4303.08
36477, 4342.05
36485, 4404.1
36493, 4463.08
36501, 4477.95
36508, 4436.92
36516, 4372.82
36524, 4318.46
36532, 4302.56
36540, 4335.38
36548, 4403.08
36556, 4454.36
36562, 4438.97
36570, 4395.38
36578, 4385.13
36587, 4392.82
36595, 4388.21
36601, 4383.08
36610, 4390.77
36618, 4397.95
36626, 4392.82
36634, 4386.67
36642, 4388.21
36648, 4393.33
36657, 4397.44
36665, 4393.85
36673, 4387.69
36680, 4385.64
36688, 4386.15
36695, 4387.69
36704, 4387.18
36712, 4389.23
36720, 4392.31
36728, 4388.72
36735, 4385.13
36743, 4387.18
36750, 4395.38
36759, 4403.08
36767, 4398.46
36774, 4386.15
36782, 4377.95
36790, 4382.56
36798, 4391.28
36806, 4394.36
36814, 4395.9
36821, 4388.72
36829, 4385.13
36837, 4394.87
36844, 4395.38
36853, 4389.23
36860, 4391.28
36867, 4394.36
36876, 4394.87
36884, 4397.44
36892, 4399.49
36900, 4394.87
36907, 4392.31
36915, 4397.95
36923, 4400
36931, 4402.56
36939, 4402.56
36946, 4396.41
36954, 4396.92
36962, 4401.03
36970, 4402.05
36978, 4396.92
36986, 4384.62
36992, 4382.56
37001, 4394.36
37009, 4391.28
37017, 4379.49
37030, 4386.15
37033, 4395.38
37039, 4388.21
37048, 4387.18
37056, 4393.33
37064, 4385.64
37072, 4380.51
37079, 4387.69
37087, 4392.82
37095, 4393.85
37103, 4391.79
37111, 4394.36
37119, 4400
37126, 4395.38
37134, 4389.23
37141, 4391.79
37149, 4397.95
37158, 4401.03
37165, 4400
37173, 4401.03
37181, 4394.36
37189, 4381.03
37197, 4385.13
37205, 4394.87
37212, 4396.92
37220, 4394.36
37228, 4390.77
37236, 4391.28
37244, 4395.38
37251, 4396.92
37259, 4391.79
37267, 4391.28
37275, 4398.97
37283, 4400.51
37291, 4398.97
37298, 4395.9
37306, 4391.28
37314, 4392.31
37322, 4397.44
37330, 4396.41
37336, 4396.92
37345, 4395.9
37353, 4386.15
37361, 4390.77
37369, 4410.26
37377, 4408.72
37383, 4393.33
37392, 4398.97
37399, 4398.46
37407, 4387.69
37416, 4400.51
37424, 4406.67
37431, 4390.77
37439, 4383.08
37447, 4393.33
37455, 4401.03, estimuli
37463, 4401.03
37470, 4405.13
37478, 4407.69
37486, 4402.05
37494, 4396.92
37502, 4399.49
37510, 4401.54
37517, 4400
37525, 4396.92
37533, 4402.05
37541, 4415.38
37549, 4411.28
37556, 4406.15
37564, 4440
37572, 4474.36
37580, 4424.62
37588, 4335.9
37596, 4308.21
37603, 4341.03
37611, 4402.05
37619, 4462.56
37627, 4491.28
37635, 4469.23
37642, 4402.05
37650, 4331.28
37657, 4304.62
37666, 4341.54
37674, 4410.26
37682, 4456.41
37689, 4473.85
37697, 4467.18
37705, 4412.82
37713, 4334.87
37721, 4306.67
37728, 4347.18
37736, 4405.13
37744, 4455.9
37752, 4489.74
37760, 4466.15
37768, 4399.49
37775, 4346.67
37783, 4328.72
37791, 4350.77
37799, 4397.95
37807, 4450.26
37815, 4483.59
37822, 4462.56
37829, 4397.95
37838, 4338.97
37846, 4322.56
37854, 4353.33
37861, 4400.51
37868, 4447.69
37877, 4477.44
37885, 4462.56
37893, 4403.08
37900, 4334.87
37907, 4310.77
37916, 4340
37924, 4394.36
37932, 4452.31
37939, 4482.56
37947, 4460
37955, 4398.97
37963, 4335.38
37971, 4313.33
37979, 4344.62
37987, 4399.49
37994, 4452.31
38001, 4475.38
38010, 4451.28
38018, 4387.69
38026, 4322.56
38033, 4306.67
38040, 4338.97
38049, 4392.82
38057, 4449.74
38065, 4476.92
38073, 4449.74
38080, 4384.1
38088, 4323.08
38096, 4310.77
38104, 4346.15
38112, 4394.87
38119, 4447.69
38127, 4481.03
38135, 4452.82
38143, 4384.1
38151, 4334.87
38158, 4321.03
38165, 4338.97
38174, 4394.87
38181, 4461.54
38189, 4483.59
38198, 4442.05
38205, 4384.62
38213, 4338.97
38220, 4306.15
38228, 4323.08
38237, 4388.72
38244, 4446.67
38252, 4468.72
38260, 4448.72
38268, 4388.72
38276, 4327.18
38284, 4304.1
38291, 4333.85
38299, 4395.9
38307, 4453.33
38315, 4470.77
38323, 4436.41
38330, 4383.59
38338, 4339.49
38346, 4313.85
38353, 4331.28
38362, 4388.21
38370, 4448.21
38377, 4475.9
38384, 4453.33
38393, 4395.9
38401, 4331.79
38409, 4307.69
38417, 4342.05
38424, 4398.97
38432, 4448.72
38440, 4471.28
38448, 4449.74
38456, 4394.87
38463, 4334.87
38471, 4310.26
38479, 4343.08
38487, 4405.13
38495, 4456.92
38503, 4468.21
38510, 4438.97
38518, 4394.36
38526, 4344.62
38534, 4314.36
38542, 4336.92
38549, 4399.49
38556, 4436.41
38564, 4416.41
38572, 4388.72
38580, 4389.74
38589, 4400
38595, 4401.03
38603, 4394.36
38612, 4389.74
38619, 4391.28
38628, 4394.87
38635, 4392.82
38643, 4389.23
38651, 4388.21
38659, 4385.13
38667, 4386.67
38675, 4394.87
38682, 4397.44
38689, 4394.36
38697, 4392.82
38706, 4386.15
38713, 4391.28
38722, 4398.97
38729, 4385.64
38737, 4379.49
38745, 4392.31
38753, 4393.85
38761, 4384.62
38768, 4388.21
38776, 4394.87
38784, 4390.26
38791, 4390.77
38800, 4394.36
38808, 4390.77
38815, 4383.08
38823, 4380.51
38832, 4390.26
38839, 4393.33
38847, 4387.18
38854, 4389.74
38862, 4390.77
38870, 4387.18
38878, 4386.15
38886, 4387.18
38894, 4390.26
38901, 4388.21
38909, 4384.62
38917, 4395.38
38925, 4401.03
38933, 4389.23
38940, 4383.08
38948, 4387.69
38956, 4387.18
38963, 4387.18
38971, 4390.26
38980, 4387.18
38987, 4380.51
38995, 4383.59
39003, 4392.31
39011, 4395.9
39019, 4392.31
39026, 4388.72
39034, 4391.79
39041, 4393.85
39050, 4390.26
39058, 4391.79
39066, 4390.77
39072, 4389.23
39081, 4391.28
39089, 4391.28
39097, 4391.79
39105, 4389.23
39113, 4385.64
39120, 4387.18
39128, 4390.77
39136, 4392.82
39144, 4393.33
39152, 4394.87
39159, 4389.74
39167, 4385.13
39174, 4390.26
39182, 4390.77
39191, 4384.1
39198, 4387.18
39206, 4396.92
39214, 4397.44
39222, 4392.82
39230, 4387.69
39238, 4386.15
39245, 4391.79
39253, 4399.49
39261, 4393.33
39269, 4383.08
39277, 4387.18
39285, 4390.26
39292, 4384.62
39300, 4379.49
39308, 4383.08
39316, 4389.23
39324, 4384.62
39331, 4383.08
39339, 4391.79
39347, 4389.23
39355, 4384.62
39363, 4388.72
39371, 4389.23
39378, 4389.23
39386, 4390.26
39394, 4386.15
39402, 4385.13
39410, 4392.31
39417, 4396.41
39425, 4391.28
39433, 4387.69
39441, 4391.79
39449, 4398.97
39457, 4397.44, estimuli
39464, 4386.67
39472, 4388.72
39479, 4393.85
39487, 4382.05
39495, 4377.44
39504, 4389.23
39511, 4394.87
39518, 4392.82
39527, 4390.26
39535, 4389.23
39543, 4390.26
39550, 4385.13
39557, 4386.67
39566, 4416.92
39573, 4436.41
39582, 4396.92
39589, 4337.95
39596, 4313.85
39605, 4331.28
39612, 4386.15
39621, 4445.64
39629, 4466.67
39636, 4446.15
39644, 4402.05
39652, 4352.31
39660, 4316.92
39668, 4327.69
39676, 4386.67
39682, 4443.59
39691, 4470.26
39699, 4458.97
39707, 4405.13
39715, 4341.03
39722, 4314.36
39730, 4336.92
39738, 4384.62
39746, 4437.95
39754, 4472.82
39762, 4457.44
39769, 4401.54
39777, 4342.05
39785, 4312.82
39793, 4335.9
39801, 4393.33
39808, 4445.64
39816, 4474.36
39824, 4458.46
39832, 4396.92
39839, 4333.33
39847, 4312.31
39855, 4335.9
39863, 4385.13
39871, 4442.05
39879, 4469.23
39887, 4446.67
39894, 4401.54
39902, 4347.69
39910, 4307.69
39917, 4328.72
39926, 4392.82
39934, 4445.13
39941, 4463.59
39949, 4447.18
39957, 4397.95
39965, 4338.97
39973, 4317.95
39980, 4340
39987, 4383.59
39996, 4445.64
40004, 4488.21
40012, 4462.56
40019, 4395.38
40027, 4337.95
40035, 4311.79
40043, 4330.77
40051, 4384.62
40059, 4442.05
40066, 4473.33
40074, 4456.92
40082, 4400
40090, 4338.97
40098, 4313.33
40106, 4334.87
40112, 4388.21
40121, 4440
40129, 4466.15
40137, 4450.77
40145, 4396.92
40153, 4340
40160, 4314.36
40168, 4332.82
40176, 4383.08
40184, 4433.33
40192, 4460.51
40199, 4445.13
40207, 4394.87
40215, 4343.08
40222, 4318.97
40231, 4339.49
40238, 4389.74
40246, 4436.92
40254, 4461.54
40262, 4446.67
40270, 4391.79
40277, 4328.72
40285, 4302.05
40293, 4326.67
40301, 4378.97
40309, 4433.33
40317, 4469.23
40325, 4451.79
40332, 4388.21
40340, 4330.26
40348, 4309.23
40356, 4332.31
40364, 4382.05
40371, 4438.97
40379, 4470.77
40387, 4442.56
40395, 4380.51
40403, 4330.77
40411, 4309.74
40418, 4331.28
40426, 4394.87
40434, 4453.85
40442, 4467.18
40450, 4439.49
40457, 4386.67
40465, 4331.79
40473, 4310.77
40481, 4333.33
40488, 4381.03
40497, 4436.41
40503, 4463.08
40512, 4436.41
40519, 4386.15
40527, 4336.41
40536, 4309.23
40542, 4329.74
40551, 4387.69
40558, 4432.31
40567, 4423.08
40575, 4392.82
40583, 4384.62
40590, 4385.64
40598, 4384.1
40606, 4388.72
40614, 4391.28
40621, 4389.23
40629, 4395.9
40636, 4403.59
40645, 4397.44
40652, 4388.21
40661, 4388.72
40669, 4389.74
40676, 4387.18
40684, 4380.51
40692, 4383.59
40700, 4394.87
40708, 4392.31
40716, 4388.21
40723, 4393.85
40731, 4392.31
40738, 4389.23
40746, 4394.87
40754, 4396.92
40762, 4390.26
40770, 4389.74
40778, 4391.79
40786, 4388.72
40794, 4385.13
40801, 4384.62
40808, 4388.72
40817, 4392.82
40825, 4386.67
40833, 4388.72
40841, 4397.95
40848, 4386.67
40856, 4377.95
40864, 4391.79
40872, 4396.41
40880, 4388.21
40888, 4390.26
40895, 4399.49
40903, 4390.26
40911, 4375.9
40919, 4384.1
40927, 4392.31
40933, 4380.51
40942, 4377.95
40949, 4387.69
40958, 4389.23
40966, 4385.13
40974, 4387.69
40981, 4388.21
40988, 4382.05
40997, 4380.51
41005, 4385.64
41013, 4390.77
41020, 4389.23
41028, 4388.72
41036, 4396.92
41044, 4397.44
41051, 4387.18
41059, 4384.62
41066, 4388.21
41075, 4390.77
41083, 4387.69
41091, 4386.67
41099, 4394.36
41105, 4394.36
41114, 4389.74
41122, 4391.79
41129, 4393.33
41137, 4390.77
41145, 4393.85
41153, 4403.59
41161, 4399.49
41169, 4386.67
41177, 4390.77
41185, 4401.03
41193, 4390.77
41200, 4377.44
41208, 4381.54
41216, 4389.23
41224, 4387.18
41232, 4390.26
41238, 4400
41247, 4402.05
41254, 4393.85
41263, 4383.08
41270, 4383.59
41279, 4391.28
41285, 4390.26
41293, 4387.18
41302, 4390.26
41310, 4395.38
41318, 4393.85
41324, 4389.23
41333, 4392.82
41341, 4397.95
41349, 4394.87
41357, 4393.85
41365, 4396.92
41372, 4390.77
41380, 4385.64
41388, 4393.33
41396, 4398.46
41403, 4388.21
41411, 4381.03
41418, 4390.26
41426, 4395.9
41435, 4393.85
41442, 4396.41
41451, 4398.46
41458, 4392.31, estimuli
41466, 4385.13
41473, 4391.79
41482, 4398.97
41490, 4394.87
41497, 4391.28
41505, 4393.33
41513, 4400
41521, 4401.03
41529, 4396.92
41537, 4400.51
41544, 4402.05
41552, 4391.79
41560, 4401.03
41568, 4435.9
41576, 4442.05
41583, 4385.64
41591, 4318.46
41599, 4307.69
41607, 4353.33
41615, 4411.79
41623, 4452.31
41629, 4465.13
41637, 4439.49
41646, 4383.59
41653, 4337.95
41662, 4321.03
41670, 4339.49
41677, 4399.49
41685, 4462.56
41693, 4477.95
41701, 4435.9
41709, 4365.64
41716, 4314.87
41723, 4312.82
41732, 4348.72
41740, 4406.15
41748, 4467.69
41755, 4482.05
41763, 4427.18
41770, 4363.08
41779, 4327.18
41787, 4315.38
41795, 4340.51
41801, 4403.08
41809, 4459.49
41818, 4474.87
41826, 4442.05
41834, 4380
41841, 4325.64
41849, 4323.08
41857, 4370.77
41865, 4420
41873, 4452.82
41881, 4469.23
41888, 4447.18
41896, 4380.51
41904, 4316.92
41912, 4314.36
41919, 4358.97
41928, 4407.69
41935, 4450.26
41943, 4472.31
41951, 4446.67
41959, 4379.49
41967, 4323.59
41974, 4322.56
41982, 4359.49
41990, 4404.1
41998, 4456.92
42006, 4484.1
42014, 4445.64
42020, 4371.79
42029, 4317.44
42037, 4314.87
42045, 4355.9
42053, 4416.92
42060, 4464.1
42068, 4471.28
42075, 4438.46
42084, 4371.28
42092, 4310.26
42100, 4309.23
42107, 4355.38
42115, 4410.26
42123, 4457.95
42131, 4474.36
42138, 4435.38
42146, 4367.69
42153, 4318.97
42161, 4316.41
42169, 4355.9
42178, 4413.85
42186, 4460.51
42193, 4470.26
42201, 4431.79
42209, 4367.69
42217, 4317.95
42225, 4314.36
42232, 4359.49
42240, 4419.49
42248, 4461.03
42256, 4473.85
42264, 4449.74
42272, 4388.21
42279, 4324.1
42287, 4309.23
42295, 4355.38
42303, 4419.49
42311, 4465.64
42318, 4476.92
42326, 4443.08
42334, 4381.54
42342, 4326.15
42349, 4313.85
42358, 4353.85
42365, 4417.44
42373, 4463.08
42381, 4471.28
42389, 4440
42397, 4381.03
42405, 4326.15
42412, 4315.9
42420, 4356.41
42428, 4413.85
42436, 4461.03
42444, 4473.85
42451, 4437.44
42458, 4376.41
42466, 4323.08
42475, 4309.23
42483, 4350.77
42491, 4414.87
42498, 4458.97
42505, 4464.62
42514, 4431.28
42522, 4369.74
42530, 4315.38
42537, 4308.72
42545, 4353.85
42553, 4414.36
42561, 4436.92
42569, 4417.95
42577, 4397.95
42584, 4393.85
42591, 4391.28
42600, 4388.72
42608, 4391.28
42616, 4394.36
42622, 4394.87
42636, 4393.85
42639, 4393.33
42647, 4391.79
42655, 4393.85
42663, 4402.56
42670, 4405.13
42678, 4398.46
42686, 4393.33
42694, 4397.95
42701, 4402.56
42709, 4392.82
42717, 4385.64
42725, 4394.36
42732, 4400
42741, 4393.85
42749, 4394.36
42756, 4403.08
42763, 4403.59
42771, 4396.41
42780, 4390.26
42788, 4385.64
42795, 4387.69
42803, 4396.92
42811, 4402.05
42819, 4394.87
42827, 4390.26
42835, 4394.87
42841, 4393.85
42850, 4391.79
42858, 4398.97
42866, 4404.1
42874, 4404.62
42882, 4398.97
42889, 4392.82
42897, 4394.87
42905, 4388.72
42913, 4384.1
42921, 4398.46
42928, 4401.03
42936, 4386.67
42944, 4388.21
42952, 4401.54
42960, 4402.05
42967, 4394.87
42974, 4397.44
42982, 4400.51
42990, 4396.41
42999, 4397.44
43007, 4408.72
43014, 4409.23
43022, 4397.44
43030, 4394.36
43038, 4397.95
43045, 4399.49
43053, 4396.41
43060, 4389.74
43069, 4397.44
43077, 4411.28
43085, 4403.59
43093, 4394.87
43100, 4397.44
43108, 4390.26
43116, 4384.62
43124, 4392.82
43132, 4400.51
43140, 4401.54
43146, 4398.46
43155, 4395.9
43163, 4397.95
43171, 4400
43178, 4395.9
43186, 4390.26
43194, 4397.44
43202, 4407.18
43210, 4406.15
43218, 4400.51
43226, 4397.44
43232, 4393.85
43241, 4394.36
43248, 4401.54
43256, 4403.08
43265, 4398.97
43271, 4406.67
43279, 4415.38
43287, 4401.54
43295, 4382.56
43303, 4392.82
43312, 4412.31
43319, 4413.85
43327, 4406.67
43335, 4403.59
43343, 4394.87
43350, 4394.36
43359, 4404.1
43366, 4399.49
43374, 4392.31
43382, 4401.03
43390, 4408.72
43398, 4402.56
43404, 4393.33
43413, 4398.46
43421, 4403.08
43429, 4393.85
43437, 4394.36
43445, 4407.18
43452, 4404.1
43460, 4391.28, estimuli
43468, 4391.79
43476, 4405.13
43484, 4406.67
43491, 4392.31
43499, 4389.23
43507, 4404.1
43515, 4408.72
43523, 4395.38
43531, 4385.64
43538, 4393.85
43546, 4405.64
43554, 4401.03
43562, 4402.05
43570, 4436.92
43577, 4453.85
43585, 4399.49
43593, 4331.79
43601, 4320.51
43609, 4353.85
43617, 4409.74
43624, 4468.72
43631, 4487.18
43640, 4447.69
43647, 4385.13
43656, 4338.97
43663, 4320
43670, 4344.1
43679, 4412.82
43687, 4468.72
43695, 4472.82
43703, 4444.1
43710, 4401.03
43718, 4342.05
43726, 4308.21
43734, 4343.59
43741, 4410.77
43749, 4458.97
43757, 4474.87
43764, 4445.13
43773, 4389.74
43781, 4338.97
43789, 4316.41
43796, 4340
43804, 4397.95
43812, 4455.9
43820, 4477.95
43828, 4452.31
43836, 4394.87
43843, 4333.85
43851, 4310.26
43858, 4345.64
43866, 4406.15
43874, 4456.92
43881, 4476.92
43889, 4452.82
43897, 4391.79
43905, 4331.28
43914, 4313.33
43921, 4346.15
43928, 4408.21
43936, 4466.15
43945, 4477.95
43952, 4440
43961, 4389.74
43968, 4342.56
43976, 4322.05
43983, 4349.23
43991, 4405.13
44000, 4459.49
44008, 4477.95
44015, 4444.62
44023, 4389.23
44031, 4342.56
44039, 4319.49
44047, 4343.08
44054, 4402.56
44061, 4461.03
44069, 4485.13
44078, 4448.21
44086, 4378.97
44094, 4336.92
44101, 4326.67
44109, 4340
44117, 4395.38
44125, 4462.05
44133, 4483.08
44140, 4447.69
44148, 4382.05
44156, 4326.67
44164, 4315.9
44172, 4350.77
44180, 4404.62
44187, 4451.79
44195, 4469.74
44203, 4445.13
44211, 4383.59
44219, 4323.59
44226, 4312.82
44234, 4351.28
44242, 4401.03
44250, 4441.03
44258, 4462.05
44266, 4442.05
44273, 4381.54
44281, 4324.1
44289, 4321.03
44297, 4363.59
44305, 4406.67
44312, 4447.69
44320, 4471.28
44327, 4440
44335, 4375.38
44344, 4324.62
44351, 4315.38
44358, 4353.33
44366, 4409.74
44374, 4455.38
44383, 4476.41
44390, 4450.26
44399, 4380.51
44406, 4325.13
44414, 4322.05
44422, 4356.41
44430, 4407.18
44438, 4458.97
44445, 4477.95
44452, 4451.79
44461, 4393.85
44469, 4328.72
44477, 4312.31
44485, 4362.05
44492, 4423.08
44500, 4467.18
44508, 4483.59
44516, 4449.74
44524, 4382.56
44531, 4330.26
44539, 4320.51
44547, 4356.41
44554, 4416.41
44563, 4446.15
44570, 4428.21
44578, 4404.1
44586, 4396.92
44593, 4400
44601, 4403.08
44609, 4398.97
44617, 4388.72
44625, 4390.77
44633, 4403.59
44641, 4401.54
44649, 4390.26
44656, 4388.72
44664, 4394.87
44672, 4397.44
44679, 4400
44688, 4403.59
44696, 4405.13
44703, 4401.03
44711, 4395.38
44719, 4392.31
44726, 4392.31
44735, 4393.85
44743, 4394.36
44750, 4395.9
44758, 4397.44
44765, 4394.87
44774, 4394.36
44781, 4397.95
44789, 4401.03
44796, 4403.08
44805, 4401.03
44813, 4396.92
44821, 4397.95
44829, 4395.9
44836, 4391.28
44844, 4392.82
44851, 4402.05
44860, 4403.08
44868, 4395.9
44875, 4392.31
44883, 4392.31
44891, 4398.46
44899, 4410.26
44907, 4409.23
44915, 4398.46
44922, 4395.38
44929, 4396.41
44938, 4389.23
44946, 4380
44954, 4384.1
44962, 4396.92
44968, 4394.87
44977, 4388.72
44985, 4392.31
44993, 4389.23
45000, 4383.59
45008, 4385.13
45016, 4386.15
45023, 4387.69
45031, 4392.31
45040, 4389.74
45047, 4387.69
45055, 4394.36
45063, 4391.28
45070, 4380
45079, 4384.1
45086, 4385.64
45093, 4375.38
45102, 4389.74
45109, 4408.72
45118, 4395.38
45126, 4375.9
45134, 4380
45141, 4390.77
45149, 4390.77
45157, 4388.72
45165, 4390.26
45173, 4389.23
45180, 4388.21
45188, 4389.74
45196, 4392.31
45204, 4394.87
45211, 4388.21
45220, 4385.13
45227, 4392.82
45234, 4394.87
45243, 4387.69
45251, 4384.1
45259, 4393.33
45266, 4398.97
45274, 4387.69
45281, 4384.1
45289, 4391.28
45298, 4392.82
45306, 4392.31
45313, 4391.28
45320, 4392.31
45328, 4398.97
45336, 4402.56
45345, 4395.9
45352, 4393.85
45359, 4405.13
45367, 4401.54
45376, 4391.28
45384, 4398.97
45392, 4398.97
45399, 4386.67
45407, 4386.67
45415, 4388.72
45423, 4384.62
45431, 4386.67
45439, 4388.72
45446, 4387.69
45454, 4390.77
45462, 4390.26, estimuli
45470, 4383.08
45478, 4383.08
45484, 4383.59
45493, 4381.54
45500, 4392.31
45508, 4395.38
45517, 4382.56
45524, 4387.18
45531, 4395.9
45540, 4391.28
45548, 4387.69
45555, 4383.59
45564, 4388.72
45570, 4421.03
45579, 4442.05
45587, 4394.36
45595, 4326.67
45603, 4311.79
45611, 4338.46
45618, 4390.26
45626, 4446.67
45634, 4466.15
45642, 4443.08
45650, 4391.79
45657, 4335.9
45665, 4320
45673, 4350.77
45681, 4393.85
45689, 4439.49
45697, 4471.28
45704, 4454.36
45712, 4393.33
45719, 4340
45728, 4331.28
45735, 4353.33
45743, 4389.23
45751, 4438.97
45759, 4475.38
45767, 4452.82
45775, 4386.67
45783, 4338.97
45790, 4327.69
45798, 4348.72
45806, 4395.9
45814, 4449.74
45822, 4482.05
45829, 4462.05
45837, 4397.95
45845, 4341.03
45853, 4321.03
45861, 4339.49
45869, 4389.23
45876, 4449.74
45884, 4481.54
45892, 4449.23
45900, 4380.51
45908, 4322.05
45915, 4304.1
45922, 4341.03
45931, 4402.56
45939, 4451.79
45947, 4468.21
45955, 4441.54
45962, 4387.18
45970, 4335.9
45978, 4318.46
45986, 4342.56
45994, 4392.82
46000, 4446.67
46008, 4473.33
46017, 4454.36
46024, 4398.46
46033, 4334.36
46041, 4313.33
46048, 4347.69
46055, 4403.59
46064, 4453.33
46072, 4475.38
46080, 4454.87
46088, 4392.82
46095, 4328.21
46103, 4313.85
46111, 4349.23
46119, 4400
46127, 4449.23
46134, 4477.95
46142, 4455.9
46149, 4392.31
46158, 4336.41
46166, 4320.51
46174, 4342.05
46181, 4389.23
46189, 4445.13
46197, 4474.87
46205, 4448.72
46213, 4387.18
46220, 4333.85
46227, 4312.82
46236, 4337.44
46244, 4395.38
46252, 4449.74
46260, 4472.82
46267, 4448.21
46275, 4385.13
46283, 4328.72
46291, 4320
46299, 4349.74
46306, 4392.31
46314, 4445.13
46321, 4477.95
46330, 4449.74
46337, 4392.31
46346, 4344.62
46353, 4316.41
46361, 4338.46
46369, 4400.51
46377, 4449.74
46385, 4466.67
46392, 4444.62
46400, 4386.15
46408, 4329.23
46416, 4314.87
46424, 4342.05
46431, 4395.38
46438, 4453.33
46447, 4473.33
46454, 4447.69
46463, 4393.85
46471, 4332.31
46479, 4314.36
46486, 4350.26
46494, 4403.08
46502, 4453.85
46510, 4478.97
46517, 4450.77
46525, 4389.23
46533, 4339.49
46541, 4323.59
46549, 4347.18
46557, 4401.54
46565, 4440
46572, 4426.15
46580, 4396.92
46588, 4395.38
46596, 4403.08
46604, 4398.97
46611, 4392.31
46619, 4389.23
46627, 4392.82
46635, 4396.92
46642, 4391.79
46651, 4391.79
46657, 4397.44
46666, 4399.49
46674, 4400.51
46682, 4399.49
46690, 4392.82
46697, 4397.44
46705, 4402.05
46713, 4388.21
46720, 4377.44
46729, 4383.08
46737, 4392.82
46744, 4394.36
46752, 4395.38
46760, 4394.36
46768, 4387.18
46776, 4387.18
46783, 4392.31
46791, 4392.31
46799, 4393.33
46807, 4398.46
46814, 4401.03
46823, 4396.41
46830, 4393.85
46838, 4396.92
46846, 4395.38
46853, 4387.18
46862, 4390.26
46869, 4394.87
46877, 4391.79
46885, 4393.85
46893, 4397.44
46901, 4391.28
46909, 4389.23
46916, 4396.92
46924, 4398.97
46932, 4397.44
46940, 4402.56
46948, 4401.03
46955, 4394.87
46963, 4392.31
46971, 4389.74
46979, 4392.82
46987, 4400.51
46995, 4398.97
47002, 4392.82
47010, 4393.85
47018, 4396.92
47026, 4396.41
47034, 4393.85
47042, 4393.85
47049, 4395.38
47057, 4394.36
47065, 4395.9
47073, 4400
47081, 4396.92
47088, 4387.18
47096, 4387.69
47104, 4395.38
47112, 4394.87
47120, 4390.26
47128, 4389.74
47135, 4394.87
47143, 4398.97
47151, 4398.97
47159, 4401.54
47167, 4396.41
47174, 4386.67
47182, 4386.15
47189, 4393.85
47198, 4397.44
47206, 4392.31
47213, 4390.77
47220, 4394.36
47228, 4393.33
47237, 4392.82
47245, 4395.38
47252, 4392.82
47259, 4392.82
47268, 4392.82
47275, 4392.82
47284, 4401.03
47292, 4404.62
47300, 4397.95
47306, 4396.41
47315, 4400
47323, 4401.03
47331, 4396.41
47339, 4389.23
47346, 4390.26
47354, 4400.51
47362, 4402.05
47370, 4387.18
47378, 4384.62
47386, 4398.97
47393, 4400
47401, 4384.1
47408, 4381.54
47417, 4394.36
47425, 4395.38
47432, 4385.64
47439, 4388.21
47448, 4393.85
47456, 4388.21
47464, 4386.15, estimuli
47472, 4389.74
47479, 4390.26
47487, 4388.21
47495, 4386.15
47503, 4391.28
47511, 4400
47518, 4399.49
47525, 4385.13
47533, 4382.05
47542, 4392.82
47550, 4392.31
47558, 4386.15
47565, 4393.33
47572, 4418.97
47581, 4429.74
47589, 4386.67
47597, 4322.56
47604, 4308.21
47612, 4343.59
47620, 4384.1
47628, 4425.13
47636, 4459.49
47644, 4452.31
47651, 4393.85
47659, 4334.87
47667, 4318.46
47675, 4340.51
47683, 4382.56
47691, 4433.85
47698, 4470.77
47706, 4454.87
47714, 4393.85
47721, 4336.41
47730, 4315.9
47737, 4337.44
47745, 4384.1
47753, 4438.97
47761, 4479.49
47769, 4466.67
47776, 4401.54
47784, 4334.87
47792, 4311.28
47800, 4335.9
47808, 4383.08
47816, 4433.85
47823, 4468.72
47831, 4452.82
47839, 4392.31
47846, 4331.79
47854, 4307.69
47863, 4330.77
47870, 4378.97
47878, 4433.85
47886, 4471.79
47894, 4460.51
47901, 4402.05
47909, 4336.92
47917, 4308.21
47924, 4326.67
47933, 4376.92
47940, 4435.9
47948, 4469.23
47956, 4452.31
47964, 4393.85
47971, 4334.87
47980, 4314.87
47988, 4334.87
47995, 4376.92
48003, 4429.74
48011, 4465.13
48019, 4450.77
48027, 4391.79
48035, 4332.31
48041, 4315.9
48050, 4338.97
48057, 4383.59
48065, 4438.46
48073, 4472.31
48081, 4449.23
48088, 4390.26
48096, 4340
48104, 4319.49
48113, 4338.97
48121, 4383.08
48128, 4432.31
48136, 4467.69
48144, 4455.9
48152, 4393.85
48160, 4333.33
48168, 4310.26
48175, 4335.38
48183, 4396.41
48191, 4450.26
48199, 4469.23
48207, 4446.15
48213, 4388.21
48221, 4329.23
48230, 4309.74
48238, 4337.95
48246, 4387.18
48254, 4440
48261, 4470.26
48269, 4445.13
48277, 4386.67
48285, 4338.46
48293, 4313.33
48300, 4326.67
48308, 4377.95
48316, 4437.44
48324, 4465.13
48332, 4440
48339, 4386.15
48347, 4336.92
48355, 4311.79
48363, 4325.64
48371, 4373.85
48379, 4437.44
48386, 4475.9
48394, 4453.33
48402, 4389.23
48409, 4330.26
48418, 4311.28
48425, 4334.87
48433, 4385.13
48440, 4442.05
48449, 4470.77
48457, 4448.21
48465, 4389.23
48471, 4328.21
48480, 4308.72
48488, 4339.49
48496, 4391.28
48504, 4443.08
48512, 4471.28
48519, 4453.85
48526, 4394.87
48535, 4338.97
48543, 4321.54
48551, 4336.92
48557, 4383.59
48566, 4434.36
48574, 4436.41
48582, 4402.56
48589, 4396.41
48597, 4404.1
48604, 4385.64
48612, 4376.92
48620, 4392.82
48629, 4396.92
48637, 4387.69
48644, 4386.15
48652, 4391.79
48660, 4390.77
48668, 4390.26
48676, 4396.41
48684, 4396.92
48691, 4387.69
48699, 4392.31
48707, 4396.92
48714, 4384.1
48723, 4381.54
48731, 4389.74
48738, 4388.72
48746, 4384.1
48753, 4390.77
48762, 4398.46
48770, 4393.33
48777, 4390.77
48785, 4397.95
48793, 4404.1
48800, 4401.54
48808, 4390.77
48816, 4386.15
48824, 4392.82
48831, 4392.82
48839, 4384.62
48848, 4385.13
48856, 4389.74
48862, 4392.31
48871, 4390.77
48879, 4385.13
48886, 4383.59
48895, 4388.72
48903, 4389.23
48910, 4384.62
48918, 4393.85
48926, 4405.64
48934, 4396.92
48941, 4383.08
48949, 4386.67
48956, 4400.51
48964, 4401.54
48973, 4393.33
48981, 4394.36
48988, 4398.46
48996, 4399.49
49004, 4395.38
49012, 4387.18
49020, 4384.62
49027, 4387.18
49034, 4388.21
49043, 4389.23
49050, 4392.82
49059, 4393.85
49067, 4392.82
49075, 4393.33
49081, 4388.72
49090, 4382.56
49098, 4384.62
49106, 4390.26
49114, 4392.82
49121, 4391.79
49128, 4390.77
49137, 4390.77
49145, 4389.23
49153, 4383.08
49160, 4385.64
49168, 4391.28
49176, 4393.85
49184, 4392.31
49192, 4386.15
49200, 4395.38
49208, 4406.67
49215, 4393.33
49223, 4380
49231, 4386.15
49239, 4390.77
49247, 4386.67
49254, 4389.23
49262, 4395.9
49270, 4393.85
49277, 4388.72
49286, 4389.23
49294, 4392.31
49301, 4392.82
49308, 4389.23
49317, 4387.69
49325, 4392.82
49333, 4394.87
49340, 4390.77
49348, 4390.26
49356, 4392.82
49364, 4388.21
49372, 4386.15
49380, 4393.33
49387, 4390.77
49395, 4386.15
49403, 4396.41
49411, 4401.54
49419, 4388.72
49426, 4378.97
49433, 4384.1
49442, 4392.82
49450, 4395.9
49457, 4396.41
49466, 4389.74, estimuli
49473, 4380
49481, 4386.67
49489, 4393.85
49497, 4387.69
49505, 4389.23
49512, 4396.92
49519, 4393.85
49528, 4385.64
49536, 4388.21
49544, 4394.87
49552, 4392.31
49559, 4382.56
49567, 4387.69
49574, 4423.08
49583, 4445.64
49591, 4406.15
49598, 4340.51
49606, 4314.87
49614, 4332.82
49621, 4374.87
49630, 4429.23
49638, 4466.67
49645, 4458.97
49653, 4407.69
49661, 4346.67
49669, 4312.31
49677, 4327.18
49685, 4377.44
49692, 4432.82
49700, 4472.31
49707, 4462.05
49716, 4404.1
49724, 4342.56
49731, 4312.82
49738, 4327.69
49747, 4375.9
49754, 4433.85
49763, 4469.23
49769, 4456.41
49778, 4405.13
49786, 4346.15
49794, 4312.82
49801, 4326.67
49810, 4377.44
49817, 4434.36
49825, 4465.13
49832, 4451.28
49841, 4402.05
49849, 4348.72
49857, 4315.38
49864, 4321.54
49872, 4368.72
49880, 4433.33
49887, 4474.36
49896, 4460
49903, 4399.49
49911, 4329.74
49919, 4301.54
49926, 4324.1
49935, 4370.77
49943, 4431.28
49950, 4475.38
49958, 4462.56
49966, 4396.41
49974, 4333.85
49982, 4309.23
49989, 4320
49997, 4363.59
50005, 4429.23
50013, 4473.85
50021, 4455.9
50029, 4392.31
50036, 4330.26
50043, 4306.15
50052, 4326.15
50059, 4377.44
50068, 4436.41
50075, 4470.77
50083, 4456.92
50091, 4401.54
50099, 4343.08
50107, 4311.28
50115, 4325.13
50122, 4378.46
50129, 4437.95
50138, 4471.28
50146, 4455.9
50154, 4398.46
50161, 4343.08
50169, 4318.46
50177, 4328.72
50185, 4374.36
50193, 4441.03
50201, 4481.54
50208, 4457.44
50216, 4394.36
50224, 4345.64
50231, 4327.69
50239, 4337.44
50247, 4372.82
50255, 4431.79
50263, 4478.46
50270, 4468.21
50279, 4410.26
50287, 4345.13
50293, 4310.77
50302, 4329.23
50310, 4383.08
50318, 4437.95
50326, 4468.21
50334, 4451.28
50341, 4394.87
50349, 4339.49
50356, 4311.28
50365, 4322.05
50373, 4368.21
50380, 4432.31
50387, 4467.69
50396, 4447.69
50404, 4396.92
50412, 4343.08
50420, 4309.74
50427, 4323.59
50434, 4378.97
50443, 4438.46
50451, 4466.15
50459, 4448.72
50466, 4400
50474, 4345.64
50481, 4313.33
50490, 4325.13
50498, 4375.9
50506, 4436.41
50513, 4468.72
50521, 4452.82
50529, 4397.95
50537, 4339.49
50545, 4313.33
50552, 4330.26
50560, 4383.08
50568, 4432.31
50576, 4437.95
50584, 4407.69
50592, 4379.49
50599, 4374.87
50606, 4384.62
50615, 4391.28
50623, 4389.74
50631, 4388.72
50637, 4396.41
50646, 4396.41
50654, 4384.1
50662, 4384.1
50670, 4389.23
50678, 4383.59
50685, 4378.97
50693, 4382.56
50700, 4385.64
50709, 4383.08
50717, 4384.1
50724, 4389.23
50732, 4392.31
50739, 4388.21
50748, 4383.08
50756, 4386.15
50764, 4391.28
50771, 4388.21
50779, 4383.08
50787, 4385.64
50795, 4386.67
50802, 4384.62
50809, 4387.18
50818, 4387.18
50825, 4384.1
50834, 4389.74
50842, 4398.46
50849, 4391.28
50857, 4378.97
50865, 4382.05
50873, 4385.64
50881, 4387.69
50889, 4395.38
50896, 4396.41
50904, 4387.69
50912, 4385.13
50920, 4396.41
50928, 4399.49
50936, 4390.26
50943, 4383.59
50951, 4387.18
50958, 4394.87
50967, 4395.9
50975, 4394.36
50983, 4397.44
50990, 4396.92
50998, 4387.18
51006, 4382.05
51014, 4390.26
51022, 4392.82
51029, 4384.62
51037, 4388.72
51045, 4400.51
51075, 4395.9
51076, 4383.59
51076, 4385.64
51078, 4390.77
51084, 4390.26
51092, 4385.13
51100, 4385.13
51108, 4386.67
51115, 4384.1
51123, 4386.15
51130, 4388.72
51139, 4390.77
51147, 4394.36
51155, 4392.82
51162, 4390.26
51169, 4389.23
51178, 4386.67
51186, 4383.59
51193, 4390.26
51201, 4393.85
51208, 4390.26
51217, 4388.21
51225, 4385.64
51233, 4381.03
51241, 4392.31
51247, 4404.1
51255, 4391.28
51264, 4377.95
51272, 4384.62
51279, 4394.36
51287, 4392.82
51294, 4384.1
51303, 4384.62
51311, 4389.23
51319, 4387.69
51327, 4385.13
51334, 4386.67
51342, 4389.23
51350, 4392.82
51358, 4391.79
51366, 4391.28
51374, 4401.54
51381, 4408.21
51389, 4395.9
51397, 4388.72
51405, 4397.95
51413, 4393.85
51420, 4377.95
51428, 4378.46
51436, 4391.28
51444, 4398.46
51452, 4403.08
51460, 4406.15
51467, 4395.9, estimuli
51474, 4384.62
51482, 4385.13
51491, 4389.74
51499, 4392.82
51506, 4393.33
51513, 4391.79
51522, 4395.9
51530, 4394.87
51537, 4385.64
51546, 4383.08
51553, 4390.77
51561, 4395.9
51569, 4389.23
51577, 4401.54
51585, 4442.05
51592, 4440.51
51600, 4372.31
51608, 4313.85
51616, 4313.85
51623, 4348.72
51632, 4399.49
51638, 4452.31
51646, 4477.95
51655, 4449.74
51662, 4380.51
51670, 4318.97
51678, 4312.31
51686, 4346.67
51694, 4397.44
51701, 4454.36
51710, 4474.87
51717, 4444.1
51725, 4389.74
51733, 4334.36
51741, 4309.23
51749, 4343.59
51757, 4410.26
51764, 4458.46
51771, 4470.26
51780, 4436.92
51788, 4372.82
51796, 4320.51
51804, 4315.38
51811, 4351.79
51819, 4404.1
51827, 4455.9
51835, 4474.87
51843, 4440.51
51850, 4381.03
51857, 4332.82
51866, 4322.05
51874, 4354.36
51882, 4409.23
51890, 4455.9
51897, 4469.74
51904, 4441.03
51913, 4376.41
51921, 4318.97
51929, 4313.85
51937, 4351.28
51944, 4402.05
51952, 4453.33
51960, 4480.51
51968, 4451.79
51975, 4380
51983, 4319.49
51991, 4311.79
51999, 4352.82
52007, 4406.67
52015, 4453.33
52022, 4476.92
52030, 4450.26
52038, 4384.1
52045, 4324.1
52053, 4314.36
52062, 4353.33
52069, 4408.72
52077, 4456.92
52085, 4472.31
52093, 4433.85
52101, 4373.85
52108, 4326.67
52115, 4312.82
52124, 4349.74
52132, 4413.85
52140, 4463.08
52148, 4475.38
52155, 4443.08
52163, 4381.54
52171, 4329.23
52179, 4320.51
52186, 4353.85
52195, 4407.69
52202, 4461.54
52210, 4478.46
52218, 4446.15
52225, 4382.05
52234, 4324.1
52241, 4313.85
52249, 4353.85
52257, 4420.51
52265, 4472.31
52273, 4474.36
52280, 4436.92
52288, 4377.44
52296, 4321.54
52304, 4310.77
52312, 4348.72
52320, 4408.72
52327, 4463.59
52335, 4476.92
52343, 4440.51
52351, 4382.05
52359, 4332.31
52367, 4317.95
52374, 4350.77
52382, 4414.87
52390, 4466.67
52398, 4481.03
52406, 4452.31
52414, 4389.23
52421, 4332.31
52429, 4328.21
52437, 4369.74
52445, 4418.46
52453, 4463.59
52460, 4491.28
52468, 4459.49
52476, 4384.62
52484, 4326.15
52492, 4320
52500, 4358.97
52506, 4413.85
52515, 4464.62
52523, 4483.08
52530, 4452.31
52539, 4395.9
52546, 4338.97
52554, 4320.51
52562, 4367.18
52570, 4434.87
52578, 4461.54
52586, 4432.82
52593, 4408.21
52601, 4415.38
52609, 4408.21
52617, 4394.87
52625, 4401.54
52632, 4403.08
52639, 4403.08
52648, 4408.21
52656, 4406.15
52664, 4407.69
52672, 4410.77
52679, 4408.72
52687, 4400.51
52695, 4404.1
52702, 4415.38
52711, 4408.21
52717, 4402.05
52726, 4406.15
52734, 4406.67
52742, 4404.1
52750, 4404.62
52757, 4407.18
52765, 4400.51
52772, 4395.9
52781, 4400.51
52788, 4396.41
52797, 4398.97
52804, 4418.46
52812, 4418.97
52820, 4405.13
52828, 4405.13
52835, 4407.69
52843, 4404.62
52851, 4401.54
52859, 4399.49
52867, 4403.59
52875, 4406.15
52883, 4400.51
52891, 4401.54
52898, 4403.59
52906, 4396.41
52914, 4396.41
52922, 4395.9
52930, 4392.31
52937, 4403.08
52945, 4406.67
52952, 4396.41
52961, 4403.59
52968, 4416.92
52976, 4410.26
52984, 4398.97
52992, 4408.72
53000, 4416.41
53008, 4398.97
53016, 4387.18
53023, 4396.92
53031, 4405.13
53038, 4405.64
53047, 4405.13
53055, 4403.59
53063, 4403.59
53070, 4410.26
53078, 4407.18
53086, 4394.36
53094, 4395.9
53102, 4401.03
53109, 4391.28
53117, 4388.21
53125, 4396.41
53133, 4398.97
53141, 4403.59
53149, 4407.18
53156, 4398.97
53163, 4396.92
53172, 4406.67
53180, 4407.69
53187, 4396.41
53195, 4389.23
53203, 4392.82
53211, 4397.95
53219, 4400.51
53227, 4398.46
53235, 4395.9
53242, 4401.03
53250, 4402.56
53258, 4396.92
53266, 4394.36
53274, 4402.56
53281, 4408.21
53289, 4397.95
53297, 4394.36
53305, 4396.92
53313, 4391.28
53320, 4397.44
53328, 4400.51
53336, 4393.85
53344, 4396.41
53352, 4396.41
53360, 4393.85
53367, 4394.87
53375, 4394.87
53382, 4392.31
53391, 4381.54
53399, 4380.51
53407, 4386.15
53414, 4384.62
53422, 4380.51
53430, 4376.92
53438, 4377.95
53446, 4379.49
53453, 4380
53461, 4386.15
53469, 4387.69, estimuli
53476, 4390.77
53485, 4397.44
53493, 4394.36
53500, 4385.64
53508, 4384.62
53516, 4388.72
53524, 4387.18
53536, 4385.64
53539, 4390.77
53547, 4388.72
53555, 4388.72
53563, 4400.51
53571, 4390.77
53578, 4387.69
53586, 4421.54
53594, 4430.77
53602, 4380
53610, 4323.59
53618, 4317.44
53626, 4346.67
53633, 4388.72
53641, 4443.08
53649, 4473.33
53657, 4447.69
53665, 4389.74
53672, 4336.41
53680, 4323.08
53688, 4352.31
53695, 4395.9
53704, 4435.9
53712, 4458.46
53724, 4442.56
53726, 4394.87
53734, 4340
53743, 4315.9
53751, 4344.1
53758, 4392.31
53766, 4435.9
53774, 4465.13
53781, 4443.08
53790, 4380
53798, 4327.18
53805, 4313.85
53812, 4340
53821, 4392.82
53829, 4442.56
53837, 4461.54
53845, 4448.21
53852, 4397.44
53860, 4329.23
53868, 4307.69
53876, 4341.54
53884, 4399.49
53891, 4460.51
53899, 4476.92
53907, 4431.79
53915, 4374.87
53923, 4337.44
53931, 4321.03
53938, 4336.41
53946, 4388.21
53954, 4449.23
53962, 4474.87
53970, 4445.64
53977, 4381.54
53985, 4328.72
53993, 4317.95
54001, 4344.1
54009, 4390.77
54017, 4446.67
54024, 4474.87
54032, 4440
54040, 4378.97
54048, 4331.79
54056, 4316.92
54063, 4348.72
54070, 4402.05
54079, 4452.31
54087, 4478.46
54095, 4454.36
54103, 4387.18
54110, 4321.54
54118, 4316.41
54126, 4356.92
54134, 4395.9
54142, 4436.92
54148, 4462.05
54157, 4447.69
54165, 4396.41
54172, 4329.23
54181, 4311.28
54188, 4353.85
54196, 4406.15
54204, 4452.31
54212, 4474.87
54220, 4445.64
54228, 4382.56
54235, 4332.82
54243, 4327.69
54251, 4358.97
54259, 4406.15
54267, 4453.33
54275, 4474.87
54282, 4449.23
54289, 4391.28
54298, 4334.36
54306, 4312.82
54314, 4342.56
54321, 4399.49
54329, 4448.72
54337, 4468.72
54344, 4445.64
54353, 4387.69
54361, 4332.82
54368, 4316.92
54376, 4346.15
54384, 4400
54391, 4447.69
54400, 4466.15
54408, 4440
54415, 4384.1
54423, 4334.36
54431, 4317.95
54439, 4350.77
54447, 4407.69
54454, 4453.85
54462, 4476.92
54470, 4455.38
54478, 4385.64
54486, 4326.67
54494, 4326.15
54501, 4360.51
54509, 4402.05
54517, 4451.28
54525, 4478.97
54533, 4446.67
54539, 4384.62
54547, 4337.44
54556, 4318.46
54564, 4342.56
54572, 4410.26
54580, 4453.85
54587, 4425.64
54595, 4391.79
54603, 4401.54
54611, 4405.64
54619, 4391.28
54627, 4395.38
54634, 4398.97
54642, 4391.79
54650, 4395.9
54657, 4397.44
54666, 4392.82
54673, 4395.38
54681, 4398.97
54689, 4397.95
54697, 4398.97
54705, 4398.46
54712, 4391.28
54720, 4390.26
54728, 4390.77
54735, 4384.62
54744, 4389.74
54752, 4400
54759, 4391.79
54767, 4380.51
54775, 4390.77
54783, 4405.13
54791, 4398.46
54799, 4390.77
54806, 4396.92
54814, 4399.49
54822, 4397.95
54830, 4398.97
54838, 4396.92
54845, 4397.95
54853, 4404.62
54862, 4404.1
54869, 4396.92
54877, 4397.44
54885, 4402.56
54892, 4402.05
54900, 4403.08
54908, 4405.13
54916, 4396.92
54924, 4392.31
54931, 4400
54939, 4407.18
54947, 4399.49
54955, 4392.82
54963, 4401.54
54971, 4405.13
54978, 4392.31
54985, 4392.82
54994, 4404.1
55002, 4400.51
55010, 4389.23
55018, 4386.67
55025, 4400.51
55033, 4407.69
55041, 4393.85
55049, 4391.28
55057, 4406.67
55064, 4400.51
55072, 4384.1
55081, 4395.9
55087, 4406.15
55096, 4393.85
55104, 4395.38
55111, 4407.69
55119, 4405.64
55127, 4394.87
55135, 4385.13
55143, 4386.15
55150, 4396.92
55158, 4403.08
55166, 4394.87
55173, 4390.26
55181, 4402.56
55189, 4411.28
55197, 4399.49
55205, 4392.31
55213, 4405.13
55220, 4410.77
55229, 4396.41
55236, 4389.23
55244, 4400
55252, 4405.64
55260, 4395.38
55267, 4391.28
55276, 4402.56
55282, 4410.26
55291, 4405.13
55299, 4398.46
55307, 4399.49
55314, 4399.49
55322, 4397.44
55330, 4397.44
55338, 4395.9
55345, 4393.33
55353, 4392.31
55362, 4395.9
55369, 4396.41
55377, 4389.23
55385, 4393.33
55393, 4404.1
55400, 4401.03
55408, 4389.23
55416, 4393.33
55424, 4408.72
55432, 4406.15
55440, 4389.74
55448, 4391.28
55455, 4404.1
55463, 4401.54
55470, 4388.72, estimuli
55479, 4388.21
55487, 4394.36
55494, 4392.31
55501, 4396.92
55510, 4406.67
55518, 4402.05
55526, 4392.82
55534, 4395.9
55540, 4404.62
55549, 4401.54
55557, 4398.97
55565, 4402.56
55573, 4394.87
55581, 4401.03
55588, 4436.41
55596, 4444.62
55604, 4401.03
55612, 4354.87
55620, 4342.56
55626, 4356.92
55635, 4393.33
55643, 4443.59
55651, 4472.31
55659, 4451.79
55667, 4396.92
55674, 4350.77
55682, 4333.33
55690, 4347.18
55698, 4389.23
55705, 4443.59
55713, 4472.82
55721, 4451.79
55728, 4392.82
55737, 4333.33
55745, 4323.08
55753, 4358.46
55760, 4397.44
55768, 4435.38
55776, 4462.05
55784, 4447.18
55792, 4397.44
55799, 4349.74
55807, 4328.21
55815, 4346.15
55823, 4395.9
55831, 4448.21
55839, 4468.72
55846, 4444.1
55854, 4395.38
55862, 4353.85
55875, 4335.38
55878, 4347.69
55890, 4395.38
55893, 4451.28
55901, 4467.69
55909, 4440.51
55917, 4402.05
55925, 4362.56
55932, 4331.79
55939, 4346.67
55947, 4398.97
55955, 4445.64
55964, 4467.69
55972, 4453.85
55979, 4405.13
55988, 4352.31
55994, 4329.74
56003, 4352.31
56010, 4400.51
56018, 4443.08
56026, 4462.56
56034, 4446.67
56041, 4398.97
56050, 4350.26
56058, 4330.77
56065, 4351.79
56073, 4397.95
56081, 4443.08
56089, 4465.13
56097, 4445.13
56104, 4396.41
56112, 4350.77
56120, 4338.97
56128, 4359.49
56136, 4391.28
56144, 4434.87
56151, 4463.08
56159, 4442.56
56167, 4394.36
56175, 4352.82
56183, 4335.38
56190, 4351.28
56198, 4391.28
56205, 4444.62
56214, 4476.41
56222, 4454.36
56230, 4400
56237, 4348.21
56245, 4327.18
56253, 4351.79
56261, 4400
56269, 4445.64
56277, 4463.08
56284, 4435.38
56291, 4384.1
56299, 4340.51
56308, 4320
56316, 4342.56
56322, 4398.97
56331, 4446.15
56339, 4458.97
56347, 4437.44
56355, 4385.64
56362, 4337.44
56369, 4330.77
56378, 4353.85
56386, 4391.79
56394, 4440
56402, 4469.23
56409, 4449.74
56417, 4392.31
56425, 4341.03
56433, 4324.62
56441, 4346.67
56449, 4398.46
56456, 4448.72
56464, 4467.18
56472, 4446.15
56480, 4392.31
56488, 4342.56
56495, 4332.31
56503, 4353.85
56510, 4394.87
56518, 4448.21
56527, 4481.54
56535, 4453.33
56542, 4386.67
56549, 4342.05
56558, 4327.18
56565, 4343.59
56574, 4400.51
56581, 4448.21
56589, 4442.05
56597, 4405.13
56605, 4390.77
56613, 4400.51
56621, 4400
56627, 4393.85
56635, 4391.79
56643, 4399.49
56652, 4412.31
56660, 4403.08
56667, 4390.26
56675, 4395.9
56683, 4402.05
56691, 4395.9
56699, 4387.18
56707, 4391.79
56714, 4395.9
56722, 4392.82
56730, 4402.05
56737, 4403.08
56746, 4389.74
56753, 4386.15
56761, 4387.69
56768, 4390.77
56777, 4392.82
56785, 4394.87
56793, 4396.92
56800, 4391.79
56808, 4390.26
56816, 4389.74
56824, 4386.67
56832, 4390.26
56840, 4392.31
56847, 4390.77
56855, 4390.26
56863, 4395.9
56871, 4401.54
56879, 4391.79
56886, 4392.82
56894, 4409.23
56902, 4404.1
56910, 4387.69
56918, 4385.13
56925, 4390.26
56933, 4395.9
56941, 4396.92
56949, 4389.74
56956, 4384.1
56965, 4390.77
56972, 4396.92
56979, 4389.23
56988, 4388.72
56995, 4394.87
57003, 4387.69
57011, 4382.56
57018, 4386.67
57026, 4394.87
57034, 4398.46
57042, 4403.59
57050, 4416.92
57057, 4413.33
57066, 4407.69
57074, 4416.41
57082, 4416.92
57090, 4414.87
57097, 4412.31
57105, 4403.59
57113, 4400.51
57121, 4397.44
57129, 4398.46
57137, 4409.23
57144, 4413.85
57151, 4410.26
57160, 4410.26
57167, 4411.79
57176, 4413.33
57183, 4412.31
57190, 4407.69
57199, 4406.67
57207, 4422.05
57214, 4433.33
57222, 4422.56
57230, 4413.85
57238, 4416.41
57245, 4423.08
57253, 4422.56
57262, 4415.38
57270, 4418.97
57277, 4424.62
57285, 4421.03
57293, 4422.56
57301, 4427.18
57308, 4427.18
57317, 4429.23
57324, 4433.85
57332, 4438.46
57340, 4442.05
57348, 4442.05
57356, 4432.31
57363, 4430.77
57371, 4440.51
57378, 4438.97
57386, 4427.69
57395, 4426.15
57402, 4433.85
57410, 4432.82
57418, 4421.54
57426, 4421.54
57434, 4430.77
57442, 4429.74
57449, 4421.54
57456, 4421.54
57464, 4423.59
57473, 4422.56, estimuli
57481, 4425.64
57489, 4429.74
57496, 4425.64
57504, 4421.54
57512, 4422.05
57520, 4414.87
57528, 4403.59
57535, 4411.28
57543, 4428.72
57551, 4422.05
57559, 4409.74
57567, 4423.08
57575, 4416.92
57582, 4406.67
57590, 4446.67
57598, 4474.36
57606, 4430.26
57614, 4366.67
57621, 4343.59
57629, 4366.67
57637, 4417.95
57645, 4467.69
57653, 4491.79
57660, 4480.51
57668, 4430.77
57676, 4373.33
57684, 4348.21
57692, 4364.62
57700, 4407.18
57707, 4456.41
57715, 4482.56
57723, 4470.77
57731, 4425.13
57738, 4369.74
57747, 4353.85
57754, 4383.08
57762, 4422.56
57770, 4457.44
57778, 4475.38
57785, 4461.54
57792, 4418.97
57800, 4371.79
57809, 4350.77
57817, 4367.18
57825, 4410.26
57833, 4450.26
57839, 4474.36
57848, 4468.72
57856, 4420.51
57864, 4365.64
57871, 4343.08
57880, 4360.51
57887, 4409.74
57895, 4463.59
57903, 4484.62
57911, 4459.49
57918, 4408.72
57925, 4361.54
57934, 4337.44
57942, 4356.92
57950, 4407.18
57958, 4457.95
57964, 4483.08
57973, 4458.97
57981, 4404.62
57988, 4357.95
57996, 4340
58005, 4358.97
58012, 4397.95
58020, 4446.15
58027, 4481.03
58040, 4462.05
58044, 4405.13
58052, 4360.51
58059, 4342.56
58067, 4357.95
58076, 4401.03
58083, 4449.23
58091, 4474.87
58099, 4458.46
58106, 4410.26
58114, 4361.03
58123, 4340.51
58131, 4355.38
58138, 4395.38
58145, 4451.79
58152, 4482.05
58161, 4458.46
58169, 4409.74
58177, 4362.56
58185, 4332.31
58192, 4341.03
58200, 4391.79
58208, 4448.72
58216, 4468.21
58224, 4453.33
58236, 4410.77
58239, 4355.38
58247, 4336.41
58255, 4362.56
58263, 4404.1
58271, 4450.26
58278, 4479.49
58286, 4463.08
58293, 4405.13
58302, 4357.95
58310, 4346.15
58318, 4362.56
58325, 4405.64
58333, 4454.87
58341, 4483.08
58349, 4462.56
58357, 4404.1
58364, 4357.44
58372, 4337.95
58379, 4352.31
58388, 4397.95
58396, 4449.74
58402, 4474.36
58411, 4454.87
58419, 4410.26
58426, 4363.08
58435, 4333.33
58443, 4350.77
58450, 4394.36
58458, 4442.05
58466, 4480
58474, 4464.1
58481, 4409.23
58490, 4365.13
58497, 4347.69
58505, 4360
58513, 4394.36
58521, 4452.31
58529, 4491.79
58536, 4460
58544, 4401.03
58552, 4370.77
58560, 4361.03
58568, 4364.62
58575, 4398.46
58583, 4441.03
58591, 4438.46
58598, 4406.15
58607, 4396.41
58615, 4412.31
58621, 4430.77
58629, 4425.64
58638, 4405.13
58645, 4410.26
58654, 4427.69
58662, 4433.33
58669, 4430.77
58677, 4420
58685, 4413.33
58693, 4415.9
58701, 4421.03
58708, 4425.64
58715, 4424.62
58723, 4420
58731, 4418.97
58739, 4423.59
58748, 4423.59
58755, 4421.54
58763, 4431.79
58771, 4430.77
58779, 4417.95
58787, 4416.92
58795, 4415.38
58802, 4417.95
58810, 4425.13
58818, 4426.15
58825, 4423.08
58833, 4422.05
58841, 4424.1
58848, 4418.97
58857, 4412.31
58865, 4421.54
58873, 4425.13
58881, 4417.95
58888, 4423.59
58896, 4430.26
58903, 4422.56
58912, 4413.33
58920, 4414.87
58926, 4417.44
58935, 4417.44
58942, 4418.46
58951, 4414.87
58959, 4417.95
58967, 4427.69
58973, 4422.05
58982, 4411.28
58991, 4415.38
58998, 4415.9
59006, 4407.69
59012, 4406.15
59021, 4415.38
59028, 4417.95
59037, 4407.18
59050, 4409.74
59054, 4418.97
59060, 4419.49
59069, 4415.38
59076, 4408.21
59084, 4407.18
59091, 4412.82
59100, 4414.87
59107, 4412.82
59115, 4415.38
59123, 4417.95
59131, 4415.38
59139, 4419.49
59159, 4424.62
59166, 4415.38
59167, 4415.9
59169, 4425.64
59178, 4418.97
59186, 4409.74
59194, 4408.72
59201, 4402.05
59209, 4398.46
59217, 4403.08
59224, 4408.21
59232, 4407.69
59240, 4404.62
59248, 4405.64
59275, 4408.72
59276, 4403.08
59278, 4394.87
59279, 4396.41
59287, 4401.54
59295, 4398.97
59303, 4398.97
59311, 4407.18
59318, 4408.72
59326, 4405.64
59335, 4401.54
59342, 4402.05
59356, 4409.23
59362, 4411.79
59370, 4413.85
59373, 4416.41
59381, 4405.64
59388, 4395.9
59397, 4401.03
59405, 4404.62
59412, 4396.92
59420, 4398.97
59428, 4411.28
59436, 4409.23
59444, 4405.64
59451, 4408.21
59465, 4406.15
59467, 4405.13
59475, 4404.1, estimuli
59483, 4400.51
59491, 4403.08
59498, 4405.13
59506, 4400
59514, 4394.87
59522, 4398.46
59530, 4406.15
59536, 4406.15
59545, 4398.46
59553, 4395.38
59567, 4399.49
59568, 4410.26
59576, 4412.31
59584, 4404.1
59592, 4422.56
59600, 4448.72
59608, 4426.67
59616, 4365.64
59623, 4337.44
59631, 4353.85
59638, 4389.74
59647, 4441.54
59654, 4476.92
59663, 4465.64
59669, 4417.95
59678, 4366.67
59686, 4336.41
59694, 4347.18
59702, 4397.44
59710, 4449.74
59718, 4471.28
59725, 4457.95
59733, 4415.9
59741, 4363.59
59749, 4332.82
59756, 4344.1
59765, 4392.31
59772, 4447.69
59780, 4477.44
59788, 4464.1
59796, 4410.26
59803, 4354.87
59811, 4333.85
59825, 4352.82
59827, 4397.44
59835, 4442.56
59843, 4465.64
59850, 4452.82
59858, 4411.28
59866, 4363.59
59874, 4332.31
59882, 4348.72
59889, 4397.95
59897, 4438.46
59905, 4462.56
59913, 4457.95
59924, 4415.38
59929, 4367.18
59936, 4337.44
59943, 4344.62
59951, 4392.31
59960, 4448.21
59968, 4476.92
59976, 4458.97
59983, 4412.31
59991, 4362.56
59999, 4329.74
60007, 4341.54
60015, 4390.77
60022, 4443.59
60030, 4473.85
60037, 4457.95
60046, 4409.23
60053, 4357.95
60062, 4335.38
60068, 4356.92
60077, 4396.92
60085, 4435.38
60093, 4464.1
60101, 4460.51
60108, 4411.79
60116, 4354.36
60124, 4335.9
60132, 4356.41
60139, 4398.97
60148, 4446.67
60156, 4472.31
60163, 4454.87
60171, 4406.67
60179, 4359.49
60187, 4343.59
60194, 4362.05
60202, 4397.44
60210, 4439.49
60218, 4464.62
60226, 4455.9
60234, 4415.38
60241, 4363.59
60248, 4336.41
60256, 4352.31
60265, 4399.49
60272, 4450.77
60280, 4478.97
60289, 4462.05
60296, 4412.31
60303, 4361.54
60312, 4335.38
60320, 4348.72
60328, 4392.82
60335, 4441.03
60342, 4469.74
60351, 4456.92
60358, 4403.08
60367, 4350.77
60373, 4329.23
60381, 4348.21
60390, 4401.03
60398, 4445.64
60406, 4462.05
60414, 4445.64
60421, 4400.51
60429, 4352.82
60436, 4329.23
60445, 4345.64
60453, 4392.31
60459, 4441.54
60468, 4467.69
60476, 4449.23
60484, 4398.97
60492, 4350.26
60499, 4329.23
60507, 4349.74
60515, 4394.87
60523, 4442.05
60531, 4472.31
60539, 4459.49
60546, 4407.18
60554, 4353.33
60562, 4332.31
60569, 4347.69
60578, 4390.26
60586, 4442.56
60593, 4449.23
60601, 4408.21
60609, 4393.85
60617, 4411.28
60625, 4406.15
60632, 4395.38
60640, 4404.62
60648, 4408.21
60656, 4398.97
60664, 4392.82
60672, 4392.82
60679, 4398.46
60687, 4401.54
60695, 4401.54
60703, 4404.1
60711, 4402.05
60717, 4391.79
60726, 4393.33
60735, 4404.62
60742, 4402.56
60750, 4399.49
60758, 4400.51
60765, 4398.46
60772, 4399.49
60781, 4400.51
60789, 4398.97
60797, 4403.08
60804, 4411.28
60812, 4404.62
60820, 4394.87
60828, 4402.05
60836, 4404.62
60844, 4400
60850, 4397.95
60858, 4396.92
60867, 4401.54
60875, 4404.62
60883, 4402.56
60889, 4405.13
60898, 4407.69
60905, 4402.05
60914, 4395.9
60922, 4398.46
60930, 4404.1
60937, 4400
60945, 4394.87
60952, 4394.36
60961, 4395.9
60969, 4401.03
60975, 4401.03
60984, 4395.9
60992, 4401.03
61000, 4410.77
61008, 4408.21
61016, 4393.85
61023, 4388.21
61031, 4394.87
61038, 4398.46
61047, 4400
61055, 4401.54
61063, 4399.49
61069, 4400.51
61078, 4399.49
61086, 4394.87
61094, 4398.46
61102, 4404.62
61109, 4397.44
61116, 4396.41
61124, 4402.56
61132, 4392.31
61141, 4387.69
61149, 4401.54
61156, 4405.13
61164, 4400.51
61172, 4398.97
61180, 4396.92
61188, 4396.41
61195, 4395.9
61202, 4393.33
61210, 4404.62
61219, 4416.92
61227, 4404.62
61235, 4388.21
61241, 4394.87
61250, 4404.62
61258, 4398.97
61266, 4397.95
61274, 4406.67
61281, 4413.85
61289, 4414.36
61297, 4409.74
61305, 4409.23
61313, 4409.74
61321, 4404.1
61328, 4405.64
61335, 4411.79
61344, 4410.77
61352, 4416.41
61360, 4422.05
61367, 4412.82
61375, 4404.1
61383, 4408.72
61391, 4406.15
61399, 4391.79
61407, 4392.31
61414, 4403.08
61422, 4406.67
61430, 4399.49
61438, 4391.79
61446, 4397.95
61453, 4403.59
61461, 4397.95
61469, 4396.92
61476, 4405.64, estimuli
61484, 4407.18
61492, 4403.08
61499, 4404.62
61508, 4407.69
61516, 4407.18
61524, 4407.69
61532, 4404.62
61539, 4399.49
61547, 4404.1
61555, 4403.59
61563, 4399.49
61571, 4405.64
61579, 4404.1
61587, 4411.79
61594, 4446.15
61603, 4448.72
61610, 4390.77
61618, 4338.97
61626, 4337.95
61633, 4358.97
61641, 4398.46
61649, 4451.79
61657, 4467.69
61666, 4435.9
61671, 4390.77
61680, 4352.31
61688, 4337.44
61700, 4355.9
61704, 4407.69
61718, 4463.08
61719, 4468.21
61727, 4432.31
61734, 4390.77
61742, 4351.28
61759, 4327.18
61760, 4346.15
61766, 4408.21
61774, 4459.49
61781, 4469.74
61790, 4446.67
61798, 4396.92
61805, 4346.15
61813, 4331.28
61820, 4366.15
61828, 4422.05
61836, 4460
61845, 4470.77
61852, 4441.54
61860, 4384.62
61868, 4343.08
61876, 4335.9
61884, 4362.56
61892, 4416.41
61899, 4459.49
61907, 4463.08
61915, 4440
61922, 4395.38
61931, 4343.08
61938, 4330.26
61946, 4364.62
61954, 4409.74
61962, 4453.33
61969, 4474.36
61978, 4439.49
61985, 4381.54
61993, 4344.1
62001, 4331.79
62009, 4354.87
62017, 4411.28
62024, 4466.15
62032, 4480
62040, 4437.95
62048, 4376.92
62055, 4340.51
62063, 4337.44
62070, 4359.49
62079, 4403.08
62087, 4454.87
62095, 4474.36
62103, 4443.59
62111, 4389.74
62117, 4343.59
62126, 4331.79
62133, 4360.51
62142, 4413.85
62150, 4461.03
62157, 4467.18
62165, 4437.44
62173, 4388.21
62181, 4342.05
62189, 4338.46
62197, 4369.23
62204, 4408.72
62212, 4449.23
62220, 4465.64
62227, 4444.62
62242, 4395.38
62244, 4341.03
62251, 4324.62
62259, 4360
62266, 4413.85
62274, 4451.28
62283, 4460.51
62289, 4433.85
62298, 4378.97
62307, 4333.85
62314, 4329.74
62322, 4366.15
62330, 4416.92
62338, 4453.85
62346, 4466.15
62353, 4439.49
62361, 4384.1
62369, 4341.03
62377, 4331.28
62384, 4361.54
62392, 4417.44
62400, 4466.15
62408, 4475.9
62416, 4435.9
62422, 4381.03
62432, 4347.69
62440, 4343.08
62447, 4366.67
62455, 4407.18
62463, 4454.36
62470, 4476.41
62478, 4440.51
62485, 4380
62499, 4342.05
62502, 4335.9
62508, 4361.03
62516, 4409.23
62526, 4458.46
62533, 4471.28
62542, 4434.87
62549, 4382.56
62556, 4341.54
62564, 4331.79
62572, 4367.69
62580, 4423.59
62587, 4450.77
62595, 4433.85
62602, 4404.62
62610, 4401.03
62619, 4406.67
62631, 4400.51
62635, 4396.92
62648, 4400.51
62651, 4402.05
62659, 4398.46
62666, 4400.51
62674, 4405.13
62682, 4406.15
62688, 4404.1
62697, 4401.03
62704, 4404.62
62713, 4409.23
62721, 4407.18
62727, 4405.13
62736, 4398.97
62744, 4397.44
62752, 4403.08
62760, 4400
62768, 4402.05
62775, 4405.13
62783, 4396.92
62791, 4394.87
62799, 4400.51
62807, 4402.56
62814, 4401.54
62822, 4403.08
62831, 4404.1
62839, 4408.72
62846, 4412.31
62854, 4401.03
62865, 4395.9
62869, 4408.21
62877, 4405.64
62884, 4394.87
62892, 4407.18
62901, 4414.87
62908, 4402.05
62915, 4395.9
62924, 4405.13
62931, 4412.31
62943, 4409.74
62947, 4405.64
62955, 4402.56
62963, 4406.67
62971, 4410.77
62979, 4406.15
62986, 4404.62
62994, 4404.1
63003, 4406.67
63010, 4415.9
63018, 4409.23
63026, 4395.9
63034, 4404.62
63041, 4418.46
63049, 4409.23
63057, 4394.36
63065, 4399.49
63072, 4409.23
63080, 4403.59
63088, 4403.08
63096, 4409.23
63104, 4406.67
63111, 4405.64
63119, 4411.79
63126, 4415.9
63134, 4411.79
63143, 4406.67
63151, 4410.26
63159, 4414.87
63166, 4407.69
63174, 4397.95
63182, 4400
63190, 4399.49
63198, 4401.03
63206, 4416.92
63213, 4418.97
63221, 4413.33
63229, 4420.51
63236, 4417.44
63245, 4411.28
63251, 4419.49
63260, 4416.41
63268, 4399.49
63276, 4398.97
63284, 4411.28
63291, 4415.9
63299, 4408.72
63307, 4407.18
63315, 4407.69
63323, 4404.1
63330, 4405.13
63339, 4411.28
63346, 4412.82
63354, 4406.15
63362, 4400
63370, 4404.62
63378, 4409.74
63385, 4406.67
63393, 4404.1
63401, 4410.77
63409, 4412.82
63417, 4404.62
63425, 4411.28
63432, 4424.62
63440, 4418.97
63448, 4411.79
63456, 4413.85
63470, 4406.15
63471, 4400.51
63479, 4410.77, estimuli
63487, 4422.56
63495, 4421.03
63502, 4416.41
63509, 4423.08
63518, 4430.26
63526, 4426.15
63533, 4417.44
63542, 4414.87
63550, 4417.95
63557, 4417.95
63571, 4424.1
63573, 4429.23
63581, 4412.31
63589, 4420.51
63596, 4464.62
63604, 4427.69
63612, 4317.95
63619, 4289.74
63628, 4350.26
63636, 4391.79
63643, 4427.18
63652, 4486.67
63659, 4506.15
63667, 4467.69
63675, 4411.79
63683, 4364.1
63690, 4346.67
63698, 4369.23
63705, 4418.46
63714, 4462.56
63722, 4480.51
63729, 4467.18
63737, 4421.54
63745, 4371.79
63753, 4351.28
63760, 4370.26
63768, 4423.08
63776, 4472.31
63784, 4484.62
63792, 4456.92
63800, 4408.72
63808, 4367.18
63816, 4348.72
63823, 4367.69
63831, 4416.41
63838, 4465.64
63847, 4490.26
63854, 4470.77
63861, 4412.82
63870, 4355.9
63878, 4339.49
63885, 4374.87
63894, 4425.64
63902, 4456.41
63910, 4471.28
63917, 4462.05
63925, 4414.36
63933, 4353.85
63941, 4334.87
63948, 4374.36
63956, 4425.64
63963, 4461.03
63972, 4476.41
63980, 4454.87
63988, 4405.64
63995, 4362.05
64003, 4345.13
64011, 4371.28
64019, 4427.18
64026, 4473.33
64033, 4480.51
64042, 4454.36
64050, 4410.26
64058, 4364.1
64066, 4351.79
64074, 4378.46
64080, 4420
64088, 4462.05
64097, 4479.49
64105, 4452.82
64113, 4404.1
64120, 4358.46
64128, 4341.03
64136, 4369.74
64144, 4428.21
64152, 4473.85
64160, 4480.51
64167, 4449.74
64175, 4404.1
64183, 4363.08
64190, 4341.03
64199, 4360.51
64206, 4418.46
64214, 4469.23
64222, 4480.51
64230, 4454.87
64238, 4397.95
64246, 4348.21
64253, 4348.21
64261, 4381.54
64269, 4420.51
64277, 4458.46
64285, 4475.9
64293, 4450.77
64300, 4394.36
64307, 4349.23
64316, 4344.62
64324, 4377.95
64332, 4423.08
64338, 4460.51
64346, 4476.92
64355, 4454.87
64362, 4400
64371, 4348.21
64379, 4334.36
64386, 4365.64
64394, 4420.51
64402, 4471.28
64410, 4487.18
64417, 4450.77
64425, 4394.36
64432, 4350.77
64441, 4336.92
64449, 4369.23
64456, 4425.13
64464, 4471.28
64472, 4484.62
64479, 4451.28
64488, 4393.33
64496, 4345.64
64504, 4338.97
64511, 4373.33
64518, 4422.56
64527, 4468.21
64534, 4481.03
64543, 4450.26
64550, 4399.49
64557, 4357.95
64566, 4348.72
64574, 4373.33
64581, 4415.9
64590, 4447.18
64597, 4441.54
64605, 4416.92
64613, 4409.23
64621, 4413.33
64629, 4414.36
64637, 4411.28
64643, 4410.77
64651, 4415.38
64660, 4418.46
64668, 4418.46
64676, 4410.77
64683, 4402.56
64692, 4411.28
64699, 4417.44
64707, 4407.69
64715, 4406.67
64723, 4413.33
64730, 4412.31
64737, 4407.69
64746, 4409.23
64753, 4410.26
64762, 4402.56
64769, 4401.54
64777, 4412.31
64785, 4417.44
64793, 4405.13
64801, 4395.9
64809, 4403.59
64816, 4409.23
64824, 4409.74
64832, 4409.23
64840, 4406.67
64854, 4404.62
64856, 4404.62
64863, 4412.82
64871, 4421.54
64878, 4416.92
64887, 4414.87
64895, 4410.77
64902, 4400
64910, 4405.13
64918, 4413.85
64926, 4410.77
64934, 4412.82
64942, 4414.87
64949, 4409.74
64957, 4410.77
64965, 4414.87
64973, 4411.79
64981, 4410.26
64988, 4410.77
64996, 4410.26
65004, 4412.31
65012, 4414.87
65020, 4412.82
65028, 4406.15
65035, 4405.13
65043, 4413.85
65051, 4417.95
65059, 4408.72
65067, 4408.72
65073, 4417.95
65082, 4410.77
65090, 4405.13
65097, 4415.38
65106, 4414.87
65114, 4404.62
65120, 4403.59
65130, 4409.23
65136, 4408.72
65145, 4408.72
65153, 4407.18
65160, 4407.69
65168, 4414.36
65175, 4411.28
65184, 4410.77
65192, 4415.9
65200, 4407.69
65214, 4404.1
65216, 4414.36
65223, 4416.92
65231, 4412.82
65238, 4418.97
65247, 4421.03
65256, 4407.18
65262, 4408.21
65270, 4424.62
65277, 4414.87
65286, 4400.51
65295, 4409.74
65301, 4413.85
65309, 4404.62
65317, 4401.03
65324, 4408.72
65333, 4410.26
65339, 4403.08
65348, 4412.31
65355, 4421.54
65364, 4409.23
65372, 4403.08
65380, 4408.72
65387, 4412.31
65401, 4410.77
65404, 4407.69
65411, 4408.72
65418, 4412.31
65426, 4415.9
65434, 4416.92
65442, 4411.28
65449, 4406.67
65458, 4407.18
65466, 4409.23
65473, 4412.82
65481, 4419.49, estimuli
65488, 4417.44
65503, 4406.67
65505, 4411.28
65518, 4416.92
65520, 4405.64
65527, 4405.64
65535, 4414.87
65543, 4414.36
65552, 4414.87
65558, 4413.85
65566, 4410.26
65575, 4410.26
65583, 4409.74
65590, 4417.95
65603, 4444.62
65606, 4456.92
65615, 4413.33
65622, 4350.77
65629, 4340
65638, 4371.28
65646, 4416.41
65653, 4463.08
65660, 4481.03
65669, 4456.92
65677, 4408.21
65685, 4368.72
65692, 4353.85
65700, 4363.08
65707, 4405.64
65716, 4462.56
65723, 4494.36
65731, 4469.74
65739, 4407.18
65747, 4363.59
65755, 4346.15
65763, 4349.23
65771, 4398.97
65778, 4462.56
65787, 4487.69
65794, 4467.18
65802, 4416.92
65810, 4364.62
65822, 4337.95
65825, 4357.95
65833, 4410.77
65841, 4460.51
65849, 4478.46
65858, 4452.82
65865, 4406.15
65871, 4362.05
65880, 4339.49
65888, 4364.1
65896, 4421.54
65904, 4469.74
65911, 4481.03
65919, 4453.85
65927, 4406.67
65935, 4358.97
65943, 4343.08
65951, 4374.36
65958, 4418.97
65966, 4457.44
65974, 4477.95
65982, 4460.51
65990, 4415.38
65998, 4364.1
66005, 4336.92
66019, 4358.97
66021, 4412.82
66029, 4467.69
66037, 4485.64
66044, 4460
66052, 4413.85
66060, 4366.67
66068, 4351.79
66076, 4374.87
66084, 4418.97
66091, 4470.26
66100, 4492.31
66107, 4461.54
66115, 4404.1
66123, 4356.41
66131, 4341.03
66138, 4367.69
66146, 4420.51
66154, 4468.72
66162, 4487.18
66170, 4464.62
66177, 4407.18
66185, 4353.33
66193, 4341.54
66201, 4372.82
66209, 4424.62
66217, 4463.08
66224, 4481.03
66232, 4466.15
66240, 4410.26
66248, 4357.44
66256, 4350.26
66263, 4376.41
66270, 4417.95
66279, 4462.05
66287, 4484.62
66295, 4467.69
66303, 4414.87
66310, 4356.41
66318, 4336.92
66326, 4368.72
66334, 4416.41
66342, 4457.44
66349, 4485.64
66357, 4465.64
66365, 4403.59
66373, 4352.31
66380, 4343.59
66388, 4373.33
66396, 4420.51
66404, 4473.33
66412, 4494.36
66420, 4454.36
66428, 4393.85
66435, 4355.9
66443, 4341.54
66451, 4361.54
66459, 4415.9
66467, 4467.18
66474, 4477.44
66482, 4454.36
66490, 4415.38
66498, 4369.23
66505, 4350.26
66514, 4371.79
66520, 4411.28
66530, 4457.95
66536, 4483.59
66545, 4459.49
66553, 4405.13
66561, 4356.92
66568, 4338.97
66576, 4364.62
66584, 4421.54
66592, 4454.87
66600, 4436.92
66608, 4413.33
66615, 4408.72
66624, 4406.15
66631, 4408.21
66639, 4413.33
66647, 4410.26
66653, 4405.64
66662, 4408.72
66669, 4416.41
66677, 4417.44
66685, 4415.9
66694, 4422.05
66700, 4427.69
66709, 4427.69
66716, 4415.9
66725, 4409.74
66733, 4418.46
66740, 4420.51
66747, 4413.33
66756, 4415.38
66764, 4417.44
66771, 4410.26
66780, 4412.82
66787, 4417.44
66795, 4407.18
66803, 4408.21
66811, 4416.92
66819, 4411.28
66827, 4410.77
66834, 4417.95
66843, 4408.21
66850, 4398.97
66858, 4409.23
66866, 4415.38
66873, 4404.62
66881, 4408.21
66888, 4423.08
66897, 4412.82
66905, 4396.92
66913, 4404.62
66919, 4413.85
66927, 4415.38
66936, 4405.13
66944, 4397.95
66952, 4416.92
66959, 4426.15
66966, 4413.33
66975, 4413.33
66983, 4423.08
66990, 4419.49
66999, 4413.33
67006, 4423.08
67014, 4429.23
67021, 4416.41
67029, 4411.79
67038, 4424.62
67045, 4417.44
67053, 4400
67061, 4408.21
67069, 4423.59
67077, 4415.38
67085, 4402.05
67092, 4407.18
67100, 4413.33
67108, 4412.31
67116, 4410.77
67124, 4413.85
67131, 4414.87
67139, 4410.26
67146, 4409.74
67155, 4409.23
67163, 4405.13
67171, 4406.15
67178, 4410.26
67186, 4416.41
67194, 4416.41
67202, 4408.21
67210, 4405.64
67217, 4406.15
67225, 4408.72
67233, 4415.38
67240, 4415.38
67249, 4413.85
67257, 4420
67264, 4420
67272, 4413.33
67280, 4413.85
67288, 4417.44
67296, 4410.77
67303, 4405.13
67311, 4408.72
67319, 4413.85
67327, 4419.49
67335, 4417.95
67342, 4406.15
67350, 4404.1
67358, 4410.77
67366, 4417.44
67374, 4420.51
67382, 4414.36
67389, 4410.77
67397, 4416.92
67404, 4419.49
67413, 4414.87
67421, 4407.69
67429, 4406.15
67436, 4407.18
67444, 4410.77
67451, 4416.92
67460, 4418.46
67467, 4417.44
67476, 4411.79
67483, 4410.77, estimuli
67491, 4412.82
67499, 4407.69
67507, 4407.18
67515, 4411.79
67521, 4414.36
67530, 4408.72
67538, 4405.13
67545, 4420.51
67554, 4422.56
67562, 4400.51
67569, 4402.56
67577, 4427.18
67585, 4418.97
67593, 4414.36
67601, 4452.82
67607, 4467.69
67616, 4416.92
67623, 4355.38
67632, 4342.05
67640, 4368.21
67648, 4412.31
67655, 4459.49
67664, 4483.59
67671, 4466.15
67679, 4415.9
67687, 4369.74
67695, 4350.26
67709, 4364.1
67710, 4409.74
67718, 4463.08
67726, 4494.36
67734, 4475.38
67741, 4413.33
67750, 4361.03
67757, 4342.05
67765, 4349.23
67773, 4393.33
67781, 4455.9
67788, 4485.13
67796, 4458.46
67804, 4411.28
67812, 4368.21
67820, 4344.1
67827, 4365.64
67834, 4414.36
67844, 4458.97
67851, 4489.74
67859, 4475.9
67873, 4417.95
67875, 4358.46
67882, 4336.92
67890, 4367.69
67898, 4418.46
67906, 4462.56
67913, 4484.62
67920, 4460.51
67928, 4409.74
67937, 4370.26
67944, 4356.41
67952, 4366.67
67960, 4401.54
67974, 4453.85
67976, 4483.59
67984, 4462.56
67992, 4411.28
68000, 4358.97
68007, 4341.03
68015, 4369.23
68023, 4416.41
68031, 4459.49
68039, 4482.56
68046, 4466.67
68054, 4411.28
68061, 4358.46
68070, 4345.64
68078, 4367.18
68085, 4410.26
68093, 4460
68101, 4483.08
68108, 4465.13
68117, 4419.49
68125, 4366.15
68132, 4342.56
68140, 4371.28
68147, 4421.03
68156, 4458.97
68164, 4481.03
68172, 4468.72
68179, 4416.41
68187, 4364.62
68195, 4347.69
68203, 4368.21
68211, 4412.82
68218, 4458.46
68226, 4486.15
68234, 4472.31
68242, 4415.38
68250, 4358.46
68258, 4340.51
68265, 4367.69
68273, 4417.95
68280, 4459.49
68289, 4482.05
68297, 4465.64
68304, 4410.77
68312, 4358.46
68320, 4342.56
68328, 4368.72
68336, 4416.41
68344, 4462.56
68351, 4488.21
68358, 4471.28
68367, 4415.9
68375, 4358.46
68383, 4338.46
68390, 4361.03
68397, 4405.64
68406, 4461.54
68414, 4493.85
68421, 4471.28
68429, 4417.95
68437, 4367.69
68444, 4342.05
68456, 4357.95
68461, 4410.26
68475, 4466.67
68477, 4491.28
68484, 4470.26
68492, 4413.85
68499, 4359.49
68507, 4345.13
68522, 4372.31
68524, 4420
68530, 4467.69
68539, 4487.18
68547, 4471.28
68555, 4424.1
68563, 4367.18
68573, 4340.51
68577, 4357.95
68586, 4415.38
68594, 4464.62
68602, 4450.26
68610, 4418.46
68617, 4414.36
68625, 4417.44
68632, 4416.41
68641, 4417.44
68649, 4421.54
68656, 4417.95
68664, 4409.74
68672, 4413.85
68680, 4421.54
68688, 4420.51
68696, 4420
68703, 4419.49
68710, 4413.33
68719, 4412.31
68726, 4420.51
68734, 4424.62
68742, 4418.46
68750, 4412.31
68757, 4420
68766, 4427.69
68784, 4419.49
68786, 4407.18
68790, 4409.23
68797, 4414.36
68805, 4415.38
68813, 4416.92
68821, 4412.82
68829, 4411.79
68835, 4413.33
68845, 4413.85
68852, 4414.36
68859, 4408.72
68868, 4414.36
68876, 4421.03
68883, 4416.92
68891, 4418.46
68899, 4416.41
68907, 4409.74
68915, 4413.85
68922, 4417.44
68930, 4415.38
68937, 4423.08
68946, 4427.69
68954, 4417.95
68962, 4417.95
68969, 4425.64
68977, 4418.46
68985, 4411.28
68993, 4413.85
69001, 4412.31
69007, 4413.33
69016, 4414.36
69024, 4410.26
69032, 4412.31
69040, 4420.51
69048, 4422.05
69055, 4415.9
69063, 4416.41
69071, 4422.56
69079, 4417.44
69087, 4410.26
69095, 4413.33
69102, 4417.44
69110, 4422.05
69118, 4418.97
69125, 4410.77
69134, 4411.28
69141, 4412.31
69149, 4411.28
69157, 4416.41
69165, 4424.1
69173, 4423.59
69181, 4417.44
69188, 4410.77
69196, 4411.28
69204, 4424.1
69212, 4426.15
69220, 4409.74
69227, 4408.21
69235, 4420
69243, 4418.46
69250, 4412.31
69259, 4416.41
69266, 4420
69274, 4418.46
69282, 4419.49
69290, 4423.08
69298, 4420
69306, 4416.41
69313, 4420
69321, 4423.08
69329, 4421.54
69337, 4416.92
69345, 4415.38
69352, 4417.44
69359, 4417.44
69368, 4422.05
69376, 4425.13
69384, 4416.92
69392, 4413.33
69399, 4414.36
69407, 4410.26
69420, 4408.72
69425, 4411.28
69432, 4408.72
69439, 4404.1
69450, 4410.77
69454, 4423.59
69462, 4426.15
69469, 4415.9
69478, 4409.23
69485, 4415.9, estimuli
69494, 4421.54
69501, 4412.31
69510, 4407.18
69517, 4417.95
69525, 4419.49
69532, 4410.77
69540, 4412.31
69547, 4423.59
69556, 4418.97
69563, 4411.28
69572, 4423.59
69579, 4429.74
69587, 4415.38
69595, 4409.74
69602, 4438.46
69611, 4457.95
69618, 4417.44
69626, 4357.44
69634, 4341.03
69642, 4365.13
69650, 4404.62
69658, 4449.74
69665, 4487.18
69673, 4482.05
69681, 4424.62
69689, 4367.18
69697, 4347.69
69704, 4357.95
69712, 4395.9
69720, 4453.85
69728, 4488.72
69736, 4467.18
69744, 4414.87
69751, 4373.85
69759, 4349.74
69767, 4355.38
69775, 4409.74
69783, 4473.33
69790, 4490.26
69798, 4460
69806, 4415.38
69814, 4372.82
69822, 4349.23
69830, 4365.64
69837, 4406.67
69845, 4456.41
69853, 4491.79
69861, 4475.38
69869, 4425.64
69875, 4376.41
69884, 4352.31
69892, 4367.69
69900, 4409.23
69908, 4456.92
69920, 4486.15
69923, 4471.28
69931, 4419.49
69939, 4366.67
69947, 4346.15
69955, 4367.69
69963, 4414.36
69970, 4462.56
69978, 4489.23
69985, 4472.31
70006, 4421.54
70008, 4366.67
70009, 4337.95
70022, 4356.41
70025, 4411.79
70032, 4464.62
70041, 4486.15
70049, 4473.33
70056, 4424.62
70064, 4363.59
70072, 4341.03
70080, 4364.1
70088, 4410.26
70095, 4457.44
70103, 4483.08
70111, 4470.26
70119, 4420.51
70127, 4364.62
70135, 4342.05
70142, 4363.08
70149, 4414.36
70158, 4466.15
70166, 4491.28
70173, 4474.87
70180, 4422.56
70188, 4368.72
70197, 4350.26
70205, 4371.28
70213, 4407.69
70223, 4454.36
70228, 4487.69
70235, 4467.69
70244, 4413.33
70252, 4367.18
70259, 4349.23
70267, 4365.64
70275, 4408.21
70283, 4461.03
70291, 4497.44
70299, 4474.36
70313, 4410.77
70315, 4365.13
70328, 4347.69
70330, 4362.05
70338, 4408.72
70346, 4462.56
70353, 4490.77
70360, 4470.26
70369, 4412.82
70377, 4359.49
70385, 4345.64
70393, 4375.38
70400, 4417.95
70408, 4455.9
70415, 4478.46
70424, 4465.64
70432, 4420.51
70439, 4364.62
70446, 4337.95
70454, 4359.49
70463, 4410.77
70471, 4462.05
70479, 4487.69
70486, 4476.41
70494, 4424.1
70502, 4361.03
70510, 4338.46
70522, 4365.13
70526, 4419.49
70533, 4473.85
70541, 4491.28
70549, 4467.18
70557, 4422.05
70565, 4369.74
70572, 4342.56
70580, 4364.1
70588, 4415.38
70596, 4456.41
70603, 4457.44
70611, 4426.67
70619, 4409.74
70627, 4413.85
70634, 4412.82
70643, 4410.26
70651, 4413.33
70658, 4411.28
70665, 4413.85
70674, 4416.92
70682, 4406.67
70690, 4406.67
70698, 4419.49
70704, 4419.49
70713, 4409.23
70722, 4406.15
70729, 4415.38
70737, 4418.46
70751, 4414.87
70753, 4415.38
70760, 4415.9
70768, 4415.9
70775, 4418.46
70784, 4415.9
70791, 4415.9
70799, 4427.18
70807, 4429.23
70815, 4412.82
70823, 4407.18
70830, 4415.9
70837, 4416.41
70846, 4413.85
70854, 4420
70862, 4425.64
70870, 4420.51
70877, 4410.77
70885, 4414.87
70892, 4424.1
70900, 4415.9
70908, 4409.74
70916, 4414.36
70925, 4414.87
70932, 4416.41
70941, 4417.95
70948, 4420
70956, 4420.51
70963, 4412.82
70971, 4409.23
70979, 4416.41
70987, 4416.41
70994, 4408.21
71003, 4412.31
71010, 4427.69
71018, 4428.21
71026, 4414.87
71034, 4407.69
71042, 4412.82
71049, 4419.49
71057, 4418.46
71065, 4419.49
71073, 4425.64
71080, 4422.05
71089, 4413.85
71096, 4416.92
71104, 4424.62
71111, 4422.56
71120, 4416.92
71128, 4419.49
71135, 4423.08
71144, 4419.49
71151, 4418.97
71159, 4419.49
71167, 4418.46
71175, 4419.49
71182, 4418.46
71189, 4421.54
71198, 4423.59
71206, 4425.64
71214, 4427.18
71221, 4420.51
71229, 4420
71237, 4422.56
71250, 4417.44
71254, 4416.92
71260, 4423.08
71268, 4420.51
71276, 4415.9
71283, 4420
71292, 4420
71300, 4411.28
71308, 4411.28
71315, 4420
71323, 4418.97
71331, 4411.28
71339, 4407.69
71347, 4413.33
71354, 4421.03
71362, 4415.9
71370, 4409.74
71378, 4413.33
71385, 4421.03
71394, 4423.08
71401, 4418.46
71409, 4422.05
71418, 4427.18
71425, 4420.51
71433, 4414.87
71440, 4422.05
71448, 4427.18
71456, 4416.41
71463, 4412.82
71471, 4423.08
71480, 4421.03
71487, 4412.31, estimuli
71494, 4413.33
71503, 4423.08
71510, 4427.18
71519, 4415.9
71526, 4406.67
71533, 4411.28
71542, 4416.92
71550, 4415.38
71564, 4410.77
71565, 4409.74
71572, 4418.97
71581, 4423.59
71589, 4415.38
71597, 4427.69
71605, 4460.51
71613, 4457.95
71619, 4402.05
71628, 4350.77
71635, 4344.1
71643, 4373.85
71652, 4426.15
71658, 4473.85
71667, 4491.79
71675, 4461.54
71683, 4396.92
71690, 4352.82
71699, 4350.26
71706, 4376.41
71714, 4426.15
71722, 4478.97
71736, 4492.82
71738, 4457.95
71746, 4405.13
71753, 4362.56
71761, 4349.74
71768, 4375.9
71777, 4421.54
71785, 4469.23
71792, 4493.33
71800, 4464.1
71808, 4407.18
71815, 4362.05
71824, 4351.79
71832, 4382.56
71839, 4424.62
71847, 4466.15
71855, 4488.72
71862, 4459.49
71871, 4397.44
71878, 4349.74
71886, 4348.72
71894, 4380.51
71902, 4422.56
71909, 4471.28
71918, 4495.38
71925, 4461.03
71933, 4401.54
71941, 4364.1
71949, 4355.38
71957, 4371.79
71970, 4420.51
71973, 4476.92
71980, 4488.72
71987, 4449.23
71996, 4401.03
72004, 4367.18
72011, 4354.87
72018, 4378.46
72027, 4438.46
72035, 4489.23
72043, 4489.23
72051, 4457.95
72057, 4413.85
72066, 4363.08
72074, 4347.18
72082, 4383.59
72090, 4437.44
72097, 4480.51
72106, 4494.36
72113, 4462.56
72121, 4396.41
72129, 4350.77
72137, 4348.72
72144, 4380
72158, 4429.23
72161, 4475.38
72168, 4493.33
72176, 4465.64
72183, 4404.62
72191, 4357.44
72198, 4356.41
72207, 4391.28
72214, 4436.92
72223, 4481.03
72230, 4495.9
72238, 4458.97
72246, 4396.92
72253, 4354.87
72262, 4348.21
72270, 4375.9
72276, 4431.79
72284, 4489.23
72293, 4500.51
72301, 4453.33
72308, 4391.28
72316, 4351.79
72323, 4350.77
72332, 4382.56
72339, 4428.21
72348, 4477.95
72357, 4498.97
72363, 4459.49
72376, 4393.33
72380, 4349.74
72386, 4349.74
72394, 4384.1
72402, 4431.28
72410, 4476.41
72417, 4490.77
72425, 4464.62
72433, 4413.33
72441, 4357.44
72449, 4340.51
72457, 4376.92
72464, 4436.41
72473, 4485.64
72481, 4493.33
72488, 4451.79
72496, 4396.92
72505, 4361.54
72512, 4357.44
72520, 4389.23
72528, 4442.05
72534, 4482.56
72543, 4489.74
72551, 4460
72559, 4400
72567, 4355.9
72575, 4355.9
72582, 4387.69
72590, 4440.51
72598, 4468.21
72606, 4441.54
72614, 4416.92
72621, 4426.15
72629, 4431.79
72637, 4421.03
72644, 4418.97
72653, 4420.51
72660, 4413.85
72667, 4410.77
72681, 4416.41
72684, 4423.08
72692, 4424.1
72699, 4416.41
72707, 4413.33
72715, 4418.46
72722, 4418.97
72731, 4415.9
72739, 4415.38
72747, 4418.97
72754, 4419.49
72768, 4416.41
72770, 4416.92
72778, 4417.95
72786, 4416.92
72793, 4415.9
72800, 4414.36
72808, 4412.31
72816, 4414.87
72825, 4422.05
72833, 4430.26
72840, 4435.9
72848, 4433.85
72856, 4424.62
72864, 4421.54
72871, 4428.72
72879, 4426.67
72888, 4422.56
72895, 4429.23
72902, 4426.67
72910, 4417.95
72918, 4415.38
72925, 4424.1
72934, 4429.74
72942, 4422.05
72950, 4419.49
72958, 4423.59
72966, 4421.03
72973, 4423.59
72981, 4424.62
72989, 4414.36
72996, 4413.33
73005, 4421.54
73012, 4417.95
73021, 4410.77
73028, 4420
73036, 4431.79
73043, 4426.67
73052, 4415.9
73059, 4411.79
73067, 4419.49
73079, 4426.15
73092, 4424.62
73093, 4424.62
73099, 4424.62
73106, 4427.69
73114, 4427.18
73128, 4416.41
73130, 4417.44
73138, 4425.13
73146, 4422.05
73153, 4417.44
73161, 4416.92
73169, 4423.59
73183, 4428.72
73185, 4414.36
73193, 4407.18
73200, 4426.15
73208, 4438.97
73216, 4422.56
73230, 4405.13
73232, 4413.85
73238, 4427.18
73246, 4430.26
73255, 4424.62
73263, 4414.87
73270, 4418.46
73284, 4421.54
73287, 4412.31
73295, 4409.74
73302, 4414.36
73310, 4416.92
73317, 4415.9
73331, 4416.41
73332, 4420
73342, 4420
73348, 4417.95
73356, 4414.87
73365, 4415.38
73371, 4423.08
73386, 4425.13
73388, 4422.05
73402, 4417.44
73404, 4414.36
73412, 4423.08
73419, 4425.13
73427, 4414.36
73435, 4416.41
73442, 4429.23
73451, 4428.21
73458, 4415.38
73465, 4416.41
73474, 4420.51
73487, 4412.31
73489, 4416.92, estimuli
73497, 4422.56
73506, 4413.33
73513, 4409.74
73520, 4412.82
73528, 4416.41
73537, 4427.69
73544, 4433.33
73551, 4419.49
73559, 4402.05
73568, 4406.15
73576, 4422.05
73584, 4425.64
73591, 4417.44
73599, 4423.08
73607, 4456.92
73615, 4463.08
73623, 4408.21
73630, 4354.87
73639, 4350.77
73645, 4385.64
73653, 4434.36
73661, 4468.21
73669, 4479.49
73677, 4463.08
73690, 4406.15
73693, 4351.79
73701, 4345.64
73709, 4377.95
73717, 4425.64
73724, 4473.33
73739, 4493.85
73740, 4467.18
73748, 4409.23
73756, 4357.95
73764, 4347.18
73770, 4381.03
73779, 4433.85
73787, 4484.1
73795, 4500
73803, 4461.54
73810, 4405.64
73818, 4367.18
73827, 4362.05
73834, 4385.13
73842, 4424.1
73850, 4476.41
73857, 4501.54
73865, 4465.64
73873, 4404.1
73881, 4359.49
73895, 4356.41
73897, 4388.72
73904, 4428.72
73912, 4469.23
73919, 4488.72
73928, 4461.54
73935, 4401.03
73943, 4352.82
73951, 4349.23
73958, 4380
73967, 4426.67
73975, 4472.82
73983, 4489.23
73995, 4464.62
73997, 4406.15
74005, 4351.28
74014, 4345.64
74022, 4380
74030, 4427.69
74037, 4474.87
74044, 4491.79
74053, 4465.64
74061, 4411.79
74069, 4355.9
74077, 4342.05
74083, 4375.9
74104, 4422.56
74106, 4465.64
74108, 4492.82
74116, 4463.59
74122, 4395.9
74131, 4357.95
74139, 4354.36
74147, 4375.38
74155, 4425.13
74163, 4472.82
74171, 4488.21
74178, 4454.87
74186, 4401.03
74194, 4367.69
74202, 4357.95
74208, 4376.92
74216, 4426.67
74225, 4480.51
74233, 4493.85
74241, 4450.77
74249, 4395.38
74256, 4363.08
74264, 4355.9
74271, 4375.38
74280, 4421.54
74288, 4478.97
74295, 4493.33
74304, 4447.69
74311, 4396.92
74320, 4363.59
74326, 4348.72
74335, 4370.77
74342, 4426.15
74350, 4481.03
74357, 4491.79
74366, 4451.28
74373, 4396.41
74382, 4356.92
74389, 4356.92
74398, 4390.26
74406, 4431.79
74413, 4475.38
74421, 4491.79
74429, 4459.49
74441, 4399.49
74444, 4349.74
74458, 4342.56
74460, 4384.1
74468, 4444.1
74474, 4483.59
74483, 4482.05
74490, 4447.69
74499, 4399.49
74513, 4362.56
74515, 4351.79
74529, 4374.36
74530, 4432.82
74537, 4486.67
74546, 4495.38
74559, 4458.46
74561, 4399.49
74569, 4360
74577, 4352.82
74584, 4372.82
74593, 4425.13
74601, 4464.1
74615, 4445.64
74616, 4412.31
74630, 4409.74
74633, 4424.1
74640, 4424.62
74648, 4416.41
74661, 4411.28
74664, 4412.31
74671, 4420
74679, 4417.95
74687, 4404.62
74693, 4399.49
74702, 4405.13
74716, 4414.36
74718, 4415.38
74726, 4411.28
74734, 4412.31
74741, 4415.9
74749, 4421.03
74757, 4420
74765, 4416.92
74773, 4417.95
74781, 4417.44
74788, 4415.38
74796, 4408.21
74804, 4403.59
74812, 4413.33
74820, 4420.51
74834, 4415.9
74835, 4413.85
74843, 4414.36
74851, 4417.95
74858, 4424.1
74867, 4429.23
74874, 4425.64
74882, 4415.38
74889, 4420.51
74898, 4423.59
74906, 4406.67
74913, 4404.1
74921, 4417.95
74929, 4422.05
74937, 4419.49
74945, 4421.03
74952, 4418.46
74960, 4413.33
74968, 4419.49
74975, 4423.08
74983, 4420
74992, 4421.03
75002, 4415.38
75007, 4410.26
75021, 4421.54
75023, 4424.62
75036, 4414.87
75042, 4414.87
75048, 4419.49
75053, 4417.95
75062, 4417.44
75069, 4428.72
75078, 4432.82
75086, 4415.38
75092, 4405.13
75101, 4411.79
75108, 4416.92
75120, 4415.9
75125, 4417.44
75133, 4419.49
75139, 4415.38
75154, 4413.85
75157, 4415.38
75165, 4421.03
75171, 4428.21
75179, 4420.51
75186, 4412.31
75195, 4419.49
75203, 4421.54
75211, 4419.49
75218, 4420.51
75226, 4415.9
75233, 4414.36
75242, 4417.95
75250, 4417.44
75258, 4415.9
75266, 4422.05
75273, 4431.28
75282, 4429.74
75289, 4420
75297, 4411.28
75304, 4407.69
75312, 4408.21
75320, 4410.77
75328, 4415.9
75336, 4417.95
75344, 4413.33
75352, 4412.31
75359, 4416.41
75367, 4417.44
75376, 4413.85
75383, 4414.87
75390, 4420
75397, 4410.26
75406, 4402.05
75414, 4414.36
75422, 4421.03
75436, 4415.9
75437, 4414.87
75451, 4415.9
75452, 4420.51
75462, 4423.08
75468, 4421.54
75477, 4423.08
75484, 4428.72
75492, 4425.64, estimuli
75500, 4408.21
75508, 4402.05
75516, 4412.82
75524, 4417.95
75536, 4414.87
75539, 4417.95
75552, 4422.05
75554, 4414.87
75563, 4413.85
75570, 4418.97
75583, 4417.44
75586, 4418.97
75601, 4422.05
75603, 4427.69
75610, 4448.72
75617, 4449.74
75625, 4405.64
75639, 4358.46
75643, 4345.64
75653, 4373.85
75666, 4425.64
75668, 4466.67
75672, 4486.67
75686, 4471.79
75688, 4412.82
75696, 4353.33
75704, 4338.97
75711, 4371.79
75719, 4423.08
75727, 4471.79
75741, 4493.33
75742, 4463.08
75755, 4408.72
75758, 4362.56
75772, 4346.67
75774, 4373.85
75782, 4425.13
75790, 4480
75797, 4497.44
75804, 4454.87
75813, 4396.41
75821, 4356.92
75829, 4345.64
75837, 4369.74
75843, 4421.54
75858, 4471.28
75860, 4485.13
75868, 4456.41
75876, 4406.67
75883, 4364.1
75890, 4355.9
75899, 4374.87
75907, 4413.33
75915, 4468.21
75923, 4490.26
75930, 4457.95
75943, 4403.59
75947, 4357.95
75954, 4343.08
75962, 4370.77
75968, 4423.59
75976, 4468.72
75985, 4484.1
75992, 4460.51
76001, 4404.62
76008, 4353.33
76016, 4340
76024, 4370.77
76032, 4427.18
76040, 4478.46
76048, 4489.74
76055, 4449.23
76063, 4394.87
76071, 4363.08
76079, 4352.82
76087, 4372.82
76095, 4426.15
76101, 4472.82
76110, 4484.1
76118, 4456.92
76125, 4397.44
76134, 4344.1
76142, 4334.36
76149, 4369.74
76157, 4424.62
76165, 4472.82
76173, 4487.69
76181, 4451.28
76188, 4390.77
76196, 4346.15
76204, 4340
76212, 4372.31
76220, 4420
76227, 4470.77
76235, 4489.74
76244, 4446.15
76252, 4391.79
76259, 4360
76267, 4344.1
76274, 4363.08
76282, 4426.67
76290, 4490.77
76298, 4497.95
76305, 4450.77
76314, 4392.31
76321, 4345.64
76329, 4336.41
76337, 4369.74
76345, 4421.54
76353, 4471.79
76360, 4482.05
76369, 4443.08
76376, 4392.82
76384, 4352.82
76391, 4338.97
76400, 4364.62
76407, 4418.46
76415, 4468.72
76423, 4479.49
76431, 4446.15
76438, 4394.87
76447, 4352.31
76454, 4338.97
76462, 4370.77
76470, 4428.72
76478, 4471.79
76486, 4482.05
76492, 4461.03
76501, 4401.03
76509, 4343.08
76517, 4335.38
76524, 4370.26
76533, 4422.05
76540, 4470.77
76548, 4486.15
76557, 4454.36
76564, 4403.08
76572, 4358.46
76580, 4338.97
76587, 4366.67
76595, 4426.15
76602, 4455.38
76611, 4433.85
76619, 4409.23
76626, 4412.82
76634, 4422.05
76641, 4413.33
76650, 4406.15
76662, 4402.56
76665, 4399.49
76678, 4410.77
76681, 4415.38
76689, 4409.23
76697, 4415.38
76705, 4422.56
76713, 4407.69
76720, 4395.9
76729, 4412.31
76736, 4418.97
76744, 4408.72
76751, 4411.79
76759, 4413.85
76766, 4408.72
76780, 4412.31
76782, 4413.33
76790, 4416.41
76798, 4419.49
76805, 4409.74
76814, 4405.13
76822, 4407.69
76830, 4410.77
76838, 4411.79
76848, 4410.77
76853, 4413.33
76861, 4414.36
76869, 4420
76881, 4423.08
76885, 4412.82
76891, 4406.67
76900, 4410.26
76908, 4415.38
76915, 4411.79
76927, 4402.56
76932, 4408.21
76939, 4414.36
76947, 4412.31
76955, 4415.38
76962, 4414.36
76977, 4411.28
76982, 4413.85
76986, 4416.92
76994, 4415.38
77001, 4411.79
77016, 4415.38
77018, 4418.97
77026, 4416.41
77033, 4417.95
77041, 4415.38
77049, 4412.31
77057, 4417.95
77065, 4420.51
77072, 4418.46
77086, 4415.9
77088, 4410.26
77096, 4410.26
77104, 4420
77117, 4424.62
77119, 4411.79
77127, 4408.21
77135, 4418.97
77143, 4418.46
77151, 4415.9
77158, 4415.9
77165, 4408.21
77174, 4408.72
77182, 4414.36
77190, 4413.33
77198, 4409.74
77204, 4410.26
77213, 4416.92
77221, 4422.56
77228, 4418.97
77237, 4406.15
77244, 4405.13
77252, 4417.95
77260, 4420
77268, 4416.92
77276, 4418.97
77284, 4416.92
77291, 4412.82
77299, 4416.41
77306, 4422.56
77315, 4417.95
77323, 4407.69
77330, 4407.18
77337, 4413.33
77346, 4413.33
77354, 4413.85
77362, 4420.51
77376, 4420.51
77377, 4410.26
77386, 4405.13
77393, 4409.74
77401, 4412.82
77409, 4413.33
77417, 4413.33
77424, 4412.31
77432, 4413.33
77440, 4410.26
77448, 4413.33
77456, 4419.49
77463, 4412.82
77479, 4412.31
77483, 4422.56
77487, 4422.05
77503, 4415.9, estimuli
77504, 4416.41
77509, 4422.05
77517, 4423.08
77526, 4416.41
77534, 4407.69
77542, 4405.64
77550, 4418.46
77557, 4417.95
77565, 4405.64
77582, 4417.44
77583, 4425.13
77589, 4418.46
77596, 4412.31
77607, 4412.31
77613, 4434.36
77620, 4449.23
77628, 4422.05
77638, 4374.36
77642, 4349.74
77651, 4354.36
77659, 4381.03
77667, 4434.36
77687, 4477.95
77688, 4468.72
77690, 4426.15
77700, 4381.03
77708, 4347.69
77714, 4356.92
77728, 4399.49
77735, 4438.97
77738, 4468.21
77745, 4471.28
77759, 4434.36
77762, 4377.44
77772, 4338.46
77777, 4344.62
77791, 4392.82
77792, 4448.21
77801, 4475.38
77808, 4471.79
77816, 4434.87
77823, 4375.9
77831, 4346.67
77839, 4355.9
77847, 4385.64
77855, 4442.56
77863, 4491.28
77870, 4484.1
77877, 4425.64
77893, 4368.72
77894, 4348.21
77908, 4357.44
77909, 4392.82
77917, 4451.28
77925, 4495.9
77933, 4484.1
77947, 4428.21
77949, 4373.33
77969, 4345.13
77970, 4356.41
77973, 4404.62
77980, 4448.21
77988, 4466.67
77995, 4463.59
78010, 4426.15
78012, 4371.28
78019, 4338.97
78027, 4351.28
78035, 4394.87
78042, 4440.51
78050, 4472.82
78058, 4468.72
78066, 4425.13
78073, 4371.79
78082, 4336.41
78090, 4348.72
78097, 4402.56
78111, 4454.36
78113, 4478.97
78120, 4470.26
78129, 4432.31
78143, 4375.38
78143, 4332.31
78152, 4347.18
78160, 4399.49
78168, 4445.13
78176, 4474.87
78183, 4467.18
78196, 4420
78199, 4366.15
78214, 4337.44
78215, 4352.31
78222, 4401.54
78230, 4452.31
78244, 4475.9
78246, 4465.13
78254, 4423.59
78262, 4366.67
78269, 4338.46
78283, 4353.33
78286, 4395.9
78293, 4452.82
78301, 4483.59
78309, 4461.54
78316, 4414.87
78323, 4376.92
78332, 4353.85
78352, 4351.28
78353, 4391.79
78355, 4453.85
78363, 4483.59
78370, 4475.9
78378, 4437.44
78387, 4377.95
78395, 4345.64
78401, 4364.1
78411, 4407.18
78418, 4452.82
78426, 4485.13
78434, 4477.44
78441, 4423.59
78449, 4363.59
78457, 4340
78465, 4356.92
78473, 4401.03
78481, 4450.77
78488, 4482.56
78496, 4471.79
78510, 4417.44
78513, 4358.46
78520, 4337.95
78528, 4362.56
78534, 4404.62
78542, 4446.67
78551, 4477.44
78559, 4466.15
78567, 4411.79
78574, 4361.03
78581, 4345.13
78590, 4362.05
78598, 4404.62
78606, 4448.72
78614, 4452.31
78621, 4421.03
78629, 4410.77
78638, 4416.92
78645, 4410.26
78653, 4411.28
78659, 4422.56
78668, 4417.95
78676, 4412.82
78684, 4416.92
78692, 4423.08
78700, 4425.13
78707, 4425.64
78715, 4423.59
78723, 4420
78731, 4427.18
78739, 4431.28
78746, 4418.46
78754, 4409.23
78762, 4413.85
78769, 4419.49
78778, 4420.51
78785, 4421.54
78793, 4421.03
78814, 4418.97
78815, 4418.97
78817, 4423.59
78824, 4423.59
78832, 4418.46
78840, 4414.36
78848, 4416.41
78856, 4417.95
78864, 4412.31
78872, 4409.74
78879, 4410.77
78887, 4415.38
78895, 4418.97
78906, 4412.31
78911, 4412.31
78919, 4418.97
78929, 4418.97
78934, 4419.49
78942, 4418.97
78950, 4414.87
78958, 4415.38
78965, 4417.44
78972, 4413.33
78981, 4409.74
78989, 4418.97
78997, 4425.64
79004, 4414.87
79014, 4406.67
79020, 4409.23
79028, 4411.28
79036, 4411.79
79043, 4414.87
79052, 4418.97
79059, 4410.77
79067, 4402.56
79075, 4407.69
79083, 4414.36
79091, 4412.82
79098, 4408.72
79112, 4411.79
79119, 4421.54
79121, 4413.33
79133, 4403.59
79137, 4412.82
79144, 4414.87
79154, 4404.1
79161, 4403.59
79169, 4413.33
79176, 4421.03
79185, 4415.38
79191, 4403.59
79205, 4402.56
79209, 4410.26
79219, 4415.9
79223, 4419.49
79238, 4416.41
79239, 4405.13
79247, 4408.21
79255, 4420.51
79263, 4413.85
79271, 4408.21
79278, 4416.92
79286, 4416.41
79294, 4408.21
79302, 4412.82
79309, 4422.05
79317, 4413.85
79324, 4403.59
79339, 4415.9
79342, 4424.62
79349, 4409.74
79357, 4402.56
79369, 4411.28
79373, 4414.87
79380, 4409.74
79389, 4407.18
79396, 4408.21
79404, 4410.77
79411, 4414.87
79420, 4410.26
79428, 4413.33
79435, 4425.64
79443, 4418.46
79451, 4413.85
79458, 4420.51
79466, 4420
79478, 4417.95
79482, 4412.31
79490, 4406.15
79497, 4413.33, estimuli
79506, 4421.54
79513, 4418.46
79520, 4411.28
79528, 4408.72
79543, 4415.38
79545, 4427.18
79552, 4427.69
79560, 4410.26
79572, 4400.51
79576, 4405.64
79584, 4412.31
79591, 4416.92
79599, 4409.74
79607, 4412.31
79622, 4452.31
79623, 4468.72
79630, 4409.23
79639, 4342.05
79647, 4337.95
79654, 4380.51
79662, 4427.18
79670, 4464.1
79677, 4477.95
79686, 4456.41
79693, 4409.74
79701, 4361.03
79709, 4344.1
79716, 4371.28
79724, 4416.92
79732, 4468.21
79740, 4496.41
79748, 4475.38
79756, 4416.41
79763, 4354.36
79771, 4338.97
79779, 4373.33
79787, 4421.03
79794, 4465.64
79803, 4482.05
79810, 4454.87
79818, 4403.59
79826, 4355.38
79834, 4341.03
79842, 4370.77
79850, 4421.54
79857, 4464.62
79865, 4483.59
79872, 4458.97
79881, 4398.97
79889, 4352.31
79896, 4343.59
79904, 4365.13
79912, 4409.74
79920, 4458.46
79928, 4477.95
79935, 4457.95
79943, 4407.69
79952, 4357.95
79959, 4340
79967, 4360.51
79974, 4410.77
79981, 4462.05
79989, 4485.13
79997, 4459.49
80005, 4400
80014, 4355.9
80022, 4350.26
80030, 4378.46
80044, 4420.51
80046, 4462.05
80054, 4478.46
80061, 4451.79
80068, 4402.56
80076, 4355.38
80084, 4337.95
80092, 4370.26
80100, 4424.62
80108, 4466.67
80115, 4480.51
80123, 4453.85
80137, 4399.49
80144, 4352.82
80147, 4340.51
80159, 4366.67
80163, 4414.36
80170, 4464.62
80179, 4484.62
80186, 4453.33
80194, 4397.95
80201, 4349.74
80209, 4338.97
80226, 4374.87
80227, 4425.64
80236, 4470.26
80246, 4484.62
80250, 4452.31
80256, 4396.92
80265, 4352.82
80272, 4343.59
80288, 4374.87
80289, 4427.18
80295, 4468.72
80303, 4477.95
80311, 4458.97
80319, 4407.69
80327, 4345.13
80335, 4329.74
80342, 4363.59
80350, 4414.87
80364, 4462.05
80366, 4478.97
80374, 4455.38
80381, 4395.9
80389, 4340.51
80398, 4334.87
80404, 4373.33
80413, 4426.15
80420, 4469.23
80428, 4481.03
80435, 4455.38
80443, 4400
80451, 4349.23
80459, 4336.92
80467, 4367.18
80474, 4417.44
80483, 4465.64
80491, 4482.56
80498, 4446.67
80507, 4389.23
80514, 4353.33
80523, 4347.69
80531, 4370.77
80538, 4418.46
80546, 4471.28
80554, 4486.15
80560, 4446.15
80569, 4392.82
80581, 4359.49
80586, 4345.64
80593, 4370.77
80603, 4423.08
80613, 4447.69
80615, 4429.23
80624, 4406.15
80633, 4408.21
80639, 4412.82
80647, 4412.82
80655, 4412.31
80664, 4398.97
80671, 4398.97
80679, 4414.36
80685, 4407.69
80700, 4394.87
80702, 4410.26
80710, 4423.08
80718, 4408.21
80726, 4398.46
80733, 4403.08
80741, 4405.64
80749, 4410.26
80757, 4414.36
80765, 4403.08
80773, 4401.54
80780, 4414.87
80788, 4415.38
80803, 4408.72
80804, 4413.33
80812, 4413.33
80820, 4398.97
80827, 4396.92
80835, 4411.28
80843, 4412.31
80863, 4406.67
80865, 4405.64
80867, 4403.08
80873, 4405.64
80882, 4406.15
80890, 4407.18
80904, 4412.31
80906, 4409.74
80913, 4404.62
80920, 4404.1
80930, 4411.28
80937, 4418.46
80945, 4416.92
80952, 4413.85
80959, 4410.77
80968, 4408.21
80982, 4412.82
80984, 4421.03
80992, 4418.97
80998, 4405.13
81007, 4399.49
81015, 4408.21
81023, 4409.74
81030, 4408.72
81037, 4412.31
81045, 4412.82
81054, 4413.33
81062, 4410.26
81070, 4407.18
81084, 4410.77
81085, 4415.9
81093, 4412.31
81101, 4406.67
81109, 4411.79
81117, 4416.92
81124, 4409.23
81132, 4402.05
81139, 4407.69
81148, 4409.23
81156, 4403.08
81170, 4407.18
81172, 4408.72
81180, 4401.03
81186, 4402.56
81194, 4413.85
81203, 4407.18
81209, 4396.41
81218, 4409.74
81227, 4422.56
81234, 4413.85
81242, 4402.05
81250, 4403.08
81264, 4404.62
81265, 4406.67
81273, 4415.9
81287, 4412.82
81289, 4406.15
81297, 4408.21
81303, 4410.26
81313, 4415.38
81320, 4413.33
81328, 4402.56
81336, 4405.13
81342, 4407.69
81352, 4403.08
81361, 4404.1
81373, 4407.69
81375, 4411.79
81389, 4416.92
81391, 4416.92
81397, 4408.72
81406, 4397.95
81414, 4395.9
81422, 4403.59
81429, 4408.72
81437, 4405.64
81445, 4400.51
81460, 4402.56
81466, 4407.18
81469, 4405.13
81475, 4403.08
81489, 4404.62
81492, 4406.67
81500, 4401.54, estimuli
81508, 4398.97
81516, 4402.56
81523, 4402.05
81531, 4404.62
81539, 4408.72
81546, 4404.1
81555, 4405.13
81562, 4407.18
81570, 4404.1
81578, 4403.08
81592, 4407.69
81594, 4417.95
81602, 4413.33
81609, 4418.97
81617, 4446.67
81624, 4441.54
81632, 4389.74
81641, 4338.97
81649, 4333.33
81656, 4361.54
81664, 4404.62
81672, 4453.85
81680, 4475.9
81688, 4455.38
81695, 4405.64
81703, 4350.26
81711, 4329.23
81720, 4358.46
81727, 4406.15
81735, 4449.74
81742, 4473.85
81751, 4457.95
81757, 4404.62
81766, 4346.15
81774, 4330.77
81781, 4367.69
81802, 4417.44
81807, 4456.41
81808, 4482.05
81813, 4470.26
81833, 4404.1
81834, 4338.46
81836, 4331.28
81843, 4364.62
81852, 4408.72
81859, 4456.92
81868, 4480.51
81874, 4451.79
81883, 4395.9
81891, 4350.77
81899, 4336.41
81907, 4360.51
81915, 4410.26
81929, 4456.41
81930, 4476.92
81938, 4450.26
81946, 4389.74
81954, 4346.15
81962, 4336.92
81968, 4356.92
81977, 4409.74
81984, 4462.05
81993, 4477.95
82000, 4451.79
82007, 4405.64
82015, 4357.95
82030, 4336.41
82031, 4365.13
82039, 4415.38
82046, 4458.97
82054, 4476.92
82063, 4448.72
82070, 4395.38
82079, 4353.85
82087, 4344.1
82094, 4372.82
82102, 4417.95
82110, 4459.49
82118, 4478.46
82132, 4453.85
82134, 4401.54
82141, 4350.77
82149, 4334.36
82157, 4365.64
82165, 4412.31
82173, 4454.87
82181, 4481.03
82188, 4461.54
82196, 4404.1
82205, 4351.28
82212, 4341.54
82220, 4370.26
82227, 4408.72
82235, 4448.72
82249, 4470.26
82250, 4452.82
82259, 4397.44
82267, 4342.05
82274, 4333.85
82282, 4366.67
82296, 4421.03
82299, 4469.74
82307, 4478.46
82314, 4446.15
82321, 4394.87
82329, 4348.21
82337, 4334.87
82345, 4368.21
82353, 4417.95
82360, 4460
82367, 4482.56
82376, 4458.46
82384, 4391.28
82392, 4341.03
82401, 4337.95
82411, 4368.72
82414, 4422.05
82426, 4462.56
82431, 4465.64
82439, 4436.41
82448, 4390.26
82455, 4350.77
82463, 4334.87
82473, 4359.49
82478, 4420
82487, 4468.21
82503, 4476.41
82504, 4446.15
82513, 4392.82
82517, 4347.18
82525, 4341.03
82532, 4374.36
82540, 4419.49
82548, 4462.56
82556, 4477.44
82564, 4440
82571, 4391.28
82580, 4357.95
82595, 4342.05
82596, 4366.15
82602, 4416.92
82611, 4449.23
82619, 4438.46
82627, 4411.28
82634, 4405.13
82641, 4403.59
82650, 4399.49
82657, 4405.13
82666, 4405.13
82674, 4399.49
82682, 4408.72
82692, 4420.51
82701, 4414.36
82705, 4405.64
82719, 4412.82
82720, 4410.77
82727, 4402.56
82736, 4415.38
82744, 4425.13
82758, 4411.79
82760, 4394.36
82767, 4395.38
82775, 4410.26
82784, 4407.18
82794, 4397.44
82800, 4403.59
82807, 4409.23
82823, 4405.64
82824, 4407.18
82830, 4414.87
82838, 4405.13
82846, 4389.74
82853, 4393.33
82861, 4402.56
82869, 4407.18
82878, 4411.79
82885, 4406.67
82895, 4409.23
82899, 4417.44
82909, 4407.69
82915, 4398.97
82925, 4404.62
82935, 4408.72
82940, 4405.13
82947, 4403.59
82955, 4404.62
82963, 4401.03
82983, 4404.1
82984, 4407.69
82987, 4404.62
82994, 4406.15
83002, 4407.69
83010, 4404.1
83018, 4402.05
83026, 4406.67
83032, 4414.36
83041, 4408.21
83049, 4400
83057, 4406.15
83065, 4409.23
83072, 4402.56
83080, 4403.08
83089, 4410.77
83096, 4412.82
83104, 4407.69
83118, 4405.13
83119, 4408.21
83133, 4408.21
83134, 4403.08
83143, 4396.41
83163, 4398.97
83164, 4404.62
83166, 4404.1
83174, 4403.59
83182, 4404.1
83190, 4407.18
83198, 4408.21
83205, 4408.21
83213, 4407.18
83222, 4404.1
83229, 4411.79
83237, 4421.03
83245, 4411.79
83259, 4401.03
83260, 4403.59
83267, 4411.79
83276, 4421.03
83283, 4411.79
83292, 4395.9
83299, 4406.15
83307, 4417.95
83321, 4407.69
83323, 4403.59
83331, 4414.36
83338, 4414.87
83346, 4406.15
83360, 4404.62
83362, 4404.62
83370, 4406.67
83377, 4409.23
83386, 4403.08
83393, 4402.05
83401, 4408.72
83409, 4409.23
83423, 4407.18
83425, 4406.67
83433, 4412.82
83440, 4420
83448, 4412.31
83456, 4404.1
83464, 4407.18
83471, 4409.74
83478, 4406.15
83486, 4404.1
83494, 4414.36
83503, 4418.97, estimuli
83511, 4411.28
83524, 4405.13
83526, 4404.62
83540, 4405.13
83542, 4405.64
83550, 4411.79
83556, 4411.79
83565, 4402.05
83573, 4402.05
83588, 4404.62
83589, 4405.64
83597, 4407.69
83617, 4402.56
83618, 4414.87
83626, 4446.67
83627, 4445.13
83642, 4395.9
83644, 4346.67
83651, 4343.08
83659, 4372.82
83667, 4408.72
83675, 4447.69
83683, 4474.36
83690, 4461.54
83698, 4407.18
83707, 4348.72
83717, 4332.82
83726, 4360.51
83728, 4408.72
83744, 4457.44
83745, 4477.44
83753, 4451.28
83761, 4393.85
83769, 4344.1
83776, 4336.41
83784, 4363.59
83792, 4405.13
83800, 4446.67
83808, 4471.28
83820, 4451.28
83832, 4390.77
83834, 4341.54
83842, 4335.38
83847, 4364.62
83857, 4413.33
83862, 4457.44
83870, 4465.64
83878, 4434.87
83886, 4392.82
83894, 4352.31
83902, 4329.23
83909, 4348.72
83917, 4402.56
83926, 4449.23
83933, 4467.18
83940, 4446.15
83948, 4390.26
83956, 4344.1
83964, 4337.44
83972, 4363.59
83980, 4406.15
83988, 4454.87
83995, 4481.54
84003, 4450.77
84011, 4391.28
84025, 4351.28
84027, 4337.95
84035, 4352.82
84042, 4395.38
84050, 4455.38
84057, 4489.23
84066, 4456.92
84073, 4387.69
84081, 4335.9
84089, 4329.74
84097, 4363.08
84104, 4408.21
84113, 4452.31
84121, 4474.87
84128, 4452.31
84136, 4397.95
84144, 4345.13
84151, 4328.72
84160, 4356.92
84166, 4407.69
84174, 4458.46
84183, 4474.36
84191, 4443.59
84199, 4397.44
84207, 4355.9
84215, 4334.36
84222, 4354.36
84230, 4411.79
84238, 4463.59
84245, 4469.23
84254, 4442.05
84261, 4402.56
84269, 4362.05
84277, 4342.56
84285, 4364.1
84292, 4413.85
84300, 4456.92
84308, 4471.79
84316, 4448.21
84323, 4393.33
84353, 4347.18
84354, 4338.46
84354, 4364.1
84355, 4411.79
84363, 4461.03
84371, 4478.97
84385, 4445.64
84388, 4385.64
84395, 4344.62
84402, 4333.85
84410, 4354.87
84418, 4407.69
84426, 4458.46
84433, 4472.82
84441, 4442.05
84448, 4382.56
84456, 4338.97
84465, 4337.44
84472, 4366.67
84487, 4410.26
84489, 4454.36
84496, 4468.21
84503, 4437.44
84512, 4388.21
84519, 4348.21
84527, 4335.9
84534, 4361.54
84549, 4408.21
84551, 4459.49
84559, 4479.49
84566, 4442.05
84574, 4388.21
84588, 4349.74
84589, 4333.85
84598, 4359.49
84606, 4415.9
84613, 4450.26
84620, 4436.92
84629, 4416.92
84643, 4412.31
84648, 4401.54
84652, 4395.38
84665, 4400
84667, 4403.59
84675, 4410.26
84684, 4405.13
84691, 4390.26
84698, 4393.85
84706, 4403.08
84714, 4400.51
84723, 4401.03
84743, 4409.74
84745, 4409.74
84752, 4404.62
84754, 4405.64
84768, 4402.05
84769, 4399.49
84778, 4406.67
84784, 4405.13
84793, 4398.97
84801, 4407.18
84815, 4414.87
84817, 4410.77
84824, 4398.46
84832, 4391.28
84846, 4395.9
84848, 4406.15
84856, 4410.26
84869, 4407.18
84871, 4410.77
84879, 4411.28
84888, 4403.59
84895, 4398.46
84903, 4396.41
84911, 4398.97
84918, 4400
84926, 4398.97
84935, 4405.64
84942, 4402.05
84950, 4394.87
84958, 4401.03
84965, 4398.97
84973, 4398.46
84981, 4404.1
84989, 4403.08
84997, 4403.59
85003, 4406.15
85012, 4407.18
85020, 4408.72
85028, 4412.82
85036, 4416.41
85050, 4417.44
85052, 4417.44
85058, 4414.87
85066, 4411.28
85075, 4411.79
85083, 4418.46
85090, 4425.13
85098, 4422.05
85106, 4407.18
85115, 4406.15
85121, 4417.44
85135, 4416.92
85136, 4408.21
85150, 4400
85153, 4401.03
85160, 4407.69
85168, 4409.74
85177, 4412.31
85184, 4415.9
85192, 4407.69
85199, 4394.36
85207, 4399.49
85215, 4409.74
85224, 4405.13
85231, 4399.49
85239, 4404.62
85253, 4407.69
85255, 4401.03
85263, 4395.9
85269, 4403.59
85278, 4406.67
85286, 4402.56
85294, 4414.36
85302, 4421.03
85310, 4405.13
85317, 4396.41
85325, 4406.15
85332, 4414.36
85347, 4408.21
85349, 4404.62
85355, 4407.18
85364, 4406.67
85371, 4410.77
85386, 4413.33
85388, 4405.64
85396, 4402.56
85402, 4407.18
85412, 4409.74
85420, 4408.21
85427, 4407.69
85435, 4409.74
85449, 4408.21
85450, 4407.18
85458, 4409.74
85472, 4405.64
85473, 4403.59
85487, 4401.03
85491, 4403.08
85497, 4417.44
85506, 4414.36, estimuli
85513, 4397.95
85521, 4402.56
85529, 4410.77
85536, 4407.69
85543, 4408.21
85553, 4411.28
85559, 4405.64
85573, 4405.64
85575, 4415.9
85585, 4410.26
85591, 4404.1
85598, 4411.28
85613, 4406.67
85615, 4411.28
85623, 4446.67
85630, 4458.97
85638, 4408.72
85646, 4352.31
85653, 4349.74
85661, 4373.33
85676, 4401.03
85677, 4451.28
85686, 4481.54
85693, 4455.9
85700, 4404.1
85714, 4361.54
85716, 4337.95
85724, 4348.21
85733, 4400
85740, 4455.38
85748, 4469.74
85755, 4447.69
85762, 4404.62
85777, 4357.95
85779, 4337.44
85793, 4364.1
85795, 4423.59
85802, 4469.23
85816, 4476.92
85818, 4447.18
85826, 4395.9
85834, 4355.38
85842, 4341.54
85849, 4361.54
85857, 4412.82
85865, 4467.18
85879, 4483.59
85881, 4454.87
85895, 4407.69
85897, 4364.62
85904, 4340.51
85917, 4361.54
85919, 4417.44
85928, 4462.56
85935, 4476.92
85942, 4457.44
85951, 4409.23
85958, 4354.36
85973, 4330.77
85980, 4362.56
85981, 4412.31
85991, 4457.44
85998, 4480.51
86006, 4450.26
86013, 4396.92
86021, 4360.51
86030, 4346.15
86037, 4361.54
86046, 4407.18
86053, 4466.15
86061, 4489.23
86068, 4459.49
86083, 4405.13
86084, 4353.33
86092, 4338.46
86100, 4369.74
86108, 4414.36
86115, 4456.41
86123, 4482.05
86131, 4460.51
86139, 4394.87
86147, 4338.97
86154, 4332.31
86161, 4365.64
86176, 4413.33
86177, 4461.03
86185, 4480.51
86193, 4451.79
86201, 4396.41
86209, 4351.79
86217, 4340.51
86225, 4364.1
86232, 4416.41
86241, 4468.72
86255, 4482.56
86256, 4452.82
86264, 4396.92
86279, 4350.77
86280, 4338.46
86288, 4357.95
86295, 4407.69
86303, 4465.13
86311, 4488.21
86319, 4452.31
86326, 4393.85
86334, 4362.05
86342, 4352.31
86350, 4365.13
86358, 4411.79
86366, 4460.51
86380, 4477.95
86381, 4452.82
86389, 4400.51
86397, 4350.26
86405, 4329.74
86412, 4358.97
86420, 4414.87
86428, 4461.54
86436, 4476.92
86444, 4448.72
86452, 4396.41
86460, 4355.38
86467, 4341.54
86481, 4365.13
86483, 4415.9
86491, 4463.08
86499, 4478.46
86508, 4446.67
86514, 4391.79
86523, 4349.74
86530, 4338.97
86538, 4366.67
86545, 4416.92
86554, 4464.62
86568, 4481.03
86570, 4443.59
86577, 4382.05
86585, 4344.62
86592, 4338.46
86600, 4358.97
86608, 4411.28
86615, 4454.36
86624, 4435.9
86638, 4402.56
86640, 4405.64
86647, 4409.74
86662, 4402.05
86663, 4400.51
86671, 4401.54
86679, 4402.05
86687, 4406.15
86701, 4405.64
86702, 4397.95
86710, 4400
86723, 4403.08
86726, 4394.87
86742, 4399.49
86752, 4412.31
86753, 4408.72
86757, 4398.97
86765, 4394.87
86773, 4398.97
86780, 4402.05
86788, 4401.03
86797, 4406.15
86803, 4406.15
86812, 4407.18
86820, 4416.92
86827, 4412.82
86836, 4400
86843, 4398.46
86851, 4404.62
86859, 4406.15
86866, 4405.13
86874, 4406.15
86882, 4404.1
86890, 4409.74
86904, 4414.87
86905, 4400
86920, 4398.46
86920, 4416.92
86929, 4410.77
86944, 4394.36
86945, 4403.59
86953, 4417.95
86960, 4409.74
86968, 4398.46
86976, 4405.13
86983, 4406.67
86992, 4404.1
87006, 4408.21
87006, 4407.18
87015, 4404.1
87023, 4407.18
87031, 4409.23
87044, 4406.15
87046, 4409.23
87053, 4417.95
87062, 4415.38
87070, 4409.74
87078, 4410.77
87086, 4408.21
87100, 4407.69
87101, 4407.18
87110, 4398.97
87124, 4401.03
87124, 4405.64
87132, 4401.03
87146, 4406.67
87148, 4420
87156, 4416.41
87164, 4401.54
87172, 4396.92
87179, 4399.49
87187, 4402.56
87195, 4405.64
87203, 4404.1
87211, 4409.23
87225, 4415.9
87226, 4406.67
87234, 4408.21
87249, 4421.54
87249, 4416.41
87258, 4406.67
87266, 4409.74
87272, 4417.44
87281, 4410.77
87289, 4398.46
87298, 4401.54
87315, 4406.67
87316, 4409.23
87320, 4412.31
87327, 4409.23
87336, 4408.21
87344, 4411.79
87352, 4417.44
87359, 4413.33
87367, 4403.59
87375, 4405.64
87383, 4408.72
87391, 4403.59
87399, 4404.1
87405, 4406.67
87414, 4404.1
87422, 4404.1
87430, 4410.26
87438, 4417.95
87445, 4414.87
87453, 4409.23
87460, 4411.28
87468, 4413.85
87476, 4409.23
87485, 4403.59
87494, 4408.72
87501, 4416.41
87508, 4411.28, estimuli
87516, 4407.69
87524, 4411.28
87531, 4408.72
87539, 4405.64
87547, 4412.82
87555, 4423.59
87562, 4419.49
87570, 4406.15
87578, 4401.03
87586, 4406.15
87593, 4412.82
87608, 4412.31
87609, 4407.18
87618, 4421.03
87625, 4451.28
87633, 4454.36
87640, 4400.51
87649, 4342.05
87656, 4339.49
87663, 4370.26
87672, 4409.74
87680, 4458.97
87688, 4484.1
87696, 4458.97
87704, 4403.59
87710, 4360.51
87719, 4346.67
87726, 4363.08
87735, 4411.28
87743, 4465.64
87750, 4486.15
87758, 4464.1
87765, 4411.79
87773, 4355.9
87782, 4334.36
87790, 4363.59
87797, 4414.87
87812, 4460
87813, 4479.49
87822, 4455.9
87839, 4404.62
87842, 4360.51
87843, 4342.56
87852, 4366.15
87860, 4417.95
87867, 4462.05
87876, 4472.82
87883, 4448.72
87891, 4407.18
87899, 4360.51
87907, 4333.85
87915, 4360.51
87923, 4418.97
87931, 4462.56
87945, 4477.44
87946, 4458.46
87954, 4411.79
87962, 4365.64
87968, 4345.13
87977, 4357.44
87985, 4398.97
87993, 4461.54
88001, 4491.28
88009, 4457.44
88016, 4407.18
88031, 4365.64
88032, 4338.46
88041, 4361.54
88054, 4422.05
88056, 4473.33
88064, 4489.74
88071, 4463.08
88080, 4403.59
88087, 4350.77
88095, 4341.03
88103, 4365.13
88117, 4410.77
88119, 4464.1
88126, 4481.54
88134, 4456.41
88148, 4409.74
88150, 4357.44
88157, 4342.56
88171, 4375.38
88173, 4420.51
88181, 4456.41
88189, 4472.82
88196, 4457.44
88204, 4403.59
88213, 4349.74
88220, 4337.44
88234, 4368.21
88234, 4423.08
88244, 4471.79
88250, 4487.69
88259, 4454.36
88273, 4398.97
88274, 4360
88284, 4345.13
88291, 4366.15
88298, 4421.03
88306, 4474.87
88321, 4491.28
88322, 4456.92
88335, 4396.41
88338, 4354.36
88344, 4341.03
88352, 4365.13
88360, 4422.05
88375, 4478.46
88375, 4493.85
88384, 4450.26
88398, 4389.74
88399, 4349.74
88407, 4339.49
88416, 4371.28
88423, 4426.15
88432, 4468.21
88439, 4480.51
88447, 4454.36
88455, 4401.03
88462, 4348.21
88476, 4335.38
88478, 4374.87
88492, 4428.72
88494, 4477.44
88502, 4497.95
88509, 4466.15
88518, 4405.64
88525, 4357.44
88533, 4352.82
88541, 4388.21
88554, 4437.44
88557, 4481.03
88564, 4492.31
88572, 4464.1
88580, 4411.79
88588, 4358.46
88595, 4338.46
88603, 4367.69
88611, 4425.64
88619, 4460
88627, 4445.13
88635, 4420
88642, 4417.95
88656, 4422.05
88658, 4417.44
88666, 4412.31
88674, 4414.87
88689, 4416.92
88690, 4414.36
88698, 4411.28
88707, 4407.69
88713, 4408.21
88721, 4412.31
88728, 4411.28
88737, 4410.77
88750, 4412.82
88751, 4415.38
88763, 4411.28
88767, 4406.67
88775, 4415.9
88782, 4418.97
88797, 4407.18
88799, 4404.62
88807, 4410.26
88814, 4412.31
88822, 4413.33
88830, 4415.38
88838, 4417.44
88845, 4414.87
88860, 4408.21
88861, 4405.13
88869, 4410.77
88878, 4417.95
88885, 4411.28
88893, 4408.72
88900, 4416.41
88908, 4412.31
88916, 4403.08
88924, 4407.18
88938, 4414.36
88940, 4406.15
88946, 4401.03
88955, 4415.38
88964, 4421.03
88970, 4413.85
88979, 4423.08
88986, 4425.13
89000, 4405.13
89001, 4397.95
89011, 4405.64
89018, 4409.74
89025, 4414.87
89040, 4422.05
89040, 4415.9
89049, 4406.67
89057, 4414.36
89072, 4417.95
89073, 4413.33
89080, 4406.67
89088, 4405.13
89096, 4413.85
89104, 4411.28
89112, 4405.13
89120, 4413.33
89127, 4414.87
89142, 4417.44
89143, 4420.51
89157, 4408.72
89170, 4404.62
89172, 4412.82
89173, 4418.97
89182, 4420.51
89190, 4416.41
89198, 4406.67
89218, 4405.13
89220, 4414.87
89221, 4411.79
89229, 4405.13
89238, 4411.79
89245, 4417.44
89259, 4418.97
89261, 4419.49
89273, 4410.77
89277, 4406.67
89284, 4416.92
89292, 4423.08
89299, 4418.46
89307, 4412.82
89321, 4413.85
89323, 4410.77
89331, 4403.59
89338, 4404.62
89347, 4406.15
89361, 4406.15
89363, 4403.59
89377, 4404.62
89378, 4420.51
89386, 4424.1
89393, 4410.26
89401, 4406.67
89410, 4410.77
89417, 4408.21
89425, 4407.69
89433, 4417.95
89440, 4420.51
89448, 4412.82
89461, 4413.33
89465, 4412.31
89478, 4407.69
89481, 4410.26
89487, 4411.79
89496, 4413.33
89502, 4416.41
89518, 4416.41, estimuli
89519, 4413.85
89527, 4408.21
89534, 4409.23
89543, 4412.31
89550, 4414.87
89564, 4418.46
89566, 4412.82
89574, 4410.26
89582, 4422.56
89589, 4425.13
89603, 4412.31
89605, 4409.74
89619, 4420
89621, 4432.82
89628, 4451.79
89636, 4455.38
89656, 4408.21
89658, 4354.36
89660, 4347.18
89667, 4372.82
89675, 4420.51
89682, 4468.21
89691, 4483.59
89705, 4465.13
89706, 4415.9
89715, 4355.9
89723, 4338.46
89730, 4374.36
89738, 4422.56
89746, 4460.51
89752, 4483.08
89761, 4465.13
89769, 4406.15
89777, 4354.87
89785, 4344.1
89793, 4379.49
89800, 4429.74
89808, 4458.97
89822, 4474.87
89823, 4465.13
89832, 4413.33
89840, 4359.49
89847, 4348.21
89854, 4376.92
89863, 4424.1
89870, 4475.38
89879, 4493.33
89886, 4460
89895, 4411.79
89903, 4371.28
89910, 4351.28
89918, 4370.26
89926, 4416.92
89934, 4467.18
89941, 4490.26
89950, 4466.15
89957, 4414.87
89965, 4367.18
89973, 4345.13
89980, 4360
89988, 4412.82
89995, 4475.38
90004, 4485.13
90012, 4446.67
90018, 4401.03
90026, 4354.87
90035, 4338.46
90042, 4369.74
90051, 4418.46
90065, 4460
90066, 4478.46
90074, 4455.9
90083, 4402.56
90090, 4351.79
90098, 4335.38
90106, 4363.08
90113, 4421.03
90127, 4471.28
90129, 4478.97
90137, 4447.69
90145, 4395.9
90152, 4346.67
90166, 4337.44
90167, 4370.77
90182, 4422.05
90184, 4463.08
90192, 4476.92
90199, 4458.97
90207, 4407.18
90215, 4350.26
90223, 4332.31
90231, 4360.51
90238, 4414.36
90246, 4464.62
90254, 4485.13
90268, 4456.92
90269, 4395.9
90278, 4343.08
90286, 4334.36
90293, 4370.77
90301, 4421.03
90309, 4461.03
90316, 4477.44
90325, 4453.33
90332, 4400
90340, 4354.36
90348, 4347.69
90356, 4382.56
90370, 4424.62
90372, 4463.08
90381, 4483.59
90387, 4451.28
90401, 4395.38
90404, 4356.92
90411, 4342.56
90419, 4370.77
90426, 4427.18
90434, 4473.33
90442, 4479.49
90450, 4447.18
90457, 4397.95
90465, 4351.79
90473, 4338.97
90488, 4369.74
90489, 4422.05
90497, 4472.31
90505, 4483.59
90512, 4449.23
90519, 4395.38
90528, 4346.15
90536, 4335.9
90544, 4370.26
90551, 4420.51
90559, 4466.67
90567, 4483.08
90575, 4452.82
90583, 4397.95
90591, 4356.92
90598, 4344.62
90612, 4370.26
90614, 4432.82
90622, 4468.72
90630, 4443.08
90636, 4412.82
90644, 4416.41
90653, 4420.51
90660, 4408.72
90669, 4403.59
90676, 4408.21
90692, 4407.69
90693, 4405.64
90707, 4409.74
90708, 4410.26
90716, 4404.62
90730, 4404.1
90731, 4410.26
90739, 4413.33
90747, 4405.64
90755, 4405.13
90762, 4409.74
90771, 4405.64
90777, 4407.18
90786, 4416.41
90794, 4415.9
90808, 4406.67
90810, 4408.72
90817, 4421.54
90831, 4416.41
90833, 4398.46
90841, 4397.95
90849, 4410.26
90857, 4417.44
90864, 4415.9
90885, 4416.41
90886, 4414.87
90887, 4411.28
90896, 4415.9
90903, 4412.82
90918, 4404.62
90918, 4412.31
90933, 4422.56
90936, 4418.46
90943, 4409.23
90950, 4406.67
90958, 4409.23
90966, 4407.69
90973, 4411.79
90982, 4419.49
90989, 4407.18
90997, 4403.08
91005, 4418.97
91013, 4420
91020, 4412.31
91041, 4409.23
91042, 4399.49
91043, 4396.41
91052, 4408.72
91060, 4408.72
91068, 4397.95
91075, 4404.62
91084, 4415.38
91091, 4409.74
91122, 4397.95
91122, 4401.54
91124, 4416.92
91126, 4414.87
91130, 4402.05
91138, 4403.08
91146, 4407.18
91154, 4408.21
91162, 4411.79
91169, 4416.41
91177, 4421.03
91186, 4417.95
91192, 4415.38
91201, 4415.38
91209, 4409.74
91216, 4415.9
91224, 4425.13
91232, 4418.97
91239, 4411.79
91249, 4405.13
91255, 4404.62
91264, 4412.31
91270, 4413.85
91278, 4409.74
91293, 4410.26
91296, 4415.38
91310, 4413.33
91311, 4410.26
91319, 4413.85
91325, 4417.44
91334, 4417.95
91341, 4415.9
91349, 4416.92
91357, 4418.97
91365, 4411.28
91373, 4406.15
91381, 4414.36
91395, 4413.85
91396, 4406.67
91404, 4401.54
91424, 4402.05
91425, 4411.79
91428, 4421.03
91434, 4421.03
91443, 4412.82
91450, 4405.64
91459, 4404.1
91467, 4412.82
91474, 4417.44
91489, 4402.05
91490, 4396.92
91498, 4410.77
91512, 4411.28
91514, 4408.21, estimuli
91528, 4413.85
91530, 4409.23
91537, 4406.67
91545, 4412.82
91553, 4413.33
91561, 4412.31
91568, 4413.33
91576, 4417.44
91584, 4414.36
91598, 4409.23
91600, 4415.9
91614, 4418.46
91615, 4412.82
91630, 4407.18
91631, 4426.15
91639, 4460.51
91646, 4448.21
91655, 4388.21
91662, 4344.62
91671, 4345.64
91678, 4370.26
91686, 4415.9
91694, 4476.92
91701, 4492.31
91715, 4444.1
91718, 4390.26
91732, 4352.82
91770, 4334.87
91771, 4362.05
91771, 4421.54
91771, 4475.38
91771, 4488.72
91773, 4452.31
91779, 4395.38
91787, 4349.74
91801, 4337.44
91803, 4366.67
91818, 4419.49
91819, 4466.15
91833, 4481.54
91835, 4464.62
91842, 4414.36
91850, 4352.31
91858, 4336.41
91866, 4372.31
91873, 4417.95
91881, 4463.08
91889, 4491.79
91898, 4470.26
91905, 4402.05
91913, 4345.13
91919, 4342.56
91940, 4377.95
91942, 4422.56
91944, 4461.54
91952, 4481.54
91960, 4459.49
91968, 4398.46
91975, 4347.69
91983, 4335.38
91992, 4364.62
91999, 4422.56
92007, 4473.85
92014, 4486.67
92022, 4459.49
92036, 4410.26
92037, 4363.59
92045, 4344.1
92055, 4370.77
92061, 4426.15
92068, 4468.72
92078, 4478.46
92085, 4449.74
92093, 4397.95
92100, 4351.28
92108, 4338.97
92115, 4373.85
92137, 4428.72
92137, 4471.79
92140, 4483.08
92147, 4451.28
92161, 4398.46
92162, 4352.31
92171, 4338.97
92179, 4371.79
92193, 4420.51
92194, 4461.54
92214, 4480
92216, 4454.87
92217, 4398.46
92226, 4344.1
92240, 4335.38
92242, 4383.08
92249, 4434.36
92264, 4465.64
92273, 4482.56
92274, 4461.54
92281, 4391.79
92292, 4338.46
92296, 4352.82
92317, 4384.62
92317, 4414.87
92319, 4464.62
92327, 4484.62
92335, 4451.28
92342, 4400.51
92350, 4357.44
92358, 4344.62
92365, 4376.41
92374, 4433.33
92382, 4480
92390, 4487.18
92398, 4456.92
92406, 4401.03
92419, 4350.26
92421, 4339.49
92429, 4371.79
92449, 4430.77
92450, 4482.05
92453, 4488.21
92467, 4446.15
92468, 4389.23
92475, 4352.31
92484, 4340.51
92492, 4366.67
92499, 4427.69
92507, 4476.92
92515, 4485.13
92523, 4455.9
92531, 4402.56
92540, 4357.44
92549, 4348.72
92554, 4382.05
92562, 4436.41
92570, 4475.9
92578, 4479.49
92586, 4448.72
92593, 4397.44
92601, 4351.28
92609, 4340.51
92617, 4375.9
92625, 4432.82
92632, 4458.97
92653, 4435.9
92655, 4414.36
92656, 4423.08
92664, 4420.51
92672, 4398.46
92679, 4397.95
92687, 4413.85
92695, 4422.05
92703, 4410.77
92711, 4395.9
92725, 4408.21
92726, 4423.59
92740, 4418.97
92743, 4412.82
92750, 4413.33
92758, 4411.28
92766, 4401.03
92773, 4406.15
92781, 4418.97
92789, 4414.36
92797, 4411.79
92804, 4412.82
92812, 4409.74
92826, 4410.26
92829, 4407.18
92843, 4405.13
92844, 4414.87
92858, 4425.13
92859, 4423.59
92867, 4411.28
92876, 4399.49
92883, 4407.69
92891, 4422.05
92900, 4415.9
92906, 4407.69
92914, 4411.28
92922, 4410.26
92930, 4409.23
92965, 4415.9
92966, 4409.23
92968, 4402.56
92970, 4417.44
92971, 4422.56
92977, 4410.77
92985, 4400.51
92992, 4400
93005, 4407.69
93008, 4411.28
93016, 4411.79
93030, 4410.77
93032, 4412.31
93039, 4415.38
93047, 4413.85
93061, 4420
93063, 4421.54
93071, 4405.13
93077, 4396.92
93086, 4404.1
93103, 4410.26
93104, 4414.87
93109, 4411.79
93120, 4404.62
93132, 4406.67
93133, 4407.18
93141, 4394.87
93149, 4392.31
93156, 4405.13
93165, 4407.18
93173, 4406.15
93181, 4408.21
93189, 4406.15
93196, 4414.36
93204, 4415.9
93210, 4405.13
93218, 4409.23
93227, 4409.74
93235, 4401.54
93242, 4406.67
93251, 4413.85
93257, 4416.92
93266, 4413.33
93274, 4400.51
93283, 4399.49
93291, 4409.23
93298, 4408.72
93306, 4401.54
93314, 4403.59
93337, 4411.28
93338, 4409.23
93338, 4403.08
93344, 4403.08
93352, 4410.26
93366, 4410.77
93368, 4404.62
93376, 4409.74
93383, 4413.33
93392, 4407.18
93400, 4407.69
93407, 4409.23
93415, 4404.62
93423, 4404.62
93439, 4406.15
93441, 4404.62
93446, 4402.05
93454, 4409.23
93462, 4421.03
93470, 4419.49
93477, 4412.82
93491, 4413.85
93494, 4416.41
93500, 4409.23
93509, 4407.18
93517, 4415.38, estimuli
93524, 4412.82
93541, 4405.13
93542, 4410.77
93551, 4416.92
93556, 4410.26
93564, 4405.64
93571, 4413.33
93579, 4417.95
93591, 4406.67
93596, 4403.59
93604, 4414.87
93612, 4416.92
93618, 4409.23
93627, 4415.9
93634, 4449.23
93642, 4454.36
93650, 4392.31
93659, 4338.46
93665, 4345.64
93674, 4372.82
93681, 4406.15
93688, 4450.26
93697, 4480
93704, 4456.41
93712, 4394.36
93727, 4348.72
93728, 4340
93736, 4369.23
93748, 4418.97
93751, 4465.64
93765, 4487.18
93767, 4462.56
93781, 4408.21
93783, 4355.38
93790, 4341.03
93798, 4373.85
93806, 4422.05
93814, 4467.18
93822, 4486.67
93830, 4456.41
93837, 4400.51
93846, 4358.46
93853, 4348.21
93866, 4376.41
93868, 4428.21
93877, 4472.82
93884, 4479.49
93892, 4453.85
93900, 4410.26
93908, 4350.77
93916, 4331.28
93922, 4375.9
93931, 4431.28
93939, 4468.72
93951, 4481.03
93955, 4460
93966, 4405.13
93970, 4344.62
93984, 4337.44
93986, 4377.44
93994, 4426.67
94002, 4474.36
94009, 4491.28
94024, 4453.33
94025, 4398.46
94033, 4359.49
94040, 4345.13
94055, 4366.15
94056, 4411.79
94069, 4458.97
94072, 4490.26
94086, 4469.74
94087, 4393.85
94096, 4338.46
94103, 4342.05
94110, 4372.31
94120, 4415.9
94127, 4462.05
94134, 4487.69
94142, 4461.54
94157, 4396.41
94158, 4355.38
94166, 4356.41
94173, 4380
94186, 4420.51
94190, 4465.64
94198, 4485.64
94205, 4456.41
94213, 4396.92
94221, 4354.87
94230, 4348.72
94236, 4371.79
94244, 4415.38
94255, 4467.69
94260, 4487.69
94275, 4458.46
94276, 4414.36
94283, 4361.54
94300, 4330.77
94301, 4368.21
94307, 4428.21
94315, 4469.74
94323, 4488.72
94330, 4460
94338, 4398.46
94346, 4355.9
94360, 4348.72
94362, 4373.33
94370, 4426.67
94377, 4480.51
94385, 4487.69
94393, 4446.67
94401, 4396.92
94409, 4355.9
94416, 4345.13
94424, 4374.87
94432, 4427.69
94440, 4473.85
94448, 4482.05
94459, 4452.82
94463, 4395.9
94472, 4347.18
94480, 4347.69
94486, 4375.9
94495, 4414.36
94502, 4461.54
94511, 4478.97
94521, 4451.28
94527, 4399.49
94534, 4347.18
94542, 4335.9
94550, 4371.28
94556, 4423.59
94564, 4466.15
94573, 4483.59
94581, 4455.38
94590, 4392.31
94597, 4351.79
94605, 4351.79
94615, 4375.38
94620, 4423.08
94631, 4460
94636, 4447.18
94643, 4412.82
94650, 4412.31
94665, 4426.15
94667, 4414.87
94674, 4412.31
94682, 4427.69
94690, 4420.51
94697, 4401.03
94706, 4403.08
94720, 4415.9
94723, 4415.38
94729, 4414.87
94737, 4422.05
94745, 4416.92
94753, 4409.23
94761, 4413.33
94769, 4413.33
94776, 4406.67
94784, 4405.64
94792, 4413.85
94800, 4420.51
94808, 4415.38
94822, 4412.31
94823, 4419.49
94831, 4416.41
94839, 4407.69
94847, 4407.69
94855, 4413.85
94862, 4413.33
94875, 4409.74
94878, 4417.44
94885, 4424.1
94894, 4418.46
94904, 4407.69
94909, 4399.49
94922, 4406.67
94924, 4420
94933, 4416.92
94941, 4409.23
94953, 4411.28
94956, 4417.44
94969, 4417.44
94981, 4415.38
94981, 4418.46
94988, 4415.9
94996, 4412.82
95003, 4409.23
95014, 4406.15
95019, 4417.95
95027, 4422.56
95035, 4411.79
95042, 4406.67
95050, 4409.74
95058, 4413.33
95066, 4412.31
95074, 4414.87
95081, 4423.08
95088, 4423.59
95096, 4416.92
95111, 4408.21
95113, 4408.72
95121, 4416.41
95128, 4417.95
95135, 4416.41
95144, 4413.33
95158, 4411.79
95161, 4415.9
95168, 4413.85
95182, 4410.77
95183, 4415.38
95191, 4415.38
95199, 4414.36
95213, 4414.36
95215, 4409.74
95222, 4407.18
95230, 4411.28
95239, 4415.9
95246, 4412.82
95254, 4414.87
95261, 4417.95
95269, 4413.33
95282, 4412.82
95285, 4420
95293, 4421.54
95301, 4416.41
95308, 4413.33
95315, 4415.9
95324, 4421.03
95332, 4420.51
95339, 4412.82
95348, 4409.74
95354, 4421.03
95363, 4420
95370, 4398.97
95378, 4396.41
95387, 4409.23
95393, 4413.33
95402, 4412.82
95409, 4413.33
95418, 4410.77
95426, 4407.69
95434, 4413.85
95441, 4416.92
95449, 4410.77
95458, 4409.74
95465, 4410.77
95473, 4411.28
95480, 4416.92
95488, 4417.95
95497, 4414.87
95504, 4412.31
95518, 4408.21
95520, 4409.23, estimuli
95528, 4408.72
95538, 4411.79
95543, 4422.56
95551, 4416.92
95559, 4404.62
95567, 4406.15
95574, 4412.31
95587, 4414.36
95591, 4408.72
95598, 4402.05
95613, 4408.21
95614, 4419.49
95620, 4413.85
95629, 4417.44
95637, 4452.31
95650, 4453.85
95653, 4397.44
95661, 4351.79
95668, 4345.13
95676, 4368.72
95684, 4414.87
95691, 4468.21
95700, 4493.33
95708, 4454.36
95715, 4390.26
95728, 4354.36
95732, 4344.1
95739, 4365.13
95747, 4418.97
95763, 4467.69
95764, 4480.51
95770, 4453.33
95778, 4403.08
95787, 4362.56
95794, 4355.38
95806, 4374.36
95832, 4416.41
95834, 4470.26
95835, 4487.18
95836, 4455.38
95841, 4406.15
95850, 4357.95
95860, 4343.59
95864, 4372.31
95871, 4423.08
95880, 4472.82
95891, 4484.62
95895, 4458.46
95911, 4412.31
95919, 4354.87
95920, 4330.77
95927, 4366.67
95949, 4428.72
95950, 4480
95952, 4488.72
95958, 4453.85
95966, 4397.44
95974, 4346.67
95981, 4337.95
95989, 4372.82
96001, 4424.1
96005, 4465.64
96019, 4484.62
96020, 4463.59
96028, 4401.54
96036, 4347.69
96048, 4342.56
96052, 4376.41
96061, 4424.62
96067, 4472.31
96075, 4493.33
96086, 4460.51
96091, 4396.92
96099, 4355.38
96105, 4354.36
96119, 4380
96121, 4420.51
96131, 4470.77
96138, 4499.49
96146, 4465.13
96153, 4395.9
96162, 4350.77
96169, 4343.08
96177, 4373.33
96185, 4428.72
96193, 4478.97
96199, 4497.44
96208, 4462.56
96216, 4394.87
96237, 4349.23
96238, 4346.15
96240, 4374.87
96247, 4425.64
96255, 4484.1
96263, 4497.44
96271, 4449.23
96279, 4393.85
96285, 4354.36
96294, 4342.05
96301, 4375.9
96310, 4431.79
96324, 4476.92
96325, 4486.15
96339, 4455.38
96340, 4400.51
96348, 4349.74
96357, 4340
96365, 4375.9
96372, 4428.21
96380, 4472.31
96388, 4490.77
96396, 4462.56
96410, 4397.95
96413, 4345.64
96419, 4344.1
96426, 4380
96436, 4429.23
96443, 4475.9
96451, 4486.15
96458, 4451.79
96466, 4395.38
96481, 4351.28
96482, 4346.67
96489, 4376.41
96498, 4431.28
96506, 4483.08
96512, 4494.36
96527, 4460.51
96528, 4400.51
96543, 4346.15
96544, 4338.46
96552, 4376.92
96560, 4429.23
96568, 4478.97
96575, 4496.41
96584, 4449.23
96590, 4378.97
96599, 4347.69
96606, 4347.69
96615, 4370.26
96623, 4426.15
96630, 4463.59
96638, 4447.69
96646, 4416.92
96654, 4413.33
96662, 4420
96670, 4413.85
96677, 4408.72
96685, 4409.74
96692, 4409.23
96700, 4410.26
96715, 4416.92
96717, 4425.13
96724, 4418.97
96732, 4407.18
96746, 4404.1
96748, 4404.1
96756, 4411.28
96764, 4418.46
96771, 4414.87
96784, 4411.28
96797, 4414.36
96798, 4417.44
96803, 4413.33
96817, 4406.67
96819, 4411.79
96826, 4418.97
96833, 4414.36
96848, 4410.26
96850, 4409.74
96857, 4411.28
96865, 4416.92
96873, 4418.97
96881, 4417.95
96889, 4420
96896, 4420.51
96904, 4408.72
96912, 4406.15
96920, 4419.49
96928, 4416.41
96936, 4406.67
96944, 4411.79
96951, 4414.87
96959, 4410.26
96966, 4406.15
96975, 4414.36
96982, 4424.62
96990, 4418.46
96998, 4414.87
97006, 4423.59
97014, 4420
97022, 4408.72
97029, 4405.13
97037, 4404.1
97046, 4404.1
97053, 4409.74
97061, 4412.82
97069, 4414.87
97076, 4427.18
97084, 4426.15
97092, 4407.18
97101, 4406.15
97108, 4415.38
97115, 4417.95
97123, 4415.38
97131, 4406.15
97145, 4404.1
97146, 4409.74
97155, 4412.31
97162, 4409.74
97176, 4408.72
97178, 4410.26
97186, 4409.23
97194, 4408.21
97202, 4412.82
97209, 4413.33
97217, 4406.67
97224, 4406.15
97232, 4408.21
97247, 4404.62
97249, 4397.95
97257, 4404.62
97264, 4410.26
97276, 4401.54
97279, 4401.03
97288, 4408.72
97295, 4413.33
97302, 4411.28
97311, 4405.13
97319, 4408.72
97327, 4415.9
97334, 4408.72
97342, 4397.95
97350, 4399.49
97362, 4411.28
97366, 4412.31
97380, 4406.67
97382, 4409.74
97390, 4408.72
97397, 4406.67
97405, 4406.67
97413, 4404.62
97421, 4409.74
97428, 4412.31
97436, 4406.67
97444, 4400.51
97452, 4404.1
97464, 4414.36
97468, 4413.33
97475, 4408.72
97483, 4411.28
97490, 4409.74
97499, 4407.18
97506, 4409.23
97514, 4413.33
97522, 4421.54
97530, 4426.15
97538, 4417.95
97546, 4410.77
97554, 4414.87
97563, 4412.82
97569, 4404.1
97577, 4408.72
97584, 4410.77
97592, 4404.62
97601, 4408.72
97608, 4410.77
97616, 4405.64
97624, 4406.15
97633, 4410.77
97640, 4412.31
97654, 4409.23
97654, 4410.26
97670, 4415.9
97671, 4413.33
97679, 4409.74
97687, 4411.28
97694, 4413.33
97702, 4414.36
97710, 4411.28
97718, 4410.26
97726, 4419.49
97740, 4427.18
97741, 4420
97749, 4406.67
97757, 4408.21
97765, 4417.44
97772, 4417.44
97779, 4412.31
97787, 4410.26
97795, 4416.92
97804, 4428.21
97812, 4422.56
97818, 4408.72
97826, 4414.36
97840, 4426.15
97842, 4413.85
97851, 4402.05
97859, 4414.36
97875, 4420.51
97876, 4414.36
97882, 4417.44
97891, 4415.9
97898, 4408.72
97906, 4411.28
97913, 4414.36
97922, 4409.23
97929, 4410.26
97943, 4419.49
97945, 4415.38
97952, 4406.67
97960, 4409.23
97968, 4408.21
97976, 4410.26
97984, 4422.05
97992, 4417.44
97999, 4406.67
98007, 4411.28
98015, 4415.9
98023, 4415.9
98031, 4418.46
98043, 4428.72
98046, 4428.72
98053, 4412.82
98068, 4402.05
98070, 4408.72
98078, 4420
98086, 4415.9
98094, 4409.23
98101, 4417.95
98116, 4425.64
98117, 4423.59
98125, 4411.28
98132, 4406.15
98146, 4418.46
98148, 4421.03
98156, 4411.79
98163, 4412.31
98173, 4408.21
98185, 4403.08
98187, 4412.82
98194, 4416.41
98203, 4410.26
98212, 4412.31
98218, 4412.82
98227, 4409.74
98236, 4412.31
98246, 4408.72
98249, 4403.59
98258, 4414.36
98265, 4419.49
98273, 4413.33
98281, 4413.33
98289, 4411.79
98297, 4411.79
98304, 4414.87
98312, 4410.26
98320, 4407.18
98328, 4405.13
98336, 4411.79
98344, 4422.05
98351, 4414.87
98359, 4409.74
98372, 4412.31
98377, 4410.77
98387, 4412.31
98391, 4413.85
98398, 4413.85
98406, 4413.85
98415, 4413.85
98421, 4416.92
98430, 4417.44
98438, 4411.28
98445, 4409.23
98452, 4416.92
98462, 4418.97
98469, 4410.77
98477, 4411.28
98485, 4421.03
98492, 4425.64
98500, 4414.36
98507, 4398.97
98516, 4411.28
98524, 4422.56
98531, 4408.21
98539, 4410.77
98547, 4429.74
98554, 4421.54
98563, 4403.59
98571, 4404.62
98578, 4411.79
98586, 4406.67
98594, 4402.05
98602, 4409.23
98610, 4411.28
98617, 4405.64
98624, 4406.67
98633, 4409.74
98641, 4411.28
98648, 4413.85
98657, 4418.46
98663, 4411.79
98672, 4403.08
98680, 4410.77
98688, 4414.36
98696, 4411.28
98704, 4416.41
98710, 4414.87
98718, 4403.08
98727, 4400.51
98735, 4408.72
98743, 4414.87
