0.0003, 4147.69
0.4744, 4150.26
0.5208, 4151.28
0.5529, 4148.21
32.0465, 4147.18
32.189, 4149.23
32.2454, 4145.64
32.2993, 4145.64
62.7213, 4154.87
62.818, 4147.18
62.8509, 4126.67
62.8814, 4125.13
93.9941, 4141.54
94.0995, 4157.44
94.1429, 4158.97
94.1836, 4151.28
125.186, 4165.13
125.302, 4170.26
125.358, 4138.97
125.4, 4117.44
157.016, 4125.64
157.131, 4143.59
157.25, 4155.9
157.332, 4162.56
188.24, 4168.21
188.403, 4164.62
188.487, 4138.97
188.542, 4120
219.169, 4124.62
219.289, 4139.49
219.351, 4155.9
219.405, 4165.13
251.025, 4169.23
251.451, 4162.05
251.532, 4137.95
251.59, 4124.1
282.044, 4128.21
282.16, 4142.56
282.23, 4157.95
282.302, 4164.62
313.125, 4170.26
313.226, 4168.72
313.278, 4144.62
313.324, 4128.21
343.97, 4131.79
344.203, 4145.13
344.283, 4160.51
344.353, 4164.1
376.025, 4166.67
376.128, 4165.13
376.17, 4140.51
376.208, 4125.64
408.297, 4132.82
408.61, 4142.56
408.682, 4153.85
408.736, 4161.03
438.189, 4167.18
438.385, 4166.67
438.472, 4140.51
438.541, 4117.95
471.24, 4125.13
471.652, 4144.1
471.744, 4155.9
471.813, 4160
501.092, 4168.21
501.216, 4165.64
501.279, 4138.97
501.325, 4121.54
532.157, 4133.33
532.3, 4150.26
532.363, 4158.97
532.414, 4164.1
564.719, 4170.26
564.842, 4164.1
564.916, 4140
564.968, 4127.18
595.01, 4134.36
595.121, 4148.21
595.17, 4161.03
595.214, 4167.18
626.019, 4170.77
626.136, 4164.62
626.203, 4144.62
626.249, 4131.79
657.389, 4131.79
657.491, 4143.59
657.54, 4158.46
657.582, 4163.59
688.3, 4166.67
688.421, 4166.67
688.473, 4144.62
688.535, 4127.18
720.182, 4134.36
720.329, 4149.23
720.405, 4160.51
720.475, 4165.64
751.183, 4168.72
751.309, 4165.64
751.365, 4145.64
751.416, 4129.74
782.242, 4135.38
782.356, 4150.77
782.407, 4160.51
782.452, 4164.62
814.085, 4174.87
814.195, 4172.82
814.265, 4147.69
814.341, 4131.28
846.399, 4132.31
846.498, 4145.13
846.54, 4160.51
846.58, 4164.1
876.208, 4166.67
876.323, 4166.67
876.376, 4143.59
876.443, 4126.67
907.198, 4133.33
907.3, 4145.64
907.35, 4158.97
907.398, 4166.15
939.23, 4167.69
939.342, 4166.15
939.397, 4146.67
939.454, 4128.72
970.505, 4132.31
970.63, 4148.21
970.683, 4156.92
970.731, 4161.03
1000.91, 4170.77
1001.01, 4169.23
1001.07, 4141.03
1001.13, 4123.08
1033.2, 4135.38
1033.32, 4150.26
1033.38, 4154.36
1033.44, 4161.03
1064.3, 4170.26
1064.41, 4160.51
1064.46, 4141.54
1064.51, 4148.72
1095.52, 4158.97
1095.63, 4146.15
1095.67, 4147.18
1095.71, 4165.13
1126.78, 4159.49
1127.07, 4146.67
1127.18, 4151.28
1127.92, 4154.87
1158.43, 4150.77
1158.55, 4151.79
1158.6, 4155.38
1158.64, 4155.9
1189.43, 4155.9
1189.59, 4155.9
1189.66, 4154.87
1189.72, 4153.85
1222.38, 4154.87
1222.55, 4155.38
1222.62, 4153.85
1222.74, 4154.36
1251.12, 4153.33
1251.21, 4151.79
1251.26, 4153.33
1251.31, 4151.28
1283.08, 4147.69
1283.2, 4150.26
1283.25, 4152.31
1283.32, 4150.26
1313.94, 4150.26
1314.05, 4150.26
1314.12, 4150.26
1314.18, 4152.82
1345.06, 4151.79
1347.38, 4149.74
1347.89, 4150.77
1347.97, 4149.74
1377.07, 4149.23
1377.17, 4152.31
1377.22, 4152.31
1377.26, 4151.28
1408.05, 4152.31
1408.15, 4154.36
1408.2, 4154.36
1408.24, 4151.79
1439.08, 4149.74
1439.18, 4149.74
1439.24, 4149.74
1439.29, 4147.18
1470.04, 4145.13
1470.16, 4148.72
1470.21, 4151.28
1470.25, 4149.74
1501.9, 4150.77
1501.99, 4154.36
1502.03, 4153.33
1502.07, 4149.74
1533.12, 4150.26
1533.29, 4151.79
1533.34, 4148.72
1533.4, 4147.18
1563.97, 4144.1
1564.05, 4144.62
1564.08, 4148.21
1564.19, 4146.15
1595.95, 4146.15
1596.08, 4148.21
1596.13, 4148.21
1596.18, 4147.18
1627.29, 4147.18
1627.39, 4147.18
1627.43, 4148.72
1627.47, 4148.72
1658.38, 4148.72
1658.49, 4148.72
1658.54, 4145.13
1658.59, 4145.64
1688.63, 4150.26
1688.71, 4149.23
1688.74, 4148.72
1688.78, 4150.77
1721.21, 4150.77
1721.33, 4149.74
1721.38, 4149.23
1721.42, 4150.26
1751.78, 4149.74
1751.89, 4148.72
1751.95, 4148.72
1752, 4148.21
1783, 4146.15
1783.11, 4145.64
1783.16, 4147.18
1783.2, 4148.21
1814, 4149.74
1814.08, 4150.26
1814.14, 4148.72
1814.22, 4149.23
1846, 4151.79
1846.1, 4151.79
1846.15, 4150.77
1846.19, 4152.31
1876.9, 4152.31
1877, 4149.74
1877.04, 4148.21
1877.08, 4149.74
1907.96, 4149.74
1908.06, 4151.28
1908.13, 4151.28
1908.19, 4146.67
1940.22, 4145.13
1940.32, 4146.67
1940.36, 4150.26
1940.4, 4148.21
1971.15, 4144.62
1971.25, 4147.18
1971.3, 4151.79
1971.35, 4150.77
2002.03, 4147.18
2002.12, 4147.69
2002.16, 4151.28
2002.2, 4152.82
2032.6, 4150.26
2032.67, 4148.72
2032.7, 4151.28
2032.73, 4150.77
2064.87, 4147.69
2064.95, 4149.23
2064.99, 4150.77
2065.03, 4147.69
2095.67, 4147.18
2095.74, 4147.69
2095.78, 4144.1
2095.81, 4138.46
2127.01, 4138.46
2127.19, 4146.15
2127.25, 4147.18
2127.3, 4135.9
2159.23, 4123.59
2159.34, 4106.67
2159.38, 4078.97
2159.43, 4046.67
2189.75, 4016.41
2189.83, 3998.46
2189.87, 3991.28
2189.9, 3977.44
2220.92, 3962.05
2221.03, 3966.67
2221.08, 3984.62
2221.12, 3988.21
2251.62, 3985.64
2251.71, 3996.92
2251.74, 4009.74
2251.78, 4013.85
2283.66, 4021.03
2283.74, 4029.74
2283.83, 4031.28
2283.89, 4032.31
2314.94, 4036.92
2315.11, 4038.97
2315.16, 4039.49
2315.2, 4042.56
2346.14, 4049.23
2346.27, 4055.9
2346.31, 4056.92
2346.35, 4058.97
2377.73, 4063.08
2377.88, 4063.59
2377.96, 4062.56
2378.02, 4065.64
2408.79, 4067.18
2408.86, 4067.69
2408.9, 4073.33
2408.93, 4078.46
2440.08, 4077.95
2440.16, 4078.46
2440.19, 4083.59
2440.22, 4086.67
2470.75, 4085.13
2470.83, 4088.21
2470.86, 4092.31
2470.89, 4088.72
2502.91, 4087.69
2503, 4091.28
2503.05, 4090.77
2503.09, 4089.74
2533.72, 4090.26
2533.81, 4090.77
2533.85, 4088.21
2533.89, 4088.21
2564.89, 4090.26
2564.98, 4090.77
2565.02, 4090.77
2565.06, 4092.82
2595.87, 4096.92
2595.94, 4098.46
2595.97, 4097.95
2596, 4097.95
2628, 4097.44
2628.07, 4095.9
2628.11, 4095.38
2628.14, 4097.44
2659.03, 4098.46
2659.39, 4099.49
2659.53, 4102.05
2659.6, 4103.08
2689.95, 4100.51
2690.05, 4100
2690.1, 4102.56
2690.14, 4103.08
2722.03, 4103.59
2722.12, 4104.1
2722.17, 4103.59
2722.21, 4104.1
2753.21, 4103.59
2753.36, 4105.64
2753.45, 4106.67
2753.5, 4104.1
2783.85, 4104.1
2783.94, 4107.18
2783.99, 4105.64
2784.04, 4103.08
2814.73, 4109.74
2814.83, 4113.33
2814.87, 4110.26
2814.91, 4110.26
2846.74, 4110.26
2846.83, 4110.26
2846.87, 4110.77
2846.91, 4111.79
2878.05, 4112.31
2878.14, 4113.85
2878.17, 4113.33
2878.2, 4109.74
2909.1, 4111.28
2909.18, 4114.36
2909.22, 4116.92
2909.25, 4113.85
2939.9, 4110.77
2939.99, 4115.9
2940.02, 4118.46
2940.05, 4115.9
2972.21, 4116.41
2972.32, 4119.49
2972.37, 4119.49
2972.44, 4117.44
3002.96, 4117.95
3003.11, 4117.44
3003.16, 4118.46
3003.22, 4120
3034.02, 4117.95
3034.12, 4116.92
3034.17, 4117.44
3034.21, 4117.95
3066.19, 4117.95
3066.31, 4118.97
3066.35, 4119.49
3066.4, 4118.46
3097.08, 4117.95
3097.17, 4118.97
3097.2, 4120.51
3097.23, 4120.51
3128.04, 4120
3128.22, 4122.05
3128.28, 4122.05
3128.4, 4121.54
3159.02, 4123.08
3159.13, 4125.64
3159.18, 4126.67
3159.23, 4124.1
3191.08, 4123.08
3191.22, 4127.69
3191.27, 4128.21
3191.41, 4122.56
3222.54, 4121.54
3222.63, 4125.13
3222.66, 4123.59
3222.69, 4121.03
3253.34, 4123.08
3253.46, 4124.1
3253.71, 4124.1
3253.78, 4127.69
3285.17, 4127.18
3285.31, 4121.54
3285.39, 4122.56
3285.47, 4126.15
3316.22, 4126.15
3316.34, 4126.67
3316.38, 4127.18
3316.43, 4123.59
3347.22, 4121.54
3347.32, 4125.64
3347.36, 4128.21
3347.41, 4127.18
3378.25, 4126.67
3378.4, 4125.64
3378.47, 4124.62
3378.53, 4125.64
3410.72, 4126.15
3410.87, 4126.15
3411.02, 4126.67
3411.17, 4126.67
3441.22, 4128.21
3441.33, 4130.26
3441.38, 4129.74
3441.44, 4126.15
3472.75, 4126.67
3472.85, 4131.28
3472.9, 4130.77
3472.94, 4129.23
3504.26, 4129.74
3504.36, 4128.21
3504.41, 4128.21
3504.45, 4127.18
3535.2, 4122.56
3535.34, 4124.1
3535.47, 4129.23
3535.55, 4126.67
3565.97, 4123.59
3566.08, 4126.67
3566.12, 4128.21
3566.15, 4126.67
3597.1, 4126.15
3597.22, 4131.28
3597.28, 4133.85
3597.34, 4129.23
3629.33, 4126.67
3629.46, 4129.23
3629.52, 4128.21
3629.57, 4125.13
3660.19, 4128.72
3660.33, 4133.33
3660.39, 4132.31
3660.45, 4129.74
3691.06, 4130.77
3691.19, 4132.31
3691.25, 4130.77
3691.29, 4127.69
3722.36, 4131.28
3722.48, 4134.87
3722.52, 4131.28
3722.57, 4130.77
3754.12, 4133.33
3754.29, 4132.82
3754.44, 4133.33
3754.51, 4135.9
3785.2, 4132.82
3785.31, 4129.23
3785.36, 4132.31
3785.4, 4134.36
3816.15, 4132.82
3816.28, 4132.82
3816.34, 4131.28
3816.39, 4130.77
3848.44, 4133.85
3848.57, 4134.36
3848.62, 4133.33
3848.75, 4132.31
3879.11, 4130.77
3879.23, 4132.82
3879.27, 4137.95
3879.31, 4134.87
3910.22, 4129.23
3910.31, 4132.82
3910.34, 4135.9
3910.37, 4133.33
3941.1, 4133.85
3941.22, 4134.36
3941.26, 4131.79
3941.3, 4134.36
3972.85, 4136.92
3972.95, 4135.9
3973, 4136.92
3973.04, 4136.41
4003.68, 4133.85
4003.77, 4134.87
4003.8, 4134.36
4003.83, 4132.31
4034.72, 4134.36
4034.79, 4134.87
4034.83, 4129.23
4034.86, 4128.21
4065.98, 4133.85
4066.05, 4132.82
4066.08, 4128.72
4066.11, 4130.77
4097.66, 4135.38
4097.74, 4134.36
4097.77, 4132.31
4097.8, 4138.97
4128.74, 4141.03
4128.82, 4134.36
4128.85, 4134.36
4128.89, 4137.95
4159.93, 4136.41
4160.03, 4136.41
4160.07, 4140.51
4160.12, 4138.46
4191.61, 4138.46
4191.68, 4144.1
4191.72, 4143.59
4191.75, 4137.44
4223, 4136.41
4223.11, 4137.95
4223.16, 4137.95
4223.22, 4136.41
4254.2, 4135.38
4254.32, 4135.9
4254.38, 4137.95
4254.42, 4138.46
4285.03, 4138.46
4285.11, 4140
4285.14, 4140
4285.17, 4137.44
4316.91, 4136.92
4316.99, 4139.49
4317.02, 4139.49
4317.05, 4138.46
4347.69, 4138.97
4347.78, 4140
4347.81, 4138.97
4347.84, 4136.92
4378.68, 4138.46
4378.76, 4139.49
4378.79, 4137.44
4378.82, 4135.38
4411.01, 4135.9
4411.09, 4137.95
4411.13, 4139.49
4411.16, 4140
4442.09, 4139.49
4442.17, 4140
4442.2, 4141.03
4442.23, 4138.46
4473.3, 4138.97
4473.48, 4143.08
4473.6, 4142.56
4473.69, 4141.03
4503.62, 4141.54
4503.73, 4140
4503.81, 4138.97
4503.87, 4138.97
4535.91, 4133.85
4536.05, 4130.26
4536.09, 4134.36
4536.14, 4137.95
4566.74, 4136.92
4566.85, 4136.92
4566.91, 4133.85
4566.95, 4128.72
4597.96, 4127.69
4598.05, 4133.33
4598.08, 4143.08
4598.11, 4143.59
4628.98, 4138.97
4629.06, 4143.08
4629.09, 4145.64
4629.12, 4141.03
4661.08, 4140
4661.39, 4141.54
4661.47, 4137.44
4661.52, 4137.95
4691.99, 4143.59
4692.08, 4142.56
4692.12, 4137.95
4692.16, 4138.97
4722.67, 4143.08
4722.78, 4141.03
4722.83, 4141.03
4722.88, 4145.13
4754.98, 4146.15
4755.06, 4145.13
4755.09, 4144.1
4755.12, 4142.05
4785.65, 4141.54
4785.72, 4143.59
4785.84, 4143.59
4785.89, 4143.59
4816.86, 4145.13
4816.94, 4144.1
4816.97, 4141.54
4817, 4141.03
4847.59, 4141.54
4847.68, 4142.56
4847.71, 4144.1
4847.75, 4143.59
4880.04, 4143.59
4880.26, 4142.05
4880.36, 4140.51
4880.43, 4148.72
4910.95, 4158.46
4911.03, 4158.46
4911.06, 4156.41
4911.09, 4153.33
4941.99, 4148.72
4942.07, 4150.77
4942.1, 4153.33
4942.13, 4151.28
4973.72, 4150.77
4973.8, 4151.28
4973.83, 4145.64
4973.86, 4144.62
5005.07, 4150.26
5005.15, 4149.23
5005.18, 4147.69
5005.21, 4153.33
5035.94, 4155.38
5036.03, 4153.33
5036.07, 4152.82
5036.1, 4150.26
5066.81, 4148.21
5066.92, 4149.23
5066.97, 4150.26
5067.02, 4149.74
5099.13, 4151.28
5099.23, 4152.82
5099.26, 4149.23
5099.29, 4144.1
5129.84, 4143.08
5129.92, 4140
5129.95, 4134.36
5129.98, 4140
5160.75, 4150.77
5160.83, 4147.69
5160.86, 4138.97
5160.89, 4137.95
5193, 4140.51
5193.09, 4139.49
5193.12, 4131.79
5193.15, 4120
5223.94, 4112.31
5224.03, 4105.13
5224.08, 4096.41
5224.13, 4090.77
5254.94, 4091.79, estimuli
5255.09, 4098.97
5255.13, 4102.56
5255.17, 4098.97
5286.28, 4098.97
5286.42, 4107.69
5286.5, 4113.33
5286.55, 4111.28
5318.07, 4112.31
5318.16, 4119.49
5318.19, 4121.03
5318.22, 4116.92
5348.99, 4117.44
5349.09, 4120.51
5349.13, 4121.03
5349.17, 4120.51
5379.8, 4122.05
5379.87, 4123.59
5379.9, 4123.08
5379.93, 4121.54
5410.66, 4123.08
5410.74, 4127.18
5410.78, 4126.15
5410.81, 4126.67
5442.75, 4128.21
5442.9, 4126.67
5442.93, 4127.18
5443, 4127.69
5473.9, 4126.15
5473.97, 4128.21
5474, 4130.26
5474.03, 4128.72
5505.13, 4127.18
5505.22, 4127.18
5505.27, 4130.26
5505.31, 4132.82
5536.88, 4130.26
5537, 4130.26
5537.04, 4129.74
5537.08, 4128.72
5567.81, 4132.31
5567.88, 4134.36
5567.92, 4134.87
5567.95, 4136.41
5599.02, 4136.92
5599.09, 4134.87
5599.12, 4133.85
5599.15, 4134.36
5629.86, 4135.9
5629.94, 4135.38
5629.97, 4135.9
5630, 4136.41
5661.85, 4136.41
5661.96, 4137.95
5661.99, 4137.44
5662.02, 4132.82
5692.75, 4133.85
5692.82, 4136.92
5692.86, 4136.41
5692.89, 4136.92
5724.13, 4138.97
5724.29, 4136.92
5724.36, 4138.46
5724.41, 4140.51
5755, 4137.95
5755.09, 4137.44
5755.14, 4139.49
5755.17, 4141.54
5786.78, 4141.03
5786.87, 4139.49
5786.9, 4141.03
5786.93, 4142.05
5818.24, 4138.97
5818.37, 4136.92
5818.43, 4141.54
5818.47, 4144.1
5848.79, 4141.54
5848.86, 4142.05
5848.89, 4144.1
5848.92, 4142.56
5880.86, 4136.92
5880.95, 4140
5881.01, 4148.21
5881.06, 4141.54
5911.86, 4126.15
5911.94, 4122.05
5911.97, 4132.82
5912, 4146.15
5943.18, 4150.77
5943.3, 4155.9
5943.37, 4162.05
5943.42, 4147.69
5974.04, 4123.08
5974.13, 4114.87
5974.16, 4121.03
5974.19, 4138.97
6005.82, 4154.36
6005.91, 4162.56
6005.95, 4165.13
6005.99, 4145.64
6036.72, 4118.46
6036.86, 4114.36
6036.9, 4125.64
6036.93, 4144.62
6068.16, 4158.97
6068.26, 4160
6068.32, 4160.51
6068.37, 4147.69
6099.87, 4122.56
6099.94, 4117.95
6099.97, 4129.74
6100, 4142.56
6131.16, 4146.67
6131.29, 4140.51
6131.35, 4137.95
6131.41, 4127.69
6162.15, 4105.13
6162.22, 4099.49
6162.25, 4111.28
6162.28, 4128.72
6192.91, 4141.03
6193.01, 4148.72
6193.06, 4154.36
6193.11, 4136.41
6224.99, 4110.77
6225.09, 4112.82
6225.13, 4124.1
6225.18, 4132.82
6256.03, 4146.15
6256.1, 4152.82
6256.14, 4152.31
6256.17, 4140
6287.08, 4119.49
6287.21, 4113.85
6287.27, 4122.56
6287.32, 4135.38
6318.09, 4147.18
6318.19, 4152.82
6318.24, 4153.33
6318.3, 4140.51
6350.17, 4115.38
6350.28, 4109.74
6350.32, 4124.62
6350.36, 4141.54
6380.9, 4148.72
6380.98, 4149.23
6381.01, 4151.28
6381.04, 4141.03
6411.9, 4119.49
6411.99, 4115.38
6412.03, 4127.18
6412.07, 4141.54
6443.72, 4152.82
6443.81, 4160
6443.85, 4159.49
6443.88, 4141.54
6474.83, 4119.49
6474.91, 4116.41
6474.94, 4125.13
6474.97, 4138.46
6506.11, 4151.79
6506.19, 4155.9
6506.22, 4154.36
6506.25, 4140.51
6539.48, 4121.03
6539.59, 4117.44
6539.63, 4128.72
6539.67, 4144.62
6568.89, 4154.36
6568.97, 4157.95
6569, 4160.51
6569.03, 4148.21
6599.8, 4124.1
6599.9, 4116.92
6599.94, 4131.79
6599.98, 4149.74
6630.84, 4155.38
6630.93, 4154.36
6630.96, 4157.95
6630.99, 4146.67
6663, 4122.56
6663.08, 4118.46
6663.12, 4130.26
6663.16, 4144.62
6693.98, 4153.33
6694.08, 4157.95
6694.12, 4161.03
6694.16, 4146.15
6724.82, 4121.54
6724.92, 4118.46
6724.97, 4132.31
6725.01, 4146.67
6756.31, 4155.38
6756.45, 4157.95
6756.52, 4158.46
6756.6, 4146.67
6787.97, 4123.08
6788.11, 4117.95
6788.17, 4132.31
6788.23, 4144.62
6818.78, 4149.74
6818.87, 4152.82
6818.9, 4154.87
6818.93, 4143.59
6850.15, 4126.15
6850.29, 4124.62
6850.35, 4133.33
6850.41, 4144.62
6881.97, 4154.36
6882.04, 4157.44
6882.07, 4154.87
6882.1, 4141.03
6913.01, 4132.82
6913.08, 4146.67
6913.11, 4147.18
6913.14, 4133.33
6943.71, 4142.05
6943.82, 4150.77
6943.86, 4140.51
6943.91, 4138.46
6974.83, 4145.13
6974.9, 4144.62
6974.94, 4143.08
6974.97, 4144.62
7007, 4145.64
7007.09, 4145.13
7007.13, 4144.1
7007.16, 4142.05
7038.06, 4144.62
7038.17, 4148.72
7038.21, 4146.67
7038.25, 4143.59
7068.96, 4145.13
7069.07, 4145.64
7069.13, 4144.1
7069.17, 4144.62
7100.22, 4145.64
7100.32, 4143.59
7100.37, 4144.1
7100.41, 4145.64
7131.76, 4145.64
7131.85, 4146.15
7131.9, 4147.18
7131.94, 4143.08
7162.93, 4145.13
7163.04, 4152.31
7163.08, 4149.74
7163.12, 4149.23
7194.1, 4153.85
7194.21, 4150.77
7194.25, 4148.21
7194.29, 4152.31
7226.01, 4148.72
7226.19, 4143.59
7226.25, 4147.18
7226.29, 4146.15
7256.87, 4143.08
7256.98, 4149.23
7257.03, 4149.74
7257.09, 4145.64
7288.04, 4149.74
7288.13, 4153.85
7288.16, 4149.23
7288.19, 4143.59
7319.07, 4145.13
7319.17, 4151.79
7319.21, 4152.82
7319.26, 4149.23
7350.86, 4148.72
7350.97, 4149.74
7351.02, 4151.79
7351.06, 4153.33
7382.11, 4151.79
7382.27, 4151.79
7382.34, 4152.31
7382.53, 4151.79
7413.01, 4151.28
7413.1, 4151.28
7413.15, 4151.28
7413.2, 4150.26
7444.89, 4149.74
7444.98, 4149.74
7445.03, 4148.72
7445.07, 4148.21
7475.84, 4149.74
7475.95, 4151.28
7475.99, 4151.79
7476.03, 4152.31
7506.91, 4150.26
7506.99, 4150.26
7507.02, 4150.26
7507.05, 4148.72
7538.08, 4150.77
7538.2, 4149.23
7538.24, 4144.1
7538.29, 4146.67
7570.11, 4150.26
7570.23, 4149.23
7570.27, 4149.74
7570.32, 4150.26
7601.27, 4149.23
7601.38, 4151.28
7601.47, 4152.31
7601.51, 4151.28
7631.99, 4152.31
7632.09, 4152.31
7632.14, 4149.23
7632.18, 4150.26
7662.92, 4150.26
7663.04, 4145.64
7663.09, 4145.64
7663.12, 4148.21
7694.72, 4146.15
7694.89, 4147.18
7694.97, 4151.79
7695.01, 4151.28
7725.71, 4150.26
7725.8, 4150.77
7725.84, 4150.26
7725.87, 4151.28
7756.86, 4150.77
7756.94, 4148.72
7756.97, 4149.74
7757, 4151.28
7788.84, 4147.69
7788.92, 4144.62
7788.95, 4145.64
7788.98, 4148.21
7820.03, 4146.67
7820.14, 4142.56
7820.21, 4145.13
7820.27, 4145.13
7850.57, 4142.05
7850.64, 4146.67
7850.67, 4148.72
7850.7, 4141.54
7881.71, 4141.54
7881.8, 4145.64
7881.84, 4138.97
7881.87, 4135.38
7914.02, 4140.51
7914.11, 4140
7914.14, 4137.44
7914.17, 4136.41
7944.97, 4129.74
7945.04, 4127.18
7945.07, 4133.33
7945.1, 4132.82
7975.91, 4127.18
7975.98, 4133.33
7976.02, 4141.03
7976.04, 4136.92
8009.03, 4134.87
8009.16, 4139.49
8009.23, 4140.51
8009.29, 4137.95
8039.28, 4138.46
8039.36, 4141.54
8039.39, 4141.03
8039.42, 4137.95
8069.75, 4137.95
8069.85, 4143.59
8069.9, 4144.62
8069.95, 4142.05
8100.76, 4145.13
8100.84, 4145.64
8100.87, 4143.08
8100.9, 4145.13
8132.71, 4146.67
8132.8, 4146.15
8132.83, 4146.15
8132.86, 4145.13
8163.86, 4147.18
8163.93, 4150.77
8163.97, 4149.74
8163.99, 4149.23
8194.82, 4151.28
8194.91, 4151.79
8194.94, 4150.77
8194.97, 4148.21
8225.87, 4148.72
8225.96, 4148.72
8225.99, 4146.15
8226.02, 4147.18
8257.81, 4152.31
8257.89, 4152.31
8257.92, 4149.74
8257.95, 4149.23
8288.89, 4149.74
8288.97, 4151.28
8289, 4152.82
8289.03, 4150.77
8319.91, 4150.26
8320.02, 4150.26
8320.07, 4149.23
8320.12, 4145.64
8351.87, 4143.59
8351.95, 4146.15
8351.98, 4149.74
8352.01, 4149.23
8383.1, 4145.64
8383.21, 4146.67
8383.28, 4149.23
8383.34, 4147.18
8413.99, 4146.15
8414.11, 4147.18
8414.14, 4144.1
8414.17, 4144.62
8445.01, 4147.69
8445.09, 4144.62
8445.12, 4146.15
8445.15, 4151.28
8477.04, 4149.23
8477.12, 4144.1
8477.16, 4144.1
8477.19, 4145.13
8508.06, 4142.05
8508.16, 4141.54
8508.21, 4146.15
8508.26, 4145.13
8539.08, 4138.46
8539.15, 4137.95
8539.19, 4135.38
8539.22, 4129.23
8571.05, 4134.36
8571.16, 4140
8571.21, 4136.92
8571.25, 4135.9
8602, 4137.44
8602.11, 4135.9
8602.17, 4134.36
8602.22, 4133.85
8633.04, 4133.33
8633.22, 4134.36
8633.27, 4135.38
8633.32, 4135.9
8663.81, 4138.46
8663.91, 4137.44
8663.96, 4134.36
8664.01, 4135.9
8695.65, 4139.49
8695.75, 4140.51
8695.79, 4138.46
8695.83, 4141.03
8726.96, 4143.59
8727.07, 4139.49
8727.11, 4137.44
8727.16, 4140
8757.92, 4142.56
8757.99, 4141.54
8758.03, 4142.56
8758.06, 4144.62
8789.99, 4143.59
8790.07, 4144.1
8790.1, 4144.1
8790.13, 4141.54
8821.19, 4143.08
8821.29, 4144.1
8821.34, 4144.1
8821.38, 4145.13
8852.23, 4144.62
8852.38, 4144.62
8852.47, 4146.15
8852.53, 4145.64
8882.77, 4143.59
8882.87, 4143.59
8882.92, 4143.59
8882.98, 4143.08
8915.05, 4144.1
8915.15, 4144.62
8915.2, 4143.59
8915.25, 4141.54
8945.89, 4143.08
8946, 4146.15
8946.05, 4146.67
8946.1, 4143.08
8976.68, 4143.08
8976.8, 4148.72
8976.86, 4148.72
8976.9, 4144.62
9007.92, 4147.69
9008.03, 4149.23
9008.08, 4147.18
9008.12, 4147.69
9039.98, 4147.18
9040.09, 4147.69
9040.14, 4149.74
9040.19, 4148.72
9070.93, 4146.15
9071.1, 4144.1
9071.14, 4143.59
9071.17, 4143.08
9101.91, 4138.97
9101.99, 4136.41
9102.02, 4140
9102.05, 4143.59
9133.97, 4143.59
9134.07, 4139.49
9134.11, 4131.79
9134.15, 4124.62
9164.88, 4123.59, estimuli
9164.97, 4119.49
9165, 4109.74
9165.03, 4104.62
9196.08, 4103.08
9196.18, 4100.51
9196.23, 4098.46
9196.28, 4098.97
9226.98, 4099.49
9227.09, 4103.59
9227.14, 4108.72
9227.19, 4106.67
9259.13, 4107.18
9259.26, 4111.28
9259.32, 4109.74
9259.37, 4109.23
9289.97, 4111.28
9290.05, 4110.26
9290.09, 4111.28
9290.12, 4113.33
9321.06, 4113.33
9321.17, 4116.92
9321.22, 4120
9321.26, 4120.51
9352.11, 4120.51
9352.18, 4118.97
9352.22, 4119.49
9352.25, 4120.51
9383.71, 4121.03
9383.8, 4123.08
9383.84, 4122.56
9383.87, 4121.03
9414.9, 4123.59
9415.01, 4125.13
9415.06, 4123.08
9415.1, 4124.62
9445.83, 4125.13
9445.93, 4122.56
9445.96, 4124.1
9446, 4123.59
9478.5, 4125.13
9478.59, 4131.28
9478.62, 4130.26
9478.65, 4127.18
9508.96, 4129.74
9509.06, 4131.79
9509.1, 4132.31
9509.14, 4132.82
9540.01, 4128.72
9540.11, 4130.77
9540.16, 4133.33
9540.2, 4128.72
9571.01, 4132.31
9571.09, 4138.46
9571.12, 4136.92
9571.15, 4135.38
9602.74, 4137.95
9602.89, 4137.95
9602.95, 4135.9
9602.99, 4135.38
9633.85, 4133.33
9633.94, 4131.79
9633.99, 4132.82
9634.05, 4135.9
9665.1, 4136.92
9665.21, 4135.9
9665.27, 4137.44
9665.33, 4138.97
9696.92, 4138.97
9697.01, 4140
9697.06, 4140.51
9697.11, 4138.97
9727.82, 4137.44
9727.93, 4136.92
9727.98, 4136.92
9728.02, 4138.46
9758.88, 4138.97
9759, 4136.92
9759.05, 4136.41
9759.1, 4137.95
9789.94, 4134.36
9790.03, 4135.9
9790.08, 4143.08
9790.13, 4135.9
9821.95, 4123.59
9822.04, 4122.56
9822.07, 4127.18
9822.1, 4140
9852.98, 4151.28
9853.07, 4154.87
9853.11, 4159.49
9853.15, 4149.74
9883.96, 4125.13
9884.07, 4113.33
9884.12, 4124.62
9884.17, 4144.62
9914.86, 4154.36
9914.94, 4158.46
9914.97, 4158.46
9915, 4144.1
9946.91, 4121.54
9947, 4114.87
9947.05, 4124.62
9947.09, 4142.05
9977.9, 4154.87
9977.98, 4156.92
9978.02, 4157.44
9978.05, 4144.1
10009, 4119.49
10009.1, 4115.38
10009.1, 4128.21
10009.2, 4144.62
10040.7, 4153.85
10040.8, 4157.95
10040.9, 4163.08
10040.9, 4147.69
10071.9, 4117.95
10071.9, 4113.85
10072, 4129.23
10072, 4143.59
10103.1, 4152.82
10103.2, 4156.92
10103.3, 4161.03
10103.3, 4148.72
10133.7, 4123.08
10133.8, 4118.46
10133.9, 4131.28
10133.9, 4144.62
10165.9, 4155.38
10166, 4160
10166, 4160.51
10166.1, 4148.21
10196.8, 4125.64
10196.9, 4120
10197, 4130.77
10197, 4146.15
10227.9, 4155.9
10228, 4160
10228, 4164.1
10228.1, 4150.77
10260, 4126.15
10260.1, 4120
10260.1, 4129.23
10260.2, 4146.67
10291, 4159.49
10291.2, 4161.03
10291.3, 4160
10291.3, 4148.72
10322.2, 4125.64
10322.3, 4120
10322.3, 4131.79
10322.4, 4146.67
10352.7, 4157.44
10352.8, 4160
10352.8, 4162.05
10352.9, 4150.77
10384.7, 4126.15
10384.8, 4121.54
10384.8, 4138.97
10384.8, 4154.87
10416, 4157.44
10416.1, 4158.46
10416.1, 4165.13
10416.2, 4155.38
10446.8, 4128.72
10447, 4120
10447, 4134.87
10447.1, 4151.28
10478.1, 4156.41
10478.2, 4157.95
10478.3, 4160
10478.4, 4149.74
10510.5, 4129.74
10510.6, 4125.13
10510.6, 4135.9
10510.7, 4151.79
10541, 4161.54
10541.2, 4161.03
10541.2, 4161.03
10541.3, 4150.26
10571.7, 4127.18
10571.8, 4122.05
10571.9, 4137.95
10571.9, 4155.38
10603.7, 4161.54
10603.8, 4161.03
10603.9, 4162.05
10604, 4150.77
10634.8, 4130.77
10634.9, 4126.67
10634.9, 4134.36
10634.9, 4145.13
10666.1, 4156.41
10666.2, 4160
10666.2, 4161.54
10666.3, 4153.85
10696.7, 4133.33
10696.8, 4125.64
10696.8, 4134.36
10696.9, 4147.69
10729, 4157.44
10729.1, 4163.08
10729.2, 4165.13
10729.2, 4150.77
10760, 4129.23
10760.1, 4127.69
10760.1, 4138.97
10760.2, 4150.26
10791, 4160.51
10791.1, 4165.64
10791.1, 4162.56
10791.2, 4148.21
10822.9, 4138.97
10823, 4151.28
10823, 4151.28
10823, 4139.49
10854, 4148.21
10854.5, 4156.41
10854.6, 4147.69
10854.7, 4145.64
10885, 4151.79
10885.1, 4151.79
10885.2, 4149.23
10885.2, 4149.23
10916.3, 4152.31
10916.6, 4152.31
10916.6, 4147.69
10916.7, 4146.67
10947.9, 4152.31
10948, 4152.82
10948.1, 4147.18
10948.1, 4148.21
10978.9, 4152.31
10978.9, 4151.28
10979, 4149.23
10979, 4149.74
11010, 4149.74
11010.1, 4150.26
11010.1, 4151.79
11010.2, 4149.74
11040.9, 4149.74
11041, 4150.77
11041, 4149.74
11041, 4151.28
11073, 4151.79
11073, 4149.23
11073.1, 4149.23
11073.1, 4149.74
11104.1, 4149.74
11104.2, 4151.79
11104.3, 4154.87
11104.3, 4153.85
11139.1, 4150.26
11139.2, 4148.21
11139.2, 4149.74
11139.3, 4153.85
11167.2, 4154.87
11167.3, 4151.79
11167.3, 4151.79
11167.4, 4153.85
11197.8, 4152.31
11197.9, 4150.77
11198, 4151.79
11198, 4151.28
11229.1, 4149.74
11229.1, 4149.23
11229.2, 4150.26
11229.2, 4150.26
11259.9, 4151.79
11260, 4153.33
11260.1, 4152.82
11260.1, 4150.77
11291.8, 4150.26
11291.8, 4151.79
11291.9, 4150.77
11291.9, 4149.23
11322.7, 4151.28
11322.8, 4153.85
11322.8, 4149.74
11322.9, 4146.67
11354.2, 4148.72
11354.4, 4147.18
11354.5, 4140.51
11354.5, 4140.51
11385.7, 4145.13
11385.7, 4145.64
11385.8, 4146.15
11385.8, 4144.62
11416.6, 4140.51
11416.6, 4138.97
11416.7, 4137.44
11416.7, 4135.9
11447.7, 4139.49
11447.8, 4140
11447.8, 4137.95
11447.9, 4136.41
11478.7, 4137.44
11478.8, 4132.82
11478.9, 4127.18
11478.9, 4131.28
11511.2, 4140
11511.3, 4141.54
11511.3, 4137.44
11511.4, 4140
11541.9, 4145.64
11542, 4146.15
11542, 4143.59
11542.1, 4142.05
11573.1, 4141.03
11573.2, 4138.97
11573.2, 4138.97
11573.3, 4144.62
11603.8, 4149.23
11603.9, 4146.67
11604, 4144.62
11604.1, 4148.72
11635.7, 4150.77
11635.7, 4147.69
11635.8, 4147.18
11635.8, 4148.21
11666.6, 4148.72
11666.7, 4149.23
11666.8, 4149.23
11666.9, 4150.77
11697.8, 4152.82
11697.9, 4152.82
11698, 4150.77
11698, 4150.26
11729.7, 4151.28
11729.8, 4150.26
11729.8, 4149.23
11729.8, 4150.26
11760.9, 4151.28
11761, 4152.82
11761, 4152.31
11761, 4152.31
11792.2, 4154.36
11792.3, 4153.33
11792.4, 4152.82
11792.4, 4152.31
11823.1, 4152.31
11823.2, 4153.33
11823.2, 4153.33
11823.2, 4153.33
11854.9, 4151.79
11855, 4153.33
11855.1, 4153.85
11855.1, 4152.31
11885.9, 4152.82
11886, 4154.36
11886, 4151.79
11886, 4149.23
11916.6, 4152.82
11916.7, 4156.41
11916.7, 4154.87
11916.8, 4152.82
11948.9, 4153.33
11949, 4154.87
11949, 4154.36
11949, 4151.79
11979.8, 4151.28
11979.8, 4152.31
11979.9, 4150.26
11979.9, 4148.72
12011.2, 4150.77
12011.4, 4151.28
12011.4, 4150.77
12011.5, 4152.82
12042.2, 4154.36
12042.3, 4153.33
12042.3, 4153.85
12042.4, 4154.87
12073.9, 4153.33
12073.9, 4151.28
12074, 4152.31
12074, 4152.31
12104.9, 4152.82
12105, 4154.87
12105, 4154.87
12105.1, 4152.82
12136.4, 4151.79
12136.5, 4152.31
12136.6, 4152.82
12136.7, 4154.36
12168, 4155.38
12168.1, 4153.33
12168.2, 4151.79
12168.2, 4152.82
12199.1, 4152.82
12199.2, 4150.77
12199.3, 4150.26
12199.3, 4154.36
12230, 4155.38
12230.1, 4152.31
12230.2, 4151.28
12230.2, 4152.31
12260.7, 4153.85
12260.8, 4154.87
12260.9, 4153.85
12260.9, 4152.31
12292.8, 4152.82
12292.9, 4154.36
12293, 4152.82
12293, 4152.31
12323.9, 4154.87
12323.9, 4155.9
12324, 4156.92
12324, 4157.95
12354.9, 4155.38
12355, 4154.36
12355, 4154.36
12355, 4152.31
12385.8, 4151.79
12385.9, 4153.33
12385.9, 4154.36
12385.9, 4154.36
12418.2, 4155.38
12418.4, 4156.92
12418.4, 4156.41
12418.5, 4154.87
12449.1, 4155.38
12449.2, 4154.87
12449.2, 4152.31
12449.2, 4152.82
12480, 4153.85
12480.1, 4153.33
12480.1, 4155.38
12480.1, 4157.44
12512.1, 4155.9
12512.2, 4153.85
12512.2, 4154.87
12512.2, 4157.44
12542.8, 4157.95
12542.9, 4154.36
12542.9, 4155.38
12542.9, 4160.51
12573.9, 4156.41
12574, 4149.74
12574, 4153.33
12574.1, 4156.41
12604.9, 4152.82
12605, 4149.74
12605, 4151.28
12605.1, 4153.33
12637.2, 4153.33
12637.3, 4153.33
12637.3, 4152.82
12637.4, 4153.33
12667.8, 4153.85
12667.8, 4152.82
12667.9, 4154.87
12667.9, 4155.9
12698.7, 4153.85
12698.8, 4153.85
12698.8, 4154.87
12698.9, 4152.82
12730.7, 4150.77
12730.8, 4152.31
12730.8, 4152.82
12730.8, 4151.28
12761.8, 4151.79
12761.9, 4154.36
12762, 4155.38
12762, 4152.82
12792.9, 4153.85
12793, 4156.41
12793, 4153.33
12793, 4152.82
12823.9, 4157.44
12824, 4154.87
12824, 4151.28
12824.1, 4156.41
12856, 4155.9
12856.1, 4151.28
12856.1, 4152.31
12856.2, 4150.26
12886.6, 4148.21
12886.7, 4152.31
12886.7, 4153.33
12886.8, 4150.77
12917.7, 4151.79
12917.8, 4150.26
12917.8, 4143.59
12917.9, 4138.46
12948.8, 4136.92
12948.8, 4138.97
12948.9, 4144.1
12948.9, 4148.21
12980.7, 4149.74
12980.8, 4149.74
12980.8, 4149.74
12980.8, 4146.67
13011.8, 4143.59
13011.9, 4147.18
13011.9, 4150.77
13012, 4149.74
13043, 4150.26
13043.1, 4153.33
13043.2, 4156.41
13043.3, 4155.9
13074.9, 4155.38
13075, 4156.41
13075, 4154.36
13075, 4155.9
13105.8, 4160
13105.9, 4157.44
13105.9, 4154.36
13106, 4156.41
13136.8, 4157.95
13136.9, 4158.46
13136.9, 4157.44
13137, 4154.87
13167.7, 4154.87
13167.8, 4157.44
13167.8, 4158.97
13167.8, 4160.51
13200.2, 4161.54
13200.3, 4160.51
13200.3, 4157.95
13200.4, 4158.97
13231.1, 4161.54
13231.2, 4158.46
13231.2, 4154.36
13231.2, 4155.9
13262.1, 4158.46
13262.2, 4156.92
13262.2, 4158.46
13262.3, 4161.54
13293.9, 4157.44
13294, 4153.33
13294.1, 4156.41
13294.2, 4158.97
13325.3, 4158.46
13325.4, 4156.41
13325.5, 4156.92
13325.5, 4157.95
13356.3, 4156.92
13356.4, 4155.38
13356.5, 4156.41
13356.5, 4156.92
13387.1, 4158.46
13387.2, 4158.46
13387.3, 4155.9
13387.4, 4154.87
13419.1, 4153.85
13419.2, 4153.33
13419.2, 4153.33
13419.3, 4152.31
13449.9, 4154.36
13450, 4155.9
13450.1, 4155.38
13450.2, 4155.9
13481.1, 4158.46
13481.2, 4157.44
13481.3, 4155.9
13481.3, 4157.44
13512.1, 4155.38
13512.2, 4152.31
13512.3, 4153.33
13512.3, 4151.28
13544.3, 4149.74
13544.4, 4152.82
13544.5, 4150.77
13544.6, 4142.56
13575.3, 4138.46
13575.4, 4136.41
13575.5, 4129.74
13575.5, 4125.13
13605.9, 4119.49
13606, 4110.77
13606, 4105.13
13606.1, 4104.62
13638.1, 4104.62, estimuli
13638.2, 4104.1
13638.3, 4104.62
13638.3, 4105.64
13669.3, 4107.69
13669.4, 4110.26
13669.4, 4112.31
13669.5, 4110.26
13700.1, 4111.28
13700.2, 4114.87
13700.3, 4114.87
13700.3, 4115.9
13731.3, 4118.97
13731.4, 4118.46
13731.5, 4120.51
13731.5, 4124.62
13763.3, 4123.08
13763.4, 4123.59
13763.5, 4129.23
13763.5, 4129.23
13794, 4125.64
13794.1, 4128.72
13794.2, 4131.28
13794.2, 4130.26
13825.2, 4133.33
13825.3, 4135.9
13825.3, 4134.87
13825.4, 4137.95
13857.2, 4138.46
13857.3, 4135.9
13857.3, 4136.41
13857.4, 4137.44
13888.4, 4136.92
13888.5, 4136.92
13888.5, 4138.46
13888.6, 4138.97
13919.2, 4137.95
13919.3, 4137.95
13919.3, 4139.49
13919.4, 4138.97
13950.3, 4136.41
13950.4, 4136.92
13950.4, 4138.97
13950.5, 4138.97
13982.2, 4140.51
13982.3, 4140
13982.3, 4140.51
13982.3, 4143.08
14013.3, 4143.08
14013.4, 4141.54
14013.4, 4140
14013.5, 4140.51
14044.2, 4142.05
14044.3, 4143.08
14044.4, 4144.1
14044.4, 4144.1
14075.2, 4144.1
14075.3, 4144.62
14075.4, 4144.1
14075.5, 4144.1
14107.2, 4143.59
14107.4, 4140.51
14107.4, 4141.03
14107.5, 4143.08
14138.1, 4144.1
14138.2, 4144.1
14138.2, 4144.1
14138.2, 4146.15
14168.6, 4147.18
14168.7, 4143.59
14168.8, 4141.54
14168.8, 4144.1
14200.6, 4146.15
14200.7, 4145.64
14200.8, 4143.08
14200.8, 4144.1
14231.8, 4148.72
14231.9, 4148.72
14231.9, 4151.79
14231.9, 4152.82
14262.8, 4146.15
14262.8, 4152.31
14262.9, 4159.49
14262.9, 4144.62
14294.1, 4132.31
14294.2, 4138.46
14294.2, 4148.72
14294.3, 4160.51
14325.9, 4166.67
14326, 4170.77
14326.1, 4169.23
14326.1, 4147.18
14356.9, 4124.62
14356.9, 4123.08
14357, 4139.49
14357, 4161.03
14387.7, 4169.74
14387.8, 4170.26
14387.8, 4168.21
14387.9, 4147.18
14419.9, 4125.13
14420, 4127.18
14420.1, 4141.03
14420.1, 4160
14450.9, 4169.74
14451, 4168.72
14451, 4165.13
14451, 4144.1
14482, 4126.15
14482, 4131.79
14482.1, 4144.1
14482.2, 4159.49
14512.8, 4171.28
14512.9, 4171.79
14513, 4165.13
14513, 4144.1
14544.8, 4128.72
14544.9, 4133.33
14544.9, 4146.67
14544.9, 4163.08
14576.2, 4174.36
14576.3, 4175.38
14576.4, 4169.23
14576.4, 4147.18
14606.9, 4127.69
14607, 4130.26
14607.1, 4146.15
14607.1, 4163.08
14638, 4169.74
14638.1, 4172.31
14638.1, 4170.26
14638.2, 4148.21
14669.9, 4127.18
14670, 4130.26
14670.1, 4147.69
14670.1, 4165.13
14701.2, 4170.77
14701.4, 4167.18
14701.5, 4167.18
14701.5, 4150.26
14732, 4127.69
14732.1, 4135.9
14732.1, 4155.9
14732.2, 4165.64
14764, 4169.74
14764.1, 4173.85
14764.2, 4171.28
14764.2, 4151.79
14794.9, 4134.36
14795, 4137.95
14795, 4151.79
14795.1, 4163.59
14825.7, 4170.77
14825.8, 4173.85
14825.8, 4172.31
14825.9, 4151.79
14856.8, 4133.85
14856.9, 4140.51
14856.9, 4153.33
14857, 4161.54
14888.8, 4168.21
14888.9, 4172.31
14889, 4165.64
14889, 4144.62
14920.1, 4129.74
14920.3, 4133.85
14920.3, 4145.64
14920.4, 4161.54
14950.8, 4170.77
14950.8, 4169.74
14950.9, 4166.15
14950.9, 4148.21
14982.7, 4132.31
14982.8, 4136.92
14982.8, 4152.31
14982.9, 4166.67
15013.8, 4173.85
15013.9, 4175.9
15013.9, 4171.28
15013.9, 4154.36
15044.8, 4137.95
15044.9, 4138.97
15044.9, 4153.33
15044.9, 4168.72
15075.9, 4173.33
15075.9, 4173.33
15076, 4172.82
15076, 4154.87
15107.8, 4133.85
15107.9, 4134.87
15108, 4150.77
15108, 4165.64
15139.1, 4169.74
15139.2, 4170.77
15139.3, 4170.77
15139.3, 4151.79
15170, 4131.28
15170.2, 4136.41
15170.2, 4152.82
15170.2, 4163.08
15200.9, 4166.67
15201, 4170.77
15201, 4170.26
15201.1, 4151.79
15232.9, 4133.85
15233, 4139.49
15233, 4155.38
15233, 4165.64
15263.7, 4171.28
15263.8, 4174.36
15263.8, 4165.64
15263.9, 4148.72
15294.7, 4151.28
15294.8, 4162.56
15294.8, 4151.79
15294.9, 4146.67
15327, 4164.1
15327.1, 4164.62
15327.2, 4154.36
15327.2, 4157.44
15357.7, 4160
15357.8, 4157.95
15357.9, 4157.44
15357.9, 4157.44
15389.1, 4155.38
15389.2, 4154.87
15389.3, 4155.9
15389.3, 4153.85
15419.7, 4154.36
15419.8, 4157.95
15419.8, 4157.95
15419.9, 4156.92
15451.9, 4158.97
15452, 4162.05
15452, 4159.49
15452, 4156.92
15482.7, 4159.49
15482.8, 4158.97
15482.8, 4160.51
15482.9, 4161.03
15513.7, 4158.97
15513.9, 4160
15514, 4162.05
15514, 4160
15546.2, 4158.97
15546.4, 4161.03
15546.4, 4160.51
15546.5, 4159.49
15576.9, 4160
15577, 4158.46
15577, 4157.44
15577, 4160.51
15607.9, 4163.08
15608, 4161.54
15608, 4160
15608.1, 4160
15639, 4160.51
15639.1, 4160
15639.1, 4159.49
15639.2, 4160.51
15670.8, 4158.46
15671, 4156.41
15671, 4163.08
15671.1, 4167.69
15701.8, 4161.54
15701.9, 4157.95
15701.9, 4161.03
15702, 4161.03
15732.9, 4157.44
15732.9, 4158.97
15733, 4161.54
15733, 4160.51
15763.8, 4159.49
15763.9, 4160
15764, 4162.05
15764, 4162.05
15795.8, 4160
15795.9, 4159.49
15795.9, 4160.51
15795.9, 4160
15826.7, 4158.46
15826.8, 4159.49
15826.8, 4160.51
15826.9, 4160
15857.8, 4157.44
15857.9, 4157.95
15858, 4160.51
15858, 4161.03
15890, 4160
15890.1, 4161.54
15890.1, 4161.03
15890.1, 4157.44
15920.6, 4157.44
15920.7, 4160
15920.7, 4161.03
15920.8, 4160.51
15952.2, 4158.46
15952.3, 4160
15952.4, 4161.54
15952.5, 4157.95
15982.9, 4158.97
15983, 4162.05
15983, 4160.51
15983, 4161.54
16015, 4163.59
16015.2, 4162.56
16015.2, 4161.54
16015.3, 4163.08
16045.8, 4160.51
16045.9, 4158.97
16046, 4161.54
16046, 4162.56
16076.7, 4160
16076.8, 4158.97
16076.9, 4160.51
16076.9, 4162.05
16108.9, 4162.05
16108.9, 4160.51
16109, 4160
16109, 4160.51
16139.9, 4159.49
16140, 4158.97
16140, 4160
16140.1, 4161.54
16171.2, 4160.51
16171.4, 4160
16171.5, 4160
16171.5, 4157.44
16201.8, 4158.97
16201.9, 4163.08
16201.9, 4161.03
16202, 4160
16233.7, 4163.08
16233.8, 4162.05
16233.8, 4159.49
16233.9, 4160.51
16264.9, 4161.03
16264.9, 4159.49
16265, 4162.05
16265, 4163.59
16295.8, 4160
16295.9, 4157.44
16295.9, 4157.44
16295.9, 4156.41
16326.9, 4160
16327, 4162.05
16327, 4156.41
16327.1, 4150.77
16359.1, 4148.21
16359.3, 4145.13
16359.3, 4143.59
16359.4, 4146.67
16389.9, 4149.23
16390, 4147.18
16390.1, 4148.21
16390.1, 4151.79
16420.8, 4153.85
16420.9, 4154.87
16421, 4152.31
16421, 4151.28
16452.6, 4154.87
16452.7, 4158.97
16452.7, 4156.92
16452.7, 4157.44
16483.7, 4161.54
16483.8, 4162.05
16483.9, 4162.05
16483.9, 4162.05
16514.8, 4160.51
16514.9, 4161.03
16514.9, 4161.54
16515, 4158.97
16545.6, 4162.05
16545.7, 4167.69
16545.8, 4164.62
16545.8, 4161.03
16578.4, 4160.51
16578.5, 4160
16578.5, 4158.97
16578.6, 4157.95
16609.2, 4156.92
16609.3, 4158.97
16609.4, 4161.03
16609.4, 4158.46
16639.7, 4160.51
16639.8, 4162.05
16639.8, 4159.49
16639.9, 4158.97
16672.4, 4160.51
16672.4, 4159.49
16672.5, 4160
16672.5, 4161.54
16702.8, 4161.03
16702.8, 4161.03
16702.9, 4160.51
16702.9, 4161.03
16733.7, 4160.51
16733.7, 4160
16733.8, 4162.05
16733.8, 4161.03
16764.7, 4157.44
16764.8, 4157.95
16764.8, 4161.54
16764.9, 4161.54
16797, 4160
16797.1, 4164.1
16797.2, 4166.15
16797.2, 4162.05
16827.9, 4160.51
16828, 4162.05
16828, 4161.03
16828, 4160
16858.7, 4161.54
16858.8, 4161.03
16858.9, 4160
16858.9, 4162.05
16889.9, 4163.08
16890, 4163.08
16890, 4162.56
16890, 4159.49
16922, 4159.49
16922.1, 4164.1
16922.1, 4163.59
16922.2, 4163.59
16952.8, 4166.67
16952.9, 4164.62
16952.9, 4159.49
16952.9, 4160
16983.8, 4162.56
16983.9, 4162.05
16983.9, 4162.56
16984, 4166.15
17015.9, 4165.64
17016, 4164.1
17016, 4163.08
17016, 4157.44
17046.9, 4152.31
17047, 4153.33
17047, 4160.51
17047.1, 4162.56
17077.8, 4153.85
17077.9, 4152.31
17077.9, 4153.85
17078, 4143.08
17108.9, 4132.31
17109, 4134.36
17109.1, 4137.95
17109.1, 4134.87
17140.8, 4130.26, estimuli
17140.9, 4127.18
17140.9, 4127.18
17141, 4131.79
17172.2, 4135.38
17172.3, 4134.36
17172.3, 4133.85
17172.4, 4138.97
17203.2, 4143.08
17203.6, 4141.54
17203.7, 4143.59
17203.8, 4146.67
17234.7, 4145.13
17234.8, 4147.18
17234.9, 4150.77
17234.9, 4148.72
17265.7, 4145.64
17265.8, 4144.1
17265.8, 4147.18
17265.8, 4153.33
17297.1, 4153.85
17297.2, 4152.82
17297.3, 4153.33
17297.3, 4152.82
17328, 4152.82
17328.1, 4152.31
17328.2, 4150.77
17328.2, 4153.85
17360, 4158.97
17360.1, 4157.95
17360.2, 4153.85
17360.2, 4153.85
17390.7, 4154.87
17390.8, 4155.38
17390.8, 4154.36
17390.9, 4151.79
17422.1, 4150.77
17422.3, 4151.79
17422.4, 4152.31
17422.5, 4154.36
17452.6, 4153.33
17452.7, 4151.79
17452.7, 4152.31
17452.8, 4151.79
17484.7, 4151.28
17484.8, 4150.26
17484.8, 4148.72
17484.9, 4150.77
17515.7, 4152.31
17515.8, 4151.28
17515.8, 4152.82
17515.8, 4153.85
17546.6, 4150.26
17546.7, 4149.23
17546.7, 4153.33
17546.8, 4153.85
17578.8, 4151.79
17578.9, 4153.33
17579, 4155.38
17579, 4154.36
17609.9, 4152.31
17609.9, 4154.36
17610, 4157.44
17610, 4153.85
17641.2, 4150.77
17641.3, 4156.41
17641.4, 4159.49
17641.4, 4154.36
17672.1, 4151.28
17672.2, 4154.87
17672.2, 4156.41
17672.3, 4155.38
17703.9, 4156.41
17704, 4155.9
17704.1, 4156.92
17704.1, 4158.46
17734.8, 4155.9
17734.9, 4155.38
17734.9, 4156.92
17735, 4160
17765.7, 4159.49
17765.8, 4157.95
17765.8, 4165.64
17765.9, 4165.64
17797.8, 4149.23
17797.9, 4138.97
17798, 4146.15
17798, 4162.05
17828.9, 4173.33
17829, 4172.82
17829, 4176.92
17829, 4178.46
17860, 4156.92
17860.1, 4132.82
17860.1, 4128.72
17860.2, 4148.21
17890.9, 4169.74
17891, 4173.33
17891, 4174.36
17891.1, 4172.31
17922.9, 4150.77
17923, 4132.82
17923.1, 4136.92
17923.1, 4151.79
17953.8, 4169.23
17953.9, 4176.41
17953.9, 4178.46
17954, 4176.92
17984.8, 4152.31
17984.9, 4132.31
17984.9, 4140.51
17985, 4156.41
18015.8, 4170.26
18015.9, 4179.49
18016, 4182.56
18016, 4175.38
18048.3, 4151.79
18048.4, 4136.41
18048.5, 4143.08
18048.5, 4156.41
18079, 4172.31
18079.1, 4180
18079.1, 4179.49
18079.2, 4173.33
18109.9, 4149.74
18110, 4131.79
18110.1, 4140
18110.1, 4156.92
18141.9, 4168.72
18142, 4174.36
18142.1, 4180.51
18142.1, 4180
18173, 4153.85
18173.1, 4135.38
18173.1, 4145.13
18173.2, 4157.95
18203.8, 4169.74
18203.9, 4177.95
18204, 4177.95
18204, 4172.31
18234.7, 4151.79
18234.8, 4135.9
18234.8, 4141.54
18234.8, 4158.46
18266.7, 4171.79
18266.8, 4175.9
18266.9, 4180
18266.9, 4177.44
18297.6, 4152.31
18297.7, 4132.31
18297.8, 4138.97
18297.8, 4154.36
18328.8, 4166.15
18328.9, 4174.87
18328.9, 4181.03
18329, 4173.33
18360.8, 4150.26
18360.9, 4136.92
18360.9, 4138.97
18360.9, 4152.82
18391.7, 4172.31
18391.8, 4178.46
18391.9, 4175.38
18391.9, 4171.28
18422.8, 4152.31
18422.9, 4137.44
18422.9, 4146.15
18422.9, 4162.05
18454.3, 4172.31
18454.4, 4177.95
18454.6, 4181.54
18454.6, 4176.41
18485.7, 4153.33
18485.8, 4135.9
18485.8, 4142.05
18485.9, 4157.95
18516.6, 4172.31
18516.7, 4176.41
18516.8, 4180
18516.8, 4178.46
18547.7, 4155.38
18547.7, 4137.95
18547.8, 4144.62
18547.8, 4156.41
18580.1, 4169.74
18580.2, 4178.46
18580.3, 4176.92
18580.4, 4172.31
18611, 4156.92
18611.4, 4142.05
18611.5, 4143.59
18611.6, 4158.97
18642.2, 4174.87
18642.3, 4178.46
18642.3, 4178.46
18642.4, 4179.49
18673.3, 4157.95
18673.4, 4136.92
18673.4, 4144.62
18673.5, 4161.03
18705, 4171.28
18705.1, 4177.95
18705.1, 4182.05
18705.2, 4176.41
18735.8, 4154.87
18735.9, 4140.51
18736, 4148.21
18736, 4160.51
18766.8, 4168.72
18766.9, 4172.31
18766.9, 4176.41
18767, 4173.85
18797.8, 4155.9
18797.9, 4158.46
18797.9, 4174.36
18798, 4162.56
18829.9, 4156.41
18830, 4175.38
18830, 4176.92
18830, 4162.05
18861, 4163.08
18861.1, 4166.15
18861.2, 4163.59
18861.2, 4165.64
18892, 4164.62
18892, 4162.05
18892.1, 4166.15
18892.1, 4168.21
18924, 4165.64
18924.1, 4167.69
18924.1, 4167.69
18924.1, 4161.54
18955, 4161.03
18955.1, 4169.23
18955.1, 4169.23
18955.2, 4163.59
18985.7, 4162.05
18985.8, 4158.97
18985.8, 4152.82
18985.9, 4152.31
19016.8, 4156.92
19016.9, 4157.95
19017, 4156.41
19017, 4161.03
19048.7, 4167.69
19048.8, 4169.23
19048.9, 4167.69
19049, 4165.13
19080, 4162.05
19080.1, 4164.1
19080.3, 4168.72
19080.3, 4168.21
19111.2, 4164.62
19111.3, 4164.62
19111.3, 4167.69
19111.3, 4167.18
19142, 4165.64
19142.1, 4165.13
19142.1, 4166.15
19142.1, 4164.1
19173.9, 4160.51
19174, 4163.59
19174, 4166.15
19174.1, 4166.15
19204.9, 4163.59
19205, 4160.51
19205, 4162.56
19205.1, 4164.1
19235.9, 4161.54
19235.9, 4161.03
19236, 4167.69
19236, 4169.23
19267.9, 4161.54
19267.9, 4158.97
19268, 4161.03
19268, 4158.97
19299.1, 4158.97
19299.2, 4163.59
19299.2, 4163.59
19299.2, 4164.62
19329.9, 4168.72
19330, 4167.18
19330, 4164.1
19330.1, 4163.08
19360.9, 4162.56
19361, 4160
19361, 4158.46
19361, 4158.46
19393, 4158.97
19393.1, 4163.08
19393.1, 4164.1
19393.1, 4160
19423.9, 4164.62
19424, 4168.72
19424, 4157.95
19424, 4149.74
19455, 4147.69
19455.1, 4147.18
19455.1, 4149.23
19455.2, 4149.74
19487.3, 4150.26
19487.4, 4154.87
19487.5, 4155.9
19487.6, 4152.82
19517.7, 4151.79
19517.8, 4153.33
19517.8, 4152.31
19517.8, 4151.28
19548.9, 4150.26
19549, 4152.82
19549, 4154.87
19549.1, 4152.82
19579.9, 4154.36
19579.9, 4156.41
19580, 4154.87
19580, 4155.9
19612, 4156.92
19612.1, 4155.38
19612.2, 4153.85
19612.2, 4153.85
19642.9, 4153.85
19643, 4155.9
19643, 4158.97
19643.1, 4157.95
19673.8, 4156.41
19673.9, 4156.92
19673.9, 4156.92
19673.9, 4154.87
19706.1, 4154.36
19706.2, 4155.9
19706.2, 4155.38
19706.2, 4154.87
19736.9, 4158.97
19737.1, 4160.51
19737.1, 4157.44
19737.2, 4158.46
19767.8, 4158.46
19767.9, 4156.92
19767.9, 4160
19768, 4160
19798.8, 4154.87
19798.9, 4155.9
19799, 4157.44
19799, 4154.87
19830.7, 4152.82
19830.8, 4154.36
19830.8, 4156.41
19830.9, 4153.33
19861.9, 4152.82
19862, 4156.41
19862, 4155.9
19862, 4152.82
19892.8, 4153.33
19892.9, 4155.9
19892.9, 4155.9
19893, 4154.87
19924.3, 4153.33
19924.4, 4155.38
19924.4, 4161.03
19924.5, 4160.51
19956, 4154.36
19956.1, 4153.85
19956.1, 4155.9
19956.2, 4154.36
19986.8, 4153.33
19986.9, 4156.41
19987, 4156.92
19987, 4154.87
20017.8, 4154.87
20017.9, 4158.97
20018, 4157.95
20018, 4152.31
20049.9, 4152.31
20050, 4157.44
20050, 4156.92
20050, 4154.36
20080.8, 4155.9
20080.9, 4157.95
20080.9, 4160.51
20081, 4162.05
20112.2, 4161.03
20112.3, 4162.05
20112.4, 4161.54
20112.4, 4159.49
20142.8, 4160.51
20142.9, 4163.59
20142.9, 4165.13
20142.9, 4162.05
20174.8, 4157.95
20174.8, 4161.03
20174.9, 4166.15
20174.9, 4163.08
20206, 4158.46
20206, 4158.97
20206.1, 4160.51
20206.1, 4159.49
20237, 4160
20237.1, 4161.54
20237.2, 4161.03
20237.2, 4160
20269, 4158.97
20269.1, 4158.97
20269.2, 4160.51
20269.2, 4160
20300, 4157.44
20300.1, 4157.44
20300.1, 4158.46
20300.2, 4158.46
20331.1, 4158.46
20331.2, 4158.46
20331.3, 4158.46
20331.3, 4157.95
20361.9, 4159.49
20361.9, 4160.51
20362, 4160
20362, 4160.51
20393.8, 4160.51
20393.8, 4160.51
20393.9, 4159.49
20393.9, 4159.49
20424.8, 4162.56
20424.9, 4162.05
20425, 4159.49
20425, 4158.97
20456, 4159.49
20456.1, 4161.03
20456.2, 4162.05
20456.2, 4159.49
20486.7, 4157.95
20486.8, 4158.97
20486.8, 4162.05
20486.9, 4162.05
20518.7, 4157.44
20518.8, 4154.36
20518.8, 4155.38
20518.8, 4158.46
20549.8, 4157.44
20549.9, 4152.31
20549.9, 4150.26
20550, 4150.77
20580.9, 4151.79
20581, 4152.82
20581, 4150.77
20581, 4151.79
20612.8, 4153.85
20612.9, 4153.85
20612.9, 4153.85
20612.9, 4155.9
20643.8, 4157.44
20643.9, 4155.38
20643.9, 4152.82
20643.9, 4153.33
20674.9, 4155.38
20675, 4154.36
20675, 4155.9
20675, 4157.95
20706, 4155.9
20706.1, 4159.49
20706.2, 4164.1
20706.2, 4158.97
20738.3, 4153.33
20738.4, 4157.95
20738.5, 4160
20738.5, 4160
20769.1, 4165.64
20769.2, 4168.72
20769.2, 4166.15
20769.3, 4167.18
20799.8, 4170.26
20799.9, 4170.26
20799.9, 4168.21
20799.9, 4168.21
20831.7, 4167.69
20831.8, 4166.15
20831.8, 4165.64
20831.9, 4164.62
20863.1, 4164.1
20863.2, 4163.59
20863.2, 4165.13
20863.2, 4168.72
20893.8, 4169.23
20893.9, 4167.69
20893.9, 4166.67
20894, 4166.67
20925, 4167.18
20925.1, 4166.15
20925.1, 4165.13
20925.1, 4162.56
20957, 4160.51
20957.1, 4165.13
20957.1, 4168.72
20957.2, 4167.69
20988.1, 4166.67
20988.2, 4168.21
20988.3, 4165.64
20988.3, 4163.08
21018.6, 4165.13
21018.7, 4165.64
21018.8, 4163.08
21018.9, 4164.1
21049.7, 4167.18
21049.8, 4168.21
21049.8, 4162.05
21049.9, 4160
21081.9, 4163.59
21082, 4162.05
21082, 4161.54
21082, 4161.54
21112.9, 4161.03
21113, 4163.08
21113, 4162.05
21113, 4159.49
21144, 4164.62
21144.1, 4168.72
21144.2, 4164.62
21144.2, 4167.69
21176.1, 4169.74
21176.2, 4165.64
21176.2, 4165.13
21176.3, 4166.67
21207.1, 4166.15
21207.2, 4165.64
21207.2, 4165.13
21207.3, 4161.54
21238.1, 4161.03
21238.2, 4165.64
21238.3, 4165.13
21238.3, 4164.1
21268.6, 4165.64
21268.7, 4164.1
21268.8, 4163.59
21268.8, 4165.64
21301.1, 4164.1
21301.2, 4162.56
21301.3, 4167.18
21301.3, 4164.62
21331.8, 4158.46
21331.9, 4162.56
21332, 4164.62
21332, 4161.54
21363.2, 4162.56
21363.3, 4166.15
21363.4, 4165.64
21363.4, 4160
21394.9, 4158.97
21395, 4162.56
21395, 4160.51
21395, 4157.44
21425.9, 4161.54
21425.9, 4163.59
21426, 4165.13
21426, 4168.72
21457, 4166.15
21457.1, 4165.64
21457.1, 4167.69
21457.1, 4165.13
21487.8, 4164.1
21487.9, 4165.13
21487.9, 4160.51
21488, 4158.97
21519.8, 4164.62
21519.9, 4163.59
21519.9, 4160
21520, 4163.59
21550.8, 4164.1
21550.9, 4160.51
21550.9, 4163.59
21551, 4166.67
21581.8, 4164.62
21581.9, 4165.64
21582, 4167.69
21582, 4163.08
21612.9, 4159.49
21613, 4163.59
21613, 4165.64
21613.1, 4163.08
21644.9, 4163.08
21645, 4167.69
21645, 4170.26
21645.1, 4163.59
21675.9, 4160
21676, 4163.59
21676, 4162.56
21676.1, 4161.03
21706.7, 4165.64
21706.8, 4166.67
21706.8, 4163.59
21706.8, 4165.13
21739, 4167.18
21739.1, 4163.08
21739.1, 4157.44
21739.2, 4162.05
21770.2, 4167.18
21770.5, 4165.13
21770.6, 4162.05
21770.6, 4162.56
21801.2, 4164.62
21801.2, 4166.67
21801.3, 4167.18
21801.3, 4162.05
21831.8, 4158.46
21831.8, 4163.08
21831.9, 4165.13
21831.9, 4161.54
21863.8, 4164.1
21863.9, 4165.64
21863.9, 4162.56
21863.9, 4165.13
21894.9, 4167.18
21895, 4163.08
21895, 4163.08
21895, 4166.15
21925.8, 4163.08
21925.9, 4160.51
21926, 4164.1
21926, 4163.08
21958.1, 4162.56
21958.2, 4165.13
21958.2, 4164.1
21958.2, 4161.54
21989.3, 4164.62
21989.4, 4165.64
21989.5, 4164.62
21989.6, 4166.15
22019.8, 4165.64
22019.9, 4162.05
22020, 4164.1
22020, 4164.62
22050.7, 4159.49
22050.8, 4161.03
22050.8, 4167.18
22050.8, 4165.64
22082.7, 4162.56
22082.8, 4166.15
22082.8, 4168.21
22082.9, 4162.56
22114, 4159.49
22114.1, 4165.13
22114.1, 4167.18
22114.2, 4162.56
22144.9, 4160
22145.1, 4162.56
22145.2, 4165.64
22145.2, 4165.13
22176, 4163.59
22176.1, 4164.62
22176.2, 4165.64
22176.2, 4164.1
22208.1, 4160
22208.2, 4160
22208.3, 4162.56
22208.3, 4158.46
22239.3, 4156.41
22239.4, 4164.62
22239.4, 4167.18
22239.5, 4161.54
22269.8, 4163.08
22269.9, 4167.69
22270, 4163.59
22270, 4160
22302, 4163.08
22302.1, 4163.59
22302.2, 4161.54
22302.2, 4158.46
22333.2, 4157.95
22333.3, 4162.05
22333.3, 4162.05
22333.4, 4160.51
22363.9, 4161.03
22364, 4161.54
22364, 4160
22364, 4158.46
22395.2, 4159.49
22395.3, 4161.54
22395.4, 4161.03
22395.4, 4160
22426.8, 4160.51
22426.9, 4162.05
22426.9, 4162.56
22427, 4162.05
22458, 4161.03
22458.1, 4165.13
22458.2, 4165.64
22458.2, 4160
22489.5, 4158.46
22489.6, 4161.03
22489.7, 4161.54
22489.7, 4159.49
22521, 4161.03
22521.1, 4164.1
22521.2, 4163.59
22521.3, 4162.05
22551.8, 4163.08
22551.9, 4165.13
22551.9, 4162.56
22552, 4158.46
22582.7, 4159.49
22582.8, 4160.51
22582.8, 4159.49
22582.8, 4158.97
22613.8, 4161.54
22613.9, 4162.05
22613.9, 4159.49
22613.9, 4159.49
22645.8, 4161.54
22645.9, 4162.05
22646, 4162.05
22646, 4160.51
22677, 4161.03
22677.1, 4164.62
22677.2, 4163.59
22677.2, 4160.51
22708.2, 4161.03
22708.3, 4162.05
22708.4, 4162.05
22708.4, 4160
22740.1, 4162.05
22740.2, 4168.21
22740.2, 4166.15
22740.2, 4161.54
22771, 4163.08
22771.1, 4164.1
22771.2, 4161.03
22771.3, 4161.03
22802, 4164.1
22802.2, 4162.56
22802.2, 4160.51
22802.2, 4164.1
22833.4, 4166.15
22833.5, 4162.56
22833.6, 4159.49
22833.6, 4161.03
22865, 4159.49
22865.1, 4158.46
22865.1, 4162.56
22865.1, 4163.08
22895.9, 4160
22896, 4161.03
22896.1, 4162.05
22896.1, 4161.03
22926.8, 4160
22926.9, 4160.51
22926.9, 4164.62
22926.9, 4164.1
22958, 4161.03
22958.1, 4165.13
22958.2, 4167.69
22958.2, 4164.62
22990.1, 4164.1
22990.2, 4165.13
22990.2, 4166.15
22990.3, 4164.1
23021.4, 4164.1
23021.5, 4166.67
23021.6, 4164.62
23021.6, 4162.05
23051.9, 4163.08
23052, 4165.64
23052, 4166.67
23052.1, 4166.15
23083.8, 4165.64
23083.9, 4165.64
23084, 4165.64
23084, 4164.1
23114.9, 4163.08
23115.1, 4162.05
23115.1, 4161.03
23115.1, 4162.05
23145.8, 4163.59
23145.9, 4162.05
23145.9, 4162.05
23145.9, 4164.62
23176.9, 4165.64
23177, 4161.03
23177.1, 4157.95
23177.1, 4162.05
23209.1, 4164.1
23209.2, 4162.05
23209.2, 4163.08
23209.3, 4164.62
23240.3, 4165.13
23240.4, 4165.64
23240.5, 4167.69
23240.5, 4164.1
23270.8, 4160
23270.9, 4164.1
23271, 4165.64
23271, 4159.49
23301.7, 4162.56
23301.8, 4169.23
23301.8, 4164.62
23301.8, 4158.46
23333.7, 4161.03
23333.8, 4165.64
23333.8, 4166.67
23333.9, 4164.62
23364.8, 4165.13
23364.9, 4165.64
23365, 4164.62
23365, 4164.62
23395.9, 4165.13
23395.9, 4166.67
23396, 4165.64
23396, 4162.05
23428.3, 4164.62
23428.5, 4168.72
23428.6, 4167.18
23428.7, 4166.15
23459, 4168.72
23459.1, 4164.62
23459.1, 4159.49
23459.2, 4163.08
23492.1, 4165.13
23492.3, 4162.56
23492.3, 4161.03
23492.4, 4159.49
23521.1, 4162.05
23521.2, 4165.64
23521.3, 4165.13
23521.3, 4161.03
23553.1, 4160
23553.2, 4161.03
23553.2, 4159.49
23553.2, 4160.51
23584.2, 4163.08
23584.3, 4160
23584.3, 4159.49
23584.4, 4163.08
23615.1, 4163.59
23615.2, 4164.1
23615.3, 4167.69
23615.3, 4167.18
23647.3, 4163.59
23647.5, 4163.59
23647.5, 4166.67
23647.6, 4164.62
23678.1, 4163.08
23678.2, 4164.62
23678.3, 4163.59
23678.3, 4163.59
23709.2, 4165.64
23709.3, 4165.13
23709.4, 4164.1
23709.4, 4166.15
23740.1, 4167.18
23740.2, 4165.64
23740.2, 4165.64
23740.3, 4164.1
23772.1, 4159.49
23772.2, 4158.46
23772.2, 4162.05
23772.3, 4161.03
23803.2, 4154.36
23803.3, 4151.28
23803.4, 4151.79
23803.4, 4146.15
23834.1, 4136.41
23834.2, 4132.82
23834.3, 4136.92
23834.3, 4144.1
23866.1, 4145.64
23866.2, 4141.03
23866.2, 4145.13
23866.3, 4150.26
23897.2, 4148.72
23897.3, 4151.79
23897.3, 4155.38
23897.4, 4151.28
23928.2, 4151.79
23928.3, 4160.51
23928.4, 4167.18
23928.4, 4168.72
23959.2, 4169.23
23959.3, 4169.74
23959.4, 4172.31
23959.4, 4173.85
23991.1, 4170.77
23991.2, 4168.21
23991.3, 4166.15
23991.3, 4163.59
24022.1, 4166.67
24022.2, 4168.21
24022.3, 4164.62
24022.3, 4165.64
24053, 4167.18
24053.1, 4164.1
24053.1, 4163.59
24053.2, 4167.18
24084.3, 4168.21
24084.4, 4165.64
24084.5, 4165.13
24084.6, 4162.56
24116, 4162.56
24116.1, 4165.64
24116.1, 4165.13
24116.2, 4164.1
24147, 4167.18
24147.1, 4168.72
24147.1, 4164.1
24147.2, 4162.56
24178.1, 4166.15
24178.2, 4162.56
24178.2, 4156.41
24178.3, 4161.03
24210.2, 4168.21
24210.3, 4167.18
24210.4, 4166.15
24210.4, 4167.18
24241, 4164.1
24241.1, 4158.46
24241.2, 4154.87
24241.3, 4154.36
24272.1, 4156.92
24272.2, 4162.56
24272.3, 4164.1
24272.4, 4163.59
24302.7, 4167.18
24302.8, 4165.64
24302.9, 4161.03
24302.9, 4162.05
24334.8, 4165.64
24334.9, 4166.15
24335, 4165.64
24335, 4165.13
24365.7, 4163.59
24365.7, 4163.59
24365.8, 4165.13
24365.8, 4165.13
24396.9, 4164.1
24397, 4162.56
24397.1, 4160.51
24397.1, 4162.05
24427.7, 4163.08
24427.8, 4162.56
24427.8, 4162.56
24427.9, 4162.05
24459.8, 4162.05
24459.9, 4164.62
24459.9, 4165.64
24460, 4161.54
24491.2, 4160
24491.3, 4166.15
24491.4, 4169.74
24491.4, 4167.69
24521.9, 4167.69
24522, 4169.74
24522, 4168.72
24522, 4167.69
24553.8, 4167.69
24553.9, 4171.28
24553.9, 4172.31
24554, 4170.26
24584.7, 4169.23
24584.7, 4167.18
24584.8, 4165.64
24584.9, 4165.64
24615.7, 4165.13
24615.7, 4164.62
24615.8, 4164.62
24615.9, 4165.13
24646.7, 4166.15
24646.8, 4165.13
24646.8, 4164.62
24646.8, 4166.15
24679, 4164.1
24679.1, 4163.08
24679.1, 4166.67
24679.2, 4162.56
24710.1, 4157.44
24710.2, 4164.1
24710.3, 4164.62
24710.4, 4161.03
24740.9, 4164.1
24740.9, 4161.03
24741, 4159.49
24741, 4162.56
24773.1, 4161.03
24773.2, 4163.59
24773.2, 4169.74
24773.3, 4167.18
24804.1, 4163.59
24804.2, 4165.13
24804.2, 4164.62
24804.3, 4164.1
24834.8, 4163.08
24834.8, 4163.59
24834.9, 4166.15
24834.9, 4165.64
24865.7, 4161.03
24865.9, 4160
24865.9, 4162.56
24866, 4161.54
24898, 4160
24898.1, 4158.97
24898.2, 4158.97
24898.2, 4159.49
24929, 4158.97
24929.1, 4160
24929.2, 4161.03
24929.2, 4160
24960.1, 4160.51
24960.2, 4164.1
24960.2, 4165.13
24960.3, 4164.1
24992, 4162.05
24992.1, 4161.54
24992.1, 4165.13
24992.2, 4166.67
25022.9, 4166.67
25023, 4166.15
25023, 4162.56
25023.1, 4162.05
25053.8, 4166.15
25053.9, 4165.13
25053.9, 4162.05
25054, 4164.1
25084.8, 4164.1
25084.9, 4161.54
25084.9, 4163.08
25085, 4163.59
25117, 4164.1
25117.1, 4166.15
25117.2, 4164.1
25117.2, 4165.64
25147.8, 4169.23
25147.9, 4167.18
25147.9, 4162.56
25148, 4162.05
25178.8, 4164.1
25178.9, 4166.67
25178.9, 4165.64
25179, 4165.64
25209.8, 4167.69
25209.9, 4165.64
25209.9, 4160
25210, 4158.46
25241.7, 4164.1
25241.8, 4166.67
25241.8, 4164.62
25241.8, 4164.62
25273, 4166.15
25273, 4165.64
25273.1, 4165.64
25273.1, 4167.18
25304.2, 4164.62
25304.3, 4160
25304.3, 4162.05
25304.3, 4165.64
25336, 4164.62
25336.2, 4165.64
25336.2, 4167.18
25336.3, 4165.13
25367, 4162.56
25367.1, 4163.59
25367.2, 4166.15
25367.2, 4165.13
25398.1, 4165.13
25398.2, 4168.72
25398.2, 4167.18
25398.3, 4164.62
25428.8, 4166.15
25428.9, 4165.64
25428.9, 4162.05
25428.9, 4162.05
25460.8, 4164.1
25460.9, 4162.56
25460.9, 4162.05
25460.9, 4162.05
25491.9, 4164.62
25492, 4166.67
25492.1, 4162.05
25492.1, 4160
25523, 4161.03
25523.1, 4160.51
25523.2, 4162.05
25523.2, 4162.05
25554, 4162.56
25554.1, 4161.54
25554.2, 4160
25554.2, 4162.56
25585.9, 4161.54
25586, 4154.36
25586, 4156.41
25586.1, 4161.54
25616.6, 4162.05
25616.7, 4161.03
25616.8, 4151.28
25616.8, 4139.49
25647.9, 4137.95, estimuli
25648, 4134.36
25648, 4130.26
25648.1, 4130.77
25679.8, 4136.41
25679.9, 4142.56
25680, 4140.51
25680, 4136.41
25710.9, 4137.44
25711, 4139.49
25711, 4135.9
25711, 4134.36
25742.1, 4138.46
25742.2, 4143.59
25742.3, 4146.15
25742.3, 4145.64
25773.2, 4149.23
25773.3, 4153.33
25773.4, 4151.79
25773.4, 4150.26
25804.8, 4151.28
25804.9, 4153.85
25805, 4157.44
25805, 4155.38
25835.9, 4153.33
25835.9, 4155.9
25836, 4151.79
25836, 4145.13
25866.9, 4146.15
25866.9, 4150.77
25867, 4153.33
25867, 4154.36
25898.9, 4151.79
25899, 4149.74
25899, 4150.26
25899, 4149.74
25930.1, 4150.77
25930.2, 4154.87
25930.2, 4155.38
25930.3, 4152.82
25961.2, 4153.85
25961.3, 4156.41
25961.4, 4156.41
25961.4, 4154.87
25991.9, 4155.38
25992, 4157.95
25992.1, 4156.41
25992.1, 4154.87
26023.7, 4156.41
26023.7, 4154.87
26023.8, 4153.85
26023.9, 4155.38
26054.7, 4158.97
26054.8, 4158.97
26054.8, 4158.97
26054.8, 4160.51
26085.6, 4157.95
26085.7, 4156.92
26085.8, 4159.49
26085.8, 4160
26117.7, 4159.49
26117.8, 4160.51
26117.8, 4160.51
26117.8, 4157.95
26148.8, 4156.41
26148.9, 4158.46
26148.9, 4160.51
26148.9, 4155.9
26179.8, 4153.85
26179.9, 4158.46
26179.9, 4160
26180, 4158.97
26211, 4160.51
26211.1, 4158.97
26211.1, 4154.87
26211.2, 4153.85
26242.8, 4155.9
26242.8, 4160
26242.9, 4165.64
26242.9, 4162.56
26273.9, 4156.92
26274, 4166.67
26274, 4169.23
26274, 4152.31
26304.9, 4146.15
26305, 4154.87
26305.1, 4164.62
26305.1, 4173.33
26335.8, 4179.49
26335.9, 4187.18
26335.9, 4180.51
26336, 4153.85
26367.8, 4135.9
26367.9, 4138.46
26368, 4153.33
26368, 4170.26
26399, 4177.95
26399.1, 4181.54
26399.1, 4175.38
26399.2, 4147.69
26430, 4132.31
26430.1, 4142.05
26430.1, 4154.87
26430.2, 4170.26
26462.1, 4180.51
26462.2, 4178.46
26462.2, 4169.74
26462.2, 4146.67
26492.7, 4131.28
26492.8, 4140
26492.8, 4155.38
26492.8, 4171.79
26523.7, 4181.54
26523.8, 4180.51
26523.9, 4171.79
26523.9, 4150.26
26554.6, 4134.87
26554.7, 4139.49
26554.8, 4153.33
26554.9, 4168.72
26587.1, 4175.9
26587.3, 4178.97
26587.5, 4176.41
26587.5, 4149.74
26617.7, 4130.26
26617.7, 4137.44
26617.8, 4152.82
26617.8, 4168.72
26648.8, 4178.97
26648.9, 4183.08
26649, 4174.36
26649, 4151.79
26680.7, 4136.92
26680.8, 4141.03
26680.8, 4154.87
26680.9, 4171.28
26711.8, 4178.97
26711.9, 4182.56
26711.9, 4181.54
26711.9, 4155.9
26742.8, 4134.87
26742.9, 4137.95
26742.9, 4152.82
26743, 4169.74
26773.9, 4174.87
26774, 4175.9
26774.1, 4172.82
26774.1, 4150.26
26806.2, 4133.85
26806.3, 4143.59
26806.4, 4160
26806.4, 4172.82
26836.8, 4181.54
26836.9, 4181.54
26837, 4174.36
26837, 4155.9
26867.8, 4140
26867.8, 4143.59
26867.9, 4160
26867.9, 4171.79
26898.8, 4176.92
26898.9, 4182.56
26898.9, 4177.44
26899, 4152.82
26931.1, 4136.41
26931.3, 4144.62
26931.3, 4160.51
26931.3, 4173.33
26962, 4181.03
26962.1, 4182.56
26962.1, 4174.36
26962.2, 4150.77
26993, 4137.44
26993.2, 4143.08
26993.2, 4154.87
26993.3, 4169.74
27025, 4177.44
27025.1, 4178.46
27025.1, 4174.36
27025.1, 4152.31
27055.9, 4135.9
27056, 4144.62
27056, 4159.49
27056, 4170.77
27086.7, 4176.92
27086.8, 4178.46
27086.8, 4174.87
27086.8, 4153.33
27117.6, 4135.9
27117.7, 4142.56
27117.7, 4159.49
27117.7, 4170.26
27150.1, 4173.33
27150.2, 4179.49
27150.2, 4176.92
27150.2, 4152.82
27181.4, 4135.38
27181.5, 4144.62
27181.5, 4162.05
27181.5, 4169.74
27212.3, 4171.79
27212.4, 4178.46
27212.5, 4175.9
27212.5, 4151.79
27243.8, 4136.92
27243.9, 4141.54
27243.9, 4153.33
27244, 4168.21
27274.8, 4174.87
27274.9, 4175.9
27274.9, 4170.77
27275, 4153.85
27306.1, 4151.79
27306.2, 4162.56
27306.2, 4152.31
27306.3, 4148.21
27336.8, 4168.21
27336.9, 4166.15
27336.9, 4153.85
27336.9, 4161.54
27368.7, 4163.08
27368.8, 4154.87
27368.8, 4155.9
27368.9, 4160.51
27399.9, 4158.97
27399.9, 4156.41
27400, 4157.95
27400, 4158.46
27431.1, 4158.97
27431.2, 4162.05
27431.2, 4164.62
27431.2, 4164.62
27461.8, 4162.56
27461.9, 4160
27462, 4159.49
27462, 4157.95
27493.8, 4157.44
27493.9, 4162.56
27494, 4166.67
27494, 4162.05
27526.1, 4157.44
27526.1, 4162.05
27526.2, 4166.15
27526.2, 4162.56
27555.9, 4159.49
27556, 4160.51
27556.1, 4161.54
27556.1, 4161.03
27587.7, 4160.51
27587.8, 4162.56
27587.9, 4163.08
27587.9, 4158.97
27618.9, 4162.05
27619, 4167.69
27619, 4162.56
27619.1, 4161.54
27649.8, 4167.18
27649.9, 4166.15
27649.9, 4161.54
27649.9, 4161.03
27680.6, 4164.1
27680.7, 4166.15
27680.8, 4164.62
27680.8, 4164.1
27712.7, 4163.59
27712.8, 4163.08
27712.8, 4162.56
27712.9, 4164.1
27743.9, 4165.64
27744, 4164.1
27744, 4160
27744.1, 4156.41
27775, 4160
27775.1, 4162.56
27775.1, 4158.97
27775.2, 4161.03
27806.8, 4165.64
27806.9, 4166.15
27807, 4162.05
27807, 4161.54
27838.3, 4163.59
27838.5, 4162.05
27838.5, 4162.56
27838.6, 4163.59
27869.3, 4162.56
27869.4, 4162.56
27869.4, 4162.05
27869.5, 4160
27899.6, 4160
27899.7, 4158.97
27899.7, 4158.46
27899.8, 4161.54
27931.7, 4162.05
27931.8, 4160.51
27931.8, 4160.51
27931.8, 4160.51
27963, 4161.03
27963.1, 4160
27963.2, 4160.51
27963.2, 4162.56
27993.9, 4161.54
27994, 4162.05
27994.1, 4164.62
27994.1, 4163.08
28024.8, 4160
28024.9, 4160.51
28024.9, 4162.05
28025, 4163.08
28057.3, 4162.56
28057.4, 4160.51
28057.4, 4161.03
28057.4, 4160.51
28087.7, 4160
28087.8, 4164.1
28087.9, 4164.62
28087.9, 4158.46
28118.7, 4158.97
28118.8, 4162.05
28118.8, 4154.87
28118.9, 4148.21
28150.8, 4153.33
28150.9, 4162.56
28150.9, 4160
28150.9, 4148.21
28181.8, 4145.13
28181.8, 4145.13
28181.9, 4137.44
28181.9, 4130.26
28213, 4130.77
28213.1, 4135.9
28213.1, 4137.44
28213.2, 4137.44
28244.1, 4140.51
28244.2, 4141.03
28244.3, 4138.46
28244.3, 4140
28276, 4143.59
28276, 4143.59
28276.1, 4143.59
28276.1, 4148.21
28306.9, 4152.82
28307, 4156.41
28307, 4156.92
28307.1, 4155.9
28337.8, 4156.41
28337.9, 4156.41
28337.9, 4155.9
28338, 4155.9
28369.8, 4157.44
28369.9, 4158.97
28369.9, 4157.95
28370, 4157.44
28400.8, 4156.41
28400.9, 4155.38
28401, 4158.46
28401, 4160.51
28431.6, 4159.49
28431.7, 4158.97
28431.8, 4157.95
28431.8, 4158.97
28463, 4161.03
28463.3, 4160
28463.4, 4157.44
28463.4, 4157.44
28494.8, 4160
28494.9, 4161.03
28494.9, 4160
28494.9, 4158.97
28525.9, 4157.95
28525.9, 4157.44
28526, 4158.97
28526, 4158.97
28556.9, 4160.51
28557, 4162.05
28557, 4158.97
28557.1, 4159.49
28587.8, 4161.03
28587.9, 4156.92
28587.9, 4154.36
28587.9, 4157.44
28619.9, 4158.46
28619.9, 4155.38
28620, 4153.85
28620, 4155.9
28650.9, 4157.44
28651, 4157.44
28651.1, 4153.85
28651.2, 4155.38
28681.8, 4160.51
28681.8, 4158.46
28681.9, 4155.38
28681.9, 4158.46
28714, 4161.54
28714.1, 4160.51
28714.1, 4158.46
28714.2, 4157.44
28744.9, 4158.46
28744.9, 4158.46
28745, 4157.95
28745, 4158.46
28775.9, 4158.46
28776, 4160
28776.1, 4161.03
28776.1, 4160.51
28807, 4160.51
28807.1, 4161.54
28807.1, 4162.56
28807.2, 4163.59
28838.8, 4163.08
28838.9, 4161.03
28838.9, 4160.51
28838.9, 4160.51
28870.1, 4158.46
28870.2, 4158.97
28870.3, 4159.49
28870.3, 4158.97
28901, 4160.51
28901.1, 4160
28901.1, 4156.41
28901.1, 4155.9
28932.8, 4160
28932.8, 4162.56
28932.9, 4160.51
28932.9, 4160.51
28963.7, 4160
28963.8, 4161.03
28963.9, 4164.62
28963.9, 4161.54
28995, 4157.95
28995.1, 4160.51
28995.1, 4159.49
28995.1, 4155.9
29026.1, 4157.44
29026.2, 4159.49
29026.2, 4157.95
29026.2, 4157.44
29057.8, 4160
29057.9, 4159.49
29058, 4156.92
29058, 4157.44
29089.2, 4161.03
29089.2, 4163.08
29089.3, 4160.51
29089.3, 4161.03
29119.8, 4163.59
29119.8, 4161.54
29119.9, 4156.92
29119.9, 4157.95
29150.8, 4162.05
29150.9, 4163.08
29151, 4161.03
29151, 4156.41
29182.8, 4156.92
29182.9, 4160.51
29183, 4160
29183, 4158.97
29213.7, 4162.05
29213.8, 4163.08
29213.8, 4159.49
29213.9, 4161.03
29244.8, 4163.59
29244.9, 4160.51
29244.9, 4158.46
29244.9, 4158.46
29277.3, 4158.97
29277.4, 4159.49
29277.4, 4161.03
29277.5, 4162.05
29308.2, 4161.54
29308.3, 4162.56
29308.3, 4162.56
29308.3, 4158.97
29339.1, 4160
29339.2, 4161.54
29339.2, 4157.95
29339.3, 4157.44
29369.8, 4161.03
29369.9, 4160.51
29369.9, 4160
29370, 4160.51
29401.8, 4159.49
29401.9, 4158.46
29401.9, 4158.46
29401.9, 4156.92
29432.9, 4160.51
29433, 4164.62
29433, 4161.54
29433, 4160
29463.9, 4163.08
29464, 4162.56
29464, 4160
29464.1, 4160
29496.1, 4161.03
29496.2, 4160.51
29496.3, 4160.51
29496.3, 4162.05
29527, 4162.56
29527.1, 4161.03
29527.1, 4161.03
29527.2, 4157.95
29558, 4153.85
29558.1, 4155.9
29558.1, 4155.9
29558.2, 4153.33
29588.8, 4152.31
29588.9, 4150.77
29589, 4150.26
29589, 4148.21
29620.7, 4142.56
29620.9, 4134.87
29620.9, 4132.82
29621, 4134.87
29651.9, 4136.41, estimuli
29652, 4137.44
29652, 4137.44
29652.1, 4140
29682.7, 4143.08
29682.8, 4144.62
29682.8, 4146.67
29682.9, 4149.74
29713.9, 4151.28
29714, 4148.72
29714, 4146.15
29714, 4149.23
29745.6, 4155.9
29745.7, 4159.49
29745.8, 4159.49
29745.8, 4159.49
29777, 4163.08
29777, 4166.67
29777.1, 4165.13
29777.1, 4163.59
29807.9, 4165.13
29808, 4165.64
29808, 4164.1
29808.1, 4165.13
29839.9, 4165.64
29839.9, 4162.56
29840, 4161.03
29840, 4164.62
29870.9, 4164.62
29871, 4163.59
29871, 4167.18
29871.1, 4167.69
29901.7, 4161.54
29901.7, 4161.03
29901.8, 4165.64
29901.8, 4161.54
29932.8, 4160.51
29932.9, 4163.59
29932.9, 4160.51
29933, 4161.54
29964.6, 4166.15
29964.7, 4164.1
29964.8, 4161.03
29964.8, 4160
29995.8, 4160.51
29995.8, 4164.62
29995.9, 4164.1
29995.9, 4158.46
30026.8, 4157.44
30026.9, 4159.49
30026.9, 4157.95
30027, 4156.92
30059, 4160
30059.1, 4161.54
30059.2, 4159.49
30059.2, 4159.49
30090, 4163.59
30090.1, 4163.08
30090.1, 4158.97
30090.1, 4158.46
30120.8, 4161.03
30120.9, 4160.51
30120.9, 4160
30121, 4163.08
30151.8, 4163.59
30151.9, 4162.56
30151.9, 4164.62
30151.9, 4164.1
30183.9, 4158.97
30184, 4160
30184, 4163.59
30184.1, 4161.54
30214.8, 4161.54
30214.9, 4163.59
30214.9, 4161.03
30214.9, 4158.97
30245.9, 4160.51
30245.9, 4161.03
30246, 4161.54
30246, 4163.59
30277.9, 4163.59
30278, 4165.13
30278, 4167.18
30278, 4165.13
30309, 4155.38
30309.1, 4147.69
30309.1, 4149.74
30309.1, 4163.08
30340.2, 4175.9
30340.4, 4177.44
30340.4, 4182.05
30340.5, 4177.95
30370.8, 4153.85
30371, 4135.9
30371.1, 4137.44
30371.1, 4158.46
30402.9, 4178.46
30403, 4179.49
30403.1, 4179.49
30403.1, 4175.38
30433.7, 4150.26
30433.8, 4133.33
30433.8, 4140
30433.9, 4155.9
30464.8, 4175.38
30464.8, 4187.18
30464.9, 4184.62
30464.9, 4169.74
30495.9, 4147.69
30496, 4136.92
30496, 4143.08
30496, 4160.51
30528, 4176.92
30528.1, 4181.03
30528.1, 4181.03
30528.2, 4170.26
30559.1, 4147.69
30559.2, 4140.51
30559.3, 4148.21
30559.4, 4161.54
30590.2, 4176.92
30590.3, 4181.03
30590.4, 4181.03
30590.4, 4171.79
30621.7, 4145.13
30621.8, 4133.33
30621.9, 4146.15
30621.9, 4160.51
30652.8, 4172.31
30652.9, 4179.49
30653, 4178.97
30653, 4171.28
30683.7, 4148.21
30683.8, 4135.9
30683.8, 4144.1
30683.9, 4157.44
30714.9, 4171.28
30715, 4177.44
30715, 4178.97
30715.1, 4171.79
30746.7, 4149.23
30746.9, 4135.9
30746.9, 4143.59
30746.9, 4161.03
30778.1, 4174.87
30778.2, 4179.49
30778.3, 4178.97
30778.4, 4172.31
30809.1, 4150.26
30809.2, 4138.46
30809.2, 4149.23
30809.2, 4164.62
30840, 4175.9
30840.1, 4178.46
30840.1, 4178.46
30840.2, 4171.28
30872.1, 4147.69
30872.2, 4136.92
30872.3, 4149.74
30872.3, 4163.59
30902.8, 4172.31
30902.9, 4176.92
30902.9, 4178.46
30902.9, 4169.74
30933.8, 4147.69
30933.9, 4137.95
30933.9, 4149.23
30933.9, 4164.62
30965.9, 4173.85
30966.1, 4180.51
30966.1, 4181.54
30966.2, 4167.18
30997.1, 4146.15
30997.2, 4138.97
30997.2, 4146.15
30997.3, 4162.05
31027.9, 4173.33
31028, 4173.85
31028, 4174.36
31028, 4168.72
31058.9, 4145.64
31059, 4133.85
31059.1, 4146.15
31059.1, 4163.59
31090.8, 4174.87
31090.9, 4177.44
31091, 4176.41
31091, 4167.18
31121.8, 4146.15
31121.9, 4137.44
31121.9, 4147.69
31122, 4162.56
31153, 4175.38
31155.8, 4179.49
31155.9, 4177.44
31155.9, 4169.74
31185.1, 4147.69
31185.3, 4134.87
31185.3, 4147.69
31185.4, 4165.64
31216.1, 4176.41
31216.3, 4180
31216.4, 4180
31216.4, 4171.28
31246.8, 4148.21
31246.9, 4137.95
31247, 4148.21
31247, 4158.97
31278.1, 4168.72
31278.2, 4175.9
31278.2, 4175.38
31278.2, 4165.64
31310.2, 4154.87
31310.3, 4159.49
31310.3, 4163.59
31310.4, 4152.31
31340.9, 4156.92
31341.1, 4173.33
31341.2, 4165.13
31341.2, 4154.36
31371.7, 4163.08
31371.8, 4164.62
31371.8, 4158.97
31371.9, 4161.54
31402.6, 4163.59
31402.7, 4160
31402.8, 4163.08
31402.8, 4165.13
31434.7, 4160.51
31434.8, 4158.97
31434.8, 4161.03
31434.8, 4163.59
31465.6, 4166.67
31465.7, 4165.13
31465.8, 4158.97
31465.8, 4155.9
31496.6, 4161.54
31496.7, 4164.62
31496.7, 4162.05
31496.8, 4165.13
31529, 4167.69
31529.1, 4165.64
31529.1, 4166.15
31529.2, 4168.21
31559.8, 4163.08
31559.9, 4158.46
31559.9, 4162.56
31560, 4166.15
31591.2, 4163.08
31591.3, 4162.56
31591.4, 4163.08
31591.4, 4162.56
31622.2, 4160.51
31622.3, 4159.49
31622.4, 4163.08
31622.4, 4165.13
31653.9, 4163.59
31654, 4160.51
31654, 4159.49
31654.1, 4162.56
31684.9, 4165.64
31685, 4163.08
31685, 4160
31685.1, 4161.03
31715.9, 4162.05
31716, 4159.49
31716, 4158.97
31716, 4163.59
31747.8, 4167.69
31747.9, 4163.59
31747.9, 4161.54
31748, 4165.64
31778.9, 4163.59
31779, 4158.97
31779, 4161.03
31779.1, 4162.05
31810.1, 4160.51
31810.2, 4162.05
31810.3, 4161.54
31810.4, 4162.05
31841, 4164.62
31841.1, 4164.1
31841.1, 4163.59
31841.2, 4162.56
31872.9, 4160
31873, 4161.54
31873.1, 4163.08
31873.1, 4162.05
31903.8, 4161.03
31903.9, 4162.05
31903.9, 4162.56
31904, 4160
31934.8, 4160.51
31934.9, 4167.18
31934.9, 4167.18
31934.9, 4159.49
31965.7, 4158.46
31965.8, 4161.03
31965.8, 4158.46
31965.9, 4158.46
31998.1, 4164.1
31998.2, 4162.56
31998.2, 4157.95
31998.3, 4158.46
32028.9, 4161.54
32029, 4163.08
32029, 4161.03
32029.1, 4158.97
32059.9, 4160.51
32060, 4161.54
32060, 4159.49
32060, 4161.54
32091.7, 4164.62
32091.8, 4162.56
32091.8, 4158.46
32091.9, 4161.03
32123, 4168.21
32123.1, 4167.18
32123.2, 4162.05
32123.2, 4163.59
32153.8, 4165.13
32153.8, 4160
32153.9, 4158.97
32153.9, 4160.51
32184.7, 4157.95
32184.8, 4160
32184.9, 4165.13
32184.9, 4164.62
32217, 4163.59
32217.1, 4165.13
32217.1, 4163.08
32217.1, 4159.49
32247.9, 4160.51
32248, 4164.1
32248, 4163.59
32248.1, 4159.49
32279, 4163.59
32279.1, 4168.21
32279.1, 4163.59
32279.1, 4162.05
32311.1, 4165.13
32311.2, 4163.59
32311.3, 4159.49
32311.3, 4161.03
32342, 4165.13
32342.1, 4165.13
32342.1, 4163.59
32342.1, 4160
32372.8, 4161.03
32372.9, 4163.59
32372.9, 4162.05
32372.9, 4163.08
32404.3, 4168.21
32404.4, 4165.13
32404.5, 4156.41
32404.6, 4157.95
32435.8, 4164.1
32435.8, 4159.49
32435.9, 4155.9
32435.9, 4161.03
32466.8, 4163.08
32466.8, 4160.51
32466.9, 4158.97
32466.9, 4160
32497.8, 4162.05
32497.9, 4158.46
32497.9, 4153.33
32498, 4156.41
32528.9, 4160
32529.1, 4158.97
32529.1, 4157.95
32529.1, 4156.92
32560.8, 4156.41
32560.9, 4159.49
32560.9, 4163.08
32560.9, 4161.54
32591.8, 4160
32591.9, 4158.97
32591.9, 4157.44
32592, 4159.49
32623.2, 4160.51
32623.4, 4160.51
32623.4, 4161.54
32623.5, 4161.54
32655, 4161.54
32655.1, 4162.05
32655.2, 4160.51
32655.2, 4161.03
32686, 4160.51
32686, 4159.49
32686.1, 4160.51
32686.1, 4160.51
32717, 4158.46
32717.1, 4158.46
32717.1, 4160.51
32717.2, 4160
32747.8, 4156.41
32747.9, 4157.95
32748, 4162.56
32748, 4160.51
32780, 4158.46
32780.1, 4158.97
32780.1, 4156.92
32780.1, 4158.46
32811, 4159.49
32811.1, 4158.46
32811.2, 4158.97
32811.2, 4157.95
32842, 4155.38
32842, 4159.49
32842.1, 4163.59
32842.1, 4159.49
32873.9, 4160
32874, 4163.59
32874, 4161.54
32874, 4160
32904.6, 4160
32904.7, 4159.49
32904.8, 4159.49
32905, 4158.46
32935.7, 4157.44
32935.8, 4159.49
32935.8, 4159.49
32935.8, 4156.41
32966.7, 4156.92
32966.7, 4160.51
32966.8, 4162.05
32966.8, 4162.56
32998.6, 4162.05
32998.7, 4161.03
32998.8, 4161.54
32998.8, 4160.51
33030.3, 4158.46
33030.4, 4161.54
33030.4, 4161.03
33030.4, 4157.95
33060.9, 4163.59
33061, 4167.69
33061, 4161.54
33061.1, 4158.46
33091.9, 4163.08
33092, 4164.1
33092.1, 4160.51
33092.1, 4161.54
33123.9, 4162.05
33124, 4161.03
33124, 4163.08
33124, 4163.08
33155.1, 4159.49
33155.2, 4160.51
33155.3, 4162.05
33155.3, 4159.49
33185.8, 4160.51
33185.9, 4163.59
33185.9, 4161.03
33185.9, 4160
33217.7, 4163.08
33217.8, 4163.08
33217.8, 4161.03
33217.8, 4165.64
33248.8, 4166.15
33248.9, 4161.03
33248.9, 4164.1
33249, 4165.64
33279.9, 4160
33280, 4158.46
33280, 4163.59
33280, 4161.54
33310.9, 4160
33310.9, 4163.08
33311, 4160.51
33311, 4157.95
33342.9, 4160.51
33343, 4161.03
33343.1, 4161.54
33343.1, 4165.64
33373.9, 4164.62
33374, 4160.51
33374, 4160
33374.1, 4162.56
33404.8, 4164.62
33404.9, 4164.62
33404.9, 4161.03
33404.9, 4160
33436.8, 4165.13
33436.9, 4164.1
33436.9, 4157.44
33437, 4158.97
33467.9, 4160
33468.1, 4152.82
33468.1, 4153.85
33468.2, 4161.03
33498.8, 4160
33498.9, 4154.36
33499, 4151.28
33499, 4146.15
33530, 4142.56
33530, 4143.08
33530.1, 4141.03
33530.1, 4142.05
33561.9, 4149.74
33562, 4151.28
33562, 4150.26
33562, 4151.28
33592.8, 4149.23
33592.9, 4150.77
33592.9, 4158.46
33593, 4161.03
33623.8, 4154.87
33623.9, 4154.36
33624, 4162.56
33624, 4165.13
33656.1, 4163.59
33656.2, 4165.64
33656.3, 4165.13
33656.3, 4163.08
33686.9, 4164.62
33687.1, 4165.13
33687.3, 4160.51
33687.3, 4160.51
33717.9, 4167.18
33718, 4169.23
33718.1, 4166.15
33718.1, 4166.67
33750.8, 4168.21
33751, 4166.15
33751, 4164.1
33751.1, 4164.1
33781.1, 4165.64
33781.2, 4165.64
33781.3, 4165.13
33781.3, 4165.13
33812.1, 4165.13
33812.2, 4165.13
33812.3, 4165.64
33812.4, 4165.64
33843.2, 4162.05
33843.3, 4161.03
33843.3, 4161.54
33843.3, 4159.49
33874.4, 4160.51
33874.5, 4165.64
33874.5, 4167.18
33874.6, 4165.13
33906.2, 4162.56
33906.4, 4163.59
33906.4, 4167.18
33906.5, 4166.15
33937, 4164.1
33937.1, 4166.15
33937.1, 4166.67
33937.1, 4164.1
33968.1, 4162.56
33968.2, 4163.59
33968.3, 4163.59
33968.3, 4162.56
34000.2, 4160.51
34000.4, 4158.97
34000.5, 4160.51
34000.5, 4161.54
34031, 4161.03
34031.1, 4163.59
34031.2, 4164.1
34031.2, 4162.56
34062.2, 4165.64
34062.4, 4166.15
34062.4, 4163.59
34062.5, 4165.13
34093.2, 4166.15
34093.3, 4164.1
34093.3, 4165.64
34093.3, 4164.62
34125.1, 4158.97
34125.2, 4161.54
34125.3, 4164.62
34125.3, 4160.51
34156.2, 4158.97
34156.3, 4159.49
34156.4, 4162.05
34156.4, 4163.08
34187.2, 4160.51
34187.3, 4161.03
34187.4, 4163.08
34188, 4162.05
34219.5, 4161.54
34219.6, 4160
34219.6, 4160.51
34219.7, 4168.21
34250.1, 4169.23
34250.2, 4165.64
34250.2, 4167.18
34250.3, 4166.67
34281.3, 4165.13
34281.4, 4165.13
34281.4, 4164.62
34281.5, 4163.59
34312.1, 4163.59
34312.3, 4163.08
34312.4, 4162.56
34312.4, 4163.59
34343.9, 4163.59
34344, 4164.1
34344, 4163.08
34344.1, 4161.03
34375.2, 4163.59
34375.3, 4166.15
34375.3, 4164.1
34375.4, 4162.05
34406.1, 4164.62
34406.2, 4165.64
34406.2, 4160
34406.2, 4158.46
34437.2, 4164.62
34437.4, 4164.62
34437.4, 4161.03
34437.5, 4164.1
34469.2, 4165.64
34469.4, 4165.13
34469.4, 4167.69
34469.5, 4166.67
34500.2, 4161.54
34500.3, 4161.03
34500.4, 4165.64
34500.4, 4167.69
34530.9, 4165.64
34530.9, 4162.05
34531, 4161.03
34531, 4164.1
34562.9, 4164.62
34563, 4162.56
34563.1, 4160.51
34563.1, 4161.54
34593.7, 4162.56
34593.9, 4159.49
34593.9, 4160
34594, 4163.59
34624.8, 4162.56
34624.8, 4162.56
34624.9, 4163.08
34624.9, 4162.05
34656, 4162.05
34656.1, 4160.51
34656.1, 4160
34656.2, 4167.69
34688.3, 4168.72
34688.5, 4164.62
34688.6, 4167.18
34688.7, 4168.21
34719.1, 4162.05
34719.2, 4160
34719.2, 4163.59
34719.3, 4163.59
34749.6, 4161.54
34749.7, 4162.56
34749.8, 4164.62
34749.8, 4163.59
34781.6, 4164.62
34781.7, 4164.62
34781.8, 4160
34781.8, 4162.05
34813, 4166.67
34813.1, 4163.08
34813.1, 4160
34813.2, 4162.05
34843.7, 4164.1
34843.8, 4163.08
34843.8, 4165.13
34843.9, 4166.15
34874.8, 4166.67
34874.9, 4169.23
34874.9, 4167.69
34875, 4168.21
34907.4, 4166.67
34907.5, 4164.1
34907.5, 4168.21
34907.6, 4168.72
34937.9, 4166.15
34938, 4166.15
34938.1, 4168.21
34938.2, 4167.18
34968.9, 4164.62
34969, 4163.59
34969, 4162.56
34969.1, 4164.62
34999.8, 4165.64
34999.9, 4162.05
34999.9, 4161.03
34999.9, 4161.54
35031.9, 4161.54
35032, 4164.62
35032, 4165.13
35032, 4161.03
35062.8, 4163.08
35063, 4168.72
35063, 4164.62
35063.1, 4160.51
35094.2, 4165.64
35094.4, 4165.13
35094.4, 4158.46
35094.5, 4161.54
35125.8, 4166.15
35125.9, 4164.62
35126, 4161.03
35126, 4161.54
35157, 4163.59
35157.1, 4163.08
35157.2, 4161.03
35157.2, 4162.56
35188, 4166.15
35188.1, 4164.1
35188.1, 4159.49
35188.2, 4162.56
35218.9, 4164.1
35219, 4159.49
35219, 4158.97
35219.1, 4162.56
35251.1, 4158.97
35251.1, 4154.36
35251.2, 4155.38
35251.2, 4158.46
35281.8, 4162.05
35281.9, 4160
35281.9, 4152.31
35281.9, 4146.15
35313.2, 4143.08
35313.3, 4140.51
35313.4, 4136.41
35313.4, 4135.38
35345, 4135.9, estimuli
35345.1, 4135.9
35345.1, 4138.46
35345.2, 4137.44
35375.7, 4133.85
35375.8, 4138.97
35375.8, 4146.67
35375.9, 4146.67
35406.8, 4147.18
35406.9, 4152.82
35407, 4154.36
35407, 4153.33
35437.7, 4152.82
35437.8, 4153.33
35437.9, 4160
35437.9, 4162.05
35469.9, 4158.46
35470, 4160
35470, 4158.97
35470, 4157.44
35500.6, 4161.03
35500.7, 4163.08
35500.8, 4160
35500.8, 4160
35532, 4161.54
35532.1, 4160
35532.2, 4158.46
35532.2, 4161.54
35562.7, 4167.69
35562.8, 4168.21
35562.8, 4165.13
35562.9, 4165.64
35595, 4166.15
35595.1, 4165.13
35595.1, 4163.59
35595.1, 4161.54
35626, 4160
35626.1, 4163.59
35626.1, 4164.62
35626.2, 4163.59
35656.9, 4164.1
35657, 4162.56
35657, 4162.56
35657.1, 4163.08
35688.9, 4162.05
35689, 4160.51
35689, 4158.97
35689.1, 4160
35720.2, 4164.1
35720.3, 4165.13
35720.3, 4163.08
35720.4, 4163.08
35751, 4162.05
35751.1, 4161.03
35751.2, 4161.54
35751.2, 4163.59
35781.8, 4165.64
35781.9, 4164.1
35781.9, 4163.08
35782, 4166.15
35814, 4165.13
35814.1, 4162.56
35814.1, 4162.56
35814.2, 4163.59
35844.9, 4164.62
35845, 4162.56
35845.1, 4160
35845.1, 4158.97
35875.8, 4160
35875.9, 4162.56
35875.9, 4165.64
35876, 4164.1
35907.9, 4160
35908, 4158.97
35908, 4159.49
35908, 4160.51
35939.3, 4159.49
35939.3, 4158.46
35939.4, 4162.05
35939.4, 4162.05
35969.9, 4156.41
35970, 4164.62
35970.1, 4172.31
35970.1, 4158.97
36001, 4145.64
36001.1, 4149.74
36001.1, 4162.05
36001.2, 4172.31
36032.9, 4172.82
36032.9, 4176.41
36033, 4185.13
36033, 4168.21
36064, 4139.49
36064.1, 4136.41
36064.1, 4147.69
36064.2, 4165.64
36094.9, 4181.54
36095.1, 4182.05
36095.1, 4175.9
36095.1, 4162.56
36126, 4141.54
36126.1, 4134.36
36126.1, 4143.59
36126.2, 4164.1
36158.1, 4178.97
36158.2, 4177.44
36158.2, 4175.9
36158.3, 4163.08
36188.8, 4138.46
36188.9, 4137.44
36188.9, 4151.79
36188.9, 4164.62
36220, 4176.41
36220, 4178.97
36220.1, 4178.46
36220.1, 4165.13
36252, 4140
36252.1, 4137.44
36252.1, 4150.77
36252.2, 4163.59
36282.8, 4174.36
36282.9, 4178.97
36282.9, 4176.41
36282.9, 4161.54
36314.1, 4141.03
36314.2, 4139.49
36314.2, 4151.79
36314.2, 4166.67
36345.1, 4175.38
36345.2, 4176.92
36345.2, 4177.44
36345.3, 4166.67
36376.9, 4143.08
36377, 4135.9
36377, 4149.23
36377.1, 4167.18
36407.9, 4175.38
36408, 4175.9
36408, 4177.44
36408, 4166.15
36439, 4142.05
36439.1, 4136.41
36439.2, 4152.82
36439.2, 4168.21
36470.7, 4175.38
36470.8, 4178.97
36470.8, 4178.97
36470.9, 4164.1
36501.8, 4140.51
36501.9, 4138.46
36501.9, 4152.82
36501.9, 4166.15
36532.7, 4176.92
36532.8, 4181.03
36532.8, 4174.87
36532.8, 4160.51
36563.9, 4143.59
36563.9, 4137.44
36564, 4148.72
36564, 4169.74
36596, 4178.46
36596.1, 4177.44
36596.1, 4178.46
36596.2, 4165.13
36627, 4140.51
36627.1, 4137.95
36627.1, 4151.79
36627.1, 4162.05
36658, 4169.74
36658.1, 4176.92
36658.2, 4176.92
36658.2, 4161.54
36689, 4140.51
36689, 4138.46
36689.1, 4149.74
36689.1, 4163.59
36720.7, 4172.82
36720.8, 4175.9
36720.8, 4178.97
36720.8, 4165.64
36752.3, 4141.54
36752.4, 4139.49
36752.5, 4153.33
36752.6, 4165.64
36783, 4172.82
36783.1, 4177.95
36783.1, 4177.44
36783.2, 4161.54
36814.6, 4141.03
36814.7, 4141.54
36814.7, 4155.9
36814.7, 4166.15
36845.8, 4171.28
36845.9, 4176.41
36845.9, 4181.03
36845.9, 4165.64
36876.8, 4142.56
36876.9, 4142.05
36876.9, 4155.9
36876.9, 4168.21
36907.9, 4172.82
36908, 4173.33
36908.1, 4176.41
36908.1, 4167.18
36940.1, 4143.59
36940.1, 4137.44
36940.2, 4153.85
36940.2, 4168.21
36970.9, 4171.28
36970.9, 4172.31
36971, 4170.26
36971, 4157.44
37001.7, 4147.18
37001.8, 4156.92
37001.8, 4163.08
37001.9, 4152.31
37033.6, 4158.97
37033.7, 4171.79
37033.8, 4167.18
37033.8, 4159.49
37064.7, 4158.97
37064.8, 4163.59
37064.8, 4162.56
37064.8, 4160.51
37095.8, 4164.1
37095.9, 4164.1
37095.9, 4157.44
37096, 4156.41
37127, 4161.03
37127.1, 4161.03
37127.1, 4160.51
37127.2, 4160.51
37159.3, 4160.51
37159.5, 4161.03
37159.5, 4163.08
37159.6, 4165.64
37190.2, 4164.62
37190.4, 4161.54
37190.4, 4160
37190.4, 4161.03
37220.9, 4160.51
37221, 4162.05
37221, 4162.56
37221.1, 4158.46
37251.8, 4160.51
37251.9, 4164.1
37251.9, 4162.56
37252, 4162.05
37284, 4161.54
37284.1, 4158.46
37284.1, 4157.95
37284.1, 4158.97
37315, 4157.95
37315.1, 4156.92
37315.1, 4158.97
37315.1, 4160
37345.8, 4157.44
37345.9, 4158.46
37345.9, 4162.05
37346, 4160
37378.1, 4156.41
37378.2, 4157.44
37378.3, 4160
37378.3, 4158.97
37408.8, 4160
37408.9, 4164.1
37409, 4162.05
37409, 4158.97
37440, 4160.51
37440.1, 4161.54
37440.2, 4161.54
37440.2, 4161.03
37470.7, 4160
37470.9, 4159.49
37471.1, 4158.97
37471.2, 4159.49
37502.7, 4161.03
37502.8, 4162.56
37502.8, 4162.56
37502.9, 4159.49
37533.8, 4161.03
37533.9, 4167.69
37533.9, 4166.15
37533.9, 4162.05
37565, 4165.64
37565.1, 4164.62
37565.2, 4159.49
37565.2, 4161.03
37596.9, 4163.08
37597, 4161.54
37597, 4163.59
37597.1, 4162.56
37628, 4158.97
37628.1, 4161.54
37628.1, 4163.59
37628.2, 4159.49
37659, 4159.49
37659.1, 4162.05
37659.2, 4160
37659.2, 4162.05
37689.9, 4166.67
37690, 4168.21
37690, 4166.67
37690.1, 4163.59
37721.7, 4164.62
37721.8, 4167.18
37721.9, 4164.1
37721.9, 4157.44
37752.8, 4160
37752.8, 4162.56
37752.9, 4160.51
37752.9, 4161.54
37784.2, 4161.54
37784.3, 4160
37784.4, 4163.59
37784.4, 4166.67
37816, 4162.56
37816.1, 4160.51
37816.1, 4162.56
37816.1, 4162.56
37846.9, 4160.51
37847, 4162.56
37847.1, 4166.15
37847.1, 4163.59
37877.8, 4158.97
37877.9, 4158.97
37877.9, 4164.1
37878, 4163.59
37908.9, 4156.92
37909, 4162.05
37909, 4169.23
37909, 4164.62
37941, 4159.49
37941.1, 4161.03
37941.1, 4163.59
37941.1, 4163.59
37972, 4161.54
37972.1, 4163.08
37972.1, 4166.15
37972.2, 4164.1
38003.1, 4160
38003.2, 4163.08
38003.3, 4163.59
38003.3, 4158.97
38033.8, 4160.51
38033.9, 4164.62
38033.9, 4162.56
38033.9, 4157.95
38065.8, 4160
38065.9, 4163.08
38065.9, 4161.03
38066, 4161.03
38096.8, 4163.08
38096.9, 4160.51
38096.9, 4160
38096.9, 4163.08
38127.9, 4160.51
38128, 4157.44
38128, 4158.97
38128.1, 4161.54
38160, 4164.62
38160, 4166.15
38160.1, 4164.1
38160.1, 4163.59
38190.8, 4163.08
38190.9, 4165.13
38190.9, 4167.69
38191, 4168.72
38222, 4167.18
38222.1, 4165.64
38222.2, 4163.08
38222.2, 4160
38252.8, 4160.51
38252.9, 4161.54
38253, 4161.03
38253, 4160.51
38284.8, 4158.97
38284.9, 4160.51
38284.9, 4161.54
38284.9, 4161.54
38316.1, 4161.54
38316.2, 4161.54
38316.2, 4160
38316.3, 4158.97
38346.9, 4160.51
38347, 4162.05
38347, 4161.54
38347, 4160.51
38378.8, 4161.03
38378.9, 4162.05
38378.9, 4162.05
38379, 4162.56
38410.2, 4163.59
38410.3, 4164.1
38410.4, 4161.03
38410.4, 4158.97
38441, 4161.54
38441.1, 4162.56
38441.1, 4159.49
38441.2, 4158.97
38471.6, 4161.03
38471.7, 4165.64
38471.8, 4166.67
38471.8, 4163.59
38503.8, 4163.08
38503.9, 4162.56
38504, 4161.03
38504, 4159.49
38534.9, 4160.51
38535, 4161.54
38535, 4161.54
38535, 4164.62
38565.9, 4165.64
38566, 4164.1
38566, 4164.1
38566, 4163.59
38596.8, 4162.56
38596.9, 4163.59
38596.9, 4164.62
38597, 4161.03
38629.2, 4158.46
38629.4, 4162.05
38629.4, 4164.1
38629.5, 4163.08
38659.9, 4161.54
38660, 4160
38660, 4160.51
38660.1, 4160.51
38690.9, 4160
38691, 4162.56
38691, 4164.1
38691, 4161.54
38722.9, 4162.56
38722.9, 4166.67
38723, 4164.1
38723, 4158.46
38753.7, 4160
38753.7, 4162.56
38753.8, 4160.51
38753.8, 4161.54
38784.8, 4166.15
38784.9, 4167.18
38784.9, 4166.67
38784.9, 4164.62
38815.8, 4163.59
38815.9, 4163.59
38815.9, 4164.62
38815.9, 4166.67
38847.8, 4165.64
38847.9, 4165.13
38848, 4165.13
38848, 4163.08
38878.7, 4161.03
38878.8, 4161.54
38878.8, 4163.08
38878.9, 4160
38909.8, 4159.49
38909.9, 4160.51
38909.9, 4160
38910, 4161.03
38941.9, 4161.03
38942, 4160
38942, 4162.05
38942, 4164.62
38972.9, 4163.59
38973, 4162.56
38973.1, 4162.56
38973.1, 4163.08
39003.8, 4165.13
39003.9, 4165.64
39004, 4164.62
39004, 4161.54
39034.6, 4162.05
39034.7, 4164.1
39034.8, 4164.62
39034.8, 4162.56
39066.8, 4159.49
39066.9, 4162.05
39066.9, 4165.64
39067, 4164.1
39097.7, 4160.51
39097.8, 4161.03
39097.9, 4163.08
39097.9, 4165.13
39128.8, 4164.1
39128.9, 4163.08
39128.9, 4164.1
39129, 4163.08
39159.8, 4164.1
39159.9, 4166.15
39160, 4163.08
39160, 4160
39191.8, 4162.05
39191.9, 4164.62
39191.9, 4163.59
39192, 4163.08
39223, 4162.05
39223.1, 4163.59
39223.1, 4163.08
39223.1, 4160.51
39254.1, 4161.54
39254.2, 4161.54
39254.3, 4161.54
39254.3, 4162.05
39286, 4162.05
39286.1, 4163.08
39286.1, 4163.59
39286.2, 4160
39317, 4156.92
39317.1, 4158.97
39317.1, 4161.03
39317.2, 4160
39348, 4161.03
39348.1, 4162.56
39348.1, 4160.51
39348.1, 4158.46
39378.9, 4161.54
39379, 4161.03
39379, 4160.51
39379.1, 4164.1
39411, 4164.62
39411, 4160.51
39411.1, 4161.03
39411.1, 4164.1
39442, 4161.03
39442.2, 4159.49
39442.2, 4164.62
39442.3, 4162.56
39473.3, 4157.95
39473.4, 4164.1
39473.5, 4167.69
39473.5, 4165.64
39504.1, 4165.64
39504.2, 4165.13
39504.3, 4165.13
39504.3, 4167.18
39535.7, 4163.59
39535.8, 4157.95
39535.8, 4161.03
39535.9, 4162.56
39566.7, 4160.51
39566.8, 4163.08
39566.9, 4161.03
39567, 4158.97
39597.6, 4163.08
39597.7, 4162.56
39597.8, 4158.97
39597.8, 4162.05
39630, 4165.13
39630.1, 4163.59
39630.1, 4161.03
39630.2, 4161.54
39660.9, 4166.15
39661, 4165.13
39661.1, 4163.08
39661.1, 4165.64
39692.3, 4165.64
39692.4, 4164.1
39692.5, 4165.13
39692.5, 4165.13
39722.8, 4162.05
39722.9, 4163.59
39723, 4165.64
39723, 4162.05
39754.5, 4161.54
39754.7, 4165.64
39754.7, 4164.62
39754.8, 4156.92
39785.7, 4157.44
39785.8, 4164.1
39785.8, 4161.54
39785.9, 4157.95
39816.7, 4160
39816.8, 4160.51
39816.9, 4160.51
39816.9, 4161.54
39848.9, 4161.03
39848.9, 4160.51
39849, 4161.03
39849, 4163.59
39880, 4163.59
39880.2, 4161.03
39880.3, 4161.54
39880.4, 4162.56
39910.9, 4159.49
39911, 4160.51
39911, 4159.49
39911, 4155.38
39941.7, 4157.95
39941.8, 4161.03
39941.9, 4159.49
39941.9, 4158.46
39974, 4158.97
39974.1, 4160.51
39974.1, 4157.44
39974.1, 4154.36
40004.6, 4154.87
40004.8, 4155.9
40004.8, 4155.9
40004.9, 4154.87
40035.7, 4155.38
40035.8, 4151.28
40035.9, 4142.56
40035.9, 4135.9
40066.7, 4132.31, estimuli
40066.8, 4131.28
40066.8, 4129.23
40066.9, 4127.69
40099.1, 4128.72
40099.2, 4131.79
40099.2, 4133.85
40099.3, 4134.87
40129.8, 4136.41
40129.9, 4137.44
40129.9, 4138.46
40130, 4143.59
40160.9, 4149.23
40160.9, 4150.77
40161, 4152.31
40161, 4152.82
40192.9, 4152.82
40193, 4154.36
40193, 4155.38
40193.1, 4155.38
40223.9, 4155.9
40224, 4159.49
40224.1, 4158.46
40224.1, 4160
40254.8, 4164.1
40254.9, 4162.56
40254.9, 4159.49
40254.9, 4159.49
40286.3, 4161.03
40286.4, 4162.56
40286.5, 4158.97
40286.5, 4157.44
40317.9, 4159.49
40318, 4160.51
40318.1, 4159.49
40318.1, 4158.46
40349, 4159.49
40349.1, 4161.03
40349.1, 4160
40349.2, 4161.03
40380.1, 4162.56
40380.2, 4159.49
40380.2, 4159.49
40380.2, 4162.56
40411.8, 4158.97
40411.9, 4157.44
40411.9, 4159.49
40412, 4157.95
40442.8, 4156.41
40442.9, 4159.49
40442.9, 4164.1
40442.9, 4160
40474, 4155.38
40474.1, 4156.41
40474.1, 4156.92
40474.1, 4155.9
40505, 4159.49
40505.1, 4162.56
40505.1, 4158.97
40505.1, 4157.95
40536.8, 4161.03
40536.9, 4160
40536.9, 4159.49
40536.9, 4160
40567.9, 4160
40568, 4162.56
40568, 4162.05
40568.1, 4158.46
40598.8, 4156.92
40598.9, 4158.97
40598.9, 4160
40599, 4157.44
40630.8, 4156.92
40630.9, 4162.05
40630.9, 4163.59
40631, 4158.97
40661.9, 4157.44
40662, 4160
40662, 4163.59
40662, 4159.49
40693.3, 4152.82
40693.4, 4161.03
40693.5, 4166.67
40693.6, 4152.82
40724.4, 4138.46
40724.5, 4145.13
40724.5, 4162.56
40724.6, 4170.77
40756, 4168.72
40756, 4174.87
40756.1, 4178.46
40756.1, 4157.95
40786.7, 4137.44
40786.8, 4137.95
40786.8, 4151.28
40786.9, 4169.74
40817.8, 4176.41
40817.9, 4177.95
40817.9, 4174.36
40818, 4153.85
40848.6, 4135.38
40848.8, 4138.97
40848.8, 4150.77
40848.9, 4165.64
40880.9, 4176.92
40881, 4179.49
40881.1, 4175.38
40881.1, 4155.38
40912, 4137.44
40912.2, 4137.95
40912.2, 4150.26
40912.3, 4167.69
40942.9, 4177.44
40943, 4180
40943, 4175.38
40943.1, 4153.33
40974.9, 4135.38
40975, 4139.49
40975.1, 4153.85
40975.1, 4170.77
41005.9, 4176.92
41006, 4176.92
41006, 4175.38
41006.1, 4152.31
41036.7, 4130.77
41036.7, 4136.41
41036.9, 4150.77
41037, 4164.62
41067.7, 4170.77
41067.8, 4172.82
41067.8, 4172.31
41067.8, 4154.87
41099.8, 4134.87
41099.9, 4136.41
41099.9, 4152.82
41099.9, 4166.67
41131.2, 4171.79
41131.3, 4175.38
41131.4, 4171.79
41131.4, 4150.26
41161.9, 4133.85
41161.9, 4141.03
41162, 4156.92
41162, 4168.21
41192.7, 4172.82
41192.8, 4175.38
41192.8, 4173.33
41192.9, 4152.82
41224.8, 4135.38
41224.8, 4142.56
41224.9, 4158.97
41224.9, 4169.23
41255.8, 4170.77
41255.9, 4172.31
41255.9, 4172.82
41256, 4154.87
41286.8, 4135.9
41286.9, 4138.97
41286.9, 4153.33
41287, 4166.15
41319.2, 4173.85
41319.3, 4177.95
41319.3, 4174.87
41319.4, 4155.38
41350.1, 4137.44
41350.2, 4140.51
41350.2, 4153.85
41350.3, 4168.21
41381, 4173.33
41381.1, 4172.82
41381.2, 4173.85
41381.2, 4155.9
41411.9, 4133.33
41412, 4137.44
41412.1, 4155.9
41412.1, 4167.69
41443.9, 4168.72
41444, 4172.31
41444, 4171.79
41444, 4152.31
41474.7, 4135.9
41474.8, 4139.49
41474.8, 4150.26
41474.8, 4162.05
41505.9, 4170.77
41505.9, 4176.41
41506, 4174.87
41506, 4155.9
41538, 4136.92
41538.2, 4139.49
41538.3, 4154.36
41538.4, 4164.62
41568.9, 4167.18
41569, 4173.33
41569, 4179.49
41569, 4163.59
41599.8, 4140.51
41599.9, 4138.46
41600, 4150.77
41600, 4162.05
41630.9, 4166.15
41631, 4175.38
41631, 4185.64
41631, 4169.23
41663, 4142.56
41663.1, 4138.97
41663.1, 4148.72
41663.1, 4156.41
41693.8, 4165.64
41693.9, 4176.41
41694, 4176.41
41694, 4155.9
41725, 4148.72
41725.2, 4166.67
41725.2, 4161.03
41725.3, 4148.72
41757.3, 4164.62
41757.4, 4167.69
41757.5, 4152.31
41757.5, 4154.87
41787.8, 4162.56
41787.8, 4157.95
41787.9, 4154.87
41787.9, 4161.54
41818.7, 4164.62
41818.8, 4156.92
41818.8, 4152.82
41818.9, 4158.97
41850, 4161.54
41850.1, 4158.97
41850.1, 4158.46
41850.1, 4158.46
41881.7, 4158.97
41881.8, 4160.51
41881.8, 4160.51
41881.9, 4158.46
41913.2, 4159.49
41913.3, 4159.49
41913.4, 4157.95
41913.4, 4157.44
41944, 4158.46
41944.1, 4160
41944.2, 4157.44
41944.3, 4153.33
41975.1, 4155.9
41975.2, 4160.51
41975.3, 4159.49
41975.3, 4156.41
42007, 4154.87
42007.1, 4154.87
42007.1, 4158.97
42007.2, 4161.54
42037.9, 4158.46
42038, 4158.46
42038, 4161.03
42038.1, 4158.97
42068.8, 4160
42068.9, 4163.08
42069, 4160.51
42069, 4158.97
42100.7, 4160.51
42100.8, 4157.95
42100.8, 4156.41
42100.8, 4156.41
42131.7, 4154.87
42131.8, 4154.36
42131.8, 4151.28
42131.9, 4150.26
42163, 4153.33
42163, 4150.77
42163.1, 4148.72
42163.1, 4151.79
42193.8, 4153.85
42193.9, 4152.82
42193.9, 4153.33
42193.9, 4155.38
42225.9, 4154.87
42226, 4154.87
42226, 4155.9
42226, 4153.85
42256.9, 4153.85
42256.9, 4153.85
42257, 4152.82
42257, 4151.28
42287.8, 4151.28
42287.8, 4154.36
42287.9, 4155.38
42287.9, 4153.85
42320.1, 4154.87
42320.2, 4156.92
42320.3, 4154.87
42320.3, 4151.79
42351, 4151.28
42351.1, 4150.77
42351.1, 4149.23
42351.2, 4150.26
42382, 4150.26
42382.1, 4149.23
42382.1, 4147.18
42382.2, 4147.18
42412.9, 4150.77
42413, 4151.28
42413, 4151.79
42413.1, 4155.9
42444.9, 4154.87
42445, 4151.28
42445, 4151.79
42445, 4152.31
42475.8, 4152.82
42475.9, 4153.33
42475.9, 4153.85
42476, 4154.36
42506.8, 4156.92
42506.9, 4158.97
42506.9, 4152.31
42507, 4148.72
42537.8, 4154.36
42537.9, 4155.9
42537.9, 4153.85
42537.9, 4153.85
42570.1, 4153.33
42570.3, 4152.82
42570.3, 4154.36
42570.4, 4153.33
42600.9, 4151.79
42601, 4153.33
42601, 4152.31
42601.1, 4149.74
42631.7, 4152.31
42631.8, 4155.38
42631.9, 4158.46
42631.9, 4160
42663.9, 4156.41
42664.1, 4156.41
42664.1, 4156.92
42664.2, 4151.28
42694.9, 4151.79
42695, 4153.85
42695, 4152.82
42695, 4153.33
42726, 4158.97
42726.1, 4161.03
42726.1, 4156.92
42726.2, 4153.85
42756.8, 4153.85
42757, 4153.33
42757, 4154.36
42757.1, 4154.87
42789.1, 4151.28
42789.2, 4151.79
42789.3, 4155.9
42789.3, 4155.38
42819.9, 4154.36
42819.9, 4152.31
42820, 4148.21
42820, 4148.21
42850.9, 4150.77
42851, 4150.77
42851, 4152.31
42851.1, 4155.9
42882.7, 4153.85
42882.8, 4152.82
42882.8, 4155.38
42882.8, 4155.38
42913.9, 4155.38
42914, 4156.41
42914, 4156.92
42914.1, 4155.38
42945, 4157.95
42945.1, 4162.56
42945.1, 4162.05
42945.2, 4161.54
42975.9, 4160.51
42976.1, 4158.46
42976.1, 4156.41
42976.2, 4155.38
43008.4, 4155.38
43008.5, 4157.95
43008.6, 4157.44
43008.6, 4153.33
43038.8, 4156.41
43038.9, 4156.41
43038.9, 4151.79
43038.9, 4154.36
43069.7, 4158.97
43069.8, 4158.97
43069.9, 4155.38
43070, 4154.87
43100.9, 4154.36
43101, 4153.33
43101, 4153.85
43101.1, 4155.38
43132.9, 4156.41
43133, 4154.87
43133.1, 4153.85
43133.1, 4155.9
43163.7, 4155.9
43163.8, 4154.87
43163.8, 4155.9
43163.8, 4157.44
43195.1, 4156.41
43195.2, 4156.41
43195.3, 4158.97
43195.4, 4157.44
43227.1, 4155.9
43227.2, 4158.97
43227.3, 4157.44
43227.3, 4156.41
43258.3, 4158.46
43258.4, 4157.95
43258.4, 4155.9
43258.5, 4155.9
43288.8, 4155.9
43288.9, 4156.41
43289, 4156.92
43289, 4155.9
43319.9, 4158.46
43320, 4159.49
43320, 4157.95
43320, 4155.9
43351.6, 4154.87
43351.7, 4154.36
43351.7, 4154.36
43351.8, 4155.38
43382.8, 4156.41
43382.9, 4159.49
43382.9, 4159.49
43382.9, 4154.36
43413.8, 4154.36
43413.9, 4156.41
43413.9, 4154.36
43414, 4154.36
43445.8, 4154.87
43445.9, 4153.85
43446, 4154.87
43446, 4154.87
43477, 4156.41
43477.1, 4156.41
43477.1, 4153.33
43477.2, 4150.77
43507.9, 4152.31
43508, 4156.41
43508, 4155.38
43508.1, 4152.31
43538.7, 4153.85
43538.8, 4156.92
43538.8, 4156.92
43538.9, 4154.87
43570.7, 4153.85
43570.8, 4154.36
43570.8, 4156.41
43570.8, 4154.36
43602.5, 4152.82
43602.6, 4155.9
43602.7, 4155.38
43602.7, 4152.31
43632.8, 4155.38
43632.9, 4157.95
43633, 4154.87
43633, 4153.33
43663.8, 4154.36
43663.9, 4155.9
43664, 4154.87
43664, 4153.33
43695.8, 4155.9
43695.9, 4155.38
43695.9, 4152.31
43695.9, 4152.82
43726.8, 4153.85
43726.9, 4152.82
43726.9, 4152.31
43727, 4153.85
43757.7, 4155.38
43757.8, 4154.36
43757.9, 4152.82
43757.9, 4151.28
43790.1, 4149.74
43790.1, 4151.79
43790.2, 4155.9
43790.2, 4154.87
43821.1, 4150.77
43821.2, 4155.38
43821.2, 4161.03
43821.3, 4158.46
43851.8, 4154.87
43851.8, 4156.41
43851.9, 4157.44
43851.9, 4155.9
43882.8, 4155.38
43882.9, 4158.97
43882.9, 4158.97
43883, 4154.36
43915.2, 4154.87
43915.3, 4157.95
43915.3, 4157.44
43915.4, 4156.92
43946, 4156.41
43946.1, 4154.87
43946.2, 4153.85
43946.2, 4156.92
43977.1, 4158.97
43977.2, 4157.44
43977.3, 4156.41
43977.4, 4155.9
44009.1, 4152.82
44009.2, 4151.28
44009.3, 4154.36
44009.3, 4157.95
44040.1, 4157.95
44040.2, 4155.9
44040.3, 4155.9
44040.4, 4153.33
44071.2, 4153.33
44071.3, 4156.92
44071.4, 4157.44
44071.7, 4155.9
44102.3, 4154.87
44102.4, 4156.41
44102.5, 4155.9
44102.5, 4154.36
44134.2, 4154.36
44134.3, 4154.36
44134.3, 4154.87
44134.3, 4156.41
44165.2, 4154.87
44165.3, 4153.33
44165.4, 4154.36
44165.4, 4154.36
44196.1, 4154.36
44196.2, 4155.38
44196.3, 4155.9
44196.3, 4154.87
44227.2, 4156.41
44227.4, 4156.41
44227.4, 4154.87
44227.5, 4155.9
44259.2, 4155.38
44259.4, 4152.82
44259.4, 4156.41
44259.5, 4158.97
44290.2, 4157.44
44290.3, 4156.92
44290.4, 4156.41
44290.4, 4155.9
44321.2, 4156.92
44321.3, 4156.92
44321.4, 4155.9
44321.4, 4156.41
44353.2, 4155.9
44353.4, 4154.36
44353.5, 4154.87
44353.5, 4157.44
44384, 4155.9
44384.1, 4152.31
44384.1, 4153.33
44384.2, 4154.87
44415, 4154.87
44415.1, 4154.87
44415.1, 4156.41
44415.2, 4157.44
44446.1, 4154.87
44446.2, 4152.82
44446.3, 4152.82
44446.3, 4152.31
44478.1, 4153.33
44478.2, 4152.31
44478.3, 4150.77
44478.4, 4152.31
44509.2, 4156.41
44509.3, 4157.95
44509.4, 4155.9
44509.4, 4155.38
44540.3, 4156.92
44540.4, 4155.38
44540.4, 4153.33
44540.5, 4153.33
44572.1, 4154.87
44572.2, 4155.9
44572.3, 4155.9
44572.3, 4155.9
44603.2, 4152.31
44603.3, 4149.74
44603.3, 4152.82
44603.4, 4153.85
44634.4, 4151.28
44634.5, 4151.28
44634.6, 4153.85
44634.6, 4153.85
44665.2, 4152.82
44665.3, 4153.33
44665.3, 4153.33
44665.4, 4155.38
44697.2, 4156.41
44697.3, 4152.82
44697.3, 4153.33
44697.4, 4155.38
44727.9, 4153.33
44728, 4152.82
44728.1, 4152.31
44728.1, 4150.26
44759, 4149.74
44759.1, 4149.74
44759.1, 4150.26
44759.2, 4150.77
44790.1, 4151.28
44790.2, 4152.31
44790.3, 4154.87
44790.3, 4154.87
44821.7, 4151.28
44821.8, 4150.77
44821.8, 4154.36
44821.9, 4157.95
44853, 4156.41
44853.1, 4155.38
44853.2, 4157.95
44853.2, 4158.97
44883.7, 4156.41
44883.8, 4153.33
44883.8, 4153.33
44883.8, 4155.9
44915.7, 4156.92
44915.8, 4153.85
44915.8, 4151.79
44915.9, 4153.85
44946.8, 4154.87
44946.9, 4154.87
44946.9, 4153.33
44947, 4153.85
44977.9, 4155.9
44977.9, 4155.38
44978, 4155.38
44978, 4156.41
45008.9, 4158.97
45009, 4158.97
45009, 4157.44
45009.1, 4155.38
45041, 4155.9
45041.1, 4158.97
45041.2, 4158.46
45041.2, 4157.44
45072.3, 4157.95
45072.4, 4154.87
45072.4, 4152.31
45072.5, 4153.85
45102.7, 4155.9
45102.8, 4154.87
45102.8, 4152.31
45102.9, 4150.26
45134.7, 4153.33
45134.8, 4154.36
45134.9, 4150.26
45134.9, 4151.79
45166, 4154.36
45166.1, 4151.79
45166.2, 4150.77
45166.2, 4152.31
45197.1, 4152.31
45197.1, 4152.31
45197.2, 4152.31
45197.2, 4151.79
45228, 4154.36
45228.1, 4157.44
45228.1, 4153.33
45228.1, 4151.28
45260.1, 4153.85
45260.2, 4152.82
45260.3, 4150.26
45260.3, 4150.26
45291.3, 4151.28
45291.4, 4151.79
45291.4, 4152.82
45291.5, 4153.33
45322.1, 4152.31
45322.1, 4154.36
45322.2, 4156.41
45322.2, 4153.33
45353.7, 4152.82
45353.8, 4153.85
45353.9, 4150.77
45353.9, 4150.77
45384.7, 4154.36
45384.8, 4154.87
45384.8, 4151.79
45384.8, 4153.85
45415.7, 4156.92
45415.7, 4154.36
45415.8, 4153.33
45415.9, 4157.44
45446.9, 4157.95
45447, 4155.9
45447.1, 4152.82
45447.1, 4151.28
45479.2, 4152.82
45479.3, 4155.38
45479.3, 4154.87
45479.3, 4154.36
45510.1, 4155.38
45510.3, 4154.36
45510.4, 4152.31
45510.5, 4154.36
45540.9, 4155.38
45541, 4152.82
45541, 4150.77
45541.1, 4150.77
45571.8, 4153.33
45571.9, 4153.33
45572, 4152.31
45572, 4155.38
45603.9, 4154.87
45604, 4151.28
45604.1, 4151.28
45604.1, 4153.33
45634.8, 4153.85
45634.9, 4155.9
45635, 4157.44
45635, 4156.41
45665.9, 4158.46
45666, 4160
45666, 4156.92
45666.1, 4155.9
45698.2, 4156.92
45698.3, 4154.87
45698.3, 4154.36
45698.4, 4155.9
45729, 4154.87
45729, 4155.38
45729.1, 4157.44
45729.1, 4155.9
45760.2, 4152.82
45760.3, 4150.77
45760.3, 4151.28
45760.3, 4153.33
45791, 4155.38
45791.1, 4155.9
45791.1, 4154.36
45791.2, 4154.36
45823, 4156.92
45823.1, 4157.44
45823.1, 4153.85
45823.1, 4155.38
45853.8, 4162.05
45853.9, 4156.92
45854, 4150.77
45854, 4153.85
45885.1, 4155.38
45885.2, 4154.36
45885.3, 4155.38
45885.3, 4154.36
45916.6, 4154.36
45916.7, 4154.87
45916.8, 4152.31
45916.9, 4151.28
45947.8, 4158.97
45947.9, 4161.03
45947.9, 4157.95
45947.9, 4160
45978.7, 4160.51
45978.8, 4156.41
45978.8, 4155.38
45978.9, 4158.97
46009.8, 4160
46009.9, 4155.38
46009.9, 4155.9
46010, 4157.44
46042.1, 4155.9
46042.2, 4157.95
46042.3, 4161.03
46042.3, 4157.95
46073, 4156.92
46073.1, 4156.92
46073.1, 4154.87
46073.1, 4154.87
46103.9, 4156.92
46104, 4155.9
46104, 4155.9
46104, 4161.03
46134.7, 4161.03
46134.7, 4155.38
46134.8, 4156.41
46134.8, 4157.95
46166.7, 4155.38
46166.8, 4156.92
46166.9, 4156.41
46166.9, 4151.28
46197.9, 4154.36
46198, 4157.95
46198, 4152.82
46198, 4152.82
46228.9, 4160
46228.9, 4158.46
46229, 4152.82
46229, 4152.31
46260.9, 4154.36
46261, 4155.9
46261, 4155.9
46261, 4154.87
46292.2, 4154.36
46292.3, 4154.36
46292.4, 4154.87
46292.5, 4156.92
46323.2, 4156.41
46323.3, 4154.36
46323.4, 4155.38
46323.4, 4155.9
46353.8, 4155.38
46353.9, 4153.85
46353.9, 4152.31
46354, 4154.87
46385.8, 4157.95
46385.9, 4156.41
46386, 4152.31
46386, 4154.87
46416.7, 4157.44
46416.8, 4153.33
46416.9, 4151.28
46416.9, 4154.36
46447.9, 4156.41
46448, 4157.95
46448, 4157.44
46448.1, 4154.36
46479.9, 4153.85
46480, 4157.44
46480, 4156.92
46480.1, 4152.82
46511.4, 4155.38
46511.5, 4157.95
46511.5, 4152.82
46511.6, 4151.28
46541.9, 4153.85
46542, 4153.85
46542, 4153.85
46542.1, 4157.44
46573.2, 4157.44
46573.3, 4158.46
46573.3, 4162.56
46573.3, 4161.03
46604.8, 4156.92
46604.9, 4157.44
46605, 4155.9
46605.1, 4153.85
46635.8, 4156.41
46635.8, 4155.9
46635.9, 4154.87
46635.9, 4156.92
46666.8, 4155.38
46666.9, 4152.31
46666.9, 4153.85
46667, 4154.87
46698.2, 4153.33
46698.3, 4154.87
46698.4, 4154.87
46698.4, 4154.36
46730, 4158.97
46730, 4158.97
46730.1, 4154.36
46730.1, 4154.87
46760.8, 4156.92
46760.9, 4155.9
46761, 4155.9
46761, 4157.44
46792, 4158.97
46792.1, 4158.46
46792.1, 4157.95
46792.1, 4158.46
46824, 4157.44
46824.1, 4157.44
46824.1, 4156.92
46824.2, 4155.9
46854.8, 4155.38
46854.9, 4158.46
46854.9, 4162.05
46854.9, 4158.46
46885.8, 4156.92
46885.9, 4162.05
46886, 4160.51
46886, 4156.41
46917, 4159.49
46917.1, 4158.46
46917.2, 4154.36
46917.2, 4158.46
46948.8, 4159.49
46948.9, 4153.33
46948.9, 4150.77
46948.9, 4156.92
46980, 4157.95
46980.1, 4151.28
46980.1, 4150.77
46980.1, 4158.46
47010.9, 4161.54
47011, 4156.41
47011, 4155.9
47011, 4158.97
47042.2, 4155.38
47042.2, 4152.82
47042.3, 4155.38
47042.3, 4153.85
47074.1, 4151.28
47074.2, 4153.33
47074.2, 4153.33
47074.2, 4152.31
47105.2, 4152.82
47105.3, 4154.87
47105.4, 4155.38
47105.4, 4155.9
47135.8, 4156.92
47135.9, 4156.92
47135.9, 4156.41
47136, 4155.38
47167.7, 4154.87
47167.8, 4154.36
47167.8, 4154.36
47167.9, 4155.9
47198.7, 4155.38
47198.8, 4154.36
47198.8, 4155.38
47198.8, 4154.36
47229.9, 4152.82
47230, 4154.87
47230, 4155.38
47230, 4154.36
47260.9, 4155.9
47261, 4156.92
47261, 4154.87
47261.1, 4153.33
47292.8, 4154.87
47292.9, 4153.85
47293, 4150.77
47293, 4149.74
47324.1, 4150.77
47324.2, 4152.31
47324.2, 4154.36
47324.3, 4154.36
47354.8, 4153.33
47354.9, 4152.82
47354.9, 4153.33
47355, 4151.79
47386.7, 4150.77
47386.8, 4154.36
47386.8, 4153.85
47386.9, 4152.31
47417.6, 4154.36
47417.7, 4155.38
47417.8, 4154.36
47417.8, 4150.77
47448.7, 4150.77
47448.8, 4154.87
47448.8, 4155.38
47448.9, 4155.38
47479.8, 4156.41
47479.8, 4153.33
47479.9, 4151.28
47479.9, 4152.82
47512, 4152.31
47512, 4151.79
47512.1, 4153.33
47512.1, 4150.77
47543, 4147.69
47543.1, 4148.72
47543.2, 4150.77
47543.2, 4151.28
47574.1, 4150.26
47574.1, 4149.23
47574.2, 4151.28
47574.2, 4152.31
47605.1, 4151.28
47605.3, 4152.82
47605.4, 4151.79
47605.4, 4151.28
47636.7, 4152.31
47636.8, 4151.79
47636.8, 4149.74
47636.9, 4150.77
47667.7, 4155.38
47667.8, 4156.41
47667.8, 4154.36
47667.9, 4155.9
47698.7, 4155.38
47698.8, 4150.26
47698.8, 4147.69
47698.9, 4147.69
47731.3, 4148.72
47731.4, 4152.31
47731.4, 4153.33
47731.5, 4151.79
47761.9, 4152.31
47762, 4153.33
47762, 4152.31
47762, 4152.31
47792.9, 4154.36
47793, 4153.33
47793.1, 4151.28
47793.1, 4153.33
47823.8, 4154.36
47823.9, 4153.85
47823.9, 4153.85
47823.9, 4156.92
47855.8, 4157.44
47855.9, 4153.85
47855.9, 4151.28
47855.9, 4153.33
47886.8, 4160
47886.9, 4162.05
47886.9, 4155.38
47887, 4154.36
47917.8, 4157.44
47917.9, 4153.85
47917.9, 4151.79
47918, 4155.9
47949.8, 4156.41
47949.9, 4153.85
47949.9, 4154.36
47950, 4157.44
47980.8, 4157.95
47980.9, 4154.87
47980.9, 4153.85
47981, 4154.36
48011.8, 4152.31
48011.8, 4151.28
48011.9, 4152.31
48011.9, 4154.36
48042.7, 4156.41
48042.8, 4156.41
48042.8, 4154.87
48042.8, 4156.92
48074.9, 4158.46
48075, 4157.44
48075, 4155.9
48075, 4153.85
48106, 4153.33
48106.1, 4155.9
48106.1, 4155.38
48106.2, 4155.9
48137.2, 4157.44
48137.3, 4153.33
48137.4, 4150.26
48137.4, 4153.33
48167.6, 4155.38
48167.7, 4153.85
48167.7, 4154.36
48167.8, 4156.92
48199.8, 4155.9
48199.9, 4151.79
48200, 4151.79
48200, 4154.87
48230.7, 4155.38
48230.8, 4154.36
48230.8, 4152.82
48230.9, 4152.31
48262, 4151.28
48262.1, 4154.36
48262.1, 4155.9
48262.2, 4154.87
48293.9, 4156.41
48294, 4157.95
48294.1, 4158.97
48294.2, 4158.46
48324.8, 4155.38
48324.9, 4153.85
48324.9, 4153.33
48325, 4152.82
48356, 4153.33
48356.1, 4154.36
48356.1, 4155.9
48356.1, 4154.87
48386.8, 4152.82
48386.9, 4154.87
48387, 4154.87
48387, 4150.77
48418.7, 4151.28
48418.8, 4155.38
48418.9, 4155.38
48418.9, 4152.82
48449.9, 4153.85
48450, 4156.41
48450.1, 4154.36
48450.1, 4153.33
48480.9, 4155.9
48481, 4155.38
48481, 4151.79
48481, 4151.28
48512.8, 4153.85
48512.9, 4154.36
48513, 4153.33
48513, 4153.85
48544.1, 4155.38
48544.3, 4157.44
48544.3, 4157.44
48544.4, 4155.9
48575.4, 4153.85
48575.5, 4153.33
48575.5, 4151.28
48575.6, 4149.74
48605.9, 4155.38
48606, 4159.49
48606.1, 4154.36
48606.1, 4151.79
48637.8, 4155.38
48637.8, 4153.85
48637.9, 4151.28
48637.9, 4153.85
48669.1, 4156.41
48669.2, 4154.87
48669.2, 4152.82
48669.2, 4155.9
48700.3, 4156.92
48700.4, 4153.33
48700.5, 4152.31
48700.5, 4156.92
48731.9, 4158.97
48732, 4156.41
48732, 4153.85
48732, 4152.82
48763.3, 4154.36
48763.4, 4155.38
48763.5, 4154.87
48763.5, 4157.95
48793.7, 4160
48793.8, 4154.36
48793.8, 4150.26
48793.9, 4154.36
48824.9, 4155.38
48825, 4154.36
48825, 4155.38
48825, 4155.38
48856.9, 4153.85
48857, 4150.77
48857, 4150.77
48857, 4153.33
48887.8, 4155.9
48887.9, 4155.9
48887.9, 4155.9
48887.9, 4157.44
48919, 4155.38
48919.1, 4152.82
48919.1, 4152.82
48919.2, 4152.82
48949.8, 4154.87
48949.9, 4155.38
48949.9, 4152.82
48949.9, 4154.87
48981.9, 4157.44
48982, 4155.38
48982, 4153.85
48982, 4155.9
49012.8, 4156.41
49012.9, 4152.82
49012.9, 4151.28
49012.9, 4152.82
49043.8, 4153.33
49043.9, 4153.33
49044, 4153.85
49044, 4154.36
49075.8, 4156.41
49075.9, 4155.9
49075.9, 4153.33
49075.9, 4151.79
49106.9, 4153.85
49107, 4154.36
49107, 4153.85
49107.1, 4156.92
49138, 4157.95
49138.1, 4154.87
49138.1, 4153.85
49138.1, 4154.87
49169.3, 4155.9
49169.4, 4153.85
49169.5, 4153.33
49169.6, 4156.92
49200.8, 4157.95
49200.9, 4156.41
49200.9, 4155.9
49201, 4155.38
49231.9, 4155.38
49232, 4153.85
49232, 4150.26
49232.1, 4150.26
49262.9, 4154.87
49263, 4155.9
49263, 4154.87
49263.1, 4156.41
49294.8, 4156.92
49294.9, 4155.9
49294.9, 4158.46
49295, 4160.51
49325.9, 4156.41
49326, 4152.82
49326, 4154.36
49326.1, 4156.41
49357, 4155.9
49357.1, 4154.36
49357.1, 4152.82
49357.1, 4153.33
49388, 4154.87
49388.1, 4155.38
49388.1, 4154.36
49388.2, 4154.87
49419.8, 4153.33
49419.9, 4153.85
49419.9, 4156.41
49419.9, 4155.38
49450.9, 4154.87
49451, 4155.38
49451, 4155.9
49451.1, 4155.38
49481.7, 4152.82
49481.7, 4151.28
49481.8, 4153.85
49481.8, 4153.85
49512.9, 4152.31
49513, 4151.79
49513.1, 4153.33
49513.1, 4152.31
49544.9, 4148.21
49545, 4143.59
49545, 4138.97
49545.1, 4135.9
49576.1, 4134.36, estimuli
49576.3, 4134.87
49576.3, 4140.51
49576.4, 4143.08
49607.1, 4135.9
49607.2, 4130.26
49607.2, 4137.95
49607.2, 4147.18
49638.7, 4148.21
49638.8, 4148.21
49638.8, 4150.26
49638.8, 4152.31
49670, 4155.38
49670.1, 4155.9
49670.1, 4156.92
49670.1, 4159.49
49700.8, 4160.51
49700.9, 4158.46
49700.9, 4156.41
49700.9, 4159.49
49731.9, 4164.1
49732, 4161.54
49732, 4155.38
49732, 4153.85
49764, 4156.92
49764.1, 4160
49764.1, 4157.95
49764.2, 4152.82
49795.2, 4153.33
49795.3, 4154.87
49795.3, 4155.9
49795.4, 4157.44
49825.7, 4155.9
49825.8, 4157.44
49825.9, 4158.97
49825.9, 4157.95
49858, 4155.38
49858.1, 4153.33
49858.1, 4154.87
49858.1, 4153.85
49888.8, 4152.82
49888.8, 4153.85
49888.9, 4154.36
49888.9, 4154.36
49919.7, 4154.87
49919.8, 4153.85
49919.9, 4151.28
49919.9, 4154.87
49950.8, 4158.97
49950.9, 4157.44
49951, 4155.9
49951, 4154.36
49982.8, 4152.82
49982.9, 4155.38
49983, 4156.41
49983, 4158.46
50013.9, 4159.49
50014, 4158.97
50014, 4161.03
50014, 4161.54
50044.8, 4156.41
50044.9, 4154.87
50044.9, 4157.44
50045, 4157.95
50075.9, 4157.44
50076, 4156.41
50076, 4154.87
50076.1, 4154.36
50107.8, 4151.79
50107.9, 4152.82
50107.9, 4155.9
50108, 4157.44
50138.7, 4158.46
50138.8, 4155.9
50138.8, 4153.33
50138.9, 4155.9
50170.1, 4158.46
50170.2, 4152.82
50170.3, 4153.85
50170.3, 4161.03
50202.1, 4157.44
50202.2, 4156.92
50202.2, 4160
50202.3, 4146.67
50232.9, 4132.31
50233, 4136.41
50233.1, 4153.33
50233.1, 4170.77
50263.8, 4172.31
50263.9, 4171.28
50264, 4171.28
50264, 4147.18
50294.6, 4123.59
50294.7, 4127.69
50294.8, 4149.23
50294.8, 4168.72
50326.9, 4174.87
50326.9, 4177.44
50327, 4168.72
50327, 4140.51
50357.9, 4122.56
50358, 4132.82
50358.1, 4148.21
50358.1, 4164.62
50388.9, 4181.54
50389, 4181.03
50389.1, 4165.64
50389.1, 4141.03
50421, 4125.13
50421.1, 4132.31
50421.2, 4150.77
50421.2, 4171.79
50451.8, 4180.51
50451.9, 4175.9
50451.9, 4166.15
50452, 4143.59
50482.8, 4125.64
50482.9, 4132.82
50483, 4149.23
50483, 4167.69
50514.4, 4179.49
50514.5, 4176.41
50514.6, 4166.67
50514.6, 4144.62
50545.8, 4125.13
50545.9, 4134.36
50545.9, 4153.85
50546, 4167.18
50576.7, 4174.36
50576.8, 4174.36
50576.8, 4166.15
50576.8, 4143.59
50608.2, 4123.59
50608.3, 4129.74
50608.4, 4151.28
50608.4, 4169.74
50639, 4176.41
50639.1, 4175.9
50639.2, 4166.67
50639.2, 4145.13
50670.8, 4126.15
50670.9, 4130.77
50671, 4151.28
50671, 4170.77
50702, 4174.36
50702.1, 4168.72
50702.1, 4164.1
50702.1, 4144.1
50732.8, 4124.1
50732.9, 4130.26
50732.9, 4152.82
50732.9, 4169.74
50765.2, 4171.28
50765.3, 4170.26
50765.4, 4166.15
50765.4, 4143.59
50796.2, 4124.62
50796.3, 4132.82
50796.4, 4154.36
50796.4, 4169.74
50827, 4172.82
50827.1, 4171.28
50827.2, 4166.67
50827.3, 4146.67
50858.3, 4129.23
50858.4, 4136.92
50858.5, 4154.36
50858.5, 4168.21
50890, 4172.82
50890.1, 4172.31
50890.1, 4166.67
50890.2, 4146.15
50920.8, 4127.69
50920.9, 4136.92
50921, 4156.92
50921, 4171.79
50951.8, 4179.49
50951.9, 4176.92
50951.9, 4164.62
50951.9, 4141.54
50983.7, 4125.64
50983.8, 4133.85
50983.9, 4151.79
50983.9, 4165.13
51015.1, 4174.36
51015.2, 4175.9
51015.2, 4168.21
51015.2, 4145.64
51046, 4127.18
51046.1, 4136.92
51046.2, 4156.92
51046.2, 4167.18
51077, 4171.28
51077, 4173.85
51077.1, 4165.13
51077.1, 4141.54
51108.9, 4126.67
51109, 4136.41
51109.1, 4155.9
51109.1, 4170.77
51139.9, 4173.33
51140, 4170.26
51140.1, 4165.13
51140.1, 4146.15
51170.8, 4127.18
51170.9, 4133.85
51171, 4157.44
51171, 4173.33
51201.9, 4173.33
51202, 4172.31
51202, 4167.18
51202, 4150.26
51234.2, 4145.13
51234.3, 4156.92
51234.4, 4152.31
51234.5, 4145.64
51265, 4160
51265.1, 4163.59
51265.1, 4150.77
51265.2, 4150.77
51295.9, 4156.41
51296, 4153.85
51296, 4153.85
51296, 4157.44
51328, 4154.36
51328.1, 4152.31
51328.2, 4154.36
51328.2, 4155.9
51358.9, 4153.85
51359, 4152.82
51359, 4154.36
51359, 4155.38
51390.1, 4155.9
51390.2, 4155.38
51390.2, 4157.95
51390.2, 4160
51420.8, 4156.92
51420.9, 4154.87
51420.9, 4156.41
51420.9, 4155.9
51452.8, 4152.31
51452.9, 4154.36
51452.9, 4157.44
51453, 4156.41
51484.4, 4154.36
51484.4, 4152.82
51484.5, 4152.31
51484.5, 4154.36
51514.8, 4157.95
51514.9, 4157.44
51514.9, 4155.9
51515, 4156.41
51546.9, 4154.87
51547, 4153.33
51547, 4151.79
51547, 4151.79
51577.9, 4153.85
51577.9, 4153.85
51578, 4153.33
51578, 4154.36
51608.8, 4155.9
51608.9, 4154.36
51608.9, 4154.36
51608.9, 4158.46
51640.3, 4156.92
51640.4, 4151.79
51640.5, 4151.28
51640.6, 4153.33
51671.9, 4154.87
51672.2, 4156.41
51672.3, 4158.46
51672.4, 4158.46
51703.1, 4156.41
51703.2, 4154.87
51703.2, 4155.38
51703.3, 4156.92
51734, 4157.95
51734.1, 4157.44
51734.2, 4154.36
51734.2, 4153.85
51764.7, 4153.33
51764.7, 4153.33
51764.8, 4151.28
51764.8, 4138.46
51796.7, 4126.67
51796.8, 4130.26
51796.8, 4137.44
51796.9, 4137.44
51827.8, 4140.51
51827.9, 4143.08
51827.9, 4142.56
51828, 4144.1
51859, 4146.15
51859.1, 4145.13
51859.1, 4144.62
51859.2, 4147.18
51890.9, 4150.26
51891, 4148.21
51891, 4145.64
51891.1, 4147.69
51921.7, 4147.18
51921.7, 4146.67
51921.8, 4150.77
51921.8, 4150.77
51952.7, 4147.18
51952.8, 4146.67
51952.8, 4148.21
51952.8, 4151.28
51983.7, 4152.31
51983.7, 4148.72
51983.8, 4147.18
51983.8, 4149.23
52015.8, 4148.72
52015.8, 4145.13
52015.9, 4148.21
52015.9, 4151.79
52047, 4151.79
52047.1, 4151.28
52047.2, 4147.69
52047.2, 4146.15
52077.8, 4147.69
52077.9, 4147.18
52077.9, 4145.13
52078, 4148.72
52110, 4151.79
52110, 4149.74
52110.1, 4150.77
52110.1, 4152.82
52141, 4151.28
52141.1, 4150.26
52141.1, 4150.26
52141.1, 4150.26
52171.7, 4148.72
52171.7, 4148.72
52171.8, 4152.31
52171.8, 4154.36
52202.7, 4150.77
52202.8, 4149.23
52202.8, 4153.85
52202.8, 4154.36
52235.1, 4148.72
52235.2, 4147.18
52235.2, 4150.26
52235.3, 4150.26
52266.3, 4149.74
52266.5, 4150.26
52266.5, 4150.26
52266.6, 4152.31
52296.9, 4153.85
52297, 4153.33
52297, 4154.36
52297, 4152.82
52328.7, 4148.21
52328.8, 4146.15
52328.8, 4148.21
52328.9, 4153.33
52359.8, 4152.31
52359.9, 4149.23
52359.9, 4150.26
52360, 4153.33
52391, 4153.85
52391, 4152.82
52391.1, 4149.74
52391.1, 4147.18
52421.8, 4148.72
52421.9, 4148.21
52421.9, 4148.21
52421.9, 4151.28
52454, 4152.82
52454, 4151.28
52454.1, 4152.31
52454.1, 4152.82
52485.2, 4149.23
52485.3, 4147.69
52485.4, 4148.72
52485.4, 4150.77
52515.7, 4150.77
52515.8, 4148.72
52515.9, 4151.28
52515.9, 4153.85
52546.9, 4152.31
52547, 4151.28
52547, 4152.82
52547, 4152.31
52578.8, 4149.23
52578.9, 4148.21
52578.9, 4148.21
52579, 4150.26
52609.7, 4152.82
52609.8, 4149.74
52609.8, 4147.18
52609.9, 4150.77
52640.9, 4150.77
52640.9, 4147.18
52641, 4148.72
52641, 4152.31
52672.8, 4151.79
52672.9, 4149.23
52672.9, 4146.67
52673, 4147.18
52704, 4149.74
52704.1, 4148.72
52704.1, 4147.18
52704.2, 4149.23
52735, 4149.74
52735, 4148.72
52735.1, 4150.77
52735.1, 4151.28
52766.1, 4150.77
52766.2, 4153.85
52766.2, 4154.87
52766.3, 4151.28
52797.9, 4148.72
52798, 4148.72
52798.1, 4151.28
52798.1, 4151.79
52829, 4150.26
52829.1, 4148.21
52829.2, 4149.23
52829.2, 4150.26
52860, 4147.18
52860.1, 4146.15
52860.1, 4150.26
52860.1, 4150.77
52890.8, 4147.69
52890.9, 4149.23
52891, 4151.79
52891, 4150.26
52922.8, 4148.72
52922.9, 4149.74
52922.9, 4153.33
52922.9, 4153.33
52953.7, 4149.23
52953.8, 4149.23
52953.8, 4153.33
52953.9, 4153.85
52984.6, 4152.31
52984.7, 4151.79
52984.7, 4150.77
52984.8, 4150.26
53016.6, 4150.77
53016.7, 4152.31
53016.7, 4155.38
53016.8, 4153.85
53047.7, 4150.77
53047.8, 4151.79
53047.8, 4150.77
53047.8, 4147.69
53078.8, 4148.72
53078.9, 4150.26
53078.9, 4148.21
53079, 4147.69
53110, 4150.77
53110.1, 4150.77
53110.1, 4148.72
53110.1, 4148.21
53142.3, 4149.23
53142.5, 4149.23
53142.5, 4148.72
53142.6, 4150.26
53172.8, 4151.79
53172.9, 4152.31
53173, 4152.31
53173, 4150.77
53203.7, 4149.74
53203.8, 4150.26
53203.9, 4151.28
53203.9, 4152.82
53235.8, 4152.82
53235.9, 4149.74
53235.9, 4144.62
53235.9, 4145.13
53267.1, 4151.79
53267.2, 4151.28
53267.3, 4143.59
53267.3, 4142.56
53297.7, 4141.54
53297.8, 4132.82
53297.8, 4127.18
53297.9, 4125.13
53328.9, 4124.62, estimuli
53329, 4128.21
53329, 4134.36
53329.1, 4135.9
53361, 4130.77
53361.2, 4128.21
53361.3, 4131.28
53361.3, 4134.36
53392, 4135.9
53392.1, 4138.46
53392.1, 4143.59
53392.2, 4149.74
53422.8, 4148.72
53422.9, 4146.15
53422.9, 4150.26
53423, 4151.79
53453.9, 4151.28
53454.1, 4154.87
53454.1, 4155.38
53454.1, 4152.82
53485.9, 4152.31
53486, 4154.87
53486, 4154.87
53486.1, 4153.33
53516.7, 4152.82
53516.7, 4153.33
53516.8, 4153.33
53516.8, 4152.82
53547.7, 4153.33
53547.8, 4153.33
53547.9, 4152.82
53547.9, 4154.36
53579.9, 4153.85
53580, 4152.82
53580.1, 4153.33
53580.1, 4151.79
53611, 4151.28
53611.1, 4154.36
53611.2, 4152.31
53611.2, 4150.77
53641.7, 4153.33
53641.8, 4153.33
53641.8, 4151.28
53641.8, 4153.85
53672.7, 4155.9
53672.8, 4153.33
53672.9, 4153.33
53672.9, 4154.87
53704.9, 4151.79
53705, 4152.31
53705, 4154.36
53705.1, 4153.33
53735.7, 4152.31
53735.8, 4152.82
53735.8, 4152.82
53735.8, 4154.36
53767.2, 4155.9
53767.3, 4153.33
53767.4, 4155.38
53767.5, 4159.49
53798.9, 4156.41
53798.9, 4153.85
53799, 4155.9
53799, 4154.36
53829.8, 4151.79
53829.9, 4155.38
53829.9, 4157.44
53830, 4155.38
53860.9, 4153.33
53861, 4151.79
53861, 4152.82
53861, 4153.33
53892, 4152.31
53892, 4151.28
53892.1, 4152.82
53892.1, 4154.36
53924.1, 4152.82
53924.1, 4154.36
53924.2, 4156.92
53924.2, 4154.87
53954.9, 4150.26
53954.9, 4150.77
53955, 4156.41
53955, 4149.74
53986, 4133.33
53986, 4128.21
53986.1, 4140
53986.1, 4156.92
54017.7, 4167.69
54017.8, 4170.26
54017.8, 4171.79
54017.9, 4162.05
54048.7, 4136.92
54048.8, 4122.05
54048.8, 4131.28
54048.8, 4155.38
54079.9, 4173.85
54079.9, 4175.9
54080, 4174.36
54080, 4163.08
54110.9, 4134.87
54110.9, 4116.92
54111, 4129.23
54111, 4152.82
54143, 4170.77
54143.1, 4175.38
54143.1, 4172.82
54143.2, 4158.46
54184.3, 4128.72
54184.4, 4114.87
54184.4, 4130.26
54184.5, 4152.82
54213, 4170.77
54213.1, 4176.41
54213.2, 4173.33
54213.2, 4161.03
54244.1, 4134.87
54244.2, 4120.51
54244.3, 4131.28
54244.3, 4153.85
54276.2, 4173.33
54276.3, 4176.92
54276.4, 4171.79
54276.4, 4159.49
54307.2, 4132.82
54307.3, 4117.44
54307.4, 4132.82
54307.4, 4154.36
54338.1, 4169.23
54338.2, 4174.36
54338.2, 4171.79
54338.3, 4160.51
54369.1, 4135.38
54369.2, 4122.05
54369.3, 4133.33
54369.3, 4151.79
54401.1, 4169.23
54401.2, 4177.44
54401.3, 4171.28
54401.4, 4153.33
54432.2, 4131.79
54432.3, 4121.03
54432.4, 4132.82
54432.4, 4154.87
54463.2, 4169.74
54463.3, 4172.82
54463.4, 4172.31
54463.4, 4162.56
54495.2, 4135.9
54495.3, 4123.59
54495.4, 4137.44
54495.4, 4153.85
54526, 4166.67
54526.1, 4170.26
54526.2, 4169.74
54526.2, 4163.08
54557.2, 4140
54557.3, 4123.08
54557.4, 4134.87
54557.4, 4156.41
54588.5, 4169.23
54588.6, 4171.79
54588.7, 4170.26
54588.7, 4160.51
54620.2, 4136.92
54620.3, 4122.05
54620.4, 4136.92
54620.4, 4160.51
54651.3, 4171.79
54651.4, 4173.33
54651.4, 4172.82
54651.5, 4161.03
54682.2, 4136.92
54682.4, 4125.13
54682.4, 4134.87
54682.4, 4154.87
54713.1, 4170.26
54713.1, 4171.28
54713.2, 4167.69
54713.2, 4159.49
54745.2, 4134.87
54745.3, 4120
54745.3, 4134.36
54745.4, 4153.33
54776.1, 4163.59
54776.2, 4169.74
54776.3, 4169.74
54776.3, 4156.41
54807.3, 4132.82
54807.5, 4124.1
54807.5, 4137.44
54807.6, 4156.41
54839.3, 4171.28
54839.4, 4173.85
54839.5, 4170.26
54839.5, 4160.51
54870.2, 4138.46
54870.3, 4128.72
54870.4, 4142.05
54870.4, 4160.51
54901.2, 4171.79
54901.3, 4174.36
54901.4, 4171.28
54901.4, 4159.49
54932, 4135.38
54932.1, 4123.08
54932.2, 4137.44
54932.2, 4157.44
54964, 4167.69
54964.1, 4169.23
54964.1, 4167.18
54964.1, 4155.9
54994.8, 4139.49
54994.9, 4143.08
54994.9, 4154.87
54995, 4146.67
55026, 4145.64
55026.1, 4158.46
55026.1, 4154.87
55026.2, 4146.15
55057.9, 4151.28
55058, 4155.38
55058, 4153.85
55058.1, 4152.82
55088.8, 4150.77
55088.9, 4149.23
55089, 4151.28
55089, 4153.33
55119.8, 4153.85
55119.8, 4153.33
55119.9, 4152.82
55119.9, 4151.79
55150.7, 4152.82
55150.8, 4154.87
55150.9, 4154.87
55150.9, 4153.85
55182.7, 4154.36
55182.8, 4155.38
55182.8, 4154.87
55182.9, 4152.31
55214, 4149.74
55214.1, 4151.28
55214.1, 4151.79
55214.2, 4150.77
55245, 4151.28
55245.1, 4152.31
55245.1, 4152.31
55245.1, 4152.31
55275.8, 4151.79
55275.8, 4152.31
55275.9, 4154.36
55275.9, 4152.82
55308, 4149.23
55308.1, 4151.79
55308.1, 4155.38
55308.2, 4151.79
55338.9, 4147.69
55339, 4151.28
55339.1, 4154.87
55339.1, 4154.87
55369.9, 4153.85
55370, 4153.33
55370, 4151.28
55370, 4148.72
55401.6, 4150.26
55401.7, 4151.79
55401.7, 4150.26
55401.8, 4149.23
55433, 4152.31
55433.2, 4155.38
55433.2, 4153.33
55433.3, 4151.79
55464, 4152.31
55464, 4153.33
55464.1, 4154.36
55464.1, 4153.33
55495, 4150.26
55495.1, 4150.77
55495.1, 4153.85
55495.2, 4152.82
55527, 4150.77
55527, 4152.82
55527.1, 4152.82
55527.1, 4150.77
55557.8, 4150.77
55557.8, 4153.85
55557.9, 4154.36
55557.9, 4152.31
55588.9, 4151.28
55589, 4152.82
55589.1, 4153.33
55589.1, 4153.33
55620.8, 4154.36
55620.9, 4155.9
55620.9, 4153.85
55620.9, 4150.26
55651.9, 4153.33
55651.9, 4155.38
55652, 4150.77
55652, 4149.74
55682.8, 4154.36
55682.9, 4153.85
55682.9, 4150.77
55683, 4152.31
55713.9, 4155.38
55714, 4154.36
55714, 4152.31
55714, 4152.82
55745.8, 4153.33
55745.8, 4151.79
55745.9, 4153.33
55745.9, 4154.87
55776.8, 4153.85
55776.9, 4153.33
55777, 4151.79
55777, 4150.77
55807.9, 4150.77
55808, 4152.31
55808, 4151.79
55808.1, 4148.72
55839.1, 4150.77
55839.2, 4156.41
55839.3, 4153.33
55839.3, 4148.21
55870.8, 4150.77
55870.9, 4152.82
55870.9, 4150.26
55870.9, 4148.72
55901.7, 4150.77
55901.8, 4154.87
55901.8, 4154.36
55901.8, 4150.26
55932.7, 4150.26
55932.7, 4152.31
55932.8, 4153.85
55932.8, 4153.85
55964.9, 4151.28
55965, 4150.77
55965, 4153.85
55965.1, 4151.79
55995.9, 4148.72
55996, 4152.82
55996.1, 4155.38
55996.1, 4152.82
56027, 4150.26
56027.1, 4151.79
56027.1, 4149.74
56027.1, 4145.64
56058.2, 4147.18
56058.3, 4152.31
56058.4, 4153.33
56058.4, 4151.79
56089.7, 4151.79
56089.8, 4151.79
56089.9, 4151.79
56089.9, 4149.74
56120.7, 4151.28
56120.8, 4154.36
56120.8, 4154.36
56120.9, 4154.36
56151.8, 4153.33
56151.9, 4152.31
56151.9, 4153.33
56151.9, 4153.85
56182.8, 4151.79
56182.9, 4153.33
56183, 4155.38
56183, 4153.85
56215, 4154.36
56215.1, 4155.9
56215.1, 4152.82
56215.1, 4152.82
56245.9, 4154.87
56246, 4152.31
56246.1, 4151.79
56246.1, 4153.85
56276.9, 4154.36
56277, 4153.33
56277.1, 4152.31
56277.1, 4151.28
56309.1, 4151.28
56309.2, 4152.82
56309.2, 4152.82
56309.3, 4152.82
56339.8, 4153.85
56339.9, 4154.36
56340, 4152.31
56340, 4149.23
56371.1, 4151.28
56371.1, 4154.36
56371.2, 4152.82
56371.2, 4152.31
56401.8, 4155.38
56401.9, 4154.87
56401.9, 4152.82
56402, 4152.31
56433.9, 4150.77
56434, 4150.26
56434.1, 4152.31
56434.1, 4151.79
56465.3, 4150.77
56465.5, 4153.33
56465.6, 4155.38
56465.6, 4153.85
56496, 4153.33
56496.1, 4153.33
56496.1, 4152.31
56496.2, 4152.31
56527.8, 4154.36
56527.9, 4154.87
56528, 4154.36
56528, 4153.33
56558.8, 4151.79
56558.8, 4151.79
56558.9, 4154.36
56558.9, 4155.9
56589.7, 4154.87
56589.8, 4153.85
56589.8, 4154.87
56589.8, 4156.41
56620.7, 4156.41
56620.8, 4153.33
56620.8, 4153.33
56620.9, 4154.87
56652.7, 4153.85
56652.8, 4153.85
56652.9, 4153.33
56652.9, 4150.26
56684.2, 4150.26
56684.3, 4153.33
56684.4, 4152.31
56684.5, 4150.77
56714.8, 4151.79
56714.9, 4152.31
56714.9, 4151.79
56714.9, 4150.26
56746.7, 4150.26
56746.8, 4151.79
56746.8, 4152.82
56746.9, 4151.79
56777.7, 4149.74
56777.8, 4150.77
56777.8, 4154.87
56777.8, 4156.92
56830.8, 4154.87
56830.9, 4153.33
56831, 4152.82
56831.1, 4150.77
56840.2, 4152.31
56840.3, 4154.87
56840.4, 4151.79
56840.4, 4149.74
56872.1, 4152.31
56873.4, 4155.38
56873.5, 4154.36
56873.6, 4153.85
56902.9, 4157.95
56903, 4156.92
56903, 4151.79
56903, 4152.31
56933.7, 4153.85
56933.8, 4151.28
56933.8, 4151.28
56933.9, 4153.85
56964.6, 4153.33
56964.7, 4152.31
56964.7, 4152.82
56964.8, 4153.85
56996.6, 4153.85
56996.7, 4152.82
56996.7, 4151.79
56996.8, 4153.85
57027.8, 4153.85
57027.9, 4152.82
57028, 4153.85
57028, 4151.79
57059, 4148.72
57059.1, 4152.31
57059.2, 4156.92
57059.2, 4153.85
57091.1, 4151.79
57091.3, 4155.9
57091.3, 4156.41
57091.4, 4153.33
57121.8, 4153.33
57121.9, 4155.38
57121.9, 4154.36
57122, 4152.82
57152.8, 4155.38
57152.9, 4156.41
57152.9, 4155.9
57152.9, 4155.9
57183.8, 4155.9
57183.9, 4155.38
57183.9, 4153.85
57183.9, 4152.31
57215.8, 4154.87
57215.9, 4156.92
57215.9, 4153.85
57216, 4150.77
57246.9, 4153.33
57247, 4154.87
57247, 4154.36
57247, 4153.85
57277.8, 4155.38
57277.8, 4156.41
57277.9, 4155.38
57277.9, 4154.87
57310.2, 4155.38
57310.3, 4153.33
57310.4, 4151.79
57310.4, 4156.92
57341, 4161.03
57341.1, 4156.92
57341.2, 4156.41
57341.2, 4159.49
57371.8, 4161.54
57371.9, 4161.03
57372, 4160.51
57372, 4159.49
57403, 4155.9
57403.1, 4155.38
57403.2, 4158.46
57403.2, 4158.46
57435, 4156.41
57435.1, 4156.92
57435.2, 4155.38
57435.2, 4151.79
57466.1, 4152.82
57466.2, 4153.85
57466.3, 4153.85
57466.3, 4153.85
57497.1, 4151.79
57497.2, 4151.28
57497.3, 4150.26
57497.3, 4144.62
57528.1, 4143.59
57528.2, 4149.74
57528.3, 4151.79
57528.3, 4148.21
57559.8, 4149.23
57559.9, 4152.31
57559.9, 4151.28
57560, 4151.28
57590.9, 4153.85
57591, 4156.41
57591, 4157.44
57591.1, 4157.95
57622, 4156.41
57622.1, 4154.87
57622.1, 4155.38
57622.2, 4155.38
57653.7, 4157.44
57653.8, 4161.03
57653.8, 4160
57653.8, 4158.46
57684.9, 4160.51
57685, 4158.97
57685, 4153.33
57685, 4154.36
57716, 4157.95
57716.2, 4157.44
57716.2, 4156.41
57716.3, 4155.9
57746.9, 4156.41
57747, 4156.92
57747, 4156.92
57747, 4156.92
57778.8, 4157.95
57778.9, 4156.41
57778.9, 4153.33
57778.9, 4154.87
57809.8, 4157.95
57809.9, 4157.95
57809.9, 4156.41
57810, 4153.33
57840.9, 4153.85
57841.1, 4154.36
57841.1, 4153.33
57841.2, 4155.38
57872.8, 4154.36
57872.9, 4152.82
57872.9, 4154.36
57872.9, 4155.38
57904.2, 4154.87
57904.3, 4155.9
57904.3, 4154.87
57904.3, 4152.82
57935.3, 4154.87
57935.4, 4156.41
57935.5, 4154.36
57935.5, 4153.33
57965.7, 4153.33
57965.9, 4154.36
57966.1, 4154.87
57966.2, 4153.85
57997.9, 4152.82
57998.1, 4154.36
57998.1, 4154.87
57998.2, 4155.38
58028.8, 4156.41
58028.9, 4153.85
58028.9, 4151.79
58029, 4153.33
58059.8, 4154.36
58059.9, 4153.33
58059.9, 4154.87
58059.9, 4155.38
58090.9, 4153.85
58091, 4152.31
58091.1, 4153.33
58091.1, 4153.85
58122.7, 4153.33
58122.8, 4151.28
58122.8, 4151.79
58122.9, 4154.36
58153.8, 4153.85
58153.9, 4148.72
58154, 4143.08
58154, 4138.97
58184.7, 4137.95
58184.8, 4133.85
58184.9, 4129.23
58184.9, 4132.82
58216.7, 4137.44, estimuli
58216.8, 4133.85
58216.8, 4136.92
58216.8, 4145.64
58247.9, 4145.13
58247.9, 4141.03
58248, 4147.18
58248, 4152.82
58278.8, 4150.26
58278.9, 4151.79
58279, 4155.38
58279, 4153.85
58310.1, 4156.41
58310.1, 4162.56
58310.2, 4157.95
58310.2, 4153.33
58342.2, 4159.49
58342.3, 4159.49
58342.4, 4155.9
58342.4, 4157.95
58372.9, 4158.97
58373.1, 4158.97
58373.1, 4158.97
58373.2, 4153.33
58404.2, 4152.82
58404.3, 4156.92
58404.4, 4154.36
58404.5, 4152.31
58435.8, 4155.38
58435.9, 4157.44
58435.9, 4154.87
58436, 4153.85
58466.7, 4156.41
58466.8, 4155.9
58466.9, 4153.85
58466.9, 4154.87
58497.9, 4155.9
58497.9, 4154.36
58498, 4153.85
58498, 4153.85
58529, 4152.82
58529.1, 4153.85
58529.1, 4153.85
58529.1, 4153.33
58561.2, 4154.87
58561.4, 4156.41
58561.4, 4155.9
58561.6, 4153.33
58592, 4152.82
58592.1, 4154.36
58592.1, 4155.9
58592.2, 4154.87
58622.8, 4153.85
58622.8, 4153.85
58622.9, 4153.85
58622.9, 4152.82
58653.8, 4153.33
58653.9, 4155.38
58654, 4155.38
58654, 4152.31
58685.7, 4151.28
58685.8, 4151.79
58685.9, 4153.33
58685.9, 4153.33
58716.8, 4151.28
58716.9, 4153.33
58716.9, 4155.9
58717, 4152.82
58747.8, 4151.28
58747.9, 4156.41
58747.9, 4157.44
58747.9, 4153.33
58779.9, 4153.33
58780, 4154.87
58780.1, 4154.87
58780.2, 4153.33
58810.8, 4155.9
58810.9, 4156.92
58811, 4152.82
58811.1, 4155.9
58842, 4158.97
58842.1, 4154.36
58842.2, 4157.95
58842.2, 4156.92
58872.7, 4137.44
58872.8, 4126.67
58872.9, 4140
58872.9, 4162.05
58904.7, 4174.36
58904.8, 4173.33
58904.8, 4175.9
58904.9, 4171.79
58936.1, 4140
58936.2, 4118.97
58936.2, 4129.23
58936.3, 4151.79
58967.2, 4174.87
58967.3, 4185.13
58967.4, 4180
58967.5, 4163.08
58998.9, 4136.92
58999, 4122.56
58999, 4131.28
58999, 4150.77
59029.9, 4172.82
59029.9, 4180
59030, 4174.87
59030, 4163.08
59061, 4138.46
59061.1, 4123.08
59061.1, 4134.36
59061.2, 4153.33
59091.8, 4170.26
59091.9, 4180
59091.9, 4177.44
59092, 4163.59
59124.1, 4138.97
59124.2, 4124.1
59124.3, 4132.82
59124.3, 4153.33
59154.8, 4173.33
59154.9, 4180.51
59154.9, 4175.38
59155, 4162.56
59186.1, 4138.46
59186.2, 4125.64
59186.2, 4137.44
59186.3, 4154.36
59216.9, 4172.82
59217, 4182.56
59217.1, 4176.41
59217.2, 4163.08
59248.9, 4139.49
59249.1, 4123.08
59249.1, 4131.79
59249.2, 4155.38
59280, 4177.44
59280.1, 4182.56
59280.1, 4173.85
59280.2, 4162.56
59310.9, 4143.08
59311, 4126.15
59311.1, 4135.38
59311.1, 4159.49
59343, 4175.9
59343.1, 4178.97
59343.1, 4175.38
59343.2, 4165.64
59374.2, 4141.03
59374.3, 4124.62
59374.4, 4137.44
59374.4, 4161.03
59405.2, 4174.87
59405.3, 4175.38
59405.3, 4173.33
59405.4, 4164.62
59435.9, 4142.56
59436, 4125.13
59436, 4134.87
59436.1, 4161.03
59467.9, 4177.44
59468, 4178.97
59468.1, 4179.49
59468.1, 4169.23
59498.7, 4140
59498.8, 4126.15
59498.8, 4138.97
59498.9, 4155.9
59529.9, 4169.74
59530, 4175.38
59530.1, 4175.38
59530.1, 4165.13
59561.7, 4138.46
59561.8, 4124.62
59561.9, 4140
59561.9, 4160.51
59593.1, 4172.31
59593.3, 4175.9
59593.4, 4174.87
59593.4, 4166.67
59623.9, 4142.56
59624, 4126.15
59624.1, 4137.95
59624.1, 4158.46
59655.1, 4173.33
59655.2, 4179.49
59655.2, 4174.87
59655.3, 4161.03
59687, 4143.59
59687.1, 4130.77
59687.1, 4135.38
59687.2, 4156.92
59717.7, 4174.87
59717.8, 4176.41
59717.8, 4172.82
59717.9, 4162.05
59748.9, 4135.9
59749.1, 4124.62
59749.1, 4140
59749.2, 4158.46
59779.7, 4173.33
59779.8, 4178.46
59779.8, 4172.82
59779.8, 4161.03
59811.8, 4140
59811.9, 4128.21
59811.9, 4141.03
59811.9, 4158.97
59842.9, 4170.26
59842.9, 4175.9
59843, 4174.87
59843, 4162.05
59873.8, 4144.62
59873.9, 4147.69
59873.9, 4159.49
59873.9, 4150.26
59905.8, 4146.15
59905.9, 4161.03
59905.9, 4161.54
59906, 4152.82
59936.7, 4153.85
59936.8, 4156.41
59936.8, 4156.41
59936.8, 4154.36
59967.8, 4153.85
59967.9, 4155.9
59967.9, 4157.95
59968, 4155.38
59999.1, 4153.33
59999.2, 4155.9
59999.2, 4156.41
59999.3, 4153.85
60031, 4153.33
60031.1, 4156.41
60031.1, 4157.95
60031.1, 4153.85
60061.9, 4151.28
60061.9, 4153.85
60062, 4155.38
60062, 4153.33
60092.9, 4155.9
60092.9, 4158.46
60093, 4155.38
60093, 4153.33
60125, 4154.36
60125.1, 4155.9
60125.1, 4155.9
60125.2, 4155.38
60155.9, 4155.38
60155.9, 4156.92
60156, 4154.87
60156, 4151.28
60187, 4153.33
60187.1, 4155.38
60187.1, 4155.9
60187.1, 4154.36
60218, 4151.28
60218.1, 4151.79
60218.1, 4154.87
60218.2, 4155.38
60249.7, 4154.36
60249.8, 4155.38
60249.8, 4155.38
60249.9, 4155.38
60280.9, 4156.41
60281.1, 4155.9
60281.1, 4156.41
60281.1, 4153.85
60312, 4154.87
60312.1, 4162.56
60312.1, 4162.05
60312.1, 4155.9
60342.9, 4157.44
60342.9, 4159.49
60343, 4155.9
60343, 4154.36
60375, 4154.87
60375, 4153.85
60375.1, 4154.36
60375.1, 4157.44
60406, 4158.97
60406.1, 4154.36
60406.2, 4150.77
60406.3, 4151.28
60437.1, 4151.28
60437.2, 4151.79
60437.2, 4152.31
60437.2, 4151.79
60468.7, 4153.33
60468.8, 4154.87
60468.9, 4153.85
60468.9, 4154.36
60499.9, 4156.41
60500.1, 4155.9
60500.1, 4154.87
60500.1, 4152.82
60530.9, 4153.33
60531, 4153.85
60531.1, 4153.85
60531.1, 4154.36
60562, 4154.87
60562.1, 4153.85
60562.1, 4155.9
60562.2, 4156.92
60593.9, 4153.85
60594, 4154.36
60594.1, 4158.46
60594.1, 4156.92
60625, 4154.36
60625.1, 4157.44
60625.1, 4158.46
60625.2, 4153.85
60656, 4156.41
60656.1, 4160.51
60656.2, 4156.92
60656.2, 4154.87
60687.9, 4154.87
60688, 4155.38
60688, 4158.97
60688.1, 4158.97
60718.7, 4155.38
60718.8, 4156.41
60718.8, 4156.41
60718.8, 4152.82
60749.9, 4152.31
60750, 4153.33
60750, 4153.85
60750, 4155.9
60781, 4156.41
60781.1, 4156.41
60781.1, 4155.38
60781.2, 4155.9
60812.8, 4156.41
60812.9, 4154.87
60813, 4155.38
60813, 4155.38
60844.1, 4154.87
60844.2, 4155.38
60844.2, 4153.33
60844.3, 4152.82
60875, 4156.41
60875.1, 4156.92
60875.1, 4154.36
60875.2, 4155.38
60906.7, 4155.9
60906.8, 4152.31
60906.9, 4151.28
60906.9, 4153.33
60937.9, 4152.82
60938, 4149.74
60938, 4149.74
60938, 4149.74
60968.7, 4148.72
60968.8, 4151.79
60968.9, 4156.92
60968.9, 4154.36
61000.1, 4154.36
61000.2, 4157.95
61000.2, 4155.9
61000.3, 4153.85
61031.9, 4155.9
61032, 4156.41
61032, 4154.87
61032.1, 4153.33
61063.2, 4152.82
61063.3, 4153.33
61063.3, 4155.38
61063.4, 4155.9
61093.9, 4153.33
61094, 4151.28
61094, 4152.82
61094, 4155.9
61124.8, 4155.38
61124.9, 4153.85
61125, 4157.44
61125, 4159.49
61156.7, 4156.92
61156.8, 4154.87
61156.9, 4154.36
61156.9, 4152.31
61187.8, 4151.79
61187.8, 4153.85
61187.9, 4153.85
61187.9, 4152.82
61218.9, 4155.38
61219, 4156.92
61219, 4152.31
61219, 4152.31
61251.3, 4155.38
61251.4, 4152.31
61251.4, 4151.28
61251.5, 4153.85
61282, 4152.31
61282.1, 4150.77
61282.1, 4152.31
61282.2, 4151.79
61313, 4149.74
61313.1, 4150.77
61313.1, 4151.79
61313.2, 4152.82
61343.8, 4153.33
61343.9, 4151.79
61343.9, 4149.74
61344, 4149.74
61375.9, 4152.31
61376, 4152.31
61376.1, 4149.74
61376.1, 4151.28
61406.7, 4155.9
61406.8, 4152.82
61406.9, 4146.15
61406.9, 4147.69
61437.7, 4151.79
61437.8, 4150.77
61437.8, 4151.79
61437.9, 4155.9
61470.2, 4153.85
61470.3, 4150.77
61470.3, 4152.82
61470.4, 4152.31
61501.1, 4150.26
61501.2, 4150.77
61501.2, 4151.79
61501.3, 4150.26
61532, 4150.77
61532.1, 4152.82
61532.1, 4152.31
61532.1, 4151.79
61563, 4152.82
61563.1, 4154.36
61563.1, 4153.85
61563.1, 4154.36
61595, 4152.82
61595.1, 4151.79
61595.1, 4152.31
61595.1, 4150.77
61625.7, 4150.77
61625.9, 4153.85
61626, 4153.33
61626, 4150.77
61656.7, 4151.79
61656.9, 4152.82
61656.9, 4151.28
61657, 4150.77
61687.8, 4151.28
61687.9, 4149.74
61687.9, 4146.67
61687.9, 4146.67
61719.7, 4147.69
61719.8, 4147.69
61719.8, 4146.15
61719.8, 4147.69
61750.7, 4150.26
61750.8, 4150.26
61750.8, 4146.15
61750.8, 4143.08
61781.8, 4144.62
61781.8, 4146.67
61781.9, 4148.21
61781.9, 4150.77
61814, 4148.72
61814.1, 4148.21
61814.1, 4153.85
61814.2, 4154.36
61844.8, 4149.23
61844.9, 4149.23
61844.9, 4153.33
61845, 4154.36
61876.2, 4152.82
61876.4, 4152.31
61876.5, 4150.26
61876.6, 4148.72
61906.7, 4149.74
61906.8, 4151.79
61906.8, 4151.28
61906.9, 4150.26
61938.6, 4153.85
61938.7, 4154.36
61938.8, 4151.28
61938.8, 4149.74
61969.9, 4152.31
61970, 4152.31
61970.1, 4149.23
61970.1, 4147.18
62000.7, 4152.82
62000.7, 4157.95
62000.8, 4154.87
62000.8, 4152.82
62032.1, 4154.36
62032.3, 4154.36
62032.3, 4152.31
62032.4, 4151.28
62063.7, 4152.31
62063.8, 4153.85
62063.8, 4151.28
62063.9, 4148.21
62095.2, 4150.26
62095.3, 4152.82
62095.3, 4152.31
62095.4, 4152.82
62126.1, 4154.36
62126.2, 4153.33
62126.3, 4151.28
62126.3, 4150.26
62158.1, 4151.79
62158.2, 4150.77
62158.2, 4149.23
62158.2, 4152.31
62188.7, 4154.87
62188.8, 4150.77
62188.8, 4147.18
62188.8, 4149.74
62219.8, 4152.31
62219.8, 4152.31
62220, 4152.82
62220, 4154.87
62250.7, 4153.33
62250.8, 4149.23
62250.8, 4148.72
62250.8, 4150.77
62282.7, 4151.79
62282.8, 4152.31
62282.8, 4153.33
62282.9, 4153.85
62314.3, 4152.82
62314.4, 4151.28
62314.4, 4150.77
62314.5, 4152.31
62348.1, 4153.85
62348.1, 4152.82
62348.2, 4151.28
62348.2, 4151.79
62376.9, 4152.31
62377, 4150.77
62377, 4150.26
62377, 4152.31
62407.9, 4154.36
62408, 4153.85
62408, 4152.31
62408.1, 4151.79
62438.8, 4154.87
62438.9, 4153.85
62438.9, 4149.74
62439, 4149.74
62470, 4152.31
62470.1, 4150.77
62470.1, 4150.77
62470.1, 4152.82
62501.6, 4150.77
62501.7, 4150.26
62501.7, 4154.36
62501.8, 4154.36
62533.2, 4149.23
62533.3, 4149.74
62533.4, 4154.36
62533.4, 4153.33
62564.1, 4149.23
62564.2, 4148.21
62564.2, 4150.26
62564.2, 4151.79
62595.9, 4150.26
62596, 4148.72
62596.1, 4151.28
62596.1, 4153.33
62626.8, 4153.33
62626.9, 4151.28
62627, 4152.31
62627, 4153.85
62657.9, 4152.82
62658, 4151.28
62658.1, 4150.77
62658.1, 4148.72
62688.7, 4149.23
62688.8, 4152.31
62688.8, 4149.74
62688.8, 4147.69
62721.1, 4149.74
62721.2, 4145.64
62721.2, 4142.05
62721.3, 4146.67
62751.8, 4146.15
62751.9, 4139.49
62751.9, 4140
62752, 4140.51
62782.8, 4132.31
62782.9, 4126.15
62783, 4126.15
62783, 4129.74
62813.8, 4135.9, estimuli
62813.9, 4134.87
62813.9, 4126.15
62814, 4126.15
62846, 4133.85
62846.1, 4134.36
62846.1, 4135.9
62846.1, 4143.08
62876.8, 4144.62
62876.9, 4144.62
62876.9, 4148.21
62876.9, 4147.69
62908.1, 4146.67
62908.2, 4151.79
62908.2, 4154.87
62908.2, 4153.33
62940, 4152.82
62940.1, 4155.38
62940.2, 4160
62940.2, 4159.49
62971, 4154.36
62971.1, 4154.87
62971.2, 4156.92
62971.2, 4152.82
63001.8, 4152.31
63001.9, 4154.87
63001.9, 4153.85
63001.9, 4152.82
63032.7, 4154.36
63032.8, 4153.85
63032.8, 4152.82
63032.8, 4151.79
63065, 4151.79
63065.1, 4151.79
63065.2, 4151.79
63065.2, 4152.31
63095.9, 4152.31
63096, 4153.33
63096, 4154.36
63096.1, 4151.79
63127.1, 4148.21
63127.3, 4148.21
63127.3, 4150.77
63127.3, 4151.28
63158.1, 4151.28
63158.2, 4149.74
63158.2, 4150.26
63158.3, 4153.85
63189.9, 4153.33
63190, 4150.77
63190, 4151.79
63190.1, 4152.82
63220.7, 4149.74
63220.8, 4148.72
63220.8, 4150.26
63220.8, 4150.26
63251.9, 4150.26
63251.9, 4150.26
63252, 4151.28
63252, 4153.85
63283.9, 4153.33
63284, 4151.28
63284, 4152.82
63284.1, 4153.85
63315, 4151.28
63315.1, 4150.26
63315.1, 4152.31
63315.1, 4152.82
63346.1, 4155.38
63346.2, 4156.41
63346.2, 4153.33
63346.3, 4152.82
63376.8, 4154.36
63376.9, 4153.33
63376.9, 4152.31
63376.9, 4154.36
63409.1, 4156.41
63409.2, 4154.36
63409.2, 4154.36
63409.3, 4156.41
63439.8, 4153.85
63439.9, 4148.72
63439.9, 4153.33
63440, 4155.9
63471, 4141.54
63471, 4130.77
63471.1, 4137.95
63471.1, 4152.82
63502.8, 4169.23
63502.9, 4175.9
63502.9, 4174.87
63502.9, 4169.74
63534.3, 4147.18
63534.4, 4123.59
63534.5, 4124.62
63534.5, 4145.13
63565.3, 4170.77
63565.4, 4180.51
63565.5, 4178.46
63565.5, 4169.23
63596, 4142.56
63596, 4120.51
63596.1, 4127.18
63596.1, 4145.64
63627.9, 4166.15
63628, 4178.97
63628, 4176.41
63628, 4166.67
63659.1, 4144.62
63659.2, 4120.51
63659.2, 4123.59
63659.3, 4147.18
63690, 4166.67
63690.1, 4171.79
63690.1, 4171.79
63690.1, 4168.72
63722, 4146.15
63722.1, 4122.05
63722.1, 4127.18
63722.1, 4146.67
63753.1, 4164.62
63753.2, 4175.38
63753.3, 4177.44
63753.3, 4172.82
63783.8, 4147.18
63783.9, 4119.49
63784, 4124.1
63784, 4149.74
63814.8, 4170.26
63815, 4175.38
63815, 4171.79
63815.1, 4170.26
63846.9, 4149.74
63847, 4118.97
63847.1, 4124.1
63847.1, 4151.28
63878, 4169.23
63878, 4175.9
63878.1, 4174.36
63878.1, 4167.18
63909, 4145.64
63909.1, 4122.05
63909.2, 4127.18
63909.2, 4148.72
63939.7, 4163.08
63939.8, 4172.31
63939.8, 4175.38
63939.9, 4167.18
63971.7, 4147.18
63971.8, 4124.62
63971.9, 4125.13
63971.9, 4147.69
64002.8, 4168.72
64002.9, 4174.36
64002.9, 4172.82
64002.9, 4168.21
64033.7, 4148.21
64033.8, 4126.15
64033.9, 4129.23
64034, 4150.26
64065.7, 4169.23
64065.8, 4172.82
64065.8, 4168.72
64065.8, 4162.05
64097, 4144.62
64097, 4125.13
64097.1, 4127.18
64097.1, 4149.23
64127.8, 4168.72
64127.9, 4172.31
64128, 4169.74
64128, 4164.1
64159.3, 4145.64
64159.4, 4126.67
64159.5, 4131.28
64159.5, 4149.74
64191, 4165.13
64191.1, 4170.26
64191.2, 4172.82
64191.2, 4170.26
64221.7, 4146.15
64221.8, 4123.59
64221.8, 4132.31
64221.9, 4153.85
64252.8, 4166.15
64252.9, 4168.72
64252.9, 4169.74
64252.9, 4165.13
64284.8, 4141.54
64284.9, 4123.08
64284.9, 4133.33
64285, 4152.31
64315.9, 4167.18
64316, 4175.38
64316, 4171.28
64316.1, 4165.13
64346.9, 4147.18
64347, 4123.08
64347, 4128.72
64347.1, 4153.33
64378.6, 4166.15
64378.7, 4169.23
64378.8, 4172.31
64378.8, 4168.21
64410.2, 4146.67
64410.3, 4124.1
64410.3, 4127.18
64410.4, 4148.21
64441, 4165.64
64441.1, 4172.31
64441.2, 4172.31
64441.2, 4164.62
64472, 4146.67
64472.1, 4141.54
64472.1, 4151.28
64472.2, 4146.67
64503.1, 4141.03
64503.2, 4155.9
64503.2, 4161.54
64503.3, 4151.28
64535.2, 4149.23
64535.3, 4150.77
64535.4, 4151.28
64535.4, 4152.31
64566.1, 4152.31
64566.2, 4151.28
64566.2, 4151.79
64566.3, 4154.87
64597.2, 4152.82
64597.3, 4151.28
64597.3, 4153.33
64597.3, 4153.33
64629.2, 4150.26
64629.3, 4149.23
64629.3, 4152.82
64629.4, 4153.33
64660.1, 4151.28
64660.2, 4151.79
64660.3, 4154.36
64660.3, 4154.87
64691.2, 4153.85
64691.3, 4153.33
64691.3, 4152.31
64691.3, 4151.79
64722, 4152.31
64722.1, 4152.82
64722.1, 4154.36
64722.2, 4154.87
64754.1, 4153.33
64754.2, 4152.31
64754.2, 4153.33
64754.3, 4152.31
64785.1, 4151.28
64785.2, 4153.85
64785.3, 4155.9
64785.3, 4154.87
64816.2, 4153.85
64816.3, 4153.33
64816.3, 4152.31
64816.4, 4153.85
64848.1, 4156.41
64848.2, 4154.87
64848.3, 4151.79
64848.3, 4150.77
64879.2, 4152.31
64879.3, 4152.82
64879.3, 4151.79
64879.4, 4153.85
64910.4, 4155.38
64910.5, 4153.85
64910.5, 4152.82
64910.5, 4153.85
64941.1, 4152.82
64941.2, 4152.82
64941.3, 4154.36
64941.3, 4152.82
64973.2, 4151.79
64973.3, 4153.33
64973.4, 4153.85
64973.4, 4152.31
65004.3, 4152.31
65004.4, 4153.85
65004.5, 4154.87
65004.5, 4154.87
65035.3, 4154.87
65035.4, 4155.38
65035.4, 4153.85
65035.5, 4152.82
65066.2, 4155.38
65066.3, 4156.92
65066.4, 4153.85
65066.4, 4152.82
65098.1, 4154.87
65098.2, 4155.9
65098.3, 4154.36
65098.3, 4154.87
65129.3, 4155.38
65129.4, 4151.79
65129.4, 4148.72
65129.5, 4150.77
65160, 4153.33
65160.1, 4152.31
65160.1, 4152.31
65160.2, 4153.33
65191.7, 4150.77
65191.8, 4151.79
65191.8, 4154.87
65191.9, 4152.31
65223.2, 4152.31
65223.3, 4154.36
65223.4, 4150.77
65223.5, 4151.28
65253.7, 4153.85
65253.8, 4150.26
65253.9, 4147.69
65254, 4151.79
65284.8, 4153.33
65284.9, 4152.31
65285, 4154.36
65285, 4156.92
65316.9, 4155.38
65317, 4152.31
65317, 4149.74
65317.1, 4150.26
65347.9, 4152.82
65347.9, 4153.85
65348, 4152.31
65348, 4151.28
65379, 4151.79
65379, 4152.82
65379.1, 4151.79
65379.1, 4149.74
65410.9, 4148.21
65411, 4148.21
65411, 4152.31
65411, 4151.79
65442.1, 4147.69
65442.2, 4149.74
65442.2, 4152.82
65442.3, 4151.28
65472.8, 4151.28
65473, 4152.31
65473, 4149.23
65473.1, 4146.15
65503.7, 4149.23
65503.8, 4152.82
65503.8, 4151.28
65503.9, 4148.21
65535.7, 4148.21
65535.8, 4150.26
65535.8, 4152.82
65535.9, 4152.31
65566.8, 4151.79
65566.9, 4150.77
65566.9, 4146.67
65566.9, 4147.69
65597.9, 4152.82
65598, 4148.21
65598, 4140.51
65598.1, 4141.03
65629.1, 4141.03
65629.2, 4134.36
65629.3, 4131.28
65629.3, 4138.97
65661.3, 4143.59
65661.4, 4134.36
65661.5, 4134.36
65661.5, 4146.67
65691.9, 4144.62
65692, 4136.41
65692, 4144.62
65692, 4151.79
65722.8, 4149.23
65722.9, 4149.74
65723, 4152.82
65723, 4154.87
65754.8, 4159.49
65754.9, 4161.03
65754.9, 4157.95
65755, 4157.44
65785.8, 4158.97
65785.9, 4157.44
65785.9, 4156.41
65786, 4157.44
65816.8, 4155.38
65816.8, 4152.82
65816.9, 4154.36
65816.9, 4154.36
65847.9, 4151.79
65848, 4151.79
65848, 4155.38
65848.1, 4156.41
65879.9, 4151.79
65880, 4151.79
65880, 4155.38
65880.1, 4153.85
65911, 4150.77
65911.1, 4152.82
65911.1, 4156.92
65911.1, 4155.38
65942.2, 4152.31
65942.3, 4151.79
65942.3, 4152.82
65942.3, 4153.33
65973.9, 4151.28
65973.9, 4151.28
65974, 4153.85
65974, 4153.85
66004.8, 4152.82
66004.8, 4152.31
66004.9, 4152.31
66004.9, 4153.85
66036.2, 4154.36
66036.3, 4152.82
66036.4, 4153.85
66036.4, 4155.38
66067.2, 4153.85
66067.3, 4154.36
66067.4, 4155.9
66067.4, 4154.87
66098.9, 4153.85
66099, 4153.33
66099, 4152.82
66099.1, 4152.82
66129.9, 4153.33
66130, 4154.36
66130, 4154.36
66130.1, 4152.82
66161, 4151.79
66161.1, 4152.82
66161.1, 4152.31
66161.2, 4148.72
66191.8, 4144.1
66191.9, 4149.23
66191.9, 4153.85
66192, 4145.13
66223.8, 4139.49
66223.9, 4143.08
66224, 4136.92
66224, 4128.72
66255, 4133.85, estimuli
66255.1, 4139.49
66255.1, 4134.36
66255.2, 4137.95
66285.8, 4145.13
66285.9, 4143.08
66285.9, 4142.56
66286, 4146.67
66318.1, 4146.15
66318.1, 4147.18
66318.2, 4152.31
66318.2, 4151.79
66349, 4150.77
66349.1, 4152.82
66349.1, 4155.38
66349.2, 4157.95
66379.9, 4159.49
66380, 4156.92
66380, 4156.92
66380.1, 4163.59
66410.9, 4162.05
66411, 4153.33
66411.1, 4154.87
66411.1, 4158.46
66443.3, 4154.87
66443.5, 4153.85
66443.5, 4156.41
66443.6, 4155.38
66473.8, 4152.82
66473.9, 4154.36
66474, 4158.46
66474, 4157.95
66504.9, 4155.38
66504.9, 4153.85
66505, 4153.33
66505, 4154.36
66536.7, 4155.9
66536.8, 4155.9
66536.8, 4151.79
66536.8, 4149.74
66567.7, 4152.82
66567.8, 4155.38
66567.9, 4154.87
66567.9, 4152.82
66598.7, 4151.79
66598.8, 4153.33
66598.8, 4154.36
66598.8, 4153.85
66630, 4152.82
66630.1, 4153.85
66630.1, 4155.9
66630.2, 4154.36
66662.3, 4152.31
66662.4, 4154.36
66662.4, 4157.95
66662.5, 4155.9
66693.1, 4152.31
66693.2, 4151.79
66693.2, 4152.31
66693.3, 4151.79
66724.4, 4152.31
66724.5, 4152.82
66724.5, 4152.82
66724.6, 4154.36
66754.7, 4153.85
66754.9, 4151.79
66754.9, 4153.33
66755, 4154.36
66786.8, 4154.36
66786.9, 4152.31
66787, 4152.31
66787, 4153.33
66817.7, 4153.85
66817.8, 4153.33
66817.8, 4152.82
66817.8, 4152.82
66848.7, 4150.77
66848.8, 4150.77
66848.8, 4153.85
66848.8, 4155.38
66881.1, 4151.79
66881.2, 4148.72
66881.2, 4155.38
66881.2, 4155.9
66911.8, 4138.46
66911.9, 4128.72
66911.9, 4138.97
66911.9, 4152.82
66942.9, 4166.67
66943, 4173.85
66943, 4174.36
66943, 4169.23
66973.7, 4143.08
66973.8, 4121.03
66973.9, 4125.64
66973.9, 4146.67
67005.7, 4167.69
67005.8, 4177.95
67005.9, 4177.44
67005.9, 4166.15
67036.8, 4141.03
67036.9, 4122.56
67036.9, 4129.74
67036.9, 4146.15
67068.2, 4163.08
67068.4, 4174.36
67068.4, 4174.36
67068.5, 4167.69
67099.9, 4144.1
67100, 4120.51
67100, 4124.62
67100.1, 4146.67
67130.9, 4167.69
67131, 4175.38
67131.1, 4174.87
67131.1, 4170.77
67161.8, 4146.67
67161.9, 4120
67162, 4126.15
67162, 4148.72
67193.1, 4162.05
67193.2, 4170.77
67193.2, 4172.82
67193.2, 4161.54
67224.9, 4135.38
67225, 4113.33
67225, 4113.85
67225.1, 4130.77
67256.3, 4149.23
67256.4, 4153.85
67256.4, 4152.31
67256.5, 4147.18
67287, 4118.97
67287.1, 4098.97
67287.2, 4117.44
67287.2, 4133.85
67319, 4143.59
67319, 4162.05
67319.1, 4168.72
67319.1, 4156.92
67350, 4132.31
67350, 4113.85
67350.1, 4124.62
67350.1, 4149.23
67380.9, 4163.08
67381, 4171.28
67381, 4173.85
67381, 4168.21
67412, 4147.18
67412.1, 4124.62
67412.1, 4131.79
67412.1, 4154.87
67443.8, 4168.72
67443.9, 4173.33
67443.9, 4174.87
67444, 4167.69
67475.1, 4142.56
67475.2, 4123.59
67475.3, 4133.85
67475.3, 4155.38
67505.7, 4169.23
67505.8, 4171.79
67505.8, 4170.77
67505.8, 4167.18
67536.7, 4147.69
67536.8, 4128.72
67536.9, 4131.28
67536.9, 4149.23
67568.9, 4166.67
67569, 4173.33
67569, 4172.82
67569, 4164.62
67599.8, 4143.08
67599.9, 4124.62
67599.9, 4130.77
67600, 4150.26
67630.8, 4167.69
67630.9, 4176.41
67631, 4177.44
67631, 4171.79
67663, 4145.64
67663.1, 4123.59
67663.2, 4132.31
67663.2, 4152.31
67694.2, 4165.64
67694.4, 4171.79
67694.4, 4172.82
67694.5, 4165.64
67725.1, 4143.08
67725.2, 4123.59
67725.2, 4130.26
67725.3, 4151.28
67755.9, 4168.21
67755.9, 4174.87
67756, 4170.26
67756, 4161.54
67787.8, 4143.08
67787.8, 4123.08
67787.9, 4130.26
67787.9, 4151.28
67818.9, 4164.62
67818.9, 4168.21
67819, 4168.21
67819, 4162.05
67849.8, 4142.05
67849.9, 4123.08
67849.9, 4128.72
67850, 4150.26
67881.1, 4164.1
67881.1, 4171.28
67881.2, 4174.36
67881.2, 4166.15
67912.7, 4143.08
67912.8, 4135.38
67912.8, 4149.74
67912.9, 4147.69
67943.9, 4141.03
67944, 4153.33
67944, 4158.97
67944.1, 4151.79
67974.8, 4150.26
67974.8, 4150.77
67974.9, 4151.79
67974.9, 4152.82
68006.7, 4150.77
68006.8, 4151.28
68006.8, 4154.36
68006.9, 4152.82
68037.6, 4149.74
68037.7, 4149.74
68037.8, 4150.26
68037.8, 4150.77
68068.8, 4151.28
68068.9, 4150.77
68068.9, 4152.31
68069, 4153.85
68100.1, 4150.77
68100.3, 4150.26
68100.5, 4152.31
68100.6, 4150.77
68132.4, 4149.23
68132.5, 4153.33
68132.5, 4157.95
68132.6, 4156.41
68162.9, 4154.36
68163, 4153.33
68163, 4150.26
68163.1, 4149.23
68194, 4152.82
68194.1, 4153.85
68194.1, 4150.77
68194.2, 4151.79
68225.8, 4153.33
68225.9, 4152.82
68226, 4153.33
68226, 4152.31
68256.7, 4150.26
68256.8, 4149.74
68256.9, 4150.77
68256.9, 4149.74
68287.9, 4150.77
68287.9, 4156.41
68288, 4158.97
68288, 4153.33
68319.1, 4149.74
68319.1, 4156.92
68319.2, 4160
68319.2, 4156.41
68350.8, 4154.87
68350.9, 4154.87
68350.9, 4155.38
68350.9, 4155.38
68381.7, 4155.38
68381.8, 4155.9
68381.8, 4156.41
68381.8, 4156.41
68412.9, 4155.38
68413, 4153.85
68413, 4155.9
68413.1, 4156.92
68444.8, 4151.79
68444.9, 4150.77
68444.9, 4154.87
68445, 4154.87
68475.8, 4152.82
68475.9, 4154.36
68476, 4154.36
68476, 4152.82
68507.1, 4152.82
68507.3, 4154.36
68507.3, 4154.36
68507.4, 4154.36
68537.9, 4155.38
68538, 4156.41
68538, 4155.38
68538.1, 4153.33
68569.8, 4152.31
68569.9, 4149.23
68569.9, 4150.26
68570, 4151.79
68601, 4148.72
68601.1, 4148.21
68601.1, 4150.77
68601.1, 4149.74
68631.9, 4148.21
68632, 4150.77
68632, 4153.33
68632.1, 4153.33
68662.7, 4152.31
68662.8, 4152.31
68662.9, 4153.85
68662.9, 4154.36
68694.8, 4153.85
68694.9, 4155.9
68694.9, 4156.92
68694.9, 4154.36
68726.2, 4151.79
68726.3, 4153.33
68726.3, 4154.36
68726.3, 4153.33
68756.9, 4153.33
68757, 4154.87
68757, 4154.36
68757.1, 4153.33
68788.7, 4153.85
68788.8, 4153.85
68788.8, 4153.33
68788.8, 4153.85
68819.7, 4153.85
68819.8, 4153.33
68819.8, 4153.85
68819.9, 4153.33
68850.9, 4153.33
68851, 4154.87
68851, 4154.87
68851.1, 4151.79
68881.8, 4152.31
68881.9, 4155.38
68881.9, 4153.33
68882, 4152.82
68914.1, 4154.36
68914.3, 4153.85
68914.4, 4152.82
68914.5, 4152.82
68945, 4153.85
68945.1, 4154.87
68945.1, 4153.33
68945.1, 4152.82
68976, 4154.87
68976, 4154.87
68976.1, 4152.82
68976.1, 4151.79
69007.9, 4152.31
69008, 4152.82
69008, 4153.33
69008.1, 4152.31
69038.8, 4151.28
69038.9, 4152.31
69038.9, 4153.33
69038.9, 4154.36
69069.9, 4154.87
69070, 4151.79
69070, 4151.79
69070, 4154.36
69100.7, 4153.33
69100.8, 4153.85
69100.8, 4154.87
69100.8, 4153.33
69133.1, 4152.31
69133.2, 4154.36
69133.3, 4155.38
69133.3, 4152.82
69163.7, 4151.28
69163.8, 4151.79
69163.9, 4153.85
69163.9, 4154.87
69194.9, 4155.9
69195, 4156.41
69195, 4153.85
69195, 4150.77
69225.9, 4151.79
69226, 4153.85
69226, 4153.85
69226.1, 4154.36
69258, 4154.87
69258.2, 4153.33
69258.2, 4152.31
69258.3, 4151.79
69289, 4152.82
69289.1, 4152.82
69289.1, 4151.28
69289.1, 4150.77
69320, 4153.33
69320.1, 4153.33
69320.2, 4152.82
69320.2, 4153.85
69351.8, 4152.31
69351.9, 4152.31
69351.9, 4150.77
69351.9, 4143.59
69382.9, 4144.62
69383, 4152.82
69383, 4152.82
69383.1, 4145.13
69413.8, 4142.56
69413.9, 4138.46
69413.9, 4129.74
69414, 4125.13
69444.9, 4123.08, estimuli
69445, 4122.56
69445, 4121.54
69445, 4122.56
69477, 4123.08
69477.1, 4123.08
69477.2, 4122.56
69477.2, 4120
69508, 4120
69508.1, 4124.62
69508.1, 4132.31
69508.2, 4134.87
69539, 4135.38
69539.1, 4142.56
69539.2, 4148.72
69539.2, 4147.69
69570.9, 4149.74
69571, 4154.36
69571.1, 4152.31
69571.1, 4148.72
69601.8, 4151.28
69601.8, 4154.36
69601.9, 4152.82
69601.9, 4151.28
69632.8, 4152.82
69632.9, 4156.41
69632.9, 4157.95
69632.9, 4152.82
69664, 4150.77
69664.1, 4152.31
69664.2, 4149.74
69664.2, 4151.79
69695.8, 4155.9
69695.9, 4153.33
69695.9, 4151.28
69696, 4153.33
69726.8, 4153.33
69726.9, 4153.33
69726.9, 4152.82
69727, 4151.28
69758.4, 4152.31
69758.5, 4154.87
69758.5, 4154.36
69758.6, 4151.79
69788.8, 4150.26
69788.9, 4151.79
69788.9, 4152.82
69788.9, 4151.28
69820.6, 4150.77
69820.7, 4152.31
69820.8, 4151.28
69820.8, 4150.26
69851.8, 4150.26
69851.9, 4148.72
69851.9, 4147.69
69852, 4149.74
69882.7, 4154.36
69882.7, 4154.87
69882.8, 4150.26
69882.8, 4149.23
69914.7, 4150.77
69914.8, 4150.26
69914.8, 4149.74
69914.9, 4150.77
69946, 4151.79
69946.1, 4150.26
69946.1, 4150.77
69946.2, 4152.82
69977, 4150.77
69977.1, 4147.18
69977.1, 4147.69
69977.2, 4149.74
70007.8, 4149.74
70007.9, 4149.23
70007.9, 4150.26
70008, 4152.82
70039.7, 4154.87
70039.8, 4154.36
70039.9, 4152.82
70039.9, 4153.85
70070.7, 4153.85
70070.8, 4149.74
70070.9, 4151.28
70070.9, 4153.85
70101.8, 4141.54
70101.9, 4130.26
70101.9, 4135.9
70101.9, 4151.79
70133.8, 4166.15
70133.9, 4171.28
70134, 4171.79
70134, 4166.15
70164.9, 4140.51
70165, 4118.46
70165.1, 4121.03
70165.1, 4141.54
70196, 4167.18
70196.1, 4178.46
70196.1, 4174.87
70196.2, 4162.56
70227, 4137.44
70227.1, 4116.92
70227.1, 4123.59
70227.1, 4144.1
70259.2, 4163.59
70259.3, 4175.38
70259.3, 4174.87
70259.4, 4166.67
70289.8, 4141.03
70289.9, 4118.97
70290, 4128.21
70290, 4148.72
70321.1, 4163.59
70321.2, 4172.31
70321.3, 4173.85
70321.3, 4162.56
70351.7, 4136.41
70351.8, 4118.97
70351.8, 4128.21
70351.8, 4147.18
70384, 4165.13
70384.1, 4176.92
70384.2, 4177.44
70384.2, 4165.64
70414.8, 4136.92
70414.9, 4117.95
70414.9, 4126.67
70414.9, 4145.64
70445.8, 4166.67
70445.9, 4176.41
70445.9, 4174.36
70446, 4167.18
70477.9, 4143.59
70478, 4121.03
70478.1, 4128.72
70478.1, 4146.67
70509.1, 4163.08
70509.1, 4175.9
70509.2, 4173.85
70509.2, 4161.03
70539.8, 4141.03
70539.9, 4124.1
70539.9, 4126.67
70540, 4145.64
70570.9, 4166.15
70570.9, 4172.31
70571, 4167.69
70571, 4162.56
70603.1, 4142.56
70603.2, 4121.54
70603.3, 4129.74
70603.3, 4152.82
70633.9, 4167.18
70634, 4172.82
70634, 4172.31
70634.1, 4161.54
70664.9, 4137.44
70665, 4120.51
70665, 4129.74
70665.1, 4148.21
70697, 4163.08
70697.1, 4170.77
70697.1, 4168.72
70697.1, 4158.97
70727.8, 4140.51
70727.9, 4122.05
70727.9, 4127.18
70727.9, 4148.72
70758.9, 4164.1
70759, 4169.23
70759, 4171.79
70759, 4165.64
70789.9, 4142.05
70790, 4122.56
70790.1, 4130.26
70790.1, 4148.72
70822.1, 4162.56
70822.2, 4171.79
70822.2, 4171.79
70822.2, 4160.51
70852.9, 4141.54
70853, 4126.15
70853, 4130.26
70853.1, 4148.72
70883.8, 4166.67
70883.9, 4171.79
70883.9, 4167.18
70883.9, 4161.03
70914.8, 4140.51
70914.9, 4121.03
70915, 4127.18
70915, 4147.69
70946.9, 4165.13
70946.9, 4169.74
70947, 4168.72
70947, 4161.03
70978, 4138.97
70978.1, 4122.56
70978.1, 4130.26
70978.1, 4147.18
71008.9, 4162.56
71009, 4172.82
71009.1, 4172.31
71009.1, 4162.05
71041, 4140
71041.1, 4122.56
71041.2, 4128.72
71041.2, 4145.64
71071.8, 4162.56
71071.9, 4172.82
71071.9, 4170.26
71071.9, 4158.97
71102.8, 4143.59
71102.9, 4141.54
71102.9, 4152.31
71103, 4150.26
71134, 4143.59
71134.1, 4154.36
71134.1, 4160
71134.2, 4150.26
71166, 4149.23
71166.1, 4153.33
71166.1, 4152.31
71166.1, 4151.28
71196.8, 4150.26
71196.9, 4150.77
71196.9, 4152.31
71197, 4152.82
71228, 4151.79
71228.1, 4149.74
71228.2, 4150.77
71228.2, 4153.85
71260.2, 4153.33
71260.3, 4150.77
71260.4, 4150.26
71260.4, 4149.74
71290.8, 4149.23
71290.9, 4151.28
71291, 4151.79
71291, 4148.72
71322.2, 4150.77
71322.3, 4153.85
71322.4, 4153.85
71322.4, 4152.82
71352.7, 4152.82
71352.8, 4151.79
71352.9, 4151.79
71352.9, 4151.79
71384.7, 4151.28
71384.8, 4151.28
71384.9, 4151.79
71384.9, 4152.31
71415.7, 4152.31
71415.8, 4152.82
71415.8, 4149.23
71415.8, 4147.69
71447.1, 4151.28
71447.2, 4152.31
71447.2, 4148.72
71447.2, 4147.18
71478, 4149.23
71478.1, 4151.28
71478.1, 4151.79
71478.2, 4152.82
71509.8, 4150.77
71509.9, 4145.13
71509.9, 4146.67
71510, 4153.85
71541.2, 4153.33
71541.3, 4150.26
71541.3, 4151.79
71541.3, 4150.77
71572, 4149.23
71572, 4153.85
71572.1, 4154.87
71572.1, 4151.79
71604, 4151.79
71604.1, 4151.28
71604.1, 4150.77
71604.2, 4151.28
71635.1, 4151.28
71635.2, 4151.79
71635.3, 4152.82
71635.4, 4153.33
71666, 4153.85
71666.1, 4150.77
71666.1, 4147.69
71666.2, 4150.77
71697, 4150.26
71697.1, 4147.18
71697.1, 4149.23
71697.1, 4149.23
71729, 4146.15
71729.1, 4151.28
71729.2, 4153.85
71729.2, 4146.67
71759.9, 4143.59
71760, 4149.74
71760.1, 4150.77
71760.2, 4148.21
71790.8, 4149.23
71790.9, 4149.74
71791, 4150.77
71791, 4153.85
71822.9, 4154.36
71823, 4153.85
71823, 4153.85
71823.1, 4153.33
71854.1, 4152.31
71854.2, 4153.33
71854.3, 4152.31
71854.3, 4150.26
71894, 4151.79
71894.1, 4153.85
71894.1, 4152.82
71894.1, 4151.28
71923.7, 4151.28
71923.8, 4152.31
71923.9, 4147.69
71923.9, 4141.03
71954.9, 4144.1
71954.9, 4149.74
71955, 4145.64
71955, 4140
71986.7, 4138.97
71986.8, 4135.38
71986.8, 4128.72
71986.9, 4129.74
72017.9, 4129.74
72018, 4125.13
72018, 4128.72
72018, 4134.36
72049.2, 4130.77
72049.3, 4128.72
72049.3, 4130.77
72049.3, 4132.82
72080.8, 4136.41
72080.9, 4141.54
72080.9, 4146.15
72080.9, 4148.72
72111.9, 4151.79
72112, 4153.33
72112.1, 4151.28
72112.1, 4152.31
72143, 4154.87
72143.1, 4155.38
72143.1, 4156.92
72143.2, 4157.95
72173.9, 4154.36
72174, 4150.77
72174, 4152.82
72174, 4155.38
72205.9, 4154.87
72206, 4154.36
72206, 4154.87
72206.1, 4152.82
72236.8, 4152.31
72236.8, 4154.87
72236.9, 4154.87
72236.9, 4152.31
72268.1, 4152.82
72268.2, 4152.82
72268.3, 4150.26
72268.3, 4150.77
72299.9, 4153.85
72300, 4153.33
72300.1, 4150.26
72300.1, 4150.26
72331, 4152.82
72331.1, 4153.85
72331.1, 4152.31
72331.2, 4152.31
72361.9, 4154.36
72362, 4153.85
72362.1, 4151.28
72362.1, 4151.79
72392.7, 4155.38
72392.9, 4153.85
72392.9, 4150.26
72393, 4151.28
72424.9, 4153.33
72425, 4153.85
72425.1, 4152.31
72425.1, 4152.31
72456, 4155.9
72456.1, 4154.36
72456.1, 4150.26
72456.1, 4150.26
72487.1, 4151.79
72487.2, 4151.28
72487.2, 4151.28
72487.3, 4152.31
72517.8, 4151.79
72517.8, 4151.79
72517.9, 4151.79
72517.9, 4153.33
72549.6, 4153.33
72549.7, 4150.26
72549.8, 4149.23
72549.8, 4150.26
72580.8, 4147.69
72580.9, 4145.64
72580.9, 4148.21
72581, 4149.74
72611.9, 4148.21
72612, 4146.67
72612, 4146.67
72612, 4149.23
72643.9, 4150.26
72644, 4149.74
72644.1, 4151.28
72644.1, 4151.79
72675.4, 4150.77
72675.5, 4151.79
72675.5, 4153.33
72675.6, 4151.79
72705.7, 4151.79
72705.8, 4153.33
72705.8, 4151.79
72705.9, 4152.82
72736.7, 4156.41
72736.7, 4154.36
72736.8, 4151.79
72736.8, 4152.82
72768.8, 4152.82
72768.9, 4151.79
72768.9, 4149.23
72768.9, 4149.23
72799.9, 4151.79
72800, 4149.74
72800, 4147.69
72800.1, 4149.74
72831, 4151.28
72831.1, 4152.31
72831.1, 4152.82
72831.1, 4149.74
72862, 4147.69
72862.1, 4150.26
72862.1, 4151.28
72862.1, 4151.28
72894.1, 4151.79
72894.2, 4150.26
72894.2, 4149.74
72894.3, 4151.79
72925.1, 4151.79
72925.1, 4152.31
72925.2, 4153.33
72925.2, 4152.82
72955.9, 4151.28
72956, 4151.79
72956, 4153.33
72956, 4154.36
72987.7, 4154.87
72987.8, 4154.87
72987.8, 4153.85
72987.8, 4152.82
73018.8, 4152.82
73018.9, 4150.77
73019, 4147.69
73019, 4146.67
73049.9, 4149.23
73050, 4151.28
73050, 4150.26
73050, 4151.79
73081, 4153.85
73081.1, 4153.33
73081.3, 4151.79
73081.3, 4152.82
73113.1, 4154.87
73113.2, 4155.9
73113.3, 4154.87
73113.3, 4154.36
73144, 4154.36
73144.1, 4151.79
73144.2, 4151.28
73144.2, 4152.31
73175.1, 4151.28
73175.2, 4148.72
73175.3, 4147.69
73175.3, 4149.74
73206.9, 4149.74
73207, 4147.18
73207, 4149.23
73207.1, 4152.82
73237.8, 4150.77
73237.9, 4146.15
73237.9, 4149.74
73238, 4150.26
73268.9, 4145.13
73269.1, 4146.67
73269.1, 4150.26
73269.1, 4148.21
73300.2, 4145.64
73300.3, 4149.74
73300.4, 4150.26
73300.5, 4144.1
73331.9, 4137.95
73332, 4134.87
73332, 4131.28
73332, 4128.21
73362.9, 4130.77, estimuli
73363, 4133.33
73363, 4133.33
73363.1, 4135.38
73394.1, 4139.49
73394.2, 4141.03
73394.2, 4139.49
73394.2, 4141.03
73426, 4144.1
73426.1, 4147.18
73426.1, 4149.23
73426.1, 4149.74
73456.7, 4152.82
73456.8, 4154.87
73456.9, 4152.82
73456.9, 4151.79
73487.7, 4154.87
73487.8, 4154.36
73487.8, 4151.28
73487.9, 4151.79
73519.1, 4151.79
73519.2, 4148.72
73519.3, 4148.72
73519.3, 4150.26
73550.8, 4151.28
73550.9, 4151.79
73550.9, 4151.79
73550.9, 4152.82
73582, 4153.85
73582.1, 4150.77
73582.1, 4150.26
73582.1, 4151.79
73612.8, 4149.23
73612.9, 4148.72
73612.9, 4150.77
73612.9, 4149.23
73643.8, 4148.72
73643.9, 4151.28
73643.9, 4152.82
73644, 4153.85
73676, 4153.33
73676.1, 4150.77
73676.1, 4150.26
73676.1, 4150.77
73707.1, 4152.31
73707.2, 4155.38
73707.3, 4153.33
73707.3, 4149.74
73738.1, 4151.79
73738.2, 4153.33
73738.2, 4152.31
73738.3, 4152.31
73769.7, 4151.28
73769.8, 4150.26
73769.8, 4151.79
73769.9, 4153.85
73800.8, 4155.38
73800.9, 4154.36
73800.9, 4151.28
73800.9, 4151.79
73831.8, 4154.87
73831.9, 4150.77
73832, 4146.67
73832, 4149.74
73862.7, 4150.77
73862.8, 4149.23
73862.9, 4150.26
73862.9, 4150.26
73894.9, 4148.72
73895, 4149.23
73895.1, 4150.77
73895.1, 4150.77
73926, 4149.74
73926.2, 4151.28
73926.2, 4152.82
73926.3, 4151.28
73956.9, 4149.23
73957, 4150.77
73957.1, 4152.82
73957.1, 4150.77
73987.7, 4148.21
73987.8, 4151.79
73987.8, 4151.28
73987.9, 4150.77
74019.8, 4152.31
74019.9, 4144.1
74019.9, 4131.79
74019.9, 4132.82
74050.7, 4146.15
74050.9, 4161.54
74050.9, 4170.26
74051, 4172.31
74081.9, 4170.26
74082, 4149.74
74082.1, 4125.64
74082.1, 4122.05
74113.8, 4135.9
74113.9, 4158.97
74113.9, 4171.28
74113.9, 4170.26
74145, 4166.67
74145.1, 4149.23
74145.2, 4122.05
74145.2, 4117.95
74175.8, 4136.41
74175.9, 4156.41
74176, 4170.77
74176, 4173.33
74206.7, 4167.69
74206.8, 4150.77
74206.9, 4126.15
74206.9, 4119.49
74238.9, 4134.36
74239, 4158.97
74239, 4172.82
74239.1, 4169.23
74269.6, 4166.15
74269.7, 4147.69
74269.7, 4120
74269.8, 4121.03
74301, 4141.03
74301.1, 4157.44
74301.2, 4170.77
74301.2, 4176.41
74333.1, 4174.36
74333.2, 4152.31
74333.3, 4120.51
74333.3, 4118.97
74363.7, 4137.44
74363.8, 4155.9
74363.9, 4172.31
74363.9, 4174.36
74394.7, 4165.13
74394.8, 4148.72
74394.8, 4125.64
74394.9, 4120.51
74426, 4136.92
74426.1, 4157.95
74426.2, 4171.28
74426.3, 4170.26
74457.8, 4164.1
74457.9, 4148.21
74457.9, 4125.64
74458, 4123.59
74488.8, 4139.49
74488.9, 4155.38
74488.9, 4167.69
74489, 4171.28
74519.7, 4164.62
74519.8, 4149.23
74519.8, 4128.21
74519.9, 4124.1
74551.9, 4140.51
74552, 4159.49
74552, 4167.69
74552, 4170.26
74583, 4168.72
74583.1, 4150.26
74583.1, 4124.62
74583.2, 4125.13
74614, 4145.13
74614.1, 4159.49
74614.1, 4166.15
74614.2, 4169.74
74645, 4165.64
74645.1, 4144.1
74645.2, 4120.51
74645.3, 4122.05
74677.1, 4142.05
74677.2, 4159.49
74677.2, 4165.64
74677.3, 4166.15
74708.2, 4166.67
74708.3, 4151.79
74708.3, 4124.62
74708.3, 4122.05
74739.1, 4143.08
74739.2, 4159.49
74739.2, 4164.62
74739.2, 4169.23
74770.1, 4167.18
74770.1, 4145.64
74770.2, 4121.03
74770.2, 4122.56
74802.3, 4142.56
74802.4, 4160.51
74802.4, 4166.15
74802.4, 4162.05
74833, 4158.46
74833.1, 4146.15
74833.1, 4125.64
74833.2, 4123.59
74864.3, 4140
74864.4, 4158.46
74864.5, 4170.26
74864.5, 4171.79
74896.2, 4164.1
74896.3, 4145.64
74896.4, 4125.64
74896.4, 4124.1
74927.2, 4137.95
74927.4, 4155.9
74927.4, 4168.21
74927.5, 4170.77
74957.9, 4164.62
74958.1, 4147.18
74958.1, 4126.67
74958.2, 4124.62
74989.6, 4139.49
74989.7, 4158.46
74991.7, 4168.21
74991.9, 4166.67
75021.2, 4162.56
75021.3, 4146.67
75021.3, 4135.38
75021.4, 4148.21
75052.3, 4149.74
75052.4, 4137.95
75052.5, 4148.72
75052.5, 4161.03
75083.2, 4150.26
75083.3, 4144.1
75083.4, 4149.74
75083.4, 4149.23
75115.2, 4148.21
75115.3, 4150.26
75115.4, 4149.23
75115.4, 4144.62
75146, 4145.13
75146.1, 4148.72
75146.2, 4148.21
75146.2, 4147.69
75177.3, 4149.74
75177.4, 4149.74
75177.5, 4147.69
75177.5, 4148.21
75208.2, 4148.21
75208.4, 4147.69
75208.4, 4148.21
75208.5, 4148.21
75240.2, 4148.72
75240.4, 4150.26
75240.5, 4150.26
75240.6, 4147.69
75271.2, 4149.23
75271.3, 4149.23
75271.4, 4146.15
75271.4, 4149.74
75302.3, 4152.31
75302.5, 4149.23
75302.6, 4151.28
75302.6, 4152.82
75333.2, 4148.72
75333.3, 4146.15
75333.3, 4147.18
75333.4, 4148.72
75365.2, 4150.26
75365.3, 4150.26
75365.4, 4150.26
75365.4, 4149.23
75396.3, 4146.15
75396.4, 4144.62
75396.5, 4147.18
75396.5, 4150.77
75427.1, 4152.31
75427.2, 4150.26
75427.2, 4147.69
75427.3, 4148.72
75459, 4147.18
75459.1, 4144.1
75459.1, 4147.69
75459.1, 4150.26
75489.8, 4147.69
75489.9, 4147.69
75490, 4149.23
75490, 4149.74
75520.8, 4151.28
75520.8, 4151.28
75520.9, 4150.26
75520.9, 4150.26
75551.7, 4150.26
75551.8, 4149.74
75551.8, 4150.77
75551.9, 4151.28
75583.8, 4148.72
75583.9, 4146.15
75583.9, 4148.21
75584, 4151.79
75614.9, 4148.72
75615, 4146.15
75615.1, 4148.72
75615.2, 4150.77
75645.9, 4150.26
75646, 4151.28
75646, 4151.79
75646, 4150.77
75677.9, 4148.72
75678, 4148.21
75678, 4150.77
75678, 4153.33
75708.9, 4150.26
75709, 4149.74
75709, 4152.31
75709, 4151.28
75739.7, 4145.64
75739.8, 4143.08
75739.8, 4144.1
75739.8, 4145.64
75770.8, 4147.18
75770.9, 4146.67
75770.9, 4143.08
75770.9, 4139.49
75802.9, 4133.85
75803, 4126.67
75803, 4124.62
75803, 4123.59
75834.1, 4120
75834.3, 4121.54
75834.3, 4125.64
75834.3, 4124.62
75864.7, 4122.05
75864.8, 4126.67
75864.9, 4132.31
75864.9, 4135.9
75897.1, 4138.97
75897.2, 4140.51
75897.3, 4142.56
75897.3, 4147.18
75928, 4153.85
75928.1, 4156.41
75928.1, 4155.9
75928.2, 4159.49
75959, 4162.56
75959, 4158.97
75959.1, 4156.41
75959.1, 4155.38
75989.7, 4151.79
75989.8, 4151.79
75989.9, 4154.87
75989.9, 4155.38
76021.9, 4154.36
76022, 4155.38
76022, 4157.95
76022, 4155.9
76053, 4154.36
76053.1, 4154.36
76053.1, 4153.33
76053.2, 4155.38
76084, 4156.41
76084.1, 4151.28
76084.1, 4147.18
76084.2, 4150.77
76115, 4155.38
76115.1, 4155.38
76115.2, 4154.36
76115.2, 4152.82
76146.8, 4150.77
76146.9, 4149.74
76147, 4151.28
76147, 4150.77
76177.8, 4150.26
76177.9, 4151.28
76178, 4152.31
76178, 4152.82
76208.9, 4151.28
76209, 4150.77
76209, 4151.28
76209.1, 4151.79
76241.2, 4151.79
76241.3, 4150.26
76241.4, 4150.77
76241.4, 4152.31
76271.8, 4151.79
76271.9, 4150.77
76271.9, 4152.31
76272, 4153.85
76303, 4151.28
76303.1, 4149.74
76303.2, 4151.28
76303.2, 4151.28
76333.9, 4150.26
76334, 4149.74
76334, 4151.28
76334.1, 4152.82
76366, 4151.28
76366.1, 4150.26
76366.2, 4152.31
76366.2, 4157.44
76397, 4160
76397.1, 4157.44
76397.2, 4156.92
76397.2, 4156.92
76428, 4154.36
76428.1, 4150.77
76428.2, 4152.82
76428.2, 4157.95
76459.2, 4158.46
76459.3, 4154.36
76459.4, 4156.41
76459.4, 4161.03
76490.7, 4155.9
76490.9, 4151.79
76490.9, 4153.85
76490.9, 4154.36
76521.8, 4152.82
76521.9, 4153.85
76521.9, 4155.9
76522, 4156.41
76552.8, 4153.85
76552.9, 4151.28
76553, 4151.79
76553, 4153.33
76584.8, 4150.77
76584.9, 4149.23
76585, 4152.31
76585, 4153.85
76615.9, 4152.31
76616, 4151.79
76616, 4152.31
76616, 4151.79
76646.9, 4151.28
76647, 4150.77
76647, 4149.23
76647, 4148.72
76678.1, 4151.79
76678.2, 4151.79
76678.2, 4149.23
76678.2, 4150.26
76709.9, 4153.33
76710, 4151.79
76710, 4149.74
76710, 4150.77
76740.7, 4150.77
76740.8, 4148.21
76740.8, 4148.21
76740.8, 4151.28
76771.9, 4150.26
76771.9, 4145.64
76772, 4146.15
76772, 4150.77
76803.8, 4149.23
76803.9, 4146.67
76803.9, 4150.77
76803.9, 4152.82
76834.8, 4147.69
76834.8, 4144.1
76834.9, 4146.15
76834.9, 4149.23
76866.1, 4147.69
76866.2, 4146.67
76866.2, 4150.26
76866.3, 4152.82
76897, 4152.31
76897.1, 4149.74
76897.1, 4147.69
76897.1, 4149.74
76929, 4150.77
76929.1, 4149.74
76929.1, 4151.79
76929.2, 4150.77
76960, 4148.21
76960.1, 4149.23
76960.1, 4150.26
76960.2, 4148.21
76990.9, 4147.18
76991, 4145.64
76991.1, 4146.67
76991.1, 4150.77
77021.9, 4151.28
77022, 4148.72
77022, 4148.72
77022, 4149.23
77054, 4149.23
77054, 4147.69
77054.1, 4149.74
77054.1, 4151.28
77084.9, 4149.23
77085, 4147.69
77085, 4150.77
77085.1, 4151.79
77116, 4151.28
77116.1, 4153.85
77116.2, 4152.82
77116.2, 4150.77
77148.1, 4149.74
77148.1, 4149.23
77148.2, 4146.15
77148.2, 4147.69
77178.9, 4153.33
77178.9, 4152.82
77179, 4149.23
77179, 4148.21
77209.9, 4149.23
77210, 4150.26
77210, 4151.28
77210.1, 4153.33
77240.7, 4152.31
77240.8, 4151.28
77240.9, 4152.31
77240.9, 4152.82
77273.2, 4151.28
77273.3, 4150.26
77273.4, 4151.28
77273.5, 4151.79
77303.9, 4148.72
77304, 4147.18
77304.1, 4149.23
77304.1, 4149.23
77335, 4147.69
77335.1, 4148.21
77335.1, 4150.26
77335.2, 4151.28
77367, 4150.26
77367.1, 4148.21
77367.1, 4149.23
77367.1, 4151.28
77397.9, 4151.28
77398, 4149.23
77398, 4147.69
77398.1, 4148.72
77428.7, 4148.72
77428.8, 4146.67
77428.8, 4147.18
77428.9, 4151.28
77459.9, 4151.79
77460, 4149.74
77460, 4151.28
77460.1, 4152.82
77492.1, 4149.74
77492.2, 4149.23
77492.3, 4151.79
77492.3, 4151.28
77523, 4150.26
77523, 4152.31
77523.1, 4152.31
77523.1, 4149.23
77553.7, 4147.69
77553.8, 4148.21
77553.9, 4146.15
77553.9, 4145.64
77584.8, 4150.26
77584.9, 4148.72
77584.9, 4144.62
77585, 4149.23
77617, 4151.79
77617.1, 4146.15
77617.1, 4147.18
77617.1, 4151.28
77647.8, 4150.77
77647.9, 4147.18
77648, 4140
77648, 4140
77678.9, 4146.67
77678.9, 4144.1
77679, 4139.49
77679, 4136.92
77711.2, 4129.23
77711.3, 4120
77711.3, 4117.44
77711.4, 4118.46
77742.1, 4121.54, estimuli
77742.1, 4124.62
77742.2, 4123.59
77742.2, 4121.03
77772.8, 4124.1
77772.9, 4128.72
77772.9, 4128.72
77773, 4131.79
77803.8, 4136.92
77803.9, 4136.92
77804, 4136.92
77804, 4141.03
77835.7, 4147.69
77835.8, 4152.82
77835.8, 4152.31
77835.9, 4151.79
77866.7, 4152.31
77866.8, 4151.28
77866.9, 4153.33
77866.9, 4154.87
77898, 4153.33
77898.1, 4153.85
77898.2, 4156.41
77898.2, 4157.95
77930, 4157.44
77930.1, 4154.87
77930.1, 4153.33
77930.1, 4153.33
77960.9, 4154.87
77961, 4154.87
77961, 4155.9
77961.1, 4153.85
77992.3, 4151.28
77992.4, 4151.79
77992.4, 4152.82
77992.5, 4151.79
78023, 4151.79
78023.1, 4151.28
78023.1, 4150.26
78023.1, 4150.77
78054.9, 4151.28
78055, 4150.26
78055.1, 4150.77
78055.1, 4151.28
78085.9, 4149.74
78086, 4151.28
78086.1, 4152.31
78086.1, 4150.26
78117.1, 4151.79
78117.2, 4153.33
78117.2, 4150.26
78117.2, 4149.74
78148.8, 4153.33
78148.9, 4154.36
78148.9, 4153.33
78149, 4152.82
78179.9, 4150.77
78180, 4149.74
78180, 4150.77
78180, 4152.31
78210.8, 4153.85
78210.9, 4154.36
78210.9, 4154.36
78210.9, 4153.33
78242.1, 4151.28
78242.2, 4150.26
78242.2, 4153.85
78242.2, 4154.36
78273.7, 4152.31
78273.8, 4154.36
78273.9, 4152.31
78273.9, 4150.26
78305, 4153.33
78305.1, 4152.31
78305.1, 4149.23
78305.2, 4151.79
78336, 4153.33
78336.1, 4151.79
78336.1, 4154.36
78336.2, 4156.92
78366.9, 4152.31
78366.9, 4149.23
78367, 4148.72
78367, 4150.26
78398.9, 4152.31
78399, 4147.69
78399, 4137.95
78399, 4134.36
78429.7, 4142.05
78429.8, 4160
78429.9, 4169.74
78429.9, 4169.74
78460.9, 4173.33
78461, 4160.51
78461.1, 4129.74
78461.1, 4117.95
78492.9, 4135.38
78493, 4161.54
78493, 4173.85
78493, 4172.31
78524.2, 4171.28
78524.4, 4157.44
78524.4, 4127.69
78524.5, 4117.44
78554.9, 4132.82
78554.9, 4155.38
78555, 4171.28
78555, 4174.87
78585.9, 4170.26
78585.9, 4153.85
78586, 4126.67
78586, 4118.46
78617.8, 4133.85
78617.9, 4155.9
78617.9, 4171.79
78618, 4173.85
78648.9, 4170.77
78649, 4154.36
78649, 4126.15
78649, 4120
78679.9, 4137.95
78680, 4155.9
78680, 4168.72
78680, 4172.82
78712, 4169.23
78712.1, 4151.28
78712.1, 4123.59
78712.2, 4117.95
78743.1, 4136.41
78743.3, 4158.46
78743.3, 4174.36
78743.4, 4176.92
78773.7, 4172.82
78773.9, 4157.95
78774, 4128.72
78774, 4122.56
78804.8, 4142.56
78804.9, 4161.03
78804.9, 4170.77
78804.9, 4173.85
78836.8, 4169.23
78836.9, 4150.77
78837, 4127.69
78837, 4125.64
78867.8, 4140
78867.9, 4158.46
78867.9, 4171.79
78867.9, 4173.33
78899, 4167.18
78899, 4152.31
78899.1, 4128.21
78899.1, 4122.56
78930, 4137.95
78930.1, 4154.87
78930.1, 4168.21
78930.2, 4172.31
78962.2, 4166.67
78962.4, 4149.74
78962.4, 4128.21
78962.5, 4123.08
78993.1, 4138.97
78993.2, 4158.97
78993.2, 4169.74
78993.3, 4168.72
79024, 4167.69
79024.1, 4156.41
79024.1, 4131.28
79024.1, 4123.08
79055.8, 4140.51
79055.9, 4158.97
79056, 4165.64
79056, 4168.21
79086.8, 4167.69
79086.9, 4150.77
79087, 4124.1
79087, 4117.95
79117.8, 4138.97
79117.8, 4161.03
79117.9, 4169.23
79117.9, 4169.23
79148.9, 4169.23
79149, 4155.38
79149, 4128.72
79149.1, 4124.1
79181, 4140
79181.1, 4155.9
79181.2, 4167.69
79181.2, 4171.28
79211.9, 4164.1
79212, 4146.67
79212, 4125.64
79212.1, 4121.54
79243.1, 4136.92
79243.2, 4155.38
79243.2, 4167.69
79243.2, 4170.26
79274.9, 4167.69
79275, 4152.31
79275, 4128.21
79275.1, 4122.05
79305.9, 4137.95
79306, 4156.92
79306, 4170.26
79306.1, 4171.79
79336.8, 4165.13
79336.9, 4149.74
79336.9, 4129.23
79337, 4127.18
79367.9, 4138.97
79368, 4151.79
79368, 4167.18
79368, 4170.26
79400.1, 4162.56
79400.2, 4149.74
79400.2, 4137.95
79400.2, 4143.59
79430.9, 4150.26
79431, 4141.54
79431, 4148.21
79431, 4160.51
79461.9, 4151.28
79462, 4144.1
79462, 4149.74
79462.1, 4148.21
79492.8, 4143.59
79492.9, 4145.13
79493, 4147.69
79493, 4147.18
79525, 4145.64
79525.1, 4146.67
79525.1, 4151.79
79525.2, 4153.85
79555.8, 4149.74
79555.9, 4147.18
79555.9, 4150.77
79556, 4152.31
79587.1, 4147.69
79587.2, 4145.13
79587.3, 4147.69
79587.3, 4150.77
79619.3, 4151.28
79619.4, 4149.74
79619.5, 4150.26
79619.5, 4152.31
79649.9, 4149.23
79650, 4147.18
79650.1, 4149.74
79650.1, 4152.82
79680.7, 4151.79
79680.8, 4148.72
79680.9, 4147.69
79680.9, 4149.23
79711.8, 4149.74
79712, 4149.74
79712, 4151.79
79712.1, 4149.74
79743.8, 4147.69
79743.9, 4149.23
79743.9, 4150.26
79744, 4149.23
79774.8, 4149.23
79774.9, 4147.69
79774.9, 4147.18
79775, 4149.74
79806.2, 4148.72
79806.3, 4147.69
79806.4, 4150.77
79806.4, 4151.79
79837.6, 4149.74
79837.7, 4150.26
79837.8, 4153.33
79837.9, 4147.69
79869, 4142.05
79869.1, 4147.69
79869.1, 4152.31
79869.1, 4145.64
79899.8, 4140
79899.8, 4140
79899.9, 4137.95
79899.9, 4135.38
79930.9, 4135.38
79931, 4130.26
79931, 4125.64
79931, 4128.21
79962.9, 4129.74
79963, 4126.15
79963.1, 4124.1
79963.2, 4124.62
79994.3, 4122.56
79994.4, 4120
79994.4, 4126.15
79994.4, 4133.33
80025.1, 4128.21
80025.3, 4122.05
80025.4, 4131.79
80025.4, 4140
80056.4, 4136.41
80056.5, 4135.9
80056.5, 4142.56
80056.6, 4146.67
80087.9, 4145.13
80088, 4144.62
80088.1, 4149.23
80088.1, 4150.26
80118.8, 4147.69
80118.9, 4151.28
80118.9, 4153.85
80118.9, 4151.79
80149.8, 4150.77
80149.9, 4151.79
80149.9, 4153.85
80150, 4153.33
80181.8, 4151.28
80181.8, 4152.31
80181.9, 4154.87
80181.9, 4150.77
80213, 4146.15
80213.1, 4150.26
80213.2, 4154.87
80213.2, 4153.85
80243.8, 4150.77
80243.9, 4149.74
80244, 4150.26
80244, 4149.74
80275.1, 4149.74
80275.2, 4152.31
80275.3, 4154.87
80275.3, 4154.36
80306.9, 4151.28
80307, 4148.72
80307, 4149.74
80307.1, 4151.79
80337.6, 4149.23
80337.7, 4147.18
80337.8, 4151.28
80337.8, 4152.82
80368.6, 4148.21
80368.7, 4149.74
80368.7, 4152.31
80368.8, 4150.26
80401, 4150.77
80401.2, 4154.36
80401.3, 4153.85
80401.3, 4151.79
80432.1, 4151.28
80432.1, 4151.79
80432.2, 4151.28
80432.2, 4149.23
80463, 4150.77
80463.1, 4152.31
80463.1, 4150.26
80463.1, 4151.28
80493.9, 4151.79
80494, 4148.21
80494, 4150.26
80494, 4151.79
80526, 4145.64
80526.1, 4146.15
80526.2, 4150.26
80526.2, 4148.21
80556.8, 4147.69
80556.9, 4151.28
80556.9, 4152.31
80557, 4149.23
80588.1, 4148.72
80588.2, 4150.77
80588.3, 4151.28
80588.3, 4149.23
80619.5, 4149.74
80619.6, 4150.77
80619.6, 4150.77
80619.7, 4150.26
80650.7, 4148.21
80650.8, 4149.74
80650.9, 4151.28
80650.9, 4147.18
80681.7, 4145.13
80681.8, 4146.67
80681.8, 4147.18
80681.8, 4147.69
80713, 4149.74
80713.1, 4151.28
80713.1, 4149.74
80713.1, 4148.21
80744.9, 4149.23
80745.1, 4149.74
80745.1, 4148.72
80745.2, 4151.79
80775.9, 4154.87
80776, 4151.28
80776.1, 4149.74
80776.1, 4151.79
80806.7, 4152.31
80806.8, 4150.26
80806.8, 4149.74
80806.9, 4152.82
80837.8, 4153.85
80837.9, 4150.77
80837.9, 4149.74
80838, 4150.77
80870, 4150.26
80870.1, 4149.23
80870.1, 4151.28
80870.1, 4151.28
80900.7, 4151.79
80900.8, 4152.31
80900.8, 4149.23
80900.9, 4147.69
80931.8, 4148.72
80931.9, 4147.69
80932, 4146.67
80932, 4149.23
80963.8, 4148.72
80963.9, 4146.67
80963.9, 4149.74
80964, 4150.77
80995.1, 4147.69
80995.2, 4148.21
80995.2, 4150.26
80995.3, 4151.28
81028.7, 4151.79
81028.8, 4152.82
81028.9, 4152.82
81029, 4151.28
81056.9, 4150.26
81057.1, 4151.28
81057.2, 4152.31
81057.3, 4149.74
81088.6, 4148.21
81088.7, 4151.28
81088.8, 4153.33
81088.8, 4149.74
81120.2, 4147.18
81120.3, 4146.15
81120.3, 4145.13
81120.3, 4146.67
81150.7, 4149.74
81150.8, 4151.28
81150.9, 4152.31
81150.9, 4151.79
81182.7, 4149.74
81182.8, 4148.21
81182.8, 4148.72
81182.8, 4150.26
81213.6, 4150.77
81213.7, 4150.77
81213.8, 4151.28
81213.8, 4149.74
81245.1, 4147.18
81245.2, 4148.72
81245.3, 4151.28
81245.3, 4151.79
81276.3, 4149.74
81276.4, 4147.69
81276.4, 4148.72
81276.4, 4150.77
81307.8, 4151.28
81307.9, 4148.21
81308, 4146.15
81308, 4148.21
81338.8, 4149.23
81338.9, 4149.23
81338.9, 4149.23
81338.9, 4149.74
81369.8, 4148.72
81369.9, 4149.74
81369.9, 4149.74
81369.9, 4148.21
81400.8, 4149.23
81400.9, 4150.77
81400.9, 4149.74
81400.9, 4148.21
81432.9, 4148.72
81433, 4149.23
81433.1, 4149.23
81433.1, 4150.77
81463.8, 4152.82
81463.9, 4151.79
81464, 4152.31
81464, 4152.82
81494.8, 4147.18
81494.9, 4144.62
81494.9, 4148.72
81495, 4152.31
81526.8, 4150.26
81526.9, 4146.15
81526.9, 4145.13
81527, 4146.67
81557.7, 4147.69
81557.8, 4147.18
81557.8, 4147.69
81557.9, 4148.21
81588.9, 4148.72
81588.9, 4149.74
81589, 4148.72
81589, 4147.18
81620, 4146.67
81620.1, 4147.69
81620.1, 4149.74
81620.2, 4149.74
81652.2, 4146.67
81652.3, 4145.13
81652.4, 4148.21
81652.4, 4150.77
81682.8, 4150.77
81682.9, 4151.79
81683, 4154.36
81683, 4152.31
81713.7, 4149.23
81713.8, 4151.28
81713.9, 4151.79
81713.9, 4147.69
81745, 4145.64
81745.1, 4148.72
81745.1, 4150.77
81745.1, 4151.79
81776.9, 4151.79
81776.9, 4150.26
81777, 4151.28
81777, 4152.31
81807.9, 4149.23
81808, 4147.69
81808, 4149.74
81808.1, 4150.26
81838.7, 4146.15
81838.8, 4142.05
81838.9, 4143.59
81838.9, 4147.69
81871.1, 4150.26
81871.3, 4148.72
81871.3, 4141.54
81871.4, 4134.36
81902, 4129.23, estimuli
81902.1, 4124.62
81902.1, 4128.21
81902.2, 4132.82
81932.8, 4130.26
81932.9, 4130.26
81932.9, 4138.46
81933, 4138.97
81963.9, 4134.36
81964, 4138.97
81964, 4145.64
81964.1, 4143.59
81995.8, 4145.13
81995.9, 4153.33
81996, 4153.85
81996, 4150.26
82026.9, 4153.85
82027, 4156.92
82027, 4154.87
82027, 4152.82
82057.7, 4151.79
82057.8, 4151.79
82057.9, 4153.33
82057.9, 4153.85
82090, 4151.28
82090.1, 4152.82
82090.1, 4154.87
82090.2, 4149.74
82120.8, 4148.21
82120.8, 4151.28
82120.9, 4151.79
82120.9, 4150.77
82151.8, 4150.26
82151.9, 4151.79
82152, 4154.87
82152, 4154.36
82182.7, 4150.77
82182.7, 4152.31
82182.8, 4154.36
82182.8, 4151.79
82214.9, 4152.31
82215, 4152.82
82215, 4150.77
82215, 4152.31
82245.9, 4154.87
82246, 4153.33
82246.1, 4151.79
82246.1, 4151.79
82277.2, 4152.31
82277.3, 4153.85
82277.4, 4151.79
82277.4, 4150.77
82307.9, 4152.82
82308, 4151.79
82308.1, 4150.77
82308.1, 4150.77
82339.8, 4150.26
82339.9, 4150.26
82339.9, 4151.79
82340, 4152.82
82370.7, 4150.26
82370.8, 4151.28
82370.9, 4152.82
82370.9, 4149.74
82401.9, 4147.18
82401.9, 4150.77
82402, 4152.82
82402, 4151.28
82433.9, 4150.26
82433.9, 4149.74
82434, 4149.23
82434, 4151.28
82464.9, 4151.79
82465, 4150.26
82465, 4152.82
82465.1, 4152.82
82496, 4148.21
82496.1, 4148.72
82496.1, 4151.28
82496.1, 4151.28
82526.8, 4150.26
82526.9, 4151.28
82526.9, 4149.23
82526.9, 4148.72
82559, 4155.38
82559, 4148.72
82559.1, 4131.28
82559.1, 4129.23
82589.7, 4145.13
82589.8, 4161.03
82589.9, 4167.69
82589.9, 4169.23
82620.8, 4169.23
82620.9, 4157.44
82620.9, 4133.33
82620.9, 4117.44
82652.6, 4125.64
82652.7, 4155.9
82652.8, 4175.38
82652.8, 4173.33
82684, 4166.15
82684.1, 4151.28
82684.1, 4126.67
82684.2, 4117.44
82714.8, 4130.77
82714.9, 4153.33
82714.9, 4170.77
82715, 4171.79
82745.8, 4168.72
82745.8, 4156.41
82745.9, 4129.74
82745.9, 4118.46
82778, 4131.28
82778.1, 4155.38
82778.1, 4169.23
82778.2, 4168.72
82808.8, 4166.67
82808.9, 4152.82
82808.9, 4125.13
82808.9, 4118.46
82840, 4135.38
82840.1, 4155.38
82840.1, 4169.23
82840.2, 4171.28
82871.8, 4169.74
82871.9, 4157.44
82871.9, 4128.72
82871.9, 4117.44
82903.1, 4133.33
82903.3, 4154.36
82903.3, 4169.23
82903.4, 4173.33
82933.9, 4169.23
82933.9, 4151.79
82934, 4127.18
82934, 4121.03
82965, 4135.9
82965.1, 4154.87
82965.1, 4169.74
82965.1, 4172.31
82996.9, 4168.72
82997, 4154.87
82997.1, 4129.23
82997.1, 4119.49
83027.9, 4130.26
83028.3, 4151.79
83028.4, 4169.74
83028.5, 4172.31
83058.9, 4170.26
83059, 4156.92
83059, 4129.23
83059.1, 4121.54
83089.9, 4136.92
83089.9, 4154.87
83090, 4169.23
83090.1, 4173.33
83122.1, 4169.74
83122.2, 4155.38
83122.3, 4129.23
83122.4, 4121.03
83152.8, 4136.41
83152.9, 4154.36
83152.9, 4166.67
83153, 4170.77
83184.1, 4166.15
83184.2, 4151.28
83184.2, 4128.72
83184.2, 4120.51
83216.1, 4135.9
83216.2, 4157.44
83216.2, 4167.69
83216.3, 4167.18
83247.1, 4165.13
83247.2, 4153.33
83247.3, 4129.74
83247.3, 4121.54
83278, 4135.38
83278.1, 4157.44
83278.1, 4170.26
83278.1, 4169.74
83309.3, 4165.13
83309.4, 4152.82
83309.4, 4129.74
83309.4, 4120.51
83341.1, 4137.44
83341.3, 4158.97
83341.4, 4167.18
83341.4, 4166.67
83372, 4164.62
83372.1, 4150.77
83372.2, 4125.64
83372.2, 4121.54
83402.8, 4139.49
83402.8, 4154.87
83402.9, 4162.56
83402.9, 4167.69
83433.8, 4167.18
83433.9, 4152.31
83434, 4128.21
83434, 4122.05
83465.8, 4137.44
83465.9, 4158.46
83465.9, 4169.74
83466, 4167.69
83496.9, 4166.67
83497, 4156.41
83497.1, 4130.26
83497.1, 4122.56
83528.5, 4141.03
83528.6, 4160.51
83528.6, 4168.72
83528.6, 4168.72
83560.4, 4165.13
83560.5, 4151.79
83560.6, 4140
83560.6, 4145.64
83591, 4149.23
83591.1, 4142.05
83591.2, 4149.23
83591.2, 4157.44
83621.9, 4150.26
83621.9, 4148.21
83622, 4151.79
83622, 4151.79
83652.7, 4151.28
83652.8, 4151.28
83652.9, 4152.82
83652.9, 4152.31
83685, 4149.74
83685.1, 4149.23
83685.2, 4151.28
83685.2, 4152.31
83715.7, 4151.28
83715.8, 4150.77
83715.8, 4152.82
83715.8, 4153.33
83747.2, 4151.28
83747.3, 4151.79
83747.4, 4154.87
83747.4, 4151.79
83778.8, 4148.21
83778.9, 4150.77
83778.9, 4152.31
83779, 4151.28
83810.1, 4150.77
83810.2, 4150.77
83810.2, 4151.28
83810.3, 4151.79
83840.7, 4152.31
83840.8, 4153.33
83840.8, 4153.33
83840.9, 4151.79
83871.8, 4149.74
83871.9, 4150.77
83871.9, 4153.33
83871.9, 4152.82
83903.7, 4151.79
83903.8, 4152.82
83903.9, 4153.33
83903.9, 4150.77
83934.7, 4149.23
83934.8, 4152.31
83934.8, 4153.33
83934.9, 4149.74
83965.9, 4150.26
83966, 4151.79
83966, 4146.15
83966, 4145.13
83996.9, 4152.82
83997, 4149.23
83997, 4138.97
83997.1, 4136.92
84028.9, 4131.79
84029, 4122.05
84029.1, 4119.49
84029.1, 4118.46
84060.1, 4114.87
84060.2, 4116.41
84060.2, 4121.03
84060.3, 4123.59
84090.7, 4125.13
84090.8, 4129.74
84090.9, 4133.33
84090.9, 4133.85
84122.8, 4132.31
84122.9, 4132.31
84123, 4135.9
84123, 4137.44
84154.3, 4139.49
84154.4, 4145.13
84154.5, 4146.15
84154.6, 4144.1
84185.2, 4147.69
84185.3, 4152.31
84185.3, 4152.31
84185.3, 4153.85
84216, 4153.85
84216.1, 4152.82
84216.2, 4153.85
84216.2, 4153.85
84247.9, 4151.28
84247.9, 4148.72
84248, 4151.28
84248, 4151.79
84279, 4147.69
84279, 4148.72
84279.1, 4152.82
84279.1, 4156.41
84310.2, 4156.41
84310.2, 4152.31
84310.3, 4149.74
84310.3, 4153.85
84341.9, 4154.87
84342, 4151.28
84342, 4150.77
84342, 4150.77
84373, 4148.21
84373.1, 4149.74
84373.1, 4152.31
84373.1, 4150.26
84403.9, 4149.23
84404, 4150.77
84404, 4150.77
84404, 4150.26
84434.9, 4150.26
84435, 4151.79
84435, 4152.82
84435, 4150.77
84467, 4148.21
84467, 4150.26
84467.1, 4152.82
84467.1, 4153.85
84497.8, 4154.36
84497.9, 4152.31
84497.9, 4151.79
84498, 4153.33
84528.8, 4151.79
84528.9, 4150.77
84528.9, 4151.79
84528.9, 4151.79
84559.9, 4150.26
84560, 4149.23
84560, 4150.77
84560, 4153.33
84592.1, 4151.28
84592.2, 4151.28
84592.3, 4151.28
84592.3, 4149.23
84622.7, 4151.28
84622.8, 4152.31
84622.8, 4148.72
84622.8, 4150.26
84653.8, 4152.82
84653.9, 4150.26
84654, 4151.28
84654, 4153.33
84685.6, 4152.31
84685.7, 4152.82
84685.8, 4153.33
84685.8, 4152.82
84717.2, 4152.82
84717.3, 4152.82
84717.3, 4151.79
84717.4, 4150.77
84747.8, 4149.23
84747.9, 4150.26
84747.9, 4153.33
84747.9, 4150.77
84778.9, 4147.69
84779, 4150.26
84779, 4152.82
84779.1, 4153.33
84811, 4153.33
84811.2, 4151.28
84811.2, 4150.77
84811.2, 4152.82
84842.2, 4151.79
84842.3, 4149.23
84842.4, 4151.79
84842.4, 4154.87
84873, 4152.31
84873.1, 4151.28
84873.2, 4152.31
84873.2, 4150.77
84905, 4151.79
84905.1, 4153.33
84905.1, 4151.28
84905.2, 4150.26
84936.1, 4151.28
84936.2, 4151.28
84936.3, 4151.28
84936.3, 4152.31
84967.3, 4148.72
84967.4, 4145.64
84967.4, 4149.74
84967.5, 4154.36
84998.2, 4153.33
84998.3, 4152.82
84998.3, 4152.31
84998.4, 4149.74
85030.2, 4149.74
85030.3, 4151.28
85030.4, 4149.23
85030.5, 4147.69
85061.2, 4149.23
85061.3, 4150.26
85061.4, 4149.74
85061.5, 4150.26
85092, 4150.26
85092.1, 4149.74
85092.2, 4149.23
85092.3, 4147.69
85123.1, 4148.72
85123.2, 4150.26
85123.3, 4150.26
85123.3, 4151.28
85155.2, 4151.79
85155.3, 4150.77
85155.4, 4150.26
85155.5, 4149.23
85186, 4148.72
85186.1, 4150.26
85186.1, 4150.77
85186.2, 4151.28
85217.2, 4152.82
85217.4, 4150.77
85217.4, 4149.23
85217.5, 4150.26
85249.1, 4148.72
85249.3, 4147.18
85249.3, 4151.28
85249.3, 4152.31
85280.1, 4151.28
85280.3, 4152.31
85280.3, 4151.28
85280.3, 4149.74
85311.3, 4151.28
85311.4, 4152.82
85311.5, 4152.31
85311.5, 4153.33
85342.3, 4155.38
85342.4, 4153.33
85342.4, 4150.77
85342.5, 4151.28
85374.3, 4151.28
85374.4, 4150.26
85374.4, 4149.74
85374.5, 4149.74
85405.2, 4150.26
85405.3, 4150.26
85405.4, 4148.21
85405.4, 4149.23
85436.2, 4150.26
85436.3, 4148.72
85436.3, 4149.23
85436.4, 4152.31
85468.3, 4152.82
85468.4, 4151.28
85468.4, 4150.26
85468.4, 4148.72
85499.3, 4148.72
85499.4, 4149.23
85499.4, 4150.26
85499.5, 4154.36
85530.1, 4152.82
85530.2, 4147.18
85530.3, 4147.18
85530.3, 4150.26
85561, 4151.28
85561.1, 4150.77
85561.2, 4150.77
85561.2, 4149.74
85593.4, 4150.26
85593.5, 4152.31
85593.6, 4150.77
85593.7, 4149.74
85624.1, 4151.28
85624.2, 4153.33
85624.2, 4152.82
85624.3, 4151.28
85655.2, 4151.28
85655.3, 4149.74
85655.4, 4145.13
85655.5, 4144.62
85685.7, 4151.28
85685.8, 4153.85
85685.8, 4148.72
85685.8, 4140
85717.9, 4131.79
85718, 4131.79, estimuli
85718.1, 4137.44
85718.1, 4138.46
85749.2, 4137.95
85749.3, 4141.03
85749.3, 4139.49
85749.4, 4136.92
85779.8, 4140
85779.9, 4144.1
85779.9, 4144.62
85780, 4145.13
85811.8, 4147.69
85811.9, 4150.77
85811.9, 4151.79
85812, 4150.26
85842.8, 4150.77
85842.9, 4152.82
85843, 4152.82
85843, 4152.31
85874, 4150.26
85874.2, 4149.74
85874.2, 4149.74
85874.3, 4150.77
85904.8, 4152.31
85904.9, 4152.31
85904.9, 4152.82
85905, 4153.33
85936.8, 4152.82
85936.9, 4152.82
85936.9, 4152.82
85937, 4152.31
85967.9, 4151.28
85968, 4151.79
85968.1, 4153.33
85968.1, 4153.85
85998.9, 4154.36
85999, 4154.36
85999.1, 4153.85
85999.1, 4152.82
86030.9, 4151.79
86031, 4151.79
86031, 4152.82
86031, 4154.87
86062.3, 4155.38
86062.5, 4153.33
86062.6, 4151.28
86062.7, 4152.31
86092.7, 4154.36
86092.8, 4153.85
86092.9, 4150.26
86092.9, 4150.26
86123.8, 4154.36
86123.8, 4153.85
86123.9, 4150.77
86124, 4152.31
86155.9, 4153.33
86155.9, 4150.77
86156, 4151.79
86156, 4153.33
86186.8, 4150.77
86186.9, 4149.74
86187, 4151.28
86187, 4151.28
86217.9, 4150.26
86218, 4150.77
86218, 4149.74
86218, 4148.21
86248.9, 4148.21
86249, 4149.74
86249, 4151.79
86249, 4153.33
86281.1, 4152.82
86281.2, 4150.77
86281.3, 4150.26
86281.3, 4151.79
86311.9, 4152.82
86312, 4152.82
86312, 4151.79
86312, 4151.28
86342.9, 4152.82
86342.9, 4151.79
86343, 4151.79
86343, 4156.41
86374.9, 4151.79
86375, 4134.87
86375, 4128.72
86375.1, 4141.03
86405.8, 4158.97
86405.9, 4172.31
86406, 4175.38
86406, 4173.33
86436.8, 4163.59
86436.9, 4142.56
86437, 4126.67
86437, 4127.69
86468, 4149.74
86468.1, 4171.28
86468.2, 4173.85
86468.2, 4172.31
86499.9, 4162.56
86499.9, 4135.9
86500, 4121.03
86500, 4132.82
86530.7, 4151.79
86530.8, 4169.23
86530.9, 4175.9
86530.9, 4171.79
86561.9, 4157.95
86562, 4132.82
86562, 4121.54
86562, 4133.85
86594.3, 4151.28
86594.3, 4166.67
86594.4, 4173.85
86594.4, 4173.33
86624.8, 4161.03
86624.9, 4134.36
86624.9, 4122.56
86624.9, 4133.85
86656, 4151.79
86656.1, 4167.69
86656.2, 4173.85
86656.2, 4174.87
86687, 4164.1
86687.1, 4136.41
86687.1, 4123.08
86687.2, 4134.36
86718.9, 4151.28
86719, 4166.67
86719.1, 4171.28
86719.1, 4169.23
86750, 4159.49
86750.1, 4134.87
86750.2, 4120
86750.2, 4131.79
86780.8, 4153.33
86780.9, 4168.72
86781, 4173.33
86781, 4169.23
86812, 4158.97
86812.1, 4135.9
86812.1, 4119.49
86812.1, 4130.26
86843.9, 4152.82
86844, 4168.21
86844.1, 4169.23
86844.1, 4170.26
86874.8, 4163.59
86874.9, 4137.44
86874.9, 4122.56
86874.9, 4135.38
86905.8, 4155.9
86905.9, 4168.72
86905.9, 4169.74
86906, 4166.67
86937.8, 4159.49
86937.9, 4139.49
86937.9, 4124.1
86938, 4134.36
86968.7, 4155.9
86968.8, 4169.23
86968.9, 4170.77
86968.9, 4170.26
86999.7, 4162.56
86999.8, 4135.9
86999.8, 4120.51
86999.9, 4133.33
87030.8, 4151.79
87030.8, 4163.08
87030.9, 4168.21
87030.9, 4168.72
87062.9, 4160
87063, 4135.38
87063, 4122.56
87063.1, 4135.38
87094.2, 4154.36
87094.4, 4168.21
87094.5, 4172.82
87094.6, 4170.77
87124.8, 4158.46
87124.9, 4133.85
87125, 4123.08
87125, 4133.85
87156.9, 4151.79
87157, 4167.18
87157, 4172.31
87157, 4167.69
87187.7, 4157.44
87187.8, 4138.46
87187.8, 4125.64
87187.9, 4132.31
87219.1, 4151.79
87219.2, 4169.74
87219.2, 4172.31
87219.2, 4168.72
87250, 4162.56
87250.1, 4140.51
87250.1, 4123.59
87250.2, 4132.82
87281.9, 4151.79
87282, 4164.62
87282, 4168.21
87282, 4168.21
87313.1, 4159.49
87313.2, 4135.9
87313.3, 4122.05
87313.3, 4134.36
87344.2, 4154.36
87344.3, 4166.15
87344.3, 4170.77
87344.4, 4167.18
87376.1, 4157.95
87376.2, 4146.67
87376.3, 4147.69
87376.3, 4152.82
87407.1, 4146.15
87407.1, 4147.18
87407.2, 4157.44
87407.2, 4151.28
87437.8, 4142.56
87437.9, 4147.69
87437.9, 4147.69
87438, 4145.64
87468.8, 4151.28
87468.9, 4155.9
87468.9, 4155.9
87468.9, 4154.87
87501, 4152.82
87501.1, 4151.28
87501.2, 4150.77
87501.2, 4151.28
87532, 4150.77
87532.1, 4151.79
87532.1, 4153.85
87532.1, 4152.31
87562.9, 4147.18
87563, 4147.18
87563, 4150.77
87563, 4152.31
87593.9, 4150.26
87594, 4147.69
87594.1, 4149.74
87594.1, 4152.31
87626.2, 4150.77
87626.3, 4148.72
87626.3, 4149.74
87626.4, 4151.79
87657, 4151.79
87657.1, 4149.74
87657.1, 4148.72
87657.2, 4150.77
87687.9, 4150.26
87688, 4149.23
87688, 4150.26
87688.1, 4149.74
87720.3, 4150.77
87720.4, 4149.74
87720.4, 4148.21
87720.4, 4151.28
87750.9, 4151.79
87751, 4150.26
87751.1, 4152.31
87751.1, 4153.33
87781.9, 4151.28
87782, 4152.82
87782, 4153.33
87782, 4149.74
87813.1, 4148.21
87813.1, 4148.21
87813.2, 4146.15
87813.2, 4146.67
87844.9, 4150.77
87845, 4152.31
87845, 4149.74
87845.1, 4149.74
87876, 4152.31
87876.1, 4152.82
87876.1, 4152.31
87876.2, 4153.33
87906.8, 4152.82
87906.9, 4149.23
87906.9, 4149.74
87906.9, 4152.31
87938.9, 4149.23
87939, 4143.59
87939.1, 4146.67
87939.2, 4150.77
87969.7, 4145.64
87969.8, 4140.51
87969.8, 4138.46
87969.9, 4130.77
88000.8, 4124.62
88000.8, 4121.03
88000.9, 4118.97
88000.9, 4123.08
88031.9, 4123.59
88032, 4118.97
88032, 4127.69
88032.1, 4137.44
88064.1, 4131.79
88064.2, 4130.26
88064.2, 4136.92
88064.3, 4136.41
88094.9, 4138.97
88095, 4146.67
88095, 4147.69
88095, 4149.23
88126.2, 4153.85
88126.3, 4153.85
88126.3, 4153.33
88126.4, 4153.85
88156.7, 4152.82
88156.8, 4152.31
88156.8, 4153.33
88156.9, 4153.85
88188.8, 4150.26
88188.8, 4149.23
88188.9, 4153.85
88188.9, 4152.31
88219.8, 4149.23
88219.9, 4151.28
88219.9, 4150.26
88220, 4150.26
88250.6, 4153.33
88250.7, 4151.79
88250.8, 4147.69
88250.8, 4148.72
88282.8, 4149.74
88282.9, 4146.15
88282.9, 4146.15
88282.9, 4150.77
88314, 4153.33
88314.1, 4151.79
88314.2, 4149.74
88314.2, 4150.26
88345.2, 4150.26
88345.4, 4149.74
88345.5, 4150.77
88345.5, 4151.28
88376, 4150.77
88376.1, 4150.77
88376.1, 4151.28
88376.2, 4151.28
88407.8, 4152.31
88407.9, 4150.26
88407.9, 4147.18
88408, 4148.72
88438.8, 4151.79
88438.9, 4152.31
88438.9, 4149.74
88438.9, 4150.77
88469.8, 4154.87
88469.9, 4152.31
88469.9, 4147.18
88470, 4148.21
88501.8, 4151.28
88501.8, 4151.28
88501.9, 4151.28
88501.9, 4152.31
88533.2, 4153.33
88533.4, 4153.33
88533.5, 4150.77
88533.6, 4148.72
88563.9, 4149.74
88563.9, 4148.72
88564, 4148.72
88564, 4152.82
88594.7, 4153.85
88594.8, 4151.79
88594.8, 4152.31
88594.8, 4152.31
88627, 4151.28
88627.1, 4150.26
88627.1, 4149.74
88627.2, 4149.74
88658, 4150.26
88658, 4151.28
88658.1, 4153.33
88658.1, 4153.85
88688.8, 4151.28
88688.9, 4150.26
88688.9, 4151.28
88689, 4150.26
88719.9, 4149.23
88719.9, 4149.23
88720, 4150.26
88720, 4152.31
88752.3, 4152.31
88752.5, 4149.74
88752.5, 4150.26
88752.6, 4152.82
88782.9, 4152.82
88783, 4151.28
88783, 4152.31
88783, 4152.82
88813.8, 4151.28
88813.9, 4150.77
88814, 4152.82
88814, 4153.33
88846.2, 4152.31
88846.3, 4150.26
88846.3, 4149.74
88846.3, 4150.26
88876.9, 4150.77
88877, 4152.82
88877.1, 4153.85
88877.1, 4152.31
88907.8, 4150.26
88908, 4150.26
88908, 4149.74
88908.1, 4150.26
88939.1, 4150.77
88939.2, 4150.26
88939.3, 4151.79
88939.3, 4152.31
88971, 4150.26
88971.1, 4152.31
88971.1, 4152.82
88971.2, 4150.26
89001.9, 4149.74
89001.9, 4151.79
89002, 4150.26
89002, 4144.1
89032.8, 4142.05
89032.9, 4147.69
89032.9, 4149.74
89032.9, 4143.59
89065, 4140.51
89065.1, 4137.95
89065.1, 4133.33
89065.2, 4127.69
89095.8, 4125.13, estimuli
89095.9, 4128.72
89095.9, 4131.28
89096, 4130.77
89126.9, 4132.82
89127, 4138.46
89127, 4140
89127, 4140.51
89158.1, 4145.64
89158.3, 4152.82
89158.3, 4156.41
89158.4, 4153.33
89189.9, 4152.82
89190, 4151.79
89190.1, 4148.21
89190.1, 4151.79
89220.7, 4155.38
89220.8, 4153.85
89220.9, 4153.33
89220.9, 4153.85
89251.7, 4154.36
89251.8, 4155.38
89251.8, 4151.79
89251.9, 4148.21
89282.9, 4154.36
89283, 4156.92
89283.1, 4151.79
89283.1, 4152.31
89315, 4154.36
89315.1, 4152.31
89315.1, 4151.79
89315.2, 4153.85
89345.9, 4153.85
89346, 4151.79
89346, 4150.26
89346, 4151.79
89377.1, 4151.28
89377.3, 4149.74
89377.3, 4150.77
89377.4, 4152.31
89408.9, 4153.33
89409, 4154.36
89409, 4153.85
89409.1, 4152.82
89439.8, 4152.82
89439.9, 4151.79
89439.9, 4153.33
89439.9, 4155.9
89471, 4154.87
89471.1, 4153.85
89471.1, 4152.82
89471.1, 4150.77
89501.8, 4150.77
89501.9, 4150.77
89501.9, 4150.77
89502, 4152.31
89533.8, 4153.33
89533.8, 4152.82
89533.9, 4152.31
89533.9, 4153.85
89564.7, 4155.9
89564.8, 4153.85
89564.8, 4150.77
89564.9, 4152.31
89595.9, 4154.87
89596, 4153.85
89596.1, 4152.31
89596.1, 4152.82
89627.8, 4154.36
89627.9, 4152.82
89628, 4150.26
89628, 4151.28
89659, 4152.82
89659.1, 4152.31
89659.1, 4153.33
89659.2, 4156.41
89689.7, 4156.92
89689.8, 4152.31
89689.8, 4150.77
89689.9, 4154.36
89720.7, 4155.9
89720.8, 4153.85
89720.8, 4153.33
89720.9, 4156.92
89752.7, 4156.92
89752.8, 4145.64
89752.9, 4132.31
89752.9, 4136.92
89783.9, 4153.85
89783.9, 4167.69
89784, 4171.79
89784, 4176.41
89815, 4172.82
89815.1, 4146.67
89815.1, 4121.54
89815.2, 4122.05
89846, 4144.1
89846.1, 4166.15
89846.1, 4173.85
89846.2, 4174.36
89878, 4166.15
89878.1, 4144.1
89878.2, 4125.64
89878.2, 4127.69
89908.9, 4142.56
89909, 4164.62
89909.1, 4174.36
89909.1, 4170.26
89939.9, 4164.1
89940, 4142.56
89940, 4120.51
89940.1, 4126.67
89971.8, 4145.13
89971.9, 4162.56
89971.9, 4173.33
89971.9, 4174.87
90003.1, 4165.13
90003.2, 4138.46
90003.3, 4118.97
90003.3, 4128.21
90034, 4148.21
90034.1, 4168.21
90034.2, 4177.44
90034.2, 4173.33
90064.8, 4167.18
90064.9, 4146.15
90064.9, 4124.62
90065, 4130.26
90096.9, 4150.26
90097, 4166.67
90097, 4174.36
90097.1, 4171.79
90127.9, 4163.59
90128, 4143.08
90128.1, 4122.56
90128.1, 4126.67
90159, 4147.18
90159.1, 4166.15
90159.1, 4172.82
90159.1, 4171.79
90190.8, 4165.64
90190.9, 4144.1
90191, 4123.59
90191, 4129.74
90221.8, 4149.74
90221.9, 4164.62
90222, 4170.77
90222, 4171.28
90252.7, 4164.62
90252.8, 4141.54
90252.8, 4121.03
90252.8, 4130.77
90283.7, 4151.79
90283.8, 4164.1
90283.9, 4170.26
90283.9, 4173.85
90315.9, 4167.18
90316, 4141.54
90316, 4119.49
90316.1, 4125.64
90346.7, 4148.21
90346.8, 4165.13
90346.8, 4170.77
90346.9, 4168.21
90378, 4162.05
90378.1, 4145.64
90378.1, 4128.72
90378.2, 4131.79
90409.6, 4149.74
90409.7, 4168.21
90409.8, 4176.41
90409.9, 4174.36
90441, 4166.67
90441.1, 4147.18
90441.2, 4128.72
90441.2, 4132.82
90471.7, 4150.77
90471.8, 4165.64
90471.8, 4171.28
90471.9, 4171.79
90502.9, 4166.67
90503, 4147.69
90503, 4127.18
90503, 4128.72
90534.8, 4147.69
90534.9, 4165.64
90535, 4172.31
90535, 4172.31
90565.9, 4163.59
90566, 4140
90566, 4123.59
90566.1, 4130.26
90597, 4148.72
90597, 4166.67
90597.1, 4172.31
90597.1, 4170.26
90628.2, 4164.1
90628.3, 4141.03
90628.3, 4122.05
90628.3, 4131.28
90660.1, 4146.15
90660.2, 4155.9
90660.2, 4163.08
90660.3, 4168.21
90690.8, 4175.9
90690.9, 4161.54
90691, 4134.87
90691, 4128.72
90722, 4137.95
90722.1, 4148.21
90722.2, 4155.38
90722.2, 4162.56
90754.1, 4169.74
90754.2, 4156.41
90754.2, 4142.05
90754.3, 4155.38
90784.9, 4154.87
90785, 4137.44
90785, 4152.31
90785.1, 4164.62
90816.1, 4146.67
90816.2, 4144.1
90816.3, 4154.87
90816.3, 4153.85
90847.1, 4151.28
90847.3, 4152.31
90847.3, 4152.31
90847.4, 4152.31
90879.1, 4151.28
90879.2, 4148.72
90879.3, 4150.26
90879.3, 4152.82
90910.1, 4150.26
90910.2, 4150.26
90910.3, 4153.33
90910.3, 4152.82
90941.2, 4149.23
90941.3, 4149.23
90941.3, 4151.28
90941.4, 4153.85
90973.1, 4151.79
90973.3, 4147.18
90973.3, 4148.21
90973.4, 4152.82
91003.7, 4150.26
91003.8, 4145.64
91003.8, 4147.18
91003.8, 4151.28
91035.2, 4150.77
91035.3, 4146.67
91035.4, 4147.18
91035.5, 4150.77
91066.3, 4150.26
91066.5, 4148.21
91066.7, 4150.26
91066.7, 4152.31
91097.9, 4149.23
91098, 4148.72
91098.1, 4152.31
91098.1, 4153.85
91128.9, 4153.33
91129, 4150.77
91129, 4150.77
91129, 4153.85
91160, 4152.82
91160.1, 4150.26
91160.1, 4151.28
91160.2, 4150.26
91191, 4147.69
91191.1, 4150.26
91191.1, 4153.33
91191.1, 4151.79
91223.1, 4150.77
91223.2, 4151.79
91223.2, 4150.26
91223.3, 4150.26
91254.2, 4151.28
91254.3, 4150.77
91254.3, 4151.28
91254.4, 4152.31
91285, 4150.26
91285.1, 4149.74
91285.1, 4150.77
91285.1, 4151.79
91316.8, 4151.28
91316.9, 4148.21
91316.9, 4145.64
91317, 4150.26
91347.8, 4154.87
91347.9, 4151.28
91348, 4147.18
91348, 4149.23
91378.8, 4151.28
91378.9, 4150.26
91379, 4149.23
91379, 4151.28
91410.1, 4150.26
91410.2, 4148.72
91410.2, 4151.28
91410.3, 4152.31
91442.2, 4151.28
91442.3, 4151.79
91442.4, 4151.28
91442.5, 4150.26
91472.9, 4151.28
91473, 4150.26
91473, 4150.26
91473, 4152.31
91503.8, 4149.74
91503.9, 4147.69
91503.9, 4151.28
91504, 4154.36
91535.7, 4151.28
91535.8, 4147.69
91535.8, 4150.26
91535.9, 4153.33
91566.8, 4152.31
91566.9, 4150.77
91566.9, 4151.28
91566.9, 4150.26
91597.9, 4149.74
91597.9, 4150.77
91598, 4148.72
91598, 4149.23
91628.9, 4152.31
91628.9, 4151.79
91629, 4149.74
91629, 4151.28
91661, 4151.28
91661.1, 4149.74
91661.2, 4152.31
91661.2, 4153.85
91691.9, 4151.79
91692, 4149.74
91692, 4150.77
91692.1, 4151.28
91722.9, 4150.77
91723, 4151.28
91723, 4151.79
91723, 4151.79
91753.9, 4152.31
91754, 4151.79
91754, 4149.74
91754, 4148.72
91785.8, 4150.26
91785.8, 4149.23
91785.9, 4148.72
91785.9, 4152.82
91816.9, 4152.82
91817, 4150.26
91817.1, 4151.79
91817.1, 4152.82
91848.2, 4149.74
91848.3, 4149.23
91848.4, 4149.23
91848.4, 4148.72
91880, 4150.77
91880.1, 4151.28
91880.1, 4147.69
91880.1, 4150.26
91911.2, 4152.82
91911.3, 4150.26
91911.3, 4150.26
91911.4, 4152.82
91942, 4149.74
91942.1, 4147.18
91942.2, 4150.77
91942.2, 4149.74
91972.7, 4144.1
91972.7, 4146.67
91972.8, 4150.26
91972.8, 4146.15
92004.7, 4147.18
92004.8, 4151.28
92004.9, 4149.23
92004.9, 4147.18
92035.7, 4149.23
92035.8, 4150.77
92035.8, 4151.79
92035.9, 4151.79
92067, 4146.67
92067.1, 4144.1
92067.1, 4148.72
92067.2, 4152.82
92097.8, 4151.28
92097.9, 4150.77
92097.9, 4152.31
92097.9, 4150.26
92130, 4150.77
92130.1, 4151.28
92130.1, 4149.74
92130.1, 4149.23
92161.9, 4150.26
92162.1, 4147.69
92162.2, 4146.15
92162.2, 4150.26
92192, 4150.26
92192.1, 4149.74
92192.2, 4151.79
92192.2, 4152.31
92224, 4151.28
92224.1, 4152.31
92224.2, 4151.79
92224.2, 4148.72
92255.2, 4147.18
92255.4, 4149.74
92255.4, 4152.31
92255.5, 4150.26
92286.4, 4147.18
92286.9, 4149.23
92287, 4151.79
92287.6, 4150.26
92317, 4150.26
92317.2, 4149.74
92317.2, 4149.74
92317.3, 4151.79
92349.1, 4150.77
92349.3, 4149.23
92349.4, 4150.77
92349.4, 4151.28
